Date,price,Open,High,Low,Close,Volume,account_balance,deposit,cash,portfolio_value,shares,rate,invested_amount,signal,rsi_ta,sma05_ta,sma20_ta,sma60_ta,sma120_ta,sma240_ta,Recent_high,ppo_histogram,stock_ticker,MRI,MRI_Signal,MRI_Stress,GeoMRI,rate_vs,shares_vs,Close_vs,Dividend_vs,Dividend
2021-05-18,10.0,10.0,10.0,10.0,10.0,700.0,999.0100000000002,0,9.010000000000218,990.0,99,0.0,1000,"cash_1%_Buy 100% of cash (99 shares - DCA Strategy) Monthly invest 100.0% of total investment ($1,000.00)",0.0,0.0,0.0,0.0,0.0,0.0,10.0,0.0,SLDP,0.489,GeoWatch,0.3915,0.7512,0.0,0,378.7300109863281,0.0,0.0
2021-05-19,10.0,10.0,10.0,10.0,10.0,0.0,999.0100000000002,0,9.010000000000218,990.0,99,0.0,1000,GeoWatch,0.0,0.0,0.0,0.0,0.0,0.0,10.0,0.0,SLDP,0.4805,GeoWatch,0.3944,0.7485,-0.43384615384616154,0,377.7300109863281,0.0,0.0
2021-05-20,9.73900032043457,9.75,9.75,9.73900032043457,9.73900032043457,700.0,973.1710317230227,0,9.010000000000218,964.1610317230225,99,-2.5838968276977514,1000,GeoWatch,0.0,0.0,0.0,0.0,0.0,0.0,10.0,-0.1669,SLDP,0.4817,GeoWatch,0.3873,0.7426,1.3145533165564842,0,381.760009765625,0.0,0.0
2021-05-21,9.73900032043457,9.73900032043457,9.73900032043457,9.73900032043457,9.73900032043457,0.0,973.1710317230227,0,9.010000000000218,964.1610317230225,99,-2.5838968276977514,1000,GeoWatch,0.0,0.0,0.0,0.0,0.0,0.0,10.0,-0.2629,SLDP,0.4753,GeoWatch,0.3849,0.7404,1.1887342247595996,0,381.4700012207031,0.0,0.0
2021-05-22,9.73900032043457,9.73900032043457,9.73900032043457,9.73900032043457,9.73900032043457,0.0,973.1710317230227,0,9.010000000000218,964.1610317230225,99,-2.5838968276977514,1000,GeoWatch,0.0,0.0,0.0,0.0,0.0,0.0,10.0,-0.2629,SLDP,0.4753,GeoWatch,0.3849,0.7404,1.1887342247595996,0,381.4700012207031,0.0,0.0
2021-05-23,9.73900032043457,9.73900032043457,9.73900032043457,9.73900032043457,9.73900032043457,0.0,973.1710317230227,0,9.010000000000218,964.1610317230225,99,-2.5838968276977514,1000,GeoWatch,0.0,0.0,0.0,0.0,0.0,0.0,10.0,-0.2629,SLDP,0.4753,GeoWatch,0.3849,0.7404,1.1887342247595996,0,381.4700012207031,0.0,0.0
2021-05-24,9.73900032043457,9.73900032043457,9.73900032043457,9.73900032043457,9.73900032043457,0.0,973.1710317230227,0,9.010000000000218,964.1610317230225,99,-2.5838968276977514,1000,GeoWatch,0.0,9.8434,0.0,0.0,0.0,0.0,10.0,-0.3087,SLDP,0.4979,GeoWatch,0.3744,0.7544,2.8590445650541056,0,385.3200073242188,0.0,0.0
2021-05-25,9.75,9.75,9.75,9.75,9.75,800.0,974.2600000000002,0,9.010000000000218,965.25,99,-2.474999999999994,1000,GeoWatch,0.0,9.7934,0.0,0.0,0.0,0.0,10.0,-0.3128,SLDP,0.5053,GeoWatch,0.3815,0.7742,2.5076302396334142,0,384.510009765625,0.0,0.0
2021-05-26,9.789999961853027,9.800000190734863,9.800000190734863,9.729999542236328,9.789999961853027,1000.0,978.2199962234499,0,9.010000000000218,969.2099962234497,99,-2.079000377655027,1000,GeoWatch,0.0,9.7514,0.0,0.0,0.0,0.0,10.0,-0.2709,SLDP,0.5548,GeoWatch,0.3701,0.7985,2.811314603365389,0,385.2099914550781,0.0,0.0
2021-05-27,9.789999961853027,9.789999961853027,9.789999961853027,9.789999961853027,9.789999961853027,0.0,978.2199962234499,0,9.010000000000218,969.2099962234497,99,-2.079000377655027,1000,GeoWatch,0.0,9.7616,0.0,0.0,0.0,0.0,10.0,-0.2276,SLDP,0.5438,GeoWatch,0.3634,0.8194,2.8850742750901475,0,385.3800048828125,0.0,0.0
2021-05-28,9.699999809265137,9.760000228881836,9.760000228881836,9.699999809265137,9.699999809265137,11200.0,969.3099811172488,0,9.010000000000218,960.2999811172485,99,-2.970001888275142,1000,GeoWatch,0.0,9.7538,0.0,0.0,0.0,0.0,10.0,-0.2434,SLDP,0.5423,GeoWatch,0.3601,0.8325,3.2104588904747544,0,386.1300048828125,0.0,0.0
2021-05-29,9.699999809265137,9.760000228881836,9.760000228881836,9.699999809265137,9.699999809265137,11200.0,969.3099811172488,0,9.010000000000218,960.2999811172485,99,-2.970001888275142,1000,GeoWatch,0.0,9.7538,0.0,0.0,0.0,0.0,10.0,-0.2434,SLDP,0.5423,GeoWatch,0.3601,0.8325,3.2104588904747544,0,386.1300048828125,0.0,0.0
2021-05-30,9.699999809265137,9.760000228881836,9.760000228881836,9.699999809265137,9.699999809265137,11200.0,969.3099811172488,0,9.010000000000218,960.2999811172485,99,-2.970001888275142,1000,GeoWatch,0.0,9.7538,0.0,0.0,0.0,0.0,10.0,-0.2434,SLDP,0.5423,GeoWatch,0.3601,0.8325,3.2104588904747544,0,386.1300048828125,0.0,0.0
2021-05-31,9.699999809265137,9.760000228881836,9.760000228881836,9.699999809265137,9.699999809265137,11200.0,969.3099811172488,0,9.010000000000218,960.2999811172485,99,-2.970001888275142,1000,GeoWatch,0.0,9.7538,0.0,0.0,0.0,0.0,10.0,-0.2434,SLDP,0.5423,GeoWatch,0.3601,0.8325,3.2104588904747544,0,386.1300048828125,0.0,0.0
2021-06-01,9.699999809265137,9.699999809265137,9.699999809265137,9.699999809265137,9.699999809265137,0.0,1968.3108811368945,0,8.910919665336905,1959.3999614715576,202,-1.4854559431552894,2000,"cash_0%_Buy 100% of cash (103 shares - DCA Strategy) Monthly invest 50.0% of total investment ($1,000.00)",0.0,9.746,0.0,0.0,0.0,0.0,10.0,-0.2367,SLDP,0.5236,GeoWatch,0.3667,0.8263,2.0531728629582346,3,385.8299865722656,0.0,0.0
2021-06-02,9.68000030517578,9.699999809265137,9.699999809265137,9.68000030517578,9.68000030517578,21600.0,1964.2709813108443,0,8.910919665336905,1955.3600616455074,202,-1.6874509344578015,2000,GeoWatch,0.0,9.732,0.0,0.0,0.0,0.0,10.0,-0.2287,SLDP,0.5296,GeoWatch,0.366,0.8255,2.333865223576126,3,386.4800109863281,0.0,0.0
2021-06-03,9.68000030517578,9.6899995803833,9.6899995803833,9.68000030517578,9.68000030517578,2100.0,1964.2709813108443,0,8.910919665336905,1955.3600616455074,202,-1.6874509344578015,2000,GeoWatch,0.0,9.71,0.0,0.0,0.0,0.0,10.0,-0.2068,SLDP,0.5248,GeoWatch,0.3678,0.8143,1.6990919691816089,3,385.010009765625,0.0,0.0
2021-06-04,9.720000267028809,9.68000030517578,9.779999732971191,9.68000030517578,9.720000267028809,26300.0,1972.3509736051562,0,8.910919665336905,1963.4400539398193,202,-1.2834513197422015,2000,GeoWatch,0.0,9.696,0.0,0.0,0.0,0.0,10.0,-0.1506,SLDP,0.5408,GeoWatch,0.3591,0.8181,3.206133206752625,3,388.5,0.0,0.0
2021-06-05,9.720000267028809,9.68000030517578,9.779999732971191,9.68000030517578,9.720000267028809,26300.0,1972.3509736051562,0,8.910919665336905,1963.4400539398193,202,-1.2834513197422015,2000,GeoWatch,0.0,9.696,0.0,0.0,0.0,0.0,10.0,-0.1506,SLDP,0.5408,GeoWatch,0.3591,0.8181,3.206133206752625,3,388.5,0.0,0.0
2021-06-06,9.720000267028809,9.68000030517578,9.779999732971191,9.68000030517578,9.720000267028809,26300.0,1972.3509736051562,0,8.910919665336905,1963.4400539398193,202,-1.2834513197422015,2000,GeoWatch,0.0,9.696,0.0,0.0,0.0,0.0,10.0,-0.1506,SLDP,0.5408,GeoWatch,0.3591,0.8181,3.206133206752625,3,388.5,0.0,0.0
2021-06-07,9.989999771118164,9.720000267028809,10.75,9.720000267028809,9.989999771118164,25800.0,2026.890873431206,0,8.910919665336905,2017.9799537658691,202,1.4435436715602767,2000,GeoWatch,49.31692280432959,9.754,0.0,0.0,0.0,0.0,10.0,0.0745,SLDP,0.5365,GeoWatch,0.3589,0.8243,3.063639005092483,3,388.1700134277344,0.0,0.0
2021-06-08,10.649999618530272,9.869999885559082,11.0,9.869999885559082,10.649999618530272,2448500.0,2160.2108426084515,0,8.910919665336905,2151.299922943115,202,8.109542130422565,2000,GeoWatch,73.34771611163475,9.944,0.0,0.0,0.0,0.0,10.649999618530272,0.6436,SLDP,0.5583,GeoWatch,0.3666,0.8281,3.089547041757953,3,388.2300109863281,0.0,0.0
2021-06-09,10.789999961853027,11.25,11.25,10.600000381469728,10.789999961853027,3731900.0,2188.4909119596487,0,8.910919665336905,2179.5799922943115,202,9.523545597982409,2000,GeoWatch,75.7833115560903,10.166,0.0,0.0,0.0,0.0,10.789999961853027,1.0545,SLDP,0.5507,GeoWatch,0.3753,0.8314,2.826131098265421,3,387.6199951171875,0.0,0.0
2021-06-10,10.989999771118164,11.050000190734863,11.199999809265137,10.6899995803833,10.989999771118164,1885000.0,2228.8908734312063,0,8.910919665336905,2219.979953765869,202,11.543543671560297,2000,GeoWatch,92.52211087008097,10.428,0.0,0.0,0.0,0.0,10.989999771118164,1.3782,SLDP,0.582,GeoWatch,0.3649,0.8393,3.5990893335725787,3,389.4100036621094,0.0,0.0
2021-06-11,12.4399995803833,11.164999961853027,12.5,11.0,12.4399995803833,2279900.0,2521.790834902764,0,8.910919665336905,2512.8799152374268,202,26.18854174513818,2000,GeoWatch,96.2341762956476,10.972,0.0,0.0,0.0,0.0,12.4399995803833,2.3882,SLDP,0.5737,GeoWatch,0.363,0.8322,3.892722534478125,3,390.0899963378906,0.0,0.0
2021-06-12,12.4399995803833,11.164999961853027,12.5,11.0,12.4399995803833,2279900.0,2521.790834902764,0,8.910919665336905,2512.8799152374268,202,26.18854174513818,2000,GeoWatch,96.2341762956476,10.972,0.0,0.0,0.0,0.0,12.4399995803833,2.3882,SLDP,0.5737,GeoWatch,0.363,0.8322,3.892722534478125,3,390.0899963378906,0.0,0.0
2021-06-13,12.4399995803833,11.164999961853027,12.5,11.0,12.4399995803833,2279900.0,2521.790834902764,0,8.910919665336905,2512.8799152374268,202,26.18854174513818,2000,GeoWatch,96.2341762956476,10.972,0.0,0.0,0.0,0.0,12.4399995803833,2.3882,SLDP,0.5737,GeoWatch,0.363,0.8322,3.892722534478125,3,390.0899963378906,0.0,0.0
2021-06-14,12.09000015258789,13.0,13.699999809265137,11.619999885559082,12.09000015258789,2274300.0,2451.090950488091,0,8.910919665336905,2442.180030822754,202,22.653547524404537,2000,GeoWatch,85.93704171270795,11.392,0.0,0.0,0.0,0.0,12.4399995803833,2.6439,SLDP,0.5561,GeoWatch,0.3655,0.8179,4.315909096756187,3,391.0700073242188,0.0,0.0
2021-06-15,10.449999809265137,11.18000030517578,11.25,10.369999885559082,10.449999809265137,7250900.0,2119.8108811368947,0,8.910919665336905,2110.8999614715576,202,6.08954405684472,2000,GeoWatch,57.14285714285714,11.352,10.2214,0.0,0.0,0.0,12.4399995803833,1.6677,SLDP,0.5492,GeoWatch,0.3704,0.804,3.9618150249344524,3,390.25,0.0,0.0
2021-06-16,10.59000015258789,10.609999656677246,10.699999809265137,10.449999809265137,10.59000015258789,3353400.0,2148.090950488091,0,8.910919665336905,2139.180030822754,202,7.503547524404541,2000,GeoWatch,58.00000343322819,11.312,10.2509,0.0,0.0,0.0,12.4399995803833,1.0357,SLDP,0.5303,GeoWatch,0.3743,0.7941,3.0377177903818904,3,388.1099853515625,0.0,0.0
2021-06-17,10.670000076293944,10.6899995803833,10.890000343322754,10.609999656677246,10.670000076293944,1792600.0,2164.250935076713,0,8.910919665336905,2155.3400154113765,202,8.31154675383563,2000,GeoWatch,58.6614202053216,11.248,10.2844,0.0,0.0,0.0,12.4399995803833,0.6144,SLDP,0.5387,GeoWatch,0.3756,0.7475,2.9772700975107824,3,387.9700012207031,0.0,0.0
2021-06-18,10.600000381469728,10.723999977111816,10.760000228881836,10.529999732971191,10.600000381469728,946100.0,2150.110996722222,0,8.910919665336905,2141.200077056885,202,7.604549836111074,2000,GeoWatch,58.89328890139516,10.88,10.3274,0.0,0.0,0.0,12.4399995803833,0.2561,SLDP,0.515,GeoWatch,0.4041,0.7128,0.7534090967561866,3,382.8200073242188,0.0,0.0
2021-06-19,10.600000381469728,10.723999977111816,10.760000228881836,10.529999732971191,10.600000381469728,946100.0,2150.110996722222,0,8.910919665336905,2141.200077056885,202,7.604549836111074,2000,GeoWatch,58.89328890139516,10.88,10.3274,0.0,0.0,0.0,12.4399995803833,0.2561,SLDP,0.515,GeoWatch,0.4041,0.7128,0.7534090967561866,3,382.8200073242188,0.0,0.0
2021-06-20,10.600000381469728,10.723999977111816,10.760000228881836,10.529999732971191,10.600000381469728,946100.0,2150.110996722222,0,8.910919665336905,2141.200077056885,202,7.604549836111074,2000,GeoWatch,58.89328890139516,10.88,10.3274,0.0,0.0,0.0,12.4399995803833,0.2561,SLDP,0.515,GeoWatch,0.4041,0.7128,0.7534090967561866,3,382.8200073242188,0.0,0.0
2021-06-21,10.43000030517578,10.649999618530272,10.649999618530272,10.380000114440918,10.43000030517578,1048900.0,2115.770981310844,0,8.910919665336905,2106.8600616455074,202,5.887549065542186,2000,Neutral,56.97897411967902,10.548,10.362,0.0,0.0,0.0,12.4399995803833,-0.1044,SLDP,0.5391,Neutral,0.3815,0.6961,3.0679482258399986,3,388.1799926757813,0.0,0.0
2021-06-22,10.579999923706056,10.5,10.59000015258789,10.210000038146973,10.579999923706056,2051500.0,2146.07090425396,0,8.910919665336905,2137.1599845886235,202,7.402545212697986,2000,Neutral,58.39552086109697,10.574,10.404,0.0,0.0,0.0,12.4399995803833,-0.2554,SLDP,0.5443,Neutral,0.3742,0.6838,3.9574926261418284,3,390.239990234375,0.0,0.0
2021-06-23,10.529999732971191,10.56999969482422,10.619999885559082,10.460000038146973,10.529999732971191,1366100.0,2135.970865725518,0,8.910919665336905,2127.0599460601807,202,6.897543286275876,2000,Neutral,57.85581886882922,10.562,10.443,0.0,0.0,0.0,12.4399995803833,-0.3866,SLDP,0.5473,Neutral,0.3711,0.6802,3.776136369483467,3,389.8200073242188,0.0,0.0
2021-06-24,10.380000114440918,10.529999732971191,10.68000030517578,10.380000114440918,10.380000114440918,1042800.0,2105.6709427824026,0,8.910919665336905,2096.7600231170654,202,5.38254713912012,2000,Neutral,55.97826105735557,10.504,10.4725,0.0,0.0,0.0,12.4399995803833,-0.5581,SLDP,0.5458,Neutral,0.369,0.6873,4.739082480989154,3,392.0499877929688,0.0,0.0
2021-06-25,10.5,10.5,10.670000076293944,10.399999618530272,10.5,909700.0,2129.910919665337,0,8.910919665336905,2121.0,202,6.594545983266831,2000,Neutral,54.74860642758857,10.484,10.508,0.0,0.0,0.0,12.4399995803833,-0.5817,SLDP,0.5501,Neutral,0.3606,0.6972,5.365224115843532,3,393.5,0.0,0.0
2021-06-26,10.5,10.5,10.670000076293944,10.399999618530272,10.5,909700.0,2129.910919665337,0,8.910919665336905,2121.0,202,6.594545983266831,2000,Neutral,54.74860642758857,10.484,10.508,0.0,0.0,0.0,12.4399995803833,-0.5817,SLDP,0.5501,Neutral,0.3606,0.6972,5.365224115843532,3,393.5,0.0,0.0
2021-06-27,10.5,10.5,10.670000076293944,10.399999618530272,10.5,909700.0,2129.910919665337,0,8.910919665336905,2121.0,202,6.594545983266831,2000,Neutral,54.74860642758857,10.484,10.508,0.0,0.0,0.0,12.4399995803833,-0.5817,SLDP,0.5501,Neutral,0.3606,0.6972,5.365224115843532,3,393.5,0.0,0.0
2021-06-28,10.550000190734863,10.550000190734863,10.6899995803833,10.454999923706056,10.550000190734863,1040100.0,2140.0109581937795,0,8.910919665336905,2131.1000385284424,202,7.0995479096889635,2000,Neutral,48.94958568254143,10.508,10.5505,0.0,0.0,0.0,12.4399995803833,-0.5523,SLDP,0.5486,Neutral,0.3655,0.6988,5.719318187665294,3,394.3200073242188,0.0,0.0
2021-06-29,10.470000267028809,10.59000015258789,10.59000015258789,10.40999984741211,10.470000267028809,566000.0,2123.8509736051565,0,8.910919665336905,2114.9400539398193,202,6.291548680257808,2000,Neutral,46.59574709849591,10.486,10.589,0.0,0.0,0.0,12.4399995803833,-0.5686,SLDP,0.5415,Neutral,0.3674,0.6893,5.794021151754407,3,393.1600036621094,1.333,0.0
2021-06-30,10.369999885559082,10.5,10.5,10.3100004196167,10.369999885559082,691700.0,2103.6508965482717,0,8.910919665336905,2094.7399768829346,202,5.281544827413565,2000,Neutral,43.26086997084452,10.454,10.6235,0.0,0.0,0.0,12.4399995803833,-0.6235,SLDP,0.55,Neutral,0.3687,0.6838,5.949469371747298,3,393.5199890136719,0.0,0.0
2021-07-01,10.3100004196167,10.399999618530272,10.4399995803833,10.289999961853027,10.3100004196167,578900.0,3090.5309343872077,0,7.840808921814414,3082.690125465393,299,3.11669781290691,3000,"cash_0%_Buy 100% of cash (97 shares - DCA Strategy) Monthly invest 33.3% of total investment ($1,000.00)",16.822433516106145,10.44,10.655,0.0,0.0,0.0,12.4399995803833,-0.6745,SLDP,0.5495,Neutral,0.3643,0.6813,5.839136384418893,6,395.739990234375,0.0,0.0
2021-07-02,10.270000457763672,10.3100004196167,10.350000381469728,10.260000228881836,10.270000457763672,723400.0,3078.5709457931525,0,7.840808921814414,3070.730136871338,299,2.7180315264383914,3000,Neutral,18.620690789149197,10.394,10.6825,0.0,0.0,0.0,12.4399995803833,-0.7067,SLDP,0.5561,Neutral,0.3627,0.6827,7.132991328448739,6,398.75,0.0,0.0
2021-07-03,10.270000457763672,10.3100004196167,10.350000381469728,10.260000228881836,10.270000457763672,723400.0,3078.5709457931525,0,7.840808921814414,3070.730136871338,299,2.7180315264383914,3000,Neutral,18.620690789149197,10.394,10.6825,0.0,0.0,0.0,12.4399995803833,-0.7067,SLDP,0.5561,Neutral,0.3627,0.6827,7.132991328448739,6,398.75,0.0,0.0
2021-07-04,10.270000457763672,10.3100004196167,10.350000381469728,10.260000228881836,10.270000457763672,723400.0,3078.5709457931525,0,7.840808921814414,3070.730136871338,299,2.7180315264383914,3000,Neutral,18.620690789149197,10.394,10.6825,0.0,0.0,0.0,12.4399995803833,-0.7067,SLDP,0.5561,Neutral,0.3627,0.6827,7.132991328448739,6,398.75,0.0,0.0
2021-07-05,10.270000457763672,10.3100004196167,10.350000381469728,10.260000228881836,10.270000457763672,723400.0,3078.5709457931525,0,7.840808921814414,3070.730136871338,299,2.7180315264383914,3000,Neutral,18.620690789149197,10.394,10.6825,0.0,0.0,0.0,12.4399995803833,-0.7067,SLDP,0.5561,Neutral,0.3627,0.6827,7.132991328448739,6,398.75,0.0,0.0
2021-07-06,10.220000267028809,10.31999969482422,10.326000213623049,10.199999809265137,10.220000267028809,695100.0,3063.6208887634284,0,7.840808921814414,3055.7800798416138,299,2.2196962921142704,3000,Neutral,41.221387938854186,10.328,10.694,0.0,0.0,0.0,12.4399995803833,-0.7301,SLDP,0.5521,Neutral,0.377,0.6941,6.810603268747258,6,398.0,0.0,0.0
2021-07-07,10.18000030517578,10.25,10.300000190734863,10.18000030517578,10.18000030517578,440800.0,3051.6609001693723,0,7.840808921814414,3043.820091247558,299,1.8210300056457296,3000,Neutral,33.0578447259406,10.27,10.6705,0.0,0.0,0.0,12.4399995803833,-0.7391,SLDP,0.5699,Neutral,0.3789,0.6924,7.399496692254701,6,399.3699951171875,0.0,0.0
2021-07-08,10.149999618530272,10.1899995803833,10.229999542236328,10.079999923706056,10.149999618530272,964200.0,3042.6906948623655,0,7.840808921814414,3034.8498859405513,299,1.5220231620788338,3000,Neutral,27.586184217016974,10.226,10.6385,0.0,0.0,0.0,12.4399995803833,-0.731,SLDP,0.5616,Neutral,0.4017,0.6933,6.032574467441293,6,396.1900024414063,0.0,0.0
2021-07-09,10.119999885559082,10.119999885559082,10.199999809265137,10.09000015258789,10.119999885559082,481000.0,3033.72077470398,0,7.840808921814414,3025.8799657821655,299,1.223025823465984,3000,GeoWatch,28.571404242999733,10.188,10.595,0.0,0.0,0.0,12.4399995803833,-0.711,SLDP,0.5668,GeoWatch,0.3835,0.7056,7.829347438523371,6,400.3699951171875,0.0,0.0
2021-07-10,10.119999885559082,10.119999885559082,10.199999809265137,10.09000015258789,10.119999885559082,481000.0,3033.72077470398,0,7.840808921814414,3025.8799657821655,299,1.223025823465984,3000,GeoWatch,28.571404242999733,10.188,10.595,0.0,0.0,0.0,12.4399995803833,-0.711,SLDP,0.5668,GeoWatch,0.3835,0.7056,7.829347438523371,6,400.3699951171875,0.0,0.0
2021-07-11,10.119999885559082,10.119999885559082,10.199999809265137,10.09000015258789,10.119999885559082,481000.0,3033.72077470398,0,7.840808921814414,3025.8799657821655,299,1.223025823465984,3000,GeoWatch,28.571404242999733,10.188,10.595,0.0,0.0,0.0,12.4399995803833,-0.711,SLDP,0.5668,GeoWatch,0.3835,0.7056,7.829347438523371,6,400.3699951171875,0.0,0.0
2021-07-12,10.06999969482422,10.149999618530272,10.199999809265137,10.050000190734863,10.06999969482422,612100.0,3018.770717674256,0,7.840808921814414,3010.929908752442,299,0.7246905891418409,3000,GeoWatch,31.99996948242212,10.148,10.4765,0.0,0.0,0.0,12.4399995803833,-0.6954,SLDP,0.5727,GeoWatch,0.383,0.7067,8.452636267814427,6,401.8200073242188,0.0,0.0
2021-07-13,9.989999771118164,10.100000381469728,10.109999656677246,9.979999542236328,9.989999771118164,1121500.0,2994.8507404861457,0,7.840808921814414,2987.009931564331,299,-0.07264198379516307,3000,GeoWatch,18.279572097754624,10.102,10.3715,0.0,0.0,0.0,12.4399995803833,-0.7007,SLDP,0.5524,GeoWatch,0.3866,0.7172,7.868032431527098,6,400.4599914550781,0.0,0.0
2021-07-14,9.970000267028809,10.0,10.04800033569336,9.960000038146973,9.970000267028809,727400.0,2988.8708887634284,0,7.840808921814414,2981.0300798416138,299,-0.27197037455239936,3000,GeoWatch,18.88890537215568,10.06,10.3475,0.0,0.0,0.0,12.4399995803833,-0.6801,SLDP,0.5657,GeoWatch,0.385,0.7259,8.104458212777104,6,401.010009765625,0.0,0.0
2021-07-15,10.020000457763672,10.0,10.050000190734863,9.954999923706056,10.020000457763672,502700.0,3003.8209457931525,0,7.840808921814414,2995.980136871338,299,0.2263648597717438,3000,GeoWatch,27.500026822083758,10.034,10.319,0.0,0.0,0.0,12.4399995803833,-0.5989,SLDP,0.5619,GeoWatch,0.3936,0.7225,7.549947077049481,6,399.7200012207031,0.0,0.0
2021-07-16,9.970000267028809,10.010000228881836,10.039999961853027,9.960000038146973,9.970000267028809,440700.0,2988.8708887634284,0,7.840808921814414,2981.0300798416138,299,-0.27197037455239936,3000,GeoWatch,13.69867308719843,10.004,10.284,0.0,0.0,0.0,12.4399995803833,-0.5451,SLDP,0.5506,GeoWatch,0.3986,0.706,6.213104434792015,6,396.6099853515625,0.0,0.0
2021-07-17,9.970000267028809,10.010000228881836,10.039999961853027,9.960000038146973,9.970000267028809,440700.0,2988.8708887634284,0,7.840808921814414,2981.0300798416138,299,-0.27197037455239936,3000,GeoWatch,13.69867308719843,10.004,10.284,0.0,0.0,0.0,12.4399995803833,-0.5451,SLDP,0.5506,GeoWatch,0.3986,0.706,6.213104434792015,6,396.6099853515625,0.0,0.0
2021-07-18,9.970000267028809,10.010000228881836,10.039999961853027,9.960000038146973,9.970000267028809,440700.0,2988.8708887634284,0,7.840808921814414,2981.0300798416138,299,-0.27197037455239936,3000,GeoWatch,13.69867308719843,10.004,10.284,0.0,0.0,0.0,12.4399995803833,-0.5451,SLDP,0.5506,GeoWatch,0.3986,0.706,6.213104434792015,6,396.6099853515625,0.0,0.0
2021-07-19,9.899999618530272,9.949999809265137,9.970000267028809,9.859999656677246,9.899999618530272,1330900.0,2967.9406948623655,0,7.840808921814414,2960.0998859405513,299,-0.969643504587836,3000,Neutral,6.666683620855167,9.97,10.249,0.0,0.0,0.0,12.4399995803833,-0.5228,SLDP,0.5342,Neutral,0.4374,0.6584,3.6640926577398147,6,390.6799926757813,0.0,0.0
2021-07-20,9.975000381469728,9.949999809265137,9.984999656677246,9.880000114440918,9.975000381469728,852200.0,2990.365922981263,0,7.840808921814414,2982.5251140594487,299,-0.2221359006245871,3000,Neutral,16.778611120712185,9.967,10.2263,0.0,0.0,0.0,12.4399995803833,-0.4289,SLDP,0.5496,Neutral,0.415,0.6218,6.036877172665186,6,396.2000122070313,0.0,0.0
2021-07-21,10.09000015258789,10.0,10.149999618530272,9.949999809265137,10.09000015258789,3520700.0,3024.750854545594,0,7.840808921814414,3016.9100456237793,299,0.9240284848531122,3000,Neutral,31.57899359909861,9.991,10.2018,0.0,0.0,0.0,12.4399995803833,-0.2682,SLDP,0.5493,Neutral,0.3967,0.6126,7.468274385818148,6,399.5299987792969,0.0,0.0
2021-07-22,10.0,10.0600004196167,10.149999618530272,10.0,10.0,468500.0,2997.8408089218146,0,7.840808921814414,2990.0,299,0.027026964060472558,3000,Neutral,30.379766700427552,9.987,10.1753,0.0,0.0,0.0,12.4399995803833,-0.2031,SLDP,0.5488,Neutral,0.396,0.6218,7.833650143747235,6,400.3800048828125,0.0,0.0
2021-07-23,9.979999542236328,10.050000190734863,10.07800006866455,9.949999809265137,9.979999542236328,264100.0,2991.8606720504768,0,7.840808921814414,2984.019863128662,299,-0.1723109316507876,3000,Neutral,31.168829560345188,9.989,10.1553,0.0,0.0,0.0,12.4399995803833,-0.1566,SLDP,0.5547,Neutral,0.4047,0.6305,9.553053128821887,6,404.3800048828125,0.0,0.0
2021-07-24,9.979999542236328,10.050000190734863,10.07800006866455,9.949999809265137,9.979999542236328,264100.0,2991.8606720504768,0,7.840808921814414,2984.019863128662,299,-0.1723109316507876,3000,Neutral,31.168829560345188,9.989,10.1553,0.0,0.0,0.0,12.4399995803833,-0.1566,SLDP,0.5547,Neutral,0.4047,0.6305,9.553053128821887,6,404.3800048828125,0.0,0.0
2021-07-25,9.979999542236328,10.050000190734863,10.07800006866455,9.949999809265137,9.979999542236328,264100.0,2991.8606720504768,0,7.840808921814414,2984.019863128662,299,-0.1723109316507876,3000,Neutral,31.168829560345188,9.989,10.1553,0.0,0.0,0.0,12.4399995803833,-0.1566,SLDP,0.5547,Neutral,0.4047,0.6305,9.553053128821887,6,404.3800048828125,0.0,0.0
2021-07-26,9.975000381469728,9.960000038146973,9.979999542236328,9.949999809265137,9.975000381469728,318400.0,2990.365922981263,0,7.840808921814414,2982.5251140594487,299,-0.2221359006245871,3000,Neutral,33.103487284585256,10.004,10.129,0.0,0.0,0.0,12.4399995803833,-0.1144,SLDP,0.5536,Neutral,0.4079,0.6595,9.995798872758428,6,405.4100036621094,0.0,0.0
2021-07-27,9.960000038146973,9.949999809265137,10.0,9.880000114440918,9.960000038146973,381500.0,2985.8808203277595,0,7.840808921814414,2978.040011405945,299,-0.371639322408035,3000,Neutral,34.28573374840788,10.001,10.0995,0.0,0.0,0.0,12.4399995803833,-0.0832,SLDP,0.5545,Neutral,0.4245,0.6778,9.22205965867262,6,403.6099853515625,0.0,0.0
2021-07-28,9.949999809265137,9.960000038146973,9.970000267028809,9.920000076293944,9.949999809265137,261600.0,2982.8907518920905,0,7.840808921814414,2975.049942970276,299,-0.4713082702636706,3000,Neutral,35.294158895871746,9.973,10.0735,0.0,0.0,0.0,12.4399995803833,-0.0572,SLDP,0.5461,Neutral,0.4148,0.6864,9.12750508777711,6,403.3900146484375,0.0,0.0
2021-07-29,9.949999809265137,9.979999542236328,9.979999542236328,9.899999618530272,9.949999809265137,250100.0,2982.8907518920905,0,7.840808921814414,2975.049942970276,299,-0.4713082702636706,3000,GeoWatch,36.92310175240919,9.963,10.0525,0.0,0.0,0.0,12.4399995803833,-0.0293,SLDP,0.551,GeoWatch,0.4093,0.7077,9.875441188523368,6,405.1300048828125,0.0,0.0
2021-07-30,9.920000076293944,9.949999809265137,9.970000267028809,9.90999984741211,9.920000076293944,360900.0,2973.9208317337034,0,7.840808921814414,2966.080022811889,299,-0.7703056088765758,3000,GeoWatch,38.09528855411094,9.951,10.033,0.0,0.0,0.0,12.4399995803833,-0.0206,SLDP,0.549,GeoWatch,0.4036,0.719,9.024331988430092,6,403.1499938964844,0.0,0.0
2021-07-31,9.920000076293944,9.949999809265137,9.970000267028809,9.90999984741211,9.920000076293944,360900.0,2973.9208317337034,0,7.840808921814414,2966.080022811889,299,-0.7703056088765758,3000,GeoWatch,38.09528855411094,9.951,10.033,0.0,0.0,0.0,12.4399995803833,-0.0206,SLDP,0.549,GeoWatch,0.4036,0.719,9.024331988430092,6,403.1499938964844,0.0,0.0
2021-08-01,9.920000076293944,9.949999809265137,9.970000267028809,9.90999984741211,9.920000076293944,360900.0,3972.918911725998,0,4.9188812084206575,3968.000030517577,400,-0.5780272068500625,4000,"cash_0%_Buy 100% of cash (101 shares - DCA Strategy) Monthly invest 25.0% of total investment ($1,000.00)",38.09528855411094,9.951,10.033,0.0,0.0,0.0,12.4399995803833,-0.0206,SLDP,0.549,GeoWatch,0.4036,0.719,7.939928597859165,9,403.1499938964844,0.0,0.0
2021-08-02,9.869999885559082,9.90999984741211,9.960000038146973,9.869999885559082,9.869999885559082,638100.0,3952.9188354320536,0,4.9188812084206575,3947.999954223633,400,-1.0780291141986753,4000,GeoWatch,40.0000317890732,9.93,10.013,0.0,0.0,0.0,12.4399995803833,-0.0374,SLDP,0.5469,GeoWatch,0.4168,0.7239,7.589013698818505,9,402.3299865722656,0.0,0.0
2021-08-03,9.869999885559082,9.890000343322754,9.93000030517578,9.850000381469728,9.869999885559082,368100.0,3952.9188354320536,0,4.9188812084206575,3947.999954223633,400,-1.0780291141986753,4000,GeoWatch,41.37930467496256,9.912,9.9955,0.0,0.0,0.0,12.4399995803833,-0.0372,SLDP,0.561,GeoWatch,0.4065,0.7081,8.979822522347902,9,405.5799865722656,0.0,0.0
2021-08-04,9.869999885559082,9.869999885559082,9.880000114440918,9.850000381469728,9.869999885559082,525800.0,3952.9188354320536,0,4.9188812084206575,3947.999954223633,400,-1.0780291141986753,4000,Neutral,35.849046418604246,9.896,9.98,0.0,0.0,0.0,12.4399995803833,-0.0263,SLDP,0.5553,Neutral,0.4054,0.6691,8.14962865494499,9,403.6400146484375,0.0,0.0
2021-08-05,9.859999656677246,9.880000114440918,9.885000228881836,9.850000381469728,9.859999656677246,173300.0,3948.918743879319,0,4.9188812084206575,3943.9998626708984,400,-1.1780314030170325,4000,Neutral,38.77548637223541,9.878,9.9655,0.0,0.0,0.0,12.4399995803833,-0.0156,SLDP,0.5555,Neutral,0.3979,0.6283,9.228035718148703,9,406.1600036621094,0.0,0.0
2021-08-06,9.890000343322754,9.890000343322754,9.890000343322754,9.850000381469728,9.890000343322754,204900.0,3960.9190185375223,0,4.9188812084206575,3956.0001373291016,400,-0.878024536561961,4000,Neutral,48.888973659616056,9.872,9.954,0.0,0.0,0.0,12.4399995803833,0.0203,SLDP,0.5459,Neutral,0.3888,0.5639,9.52758670584113,9,406.8599853515625,0.0,0.0
2021-08-07,9.890000343322754,9.890000343322754,9.890000343322754,9.850000381469728,9.890000343322754,204900.0,3960.9190185375223,0,4.9188812084206575,3956.0001373291016,400,-0.878024536561961,4000,Neutral,48.888973659616056,9.872,9.954,0.0,0.0,0.0,12.4399995803833,0.0203,SLDP,0.5459,Neutral,0.3888,0.5639,9.52758670584113,9,406.8599853515625,0.0,0.0
2021-08-08,9.890000343322754,9.890000343322754,9.890000343322754,9.850000381469728,9.890000343322754,204900.0,3960.9190185375223,0,4.9188812084206575,3956.0001373291016,400,-0.878024536561961,4000,Neutral,48.888973659616056,9.872,9.954,0.0,0.0,0.0,12.4399995803833,0.0203,SLDP,0.5459,Neutral,0.3888,0.5639,9.52758670584113,9,406.8599853515625,0.0,0.0
2021-08-09,9.880000114440918,9.890000343322754,9.90999984741211,9.850000381469728,9.880000114440918,293500.0,3956.918926984788,0,4.9188812084206575,3952.000045776367,400,-0.9780268253803182,4000,Neutral,37.662340879309504,9.874,9.9445,0.0,0.0,0.0,12.4399995803833,0.0442,SLDP,0.5379,Neutral,0.3914,0.5069,9.360696438076317,9,406.4700012207031,0.0,0.0
2021-08-10,9.93000030517578,9.93000030517578,9.93000030517578,9.885000228881836,9.93000030517578,162100.0,3976.9190032787324,0,4.9188812084206575,3972.0001220703116,400,-0.4780249180317053,4000,Neutral,25.000149010865456,9.886,9.9415,0.0,0.0,0.0,12.4399995803833,0.098,SLDP,0.5296,Neutral,0.3906,0.4806,9.578950617189363,9,406.9800109863281,0.0,0.0
2021-08-11,9.90999984741211,9.970000267028809,10.0,9.890000343322754,9.90999984741211,262400.0,3968.9188201732645,0,4.9188812084206575,3963.9999389648438,400,-0.6780294956684085,4000,Neutral,32.00010681070829,9.894,9.9385,10.1691,0.0,0.0,12.4399995803833,0.1225,SLDP,0.5335,Neutral,0.3866,0.4894,9.998324611904437,9,407.9599914550781,0.0,0.0
2021-08-12,9.890000343322754,9.880000114440918,9.949999809265137,9.880000114440918,9.890000343322754,207400.0,3960.9190185375223,0,4.9188812084206575,3956.0001373291016,400,-0.878024536561961,4000,Neutral,32.00022888096258,9.9,9.932,10.1673,0.0,0.0,12.4399995803833,0.127,SLDP,0.5288,Neutral,0.3797,0.4887,10.507575656682704,9,409.1499938964844,0.0,0.0
2021-08-13,9.869999885559082,9.899999618530272,9.899999618530272,9.850000381469728,9.869999885559082,151200.0,3952.9188354320536,0,4.9188812084206575,3947.999954223633,400,-1.0780291141986753,4000,Neutral,30.1887539361219,9.896,9.927,10.1651,0.0,0.0,12.4399995803833,0.1185,SLDP,0.5403,Neutral,0.3732,0.5065,10.854206964845602,9,409.9599914550781,0.0,0.0
2021-08-14,9.869999885559082,9.899999618530272,9.899999618530272,9.850000381469728,9.869999885559082,151200.0,3952.9188354320536,0,4.9188812084206575,3947.999954223633,400,-1.0780291141986753,4000,Neutral,30.1887539361219,9.896,9.927,10.1651,0.0,0.0,12.4399995803833,0.1185,SLDP,0.5403,Neutral,0.3732,0.5065,10.854206964845602,9,409.9599914550781,0.0,0.0
2021-08-15,9.869999885559082,9.899999618530272,9.899999618530272,9.850000381469728,9.869999885559082,151200.0,3952.9188354320536,0,4.9188812084206575,3947.999954223633,400,-1.0780291141986753,4000,Neutral,30.1887539361219,9.896,9.927,10.1651,0.0,0.0,12.4399995803833,0.1185,SLDP,0.5403,Neutral,0.3732,0.5065,10.854206964845602,9,409.9599914550781,0.0,0.0
2021-08-16,9.869999885559082,9.859999656677246,9.880000114440918,9.850000381469728,9.869999885559082,245800.0,3952.9188354320536,0,4.9188812084206575,3947.999954223633,400,-1.0780291141986753,4000,Neutral,32.00010681070829,9.894,9.9255,10.1673,0.0,0.0,12.4399995803833,0.1148,SLDP,0.5412,Neutral,0.3819,0.5334,11.273594019289007,9,410.9400024414063,0.0,0.0
2021-08-17,9.84000015258789,9.81999969482422,9.859999656677246,9.81999969482422,9.84000015258789,592900.0,3940.918942243577,0,4.9188812084206575,3936.0000610351562,400,-1.378026443910596,4000,Neutral,29.62979969411913,9.876,9.9188,10.169,0.0,0.0,12.4399995803833,0.0947,SLDP,0.5209,Neutral,0.3954,0.5391,10.11387708777761,9,408.2300109863281,0.0,0.0
2021-08-18,9.81999969482422,9.890000343322754,9.890000343322754,9.81999969482422,9.81999969482422,302600.0,3932.918759138109,0,4.9188812084206575,3927.9998779296884,400,-1.5780310215472881,4000,Neutral,27.586331633173074,9.858,9.9052,10.1703,0.0,0.0,12.4399995803833,0.0716,SLDP,0.5197,Neutral,0.4214,0.5244,8.235209054402134,9,403.8399963378906,0.0,0.0
2021-08-19,9.829999923706056,9.829999923706056,9.880000114440918,9.817999839782717,9.829999923706056,278900.0,3936.9188506908436,0,4.9188812084206575,3931.999969482423,400,-1.478028732728931,4000,Neutral,33.33345106987214,9.846,9.8967,10.1717,0.0,0.0,12.4399995803833,0.067,SLDP,0.5275,Neutral,0.4236,0.499,8.479138659325173,9,404.4100036621094,0.0,0.0
2021-08-20,9.829999923706056,9.850000381469728,9.850000381469728,9.81999969482422,9.829999923706056,228300.0,3936.9188506908436,0,4.9188812084206575,3931.999969482423,400,-1.478028732728931,4000,Neutral,40.90918942819139,9.838,9.8892,10.1723,0.0,0.0,12.4399995803833,0.0677,SLDP,0.5426,Neutral,0.4123,0.4772,9.848542588194078,9,407.6099853515625,0.0,0.0
2021-08-21,9.829999923706056,9.850000381469728,9.850000381469728,9.81999969482422,9.829999923706056,228300.0,3936.9188506908436,0,4.9188812084206575,3931.999969482423,400,-1.478028732728931,4000,Neutral,40.90918942819139,9.838,9.8892,10.1723,0.0,0.0,12.4399995803833,0.0677,SLDP,0.5426,Neutral,0.4123,0.4772,9.848542588194078,9,407.6099853515625,0.0,0.0
2021-08-22,9.829999923706056,9.850000381469728,9.850000381469728,9.81999969482422,9.829999923706056,228300.0,3936.9188506908436,0,4.9188812084206575,3931.999969482423,400,-1.478028732728931,4000,Neutral,40.90918942819139,9.838,9.8892,10.1723,0.0,0.0,12.4399995803833,0.0677,SLDP,0.5426,Neutral,0.4123,0.4772,9.848542588194078,9,407.6099853515625,0.0,0.0
2021-08-23,9.84000015258789,9.84000015258789,9.84000015258789,9.81999969482422,9.84000015258789,181900.0,3940.918942243577,0,4.9188812084206575,3936.0000610351562,400,-1.378026443910596,4000,Neutral,43.478387063335546,9.832,9.8825,10.1732,0.0,0.0,12.4399995803833,0.078,SLDP,0.5719,Neutral,0.402,0.4898,11.39341702631161,9,411.2200012207031,0.0,0.0
2021-08-24,9.859999656677246,9.81999969482422,9.859999656677246,9.81999969482422,9.859999656677246,302200.0,3948.918743879319,0,4.9188812084206575,3943.9998626708984,400,-1.1780314030170325,4000,Neutral,47.99996948265465,9.836,9.8775,10.1758,0.0,0.0,12.4399995803833,0.1001,SLDP,0.5564,Neutral,0.4009,0.5192,11.67157617907182,9,411.8699951171875,0.0,0.0
2021-08-25,9.84000015258789,9.850000381469728,9.850000381469728,9.82800006866455,9.84000015258789,84400.0,3940.918942243577,0,4.9188812084206575,3936.0000610351562,400,-1.378026443910596,4000,Neutral,46.15395901419858,9.84,9.872,10.1782,0.0,0.0,12.4399995803833,0.1023,SLDP,0.5647,Neutral,0.3941,0.5479,11.99681565230253,9,412.6300048828125,0.0,0.0
2021-08-26,9.880000114440918,9.869999885559082,9.899999618530272,9.829999923706056,9.880000114440918,288700.0,3956.918926984788,0,4.9188812084206575,3952.000045776367,400,-0.9780268253803182,4000,Neutral,48.148108902358,9.85,9.8685,10.1815,0.0,0.0,12.4399995803833,0.1305,SLDP,0.5523,Neutral,0.4094,0.575,10.965475849841027,9,410.2200012207031,0.0,0.0
2021-08-27,9.899999618530272,9.93000030517578,9.93000030517578,9.859999656677246,9.899999618530272,141400.0,3964.9187286205292,0,4.9188812084206575,3959.9998474121085,400,-0.7780317844867879,4000,Neutral,53.57134342185462,9.864,9.8675,10.1852,0.0,0.0,12.4399995803833,0.1603,SLDP,0.5626,Neutral,0.3837,0.6256,12.523174941135238,9,413.8599853515625,0.0,0.0
2021-08-28,9.899999618530272,9.93000030517578,9.93000030517578,9.859999656677246,9.899999618530272,141400.0,3964.9187286205292,0,4.9188812084206575,3959.9998474121085,400,-0.7780317844867879,4000,Neutral,53.57134342185462,9.864,9.8675,10.1852,0.0,0.0,12.4399995803833,0.1603,SLDP,0.5626,Neutral,0.3837,0.6256,12.523174941135238,9,413.8599853515625,0.0,0.0
2021-08-29,9.899999618530272,9.93000030517578,9.93000030517578,9.859999656677246,9.899999618530272,141400.0,3964.9187286205292,0,4.9188812084206575,3959.9998474121085,400,-0.7780317844867879,4000,Neutral,53.57134342185462,9.864,9.8675,10.1852,0.0,0.0,12.4399995803833,0.1603,SLDP,0.5626,Neutral,0.3837,0.6256,12.523174941135238,9,413.8599853515625,0.0,0.0
2021-08-30,9.920000076293944,9.899999618530272,9.93000030517578,9.869999885559082,9.920000076293944,118600.0,3972.918911725998,0,4.9188812084206575,3968.000030517577,400,-0.5780272068500625,4000,Neutral,47.99995422363276,9.88,9.87,10.1885,0.0,0.0,12.4399995803833,0.1891,SLDP,0.5652,Neutral,0.3838,0.6459,13.336273624211998,9,415.760009765625,0.0,0.0
2021-08-31,9.920000076293944,9.93000030517578,9.94499969482422,9.90999984741211,9.920000076293944,160800.0,3972.918911725998,0,4.9188812084206575,3968.000030517577,400,-0.5780272068500625,4000,Neutral,52.17396712719519,9.892,9.8725,10.1873,0.0,0.0,12.4399995803833,0.2026,SLDP,0.5641,Neutral,0.385,0.6488,13.032425985913548,9,415.0499877929688,0.0,0.0
2021-09-01,9.880000114440918,9.899999618530272,9.93000030517578,9.859999656677246,9.880000114440918,230900.0,4955.92104697323,0,6.04098963832962,4949.8800573349,501,-0.7825790605354266,5000,"cash_0%_Buy 100% of cash (101 shares - DCA Strategy) Monthly invest 20.0% of total investment ($1,000.00)",47.99995422363276,9.9,9.873,10.1745,0.0,0.0,12.4399995803833,0.1793,SLDP,0.5709,Neutral,0.3824,0.652,12.09176502198217,11,415.489990234375,0.0,0.0
2021-09-02,9.899999618530272,9.93000030517578,9.93000030517578,9.850000381469728,9.899999618530272,203500.0,4965.940798521996,0,6.04098963832962,4959.899808883666,501,-0.5821840295600955,5000,Neutral,55.99996948230531,9.904,9.875,10.1597,0.0,0.0,12.4399995803833,0.1726,SLDP,0.5798,Neutral,0.3854,0.685,12.61832455868111,11,416.7300109863281,0.0,0.0
2021-09-03,9.920000076293944,9.93000030517578,9.93000030517578,9.90999984741211,9.920000076293944,64700.0,4975.9610278615955,0,6.04098963832962,4969.920038223266,501,-0.38177944276810427,5000,Neutral,59.2593115871642,9.908,9.8765,10.1418,0.0,0.0,12.4399995803833,0.1762,SLDP,0.5839,Neutral,0.3843,0.6888,12.550380974625995,11,416.5700073242188,0.0,0.0
2021-09-04,9.920000076293944,9.93000030517578,9.93000030517578,9.90999984741211,9.920000076293944,64700.0,4975.9610278615955,0,6.04098963832962,4969.920038223266,501,-0.38177944276810427,5000,Neutral,59.2593115871642,9.908,9.8765,10.1418,0.0,0.0,12.4399995803833,0.1762,SLDP,0.5839,Neutral,0.3843,0.6888,12.550380974625995,11,416.5700073242188,0.0,0.0
2021-09-05,9.920000076293944,9.93000030517578,9.93000030517578,9.90999984741211,9.920000076293944,64700.0,4975.9610278615955,0,6.04098963832962,4969.920038223266,501,-0.38177944276810427,5000,Neutral,59.2593115871642,9.908,9.8765,10.1418,0.0,0.0,12.4399995803833,0.1762,SLDP,0.5839,Neutral,0.3843,0.6888,12.550380974625995,11,416.5700073242188,0.0,0.0
2021-09-06,9.920000076293944,9.93000030517578,9.93000030517578,9.90999984741211,9.920000076293944,64700.0,4975.9610278615955,0,6.04098963832962,4969.920038223266,501,-0.38177944276810427,5000,Neutral,59.2593115871642,9.908,9.8765,10.1418,0.0,0.0,12.4399995803833,0.1762,SLDP,0.5839,Neutral,0.3843,0.6888,12.550380974625995,11,416.5700073242188,0.0,0.0
2021-09-07,9.970000267028809,9.93000030517578,10.0,9.90999984741211,9.970000267028809,676700.0,5001.011123419763,0,6.04098963832962,4994.970133781433,501,0.11922246839524142,5000,Neutral,72.4138157829837,9.918,9.881,10.1007,0.0,0.0,12.4399995803833,0.2051,SLDP,0.5777,Neutral,0.394,0.6708,11.896435317144665,11,415.0299987792969,0.0,0.0
2021-09-08,9.989999771118164,10.050000190734863,10.0600004196167,9.970000267028809,9.989999771118164,182600.0,5011.03087496853,0,6.04098963832962,5004.9898853302,501,0.3196174993705725,5000,Neutral,79.31045822563377,9.932,9.884,10.0657,0.0,0.0,12.4399995803833,0.2283,SLDP,0.58,Neutral,0.3957,0.661,11.72658283646362,11,414.6300048828125,0.0,0.0
2021-09-09,10.010000228881836,9.989999771118164,10.020000457763672,9.970000267028809,10.010000228881836,155100.0,5021.05110430813,0,6.04098963832962,5015.0101146698,501,0.5200220861625748,5000,Neutral,80.00012715689914,9.958,9.889,10.0583,0.0,0.0,12.4399995803833,0.2463,SLDP,0.5669,Neutral,0.4044,0.638,10.936750010872018,11,412.7699890136719,0.0,0.0
2021-09-10,9.989999771118164,10.010000228881836,10.020000457763672,9.979999542236328,9.989999771118164,137400.0,5011.03087496853,0,6.04098963832962,5004.9898853302,501,0.3196174993705725,5000,Neutral,75.00000000000014,9.976,9.894,10.0483,0.0,0.0,12.4399995803833,0.2338,SLDP,0.5383,Neutral,0.4189,0.6303,9.582154771260363,11,409.5799865722656,0.0,0.0
2021-09-11,9.989999771118164,10.010000228881836,10.020000457763672,9.979999542236328,9.989999771118164,137400.0,5011.03087496853,0,6.04098963832962,5004.9898853302,501,0.3196174993705725,5000,Neutral,75.00000000000014,9.976,9.894,10.0483,0.0,0.0,12.4399995803833,0.2338,SLDP,0.5383,Neutral,0.4189,0.6303,9.582154771260363,11,409.5799865722656,0.0,0.0
2021-09-12,9.989999771118164,10.010000228881836,10.020000457763672,9.979999542236328,9.989999771118164,137400.0,5011.03087496853,0,6.04098963832962,5004.9898853302,501,0.3196174993705725,5000,Neutral,75.00000000000014,9.976,9.894,10.0483,0.0,0.0,12.4399995803833,0.2338,SLDP,0.5383,Neutral,0.4189,0.6303,9.582154771260363,11,409.5799865722656,0.0,0.0
2021-09-13,9.979999542236328,10.0,10.0,9.970000267028809,9.979999542236328,104400.0,5006.02076029873,0,6.04098963832962,4999.9797706604,501,0.21941520597459352,5000,Neutral,71.87492549412322,9.988,9.8995,10.0368,0.0,0.0,12.4399995803833,0.2088,SLDP,0.5509,Neutral,0.4084,0.631,9.98981627559121,11,410.5400085449219,0.0,0.0
2021-09-14,9.960000038146973,10.0,10.0,9.949999809265137,9.960000038146973,107600.0,4996.001008749963,0,6.04098963832962,4989.960019111633,501,0.019020174999240247,5000,Neutral,65.6250745058772,9.986,9.904,10.0262,0.0,0.0,12.4399995803833,0.1703,SLDP,0.5465,Neutral,0.4122,0.6489,9.085335941295483,11,408.4100036621094,0.0,0.0
2021-09-15,9.960000038146973,10.010000228881836,10.010000228881836,9.960000038146973,9.960000038146973,108600.0,4996.001008749963,0,6.04098963832962,4989.960019111633,501,0.019020174999240247,5000,Neutral,69.99996821087657,9.98,9.91,10.0183,0.0,0.0,12.4399995803833,0.1378,SLDP,0.5503,Neutral,0.401,0.672,10.533351989118756,11,411.8200073242188,0.0,0.0
2021-09-16,9.989999771118164,9.979999542236328,10.100000381469728,9.960000038146973,9.989999771118164,1285300.0,5011.03087496853,0,6.04098963832962,5004.9898853302,501,0.3196174993705725,5000,Neutral,68.96546054254233,9.976,9.9185,10.0085,0.0,0.0,12.4399995803833,0.1298,SLDP,0.5499,Neutral,0.4028,0.6803,10.231849905077752,11,411.1099853515625,0.0,0.0
2021-09-17,10.0,10.0,10.0,9.970000267028809,10.0,249000.0,5016.04098963833,0,6.04098963832962,5010.0,501,0.41981979276657366,5000,Neutral,67.85716718551006,9.978,9.927,9.9997,0.0,0.0,12.4399995803833,0.1244,SLDP,0.5198,Neutral,0.4181,0.6705,8.520560568361816,11,407.0799865722656,0.0,0.0
2021-09-18,10.0,10.0,10.0,9.970000267028809,10.0,249000.0,5016.04098963833,0,6.04098963832962,5010.0,501,0.41981979276657366,5000,Neutral,67.85716718551006,9.978,9.927,9.9997,0.0,0.0,12.4399995803833,0.1244,SLDP,0.5198,Neutral,0.4181,0.6705,8.520560568361816,11,407.0799865722656,0.0,0.0
2021-09-19,10.0,10.0,10.0,9.970000267028809,10.0,249000.0,5016.04098963833,0,6.04098963832962,5010.0,501,0.41981979276657366,5000,Neutral,67.85716718551006,9.978,9.927,9.9997,0.0,0.0,12.4399995803833,0.1244,SLDP,0.5198,Neutral,0.4181,0.6705,8.520560568361816,11,407.0799865722656,0.0,0.0
2021-09-20,9.949999809265137,9.979999542236328,9.982000350952148,9.94499969482422,9.949999809265137,247300.0,4990.990894080163,0,6.04098963832962,4984.9499044418335,501,-0.08118211839674982,5000,Neutral,54.83866005863582,9.972,9.933,9.9925,0.0,0.0,12.4399995803833,0.0822,SLDP,0.5056,Neutral,0.4595,0.6481,5.696722580434411,11,400.4299926757813,0.0,0.0
2021-09-21,10.010000228881836,9.970000267028809,10.06999969482422,9.960000038146973,10.010000228881836,420100.0,5021.05110430813,0,6.04098963832962,5015.0101146698,501,0.5200220861625748,5000,Neutral,62.16215519596704,9.982,9.9415,9.9843,0.0,0.0,12.4399995803833,0.0894,SLDP,0.4973,Neutral,0.4479,0.6359,5.531120623417294,11,400.0400085449219,0.0,0.0
2021-09-22,9.989999771118164,10.039999961853027,10.039999961853027,9.979999542236328,9.989999771118164,253100.0,5011.03087496853,0,6.04098963832962,5004.9898853302,501,0.3196174993705725,5000,Neutral,65.71417672335104,9.988,9.948,9.975,0.0,0.0,12.4399995803833,0.0757,SLDP,0.5111,Neutral,0.421,0.6308,7.170215852414131,11,403.8999938964844,0.0,0.0
2021-09-23,10.0600004196167,10.0,10.140000343322754,9.979999542236328,10.0600004196167,1216700.0,5046.101199866296,0,6.04098963832962,5040.060210227966,501,1.0210239973259094,5000,Neutral,69.99997615829001,10.002,9.959,9.9682,0.0,0.0,12.4399995803833,0.1071,SLDP,0.5134,Neutral,0.3994,0.6297,9.242449809898275,11,408.7799987792969,0.0,0.0
2021-09-24,10.140000343322754,10.100000381469728,10.359999656677246,10.0600004196167,10.140000343322754,1525800.0,5086.18116164303,0,6.04098963832962,5080.1401720047,501,1.8226232328605763,5000,Neutral,73.91297136708646,10.03,9.972,9.9643,0.0,0.0,12.4399995803833,0.1711,SLDP,0.502,Neutral,0.3971,0.6402,9.531200322947413,11,409.4599914550781,0.0,0.0
2021-09-25,10.140000343322754,10.100000381469728,10.359999656677246,10.0600004196167,10.140000343322754,1525800.0,5086.18116164303,0,6.04098963832962,5080.1401720047,501,1.8226232328605763,5000,Neutral,73.91297136708646,10.03,9.972,9.9643,0.0,0.0,12.4399995803833,0.1711,SLDP,0.502,Neutral,0.3971,0.6402,9.531200322947413,11,409.4599914550781,0.0,0.0
2021-09-26,10.140000343322754,10.100000381469728,10.359999656677246,10.0600004196167,10.140000343322754,1525800.0,5086.18116164303,0,6.04098963832962,5080.1401720047,501,1.8226232328605763,5000,Neutral,73.91297136708646,10.03,9.972,9.9643,0.0,0.0,12.4399995803833,0.1711,SLDP,0.502,Neutral,0.3971,0.6402,9.531200322947413,11,409.4599914550781,0.0,0.0
2021-09-27,10.109999656677246,10.170000076293944,10.260000228881836,10.0600004196167,10.109999656677246,816900.0,5071.15081763363,0,6.04098963832962,5065.1098279953,501,1.522016352672595,5000,Neutral,65.90893327784713,10.062,9.9825,9.961,0.0,0.0,12.4399995803833,0.1814,SLDP,0.4978,Neutral,0.4032,0.6677,9.038619057732888,11,408.2999877929688,0.0,0.0
2021-09-28,10.039999961853027,10.06999969482422,10.104000091552734,10.0,10.039999961853027,908400.0,5036.080970526697,0,6.04098963832962,5030.039980888367,501,0.8206194105339071,5000,Neutral,55.10203287239322,10.068,9.9885,9.9572,0.0,0.0,12.4399995803833,0.1319,SLDP,0.4669,Neutral,0.4344,0.6804,5.573586983315963,11,400.1400146484375,0.0,0.0
2021-09-29,10.0,10.010000228881836,10.039999961853027,9.970000267028809,10.0,428200.0,5016.04098963833,0,6.04098963832962,5010.0,501,0.41981979276657366,5000,Neutral,49.01958951037444,10.07,9.9925,9.9535,0.0,0.0,12.4399995803833,0.0662,SLDP,0.4709,Neutral,0.4289,0.6706,5.840249598309754,11,399.4599914550781,1.308,0.0
2021-09-30,10.050000190734863,10.050000190734863,10.06999969482422,10.0,10.050000190734863,456500.0,5041.091085196496,0,6.04098963832962,5035.0500955581665,501,0.9208217039299083,5000,Neutral,55.55557517841596,10.068,10.001,9.9513,0.0,0.0,12.4399995803833,0.0511,SLDP,0.4628,Neutral,0.4342,0.6777,3.6915839683561558,11,394.3999938964844,0.0,0.0
2021-10-01,10.109999656677246,10.109999656677246,10.1899995803833,10.09000015258789,10.109999656677246,804000.0,6070.149927667619,0,4.150133661271411,6065.999794006348,600,1.2681654611269577,6000,"cash_0%_Buy 100% of cash (99 shares - DCA Strategy) Monthly invest 16.7% of total investment ($1,000.00)",61.0169381939382,10.062,10.0115,9.9507,0.0,0.0,12.4399995803833,0.0747,SLDP,0.4936,Neutral,0.4172,0.6793,4.690020571605999,14,399.1199951171875,0.0,0.0
2021-10-02,10.109999656677246,10.109999656677246,10.1899995803833,10.09000015258789,10.109999656677246,804000.0,6070.149927667619,0,4.150133661271411,6065.999794006348,600,1.2681654611269577,6000,Neutral,61.0169381939382,10.062,10.0115,9.9507,0.0,0.0,12.4399995803833,0.0747,SLDP,0.4936,Neutral,0.4172,0.6793,4.690020571605999,14,399.1199951171875,0.0,0.0
2021-10-03,10.109999656677246,10.109999656677246,10.1899995803833,10.09000015258789,10.109999656677246,804000.0,6070.149927667619,0,4.150133661271411,6065.999794006348,600,1.2681654611269577,6000,Neutral,61.0169381939382,10.062,10.0115,9.9507,0.0,0.0,12.4399995803833,0.0747,SLDP,0.4936,Neutral,0.4172,0.6793,4.690020571605999,14,399.1199951171875,0.0,0.0
2021-10-04,10.239999771118164,10.449000358581545,10.59000015258789,10.199999809265137,10.239999771118164,3269300.0,6148.149996332169,0,4.150133661271411,6143.999862670898,600,2.5681666055361374,6000,Neutral,69.99993188057302,10.088,10.0275,9.9527,0.0,0.0,12.4399995803833,0.1653,SLDP,0.4754,Neutral,0.4315,0.6763,2.6137904516283044,14,394.2099914550781,0.0,0.0
2021-10-05,10.210000038146973,10.300000190734863,10.3100004196167,10.1850004196167,10.210000038146973,793100.0,6130.150156549455,0,4.150133661271411,6126.000022888184,600,2.268169275824228,6000,Neutral,67.12325366902601,10.122,10.0395,9.955,0.0,0.0,12.4399995803833,0.1911,SLDP,0.4852,Neutral,0.4164,0.675,4.233340535333667,14,398.0400085449219,0.0,0.0
2021-10-06,10.229999542236328,10.199999809265137,10.369999885559082,10.15999984741211,10.229999542236328,554500.0,6142.149859003068,0,4.150133661271411,6137.999725341797,600,2.468164316717769,6000,Neutral,66.6666225151528,10.168,10.0515,9.959,0.0,0.0,12.4399995803833,0.2063,SLDP,0.487,Neutral,0.415,0.6848,4.9817930325434645,14,399.80999755859375,0.0,0.0
2021-10-07,10.210000038146973,10.300000190734863,10.300000190734863,10.199999809265137,10.210000038146973,504600.0,6130.150156549455,0,4.150133661271411,6126.000022888184,600,2.268169275824228,6000,Neutral,64.38355448546693,10.2,10.0615,9.963,0.0,0.0,12.4399995803833,0.1882,SLDP,0.4906,Neutral,0.4013,0.6897,6.436422636338122,14,403.25,0.0,0.0
2021-10-08,10.020000457763672,10.270000457763672,10.288999557495115,10.0,10.020000457763672,1523500.0,6016.150408319474,0,4.150133661271411,6012.000274658203,600,0.36817347199120665,6000,Neutral,54.02302630497193,10.182,10.063,9.963,0.0,0.0,12.4399995803833,0.0428,SLDP,0.5005,Neutral,0.394,0.6937,6.1150470783024105,14,402.489990234375,0.0,0.0
2021-10-09,10.020000457763672,10.270000457763672,10.288999557495115,10.0,10.020000457763672,1523500.0,6016.150408319474,0,4.150133661271411,6012.000274658203,600,0.36817347199120665,6000,Neutral,54.02302630497193,10.182,10.063,9.963,0.0,0.0,12.4399995803833,0.0428,SLDP,0.5005,Neutral,0.394,0.6937,6.1150470783024105,14,402.489990234375,0.0,0.0
2021-10-10,10.020000457763672,10.270000457763672,10.288999557495115,10.0,10.020000457763672,1523500.0,6016.150408319474,0,4.150133661271411,6012.000274658203,600,0.36817347199120665,6000,Neutral,54.02302630497193,10.182,10.063,9.963,0.0,0.0,12.4399995803833,0.0428,SLDP,0.5005,Neutral,0.394,0.6937,6.1150470783024105,14,402.489990234375,0.0,0.0
2021-10-11,10.039999961853027,10.050000190734863,10.100000381469728,10.0,10.039999961853027,630200.0,6028.150110773087,0,4.150133661271411,6023.999977111816,600,0.5681685128847702,6000,Neutral,51.80721507220933,10.142,10.066,9.9642,0.0,0.0,12.4399995803833,-0.0424,SLDP,0.4925,Neutral,0.4029,0.6977,4.876078746829208,14,399.55999755859375,0.0,0.0
2021-10-12,9.989999771118164,10.050000190734863,10.069000244140623,9.979999542236328,9.989999771118164,1000500.0,5998.149996332169,0,4.150133661271411,5993.999862670898,600,0.06816660553613518,6000,GeoWatch,50.0,10.098,10.0675,9.9657,0.0,0.0,12.4399995803833,-0.1296,SLDP,0.5185,GeoWatch,0.4042,0.7093,4.537798194373835,14,398.760009765625,0.0,0.0
2021-10-13,10.06999969482422,10.0,10.140000343322754,9.979999542236328,10.06999969482422,570600.0,6046.149950555804,0,4.150133661271411,6041.999816894532,600,0.8681658425967242,6000,GeoWatch,50.57467232441674,10.066,10.073,9.9672,0.0,0.0,12.4399995803833,-0.1308,SLDP,0.5217,GeoWatch,0.3978,0.7303,5.079054821047933,14,400.0400085449219,0.0,0.0
2021-10-14,10.09000015258789,10.109999656677246,10.140000343322754,10.050000190734863,10.09000015258789,486700.0,6058.150225214005,0,4.150133661271411,6054.000091552734,600,1.0681704202333941,6000,GeoWatch,46.91356280427858,10.042,10.078,9.9672,0.0,0.0,12.4399995803833,-0.1158,SLDP,0.5504,GeoWatch,0.3865,0.7474,7.920655337230983,14,406.760009765625,0.0,0.0
2021-10-15,10.06999969482422,10.130000114440918,10.229999542236328,10.039999961853027,10.06999969482422,942900.0,6046.149950555804,0,4.150133661271411,6041.999816894532,600,0.8681658425967242,6000,GeoWatch,47.49999701976147,10.052,10.0815,9.9684,0.0,0.0,12.4399995803833,-0.1165,SLDP,0.5509,GeoWatch,0.374,0.7471,9.261105253525642,14,409.9299926757813,0.0,0.0
2021-10-16,10.06999969482422,10.130000114440918,10.229999542236328,10.039999961853027,10.06999969482422,942900.0,6046.149950555804,0,4.150133661271411,6041.999816894532,600,0.8681658425967242,6000,GeoWatch,47.49999701976147,10.052,10.0815,9.9684,0.0,0.0,12.4399995803833,-0.1165,SLDP,0.5509,GeoWatch,0.374,0.7471,9.261105253525642,14,409.9299926757813,0.0,0.0
2021-10-17,10.06999969482422,10.130000114440918,10.229999542236328,10.039999961853027,10.06999969482422,942900.0,6046.149950555804,0,4.150133661271411,6041.999816894532,600,0.8681658425967242,6000,GeoWatch,47.49999701976147,10.052,10.0815,9.9684,0.0,0.0,12.4399995803833,-0.1165,SLDP,0.5509,GeoWatch,0.374,0.7471,9.261105253525642,14,409.9299926757813,0.0,0.0
2021-10-18,10.079999923706056,10.09000015258789,10.170000076293944,10.0600004196167,10.079999923706056,603000.0,6052.150087884906,0,4.150133661271411,6047.999954223634,600,0.9681681314150703,6000,GeoWatch,52.70270444425842,10.06,10.088,9.9701,0.0,0.0,12.4399995803833,-0.1077,SLDP,0.5448,GeoWatch,0.3743,0.7435,9.789676682097067,14,411.1799926757813,0.0,0.0
2021-10-19,10.09000015258789,10.109999656677246,10.130000114440918,10.050000190734863,10.09000015258789,503300.0,6058.150225214005,0,4.150133661271411,6054.000091552734,600,1.0681704202333941,6000,GeoWatch,56.33804708739433,10.08,10.092,9.972,0.0,0.0,12.4399995803833,-0.0931,SLDP,0.5358,GeoWatch,0.3675,0.7468,11.142824701070268,14,414.3800048828125,0.0,0.0
2021-10-20,10.050000190734863,10.109999656677246,10.118000030517578,10.010000228881836,10.050000190734863,541400.0,6034.150248102189,0,4.150133661271411,6030.000114440918,600,0.6681708017031385,6000,GeoWatch,50.0,10.076,10.095,9.9735,0.0,0.0,12.4399995803833,-0.1072,SLDP,0.525,GeoWatch,0.3664,0.7464,11.823618506873842,14,415.989990234375,0.0,0.0
2021-10-21,10.1899995803833,10.050000190734863,10.239999771118164,10.029999732971191,10.1899995803833,1157800.0,6118.149881891251,0,4.150133661271411,6113.9997482299805,600,2.0681646981875135,6000,GeoWatch,55.1282082632341,10.096,10.1015,9.9775,0.0,0.0,12.4399995803833,-0.0243,SLDP,0.5123,GeoWatch,0.3609,0.7415,12.254941051516695,14,417.010009765625,0.0,0.0
2021-10-22,10.25,10.25,10.850000381469728,10.149999618530272,10.25,2902200.0,6154.150133661271,0,4.150133661271411,6150.0,600,2.6681688943545057,6000,GeoWatch,50.70424237865486,10.132,10.107,9.9825,0.0,0.0,12.4399995803833,0.0642,SLDP,0.5127,GeoWatch,0.3575,0.7501,12.077335373503303,14,416.5899963378906,0.0,0.0
2021-10-23,10.25,10.25,10.850000381469728,10.149999618530272,10.25,2902200.0,6154.150133661271,0,4.150133661271411,6150.0,600,2.6681688943545057,6000,GeoWatch,50.70424237865486,10.132,10.107,9.9825,0.0,0.0,12.4399995803833,0.0642,SLDP,0.5127,GeoWatch,0.3575,0.7501,12.077335373503303,14,416.5899963378906,0.0,0.0
2021-10-24,10.25,10.25,10.850000381469728,10.149999618530272,10.25,2902200.0,6154.150133661271,0,4.150133661271411,6150.0,600,2.6681688943545057,6000,GeoWatch,50.70424237865486,10.132,10.107,9.9825,0.0,0.0,12.4399995803833,0.0642,SLDP,0.5127,GeoWatch,0.3575,0.7501,12.077335373503303,14,416.5899963378906,0.0,0.0
2021-10-25,10.43000030517578,10.300000190734863,10.550000190734863,10.300000190734863,10.43000030517578,998400.0,6262.15031676674,0,4.150133661271411,6258.000183105468,600,4.468171946112309,6000,GeoWatch,62.790718305564,10.202,10.123,9.991,0.0,0.0,12.4399995803833,0.2267,SLDP,0.5116,GeoWatch,0.3578,0.7637,12.990708350623834,14,418.75,0.0,0.0
2021-10-26,10.729999542236328,10.68000030517578,10.8100004196167,10.579999923706056,10.729999542236328,1844800.0,6442.149859003068,0,4.150133661271411,6437.999725341797,600,7.468164316717774,6000,GeoWatch,71.92983630255257,10.33,10.1575,10.0053,0.0,0.0,12.4399995803833,0.5,SLDP,0.5127,GeoWatch,0.3645,0.7655,13.159848626851513,14,419.1499938964844,0.0,0.0
2021-10-27,10.600000381469728,10.6899995803833,10.6899995803833,10.399999618530272,10.600000381469728,750300.0,6364.150362543109,0,4.150133661271411,6360.000228881837,600,6.168172709051789,6000,GeoWatch,65.60002563478531,10.44,10.1875,10.0175,0.0,0.0,12.4399995803833,0.5577,SLDP,0.511,GeoWatch,0.3776,0.7578,12.390245529753301,14,417.3299865722656,0.0,0.0
2021-10-28,10.979999542236328,11.18000030517578,11.470000267028809,10.699999809265137,10.979999542236328,4081700.0,6592.149859003068,0,4.150133661271411,6587.999725341797,600,9.968164316717786,6000,GeoWatch,83.3333333333335,10.598,10.234,10.036,0.0,0.0,12.4399995803833,0.7918,SLDP,0.5208,GeoWatch,0.3722,0.7541,14.115509899172935,14,421.4100036621094,0.0,0.0
2021-10-29,12.210000038146973,11.079999923706056,12.399999618530272,11.050000190734863,12.210000038146973,5455600.0,7330.150156549455,0,4.150133661271411,7326.000022888184,600,22.268169275824224,6000,GeoWatch,90.94340355976097,10.99,10.339,10.0752,0.0,0.0,12.4399995803833,1.6276,SLDP,0.516,GeoWatch,0.3782,0.7426,14.432652756315804,14,422.1600036621094,0.0,0.0
2021-10-30,12.210000038146973,11.079999923706056,12.399999618530272,11.050000190734863,12.210000038146973,5455600.0,7330.150156549455,0,4.150133661271411,7326.000022888184,600,22.268169275824224,6000,GeoWatch,90.94340355976097,10.99,10.339,10.0752,0.0,0.0,12.4399995803833,1.6276,SLDP,0.516,GeoWatch,0.3782,0.7426,14.432652756315804,14,422.1600036621094,0.0,0.0
2021-10-31,12.210000038146973,11.079999923706056,12.399999618530272,11.050000190734863,12.210000038146973,5455600.0,7330.150156549455,0,4.150133661271411,7326.000022888184,600,22.268169275824224,6000,GeoWatch,90.94340355976097,10.99,10.339,10.0752,0.0,0.0,12.4399995803833,1.6276,SLDP,0.516,GeoWatch,0.3782,0.7426,14.432652756315804,14,422.1600036621094,0.0,0.0
2021-11-01,12.899999618530272,13.06999969482422,13.720000267028809,12.5,12.899999618530272,6129200.0,8743.156604808806,0,9.856863063813762,8733.299741744993,677,25.00123721155436,7000,"cash_0%_Buy 100% of cash (77 shares - DCA Strategy) Monthly invest 14.3% of total investment ($1,000.00)",94.22493502548262,11.484,10.472,10.1253,0.0,0.0,12.899999618530272,2.4321,SLDP,0.5066,GeoWatch,0.3781,0.7351,13.688847248549067,17,423.0499877929688,0.0,0.0
2021-11-02,12.710000038146973,13.130000114440918,13.130000114440918,12.300000190734863,12.710000038146973,2448600.0,8614.526888889315,0,9.856863063813762,8604.6700258255,677,23.16366984127591,7000,GeoWatch,88.82354970622623,11.88,10.597,10.1725,0.0,0.0,12.899999618530272,2.6476,SLDP,0.5169,GeoWatch,0.3776,0.7265,14.379501304722027,17,424.6900024414063,0.0,0.0
2021-11-03,12.949999809265137,12.8100004196167,12.960000038146973,12.611000061035156,12.949999809265137,1749600.0,8777.006733936312,0,9.856863063813762,8767.149870872498,677,25.48481048480444,7000,Neutral,89.50277975142819,12.35,10.733,10.2228,0.0,0.0,12.949999809265137,2.7311,SLDP,0.5289,Neutral,0.3695,0.692,15.457584783622764,17,427.25,0.0,0.0
2021-11-04,12.3100004196167,13.050000190734863,13.1899995803833,12.210000038146973,12.3100004196167,1911400.0,8343.72714714432,0,9.856863063813762,8333.870284080505,677,19.29510210206169,7000,Neutral,76.41512213675388,12.616,10.838,10.2628,10.216,0.0,12.949999809265137,2.2394,SLDP,0.5328,Neutral,0.3752,0.6601,16.299838304749528,17,429.25,0.0,0.0
2021-11-05,11.380000114440918,12.350000381469728,12.399999618530272,11.170000076293944,11.380000114440918,3209200.0,7714.116940540315,0,9.856863063813762,7704.2600774765015,677,10.300670579147342,7000,Neutral,62.59690843002383,12.45,10.906,10.2877,10.2275,0.0,12.949999809265137,1.2648,SLDP,0.5439,Neutral,0.3948,0.6631,16.914679776676806,17,430.7099914550781,0.0,0.0
2021-11-06,11.380000114440918,12.350000381469728,12.399999618530272,11.170000076293944,11.380000114440918,3209200.0,7714.116940540315,0,9.856863063813762,7704.2600774765015,677,10.300670579147342,7000,Neutral,62.59690843002383,12.45,10.906,10.2877,10.2275,0.0,12.949999809265137,1.2648,SLDP,0.5439,Neutral,0.3948,0.6631,16.914679776676806,17,430.7099914550781,0.0,0.0
2021-11-07,11.380000114440918,12.350000381469728,12.399999618530272,11.170000076293944,11.380000114440918,3209200.0,7714.116940540315,0,9.856863063813762,7704.2600774765015,677,10.300670579147342,7000,Neutral,62.59690843002383,12.45,10.906,10.2877,10.2275,0.0,12.949999809265137,1.2648,SLDP,0.5439,Neutral,0.3948,0.6631,16.914679776676806,17,430.7099914550781,0.0,0.0
2021-11-08,12.25,11.649999618530272,12.979999542236328,11.649999618530272,12.25,4056400.0,8303.106863063815,0,9.856863063813762,8293.25,677,18.714812329483046,7000,Neutral,67.9402080722081,12.32,11.0165,10.3273,10.2462,0.0,12.949999809265137,1.0287,SLDP,0.5327,Neutral,0.3976,0.6725,17.133673917301806,17,431.2300109863281,0.0,0.0
2021-11-09,11.90999984741211,12.399999618530272,12.489999771118164,11.4399995803833,11.90999984741211,2090000.0,8072.926759761812,0,9.856863063813762,8063.069896697998,677,15.426525139454439,7000,Neutral,64.7151945292868,12.16,11.1125,10.3613,10.2643,0.0,12.949999809265137,0.5983,SLDP,0.5258,Neutral,0.4065,0.698,16.497768396285068,17,429.7200012207031,0.0,0.0
2021-11-10,11.020000457763672,11.800000190734863,11.925999641418455,10.949999809265137,11.020000457763672,3279300.0,7470.39717296982,0,9.856863063813762,7460.540309906006,677,6.818959613854547,7000,GeoWatch,55.86988153525178,11.774,11.16,10.381,10.275,0.0,12.949999809265137,-0.2304,SLDP,0.5047,GeoWatch,0.4063,0.7262,15.040673403231054,17,426.260009765625,0.0,0.0
2021-11-11,11.300000190734863,11.289999961853027,11.729999542236328,11.220000267028809,11.300000190734863,2904400.0,7659.956992191316,0,9.856863063813762,7650.100129127502,677,9.526957031304505,7000,GeoWatch,57.201651204881145,11.572,11.2205,10.4057,10.288,0.0,12.949999809265137,-0.6236,SLDP,0.5088,GeoWatch,0.3983,0.764,15.099624466790146,17,426.3999938964844,0.0,0.0
2021-11-12,11.979999542236328,11.640000343322754,12.43000030517578,11.350000381469728,11.979999542236328,3234300.0,8120.316553157808,0,9.856863063813762,8110.459690093994,677,16.103522187968665,7000,GeoWatch,59.94865335961675,11.692,11.316,10.4415,10.3066,0.0,12.949999809265137,-0.5008,SLDP,0.5154,GeoWatch,0.3829,0.7729,16.434601952554345,17,429.5700073242188,0.0,0.0
2021-11-13,11.979999542236328,11.640000343322754,12.43000030517578,11.350000381469728,11.979999542236328,3234300.0,8120.316553157808,0,9.856863063813762,8110.459690093994,677,16.103522187968665,7000,GeoWatch,59.94865335961675,11.692,11.316,10.4415,10.3066,0.0,12.949999809265137,-0.5008,SLDP,0.5154,GeoWatch,0.3829,0.7729,16.434601952554345,17,429.5700073242188,0.0,0.0
2021-11-14,11.979999542236328,11.640000343322754,12.43000030517578,11.350000381469728,11.979999542236328,3234300.0,8120.316553157808,0,9.856863063813762,8110.459690093994,677,16.103522187968665,7000,GeoWatch,59.94865335961675,11.692,11.316,10.4415,10.3066,0.0,12.949999809265137,-0.5008,SLDP,0.5154,GeoWatch,0.3829,0.7729,16.434601952554345,17,429.5700073242188,0.0,0.0
2021-11-15,14.170000076293944,12.550000190734863,14.369999885559082,12.479999542236328,14.170000076293944,7160200.0,9602.946914714812,0,9.856863063813762,9593.090051651,677,37.28395592449729,7000,GeoWatch,67.76860424196067,12.076,11.5205,10.5138,10.3431,0.0,14.170000076293944,0.7427,SLDP,0.5128,GeoWatch,0.382,0.7753,16.518819593605713,17,429.7699890136719,0.0,0.0
2021-11-16,13.399999618530272,14.03499984741211,14.0600004196167,13.239999771118164,13.399999618530272,3402600.0,9081.656604808806,0,9.856863063813762,9071.799741744993,677,29.836951497268636,7000,GeoWatch,63.56589068487322,12.374,11.686,10.5732,10.3732,0.0,14.170000076293944,1.0021,SLDP,0.5078,GeoWatch,0.381,0.7593,17.2094736497787,17,431.4100036621094,0.0,0.0
2021-11-17,13.09000015258789,13.399999618530272,13.670000076293944,12.75,13.09000015258789,2716700.0,8871.786966365817,0,9.856863063813762,8861.930103302002,677,26.838813805225925,7000,GeoWatch,60.29268781944607,12.788,11.838,10.627,10.4014,0.0,14.170000076293944,0.8962,SLDP,0.5062,GeoWatch,0.3889,0.7449,16.771498220297516,17,430.3699951171875,0.0,0.0
2021-11-18,12.720000267028809,13.0600004196167,13.149999618530272,12.020000457763672,12.720000267028809,2878000.0,8621.297043842318,0,9.856863063813762,8611.440180778503,677,23.260386340604523,7000,GeoWatch,52.71565689896717,13.072,11.9645,10.675,10.4266,0.0,14.170000076293944,0.5427,SLDP,0.5087,GeoWatch,0.3937,0.7303,17.398972980970925,17,431.8599853515625,0.0,0.0
2021-11-19,13.4399995803833,12.640000343322754,14.479999542236328,12.5,13.4399995803833,3610900.0,9108.73657898331,0,9.856863063813762,9098.879715919495,677,30.223808271190112,7000,Neutral,52.86624268305314,13.364,12.124,10.7343,10.4579,0.0,14.170000076293944,0.6132,SLDP,0.5069,Neutral,0.4044,0.6936,17.05786133305611,17,431.0499877929688,0.0,0.0
2021-11-20,13.4399995803833,12.640000343322754,14.479999542236328,12.5,13.4399995803833,3610900.0,9108.73657898331,0,9.856863063813762,9098.879715919495,677,30.223808271190112,7000,Neutral,52.86624268305314,13.364,12.124,10.7343,10.4579,0.0,14.170000076293944,0.6132,SLDP,0.5069,Neutral,0.4044,0.6936,17.05786133305611,17,431.0499877929688,0.0,0.0
2021-11-21,13.4399995803833,12.640000343322754,14.479999542236328,12.5,13.4399995803833,3610900.0,9108.73657898331,0,9.856863063813762,9098.879715919495,677,30.223808271190112,7000,Neutral,52.86624268305314,13.364,12.124,10.7343,10.4579,0.0,14.170000076293944,0.6132,SLDP,0.5069,Neutral,0.4044,0.6936,17.05786133305611,17,431.0499877929688,0.0,0.0
2021-11-22,13.479999542236328,13.399999618530272,13.81999969482422,12.800000190734863,13.479999542236328,2544800.0,9135.816553157809,0,9.856863063813762,9125.959690093994,677,30.61066504511154,7000,Neutral,54.15318071042479,13.226,12.2765,10.794,10.4896,0.0,14.170000076293944,0.5904,SLDP,0.4914,Neutral,0.4083,0.6478,16.57778350893362,17,429.9100036621094,0.0,0.0
2021-11-23,12.699999809265137,13.399999618530272,13.72700023651123,12.300000190734863,12.699999809265137,3253000.0,8607.756733936312,0,9.856863063813762,8597.899870872498,677,23.066953341947304,7000,Neutral,48.725789693082056,13.086,12.375,10.8403,10.5144,0.0,14.170000076293944,0.1004,SLDP,0.4862,Neutral,0.4079,0.6187,16.813613466707608,17,430.4700012207031,0.0,0.0
2021-11-24,12.640000343322754,12.5,13.039999961853027,12.100000381469728,12.640000343322754,1161300.0,8567.137095493319,0,9.856863063813762,8557.280232429504,677,22.486672792761688,7000,Neutral,51.78764901552475,12.996,12.477,10.8857,10.5365,0.0,14.170000076293944,-0.2899,SLDP,0.499,Neutral,0.4039,0.604,17.26000680476328,17,431.5299987792969,0.0,0.0
2021-11-25,12.640000343322754,12.5,13.039999961853027,12.100000381469728,12.640000343322754,1161300.0,8567.137095493319,0,9.856863063813762,8557.280232429504,677,22.486672792761688,7000,Neutral,51.78764901552475,12.996,12.477,10.8857,10.5365,0.0,14.170000076293944,-0.2899,SLDP,0.499,Neutral,0.4039,0.604,17.26000680476328,17,431.5299987792969,0.0,0.0
2021-11-26,12.1899995803833,12.270000457763672,12.369999885559082,11.59000015258789,12.1899995803833,2256100.0,8262.48657898331,0,9.856863063813762,8252.629715919495,677,18.134522556904397,7000,Neutral,54.62856938576167,12.89,12.5375,10.9242,10.5493,0.0,14.170000076293944,-0.7933,SLDP,0.4643,Neutral,0.5031,0.4998,13.305633205992919,17,422.1400146484375,0.0,0.0
2021-11-27,12.1899995803833,12.270000457763672,12.369999885559082,11.59000015258789,12.1899995803833,2256100.0,8262.48657898331,0,9.856863063813762,8252.629715919495,677,18.134522556904397,7000,Neutral,54.62856938576167,12.89,12.5375,10.9242,10.5493,0.0,14.170000076293944,-0.7933,SLDP,0.4643,Neutral,0.5031,0.4998,13.305633205992919,17,422.1400146484375,0.0,0.0
2021-11-28,12.1899995803833,12.270000457763672,12.369999885559082,11.59000015258789,12.1899995803833,2256100.0,8262.48657898331,0,9.856863063813762,8252.629715919495,677,18.134522556904397,7000,Neutral,54.62856938576167,12.89,12.5375,10.9242,10.5493,0.0,14.170000076293944,-0.7933,SLDP,0.4643,Neutral,0.5031,0.4998,13.305633205992919,17,422.1400146484375,0.0,0.0
2021-11-29,12.520000457763672,12.579999923706056,12.9399995803833,12.0,12.520000457763672,2066100.0,8485.89717296982,0,9.856863063813762,8476.040309906006,677,21.32610247099742,7000,Neutral,51.64433914660427,12.706,12.553,10.9678,10.5637,0.0,14.170000076293944,-0.9447,SLDP,0.4919,Neutral,0.4561,0.4506,15.45336940345112,17,427.239990234375,0.0,0.0
2021-11-30,11.890000343322754,12.270000457763672,12.979999542236328,11.720000267028809,11.890000343322754,2641800.0,8059.387095493318,0,9.856863063813762,8049.530232429504,677,15.233101364190249,7000,Neutral,49.882355845098594,12.388,12.5025,11.0007,10.5712,0.0,14.170000076293944,-1.3538,SLDP,0.4659,Neutral,0.4951,0.4132,12.008555586467182,17,419.05999755859375,0.0,0.0
2021-12-01,11.600000381469728,12.09000015258789,12.640000343322754,11.31999969482422,11.600000381469728,2114500.0,8862.059521286013,0,11.25923022461086,8850.800291061403,763,10.874744016075155,8000,"cash_0%_Buy 100% of cash (86 shares - DCA Strategy) Monthly invest 12.5% of total investment ($1,000.00)",53.67088577033349,12.168,12.447,11.0278,10.5643,0.0,14.170000076293944,-1.7297,SLDP,0.4438,Neutral,0.5263,0.385,8.941836473260551,19,414.239990234375,0.0,0.0
2021-12-02,11.25,11.59000015258789,11.829999923706056,11.18000030517578,11.25,2056000.0,8595.00923022461,0,11.25923022461086,8583.75,763,7.5366153778076095,8000,Neutral,49.68632252785668,11.89,12.362,11.0488,10.5572,0.0,14.170000076293944,-2.0962,SLDP,0.4591,Neutral,0.5005,0.3554,11.583950646302,19,420.55999755859375,0.0,0.0
2021-12-03,10.90999984741211,11.229999542236328,11.350000381469728,10.460000038146973,10.90999984741211,2400000.0,8335.58911380005,0,11.25923022461086,8324.32988357544,763,4.293863922500596,8000,Neutral,42.98820743750871,11.634,12.292,11.0638,10.5611,0.0,14.170000076293944,-2.4327,SLDP,0.4569,Neutral,0.5467,0.3575,10.028783469313595,19,416.8399963378906,0.0,0.0
2021-12-04,10.90999984741211,11.229999542236328,11.350000381469728,10.460000038146973,10.90999984741211,2400000.0,8335.58911380005,0,11.25923022461086,8324.32988357544,763,4.293863922500596,8000,Neutral,42.98820743750871,11.634,12.292,11.0638,10.5611,0.0,14.170000076293944,-2.4327,SLDP,0.4569,Neutral,0.5467,0.3575,10.028783469313595,19,416.8399963378906,0.0,0.0
2021-12-05,10.90999984741211,11.229999542236328,11.350000381469728,10.460000038146973,10.90999984741211,2400000.0,8335.58911380005,0,11.25923022461086,8324.32988357544,763,4.293863922500596,8000,Neutral,42.98820743750871,11.634,12.292,11.0638,10.5611,0.0,14.170000076293944,-2.4327,SLDP,0.4569,Neutral,0.5467,0.3575,10.028783469313595,19,416.8399963378906,0.0,0.0
2021-12-06,11.25,11.100000381469728,11.43000030517578,10.81999969482422,11.25,1868500.0,8595.00923022461,0,11.25923022461086,8583.75,763,7.5366153778076095,8000,Neutral,24.740486769832884,11.38,12.2855,11.0848,10.5666,0.0,14.170000076293944,-2.3664,SLDP,0.4706,Neutral,0.514,0.3751,12.110704728875788,19,421.8200073242188,0.0,0.0
2021-12-07,12.0,11.56999969482422,12.229999542236328,11.56999969482422,12.0,2195600.0,9167.25923022461,0,11.25923022461086,9156.0,763,14.689740377807613,8000,Neutral,37.84722601649924,11.402,12.273,11.1185,10.5777,0.0,14.170000076293944,-1.8198,SLDP,0.5023,Neutral,0.4712,0.4264,15.735239251038323,19,430.489990234375,0.0,0.0
2021-12-08,13.010000228881836,12.050000190734863,13.369999885559082,11.5,13.010000228881836,2175500.0,9937.889404861451,0,11.25923022461086,9926.63017463684,763,24.322617560768123,8000,Neutral,49.38080563913737,11.684,12.328,11.1693,10.5977,0.0,14.170000076293944,-0.8603,SLDP,0.5089,Neutral,0.4543,0.4736,16.24109565905158,19,431.7000122070313,0.0,0.0
2021-12-09,13.399999618530272,13.109999656677246,14.850000381469728,12.5,13.399999618530272,8137900.0,10235.458939163207,0,11.25923022461086,10224.199708938597,763,28.042236739540073,8000,Neutral,55.24690817485733,12.114,12.447,11.2267,10.6225,0.0,14.170000076293944,-0.0312,SLDP,0.4973,Neutral,0.4684,0.4985,15.012011305074765,19,428.760009765625,0.0,0.0
2021-12-10,11.520000457763672,13.779999732971191,13.779999732971191,10.845000267028809,11.520000457763672,5916500.0,8801.019579498292,0,11.25923022461086,8789.760349273682,763,10.111744743728623,8000,Neutral,37.43456128049994,12.236,12.458,11.2522,10.6303,0.0,14.170000076293944,-0.5101,SLDP,0.5142,Neutral,0.4165,0.5262,16.721856996331823,19,432.8500061035156,0.0,0.0
2021-12-11,11.520000457763672,13.779999732971191,13.779999732971191,10.845000267028809,11.520000457763672,5916500.0,8801.019579498292,0,11.25923022461086,8789.760349273682,763,10.111744743728623,8000,Neutral,37.43456128049994,12.236,12.458,11.2522,10.6303,0.0,14.170000076293944,-0.5101,SLDP,0.5142,Neutral,0.4165,0.5262,16.721856996331823,19,432.8500061035156,0.0,0.0
2021-12-12,11.520000457763672,13.779999732971191,13.779999732971191,10.845000267028809,11.520000457763672,5916500.0,8801.019579498292,0,11.25923022461086,8789.760349273682,763,10.111744743728623,8000,Neutral,37.43456128049994,12.236,12.458,11.2522,10.6303,0.0,14.170000076293944,-0.5101,SLDP,0.5142,Neutral,0.4165,0.5262,16.721856996331823,19,432.8500061035156,0.0,0.0
2021-12-13,9.579999923706056,11.267999649047852,11.612000465393066,9.5600004196167,9.579999923706056,6343000.0,7320.799172012332,0,11.25923022461086,7309.539941787721,763,-8.391010349845873,8000,Neutral,29.55975238858406,11.902,12.338,11.2452,10.6224,0.0,14.170000076293944,-1.8381,SLDP,0.5028,Neutral,0.4325,0.5351,15.116525193963668,19,429.010009765625,0.0,0.0
2021-12-14,10.020000457763672,9.579999923706056,10.479999542236328,9.199999809265137,10.020000457763672,3887900.0,7656.519579498293,0,11.25923022461086,7645.260349273682,763,-4.194505256271352,8000,Neutral,35.43478885084443,11.506,12.1305,11.2463,10.6194,0.0,14.170000076293944,-2.3735,SLDP,0.4926,Neutral,0.4442,0.5205,13.8957973582025,19,426.0899963378906,0.0,0.0
2021-12-15,9.68000030517578,10.300000190734863,10.329999923706056,9.020000457763672,9.68000030517578,3992800.0,7397.099463073731,0,11.25923022461086,7385.84023284912,763,-7.437256711578377,8000,Neutral,34.388189410535844,10.84,11.9445,11.2408,10.6126,0.0,14.170000076293944,-2.799,SLDP,0.5094,Neutral,0.4228,0.5036,16.68004888916765,19,432.75,0.0,0.0
2021-12-16,9.710000038146973,9.89900016784668,11.010000228881836,9.710000038146973,9.710000038146973,3593500.0,7419.989259330751,0,11.25923022461086,7408.73002910614,763,-7.151134258365621,8000,Neutral,36.313470384522255,10.102,11.7755,11.2362,10.6056,0.0,14.170000076293944,-2.921,SLDP,0.4983,Neutral,0.4346,0.5242,15.04545013598026,19,428.8399963378906,0.0,0.0
2021-12-17,9.15999984741211,9.6899995803833,9.699999809265137,9.050000190734863,9.15999984741211,2951800.0,7000.339113800051,0,11.25923022461086,6989.079883575439,763,-12.396761077499384,8000,Neutral,31.8965497751158,9.63,11.5975,11.2212,10.5947,0.0,14.170000076293944,-3.1772,SLDP,0.4897,Neutral,0.4559,0.5286,13.185110568583895,19,424.3900146484375,0.0,0.0
2021-12-18,9.15999984741211,9.6899995803833,9.699999809265137,9.050000190734863,9.15999984741211,2951800.0,7000.339113800051,0,11.25923022461086,6989.079883575439,763,-12.396761077499384,8000,Neutral,31.8965497751158,9.63,11.5975,11.2212,10.5947,0.0,14.170000076293944,-3.1772,SLDP,0.4897,Neutral,0.4559,0.5286,13.185110568583895,19,424.3900146484375,0.0,0.0
2021-12-19,9.15999984741211,9.6899995803833,9.699999809265137,9.050000190734863,9.15999984741211,2951800.0,7000.339113800051,0,11.25923022461086,6989.079883575439,763,-12.396761077499384,8000,Neutral,31.8965497751158,9.63,11.5975,11.2212,10.5947,0.0,14.170000076293944,-3.1772,SLDP,0.4897,Neutral,0.4559,0.5286,13.185110568583895,19,424.3900146484375,0.0,0.0
2021-12-20,8.800000190734863,9.0,9.270000457763672,8.640000343322754,8.800000190734863,2475600.0,6725.659375755312,0,11.25923022461086,6714.400145530701,763,-15.830257803058622,8000,Neutral,32.85238582634659,9.474,11.3655,11.1988,10.5816,0.0,14.170000076293944,-3.4002,SLDP,0.486,Neutral,0.4655,0.5088,11.266224341505989,19,419.7999877929688,0.0,0.0
2021-12-21,9.010000228881836,9.1899995803833,9.300000190734863,8.819999694824219,9.010000228881836,1698300.0,6885.889404861452,0,11.25923022461086,6874.630174636841,763,-13.827382439231872,8000,Neutral,35.4983199099851,9.272,11.142,11.1805,10.5707,0.0,14.170000076293944,-3.239,SLDP,0.4958,Neutral,0.4488,0.5166,14.369456854255574,19,425.6900024414063,1.533,0.0
2021-12-22,10.170000076293944,9.010000228881836,10.279999732971191,8.899999618530273,10.170000076293944,2809300.0,7770.969288436891,0,11.25923022461086,7759.710058212279,763,-2.7638838945388877,8000,Neutral,44.45585241742736,9.37,11.0155,11.1827,10.5699,0.0,14.170000076293944,-2.2313,SLDP,0.5112,Neutral,0.4326,0.5423,16.16709063992721,19,429.989990234375,0.0,0.0
2021-12-23,10.65999984741211,10.25,10.713000297546388,9.800000190734863,10.65999984741211,1440000.0,8144.839113800051,0,11.25923022461086,8133.579883575439,763,1.909488922500624,8000,Neutral,48.736096989744674,9.56,10.9165,11.1937,10.5736,0.0,14.170000076293944,-1.1425,SLDP,0.5041,Neutral,0.425,0.5634,17.274948068583896,19,432.6400146484375,0.0,0.0
2021-12-24,10.65999984741211,10.25,10.713000297546388,9.800000190734863,10.65999984741211,1440000.0,8144.839113800051,0,11.25923022461086,8133.579883575439,763,1.909488922500624,8000,Neutral,48.736096989744674,9.56,10.9165,11.1937,10.5736,0.0,14.170000076293944,-1.1425,SLDP,0.5041,Neutral,0.425,0.5634,17.274948068583896,19,432.6400146484375,0.0,0.0
2021-12-25,10.65999984741211,10.25,10.713000297546388,9.800000190734863,10.65999984741211,1440000.0,8144.839113800051,0,11.25923022461086,8133.579883575439,763,1.909488922500624,8000,Neutral,48.736096989744674,9.56,10.9165,11.1937,10.5736,0.0,14.170000076293944,-1.1425,SLDP,0.5041,Neutral,0.425,0.5634,17.274948068583896,19,432.6400146484375,0.0,0.0
2021-12-26,10.65999984741211,10.25,10.713000297546388,9.800000190734863,10.65999984741211,1440000.0,8144.839113800051,0,11.25923022461086,8133.579883575439,763,1.909488922500624,8000,Neutral,48.736096989744674,9.56,10.9165,11.1937,10.5736,0.0,14.170000076293944,-1.1425,SLDP,0.5041,Neutral,0.425,0.5634,17.274948068583896,19,432.6400146484375,0.0,0.0
2021-12-27,10.170000076293944,10.779999732971191,10.949999809265137,10.109999656677246,10.170000076293944,1366900.0,7770.969288436891,0,11.25923022461086,7759.710058212279,763,-2.7638838945388877,8000,Neutral,44.62151379284861,9.762,10.8155,11.1957,10.5735,0.0,14.170000076293944,-0.6621,SLDP,0.5147,Neutral,0.4193,0.6287,19.854343701857545,19,438.80999755859375,0.0,0.0
2021-12-28,9.34000015258789,10.109999656677246,10.399999618530272,9.140000343322754,9.34000015258789,2951300.0,7137.679346649172,0,11.25923022461086,7126.420116424561,763,-10.680008166885369,8000,Neutral,36.857706876671045,9.87,10.6565,11.1828,10.5667,0.0,14.170000076293944,-0.8033,SLDP,0.5153,Neutral,0.4188,0.6553,19.716390982063174,19,438.4800109863281,0.0,0.0
2021-12-29,8.9399995803833,9.484999656677246,9.5,8.850000381469727,8.9399995803833,3814600.0,6832.47891005707,0,11.25923022461086,6821.2196798324585,763,-14.495013624286646,8000,Neutral,28.60146709417218,9.856,10.509,11.1612,10.5569,0.0,14.170000076293944,-1.0713,SLDP,0.5102,Neutral,0.4104,0.6657,19.937959916185903,19,439.010009765625,0.0,0.0
2021-12-30,9.039999961853027,8.979999542236328,9.489999771118164,8.9399995803833,9.039999961853027,2031400.0,6908.779201118471,0,11.25923022461086,6897.51997089386,763,-13.541259986019128,8000,Neutral,26.35575091972163,9.63,10.381,11.1417,10.5483,0.0,14.170000076293944,-1.0889,SLDP,0.5103,Neutral,0.414,0.6776,19.41956235182772,19,437.7699890136719,0.0,0.0
2021-12-31,8.739999771118164,9.109999656677246,9.236000061035156,8.670000076293945,8.739999771118164,3087500.0,6679.87905558777,0,11.25923022461086,6668.619825363159,763,-16.402511805152887,8000,Neutral,31.806281317398486,9.246,10.2555,11.1168,10.5379,0.0,14.170000076293944,-1.2027,SLDP,0.515,Neutral,0.402,0.6824,18.917903339986935,19,436.5700073242188,0.0,0.0
2022-01-01,8.739999771118164,9.109999656677246,9.236000061035156,8.670000076293945,8.739999771118164,3087500.0,7678.873955614092,0,5.1541565723434815,7673.719799041748,878,-14.580178270954558,9000,"cash_0%_Buy 100% of cash (115 shares - DCA Strategy) Monthly invest 11.1% of total investment ($1,000.00)",31.806281317398486,9.246,10.2555,11.1168,10.5379,0.0,14.170000076293944,-1.2027,SLDP,0.515,Neutral,0.402,0.6824,17.772108437049837,22,436.5700073242188,0.0,0.0
2022-01-02,8.739999771118164,9.109999656677246,9.236000061035156,8.670000076293945,8.739999771118164,3087500.0,7678.873955614092,0,5.1541565723434815,7673.719799041748,878,-14.580178270954558,9000,Neutral,31.806281317398486,9.246,10.2555,11.1168,10.5379,0.0,14.170000076293944,-1.2027,SLDP,0.515,Neutral,0.402,0.6824,17.772108437049837,22,436.5700073242188,0.0,0.0
2022-01-03,8.960000038146973,8.930000305175781,9.170000076293944,8.829999923706055,8.960000038146973,1921400.0,7872.034190065386,0,5.1541565723434815,7866.880033493042,878,-12.433953443717948,9000,Neutral,44.76351539112479,9.004,10.158,11.096,10.5295,0.0,14.170000076293944,-1.029,SLDP,0.5067,Neutral,0.392,0.6667,18.888160181484736,22,439.25,0.0,0.0
2022-01-04,9.15999984741211,9.199999809265137,9.199999809265137,8.75,9.15999984741211,1606300.0,8047.634022600176,0,5.1541565723434815,8042.479866027832,878,-10.482844193331397,9000,Neutral,42.4295724987206,8.968,10.0535,11.0817,10.5223,0.0,14.170000076293944,-0.6877,SLDP,0.4951,Neutral,0.3937,0.669,18.81320432746081,22,439.0700073242188,0.0,0.0
2022-01-05,8.260000228881836,9.12399959564209,9.1899995803833,8.140000343322754,8.260000228881836,2820100.0,7257.434357530596,0,5.1541565723434815,7252.280200958252,878,-19.262840471882292,9000,Neutral,38.621793843115086,8.832,9.8665,11.052,10.5081,0.0,14.170000076293944,-0.9953,SLDP,0.4686,Neutral,0.4131,0.677,15.31095622707548,22,430.6600036621094,0.0,0.0
2022-01-06,8.3100004196167,8.229999542236328,8.343000411987305,7.619999885559082,8.3100004196167,2991200.0,7301.334524995806,0,5.1541565723434815,7296.180368423462,878,-18.775060833379953,9000,Neutral,38.81789482953148,8.686,9.6315,11.024,10.4948,0.0,14.170000076293944,-1.0648,SLDP,0.4683,Neutral,0.411,0.6826,15.06941486363371,22,430.0799865722656,0.0,0.0
2022-01-07,7.710000038146973,8.369999885559082,8.4399995803833,7.659999847412109,7.710000038146973,2839500.0,6774.534190065386,0,5.1541565723434815,6769.380033493042,878,-24.6283978881624,9000,Neutral,38.51030338478791,8.48,9.347,10.9847,10.476,0.0,14.170000076293944,-1.431,SLDP,0.463,Neutral,0.4061,0.6841,14.448925779729606,22,428.5899963378906,0.0,0.0
2022-01-08,7.710000038146973,8.369999885559082,8.4399995803833,7.659999847412109,7.710000038146973,2839500.0,6774.534190065386,0,5.1541565723434815,6769.380033493042,878,-24.6283978881624,9000,Neutral,38.51030338478791,8.48,9.347,10.9847,10.476,0.0,14.170000076293944,-1.431,SLDP,0.463,Neutral,0.4061,0.6841,14.448925779729606,22,428.5899963378906,0.0,0.0
2022-01-09,7.710000038146973,8.369999885559082,8.4399995803833,7.659999847412109,7.710000038146973,2839500.0,6774.534190065386,0,5.1541565723434815,6769.380033493042,878,-24.6283978881624,9000,Neutral,38.51030338478791,8.48,9.347,10.9847,10.476,0.0,14.170000076293944,-1.431,SLDP,0.463,Neutral,0.4061,0.6841,14.448925779729606,22,428.5899963378906,0.0,0.0
2022-01-10,7.420000076293945,7.699999809265137,7.840000152587891,7.059999942779541,7.420000076293945,3083500.0,6519.914223558428,0,5.1541565723434815,6514.760066986084,878,-27.4575086271286,9000,Neutral,38.94230805969328,8.172,9.142,10.9402,10.4537,0.0,14.170000076293944,-1.7619,SLDP,0.4602,Neutral,0.4107,0.6853,14.215721316972747,22,428.0299987792969,0.0,0.0
2022-01-11,8.609999656677246,7.260000228881836,8.65999984741211,7.25,8.609999656677246,3222700.0,7564.733855134966,0,5.1541565723434815,7559.579698562622,878,-15.848401609611507,9000,GeoWatch,47.22991303732182,8.062,9.0935,10.9158,10.4421,0.0,14.170000076293944,-0.9722,SLDP,0.493,GeoWatch,0.4072,0.7123,15.777365152589184,22,431.7799987792969,0.0,0.0
2022-01-12,7.96999979019165,8.680000305175781,8.869999885559082,7.889999866485596,7.96999979019165,2600400.0,7002.813972360613,0,5.1541565723434815,6997.659815788269,878,-22.091955862659873,9000,GeoWatch,33.58208811822203,8.004,8.991,10.8807,10.4254,0.0,14.170000076293944,-0.8275,SLDP,0.4938,GeoWatch,0.4025,0.7416,16.314574190474502,22,433.0700073242188,0.0,0.0
2022-01-13,7.599999904632568,8.079999923706055,8.119999885559082,7.53000020980835,7.599999904632568,2417700.0,6677.954072839739,0,5.1541565723434815,6672.799916267395,878,-25.701510301780694,9000,GeoWatch,26.74772221497949,7.862,8.887,10.8392,10.4056,0.0,14.170000076293944,-0.9104,SLDP,0.4879,GeoWatch,0.4236,0.7585,13.828436695825474,22,427.1000061035156,0.0,0.0
2022-01-14,8.300000190734863,7.454999923706055,8.539999961853027,7.449999809265137,8.300000190734863,2692400.0,7292.554324037554,0,5.1541565723434815,7287.40016746521,878,-18.872618621804982,9000,GeoWatch,36.22975233123479,7.98,8.8165,10.81,10.3917,0.0,14.170000076293944,-0.3325,SLDP,0.4779,GeoWatch,0.4123,0.7736,13.882575715517277,22,427.2300109863281,0.0,0.0
2022-01-15,8.300000190734863,7.454999923706055,8.539999961853027,7.449999809265137,8.300000190734863,2692400.0,7292.554324037554,0,5.1541565723434815,7287.40016746521,878,-18.872618621804982,9000,GeoWatch,36.22975233123479,7.98,8.8165,10.81,10.3917,0.0,14.170000076293944,-0.3325,SLDP,0.4779,GeoWatch,0.4123,0.7736,13.882575715517277,22,427.2300109863281,0.0,0.0
2022-01-16,8.300000190734863,7.454999923706055,8.539999961853027,7.449999809265137,8.300000190734863,2692400.0,7292.554324037554,0,5.1541565723434815,7287.40016746521,878,-18.872618621804982,9000,GeoWatch,36.22975233123479,7.98,8.8165,10.81,10.3917,0.0,14.170000076293944,-0.3325,SLDP,0.4779,GeoWatch,0.4123,0.7736,13.882575715517277,22,427.2300109863281,0.0,0.0
2022-01-17,8.300000190734863,7.454999923706055,8.539999961853027,7.449999809265137,8.300000190734863,2692400.0,7292.554324037554,0,5.1541565723434815,7287.40016746521,878,-18.872618621804982,9000,GeoWatch,36.22975233123479,7.98,8.8165,10.81,10.3917,0.0,14.170000076293944,-0.3325,SLDP,0.4779,GeoWatch,0.4123,0.7736,13.882575715517277,22,427.2300109863281,0.0,0.0
2022-01-18,8.470000267028809,8.270000457763672,8.899999618530273,7.960000038146973,8.470000267028809,2539100.0,7441.814391023638,0,5.1541565723434815,7436.660234451294,878,-17.214173433070712,9000,GeoWatch,42.903754209078976,8.19,8.782,10.7813,10.3794,0.0,14.170000076293944,0.2462,SLDP,0.4358,GeoWatch,0.4353,0.7821,10.763443785936786,22,419.739990234375,0.0,0.0
2022-01-19,7.739999771118164,8.550000190734863,8.550000190734863,7.690000057220459,7.739999771118164,2664900.0,6800.873955614092,0,5.1541565723434815,6795.719799041748,878,-24.335733826510108,9000,GeoWatch,40.71207720568153,8.016,8.729,10.7395,10.361,0.0,14.170000076293944,0.1176,SLDP,0.4272,GeoWatch,0.448,0.7975,8.926949110209037,22,415.3299865722656,0.0,0.0
2022-01-20,7.769999980926514,7.849999904632568,8.489999771118164,7.71999979019165,7.769999980926514,1384900.0,6827.214139825823,0,5.1541565723434815,6822.059983253479,878,-24.043065113046435,9000,GeoWatch,40.06259923379218,7.976,8.667,10.6952,10.3431,0.0,14.170000076293944,0.1157,SLDP,0.4119,GeoWatch,0.4615,0.8178,7.023835481142271,22,410.760009765625,0.0,0.0
2022-01-21,7.619999885559082,7.619999885559082,7.940000057220459,7.070000171661377,7.619999885559082,2366500.0,6695.514056093218,0,5.1541565723434815,6690.359899520874,878,-25.50639937674204,9000,GeoWatch,41.02564298503084,7.98,8.5395,10.6433,10.3243,0.0,14.170000076293944,0.0564,SLDP,0.3926,GeoWatch,0.4916,0.8214,3.663174896810091,22,402.6900024414063,0.0,0.0
2022-01-22,7.619999885559082,7.619999885559082,7.940000057220459,7.070000171661377,7.619999885559082,2366500.0,6695.514056093218,0,5.1541565723434815,6690.359899520874,878,-25.50639937674204,9000,GeoWatch,41.02564298503084,7.98,8.5395,10.6433,10.3243,0.0,14.170000076293944,0.0564,SLDP,0.3926,GeoWatch,0.4916,0.8214,3.663174896810091,22,402.6900024414063,0.0,0.0
2022-01-23,7.619999885559082,7.619999885559082,7.940000057220459,7.070000171661377,7.619999885559082,2366500.0,6695.514056093218,0,5.1541565723434815,6690.359899520874,878,-25.50639937674204,9000,GeoWatch,41.02564298503084,7.98,8.5395,10.6433,10.3243,0.0,14.170000076293944,0.0564,SLDP,0.3926,GeoWatch,0.4916,0.8214,3.663174896810091,22,402.6900024414063,0.0,0.0
2022-01-24,6.980000019073486,7.191999912261963,7.25,6.119999885559082,6.980000019073486,3466900.0,6133.594173318865,0,5.1541565723434815,6128.440016746521,878,-31.749953629790404,9000,GeoWatch,35.13513571565271,7.716,8.3555,10.583,10.3002,0.0,14.170000076293944,-0.4254,SLDP,0.3921,GeoWatch,0.5004,0.8184,4.36278828508064,22,404.3699951171875,0.0,0.0
2022-01-25,7.260000228881836,6.639999866485596,7.539999961853027,6.619999885559082,7.260000228881836,1427200.0,6379.434357530596,0,5.1541565723434815,6374.280200958252,878,-29.01839602743784,9000,GeoWatch,35.90504885599421,7.474,8.21,10.521,10.2785,0.0,14.170000076293944,-0.4321,SLDP,0.3796,GeoWatch,0.5092,0.8289,2.318074431270702,22,399.4599914550781,0.0,0.0
2022-01-26,6.789999961853027,7.449999809265137,7.460000038146973,6.639999866485596,6.789999961853027,2124300.0,5966.774123079302,0,5.1541565723434815,5961.619966506958,878,-33.60350974356333,9000,GeoWatch,38.35182292312148,7.284,8.0825,10.4307,10.2529,0.0,14.170000076293944,-0.7356,SLDP,0.3685,GeoWatch,0.511,0.8216,1.943282452460764,22,398.55999755859375,0.0,0.0
2022-01-27,6.21999979019165,6.880000114440918,6.900000095367432,6.119999885559082,6.21999979019165,1835300.0,5466.313972360613,0,5.1541565723434815,5461.159815788269,878,-39.164178084882096,9000,GeoWatch,34.699852012954054,6.974,7.9465,10.3193,10.2223,0.0,14.170000076293944,-1.3132,SLDP,0.3734,GeoWatch,0.5025,0.7955,1.1020815481371358,22,396.5400085449219,0.0,0.0
2022-01-28,5.980000019073486,6.199999809265137,6.21999979019165,5.610000133514404,5.980000019073486,2456400.0,5255.594173318865,0,5.1541565723434815,5250.440016746521,878,-41.505509185345964,9000,GeoWatch,36.63060417177192,6.646,7.7935,10.2072,10.1898,0.0,14.170000076293944,-1.7784,SLDP,0.3987,GeoWatch,0.4813,0.7717,5.14986287840253,22,406.260009765625,0.0,0.0
2022-01-29,5.980000019073486,6.199999809265137,6.21999979019165,5.610000133514404,5.980000019073486,2456400.0,5255.594173318865,0,5.1541565723434815,5250.440016746521,878,-41.505509185345964,9000,GeoWatch,36.63060417177192,6.646,7.7935,10.2072,10.1898,0.0,14.170000076293944,-1.7784,SLDP,0.3987,GeoWatch,0.4813,0.7717,5.14986287840253,22,406.260009765625,0.0,0.0
2022-01-30,5.980000019073486,6.199999809265137,6.21999979019165,5.610000133514404,5.980000019073486,2456400.0,5255.594173318865,0,5.1541565723434815,5250.440016746521,878,-41.505509185345964,9000,GeoWatch,36.63060417177192,6.646,7.7935,10.2072,10.1898,0.0,14.170000076293944,-1.7784,SLDP,0.3987,GeoWatch,0.4813,0.7717,5.14986287840253,22,406.260009765625,0.0,0.0
2022-01-31,6.670000076293945,6.099999904632568,6.679999828338623,6.099999904632568,6.670000076293945,1260800.0,5861.414223558428,0,5.1541565723434815,5856.260066986084,878,-34.77417529379526,9000,GeoWatch,44.54148538296474,6.584,7.69,10.1025,10.1627,0.0,14.170000076293944,-1.3332,SLDP,0.4206,GeoWatch,0.4594,0.7625,8.243996814618313,22,413.6900024414063,0.0,0.0
2022-02-01,6.869999885559082,6.75,6.900000095367432,6.349999904632568,6.869999885559082,1171100.0,7036.011036109926,0,1.1311532974259535,7034.8798828125,1024,-29.540889638900758,10000,"cash_0%_Buy 100% of cash (146 shares - DCA Strategy) Monthly invest 10.0% of total investment ($1,000.00)",35.204086266638214,6.506,7.5855,10.0118,10.1373,0.0,14.170000076293944,-0.7349,SLDP,0.4373,GeoWatch,0.4381,0.7493,8.367203621409018,25,416.3900146484375,0.0,0.0
2022-02-02,6.300000190734863,6.889999866485596,6.920000076293945,6.179999828338623,6.300000190734863,1872600.0,6452.331348609926,0,1.1311532974259535,6451.2001953125,1024,-35.37768651390076,10000,GeoWatch,35.62823285899944,6.408,7.4425,9.9272,10.1074,0.0,14.170000076293944,-0.7491,SLDP,0.4468,GeoWatch,0.4402,0.7466,10.014204980678443,25,420.3599853515625,0.0,0.0
2022-02-03,6.0,6.190000057220459,6.429999828338623,5.949999809265137,6.0,1595200.0,6145.131153297426,0,1.1311532974259535,6144.0,1024,-38.44968846702576,10000,GeoWatch,36.06272151843528,6.364,7.3295,9.823,10.0752,0.0,14.170000076293944,-0.9248,SLDP,0.4197,GeoWatch,0.4546,0.7472,5.960979808790242,25,410.5899963378906,0.0,0.0
2022-02-04,6.53000020980835,6.034999847412109,6.579999923706055,5.927000045776367,6.53000020980835,981400.0,6687.851368141176,0,1.1311532974259535,6686.72021484375,1024,-33.022486318588264,10000,GeoWatch,34.11131397374862,6.474,7.2405,9.7333,10.0473,0.0,14.170000076293944,-0.4318,SLDP,0.4246,GeoWatch,0.4416,0.7505,6.761665959418423,25,412.5199890136719,0.0,0.0
2022-02-05,6.53000020980835,6.034999847412109,6.579999923706055,5.927000045776367,6.53000020980835,981400.0,6687.851368141176,0,1.1311532974259535,6686.72021484375,1024,-33.022486318588264,10000,GeoWatch,34.11131397374862,6.474,7.2405,9.7333,10.0473,0.0,14.170000076293944,-0.4318,SLDP,0.4246,GeoWatch,0.4416,0.7505,6.761665959418423,25,412.5199890136719,0.0,0.0
2022-02-06,6.53000020980835,6.034999847412109,6.579999923706055,5.927000045776367,6.53000020980835,981400.0,6687.851368141176,0,1.1311532974259535,6686.72021484375,1024,-33.022486318588264,10000,GeoWatch,34.11131397374862,6.474,7.2405,9.7333,10.0473,0.0,14.170000076293944,-0.4318,SLDP,0.4246,GeoWatch,0.4416,0.7505,6.761665959418423,25,412.5199890136719,0.0,0.0
2022-02-07,6.380000114440918,6.619999885559082,6.840000152587891,6.320000171661377,6.380000114440918,1286500.0,6534.251270484926,0,1.1311532974259535,6533.1201171875,1024,-34.558487295150755,10000,GeoWatch,31.1711736790067,6.416,7.174,9.656,10.0185,0.0,14.170000076293944,-0.1547,SLDP,0.4229,GeoWatch,0.4386,0.7619,6.197455820324251,25,411.1600036621094,0.0,0.0
2022-02-08,7.019999980926514,6.289999961853027,7.059999942779541,6.21999979019165,7.019999980926514,1707200.0,7189.611133766176,0,1.1311532974259535,7188.47998046875,1024,-28.004888662338256,10000,GeoWatch,43.406595949801456,6.446,7.154,9.5847,9.9952,0.0,14.170000076293944,0.7088,SLDP,0.4303,GeoWatch,0.4299,0.7732,7.578950249629045,25,414.489990234375,0.0,0.0
2022-02-09,7.909999847412109,7.130000114440918,8.0600004196167,7.111999988555908,7.909999847412109,1901400.0,8100.970997047426,0,1.1311532974259535,8099.83984375,1024,-18.891290029525752,10000,GeoWatch,51.10759385033998,6.768,7.119,9.5168,9.9792,0.0,14.170000076293944,2.1223,SLDP,0.4619,GeoWatch,0.42,0.7846,10.101335717983147,25,420.5700073242188,0.0,0.0
2022-02-10,7.869999885559082,7.599999904632568,8.489999771118164,7.38100004196167,7.869999885559082,1899100.0,8060.011036109926,0,1.1311532974259535,8058.8798828125,1024,-19.300889638900752,10000,GeoWatch,52.01288243530026,7.142,7.114,9.4118,9.9628,0.0,14.170000076293944,2.9407,SLDP,0.4385,GeoWatch,0.4504,0.7948,7.0354782895097685,25,413.1799926757813,0.0,0.0
2022-02-11,7.409999847412109,7.820000171661377,8.149999618530273,7.260000228881836,7.409999847412109,1345500.0,7588.970997047426,0,1.1311532974259535,7587.83984375,1024,-24.011290029525757,10000,GeoWatch,53.5655042568588,7.318,7.1045,9.312,9.9426,0.0,14.170000076293944,2.9675,SLDP,0.4056,GeoWatch,0.4803,0.8076,3.616995854437974,25,404.9400024414063,0.0,0.0
2022-02-12,7.409999847412109,7.820000171661377,8.149999618530273,7.260000228881836,7.409999847412109,1345500.0,7588.970997047426,0,1.1311532974259535,7587.83984375,1024,-24.011290029525757,10000,GeoWatch,53.5655042568588,7.318,7.1045,9.312,9.9426,0.0,14.170000076293944,2.9675,SLDP,0.4056,GeoWatch,0.4803,0.8076,3.616995854437974,25,404.9400024414063,0.0,0.0
2022-02-13,7.409999847412109,7.820000171661377,8.149999618530273,7.260000228881836,7.409999847412109,1345500.0,7588.970997047426,0,1.1311532974259535,7587.83984375,1024,-24.011290029525757,10000,GeoWatch,53.5655042568588,7.318,7.1045,9.312,9.9426,0.0,14.170000076293944,2.9675,SLDP,0.4056,GeoWatch,0.4803,0.8076,3.616995854437974,25,404.9400024414063,0.0,0.0
2022-02-14,7.570000171661377,7.315000057220459,7.940000057220459,7.315000057220459,7.570000171661377,856200.0,7752.811329078676,0,1.1311532974259535,7751.68017578125,1024,-22.372886709213258,10000,GeoWatch,52.62267280686587,7.556,7.068,9.22,9.9235,0.0,14.170000076293944,3.0434,SLDP,0.4029,GeoWatch,0.4868,0.8301,3.0693711942552966,25,403.6199951171875,0.0,0.0
2022-02-15,8.199999809265137,7.869999885559082,8.229999542236328,7.756999969482422,8.199999809265137,1195800.0,8397.930957984925,0,1.1311532974259535,8396.7998046875,1024,-15.921690420150767,10000,GeoWatch,61.61449685585973,7.792,7.0545,9.1447,9.9098,0.0,14.170000076293944,3.5456,SLDP,0.4291,GeoWatch,0.4658,0.8409,5.757700076421159,25,410.1000061035156,0.0,0.0
2022-02-16,8.479999542236328,7.98799991607666,8.550000190734863,7.986000061035156,8.479999542236328,793300.0,8684.650684547425,0,1.1311532974259535,8683.51953125,1024,-13.05449315452577,10000,GeoWatch,69.55017338147795,7.906,7.0915,9.062,9.8982,0.0,14.170000076293944,3.9611,SLDP,0.4407,GeoWatch,0.4532,0.8575,5.960979808790242,25,410.5899963378906,0.0,0.0
2022-02-17,7.920000076293945,8.265000343322754,8.569999694824219,7.860000133514404,7.920000076293945,912500.0,8111.211231422426,0,1.1311532974259535,8110.080078125,1024,-18.788887685775755,10000,GeoWatch,65.90164254795243,7.916,7.099,8.9693,9.8817,0.0,14.170000076293944,3.5811,SLDP,0.4071,GeoWatch,0.4859,0.8835,2.33920498067846,25,401.8599853515625,0.0,0.0
2022-02-18,7.420000076293945,7.929999828338623,8.09000015258789,7.372000217437744,7.420000076293945,898200.0,7599.211231422426,0,1.1311532974259535,7598.080078125,1024,-23.90888768577576,10000,GeoWatch,56.345178852695696,7.918,7.089,8.8813,9.8608,0.0,14.170000076293944,2.7749,SLDP,0.409,GeoWatch,0.484,0.8981,1.273011900085649,25,399.2900085449219,0.0,0.0
2022-02-19,7.420000076293945,7.929999828338623,8.09000015258789,7.372000217437744,7.420000076293945,898200.0,7599.211231422426,0,1.1311532974259535,7598.080078125,1024,-23.90888768577576,10000,GeoWatch,56.345178852695696,7.918,7.089,8.8813,9.8608,0.0,14.170000076293944,2.7749,SLDP,0.409,GeoWatch,0.484,0.8981,1.273011900085649,25,399.2900085449219,0.0,0.0
2022-02-20,7.420000076293945,7.929999828338623,8.09000015258789,7.372000217437744,7.420000076293945,898200.0,7599.211231422426,0,1.1311532974259535,7598.080078125,1024,-23.90888768577576,10000,GeoWatch,56.345178852695696,7.918,7.089,8.8813,9.8608,0.0,14.170000076293944,2.7749,SLDP,0.409,GeoWatch,0.484,0.8981,1.273011900085649,25,399.2900085449219,0.0,0.0
2022-02-21,7.420000076293945,7.929999828338623,8.09000015258789,7.372000217437744,7.420000076293945,898200.0,7599.211231422426,0,1.1311532974259535,7598.080078125,1024,-23.90888768577576,10000,GeoWatch,56.345178852695696,7.918,7.089,8.8813,9.8608,0.0,14.170000076293944,2.7749,SLDP,0.409,GeoWatch,0.484,0.8981,1.273011900085649,25,399.2900085449219,0.0,0.0
2022-02-22,6.960000038146973,7.199999809265137,7.429999828338623,6.760000228881836,6.960000038146973,1311900.0,7128.171192359926,0,1.1311532974259535,7127.0400390625,1024,-28.61928807640076,10000,GeoWatch,50.72933683457056,7.796,7.088,8.7867,9.8362,0.0,14.170000076293944,1.7674,SLDP,0.3885,GeoWatch,0.4921,0.9133,-0.5399455336664545,25,394.9200134277344,0.0,0.0
2022-02-23,6.909999847412109,6.980000019073486,7.239999771118164,6.809999942779541,6.909999847412109,868100.0,7076.970997047426,0,1.1311532974259535,7075.83984375,1024,-29.131290029525758,10000,GeoWatch,55.398227414711975,7.538,7.0705,8.6987,9.8114,0.0,14.170000076293944,1.0248,SLDP,0.3637,GeoWatch,0.5084,0.9181,-3.489641306404522,25,387.80999755859375,0.0,0.0
2022-02-24,7.289999961853027,6.360000133514404,7.349999904632568,6.269999980926514,7.289999961853027,1195000.0,7466.091114234926,0,1.1311532974259535,7464.9599609375,1024,-25.240088857650754,10000,GeoWatch,61.25654506902072,7.3,7.0955,8.6115,9.7897,0.0,14.170000076293944,0.858,SLDP,0.3693,GeoWatch,0.5,0.923,-1.0170502567977877,25,393.7699890136719,0.0,0.0
2022-02-25,7.639999866485596,7.329999923706055,7.840000152587891,7.099999904632568,7.639999866485596,1322200.0,7824.491016578676,0,1.1311532974259535,7823.35986328125,1024,-21.656089834213255,10000,GeoWatch,59.99999828166767,7.244,7.1665,8.5407,9.7707,0.0,14.170000076293944,1.0363,SLDP,0.388,GeoWatch,0.4785,0.9152,2.55079011317423,25,402.3699951171875,0.0,0.0
2022-02-26,7.639999866485596,7.329999923706055,7.840000152587891,7.099999904632568,7.639999866485596,1322200.0,7824.491016578676,0,1.1311532974259535,7823.35986328125,1024,-21.656089834213255,10000,GeoWatch,59.99999828166767,7.244,7.1665,8.5407,9.7707,0.0,14.170000076293944,1.0363,SLDP,0.388,GeoWatch,0.4785,0.9152,2.55079011317423,25,402.3699951171875,0.0,0.0
2022-02-27,7.639999866485596,7.329999923706055,7.840000152587891,7.099999904632568,7.639999866485596,1322200.0,7824.491016578676,0,1.1311532974259535,7823.35986328125,1024,-21.656089834213255,10000,GeoWatch,59.99999828166767,7.244,7.1665,8.5407,9.7707,0.0,14.170000076293944,1.0363,SLDP,0.388,GeoWatch,0.4785,0.9152,2.55079011317423,25,402.3699951171875,0.0,0.0
2022-02-28,7.949999809265137,7.429999828338623,8.109999656677246,7.400000095367432,7.949999809265137,1202300.0,8141.930957984926,0,1.1311532974259535,8140.7998046875,1024,-18.481690420150755,10000,GeoWatch,63.747810390141375,7.35,7.265,8.4798,9.7538,0.0,14.170000076293944,1.3816,SLDP,0.3914,GeoWatch,0.5069,0.921,2.131772548246019,25,401.3599853515625,0.0,0.0
2022-03-01,7.409999847412109,7.900000095367432,7.949999809265137,7.28000020980835,7.409999847412109,820000.0,8587.978057067872,0,7.19823376465024,8580.779823303223,1158,-21.828472208473904,11000,"cash_0%_Buy 100% of cash (134 shares - DCA Strategy) Monthly invest 9.1% of total investment ($1,000.00)",53.47593514707708,7.44,7.302,8.4158,9.7323,0.0,14.170000076293944,1.0853,SLDP,0.3912,GeoWatch,0.5443,0.9293,-1.2231428762801784,27,395.3399963378906,0.0,0.0
2022-03-02,7.309999942779541,7.480000019073486,7.590000152587891,7.150000095367432,7.309999942779541,733000.0,8472.178167503358,0,7.19823376465024,8464.979933738708,1158,-22.881198477242215,11000,GeoWatch,43.77593358943384,7.52,7.324,8.3558,9.7098,0.0,14.170000076293944,0.7751,SLDP,0.4054,GeoWatch,0.5153,0.9359,1.7679811471573288,27,402.6000061035156,0.0,0.0
2022-03-03,7.159999847412109,7.519999980926514,7.519999980926514,6.860000133514404,7.159999847412109,1112400.0,8298.478057067872,0,7.19823376465024,8291.279823303223,1158,-24.460290390292084,11000,GeoWatch,42.79918730688333,7.494,7.367,8.2877,9.6862,0.0,14.170000076293944,0.427,SLDP,0.4072,GeoWatch,0.5151,0.9503,0.9357331002823202,27,400.5799865722656,0.0,0.0
2022-03-04,6.760000228881836,7.059999942779541,7.239999771118164,6.639999866485596,6.760000228881836,1433600.0,7835.2784988098165,0,7.19823376465024,7828.080265045166,1158,-28.67119546536532,11000,GeoWatch,43.32649115922174,7.318,7.405,8.2003,9.6594,0.0,14.170000076293944,-0.147,SLDP,0.4023,GeoWatch,0.5323,0.9831,-0.3991428762801803,27,397.3399963378906,0.0,0.0
2022-03-05,6.760000228881836,7.059999942779541,7.239999771118164,6.639999866485596,6.760000228881836,1433600.0,7835.2784988098165,0,7.19823376465024,7828.080265045166,1158,-28.67119546536532,11000,GeoWatch,43.32649115922174,7.318,7.405,8.2003,9.6594,0.0,14.170000076293944,-0.147,SLDP,0.4023,GeoWatch,0.5323,0.9831,-0.3991428762801803,27,397.3399963378906,0.0,0.0
2022-03-06,6.760000228881836,7.059999942779541,7.239999771118164,6.639999866485596,6.760000228881836,1433600.0,7835.2784988098165,0,7.19823376465024,7828.080265045166,1158,-28.67119546536532,11000,GeoWatch,43.32649115922174,7.318,7.405,8.2003,9.6594,0.0,14.170000076293944,-0.147,SLDP,0.4023,GeoWatch,0.5323,0.9831,-0.3991428762801803,27,397.3399963378906,0.0,0.0
2022-03-07,7.130000114440918,6.78000020980835,7.5,6.78000020980835,7.130000114440918,1935700.0,8263.738366287233,0,7.19823376465024,8256.540132522583,1158,-24.77610576102518,11000,GeoWatch,45.66928949083445,7.154,7.435,8.1023,9.6358,0.0,14.170000076293944,-0.1654,SLDP,0.3715,GeoWatch,0.5653,0.986,-5.231907402647359,27,385.6099853515625,0.0,0.0
2022-03-08,7.980000019073486,7.230000019073486,8.210000038146973,7.050000190734863,7.980000019073486,2225700.0,9248.038255851747,0,7.19823376465024,9240.840022087097,1158,-15.82792494680232,11000,GeoWatch,47.924529795716616,7.268,7.515,8.012,9.6193,0.0,14.170000076293944,0.5866,SLDP,0.3696,GeoWatch,0.551,0.9893,-6.430816338194219,27,382.7000122070313,0.0,0.0
2022-03-09,8.0,8.100000381469727,8.357999801635742,7.921000003814697,8.0,1649500.0,9271.19823376465,0,7.19823376465024,9264.0,1158,-15.617379693048662,11000,GeoWatch,45.23809884230728,7.406,7.564,7.9533,9.6027,0.0,14.170000076293944,1.0537,SLDP,0.3843,GeoWatch,0.5261,0.9944,-2.228423882139552,27,392.8999938964844,0.0,0.0
2022-03-10,8.0,8.229999542236328,8.479999542236328,7.909999847412109,8.0,1367000.0,9271.19823376465,0,7.19823376465024,9264.0,1158,-15.617379693048662,11000,GeoWatch,50.892856382593735,7.574,7.5685,7.927,9.5861,0.0,14.170000076293944,1.2991,SLDP,0.3749,GeoWatch,0.5043,0.9919,-2.9494238821395413,27,391.1499938964844,0.0,0.0
2022-03-11,7.710000038146973,8.09000015258789,8.145000457763672,7.480000019073486,7.710000038146973,1060500.0,8935.378277938844,0,7.19823376465024,8928.180044174194,1158,-18.670288382374167,11000,GeoWatch,53.39578449102039,7.764,7.5605,7.8885,9.5674,0.0,14.170000076293944,1.1474,SLDP,0.3683,GeoWatch,0.5091,0.9797,-5.00529985870206,27,386.1600036621094,0.0,0.0
2022-03-12,7.710000038146973,8.09000015258789,8.145000457763672,7.480000019073486,7.710000038146973,1060500.0,8935.378277938844,0,7.19823376465024,8928.180044174194,1158,-18.670288382374167,11000,GeoWatch,53.39578449102039,7.764,7.5605,7.8885,9.5674,0.0,14.170000076293944,1.1474,SLDP,0.3683,GeoWatch,0.5091,0.9797,-5.00529985870206,27,386.1600036621094,0.0,0.0
2022-03-13,7.710000038146973,8.09000015258789,8.145000457763672,7.480000019073486,7.710000038146973,1060500.0,8935.378277938844,0,7.19823376465024,8928.180044174194,1158,-18.670288382374167,11000,GeoWatch,53.39578449102039,7.764,7.5605,7.8885,9.5674,0.0,14.170000076293944,1.1474,SLDP,0.3683,GeoWatch,0.5091,0.9797,-5.00529985870206,27,386.1600036621094,0.0,0.0
2022-03-14,7.510000228881836,7.650000095367432,7.96999979019165,7.420000076293945,7.510000228881836,972000.0,8703.778498809816,0,7.19823376465024,8696.580265045166,1158,-20.77574091991079,11000,GeoWatch,56.85785897936853,7.84,7.5655,7.8523,9.5466,0.0,14.170000076293944,0.8304,SLDP,0.3515,GeoWatch,0.5098,0.944,-6.167142876280174,27,383.3399963378906,0.0,0.0
2022-03-15,7.989999771118164,7.409999847412109,8.180000305175781,7.409999847412109,7.989999771118164,1110500.0,9259.617968719484,0,7.19823376465024,9252.419734954834,1158,-15.72265482982289,11000,GeoWatch,62.16216506475107,7.842,7.5865,7.8237,9.5299,0.0,14.170000076293944,0.9962,SLDP,0.3725,GeoWatch,0.4976,0.8695,-2.70222136749112,27,391.75,0.0,0.0
2022-03-16,8.390000343322754,7.96999979019165,8.430000305175781,7.949999809265137,8.390000343322754,1648000.0,9722.818631332399,0,7.19823376465024,9715.620397567749,1158,-11.51173971516003,11000,GeoWatch,62.33184537301075,7.92,7.596,7.8108,9.516,0.0,14.170000076293944,1.3788,SLDP,0.386,GeoWatch,0.4704,0.8012,0.9069026559463964,27,400.510009765625,0.0,0.0
2022-03-17,8.550000190734863,8.350000381469727,8.829999923706055,8.199999809265137,8.550000190734863,1618600.0,9908.098454635621,0,7.19823376465024,9900.900220870972,1158,-9.827377685130735,11000,GeoWatch,60.655743929230646,8.03,7.5995,7.8067,9.5027,0.0,14.170000076293944,1.6678,SLDP,0.3893,GeoWatch,0.4581,0.7932,2.9257001412979378,27,405.4100036621094,0.0,0.0
2022-03-18,8.630000114440918,8.40999984741211,9.029999732971191,8.350000381469727,8.630000114440918,8522600.0,10000.738366287233,0,7.19823376465024,9993.540132522583,1158,-8.98519667011608,11000,GeoWatch,58.41584742717963,8.214,7.635,7.8003,9.4904,0.0,14.170000076293944,1.8119,SLDP,0.4014,GeoWatch,0.4483,0.7828,4.771464667665143,27,409.8900146484375,0.0,0.0
2022-03-19,8.630000114440918,8.40999984741211,9.029999732971191,8.350000381469727,8.630000114440918,8522600.0,10000.738366287233,0,7.19823376465024,9993.540132522583,1158,-8.98519667011608,11000,GeoWatch,58.41584742717963,8.214,7.635,7.8003,9.4904,0.0,14.170000076293944,1.8119,SLDP,0.4014,GeoWatch,0.4483,0.7828,4.771464667665143,27,409.8900146484375,0.0,0.0
2022-03-20,8.630000114440918,8.40999984741211,9.029999732971191,8.350000381469727,8.630000114440918,8522600.0,10000.738366287233,0,7.19823376465024,9993.540132522583,1158,-8.98519667011608,11000,GeoWatch,58.41584742717963,8.214,7.635,7.8003,9.4904,0.0,14.170000076293944,1.8119,SLDP,0.4014,GeoWatch,0.4483,0.7828,4.771464667665143,27,409.8900146484375,0.0,0.0
2022-03-21,8.800000190734863,8.729999542236328,8.859999656677246,8.449999809265137,8.800000190734863,1755800.0,10197.598454635621,0,7.19823376465024,10190.400220870972,1158,-7.195559503312554,11000,GeoWatch,68.93733890501012,8.472,7.704,7.7775,9.4801,0.0,14.170000076293944,1.924,SLDP,0.3942,GeoWatch,0.4402,0.818,4.779700141297937,27,409.9100036621094,0.0,0.0
2022-03-22,8.34000015258789,8.829999923706055,9.010000228881836,8.194999694824219,8.34000015258789,2117900.0,9664.918410461427,0,7.19823376465024,9657.720176696777,1158,-12.038105359441587,11000,GeoWatch,62.779161289429446,8.542,7.773,7.7388,9.4662,0.0,14.170000076293944,1.5114,SLDP,0.4028,GeoWatch,0.4363,0.8475,6.740824164735443,27,414.6700134277344,0.0,0.0
2022-03-23,9.079999923706056,8.34000015258789,9.40999984741211,8.329999923706055,9.079999923706056,3191800.0,10521.838145416263,0,7.19823376465024,10514.639911651613,1158,-4.2479259507612666,11000,GeoWatch,70.77922640894062,8.68,7.8815,7.7207,9.4582,0.0,14.170000076293944,1.7299,SLDP,0.393,GeoWatch,0.4421,0.8876,4.54073310028231,27,409.3299865722656,0.0,0.0
2022-03-24,9.40999984741211,9.399999618530272,9.880000114440918,9.029999732971191,9.40999984741211,2756100.0,10903.978057067872,0,7.19823376465024,10896.779823303223,1158,-0.7739267539284556,11000,GeoWatch,79.12087981186413,8.852,7.9875,7.7218,9.4523,0.0,14.170000076293944,1.9927,SLDP,0.4024,GeoWatch,0.4267,0.9051,7.039102106141712,27,414.0199890136719,1.374,0.0
2022-03-25,9.170000076293944,9.390000343322754,9.529999732971191,8.899999618530273,9.170000076293944,1372400.0,10626.058322113036,0,7.19823376465024,10618.860088348387,1158,-3.3004697989724163,11000,GeoWatch,73.0769272262204,8.96,8.064,7.7257,9.4434,0.0,14.170000076293944,1.8314,SLDP,0.3981,GeoWatch,0.4137,0.9177,7.904304620790157,27,416.1199951171875,0.0,0.0
2022-03-26,9.170000076293944,9.390000343322754,9.529999732971191,8.899999618530273,9.170000076293944,1372400.0,10626.058322113036,0,7.19823376465024,10618.860088348387,1158,-3.3004697989724163,11000,GeoWatch,73.0769272262204,8.96,8.064,7.7257,9.4434,0.0,14.170000076293944,1.8314,SLDP,0.3981,GeoWatch,0.4137,0.9177,7.904304620790157,27,416.1199951171875,0.0,0.0
2022-03-27,9.170000076293944,9.390000343322754,9.529999732971191,8.899999618530273,9.170000076293944,1372400.0,10626.058322113036,0,7.19823376465024,10618.860088348387,1158,-3.3004697989724163,11000,GeoWatch,73.0769272262204,8.96,8.064,7.7257,9.4434,0.0,14.170000076293944,1.8314,SLDP,0.3981,GeoWatch,0.4137,0.9177,7.904304620790157,27,416.1199951171875,0.0,0.0
2022-03-28,8.880000114440918,9.25,9.479999542236328,8.800000190734863,8.880000114440918,1622600.0,10290.238366287233,0,7.19823376465024,10283.040132522583,1158,-6.353378488297901,11000,GeoWatch,61.65803480047264,8.976,8.1105,7.723,9.4323,0.0,14.170000076293944,1.3822,SLDP,0.4053,GeoWatch,0.4051,0.8833,9.086742609071393,27,418.989990234375,0.0,0.0
2022-03-29,9.109999656677246,9.06999969482422,9.270000457763672,8.680000305175781,9.109999656677246,1649700.0,10556.5778361969,0,7.19823376465024,10549.379602432251,1158,-3.9321105800281924,11000,GeoWatch,63.63636363636363,9.13,8.1955,7.7292,9.423,0.0,14.170000076293944,1.163,SLDP,0.4296,GeoWatch,0.407,0.8399,11.270350153016722,27,424.2900085449219,0.0,0.0
2022-03-30,8.779999732971191,9.109999656677246,9.15999984741211,8.720000267028809,8.779999732971191,4329000.0,10174.43792454529,0,7.19823376465024,10167.23969078064,1158,-7.406109776861025,11000,GeoWatch,58.863636018816,9.07,8.269,7.7262,9.4111,0.0,14.170000076293944,0.6836,SLDP,0.4196,GeoWatch,0.4111,0.8209,10.182664117860469,27,421.6499938964844,0.0,0.0
2022-03-31,8.670000076293945,8.75,8.84000015258789,8.479999542236328,8.670000076293945,1325100.0,10047.058322113038,0,7.19823376465024,10039.860088348389,1158,-8.564106162608764,11000,GeoWatch,61.37441245616656,8.922,8.3445,7.718,9.3998,0.0,14.170000076293944,0.2298,SLDP,0.4045,GeoWatch,0.4206,0.7859,7.512912164735468,27,415.1700134277344,0.0,0.0
2022-04-01,8.84000015258789,8.739999771118164,9.0,8.59000015258789,8.84000015258789,996500.0,11242.919490444185,0,7.279296504976287,11235.640193939209,1271,-6.2100042462984835,12000,"cash_0%_Buy 100% of cash (113 shares - DCA Strategy) Monthly invest 8.3% of total investment ($1,000.00)",65.87112600977983,8.856,8.4485,7.7277,9.3898,0.0,14.170000076293944,0.0213,SLDP,0.4159,GeoWatch,0.4147,0.7394,7.029507133965467,31,416.3200073242188,0.0,0.0
2022-04-02,8.84000015258789,8.739999771118164,9.0,8.59000015258789,8.84000015258789,996500.0,11242.919490444185,0,7.279296504976287,11235.640193939209,1271,-6.2100042462984835,12000,GeoWatch,65.87112600977983,8.856,8.4485,7.7277,9.3898,0.0,14.170000076293944,0.0213,SLDP,0.4159,GeoWatch,0.4147,0.7394,7.029507133965467,31,416.3200073242188,0.0,0.0
2022-04-03,8.84000015258789,8.739999771118164,9.0,8.59000015258789,8.84000015258789,996500.0,11242.919490444185,0,7.279296504976287,11235.640193939209,1271,-6.2100042462984835,12000,GeoWatch,65.87112600977983,8.856,8.4485,7.7277,9.3898,0.0,14.170000076293944,0.0213,SLDP,0.4159,GeoWatch,0.4147,0.7394,7.029507133965467,31,416.3200073242188,0.0,0.0
2022-04-04,9.859999656677246,8.859999656677246,9.90999984741211,8.760000228881836,9.859999656677246,3094700.0,12539.338860141756,0,7.279296504976287,12532.05956363678,1271,4.593490501181274,12000,GeoWatch,69.76744654936132,9.052,8.585,7.7535,9.3887,0.0,14.170000076293944,0.5908,SLDP,0.4289,GeoWatch,0.407,0.7363,8.483309262807452,31,419.8500061035156,0.0,0.0
2022-04-05,9.75,9.880000114440918,9.989999771118164,9.4399995803833,9.75,1326200.0,12399.529296504976,0,7.279296504976287,12392.25,1271,3.428410804208104,12000,GeoWatch,65.31531947569364,9.18,8.6735,7.7875,9.3861,0.0,14.170000076293944,0.7834,SLDP,0.4063,GeoWatch,0.4252,0.7343,6.34584773101777,31,414.6600036621094,0.0,0.0
2022-04-06,9.4399995803833,9.34000015258789,9.56999969482422,8.9399995803833,9.4399995803833,1770600.0,12005.518763172151,0,7.279296504976287,11998.239466667175,1271,0.14498969310123844,12000,GeoWatch,59.69498616444509,9.312,8.7455,7.8212,9.3807,0.0,14.170000076293944,0.5948,SLDP,0.3968,GeoWatch,0.4303,0.7002,4.616105861543062,31,410.4599914550781,0.0,0.0
2022-04-07,9.020000457763672,9.270000457763672,9.5,8.600000381469727,9.020000457763672,1567400.0,11471.699878322603,0,7.279296504976287,11464.420581817627,1271,-4.3035010139783285,12000,Neutral,53.95538078610273,9.382,8.7965,7.828,9.3719,0.0,14.170000076293944,0.106,SLDP,0.3913,Neutral,0.4236,0.6884,5.468622035859454,31,412.5299987792969,0.0,0.0
2022-04-08,8.960000038146973,9.020000457763672,9.039999961853027,8.699999809265137,8.960000038146973,853200.0,11395.439344989778,0,7.279296504976287,11388.160048484802,1271,-4.939005458418533,12000,Neutral,51.65975021635754,9.406,8.859,7.8445,9.3626,0.0,14.170000076293944,-0.2896,SLDP,0.3857,Neutral,0.4178,0.6975,5.056779930596306,31,411.5299987792969,0.0,0.0
2022-04-09,8.960000038146973,9.020000457763672,9.039999961853027,8.699999809265137,8.960000038146973,853200.0,11395.439344989778,0,7.279296504976287,11388.160048484802,1271,-4.939005458418533,12000,Neutral,51.65975021635754,9.406,8.859,7.8445,9.3626,0.0,14.170000076293944,-0.2896,SLDP,0.3857,Neutral,0.4178,0.6975,5.056779930596306,31,411.5299987792969,0.0,0.0
2022-04-10,8.960000038146973,9.020000457763672,9.039999961853027,8.699999809265137,8.960000038146973,853200.0,11395.439344989778,0,7.279296504976287,11388.160048484802,1271,-4.939005458418533,12000,Neutral,51.65975021635754,9.406,8.859,7.8445,9.3626,0.0,14.170000076293944,-0.2896,SLDP,0.3857,Neutral,0.4178,0.6975,5.056779930596306,31,411.5299987792969,0.0,0.0
2022-04-11,8.800000190734863,8.65999984741211,8.979999542236328,8.5,8.800000190734863,732300.0,11192.079538928987,0,7.279296504976287,11184.800242424011,1271,-6.633670508925126,12000,Neutral,55.088498702727954,9.194,8.9235,7.8645,9.3518,0.0,14.170000076293944,-0.6762,SLDP,0.3605,Neutral,0.4396,0.683,2.1203437091221957,31,404.3999938964844,0.0,0.0
2022-04-12,8.75,8.890000343322754,9.194000244140623,8.6899995803833,8.75,986300.0,11128.529296504976,0,7.279296504976287,11121.25,1271,-7.16325586245855,12000,GeoWatch,45.69190476996764,8.994,8.9615,7.872,9.341,0.0,14.170000076293944,-0.9578,SLDP,0.3702,GeoWatch,0.4456,0.7097,1.5108254371238417,31,402.9200134277344,0.0,0.0
2022-04-13,9.199999809265137,8.949999809265137,9.34000015258789,8.800000190734863,9.199999809265137,1087600.0,11700.479054080964,0,7.279296504976287,11693.199757575989,1271,-2.3970078826586416,12000,GeoWatch,47.34177025707935,8.946,9.002,7.8842,9.3328,0.0,14.170000076293944,-0.8009,SLDP,0.3855,GeoWatch,0.4292,0.76,3.384701988701778,31,407.4700012207031,0.0,0.0
2022-04-14,8.890000343322754,9.25,9.260000228881836,8.760000228881836,8.890000343322754,700200.0,11306.469732868196,0,7.279296504976287,11299.19043636322,1271,-5.680418892765049,12000,GeoWatch,46.51741417459796,8.92,9.019,7.9033,9.3214,0.0,14.170000076293944,-0.9168,SLDP,0.3678,GeoWatch,0.4285,0.8014,1.3460785402796773,31,402.5199890136719,0.0,0.0
2022-04-15,8.890000343322754,9.25,9.260000228881836,8.760000228881836,8.890000343322754,700200.0,11306.469732868196,0,7.279296504976287,11299.19043636322,1271,-5.680418892765049,12000,GeoWatch,46.51741417459796,8.92,9.019,7.9033,9.3214,0.0,14.170000076293944,-0.9168,SLDP,0.3678,GeoWatch,0.4285,0.8014,1.3460785402796773,31,402.5199890136719,0.0,0.0
2022-04-16,8.890000343322754,9.25,9.260000228881836,8.760000228881836,8.890000343322754,700200.0,11306.469732868196,0,7.279296504976287,11299.19043636322,1271,-5.680418892765049,12000,GeoWatch,46.51741417459796,8.92,9.019,7.9033,9.3214,0.0,14.170000076293944,-0.9168,SLDP,0.3678,GeoWatch,0.4285,0.8014,1.3460785402796773,31,402.5199890136719,0.0,0.0
2022-04-17,8.890000343322754,9.25,9.260000228881836,8.760000228881836,8.890000343322754,700200.0,11306.469732868196,0,7.279296504976287,11299.19043636322,1271,-5.680418892765049,12000,GeoWatch,46.51741417459796,8.92,9.019,7.9033,9.3214,0.0,14.170000076293944,-0.9168,SLDP,0.3678,GeoWatch,0.4285,0.8014,1.3460785402796773,31,402.5199890136719,0.0,0.0
2022-04-18,8.069999694824219,8.869999885559082,8.869999885559082,8.03499984741211,8.069999694824219,1440700.0,10264.248908626558,0,7.279296504976287,10256.969612121582,1271,-14.36559242811204,12000,GeoWatch,41.09889312953899,8.742,8.991,7.9083,9.3018,0.0,14.170000076293944,-1.5621,SLDP,0.3671,GeoWatch,0.4236,0.8638,1.3749105040697742,31,402.5899963378906,0.0,0.0
2022-04-19,8.25,8.149999618530273,8.369999885559082,7.964000225067139,8.25,958400.0,10493.029296504976,0,7.279296504976287,10485.75,1271,-12.459089195791883,12000,GeoWatch,40.44444623405589,8.632,8.9635,7.9188,9.2811,0.0,14.170000076293944,-1.7893,SLDP,0.3848,GeoWatch,0.4193,0.8484,4.023052224490215,31,409.0199890136719,0.0,0.0
2022-04-20,8.359999656677246,8.279999732971191,8.425000190734863,8.09000015258789,8.359999656677246,819200.0,10632.838860141756,0,7.279296504976287,10625.55956363678,1271,-11.294009498818724,12000,GeoWatch,45.09345565324036,8.554,8.9645,7.9418,9.2624,0.0,14.170000076293944,-1.7855,SLDP,0.3917,GeoWatch,0.4135,0.8263,3.8953821773325217,31,408.7099914550781,0.0,0.0
2022-04-21,8.0600004196167,8.5,8.6899995803833,7.945000171661377,8.0600004196167,1036800.0,10251.5398298378,0,7.279296504976287,10244.260533332825,1271,-14.47150141801835,12000,GeoWatch,43.17673511718144,8.326,8.9135,7.9552,9.2381,0.0,14.170000076293944,-1.9344,SLDP,0.3648,GeoWatch,0.4277,0.8056,1.3996200249116697,31,402.6499938964844,0.0,0.0
2022-04-22,7.929999828338623,7.960000038146973,8.289999961853027,7.78000020980835,7.929999828338623,819500.0,10086.309078323366,0,7.279296504976287,10079.02978181839,1271,-15.8484243473053,12000,GeoWatch,39.72911337005447,8.134,8.8395,7.9742,9.2024,0.0,14.170000076293944,-2.0449,SLDP,0.3275,GeoWatch,0.4706,0.7768,-3.126520690034873,31,391.6600036621094,0.0,0.0
2022-04-23,7.929999828338623,7.960000038146973,8.289999961853027,7.78000020980835,7.929999828338623,819500.0,10086.309078323366,0,7.279296504976287,10079.02978181839,1271,-15.8484243473053,12000,GeoWatch,39.72911337005447,8.134,8.8395,7.9742,9.2024,0.0,14.170000076293944,-2.0449,SLDP,0.3275,GeoWatch,0.4706,0.7768,-3.126520690034873,31,391.6600036621094,0.0,0.0
2022-04-24,7.929999828338623,7.960000038146973,8.289999961853027,7.78000020980835,7.929999828338623,819500.0,10086.309078323366,0,7.279296504976287,10079.02978181839,1271,-15.8484243473053,12000,GeoWatch,39.72911337005447,8.134,8.8395,7.9742,9.2024,0.0,14.170000076293944,-2.0449,SLDP,0.3275,GeoWatch,0.4706,0.7768,-3.126520690034873,31,391.6600036621094,0.0,0.0
2022-04-25,8.319999694824219,7.809999942779541,8.329999923706055,7.769999980926514,8.319999694824219,862900.0,10581.998908626558,0,7.279296504976287,10574.719612121582,1271,-11.717675761445367,12000,GeoWatch,29.73683853889034,8.184,8.797,8.0092,9.1643,0.0,14.170000076293944,-1.7297,SLDP,0.3485,GeoWatch,0.4671,0.7198,-2.2451851203519624,31,393.7999877929688,0.0,0.0
2022-04-26,7.909999847412109,8.25,8.350000381469727,7.789999961853027,7.909999847412109,864100.0,10060.889102565767,0,7.279296504976287,10053.609806060791,1271,-16.060257478618635,12000,GeoWatch,27.56097061729021,8.116,8.7485,8.0413,9.1243,0.0,14.170000076293944,-1.7611,SLDP,0.3244,GeoWatch,0.5236,0.7036,-6.882518679087092,31,382.5400085449219,0.0,0.0
2022-04-27,8.170000076293945,7.900000095367432,8.25,7.860000133514404,8.170000076293945,783400.0,10391.34939347458,0,7.279296504976287,10384.070096969604,1271,-13.306421721045181,12000,Neutral,34.32099082306112,8.078,8.7015,8.0663,9.0844,0.0,14.170000076293944,-1.498,SLDP,0.3366,Neutral,0.5044,0.6852,-6.474799016772124,31,383.5299987792969,0.0,0.0
2022-04-28,8.390000343322754,8.329999923706055,8.479999542236328,7.954999923706055,8.390000343322754,737100.0,10670.969732868196,0,7.279296504976287,10663.69043636322,1271,-10.976252226098381,12000,Neutral,41.818181142615664,8.144,8.682,8.0917,9.0518,9.6339,14.170000076293944,-1.0884,SLDP,0.3429,Neutral,0.4878,0.6828,-2.5169898496128837,31,393.1400146484375,0.0,0.0
2022-04-29,8.119999885559082,8.220000267028809,8.579999923706055,8.09000015258789,8.119999885559082,789900.0,10327.799151050569,0,7.279296504976287,10320.519854545593,1271,-13.836007074578605,12000,Neutral,39.655171603809904,8.182,8.6545,8.122,9.0246,9.626,14.170000076293944,-0.9796,SLDP,0.3074,Neutral,0.5147,0.693,-8.463990855086756,31,378.7000122070313,0.0,0.0
2022-04-30,8.119999885559082,8.220000267028809,8.579999923706055,8.09000015258789,8.119999885559082,789900.0,10327.799151050569,0,7.279296504976287,10320.519854545593,1271,-13.836007074578605,12000,Neutral,39.655171603809904,8.182,8.6545,8.122,9.0246,9.626,14.170000076293944,-0.9796,SLDP,0.3074,Neutral,0.5147,0.693,-8.463990855086756,31,378.7000122070313,0.0,0.0
2022-05-01,8.119999885559082,8.220000267028809,8.579999923706055,8.09000015258789,8.119999885559082,789900.0,11326.800391064646,0,7.520550595285499,11319.27984046936,1394,-12.77176622257966,13000,"cash_0%_Buy 100% of cash (123 shares - DCA Strategy) Monthly invest 7.7% of total investment ($1,000.00)",39.655171603809904,8.182,8.6545,8.122,9.0246,9.626,14.170000076293944,-0.9796,SLDP,0.3074,Neutral,0.5147,0.693,-9.193937643652703,33,378.7000122070313,0.0,0.0
2022-05-02,8.149999618530273,8.010000228881836,8.199999809265137,7.849999904632568,8.149999618530273,949000.0,11368.620018826487,0,7.520550595285499,11361.099468231201,1394,-12.450076778257813,13000,GeoWatch,41.73027326043024,8.148,8.62,8.1578,8.9904,9.6183,14.170000076293944,-0.8344,SLDP,0.3281,GeoWatch,0.5098,0.7067,-8.220311766965935,33,381.0799865722656,0.0,0.0
2022-05-03,8.260000228881836,8.149999618530273,8.369999885559082,8.0,8.260000228881836,837500.0,11521.960869656565,0,7.520550595285499,11514.44031906128,1394,-11.270531771872594,13000,Neutral,43.85965310640828,8.218,8.54,8.1867,8.96,9.6122,14.170000076293944,-0.6101,SLDP,0.3577,Neutral,0.4952,0.6952,-7.545301779394919,33,382.7300109863281,0.0,0.0
2022-05-04,8.270000457763672,8.140000343322754,8.305000305175781,7.735000133514404,8.270000457763672,1095400.0,11535.901188717844,0,7.520550595285499,11528.380638122559,1394,-11.163298548324295,13000,Neutral,36.90142180705912,8.238,8.466,8.2182,8.9371,9.606,14.170000076293944,-0.423,SLDP,0.3798,Neutral,0.4641,0.6978,-2.795762317392068,33,394.3399963378906,0.0,0.0
2022-05-05,7.840000152587891,8.081999778747559,8.125,7.630000114440918,7.840000152587891,752300.0,10936.480763302805,0,7.520550595285499,10928.96021270752,1394,-15.774224897670752,13000,GeoWatch,35.69482802169075,8.128,8.386,8.2318,8.9083,9.5981,14.170000076293944,-0.6081,SLDP,0.3265,GeoWatch,0.4993,0.7021,-8.46167390519392,33,380.489990234375,0.0,0.0
2022-05-06,7.460000038146973,7.809999942779541,7.809999942779541,7.230000019073486,7.460000038146973,848000.0,10406.760603772165,0,7.520550595285499,10399.24005317688,1394,-19.848995355598742,13000,GeoWatch,40.5572850941657,7.996,8.308,8.2243,8.8706,9.5886,14.170000076293944,-0.9835,SLDP,0.3197,GeoWatch,0.4889,0.7142,-9.439394686000036,33,378.1000061035156,0.0,0.0
2022-05-07,7.460000038146973,7.809999942779541,7.809999942779541,7.230000019073486,7.460000038146973,848000.0,10406.760603772165,0,7.520550595285499,10399.24005317688,1394,-19.848995355598742,13000,GeoWatch,40.5572850941657,7.996,8.308,8.2243,8.8706,9.5886,14.170000076293944,-0.9835,SLDP,0.3197,GeoWatch,0.4889,0.7142,-9.439394686000036,33,378.1000061035156,0.0,0.0
2022-05-08,7.460000038146973,7.809999942779541,7.809999942779541,7.230000019073486,7.460000038146973,848000.0,10406.760603772165,0,7.520550595285499,10399.24005317688,1394,-19.848995355598742,13000,GeoWatch,40.5572850941657,7.996,8.308,8.2243,8.8706,9.5886,14.170000076293944,-0.9835,SLDP,0.3197,GeoWatch,0.4889,0.7142,-9.439394686000036,33,378.1000061035156,0.0,0.0
2022-05-09,6.739999771118164,7.309999942779541,7.309999942779541,6.699999809265137,6.739999771118164,1370500.0,9403.080231534006,0,7.520550595285499,9395.55968093872,1394,-27.569613603584585,13000,Neutral,29.97347926315659,7.714,8.197,8.2055,8.8087,9.5759,14.170000076293944,-1.7402,SLDP,0.2944,Neutral,0.5266,0.6973,-14.430308770694644,33,365.8999938964844,0.0,0.0
2022-05-10,6.230000019073486,6.949999809265137,7.079999923706055,6.090000152587891,6.230000019073486,2201800.0,8692.140577183725,0,7.520550595285499,8684.62002658844,1394,-33.03838017550982,13000,Neutral,24.46044522852556,7.308,8.0685,8.1858,8.7489,9.561,14.170000076293944,-2.5553,SLDP,0.3145,Neutral,0.5223,0.6678,-14.045762317392075,33,366.8399963378906,0.0,0.0
2022-05-11,6.590000152587891,6.239999771118164,7.090000152587891,6.059999942779541,6.590000152587891,1741000.0,9193.980763302805,0,7.520550595285499,9186.46021270752,1394,-29.17807105151691,13000,Neutral,32.624120190852,6.972,7.9605,8.1695,8.6948,9.5481,14.170000076293944,-2.6461,SLDP,0.3154,Neutral,0.5234,0.6611,-16.463491088254976,33,360.9299926757813,0.0,0.0
2022-05-12,7.260000228881836,6.5,7.510000228881836,6.361000061035156,7.260000228881836,1773500.0,10127.960869656565,0,7.520550595285499,10120.44031906128,1394,-21.99360869494952,13000,Neutral,42.97694618210034,6.856,7.8635,8.1538,8.6493,9.5379,14.170000076293944,-1.9832,SLDP,0.3283,Neutral,0.5244,0.6426,-16.578036043421918,33,360.6499938964844,0.0,0.0
2022-05-13,7.800000190734863,7.510000228881836,8.0600004196167,7.432000160217285,7.800000190734863,1896300.0,10880.720816479685,0,7.520550595285499,10873.2002658844,1394,-16.2031475655409,13000,Neutral,44.71545432483374,6.924,7.809,8.1425,8.6023,9.5301,14.170000076293944,-0.9747,SLDP,0.3424,Neutral,0.497,0.6318,-13.096668412029857,33,369.1600036621094,0.0,0.0
2022-05-14,7.800000190734863,7.510000228881836,8.0600004196167,7.432000160217285,7.800000190734863,1896300.0,10880.720816479685,0,7.520550595285499,10873.2002658844,1394,-16.2031475655409,13000,Neutral,44.71545432483374,6.924,7.809,8.1425,8.6023,9.5301,14.170000076293944,-0.9747,SLDP,0.3424,Neutral,0.497,0.6318,-13.096668412029857,33,369.1600036621094,0.0,0.0
2022-05-15,7.800000190734863,7.510000228881836,8.0600004196167,7.432000160217285,7.800000190734863,1896300.0,10880.720816479685,0,7.520550595285499,10873.2002658844,1394,-16.2031475655409,13000,Neutral,44.71545432483374,6.924,7.809,8.1425,8.6023,9.5301,14.170000076293944,-0.9747,SLDP,0.3424,Neutral,0.497,0.6318,-13.096668412029857,33,369.1600036621094,0.0,0.0
2022-05-16,7.690000057220459,7.78000020980835,8.170000076293945,7.448999881744385,7.690000057220459,1019100.0,10727.380630360605,0,7.520550595285499,10719.86007976532,1394,-17.38268745876459,13000,Neutral,47.61905105942946,7.114,7.79,8.1387,8.554,9.5218,14.170000076293944,-0.35,SLDP,0.3536,Neutral,0.4909,0.6557,-13.636671408301183,33,367.8399963378906,0.0,0.0
2022-05-17,8.420000076293945,7.880000114440918,8.460000038146973,7.800000190734863,8.420000076293945,1278500.0,11745.000656949045,0,7.520550595285499,11737.48010635376,1394,-9.554841100391975,13000,Neutral,52.45579468393298,7.552,7.7985,8.1553,8.5183,9.5164,14.170000076293944,0.7053,SLDP,0.3645,Neutral,0.4782,0.676,-10.62575582547089,33,375.2000122070313,0.0,0.0
2022-05-18,8.670000076293945,8.199999809265137,8.850000381469727,8.149999618530273,8.670000076293945,1309900.0,12093.500656949045,0,7.520550595285499,12085.98010635376,1394,-6.874071869622744,13000,Neutral,52.73437143478201,7.968,7.814,8.1838,8.4853,9.5109,14.170000076293944,1.561,SLDP,0.3348,Neutral,0.5192,0.6715,-16.70485322648298,33,360.3399963378906,0.0,0.0
2022-05-19,8.960000038146973,8.600000381469727,9.390000343322754,8.510000228881836,8.960000038146973,1484000.0,12497.760603772165,0,7.520550595285499,12490.24005317688,1394,-3.764379970983367,13000,Neutral,58.17120564812544,8.308,7.859,8.218,8.4583,9.5038,14.170000076293944,2.2676,SLDP,0.3371,Neutral,0.5081,0.6928,-17.690763815527745,33,357.92999267578125,0.0,0.0
2022-05-20,8.550000190734863,9.18000030517578,9.199999809265137,8.20300006866455,8.550000190734863,3341000.0,11926.220816479685,0,7.520550595285499,11918.7002658844,1394,-8.160839873233217,13000,GeoWatch,53.6231926623764,8.458,7.89,8.239,8.4253,9.4945,14.170000076293944,2.2798,SLDP,0.3417,GeoWatch,0.5114,0.7028,-17.6539471318452,33,358.0199890136719,0.0,0.0
2022-05-21,8.550000190734863,9.18000030517578,9.199999809265137,8.20300006866455,8.550000190734863,3341000.0,11926.220816479685,0,7.520550595285499,11918.7002658844,1394,-8.160839873233217,13000,GeoWatch,53.6231926623764,8.458,7.89,8.239,8.4253,9.4945,14.170000076293944,2.2798,SLDP,0.3417,GeoWatch,0.5114,0.7028,-17.6539471318452,33,358.0199890136719,0.0,0.0
2022-05-22,8.550000190734863,9.18000030517578,9.199999809265137,8.20300006866455,8.550000190734863,3341000.0,11926.220816479685,0,7.520550595285499,11918.7002658844,1394,-8.160839873233217,13000,GeoWatch,53.6231926623764,8.458,7.89,8.239,8.4253,9.4945,14.170000076293944,2.2798,SLDP,0.3417,GeoWatch,0.5114,0.7028,-17.6539471318452,33,358.0199890136719,0.0,0.0
2022-05-23,8.75,8.670000076293945,8.829999923706055,8.399999618530273,8.75,825900.0,12205.020550595285,0,7.520550595285499,12197.5,1394,-6.01622653388244,13000,GeoWatch,54.36719891094144,8.67,7.9115,8.2575,8.3991,9.4852,14.170000076293944,2.34,SLDP,0.3485,GeoWatch,0.5006,0.7004,-14.876216363468075,33,364.80999755859375,0.0,0.0
2022-05-24,8.600000381469727,8.619999885559082,9.010000228881836,8.520000457763672,8.600000381469727,1064400.0,11995.921082364084,0,7.520550595285499,11988.400531768799,1394,-7.6246839818147505,13000,GeoWatch,52.86956455396569,8.706,7.946,8.2683,8.3741,9.4692,14.170000076293944,2.1477,SLDP,0.3558,GeoWatch,0.5169,0.7076,-15.952127451891357,33,362.1799926757813,0.0,0.0
2022-05-25,8.600000381469727,8.640000343322754,8.772000312805176,8.390000343322754,8.600000381469727,676000.0,11995.921082364084,0,7.520550595285499,11988.400531768799,1394,-7.6246839818147505,13000,GeoWatch,57.142859703744286,8.692,7.9675,8.2882,8.352,9.4546,14.170000076293944,1.9212,SLDP,0.3635,GeoWatch,0.5091,0.7123,-14.716664916379997,33,365.2000122070313,0.0,0.0
2022-05-26,8.760000228881836,8.649999618530273,9.100000381469728,8.600000381469727,8.760000228881836,925600.0,12218.960869656565,0,7.520550595285499,12211.44031906128,1394,-5.908993310334132,13000,GeoWatch,62.74510133912718,8.652,7.986,8.3123,8.3341,9.4476,14.170000076293944,1.8037,SLDP,0.3729,GeoWatch,0.5008,0.7131,-11.746673405815365,33,372.4599914550781,0.0,0.0
2022-05-27,8.989999771118164,8.880000114440918,9.399999618530272,8.880000114440918,8.989999771118164,1506600.0,12539.580231534006,0,7.520550595285499,12532.05968093872,1394,-3.442690526661507,13000,GeoWatch,74.40347758161366,8.74,8.0295,8.3428,8.3153,9.4409,14.170000076293944,1.8069,SLDP,0.3913,GeoWatch,0.4873,0.7152,-7.92576581304192,33,381.7999877929688,0.0,0.0
2022-05-28,8.989999771118164,8.880000114440918,9.399999618530272,8.880000114440918,8.989999771118164,1506600.0,12539.580231534006,0,7.520550595285499,12532.05968093872,1394,-3.442690526661507,13000,GeoWatch,74.40347758161366,8.74,8.0295,8.3428,8.3153,9.4409,14.170000076293944,1.8069,SLDP,0.3913,GeoWatch,0.4873,0.7152,-7.92576581304192,33,381.7999877929688,0.0,0.0
2022-05-29,8.989999771118164,8.880000114440918,9.399999618530272,8.880000114440918,8.989999771118164,1506600.0,12539.580231534006,0,7.520550595285499,12532.05968093872,1394,-3.442690526661507,13000,GeoWatch,74.40347758161366,8.74,8.0295,8.3428,8.3153,9.4409,14.170000076293944,1.8069,SLDP,0.3913,GeoWatch,0.4873,0.7152,-7.92576581304192,33,381.7999877929688,0.0,0.0
2022-05-30,8.989999771118164,8.880000114440918,9.399999618530272,8.880000114440918,8.989999771118164,1506600.0,12539.580231534006,0,7.520550595285499,12532.05968093872,1394,-3.442690526661507,13000,GeoWatch,74.40347758161366,8.74,8.0295,8.3428,8.3153,9.4409,14.170000076293944,1.8069,SLDP,0.3913,GeoWatch,0.4873,0.7152,-7.92576581304192,33,381.7999877929688,0.0,0.0
2022-05-31,9.029999732971191,8.970000267028809,9.260000228881836,8.789999961853027,9.029999732971191,2881700.0,12595.340178357126,0,7.520550595285499,12587.81962776184,1394,-3.0137678587913497,13000,GeoWatch,83.81643054582781,8.796,8.0735,8.3807,8.2905,9.4341,14.170000076293944,1.7352,SLDP,0.3819,GeoWatch,0.4854,0.7185,-8.793036542800436,33,379.6799926757813,0.0,0.0
2022-06-01,8.479999542236328,9.06999969482422,9.350000381469728,8.460000038146973,8.479999542236328,1573300.0,12827.639272526743,0,5.879964665415059,12821.759307861328,1512,-8.275005196237561,14000,"cash_0%_Buy 100% of cash (118 shares - DCA Strategy) Monthly invest 7.1% of total investment ($1,000.00)",71.82447851291965,8.772,8.0845,8.4032,8.2528,9.4253,14.170000076293944,1.1778,SLDP,0.4025,GeoWatch,0.4927,0.7206,-10.794111367371386,36,376.5,0.0,0.0
2022-06-02,8.920000076293945,8.395000457763672,9.010000228881836,8.319999694824219,8.920000076293945,930200.0,13492.92008002186,0,5.879964665415059,13487.040115356445,1512,-3.5229994284152966,14000,GeoWatch,70.24390340347803,8.836,8.117,8.4188,8.2154,9.419,14.170000076293944,1.0847,SLDP,0.4244,GeoWatch,0.4866,0.7276,-7.879113855727745,36,383.6499938964844,0.0,0.0
2022-06-03,7.659999847412109,8.6899995803833,8.774999618530273,7.25,7.659999847412109,5095200.0,11587.799733952525,0,5.879964665415059,11581.91976928711,1512,-17.131001900339125,14000,GeoWatch,48.547714188933575,8.616,8.108,8.4132,8.1833,9.4068,14.170000076293944,0.0132,SLDP,0.4074,GeoWatch,0.4858,0.724,-10.410879602798047,36,377.4400024414063,0.0,0.0
2022-06-04,7.659999847412109,8.6899995803833,8.774999618530273,7.25,7.659999847412109,5095200.0,11587.799733952525,0,5.879964665415059,11581.91976928711,1512,-17.131001900339125,14000,GeoWatch,48.547714188933575,8.616,8.108,8.4132,8.1833,9.4068,14.170000076293944,0.0132,SLDP,0.4074,GeoWatch,0.4858,0.724,-10.410879602798047,36,377.4400024414063,0.0,0.0
2022-06-05,7.659999847412109,8.6899995803833,8.774999618530273,7.25,7.659999847412109,5095200.0,11587.799733952525,0,5.879964665415059,11581.91976928711,1512,-17.131001900339125,14000,GeoWatch,48.547714188933575,8.616,8.108,8.4132,8.1833,9.4068,14.170000076293944,0.0132,SLDP,0.4074,GeoWatch,0.4858,0.724,-10.410879602798047,36,377.4400024414063,0.0,0.0
2022-06-06,7.519999980926514,8.170000076293945,8.180000305175781,7.263999938964844,7.519999980926514,3537000.0,11376.119935826304,0,5.879964665415059,11370.239971160889,1512,-18.64300045838356,14000,GeoWatch,48.247421687107085,8.322,8.111,8.4052,8.1661,9.3943,14.170000076293944,-0.7866,SLDP,0.4004,GeoWatch,0.4847,0.7194,-9.990957023546265,36,378.4700012207031,0.0,0.0
2022-06-07,7.510000228881836,7.452000141143799,7.619999885559082,7.260000228881836,7.510000228881836,3077100.0,11361.000310734751,0,5.879964665415059,11355.120346069336,1512,-18.750997780466083,14000,GeoWatch,38.9830504560781,8.018,8.1495,8.4018,8.1452,9.3823,14.170000076293944,-1.2739,SLDP,0.422,GeoWatch,0.4839,0.7229,-8.482490508371974,36,382.1700134277344,0.0,0.0
2022-06-08,7.460000038146973,7.539999961853027,7.679999828338623,7.260000228881836,7.460000038146973,2163500.0,11285.400022343638,0,5.879964665415059,11279.520057678223,1512,-19.290999840402602,14000,GeoWatch,34.60559493877919,7.814,8.211,8.401,8.1267,9.3696,14.170000076293944,-1.5672,SLDP,0.4098,GeoWatch,0.4805,0.727,-10.186653810280035,36,377.989990234375,0.0,0.0
2022-06-09,7.050000190734863,7.480000019073486,7.480000019073486,6.909999847412109,7.050000190734863,2742500.0,10665.480253056528,0,5.879964665415059,10659.600288391113,1512,-23.718998192453387,14000,GeoWatch,26.41975052817084,7.44,8.234,8.3853,8.1045,9.355,14.170000076293944,-2.0084,SLDP,0.3883,GeoWatch,0.4969,0.7242,-13.811031955938091,36,369.1000061035156,0.0,0.0
2022-06-10,6.900000095367432,6.929999828338623,7.033999919891357,6.809999942779541,6.900000095367432,1457700.0,10438.680108860972,0,5.879964665415059,10432.800144195557,1512,-25.33899922242164,14000,GeoWatch,28.23218575766478,7.288,8.216,8.3605,8.0857,9.3402,14.170000076293944,-2.3162,SLDP,0.3627,GeoWatch,0.5064,0.7341,-18.226346615643614,36,358.2699890136719,0.0,0.0
2022-06-11,6.900000095367432,6.929999828338623,7.033999919891357,6.809999942779541,6.900000095367432,1457700.0,10438.680108860972,0,5.879964665415059,10432.800144195557,1512,-25.33899922242164,14000,GeoWatch,28.23218575766478,7.288,8.216,8.3605,8.0857,9.3402,14.170000076293944,-2.3162,SLDP,0.3627,GeoWatch,0.5064,0.7341,-18.226346615643614,36,358.2699890136719,0.0,0.0
2022-06-12,6.900000095367432,6.929999828338623,7.033999919891357,6.809999942779541,6.900000095367432,1457700.0,10438.680108860972,0,5.879964665415059,10432.800144195557,1512,-25.33899922242164,14000,GeoWatch,28.23218575766478,7.288,8.216,8.3605,8.0857,9.3402,14.170000076293944,-2.3162,SLDP,0.3627,GeoWatch,0.5064,0.7341,-18.226346615643614,36,358.2699890136719,0.0,0.0
2022-06-13,6.389999866485596,6.599999904632568,6.730000019073486,6.309999942779541,6.389999866485596,2457600.0,9667.559762791636,0,5.879964665415059,9661.67979812622,1512,-30.847001694345476,14000,GeoWatch,21.21950989745325,7.062,8.1455,8.3245,8.0656,9.3236,14.170000076293944,-2.8246,SLDP,0.3244,GeoWatch,0.5559,0.7233,-23.856576389531845,36,344.4599914550781,0.0,0.0
2022-06-14,6.309999942779541,6.440000057220459,6.510000228881836,6.130000114440918,6.309999942779541,2106700.0,9546.599878148081,0,5.879964665415059,9540.719913482666,1512,-31.711000870370864,14000,GeoWatch,21.588085366388995,6.822,8.0765,8.2858,8.0431,9.3069,14.170000076293944,-3.0814,SLDP,0.3384,GeoWatch,0.5527,0.7,-24.207185802091935,36,343.6000061035156,0.0,0.0
2022-06-15,6.389999866485596,6.360000133514404,6.474999904632568,6.25,6.389999866485596,1773000.0,9667.559762791636,0,5.879964665415059,9661.67979812622,1512,-30.847001694345476,14000,Neutral,23.114349839517036,6.608,7.975,8.2457,8.0116,9.2907,14.170000076293944,-3.0186,SLDP,0.356,Neutral,0.5301,0.6713,-22.201346615643615,36,348.5199890136719,0.0,0.0
2022-06-16,6.070000171661377,6.28000020980835,6.329999923706055,5.949999809265137,6.070000171661377,2085300.0,9183.720224217417,0,5.879964665415059,9177.840259552002,1512,-34.30299839844704,14000,Neutral,18.50117014945775,6.412,7.845,8.2078,7.9733,9.2735,14.170000076293944,-3.1015,SLDP,0.3182,Neutral,0.5491,0.6678,-26.86941607365143,36,337.07000732421875,0.0,0.0
2022-06-17,6.25,6.110000133514404,6.329999923706055,6.039999961853027,6.25,1895500.0,9455.879964665415,0,5.879964665415059,9450.0,1512,-32.35900025238991,14000,Neutral,17.535549789818774,6.282,7.7095,8.1607,7.9407,9.2571,14.170000076293944,-2.8208,SLDP,0.3339,Neutral,0.5401,0.6297,-26.510644852197096,36,337.95001220703125,0.0,0.0
2022-06-18,6.25,6.110000133514404,6.329999923706055,6.039999961853027,6.25,1895500.0,9455.879964665415,0,5.879964665415059,9450.0,1512,-32.35900025238991,14000,Neutral,17.535549789818774,6.282,7.7095,8.1607,7.9407,9.2571,14.170000076293944,-2.8208,SLDP,0.3339,Neutral,0.5401,0.6297,-26.510644852197096,36,337.95001220703125,0.0,0.0
2022-06-19,6.25,6.110000133514404,6.329999923706055,6.039999961853027,6.25,1895500.0,9455.879964665415,0,5.879964665415059,9450.0,1512,-32.35900025238991,14000,Neutral,17.535549789818774,6.282,7.7095,8.1607,7.9407,9.2571,14.170000076293944,-2.8208,SLDP,0.3339,Neutral,0.5401,0.6297,-26.510644852197096,36,337.95001220703125,0.0,0.0
2022-06-20,6.25,6.110000133514404,6.329999923706055,6.039999961853027,6.25,1895500.0,9455.879964665415,0,5.879964665415059,9450.0,1512,-32.35900025238991,14000,Neutral,17.535549789818774,6.282,7.7095,8.1607,7.9407,9.2571,14.170000076293944,-2.8208,SLDP,0.3339,Neutral,0.5401,0.6297,-26.510644852197096,36,337.95001220703125,0.0,0.0
2022-06-21,6.449999809265137,6.46999979019165,6.704999923706055,6.389999866485596,6.449999809265137,1135400.0,9758.279676274302,0,5.879964665415059,9752.399711608887,1512,-30.199002312326428,14000,Neutral,20.547946845940004,6.294,7.6045,8.1113,7.9166,9.2417,14.170000076293944,-2.2892,SLDP,0.3389,Neutral,0.5272,0.5985,-23.134953042176072,36,346.2300109863281,0.0,0.0
2022-06-22,6.409999847412109,6.309999942779541,6.590000152587891,6.300000190734863,6.409999847412109,1028100.0,9697.799733952525,0,5.879964665415059,9691.91976928711,1512,-30.63100190033913,14000,Neutral,23.25581710546776,6.314,7.4875,8.0653,7.8955,9.2262,14.170000076293944,-1.8369,SLDP,0.3651,Neutral,0.5295,0.5816,-23.432572905832913,36,345.5,0.0,0.0
2022-06-23,6.579999923706055,6.420000076293945,6.610000133514404,6.352000236511231,6.579999923706055,1258400.0,9954.83984930897,0,5.879964665415059,9948.959884643555,1512,-28.795001076364525,14000,Neutral,17.49999271498669,6.352,7.3865,8.027,7.875,9.2117,14.170000076293944,-1.2564,SLDP,0.3737,Neutral,0.5362,0.548,-21.95264783822475,36,349.1300048828125,0.0,0.0
2022-06-24,6.269999980926514,6.639999866485596,6.699999809265137,6.199999809265137,6.269999980926514,9444500.0,9486.119935826304,0,5.879964665415059,9480.239971160889,1512,-32.14300045838356,14000,Neutral,23.77357893034055,6.392,7.27,7.9797,7.8544,9.1962,14.170000076293944,-1.0709,SLDP,0.39,Neutral,0.5207,0.546,-17.52103444429447,36,360.0,0.0,0.0
2022-06-25,6.269999980926514,6.639999866485596,6.699999809265137,6.199999809265137,6.269999980926514,9444500.0,9486.119935826304,0,5.879964665415059,9480.239971160889,1512,-32.14300045838356,14000,Neutral,23.77357893034055,6.392,7.27,7.9797,7.8544,9.1962,14.170000076293944,-1.0709,SLDP,0.39,Neutral,0.5207,0.546,-17.52103444429447,36,360.0,0.0,0.0
2022-06-26,6.269999980926514,6.639999866485596,6.699999809265137,6.199999809265137,6.269999980926514,9444500.0,9486.119935826304,0,5.879964665415059,9480.239971160889,1512,-32.14300045838356,14000,Neutral,23.77357893034055,6.392,7.27,7.9797,7.8544,9.1962,14.170000076293944,-1.0709,SLDP,0.39,Neutral,0.5207,0.546,-17.52103444429447,36,360.0,0.0,0.0
2022-06-27,6.159999847412109,6.369999885559082,6.449999809265137,6.139999866485596,6.159999847412109,1656600.0,9319.799733952525,0,5.879964665415059,9313.91976928711,1512,-33.33100190033913,14000,Neutral,24.04579312142224,6.374,7.14,7.936,7.8311,9.1803,14.170000076293944,-0.9583,SLDP,0.3882,Neutral,0.5163,0.5484,-18.071421548035445,36,358.6499938964844,0.0,0.0
2022-06-28,5.75,6.190000057220459,6.269999980926514,5.715000152587891,5.75,1949000.0,8699.879964665415,0,5.879964665415059,8694.0,1512,-37.75900025238991,14000,Neutral,20.860918577989267,6.234,6.978,7.8873,7.8027,9.1625,14.170000076293944,-1.1897,SLDP,0.383,Neutral,0.5329,0.5545,-21.231036932650824,36,350.8999938964844,0.0,0.0
2022-06-29,5.480000019073486,5.769999980926514,5.78000020980835,5.300000190734863,5.480000019073486,2440800.0,8291.639993504527,0,5.879964665415059,8285.760028839111,1512,-40.675000046396256,14000,Neutral,19.444437494655816,6.048,6.8005,7.8313,7.7795,9.1438,14.170000076293944,-1.5032,SLDP,0.3926,Neutral,0.536,0.5589,-21.1609053953161,36,349.6400146484375,1.432,0.0
2022-06-30,5.380000114440918,5.400000095367432,5.5,5.28000020980835,5.380000114440918,1474200.0,8140.440137700083,0,5.879964665415059,8134.560173034668,1512,-41.754999016427995,14000,Neutral,21.50169887515229,5.808,6.6455,7.7567,7.7551,9.125,14.170000076293944,-1.6889,SLDP,0.3918,Neutral,0.5412,0.5501,-22.286140145917052,36,346.8800048828125,0.0,0.0
2022-07-01,5.510000228881836,5.369999885559082,5.559999942779541,5.329999923706055,5.510000228881836,1043900.0,9335.997490693095,0,2.057102967264541,9333.94038772583,1694,-37.66101672871272,15000,"cash_0%_Buy 100% of cash (182 shares - DCA Strategy) Monthly invest 6.7% of total investment ($1,000.00)",26.11683561617123,5.656,6.475,7.686,7.7368,9.1064,14.170000076293944,-1.5438,SLDP,0.4434,Neutral,0.5426,0.5437,-21.390447323942396,40,350.44000244140625,0.0,0.0
2022-07-02,5.510000228881836,5.369999885559082,5.559999942779541,5.329999923706055,5.510000228881836,1043900.0,9335.997490693095,0,2.057102967264541,9333.94038772583,1694,-37.66101672871272,15000,Neutral,26.11683561617123,5.656,6.475,7.686,7.7368,9.1064,14.170000076293944,-1.5438,SLDP,0.4434,Neutral,0.5426,0.5437,-21.390447323942396,40,350.44000244140625,0.0,0.0
2022-07-03,5.510000228881836,5.369999885559082,5.559999942779541,5.329999923706055,5.510000228881836,1043900.0,9335.997490693095,0,2.057102967264541,9333.94038772583,1694,-37.66101672871272,15000,Neutral,26.11683561617123,5.656,6.475,7.686,7.7368,9.1064,14.170000076293944,-1.5438,SLDP,0.4434,Neutral,0.5426,0.5437,-21.390447323942396,40,350.44000244140625,0.0,0.0
2022-07-04,5.510000228881836,5.369999885559082,5.559999942779541,5.329999923706055,5.510000228881836,1043900.0,9335.997490693095,0,2.057102967264541,9333.94038772583,1694,-37.66101672871272,15000,Neutral,26.11683561617123,5.656,6.475,7.686,7.7368,9.1064,14.170000076293944,-1.5438,SLDP,0.4434,Neutral,0.5426,0.5437,-21.390447323942396,40,350.44000244140625,0.0,0.0
2022-07-05,5.639999866485596,5.449999809265137,5.659999847412109,5.21999979019165,5.639999866485596,1202500.0,9556.216876793864,0,2.057102967264541,9554.1597738266,1694,-36.192887488040924,15000,Neutral,35.17785846109308,5.552,6.374,7.6227,7.7219,9.0878,14.170000076293944,-1.1836,SLDP,0.4413,Neutral,0.5553,0.4795,-21.13774045339258,40,351.0599975585937,0.0,0.0
2022-07-06,5.579999923706055,5.650000095367432,5.739999771118164,5.514999866485596,5.579999923706055,750300.0,9454.576973725321,0,2.057102967264541,9452.519870758057,1694,-36.87048684183121,15000,Neutral,35.45815998901185,5.518,6.277,7.5653,7.6967,9.0694,14.170000076293944,-0.8975,SLDP,0.4558,Neutral,0.5551,0.4202,-20.620099361744025,40,352.3299865722656,0.0,0.0
2022-07-07,5.989999771118164,5.639999866485596,6.105000019073486,5.61299991607666,5.989999771118164,1066100.0,10149.116715241435,0,2.057102967264541,10147.05961227417,1694,-32.24022189839045,15000,Neutral,42.95774163104238,5.62,6.201,7.5158,7.6802,9.0528,14.170000076293944,-0.1704,SLDP,0.4522,Neutral,0.5449,0.3982,-18.51282806588266,40,357.5,0.0,0.0
2022-07-08,6.110000133514404,5.96999979019165,6.230000019073486,5.860000133514404,6.110000133514404,1045200.0,10352.397329140666,0,2.057102967264541,10350.3402261734,1694,-30.88501780572891,15000,Neutral,50.75757521024189,5.766,6.1335,7.471,7.6678,9.0367,14.170000076293944,0.4957,SLDP,0.4461,Neutral,0.5271,0.3883,-18.59841951972463,40,357.2900085449219,0.0,0.0
2022-07-09,6.110000133514404,5.96999979019165,6.230000019073486,5.860000133514404,6.110000133514404,1045200.0,10352.397329140666,0,2.057102967264541,10350.3402261734,1694,-30.88501780572891,15000,Neutral,50.75757521024189,5.766,6.1335,7.471,7.6678,9.0367,14.170000076293944,0.4957,SLDP,0.4461,Neutral,0.5271,0.3883,-18.59841951972463,40,357.2900085449219,0.0,0.0
2022-07-10,6.110000133514404,5.96999979019165,6.230000019073486,5.860000133514404,6.110000133514404,1045200.0,10352.397329140666,0,2.057102967264541,10350.3402261734,1694,-30.88501780572891,15000,Neutral,50.75757521024189,5.766,6.1335,7.471,7.6678,9.0367,14.170000076293944,0.4957,SLDP,0.4461,Neutral,0.5271,0.3883,-18.59841951972463,40,357.2900085449219,0.0,0.0
2022-07-11,5.900000095367432,6.110000133514404,6.125999927520752,5.880000114440918,5.900000095367432,875700.0,9996.657264519694,0,2.057102967264541,9994.60016155243,1694,-33.256618236535395,15000,Neutral,43.44569368655007,5.844,6.076,7.4235,7.6478,9.0197,14.170000076293944,0.7394,SLDP,0.4595,Neutral,0.5524,0.3751,-20.24510654689533,40,353.25,0.0,0.0
2022-07-12,6.019999980926514,5.980000019073486,6.150000095367432,5.849999904632568,6.019999980926514,695500.0,10199.937070656779,0,2.057102967264541,10197.879967689514,1694,-31.901419528954825,15000,Neutral,41.6988439735232,5.92,6.032,7.3705,7.6273,9.0034,14.170000076293944,1.0512,SLDP,0.471,Neutral,0.5727,0.353,-21.573870020985517,40,349.989990234375,0.0,0.0
2022-07-13,6.010000228881836,5.849999904632568,6.119999885559082,5.849999904632568,6.010000228881836,825500.0,10182.997490693095,0,2.057102967264541,10180.94038772583,1694,-32.01435006204605,15000,Neutral,42.187505820767306,6.006,6.013,7.3225,7.6129,8.987,14.170000076293944,1.2505,SLDP,0.4965,Neutral,0.5848,0.3497,-22.2382517580306,40,348.3599853515625,0.0,0.0
2022-07-14,6.0,5.940000057220459,6.0,5.840000152587891,6.0,539600.0,10166.057102967265,0,2.057102967264541,10164.0,1694,-32.127285980218254,15000,Neutral,37.9166663355297,6.008,5.9975,7.288,7.5982,8.9706,14.170000076293944,1.3659,SLDP,0.4885,Neutral,0.575,0.3379,-22.61323213406898,40,347.44000244140625,0.0,0.0
2022-07-15,6.059999942779541,6.03000020980835,6.070000171661377,5.894999980926514,6.059999942779541,801200.0,10267.697006035807,0,2.057102967264541,10265.639903068542,1694,-31.449686626427976,15000,Neutral,45.11627731612048,5.998,5.981,7.2515,7.5852,8.9547,14.170000076293944,1.4936,SLDP,0.5055,Neutral,0.5581,0.3301,-19.935330414577287,40,354.010009765625,0.0,0.0
2022-07-16,6.059999942779541,6.03000020980835,6.070000171661377,5.894999980926514,6.059999942779541,801200.0,10267.697006035807,0,2.057102967264541,10265.639903068542,1694,-31.449686626427976,15000,Neutral,45.11627731612048,5.998,5.981,7.2515,7.5852,8.9547,14.170000076293944,1.4936,SLDP,0.5055,Neutral,0.5581,0.3301,-19.935330414577287,40,354.010009765625,0.0,0.0
2022-07-17,6.059999942779541,6.03000020980835,6.070000171661377,5.894999980926514,6.059999942779541,801200.0,10267.697006035807,0,2.057102967264541,10265.639903068542,1694,-31.449686626427976,15000,Neutral,45.11627731612048,5.998,5.981,7.2515,7.5852,8.9547,14.170000076293944,1.4936,SLDP,0.5055,Neutral,0.5581,0.3301,-19.935330414577287,40,354.010009765625,0.0,0.0
2022-07-18,6.03000020980835,6.184999942779541,6.320000171661377,6.010000228881836,6.03000020980835,1319700.0,10216.877458382609,0,2.057102967264541,10214.820355415344,1694,-31.788483610782624,15000,Neutral,46.85991094889939,6.024,5.979,7.2127,7.5773,8.9387,14.170000076293944,1.5241,SLDP,0.4976,Neutral,0.5657,0.3428,-21.12959303263009,40,351.0799865722656,0.0,0.0
2022-07-19,6.25,6.119999885559082,6.320000171661377,6.03000020980835,6.25,919900.0,10589.557102967265,0,2.057102967264541,10587.5,1694,-29.303952646884923,15000,Neutral,63.29787827660828,6.07,5.979,7.1825,7.5688,8.9237,14.170000076293944,1.7521,SLDP,0.5227,Neutral,0.5674,0.3732,-17.24521378334707,40,360.6099853515625,0.0,0.0
2022-07-20,6.389999866485596,6.28000020980835,6.429999828338623,6.179999828338623,6.389999866485596,1370900.0,10826.716876793864,0,2.057102967264541,10824.6597738266,1694,-27.722887488040925,15000,Neutral,76.0000098092269,6.146,5.976,7.1568,7.5655,8.9092,14.170000076293944,2.0026,SLDP,0.5205,Neutral,0.5569,0.3889,-16.3036580358441,40,362.9200134277344,0.0,0.0
2022-07-21,6.300000190734863,6.400000095367432,6.400000095367432,6.179999828338623,6.300000190734863,876600.0,10674.257426072123,0,2.057102967264541,10672.200323104858,1694,-28.73928382618587,15000,Neutral,76.43680176879302,6.206,5.9705,7.1232,7.5662,8.8942,14.170000076293944,2.0087,SLDP,0.5366,Neutral,0.5574,0.3856,-14.807791583856364,40,366.5899963378906,0.0,0.0
2022-07-22,5.860000133514404,6.300000190734863,6.300000190734863,5.789999961853027,5.860000133514404,1089600.0,9928.897329140666,0,2.057102967264541,9926.8402261734,1694,-33.708351139062245,15000,Neutral,58.53658820248332,6.166,5.9345,7.089,7.5652,8.8775,14.170000076293944,1.4928,SLDP,0.545,Neutral,0.5642,0.3769,-16.16915717980671,40,363.25,0.0,0.0
2022-07-23,5.860000133514404,6.300000190734863,6.300000190734863,5.789999961853027,5.860000133514404,1089600.0,9928.897329140666,0,2.057102967264541,9926.8402261734,1694,-33.708351139062245,15000,Neutral,58.53658820248332,6.166,5.9345,7.089,7.5652,8.8775,14.170000076293944,1.4928,SLDP,0.545,Neutral,0.5642,0.3769,-16.16915717980671,40,363.25,0.0,0.0
2022-07-24,5.860000133514404,6.300000190734863,6.300000190734863,5.789999961853027,5.860000133514404,1089600.0,9928.897329140666,0,2.057102967264541,9926.8402261734,1694,-33.708351139062245,15000,Neutral,58.53658820248332,6.166,5.9345,7.089,7.5652,8.8775,14.170000076293944,1.4928,SLDP,0.545,Neutral,0.5642,0.3769,-16.16915717980671,40,363.25,0.0,0.0
2022-07-25,5.949999809265137,5.909999847412109,5.989999771118164,5.789999961853027,5.949999809265137,643300.0,10081.356779862406,0,2.057102967264541,10079.299676895142,1694,-32.69195480091731,15000,Neutral,57.71144597277567,6.15,5.9185,7.052,7.5592,8.8609,14.170000076293944,1.2235,SLDP,0.5448,Neutral,0.5667,0.3666,-16.022428973220478,40,363.6099853515625,0.0,0.0
2022-07-26,5.900000095367432,5.900000095367432,5.974999904632568,5.800000190734863,5.900000095367432,595500.0,9996.657264519694,0,2.057102967264541,9994.60016155243,1694,-33.256618236535395,15000,Neutral,58.000010013587485,6.08,5.9055,7.0105,7.5511,8.8442,14.170000076293944,0.9744,SLDP,0.5462,Neutral,0.5839,0.3503,-17.799536926642155,40,359.25,0.0,0.0
2022-07-27,6.079999923706055,5.96999979019165,6.119999885559082,5.909999847412109,6.079999923706055,653800.0,10301.576973725321,0,2.057102967264541,10299.519870758057,1694,-31.22382017516454,15000,Neutral,52.54237927389225,6.018,5.922,6.9765,7.5493,8.8283,14.170000076293944,0.991,SLDP,0.5578,Neutral,0.57,0.3495,-13.964067079554532,40,368.6600036621094,0.0,0.0
2022-07-28,6.320000171661377,6.210000038146973,6.320000171661377,6.059999942779541,6.320000171661377,866300.0,10708.137393761637,0,2.057102967264541,10706.080290794373,1694,-28.513417374922433,15000,Neutral,55.55556116211115,6.022,5.964,6.946,7.5519,8.8135,14.170000076293944,1.2344,SLDP,0.563,Neutral,0.5613,0.3677,-12.064673181833996,40,373.3200073242188,0.0,0.0
2022-07-29,6.340000152587891,6.329999923706055,6.394999980926514,6.21999979019165,6.340000152587891,963400.0,10742.017361451151,0,2.057102967264541,10739.960258483887,1694,-28.287550923659012,15000,Neutral,62.94119049522392,6.118,6.012,6.914,7.5503,8.7988,14.170000076293944,1.3726,SLDP,0.5753,Neutral,0.555,0.3958,-9.835128380484122,40,378.7900085449219,0.0,0.0
2022-07-30,6.340000152587891,6.329999923706055,6.394999980926514,6.21999979019165,6.340000152587891,963400.0,10742.017361451151,0,2.057102967264541,10739.960258483887,1694,-28.287550923659012,15000,Neutral,62.94119049522392,6.118,6.012,6.914,7.5503,8.7988,14.170000076293944,1.3726,SLDP,0.5753,Neutral,0.555,0.3958,-9.835128380484122,40,378.7900085449219,0.0,0.0
2022-07-31,6.340000152587891,6.329999923706055,6.394999980926514,6.21999979019165,6.340000152587891,963400.0,10742.017361451151,0,2.057102967264541,10739.960258483887,1694,-28.287550923659012,15000,Neutral,62.94119049522392,6.118,6.012,6.914,7.5503,8.7988,14.170000076293944,1.3726,SLDP,0.5753,Neutral,0.555,0.3958,-9.835128380484122,40,378.7900085449219,0.0,0.0
2022-08-01,6.21999979019165,6.309999942779541,6.335000038146973,6.190000057220459,6.21999979019165,708400.0,11537.74154758549,0,5.8619365701699735,11531.87961101532,1854,-27.790115327590705,16000,"cash_0%_Buy 100% of cash (160 shares - DCA Strategy) Monthly invest 6.2% of total investment ($1,000.00)",55.8823512912198,6.172,6.0475,6.8798,7.549,8.7837,14.170000076293944,1.2892,SLDP,0.5984,Neutral,0.5825,0.4026,-10.979888278854077,43,377.6499938964844,0.0,0.0
2022-08-02,6.480000019073486,6.150000095367432,6.630000114440918,6.03000020980835,6.480000019073486,1348400.0,12019.781971932414,0,5.8619365701699735,12013.920035362244,1854,-24.77736267542243,16000,Neutral,62.05128079727201,6.288,6.0895,6.8572,7.5445,8.7698,14.170000076293944,1.462,SLDP,0.6003,Neutral,0.5945,0.4145,-11.971139270675366,43,375.2099914550781,0.0,0.0
2022-08-03,6.639999866485596,6.510000228881836,6.75,6.389999866485596,6.639999866485596,995700.0,12316.421689034465,0,5.8619365701699735,12310.559752464294,1854,-22.92336444353461,16000,Neutral,65.23809967127738,6.4,6.1425,6.8435,7.5339,8.7565,14.170000076293944,1.676,SLDP,0.6143,Neutral,0.5761,0.4008,-9.590507823836965,43,381.0700073242188,0.0,0.0
2022-08-04,6.71999979019165,6.699999809265137,6.789999961853027,6.638999938964844,6.71999979019165,931200.0,12464.74154758549,0,5.8619365701699735,12458.87961101532,1854,-21.996365327590706,16000,Neutral,65.56604197968493,6.48,6.179,6.8432,7.5243,8.7436,14.170000076293944,1.8165,SLDP,0.6172,Neutral,0.5732,0.39,-9.712390262496662,43,380.7699890136719,0.0,0.0
2022-08-05,6.599999904632568,6.679999828338623,6.730000019073486,6.460000038146973,6.599999904632568,931200.0,12242.261759758952,0,5.8619365701699735,12236.399823188782,1854,-23.38686400150657,16000,Neutral,62.8959260397212,6.532,6.2035,6.8493,7.5176,8.7301,14.170000076293944,1.698,SLDP,0.6004,Neutral,0.5623,0.3698,-10.033318836105053,43,379.9800109863281,0.0,0.0
2022-08-06,6.599999904632568,6.679999828338623,6.730000019073486,6.460000038146973,6.599999904632568,931200.0,12242.261759758952,0,5.8619365701699735,12236.399823188782,1854,-23.38686400150657,16000,Neutral,62.8959260397212,6.532,6.2035,6.8493,7.5176,8.7301,14.170000076293944,1.698,SLDP,0.6004,Neutral,0.5623,0.3698,-10.033318836105053,43,379.9800109863281,0.0,0.0
2022-08-07,6.599999904632568,6.679999828338623,6.730000019073486,6.460000038146973,6.599999904632568,931200.0,12242.261759758952,0,5.8619365701699735,12236.399823188782,1854,-23.38686400150657,16000,Neutral,62.8959260397212,6.532,6.2035,6.8493,7.5176,8.7301,14.170000076293944,1.698,SLDP,0.6004,Neutral,0.5623,0.3698,-10.033318836105053,43,379.9800109863281,0.0,0.0
2022-08-08,6.75,6.800000190734863,7.110000133514404,6.710000038146973,6.75,1571300.0,12520.36193657017,0,5.8619365701699735,12514.5,1854,-21.648737896436455,16000,Neutral,61.682246322559486,6.638,6.246,6.852,7.5108,8.7171,14.170000076293944,1.6913,SLDP,0.6082,Neutral,0.5709,0.3728,-10.171442348373127,43,379.6400146484375,0.0,0.0
2022-08-09,6.699999809265137,6.78000020980835,6.829999923706055,6.489999771118164,6.699999809265137,1637300.0,12427.661582947734,0,5.8619365701699735,12421.799646377563,1854,-22.228115106576684,16000,Neutral,57.56097526936069,6.682,6.28,6.8427,7.4983,8.704,14.170000076293944,1.5511,SLDP,0.6115,Neutral,0.5793,0.3759,-10.780817348373127,43,378.1400146484375,0.0,0.0
2022-08-10,7.510000228881836,7.199999809265137,7.579999923706055,6.769999980926514,7.510000228881836,2821900.0,13929.402360917094,0,5.8619365701699735,13923.540424346924,1854,-12.842235244268174,16000,Neutral,71.8411523138132,6.856,6.355,6.8378,7.4902,8.6942,14.170000076293944,2.1693,SLDP,0.6242,Neutral,0.5615,0.394,-7.563324291122143,43,386.05999755859375,0.0,0.0
2022-08-11,7.340000152587891,7.75,7.7729997634887695,7.309999942779541,7.340000152587891,1750300.0,13614.22221946812,0,5.8619365701699735,13608.36028289795,1854,-14.812111128324268,16000,Neutral,79.59999473571878,6.98,6.422,6.832,7.4853,8.6835,14.170000076293944,2.2575,SLDP,0.6093,Neutral,0.5555,0.4135,-7.563324291122143,43,386.05999755859375,0.0,0.0
2022-08-12,7.329999923706055,7.360000133514404,7.539000034332275,6.909999847412109,7.329999923706055,2271800.0,13595.681795121196,0,5.8619365701699735,13589.819858551025,1854,-14.92798878049254,16000,Neutral,78.51238692363319,7.126,6.4855,6.8138,7.4846,8.6727,14.170000076293944,2.1655,SLDP,0.6199,Neutral,0.5531,0.4274,-4.878005344283771,43,392.6700134277344,0.0,0.0
2022-08-13,7.329999923706055,7.360000133514404,7.539000034332275,6.909999847412109,7.329999923706055,2271800.0,13595.681795121196,0,5.8619365701699735,13589.819858551025,1854,-14.92798878049254,16000,Neutral,78.51238692363319,7.126,6.4855,6.8138,7.4846,8.6727,14.170000076293944,2.1655,SLDP,0.6199,Neutral,0.5531,0.4274,-4.878005344283771,43,392.6700134277344,0.0,0.0
2022-08-14,7.329999923706055,7.360000133514404,7.539000034332275,6.909999847412109,7.329999923706055,2271800.0,13595.681795121196,0,5.8619365701699735,13589.819858551025,1854,-14.92798878049254,16000,Neutral,78.51238692363319,7.126,6.4855,6.8138,7.4846,8.6727,14.170000076293944,2.1655,SLDP,0.6199,Neutral,0.5531,0.4274,-4.878005344283771,43,392.6700134277344,0.0,0.0
2022-08-15,6.909999847412109,7.21999979019165,7.300000190734863,6.590000152587891,6.909999847412109,2543600.0,12817.001653672221,0,5.8619365701699735,12811.13971710205,1854,-19.794739664548633,16000,Neutral,68.10034494622083,7.158,6.5295,6.7845,7.4842,8.6602,14.170000076293944,1.5821,SLDP,0.625,Neutral,0.5607,0.4158,-4.195508319747638,43,394.3500061035156,0.0,0.0
2022-08-16,7.190000057220459,6.889999866485596,7.409999847412109,6.84499979019165,7.190000057220459,2224800.0,13336.122042656902,0,5.8619365701699735,13330.260106086731,1854,-16.550237233394384,16000,Neutral,69.20414277188735,7.256,6.5765,6.755,7.4865,8.649,14.170000076293944,1.3762,SLDP,0.6321,Neutral,0.5618,0.3917,-3.9151948279263493,43,395.0400085449219,0.0,0.0
2022-08-17,7.079999923706055,7.070000171661377,7.090000152587891,6.71999979019165,7.079999923706055,1524500.0,13132.181795121196,0,5.8619365701699735,13126.319858551025,1854,-17.82486378049254,16000,Neutral,63.7681031722955,7.17,6.611,6.7305,7.4848,8.6372,14.170000076293944,1.0498,SLDP,0.6182,Neutral,0.5571,0.3693,-5.01207478703278,43,392.3399963378906,0.0,0.0
2022-08-18,7.320000171661377,7.039999961853027,7.369999885559082,7.039999961853027,7.320000171661377,1456700.0,13577.142254830364,0,5.8619365701699735,13571.280318260193,1854,-15.043860907310247,16000,Neutral,66.44294271061267,7.166,6.662,6.7067,7.4821,8.6264,14.170000076293944,0.9863,SLDP,0.6199,Neutral,0.5549,0.3539,-4.520515758407285,43,393.5499877929688,0.0,0.0
2022-08-19,6.829999923706055,7.119999885559082,7.119999885559082,6.784999847412109,6.829999923706055,1505000.0,12668.681795121196,0,5.8619365701699735,12662.819858551025,1854,-20.721738780492537,16000,Neutral,59.1044746801741,7.066,6.7105,6.6772,7.4728,8.6133,14.170000076293944,0.4183,SLDP,0.6006,Neutral,0.5569,0.3421,-6.726450282943432,43,388.1199951171875,0.0,0.0
2022-08-20,6.829999923706055,7.119999885559082,7.119999885559082,6.784999847412109,6.829999923706055,1505000.0,12668.681795121196,0,5.8619365701699735,12662.819858551025,1854,-20.721738780492537,16000,Neutral,59.1044746801741,7.066,6.7105,6.6772,7.4728,8.6133,14.170000076293944,0.4183,SLDP,0.6006,Neutral,0.5569,0.3421,-6.726450282943432,43,388.1199951171875,0.0,0.0
2022-08-21,6.829999923706055,7.119999885559082,7.119999885559082,6.784999847412109,6.829999923706055,1505000.0,12668.681795121196,0,5.8619365701699735,12662.819858551025,1854,-20.721738780492537,16000,Neutral,59.1044746801741,7.066,6.7105,6.6772,7.4728,8.6133,14.170000076293944,0.4183,SLDP,0.6006,Neutral,0.5569,0.3421,-6.726450282943432,43,388.1199951171875,0.0,0.0
2022-08-22,6.78000020980835,6.78000020980835,6.880000114440918,6.570000171661377,6.78000020980835,1819200.0,12575.98232555485,0,5.8619365701699735,12570.12038898468,1854,-21.301110465282203,16000,Neutral,54.77707112767385,7.04,6.752,6.6468,7.4675,8.5999,14.170000076293944,-0.0314,SLDP,0.5809,Neutral,0.5831,0.3338,-10.049572307479558,43,379.9400024414063,0.0,0.0
2022-08-23,6.409999847412109,6.809999942779541,6.90500020980835,6.329999923706055,6.409999847412109,1702600.0,11890.001653672221,0,5.8619365701699735,11884.13971710205,1854,-25.588489664548632,16000,Neutral,46.567165751210986,6.884,6.7775,6.6077,7.46,8.5849,14.170000076293944,-0.6808,SLDP,0.584,Neutral,0.5875,0.3526,-10.415194827926342,43,379.0400085449219,0.0,0.0
2022-08-24,7.059999942779541,6.510000228881836,7.364999771118164,6.421000003814697,7.059999942779541,2746500.0,13095.10183048344,0,5.8619365701699735,13089.239893913269,1854,-18.056613559478517,16000,Neutral,54.33673444562843,6.88,6.8265,6.5755,7.4592,8.5727,14.170000076293944,-0.4718,SLDP,0.586,Neutral,0.5744,0.372,-9.948009807479536,43,380.1900024414063,0.0,0.0
2022-08-25,7.0,7.099999904632568,7.300000190734863,6.929999828338623,7.0,2226100.0,12983.86193657017,0,5.8619365701699735,12978.0,1854,-18.751862896436457,16000,Neutral,55.18134564610227,6.816,6.8605,6.5417,7.4612,8.5603,14.170000076293944,-0.3959,SLDP,0.6076,Neutral,0.5721,0.379,-7.697381336105046,43,385.7300109863281,0.0,0.0
2022-08-26,6.800000190734863,6.989999771118164,7.019999980926514,6.744999885559082,6.800000190734863,1309100.0,12613.062290192607,0,5.8619365701699735,12607.200353622437,1854,-21.069360686296225,16000,Neutral,50.639388341373305,6.81,6.8835,6.5137,7.4584,8.5471,14.170000076293944,-0.5355,SLDP,0.5833,Neutral,0.6023,0.3789,-13.068006832015698,43,372.510009765625,0.0,0.0
2022-08-27,6.800000190734863,6.989999771118164,7.019999980926514,6.744999885559082,6.800000190734863,1309100.0,12613.062290192607,0,5.8619365701699735,12607.200353622437,1854,-21.069360686296225,16000,Neutral,50.639388341373305,6.81,6.8835,6.5137,7.4584,8.5471,14.170000076293944,-0.5355,SLDP,0.5833,Neutral,0.6023,0.3789,-13.068006832015698,43,372.510009765625,0.0,0.0
2022-08-28,6.800000190734863,6.989999771118164,7.019999980926514,6.744999885559082,6.800000190734863,1309100.0,12613.062290192607,0,5.8619365701699735,12607.200353622437,1854,-21.069360686296225,16000,Neutral,50.639388341373305,6.81,6.8835,6.5137,7.4584,8.5471,14.170000076293944,-0.5355,SLDP,0.5833,Neutral,0.6023,0.3789,-13.068006832015698,43,372.510009765625,0.0,0.0
2022-08-29,6.78000020980835,6.659999847412109,6.954999923706055,6.611000061035156,6.78000020980835,1303100.0,12575.98232555485,0,5.8619365701699735,12570.12038898468,1854,-21.301110465282203,16000,Neutral,51.03093258619043,6.81,6.9115,6.478,7.4484,8.5339,14.170000076293944,-0.6345,SLDP,0.5735,Neutral,0.6049,0.3974,-14.067390758407285,43,370.0499877929688,0.0,0.0
2022-08-30,6.610000133514404,6.829999923706055,6.869999885559082,6.539999961853027,6.610000133514404,1425900.0,12260.802184105876,0,5.8619365701699735,12254.940247535706,1854,-23.270986349338298,16000,Neutral,36.111114790408806,6.85,6.918,6.4605,7.4368,8.5198,14.170000076293944,-0.8416,SLDP,0.579,Neutral,0.6092,0.3771,-15.700511295211506,43,366.0299987792969,0.0,0.0
2022-08-31,6.579999923706055,6.639999866485596,6.710000038146973,6.400000095367432,6.579999923706055,1521700.0,12205.181795121196,0,5.8619365701699735,12199.319858551025,1854,-23.61861378049255,16000,Neutral,37.74193707167352,6.754,6.915,6.4448,7.425,8.5055,14.170000076293944,-0.9738,SLDP,0.5697,Neutral,0.604,0.3461,-16.87051327885407,43,363.1499938964844,0.0,0.0
2022-09-01,6.46999979019165,6.53000020980835,6.590000152587891,6.309999942779541,6.46999979019165,1250800.0,13000.23869761801,0,2.0091191229845435,12998.229578495026,2009,-23.429007661070543,17000,"cash_0%_Buy 100% of cash (155 shares - DCA Strategy) Monthly invest 5.9% of total investment ($1,000.00)",36.56250311992942,6.648,6.9025,6.4275,7.4147,8.491,14.170000076293944,-1.1258,SLDP,0.5687,Neutral,0.598,0.3094,-17.011662414427903,46,364.2699890136719,0.0,0.0
2022-09-02,6.320000171661377,6.539999961853027,6.559999942779541,6.23199987411499,6.320000171661377,1605900.0,12698.88946399069,0,2.0091191229845435,12696.880344867706,2009,-25.201650211819484,17000,Neutral,39.9317488348007,6.552,6.8885,6.4085,7.4048,8.4757,14.170000076293944,-1.3195,SLDP,0.5712,Neutral,0.5987,0.2859,-18.558517220079885,46,360.4500122070313,0.0,0.0
2022-09-03,6.320000171661377,6.539999961853027,6.559999942779541,6.23199987411499,6.320000171661377,1605900.0,12698.88946399069,0,2.0091191229845435,12696.880344867706,2009,-25.201650211819484,17000,Neutral,39.9317488348007,6.552,6.8885,6.4085,7.4048,8.4757,14.170000076293944,-1.3195,SLDP,0.5712,Neutral,0.5987,0.2859,-18.558517220079885,46,360.4500122070313,0.0,0.0
2022-09-04,6.320000171661377,6.539999961853027,6.559999942779541,6.23199987411499,6.320000171661377,1605900.0,12698.88946399069,0,2.0091191229845435,12696.880344867706,2009,-25.201650211819484,17000,Neutral,39.9317488348007,6.552,6.8885,6.4085,7.4048,8.4757,14.170000076293944,-1.3195,SLDP,0.5712,Neutral,0.5987,0.2859,-18.558517220079885,46,360.4500122070313,0.0,0.0
2022-09-05,6.320000171661377,6.539999961853027,6.559999942779541,6.23199987411499,6.320000171661377,1605900.0,12698.88946399069,0,2.0091191229845435,12696.880344867706,2009,-25.201650211819484,17000,Neutral,39.9317488348007,6.552,6.8885,6.4085,7.4048,8.4757,14.170000076293944,-1.3195,SLDP,0.5712,Neutral,0.5987,0.2859,-18.558517220079885,46,360.4500122070313,0.0,0.0
2022-09-06,6.329999923706055,6.400000095367432,6.579999923706055,6.260000228881836,6.329999923706055,2297600.0,12718.978965848448,0,2.0091191229845435,12716.969846725464,2009,-25.083476671479733,17000,Neutral,33.834585927031384,6.462,6.8675,6.3965,7.3909,8.4604,14.170000076293944,-1.375,SLDP,0.5574,Neutral,0.6014,0.2398,-19.04850142629133,46,359.239990234375,0.0,0.0
2022-09-07,6.380000114440918,6.230000019073486,6.454999923706055,6.179999828338623,6.380000114440918,1539900.0,12819.429349034788,0,2.0091191229845435,12817.420229911804,2009,-24.492592064501263,17000,Neutral,36.538467181504,6.416,6.8515,6.3878,7.3742,8.4451,14.170000076293944,-1.2982,SLDP,0.587,Neutral,0.5936,0.2116,-16.44069796853669,46,365.6799926757813,0.0,0.0
2022-09-08,6.260000228881836,6.320000171661377,6.380000114440918,6.010000228881836,6.260000228881836,2108500.0,12578.349578946592,0,2.0091191229845435,12576.340459823608,2009,-25.910708359137715,17000,Neutral,28.62903357606524,6.352,6.789,6.3857,7.3551,8.4289,14.170000076293944,-1.304,SLDP,0.5875,Neutral,0.5844,0.1926,-15.472889567687908,46,368.0700073242188,0.0,0.0
2022-09-09,6.619999885559082,6.289999961853027,6.639999866485596,6.289999961853027,6.619999885559082,1635900.0,13301.58888921118,0,2.0091191229845435,13299.579770088196,2009,-21.65635947522837,17000,Neutral,45.531912994038926,6.382,6.753,6.3908,7.3383,8.4144,14.170000076293944,-0.8904,SLDP,0.5947,Neutral,0.5768,0.2058,-13.172843150828356,46,373.75,0.0,0.0
2022-09-10,6.619999885559082,6.289999961853027,6.639999866485596,6.289999961853027,6.619999885559082,1635900.0,13301.58888921118,0,2.0091191229845435,13299.579770088196,2009,-21.65635947522837,17000,Neutral,45.531912994038926,6.382,6.753,6.3908,7.3383,8.4144,14.170000076293944,-0.8904,SLDP,0.5947,Neutral,0.5768,0.2058,-13.172843150828356,46,373.75,0.0,0.0
2022-09-11,6.619999885559082,6.289999961853027,6.639999866485596,6.289999961853027,6.619999885559082,1635900.0,13301.58888921118,0,2.0091191229845435,13299.579770088196,2009,-21.65635947522837,17000,Neutral,45.531912994038926,6.382,6.753,6.3908,7.3383,8.4144,14.170000076293944,-0.8904,SLDP,0.5947,Neutral,0.5768,0.2058,-13.172843150828356,46,373.75,0.0,0.0
2022-09-12,6.539999961853027,6.650000095367432,6.829999923706055,6.364999771118164,6.539999961853027,1608000.0,13140.869042485716,0,2.0091191229845435,13138.859923362732,2009,-22.601770338319337,17000,Neutral,44.95797721639655,6.426,6.7135,6.3933,7.3195,8.3998,14.170000076293944,-0.6612,SLDP,0.5941,Neutral,0.5841,0.226,-11.508552786245026,46,377.8599853515625,0.0,0.0
2022-09-13,6.380000114440918,6.360000133514404,6.534999847412109,6.269999980926514,6.380000114440918,1400600.0,12819.429349034788,0,2.0091191229845435,12817.420229911804,2009,-24.492592064501263,17000,Neutral,49.30876163362279,6.436,6.687,6.3985,7.3032,8.3847,14.170000076293944,-0.6363,SLDP,0.5811,Neutral,0.6164,0.2336,-18.1819275933438,46,361.3800048828125,0.0,0.0
2022-09-14,6.539999961853027,6.389999866485596,6.644999980926514,6.385000228881836,6.539999961853027,1831000.0,13140.869042485716,0,2.0091191229845435,13138.859923362732,2009,-22.601770338319337,17000,Neutral,34.52379972485342,6.468,6.6545,6.4033,7.282,8.3701,14.170000076293944,-0.4272,SLDP,0.5843,Neutral,0.6064,0.2563,-17.63525845513005,46,362.7300109863281,0.0,0.0
2022-09-15,6.260000228881836,6.480000019073486,6.920000076293945,6.244999885559082,6.260000228881836,3183200.0,12578.349578946592,0,2.0091191229845435,12576.340459823608,2009,-25.910708359137715,17000,Neutral,30.52630812837268,6.468,6.6135,6.4002,7.2558,8.354,14.170000076293944,-0.5431,SLDP,0.5753,Neutral,0.6018,0.2573,-19.27526586977126,46,358.67999267578125,0.0,0.0
2022-09-16,6.119999885559082,6.159999847412109,6.239999771118164,6.03000020980835,6.119999885559082,9906800.0,12297.08888921118,0,2.0091191229845435,12295.079770088196,2009,-27.565183004640136,17000,Neutral,31.521722792670587,6.368,6.5535,6.3953,7.2303,8.3369,14.170000076293944,-0.7211,SLDP,0.566,Neutral,0.6008,0.2474,-20.41719476155368,46,355.8599853515625,0.0,0.0
2022-09-17,6.119999885559082,6.159999847412109,6.239999771118164,6.03000020980835,6.119999885559082,9906800.0,12297.08888921118,0,2.0091191229845435,12295.079770088196,2009,-27.565183004640136,17000,Neutral,31.521722792670587,6.368,6.5535,6.3953,7.2303,8.3369,14.170000076293944,-0.7211,SLDP,0.566,Neutral,0.6008,0.2474,-20.41719476155368,46,355.8599853515625,0.0,0.0
2022-09-18,6.119999885559082,6.159999847412109,6.239999771118164,6.03000020980835,6.119999885559082,9906800.0,12297.08888921118,0,2.0091191229845435,12295.079770088196,2009,-27.565183004640136,17000,Neutral,31.521722792670587,6.368,6.5535,6.3953,7.2303,8.3369,14.170000076293944,-0.7211,SLDP,0.566,Neutral,0.6008,0.2474,-20.41719476155368,46,355.8599853515625,0.0,0.0
2022-09-19,6.230000019073486,6.010000228881836,6.28000020980835,5.989999771118164,6.230000019073486,1747400.0,12518.079157441618,0,2.0091191229845435,12516.070038318634,2009,-26.265240250343435,17000,Neutral,35.751285607764984,6.306,6.5235,6.3895,7.2083,8.3203,14.170000076293944,-0.6802,SLDP,0.5676,Neutral,0.5913,0.2346,-19.311708831287476,46,358.5899963378906,0.0,0.0
2022-09-20,6.039999961853027,6.139999866485596,6.210000038146973,5.980000019073486,6.039999961853027,1607400.0,12136.369042485716,0,2.0091191229845435,12134.359923362732,2009,-28.510593867731103,17000,Neutral,35.38460597954001,6.238,6.4865,6.3857,7.1827,8.3028,14.170000076293944,-0.8009,SLDP,0.5666,Neutral,0.6098,0.2213,-20.947662908737307,46,354.54998779296875,0.0,0.0
2022-09-21,5.760000228881836,6.050000190734863,6.050000190734863,5.75,5.760000228881836,2204700.0,11573.849578946592,0,2.0091191229845435,11571.840459823608,2009,-31.81953188854948,17000,Neutral,31.36363360507285,6.082,6.454,6.379,7.1575,8.2843,14.170000076293944,-1.1106,SLDP,0.5555,Neutral,0.6163,0.201,-23.47447376907683,46,348.3099975585937,0.0,0.0
2022-09-22,5.539999961853027,5.78000020980835,5.800000190734863,5.429999828338623,5.539999961853027,1788600.0,11131.869042485716,0,2.0091191229845435,11129.859923362732,2009,-34.41941739714286,17000,Neutral,29.870124776572798,5.938,6.378,6.3755,7.1314,8.2656,14.170000076293944,-1.4679,SLDP,0.5235,Neutral,0.5947,0.1968,-24.66499327621416,46,345.3699951171875,0.0,0.0
2022-09-23,5.5,5.510000228881836,5.525000095367432,5.340000152587891,5.5,1467300.0,11051.509119122984,0,2.0091191229845435,11049.5,2009,-34.89212282868834,17000,Neutral,31.363626807186293,5.814,6.303,6.3758,7.1036,8.2467,14.170000076293944,-1.6525,SLDP,0.5058,Neutral,0.6138,0.1698,-26.989335000751197,46,339.6300048828125,0.0,0.0
2022-09-24,5.5,5.510000228881836,5.525000095367432,5.340000152587891,5.5,1467300.0,11051.509119122984,0,2.0091191229845435,11049.5,2009,-34.89212282868834,17000,Neutral,31.363626807186293,5.814,6.303,6.3758,7.1036,8.2467,14.170000076293944,-1.6525,SLDP,0.5058,Neutral,0.6138,0.1698,-26.989335000751197,46,339.6300048828125,0.0,0.0
2022-09-25,5.5,5.510000228881836,5.525000095367432,5.340000152587891,5.5,1467300.0,11051.509119122984,0,2.0091191229845435,11049.5,2009,-34.89212282868834,17000,Neutral,31.363626807186293,5.814,6.303,6.3758,7.1036,8.2467,14.170000076293944,-1.6525,SLDP,0.5058,Neutral,0.6138,0.1698,-26.989335000751197,46,339.6300048828125,0.0,0.0
2022-09-26,5.429999828338623,5.449999809265137,5.690000057220459,5.360000133514404,5.429999828338623,1333200.0,10910.878774255278,0,2.0091191229845435,10908.869655132294,2009,-35.71936015143956,17000,Neutral,30.08849128073622,5.654,6.2345,6.3767,7.0667,8.2277,14.170000076293944,-1.7467,SLDP,0.4814,Neutral,0.6239,0.1374,-28.32158537449734,46,336.3399963378906,0.0,0.0
2022-09-27,5.5,5.53000020980835,5.590000152587891,5.380000114440918,5.5,1154600.0,11051.509119122984,0,2.0091191229845435,11049.5,2009,-34.89212282868834,17000,Neutral,30.701749616125127,5.546,6.1705,6.3765,7.0313,8.2087,14.170000076293944,-1.6252,SLDP,0.48,Neutral,0.626,0.123,-28.706269317880825,46,335.3900146484375,0.0,0.0
2022-09-28,5.659999847412109,5.480000019073486,5.724999904632568,5.46999979019165,5.659999847412109,1222600.0,11372.948812573912,0,2.0091191229845435,11370.939693450928,2009,-33.00130110250642,17000,Neutral,37.06895559494487,5.526,6.123,6.3768,6.9998,8.1902,14.170000076293944,-1.2685,SLDP,0.5224,Neutral,0.6218,0.1312,-26.050280677352262,46,340.4800109863281,1.469,0.0
2022-09-29,5.289999961853027,5.53000020980835,5.570000171661377,5.170000076293945,5.289999961853027,1851400.0,10629.619042485716,0,2.0091191229845435,10627.609923362732,2009,-37.37382916184875,17000,Neutral,21.45922817047604,5.476,6.0585,6.372,6.9687,8.1703,14.170000076293944,-1.3552,SLDP,0.4954,Neutral,0.6308,0.1304,-28.925344877294407,46,333.3800048828125,0.0,0.0
2022-09-30,5.260000228881836,5.300000190734863,5.480000019073486,5.235000133514404,5.260000228881836,1223300.0,10569.349578946592,0,2.0091191229845435,10567.340459823608,2009,-37.72835541796123,17000,Neutral,21.92982712977877,5.428,5.998,6.3598,6.9378,8.1502,14.170000076293944,-1.3483,SLDP,0.478,Neutral,0.6229,0.1358,-30.98243821737927,46,328.29998779296875,0.0,0.0
2022-10-01,5.260000228881836,5.300000190734863,5.480000019073486,5.235000133514404,5.260000228881836,1223300.0,11568.350178903105,0,1.6096755919481893,11566.740503311157,2199,-35.63238789498276,18000,"cash_0%_Buy 100% of cash (190 shares - DCA Strategy) Monthly invest 5.6% of total investment ($1,000.00)",21.92982712977877,5.428,5.998,6.3598,6.9378,8.1502,14.170000076293944,-1.3483,SLDP,0.478,Neutral,0.6229,0.1358,-31.39393864847637,50,328.29998779296875,0.0,0.0
2022-10-02,5.260000228881836,5.300000190734863,5.480000019073486,5.235000133514404,5.260000228881836,1223300.0,11568.350178903105,0,1.6096755919481893,11566.740503311157,2199,-35.63238789498276,18000,Neutral,21.92982712977877,5.428,5.998,6.3598,6.9378,8.1502,14.170000076293944,-1.3483,SLDP,0.478,Neutral,0.6229,0.1358,-31.39393864847637,50,328.29998779296875,0.0,0.0
2022-10-03,5.389999866485596,5.340000152587891,5.440000057220459,5.150000095367432,5.389999866485596,966300.0,11854.219381993773,0,1.6096755919481893,11852.609706401825,2199,-34.04422565559017,18000,Neutral,27.999989827471808,5.42,5.9515,6.3478,6.9094,8.1306,14.170000076293944,-1.099,SLDP,0.524,Neutral,0.6278,0.1839,-27.879587794579642,50,336.9800109863281,0.0,0.0
2022-10-04,5.550000190734863,5.519999980926514,5.635000228881836,5.445000171661377,5.550000190734863,1379000.0,12206.060095017912,0,1.6096755919481893,12204.450419425964,2199,-32.08955502767829,18000,Neutral,28.000005086263016,5.43,5.9125,6.342,6.8828,8.1119,14.170000076293944,-0.6689,SLDP,0.5593,Neutral,0.6316,0.2269,-23.73769326332964,50,347.2099914550781,0.0,0.0
2022-10-05,5.489999771118164,5.489999771118164,5.5,5.322000026702881,5.489999771118164,1226800.0,12074.11917228079,0,1.6096755919481893,12072.509496688843,2199,-32.82256015399563,18000,Neutral,31.03447789872264,5.396,5.868,6.3332,6.8518,8.0923,14.170000076293944,-0.3916,SLDP,0.5415,Neutral,0.617,0.2663,-23.980622563777416,50,346.6099853515625,0.0,0.0
2022-10-06,5.460000038146973,5.5,5.639999866485596,5.429999828338623,5.460000038146973,1205700.0,12008.14975947714,0,1.6096755919481893,12006.540083885193,2199,-33.189056891793676,18000,Neutral,32.81250465661269,5.43,5.828,6.324,6.8233,8.0723,14.170000076293944,-0.1904,SLDP,0.522,Neutral,0.6273,0.3051,-25.458424970646718,50,342.9599914550781,0.0,0.0
2022-10-07,5.130000114440918,5.340000152587891,5.389999866485596,5.09499979019165,5.130000114440918,1519100.0,11282.479927247527,0,1.6096755919481893,11280.870251655579,2199,-37.22055595973598,18000,Neutral,24.299066045292847,5.404,5.7535,6.3095,6.7988,8.0503,14.170000076293944,-0.3912,SLDP,0.5011,Neutral,0.6301,0.3516,-29.357402557346397,50,333.3299865722656,0.0,0.0
2022-10-08,5.130000114440918,5.340000152587891,5.389999866485596,5.09499979019165,5.130000114440918,1519100.0,11282.479927247527,0,1.6096755919481893,11280.870251655579,2199,-37.22055595973598,18000,Neutral,24.299066045292847,5.404,5.7535,6.3095,6.7988,8.0503,14.170000076293944,-0.3912,SLDP,0.5011,Neutral,0.6301,0.3516,-29.357402557346397,50,333.3299865722656,0.0,0.0
2022-10-09,5.130000114440918,5.340000152587891,5.389999866485596,5.09499979019165,5.130000114440918,1519100.0,11282.479927247527,0,1.6096755919481893,11280.870251655579,2199,-37.22055595973598,18000,Neutral,24.299066045292847,5.404,5.7535,6.3095,6.7988,8.0503,14.170000076293944,-0.3912,SLDP,0.5011,Neutral,0.6301,0.3516,-29.357402557346397,50,333.3299865722656,0.0,0.0
2022-10-10,5.010000228881836,5.119999885559082,5.119999885559082,4.864999771118164,5.010000228881836,1291800.0,11018.600178903105,0,1.6096755919481893,11016.990503311157,2199,-38.68655456164943,18000,Neutral,25.120775728938995,5.328,5.677,6.292,6.7718,8.0264,14.170000076293944,-0.6009,SLDP,0.4919,Neutral,0.6373,0.3489,-30.365544944922625,50,330.8399963378906,0.0,0.0
2022-10-11,4.849999904632568,4.980000019073486,5.034999847412109,4.820000171661377,4.849999904632568,1328600.0,10666.759465878966,0,1.6096755919481893,10665.149790287018,2199,-40.64122518956131,18000,Neutral,26.66666177602985,5.188,5.6005,6.2723,6.7425,8.0025,14.170000076293944,-0.8553,SLDP,0.487,Neutral,0.646,0.3287,-31.248176125848687,50,328.6600036621094,0.0,0.0
2022-10-12,4.820000171661377,4.849999904632568,4.900000095367432,4.699999809265137,4.820000171661377,1174300.0,10600.790053075316,0,1.6096755919481893,10599.180377483368,2199,-41.00772192735938,18000,RiskWatch,29.545457624207287,5.054,5.5145,6.2485,6.7155,7.9768,14.170000076293944,-0.973,SLDP,0.5083,RiskWatch,0.6589,0.2985,-31.661147287481704,50,327.6400146484375,0.0,0.0
2022-10-13,4.929999828338623,4.599999904632568,4.954999923706055,4.579999923706055,4.929999828338623,1108200.0,10842.67929810858,0,1.6096755919481893,10841.069622516632,2199,-39.66389278828568,18000,Neutral,34.426220110704435,4.948,5.448,6.2242,6.6905,7.9465,14.170000076293944,-0.8253,SLDP,0.5232,Neutral,0.6462,0.2763,-28.187299065540003,50,336.2200012207031,0.0,0.0
2022-10-14,4.679999828338623,4.960000038146973,5.050000190734863,4.679999828338623,4.679999828338623,990500.0,10292.92929810858,0,1.6096755919481893,10291.319622516632,2199,-42.71805945495235,18000,Neutral,31.34327685460066,4.858,5.376,6.1972,6.6602,7.9122,14.170000076293944,-0.9522,SLDP,0.5127,Neutral,0.6456,0.22,-31.252228860223696,50,328.6499938964844,0.0,0.0
2022-10-15,4.679999828338623,4.960000038146973,5.050000190734863,4.679999828338623,4.679999828338623,990500.0,10292.92929810858,0,1.6096755919481893,10291.319622516632,2199,-42.71805945495235,18000,Neutral,31.34327685460066,4.858,5.376,6.1972,6.6602,7.9122,14.170000076293944,-0.9522,SLDP,0.5127,Neutral,0.6456,0.22,-31.252228860223696,50,328.6499938964844,0.0,0.0
2022-10-16,4.679999828338623,4.960000038146973,5.050000190734863,4.679999828338623,4.679999828338623,990500.0,10292.92929810858,0,1.6096755919481893,10291.319622516632,2199,-42.71805945495235,18000,Neutral,31.34327685460066,4.858,5.376,6.1972,6.6602,7.9122,14.170000076293944,-0.9522,SLDP,0.5127,Neutral,0.6456,0.22,-31.252228860223696,50,328.6499938964844,0.0,0.0
2022-10-17,4.900000095367432,4.789999961853027,5.03000020980835,4.78000020980835,4.900000095367432,1162000.0,10776.70988530493,0,1.6096755919481893,10775.100209712982,2199,-40.030389526083745,18000,Neutral,36.11110927146104,4.836,5.3095,6.1812,6.6351,7.8797,14.170000076293944,-0.6684,SLDP,0.5291,Neutral,0.6435,0.1902,-27.871494681727114,50,337.0,0.0,0.0
2022-10-18,4.929999828338623,5.059999942779541,5.099999904632568,4.78000020980835,4.929999828338623,905100.0,10842.67929810858,0,1.6096755919481893,10841.069622516632,2199,-39.66389278828568,18000,Neutral,32.019697375069214,4.852,5.254,6.1642,6.6081,7.8463,14.170000076293944,-0.3676,SLDP,0.552,Neutral,0.6463,0.1505,-26.264128333832687,50,340.9700012207031,0.0,0.0
2022-10-19,5.010000228881836,4.840000152587891,5.019999980926514,4.77899980545044,5.010000228881836,824300.0,11018.600178903105,0,1.6096755919481893,11016.990503311157,2199,-38.68655456164943,18000,Neutral,41.954029603370095,4.89,5.2165,6.1493,6.5799,7.8158,14.170000076293944,-0.0068,SLDP,0.5395,Neutral,0.6436,0.138,-27.21964695402132,50,338.6099853515625,0.0,0.0
2022-10-20,4.989999771118164,5.03000020980835,5.179999828338623,4.949999809265137,4.989999771118164,1586000.0,10974.61917228079,0,1.6096755919481893,10973.009496688843,2199,-38.93089348732895,18000,Neutral,42.196520798638616,4.902,5.189,6.1312,6.5538,7.7892,14.170000076293944,0.2494,SLDP,0.5276,Neutral,0.6309,0.1271,-28.34520743539519,50,335.8299865722656,0.0,0.0
2022-10-21,5.110000133514404,5.0,5.130000114440918,4.900000095367432,5.110000133514404,1167300.0,11238.499969190123,0,1.6096755919481893,11236.890293598175,2199,-37.46488906005489,18000,Neutral,41.86047865545324,4.988,5.1695,6.111,6.5285,7.7595,14.170000076293944,0.6016,SLDP,0.5372,Neutral,0.6287,0.1342,-25.077838616321266,50,343.8999938964844,0.0,0.0
2022-10-22,5.110000133514404,5.0,5.130000114440918,4.900000095367432,5.110000133514404,1167300.0,11238.499969190123,0,1.6096755919481893,11236.890293598175,2199,-37.46488906005489,18000,Neutral,41.86047865545324,4.988,5.1695,6.111,6.5285,7.7595,14.170000076293944,0.6016,SLDP,0.5372,Neutral,0.6287,0.1342,-25.077838616321266,50,343.8999938964844,0.0,0.0
2022-10-23,5.110000133514404,5.0,5.130000114440918,4.900000095367432,5.110000133514404,1167300.0,11238.499969190123,0,1.6096755919481893,11236.890293598175,2199,-37.46488906005489,18000,Neutral,41.86047865545324,4.988,5.1695,6.111,6.5285,7.7595,14.170000076293944,0.6016,SLDP,0.5372,Neutral,0.6287,0.1342,-25.077838616321266,50,343.8999938964844,0.0,0.0
2022-10-24,5.110000133514404,5.150000095367432,5.159999847412109,4.920000076293945,5.110000133514404,967400.0,11238.499969190123,0,1.6096755919481893,11236.890293598175,2199,-37.46488906005489,18000,Neutral,35.89744216748039,5.03,5.1535,6.0905,6.5023,7.7311,14.170000076293944,0.8451,SLDP,0.5425,Neutral,0.63,0.1351,-23.381398603459225,50,348.0899963378906,0.0,0.0
2022-10-25,5.619999885559082,5.139999866485596,5.704999923706055,5.139999866485596,5.619999885559082,1703100.0,12359.98942393637,0,1.6096755919481893,12358.379748344421,2199,-31.234392089242412,18000,Neutral,53.233833324318496,5.168,5.1595,6.0805,6.4802,7.7086,14.170000076293944,1.6394,SLDP,0.5758,Neutral,0.6297,0.149,-21.089787364653965,50,353.75,0.0,0.0
2022-10-26,5.630000114440918,5.590000152587891,5.894999980926514,5.53000020980835,5.630000114440918,1239400.0,12381.979927247527,0,1.6096755919481893,12380.370251655579,2199,-31.11222262640265,18000,Neutral,54.27135714515061,5.292,5.158,6.0663,6.4618,7.685,14.170000076293944,2.1075,SLDP,0.5838,Neutral,0.6236,0.1724,-22.15867134426523,50,351.1099853515625,0.0,0.0
2022-10-27,5.53000020980835,5.699999809265137,5.78000020980835,5.5,5.53000020980835,1341900.0,12162.080136960509,0,1.6096755919481893,12160.47046136856,2199,-32.33388812799719,18000,Neutral,61.36363451638572,5.4,5.17,6.0478,6.4457,7.6581,14.170000076293944,2.2098,SLDP,0.587,Neutral,0.6288,0.1956,-22.91983169701865,50,349.2300109863281,0.0,0.0
2022-10-28,5.550000190734863,5.510000228881836,5.614999771118164,5.364999771118164,5.550000190734863,1122800.0,12206.060095017912,0,1.6096755919481893,12204.450419425964,2199,-32.08955502767829,18000,Neutral,66.2650512427347,5.488,5.1845,6.0283,6.4358,7.6222,14.170000076293944,2.2194,SLDP,0.598,Neutral,0.6133,0.1998,-19.62007807063719,50,357.3800048828125,0.0,0.0
2022-10-29,5.550000190734863,5.510000228881836,5.614999771118164,5.364999771118164,5.550000190734863,1122800.0,12206.060095017912,0,1.6096755919481893,12204.450419425964,2199,-32.08955502767829,18000,Neutral,66.2650512427347,5.488,5.1845,6.0283,6.4358,7.6222,14.170000076293944,2.2194,SLDP,0.598,Neutral,0.6133,0.1998,-19.62007807063719,50,357.3800048828125,0.0,0.0
2022-10-30,5.550000190734863,5.510000228881836,5.614999771118164,5.364999771118164,5.550000190734863,1122800.0,12206.060095017912,0,1.6096755919481893,12204.450419425964,2199,-32.08955502767829,18000,Neutral,66.2650512427347,5.488,5.1845,6.0283,6.4358,7.6222,14.170000076293944,2.2194,SLDP,0.598,Neutral,0.6133,0.1998,-19.62007807063719,50,357.3800048828125,0.0,0.0
2022-10-31,5.610000133514404,5.519999980926514,5.675000190734863,5.402999877929688,5.610000133514404,1184700.0,12337.999969190123,0,1.6096755919481893,12336.390293598175,2199,-31.35655572672156,18000,Neutral,74.35897514273016,5.588,5.1955,6.0118,6.4306,7.5898,14.170000076293944,2.2127,SLDP,0.5867,Neutral,0.61,0.1998,-20.603928763758383,50,354.95001220703125,0.0,0.0
2022-11-01,5.679999828338623,5.760000228881836,5.889999866485596,5.625,5.679999828338623,1235000.0,13490.929618138793,0,0.9300258345630255,13489.99959230423,2375,-28.896107272953742,19000,"cash_0%_Buy 100% of cash (176 shares - DCA Strategy) Monthly invest 5.3% of total investment ($1,000.00)",76.8749828636687,5.6,5.202,5.994,6.423,7.5589,14.170000076293944,2.2019,SLDP,0.621,Neutral,0.6271,0.2076,-21.70721853273068,53,353.5199890136719,0.0,0.0
2022-11-02,5.559999942779541,5.699999809265137,5.885000228881836,5.519999980926514,5.559999942779541,1397600.0,13205.929889935973,0,0.9300258345630255,13204.99986410141,2375,-30.396105842442267,19000,Neutral,69.56521352819084,5.586,5.2055,5.975,6.4088,7.529,14.170000076293944,1.9602,SLDP,0.6076,Neutral,0.6248,0.2124,-25.34781650812836,53,344.5,0.0,0.0
2022-11-03,5.829999923706055,5.559999942779541,5.909999847412109,5.525000095367432,5.829999923706055,1051200.0,13847.179844636443,0,0.9300258345630255,13846.24981880188,2375,-27.021106080860847,19000,Neutral,85.27606374871685,5.646,5.224,5.947,6.3924,7.4973,14.170000076293944,2.0393,SLDP,0.5995,Neutral,0.6156,0.2011,-26.82908698799706,53,340.8299865722656,0.0,0.0
2022-11-04,5.889999866485596,5.949999809265137,6.050000190734863,5.760000228881836,5.889999866485596,1050200.0,13989.679708737853,0,0.9300258345630255,13988.74968290329,2375,-26.271106796116584,19000,Neutral,83.67345548579966,5.714,5.262,5.9228,6.3774,7.4657,14.170000076293944,2.0613,SLDP,0.6028,Neutral,0.6062,0.2345,-24.81504246763044,53,345.82000732421875,0.0,0.0
2022-11-05,5.889999866485596,5.949999809265137,6.050000190734863,5.760000228881836,5.889999866485596,1050200.0,13989.679708737853,0,0.9300258345630255,13988.74968290329,2375,-26.271106796116584,19000,Neutral,83.67345548579966,5.714,5.262,5.9228,6.3774,7.4657,14.170000076293944,2.0613,SLDP,0.6028,Neutral,0.6062,0.2345,-24.81504246763044,53,345.82000732421875,0.0,0.0
2022-11-06,5.889999866485596,5.949999809265137,6.050000190734863,5.760000228881836,5.889999866485596,1050200.0,13989.679708737853,0,0.9300258345630255,13988.74968290329,2375,-26.271106796116584,19000,Neutral,83.67345548579966,5.714,5.262,5.9228,6.3774,7.4657,14.170000076293944,2.0613,SLDP,0.6028,Neutral,0.6062,0.2345,-24.81504246763044,53,345.82000732421875,0.0,0.0
2022-11-07,5.599999904632568,5.949999809265137,5.965000152587891,5.53000020980835,5.599999904632568,1065000.0,13300.929799336913,0,0.9300258345630255,13299.99977350235,2375,-29.896106319279426,19000,Neutral,69.3641585039335,5.712,5.2915,5.894,6.3539,7.4361,14.170000076293944,1.6407,SLDP,0.5964,Neutral,0.5984,0.264,-23.475039511469852,53,349.1400146484375,0.0,0.0
2022-11-08,5.269999980926514,5.610000133514404,5.614999771118164,5.21999979019165,5.269999980926514,1691900.0,12517.179980535033,0,0.9300258345630255,12516.24995470047,2375,-34.02110536560511,19000,Neutral,56.56565024091113,5.63,5.3125,5.8667,6.3256,7.4054,14.170000076293944,0.9166,SLDP,0.6126,Neutral,0.6196,0.2803,-22.708174505057485,53,351.0400085449219,0.0,0.0
2022-11-09,5.110000133514404,5.300000190734863,5.329999923706055,5.010000228881836,5.110000133514404,1182300.0,12137.180342931273,0,0.9300258345630255,12136.25031709671,2375,-36.021103458256476,19000,Neutral,52.83019801568211,5.54,5.327,5.832,6.2935,7.3759,14.170000076293944,0.23,SLDP,0.6009,Neutral,0.6219,0.2735,-25.60209558733581,53,343.8699951171875,0.0,0.0
2022-11-10,5.460000038146973,5.429999828338623,5.686999797821045,5.320000171661377,5.460000038146973,1557700.0,12968.430116433623,0,0.9300258345630255,12967.50009059906,2375,-31.646104650349372,19000,Neutral,57.44680980580544,5.466,5.3535,5.805,6.2678,7.3465,14.170000076293944,0.1982,SLDP,0.6635,Neutral,0.6184,0.2878,-18.006068534789677,53,362.6900024414063,0.0,0.0
2022-11-11,5.630000114440918,5.53000020980835,5.710000038146973,5.4670000076293945,5.630000114440918,994200.0,13372.180297631743,0,0.9300258345630255,13371.25027179718,2375,-29.521103696675056,19000,Neutral,60.31746392167303,5.414,5.401,5.7768,6.2418,7.3204,14.170000076293944,0.3691,SLDP,0.6675,Neutral,0.611,0.291,-16.605525873421563,53,366.1600036621094,0.0,0.0
2022-11-12,5.630000114440918,5.53000020980835,5.710000038146973,5.4670000076293945,5.630000114440918,994200.0,13372.180297631743,0,0.9300258345630255,13371.25027179718,2375,-29.521103696675056,19000,Neutral,60.31746392167303,5.414,5.401,5.7768,6.2418,7.3204,14.170000076293944,0.3691,SLDP,0.6675,Neutral,0.611,0.291,-16.605525873421563,53,366.1600036621094,0.0,0.0
2022-11-13,5.630000114440918,5.53000020980835,5.710000038146973,5.4670000076293945,5.630000114440918,994200.0,13372.180297631743,0,0.9300258345630255,13371.25027179718,2375,-29.521103696675056,19000,Neutral,60.31746392167303,5.414,5.401,5.7768,6.2418,7.3204,14.170000076293944,0.3691,SLDP,0.6675,Neutral,0.611,0.291,-16.605525873421563,53,366.1600036621094,0.0,0.0
2022-11-14,5.429999828338623,5.630000114440918,5.650000095367432,5.34499979019165,5.429999828338623,1236000.0,12897.179618138793,0,0.9300258345630255,12896.24959230423,2375,-32.02110727295374,19000,Neutral,45.70135531819177,5.38,5.4275,5.7535,6.2153,7.2947,14.170000076293944,0.2255,SLDP,0.6609,Neutral,0.6171,0.2825,-17.79215336483253,53,363.2200012207031,0.0,0.0
2022-11-15,5.389999866485596,5.590000152587891,5.625999927520752,5.369999885559082,5.389999866485596,1209200.0,12802.179708737853,0,0.9300258345630255,12801.24968290329,2375,-32.521106796116584,19000,Neutral,44.642849920353264,5.404,5.4505,5.7303,6.1886,7.2703,14.170000076293944,0.0783,SLDP,0.6759,Neutral,0.6305,0.2883,-16.581309991338557,53,366.2200012207031,0.0,0.0
2022-11-16,4.920000076293945,5.320000171661377,5.360000133514404,4.880000114440918,4.920000076293945,1554400.0,11685.930207032683,0,0.9300258345630255,11685.00018119812,2375,-38.396104173512214,19000,Neutral,38.31417001533735,5.366,5.446,5.7055,6.1566,7.2453,14.170000076293944,-0.5707,SLDP,0.6791,Neutral,0.6325,0.2948,-17.7033576914162,53,363.4400024414063,0.0,0.0
2022-11-17,4.710000038146973,4.840000152587891,4.900000095367432,4.679999828338623,4.710000038146973,1596900.0,11187.180116433623,0,0.9300258345630255,11186.25009059906,2375,-41.02110465034937,19000,Neutral,34.999993188038744,5.216,5.432,5.6663,6.1209,7.2181,14.170000076293944,-1.2058,SLDP,0.6716,Neutral,0.6245,0.2695,-18.127147945204797,53,362.3900146484375,0.0,0.0
2022-11-18,4.630000114440918,4.800000190734863,4.809999942779541,4.614999771118164,4.630000114440918,1251200.0,10997.180297631743,0,0.9300258345630255,10996.25027179718,2375,-42.021103696675056,19000,Neutral,32.624108318494166,5.016,5.408,5.6268,6.0843,7.1874,14.170000076293944,-1.6467,SLDP,0.6696,Neutral,0.616,0.2295,-17.481374666543267,53,363.989990234375,0.0,0.0
2022-11-19,4.630000114440918,4.800000190734863,4.809999942779541,4.614999771118164,4.630000114440918,1251200.0,10997.180297631743,0,0.9300258345630255,10996.25027179718,2375,-42.021103696675056,19000,Neutral,32.624108318494166,5.016,5.408,5.6268,6.0843,7.1874,14.170000076293944,-1.6467,SLDP,0.6696,Neutral,0.616,0.2295,-17.481374666543267,53,363.989990234375,0.0,0.0
2022-11-20,4.630000114440918,4.800000190734863,4.809999942779541,4.614999771118164,4.630000114440918,1251200.0,10997.180297631743,0,0.9300258345630255,10996.25027179718,2375,-42.021103696675056,19000,Neutral,32.624108318494166,5.016,5.408,5.6268,6.0843,7.1874,14.170000076293944,-1.6467,SLDP,0.6696,Neutral,0.616,0.2295,-17.481374666543267,53,363.989990234375,0.0,0.0
2022-11-21,4.659999847412109,4.650000095367432,4.675000190734863,4.554999828338623,4.659999847412109,891800.0,11068.429663438323,0,0.9300258345630255,11067.49963760376,2375,-41.64610703453516,19000,Neutral,31.65467169324063,4.862,5.3855,5.5912,6.0524,7.1526,14.170000076293944,-1.8039,SLDP,0.6599,Neutral,0.6064,0.1976,-17.99800067987394,53,362.7099914550781,0.0,0.0
2022-11-22,4.510000228881836,4.659999847412109,4.677999973297119,4.46999979019165,4.510000228881836,1154900.0,10712.180569428923,0,0.9300258345630255,10711.25054359436,2375,-43.52110226616358,19000,Neutral,31.31672434814556,4.686,5.33,5.5533,6.0157,7.1155,14.170000076293944,-1.9946,SLDP,0.682,Neutral,0.6071,0.1749,-16.048535950840616,53,367.5400085449219,0.0,0.0
2022-11-23,4.559999942779541,4.5,4.585000038146973,4.46999979019165,4.559999942779541,663800.0,10830.929889935973,0,0.9300258345630255,10829.99986410141,2375,-42.89610584244227,19000,Neutral,25.48261375379468,4.614,5.2765,5.5192,5.9898,7.0865,14.170000076293944,-1.9411,SLDP,0.6934,Neutral,0.6019,0.1477,-15.120227624762883,53,369.8399963378906,0.0,0.0
2022-11-24,4.559999942779541,4.5,4.585000038146973,4.46999979019165,4.559999942779541,663800.0,10830.929889935973,0,0.9300258345630255,10829.99986410141,2375,-42.89610584244227,19000,Neutral,25.48261375379468,4.614,5.2765,5.5192,5.9898,7.0865,14.170000076293944,-1.9411,SLDP,0.6934,Neutral,0.6019,0.1477,-15.120227624762883,53,369.8399963378906,0.0,0.0
2022-11-25,4.550000190734863,4.599999904632568,4.607999801635742,4.519999980926514,4.550000190734863,306800.0,10807.180478829863,0,0.9300258345630255,10806.2504529953,2375,-43.02110274300074,19000,Neutral,23.622038374900484,4.582,5.2275,5.4853,5.9651,7.0656,14.170000076293944,-1.806,SLDP,0.69,Neutral,0.6008,0.133,-15.13637565193011,53,369.7999877929688,0.0,0.0
2022-11-26,4.550000190734863,4.599999904632568,4.607999801635742,4.519999980926514,4.550000190734863,306800.0,10807.180478829863,0,0.9300258345630255,10806.2504529953,2375,-43.02110274300074,19000,Neutral,23.622038374900484,4.582,5.2275,5.4853,5.9651,7.0656,14.170000076293944,-1.806,SLDP,0.69,Neutral,0.6008,0.133,-15.13637565193011,53,369.7999877929688,0.0,0.0
2022-11-27,4.550000190734863,4.599999904632568,4.607999801635742,4.519999980926514,4.550000190734863,306800.0,10807.180478829863,0,0.9300258345630255,10806.2504529953,2375,-43.02110274300074,19000,Neutral,23.622038374900484,4.582,5.2275,5.4853,5.9651,7.0656,14.170000076293944,-1.806,SLDP,0.69,Neutral,0.6008,0.133,-15.13637565193011,53,369.7999877929688,0.0,0.0
2022-11-28,4.389999866485596,4.510000228881836,4.574999809265137,4.360000133514404,4.389999866485596,1060900.0,10427.179708737853,0,0.9300258345630255,10426.24968290329,2375,-45.021106796116584,19000,Neutral,24.8962532453631,4.534,5.1695,5.4507,5.9391,7.0421,14.170000076293944,-1.8189,SLDP,0.68,Neutral,0.6136,0.1371,-17.49751037637477,53,363.9500122070313,0.0,0.0
2022-11-29,4.289999961853027,4.420000076293945,4.434999942779541,4.28000020980835,4.289999961853027,900100.0,10189.679935235503,0,0.9300258345630255,10188.74990940094,2375,-46.27110560402369,19000,Neutral,27.522923739481413,4.46,5.1035,5.4168,5.9127,7.0197,14.170000076293944,-1.8472,SLDP,0.6773,Neutral,0.6116,0.1424,-17.755829541707996,53,363.30999755859375,0.0,0.0
2022-11-30,3.670000076293945,3.799999952316284,4.019999980926514,2.880000114440918,3.670000076293945,12605300.0,8717.180207032681,0,0.9300258345630255,8716.250181198118,2375,-54.02110417351222,19000,Neutral,22.727260412258403,4.292,5.003,5.3725,5.8845,6.9945,14.170000076293944,-2.5982,SLDP,0.697,Neutral,0.6027,0.1618,-13.243422859314364,53,374.489990234375,0.0,0.0
2022-12-01,3.430000066757202,3.634999990463257,3.700000047683716,3.4100000858306885,3.430000066757202,2555100.0,9146.182054363491,0,1.8018763887910154,9144.380177974701,2666,-54.17008972818256,20000,"cash_0%_Buy 100% of cash (291 shares - DCA Strategy) Monthly invest 5.0% of total investment ($1,000.00)",9.881407914086353,4.066,4.8965,5.3233,5.8556,6.9706,14.170000076293944,-3.2855,SLDP,0.7198,Neutral,0.6075,0.1984,-13.836130946363774,56,374.5400085449219,0.0,0.0
2022-12-02,3.25,3.299999952316284,3.299999952316284,3.164999961853028,3.25,3272300.0,8666.30187638879,0,1.8018763887910154,8664.5,2666,-56.56949061805607,20000,Neutral,3.1495857522503314,3.806,4.7675,5.2732,5.8294,6.9475,14.170000076293944,-3.8269,SLDP,0.7275,Neutral,0.6023,0.2245,-14.053420098963286,56,374.0,0.0,0.0
2022-12-03,3.25,3.299999952316284,3.299999952316284,3.164999961853028,3.25,3272300.0,8666.30187638879,0,1.8018763887910154,8664.5,2666,-56.56949061805607,20000,Neutral,3.1495857522503314,3.806,4.7675,5.2732,5.8294,6.9475,14.170000076293944,-3.8269,SLDP,0.7275,Neutral,0.6023,0.2245,-14.053420098963286,56,374.0,0.0,0.0
2022-12-04,3.25,3.299999952316284,3.299999952316284,3.164999961853028,3.25,3272300.0,8666.30187638879,0,1.8018763887910154,8664.5,2666,-56.56949061805607,20000,Neutral,3.1495857522503314,3.806,4.7675,5.2732,5.8294,6.9475,14.170000076293944,-3.8269,SLDP,0.7275,Neutral,0.6023,0.2245,-14.053420098963286,56,374.0,0.0,0.0
2022-12-05,3.0199999809265137,3.289999961853028,3.289999961853028,2.970000028610229,3.0199999809265137,2399500.0,8053.121825538877,0,1.8018763887910154,8051.319949150085,2666,-59.63539087230563,20000,Neutral,3.1128204690521386,3.532,4.624,5.2132,5.802,6.9225,14.170000076293944,-4.3361,SLDP,0.698,Neutral,0.6068,0.2237,-16.733278715383506,56,367.3399963378906,0.0,0.0
2022-12-06,2.799999952316284,3.0,3.009999990463257,2.720000028610229,2.799999952316284,3851500.0,7466.601749264005,0,1.8018763887910154,7464.799872875214,2666,-62.56799125368,20000,Neutral,2.9090720562813743,3.234,4.484,5.1508,5.7721,6.8918,14.170000076293944,-4.8034,SLDP,0.6975,Neutral,0.626,0.216,-18.869920590150976,56,362.0299987792969,0.0,0.0
2022-12-07,2.690000057220459,2.759999990463257,2.759999990463257,2.609999895095825,2.690000057220459,2818500.0,7173.342028938535,0,1.8018763887910154,7171.540152549744,2666,-64.03428985530735,20000,Neutral,3.3472587138040097,3.038,4.355,5.0893,5.7439,6.8586,14.170000076293944,-5.0558,SLDP,0.6981,Neutral,0.6331,0.2082,-19.151592168694506,56,361.3299865722656,0.0,0.0
2022-12-08,2.619999885559082,2.720000028610229,2.740000009536743,2.565000057220459,2.619999885559082,1925900.0,6986.721571289304,0,1.8018763887910154,6984.919694900513,2666,-64.9673921435535,20000,Neutral,3.555532478982073,2.876,4.2305,5.024,5.7137,6.8272,14.170000076293944,-5.0873,SLDP,0.6906,Neutral,0.6225,0.1926,-18.00480399847035,56,364.1799926757813,0.0,0.0
2022-12-09,2.799999952316284,2.5999999046325684,2.930000066757202,2.5299999713897705,2.799999952316284,3626800.0,7466.601749264005,0,1.8018763887910154,7464.799872875214,2666,-62.56799125368,20000,Neutral,11.063812906890618,2.786,4.0975,4.9663,5.6833,6.7999,14.170000076293944,-4.5134,SLDP,0.677,Neutral,0.623,0.1824,-19.07513880536675,56,361.5199890136719,0.0,0.0
2022-12-10,2.799999952316284,2.5999999046325684,2.930000066757202,2.5299999713897705,2.799999952316284,3626800.0,7466.601749264005,0,1.8018763887910154,7464.799872875214,2666,-62.56799125368,20000,Neutral,11.063812906890618,2.786,4.0975,4.9663,5.6833,6.7999,14.170000076293944,-4.5134,SLDP,0.677,Neutral,0.623,0.1824,-19.07513880536675,56,361.5199890136719,0.0,0.0
2022-12-11,2.799999952316284,2.5999999046325684,2.930000066757202,2.5299999713897705,2.799999952316284,3626800.0,7466.601749264005,0,1.8018763887910154,7464.799872875214,2666,-62.56799125368,20000,Neutral,11.063812906890618,2.786,4.0975,4.9663,5.6833,6.7999,14.170000076293944,-4.5134,SLDP,0.677,Neutral,0.623,0.1824,-19.07513880536675,56,361.5199890136719,0.0,0.0
2022-12-12,2.640000104904175,2.7300000190734863,2.759999990463257,2.5850000381469727,2.640000104904175,2848900.0,7040.042156063321,0,1.8018763887910154,7038.24027967453,2666,-64.7007892196834,20000,Neutral,9.274187307264256,2.71,3.948,4.9083,5.6518,6.7737,14.170000076293944,-4.1663,SLDP,0.668,Neutral,0.6369,0.1823,-16.99885161751797,56,366.6799926757813,0.0,0.0
2022-12-13,2.549999952316284,2.759999990463257,2.802000045776367,2.5199999809265137,2.549999952316284,2532900.0,6800.101749264005,0,1.8018763887910154,6798.299872875214,2666,-65.90049125368,20000,Neutral,9.504123804274087,2.66,3.804,4.847,5.6183,6.7466,14.170000076293944,-3.8565,SLDP,0.6946,Neutral,0.6272,0.2079,-15.908390395187254,56,369.3900146484375,0.0,0.0
2022-12-14,2.4200000762939453,2.549999952316284,2.559999942779541,2.400000095367432,2.4200000762939453,2294500.0,6453.522079788449,0,1.8018763887910154,6451.720203399658,2666,-67.63338960105776,20000,Neutral,7.200002670288086,2.606,3.6555,4.7867,5.5862,6.7203,14.170000076293944,-3.6647,SLDP,0.6954,Neutral,0.6133,0.2389,-16.805704339685953,56,367.1600036621094,0.0,0.0
2022-12-15,2.4200000762939453,2.4200000762939453,2.470000028610229,2.380000114440918,2.4200000762939453,1942100.0,6453.522079788449,0,1.8018763887910154,6451.720203399658,2666,-67.63338960105776,20000,Neutral,7.228917623803866,2.566,3.5305,4.731,5.555,6.693,14.170000076293944,-3.2982,SLDP,0.6858,Neutral,0.6288,0.2448,-20.439203848498266,56,358.1300048828125,0.0,0.0
2022-12-16,2.369999885559082,2.400000095367432,2.4100000858306885,2.2699999809265137,2.369999885559082,2904700.0,6320.221571289304,0,1.8018763887910154,6318.419694900513,2666,-68.2998921435535,20000,Neutral,7.563027651344697,2.48,3.4135,4.6782,5.5268,6.6648,14.170000076293944,-2.9278,SLDP,0.6754,Neutral,0.6217,0.2489,-22.157378374167912,56,353.8599853515625,0.0,0.0
2022-12-17,2.369999885559082,2.400000095367432,2.4100000858306885,2.2699999809265137,2.369999885559082,2904700.0,6320.221571289304,0,1.8018763887910154,6318.419694900513,2666,-68.2998921435535,20000,Neutral,7.563027651344697,2.48,3.4135,4.6782,5.5268,6.6648,14.170000076293944,-2.9278,SLDP,0.6754,Neutral,0.6217,0.2489,-22.157378374167912,56,353.8599853515625,0.0,0.0
2022-12-18,2.369999885559082,2.400000095367432,2.4100000858306885,2.2699999809265137,2.369999885559082,2904700.0,6320.221571289304,0,1.8018763887910154,6318.419694900513,2666,-68.2998921435535,20000,Neutral,7.563027651344697,2.48,3.4135,4.6782,5.5268,6.6648,14.170000076293944,-2.9278,SLDP,0.6754,Neutral,0.6217,0.2489,-22.157378374167912,56,353.8599853515625,0.0,0.0
2022-12-19,2.2100000381469727,2.359999895095825,2.369999885559082,2.184999942779541,2.2100000381469727,2212700.0,5893.66197808862,0,1.8018763887910154,5891.860101699829,2666,-70.43269010955692,20000,Neutral,7.37705174327948,2.394,3.2925,4.6233,5.4996,6.6395,14.170000076293944,-2.808,SLDP,0.6623,Neutral,0.6137,0.2598,-23.384635367052972,56,350.8099975585937,0.0,0.0
2022-12-20,2.240000009536743,2.200000047683716,2.319999933242798,2.1549999713897705,2.240000009536743,1609600.0,5973.6419018137485,0,1.8018763887910154,5971.840025424957,2666,-70.03279049093126,20000,Neutral,11.351352535607164,2.332,3.1715,4.5702,5.4734,6.6143,14.170000076293944,-2.4441,SLDP,0.6625,Neutral,0.6032,0.2681,-23.17056231494636,56,349.6700134277344,1.672,0.0
2022-12-21,2.4200000762939453,2.4200000762939453,2.509999990463257,2.2699999809265137,2.4200000762939453,4568300.0,6453.522079788449,0,1.8018763887910154,6451.720203399658,2666,-67.63338960105776,20000,Neutral,21.78771292008784,2.332,3.067,4.5188,5.4477,6.5922,14.170000076293944,-1.5774,SLDP,0.6749,Neutral,0.5893,0.2809,-21.066117792996963,56,354.8999938964844,0.0,0.0
2022-12-22,2.490000009536743,2.490000009536743,2.569999933242798,2.400000095367432,2.490000009536743,3666000.0,6640.1419018137485,0,1.8018763887910154,6638.340025424957,2666,-66.70029049093128,20000,Neutral,27.38095356358417,2.346,2.9635,4.466,5.4214,6.5717,14.170000076293944,-0.6549,SLDP,0.6646,Neutral,0.6055,0.2871,-23.07399481587644,56,349.9100036621094,0.0,0.0
2022-12-23,2.5,2.490000009536743,2.5799999237060547,2.430000066757202,2.5,1892300.0,6666.801876388791,0,1.8018763887910154,6665.0,2666,-66.56699061805605,20000,Neutral,32.19178194041365,2.372,2.861,4.4195,5.3958,6.5462,14.170000076293944,0.1291,SLDP,0.6626,Neutral,0.5902,0.3125,-22.285331587523572,56,351.8699951171875,0.0,0.0
2022-12-24,2.5,2.490000009536743,2.5799999237060547,2.430000066757202,2.5,1892300.0,6666.801876388791,0,1.8018763887910154,6665.0,2666,-66.56699061805605,20000,Neutral,32.19178194041365,2.372,2.861,4.4195,5.3958,6.5462,14.170000076293944,0.1291,SLDP,0.6626,Neutral,0.5902,0.3125,-22.285331587523572,56,351.8699951171875,0.0,0.0
2022-12-25,2.5,2.490000009536743,2.5799999237060547,2.430000066757202,2.5,1892300.0,6666.801876388791,0,1.8018763887910154,6665.0,2666,-66.56699061805605,20000,Neutral,32.19178194041365,2.372,2.861,4.4195,5.3958,6.5462,14.170000076293944,0.1291,SLDP,0.6626,Neutral,0.5902,0.3125,-22.285331587523572,56,351.8699951171875,0.0,0.0
2022-12-26,2.5,2.490000009536743,2.5799999237060547,2.430000066757202,2.5,1892300.0,6666.801876388791,0,1.8018763887910154,6665.0,2666,-66.56699061805605,20000,Neutral,32.19178194041365,2.372,2.861,4.4195,5.3958,6.5462,14.170000076293944,0.1291,SLDP,0.6626,Neutral,0.5902,0.3125,-22.285331587523572,56,351.8699951171875,0.0,0.0
2022-12-27,2.25,2.5199999809265137,2.5199999809265137,2.240000009536743,2.25,2522700.0,6000.301876388791,0,1.8018763887910154,5998.5,2666,-69.89949061805606,20000,Neutral,31.54362587932852,2.38,2.754,4.3693,5.3646,6.5224,14.170000076293944,0.1704,SLDP,0.6455,Neutral,0.5894,0.3421,-22.848662464918476,56,350.4700012207031,0.0,0.0
2022-12-28,2.2699999809265137,2.299999952316284,2.309999942779541,2.220000028610229,2.2699999809265137,1770500.0,6053.621825538877,0,1.8018763887910154,6051.819949150085,2666,-69.63289087230564,20000,Neutral,34.999998297010265,2.386,2.653,4.3173,5.3326,6.5002,14.170000076293944,0.3628,SLDP,0.6492,Neutral,0.5995,0.3414,-24.578895648279705,56,346.1700134277344,0.0,0.0
2022-12-29,2.3399999141693115,2.309999942779541,2.390000104904175,2.240000009536743,2.3399999141693115,6514900.0,6240.241647564176,0,1.8018763887910154,6238.4397711753845,2666,-68.69979176217913,20000,Neutral,40.0,2.37,2.5865,4.2638,5.3029,6.4753,14.170000076293944,0.7724,SLDP,0.6614,Neutral,0.5934,0.3453,-22.10828298610059,56,352.3099975585937,0.0,0.0
2022-12-30,2.539999961853028,2.299999952316284,2.549999952316284,2.289999961853028,2.539999961853028,2485700.0,6773.441774688963,0,1.8018763887910154,6771.639898300172,2666,-66.0337911265552,20000,Neutral,40.84506971309681,2.38,2.542,4.2147,5.2739,6.4506,14.170000076293944,1.6315,SLDP,0.6521,Neutral,0.5903,0.3495,-22.498593001097774,56,351.3399963378906,0.0,0.0
2022-12-31,2.539999961853028,2.299999952316284,2.549999952316284,2.289999961853028,2.539999961853028,2485700.0,6773.441774688963,0,1.8018763887910154,6771.639898300172,2666,-66.0337911265552,20000,Neutral,40.84506971309681,2.38,2.542,4.2147,5.2739,6.4506,14.170000076293944,1.6315,SLDP,0.6521,Neutral,0.5903,0.3495,-22.498593001097774,56,351.3399963378906,0.0,0.0
2023-01-01,2.539999961853028,2.299999952316284,2.549999952316284,2.289999961853028,2.539999961853028,2485700.0,7772.441014703993,0,0.041131433727969124,7772.399883270265,3060,-62.88937612045719,21000,"cash_0%_Buy 100% of cash (394 shares - DCA Strategy) Monthly invest 4.8% of total investment ($1,000.00)",40.84506971309681,2.38,2.542,4.2147,5.2739,6.4506,14.170000076293944,1.6315,SLDP,0.6521,Neutral,0.5903,0.3495,-22.995488254858508,60,351.3399963378906,0.0,0.0
2023-01-02,2.539999961853028,2.299999952316284,2.549999952316284,2.289999961853028,2.539999961853028,2485700.0,7772.441014703993,0,0.041131433727969124,7772.399883270265,3060,-62.88937612045719,21000,Neutral,40.84506971309681,2.38,2.542,4.2147,5.2739,6.4506,14.170000076293944,1.6315,SLDP,0.6521,Neutral,0.5903,0.3495,-22.995488254858508,60,351.3399963378906,0.0,0.0
2023-01-03,2.369999885559082,2.5899999141693115,2.619999885559082,2.319999933242798,2.369999885559082,2826700.0,7252.240781244519,0,0.041131433727969124,7252.199649810791,3060,-65.36652008931182,21000,Neutral,40.55943333074909,2.354,2.498,4.1632,5.2436,6.4283,14.170000076293944,1.8215,SLDP,0.666,Neutral,0.6068,0.3436,-23.5386671812142,60,349.989990234375,0.0,0.0
2023-01-04,2.240000009536743,2.400000095367432,2.400000095367432,2.220000028610229,2.240000009536743,2687200.0,6854.441160616162,0,0.041131433727969124,6854.400029182434,3060,-67.26080399706592,21000,Neutral,39.45578275425724,2.352,2.459,4.115,5.2123,6.4052,14.170000076293944,1.6612,SLDP,0.6934,Neutral,0.6115,0.3164,-22.524729910993614,60,352.510009765625,0.0,0.0
2023-01-05,2.0299999713897705,2.2100000381469727,2.2300000190734863,2.0199999809265137,2.0299999713897705,3152500.0,6211.841043886426,0,0.041131433727969124,6211.799912452698,3060,-70.3208045529218,21000,Neutral,37.41935106767689,2.304,2.4205,4.0653,5.1787,6.3819,14.170000076293944,1.0615,SLDP,0.7001,Neutral,0.6195,0.2862,-24.073791190290493,60,348.6600036621094,0.0,0.0
2023-01-06,2.009999990463257,2.0299999713897705,2.059999942779541,1.945000052452088,2.009999990463257,3172000.0,6150.641102251294,0,0.041131433727969124,6150.599970817566,3060,-70.61223284642242,21000,Neutral,36.94267187057,2.238,2.3865,4.018,5.1452,6.3612,14.170000076293944,0.6819,SLDP,0.721,Neutral,0.6158,0.2711,-20.88313531368202,60,356.5899963378906,0.0,0.0
2023-01-07,2.009999990463257,2.0299999713897705,2.059999942779541,1.945000052452088,2.009999990463257,3172000.0,6150.641102251294,0,0.041131433727969124,6150.599970817566,3060,-70.61223284642242,21000,Neutral,36.94267187057,2.238,2.3865,4.018,5.1452,6.3612,14.170000076293944,0.6819,SLDP,0.721,Neutral,0.6158,0.2711,-20.88313531368202,60,356.5899963378906,0.0,0.0
2023-01-08,2.009999990463257,2.0299999713897705,2.059999942779541,1.945000052452088,2.009999990463257,3172000.0,6150.641102251294,0,0.041131433727969124,6150.599970817566,3060,-70.61223284642242,21000,Neutral,36.94267187057,2.238,2.3865,4.018,5.1452,6.3612,14.170000076293944,0.6819,SLDP,0.721,Neutral,0.6158,0.2711,-20.88313531368202,60,356.5899963378906,0.0,0.0
2023-01-09,2.220000028610229,2.069999933242798,2.315000057220459,2.049999952316284,2.220000028610229,2856400.0,6793.241218981029,0,0.041131433727969124,6793.200087547301,3060,-67.55223229056654,21000,Neutral,45.66474346915613,2.174,2.3665,3.9747,5.1116,6.3402,14.170000076293944,1.083,SLDP,0.7217,Neutral,0.6233,0.2665,-20.98775100761585,60,356.3299865722656,0.0,0.0
2023-01-10,2.2799999713897705,2.2799999713897705,2.299999952316284,2.181999921798706,2.2799999713897705,1464100.0,6976.841043886426,0,0.041131433727969124,6976.799912452698,3060,-66.67794741006466,21000,Neutral,52.14723737935543,2.156,2.3405,3.9305,5.0773,6.3214,14.170000076293944,1.5757,SLDP,0.7276,Neutral,0.6111,0.2751,-19.965771098953162,60,358.8699951171875,0.0,0.0
2023-01-11,2.359999895095825,2.3399999141693115,2.430000066757202,2.2699999809265137,2.359999895095825,1607600.0,7221.640810426953,0,0.041131433727969124,7221.599678993225,3060,-65.51223423606214,21000,Neutral,53.57142553037496,2.18,2.3265,3.8918,5.0445,6.3053,14.170000076293944,2.1568,SLDP,0.7313,Neutral,0.6158,0.3108,-18.122987752216012,60,363.4500122070313,0.0,0.0
2023-01-12,2.650000095367432,2.470000028610229,2.6600000858306885,2.315000057220459,2.650000095367432,3037500.0,8109.04142325807,0,0.041131433727969124,8109.000291824342,3060,-61.28651703210445,21000,Neutral,56.42458167528082,2.304,2.3315,3.8543,5.0178,6.2915,14.170000076293944,3.3218,SLDP,0.7329,Neutral,0.5968,0.3519,-17.575793646057946,60,364.80999755859375,0.0,0.0
2023-01-13,2.740000009536743,2.680000066757202,2.819999933242798,2.5999999046325684,2.740000009536743,2752800.0,8384.441160616163,0,0.041131433727969124,8384.400029182434,3060,-59.975089711351615,21000,Neutral,56.90607756639167,2.45,2.3475,3.8178,4.991,6.2751,14.170000076293944,4.2441,SLDP,0.7295,Neutral,0.5922,0.3969,-17.00444706689894,60,366.2300109863281,0.0,0.0
2023-01-14,2.740000009536743,2.680000066757202,2.819999933242798,2.5999999046325684,2.740000009536743,2752800.0,8384.441160616163,0,0.041131433727969124,8384.400029182434,3060,-59.975089711351615,21000,Neutral,56.90607756639167,2.45,2.3475,3.8178,4.991,6.2751,14.170000076293944,4.2441,SLDP,0.7295,Neutral,0.5922,0.3969,-17.00444706689894,60,366.2300109863281,0.0,0.0
2023-01-15,2.740000009536743,2.680000066757202,2.819999933242798,2.5999999046325684,2.740000009536743,2752800.0,8384.441160616163,0,0.041131433727969124,8384.400029182434,3060,-59.975089711351615,21000,Neutral,56.90607756639167,2.45,2.3475,3.8178,4.991,6.2751,14.170000076293944,4.2441,SLDP,0.7295,Neutral,0.5922,0.3969,-17.00444706689894,60,366.2300109863281,0.0,0.0
2023-01-16,2.740000009536743,2.680000066757202,2.819999933242798,2.5999999046325684,2.740000009536743,2752800.0,8384.441160616163,0,0.041131433727969124,8384.400029182434,3060,-59.975089711351615,21000,Neutral,56.90607756639167,2.45,2.3475,3.8178,4.991,6.2751,14.170000076293944,4.2441,SLDP,0.7295,Neutral,0.5922,0.3969,-17.00444706689894,60,366.2300109863281,0.0,0.0
2023-01-17,2.7300000190734863,2.819000005722046,2.880000114440918,2.720000028610229,2.7300000190734863,2401900.0,8353.841189798597,0,0.041131433727969124,8353.800058364868,3060,-60.12080385810194,21000,Neutral,56.35359188797224,2.552,2.363,3.7798,4.9646,6.2578,14.170000076293944,4.6925,SLDP,0.717,Neutral,0.5983,0.4521,-17.22976373165077,60,365.6700134277344,0.0,0.0
2023-01-18,2.9100000858306885,2.7799999713897705,3.0799999237060547,2.7699999809265137,2.9100000858306885,3596700.0,8904.641394075636,0,0.041131433727969124,8904.600262641907,3060,-57.497945742496995,21000,Neutral,68.96551960383053,2.678,2.39,3.7452,4.9382,6.2437,14.170000076293944,5.2887,SLDP,0.7194,Neutral,0.6093,0.4563,-19.619741184545987,60,359.7300109863281,0.0,0.0
2023-01-19,2.799999952316284,2.890000104904175,2.9100000858306885,2.720000028610229,2.799999952316284,2025800.0,8568.040985521558,0,0.041131433727969124,8567.99985408783,3060,-59.10080483084974,21000,Neutral,64.4808722523401,2.766,2.4195,3.7067,4.9088,6.2304,14.170000076293944,5.2022,SLDP,0.7149,Neutral,0.6107,0.4634,-20.66183382873259,60,357.1400146484375,0.0,0.0
2023-01-20,3.069999933242798,2.950000047683716,3.0999999046325684,2.8299999237060547,3.069999933242798,3573500.0,9394.24092715669,0,0.041131433727969124,9394.199795722961,3060,-55.16651939449198,21000,Neutral,67.98029417795982,2.85,2.461,3.6727,4.8816,6.216,14.170000076293944,5.6123,SLDP,0.723,Neutral,0.6049,0.4679,-18.018384337119528,60,363.7099914550781,0.0,0.0
2023-01-21,3.069999933242798,2.950000047683716,3.0999999046325684,2.8299999237060547,3.069999933242798,3573500.0,9394.24092715669,0,0.041131433727969124,9394.199795722961,3060,-55.16651939449198,21000,Neutral,67.98029417795982,2.85,2.461,3.6727,4.8816,6.216,14.170000076293944,5.6123,SLDP,0.723,Neutral,0.6049,0.4679,-18.018384337119528,60,363.7099914550781,0.0,0.0
2023-01-22,3.069999933242798,2.950000047683716,3.0999999046325684,2.8299999237060547,3.069999933242798,3573500.0,9394.24092715669,0,0.041131433727969124,9394.199795722961,3060,-55.16651939449198,21000,Neutral,67.98029417795982,2.85,2.461,3.6727,4.8816,6.216,14.170000076293944,5.6123,SLDP,0.723,Neutral,0.6049,0.4679,-18.018384337119528,60,363.7099914550781,0.0,0.0
2023-01-23,3.1700000762939453,3.1700000762939453,3.2249999046325684,2.950000047683716,3.1700000762939453,3416500.0,9700.241364893202,0,0.041131433727969124,9700.200233459473,3060,-53.709374452889534,21000,Neutral,66.32124390735622,2.936,2.4985,3.6318,4.8562,6.2026,14.170000076293944,5.8641,SLDP,0.7199,Neutral,0.6017,0.4757,-16.235951475791396,60,368.1400146484375,0.0,0.0
2023-01-24,3.039999961853028,3.130000114440918,3.200000047683716,3.0199999809265137,3.039999961853028,2118200.0,9302.441014703993,0,0.041131433727969124,9302.399883270265,3060,-55.603661834742915,21000,Neutral,67.72486652346419,2.998,2.526,3.5887,4.8275,6.186,14.170000076293944,5.4542,SLDP,0.7215,Neutral,0.5984,0.4816,-16.39287501669213,60,367.75,0.0,0.0
2023-01-25,3.200000047683716,3.0,3.2300000190734863,2.880000114440918,3.200000047683716,2373000.0,9792.0412773459,0,0.041131433727969124,9792.00014591217,3060,-53.2722320126386,21000,Neutral,74.99999379118464,3.056,2.561,3.5498,4.7988,6.1664,14.170000076293944,5.312,SLDP,0.726,Neutral,0.5967,0.4916,-16.340567169725226,60,367.8800048828125,0.0,0.0
2023-01-26,3.119999885559082,3.2699999809265137,3.319999933242798,3.059999942779541,3.119999885559082,1866600.0,9547.24078124452,0,0.041131433727969124,9547.199649810791,3060,-54.437948660740396,21000,Neutral,80.44691345954952,3.12,2.6045,3.5093,4.7688,6.1466,14.170000076293944,4.7868,SLDP,0.7323,Neutral,0.5897,0.4981,-14.759323057822655,60,371.80999755859375,0.0,0.0
2023-01-27,3.440000057220459,3.1449999809265137,3.509999990463257,3.0899999141693115,3.440000057220459,3499600.0,10526.441306528333,0,0.041131433727969124,10526.400175094604,3060,-49.77508901653176,21000,Neutral,84.21051370740852,3.194,2.663,3.4732,4.7425,6.13,14.170000076293944,4.9178,SLDP,0.7325,Neutral,0.5847,0.4894,-14.332829922482567,60,372.8699951171875,0.0,0.0
2023-01-28,3.440000057220459,3.1449999809265137,3.509999990463257,3.0899999141693115,3.440000057220459,3499600.0,10526.441306528333,0,0.041131433727969124,10526.400175094604,3060,-49.77508901653176,21000,Neutral,84.21051370740852,3.194,2.663,3.4732,4.7425,6.13,14.170000076293944,4.9178,SLDP,0.7325,Neutral,0.5847,0.4894,-14.332829922482567,60,372.8699951171875,0.0,0.0
2023-01-29,3.440000057220459,3.1449999809265137,3.509999990463257,3.0899999141693115,3.440000057220459,3499600.0,10526.441306528333,0,0.041131433727969124,10526.400175094604,3060,-49.77508901653176,21000,Neutral,84.21051370740852,3.194,2.663,3.4732,4.7425,6.13,14.170000076293944,4.9178,SLDP,0.7325,Neutral,0.5847,0.4894,-14.332829922482567,60,372.8699951171875,0.0,0.0
2023-01-30,3.220000028610229,3.4800000190734863,3.490000009536743,3.220000028610229,3.220000028610229,2327300.0,9853.241218981027,0,0.041131433727969124,9853.2000875473,3060,-52.98080371913798,21000,Neutral,73.8095140781572,3.204,2.707,3.4322,4.7131,6.1119,14.170000076293944,4.2611,SLDP,0.7142,Neutral,0.5945,0.4644,-16.20779610182541,60,368.2099914550781,0.0,0.0
2023-01-31,3.3499999046325684,3.289999961853028,3.400000095367432,3.2300000190734863,3.3499999046325684,2206900.0,10251.040839609388,0,0.041131433727969124,10250.99970817566,3060,-51.08651981138388,21000,Neutral,74.65436734884021,3.266,2.7475,3.3953,4.6852,6.0917,14.170000076293944,3.8951,SLDP,0.7233,Neutral,0.5904,0.4555,-14.103485799091018,60,373.4400024414063,0.0,0.0
2023-02-01,3.4200000762939453,3.390000104904175,3.4800000190734863,3.319999933242798,3.4200000762939453,2131400.0,11464.242724870923,0,0.40246913361829684,11463.840255737305,3352,-47.79080579604128,22000,"cash_0%_Buy 100% of cash (292 shares - DCA Strategy) Monthly invest 4.5% of total investment ($1,000.00)",74.5370294229357,3.31,2.8,3.3552,4.6511,6.0706,14.170000076293944,3.5876,SLDP,0.748,Neutral,0.58,0.4328,-13.065416636496941,63,377.5299987792969,0.0,0.0
2023-02-02,3.650000095367432,3.5299999713897705,3.859999895095825,3.5299999713897705,3.650000095367432,3273900.0,12235.20278880525,0,0.40246913361829684,12234.800319671633,3352,-44.28644186906706,22000,Neutral,73.8095140781572,3.416,2.8705,3.3178,4.6203,6.0528,14.170000076293944,3.6415,SLDP,0.7486,Neutral,0.5869,0.4067,-10.895124469720471,63,382.9400024414063,0.0,0.0
2023-02-03,3.640000104904175,3.549999952316284,3.809999942779541,3.5,3.640000104904175,2663900.0,12201.682820772412,0,0.40246913361829684,12201.280351638794,3352,-44.43880536012542,22000,Neutral,72.27721977626905,3.456,2.951,3.2852,4.5896,6.0371,14.170000076293944,3.4148,SLDP,0.738,Neutral,0.5746,0.3593,-12.535878814571966,63,378.8500061035156,0.0,0.0
2023-02-04,3.640000104904175,3.549999952316284,3.809999942779541,3.5,3.640000104904175,2663900.0,12201.682820772412,0,0.40246913361829684,12201.280351638794,3352,-44.43880536012542,22000,Neutral,72.27721977626905,3.456,2.951,3.2852,4.5896,6.0371,14.170000076293944,3.4148,SLDP,0.738,Neutral,0.5746,0.3593,-12.535878814571966,63,378.8500061035156,0.0,0.0
2023-02-05,3.640000104904175,3.549999952316284,3.809999942779541,3.5,3.640000104904175,2663900.0,12201.682820772412,0,0.40246913361829684,12201.280351638794,3352,-44.43880536012542,22000,Neutral,72.27721977626905,3.456,2.951,3.2852,4.5896,6.0371,14.170000076293944,3.4148,SLDP,0.738,Neutral,0.5746,0.3593,-12.535878814571966,63,378.8500061035156,0.0,0.0
2023-02-06,3.4100000858306885,3.630000114440918,3.651999950408936,3.369999885559082,3.4100000858306885,2573500.0,11430.722756838086,0,0.40246913361829684,11430.320287704468,3352,-47.94316928709963,22000,Neutral,65.17856639182905,3.494,3.021,3.2542,4.5604,6.0223,14.170000076293944,2.5996,SLDP,0.7271,Neutral,0.5803,0.3332,-13.41442630560121,63,376.6600036621094,0.0,0.0
2023-02-07,3.400000095367432,3.430000066757202,3.438999891281128,3.260999917984009,3.400000095367432,2120500.0,11397.20278880525,0,0.40246913361829684,11396.800319671633,3352,-48.09553277815797,22000,Neutral,61.8357439514557,3.504,3.08,3.2257,4.5288,6.0077,14.170000076293944,1.8947,SLDP,0.7387,Neutral,0.5697,0.3265,-11.464781019218613,63,381.5199890136719,0.0,0.0
2023-02-08,3.630000114440918,3.369999885559082,3.684999942779541,3.3329999446868896,3.630000114440918,2529000.0,12168.162852739575,0,0.40246913361829684,12167.760383605957,3352,-44.591168851183774,22000,Neutral,68.94976870684312,3.546,3.1475,3.1952,4.5001,5.9924,14.170000076293944,1.7523,SLDP,0.728,Neutral,0.5808,0.3403,-13.141638546130835,63,377.3399963378906,0.0,0.0
2023-02-09,3.380000114440918,3.670000076293945,3.7699999809265137,3.325000047683716,3.380000114440918,2748600.0,11330.162852739575,0,0.40246913361829684,11329.760383605957,3352,-48.40025976027468,22000,Neutral,57.14285871243247,3.492,3.1985,3.1577,4.4673,5.9747,14.170000076293944,1.0434,SLDP,0.7123,Neutral,0.592,0.3495,-14.437398767390363,63,374.1099853515625,0.0,0.0
2023-02-10,3.309999942779541,3.299999952316284,3.3499999046325684,3.180000066757202,3.309999942779541,1601500.0,11095.52227733064,0,0.40246913361829684,11095.119808197021,3352,-49.4668078303153,22000,Neutral,53.271023664260426,3.426,3.2315,3.1223,4.4379,5.9553,14.170000076293944,0.3656,SLDP,0.7107,Neutral,0.5867,0.3832,-14.07233915875348,63,375.0199890136719,0.0,0.0
2023-02-11,3.309999942779541,3.299999952316284,3.3499999046325684,3.180000066757202,3.309999942779541,1601500.0,11095.52227733064,0,0.40246913361829684,11095.119808197021,3352,-49.4668078303153,22000,Neutral,53.271023664260426,3.426,3.2315,3.1223,4.4379,5.9553,14.170000076293944,0.3656,SLDP,0.7107,Neutral,0.5867,0.3832,-14.07233915875348,63,375.0199890136719,0.0,0.0
2023-02-12,3.309999942779541,3.299999952316284,3.3499999046325684,3.180000066757202,3.309999942779541,1601500.0,11095.52227733064,0,0.40246913361829684,11095.119808197021,3352,-49.4668078303153,22000,Neutral,53.271023664260426,3.426,3.2315,3.1223,4.4379,5.9553,14.170000076293944,0.3656,SLDP,0.7107,Neutral,0.5867,0.3832,-14.07233915875348,63,375.0199890136719,0.0,0.0
2023-02-13,3.3299999237060547,3.299999952316284,3.384999990463257,3.184999942779541,3.3299999237060547,1480900.0,11162.562213396313,0,0.40246913361829684,11162.159744262695,3352,-49.1620808481986,22000,Neutral,57.14285378721324,3.41,3.261,3.088,4.4092,5.9383,14.170000076293944,-0.0858,SLDP,0.7188,Neutral,0.583,0.4068,-12.335297419223124,63,379.3500061035156,0.0,0.0
2023-02-14,3.5199999809265137,3.2799999713897705,3.558000087738037,3.220000028610229,3.5199999809265137,2124400.0,11799.442405199292,0,0.40246913361829684,11799.039936065674,3352,-46.26717088545779,22000,Neutral,57.76698618989756,3.434,3.3005,3.0647,4.3851,5.9225,14.170000076293944,-0.0484,SLDP,0.7176,Neutral,0.562,0.4071,-12.391466086328862,63,379.2099914550781,0.0,0.0
2023-02-15,3.75,3.525000095367432,3.759999990463257,3.4600000381469727,3.75,2367500.0,12570.402469133618,0,0.40246913361829684,12570.0,3352,-42.762806958483566,22000,Neutral,64.25339293292973,3.458,3.3425,3.0487,4.3575,5.9083,14.170000076293944,0.358,SLDP,0.7182,Neutral,0.5491,0.3919,-11.881981506932092,63,380.4800109863281,0.0,0.0
2023-02-16,3.440000057220459,3.700000047683716,3.700000047683716,3.440000057220459,3.440000057220459,2595700.0,11531.282660936597,0,0.40246913361829684,11530.880191802979,3352,-47.48607881392458,22000,Neutral,50.0,3.47,3.3745,3.0288,4.3278,5.8945,14.170000076293944,-0.0394,SLDP,0.7041,Neutral,0.5728,0.3846,-14.004136097627452,63,375.1900024414063,0.0,0.0
2023-02-17,3.569999933242798,3.430000066757202,3.5799999237060547,3.3949999809265137,3.569999933242798,1556800.0,11967.042245363476,0,0.40246913361829684,11966.639776229858,3352,-45.50535343016603,22000,Neutral,58.29383607785869,3.522,3.3995,3.0107,4.3009,5.8797,14.170000076293944,-0.0919,SLDP,0.7144,Neutral,0.5715,0.3592,-14.393264494304887,63,374.2200012207031,0.0,0.0
2023-02-18,3.569999933242798,3.430000066757202,3.5799999237060547,3.3949999809265137,3.569999933242798,1556800.0,11967.042245363476,0,0.40246913361829684,11966.639776229858,3352,-45.50535343016603,22000,Neutral,58.29383607785869,3.522,3.3995,3.0107,4.3009,5.8797,14.170000076293944,-0.0919,SLDP,0.7144,Neutral,0.5715,0.3592,-14.393264494304887,63,374.2200012207031,0.0,0.0
2023-02-19,3.569999933242798,3.430000066757202,3.5799999237060547,3.3949999809265137,3.569999933242798,1556800.0,11967.042245363476,0,0.40246913361829684,11966.639776229858,3352,-45.50535343016603,22000,Neutral,58.29383607785869,3.522,3.3995,3.0107,4.3009,5.8797,14.170000076293944,-0.0919,SLDP,0.7144,Neutral,0.5715,0.3592,-14.393264494304887,63,374.2200012207031,0.0,0.0
2023-02-20,3.569999933242798,3.430000066757202,3.5799999237060547,3.3949999809265137,3.569999933242798,1556800.0,11967.042245363476,0,0.40246913361829684,11966.639776229858,3352,-45.50535343016603,22000,Neutral,58.29383607785869,3.522,3.3995,3.0107,4.3009,5.8797,14.170000076293944,-0.0919,SLDP,0.7144,Neutral,0.5715,0.3592,-14.393264494304887,63,374.2200012207031,0.0,0.0
2023-02-21,3.240000009536743,3.5199999809265137,3.539999961853028,3.220000028610229,3.240000009536743,2158500.0,10860.882501100781,0,0.40246913361829684,10860.480031967163,3352,-50.53335226772374,22000,Neutral,47.61905007646424,3.504,3.403,2.9895,4.2714,5.8599,14.170000076293944,-0.7808,SLDP,0.6757,Neutral,0.6017,0.322,-17.373901090984575,63,366.7900085449219,0.0,0.0
2023-02-22,3.3399999141693115,3.25,3.3499999046325684,3.2300000190734863,3.3399999141693115,1247300.0,11196.08218142915,0,0.40246913361829684,11195.679712295532,3352,-49.00971735714025,22000,Neutral,48.290594763696106,3.468,3.418,2.9692,4.2442,5.8405,14.170000076293944,-1.0289,SLDP,0.6818,Neutral,0.5956,0.3001,-17.558444789317605,63,366.3299865722656,0.0,0.0
2023-02-23,3.390000104904175,3.440000057220459,3.470000028610229,3.2799999713897705,3.390000104904175,1719000.0,11363.682820772412,0,0.40246913361829684,11363.280351638794,3352,-48.24789626921633,22000,Neutral,43.98148194139384,3.396,3.4275,2.9498,4.2176,5.8213,14.170000076293944,-1.0783,SLDP,0.6961,Neutral,0.5817,0.2854,-16.82029448101909,63,368.1700134277344,0.0,0.0
2023-02-24,3.299999952316284,3.319999933242798,3.361999988555908,3.25,3.299999952316284,1260900.0,11062.002309297803,0,0.40246913361829684,11061.599840164185,3352,-49.61917132137364,22000,Neutral,42.41071171982584,3.368,3.4365,2.9317,4.1912,5.8029,14.170000076293944,-1.2616,SLDP,0.6871,Neutral,0.5856,0.2845,-18.400876855769276,63,364.2300109863281,0.0,0.0
2023-02-25,3.299999952316284,3.319999933242798,3.361999988555908,3.25,3.299999952316284,1260900.0,11062.002309297803,0,0.40246913361829684,11061.599840164185,3352,-49.61917132137364,22000,Neutral,42.41071171982584,3.368,3.4365,2.9317,4.1912,5.8029,14.170000076293944,-1.2616,SLDP,0.6871,Neutral,0.5856,0.2845,-18.400876855769276,63,364.2300109863281,0.0,0.0
2023-02-26,3.299999952316284,3.319999933242798,3.361999988555908,3.25,3.299999952316284,1260900.0,11062.002309297803,0,0.40246913361829684,11061.599840164185,3352,-49.61917132137364,22000,Neutral,42.41071171982584,3.368,3.4365,2.9317,4.1912,5.8029,14.170000076293944,-1.2616,SLDP,0.6871,Neutral,0.5856,0.2845,-18.400876855769276,63,364.2300109863281,0.0,0.0
2023-02-27,3.380000114440918,3.380000114440918,3.450000047683716,3.3499999046325684,3.380000114440918,1473300.0,11330.162852739575,0,0.40246913361829684,11329.760383605957,3352,-48.40025976027468,22000,Neutral,49.28229746944393,3.33,3.4335,2.9165,4.1667,5.7857,14.170000076293944,-1.1959,SLDP,0.6839,Neutral,0.5749,0.2827,-17.895420064401634,63,365.489990234375,0.0,0.0
2023-02-28,3.380000114440918,3.380000114440918,3.490000009536743,3.2300000190734863,3.380000114440918,2023900.0,11330.162852739575,0,0.40246913361829684,11329.760383605957,3352,-48.40025976027468,22000,Neutral,49.5192313203091,3.358,3.4415,2.9117,4.1421,5.7665,14.170000076293944,-1.126,SLDP,0.6803,Neutral,0.5734,0.2949,-18.44902667436712,63,364.1099853515625,0.0,0.0
2023-03-01,2.930000066757202,3.299999952316284,3.4800000190734863,2.859999895095825,2.930000066757202,4874300.0,10820.763562880995,0,0.2733163466482438,10820.490246534348,3693,-52.85420190051744,23000,"cash_0%_Buy 100% of cash (341 shares - DCA Strategy) Monthly invest 4.3% of total investment ($1,000.00)",34.78261049843883,3.276,3.4205,2.9033,4.1133,5.7438,14.170000076293944,-1.9122,SLDP,0.6722,Neutral,0.5693,0.3208,-19.50767287713466,65,362.7799987792969,0.0,0.0
2023-03-02,3.109999895095825,2.900000095367432,3.200000047683716,2.8499999046325684,3.109999895095825,2792300.0,11485.50292893553,0,0.2733163466482438,11485.229612588882,3693,-49.96403074375859,23000,Neutral,43.94618412177351,3.22,3.405,2.901,4.0871,5.7211,14.170000076293944,-1.9929,SLDP,0.6706,Neutral,0.5512,0.3396,-18.42679122781039,65,365.489990234375,0.0,0.0
2023-03-03,3.220000028610229,3.150000095367432,3.2799999713897705,3.009999990463257,3.220000028610229,2025600.0,11891.733422004225,0,0.2733163466482438,11891.460105657576,3693,-48.1978112086773,23000,Neutral,48.01762322747093,3.204,3.3835,2.9043,4.0588,5.6985,14.170000076293944,-1.749,SLDP,0.6891,Neutral,0.54,0.3661,-16.1174429920772,65,371.2799987792969,0.0,0.0
2023-03-04,3.220000028610229,3.150000095367432,3.2799999713897705,3.009999990463257,3.220000028610229,2025600.0,11891.733422004225,0,0.2733163466482438,11891.460105657576,3693,-48.1978112086773,23000,Neutral,48.01762322747093,3.204,3.3835,2.9043,4.0588,5.6985,14.170000076293944,-1.749,SLDP,0.6891,Neutral,0.54,0.3661,-16.1174429920772,65,371.2799987792969,0.0,0.0
2023-03-05,3.220000028610229,3.150000095367432,3.2799999713897705,3.009999990463257,3.220000028610229,2025600.0,11891.733422004225,0,0.2733163466482438,11891.460105657576,3693,-48.1978112086773,23000,Neutral,48.01762322747093,3.204,3.3835,2.9043,4.0588,5.6985,14.170000076293944,-1.749,SLDP,0.6891,Neutral,0.54,0.3661,-16.1174429920772,65,371.2799987792969,0.0,0.0
2023-03-06,3.049999952316284,3.259999990463257,3.2799999713897705,3.0,3.049999952316284,2264300.0,11263.923140250685,0,0.2733163466482438,11263.649823904037,3693,-50.92742112934487,23000,Neutral,44.21487737651323,3.138,3.354,2.9085,4.0297,5.6746,14.170000076293944,-1.8568,SLDP,0.6838,Neutral,0.5406,0.394,-15.937955364675084,65,371.7300109863281,0.0,0.0
2023-03-07,2.9100000858306885,3.049999952316284,3.049999952316284,2.900000095367432,2.9100000858306885,1989400.0,10746.90363331938,0,0.2733163466482438,10746.630316972733,3693,-53.17533202904618,23000,Neutral,37.130804574135645,3.044,3.329,2.9122,4.0008,5.652,14.170000076293944,-2.1238,SLDP,0.6847,Neutral,0.56,0.3813,-18.231346169272776,65,365.9800109863281,0.0,0.0
2023-03-08,3.0199999809265137,2.970000028610229,3.059999942779541,2.8499999046325684,3.0199999809265137,2470100.0,11153.133245908262,0,0.2733163466482438,11152.859929561615,3693,-51.409116322138004,23000,Neutral,33.77777735392252,3.062,3.31,2.9188,3.9714,5.6267,14.170000076293944,-1.9755,SLDP,0.6855,Neutral,0.5542,0.3611,-18.004010592371266,65,366.5499877929688,0.0,0.0
2023-03-09,2.9600000381469727,3.0299999713897705,3.0999999046325684,2.950000047683716,2.9600000381469727,1492400.0,10931.553457223417,0,0.2733163466482438,10931.28014087677,3693,-52.372506707724284,23000,Neutral,37.99999952316284,3.032,3.2765,2.9215,3.9439,5.5998,14.170000076293944,-1.9086,SLDP,0.6561,Neutral,0.604,0.3432,-20.680294540546114,65,359.8399963378906,0.0,0.0
2023-03-10,2.950000047683716,2.9600000381469727,3.009999990463257,2.8350000381469727,2.950000047683716,2387500.0,10894.62349244261,0,0.2733163466482438,10894.350176095963,3693,-52.53307177198867,23000,Neutral,33.51064234526761,2.978,3.255,2.9267,3.9175,5.5739,14.170000076293944,-1.7917,SLDP,0.6474,Neutral,0.6417,0.3366,-22.738364966697787,65,354.67999267578125,0.0,0.0
2023-03-11,2.950000047683716,2.9600000381469727,3.009999990463257,2.8350000381469727,2.950000047683716,2387500.0,10894.62349244261,0,0.2733163466482438,10894.350176095963,3693,-52.53307177198867,23000,Neutral,33.51064234526761,2.978,3.255,2.9267,3.9175,5.5739,14.170000076293944,-1.7917,SLDP,0.6474,Neutral,0.6417,0.3366,-22.738364966697787,65,354.67999267578125,0.0,0.0
2023-03-12,2.950000047683716,2.9600000381469727,3.009999990463257,2.8350000381469727,2.950000047683716,2387500.0,10894.62349244261,0,0.2733163466482438,10894.350176095963,3693,-52.53307177198867,23000,Neutral,33.51064234526761,2.978,3.255,2.9267,3.9175,5.5739,14.170000076293944,-1.7917,SLDP,0.6474,Neutral,0.6417,0.3366,-22.738364966697787,65,354.67999267578125,0.0,0.0
2023-03-13,2.859999895095825,2.869999885559082,2.9600000381469727,2.7249999046325684,2.859999895095825,2107400.0,10562.25292893553,0,0.2733163466482438,10561.979612588882,3693,-53.97816117854119,23000,RiskWatch,38.414633082606194,2.94,3.2325,2.9318,3.8894,5.5488,14.170000076293944,-1.811,SLDP,0.6332,RiskWatch,0.6652,0.3333,-22.977677745916104,65,354.0799865722656,0.0,0.0
2023-03-14,2.8299999237060547,2.900000095367432,2.9600000381469727,2.7699999809265137,2.8299999237060547,2259200.0,10451.463034593107,0,0.2733163466482438,10451.18971824646,3693,-54.45985637133434,23000,Neutral,33.75796632953477,2.924,3.2075,2.9387,3.8627,5.5227,14.170000076293944,-1.7898,SLDP,0.6504,Neutral,0.6225,0.3275,-20.632434419093173,65,359.9599914550781,0.0,0.0
2023-03-15,2.7699999809265137,2.7699999809265137,2.809999942779541,2.6600000858306885,2.7699999809265137,2843900.0,10229.883245908262,0,0.2733163466482438,10229.609929561615,3693,-55.42324675692062,23000,RiskWatch,30.37974492534404,2.874,3.17,2.9445,3.8378,5.4976,14.170000076293944,-1.8048,SLDP,0.6375,RiskWatch,0.656,0.3373,-21.517883181833383,65,357.739990234375,0.0,0.0
2023-03-16,2.9100000858306885,2.7699999809265137,2.940000057220459,2.7100000381469727,2.9100000858306885,1452600.0,10746.90363331938,0,0.2733163466482438,10746.630316972733,3693,-53.17533202904618,23000,Neutral,38.036814751409885,2.864,3.128,2.9535,3.8158,5.4736,14.170000076293944,-1.4119,SLDP,0.6504,Neutral,0.6055,0.3447,-19.076919612104582,65,363.8599853515625,0.0,0.0
2023-03-17,2.809999942779541,2.890000104904175,2.890000104904175,2.752000093460083,2.809999942779541,1623300.0,10377.603105031492,0,0.2733163466482438,10377.329788684845,3693,-54.7809864998631,23000,Neutral,32.7272685237498,2.836,3.0965,2.9635,3.7934,5.4485,14.170000076293944,-1.2889,SLDP,0.6229,Neutral,0.6383,0.3526,-20.664337109410624,65,359.8800048828125,0.0,0.0
2023-03-18,2.809999942779541,2.890000104904175,2.890000104904175,2.752000093460083,2.809999942779541,1623300.0,10377.603105031492,0,0.2733163466482438,10377.329788684845,3693,-54.7809864998631,23000,Neutral,32.7272685237498,2.836,3.0965,2.9635,3.7934,5.4485,14.170000076293944,-1.2889,SLDP,0.6229,Neutral,0.6383,0.3526,-20.664337109410624,65,359.8800048828125,0.0,0.0
2023-03-19,2.809999942779541,2.890000104904175,2.890000104904175,2.752000093460083,2.809999942779541,1623300.0,10377.603105031492,0,0.2733163466482438,10377.329788684845,3693,-54.7809864998631,23000,Neutral,32.7272685237498,2.836,3.0965,2.9635,3.7934,5.4485,14.170000076293944,-1.2889,SLDP,0.6229,Neutral,0.6383,0.3526,-20.664337109410624,65,359.8800048828125,0.0,0.0
2023-03-20,2.680000066757202,2.819999933242798,2.8299999237060547,2.680000066757202,2.680000066757202,1465700.0,9897.513562880995,0,0.2733163466482438,9897.240246534348,3693,-56.868332335300046,23000,Neutral,30.3370769962098,2.8,3.052,2.9708,3.7705,5.4186,14.170000076293944,-1.4094,SLDP,0.6443,Neutral,0.6228,0.3539,-19.36807274159453,65,363.1300048828125,0.0,0.0
2023-03-21,2.970000028610229,2.720000028610229,3.0269999504089355,2.720000028610229,2.970000028610229,2236800.0,10968.483422004225,0,0.2733163466482438,10968.210105657576,3693,-52.2119416434599,23000,Neutral,51.234566811071794,2.828,3.0385,2.98,3.7494,5.3903,14.170000076293944,-0.7595,SLDP,0.6701,Neutral,0.5835,0.361,-17.473532511709465,65,367.8800048828125,0.0,0.0
2023-03-22,2.789999961853028,3.0,3.0,2.7799999713897705,2.789999961853028,2074500.0,10303.743175469881,0,0.2733163466482438,10303.469859123232,3693,-55.10211662839184,23000,Neutral,40.123459606376834,2.832,3.011,2.985,3.7255,5.3626,14.170000076293944,-0.678,SLDP,0.6614,Neutral,0.5986,0.3749,-19.906523451847313,65,361.7799987792969,0.0,0.0
2023-03-23,2.7799999713897705,2.8499999046325684,2.9800000190734863,2.759999990463257,2.7799999713897705,1979500.0,10266.81321068907,0,0.2733163466482438,10266.539894342422,3693,-55.26268169265624,23000,Neutral,35.52631372560093,2.806,2.9805,2.9897,3.7046,5.3366,14.170000076293944,-0.588,SLDP,0.6622,Neutral,0.6047,0.3861,-19.563505628178568,65,362.6400146484375,0.0,0.0
2023-03-24,2.720000028610229,2.759999990463257,2.759999990463257,2.609999895095825,2.720000028610229,1854000.0,10045.233422004225,0,0.2733163466482438,10044.960105657576,3693,-56.22607207824252,23000,Neutral,38.29787377949963,2.788,2.9515,2.9975,3.6834,5.3106,14.170000076293944,-0.607,SLDP,0.6757,Neutral,0.5929,0.3901,-18.603479111139244,65,363.55999755859375,1.487,0.0
2023-03-25,2.720000028610229,2.759999990463257,2.759999990463257,2.609999895095825,2.720000028610229,1854000.0,10045.233422004225,0,0.2733163466482438,10044.960105657576,3693,-56.22607207824252,23000,Neutral,38.29787377949963,2.788,2.9515,2.9975,3.6834,5.3106,14.170000076293944,-0.607,SLDP,0.6757,Neutral,0.5929,0.3901,-18.010388306541536,65,363.55999755859375,1.487,0.0
2023-03-26,2.720000028610229,2.759999990463257,2.759999990463257,2.609999895095825,2.720000028610229,1854000.0,10045.233422004225,0,0.2733163466482438,10044.960105657576,3693,-56.22607207824252,23000,Neutral,38.29787377949963,2.788,2.9515,2.9975,3.6834,5.3106,14.170000076293944,-0.607,SLDP,0.6757,Neutral,0.5929,0.3901,-17.41729750194383,65,363.55999755859375,1.487,0.0
2023-03-27,2.7799999713897705,2.819999933242798,2.819999933242798,2.720000028610229,2.7799999713897705,880800.0,10266.81321068907,0,0.2733163466482438,10266.539894342422,3693,-55.26268169265624,23000,Neutral,45.112777372247066,2.808,2.9215,3.006,3.6617,5.2855,14.170000076293944,-0.4261,SLDP,0.6792,Neutral,0.5728,0.415,-17.177984722725533,65,364.1600036621094,0.0,0.0
2023-03-28,2.7799999713897705,2.7799999713897705,2.8350000381469727,2.720000028610229,2.7799999713897705,1036600.0,10266.81321068907,0,0.2733163466482438,10266.539894342422,3693,-55.26268169265624,23000,Neutral,40.16393426604503,2.77,2.8915,3.0133,3.6386,5.2607,14.170000076293944,-0.2599,SLDP,0.6793,Neutral,0.5635,0.4405,-17.43325493307934,65,363.5199890136719,0.0,0.0
2023-03-29,2.880000114440918,2.809999942779541,2.890000104904175,2.759999990463257,2.880000114440918,942600.0,10636.113738976957,0,0.2733163466482438,10635.84042263031,3693,-53.657027221839336,23000,Neutral,46.8254004296075,2.788,2.889,3.019,3.6168,5.2343,14.170000076293944,0.1138,SLDP,0.6918,Neutral,0.5504,0.4513,-15.371192106155384,65,368.6900024414063,0.0,0.0
2023-03-30,2.9100000858306885,2.9200000762939453,3.009999990463257,2.900000095367432,2.9100000858306885,2763400.0,10746.90363331938,0,0.2733163466482438,10746.630316972733,3693,-53.17533202904618,23000,Neutral,48.43750174622954,2.814,2.879,3.028,3.5956,5.2094,14.170000076293944,0.4416,SLDP,0.6965,Neutral,0.5508,0.4707,-14.493715973006147,65,370.8900146484375,0.0,0.0
2023-03-31,3.009999990463257,2.940000057220459,3.059999942779541,2.890000104904175,3.009999990463257,1819900.0,11116.203281127455,0,0.2733163466482438,11115.929964780807,3693,-51.56968138640239,23000,Neutral,55.81395735671043,2.872,2.8685,3.0408,3.5779,5.1883,14.170000076293944,0.8775,SLDP,0.7005,Neutral,0.5445,0.4966,-12.427672917263521,65,376.0700073242188,0.0,0.0
2023-04-01,3.009999990463257,2.940000057220459,3.059999942779541,2.890000104904175,3.009999990463257,1819900.0,12115.206971130612,0,2.9670095064669795,12112.239961624146,4024,-49.420970953622465,24000,"cash_0%_Buy 100% of cash (331 shares - DCA Strategy) Monthly invest 4.2% of total investment ($1,000.00)",55.81395735671043,2.872,2.8685,3.0408,3.5779,5.1883,14.170000076293944,0.8775,SLDP,0.7005,Neutral,0.5445,0.4966,-13.023465299764482,72,376.0700073242188,0.0,0.0
2023-04-02,3.009999990463257,2.940000057220459,3.059999942779541,2.890000104904175,3.009999990463257,1819900.0,12115.206971130612,0,2.9670095064669795,12112.239961624146,4024,-49.420970953622465,24000,Neutral,55.81395735671043,2.872,2.8685,3.0408,3.5779,5.1883,14.170000076293944,0.8775,SLDP,0.7005,Neutral,0.5445,0.4966,-13.023465299764482,72,376.0700073242188,0.0,0.0
2023-04-03,2.930000066757202,3.0,3.055000066757202,2.859999895095825,2.930000066757202,1308500.0,11793.287278137448,0,2.9670095064669795,11790.320268630981,4024,-50.76230300776066,24000,Neutral,53.73134886031464,2.902,2.8625,3.0558,3.5606,5.1662,14.170000076293944,0.957,SLDP,0.7031,Neutral,0.5459,0.5412,-12.424082864572746,72,377.55999755859375,0.0,0.0
2023-04-04,2.869999885559082,2.9600000381469727,2.9600000381469727,2.8299999237060547,2.869999885559082,1090100.0,11551.846548996213,0,2.9670095064669795,11548.879539489746,4024,-51.76830604584913,24000,Neutral,53.73133930020241,2.92,2.8605,3.0702,3.5441,5.1433,14.170000076293944,0.8515,SLDP,0.7172,Neutral,0.5632,0.5739,-13.28092573788593,72,375.4299926757813,0.0,0.0
2023-04-05,2.6700000762939453,2.8499999046325684,2.8499999046325684,2.6449999809265137,2.6700000762939453,1368600.0,10747.047316513303,0,2.9670095064669795,10744.080307006836,4024,-55.12163618119459,24000,Neutral,41.42857021214999,2.878,2.843,3.0777,3.5262,5.1208,14.170000076293944,0.3214,SLDP,0.7247,Neutral,0.5651,0.5952,-13.646995392870863,72,374.5199890136719,0.0,0.0
2023-04-06,2.75,2.650000095367432,2.7699999809265137,2.630000114440918,2.75,913500.0,11068.967009506467,0,2.9670095064669795,11066.0,4024,-53.78030412705641,24000,Neutral,47.82608845884463,2.846,2.8325,3.0855,3.508,5.0993,14.170000076293944,0.1715,SLDP,0.7273,Neutral,0.5546,0.6118,-13.071736062814907,72,375.9500122070313,0.0,0.0
2023-04-07,2.75,2.650000095367432,2.7699999809265137,2.630000114440918,2.75,913500.0,11068.967009506467,0,2.9670095064669795,11066.0,4024,-53.78030412705641,24000,Neutral,47.82608845884463,2.846,2.8325,3.0855,3.508,5.0993,14.170000076293944,0.1715,SLDP,0.7273,Neutral,0.5546,0.6118,-13.071736062814907,72,375.9500122070313,0.0,0.0
2023-04-08,2.75,2.650000095367432,2.7699999809265137,2.630000114440918,2.75,913500.0,11068.967009506467,0,2.9670095064669795,11066.0,4024,-53.78030412705641,24000,Neutral,47.82608845884463,2.846,2.8325,3.0855,3.508,5.0993,14.170000076293944,0.1715,SLDP,0.7273,Neutral,0.5546,0.6118,-13.071736062814907,72,375.9500122070313,0.0,0.0
2023-04-09,2.75,2.650000095367432,2.7699999809265137,2.630000114440918,2.75,913500.0,11068.967009506467,0,2.9670095064669795,11066.0,4024,-53.78030412705641,24000,Neutral,47.82608845884463,2.846,2.8325,3.0855,3.508,5.0993,14.170000076293944,0.1715,SLDP,0.7273,Neutral,0.5546,0.6118,-13.071736062814907,72,375.9500122070313,0.0,0.0
2023-04-10,2.819999933242798,2.759999990463257,2.8299999237060547,2.700000047683716,2.819999933242798,948300.0,11350.646740875485,0,2.9670095064669795,11347.679731369019,4024,-52.606638579685495,24000,Neutral,55.3030264716932,2.808,2.826,3.0932,3.4925,5.0763,14.170000076293944,0.2487,SLDP,0.7298,Neutral,0.5621,0.6035,-12.90681504785578,72,376.3599853515625,0.0,0.0
2023-04-11,2.890000104904175,2.8299999237060547,2.950000047683716,2.8299999237060547,2.890000104904175,793200.0,11632.327431640866,0,2.9670095064669795,11629.3604221344,4024,-51.432969034829746,24000,Neutral,46.36363951627903,2.8,2.8275,3.0972,3.4758,5.0554,14.170000076293944,0.4648,SLDP,0.722,Neutral,0.5645,0.5986,-12.886694045658494,72,376.4100036621094,0.0,0.0
2023-04-12,2.700000047683716,2.950000047683716,2.950000047683716,2.700000047683716,2.700000047683716,1150600.0,10867.76720138574,0,2.9670095064669795,10864.800191879272,4024,-54.61863666089277,24000,Neutral,45.945949429051865,2.766,2.821,3.0965,3.4572,5.0326,14.170000076293944,0.1714,SLDP,0.7303,Neutral,0.5636,0.6108,-13.490103136567598,72,374.9100036621094,0.0,0.0
2023-04-13,2.7799999713897705,2.7100000381469727,2.825000047683716,2.7100000381469727,2.7799999713897705,915900.0,11189.686894378903,0,2.9670095064669795,11186.719884872437,4024,-53.27730460675459,24000,Neutral,50.0,2.788,2.8215,3.0973,3.4386,5.0093,14.170000076293944,0.1794,SLDP,0.7302,Neutral,0.537,0.6105,-11.535063574689048,72,379.7699890136719,0.0,0.0
2023-04-14,2.7100000381469727,2.789999961853028,2.789999961853028,2.6600000858306885,2.7100000381469727,1009200.0,10908.007163009885,0,2.9670095064669795,10905.040153503418,4024,-54.4509701541255,24000,Neutral,49.5798322694988,2.78,2.8115,3.094,3.4196,4.9867,14.170000076293944,0.0373,SLDP,0.73,Neutral,0.5247,0.6083,-11.848835810906188,72,378.989990234375,0.0,0.0
2023-04-15,2.7100000381469727,2.789999961853028,2.789999961853028,2.6600000858306885,2.7100000381469727,1009200.0,10908.007163009885,0,2.9670095064669795,10905.040153503418,4024,-54.4509701541255,24000,Neutral,49.5798322694988,2.78,2.8115,3.094,3.4196,4.9867,14.170000076293944,0.0373,SLDP,0.73,Neutral,0.5247,0.6083,-11.848835810906188,72,378.989990234375,0.0,0.0
2023-04-16,2.7100000381469727,2.789999961853028,2.789999961853028,2.6600000858306885,2.7100000381469727,1009200.0,10908.007163009885,0,2.9670095064669795,10905.040153503418,4024,-54.4509701541255,24000,Neutral,49.5798322694988,2.78,2.8115,3.094,3.4196,4.9867,14.170000076293944,0.0373,SLDP,0.73,Neutral,0.5247,0.6083,-11.848835810906188,72,378.989990234375,0.0,0.0
2023-04-17,2.7300000190734863,2.759999990463257,2.809999942779541,2.680000066757202,2.7300000190734863,1087200.0,10988.487086258176,0,2.9670095064669795,10985.520076751709,4024,-54.115637140590955,24000,Neutral,47.82608875930895,2.762,2.8075,3.0928,3.3998,4.9641,14.170000076293944,0.012,SLDP,0.7266,Neutral,0.5205,0.5996,-11.329900555335357,72,380.2799987792969,0.0,0.0
2023-04-18,2.3949999809265137,2.7249999046325684,2.740000009536743,2.380000114440918,2.3949999809265137,4053700.0,9640.446932754758,0,2.9670095064669795,9637.479923248291,4024,-59.73247111352187,24000,Neutral,37.0370364424028,2.663,2.7933,3.0816,3.3771,4.9397,14.170000076293944,-0.7584,SLDP,0.7249,Neutral,0.5237,0.5869,-11.225305717799849,72,380.5400085449219,0.0,0.0
2023-04-19,2.359999895095825,2.4100000858306885,2.430000066757202,2.319999933242798,2.359999895095825,1473600.0,9499.606587372067,0,2.9670095064669795,9496.6395778656,4024,-60.31930588594974,24000,Neutral,31.69013103117221,2.595,2.7628,3.0681,3.35,4.9151,14.170000076293944,-1.2797,SLDP,0.7333,Neutral,0.5151,0.5548,-11.2333590292345,72,380.5199890136719,0.0,0.0
2023-04-20,2.2799999713897705,2.2699999809265137,2.3399999141693115,2.220000028610229,2.2799999713897705,2253100.0,9177.686894378903,0,2.9670095064669795,9174.719884872437,4024,-61.660637940087916,24000,Neutral,28.571421620448604,2.495,2.7373,3.0554,3.322,4.8919,14.170000076293944,-1.7251,SLDP,0.7284,Neutral,0.5258,0.5232,-12.098242937592985,72,378.3699951171875,0.0,0.0
2023-04-21,2.309999942779541,2.259999990463257,2.3299999237060547,2.2300000190734863,2.309999942779541,1522200.0,9298.40677925134,0,2.9670095064669795,9295.439769744873,4024,-61.157638419786096,24000,Neutral,24.999995742524945,2.415,2.7138,3.0406,3.2952,4.8704,14.170000076293944,-1.8313,SLDP,0.739,Neutral,0.5187,0.4981,-12.009742446537409,72,378.5899963378906,0.0,0.0
2023-04-22,2.309999942779541,2.259999990463257,2.3299999237060547,2.2300000190734863,2.309999942779541,1522200.0,9298.40677925134,0,2.9670095064669795,9295.439769744873,4024,-61.157638419786096,24000,Neutral,24.999995742524945,2.415,2.7138,3.0406,3.2952,4.8704,14.170000076293944,-1.8313,SLDP,0.739,Neutral,0.5187,0.4981,-12.009742446537409,72,378.5899963378906,0.0,0.0
2023-04-23,2.309999942779541,2.259999990463257,2.3299999237060547,2.2300000190734863,2.309999942779541,1522200.0,9298.40677925134,0,2.9670095064669795,9295.439769744873,4024,-61.157638419786096,24000,Neutral,24.999995742524945,2.415,2.7138,3.0406,3.2952,4.8704,14.170000076293944,-1.8313,SLDP,0.739,Neutral,0.5187,0.4981,-12.009742446537409,72,378.5899963378906,0.0,0.0
2023-04-24,2.319999933242798,2.319999933242798,2.359999895095825,2.2699999809265137,2.319999933242798,1011600.0,9338.646740875485,0,2.9670095064669795,9335.679731369019,4024,-60.98997191301883,24000,Neutral,27.067662838106244,2.333,2.6938,3.0273,3.2683,4.852,14.170000076293944,-1.7578,SLDP,0.7359,Neutral,0.5188,0.4953,-11.808606082901036,72,379.0899963378906,0.0,0.0
2023-04-25,2.2699999809265137,2.299999952316284,2.305000066757202,2.240000009536743,2.2699999809265137,832800.0,9137.446932754758,0,2.9670095064669795,9134.479923248291,4024,-61.828304446855185,24000,Neutral,27.27272563072566,2.308,2.6683,3.0078,3.2405,4.8355,14.170000076293944,-1.72,SLDP,0.7348,Neutral,0.5548,0.4797,-14.218215790820075,72,373.1000061035156,0.0,0.0
2023-04-26,2.244999885559082,2.259999990463257,2.3299999237060547,2.220000028610229,2.244999885559082,1245500.0,9036.846548996213,0,2.9670095064669795,9033.879539489746,4024,-62.24747271251581,24000,Neutral,31.44103939674476,2.285,2.6415,2.9915,3.2118,4.8174,14.170000076293944,-1.6418,SLDP,0.7324,Neutral,0.5554,0.4553,-14.885989991259493,72,371.4400024414063,0.0,0.0
2023-04-27,2.289999961853028,2.3299999237060547,2.3299999237060547,2.180000066757202,2.289999961853028,1654500.0,9217.92685600305,0,2.9670095064669795,9214.959846496584,4024,-61.49297143332064,24000,Neutral,29.279280053302685,2.287,2.612,2.9738,3.1846,4.7967,14.170000076293944,-1.3561,SLDP,0.7366,Neutral,0.5242,0.443,-11.921241955481833,72,378.80999755859375,0.0,0.0
2023-04-28,2.2699999809265137,2.2699999809265137,2.3399999141693115,2.234999895095825,2.2699999809265137,1299800.0,9137.446932754758,0,2.9670095064669795,9134.479923248291,4024,-61.828304446855185,24000,Neutral,24.056610457621915,2.279,2.58,2.9547,3.1549,4.7737,14.170000076293944,-1.1168,SLDP,0.7466,Neutral,0.5047,0.4488,-10.617882247562768,72,382.0499877929688,0.0,0.0
2023-04-29,2.2699999809265137,2.2699999809265137,2.3399999141693115,2.234999895095825,2.2699999809265137,1299800.0,9137.446932754758,0,2.9670095064669795,9134.479923248291,4024,-61.828304446855185,24000,Neutral,24.056610457621915,2.279,2.58,2.9547,3.1549,4.7737,14.170000076293944,-1.1168,SLDP,0.7466,Neutral,0.5047,0.4488,-10.617882247562768,72,382.0499877929688,0.0,0.0
2023-04-30,2.2699999809265137,2.2699999809265137,2.3399999141693115,2.234999895095825,2.2699999809265137,1299800.0,9137.446932754758,0,2.9670095064669795,9134.479923248291,4024,-61.828304446855185,24000,Neutral,24.056610457621915,2.279,2.58,2.9547,3.1549,4.7737,14.170000076293944,-1.1168,SLDP,0.7466,Neutral,0.5047,0.4488,-10.617882247562768,72,382.0499877929688,0.0,0.0
2023-05-01,2.1700000762939453,2.2699999809265137,2.2799999713897705,2.1700000762939453,2.1700000762939453,1357200.0,9734.04694647813,0,1.5966042997868044,9732.450342178345,4485,-60.964812214087495,25000,"cash_0%_Buy 100% of cash (461 shares - DCA Strategy) Monthly invest 4.0% of total investment ($1,000.00)",16.97247315111302,2.249,2.538,2.93,3.1239,4.7507,14.170000076293944,-1.1303,SLDP,0.7328,Neutral,0.5044,0.4385,-11.32905161506934,75,381.7900085449219,0.0,0.0
2023-05-02,2.119999885559082,2.180000066757202,2.180000066757202,2.0999999046325684,2.119999885559082,1445900.0,9509.796091032269,0,1.5966042997868044,9508.199486732483,4485,-61.86181563587094,25000,Neutral,19.47367720987036,2.219,2.4975,2.9047,3.0949,4.7244,14.170000076293944,-1.1738,SLDP,0.7471,Neutral,0.5426,0.4198,-13.045860114180563,75,377.510009765625,0.0,0.0
2023-05-03,2.009999990463257,2.0999999046325684,2.1480000019073486,2.0,2.009999990463257,4295800.0,9016.446561527493,0,1.5966042997868044,9014.849957227707,4485,-63.83521375389005,25000,Neutral,10.714287452030476,2.172,2.4545,2.8813,3.0678,4.6967,14.170000076293944,-1.4012,SLDP,0.7471,Neutral,0.5543,0.3963,-14.100817128971642,75,374.8800048828125,0.0,0.0
2023-05-04,2.039999961853028,2.009999990463257,2.049999952316284,1.9850000143051147,2.039999961853028,4844200.0,9150.996433210616,0,1.5966042997868044,9149.39982891083,4485,-63.29701426715755,25000,Neutral,14.361700238875189,2.122,2.423,2.8587,3.0422,4.6678,14.170000076293944,-1.3492,SLDP,0.734,Neutral,0.5808,0.3724,-15.199891863434424,75,372.1400146484375,0.0,0.0
2023-05-05,2.0999999046325684,2.049999952316284,2.190000057220459,2.0,2.0999999046325684,10090400.0,9420.096176576855,0,1.5966042997868044,9418.49957227707,4485,-62.2206152936926,25000,Neutral,17.857137643908743,2.088,2.3905,2.8332,3.0142,4.641,14.170000076293944,-1.0283,SLDP,0.7466,Neutral,0.5333,0.3633,-12.460223092312134,75,378.9700012207031,0.0,0.0
2023-05-06,2.0999999046325684,2.049999952316284,2.190000057220459,2.0,2.0999999046325684,10090400.0,9420.096176576855,0,1.5966042997868044,9418.49957227707,4485,-62.2206152936926,25000,Neutral,17.857137643908743,2.088,2.3905,2.8332,3.0142,4.641,14.170000076293944,-1.0283,SLDP,0.7466,Neutral,0.5333,0.3633,-12.460223092312134,75,378.9700012207031,0.0,0.0
2023-05-07,2.0999999046325684,2.049999952316284,2.190000057220459,2.0,2.0999999046325684,10090400.0,9420.096176576855,0,1.5966042997868044,9418.49957227707,4485,-62.2206152936926,25000,Neutral,17.857137643908743,2.088,2.3905,2.8332,3.0142,4.641,14.170000076293944,-1.0283,SLDP,0.7466,Neutral,0.5333,0.3633,-12.460223092312134,75,378.9700012207031,0.0,0.0
2023-05-08,2.2300000190734863,2.150000095367432,2.2699999809265137,2.109999895095825,2.2300000190734863,3500900.0,10003.146689844372,0,1.5966042997868044,10001.550085544586,4485,-59.888413240622526,25000,Neutral,39.35484248070964,2.1,2.361,2.814,2.9858,4.6138,14.170000076293944,-0.3453,SLDP,0.7458,Neutral,0.5267,0.3758,-12.37599056482572,75,379.1799926757813,0.0,0.0
2023-05-09,2.069999933242798,2.0999999046325684,2.130000114440918,1.9299999475479128,2.069999933242798,4844100.0,9285.546304893734,0,1.5966042997868044,9283.949700593948,4485,-62.75881478042509,25000,Neutral,33.88889271535953,2.09,2.32,2.7933,2.9578,4.5866,14.170000076293944,-0.2903,SLDP,0.7383,Neutral,0.5391,0.4015,-13.033826895968211,75,377.5400085449219,0.0,0.0
2023-05-10,2.119999885559082,2.0799999237060547,2.240000009536743,2.0799999237060547,2.119999885559082,2131900.0,9509.796091032269,0,1.5966042997868044,9508.199486732483,4485,-61.86181563587094,25000,Neutral,40.80459407872472,2.112,2.291,2.7732,2.9306,4.5596,14.170000076293944,-0.0376,SLDP,0.7386,Neutral,0.5277,0.4249,-12.371975411648052,75,379.1900024414063,0.0,0.0
2023-05-11,2.069999933242798,2.119999885559082,2.140000104904175,2.039999961853028,2.069999933242798,1090800.0,9285.546304893734,0,1.5966042997868044,9283.949700593948,4485,-62.75881478042509,25000,Neutral,36.5168549860686,2.118,2.2555,2.749,2.9068,4.5317,14.170000076293944,0.0404,SLDP,0.7294,Neutral,0.5269,0.4284,-12.58457042761323,75,378.6600036621094,0.0,0.0
2023-05-12,1.9800000190734863,2.0799999237060547,2.0899999141693115,1.940000057220459,1.9800000190734863,2554900.0,8881.896689844372,0,1.5966042997868044,8880.300085544586,4485,-64.37341324062254,25000,Neutral,32.47423174530999,2.094,2.219,2.7195,2.8841,4.5025,14.170000076293944,-0.1168,SLDP,0.7246,Neutral,0.526,0.4144,-12.789147378543703,75,378.1499938964844,0.0,0.0
2023-05-13,1.9800000190734863,2.0799999237060547,2.0899999141693115,1.940000057220459,1.9800000190734863,2554900.0,8881.896689844372,0,1.5966042997868044,8880.300085544586,4485,-64.37341324062254,25000,Neutral,32.47423174530999,2.094,2.219,2.7195,2.8841,4.5025,14.170000076293944,-0.1168,SLDP,0.7246,Neutral,0.526,0.4144,-12.789147378543703,75,378.1499938964844,0.0,0.0
2023-05-14,1.9800000190734863,2.0799999237060547,2.0899999141693115,1.940000057220459,1.9800000190734863,2554900.0,8881.896689844372,0,1.5966042997868044,8880.300085544586,4485,-64.37341324062254,25000,Neutral,32.47423174530999,2.094,2.219,2.7195,2.8841,4.5025,14.170000076293944,-0.1168,SLDP,0.7246,Neutral,0.526,0.4144,-12.789147378543703,75,378.1499938964844,0.0,0.0
2023-05-15,1.940000057220459,1.9800000190734863,1.9850000143051147,1.8799999952316284,1.940000057220459,3201800.0,8702.496860933545,0,1.5966042997868044,8700.900256633759,4485,-65.09101255626584,25000,Neutral,32.8125046566127,2.036,2.1795,2.6945,2.8617,4.473,14.170000076293944,-0.2733,SLDP,0.7222,Neutral,0.5242,0.4032,-12.263676447737005,75,379.4599914550781,0.0,0.0
2023-05-16,1.8600000143051147,1.919999957084656,1.9299999475479128,1.8600000143051147,1.8600000143051147,2031100.0,8343.696668458226,0,1.5966042997868044,8342.10006415844,4485,-66.52621332616712,25000,Neutral,31.034488833495416,1.994,2.1527,2.666,2.8383,4.4454,14.170000076293944,-0.5454,SLDP,0.7082,Neutral,0.5327,0.3802,-13.270488348358022,75,376.9500122070313,0.0,0.0
2023-05-17,1.9700000286102293,1.870000004768372,1.9800000190734863,1.830000042915344,1.9700000286102293,2370900.0,8837.046732616664,0,1.5966042997868044,8835.450128316877,4485,-64.55281306953336,25000,Neutral,35.18518722924034,1.964,2.1332,2.6448,2.8172,4.4164,14.170000076293944,-0.2984,SLDP,0.7124,Neutral,0.515,0.3798,-11.46543216858273,75,381.4500122070313,0.0,0.0
2023-05-18,1.940000057220459,1.9900000095367432,2.0,1.909999966621399,1.940000057220459,1789200.0,8702.496860933545,0,1.5966042997868044,8700.900256633759,4485,-65.09101255626584,25000,Neutral,34.8623876288308,1.938,2.1162,2.6215,2.7953,4.3926,14.170000076293944,-0.157,SLDP,0.7233,Neutral,0.5009,0.3746,-9.969248991792014,75,385.1799926757813,0.0,0.0
2023-05-19,1.899999976158142,1.950000047683716,1.9600000381469729,1.870000004768372,1.899999976158142,3428700.0,8523.096497369053,0,1.5966042997868044,8521.499893069267,4485,-65.8086140105238,25000,Neutral,36.893200175411245,1.922,2.0957,2.5967,2.7732,4.3692,14.170000076293944,-0.1218,SLDP,0.7118,Neutral,0.5093,0.378,-10.213928509216515,75,384.5700073242188,0.0,0.0
2023-05-20,1.899999976158142,1.950000047683716,1.9600000381469729,1.870000004768372,1.899999976158142,3428700.0,8523.096497369053,0,1.5966042997868044,8521.499893069267,4485,-65.8086140105238,25000,Neutral,36.893200175411245,1.922,2.0957,2.5967,2.7732,4.3692,14.170000076293944,-0.1218,SLDP,0.7118,Neutral,0.5093,0.378,-10.213928509216515,75,384.5700073242188,0.0,0.0
2023-05-21,1.899999976158142,1.950000047683716,1.9600000381469729,1.870000004768372,1.899999976158142,3428700.0,8523.096497369053,0,1.5966042997868044,8521.499893069267,4485,-65.8086140105238,25000,Neutral,36.893200175411245,1.922,2.0957,2.5967,2.7732,4.3692,14.170000076293944,-0.1218,SLDP,0.7118,Neutral,0.5093,0.378,-10.213928509216515,75,384.5700073242188,0.0,0.0
2023-05-22,2.25,1.950000047683716,2.289999961853028,1.940000057220459,2.25,4400100.0,10092.846604299786,0,1.5966042997868044,10091.25,4485,-59.52961358280087,25000,Neutral,54.88722262775293,1.984,2.0922,2.5792,2.7554,4.3473,14.170000076293944,1.0605,SLDP,0.7046,Neutral,0.5147,0.378,-10.129695981730165,75,384.7799987792969,0.0,0.0
2023-05-23,2.289999961853028,2.25,2.4600000381469727,2.220000028610229,2.289999961853028,3758900.0,10272.246433210616,0,1.5966042997868044,10270.64982891083,4485,-58.81201426715755,25000,Neutral,61.11111005988281,2.07,2.0932,2.561,2.7388,4.3257,14.170000076293944,1.9334,SLDP,0.6994,Neutral,0.538,0.3901,-11.854522545876044,75,380.4800109863281,0.0,0.0
2023-05-24,2.190000057220459,2.2699999809265137,2.289999961853028,2.1700000762939453,2.190000057220459,1405400.0,9823.746860933545,0,1.5966042997868044,9822.150256633759,4485,-60.60601255626583,25000,Neutral,55.63910165308336,2.114,2.0905,2.5412,2.7264,4.3055,14.170000076293944,2.1385,SLDP,0.6948,Neutral,0.5614,0.401,-12.99772724133119,75,377.6300048828125,0.0,0.0
2023-05-25,2.069999933242798,2.220000028610229,2.255000114440918,2.025000095367432,2.069999933242798,2084300.0,9285.546304893734,0,1.5966042997868044,9283.949700593948,4485,-62.75881478042509,25000,Neutral,48.92086441994051,2.14,2.0795,2.5268,2.7151,4.2853,14.170000076293944,1.8521,SLDP,0.7065,Neutral,0.543,0.3924,-11.678027184547929,75,380.9200134277344,0.0,0.0
2023-05-26,2.130000114440918,2.0799999237060547,2.150000095367432,2.059999942779541,2.130000114440918,1200900.0,9554.647117567303,0,1.5966042997868044,9553.050513267517,4485,-61.68241152973081,25000,Neutral,46.21212531712376,2.186,2.0725,2.5105,2.7058,4.2676,14.170000076293944,1.8108,SLDP,0.7289,Neutral,0.5227,0.3902,-9.692472731587507,75,385.8699951171875,0.0,0.0
2023-05-27,2.130000114440918,2.0799999237060547,2.150000095367432,2.059999942779541,2.130000114440918,1200900.0,9554.647117567303,0,1.5966042997868044,9553.050513267517,4485,-61.68241152973081,25000,Neutral,46.21212531712376,2.186,2.0725,2.5105,2.7058,4.2676,14.170000076293944,1.8108,SLDP,0.7289,Neutral,0.5227,0.3902,-9.692472731587507,75,385.8699951171875,0.0,0.0
2023-05-28,2.130000114440918,2.0799999237060547,2.150000095367432,2.059999942779541,2.130000114440918,1200900.0,9554.647117567303,0,1.5966042997868044,9553.050513267517,4485,-61.68241152973081,25000,Neutral,46.21212531712376,2.186,2.0725,2.5105,2.7058,4.2676,14.170000076293944,1.8108,SLDP,0.7289,Neutral,0.5227,0.3902,-9.692472731587507,75,385.8699951171875,0.0,0.0
2023-05-29,2.130000114440918,2.0799999237060547,2.150000095367432,2.059999942779541,2.130000114440918,1200900.0,9554.647117567303,0,1.5966042997868044,9553.050513267517,4485,-61.68241152973081,25000,Neutral,46.21212531712376,2.186,2.0725,2.5105,2.7058,4.2676,14.170000076293944,1.8108,SLDP,0.7289,Neutral,0.5227,0.3902,-9.692472731587507,75,385.8699951171875,0.0,0.0
2023-05-30,2.25,2.1700000762939453,2.259999990463257,2.140000104904175,2.25,1995100.0,10092.846604299786,0,1.5966042997868044,10091.25,4485,-59.52961358280087,25000,Neutral,57.03125276486396,2.186,2.0765,2.4943,2.6993,4.2507,14.170000076293944,2.1012,SLDP,0.7338,Neutral,0.52,0.3596,-9.644339858738135,75,385.989990234375,0.0,0.0
2023-05-31,2.190000057220459,2.240000009536743,2.255000114440918,2.130000114440918,2.190000057220459,2068200.0,9823.746860933545,0,1.5966042997868044,9822.150256633759,4485,-60.60601255626583,25000,Neutral,52.71318502834779,2.166,2.08,2.48,2.6943,4.2332,14.170000076293944,2.0388,SLDP,0.7471,Neutral,0.5336,0.3234,-10.486689616243417,75,383.8900146484375,0.0,0.0
2023-06-01,2.200000047683716,2.180000066757202,2.2100000381469727,2.0899999141693115,2.200000047683716,1269200.0,10867.598018139604,0,1.7977826297316142,10865.800235509872,4939,-58.102546084078455,26000,"cash_0%_Buy 100% of cash (454 shares - DCA Strategy) Monthly invest 3.8% of total investment ($1,000.00)",55.20000457763672,2.168,2.0895,2.4682,2.6902,4.217,14.170000076293944,1.9635,SLDP,0.7617,CashBuild,0.4973,0.3276,-9.62901449882176,77,387.5700073242188,0.0,0.0
2023-06-02,2.240000009536743,2.2300000190734863,2.259999990463257,2.1700000762939453,2.240000009536743,1518000.0,11065.157829731706,0,1.7977826297316142,11063.360047101974,4939,-57.34270065487808,26000,CashBuild,60.83333250549108,2.202,2.0995,2.4552,2.687,4.2003,14.170000076293944,1.968,SLDP,0.7682,CashBuild,0.4783,0.3329,-7.35933574719418,77,393.260009765625,0.0,0.0
2023-06-03,2.240000009536743,2.2300000190734863,2.259999990463257,2.1700000762939453,2.240000009536743,1518000.0,11065.157829731706,0,1.7977826297316142,11063.360047101974,4939,-57.34270065487808,26000,CashBuild,60.83333250549108,2.202,2.0995,2.4552,2.687,4.2003,14.170000076293944,1.968,SLDP,0.7682,CashBuild,0.4783,0.3329,-7.35933574719418,77,393.260009765625,0.0,0.0
2023-06-04,2.240000009536743,2.2300000190734863,2.259999990463257,2.1700000762939453,2.240000009536743,1518000.0,11065.157829731706,0,1.7977826297316142,11063.360047101974,4939,-57.34270065487808,26000,CashBuild,60.83333250549108,2.202,2.0995,2.4552,2.687,4.2003,14.170000076293944,1.968,SLDP,0.7682,CashBuild,0.4783,0.3329,-7.35933574719418,77,393.260009765625,0.0,0.0
2023-06-05,2.289999961853028,2.2799999713897705,2.309999942779541,2.220000028610229,2.289999961853028,2387700.0,11312.107594221836,0,1.7977826297316142,11310.309811592104,4939,-56.39289386837757,26000,CashBuild,64.46280552059189,2.234,2.109,2.444,2.6828,4.183,14.170000076293944,2.0454,SLDP,0.755,CashBuild,0.4776,0.3426,-7.6624951981490526,77,392.5,0.0,0.0
2023-06-06,2.380000114440918,2.289999961853028,2.4100000858306885,2.220000028610229,2.380000114440918,2664400.0,11756.618347853426,0,1.7977826297316142,11754.820565223694,4939,-54.683237123640694,26000,CashBuild,71.31147693158843,2.26,2.1165,2.4345,2.6806,4.1662,14.170000076293944,2.2727,SLDP,0.7602,CashBuild,0.4662,0.3612,-7.339396171998878,77,393.30999755859375,0.0,0.0
2023-06-07,2.450000047683716,2.400000095367432,2.539999961853028,2.380000114440918,2.450000047683716,2717900.0,12102.348018139604,0,1.7977826297316142,12100.550235509872,4939,-53.35350762254001,26000,CashBuild,70.33898270839046,2.312,2.1355,2.4277,2.6798,4.149,14.170000076293944,2.5119,SLDP,0.7512,CashBuild,0.4627,0.3821,-7.853966247139944,77,392.0199890136719,0.0,0.0
2023-06-08,2.069999933242798,2.400000095367432,2.400000095367432,2.069999933242798,2.069999933242798,6019400.0,10225.52745291591,0,1.7977826297316142,10223.729670286179,4939,-60.57204825801574,26000,Neutral,54.24836137893807,2.286,2.133,2.415,2.6768,4.1315,14.170000076293944,1.4594,SLDP,0.7453,Neutral,0.459,0.3834,-6.9165749236264915,77,394.3699951171875,0.0,0.0
2023-06-09,2.0199999809265137,2.1600000858306885,2.1600000858306885,2.009999990463257,2.0199999809265137,2099400.0,9978.577688425783,0,1.7977826297316142,9976.779905796051,4939,-61.521855044516236,26000,Neutral,53.89610384583855,2.242,2.1305,2.4025,2.6735,4.1143,14.170000076293944,0.5865,SLDP,0.7432,Neutral,0.4607,0.3709,-6.653306796185078,77,395.0299987792969,0.0,0.0
2023-06-10,2.0199999809265137,2.1600000858306885,2.1600000858306885,2.009999990463257,2.0199999809265137,2099400.0,9978.577688425783,0,1.7977826297316142,9976.779905796051,4939,-61.521855044516236,26000,Neutral,53.89610384583855,2.242,2.1305,2.4025,2.6735,4.1143,14.170000076293944,0.5865,SLDP,0.7432,Neutral,0.4607,0.3709,-6.653306796185078,77,395.0299987792969,0.0,0.0
2023-06-11,2.0199999809265137,2.1600000858306885,2.1600000858306885,2.009999990463257,2.0199999809265137,2099400.0,9978.577688425783,0,1.7977826297316142,9976.779905796051,4939,-61.521855044516236,26000,Neutral,53.89610384583855,2.242,2.1305,2.4025,2.6735,4.1143,14.170000076293944,0.5865,SLDP,0.7432,Neutral,0.4607,0.3709,-6.653306796185078,77,395.0299987792969,0.0,0.0
2023-06-12,2.200000047683716,2.0299999713897705,2.220000028610229,2.0,2.200000047683716,3157200.0,10867.598018139604,0,1.7977826297316142,10865.800235509872,4939,-58.102546084078455,26000,Neutral,48.17518438716946,2.224,2.1415,2.3907,2.6721,4.0995,14.170000076293944,0.5412,SLDP,0.7443,Neutral,0.4782,0.3431,-5.20533818181876,77,398.6600036621094,0.0,0.0
2023-06-13,2.400000095367432,2.259999990463257,2.4600000381469727,2.220000028610229,2.400000095367432,3845000.0,11855.398253649479,0,1.7977826297316142,11853.600471019747,4939,-54.30331440904048,26000,RiskWatch,53.59477511209568,2.228,2.1645,2.3838,2.6737,4.0866,14.170000076293944,1.073,SLDP,0.6843,RiskWatch,0.6521,0.3311,-4.156258456341334,77,401.2900085449219,0.0,0.0
2023-06-14,2.3499999046325684,2.490000009536743,2.640000104904175,2.3299999237060547,2.3499999046325684,3741500.0,11608.447311609987,0,1.7977826297316142,11606.649528980255,4939,-55.25312572457699,26000,Neutral,55.40539843919651,2.208,2.189,2.3783,2.6746,4.074,14.170000076293944,1.2098,SLDP,0.6932,Neutral,0.6428,0.3194,-4.032603874635598,77,401.6000061035156,0.0,0.0
2023-06-15,2.4200000762939453,2.3299999237060547,2.4600000381469727,2.309999942779541,2.4200000762939453,2250700.0,11954.178159445528,0,1.7977826297316142,11952.380376815796,4939,-53.92339169444029,26000,Neutral,62.23776258753751,2.278,2.2115,2.3692,2.6746,4.0611,14.170000076293944,1.4323,SLDP,0.6812,Neutral,0.6478,0.3255,-1.9783285314823829,77,406.75,0.0,0.0
2023-06-16,2.359999895095825,2.490000009536743,2.490000009536743,2.345000028610229,2.359999895095825,2289100.0,11657.837264508013,0,1.7977826297316142,11656.03948187828,4939,-55.0631643672769,26000,Neutral,58.04194731551618,2.346,2.2325,2.362,2.6735,4.0475,14.170000076293944,1.3261,SLDP,0.6838,Neutral,0.6335,0.3456,-2.5766618648157333,77,405.25,0.0,0.0
2023-06-17,2.359999895095825,2.490000009536743,2.490000009536743,2.345000028610229,2.359999895095825,2289100.0,11657.837264508013,0,1.7977826297316142,11656.03948187828,4939,-55.0631643672769,26000,Neutral,58.04194731551618,2.346,2.2325,2.362,2.6735,4.0475,14.170000076293944,1.3261,SLDP,0.6838,Neutral,0.6335,0.3456,-2.5766618648157333,77,405.25,0.0,0.0
2023-06-18,2.359999895095825,2.490000009536743,2.490000009536743,2.345000028610229,2.359999895095825,2289100.0,11657.837264508013,0,1.7977826297316142,11656.03948187828,4939,-55.0631643672769,26000,Neutral,58.04194731551618,2.346,2.2325,2.362,2.6735,4.0475,14.170000076293944,1.3261,SLDP,0.6838,Neutral,0.6335,0.3456,-2.5766618648157333,77,405.25,0.0,0.0
2023-06-19,2.359999895095825,2.490000009536743,2.490000009536743,2.345000028610229,2.359999895095825,2289100.0,11657.837264508013,0,1.7977826297316142,11656.03948187828,4939,-55.0631643672769,26000,Neutral,58.04194731551618,2.346,2.2325,2.362,2.6735,4.0475,14.170000076293944,1.3261,SLDP,0.6838,Neutral,0.6335,0.3456,-2.5766618648157333,77,405.25,0.0,0.0
2023-06-20,2.319999933242798,2.400000095367432,2.4800000190734863,2.2799999713897705,2.319999933242798,1785700.0,11460.27745291591,0,1.7977826297316142,11458.479670286179,4939,-55.82300979647729,26000,Neutral,52.59258892964765,2.37,2.2535,2.3543,2.672,4.0339,14.170000076293944,1.0761,SLDP,0.679,Neutral,0.6403,0.3745,-3.3225821393382944,77,403.3800048828125,0.0,0.0
2023-06-21,2.2799999713897705,2.299999952316284,2.3299999237060547,2.220000028610229,2.2799999713897705,1500800.0,11262.717641323808,0,1.7977826297316142,11260.919858694077,4939,-56.582855225677676,26000,Neutral,53.383453794411935,2.346,2.255,2.347,2.6723,4.0184,14.170000076293944,0.7477,SLDP,0.6786,Neutral,0.6332,0.3947,-4.2041231753083395,77,401.1700134277344,0.0,0.0
2023-06-22,2.220000028610229,2.2799999713897705,2.2799999713897705,2.1700000762939453,2.220000028610229,1839300.0,10966.377923935654,0,1.7977826297316142,10964.580141305922,4939,-57.722623369478264,26000,Neutral,50.72463667961152,2.32,2.2515,2.3377,2.6718,4.0022,14.170000076293944,0.3297,SLDP,0.6775,Neutral,0.6268,0.3684,-3.621748806004966,77,402.6300048828125,0.0,0.0
2023-06-23,2.240000009536743,2.190000057220459,2.259999990463257,2.140000104904175,2.240000009536743,6971700.0,11065.157829731706,0,1.7977826297316142,11063.360047101974,4939,-57.34270065487808,26000,Neutral,50.0,2.284,2.254,2.3287,2.671,3.987,14.170000076293944,0.1005,SLDP,0.678,Neutral,0.6366,0.3404,-4.826401041248005,77,399.6099853515625,0.0,0.0
2023-06-24,2.240000009536743,2.190000057220459,2.259999990463257,2.140000104904175,2.240000009536743,6971700.0,11065.157829731706,0,1.7977826297316142,11063.360047101974,4939,-57.34270065487808,26000,Neutral,50.0,2.284,2.254,2.3287,2.671,3.987,14.170000076293944,0.1005,SLDP,0.678,Neutral,0.6366,0.3404,-4.826401041248005,77,399.6099853515625,0.0,0.0
2023-06-25,2.240000009536743,2.190000057220459,2.259999990463257,2.140000104904175,2.240000009536743,6971700.0,11065.157829731706,0,1.7977826297316142,11063.360047101974,4939,-57.34270065487808,26000,Neutral,50.0,2.284,2.254,2.3287,2.671,3.987,14.170000076293944,0.1005,SLDP,0.678,Neutral,0.6366,0.3404,-4.826401041248005,77,399.6099853515625,0.0,0.0
2023-06-26,2.2100000381469727,2.2300000190734863,2.25,2.190000057220459,2.2100000381469727,2078300.0,10916.98797103763,0,1.7977826297316142,10915.190188407898,4939,-57.91258472677836,26000,Neutral,47.01492962207113,2.254,2.261,2.3175,2.6683,3.9711,14.170000076293944,-0.1391,SLDP,0.6756,Neutral,0.6492,0.3207,-5.484565273290109,77,397.9599914550781,0.0,0.0
2023-06-27,2.3499999046325684,2.25,2.365000009536743,2.190000057220459,2.3499999046325684,1473400.0,11608.447311609987,0,1.7977826297316142,11606.649528980255,4939,-55.25312572457699,26000,Neutral,48.92085602883252,2.26,2.272,2.3082,2.6681,3.9558,14.170000076293944,0.1065,SLDP,0.683,Neutral,0.6415,0.3023,-3.725463812515372,77,402.3699951171875,0.0,0.0
2023-06-28,2.5,2.299999952316284,2.5,2.2730000019073486,2.5,1832000.0,12349.297782629732,0,1.7977826297316142,12347.5,4939,-52.40370083603951,26000,Neutral,51.70067806544961,2.304,2.2845,2.2997,2.6703,3.9413,14.170000076293944,0.6642,SLDP,0.6877,Neutral,0.6389,0.2903,-3.653666734064821,77,402.5499877929688,0.0,0.0
2023-06-29,2.539999961853028,2.490000009536743,2.619999885559082,2.430000066757202,2.539999961853028,3813700.0,12546.857594221836,0,1.7977826297316142,12545.059811592104,4939,-51.643855406839116,26000,Neutral,70.7964549489246,2.368,2.302,2.2932,2.6745,3.9266,14.170000076293944,1.0726,SLDP,0.6736,Neutral,0.636,0.298,-3.040964636083096,77,402.510009765625,1.576,0.0
2023-06-30,2.539999961853028,2.569999933242798,2.619999885559082,2.5199999809265137,2.539999961853028,2147700.0,12546.857594221836,0,1.7977826297316142,12545.059811592104,4939,-51.643855406839116,26000,Neutral,74.07406426261352,2.428,2.319,2.2877,2.6789,3.912,14.170000076293944,1.2536,SLDP,0.6811,Neutral,0.6373,0.3149,-1.1382690184073212,77,407.2799987792969,0.0,0.0
2023-07-01,2.539999961853028,2.569999933242798,2.619999885559082,2.5199999809265137,2.539999961853028,2147700.0,13545.856834236865,0,0.03703767466856789,13545.819796562197,5333,-49.731159873196816,27000,"cash_0%_Buy 100% of cash (394 shares - DCA Strategy) Monthly invest 3.7% of total investment ($1,000.00)",74.07406426261352,2.428,2.319,2.2877,2.6789,3.912,14.170000076293944,1.2536,SLDP,0.6811,Neutral,0.6373,0.3149,-1.8373766728394756,81,407.2799987792969,0.0,0.0
2023-07-02,2.539999961853028,2.569999933242798,2.619999885559082,2.5199999809265137,2.539999961853028,2147700.0,13545.856834236865,0,0.03703767466856789,13545.819796562197,5333,-49.731159873196816,27000,Neutral,74.07406426261352,2.428,2.319,2.2877,2.6789,3.912,14.170000076293944,1.2536,SLDP,0.6811,Neutral,0.6373,0.3149,-1.8373766728394756,81,407.2799987792969,0.0,0.0
2023-07-03,2.619999885559082,2.569999933242798,2.690000057220459,2.569999933242798,2.619999885559082,1332300.0,13972.496427361253,0,0.03703767466856789,13972.459389686584,5333,-48.15101323199538,27000,Neutral,71.42855752661708,2.51,2.338,2.2868,2.6823,3.8969,14.170000076293944,1.4941,SLDP,0.666,Neutral,0.6363,0.3394,-1.5262343026364533,81,408.05999755859375,0.0,0.0
2023-07-04,2.619999885559082,2.569999933242798,2.690000057220459,2.569999933242798,2.619999885559082,1332300.0,13972.496427361253,0,0.03703767466856789,13972.459389686584,5333,-48.15101323199538,27000,Neutral,71.42855752661708,2.51,2.338,2.2868,2.6823,3.8969,14.170000076293944,1.4941,SLDP,0.666,Neutral,0.6363,0.3394,-1.5262343026364533,81,408.05999755859375,0.0,0.0
2023-07-05,2.559999942779541,2.630000114440918,2.630000114440918,2.509999990463257,2.559999942779541,1798800.0,13652.516732517961,0,0.03703767466856789,13652.479694843292,5333,-49.33612321289645,27000,Neutral,59.52379871117748,2.552,2.3515,2.2837,2.6846,3.881,14.170000076293944,1.3828,SLDP,0.6576,Neutral,0.6438,0.3581,-1.8892357634559005,81,407.1499938964844,0.0,0.0
2023-07-06,2.4800000190734863,2.509999990463257,2.5199999809265137,2.390000104904175,2.4800000190734863,1705600.0,13225.877139393571,0,0.03703767466856789,13225.840101718903,5333,-50.9162698540979,27000,RiskWatch,57.47127192766104,2.548,2.3565,2.278,2.6856,3.865,14.170000076293944,1.0078,SLDP,0.6409,RiskWatch,0.6585,0.3634,-3.2135903334464544,81,403.8299865722656,0.0,0.0
2023-07-07,2.789999961853028,2.4800000190734863,2.869999885559082,2.4800000190734863,2.789999961853028,3657200.0,14879.106834236865,0,0.03703767466856789,14879.069796562197,5333,-44.793196910233846,27000,RiskWatch,66.66666666666666,2.598,2.3735,2.2763,2.6868,3.8523,14.170000076293944,1.4989,SLDP,0.6474,RiskWatch,0.6502,0.3903,-3.58854616679767,81,402.8900146484375,0.0,0.0
2023-07-08,2.789999961853028,2.4800000190734863,2.869999885559082,2.4800000190734863,2.789999961853028,3657200.0,14879.106834236865,0,0.03703767466856789,14879.069796562197,5333,-44.793196910233846,27000,RiskWatch,66.66666666666666,2.598,2.3735,2.2763,2.6868,3.8523,14.170000076293944,1.4989,SLDP,0.6474,RiskWatch,0.6502,0.3903,-3.58854616679767,81,402.8900146484375,0.0,0.0
2023-07-09,2.789999961853028,2.4800000190734863,2.869999885559082,2.4800000190734863,2.789999961853028,3657200.0,14879.106834236865,0,0.03703767466856789,14879.069796562197,5333,-44.793196910233846,27000,RiskWatch,66.66666666666666,2.598,2.3735,2.2763,2.6868,3.8523,14.170000076293944,1.4989,SLDP,0.6474,RiskWatch,0.6502,0.3903,-3.58854616679767,81,402.8900146484375,0.0,0.0
2023-07-10,2.990000009536743,2.859999895095825,3.0,2.7300000190734863,2.990000009536743,3113800.0,15945.70708853412,0,0.03703767466856789,15945.670050859451,5333,-40.84282559802179,27000,RiskWatch,75.20001419067921,2.688,2.4195,2.2812,2.6888,3.8399,14.170000076293944,2.1834,SLDP,0.639,RiskWatch,0.6553,0.4084,-3.1577383363224882,81,403.9700012207031,0.0,0.0
2023-07-11,3.039999961853028,3.0199999809265137,3.1700000762939453,2.940000057220459,3.039999961853028,3848000.0,16212.356834236865,0,0.03703767466856789,16212.319796562197,5333,-39.85523394727088,27000,RiskWatch,78.57144073564648,2.772,2.4705,2.2855,2.6914,3.828,14.170000076293944,2.5522,SLDP,0.6403,RiskWatch,0.6537,0.4407,-2.1245859509880987,81,406.55999755859375,0.0,0.0
2023-07-12,2.809999942779541,3.130000114440918,3.200000047683716,2.740000009536743,2.809999942779541,7026500.0,14985.766732517961,0,0.03703767466856789,14985.729694843292,5333,-44.3981602499335,27000,Neutral,68.27586649147553,2.822,2.501,2.2872,2.6906,3.8144,14.170000076293944,2.0336,SLDP,0.6515,Neutral,0.6397,0.4767,-0.8480975651064,81,409.760009765625,0.0,0.0
2023-07-13,2.940000057220459,2.8499999046325684,3.039999961853028,2.815000057220459,2.940000057220459,2869000.0,15679.057342831376,0,0.03703767466856789,15679.020305156708,5333,-41.8304172487727,27000,Neutral,73.6842154796112,2.914,2.528,2.2907,2.6917,3.8003,14.170000076293944,1.8624,SLDP,0.6447,Neutral,0.6363,0.5157,0.4842306444038229,81,413.1000061035156,0.0,0.0
2023-07-14,2.7799999713897705,2.950000047683716,2.9649999141693115,2.759999990463257,2.7799999713897705,2024700.0,14825.776885096315,0,0.03703767466856789,14825.739847421646,5333,-44.99071524038404,27000,Neutral,66.26506058704979,2.912,2.5495,2.2971,2.6893,3.7855,14.170000076293944,1.2257,SLDP,0.6446,Neutral,0.6307,0.5227,0.3525864646090042,81,412.7699890136719,0.0,0.0
2023-07-15,2.7799999713897705,2.950000047683716,2.9649999141693115,2.759999990463257,2.7799999713897705,2024700.0,14825.776885096315,0,0.03703767466856789,14825.739847421646,5333,-44.99071524038404,27000,Neutral,66.26506058704979,2.912,2.5495,2.2971,2.6893,3.7855,14.170000076293944,1.2257,SLDP,0.6446,Neutral,0.6307,0.5227,0.3525864646090042,81,412.7699890136719,0.0,0.0
2023-07-16,2.7799999713897705,2.950000047683716,2.9649999141693115,2.759999990463257,2.7799999713897705,2024700.0,14825.776885096315,0,0.03703767466856789,14825.739847421646,5333,-44.99071524038404,27000,Neutral,66.26506058704979,2.912,2.5495,2.2971,2.6893,3.7855,14.170000076293944,1.2257,SLDP,0.6446,Neutral,0.6307,0.5227,0.3525864646090042,81,412.7699890136719,0.0,0.0
2023-07-17,2.880000114440918,2.799999952316284,2.9749999046325684,2.7300000190734863,2.880000114440918,1861500.0,15359.077647988084,0,0.03703767466856789,15359.040610313416,5333,-43.01552722967378,27000,Neutral,69.36416384124574,2.89,2.5725,2.3057,2.6869,3.7715,14.170000076293944,0.9462,SLDP,0.6406,Neutral,0.6339,0.5197,0.9270050209062362,81,414.2099914550781,0.0,0.0
2023-07-18,2.8299999237060547,2.890000104904175,2.950000047683716,2.815000057220459,2.8299999237060547,1763600.0,15092.426630799058,0,0.03703767466856789,15092.38959312439,5333,-44.003123589633134,27000,Neutral,64.63414385941448,2.848,2.596,2.3149,2.6852,3.7563,14.170000076293944,0.5504,SLDP,0.6454,Neutral,0.6323,0.5286,2.179560314733493,81,417.3500061035156,0.0,0.0
2023-07-19,2.8399999141693115,2.8499999046325684,2.9649999141693115,2.819999933242798,2.8399999141693115,2461300.0,15145.756579939607,0,0.03703767466856789,15145.719542264938,5333,-43.80560525948295,27000,Neutral,61.3333286709263,2.854,2.622,2.3237,2.6822,3.7405,14.170000076293944,0.2432,SLDP,0.6455,Neutral,0.6401,0.5245,2.538568869045406,81,418.25,0.0,0.0
2023-07-20,2.740000009536743,2.799999952316284,2.799999952316284,2.690000057220459,2.740000009536743,1646100.0,14612.45708853412,0,0.03703767466856789,14612.420050859451,5333,-45.78078856098475,27000,Neutral,56.41025719401232,2.814,2.645,2.3307,2.679,3.7239,14.170000076293944,-0.2461,SLDP,0.6352,Neutral,0.6397,0.5154,1.4495644865870219,81,415.5199890136719,0.0,0.0
2023-07-21,2.5999999046325684,2.7799999713897705,2.805000066757202,2.569999933242798,2.5999999046325684,1858400.0,13865.836529080156,0,0.03703767466856789,13865.799491405487,5333,-48.54604989229574,27000,Neutral,51.76470390240658,2.778,2.664,2.3362,2.672,3.7073,14.170000076293944,-0.9155,SLDP,0.6401,Neutral,0.6353,0.5253,1.4695168456293999,81,415.5700073242188,0.0,0.0
2023-07-22,2.5999999046325684,2.7799999713897705,2.805000066757202,2.569999933242798,2.5999999046325684,1858400.0,13865.836529080156,0,0.03703767466856789,13865.799491405487,5333,-48.54604989229574,27000,Neutral,51.76470390240658,2.778,2.664,2.3362,2.672,3.7073,14.170000076293944,-0.9155,SLDP,0.6401,Neutral,0.6353,0.5253,1.4695168456293999,81,415.5700073242188,0.0,0.0
2023-07-23,2.5999999046325684,2.7799999713897705,2.805000066757202,2.569999933242798,2.5999999046325684,1858400.0,13865.836529080156,0,0.03703767466856789,13865.799491405487,5333,-48.54604989229574,27000,Neutral,51.76470390240658,2.778,2.664,2.3362,2.672,3.7073,14.170000076293944,-0.9155,SLDP,0.6401,Neutral,0.6353,0.5253,1.4695168456293999,81,415.5700073242188,0.0,0.0
2023-07-24,2.5899999141693115,2.5999999046325684,2.680000066757202,2.559999942779541,2.5899999141693115,1269900.0,13812.506579939607,0,0.03703767466856789,13812.469542264938,5333,-48.74356822244592,27000,Neutral,49.079755678054255,2.72,2.6815,2.342,2.6667,3.6899,14.170000076293944,-1.3599,SLDP,0.6298,Neutral,0.6391,0.553,2.1715745017183963,81,417.3299865722656,0.0,0.0
2023-07-25,2.470000028610229,2.5999999046325684,2.619999885559082,2.4600000381469727,2.470000028610229,1522100.0,13172.54719025302,0,0.03703767466856789,13172.510152578352,5333,-51.11378818424809,27000,Neutral,47.33728111167933,2.648,2.6945,2.345,2.6594,3.6723,14.170000076293944,-1.8987,SLDP,0.6287,Neutral,0.6373,0.5724,2.6622272358250996,81,418.55999755859375,0.0,0.0
2023-07-26,2.569999933242798,2.4600000381469727,2.5899999141693115,2.450000047683716,2.569999933242798,1559000.0,13705.84668165851,0,0.03703767466856789,13705.809643983841,5333,-49.13860488274627,27000,Neutral,52.631576012083215,2.594,2.7055,2.35,2.6523,3.6517,14.170000076293944,-1.9417,SLDP,0.6294,Neutral,0.6304,0.585,2.702119780414307,81,418.6600036621094,0.0,0.0
2023-07-27,2.539999961853028,2.6700000762939453,2.789999961853028,2.5199999809265137,2.539999961853028,2943200.0,13545.856834236865,0,0.03703767466856789,13545.819796562197,5333,-49.731159873196816,27000,Neutral,41.25874312420973,2.554,2.7075,2.3562,2.6431,3.6317,14.170000076293944,-1.9767,SLDP,0.6078,Neutral,0.6422,0.5994,1.5692421203546587,81,415.8200073242188,0.0,0.0
2023-07-28,2.740000009536743,2.609999895095825,2.809999942779541,2.5799999237060547,2.740000009536743,2155000.0,14612.45708853412,0,0.03703767466856789,14612.420050859451,5333,-45.78078856098475,27000,Neutral,41.25874312420973,2.582,2.7175,2.3665,2.6356,3.6126,14.170000076293944,-1.4452,SLDP,0.6194,Neutral,0.6287,0.6137,3.1847867015058995,81,419.8699951171875,0.0,0.0
2023-07-29,2.740000009536743,2.609999895095825,2.809999942779541,2.5799999237060547,2.740000009536743,2155000.0,14612.45708853412,0,0.03703767466856789,14612.420050859451,5333,-45.78078856098475,27000,Neutral,41.25874312420973,2.582,2.7175,2.3665,2.6356,3.6126,14.170000076293944,-1.4452,SLDP,0.6194,Neutral,0.6287,0.6137,3.1847867015058995,81,419.8699951171875,0.0,0.0
2023-07-30,2.740000009536743,2.609999895095825,2.809999942779541,2.5799999237060547,2.740000009536743,2155000.0,14612.45708853412,0,0.03703767466856789,14612.420050859451,5333,-45.78078856098475,27000,Neutral,41.25874312420973,2.582,2.7175,2.3665,2.6356,3.6126,14.170000076293944,-1.4452,SLDP,0.6194,Neutral,0.6287,0.6137,3.1847867015058995,81,419.8699951171875,0.0,0.0
2023-07-31,2.859999895095825,2.8499999046325684,2.934999942779541,2.7799999713897705,2.859999895095825,2896800.0,15252.416478220704,0,0.03703767466856789,15252.379440546036,5333,-43.4105685991826,27000,Neutral,43.999998728434434,2.636,2.7335,2.3807,2.631,3.5957,14.170000076293944,-0.781,SLDP,0.6202,Neutral,0.6331,0.6316,3.507895617736196,81,420.6799926757813,0.0,0.0
2023-08-01,2.859999895095825,2.859999895095825,2.880000114440918,2.775000095367432,2.859999895095825,1658200.0,16251.418338257316,0,0.8989343228372491,16250.519403934479,5682,-41.8602202205096,28000,"cash_0%_Buy 100% of cash (349 shares - DCA Strategy) Monthly invest 3.6% of total investment ($1,000.00)",51.96850171971104,2.714,2.7455,2.3943,2.6265,3.5777,14.170000076293944,-0.3566,SLDP,0.6164,Neutral,0.6374,0.6298,2.2533584429949514,84,419.3800048828125,0.0,0.0
2023-08-02,2.640000104904175,2.7699999809265137,2.789999961853028,2.5999999046325684,2.640000104904175,2308400.0,15001.379530388358,0,0.8989343228372491,15000.480596065521,5682,-46.324644534327305,28000,RiskWatch,38.97058913761363,2.728,2.7495,2.4033,2.6182,3.5592,14.170000076293944,-0.6195,SLDP,0.5991,RiskWatch,0.6653,0.6148,-0.05801015096730566,84,413.5700073242188,0.0,0.0
2023-08-03,2.680000066757202,2.5999999046325684,2.759999990463257,2.572000026702881,2.680000066757202,1869800.0,15228.65931363726,0,0.8989343228372491,15227.760379314423,5682,-45.51293102272409,28000,RiskWatch,45.96774503666264,2.756,2.7595,2.4108,2.6124,3.5398,14.170000076293944,-0.6823,SLDP,0.6013,RiskWatch,0.6598,0.6157,-0.5234720146094958,84,412.3999938964844,0.0,0.0
2023-08-04,2.5899999141693115,2.700000047683716,2.7100000381469727,2.5799999237060547,2.5899999141693115,1489900.0,14717.278446632865,0,0.8989343228372491,14716.379512310028,5682,-47.3392912620255,28000,RiskWatch,38.211371870440615,2.726,2.7495,2.4195,2.6064,3.5222,14.170000076293944,-0.9231,SLDP,0.5979,RiskWatch,0.6789,0.6246,-1.327076339613754,84,410.3800048828125,0.0,0.0
2023-08-05,2.5899999141693115,2.700000047683716,2.7100000381469727,2.5799999237060547,2.5899999141693115,1489900.0,14717.278446632865,0,0.8989343228372491,14716.379512310028,5682,-47.3392912620255,28000,RiskWatch,38.211371870440615,2.726,2.7495,2.4195,2.6064,3.5222,14.170000076293944,-0.9231,SLDP,0.5979,RiskWatch,0.6789,0.6246,-1.327076339613754,84,410.3800048828125,0.0,0.0
2023-08-06,2.5899999141693115,2.700000047683716,2.7100000381469727,2.5799999237060547,2.5899999141693115,1489900.0,14717.278446632865,0,0.8989343228372491,14716.379512310028,5682,-47.3392912620255,28000,RiskWatch,38.211371870440615,2.726,2.7495,2.4195,2.6064,3.5222,14.170000076293944,-0.9231,SLDP,0.5979,RiskWatch,0.6789,0.6246,-1.327076339613754,84,410.3800048828125,0.0,0.0
2023-08-07,2.4600000381469727,2.5899999141693115,2.5899999141693115,2.4100000858306885,2.4600000381469727,1822100.0,13978.619151073935,0,0.8989343228372491,13977.720216751099,5682,-49.97736017473596,28000,RiskWatch,35.87786120611459,2.646,2.723,2.4252,2.5992,3.5042,14.170000076293944,-1.36,SLDP,0.6085,RiskWatch,0.6614,0.6155,0.14487289771216183,84,414.0799865722656,0.0,0.0
2023-08-08,2.490000009536743,2.5,2.509999990463257,2.380000114440918,2.490000009536743,1443100.0,14149.078988510611,0,0.8989343228372491,14148.180054187775,5682,-49.368575041033544,28000,RiskWatch,36.842103376187744,2.572,2.6955,2.4322,2.5906,3.4878,14.170000076293944,-1.5126,SLDP,0.6028,RiskWatch,0.6664,0.6195,-0.5672270566441568,84,412.2900085449219,0.0,0.0
2023-08-09,2.6600000858306885,2.619999885559082,2.880000114440918,2.5999999046325684,2.6600000858306885,3345900.0,15115.019422012809,0,0.8989343228372491,15114.120487689972,5682,-45.918787778525704,28000,RiskWatch,47.14285908913179,2.576,2.688,2.4435,2.5815,3.4695,14.170000076293944,-1.1318,SLDP,0.6143,RiskWatch,0.6666,0.6398,-1.6572787905732866,84,409.5499877929688,0.0,0.0
2023-08-10,2.450000047683716,2.7100000381469727,2.7100000381469727,2.4200000762939453,2.450000047683716,3482100.0,13921.79920526171,0,0.8989343228372491,13920.900270938873,5682,-50.18028855263677,28000,RiskWatch,44.89796249366447,2.53,2.6635,2.452,2.5732,3.4505,14.170000076293944,-1.3582,SLDP,0.6131,RiskWatch,0.6629,0.6433,-1.5617922740354544,84,409.7900085449219,0.0,0.0
2023-08-11,2.390000104904175,2.440000057220459,2.5299999713897705,2.359999895095825,2.390000104904175,1484600.0,13580.879530388358,0,0.8989343228372491,13579.980596065521,5682,-51.3978588200416,28000,Neutral,43.42105675932578,2.49,2.644,2.4608,2.5634,3.4322,14.170000076293944,-1.5904,SLDP,0.6189,Neutral,0.647,0.6372,-1.7129681295891217,84,409.4100036621094,0.0,0.0
2023-08-12,2.390000104904175,2.440000057220459,2.5299999713897705,2.359999895095825,2.390000104904175,1484600.0,13580.879530388358,0,0.8989343228372491,13579.980596065521,5682,-51.3978588200416,28000,Neutral,43.42105675932578,2.49,2.644,2.4608,2.5634,3.4322,14.170000076293944,-1.5904,SLDP,0.6189,Neutral,0.647,0.6372,-1.7129681295891217,84,409.4100036621094,0.0,0.0
2023-08-13,2.390000104904175,2.440000057220459,2.5299999713897705,2.359999895095825,2.390000104904175,1484600.0,13580.879530388358,0,0.8989343228372491,13579.980596065521,5682,-51.3978588200416,28000,Neutral,43.42105675932578,2.49,2.644,2.4608,2.5634,3.4322,14.170000076293944,-1.5904,SLDP,0.6189,Neutral,0.647,0.6372,-1.7129681295891217,84,409.4100036621094,0.0,0.0
2023-08-14,2.3499999046325684,2.380000114440918,2.390000104904175,2.299999952316284,2.3499999046325684,1424300.0,13353.59839244509,0,0.8989343228372491,13352.699458122253,5682,-52.20957716983899,28000,Neutral,45.83332850425272,2.468,2.6175,2.4672,2.556,3.4137,14.170000076293944,-1.7641,SLDP,0.6235,Neutral,0.6466,0.6267,-0.79399083997464,84,411.7200012207031,0.0,0.0
2023-08-15,2.2799999713897705,2.309999942779541,2.3320000171661377,2.255000114440918,2.2799999713897705,1492400.0,12955.858771759513,0,0.8989343228372491,12954.959837436676,5682,-53.63007581514461,28000,RiskWatch,39.71631229658327,2.426,2.59,2.4728,2.5472,3.3957,14.170000076293944,-1.9668,SLDP,0.5987,RiskWatch,0.6649,0.6066,-2.6717304560369897,84,407.0,0.0,0.0
2023-08-16,2.2300000190734863,2.2699999809265137,2.289999961853028,2.200000047683716,2.2300000190734863,1436700.0,12671.759042698386,0,0.8989343228372491,12670.86010837555,5682,-54.644717704648635,28000,RiskWatch,39.16083986039004,2.34,2.5595,2.4783,2.5375,3.3775,14.170000076293944,-2.1267,SLDP,0.5956,RiskWatch,0.6682,0.5668,-3.8691908627964864,84,403.989990234375,0.0,0.0
2023-08-17,2.130000114440918,2.220000028610229,2.2300000190734863,2.111999988555908,2.130000114440918,1654500.0,12103.559584576133,0,0.8989343228372491,12102.660650253296,5682,-56.67400148365669,28000,RiskWatch,27.067667690313183,2.276,2.529,2.4763,2.5277,3.3595,14.170000076293944,-2.3822,SLDP,0.5811,RiskWatch,0.6809,0.5484,-5.170077796496386,84,400.7200012207031,0.0,0.0
2023-08-18,2.109999895095825,2.0999999046325684,2.1700000762939453,2.059999942779541,2.109999895095825,1411200.0,11989.918338257316,0,0.8989343228372491,11989.019403934479,5682,-57.07986307765246,28000,RiskWatch,19.51219559472254,2.22,2.5045,2.4733,2.5172,3.3419,14.170000076293944,-2.4753,SLDP,0.5895,RiskWatch,0.6751,0.5533,-5.0228840868326685,84,401.0899963378906,0.0,0.0
2023-08-19,2.109999895095825,2.0999999046325684,2.1700000762939453,2.059999942779541,2.109999895095825,1411200.0,11989.918338257316,0,0.8989343228372491,11989.019403934479,5682,-57.07986307765246,28000,RiskWatch,19.51219559472254,2.22,2.5045,2.4733,2.5172,3.3419,14.170000076293944,-2.4753,SLDP,0.5895,RiskWatch,0.6751,0.5533,-5.0228840868326685,84,401.0899963378906,0.0,0.0
2023-08-20,2.109999895095825,2.0999999046325684,2.1700000762939453,2.059999942779541,2.109999895095825,1411200.0,11989.918338257316,0,0.8989343228372491,11989.019403934479,5682,-57.07986307765246,28000,RiskWatch,19.51219559472254,2.22,2.5045,2.4733,2.5172,3.3419,14.170000076293944,-2.4753,SLDP,0.5895,RiskWatch,0.6751,0.5533,-5.0228840868326685,84,401.0899963378906,0.0,0.0
2023-08-21,2.140000104904175,2.119999885559082,2.1700000762939453,2.0899999141693115,2.140000104904175,1238900.0,12160.379530388358,0,0.8989343228372491,12159.480596065521,5682,-56.47107310575588,28000,RiskWatch,21.428584944361447,2.178,2.482,2.4725,2.5068,3.3245,14.170000076293944,-2.319,SLDP,0.5809,RiskWatch,0.6704,0.566,-3.9686473845356147,84,403.739990234375,0.0,0.0
2023-08-22,2.069999933242798,2.150000095367432,2.1700000762939453,2.0299999713897705,2.069999933242798,1576000.0,11762.638555008414,0,0.8989343228372491,11761.739620685577,5682,-57.89157658925568,28000,RiskWatch,24.32433071001444,2.136,2.462,2.4725,2.4997,3.3065,14.170000076293944,-2.2797,SLDP,0.5794,RiskWatch,0.6693,0.5854,-4.418192805306688,84,402.6099853515625,0.0,0.0
2023-08-23,2.039999961853028,2.059999942779541,2.1050000190734863,2.0269999504089355,2.039999961853028,1334700.0,11592.17871757174,0,0.8989343228372491,11591.279783248903,5682,-58.5003617229581,28000,RiskWatch,20.909102534453098,2.098,2.4355,2.471,2.4907,3.2889,14.170000076293944,-2.2049,SLDP,0.5912,RiskWatch,0.6603,0.5989,-2.6916169041093028,84,406.9500122070313,0.0,0.0
2023-08-24,2.009999990463257,2.069999933242798,2.0789999961853027,2.009999990463257,2.009999990463257,1503300.0,11421.718880135062,0,0.8989343228372491,11420.819945812225,5682,-59.10914685666051,28000,RiskWatch,22.115400045574617,2.074,2.409,2.467,2.4807,3.2697,14.170000076293944,-2.1082,SLDP,0.5709,RiskWatch,0.6754,0.6236,-4.843857491426746,84,401.5400085449219,0.0,0.0
2023-08-25,2.109999895095825,2.009999990463257,2.150000095367432,2.009999990463257,2.109999895095825,1385600.0,11989.918338257316,0,0.8989343228372491,11989.019403934479,5682,-57.07986307765246,28000,RiskWatch,32.673268261615405,2.074,2.3775,2.4657,2.4728,3.2513,14.170000076293944,-1.6234,SLDP,0.6023,RiskWatch,0.656,0.6347,-3.7856386432397287,84,404.2000122070313,0.0,0.0
2023-08-26,2.109999895095825,2.009999990463257,2.150000095367432,2.009999990463257,2.109999895095825,1385600.0,11989.918338257316,0,0.8989343228372491,11989.019403934479,5682,-57.07986307765246,28000,RiskWatch,32.673268261615405,2.074,2.3775,2.4657,2.4728,3.2513,14.170000076293944,-1.6234,SLDP,0.6023,RiskWatch,0.656,0.6347,-3.7856386432397287,84,404.2000122070313,0.0,0.0
2023-08-27,2.109999895095825,2.009999990463257,2.150000095367432,2.009999990463257,2.109999895095825,1385600.0,11989.918338257316,0,0.8989343228372491,11989.019403934479,5682,-57.07986307765246,28000,RiskWatch,32.673268261615405,2.074,2.3775,2.4657,2.4728,3.2513,14.170000076293944,-1.6234,SLDP,0.6023,RiskWatch,0.656,0.6347,-3.7856386432397287,84,404.2000122070313,0.0,0.0
2023-08-28,2.180000066757202,2.180000066757202,2.220000028610229,2.109999895095825,2.180000066757202,1207600.0,12387.65931363726,0,0.8989343228372491,12386.760379314423,5682,-55.65935959415267,28000,Neutral,35.23810734823759,2.082,2.3435,2.4653,2.4667,3.2338,14.170000076293944,-0.9938,SLDP,0.609,Neutral,0.6492,0.6404,-2.727431935741471,84,406.8599853515625,0.0,0.0
2023-08-29,2.2699999809265137,2.180000066757202,2.305000066757202,2.125,2.2699999809265137,1533200.0,12899.038825947287,0,0.8989343228372491,12898.13989162445,5682,-53.83300419304542,28000,Neutral,29.896912284375706,2.122,2.314,2.4658,2.4605,3.216,14.170000076293944,-0.2433,SLDP,0.6278,Neutral,0.6436,0.6638,-0.4279854980716351,84,412.6400146484375,0.0,0.0
2023-08-30,2.2100000381469727,2.2799999713897705,2.2799999713897705,2.1600000858306885,2.2100000381469727,1482100.0,12558.119151073935,0,0.8989343228372491,12557.220216751099,5682,-55.05057446045025,28000,Neutral,35.36586039552459,2.156,2.2925,2.4645,2.4542,3.1991,14.170000076293944,0.1137,SLDP,0.6357,Neutral,0.6361,0.6923,0.25626371643244283,84,414.3599853515625,0.0,0.0
2023-08-31,2.119999885559082,2.200000047683716,2.220000028610229,2.109999895095825,2.119999885559082,2016700.0,12046.73828406954,0,0.8989343228372491,12045.839349746704,5682,-56.87693469975166,28000,GeoWatch,34.11764573886005,2.178,2.2645,2.4602,2.4473,3.1824,14.170000076293944,0.1169,SLDP,0.6342,GeoWatch,0.6324,0.7334,0.04541637597304771,84,413.8299865722656,0.0,0.0
2023-09-01,2.190000057220459,2.130000114440918,2.194999933242798,2.119999885559082,2.190000057220459,1013900.0,13443.480619423393,0,1.2602682042155493,13442.220351219177,6138,-53.54417027785039,29000,"cash_0%_Buy 100% of cash (456 shares - DCA Strategy) Monthly invest 3.4% of total investment ($1,000.00)",40.90910568709208,2.194,2.2445,2.4558,2.4417,3.1656,14.170000076293944,0.358,SLDP,0.6368,GeoWatch,0.6228,0.7818,-0.3042001104307275,86,414.7099914550781,0.0,0.0
2023-09-02,2.190000057220459,2.130000114440918,2.194999933242798,2.119999885559082,2.190000057220459,1013900.0,13443.480619423393,0,1.2602682042155493,13442.220351219177,6138,-53.54417027785039,29000,GeoWatch,40.90910568709208,2.194,2.2445,2.4558,2.4417,3.1656,14.170000076293944,0.358,SLDP,0.6368,GeoWatch,0.6228,0.7818,-0.3042001104307275,86,414.7099914550781,0.0,0.0
2023-09-03,2.190000057220459,2.130000114440918,2.194999933242798,2.119999885559082,2.190000057220459,1013900.0,13443.480619423393,0,1.2602682042155493,13442.220351219177,6138,-53.54417027785039,29000,GeoWatch,40.90910568709208,2.194,2.2445,2.4558,2.4417,3.1656,14.170000076293944,0.358,SLDP,0.6368,GeoWatch,0.6228,0.7818,-0.3042001104307275,86,414.7099914550781,0.0,0.0
2023-09-04,2.190000057220459,2.130000114440918,2.194999933242798,2.119999885559082,2.190000057220459,1013900.0,13443.480619423393,0,1.2602682042155493,13442.220351219177,6138,-53.54417027785039,29000,GeoWatch,40.90910568709208,2.194,2.2445,2.4558,2.4417,3.1656,14.170000076293944,0.358,SLDP,0.6368,GeoWatch,0.6228,0.7818,-0.3042001104307275,86,414.7099914550781,0.0,0.0
2023-09-05,2.2100000381469727,2.190000057220459,2.220000028610229,2.140000104904175,2.2100000381469727,1141400.0,13566.240502350334,0,1.2602682042155493,13564.980234146118,6138,-53.120860336723005,29000,GeoWatch,45.78313979791887,2.2,2.232,2.4582,2.4366,3.1496,14.170000076293944,0.5923,SLDP,0.6343,GeoWatch,0.6332,0.8105,-1.0204141981323431,86,412.8999938964844,0.0,0.0
2023-09-06,2.0999999046325684,2.200000047683716,2.2179999351501465,2.0999999046325684,2.0999999046325684,1697700.0,12891.05968283892,0,1.2602682042155493,12889.799414634705,6138,-55.44907005917615,29000,GeoWatch,42.69662951447842,2.166,2.2125,2.4595,2.431,3.1344,14.170000076293944,0.4317,SLDP,0.6353,GeoWatch,0.6393,0.8129,-2.148158548770752,86,410.0499877929688,0.0,0.0
2023-09-07,2.109999895095825,2.069999933242798,2.119999885559082,2.0199999809265137,2.109999895095825,1228300.0,12952.439624302391,0,1.2602682042155493,12951.179356098175,6138,-55.237415088612465,29000,GeoWatch,48.749987706555935,2.146,2.185,2.458,2.4243,3.1201,14.170000076293944,0.3765,SLDP,0.6389,GeoWatch,0.6391,0.8034,-2.6309117199737386,86,408.8299865722656,0.0,0.0
2023-09-08,2.130000114440918,2.109999895095825,2.140000104904175,2.069999933242798,2.130000114440918,1065200.0,13075.20097064257,0,1.2602682042155493,13073.940702438354,6138,-54.81410010123253,29000,GeoWatch,51.25001229344407,2.148,2.169,2.4535,2.4187,3.106,14.170000076293944,0.4198,SLDP,0.6446,GeoWatch,0.6315,0.7901,-2.4093092124132482,86,409.3900146484375,0.0,0.0
2023-09-09,2.130000114440918,2.109999895095825,2.140000104904175,2.069999933242798,2.130000114440918,1065200.0,13075.20097064257,0,1.2602682042155493,13073.940702438354,6138,-54.81410010123253,29000,GeoWatch,51.25001229344407,2.148,2.169,2.4535,2.4187,3.106,14.170000076293944,0.4198,SLDP,0.6446,GeoWatch,0.6315,0.7901,-2.4093092124132482,86,409.3900146484375,0.0,0.0
2023-09-10,2.130000114440918,2.109999895095825,2.140000104904175,2.069999933242798,2.130000114440918,1065200.0,13075.20097064257,0,1.2602682042155493,13073.940702438354,6138,-54.81410010123253,29000,GeoWatch,51.25001229344407,2.148,2.169,2.4535,2.4187,3.106,14.170000076293944,0.4198,SLDP,0.6446,GeoWatch,0.6315,0.7901,-2.4093092124132482,86,409.3900146484375,0.0,0.0
2023-09-11,2.119999885559082,2.1600000858306885,2.190000057220459,2.0999999046325684,2.119999885559082,878900.0,13013.819565765862,0,1.2602682042155493,13012.559297561646,6138,-55.02576011804877,29000,GeoWatch,48.71793617786739,2.134,2.1555,2.4497,2.414,3.0922,14.170000076293944,0.4346,SLDP,0.6376,GeoWatch,0.6299,0.7794,-1.3448902145973847,86,412.0799865722656,0.0,0.0
2023-09-12,2.0999999046325684,2.0999999046325684,2.2090001106262207,2.0799999237060547,2.0999999046325684,1013600.0,12891.05968283892,0,1.2602682042155493,12889.799414634705,6138,-55.44907005917615,29000,GeoWatch,52.05479049396687,2.112,2.143,2.4443,2.4067,3.0781,14.170000076293944,0.3998,SLDP,0.6428,GeoWatch,0.6367,0.7712,-2.219381457036903,86,409.8699951171875,0.0,0.0
2023-09-13,2.069999933242798,2.0899999141693115,2.109999895095825,2.049999952316284,2.069999933242798,788400.0,12706.91985844851,0,1.2602682042155493,12705.659590244293,6138,-56.08403497086722,29000,GeoWatch,52.05479049396685,2.106,2.1325,2.4395,2.4007,3.0631,14.170000076293944,0.3046,SLDP,0.6553,GeoWatch,0.6266,0.7576,-2.0294416258877135,86,410.3500061035156,0.0,0.0
2023-09-14,2.119999885559082,2.0899999141693115,2.150000095367432,2.075000047683716,2.119999885559082,733800.0,13013.819565765862,0,1.2602682042155493,13012.559297561646,6138,-55.02576011804877,29000,GeoWatch,57.333319346123375,2.108,2.127,2.4362,2.3952,3.0499,14.170000076293944,0.4134,SLDP,0.6488,GeoWatch,0.6081,0.7573,-0.6247152734011507,86,413.8999938964844,0.0,0.0
2023-09-15,2.130000114440918,2.140000104904175,2.2300000190734863,2.130000114440918,2.130000114440918,1978900.0,13075.20097064257,0,1.2602682042155493,13073.940702438354,6138,-54.81410010123253,29000,GeoWatch,51.51516574580647,2.108,2.127,2.4337,2.3903,3.0369,14.170000076293944,0.5258,SLDP,0.624,GeoWatch,0.6201,0.7629,-2.6665231741068,86,408.739990234375,0.0,0.0
2023-09-16,2.130000114440918,2.140000104904175,2.2300000190734863,2.130000114440918,2.130000114440918,1978900.0,13075.20097064257,0,1.2602682042155493,13073.940702438354,6138,-54.81410010123253,29000,GeoWatch,51.51516574580647,2.108,2.127,2.4337,2.3903,3.0369,14.170000076293944,0.5258,SLDP,0.624,GeoWatch,0.6201,0.7629,-2.6665231741068,86,408.739990234375,0.0,0.0
2023-09-17,2.130000114440918,2.140000104904175,2.2300000190734863,2.130000114440918,2.130000114440918,1978900.0,13075.20097064257,0,1.2602682042155493,13073.940702438354,6138,-54.81410010123253,29000,GeoWatch,51.51516574580647,2.108,2.127,2.4337,2.3903,3.0369,14.170000076293944,0.5258,SLDP,0.624,GeoWatch,0.6201,0.7629,-2.6665231741068,86,408.739990234375,0.0,0.0
2023-09-18,2.0799999237060547,2.130000114440918,2.140000104904175,2.0799999237060547,2.0799999237060547,725800.0,12768.29979991198,0,1.2602682042155493,12767.039531707764,6138,-55.87238000030354,29000,GeoWatch,42.187501746226935,2.1,2.1255,2.4313,2.3845,3.0231,14.170000076293944,0.4545,SLDP,0.6095,GeoWatch,0.6237,0.773,-2.4884538276686,86,409.1900024414063,0.0,0.0
2023-09-19,2.049999952316284,2.069999933242798,2.0850000381469727,2.0299999713897705,2.049999952316284,886500.0,12584.159975521568,0,1.2602682042155493,12582.899707317352,6138,-56.50734491199461,29000,GeoWatch,31.034516777853085,2.09,2.121,2.4282,2.3784,3.0085,14.170000076293944,0.3288,SLDP,0.6069,GeoWatch,0.6232,0.7765,-2.812929844133677,86,408.3699951171875,0.0,0.0
2023-09-20,2.049999952316284,2.069999933242798,2.109999895095825,2.039999961853028,2.049999952316284,799700.0,12584.159975521568,0,1.2602682042155493,12582.899707317352,6138,-56.50734491199461,29000,GeoWatch,34.61541106709038,2.086,2.12,2.4255,2.3715,2.9942,14.170000076293944,0.2643,SLDP,0.602,GeoWatch,0.6349,0.7803,-4.324502634792246,86,404.5499877929688,0.0,0.0
2023-09-21,1.9800000190734863,2.0199999809265137,2.025000095367432,1.9600000381469729,1.9800000190734863,1826000.0,12154.500385277275,0,1.2602682042155493,12153.240117073059,6138,-57.98892970594045,29000,RiskWatch,36.00004005424489,2.058,2.117,2.4193,2.3637,2.9797,14.170000076293944,0.0284,SLDP,0.58,RiskWatch,0.6684,0.7651,-6.947976362110836,86,397.9200134277344,0.0,0.0
2023-09-22,1.919999957084656,1.9800000190734863,2.039999961853028,1.909999966621399,1.919999957084656,1519000.0,11786.220004789835,0,1.2602682042155493,11784.959736585619,6138,-59.258862052448855,29000,RiskWatch,22.44901682916,2.016,2.1125,2.4097,2.3547,2.9663,14.170000076293944,-0.2773,SLDP,0.5863,RiskWatch,0.6658,0.7532,-7.327856024409215,86,396.9599914550781,0.0,0.0
2023-09-23,1.919999957084656,1.9800000190734863,2.039999961853028,1.909999966621399,1.919999957084656,1519000.0,11786.220004789835,0,1.2602682042155493,11784.959736585619,6138,-59.258862052448855,29000,RiskWatch,22.44901682916,2.016,2.1125,2.4097,2.3547,2.9663,14.170000076293944,-0.2773,SLDP,0.5863,RiskWatch,0.6658,0.7532,-7.327856024409215,86,396.9599914550781,0.0,0.0
2023-09-24,1.919999957084656,1.9800000190734863,2.039999961853028,1.909999966621399,1.919999957084656,1519000.0,11786.220004789835,0,1.2602682042155493,11784.959736585619,6138,-59.258862052448855,29000,RiskWatch,22.44901682916,2.016,2.1125,2.4097,2.3547,2.9663,14.170000076293944,-0.2773,SLDP,0.5863,RiskWatch,0.6658,0.7532,-7.327856024409215,86,396.9599914550781,0.0,0.0
2023-09-25,1.940000057220459,1.919999957084656,1.9800000190734863,1.8799999952316284,1.940000057220459,1018000.0,11908.980619423393,0,1.2602682042155493,11907.720351219177,6138,-58.835549588195214,29000,RiskWatch,22.449035696056782,1.988,2.104,2.3997,2.3464,2.9535,14.170000076293944,-0.3658,SLDP,0.5876,RiskWatch,0.6599,0.7347,-6.674955213757336,86,398.6099853515625,0.0,0.0
2023-09-26,1.8799999952316284,1.940000057220459,1.9600000381469729,1.870000004768372,1.8799999952316284,1457600.0,11540.700238935951,0,1.2602682042155493,11539.439970731735,6138,-60.10548193470364,29000,RiskWatch,25.00006095917223,1.954,2.089,2.3887,2.3382,2.9411,14.170000076293944,-0.561,SLDP,0.5667,RiskWatch,0.6873,0.7169,-8.989784262816471,86,392.760009765625,0.0,0.0
2023-09-27,1.899999976158142,1.899999976158142,1.919999957084656,1.840000033378601,1.899999976158142,1503800.0,11663.460121862892,0,1.2602682042155493,11662.199853658676,6138,-59.68217199357625,29000,RiskWatch,26.66672141452935,1.924,2.0705,2.3767,2.3317,2.929,14.170000076293944,-0.5625,SLDP,0.5572,RiskWatch,0.6761,0.6944,-8.954172808683424,86,392.8500061035156,0.0,0.0
2023-09-28,1.950000047683716,1.899999976158142,1.9600000381469729,1.875,1.950000047683716,1893800.0,11970.360560886866,0,1.2602682042155493,11969.10029268265,6138,-58.623894617631514,29000,RiskWatch,31.250021730826845,1.918,2.0575,2.3665,2.3251,2.9165,14.170000076293944,-0.3421,SLDP,0.577,RiskWatch,0.6646,0.679,-8.050788782305716,86,393.6400146484375,1.493,0.0
2023-09-29,2.0199999809265137,1.9800000190734863,2.065000057220459,1.9800000190734863,2.0199999809265137,1291000.0,12400.020151131157,0,1.2602682042155493,12398.759882926941,6138,-57.142309823685686,29000,RiskWatch,40.74075709316772,1.938,2.0525,2.3588,2.3184,2.9055,14.170000076293944,0.0734,SLDP,0.5645,RiskWatch,0.665,0.6542,-8.42274673761483,86,392.7000122070313,0.0,0.0
2023-09-30,2.0199999809265137,1.9800000190734863,2.065000057220459,1.9800000190734863,2.0199999809265137,1291000.0,12400.020151131157,0,1.2602682042155493,12398.759882926941,6138,-57.142309823685686,29000,RiskWatch,40.74075709316772,1.938,2.0525,2.3588,2.3184,2.9055,14.170000076293944,0.0734,SLDP,0.5645,RiskWatch,0.665,0.6542,-8.42274673761483,86,392.7000122070313,0.0,0.0
2023-10-01,2.0199999809265137,1.9800000190734863,2.065000057220459,1.9800000190734863,2.0199999809265137,1291000.0,13399.020251140599,0,0.3603776550327211,13398.659873485565,6633,-55.23759916286468,30000,"cash_0%_Buy 100% of cash (495 shares - DCA Strategy) Monthly invest 3.3% of total investment ($1,000.00)",40.74075709316772,1.938,2.0525,2.3588,2.3184,2.9055,14.170000076293944,0.0734,SLDP,0.5645,RiskWatch,0.665,0.6542,-9.021985959311536,90,392.7000122070313,0.0,0.0
2023-10-02,1.8899999856948853,2.0,2.0,1.8799999952316284,1.8899999856948853,1521900.0,12536.730282769207,0,0.3603776550327211,12536.369905114174,6633,-58.11189905743599,30000,RiskWatch,33.84617133957585,1.928,2.0375,2.3438,2.3101,2.8929,14.170000076293944,-0.0475,SLDP,0.5594,RiskWatch,0.6638,0.5958,-9.033857816650332,90,392.6700134277344,0.0,0.0
2023-10-03,1.830000042915344,1.8799999952316284,1.8899999856948853,1.820000052452088,1.830000042915344,1265000.0,12138.75066231251,0,0.3603776550327211,12138.390284657477,6633,-59.43849779229164,30000,RiskWatch,32.352960254069885,1.918,2.0185,2.3245,2.3028,2.88,14.170000076293944,-0.2816,SLDP,0.5206,RiskWatch,0.6922,0.5668,-11.123389248457194,90,387.3900146484375,0.0,0.0
2023-10-04,1.8899999856948853,1.840000033378601,1.899999976158142,1.820000052452088,1.8899999856948853,899700.0,12536.730282769207,0,0.3603776550327211,12536.369905114174,6633,-58.11189905743599,30000,RiskWatch,33.33335061003157,1.916,2.008,2.3053,2.2954,2.867,14.170000076293944,-0.1863,SLDP,0.531,RiskWatch,0.6784,0.5059,-9.99552656976703,90,390.239990234375,0.0,0.0
2023-10-05,1.840000033378601,1.909999966621399,1.909999966621399,1.7999999523162842,1.840000033378601,1080600.0,12205.080599055294,0,0.3603776550327211,12204.720221400261,6633,-59.217398003149036,30000,RiskWatch,30.136984511776816,1.894,1.9945,2.2892,2.2882,2.8539,14.170000076293944,-0.2446,SLDP,0.5245,RiskWatch,0.6776,0.4448,-10.126117000493416,90,389.9100036621094,0.0,0.0
2023-10-06,1.8600000143051147,1.820000052452088,1.870000004768372,1.7999999523162842,1.8600000143051147,1059500.0,12337.74047254086,0,0.3603776550327211,12337.380094885826,6633,-58.77519842486382,30000,RiskWatch,34.28571915140007,1.862,1.981,2.2712,2.2809,2.8403,14.170000076293944,-0.1674,SLDP,0.5378,RiskWatch,0.6626,0.4,-8.285906649969817,90,394.55999755859375,0.0,0.0
2023-10-07,1.8600000143051147,1.820000052452088,1.870000004768372,1.7999999523162842,1.8600000143051147,1059500.0,12337.74047254086,0,0.3603776550327211,12337.380094885826,6633,-58.77519842486382,30000,RiskWatch,34.28571915140007,1.862,1.981,2.2712,2.2809,2.8403,14.170000076293944,-0.1674,SLDP,0.5378,RiskWatch,0.6626,0.4,-8.285906649969817,90,394.55999755859375,0.0,0.0
2023-10-08,1.8600000143051147,1.820000052452088,1.870000004768372,1.7999999523162842,1.8600000143051147,1059500.0,12337.74047254086,0,0.3603776550327211,12337.380094885826,6633,-58.77519842486382,30000,RiskWatch,34.28571915140007,1.862,1.981,2.2712,2.2809,2.8403,14.170000076293944,-0.1674,SLDP,0.5378,RiskWatch,0.6626,0.4,-8.285906649969817,90,394.55999755859375,0.0,0.0
2023-10-09,1.7999999523162842,1.840000033378601,1.8600000143051147,1.7400000095367432,1.7999999523162842,1457400.0,11939.760061368946,0,0.3603776550327211,11939.399683713913,6633,-60.10179979543686,30000,RiskWatch,32.87671277616546,1.844,1.965,2.2548,2.276,2.8265,14.170000076293944,-0.2731,SLDP,0.5404,RiskWatch,0.6657,0.4123,-7.245096206984414,90,397.1900024414063,0.0,0.0
2023-10-10,1.9700000286102293,1.7999999523162842,1.975000023841858,1.7999999523162842,1.9700000286102293,1604600.0,13067.370567426684,0,0.3603776550327211,13067.01018977165,6633,-56.34309810857774,30000,RiskWatch,45.55556026505784,1.872,1.9585,2.2397,2.2727,2.8113,14.170000076293944,0.2784,SLDP,0.5445,RiskWatch,0.6566,0.4239,-6.433824442107451,90,399.239990234375,0.0,0.0
2023-10-11,1.8899999856948853,1.9700000286102293,2.0,1.870000004768372,1.8899999856948853,1099400.0,12536.730282769207,0,0.3603776550327211,12536.369905114174,6633,-58.11189905743599,30000,Neutral,45.05494433516929,1.872,1.9495,2.224,2.2695,2.7957,14.170000076293944,0.3837,SLDP,0.5606,Neutral,0.6443,0.4389,-5.765014965295599,90,400.9299926757813,0.0,0.0
2023-10-12,1.7899999618530271,1.8899999856948853,1.899999976158142,1.7799999713897705,1.7899999618530271,876300.0,11873.430124626162,0,0.3603776550327211,11873.069746971129,6633,-60.32289958457948,30000,Neutral,43.15789618980824,1.862,1.933,2.2065,2.2651,2.7802,14.170000076293944,0.1328,SLDP,0.5307,Neutral,0.6395,0.4528,-6.71876109540699,90,398.5199890136719,0.0,0.0
2023-10-13,1.7599999904632568,1.7999999523162842,1.7999999523162842,1.7400000095367432,1.7599999904632568,984200.0,11674.440314397816,0,0.3603776550327211,11674.079936742783,6633,-60.9861989520073,30000,RiskWatch,40.62499689559154,1.842,1.9145,2.1902,2.2605,2.7644,14.170000076293944,-0.0998,SLDP,0.5231,RiskWatch,0.6782,0.521,-7.549815263458854,90,396.4200134277344,0.0,0.0
2023-10-14,1.7599999904632568,1.7999999523162842,1.7999999523162842,1.7400000095367432,1.7599999904632568,984200.0,11674.440314397816,0,0.3603776550327211,11674.079936742783,6633,-60.9861989520073,30000,RiskWatch,40.62499689559154,1.842,1.9145,2.1902,2.2605,2.7644,14.170000076293944,-0.0998,SLDP,0.5231,RiskWatch,0.6782,0.521,-7.549815263458854,90,396.4200134277344,0.0,0.0
2023-10-15,1.7599999904632568,1.7999999523162842,1.7999999523162842,1.7400000095367432,1.7599999904632568,984200.0,11674.440314397816,0,0.3603776550327211,11674.079936742783,6633,-60.9861989520073,30000,RiskWatch,40.62499689559154,1.842,1.9145,2.1902,2.2605,2.7644,14.170000076293944,-0.0998,SLDP,0.5231,RiskWatch,0.6782,0.521,-7.549815263458854,90,396.4200134277344,0.0,0.0
2023-10-16,1.7400000095367432,1.7799999713897705,1.7899999618530271,1.7200000286102295,1.7400000095367432,955800.0,11541.780440912251,0,0.3603776550327211,11541.420063257217,6633,-61.42839853029252,30000,Neutral,42.39130477035432,1.83,1.8975,2.1758,2.256,2.7482,14.170000076293944,-0.2765,SLDP,0.5447,Neutral,0.6452,0.5503,-5.90747725336076,90,400.5700073242188,0.0,0.0
2023-10-17,1.7699999809265137,1.7400000095367432,1.7999999523162842,1.7200000286102295,1.7699999809265137,1073700.0,11740.770251140599,0,0.3603776550327211,11740.409873485565,6633,-60.765099162864686,30000,Neutral,43.0107525503419,1.79,1.8835,2.1622,2.2521,2.732,14.170000076293944,-0.2361,SLDP,0.5278,Neutral,0.6489,0.5746,-5.903528019027334,90,400.5799865722656,0.0,0.0
2023-10-18,1.6200000047683716,1.75,1.75,1.600000023841858,1.6200000047683716,2377000.0,10745.820409283642,0,0.3603776550327211,10745.460031628609,6633,-64.0815986357212,30000,RiskWatch,33.98057814198985,1.736,1.862,2.148,2.2465,2.7155,14.170000076293944,-0.6861,SLDP,0.5031,RiskWatch,0.667,0.6283,-8.024713711347808,90,395.2200012207031,0.0,0.0
2023-10-19,1.5499999523162842,1.6399999856948853,1.649999976158142,1.5499999523162842,1.5499999523162842,1474900.0,10281.510061368946,0,0.3603776550327211,10281.149683713913,6633,-65.62929979543685,30000,RiskWatch,27.184463996826025,1.688,1.8405,2.131,2.2405,2.6977,14.170000076293944,-1.1569,SLDP,0.4746,RiskWatch,0.6936,0.6887,-9.350460807632729,90,391.8699951171875,0.0,0.0
2023-10-20,1.440000057220459,1.5399999618530271,1.559999942779541,1.4199999570846558,1.440000057220459,2727400.0,9551.880757198338,0,0.3603776550327211,9551.520379543304,6633,-68.06139747600557,30000,RiskWatch,27.722772978390186,1.624,1.8165,2.1127,2.2344,2.6792,14.170000076293944,-1.7728,SLDP,0.4762,RiskWatch,0.7037,0.7117,-11.28169678253299,90,386.989990234375,0.0,0.0
2023-10-21,1.440000057220459,1.5399999618530271,1.559999942779541,1.4199999570846558,1.440000057220459,2727400.0,9551.880757198338,0,0.3603776550327211,9551.520379543304,6633,-68.06139747600557,30000,RiskWatch,27.722772978390186,1.624,1.8165,2.1127,2.2344,2.6792,14.170000076293944,-1.7728,SLDP,0.4762,RiskWatch,0.7037,0.7117,-11.28169678253299,90,386.989990234375,0.0,0.0
2023-10-22,1.440000057220459,1.5399999618530271,1.559999942779541,1.4199999570846558,1.440000057220459,2727400.0,9551.880757198338,0,0.3603776550327211,9551.520379543304,6633,-68.06139747600557,30000,RiskWatch,27.722772978390186,1.624,1.8165,2.1127,2.2344,2.6792,14.170000076293944,-1.7728,SLDP,0.4762,RiskWatch,0.7037,0.7117,-11.28169678253299,90,386.989990234375,0.0,0.0
2023-10-23,1.3700000047683716,1.4199999570846558,1.4700000286102295,1.350000023841858,1.3700000047683716,2109900.0,9087.570409283642,0,0.3603776550327211,9087.210031628609,6633,-69.60909863572121,30000,RiskWatch,27.450978100551865,1.55,1.788,2.0898,2.2282,2.6615,14.170000076293944,-2.3187,SLDP,0.4676,RiskWatch,0.6873,0.7085,-11.55080026699109,90,386.30999755859375,0.0,0.0
2023-10-24,1.399999976158142,1.3799999952316284,1.4800000190734863,1.3650000095367432,1.399999976158142,1426300.0,9286.56021951199,0,0.3603776550327211,9286.199841856956,6633,-68.94579926829337,30000,RiskWatch,25.25252500926581,1.476,1.764,2.0655,2.2231,2.6454,14.170000076293944,-2.4133,SLDP,0.4801,RiskWatch,0.6643,0.6921,-10.40709234229027,90,389.2000122070313,0.0,0.0
2023-10-25,1.399999976158142,1.399999976158142,1.4500000476837158,1.3700000047683716,1.399999976158142,1498800.0,9286.56021951199,0,0.3603776550327211,9286.199841856956,6633,-68.94579926829337,30000,RiskWatch,26.595743061892943,1.432,1.739,2.0412,2.2177,2.63,14.170000076293944,-2.3181,SLDP,0.4642,RiskWatch,0.675,0.6835,-12.579738852637696,90,383.7099914550781,0.0,0.0
2023-10-26,1.3899999856948853,1.399999976158142,1.4299999475479126,1.350000023841858,1.3899999856948853,1342900.0,9220.230282769207,0,0.3603776550327211,9219.869905114174,6633,-69.16689905743598,30000,RiskWatch,24.73118307135917,1.4,1.711,2.0203,2.2118,2.613,14.170000076293944,-2.1386,SLDP,0.4552,RiskWatch,0.688,0.6558,-14.443692917838845,90,379.0,0.0,0.0
2023-10-27,1.3200000524520874,1.399999976158142,1.4199999570846558,1.309999942779541,1.3200000524520874,1518200.0,8755.92072556973,0,0.3603776550327211,8755.560347914696,6633,-70.71459758143425,30000,RiskWatch,24.468088749039183,1.376,1.676,1.9977,2.2042,2.595,14.170000076293944,-2.1557,SLDP,0.4522,RiskWatch,0.6959,0.6512,-15.108541083147983,90,377.3200073242188,0.0,0.0
2023-10-28,1.3200000524520874,1.399999976158142,1.4199999570846558,1.309999942779541,1.3200000524520874,1518200.0,8755.92072556973,0,0.3603776550327211,8755.560347914696,6633,-70.71459758143425,30000,RiskWatch,24.468088749039183,1.376,1.676,1.9977,2.2042,2.595,14.170000076293944,-2.1557,SLDP,0.4522,RiskWatch,0.6959,0.6512,-15.108541083147983,90,377.3200073242188,0.0,0.0
2023-10-29,1.3200000524520874,1.399999976158142,1.4199999570846558,1.309999942779541,1.3200000524520874,1518200.0,8755.92072556973,0,0.3603776550327211,8755.560347914696,6633,-70.71459758143425,30000,RiskWatch,24.468088749039183,1.376,1.676,1.9977,2.2042,2.595,14.170000076293944,-2.1557,SLDP,0.4522,RiskWatch,0.6959,0.6512,-15.108541083147983,90,377.3200073242188,0.0,0.0
2023-10-30,1.2400000095367432,1.3700000047683716,1.378000020980835,1.2300000190734863,1.2400000095367432,1989900.0,8225.280440912251,0,0.3603776550327211,8224.920063257217,6633,-72.4833985302925,30000,RiskWatch,7.058817589571078,1.35,1.6435,1.9752,2.1973,2.5776,14.170000076293944,-2.3488,SLDP,0.4692,RiskWatch,0.6734,0.6397,-13.311868927646017,90,381.8599853515625,0.0,0.0
2023-10-31,1.3200000524520874,1.25,1.340000033378601,1.2000000476837158,1.3200000524520874,1985400.0,8755.92072556973,0,0.3603776550327211,8755.560347914696,6633,-70.71459758143425,30000,Neutral,16.4705884002897,1.334,1.618,1.9562,2.1907,2.5606,14.170000076293944,-1.9652,SLDP,0.484,Neutral,0.6479,0.6226,-12.397687603884378,90,384.1700134277344,0.0,0.0
2023-11-01,1.3300000429153442,1.3300000429153442,1.3700000047683716,1.2799999713897705,1.3300000429153442,1019600.0,9821.251832280283,0,0.5315153933797774,9820.720316886902,7384,-68.21954247651522,31000,"cash_0%_Buy 100% of cash (751 shares - DCA Strategy) Monthly invest 3.2% of total investment ($1,000.00)",19.73684231165048,1.32,1.59,1.9368,2.1845,2.5457,14.170000076293944,-1.5147,SLDP,0.5021,Neutral,0.6334,0.5942,-11.291570472617217,92,388.3999938964844,0.0,0.0
2023-11-02,1.4299999475479126,1.350000023841858,1.4700000286102295,1.350000023841858,1.4299999475479126,2637700.0,10559.651128087167,0,0.5315153933797774,10559.119612693787,7384,-65.83760926423497,31000,Neutral,30.12047465990516,1.328,1.5695,1.9163,2.1799,2.532,14.170000076293944,-0.6418,SLDP,0.5237,Neutral,0.6049,0.5963,-8.386179076646826,92,395.7799987792969,0.0,0.0
2023-11-03,1.399999976158142,1.4500000476837158,1.5199999809265137,1.3899999856948853,1.399999976158142,2855900.0,10338.131339345102,0,0.5315153933797774,10337.599823951721,7384,-66.55218922791906,31000,Neutral,29.76189783505943,1.344,1.5465,1.8988,2.1754,2.5185,14.170000076293944,-0.1059,SLDP,0.5376,Neutral,0.5916,0.5773,-6.94529342440584,92,399.4400024414063,0.0,0.0
2023-11-04,1.399999976158142,1.4500000476837158,1.5199999809265137,1.3899999856948853,1.399999976158142,2855900.0,10338.131339345102,0,0.5315153933797774,10337.599823951721,7384,-66.55218922791906,31000,Neutral,29.76189783505943,1.344,1.5465,1.8988,2.1754,2.5185,14.170000076293944,-0.1059,SLDP,0.5376,Neutral,0.5916,0.5773,-6.94529342440584,92,399.4400024414063,0.0,0.0
2023-11-05,1.399999976158142,1.4500000476837158,1.5199999809265137,1.3899999856948853,1.399999976158142,2855900.0,10338.131339345102,0,0.5315153933797774,10337.599823951721,7384,-66.55218922791906,31000,Neutral,29.76189783505943,1.344,1.5465,1.8988,2.1754,2.5185,14.170000076293944,-0.1059,SLDP,0.5376,Neutral,0.5916,0.5773,-6.94529342440584,92,399.4400024414063,0.0,0.0
2023-11-06,1.3700000047683716,1.4199999570846558,1.4199999570846558,1.3200000524520874,1.3700000047683716,2026600.0,10116.611550603036,0,0.5315153933797774,10116.080035209656,7384,-67.26676919160312,31000,Neutral,26.19047179784256,1.37,1.525,1.8818,2.1713,2.5048,14.170000076293944,0.1878,SLDP,0.5341,Neutral,0.5862,0.5706,-6.642160907444513,92,400.2099914550781,0.0,0.0
2023-11-07,1.4500000476837158,1.3799999952316284,1.4500000476837158,1.350000023841858,1.4500000476837158,1799800.0,10707.331867489938,0,0.5315153933797774,10706.800352096558,7384,-65.36121978229053,31000,Neutral,38.9610397652846,1.396,1.499,1.8668,2.167,2.4921,14.170000076293944,0.7995,SLDP,0.54,Neutral,0.591,0.5395,-6.197295827263602,92,401.3399963378906,0.0,0.0
2023-11-08,1.5399999618530271,1.600000023841858,1.7300000190734863,1.5199999809265137,1.5399999618530271,4862600.0,11371.891233716131,0,0.5315153933797774,11371.359718322752,7384,-63.217479891238305,31000,Neutral,49.36708898961489,1.438,1.4815,1.8545,2.1637,2.4795,14.170000076293944,1.6239,SLDP,0.5517,Neutral,0.5866,0.4952,-6.067373309788259,92,401.6700134277344,0.0,0.0
2023-11-09,1.409999966621399,1.590000033378601,1.7200000286102295,1.409999966621399,1.409999966621399,3578100.0,10411.97126892579,0,0.5315153933797774,10411.43975353241,7384,-66.31399590669102,31000,Neutral,48.14814215225208,1.434,1.4625,1.8408,2.1596,2.4664,14.170000076293944,1.571,SLDP,0.5376,Neutral,0.5932,0.4588,-7.26023598711145,92,398.6400146484375,0.0,0.0
2023-11-10,1.350000023841858,1.440000057220459,1.4500000476837158,1.2999999523162842,1.350000023841858,2131000.0,9968.93169144166,0,0.5315153933797774,9968.400176048279,7384,-67.7431558340592,31000,Neutral,48.75000074505833,1.424,1.442,1.8278,2.1521,2.4537,14.170000076293944,1.2669,SLDP,0.5393,Neutral,0.5757,0.4329,-4.811531731354869,92,404.8599853515625,0.0,0.0
2023-11-11,1.350000023841858,1.440000057220459,1.4500000476837158,1.2999999523162842,1.350000023841858,2131000.0,9968.93169144166,0,0.5315153933797774,9968.400176048279,7384,-67.7431558340592,31000,Neutral,48.75000074505833,1.424,1.442,1.8278,2.1521,2.4537,14.170000076293944,1.2669,SLDP,0.5393,Neutral,0.5757,0.4329,-4.811531731354869,92,404.8599853515625,0.0,0.0
2023-11-12,1.350000023841858,1.440000057220459,1.4500000476837158,1.2999999523162842,1.350000023841858,2131000.0,9968.93169144166,0,0.5315153933797774,9968.400176048279,7384,-67.7431558340592,31000,Neutral,48.75000074505833,1.424,1.442,1.8278,2.1521,2.4537,14.170000076293944,1.2669,SLDP,0.5393,Neutral,0.5757,0.4329,-4.811531731354869,92,404.8599853515625,0.0,0.0
2023-11-13,1.4600000381469729,1.3899999856948853,1.4900000095367432,1.3300000429153442,1.4600000381469729,1852600.0,10781.171797070627,0,0.5315153933797774,10780.640281677248,7384,-65.12302646106252,31000,Neutral,53.40909537328301,1.442,1.428,1.817,2.1452,2.442,14.170000076293944,1.569,SLDP,0.5263,Neutral,0.5797,0.4258,-4.972931685096626,92,404.4500122070313,0.0,0.0
2023-11-14,1.590000033378601,1.5299999713897705,1.600000023841858,1.5099999904632568,1.590000033378601,2241100.0,11741.091761860971,0,0.5315153933797774,11740.56024646759,7384,-62.02651044560978,31000,Neutral,59.40594573591808,1.47,1.419,1.8078,2.1402,2.4333,14.170000076293944,2.3203,SLDP,0.5503,Neutral,0.5714,0.4421,-1.914009694451103,92,412.2200012207031,0.0,0.0
2023-11-15,1.649999976158142,1.6299999952316284,1.75,1.590000033378601,1.649999976158142,2700500.0,12184.131339345102,0,0.5315153933797774,12183.599823951721,7384,-60.59735051824162,31000,Neutral,62.26415391408067,1.492,1.4205,1.8008,2.1367,2.4259,14.170000076293944,2.9917,SLDP,0.5541,Neutral,0.5673,0.4531,-1.5596963078351465,92,413.1199951171875,0.0,0.0
2023-11-16,1.4950000047683716,1.6699999570846558,1.6770000457763672,1.4500000476837158,1.4950000047683716,2975400.0,11039.611550603036,0,0.5315153933797774,11039.080035209656,7384,-64.28934983676442,31000,Neutral,57.64192103366659,1.509,1.4178,1.7917,2.1314,2.4186,14.170000076293944,2.6506,SLDP,0.5615,Neutral,0.5767,0.4397,-1.3313527377281957,92,413.7000122070313,0.0,0.0
2023-11-17,1.475000023841858,1.5499999523162842,1.5499999523162842,1.4700000286102295,1.475000023841858,1503800.0,10891.93169144166,0,0.5315153933797774,10891.400176048279,7384,-64.76573647922046,31000,Neutral,60.82949693555127,1.534,1.4195,1.7828,2.1249,2.4121,14.170000076293944,2.267,SLDP,0.5667,Neutral,0.5672,0.4501,-1.0912111361657253,92,414.30999755859375,0.0,0.0
2023-11-18,1.475000023841858,1.5499999523162842,1.5499999523162842,1.4700000286102295,1.475000023841858,1503800.0,10891.93169144166,0,0.5315153933797774,10891.400176048279,7384,-64.76573647922046,31000,Neutral,60.82949693555127,1.534,1.4195,1.7828,2.1249,2.4121,14.170000076293944,2.267,SLDP,0.5667,Neutral,0.5672,0.4501,-1.0912111361657253,92,414.30999755859375,0.0,0.0
2023-11-19,1.475000023841858,1.5499999523162842,1.5499999523162842,1.4700000286102295,1.475000023841858,1503800.0,10891.93169144166,0,0.5315153933797774,10891.400176048279,7384,-64.76573647922046,31000,Neutral,60.82949693555127,1.534,1.4195,1.7828,2.1249,2.4121,14.170000076293944,2.267,SLDP,0.5667,Neutral,0.5672,0.4501,-1.0912111361657253,92,414.30999755859375,0.0,0.0
2023-11-20,1.5099999904632568,1.4700000286102295,1.565000057220459,1.4500000476837158,1.5099999904632568,1645700.0,11150.37144497407,0,0.5315153933797774,11149.839929580688,7384,-63.93205985492238,31000,Neutral,59.13461588058618,1.544,1.4265,1.7728,2.1192,2.4067,14.170000076293944,2.107,SLDP,0.5717,Neutral,0.5589,0.4639,0.13708167839021712,92,417.4299926757813,0.0,0.0
2023-11-21,1.4299999475479126,1.5,1.5,1.3799999952316284,1.4299999475479126,1603300.0,10559.651128087167,0,0.5315153933797774,10559.119612693787,7384,-65.83760926423497,31000,Neutral,54.5045016019156,1.512,1.428,1.7603,2.1128,2.4015,14.170000076293944,1.5984,SLDP,0.5748,Neutral,0.5596,0.4833,-0.29203266936885086,92,416.3399963378906,0.0,0.0
2023-11-22,1.399999976158142,1.4500000476837158,1.4600000381469729,1.3799999952316284,1.399999976158142,1421700.0,10338.131339345102,0,0.5315153933797774,10337.599823951721,7384,-66.55218922791906,31000,Neutral,48.557693299633776,1.462,1.428,1.7458,2.1058,2.3964,14.170000076293944,1.105,SLDP,0.5753,Neutral,0.5503,0.4973,0.4166061181517051,92,418.1400146484375,0.0,0.0
2023-11-23,1.399999976158142,1.4500000476837158,1.4600000381469729,1.3799999952316284,1.399999976158142,1421700.0,10338.131339345102,0,0.5315153933797774,10337.599823951721,7384,-66.55218922791906,31000,Neutral,48.557693299633776,1.462,1.428,1.7458,2.1058,2.3964,14.170000076293944,1.105,SLDP,0.5753,Neutral,0.5503,0.4973,0.4166061181517051,92,418.1400146484375,0.0,0.0
2023-11-24,1.4299999475479126,1.409999966621399,1.440000057220459,1.3849999904632568,1.4299999475479126,509700.0,10559.651128087167,0,0.5315153933797774,10559.119612693787,7384,-65.83760926423497,31000,Neutral,51.44230670036622,1.449,1.43,1.7328,2.0987,2.3907,14.170000076293944,0.9036,SLDP,0.5748,Neutral,0.5399,0.5204,0.5071457974280094,92,418.3699951171875,0.0,0.0
2023-11-25,1.4299999475479126,1.409999966621399,1.440000057220459,1.3849999904632568,1.4299999475479126,509700.0,10559.651128087167,0,0.5315153933797774,10559.119612693787,7384,-65.83760926423497,31000,Neutral,51.44230670036622,1.449,1.43,1.7328,2.0987,2.3907,14.170000076293944,0.9036,SLDP,0.5748,Neutral,0.5399,0.5204,0.5071457974280094,92,418.3699951171875,0.0,0.0
2023-11-26,1.4299999475479126,1.409999966621399,1.440000057220459,1.3849999904632568,1.4299999475479126,509700.0,10559.651128087167,0,0.5315153933797774,10559.119612693787,7384,-65.83760926423497,31000,Neutral,51.44230670036622,1.449,1.43,1.7328,2.0987,2.3907,14.170000076293944,0.9036,SLDP,0.5748,Neutral,0.5399,0.5204,0.5071457974280094,92,418.3699951171875,0.0,0.0
2023-11-27,1.3300000429153442,1.4299999475479126,1.4299999475479126,1.3300000429153442,1.3300000429153442,1616700.0,9821.251832280283,0,0.5315153933797774,9820.720316886902,7384,-68.21954247651522,31000,Neutral,48.19819935923376,1.42,1.4305,1.7197,2.0899,2.3852,14.170000076293944,0.3264,SLDP,0.5867,Neutral,0.5473,0.5122,0.21976401288854674,92,417.6400146484375,0.0,0.0
2023-11-28,1.3799999952316284,1.309999942779541,1.409999966621399,1.2899999618530271,1.3799999952316284,1939800.0,10190.451480183725,0,0.5315153933797774,10189.919964790344,7384,-67.02857587037511,31000,Neutral,46.75925552885733,1.394,1.4375,1.7062,2.081,2.3804,14.170000076293944,0.1973,SLDP,0.5943,Neutral,0.5491,0.5247,0.38116396663035346,92,418.0499877929688,0.0,0.0
2023-11-29,1.5099999904632568,1.399999976158142,1.5299999713897705,1.399999976158142,1.5099999904632568,2379500.0,11150.37144497407,0,0.5315153933797774,11149.839929580688,7384,-63.93205985492238,31000,Neutral,48.660715141010805,1.41,1.447,1.6945,2.0763,2.3766,14.170000076293944,0.7152,SLDP,0.5993,Neutral,0.5503,0.5514,0.2748735549321282,92,417.7799987792969,0.0,0.0
2023-11-30,1.409999966621399,1.5299999713897705,1.5299999713897705,1.399999976158142,1.409999966621399,5445000.0,10411.97126892579,0,0.5315153933797774,10411.43975353241,7384,-66.31399590669102,31000,Neutral,50.0,1.412,1.451,1.683,2.0712,2.3724,14.170000076293944,0.5954,SLDP,0.5959,Neutral,0.5483,0.5573,0.9126400536985813,92,419.3999938964844,0.0,0.0
2023-12-01,1.4900000095367432,1.4299999475479126,1.5,1.3600000143051147,1.4900000095367432,1679300.0,12001.693285806301,0,1.2332089973723441,12000.46007680893,8054,-62.39570848185533,32000,"cash_0%_Buy 100% of cash (670 shares - DCA Strategy) Monthly invest 3.1% of total investment ($1,000.00)",56.306306935200496,1.424,1.454,1.6727,2.0653,2.3687,14.170000076293944,0.874,SLDP,0.5984,Neutral,0.5481,0.5541,1.1873309786818425,95,421.8599853515625,0.0,0.0
2023-12-02,1.4900000095367432,1.4299999475479126,1.5,1.3600000143051147,1.4900000095367432,1679300.0,12001.693285806301,0,1.2332089973723441,12000.46007680893,8054,-62.39570848185533,32000,Neutral,56.306306935200496,1.424,1.454,1.6727,2.0653,2.3687,14.170000076293944,0.874,SLDP,0.5984,Neutral,0.5481,0.5541,1.1873309786818425,95,421.8599853515625,0.0,0.0
2023-12-03,1.4900000095367432,1.4299999475479126,1.5,1.3600000143051147,1.4900000095367432,1679300.0,12001.693285806301,0,1.2332089973723441,12000.46007680893,8054,-62.39570848185533,32000,Neutral,56.306306935200496,1.424,1.454,1.6727,2.0653,2.3687,14.170000076293944,0.874,SLDP,0.5984,Neutral,0.5481,0.5541,1.1873309786818425,95,421.8599853515625,0.0,0.0
2023-12-04,1.5499999523162842,1.5099999904632568,1.5700000524520874,1.4900000095367432,1.5499999523162842,2182400.0,12484.932824952724,0,1.2332089973723441,12483.699615955353,8054,-60.885584922022765,32000,Neutral,54.24528015427935,1.468,1.4615,1.663,2.0582,2.366,14.170000076293944,1.2953,SLDP,0.5974,Neutral,0.5499,0.5349,0.354791229536346,95,419.739990234375,0.0,0.0
2023-12-05,1.4299999475479126,1.5399999618530271,1.5499999523162842,1.4199999570846558,1.4299999475479126,2097100.0,11518.45278654826,0,1.2332089973723441,11517.219577550888,8054,-63.905835042036706,32000,Neutral,42.38094621774934,1.478,1.4645,1.6515,2.0506,2.3626,14.170000076293944,0.9951,SLDP,0.6027,Neutral,0.5504,0.5022,0.3037372286818396,95,419.6099853515625,0.0,0.0
2023-12-06,1.4199999570846558,1.4500000476837158,1.5,1.409999966621399,1.4199999570846558,1510200.0,11437.912863357189,0,1.2332089973723441,11436.679654359818,8054,-64.1575223020088,32000,Neutral,38.49999630451114,1.46,1.463,1.6402,2.0422,2.3584,14.170000076293944,0.7354,SLDP,0.6025,Neutral,0.553,0.4479,-0.3835023546514691,95,417.8599853515625,0.0,0.0
2023-12-07,1.399999976158142,1.4299999475479126,1.4500000476837158,1.3799999952316284,1.399999976158142,1297100.0,11276.833016975048,0,1.2332089973723441,11275.599807977676,8054,-64.660896821953,32000,Neutral,44.50866741343612,1.458,1.456,1.629,2.0342,2.3539,14.170000076293944,0.4685,SLDP,0.6064,Neutral,0.5522,0.4111,0.900661565433154,95,421.1300048828125,0.0,0.0
2023-12-08,1.440000057220459,1.399999976158142,1.468000054359436,1.3940000534057615,1.440000057220459,1137400.0,11598.993669850948,0,1.2332089973723441,11597.760460853577,8054,-63.65414478171581,32000,Neutral,48.0226004681895,1.448,1.4575,1.6177,2.0269,2.3495,14.170000076293944,0.4745,SLDP,0.6127,Neutral,0.5372,0.3915,1.603612837761844,95,422.9200134277344,0.0,0.0
2023-12-09,1.440000057220459,1.399999976158142,1.468000054359436,1.3940000534057615,1.440000057220459,1137400.0,11598.993669850948,0,1.2332089973723441,11597.760460853577,8054,-63.65414478171581,32000,Neutral,48.0226004681895,1.448,1.4575,1.6177,2.0269,2.3495,14.170000076293944,0.4745,SLDP,0.6127,Neutral,0.5372,0.3915,1.603612837761844,95,422.9200134277344,0.0,0.0
2023-12-10,1.440000057220459,1.399999976158142,1.468000054359436,1.3940000534057615,1.440000057220459,1137400.0,11598.993669850948,0,1.2332089973723441,11597.760460853577,8054,-63.65414478171581,32000,Neutral,48.0226004681895,1.448,1.4575,1.6177,2.0269,2.3495,14.170000076293944,0.4745,SLDP,0.6127,Neutral,0.5372,0.3915,1.603612837761844,95,422.9200134277344,0.0,0.0
2023-12-11,1.350000023841858,1.4199999570846558,1.440000057220459,1.340000033378601,1.350000023841858,1681500.0,10874.133401019695,0,1.2332089973723441,10872.900192022324,8054,-65.91933312181348,32000,Neutral,41.4893629163464,1.408,1.4575,1.6047,2.0192,2.3457,14.170000076293944,0.0754,SLDP,0.6044,Neutral,0.5428,0.3741,2.2476482724847386,95,424.55999755859375,0.0,0.0
2023-12-12,1.2400000095367432,1.350000023841858,1.3569999933242798,1.2300000190734863,1.2400000095367432,3156100.0,9988.193285806301,0,1.2332089973723441,9986.96007680893,8054,-68.68789598185532,32000,Neutral,40.2061878475581,1.37,1.4465,1.5907,2.011,2.3414,14.170000076293944,-0.6589,SLDP,0.6139,Neutral,0.5348,0.3422,3.076269087761844,95,426.6700134277344,0.0,0.0
2023-12-13,1.3600000143051147,1.25,1.3700000047683716,1.2300000190734863,1.3600000143051147,4481800.0,10954.673324210766,0,1.2332089973723441,10953.440115213394,8054,-65.66764586184138,32000,Neutral,48.11320924470339,1.358,1.435,1.5792,2.0037,2.3373,14.170000076293944,-0.527,SLDP,0.619,Neutral,0.539,0.3355,5.357903545667938,95,432.4800109863281,0.0,0.0
2023-12-14,1.409999966621399,1.3899999856948853,1.4900000095367432,1.3799999952316284,1.409999966621399,6451500.0,11357.372940166118,0,1.2332089973723441,11356.139731168747,8054,-64.4092095619809,32000,Neutral,49.07407489169614,1.36,1.423,1.5685,1.997,2.3326,14.170000076293944,-0.1657,SLDP,0.6271,Neutral,0.5333,0.3684,5.856638814578659,95,433.75,0.0,0.0
2023-12-15,1.3200000524520874,1.399999976158142,1.409999966621399,1.309999942779541,1.3200000524520874,5323400.0,10632.513631446483,0,1.2332089973723441,10631.280422449112,8054,-66.67439490172976,32000,Neutral,49.5327106968619,1.336,1.4142,1.5575,1.9884,2.3282,14.170000076293944,-0.3179,SLDP,0.6297,Neutral,0.5324,0.3867,5.5974498764377785,95,433.0899963378906,0.0,0.0
2023-12-16,1.3200000524520874,1.399999976158142,1.409999966621399,1.309999942779541,1.3200000524520874,5323400.0,10632.513631446483,0,1.2332089973723441,10631.280422449112,8054,-66.67439490172976,32000,Neutral,49.5327106968619,1.336,1.4142,1.5575,1.9884,2.3282,14.170000076293944,-0.3179,SLDP,0.6297,Neutral,0.5324,0.3867,5.5974498764377785,95,433.0899963378906,0.0,0.0
2023-12-17,1.3200000524520874,1.399999976158142,1.409999966621399,1.309999942779541,1.3200000524520874,5323400.0,10632.513631446483,0,1.2332089973723441,10631.280422449112,8054,-66.67439490172976,32000,Neutral,49.5327106968619,1.336,1.4142,1.5575,1.9884,2.3282,14.170000076293944,-0.3179,SLDP,0.6297,Neutral,0.5324,0.3867,5.5974498764377785,95,433.0899963378906,0.0,0.0
2023-12-18,1.2699999809265137,1.3300000429153442,1.340000033378601,1.25,1.2699999809265137,3040400.0,10229.813055379513,0,1.2332089973723441,10228.579846382141,8054,-67.93283420193904,32000,Neutral,44.85981266762413,1.32,1.404,1.5467,1.9782,2.3242,14.170000076293944,-0.6072,SLDP,0.6249,Neutral,0.5355,0.4151,6.559590086907349,95,435.5400085449219,0.0,0.0
2023-12-19,1.340000033378601,1.2799999713897705,1.3700000047683716,1.2599999904632568,1.340000033378601,3444200.0,10793.593477828625,0,1.2332089973723441,10792.360268831253,8054,-66.17102038178558,32000,Neutral,41.58416145421153,1.34,1.3955,1.5367,1.9682,2.3213,14.170000076293944,-0.41,SLDP,0.6353,Neutral,0.5343,0.4649,7.600264773339305,95,438.1900024414063,0.0,0.0
2023-12-20,1.2699999809265137,1.309999942779541,1.350000023841858,1.2599999904632568,1.2699999809265137,3466100.0,10229.813055379513,0,1.2332089973723441,10228.579846382141,8054,-67.93283420193904,32000,Neutral,42.85714459488736,1.322,1.3875,1.5265,1.9576,2.3182,14.170000076293944,-0.5673,SLDP,0.613,Neutral,0.5505,0.5059,5.1265925847711316,95,430.0899963378906,1.801,0.0
2023-12-21,1.3200000524520874,1.309999942779541,1.340000033378601,1.2799999713897705,1.3200000524520874,2247400.0,10632.513631446483,0,1.2332089973723441,10631.280422449112,8054,-66.67439490172976,32000,Neutral,41.052635409494506,1.304,1.3835,1.5168,1.9467,2.3145,14.170000076293944,-0.376,SLDP,0.6161,Neutral,0.548,0.52,6.7720414601983805,95,434.2799987792969,0.0,0.0
2023-12-22,1.440000057220459,1.3300000429153442,1.4500000476837158,1.3049999475479126,1.440000057220459,3989400.0,11598.993669850948,0,1.2332089973723441,11597.760460853577,8054,-63.65414478171581,32000,Neutral,44.554461872864856,1.328,1.384,1.5083,1.9374,2.311,14.170000076293944,0.3576,SLDP,0.6176,Neutral,0.5378,0.5289,7.1686807119073706,95,435.2900085449219,0.0,0.0
2023-12-23,1.440000057220459,1.3300000429153442,1.4500000476837158,1.3049999475479126,1.440000057220459,3989400.0,11598.993669850948,0,1.2332089973723441,11597.760460853577,8054,-63.65414478171581,32000,Neutral,44.554461872864856,1.328,1.384,1.5083,1.9374,2.311,14.170000076293944,0.3576,SLDP,0.6176,Neutral,0.5378,0.5289,7.1686807119073706,95,435.2900085449219,0.0,0.0
2023-12-24,1.440000057220459,1.3300000429153442,1.4500000476837158,1.3049999475479126,1.440000057220459,3989400.0,11598.993669850948,0,1.2332089973723441,11597.760460853577,8054,-63.65414478171581,32000,Neutral,44.554461872864856,1.328,1.384,1.5083,1.9374,2.311,14.170000076293944,0.3576,SLDP,0.6176,Neutral,0.5378,0.5289,7.1686807119073706,95,435.2900085449219,0.0,0.0
2023-12-25,1.440000057220459,1.3300000429153442,1.4500000476837158,1.3049999475479126,1.440000057220459,3989400.0,11598.993669850948,0,1.2332089973723441,11597.760460853577,8054,-63.65414478171581,32000,Neutral,44.554461872864856,1.328,1.384,1.5083,1.9374,2.311,14.170000076293944,0.3576,SLDP,0.6176,Neutral,0.5378,0.5289,7.1686807119073706,95,435.2900085449219,0.0,0.0
2023-12-26,1.5299999713897705,1.4500000476837158,1.5499999523162842,1.4500000476837158,1.5299999713897705,3076300.0,12323.852978570583,0,1.2332089973723441,12322.619769573212,8054,-61.38895944196694,32000,Neutral,55.10204131282496,1.38,1.394,1.5002,1.9295,2.3075,14.170000076293944,1.2417,SLDP,0.613,Neutral,0.5362,0.5442,7.8794818364801245,95,437.1000061035156,0.0,0.0
2023-12-27,1.4600000381469729,1.5299999713897705,1.5399999618530271,1.440000057220459,1.4600000381469729,2467300.0,11760.073516233091,0,1.2332089973723441,11758.84030723572,8054,-63.150770261771605,32000,Neutral,51.92308067041008,1.404,1.398,1.493,1.9184,2.3026,14.170000076293944,1.4294,SLDP,0.622,Neutral,0.5306,0.5398,8.193643709343874,95,437.8999938964844,0.0,0.0
2023-12-28,1.4700000286102295,1.4900000095367432,1.5499999523162842,1.4299999475479126,1.4700000286102295,5147700.0,11840.61343942416,0,1.2332089973723441,11839.380230426788,8054,-62.89908300179952,32000,Neutral,53.39806049975076,1.444,1.396,1.487,1.9057,2.2973,14.170000076293944,1.5385,SLDP,0.6181,Neutral,0.5278,0.5189,8.221136168958964,95,437.9700012207031,0.0,0.0
2023-12-29,1.4500000476837158,1.4800000190734863,1.5099999904632568,1.399999976158142,1.4500000476837158,3156500.0,11679.533593042019,0,1.2332089973723441,11678.300384044647,8054,-63.40245752174371,32000,Neutral,50.495049037508906,1.47,1.398,1.4797,1.8925,2.292,14.170000076293944,1.4536,SLDP,0.6147,Neutral,0.5265,0.5007,7.7616621457758015,95,436.7999877929688,0.0,0.0
2023-12-30,1.4500000476837158,1.4800000190734863,1.5099999904632568,1.399999976158142,1.4500000476837158,3156500.0,11679.533593042019,0,1.2332089973723441,11678.300384044647,8054,-63.40245752174371,32000,Neutral,50.495049037508906,1.47,1.398,1.4797,1.8925,2.292,14.170000076293944,1.4536,SLDP,0.6147,Neutral,0.5265,0.5007,7.7616621457758015,95,436.7999877929688,0.0,0.0
2023-12-31,1.4500000476837158,1.4800000190734863,1.5099999904632568,1.399999976158142,1.4500000476837158,3156500.0,11679.533593042019,0,1.2332089973723441,11678.300384044647,8054,-63.40245752174371,32000,Neutral,50.495049037508906,1.47,1.398,1.4797,1.8925,2.292,14.170000076293944,1.4536,SLDP,0.6147,Neutral,0.5265,0.5007,7.7616621457758015,95,436.7999877929688,0.0,0.0
2024-01-01,1.4500000476837158,1.4800000190734863,1.5099999904632568,1.399999976158142,1.4500000476837158,3156500.0,12678.534543009166,0,1.1841261104381147,12677.350416898727,8743,-61.481198354517694,33000,"cash_0%_Buy 100% of cash (689 shares - DCA Strategy) Monthly invest 3.0% of total investment ($1,000.00)",50.495049037508906,1.47,1.398,1.4797,1.8925,2.292,14.170000076293944,1.4536,SLDP,0.6147,Neutral,0.5265,0.5007,7.013924664197276,99,436.7999877929688,0.0,0.0
2024-01-02,1.340000033378601,1.440000057220459,1.440000057220459,1.340000033378601,1.340000033378601,2537400.0,11716.804417939547,0,1.1841261104381147,11715.62029182911,8743,-64.39553206684988,33000,Neutral,49.51456355626089,1.45,1.3905,1.4713,1.8802,2.2854,14.170000076293944,0.8421,SLDP,0.6031,Neutral,0.5432,0.4409,5.918067315312754,99,434.010009765625,0.0,0.0
2024-01-03,1.2899999618530271,1.3300000429153442,1.3300000429153442,1.2799999713897705,1.2899999618530271,3075100.0,11279.653792591454,0,1.1841261104381147,11278.469666481016,8743,-65.72023093154107,33000,Neutral,52.57731705368719,1.402,1.3775,1.4618,1.8665,2.2791,14.170000076293944,0.1969,SLDP,0.5889,Neutral,0.5632,0.4416,4.653303949242755,99,430.7900085449219,0.0,0.0
2024-01-04,1.4199999570846558,1.309999942779541,1.4700000286102295,1.2899999618530271,1.4199999570846558,4392400.0,12416.243750901584,0,1.1841261104381147,12415.059624791145,8743,-62.27601893666188,33000,Neutral,53.06122151080498,1.394,1.377,1.4555,1.8552,2.2722,14.170000076293944,0.39,SLDP,0.583,Neutral,0.5607,0.4421,4.119112149095798,99,429.4299926757813,0.0,0.0
2024-01-05,1.3300000429153442,1.4199999570846558,1.4199999570846558,1.3300000429153442,1.3300000429153442,3416400.0,11629.374501319293,0,1.1841261104381147,11628.190375208855,8743,-64.66047120812337,33000,Neutral,46.07843503911701,1.366,1.3725,1.4448,1.8422,2.2646,14.170000076293944,0.0896,SLDP,0.5865,Neutral,0.5474,0.4559,4.335150269011621,99,429.9800109863281,0.0,0.0
2024-01-06,1.3300000429153442,1.4199999570846558,1.4199999570846558,1.3300000429153442,1.3300000429153442,3416400.0,11629.374501319293,0,1.1841261104381147,11628.190375208855,8743,-64.66047120812337,33000,Neutral,46.07843503911701,1.366,1.3725,1.4448,1.8422,2.2646,14.170000076293944,0.0896,SLDP,0.5865,Neutral,0.5474,0.4559,4.335150269011621,99,429.9800109863281,0.0,0.0
2024-01-07,1.3300000429153442,1.4199999570846558,1.4199999570846558,1.3300000429153442,1.3300000429153442,3416400.0,11629.374501319293,0,1.1841261104381147,11628.190375208855,8743,-64.66047120812337,33000,Neutral,46.07843503911701,1.366,1.3725,1.4448,1.8422,2.2646,14.170000076293944,0.0896,SLDP,0.5865,Neutral,0.5474,0.4559,4.335150269011621,99,429.9800109863281,0.0,0.0
2024-01-08,1.4900000095367432,1.350000023841858,1.4900000095367432,1.340000033378601,1.4900000095367432,3181000.0,13028.254209490184,0,1.1841261104381147,13027.070083379745,8743,-60.4214417894237,33000,Neutral,57.798162930221125,1.374,1.377,1.4382,1.8311,2.2581,14.170000076293944,0.6433,SLDP,0.5924,Neutral,0.5428,0.4482,6.750766428352378,99,436.1300048828125,0.0,0.0
2024-01-09,1.3799999952316284,1.4600000381469729,1.4700000286102295,1.3650000095367432,1.3799999952316284,2195600.0,12066.524084420565,0,1.1841261104381147,12065.339958310127,8743,-63.33577550175588,33000,Neutral,54.78260941676698,1.382,1.374,1.4313,1.8189,2.2505,14.170000076293944,0.4637,SLDP,0.5931,Neutral,0.5364,0.4564,6.3344168718325875,99,435.0700073242188,0.0,0.0
2024-01-10,1.340000033378601,1.409999966621399,1.4199999570846558,1.3300000429153442,1.340000033378601,2622900.0,11716.804417939547,0,1.1841261104381147,11715.62029182911,8743,-64.39553206684988,33000,Neutral,50.0,1.392,1.3735,1.4243,1.8072,2.2431,14.170000076293944,0.1528,SLDP,0.6024,Neutral,0.5315,0.4412,7.4617036137381945,99,437.9400024414063,0.0,0.0
2024-01-11,1.2899999618530271,1.3600000143051147,1.3600000143051147,1.25,1.2899999618530271,5430800.0,11279.653792591454,0,1.1841261104381147,11278.469666481016,8743,-65.72023093154107,33000,Neutral,50.90909012093024,1.366,1.376,1.4168,1.7963,2.2342,14.170000076293944,-0.2737,SLDP,0.5989,Neutral,0.5312,0.4333,7.402788485325232,99,437.7900085449219,0.0,0.0
2024-01-12,1.2599999904632568,1.309999942779541,1.350000023841858,1.2599999904632568,1.2599999904632568,2795100.0,11017.364042730693,0,1.1841261104381147,11016.179916620255,8743,-66.51504835536156,33000,Neutral,47.22221884953081,1.352,1.371,1.4083,1.7852,2.226,14.170000076293944,-0.6619,SLDP,0.5861,Neutral,0.532,0.4369,7.481337994275378,99,437.989990234375,0.0,0.0
2024-01-13,1.2599999904632568,1.309999942779541,1.350000023841858,1.2599999904632568,1.2599999904632568,2795100.0,11017.364042730693,0,1.1841261104381147,11016.179916620255,8743,-66.51504835536156,33000,Neutral,47.22221884953081,1.352,1.371,1.4083,1.7852,2.226,14.170000076293944,-0.6619,SLDP,0.5861,Neutral,0.532,0.4369,7.481337994275378,99,437.989990234375,0.0,0.0
2024-01-14,1.2599999904632568,1.309999942779541,1.350000023841858,1.2599999904632568,1.2599999904632568,2795100.0,11017.364042730693,0,1.1841261104381147,11016.179916620255,8743,-66.51504835536156,33000,Neutral,47.22221884953081,1.352,1.371,1.4083,1.7852,2.226,14.170000076293944,-0.6619,SLDP,0.5861,Neutral,0.532,0.4369,7.481337994275378,99,437.989990234375,0.0,0.0
2024-01-15,1.2599999904632568,1.309999942779541,1.350000023841858,1.2599999904632568,1.2599999904632568,2795100.0,11017.364042730693,0,1.1841261104381147,11016.179916620255,8743,-66.51504835536156,33000,Neutral,47.22221884953081,1.352,1.371,1.4083,1.7852,2.226,14.170000076293944,-0.6619,SLDP,0.5861,Neutral,0.532,0.4369,7.481337994275378,99,437.989990234375,0.0,0.0
2024-01-16,1.190000057220459,1.2799999713897705,1.2799999713897705,1.1799999475479126,1.190000057220459,4426000.0,10405.354626388911,0,1.1841261104381147,10404.170500278473,8743,-68.36962234427602,33000,Neutral,37.86407452364882,1.292,1.36,1.4012,1.7746,2.217,14.170000076293944,-1.1989,SLDP,0.569,Neutral,0.5456,0.4578,6.896094407371379,99,436.5,0.0,0.0
2024-01-17,1.190000057220459,1.2899999618530271,1.350000023841858,1.149999976158142,1.190000057220459,11320900.0,10405.354626388911,0,1.1841261104381147,10404.170500278473,8743,-68.36962234427602,33000,Neutral,31.914894696326957,1.254,1.3535,1.3952,1.7631,2.2077,14.170000076293944,-1.472,SLDP,0.5607,Neutral,0.5597,0.4548,5.941633366677948,99,434.0700073242188,0.0,0.0
2024-01-18,1.1699999570846558,1.190000057220459,1.2000000476837158,1.1100000143051147,1.1699999570846558,4997600.0,10230.493750901584,0,1.1841261104381147,10229.309624791145,8743,-68.89950378514672,33000,Neutral,33.70786035261035,1.22,1.3485,1.3907,1.7517,2.1974,14.170000076293944,-1.6581,SLDP,0.5615,Neutral,0.5473,0.4702,7.457771942910242,99,437.9299926757813,0.0,0.0
2024-01-19,1.1799999475479126,1.1699999570846558,1.190000057220459,1.1200000047683716,1.1799999475479126,4459500.0,10317.923667521838,0,1.1841261104381147,10316.7395414114,8743,-68.63456464387323,33000,Neutral,33.70786035261038,1.198,1.3405,1.3875,1.7387,2.1871,14.170000076293944,-1.6282,SLDP,0.5784,Neutral,0.5338,0.4711,9.563097763675742,99,443.2900085449219,0.0,0.0
2024-01-20,1.1799999475479126,1.1699999570846558,1.190000057220459,1.1200000047683716,1.1799999475479126,4459500.0,10317.923667521838,0,1.1841261104381147,10316.7395414114,8743,-68.63456464387323,33000,Neutral,33.70786035261038,1.198,1.3405,1.3875,1.7387,2.1871,14.170000076293944,-1.6282,SLDP,0.5784,Neutral,0.5338,0.4711,9.563097763675742,99,443.2900085449219,0.0,0.0
2024-01-21,1.1799999475479126,1.1699999570846558,1.190000057220459,1.1200000047683716,1.1799999475479126,4459500.0,10317.923667521838,0,1.1841261104381147,10316.7395414114,8743,-68.63456464387323,33000,Neutral,33.70786035261038,1.198,1.3405,1.3875,1.7387,2.1871,14.170000076293944,-1.6282,SLDP,0.5784,Neutral,0.5338,0.4711,9.563097763675742,99,443.2900085449219,0.0,0.0
2024-01-22,1.1699999570846558,1.149999976158142,1.2000000476837158,1.1030000448226929,1.1699999570846558,4393100.0,10230.493750901584,0,1.1841261104381147,10229.309624791145,8743,-68.89950378514672,33000,Neutral,34.09090385703014,1.18,1.3355,1.3837,1.7246,2.1778,14.170000076293944,-1.5577,SLDP,0.5877,Neutral,0.5319,0.4855,9.959800952857066,99,444.2999877929688,0.0,0.0
2024-01-23,1.4900000095367432,1.25,1.565000057220459,1.2400000095367432,1.4900000095367432,17282200.0,13028.254209490184,0,1.1841261104381147,13027.070083379745,8743,-60.4214417894237,33000,Neutral,56.8807326405852,1.24,1.344,1.3852,1.7132,2.1698,14.170000076293944,0.1947,SLDP,0.5903,Neutral,0.5224,0.496,10.47827805649348,99,445.6199951171875,0.0,0.0
2024-01-24,1.340000033378601,1.4500000476837158,1.5299999713897705,1.3300000429153442,1.340000033378601,5957000.0,11716.804417939547,0,1.1841261104381147,11715.62029182911,8743,-64.39553206684988,33000,Neutral,52.10084345084666,1.27,1.339,1.3843,1.7023,2.1603,14.170000076293944,0.5639,SLDP,0.5808,Neutral,0.527,0.51,10.623606035512495,99,445.989990234375,0.0,0.0
2024-01-25,1.4049999713897705,1.350000023841858,1.4600000381469729,1.3200000524520874,1.4049999713897705,4076200.0,12285.098875971202,0,1.1841261104381147,12283.914749860764,8743,-62.67342764857214,33000,Neutral,49.33333389847373,1.317,1.3328,1.3858,1.6917,2.1521,14.170000076293944,1.1087,SLDP,0.5827,Neutral,0.5327,0.5323,11.60949646922704,99,448.5,0.0,0.0
2024-01-26,1.4600000381469729,1.4299999475479126,1.5700000524520874,1.4249999523162842,1.4600000381469729,4649900.0,12765.964459629422,0,1.1841261104381147,12764.780333518984,8743,-61.21625921324419,33000,Neutral,55.963302350949306,1.373,1.3328,1.3894,1.6823,2.1444,14.170000076293944,1.6762,SLDP,0.5823,Neutral,0.5271,0.5589,11.503449238083775,99,448.2300109863281,0.0,0.0
2024-01-27,1.4600000381469729,1.4299999475479126,1.5700000524520874,1.4249999523162842,1.4600000381469729,4649900.0,12765.964459629422,0,1.1841261104381147,12764.780333518984,8743,-61.21625921324419,33000,Neutral,55.963302350949306,1.373,1.3328,1.3894,1.6823,2.1444,14.170000076293944,1.6762,SLDP,0.5823,Neutral,0.5271,0.5589,11.503449238083775,99,448.2300109863281,0.0,0.0
2024-01-28,1.4600000381469729,1.4299999475479126,1.5700000524520874,1.4249999523162842,1.4600000381469729,4649900.0,12765.964459629422,0,1.1841261104381147,12764.780333518984,8743,-61.21625921324419,33000,Neutral,55.963302350949306,1.373,1.3328,1.3894,1.6823,2.1444,14.170000076293944,1.6762,SLDP,0.5823,Neutral,0.5271,0.5589,11.503449238083775,99,448.2300109863281,0.0,0.0
2024-01-29,1.7300000190734863,1.4900000095367432,1.75,1.440000057220459,1.7300000190734863,9314100.0,15126.57429286993,0,1.1841261104381147,15125.390166759491,8743,-54.062896082212355,33000,Neutral,60.0,1.485,1.3458,1.3963,1.6762,2.1377,14.170000076293944,3.2092,SLDP,0.5932,Neutral,0.5346,0.564,12.783915313863005,99,451.489990234375,0.0,0.0
2024-01-30,1.6399999856948853,1.7000000476837158,1.7100000381469729,1.600000023841858,1.6399999856948853,4452500.0,14339.70400104082,0,1.1841261104381147,14338.519874930382,8743,-56.44735151199753,33000,Neutral,61.01694812517137,1.515,1.3553,1.4014,1.6691,2.1299,14.170000076293944,3.5551,SLDP,0.5978,Neutral,0.5319,0.5839,12.658233702182514,99,451.1700134277344,0.0,0.0
2024-01-31,1.6200000047683716,1.6200000047683716,1.7899999618530271,1.6150000095367432,1.6200000047683716,7012400.0,14164.844167800311,0,1.1841261104381147,14163.660041689873,8743,-56.977229794544535,33000,Neutral,62.06896339103542,1.571,1.3692,1.4046,1.6605,2.121,14.170000076293944,3.4783,SLDP,0.5841,Neutral,0.5551,0.5867,9.771272541935687,99,443.8200073242188,0.0,0.0
2024-02-01,1.7799999713897705,1.6799999475479126,1.820000052452088,1.6799999475479126,1.7799999713897705,5823400.0,16562.725295987253,0,1.6055621768272204,16561.119733810425,9304,-51.18710207062575,34000,"cash_0%_Buy 100% of cash (561 shares - DCA Strategy) Monthly invest 2.9% of total investment ($1,000.00)",69.29133924786635,1.646,1.3938,1.4109,1.6549,2.1141,14.170000076293944,3.9108,SLDP,0.6089,Neutral,0.5507,0.56,11.281971545596278,101,449.6600036621094,0.0,0.0
2024-02-02,1.7000000476837158,1.830000042915344,1.840000033378601,1.6200000047683716,1.7000000476837158,5303300.0,15818.406005826118,0,1.6055621768272204,15816.800443649292,9304,-53.37627645345261,34000,Neutral,66.6666696770024,1.694,1.4078,1.4164,1.6491,2.1063,14.170000076293944,3.5928,SLDP,0.6088,Neutral,0.5421,0.5148,13.087541065884864,101,454.2799987792969,0.0,0.0
2024-02-03,1.7000000476837158,1.830000042915344,1.840000033378601,1.6200000047683716,1.7000000476837158,5303300.0,15818.406005826118,0,1.6055621768272204,15816.800443649292,9304,-53.37627645345261,34000,Neutral,66.6666696770024,1.694,1.4078,1.4164,1.6491,2.1063,14.170000076293944,3.5928,SLDP,0.6088,Neutral,0.5421,0.5148,13.087541065884864,101,454.2799987792969,0.0,0.0
2024-02-04,1.7000000476837158,1.830000042915344,1.840000033378601,1.6200000047683716,1.7000000476837158,5303300.0,15818.406005826118,0,1.6055621768272204,15816.800443649292,9304,-53.37627645345261,34000,Neutral,66.6666696770024,1.694,1.4078,1.4164,1.6491,2.1063,14.170000076293944,3.5928,SLDP,0.6088,Neutral,0.5421,0.5148,13.087541065884864,101,454.2799987792969,0.0,0.0
2024-02-05,1.5399999618530271,1.6799999475479126,1.6799999475479126,1.5299999713897705,1.5399999618530271,4070700.0,14329.765207257391,0,1.6055621768272204,14328.159645080565,9304,-57.75463174336064,34000,Neutral,62.411343380393085,1.656,1.4183,1.4179,1.6424,2.0992,14.170000076293944,2.51,SLDP,0.6,Neutral,0.5373,0.4788,12.4387845326319,101,452.6199951171875,0.0,0.0
2024-02-06,1.6649999618530271,1.5499999523162842,1.7200000286102295,1.5329999923706057,1.6649999618530271,2717200.0,15492.765207257391,0,1.6055621768272204,15491.159645080565,9304,-54.33404350806652,34000,Neutral,65.47230873200618,1.661,1.427,1.42,1.6372,2.0922,14.170000076293944,2.1893,SLDP,0.6134,Neutral,0.5315,0.4475,12.989836984252207,101,454.0299987792969,0.0,0.0
2024-02-07,1.5399999618530271,1.6799999475479126,1.6799999475479126,1.5299999713897705,1.5399999618530271,3280600.0,14329.765207257391,0,1.6055621768272204,14328.159645080565,9304,-57.75463174336064,34000,Neutral,61.28048804865076,1.645,1.435,1.4222,1.6315,2.0845,14.170000076293944,1.3245,SLDP,0.6177,Neutral,0.5243,0.4407,14.447586175847789,101,457.760009765625,0.0,0.0
2024-02-08,1.600000023841858,1.559999942779541,1.63100004196167,1.5299999713897705,1.600000023841858,2988300.0,14888.005784001472,0,1.6055621768272204,14886.400221824646,9304,-56.11274769411334,34000,Neutral,62.426037339451895,1.609,1.448,1.4263,1.6271,2.0774,14.170000076293944,0.9258,SLDP,0.6174,Neutral,0.5198,0.4665,14.56873828293088,101,458.0700073242188,0.0,0.0
2024-02-09,1.6299999952316284,1.6100000143051147,1.6399999856948853,1.5700000524520874,1.6299999952316284,1925600.0,15167.125517811897,0,1.6055621768272204,15165.51995563507,9304,-55.29180730055325,34000,Neutral,63.450293213017936,1.595,1.465,1.4292,1.6231,2.0701,14.170000076293944,0.7119,SLDP,0.6194,Neutral,0.5181,0.5015,15.584863117263993,101,460.6700134277344,0.0,0.0
2024-02-10,1.6299999952316284,1.6100000143051147,1.6399999856948853,1.5700000524520874,1.6299999952316284,1925600.0,15167.125517811897,0,1.6055621768272204,15165.51995563507,9304,-55.29180730055325,34000,Neutral,63.450293213017936,1.595,1.465,1.4292,1.6231,2.0701,14.170000076293944,0.7119,SLDP,0.6194,Neutral,0.5181,0.5015,15.584863117263993,101,460.6700134277344,0.0,0.0
2024-02-11,1.6299999952316284,1.6100000143051147,1.6399999856948853,1.5700000524520874,1.6299999952316284,1925600.0,15167.125517811897,0,1.6055621768272204,15165.51995563507,9304,-55.29180730055325,34000,Neutral,63.450293213017936,1.595,1.465,1.4292,1.6231,2.0701,14.170000076293944,0.7119,SLDP,0.6194,Neutral,0.5181,0.5015,15.584863117263993,101,460.6700134277344,0.0,0.0
2024-02-12,1.7699999809265137,1.6299999952316284,1.7999999523162842,1.6299999952316284,1.7699999809265137,3736100.0,16469.68538471711,0,1.6055621768272204,16468.079822540283,9304,-51.4607488684791,34000,Neutral,59.15032603351729,1.641,1.4905,1.4322,1.62,2.0634,14.170000076293944,1.0616,SLDP,0.6093,Neutral,0.5333,0.5279,15.502783101419766,101,460.4599914550781,0.0,0.0
2024-02-13,1.6100000143051147,1.7000000476837158,1.7000000476837158,1.590000033378601,1.6100000143051147,3514000.0,14981.045695271614,0,1.6055621768272204,14979.440133094788,9304,-55.83910089625997,34000,Neutral,58.766233364111,1.63,1.5115,1.4315,1.6162,2.0579,14.170000076293944,0.5363,SLDP,0.5747,Neutral,0.5559,0.5442,12.966388958801787,101,453.9700012207031,0.0,0.0
2024-02-14,1.725000023841858,1.659999966621399,1.7599999904632568,1.6549999713897705,1.725000023841858,2572000.0,16051.005784001472,0,1.6055621768272204,16049.400221824646,9304,-52.69215945881922,34000,Neutral,60.06289451994908,1.667,1.5382,1.4353,1.6135,2.0521,14.170000076293944,0.5929,SLDP,0.5906,Neutral,0.5371,0.5416,14.654718351838298,101,458.2900085449219,0.0,0.0
2024-02-15,1.820000052452088,1.75,1.8550000190734863,1.7300000190734863,1.820000052452088,3237000.0,16934.886050191057,0,1.6055621768272204,16933.28048801423,9304,-50.092511617085144,34000,Neutral,61.0429452563881,1.711,1.5707,1.4411,1.612,2.0463,14.170000076293944,0.9162,SLDP,0.6057,Neutral,0.5314,0.5438,15.866251349436752,101,461.3900146484375,0.0,0.0
2024-02-16,1.7799999713897705,1.820000052452088,1.830000042915344,1.7400000095367432,1.7799999713897705,2398000.0,16562.725295987253,0,1.6055621768272204,16561.119733810425,9304,-51.18710207062575,34000,Neutral,51.78571246108242,1.741,1.6007,1.4456,1.6092,2.041,14.170000076293944,0.8574,SLDP,0.5988,Neutral,0.5324,0.5579,14.943918616905279,101,459.0299987792969,0.0,0.0
2024-02-17,1.7799999713897705,1.820000052452088,1.830000042915344,1.7400000095367432,1.7799999713897705,2398000.0,16562.725295987253,0,1.6055621768272204,16561.119733810425,9304,-51.18710207062575,34000,Neutral,51.78571246108242,1.741,1.6007,1.4456,1.6092,2.041,14.170000076293944,0.8574,SLDP,0.5988,Neutral,0.5324,0.5579,14.943918616905279,101,459.0299987792969,0.0,0.0
2024-02-18,1.7799999713897705,1.820000052452088,1.830000042915344,1.7400000095367432,1.7799999713897705,2398000.0,16562.725295987253,0,1.6055621768272204,16561.119733810425,9304,-51.18710207062575,34000,Neutral,51.78571246108242,1.741,1.6007,1.4456,1.6092,2.041,14.170000076293944,0.8574,SLDP,0.5988,Neutral,0.5324,0.5579,14.943918616905279,101,459.0299987792969,0.0,0.0
2024-02-19,1.7799999713897705,1.820000052452088,1.830000042915344,1.7400000095367432,1.7799999713897705,2398000.0,16562.725295987253,0,1.6055621768272204,16561.119733810425,9304,-51.18710207062575,34000,Neutral,51.78571246108242,1.741,1.6007,1.4456,1.6092,2.041,14.170000076293944,0.8574,SLDP,0.5988,Neutral,0.5324,0.5579,14.943918616905279,101,459.0299987792969,0.0,0.0
2024-02-20,1.6699999570846558,1.75,1.75,1.6349999904632568,1.6699999570846558,2120500.0,15539.285162892464,0,1.6055621768272204,15537.679600715637,9304,-54.197220109139835,34000,Neutral,51.05633696401156,1.721,1.6257,1.4496,1.605,2.0359,14.170000076293944,0.3031,SLDP,0.6052,Neutral,0.5494,0.5748,13.959065767684535,101,456.510009765625,0.0,0.0
2024-02-21,1.5800000429153442,1.6399999856948853,1.649999976158142,1.559999942779541,1.5800000429153442,1955700.0,14701.92596146119,0,1.6055621768272204,14700.320399284363,9304,-56.66004128982005,34000,Neutral,48.65771940949639,1.715,1.6303,1.4526,1.5992,2.0299,14.170000076293944,-0.4526,SLDP,0.6063,Neutral,0.546,0.5819,14.138837938393635,101,456.9700012207031,0.0,0.0
2024-02-22,1.5499999523162842,1.6200000047683716,1.6299999952316284,1.5,1.5499999523162842,2812000.0,14422.805118527534,0,1.6055621768272204,14421.199556350708,9304,-57.48098494550727,34000,Neutral,41.54411777596159,1.68,1.6407,1.4546,1.5937,2.024,14.170000076293944,-1.0653,SLDP,0.6156,Neutral,0.53,0.5834,17.8906770584411,101,466.5700073242188,0.0,0.0
2024-02-23,1.5700000524520874,1.5800000429153442,1.600000023841858,1.5099999904632568,1.5700000524520874,2140800.0,14608.886050191048,0,1.6055621768272204,14607.280488014221,9304,-56.93368808767341,34000,Neutral,45.000001375491486,1.63,1.649,1.4586,1.5891,2.0182,14.170000076293944,-1.3597,SLDP,0.6281,Neutral,0.5214,0.5645,17.9727451475175,101,466.7799987792969,0.0,0.0
2024-02-24,1.5700000524520874,1.5800000429153442,1.600000023841858,1.5099999904632568,1.5700000524520874,2140800.0,14608.886050191048,0,1.6055621768272204,14607.280488014221,9304,-56.93368808767341,34000,Neutral,45.000001375491486,1.63,1.649,1.4586,1.5891,2.0182,14.170000076293944,-1.3597,SLDP,0.6281,Neutral,0.5214,0.5645,17.9727451475175,101,466.7799987792969,0.0,0.0
2024-02-25,1.5700000524520874,1.5800000429153442,1.600000023841858,1.5099999904632568,1.5700000524520874,2140800.0,14608.886050191048,0,1.6055621768272204,14607.280488014221,9304,-56.93368808767341,34000,Neutral,45.000001375491486,1.63,1.649,1.4586,1.5891,2.0182,14.170000076293944,-1.3597,SLDP,0.6281,Neutral,0.5214,0.5645,17.9727451475175,101,466.7799987792969,0.0,0.0
2024-02-26,1.6200000047683716,1.5700000524520874,1.6399999856948853,1.5399999618530271,1.6200000047683716,3481200.0,15074.085606541756,0,1.6055621768272204,15072.48004436493,9304,-55.56545409840662,34000,Neutral,53.36134584262675,1.598,1.657,1.4626,1.5844,2.0131,14.170000076293944,-1.3171,SLDP,0.6159,Neutral,0.5201,0.5554,17.304452568645175,101,465.0700073242188,0.0,0.0
2024-02-27,1.7300000190734863,1.649999976158142,1.7400000095367432,1.6399999856948853,1.7300000190734863,3731500.0,16097.525739636543,0,1.6055621768272204,16095.920177459717,9304,-52.55533605989253,34000,Neutral,52.76595943273028,1.61,1.657,1.4663,1.5804,2.0085,14.170000076293944,-0.8291,SLDP,0.6232,Neutral,0.5161,0.5651,17.64054888461297,101,465.9299926757813,0.0,0.0
2024-02-28,1.6699999570846558,1.6699999570846558,1.7100000381469729,1.559999942779541,1.6699999570846558,3702200.0,15539.285162892464,0,1.6055621768272204,15537.679600715637,9304,-54.197220109139835,34000,Neutral,55.85585430780928,1.628,1.6585,1.4706,1.5768,2.0039,14.170000076293944,-0.7517,SLDP,0.6161,Neutral,0.5245,0.5719,17.35916065244018,101,465.2099914550781,0.0,0.0
2024-02-29,1.6399999856948853,1.690000057220459,1.7799999713897705,1.6399999856948853,1.6399999856948853,3401100.0,15260.165429082039,0,1.6055621768272204,15258.559866905212,9304,-55.0181605026999,34000,Neutral,51.85184980779712,1.646,1.6595,1.4731,1.5729,1.9986,14.170000076293944,-0.8145,SLDP,0.6156,Neutral,0.5177,0.5765,18.031365211143566,101,466.9299926757813,0.0,0.0
2024-03-01,1.6399999856948853,1.6399999856948853,1.690000057220459,1.5800000429153442,1.6399999856948853,1888800.0,16259.165029090766,0,0.2051709116734628,16258.959858179092,9914,-53.44624277402641,35000,"cash_0%_Buy 100% of cash (610 shares - DCA Strategy) Monthly invest 2.9% of total investment ($1,000.00)",50.47618993555888,1.66,1.6525,1.4746,1.5688,1.9937,14.170000076293944,-0.8431,SLDP,0.6328,Neutral,0.5165,0.6154,18.936720718397098,103,471.4299926757813,0.0,0.0
2024-03-02,1.6399999856948853,1.6399999856948853,1.690000057220459,1.5800000429153442,1.6399999856948853,1888800.0,16259.165029090766,0,0.2051709116734628,16258.959858179092,9914,-53.44624277402641,35000,Neutral,50.47618993555888,1.66,1.6525,1.4746,1.5688,1.9937,14.170000076293944,-0.8431,SLDP,0.6328,Neutral,0.5165,0.6154,18.936720718397098,103,471.4299926757813,0.0,0.0
2024-03-03,1.6399999856948853,1.6399999856948853,1.690000057220459,1.5800000429153442,1.6399999856948853,1888800.0,16259.165029090766,0,0.2051709116734628,16258.959858179092,9914,-53.44624277402641,35000,Neutral,50.47618993555888,1.66,1.6525,1.4746,1.5688,1.9937,14.170000076293944,-0.8431,SLDP,0.6328,Neutral,0.5165,0.6154,18.936720718397098,103,471.4299926757813,0.0,0.0
2024-03-04,1.5299999713897705,1.6200000047683716,1.625,1.5199999809265137,1.5299999713897705,3875100.0,15168.624887269858,0,0.2051709116734628,15168.419716358185,9914,-56.56207175065757,35000,Neutral,38.23529618009108,1.642,1.644,1.4763,1.5639,1.9889,14.170000076293944,-1.2762,SLDP,0.6276,Neutral,0.5185,0.6335,18.71894389005506,103,470.8699951171875,0.0,0.0
2024-03-05,1.4900000095367432,1.5199999809265137,1.5499999523162842,1.4600000381469729,1.4900000095367432,2562600.0,14772.065265458945,0,0.2051709116734628,14771.860094547272,9914,-57.69509924154589,35000,Neutral,43.33333465788068,1.594,1.6415,1.4774,1.5588,1.9828,14.170000076293944,-1.6691,SLDP,0.6163,Neutral,0.5361,0.6374,16.883387859781607,103,466.1499938964844,0.0,0.0
2024-03-06,1.4800000190734863,1.5,1.5199999809265137,1.4500000476837158,1.4800000190734863,2151200.0,14672.925360006217,0,0.2051709116734628,14672.720189094543,9914,-57.97835611426797,35000,Neutral,34.59119845792701,1.556,1.6322,1.4788,1.5539,1.9773,14.170000076293944,-1.8961,SLDP,0.6204,Neutral,0.5361,0.6505,17.84394389005506,103,468.6199951171875,0.0,0.0
2024-03-07,1.5,1.5,1.5199999809265137,1.4700000286102295,1.5,1595900.0,14871.205170911673,0,0.2051709116734628,14871.0,9914,-57.411842368823805,35000,Neutral,27.777778697602344,1.528,1.6303,1.4798,1.5487,1.972,14.170000076293944,-1.8812,SLDP,0.6276,Neutral,0.5354,0.6593,19.648394031114094,103,473.260009765625,0.0,0.0
2024-03-08,1.5199999809265137,1.5399999618530271,1.6299999952316284,1.5199999809265137,1.5199999809265137,3301300.0,15069.48498181713,0,0.2051709116734628,15069.279810905457,9914,-56.84532862337965,35000,Neutral,31.428573374845413,1.504,1.6262,1.4826,1.5436,1.967,14.170000076293944,-1.7087,SLDP,0.6151,Neutral,0.5389,0.647,18.5322848188745,103,470.3900146484375,0.0,0.0
2024-03-09,1.5199999809265137,1.5399999618530271,1.6299999952316284,1.5199999809265137,1.5199999809265137,3301300.0,15069.48498181713,0,0.2051709116734628,15069.279810905457,9914,-56.84532862337965,35000,Neutral,31.428573374845413,1.504,1.6262,1.4826,1.5436,1.967,14.170000076293944,-1.7087,SLDP,0.6151,Neutral,0.5389,0.647,18.5322848188745,103,470.3900146484375,0.0,0.0
2024-03-10,1.5199999809265137,1.5399999618530271,1.6299999952316284,1.5199999809265137,1.5199999809265137,3301300.0,15069.48498181713,0,0.2051709116734628,15069.279810905457,9914,-56.84532862337965,35000,Neutral,31.428573374845413,1.504,1.6262,1.4826,1.5436,1.967,14.170000076293944,-1.7087,SLDP,0.6151,Neutral,0.5389,0.647,18.5322848188745,103,470.3900146484375,0.0,0.0
2024-03-11,1.4600000381469729,1.5299999713897705,1.5800000429153442,1.4500000476837158,1.4600000381469729,1934900.0,14474.645549100762,0,0.2051709116734628,14474.440378189089,9914,-58.54486985971212,35000,Neutral,33.84615948919736,1.49,1.6178,1.4863,1.5385,1.9615,14.170000076293944,-1.7691,SLDP,0.6083,Neutral,0.5451,0.644,18.380612455593266,103,470.0,0.0,0.0
2024-03-12,1.4800000190734863,1.4900000095367432,1.5099999904632568,1.440000057220459,1.4800000190734863,1392600.0,14672.925360006217,0,0.2051709116734628,14672.720189094543,9914,-57.97835611426797,35000,Neutral,41.37930892735694,1.488,1.6033,1.4883,1.5337,1.9561,14.170000076293944,-1.642,SLDP,0.6142,Neutral,0.5222,0.6411,20.336723091986485,103,475.0299987792969,0.0,0.0
2024-03-13,1.4600000381469729,1.4800000190734863,1.5299999713897705,1.4299999475479126,1.4600000381469729,1544200.0,14474.645549100762,0,0.2051709116734628,14474.440378189089,9914,-58.54486985971212,35000,Neutral,42.10526976228829,1.484,1.5958,1.4891,1.5288,1.9501,14.170000076293944,-1.5647,SLDP,0.6073,Neutral,0.5149,0.6517,20.056722617268605,103,474.30999755859375,0.0,0.0
2024-03-14,1.3700000047683716,1.4600000381469729,1.4700000286102295,1.3600000143051147,1.3700000047683716,3627500.0,13582.385218185309,0,0.2051709116734628,13582.180047273636,9914,-61.09418509089913,35000,Neutral,34.37499301507923,1.458,1.578,1.4899,1.5237,1.9437,14.170000076293944,-1.8161,SLDP,0.5945,Neutral,0.5205,0.671,19.65227484979897,103,473.2699890136719,0.0,0.0
2024-03-15,1.3799999952316284,1.3799999952316284,1.4199999570846558,1.3300000429153442,1.3799999952316284,1917200.0,13681.525123638037,0,0.2051709116734628,13681.319952726364,9914,-60.810928218177054,35000,Neutral,29.99999602635637,1.43,1.556,1.4918,1.5192,1.9369,14.170000076293944,-1.8407,SLDP,0.5937,Neutral,0.5206,0.6866,18.38450514222521,103,470.010009765625,0.0,0.0
2024-03-16,1.3799999952316284,1.3799999952316284,1.4199999570846558,1.3300000429153442,1.3799999952316284,1917200.0,13681.525123638037,0,0.2051709116734628,13681.319952726364,9914,-60.810928218177054,35000,Neutral,29.99999602635637,1.43,1.556,1.4918,1.5192,1.9369,14.170000076293944,-1.8407,SLDP,0.5937,Neutral,0.5206,0.6866,18.38450514222521,103,470.010009765625,0.0,0.0
2024-03-17,1.3799999952316284,1.3799999952316284,1.4199999570846558,1.3300000429153442,1.3799999952316284,1917200.0,13681.525123638037,0,0.2051709116734628,13681.319952726364,9914,-60.810928218177054,35000,Neutral,29.99999602635637,1.43,1.556,1.4918,1.5192,1.9369,14.170000076293944,-1.8407,SLDP,0.5937,Neutral,0.5206,0.6866,18.38450514222521,103,470.010009765625,0.0,0.0
2024-03-18,1.350000023841858,1.3799999952316284,1.3799999952316284,1.3350000381469729,1.350000023841858,2075600.0,13384.105407279852,0,0.2051709116734628,13383.90023636818,9914,-61.6606988363433,35000,GeoWatch,13.461529203418069,1.408,1.5345,1.4919,1.5143,1.9304,14.170000076293944,-1.8878,SLDP,0.5977,GeoWatch,0.517,0.7138,19.527839424994326,103,472.9500122070313,0.0,0.0
2024-03-19,1.409999966621399,1.3300000429153442,1.4249999523162842,1.309999942779541,1.409999966621399,3046000.0,13978.944839996222,0,0.2051709116734628,13978.739669084549,9914,-59.961157600010814,35000,GeoWatch,24.99998853756261,1.394,1.5215,1.4943,1.5104,1.9243,14.170000076293944,-1.5507,SLDP,0.6046,GeoWatch,0.51,0.7437,20.55839260696044,103,475.6000061035156,0.0,0.0
2024-03-20,1.5199999809265137,1.3600000143051147,1.5499999523162842,1.350000023841858,1.5199999809265137,3947500.0,15069.48498181713,0,0.2051709116734628,15069.279810905457,9914,-56.84532862337965,35000,GeoWatch,39.99999602635559,1.406,1.5185,1.4976,1.5072,1.9195,14.170000076293944,-0.7631,SLDP,0.6145,GeoWatch,0.501,0.7387,22.172279122259923,103,479.75,0.0,0.0
2024-03-21,1.5800000429153442,1.5,1.6100000143051147,1.4800000190734863,1.5800000429153442,2839200.0,15664.325596374396,0,0.2051709116734628,15664.120425462723,9914,-55.14578401035888,35000,GeoWatch,45.45454873854868,1.448,1.52,1.4999,1.5041,1.9146,14.170000076293944,0.0472,SLDP,0.6176,GeoWatch,0.496,0.724,22.794503718071553,103,481.3500061035156,0.0,0.0
2024-03-22,1.559999942779541,1.559999942779541,1.6150000095367432,1.5199999809265137,1.559999942779541,2450000.0,15466.044603628043,0,0.2051709116734628,15465.83943271637,9914,-55.712301132491326,35000,GeoWatch,52.63157674590391,1.484,1.5195,1.5004,1.5003,1.9094,14.170000076293944,0.4829,SLDP,0.6176,GeoWatch,0.5003,0.7075,22.55066516284154,103,479.1799926757813,1.543,0.0
2024-03-23,1.559999942779541,1.559999942779541,1.6150000095367432,1.5199999809265137,1.559999942779541,2450000.0,15466.044603628043,0,0.2051709116734628,15465.83943271637,9914,-55.712301132491326,35000,GeoWatch,52.63157674590391,1.484,1.5195,1.5004,1.5003,1.9094,14.170000076293944,0.4829,SLDP,0.6176,GeoWatch,0.5003,0.7075,23.150720718397125,103,479.1799926757813,1.543,0.0
2024-03-24,1.559999942779541,1.559999942779541,1.6150000095367432,1.5199999809265137,1.559999942779541,2450000.0,15466.044603628043,0,0.2051709116734628,15465.83943271637,9914,-55.712301132491326,35000,GeoWatch,52.63157674590391,1.484,1.5195,1.5004,1.5003,1.9094,14.170000076293944,0.4829,SLDP,0.6176,GeoWatch,0.5003,0.7075,23.750776273952653,103,479.1799926757813,1.543,0.0
2024-03-25,1.590000033378601,1.5299999713897705,1.687999963760376,1.5099999904632568,1.590000033378601,3439200.0,15763.465501827124,0,0.2051709116734628,15763.260330915451,9914,-54.86252713763681,35000,Neutral,58.9285725689663,1.532,1.518,1.5026,1.4978,1.9039,14.170000076293944,0.8736,SLDP,0.6151,Neutral,0.5019,0.6987,23.26855784947351,103,477.9400024414063,0.0,0.0
2024-03-26,1.6799999475479126,1.5800000429153442,1.7699999809265137,1.5800000429153442,1.6799999475479126,4440200.0,16655.72465090168,0,0.2051709116734628,16655.519479990005,9914,-52.313215283138085,35000,Neutral,65.6249947613104,1.586,1.5155,1.5061,1.4965,1.8997,14.170000076293944,1.4612,SLDP,0.6065,Neutral,0.5045,0.6855,22.747448162515994,103,476.6000061035156,0.0,0.0
2024-03-27,1.919999957084656,1.7000000476837158,1.940000057220459,1.6779999732971191,1.919999957084656,7842100.0,19035.084745448956,0,0.2051709116734628,19034.87957453728,9914,-45.51504358443157,35000,Neutral,74.41860174990919,1.666,1.528,1.5139,1.4968,1.8961,14.170000076293944,2.7285,SLDP,0.6167,Neutral,0.4992,0.6825,24.36522736444742,103,480.760009765625,0.0,0.0
2024-03-28,2.0299999713897705,1.9299999475479128,2.0999999046325684,1.9299999475479128,2.0299999713897705,6377200.0,20125.62488726986,0,0.2051709116734628,20125.419716358185,9914,-42.39921460780042,35000,Neutral,76.84210341392803,1.756,1.5475,1.5254,1.4984,1.8933,14.170000076293944,3.7642,SLDP,0.6132,Neutral,0.5006,0.6968,24.34189498054988,103,480.7000122070313,0.0,0.0
2024-03-29,2.0299999713897705,1.9299999475479128,2.0999999046325684,1.9299999475479128,2.0299999713897705,6377200.0,20125.62488726986,0,0.2051709116734628,20125.419716358185,9914,-42.39921460780042,35000,Neutral,76.84210341392803,1.756,1.5475,1.5254,1.4984,1.8933,14.170000076293944,3.7642,SLDP,0.6132,Neutral,0.5006,0.6968,24.34189498054988,103,480.7000122070313,0.0,0.0
2024-03-30,2.0299999713897705,1.9299999475479128,2.0999999046325684,1.9299999475479128,2.0299999713897705,6377200.0,20125.62488726986,0,0.2051709116734628,20125.419716358185,9914,-42.39921460780042,35000,Neutral,76.84210341392803,1.756,1.5475,1.5254,1.4984,1.8933,14.170000076293944,3.7642,SLDP,0.6132,Neutral,0.5006,0.6968,24.34189498054988,103,480.7000122070313,0.0,0.0
2024-03-31,2.0299999713897705,1.9299999475479128,2.0999999046325684,1.9299999475479128,2.0299999713897705,6377200.0,20125.62488726986,0,0.2051709116734628,20125.419716358185,9914,-42.39921460780042,35000,Neutral,76.84210341392803,1.756,1.5475,1.5254,1.4984,1.8933,14.170000076293944,3.7642,SLDP,0.6132,Neutral,0.5006,0.6968,24.34189498054988,103,480.7000122070313,0.0,0.0
2024-04-01,1.9800000190734863,2.109999895095825,2.109999895095825,1.950000047683716,1.9800000190734863,3776800.0,20628.927439996605,0,1.2872412890234273,20627.64019870758,10418,-42.59842377778722,36000,"cash_0%_Buy 100% of cash (504 shares - DCA Strategy) Monthly invest 2.8% of total investment ($1,000.00)",77.65957176982158,1.84,1.5645,1.5369,1.4994,1.8901,14.170000076293944,3.9667,SLDP,0.6051,GeoWatch,0.5058,0.7347,23.207102195095388,109,480.0700073242188,0.0,0.0
2024-04-02,1.909999966621399,1.8600000143051147,2.005000114440918,1.840000033378601,1.909999966621399,2885800.0,19899.66689355076,0,1.2872412890234273,19898.379652261734,10418,-44.62414751791458,36000,GeoWatch,71.71716624383498,1.904,1.5835,1.5451,1.5003,1.8881,14.170000076293944,3.5834,SLDP,0.5908,GeoWatch,0.5215,0.7602,21.97935646755633,109,476.9299926757813,0.0,0.0
2024-04-03,1.840000033378601,1.870000004768372,1.919999957084656,1.820000052452088,1.840000033378601,1995300.0,19170.40758902729,0,1.2872412890234273,19169.120347738266,10418,-46.64986780825754,36000,GeoWatch,68.26922911599554,1.936,1.601,1.5536,1.4992,1.886,14.170000076293944,2.8657,SLDP,0.5932,GeoWatch,0.5177,0.7725,22.14748360378678,109,477.3599853515625,0.0,0.0
2024-04-04,1.850000023841858,1.8600000143051147,1.975000023841858,1.820000052452088,1.850000023841858,2008700.0,19274.5874896735,0,1.2872412890234273,19273.300248384476,10418,-46.3604791953514,36000,GeoWatch,75.0,1.922,1.6195,1.5596,1.4989,1.8842,14.170000076293944,2.2698,SLDP,0.5836,GeoWatch,0.5463,0.7957,19.848413626980133,109,471.4800109863281,0.0,0.0
2024-04-05,1.840000033378601,1.850000023841858,1.8799999952316284,1.7899999618530271,1.840000033378601,1493600.0,19170.40758902729,0,1.2872412890234273,19169.120347738266,10418,-46.64986780825754,36000,GeoWatch,73.95833436813615,1.884,1.6365,1.5672,1.4993,1.8822,14.170000076293944,1.7049,SLDP,0.5919,GeoWatch,0.5378,0.8165,21.80731551296647,109,476.489990234375,0.0,0.0
2024-04-06,1.840000033378601,1.850000023841858,1.8799999952316284,1.7899999618530271,1.840000033378601,1493600.0,19170.40758902729,0,1.2872412890234273,19169.120347738266,10418,-46.64986780825754,36000,GeoWatch,73.95833436813615,1.884,1.6365,1.5672,1.4993,1.8822,14.170000076293944,1.7049,SLDP,0.5919,GeoWatch,0.5378,0.8165,21.80731551296647,109,476.489990234375,0.0,0.0
2024-04-07,1.840000033378601,1.850000023841858,1.8799999952316284,1.7899999618530271,1.840000033378601,1493600.0,19170.40758902729,0,1.2872412890234273,19169.120347738266,10418,-46.64986780825754,36000,GeoWatch,73.95833436813615,1.884,1.6365,1.5672,1.4993,1.8822,14.170000076293944,1.7049,SLDP,0.5919,GeoWatch,0.5378,0.8165,21.80731551296647,109,476.489990234375,0.0,0.0
2024-04-08,1.830000042915344,1.8600000143051147,1.9299999475479128,1.7999999523162842,1.830000042915344,1311800.0,19066.227688381077,0,1.2872412890234273,19064.940447092053,10418,-46.93925642116369,36000,GeoWatch,75.5319143539643,1.854,1.652,1.5754,1.4999,1.8802,14.170000076293944,1.1869,SLDP,0.5852,GeoWatch,0.5238,0.8287,21.881606467556324,109,476.6799926757813,0.0,0.0
2024-04-09,1.830000042915344,1.850000023841858,1.9700000286102293,1.809999942779541,1.830000042915344,2058500.0,19066.227688381077,0,1.2872412890234273,19064.940447092053,10418,-46.93925642116369,36000,GeoWatch,73.8636375951371,1.838,1.6705,1.5844,1.5006,1.8783,14.170000076293944,0.7597,SLDP,0.5858,GeoWatch,0.5219,0.8239,22.112295035671536,109,477.2699890136719,0.0,0.0
2024-04-10,1.7599999904632568,1.7799999713897705,1.7899999618530271,1.7000000476837158,1.7599999904632568,1981000.0,18336.967141935234,0,1.2872412890234273,18335.67990064621,10418,-48.96498016129104,36000,GeoWatch,64.28571225834578,1.822,1.6845,1.5928,1.5005,1.8763,14.170000076293944,0.1613,SLDP,0.5605,GeoWatch,0.5226,0.8286,20.30587694485122,109,472.6499938964844,0.0,0.0
2024-04-11,1.7300000190734863,1.7699999809265137,1.7999999523162842,1.7000000476837158,1.7300000190734863,1499600.0,18024.427439996605,0,1.2872412890234273,18023.14019870758,10418,-49.83314600000944,36000,GeoWatch,59.25925707893406,1.798,1.698,1.6018,1.5015,1.874,14.170000076293944,-0.3698,SLDP,0.5751,GeoWatch,0.5117,0.8124,21.639188376736,109,476.05999755859375,0.0,0.0
2024-04-12,1.6100000143051147,1.75,1.75,1.600000023841858,1.6100000143051147,2414700.0,16774.26739031971,0,1.2872412890234273,16772.980149030685,10418,-53.30581280466748,36000,GeoWatch,52.74725677799811,1.752,1.71,1.6087,1.502,1.8712,14.170000076293944,-1.1576,SLDP,0.557,GeoWatch,0.5492,0.801,19.10160219509541,109,469.5700073242188,0.0,0.0
2024-04-13,1.6100000143051147,1.75,1.75,1.600000023841858,1.6100000143051147,2414700.0,16774.26739031971,0,1.2872412890234273,16772.980149030685,10418,-53.30581280466748,36000,GeoWatch,52.74725677799811,1.752,1.71,1.6087,1.502,1.8712,14.170000076293944,-1.1576,SLDP,0.557,GeoWatch,0.5492,0.801,19.10160219509541,109,469.5700073242188,0.0,0.0
2024-04-14,1.6100000143051147,1.75,1.75,1.600000023841858,1.6100000143051147,2414700.0,16774.26739031971,0,1.2872412890234273,16772.980149030685,10418,-53.30581280466748,36000,GeoWatch,52.74725677799811,1.752,1.71,1.6087,1.502,1.8712,14.170000076293944,-1.1576,SLDP,0.557,GeoWatch,0.5492,0.801,19.10160219509541,109,469.5700073242188,0.0,0.0
2024-04-15,1.5800000429153442,1.6699999570846558,1.6699999570846558,1.5800000429153442,1.5800000429153442,1548300.0,16461.72768838108,0,1.2872412890234273,16460.440447092056,10418,-54.173978643385915,36000,GeoWatch,49.45054988241508,1.702,1.72,1.6156,1.5031,1.8688,14.170000076293944,-1.743,SLDP,0.535,GeoWatch,0.5719,0.7913,16.77123360378677,109,463.6099853515625,0.0,0.0
2024-04-16,1.600000023841858,1.559999942779541,1.6299999952316284,1.5399999618530271,1.600000023841858,1707000.0,16670.0874896735,0,1.2872412890234273,16668.800248384476,10418,-53.595201417573634,36000,GeoWatch,45.2380992928334,1.656,1.7325,1.6226,1.505,1.8666,14.170000076293944,-1.9824,SLDP,0.5266,GeoWatch,0.5621,0.7872,16.446708854030902,109,462.7799987792969,0.0,0.0
2024-04-17,1.590000033378601,1.6200000047683716,1.6549999713897705,1.5800000429153442,1.590000033378601,1202100.0,16565.90758902729,0,1.2872412890234273,16564.620347738266,10418,-53.884590030479764,36000,GeoWatch,22.95082127397619,1.622,1.7415,1.6296,1.5066,1.8649,14.170000076293944,-2.0981,SLDP,0.5278,GeoWatch,0.5637,0.7532,15.355815512966458,109,459.989990234375,0.0,0.0
2024-04-18,1.5800000429153442,1.590000033378601,1.6299999952316284,1.534999966621399,1.5800000429153442,1761700.0,16461.72768838108,0,1.2872412890234273,16460.440447092056,10418,-54.173978643385915,36000,GeoWatch,5.882348816286509,1.592,1.7445,1.6311,1.5081,1.8629,14.170000076293944,-2.1257,SLDP,0.5282,GeoWatch,0.5576,0.7323,14.945270285915697,109,458.9400024414063,0.0,0.0
2024-04-19,1.6399999856948853,1.5499999523162842,1.649999976158142,1.5399999618530271,1.6399999856948853,2127100.0,17086.80709225834,0,1.2872412890234273,17085.519850969315,10418,-52.43764696594908,36000,GeoWatch,17.307680404394702,1.598,1.7475,1.6361,1.5102,1.861,14.170000076293944,-1.8233,SLDP,0.5184,GeoWatch,0.5669,0.716,13.443831717800435,109,455.1000061035156,0.0,0.0
2024-04-20,1.6399999856948853,1.5499999523162842,1.649999976158142,1.5399999618530271,1.6399999856948853,2127100.0,17086.80709225834,0,1.2872412890234273,17085.519850969315,10418,-52.43764696594908,36000,GeoWatch,17.307680404394702,1.598,1.7475,1.6361,1.5102,1.861,14.170000076293944,-1.8233,SLDP,0.5184,GeoWatch,0.5669,0.716,13.443831717800435,109,455.1000061035156,0.0,0.0
2024-04-21,1.6399999856948853,1.5499999523162842,1.649999976158142,1.5399999618530271,1.6399999856948853,2127100.0,17086.80709225834,0,1.2872412890234273,17085.519850969315,10418,-52.43764696594908,36000,GeoWatch,17.307680404394702,1.598,1.7475,1.6361,1.5102,1.861,14.170000076293944,-1.8233,SLDP,0.5184,GeoWatch,0.5669,0.716,13.443831717800435,109,455.1000061035156,0.0,0.0
2024-04-22,1.659999966621399,1.6399999856948853,1.659999966621399,1.5399999618530271,1.659999966621399,2170000.0,17295.16689355076,0,1.2872412890234273,17293.879652261734,10418,-51.858869740136804,36000,Neutral,23.404243446783425,1.614,1.7525,1.6403,1.513,1.8586,14.170000076293944,-1.4767,SLDP,0.5369,Neutral,0.5396,0.6933,14.98827455837663,109,459.0499877929688,0.0,0.0
2024-04-23,1.7100000381469729,1.6399999856948853,1.7899999618530271,1.6200000047683716,1.7100000381469729,2109900.0,17816.06763870419,0,1.2872412890234273,17814.780397415165,10418,-50.41192322582171,36000,Neutral,35.55555378949175,1.636,1.7585,1.6445,1.517,1.8571,14.170000076293944,-1.0024,SLDP,0.5554,Neutral,0.5198,0.6777,17.252167899441062,109,464.8399963378906,0.0,0.0
2024-04-24,1.690000057220459,1.7200000286102295,1.7699999809265137,1.659999966621399,1.690000057220459,1352100.0,17607.707837411766,0,1.2872412890234273,17606.42059612274,10418,-50.990700451634005,36000,Neutral,32.60869621554497,1.656,1.759,1.6438,1.52,1.8554,14.170000076293944,-0.7383,SLDP,0.5499,Neutral,0.5216,0.6717,17.11922933132584,109,464.5,0.0,0.0
2024-04-25,1.6399999856948853,1.649999976158142,1.659999966621399,1.6100000143051147,1.6399999856948853,1025400.0,17086.80709225834,0,1.2872412890234273,17085.519850969315,10418,-52.43764696594908,36000,Neutral,29.999995231628446,1.668,1.745,1.6438,1.5226,1.8536,14.170000076293944,-0.7321,SLDP,0.5511,Neutral,0.513,0.6738,16.36850408108168,109,462.5799865722656,0.0,0.0
2024-04-26,1.7100000381469729,1.649999976158142,1.7100000381469729,1.6449999809265137,1.7100000381469729,1428200.0,17816.06763870419,0,1.2872412890234273,17814.780397415165,10418,-50.41192322582171,36000,Neutral,39.285715045977575,1.682,1.729,1.6453,1.525,1.8524,14.170000076293944,-0.4287,SLDP,0.5551,Neutral,0.5062,0.6763,18.178835990261376,109,467.2099914550781,0.0,0.0
2024-04-27,1.7100000381469729,1.649999976158142,1.7100000381469729,1.6449999809265137,1.7100000381469729,1428200.0,17816.06763870419,0,1.2872412890234273,17814.780397415165,10418,-50.41192322582171,36000,Neutral,39.285715045977575,1.682,1.729,1.6453,1.525,1.8524,14.170000076293944,-0.4287,SLDP,0.5551,Neutral,0.5062,0.6763,18.178835990261376,109,467.2099914550781,0.0,0.0
2024-04-28,1.7100000381469729,1.649999976158142,1.7100000381469729,1.6449999809265137,1.7100000381469729,1428200.0,17816.06763870419,0,1.2872412890234273,17814.780397415165,10418,-50.41192322582171,36000,Neutral,39.285715045977575,1.682,1.729,1.6453,1.525,1.8524,14.170000076293944,-0.4287,SLDP,0.5551,Neutral,0.5062,0.6763,18.178835990261376,109,467.2099914550781,0.0,0.0
2024-04-29,1.6799999475479126,1.7200000286102295,1.809999942779541,1.659999966621399,1.6799999475479126,1631800.0,17503.526694843178,0,1.2872412890234273,17502.239453554153,10418,-51.28009251432453,36000,Neutral,37.28813079882329,1.686,1.714,1.6437,1.5273,1.8514,14.170000076293944,-0.3353,SLDP,0.5577,Neutral,0.5014,0.6771,18.81616789944107,109,468.8399963378906,0.0,0.0
2024-04-30,1.690000057220459,1.6699999570846558,1.7000000476837158,1.6200000047683716,1.690000057220459,1149200.0,17607.707837411766,0,1.2872412890234273,17606.42059612274,10418,-50.990700451634005,36000,Neutral,43.39623532714166,1.682,1.703,1.6435,1.53,1.8506,14.170000076293944,-0.2252,SLDP,0.539,Neutral,0.5145,0.6567,15.918856467556338,109,461.4299926757813,0.0,0.0
2024-05-01,1.7300000190734863,1.7000000476837158,1.809999942779541,1.6799999475479126,1.7300000190734863,1533000.0,19023.42749998558,0,0.3472902535239655,19023.080209732056,10996,-48.48633108112007,37000,"cash_0%_Buy 100% of cash (578 shares - DCA Strategy) Monthly invest 2.7% of total investment ($1,000.00)",50.0,1.69,1.6975,1.6467,1.5323,1.8496,14.170000076293944,0.0037,SLDP,0.5433,Neutral,0.5147,0.6185,14.54009413054331,111,459.9299926757813,0.0,0.0
2024-05-02,1.830000042915344,1.75,1.830000042915344,1.659999966621399,1.830000042915344,2385700.0,20123.027762150647,0,0.3472902535239655,20122.68047189712,10996,-45.514438480673945,37000,Neutral,71.15383998177012,1.728,1.6965,1.6494,1.5347,1.8492,14.170000076293944,0.518,SLDP,0.5605,Neutral,0.5033,0.5821,16.20937468317129,111,464.2200012207031,0.0,0.0
2024-05-03,1.820000052452088,1.820000052452088,1.899999976158142,1.7699999809265137,1.820000052452088,1670000.0,20013.067867016685,0,0.3472902535239655,20012.72057676316,10996,-45.81162738644141,37000,Neutral,73.99998950958754,1.75,1.6955,1.6541,1.5381,1.8489,14.170000076293944,0.7657,SLDP,0.5839,Neutral,0.486,0.5426,18.450645809795674,111,469.9800109863281,0.0,0.0
2024-05-04,1.820000052452088,1.820000052452088,1.899999976158142,1.7699999809265137,1.820000052452088,1670000.0,20013.067867016685,0,0.3472902535239655,20012.72057676316,10996,-45.81162738644141,37000,Neutral,73.99998950958754,1.75,1.6955,1.6541,1.5381,1.8489,14.170000076293944,0.7657,SLDP,0.5839,Neutral,0.486,0.5426,18.450645809795674,111,469.9800109863281,0.0,0.0
2024-05-05,1.820000052452088,1.820000052452088,1.899999976158142,1.7699999809265137,1.820000052452088,1670000.0,20013.067867016685,0,0.3472902535239655,20012.72057676316,10996,-45.81162738644141,37000,Neutral,73.99998950958754,1.75,1.6955,1.6541,1.5381,1.8489,14.170000076293944,0.7657,SLDP,0.5839,Neutral,0.486,0.5426,18.450645809795674,111,469.9800109863281,0.0,0.0
2024-05-06,1.909999966621399,1.820000052452088,1.950000047683716,1.820000052452088,1.909999966621399,2323600.0,21002.706923222428,0,0.3472902535239655,21002.359632968903,10996,-43.13692723453399,37000,Neutral,77.19296924735879,1.796,1.6995,1.6593,1.5428,1.8474,14.170000076293944,1.1996,SLDP,0.5862,Neutral,0.4845,0.5236,20.295018247527736,111,474.7200012207031,0.0,0.0
2024-05-07,1.7899999618530271,1.899999976158142,1.9299999475479128,1.7899999618530271,1.7899999618530271,1774600.0,19683.18687078941,0,0.3472902535239655,19682.839580535885,10996,-46.70319764651513,37000,Neutral,64.70587307194364,1.816,1.6975,1.6619,1.5455,1.8454,14.170000076293944,0.9561,SLDP,0.5826,Neutral,0.4826,0.5162,20.5596094570149,111,475.3999938964844,0.0,0.0
2024-05-08,1.7400000095367432,1.7899999618530271,1.809999942779541,1.7000000476837158,1.7400000095367432,2279600.0,19133.387395119553,0,0.3472902535239655,19133.040104866028,10996,-48.18914217535257,37000,Neutral,61.11110651198823,1.818,1.6965,1.6614,1.5468,1.8435,14.170000076293944,0.5597,SLDP,0.5822,Neutral,0.4799,0.5289,20.56739923501614,111,475.4200134277344,0.0,0.0
2024-05-09,1.7699999809265137,1.7200000286102295,1.7999999523162842,1.7000000476837158,1.7699999809265137,2334000.0,19463.26708052147,0,0.3472902535239655,19462.919790267944,10996,-47.2975754580501,37000,Neutral,59.42028710081527,1.806,1.6985,1.6641,1.5478,1.8422,14.170000076293944,0.3785,SLDP,0.5883,Neutral,0.478,0.5467,21.62965896196539,111,478.1499938964844,0.0,0.0
2024-05-10,1.7200000286102295,1.7999999523162842,1.820000052452088,1.7000000476837158,1.7200000286102295,2379900.0,18913.46760485161,0,0.3472902535239655,18913.120314598083,10996,-48.783519986887555,37000,Neutral,54.16667011600883,1.786,1.704,1.664,1.5497,1.8405,14.170000076293944,0.0496,SLDP,0.5912,Neutral,0.4735,0.565,21.85923179443175,111,478.739990234375,0.0,0.0
2024-05-11,1.7200000286102295,1.7999999523162842,1.820000052452088,1.7000000476837158,1.7200000286102295,2379900.0,18913.46760485161,0,0.3472902535239655,18913.120314598083,10996,-48.783519986887555,37000,Neutral,54.16667011600883,1.786,1.704,1.664,1.5497,1.8405,14.170000076293944,0.0496,SLDP,0.5912,Neutral,0.4735,0.565,21.85923179443175,111,478.739990234375,0.0,0.0
2024-05-12,1.7200000286102295,1.7999999523162842,1.820000052452088,1.7000000476837158,1.7200000286102295,2379900.0,18913.46760485161,0,0.3472902535239655,18913.120314598083,10996,-48.783519986887555,37000,Neutral,54.16667011600883,1.786,1.704,1.664,1.5497,1.8405,14.170000076293944,0.0496,SLDP,0.5912,Neutral,0.4735,0.565,21.85923179443175,111,478.739990234375,0.0,0.0
2024-05-13,1.8799999952316284,1.7400000095367432,1.899999976158142,1.7300000190734863,1.8799999952316284,3902900.0,20672.82723782051,0,0.3472902535239655,20672.479947566986,10996,-44.02849395183648,37000,Neutral,60.240960740648696,1.78,1.719,1.665,1.553,1.839,14.170000076293944,0.4078,SLDP,0.5789,Neutral,0.4884,0.5756,21.870904586772014,111,478.7699890136719,0.0,0.0
2024-05-14,1.9900000095367432,1.8899999856948853,2.0190000534057617,1.8799999952316284,1.9900000095367432,3636100.0,21882.387395119553,0,0.3472902535239655,21882.040104866028,10996,-40.75941244562284,37000,Neutral,66.30434388249076,1.82,1.7385,1.6685,1.557,1.8381,14.170000076293944,0.9825,SLDP,0.5763,Neutral,0.4866,0.5797,22.7541894142782,111,481.0400085449219,0.0,0.0
2024-05-15,1.830000042915344,2.0,2.069999933242798,1.820000052452088,1.830000042915344,2727500.0,20123.027762150647,0,0.3472902535239655,20122.68047189712,10996,-45.514438480673945,37000,Neutral,59.22330400476096,1.838,1.7505,1.6712,1.5604,1.8366,14.170000076293944,0.6996,SLDP,0.595,Neutral,0.4758,0.5894,25.034361932262414,111,486.8999938964844,0.0,0.0
2024-05-16,1.7799999713897705,1.820000052452088,1.899999976158142,1.7599999904632568,1.7799999713897705,3040500.0,19573.22697565544,0,0.3472902535239655,19572.879685401917,10996,-47.00038655228261,37000,Neutral,53.46534326256235,1.84,1.7605,1.6745,1.5635,1.8347,14.170000076293944,0.2901,SLDP,0.5925,Neutral,0.4729,0.5971,24.67249349505248,111,485.9700012207031,0.0,0.0
2024-05-17,1.75,1.7999999523162842,1.820000052452088,1.7200000286102295,1.75,2856600.0,19243.347290253525,0,0.3472902535239655,19243.0,10996,-47.89195326958509,37000,Neutral,53.46534957302415,1.846,1.766,1.6778,1.5662,1.8324,14.170000076293944,-0.1073,SLDP,0.5956,Neutral,0.4659,0.613,24.952652385880555,111,486.6900024414063,0.0,0.0
2024-05-18,1.75,1.7999999523162842,1.820000052452088,1.7200000286102295,1.75,2856600.0,19243.347290253525,0,0.3472902535239655,19243.0,10996,-47.89195326958509,37000,Neutral,53.46534957302415,1.846,1.766,1.6778,1.5662,1.8324,14.170000076293944,-0.1073,SLDP,0.5956,Neutral,0.4659,0.613,24.952652385880555,111,486.6900024414063,0.0,0.0
2024-05-19,1.75,1.7999999523162842,1.820000052452088,1.7200000286102295,1.75,2856600.0,19243.347290253525,0,0.3472902535239655,19243.0,10996,-47.89195326958509,37000,Neutral,53.46534957302415,1.846,1.766,1.6778,1.5662,1.8324,14.170000076293944,-0.1073,SLDP,0.5956,Neutral,0.4659,0.613,24.952652385880555,111,486.6900024414063,0.0,0.0
2024-05-20,1.7200000286102295,1.7599999904632568,1.809999942779541,1.7100000381469729,1.7200000286102295,1501600.0,18913.46760485161,0,0.3472902535239655,18913.120314598083,10996,-48.783519986887555,37000,Neutral,51.4563096683157,1.814,1.769,1.6803,1.5695,1.8297,14.170000076293944,-0.4769,SLDP,0.5911,Neutral,0.4667,0.624,25.139428937986423,111,487.1700134277344,0.0,0.0
2024-05-21,1.690000057220459,1.7400000095367432,1.7400000095367432,1.6399999856948853,1.690000057220459,2342700.0,18583.587919449692,0,0.3472902535239655,18583.240629196167,10996,-49.67508670419004,37000,Neutral,48.03921706123783,1.754,1.768,1.6815,1.572,1.8265,14.170000076293944,-0.8101,SLDP,0.5948,Neutral,0.4635,0.6328,25.64916066128083,111,488.4800109863281,0.0,0.0
2024-05-22,1.7200000286102295,1.7000000476837158,1.7899999618530271,1.6749999523162842,1.7200000286102295,2212100.0,18913.46760485161,0,0.3472902535239655,18913.120314598083,10996,-48.783519986887555,37000,Neutral,44.21052367403151,1.732,1.7695,1.6813,1.5738,1.8251,14.170000076293944,-0.8852,SLDP,0.5841,Neutral,0.4701,0.6145,25.09662078296438,111,487.05999755859375,0.0,0.0
2024-05-23,1.6399999856948853,1.7300000190734863,1.7400000095367432,1.6200000047683716,1.6399999856948853,2859800.0,18033.787132954483,0,0.3472902535239655,18033.43984270096,10996,-51.16103477579872,37000,Neutral,41.17646508838202,1.704,1.7695,1.6808,1.5757,1.8235,14.170000076293944,-1.1919,SLDP,0.5712,Neutral,0.4748,0.5795,23.68804842548451,111,483.4400024414063,0.0,0.0
2024-05-24,1.7799999713897705,1.6699999570846558,1.7899999618530271,1.659999966621399,1.7799999713897705,2168000.0,19573.22697565544,0,0.3472902535239655,19572.879685401917,10996,-47.00038655228261,37000,Neutral,43.92523281188358,1.71,1.773,1.6832,1.5781,1.8217,14.170000076293944,-0.8224,SLDP,0.5803,Neutral,0.4641,0.5525,24.96822006722141,111,486.7300109863281,0.0,0.0
2024-05-25,1.7799999713897705,1.6699999570846558,1.7899999618530271,1.659999966621399,1.7799999713897705,2168000.0,19573.22697565544,0,0.3472902535239655,19572.879685401917,10996,-47.00038655228261,37000,Neutral,43.92523281188358,1.71,1.773,1.6832,1.5781,1.8217,14.170000076293944,-0.8224,SLDP,0.5803,Neutral,0.4641,0.5525,24.96822006722141,111,486.7300109863281,0.0,0.0
2024-05-26,1.7799999713897705,1.6699999570846558,1.7899999618530271,1.659999966621399,1.7799999713897705,2168000.0,19573.22697565544,0,0.3472902535239655,19572.879685401917,10996,-47.00038655228261,37000,Neutral,43.92523281188358,1.71,1.773,1.6832,1.5781,1.8217,14.170000076293944,-0.8224,SLDP,0.5803,Neutral,0.4641,0.5525,24.96822006722141,111,486.7300109863281,0.0,0.0
2024-05-27,1.7799999713897705,1.6699999570846558,1.7899999618530271,1.659999966621399,1.7799999713897705,2168000.0,19573.22697565544,0,0.3472902535239655,19572.879685401917,10996,-47.00038655228261,37000,Neutral,43.92523281188358,1.71,1.773,1.6832,1.5781,1.8217,14.170000076293944,-0.8224,SLDP,0.5803,Neutral,0.4641,0.5525,24.96822006722141,111,486.7300109863281,0.0,0.0
2024-05-28,1.7699999809265137,1.7899999618530271,1.870000004768372,1.7350000143051147,1.7699999809265137,1555200.0,19463.26708052147,0,0.3472902535239655,19462.919790267944,10996,-47.2975754580501,37000,Neutral,48.95833410943565,1.72,1.7775,1.6853,1.58,1.8191,14.170000076293944,-0.5937,SLDP,0.5658,Neutral,0.4741,0.5404,25.119966367644906,111,487.1199951171875,0.0,0.0
2024-05-29,1.7699999809265137,1.7400000095367432,1.7899999618530271,1.7100000381469729,1.7699999809265137,1391700.0,19463.26708052147,0,0.3472902535239655,19462.919790267944,10996,-47.2975754580501,37000,Neutral,51.648350352754754,1.736,1.7815,1.6893,1.5828,1.8167,14.170000076293944,-0.4273,SLDP,0.5478,Neutral,0.4917,0.5501,23.78532565320731,111,483.6900024414063,0.0,0.0
2024-05-30,1.809999942779541,1.7799999713897705,1.825999975204468,1.7699999809265137,1.809999942779541,1288600.0,19903.106661057358,0,0.3472902535239655,19902.759370803833,10996,-46.10881983498013,37000,Neutral,52.17391135336517,1.754,1.7855,1.6947,1.586,1.8141,14.170000076293944,-0.1625,SLDP,0.5488,Neutral,0.4975,0.5571,22.52072169281125,111,480.4400024414063,0.0,0.0
2024-05-31,1.7699999809265137,1.820000052452088,1.8550000190734863,1.7200000286102295,1.7699999809265137,1072000.0,19463.26708052147,0,0.3472902535239655,19462.919790267944,10996,-47.2975754580501,37000,Neutral,52.7472505879246,1.78,1.7825,1.6995,1.5891,1.8117,14.170000076293944,-0.14,SLDP,0.568,Neutral,0.4783,0.5453,24.147194090417187,111,484.6199951171875,0.0,0.0
2024-06-01,1.7699999809265137,1.820000052452088,1.8550000190734863,1.7200000286102295,1.7699999809265137,1072000.0,20462.268800532227,0,1.0690210217277354,20461.199779510498,11560,-46.052924209125734,38000,"cash_0%_Buy 100% of cash (564 shares - DCA Strategy) Monthly invest 2.6% of total investment ($1,000.00)",52.7472505879246,1.78,1.7825,1.6995,1.5891,1.8117,14.170000076293944,-0.14,SLDP,0.568,Neutral,0.4783,0.5453,23.276230642753845,113,484.6199951171875,0.0,0.0
2024-06-02,1.7699999809265137,1.820000052452088,1.8550000190734863,1.7200000286102295,1.7699999809265137,1072000.0,20462.268800532227,0,1.0690210217277354,20461.199779510498,11560,-46.052924209125734,38000,Neutral,52.7472505879246,1.78,1.7825,1.6995,1.5891,1.8117,14.170000076293944,-0.14,SLDP,0.568,Neutral,0.4783,0.5453,23.276230642753845,113,484.6199951171875,0.0,0.0
2024-06-03,1.7300000190734863,1.7899999618530271,1.809999942779541,1.7300000190734863,1.7300000190734863,930800.0,19999.86924151123,0,1.0690210217277354,19998.800220489502,11560,-47.26976515391783,38000,Neutral,40.50632873190414,1.77,1.778,1.7033,1.5915,1.8092,14.170000076293944,-0.2697,SLDP,0.5755,Neutral,0.4833,0.4926,23.481475268069786,113,485.1499938964844,0.0,0.0
2024-06-04,1.690000057220459,1.7400000095367432,1.7400000095367432,1.6699999570846558,1.690000057220459,813400.0,19537.469682490235,0,1.0690210217277354,19536.400661468506,11560,-48.48660609870993,38000,Neutral,29.166663907191563,1.754,1.767,1.7062,1.5944,1.8068,14.170000076293944,-0.4884,SLDP,0.5809,Neutral,0.4877,0.4487,23.70995424205684,113,485.739990234375,0.0,0.0
2024-06-05,1.7100000381469729,1.7000000476837158,1.7200000286102295,1.6699999570846558,1.7100000381469729,1037000.0,19768.669462000737,0,1.0690210217277354,19767.600440979008,11560,-47.87818562631387,38000,Neutral,39.655168515747285,1.742,1.763,1.7103,1.5983,1.8046,14.170000076293944,-0.5322,SLDP,0.5871,Neutral,0.4814,0.4341,25.95990427700248,113,491.5499877929688,0.0,0.0
2024-06-06,1.6799999475479126,1.7100000381469729,1.7100000381469729,1.6699999570846558,1.6799999475479126,951800.0,19421.8684146756,0,1.0690210217277354,19420.79939365387,11560,-48.790819961380016,38000,Neutral,41.071423629715405,1.716,1.76,1.7137,1.601,1.8023,14.170000076293944,-0.6458,SLDP,0.5875,Neutral,0.4806,0.4488,25.917311910466026,113,491.4400024414063,0.0,0.0
2024-06-07,1.659999966621399,1.6699999570846558,1.7000000476837158,1.6299999952316284,1.659999966621399,1311900.0,19190.6686351651,0,1.0690210217277354,19189.59961414337,11560,-49.39924043377607,38000,Neutral,41.818176301056006,1.694,1.7545,1.717,1.603,1.8,14.170000076293944,-0.76,SLDP,0.5801,Neutral,0.4695,0.4466,25.669463100531885,113,490.7999877929688,0.0,0.0
2024-06-08,1.659999966621399,1.6699999570846558,1.7000000476837158,1.6299999952316284,1.659999966621399,1311900.0,19190.6686351651,0,1.0690210217277354,19189.59961414337,11560,-49.39924043377607,38000,Neutral,41.818176301056006,1.694,1.7545,1.717,1.603,1.8,14.170000076293944,-0.76,SLDP,0.5801,Neutral,0.4695,0.4466,25.669463100531885,113,490.7999877929688,0.0,0.0
2024-06-09,1.659999966621399,1.6699999570846558,1.7000000476837158,1.6299999952316284,1.659999966621399,1311900.0,19190.6686351651,0,1.0690210217277354,19189.59961414337,11560,-49.39924043377607,38000,Neutral,41.818176301056006,1.694,1.7545,1.717,1.603,1.8,14.170000076293944,-0.76,SLDP,0.5801,Neutral,0.4695,0.4466,25.669463100531885,113,490.7999877929688,0.0,0.0
2024-06-10,1.7000000476837158,1.659999966621399,1.7000000476837158,1.6399999856948853,1.7000000476837158,898600.0,19653.069572245484,0,1.0690210217277354,19652.000551223755,11560,-48.1823958625119,38000,Neutral,48.21428723481253,1.688,1.7535,1.7225,1.6062,1.7973,14.170000076293944,-0.6447,SLDP,0.5691,Neutral,0.475,0.4797,26.292949638091216,113,492.4100036621094,0.0,0.0
2024-06-11,1.7300000190734863,1.6699999570846558,1.7300000190734863,1.6399999856948853,1.7300000190734863,1057700.0,19999.86924151123,0,1.0690210217277354,19998.800220489502,11560,-47.26976515391783,38000,Neutral,53.57142553037496,1.696,1.746,1.7283,1.61,1.7941,14.170000076293944,-0.4261,SLDP,0.572,Neutral,0.4794,0.5175,26.726673237394223,113,493.5299987792969,0.0,0.0
2024-06-12,1.7300000190734863,1.7699999809265137,1.8450000286102293,1.7200000286102295,1.7300000190734863,1825300.0,19999.86924151123,0,1.0690210217277354,19998.800220489502,11560,-47.26976515391783,38000,Neutral,50.94339537764831,1.7,1.733,1.7347,1.6133,1.7907,14.170000076293944,-0.2644,SLDP,0.5879,Neutral,0.4683,0.5526,28.318297029855557,113,497.6400146484375,0.0,0.0
2024-06-13,1.690000057220459,1.7300000190734863,1.75,1.662999987602234,1.690000057220459,1211200.0,19537.469682490235,0,1.0690210217277354,19536.400661468506,11560,-48.48660609870993,38000,Neutral,55.1020492568029,1.702,1.726,1.7393,1.6168,1.7872,14.170000076293944,-0.2946,SLDP,0.5909,Neutral,0.4724,0.5631,28.682305765063504,113,498.5799865722656,0.0,0.0
2024-06-14,1.6699999570846558,1.649999976158142,1.690000057220459,1.6449999809265137,1.6699999570846558,1773700.0,19306.26852492035,0,1.0690210217277354,19305.19950389862,11560,-49.09503019757805,38000,Neutral,35.135133393582365,1.704,1.7205,1.7418,1.6197,1.7832,14.170000076293944,-0.3694,SLDP,0.5872,Neutral,0.4857,0.5859,28.837217180313175,113,498.9800109863281,0.0,0.0
2024-06-15,1.6699999570846558,1.649999976158142,1.690000057220459,1.6449999809265137,1.6699999570846558,1773700.0,19306.26852492035,0,1.0690210217277354,19305.19950389862,11560,-49.09503019757805,38000,Neutral,35.135133393582365,1.704,1.7205,1.7418,1.6197,1.7832,14.170000076293944,-0.3694,SLDP,0.5872,Neutral,0.4857,0.5859,28.837217180313175,113,498.9800109863281,0.0,0.0
2024-06-16,1.6699999570846558,1.649999976158142,1.690000057220459,1.6449999809265137,1.6699999570846558,1773700.0,19306.26852492035,0,1.0690210217277354,19305.19950389862,11560,-49.09503019757805,38000,Neutral,35.135133393582365,1.704,1.7205,1.7418,1.6197,1.7832,14.170000076293944,-0.3694,SLDP,0.5872,Neutral,0.4857,0.5859,28.837217180313175,113,498.9800109863281,0.0,0.0
2024-06-17,1.6699999570846558,1.659999966621399,1.7000000476837158,1.6299999952316284,1.6699999570846558,878400.0,19306.26852492035,0,1.0690210217277354,19305.19950389862,11560,-49.09503019757805,38000,Neutral,36.111108351636936,1.698,1.7165,1.7433,1.6216,1.7795,14.170000076293944,-0.3932,SLDP,0.5925,Neutral,0.4838,0.6085,30.37074328301503,113,502.9400024414063,0.0,0.0
2024-06-18,1.590000033378601,1.6699999570846558,1.6779999732971191,1.590000033378601,1.590000033378601,1259900.0,18381.469406878357,0,1.0690210217277354,18380.40038585663,11560,-51.52871208716223,38000,Neutral,29.54545762420732,1.67,1.71,1.7438,1.6221,1.7758,14.170000076293944,-0.6841,SLDP,0.6012,Neutral,0.4787,0.6425,30.889663433472663,113,504.2799987792969,0.0,0.0
2024-06-19,1.590000033378601,1.6699999570846558,1.6779999732971191,1.590000033378601,1.590000033378601,1259900.0,18381.469406878357,0,1.0690210217277354,18380.40038585663,11560,-51.52871208716223,38000,Neutral,29.54545762420732,1.67,1.71,1.7438,1.6221,1.7758,14.170000076293944,-0.6841,SLDP,0.6012,Neutral,0.4787,0.6425,30.889663433472663,113,504.2799987792969,0.0,0.0
2024-06-20,1.5,1.590000033378601,1.600000023841858,1.5,1.5,1681200.0,17341.06902102173,0,1.0690210217277354,17340.0,11560,-54.26660783941652,38000,Neutral,18.36735339325591,1.624,1.7005,1.7423,1.6225,1.7704,14.170000076293944,-1.1721,SLDP,0.586,Neutral,0.4895,0.6911,30.347508934343907,113,502.8800048828125,0.0,0.0
2024-06-21,1.5399999618530271,1.5,1.5499999523162842,1.4800000190734863,1.5399999618530271,1488700.0,17803.46858004272,0,1.0690210217277354,17802.399559020992,11560,-53.04976689462444,38000,Neutral,26.53061075540248,1.594,1.6915,1.74,1.623,1.7644,14.170000076293944,-1.2624,SLDP,0.5811,Neutral,0.4869,0.6894,29.921526178570687,113,501.7799987792969,0.0,0.0
2024-06-22,1.5399999618530271,1.5,1.5499999523162842,1.4800000190734863,1.5399999618530271,1488700.0,17803.46858004272,0,1.0690210217277354,17802.399559020992,11560,-53.04976689462444,38000,Neutral,26.53061075540248,1.594,1.6915,1.74,1.623,1.7644,14.170000076293944,-1.2624,SLDP,0.5811,Neutral,0.4869,0.6894,29.921526178570687,113,501.7799987792969,0.0,0.0
2024-06-23,1.5399999618530271,1.5,1.5499999523162842,1.4800000190734863,1.5399999618530271,1488700.0,17803.46858004272,0,1.0690210217277354,17802.399559020992,11560,-53.04976689462444,38000,Neutral,26.53061075540248,1.594,1.6915,1.74,1.623,1.7644,14.170000076293944,-1.2624,SLDP,0.5811,Neutral,0.4869,0.6894,29.921526178570687,113,501.7799987792969,0.0,0.0
2024-06-24,1.6399999856948853,1.559999942779541,1.649999976158142,1.5549999475479126,1.6399999856948853,1310400.0,18959.468855654603,0,1.0690210217277354,18958.399834632874,11560,-50.00766090617213,38000,Neutral,41.818179847780605,1.588,1.6915,1.7353,1.6246,1.7586,14.170000076293944,-0.8555,SLDP,0.5742,Neutral,0.4877,0.6908,29.39872969730733,113,500.4299926757813,0.0,0.0
2024-06-25,1.6100000143051147,1.6399999856948853,1.6699999570846558,1.600000023841858,1.6100000143051147,755200.0,18612.669186388855,0,1.0690210217277354,18611.600165367126,11560,-50.92029161476619,38000,Neutral,42.59258973091598,1.576,1.683,1.7283,1.6269,1.7536,14.170000076293944,-0.6579,SLDP,0.5811,Neutral,0.4817,0.6705,30.204226511511493,113,502.510009765625,0.0,0.0
2024-06-26,1.6799999475479126,1.6200000047683716,1.690000057220459,1.600000023841858,1.6799999475479126,1327800.0,19421.8684146756,0,1.0690210217277354,19420.79939365387,11560,-48.790819961380016,38000,Neutral,47.45761958458998,1.594,1.6785,1.7233,1.6301,1.7483,14.170000076293944,-0.2119,SLDP,0.5782,Neutral,0.4751,0.6508,30.421088311163018,113,503.0700073242188,0.0,0.0
2024-06-27,1.6799999475479126,1.690000057220459,1.690000057220459,1.6100000143051147,1.6799999475479126,1090200.0,19421.8684146756,0,1.0690210217277354,19420.79939365387,11560,-48.790819961380016,38000,Neutral,50.0,1.63,1.674,1.7195,1.6323,1.7437,14.170000076293944,0.095,SLDP,0.5772,Neutral,0.4725,0.6423,30.72314666196914,113,503.8500061035156,0.0,0.0
2024-06-28,1.649999976158142,1.6799999475479126,1.684999942779541,1.6200000047683716,1.649999976158142,1820600.0,19075.06874540985,0,1.0690210217277354,19073.999724388123,11560,-49.70345066997409,38000,Neutral,49.12280775136536,1.652,1.666,1.7163,1.635,1.7386,14.170000076293944,0.1827,SLDP,0.5694,Neutral,0.4721,0.6481,29.973420699049782,113,500.1300048828125,1.784,0.0
2024-06-29,1.649999976158142,1.6799999475479126,1.684999942779541,1.6200000047683716,1.649999976158142,1820600.0,19075.06874540985,0,1.0690210217277354,19073.999724388123,11560,-49.70345066997409,38000,Neutral,49.12280775136536,1.652,1.666,1.7163,1.635,1.7386,14.170000076293944,0.1827,SLDP,0.5694,Neutral,0.4721,0.6481,30.6642834441478,113,500.1300048828125,1.784,0.0
2024-06-30,1.649999976158142,1.6799999475479126,1.684999942779541,1.6200000047683716,1.649999976158142,1820600.0,19075.06874540985,0,1.0690210217277354,19073.999724388123,11560,-49.70345066997409,38000,Neutral,49.12280775136536,1.652,1.666,1.7163,1.635,1.7386,14.170000076293944,0.1827,SLDP,0.5694,Neutral,0.4721,0.6481,31.355146189245872,113,500.1300048828125,1.784,0.0
2024-07-01,1.6399999856948853,1.6399999856948853,1.6749999523162842,1.6200000047683716,1.6399999856948853,1205300.0,19958.470095663313,0,1.3102697422546044,19957.15982592106,12169,-48.725435652145364,39000,"cash_0%_Buy 100% of cash (609 shares - DCA Strategy) Monthly invest 2.6% of total investment ($1,000.00)",44.44443708584418,1.652,1.6595,1.7128,1.6362,1.7336,14.170000076293944,0.2052,SLDP,0.5689,Neutral,0.4661,0.6721,30.86169658876426,119,501.2799987792969,0.0,0.0
2024-07-02,1.6299999952316284,1.659999966621399,1.6699999570846558,1.5800000429153442,1.6299999952316284,1398400.0,19836.78021171594,0,1.3102697422546044,19835.469941973686,12169,-49.03746099560017,39000,Neutral,40.38461053512376,1.656,1.6545,1.7093,1.6383,1.7286,14.170000076293944,0.185,SLDP,0.5737,Neutral,0.466,0.6879,32.12698785090018,119,504.5299987792969,0.0,0.0
2024-07-03,1.7200000286102295,1.6399999856948853,1.7300000190734863,1.6299999952316284,1.7200000286102295,1467700.0,20931.990617900137,0,1.3102697422546044,20930.680348157883,12169,-46.22922918487146,39000,GeoWatch,49.18032850959049,1.664,1.656,1.7075,1.6415,1.7244,14.170000076293944,0.5252,SLDP,0.5785,GeoWatch,0.47,0.7238,33.01463786109244,119,506.80999755859375,0.0,0.0
2024-07-04,1.7200000286102295,1.6399999856948853,1.7300000190734863,1.6299999952316284,1.7200000286102295,1467700.0,20931.990617900137,0,1.3102697422546044,20930.680348157883,12169,-46.22922918487146,39000,GeoWatch,49.18032850959049,1.664,1.656,1.7075,1.6415,1.7244,14.170000076293944,0.5252,SLDP,0.5785,GeoWatch,0.47,0.7238,33.01463786109244,119,506.80999755859375,0.0,0.0
2024-07-05,1.690000057220459,1.7000000476837158,1.7050000429153442,1.649999976158142,1.690000057220459,1145400.0,20566.92096605802,0,1.3102697422546044,20565.610696315765,12169,-47.16530521523586,39000,GeoWatch,50.0,1.666,1.655,1.7052,1.6448,1.7206,14.170000076293944,0.6085,SLDP,0.5864,GeoWatch,0.4777,0.7837,34.19427816254688,119,509.8399963378906,0.0,0.0
2024-07-06,1.690000057220459,1.7000000476837158,1.7050000429153442,1.649999976158142,1.690000057220459,1145400.0,20566.92096605802,0,1.3102697422546044,20565.610696315765,12169,-47.16530521523586,39000,GeoWatch,50.0,1.666,1.655,1.7052,1.6448,1.7206,14.170000076293944,0.6085,SLDP,0.5864,GeoWatch,0.4777,0.7837,34.19427816254688,119,509.8399963378906,0.0,0.0
2024-07-07,1.690000057220459,1.7000000476837158,1.7050000429153442,1.649999976158142,1.690000057220459,1145400.0,20566.92096605802,0,1.3102697422546044,20565.610696315765,12169,-47.16530521523586,39000,GeoWatch,50.0,1.666,1.655,1.7052,1.6448,1.7206,14.170000076293944,0.6085,SLDP,0.5864,GeoWatch,0.4777,0.7837,34.19427816254688,119,509.8399963378906,0.0,0.0
2024-07-08,1.7000000476837158,1.7000000476837158,1.75,1.6649999618530271,1.7000000476837158,1761100.0,20688.610850005392,0,1.3102697422546044,20687.300580263138,12169,-46.85327987178106,39000,GeoWatch,52.54238144278448,1.676,1.656,1.7042,1.6485,1.7169,14.170000076293944,0.6792,SLDP,0.5829,GeoWatch,0.4734,0.7639,34.38504135088121,119,510.3299865722656,0.0,0.0
2024-07-09,1.7100000381469729,1.7100000381469729,1.7200000286102295,1.6200000047683716,1.7100000381469729,2213700.0,20810.30073395277,0,1.3102697422546044,20808.990464210514,12169,-46.54125452832625,39000,GeoWatch,53.333341280622165,1.69,1.6585,1.7038,1.6528,1.7137,14.170000076293944,0.7365,SLDP,0.5803,GeoWatch,0.4746,0.7442,34.60307169898307,119,510.8900146484375,0.0,0.0
2024-07-10,1.7799999713897705,1.7100000381469729,1.7799999713897705,1.690000057220459,1.7799999713897705,1746200.0,21662.129921584372,0,1.3102697422546044,21660.819651842117,12169,-44.357077124142656,39000,GeoWatch,66.10169525771138,1.72,1.6625,1.7067,1.6577,1.7104,14.170000076293944,1.0077,SLDP,0.5806,GeoWatch,0.4747,0.7285,36.5185213562381,119,515.8099975585938,0.0,0.0
2024-07-11,1.9700000286102293,1.870000004768372,2.049999952316284,1.8350000381469729,1.9700000286102293,7076800.0,23974.240617900134,0,1.3102697422546044,23972.93034815788,12169,-38.42858815923045,39000,GeoWatch,84.05798203152723,1.77,1.6745,1.7132,1.6644,1.708,14.170000076293944,1.8347,SLDP,0.5861,GeoWatch,0.4775,0.7326,34.79773189315783,119,511.3900146484375,0.0,0.0
2024-07-12,2.150000095367432,2.0,2.1600000858306885,1.975000023841858,2.150000095367432,4812600.0,26164.661430268534,0,1.3102697422546044,26163.35116052628,12169,-32.812124537773016,39000,GeoWatch,86.74699937264312,1.862,1.6955,1.7223,1.6725,1.7056,14.170000076293944,2.8834,SLDP,0.5937,GeoWatch,0.4718,0.731,36.0279738649608,119,514.5499877929688,0.0,0.0
2024-07-13,2.150000095367432,2.0,2.1600000858306885,1.975000023841858,2.150000095367432,4812600.0,26164.661430268534,0,1.3102697422546044,26163.35116052628,12169,-32.812124537773016,39000,GeoWatch,86.74699937264312,1.862,1.6955,1.7223,1.6725,1.7056,14.170000076293944,2.8834,SLDP,0.5937,GeoWatch,0.4718,0.731,36.0279738649608,119,514.5499877929688,0.0,0.0
2024-07-14,2.150000095367432,2.0,2.1600000858306885,1.975000023841858,2.150000095367432,4812600.0,26164.661430268534,0,1.3102697422546044,26163.35116052628,12169,-32.812124537773016,39000,GeoWatch,86.74699937264312,1.862,1.6955,1.7223,1.6725,1.7056,14.170000076293944,2.8834,SLDP,0.5937,GeoWatch,0.4718,0.731,36.0279738649608,119,514.5499877929688,0.0,0.0
2024-07-15,2.1600000858306885,2.200000047683716,2.200000047683716,2.0299999713897705,2.1600000858306885,3608500.0,26286.351314215903,0,1.3102697422546044,26285.041044473648,12169,-32.50009919431821,39000,GeoWatch,85.13514710831245,1.954,1.719,1.7318,1.6807,1.7026,14.170000076293944,3.374,SLDP,0.5929,GeoWatch,0.4766,0.7344,36.63531272029678,119,516.1099853515625,0.0,0.0
2024-07-16,2.240000009536743,2.180000066757202,2.255000114440918,2.119999885559082,2.240000009536743,3296400.0,27259.870385794882,0,1.3102697422546044,27258.560116052628,12169,-30.00389644667981,39000,GeoWatch,89.87342536191721,2.06,1.7475,1.7428,1.687,1.7001,14.170000076293944,3.7246,SLDP,0.5948,GeoWatch,0.4775,0.7298,37.7760186066932,119,519.0399780273438,0.0,0.0
2024-07-17,2.200000047683716,2.200000047683716,2.2699999809265137,2.150000095367432,2.200000047683716,2864600.0,26773.110850005392,0,1.3102697422546044,26771.800580263138,12169,-31.25199782049901,39000,GeoWatch,84.21053869902802,2.144,1.774,1.7522,1.6941,1.6982,14.170000076293944,3.5575,SLDP,0.5821,GeoWatch,0.495,0.7432,34.95345767227455,119,511.7900085449219,0.0,0.0
2024-07-18,2.119999885559082,2.2100000381469727,2.3499999046325684,2.0899999141693115,2.119999885559082,3123300.0,25799.588877110724,0,1.3102697422546044,25798.27860736847,12169,-33.74820800740842,39000,GeoWatch,76.19047145994901,2.174,1.8005,1.7598,1.7001,1.6959,14.170000076293944,2.9563,SLDP,0.5702,GeoWatch,0.5121,0.746,33.454571800905924,119,507.9400024414063,0.0,0.0
2024-07-19,2.069999933242798,2.119999885559082,2.130000114440918,2.039999961853028,2.069999933242798,1364300.0,25191.13945737386,0,1.3102697422546044,25189.829187631607,12169,-35.308334724682425,39000,GeoWatch,74.41860174990917,2.158,1.829,1.7658,1.7052,1.6937,14.170000076293944,2.2199,SLDP,0.5596,GeoWatch,0.5179,0.7129,32.134769981465695,119,504.5499877929688,0.0,0.0
2024-07-20,2.069999933242798,2.119999885559082,2.130000114440918,2.039999961853028,2.069999933242798,1364300.0,25191.13945737386,0,1.3102697422546044,25189.829187631607,12169,-35.308334724682425,39000,GeoWatch,74.41860174990917,2.158,1.829,1.7658,1.7052,1.6937,14.170000076293944,2.2199,SLDP,0.5596,GeoWatch,0.5179,0.7129,32.134769981465695,119,504.5499877929688,0.0,0.0
2024-07-21,2.069999933242798,2.119999885559082,2.130000114440918,2.039999961853028,2.069999933242798,1364300.0,25191.13945737386,0,1.3102697422546044,25189.829187631607,12169,-35.308334724682425,39000,GeoWatch,74.41860174990917,2.158,1.829,1.7658,1.7052,1.6937,14.170000076293944,2.2199,SLDP,0.5596,GeoWatch,0.5179,0.7129,32.134769981465695,119,504.5499877929688,0.0,0.0
2024-07-22,2.0799999237060547,2.0799999237060547,2.11299991607666,1.9800000190734863,2.0799999237060547,1977600.0,25312.829341321234,0,1.3102697422546044,25311.51907157898,12169,-34.99630938122762,39000,Neutral,75.5813913193183,2.142,1.856,1.7723,1.7081,1.6921,14.170000076293944,1.6296,SLDP,0.5761,Neutral,0.4946,0.6879,34.17481689557553,119,509.7900085449219,0.0,0.0
2024-07-23,2.119999885559082,2.059999942779541,2.150000095367432,2.0199999809265137,2.119999885559082,1108800.0,25799.588877110724,0,1.3102697422546044,25798.27860736847,12169,-33.74820800740842,39000,Neutral,77.52808416872482,2.118,1.88,1.7803,1.7121,1.6906,14.170000076293944,1.253,SLDP,0.5736,Neutral,0.491,0.6515,33.84389218925543,119,508.9400024414063,0.0,0.0
2024-07-24,2.0299999713897705,2.0899999141693115,2.109999895095825,2.009999990463257,2.0299999713897705,1366100.0,24704.379921584372,0,1.3102697422546044,24703.069651842117,12169,-36.556436098501635,39000,Neutral,67.41572973508744,2.084,1.901,1.7857,1.7155,1.688,14.170000076293944,0.6166,SLDP,0.5419,Neutral,0.5348,0.6121,29.308312041206605,119,497.2900085449219,0.0,0.0
2024-07-25,2.0199999809265137,2.0299999713897705,2.069999933242798,1.995000004768372,2.0199999809265137,2324700.0,24582.690037637,0,1.3102697422546044,24581.379767894745,12169,-36.86846144195643,39000,Neutral,68.96551535141808,2.064,1.918,1.7913,1.7175,1.6862,14.170000076293944,0.1056,SLDP,0.5419,Neutral,0.5399,0.5746,28.331114064492397,119,494.7799987792969,0.0,0.0
2024-07-26,1.9900000095367432,2.049999952316284,2.069999933242798,1.9600000381469729,1.9900000095367432,1285200.0,24217.620385794882,0,1.3102697422546044,24216.310116052628,12169,-37.80453747232083,39000,Neutral,66.29213513245628,2.048,1.9335,1.7963,1.7199,1.6845,14.170000076293944,-0.3633,SLDP,0.5686,Neutral,0.5153,0.5552,30.491837467386063,119,500.3299865722656,0.0,0.0
2024-07-27,1.9900000095367432,2.049999952316284,2.069999933242798,1.9600000381469729,1.9900000095367432,1285200.0,24217.620385794882,0,1.3102697422546044,24216.310116052628,12169,-37.80453747232083,39000,Neutral,66.29213513245628,2.048,1.9335,1.7963,1.7199,1.6845,14.170000076293944,-0.3633,SLDP,0.5686,Neutral,0.5153,0.5552,30.491837467386063,119,500.3299865722656,0.0,0.0
2024-07-28,1.9900000095367432,2.049999952316284,2.069999933242798,1.9600000381469729,1.9900000095367432,1285200.0,24217.620385794882,0,1.3102697422546044,24216.310116052628,12169,-37.80453747232083,39000,Neutral,66.29213513245628,2.048,1.9335,1.7963,1.7199,1.6845,14.170000076293944,-0.3633,SLDP,0.5686,Neutral,0.5153,0.5552,30.491837467386063,119,500.3299865722656,0.0,0.0
2024-07-29,1.8899999856948853,1.9900000095367432,2.009999990463257,1.830000042915344,1.8899999856948853,1726600.0,23000.720095663313,0,1.3102697422546044,22999.40982592106,12169,-40.924794626504344,39000,Neutral,59.18367173164282,2.01,1.9455,1.799,1.7228,1.6826,14.170000076293944,-1.0035,SLDP,0.568,Neutral,0.5193,0.5315,30.63589599121235,119,500.7000122070313,0.0,0.0
2024-07-30,1.8600000143051147,1.909999966621399,1.9299999475479128,1.830000042915344,1.8600000143051147,1338000.0,22635.650443821196,0,1.3102697422546044,22634.34017407894,12169,-41.86087065686874,39000,Neutral,54.25532171228684,1.958,1.9565,1.7995,1.7245,1.6809,14.170000076293944,-1.495,SLDP,0.5542,Neutral,0.5363,0.5164,29.615866593599648,119,498.0799865722656,0.0,0.0
2024-07-31,1.8799999952316284,1.870000004768372,1.9800000190734863,1.830000042915344,1.8799999952316284,1537600.0,22879.03021171594,0,1.3102697422546044,22877.719941973686,12169,-41.23681996995915,39000,Neutral,44.15584093886159,1.928,1.969,1.8005,1.7273,1.6794,14.170000076293944,-1.7032,SLDP,0.5747,Neutral,0.5216,0.5419,32.672034018366475,119,505.9299926757813,0.0,0.0
2024-08-01,1.7100000381469729,1.8899999856948853,1.899999976158142,1.7000000476837158,1.7100000381469729,1743300.0,21809.30209393049,0,1.6716074421448184,21807.630486488346,12753,-45.37774476517379,40000,"cash_0%_Buy 100% of cash (584 shares - DCA Strategy) Monthly invest 2.5% of total investment ($1,000.00)",21.052618370157475,1.866,1.9685,1.7972,1.7282,1.6776,14.170000076293944,-2.3435,SLDP,0.5502,Neutral,0.5571,0.5527,29.075344125680203,121,499.0299987792969,0.0,0.0
2024-08-02,1.649999976158142,1.659999966621399,1.7100000381469729,1.6299999952316284,1.649999976158142,1757500.0,21044.12130338693,0,1.6716074421448184,21042.449695944786,12753,-47.29069674153269,40000,Neutral,18.518504891482,1.798,1.9665,1.7948,1.7284,1.6757,14.170000076293944,-2.8684,SLDP,0.5163,Neutral,0.6321,0.5262,25.541346017770053,121,489.9100036621094,0.0,0.0
2024-08-03,1.649999976158142,1.659999966621399,1.7100000381469729,1.6299999952316284,1.649999976158142,1757500.0,21044.12130338693,0,1.6716074421448184,21042.449695944786,12753,-47.29069674153269,40000,Neutral,18.518504891482,1.798,1.9665,1.7948,1.7284,1.6757,14.170000076293944,-2.8684,SLDP,0.5163,Neutral,0.6321,0.5262,25.541346017770053,121,489.9100036621094,0.0,0.0
2024-08-04,1.649999976158142,1.659999966621399,1.7100000381469729,1.6299999952316284,1.649999976158142,1757500.0,21044.12130338693,0,1.6716074421448184,21042.449695944786,12753,-47.29069674153269,40000,Neutral,18.518504891482,1.798,1.9665,1.7948,1.7284,1.6757,14.170000076293944,-2.8684,SLDP,0.5163,Neutral,0.6321,0.5262,25.541346017770053,121,489.9100036621094,0.0,0.0
2024-08-05,1.5800000429153442,1.5099999904632568,1.6200000047683716,1.4800000190734863,1.5800000429153442,2166200.0,20151.41215474153,0,1.6716074421448184,20149.740547299385,12753,-49.52246961314619,40000,RiskWatch,8.749993480740613,1.736,1.9605,1.7922,1.7268,1.6734,14.170000076293944,-3.3305,SLDP,0.4072,RiskWatch,0.7814,0.5014,19.841224328927296,121,475.2000122070313,0.0,0.0
2024-08-06,1.5850000381469729,1.6399999856948853,1.659999966621399,1.5700000524520874,1.5850000381469729,1406000.0,20215.17709393049,0,1.6716074421448184,20213.505486488346,12753,-49.363057265173794,40000,RiskWatch,9.80391392994298,1.681,1.9542,1.7891,1.7266,1.6714,14.170000076293944,-3.4669,SLDP,0.4679,RiskWatch,0.6782,0.4824,21.67797054474761,121,479.9400024414063,0.0,0.0
2024-08-07,1.2799999713897705,1.590000033378601,1.590000033378601,1.2799999713897705,1.2799999713897705,6427400.0,16325.511242575889,0,1.6716074421448184,16323.839635133743,12753,-59.08722189356029,40000,RiskWatch,7.575752102418875,1.561,1.9292,1.7817,1.7229,1.6682,14.170000076293944,-4.511,SLDP,0.4519,RiskWatch,0.6741,0.4682,20.38758892243314,121,476.6099853515625,0.0,0.0
2024-08-08,1.3700000047683716,1.350000023841858,1.3899999856948853,1.309999942779541,1.3700000047683716,1586400.0,17473.28166825319,0,1.6716074421448184,17471.610060811043,12753,-56.21779582936705,40000,Neutral,16.0194160711506,1.493,1.8992,1.7732,1.7191,1.6655,14.170000076293944,-4.6582,SLDP,0.4885,Neutral,0.6227,0.4851,24.69659885590481,121,487.7300109863281,0.0,0.0
2024-08-09,1.340000033378601,1.3899999856948853,1.4249999523162842,1.3300000429153442,1.340000033378601,1524800.0,17090.692033119445,0,1.6716074421448184,17089.0204256773,12753,-57.17426991720141,40000,Neutral,14.761904383462536,1.431,1.8587,1.7624,1.7155,1.6623,14.170000076293944,-4.6532,SLDP,0.5163,Neutral,0.5822,0.5272,25.506472436837456,121,489.8200073242188,0.0,0.0
2024-08-10,1.340000033378601,1.3899999856948853,1.4249999523162842,1.3300000429153442,1.340000033378601,1524800.0,17090.692033119445,0,1.6716074421448184,17089.0204256773,12753,-57.17426991720141,40000,Neutral,14.761904383462536,1.431,1.8587,1.7624,1.7155,1.6623,14.170000076293944,-4.6532,SLDP,0.5163,Neutral,0.5822,0.5272,25.506472436837456,121,489.8200073242188,0.0,0.0
2024-08-11,1.340000033378601,1.3899999856948853,1.4249999523162842,1.3300000429153442,1.340000033378601,1524800.0,17090.692033119445,0,1.6716074421448184,17089.0204256773,12753,-57.17426991720141,40000,Neutral,14.761904383462536,1.431,1.8587,1.7624,1.7155,1.6623,14.170000076293944,-4.6532,SLDP,0.5163,Neutral,0.5822,0.5272,25.506472436837456,121,489.8200073242188,0.0,0.0
2024-08-12,1.350000023841858,1.3799999952316284,1.3799999952316284,1.3200000524520874,1.350000023841858,1658300.0,17218.22191149736,0,1.6716074421448184,17216.550304055214,12753,-56.855445221256616,40000,Neutral,12.254903622198142,1.385,1.8182,1.7544,1.7128,1.6589,14.170000076293944,-4.3846,SLDP,0.5144,Neutral,0.5881,0.6104,25.603347436837453,121,490.0700073242188,0.0,0.0
2024-08-13,1.440000057220459,1.3799999952316284,1.4600000381469729,1.3600000143051147,1.440000057220459,1208700.0,18365.99233717466,0,1.6716074421448184,18364.320729732513,12753,-53.98601915706337,40000,Neutral,21.078435039117025,1.356,1.7782,1.7488,1.7116,1.6554,14.170000076293944,-3.6192,SLDP,0.5422,Neutral,0.5571,0.6601,28.757591287545424,121,498.2099914550781,0.0,0.0
2024-08-14,1.3799999952316284,1.4900000095367432,1.4900000095367432,1.3700000047683716,1.3799999952316284,2058400.0,17600.811546631103,0,1.6716074421448184,17599.139939188957,12753,-55.89897113342226,40000,Neutral,20.093460078426347,1.376,1.7372,1.7426,1.7102,1.652,14.170000076293944,-3.1696,SLDP,0.5624,Neutral,0.5308,0.6677,29.37371486847809,121,499.7999877929688,0.0,0.0
2024-08-15,1.4299999475479126,1.409999966621399,1.4500000476837158,1.399999976158142,1.4299999475479126,1029000.0,18238.460938520675,0,1.6716074421448184,18236.78933107853,12753,-54.30484765369833,40000,Neutral,24.311924548615156,1.388,1.7027,1.7377,1.709,1.6491,14.170000076293944,-2.4839,SLDP,0.5793,Neutral,0.5103,0.6787,32.6984714907925,121,508.3800048828125,0.0,0.0
2024-08-16,1.4199999570846558,1.4199999570846558,1.4600000381469729,1.399999976158142,1.4199999570846558,1019900.0,18110.93106014276,0,1.6716074421448184,18109.259452700615,12753,-54.623672349643115,40000,Neutral,26.49999856948854,1.404,1.6702,1.7332,1.7074,1.6459,14.170000076293944,-1.9222,SLDP,0.5868,Neutral,0.5048,0.6652,33.113099328927305,121,509.4500122070313,0.0,0.0
2024-08-17,1.4199999570846558,1.4199999570846558,1.4600000381469729,1.399999976158142,1.4199999570846558,1019900.0,18110.93106014276,0,1.6716074421448184,18109.259452700615,12753,-54.623672349643115,40000,Neutral,26.49999856948854,1.404,1.6702,1.7332,1.7074,1.6459,14.170000076293944,-1.9222,SLDP,0.5868,Neutral,0.5048,0.6652,33.113099328927305,121,509.4500122070313,0.0,0.0
2024-08-18,1.4199999570846558,1.4199999570846558,1.4600000381469729,1.399999976158142,1.4199999570846558,1019900.0,18110.93106014276,0,1.6716074421448184,18109.259452700615,12753,-54.623672349643115,40000,Neutral,26.49999856948854,1.404,1.6702,1.7332,1.7074,1.6459,14.170000076293944,-1.9222,SLDP,0.5868,Neutral,0.5048,0.6652,33.113099328927305,121,509.4500122070313,0.0,0.0
2024-08-19,1.440000057220459,1.4299999475479126,1.4500000476837158,1.4049999713897705,1.440000057220459,1208500.0,18365.99233717466,0,1.6716074421448184,18364.320729732513,12753,-53.98601915706337,40000,Neutral,28.787883713881868,1.422,1.6382,1.7286,1.705,1.6427,14.170000076293944,-1.336,SLDP,0.5943,Neutral,0.5004,0.603,35.01183513825343,121,514.3499755859375,0.0,0.0
2024-08-20,1.4500000476837158,1.4600000381469729,1.4600000381469729,1.409999966621399,1.4500000476837158,1110900.0,18493.522215552573,0,1.6716074421448184,18491.850608110428,12753,-53.667194461118584,40000,Neutral,28.061230261590158,1.424,1.6048,1.7254,1.7031,1.64,14.170000076293944,-0.801,SLDP,0.5819,Neutral,0.5179,0.5617,34.68246959870267,121,513.5,0.0,0.0
2024-08-21,1.4600000381469729,1.4600000381469729,1.4700000286102295,1.4199999570846558,1.4600000381469729,879300.0,18621.05209393049,0,1.6716074421448184,18619.380486488346,12753,-53.348369765173786,40000,Neutral,34.7561007521814,1.44,1.5763,1.7201,1.7016,1.6373,14.170000076293944,-0.3226,SLDP,0.5859,Neutral,0.5237,0.5178,35.379964868478055,121,515.2999877929688,0.0,0.0
2024-08-22,1.409999966621399,1.4600000381469729,1.4700000286102295,1.409999966621399,1.409999966621399,953000.0,17983.401181764846,0,1.6716074421448184,17981.7295743227,12753,-54.9424970455879,40000,Neutral,35.18518791059131,1.436,1.5458,1.7141,1.6997,1.6343,14.170000076293944,-0.1602,SLDP,0.5694,Neutral,0.5356,0.4816,33.76409649079251,121,511.1300048828125,0.0,0.0
2024-08-23,1.5399999618530271,1.4199999570846558,1.559999942779541,1.4199999570846558,1.5399999618530271,1644500.0,19641.2911209538,0,1.6716074421448184,19639.619513511654,12753,-50.79777219761552,40000,Neutral,47.70114540912136,1.46,1.5233,1.7103,1.6998,1.6318,14.170000076293944,0.567,SLDP,0.5837,Neutral,0.5138,0.4856,35.906959192208504,121,516.6599731445312,0.0,0.0
2024-08-24,1.5399999618530271,1.4199999570846558,1.559999942779541,1.4199999570846558,1.5399999618530271,1644500.0,19641.2911209538,0,1.6716074421448184,19639.619513511654,12753,-50.79777219761552,40000,Neutral,47.70114540912136,1.46,1.5233,1.7103,1.6998,1.6318,14.170000076293944,0.567,SLDP,0.5837,Neutral,0.5138,0.4856,35.906959192208504,121,516.6599731445312,0.0,0.0
2024-08-25,1.5399999618530271,1.4199999570846558,1.559999942779541,1.4199999570846558,1.5399999618530271,1644500.0,19641.2911209538,0,1.6716074421448184,19639.619513511654,12753,-50.79777219761552,40000,Neutral,47.70114540912136,1.46,1.5233,1.7103,1.6998,1.6318,14.170000076293944,0.567,SLDP,0.5837,Neutral,0.5138,0.4856,35.906959192208504,121,516.6599731445312,0.0,0.0
2024-08-26,1.4500000476837158,1.5199999809265137,1.524999976158142,1.434999942779541,1.4500000476837158,1766500.0,18493.522215552573,0,1.6716074421448184,18491.850608110428,12753,-53.667194461118584,40000,Neutral,42.93193887198322,1.462,1.5013,1.7043,1.6995,1.6291,14.170000076293944,0.6701,SLDP,0.5872,Neutral,0.5154,0.534,35.41485027497218,121,515.3900146484375,0.0,0.0
2024-08-27,1.4500000476837158,1.4500000476837158,1.4700000286102295,1.4199999570846558,1.4500000476837158,1056000.0,18493.522215552573,0,1.6716074421448184,18491.850608110428,12753,-53.667194461118584,40000,Neutral,63.0769270270528,1.462,1.4808,1.6989,1.6992,1.6265,14.170000076293944,0.7575,SLDP,0.5897,Neutral,0.505,0.5508,35.68222622101712,121,516.0800170898438,0.0,0.0
2024-08-28,1.4199999570846558,1.4299999475479126,1.4670000076293943,1.409999966621399,1.4199999570846558,907400.0,18110.93106014276,0,1.6716074421448184,18109.259452700615,12753,-54.623672349643115,40000,Neutral,54.23728299873921,1.454,1.4578,1.6938,1.6985,1.6236,14.170000076293944,0.6993,SLDP,0.5755,Neutral,0.5261,0.5618,34.5390964907925,121,513.1300048828125,0.0,0.0
2024-08-29,1.4299999475479126,1.4450000524520874,1.4700000286102295,1.4199999570846558,1.4299999475479126,1138800.0,18238.460938520675,0,1.6716074421448184,18236.78933107853,12753,-54.30484765369833,40000,Neutral,57.89472693551909,1.458,1.4438,1.6894,1.6978,1.6207,14.170000076293944,0.7231,SLDP,0.59,Neutral,0.5049,0.5864,34.57010311310695,121,513.2100219726562,0.0,0.0
2024-08-30,1.4299999475479126,1.440000057220459,1.4700000286102295,1.4199999570846558,1.4299999475479126,938000.0,18238.460938520675,0,1.6716074421448184,18236.78933107853,12753,-54.30484765369833,40000,Neutral,57.14284801970018,1.436,1.4328,1.6847,1.6975,1.618,14.170000076293944,0.753,SLDP,0.6082,Neutral,0.494,0.5587,36.44171108429836,121,518.0399780273438,0.0,0.0
2024-08-31,1.4299999475479126,1.440000057220459,1.4700000286102295,1.4199999570846558,1.4299999475479126,938000.0,18238.460938520675,0,1.6716074421448184,18236.78933107853,12753,-54.30484765369833,40000,Neutral,57.14284801970018,1.436,1.4328,1.6847,1.6975,1.618,14.170000076293944,0.753,SLDP,0.6082,Neutral,0.494,0.5587,36.44171108429836,121,518.0399780273438,0.0,0.0
2024-09-01,1.4299999475479126,1.440000057220459,1.4700000286102295,1.4199999570846558,1.4299999475479126,938000.0,19237.46136855734,0,1.102074142817969,19236.35929441452,13452,-52.98036251571383,41000,"cash_0%_Buy 100% of cash (699 shares - DCA Strategy) Monthly invest 2.4% of total investment ($1,000.00)",57.14284801970018,1.436,1.4328,1.6847,1.6975,1.618,14.170000076293944,0.753,SLDP,0.6082,Neutral,0.494,0.5587,35.47847801142092,123,518.0399780273438,0.0,0.0
2024-09-02,1.4299999475479126,1.440000057220459,1.4700000286102295,1.4199999570846558,1.4299999475479126,938000.0,19237.46136855734,0,1.102074142817969,19236.35929441452,13452,-52.98036251571383,41000,Neutral,57.14284801970018,1.436,1.4328,1.6847,1.6975,1.618,14.170000076293944,0.753,SLDP,0.6082,Neutral,0.494,0.5587,35.47847801142092,123,518.0399780273438,0.0,0.0
2024-09-03,1.3700000047683716,1.4199999570846558,1.4299999475479126,1.350000023841858,1.3700000047683716,2001300.0,18430.342138286953,0,1.102074142817969,18429.240064144135,13452,-54.94894600417819,41000,Neutral,43.39622259564463,1.42,1.4223,1.6796,1.6966,1.6152,14.170000076293944,0.5204,SLDP,0.5621,Neutral,0.5699,0.4314,31.43619983061737,123,507.55999755859375,0.0,0.0
2024-09-04,1.3200000524520874,1.3700000047683716,1.409999966621399,1.3200000524520874,1.3200000524520874,1606400.0,17757.742779728298,0,1.102074142817969,17756.64070558548,13452,-56.58943224456514,41000,Neutral,44.23077452112251,1.394,1.409,1.6739,1.6955,1.6121,14.170000076293944,0.1716,SLDP,0.5559,Neutral,0.58,0.3888,30.95019606387632,123,506.2999877929688,0.0,0.0
2024-09-05,1.2599999904632568,1.309999942779541,1.3250000476837158,1.2599999904632568,1.2599999904632568,2306400.0,16950.62194585455,0,1.102074142817969,16949.51987171173,13452,-58.55801964425722,41000,Neutral,33.96227094107621,1.362,1.408,1.6666,1.6945,1.6091,14.170000076293944,-0.2851,SLDP,0.5665,Neutral,0.5602,0.3534,30.468053206733472,123,505.0499877929688,0.0,0.0
2024-09-06,1.2400000095367432,1.2799999713897705,1.2899999618530271,1.2200000286102295,1.2400000095367432,1507400.0,16681.582202431087,0,1.102074142817969,16680.48012828827,13452,-59.21421414041199,41000,Neutral,33.333340691930346,1.324,1.4015,1.6584,1.6934,1.6063,14.170000076293944,-0.6122,SLDP,0.5386,Neutral,0.594,0.3232,27.224206422414255,123,496.6400146484375,0.0,0.0
2024-09-07,1.2400000095367432,1.2799999713897705,1.2899999618530271,1.2200000286102295,1.2400000095367432,1507400.0,16681.582202431087,0,1.102074142817969,16680.48012828827,13452,-59.21421414041199,41000,Neutral,33.333340691930346,1.324,1.4015,1.6584,1.6934,1.6063,14.170000076293944,-0.6122,SLDP,0.5386,Neutral,0.594,0.3232,27.224206422414255,123,496.6400146484375,0.0,0.0
2024-09-08,1.2400000095367432,1.2799999713897705,1.2899999618530271,1.2200000286102295,1.2400000095367432,1507400.0,16681.582202431087,0,1.102074142817969,16680.48012828827,13452,-59.21421414041199,41000,Neutral,33.333340691930346,1.324,1.4015,1.6584,1.6934,1.6063,14.170000076293944,-0.6122,SLDP,0.5386,Neutral,0.594,0.3232,27.224206422414255,123,496.6400146484375,0.0,0.0
2024-09-09,1.2400000095367432,1.2699999809265137,1.2799999713897705,1.2400000095367432,1.2400000095367432,945000.0,16681.582202431087,0,1.102074142817969,16680.48012828827,13452,-59.21421414041199,41000,Neutral,30.769225478877487,1.286,1.3965,1.6502,1.6925,1.6034,14.170000076293944,-0.7475,SLDP,0.5647,Neutral,0.5558,0.3056,29.380347867029215,123,502.2300109863281,0.0,0.0
2024-09-10,1.2200000286102295,1.2400000095367432,1.2599999904632568,1.1799999475479126,1.2200000286102295,1444300.0,16412.542459007625,0,1.102074142817969,16411.440384864807,13452,-59.870408636566786,41000,Neutral,28.301883821769053,1.256,1.39,1.6424,1.6909,1.6006,14.170000076293944,-0.8458,SLDP,0.568,Neutral,0.5539,0.3173,30.178767492447776,123,504.2999877929688,0.0,0.0
2024-09-11,1.3300000429153442,1.2400000095367432,1.3300000429153442,1.2200000286102295,1.3300000429153442,1567900.0,17892.26265144003,0,1.102074142817969,17891.16057729721,13452,-56.261334996487754,41000,Neutral,39.68253998289061,1.258,1.3845,1.6368,1.6893,1.5983,14.170000076293944,-0.2942,SLDP,0.5938,Neutral,0.5363,0.3299,32.169054619261345,123,509.4599914550781,0.0,0.0
2024-09-12,1.2999999523162842,1.3200000524520874,1.350000023841858,1.284999966621399,1.2999999523162842,1085900.0,17488.701432701473,0,1.102074142817969,17487.599358558655,13452,-57.24563065194764,41000,Neutral,40.98360559627019,1.266,1.3805,1.6306,1.687,1.5955,14.170000076293944,-0.0188,SLDP,0.5946,Neutral,0.5244,0.3445,33.8584968451263,123,513.8400268554688,0.0,0.0
2024-09-13,1.3300000429153442,1.3200000524520874,1.3600000143051147,1.315000057220459,1.3300000429153442,1234600.0,17892.26265144003,0,1.102074142817969,17891.16057729721,13452,-56.261334996487754,41000,Neutral,29.411777080546443,1.284,1.3755,1.6263,1.685,1.5927,14.170000076293944,0.3537,SLDP,0.5996,Neutral,0.5155,0.3588,34.91148931164416,123,516.5700073242188,0.0,0.0
2024-09-14,1.3300000429153442,1.3200000524520874,1.3600000143051147,1.315000057220459,1.3300000429153442,1234600.0,17892.26265144003,0,1.102074142817969,17891.16057729721,13452,-56.261334996487754,41000,Neutral,29.411777080546443,1.284,1.3755,1.6263,1.685,1.5927,14.170000076293944,0.3537,SLDP,0.5996,Neutral,0.5155,0.3588,34.91148931164416,123,516.5700073242188,0.0,0.0
2024-09-15,1.3300000429153442,1.3200000524520874,1.3600000143051147,1.315000057220459,1.3300000429153442,1234600.0,17892.26265144003,0,1.102074142817969,17891.16057729721,13452,-56.261334996487754,41000,Neutral,29.411777080546443,1.284,1.3755,1.6263,1.685,1.5927,14.170000076293944,0.3537,SLDP,0.5996,Neutral,0.5155,0.3588,34.91148931164416,123,516.5700073242188,0.0,0.0
2024-09-16,1.3200000524520874,1.3350000381469729,1.340000033378601,1.2699999809265137,1.3200000524520874,1264100.0,17757.742779728298,0,1.102074142817969,17756.64070558548,13452,-56.58943224456514,41000,Neutral,34.88372802218289,1.3,1.3705,1.6233,1.6828,1.5903,14.170000076293944,0.5775,SLDP,0.5906,Neutral,0.5213,0.3856,35.21233421259282,123,517.3499755859375,0.0,0.0
2024-09-17,1.3300000429153442,1.309999942779541,1.3799999952316284,1.309999942779541,1.3300000429153442,1133600.0,17892.26265144003,0,1.102074142817969,17891.16057729721,13452,-56.261334996487754,41000,Neutral,36.36364128963809,1.322,1.365,1.6198,1.6799,1.5882,14.170000076293944,0.7903,SLDP,0.5832,Neutral,0.5235,0.4243,35.30492541655488,123,517.5900268554688,0.0,0.0
2024-09-18,1.3200000524520874,1.3300000429153442,1.409999966621399,1.309999942779541,1.3200000524520874,1235600.0,17757.742779728298,0,1.102074142817969,17756.64070558548,13452,-56.58943224456514,41000,Neutral,38.09525161102811,1.32,1.3585,1.6144,1.6749,1.5858,14.170000076293944,0.8881,SLDP,0.5662,Neutral,0.5244,0.4582,34.65690469947897,123,515.9099731445312,0.0,0.0
2024-09-19,1.3300000429153442,1.3799999952316284,1.3799999952316284,1.3300000429153442,1.3300000429153442,844900.0,17892.26265144003,0,1.102074142817969,17891.16057729721,13452,-56.261334996487754,41000,Neutral,38.09525161102811,1.326,1.352,1.6098,1.669,1.5837,14.170000076293944,1.0021,SLDP,0.5833,Neutral,0.4934,0.4933,38.128333270907575,123,524.9099731445312,0.0,0.0
2024-09-20,1.4600000381469729,1.3899999856948853,1.5499999523162842,1.3799999952316284,1.4600000381469729,8987500.0,19641.022587295898,0,1.102074142817969,19639.92051315308,13452,-51.99606686025393,41000,Neutral,52.72728060887765,1.352,1.3545,1.6061,1.6647,1.582,14.170000076293944,1.6885,SLDP,0.5844,Neutral,0.4913,0.5242,37.73105979853031,123,523.8800048828125,0.0,0.0
2024-09-21,1.4600000381469729,1.3899999856948853,1.5499999523162842,1.3799999952316284,1.4600000381469729,8987500.0,19641.022587295898,0,1.102074142817969,19639.92051315308,13452,-51.99606686025393,41000,Neutral,52.72728060887765,1.352,1.3545,1.6061,1.6647,1.582,14.170000076293944,1.6885,SLDP,0.5844,Neutral,0.4913,0.5242,37.73105979853031,123,523.8800048828125,0.0,0.0
2024-09-22,1.4600000381469729,1.3899999856948853,1.5499999523162842,1.3799999952316284,1.4600000381469729,8987500.0,19641.022587295898,0,1.102074142817969,19639.92051315308,13452,-51.99606686025393,41000,Neutral,52.72728060887765,1.352,1.3545,1.6061,1.6647,1.582,14.170000076293944,1.6885,SLDP,0.5844,Neutral,0.4913,0.5242,37.73105979853031,123,523.8800048828125,0.0,0.0
2024-09-23,1.3600000143051147,1.5,1.5099999904632568,1.3600000143051147,1.3600000143051147,2206400.0,18295.822266575222,0,1.102074142817969,18294.720192432404,13452,-55.277043252255574,41000,Neutral,49.15254340025216,1.36,1.3455,1.6008,1.6601,1.5802,14.170000076293944,1.603,SLDP,0.588,Neutral,0.4859,0.518,38.22862275193435,123,525.1699829101562,0.0,0.0
2024-09-24,1.409999966621399,1.3799999952316284,1.4500000476837158,1.3799999952316284,1.409999966621399,1316000.0,18968.421625133877,0,1.102074142817969,18967.31955099106,13452,-53.63655701186861,41000,Neutral,57.62710939773058,1.376,1.3435,1.5968,1.6565,1.5779,14.170000076293944,1.7425,SLDP,0.5849,Neutral,0.4813,0.5192,38.81105509010396,123,526.6799926757812,0.0,0.0
2024-09-25,1.350000023841858,1.3899999856948853,1.399999976158142,1.3300000429153442,1.350000023841858,1405500.0,18161.30239486349,0,1.102074142817969,18160.200320720673,13452,-55.60514050033296,41000,Neutral,57.62712104126681,1.382,1.3385,1.5919,1.6524,1.5756,14.170000076293944,1.4956,SLDP,0.581,Neutral,0.479,0.5011,38.398337979333874,123,525.6099853515625,0.0,0.0
2024-09-26,1.350000023841858,1.3600000143051147,1.4049999713897705,1.350000023841858,1.350000023841858,1568500.0,18161.30239486349,0,1.102074142817969,18160.200320720673,13452,-55.60514050033296,41000,Neutral,59.64912317392821,1.386,1.335,1.5873,1.6483,1.5738,14.170000076293944,1.2969,SLDP,0.5911,Neutral,0.4756,0.4555,39.20449119501468,123,527.7000122070312,0.0,0.0
2024-09-27,1.3700000047683716,1.3700000047683716,1.4299999475479126,1.3700000047683716,1.3700000047683716,1525300.0,18430.342138286953,0,1.102074142817969,18429.240064144135,13452,-54.94894600417819,41000,Neutral,61.01694812517135,1.368,1.332,1.5814,1.6445,1.5722,14.170000076293944,1.2298,SLDP,0.5886,Neutral,0.4976,0.425,38.94181694138746,123,525.3800048828125,1.639,0.0
2024-09-28,1.3700000047683716,1.3700000047683716,1.4299999475479126,1.3700000047683716,1.3700000047683716,1525300.0,18430.342138286953,0,1.102074142817969,18429.240064144135,13452,-54.94894600417819,41000,Neutral,61.01694812517135,1.368,1.332,1.5814,1.6445,1.5722,14.170000076293944,1.2298,SLDP,0.5886,Neutral,0.4976,0.425,39.5740026556732,123,525.3800048828125,1.639,0.0
2024-09-29,1.3700000047683716,1.3700000047683716,1.4299999475479126,1.3700000047683716,1.3700000047683716,1525300.0,18430.342138286953,0,1.102074142817969,18429.240064144135,13452,-54.94894600417819,41000,Neutral,61.01694812517135,1.368,1.332,1.5814,1.6445,1.5722,14.170000076293944,1.2298,SLDP,0.5886,Neutral,0.4976,0.425,40.20618836995888,123,525.3800048828125,1.639,0.0
2024-09-30,1.350000023841858,1.3799999952316284,1.3899999856948853,1.340000033378601,1.350000023841858,1469200.0,18161.30239486349,0,1.102074142817969,18160.200320720673,13452,-55.60514050033296,41000,Neutral,61.01694812517135,1.366,1.328,1.5758,1.6405,1.5705,14.170000076293944,1.0585,SLDP,0.6001,Neutral,0.4895,0.4167,41.08946560907718,123,527.6699829101562,0.0,0.0
2024-10-01,1.2599999904632568,1.399999976158142,1.399999976158142,1.25,1.2599999904632568,3243600.0,17949.62276586211,0,0.92290171301795,17948.699864149094,14245,-57.16380293842356,42000,"cash_0%_Buy 100% of cash (793 shares - DCA Strategy) Monthly invest 2.4% of total investment ($1,000.00)",43.85964508678959,1.336,1.3225,1.5684,1.6363,1.5684,14.170000076293944,0.4969,SLDP,0.5717,Neutral,0.5202,0.4151,38.20586215110944,129,522.739990234375,0.0,0.0
2024-10-02,1.2699999809265137,1.2599999904632568,1.2899999618530271,1.2400000095367432,1.2699999809265137,1093200.0,18092.072630011204,0,0.92290171301795,18091.149728298187,14245,-56.824636595211445,42000,Neutral,47.27272963720925,1.32,1.32,1.5611,1.6325,1.567,14.170000076293944,0.187,SLDP,0.5666,Neutral,0.5136,0.4257,38.240768790352504,129,522.8300170898438,0.0,0.0
2024-10-03,1.2599999904632568,1.2599999904632568,1.2599999904632568,1.25,1.2599999904632568,755400.0,17949.62276586211,0,0.92290171301795,17948.699864149094,14245,-57.16380293842356,42000,Neutral,43.39621962495848,1.302,1.32,1.5524,1.6295,1.5658,14.170000076293944,-0.0437,SLDP,0.5608,Neutral,0.531,0.4915,37.85691408626937,129,521.8400268554688,0.0,0.0
2024-10-04,1.2899999618530271,1.2799999713897705,1.2999999523162842,1.2699999809265137,1.2899999618530271,1057500.0,18376.972358309387,0,0.92290171301795,18376.04945659637,14245,-56.14630390878719,42000,Neutral,47.27271820887769,1.286,1.3225,1.5411,1.6271,1.5651,14.170000076293944,-0.0189,SLDP,0.5792,Neutral,0.5067,0.5476,39.72192257361091,129,526.6500244140625,0.0,0.0
2024-10-05,1.2899999618530271,1.2799999713897705,1.2999999523162842,1.2699999809265137,1.2899999618530271,1057500.0,18376.972358309387,0,0.92290171301795,18376.04945659637,14245,-56.14630390878719,42000,Neutral,47.27271820887769,1.286,1.3225,1.5411,1.6271,1.5651,14.170000076293944,-0.0189,SLDP,0.5792,Neutral,0.5067,0.5476,39.72192257361091,129,526.6500244140625,0.0,0.0
2024-10-06,1.2899999618530271,1.2799999713897705,1.2999999523162842,1.2699999809265137,1.2899999618530271,1057500.0,18376.972358309387,0,0.92290171301795,18376.04945659637,14245,-56.14630390878719,42000,Neutral,47.27271820887769,1.286,1.3225,1.5411,1.6271,1.5651,14.170000076293944,-0.0189,SLDP,0.5792,Neutral,0.5067,0.5476,39.72192257361091,129,526.6500244140625,0.0,0.0
2024-10-07,1.2599999904632568,1.2899999618530271,1.2899999618530271,1.25,1.2599999904632568,1180000.0,17949.62276586211,0,0.92290171301795,17948.699864149094,14245,-57.16380293842356,42000,Neutral,43.859642518412095,1.268,1.3235,1.5263,1.6243,1.5647,14.170000076293944,-0.1241,SLDP,0.5516,Neutral,0.5521,0.6092,37.88403477004741,129,521.9099731445312,0.0,0.0
2024-10-08,1.2400000095367432,1.2599999904632568,1.2699999809265137,1.2300000190734863,1.2400000095367432,1184100.0,17664.723037563923,0,0.92290171301795,17663.800135850906,14245,-57.84213562484781,42000,Neutral,43.10344225160938,1.264,1.3245,1.5109,1.6214,1.564,14.170000076293944,-0.2587,SLDP,0.5566,Neutral,0.5381,0.6035,39.79945081100773,129,526.8499755859375,0.0,0.0
2024-10-09,1.25,1.25,1.2799999713897705,1.2400000095367432,1.25,727900.0,17807.172901713016,0,0.92290171301795,17806.25,14245,-57.50296928163569,42000,Neutral,43.10344225160938,1.26,1.3205,1.4944,1.6186,1.5634,14.170000076293944,-0.2575,SLDP,0.5594,Neutral,0.5285,0.5964,41.19531406692238,129,530.4500122070312,0.0,0.0
2024-10-10,1.2400000095367432,1.2400000095367432,1.25,1.2300000190734863,1.2400000095367432,925900.0,17664.723037563923,0,0.92290171301795,17663.800135850906,14245,-57.84213562484781,42000,Neutral,26.0869430008308,1.256,1.3175,1.4784,1.6153,1.5628,14.170000076293944,-0.2683,SLDP,0.548,Neutral,0.5302,0.5988,40.85022348153764,129,529.5599975585938,0.0,0.0
2024-10-11,1.2899999618530271,1.2400000095367432,1.2899999618530271,1.2309999465942385,1.2899999618530271,1040300.0,18376.972358309387,0,0.92290171301795,18376.04945659637,14245,-56.14630390878719,42000,Neutral,41.46340257846953,1.256,1.3155,1.4646,1.6122,1.5626,14.170000076293944,0.0125,SLDP,0.5432,Neutral,0.5241,0.6039,42.071600872273194,129,532.7100219726562,0.0,0.0
2024-10-12,1.2899999618530271,1.2400000095367432,1.2899999618530271,1.2309999465942385,1.2899999618530271,1040300.0,18376.972358309387,0,0.92290171301795,18376.04945659637,14245,-56.14630390878719,42000,Neutral,41.46340257846953,1.256,1.3155,1.4646,1.6122,1.5626,14.170000076293944,0.0125,SLDP,0.5432,Neutral,0.5241,0.6039,42.071600872273194,129,532.7100219726562,0.0,0.0
2024-10-13,1.2899999618530271,1.2400000095367432,1.2899999618530271,1.2309999465942385,1.2899999618530271,1040300.0,18376.972358309387,0,0.92290171301795,18376.04945659637,14245,-56.14630390878719,42000,Neutral,41.46340257846953,1.256,1.3155,1.4646,1.6122,1.5626,14.170000076293944,0.0125,SLDP,0.5432,Neutral,0.5241,0.6039,42.071600872273194,129,532.7100219726562,0.0,0.0
2024-10-14,1.2799999713897705,1.2899999618530271,1.2899999618530271,1.2599999904632568,1.2799999713897705,795200.0,18234.522494160297,0,0.92290171301795,18233.59959244728,14245,-56.4854702519993,42000,Neutral,32.43242198310895,1.26,1.3135,1.4514,1.6086,1.5628,14.170000076293944,0.1654,SLDP,0.5457,Neutral,0.5133,0.5689,43.76212349443564,129,537.0700073242188,0.0,0.0
2024-10-15,1.2799999713897705,1.2599999904632568,1.2899999618530271,1.2599999904632568,1.2799999713897705,711900.0,18234.522494160297,0,0.92290171301795,18233.59959244728,14245,-56.4854702519993,42000,Neutral,38.70966253369103,1.268,1.311,1.4381,1.6052,1.5626,14.170000076293944,0.2792,SLDP,0.5372,Neutral,0.5257,0.5333,42.17627345896618,129,532.97998046875,0.0,0.0
2024-10-16,1.2799999713897705,1.2799999713897705,1.2899999618530271,1.2599999904632568,1.2799999713897705,1108900.0,18234.522494160297,0,0.92290171301795,18233.59959244728,14245,-56.4854702519993,42000,Neutral,38.70966253369103,1.274,1.309,1.4241,1.6022,1.5624,14.170000076293944,0.3619,SLDP,0.546,Neutral,0.5111,0.5064,43.04479797437004,129,535.219970703125,0.0,0.0
2024-10-17,1.25,1.2799999713897705,1.2899999618530271,1.2400000095367432,1.25,808700.0,17807.172901713016,0,0.92290171301795,17806.25,14245,-57.50296928163569,42000,Neutral,31.249988358461,1.276,1.305,1.4111,1.5984,1.5617,14.170000076293944,0.2706,SLDP,0.5444,Neutral,0.5023,0.47,43.075823468639655,129,535.2999877929688,0.0,0.0
2024-10-18,1.2699999809265137,1.2599999904632568,1.2699999809265137,1.2400000095367432,1.2699999809265137,937400.0,18092.072630011204,0,0.92290171301795,18091.149728298187,14245,-56.824636595211445,42000,Neutral,37.49998603015323,1.272,1.2955,1.3986,1.595,1.5611,14.170000076293944,0.3227,SLDP,0.5601,Neutral,0.4885,0.4213,43.87455837107552,129,537.3599853515625,0.0,0.0
2024-10-19,1.2699999809265137,1.2599999904632568,1.2699999809265137,1.2400000095367432,1.2699999809265137,937400.0,18092.072630011204,0,0.92290171301795,18091.149728298187,14245,-56.824636595211445,42000,Neutral,37.49998603015323,1.272,1.2955,1.3986,1.595,1.5611,14.170000076293944,0.3227,SLDP,0.5601,Neutral,0.4885,0.4213,43.87455837107552,129,537.3599853515625,0.0,0.0
2024-10-20,1.2699999809265137,1.2599999904632568,1.2699999809265137,1.2400000095367432,1.2699999809265137,937400.0,18092.072630011204,0,0.92290171301795,18091.149728298187,14245,-56.824636595211445,42000,Neutral,37.49998603015323,1.272,1.2955,1.3986,1.595,1.5611,14.170000076293944,0.3227,SLDP,0.5601,Neutral,0.4885,0.4213,43.87455837107552,129,537.3599853515625,0.0,0.0
2024-10-21,1.2300000190734863,1.25,1.2599999904632568,1.2200000286102295,1.2300000190734863,1182700.0,17522.27317341483,0,0.92290171301795,17521.350271701813,14245,-58.18130196805995,42000,Neutral,44.44444444444443,1.262,1.289,1.3859,1.5911,1.5605,14.170000076293944,0.162,SLDP,0.541,Neutral,0.4893,0.4095,43.552754655531615,129,536.530029296875,0.0,0.0
2024-10-22,1.2300000190734863,1.2200000286102295,1.2300000190734863,1.2100000381469729,1.2300000190734863,1055400.0,17522.27317341483,0,0.92290171301795,17521.350271701813,14245,-58.18130196805995,42000,Neutral,42.30769230769228,1.252,1.28,1.3749,1.587,1.5596,14.170000076293944,0.0746,SLDP,0.5393,Neutral,0.4874,0.437,43.40927061910401,129,536.1599731445312,0.0,0.0
2024-10-23,1.2000000476837158,1.2200000286102295,1.2300000190734863,1.190000057220459,1.2000000476837158,1206600.0,17094.92358096755,0,0.92290171301795,17094.000679254532,14245,-59.19880099769633,42000,Neutral,39.28571428571425,1.236,1.2725,1.3639,1.5817,1.5582,14.170000076293944,-0.1143,SLDP,0.5126,Neutral,0.5012,0.4475,41.513260303010966,129,531.27001953125,0.0,0.0
2024-10-24,1.2300000190734863,1.2300000190734863,1.2899999618530271,1.2100000381469729,1.2300000190734863,2306400.0,17522.27317341483,0,0.92290171301795,17521.350271701813,14245,-58.18130196805995,42000,Neutral,39.2857142857143,1.232,1.2665,1.3531,1.5768,1.5575,14.170000076293944,-0.0529,SLDP,0.5155,Neutral,0.4995,0.4482,41.97852438946441,129,532.469970703125,0.0,0.0
2024-10-25,1.2300000190734863,1.2400000095367432,1.2599999904632568,1.2200000286102295,1.2300000190734863,1010000.0,17522.27317341483,0,0.92290171301795,17521.350271701813,14245,-58.18130196805995,42000,Neutral,43.99999999999998,1.224,1.2595,1.3451,1.5711,1.557,14.170000076293944,0.0113,SLDP,0.5065,Neutral,0.5144,0.4764,41.8971150070941,129,532.260009765625,0.0,0.0
2024-10-26,1.2300000190734863,1.2400000095367432,1.2599999904632568,1.2200000286102295,1.2300000190734863,1010000.0,17522.27317341483,0,0.92290171301795,17521.350271701813,14245,-58.18130196805995,42000,Neutral,43.99999999999998,1.224,1.2595,1.3451,1.5711,1.557,14.170000076293944,0.0113,SLDP,0.5065,Neutral,0.5144,0.4764,41.8971150070941,129,532.260009765625,0.0,0.0
2024-10-27,1.2300000190734863,1.2400000095367432,1.2599999904632568,1.2200000286102295,1.2300000190734863,1010000.0,17522.27317341483,0,0.92290171301795,17521.350271701813,14245,-58.18130196805995,42000,Neutral,43.99999999999998,1.224,1.2595,1.3451,1.5711,1.557,14.170000076293944,0.0113,SLDP,0.5065,Neutral,0.5144,0.4764,41.8971150070941,129,532.260009765625,0.0,0.0
2024-10-28,1.2599999904632568,1.2300000190734863,1.274999976158142,1.2300000190734863,1.2599999904632568,1424500.0,17949.62276586211,0,0.92290171301795,17948.699864149094,14245,-57.16380293842356,42000,Neutral,53.846153846153854,1.23,1.255,1.3386,1.5667,1.5561,14.170000076293944,0.2274,SLDP,0.5075,Neutral,0.5031,0.4439,42.54074610370009,129,533.9199829101562,0.0,0.0
2024-10-29,1.25,1.2599999904632568,1.2699999809265137,1.2350000143051147,1.25,875900.0,17807.172901713016,0,0.92290171301795,17806.25,14245,-57.50296928163569,42000,Neutral,50.0,1.234,1.2545,1.3331,1.5626,1.5547,14.170000076293944,0.3233,SLDP,0.5065,Neutral,0.4987,0.4034,42.870335774709076,129,534.77001953125,0.0,0.0
2024-10-30,1.2400000095367432,1.2300000190734863,1.2599999904632568,1.2300000190734863,1.2400000095367432,754800.0,17664.723037563923,0,0.92290171301795,17663.800135850906,14245,-57.84213562484781,42000,Neutral,50.0,1.242,1.253,1.3273,1.5582,1.553,14.170000076293944,0.3378,SLDP,0.4993,Neutral,0.5103,0.3908,42.246063071934174,129,533.1599731445312,0.0,0.0
2024-10-31,1.1799999475479126,1.2300000190734863,1.2400000095367432,1.1799999475479126,1.1799999475479126,1582000.0,16810.02215453303,0,0.92290171301795,16809.099252820015,14245,-59.87713772730232,42000,Neutral,29.629616547670736,1.232,1.249,1.3257,1.5537,1.5517,14.170000076293944,0.043,SLDP,0.4635,Neutral,0.5484,0.3897,38.17871780181332,129,522.6699829101562,0.0,0.0
2024-11-01,1.159999966621399,1.190000057220459,1.1979999542236328,1.159999966621399,1.159999966621399,1335900.0,17524.12250626362,0,0.0030105141446483685,17524.119495749474,15107,-59.14722672961952,43000,"cash_0%_Buy 100% of cash (862 shares - DCA Strategy) Monthly invest 2.3% of total investment ($1,000.00)",28.57141640720893,1.218,1.2425,1.3222,1.5477,1.5504,14.170000076293944,-0.2295,SLDP,0.4629,Neutral,0.5247,0.3801,38.08918456218575,131,524.9400024414062,0.0,0.0
2024-11-02,1.159999966621399,1.190000057220459,1.1979999542236328,1.159999966621399,1.159999966621399,1335900.0,17524.12250626362,0,0.0030105141446483685,17524.119495749474,15107,-59.14722672961952,43000,Neutral,28.57141640720893,1.218,1.2425,1.3222,1.5477,1.5504,14.170000076293944,-0.2295,SLDP,0.4629,Neutral,0.5247,0.3801,38.08918456218575,131,524.9400024414062,0.0,0.0
2024-11-03,1.159999966621399,1.190000057220459,1.1979999542236328,1.159999966621399,1.159999966621399,1335900.0,17524.12250626362,0,0.0030105141446483685,17524.119495749474,15107,-59.14722672961952,43000,Neutral,28.57141640720893,1.218,1.2425,1.3222,1.5477,1.5504,14.170000076293944,-0.2295,SLDP,0.4629,Neutral,0.5247,0.3801,38.08918456218575,131,524.9400024414062,0.0,0.0
2024-11-04,1.1699999570846558,1.159999966621399,1.1799999475479126,1.1299999952316284,1.1699999570846558,1342100.0,17675.19236219204,0,0.0030105141446483685,17675.189351677895,15107,-58.795901483274335,43000,Neutral,31.034470001377077,1.2,1.238,1.3193,1.5409,1.549,14.170000076293944,-0.318,SLDP,0.4637,Neutral,0.5319,0.4188,37.649160216573875,131,523.7999877929688,0.0,0.0
2024-11-05,1.2000000476837158,1.190000057220459,1.2000000476837158,1.1699999570846558,1.2000000476837158,1056300.0,18128.40373087204,0,0.0030105141446483685,18128.400720357895,15107,-57.741921556111556,43000,Neutral,37.50000931322769,1.19,1.236,1.3168,1.5356,1.548,14.170000076293944,-0.1791,SLDP,0.4834,Neutral,0.5125,0.458,40.08083774787865,131,530.0999755859375,0.0,0.0
2024-11-06,1.1699999570846558,1.149999976158142,1.2000000476837158,1.1200000047683716,1.1699999570846558,2651800.0,17675.19236219204,0,0.0030105141446483685,17675.189351677895,15107,-58.795901483274335,43000,Neutral,37.49999534338789,1.176,1.232,1.3123,1.5305,1.547,14.170000076293944,-0.2177,SLDP,0.5196,Neutral,0.4489,0.4636,45.17579573059258,131,543.2999877929688,0.0,0.0
2024-11-07,1.1799999475479126,1.1699999570846558,1.2000000476837158,1.1399999856948853,1.1799999475479126,2115300.0,17826.26221812046,0,0.0030105141446483685,17826.259207606316,15107,-58.44457623692918,43000,Neutral,35.48386848679988,1.176,1.229,1.309,1.5258,1.546,14.170000076293944,-0.1557,SLDP,0.536,Neutral,0.4368,0.4791,46.808512684904045,131,547.530029296875,0.0,0.0
2024-11-08,1.159999966621399,1.1799999475479126,1.1799999475479126,1.059999942779541,1.159999966621399,3323100.0,17524.12250626362,0,0.0030105141446483685,17524.119495749474,15107,-59.14722672961952,43000,Neutral,37.93102881287722,1.176,1.2225,1.3045,1.5211,1.5453,14.170000076293944,-0.1919,SLDP,0.541,Neutral,0.4306,0.4657,47.74258085489893,131,549.9500122070312,0.0,0.0
2024-11-09,1.159999966621399,1.1799999475479126,1.1799999475479126,1.059999942779541,1.159999966621399,3323100.0,17524.12250626362,0,0.0030105141446483685,17524.119495749474,15107,-59.14722672961952,43000,Neutral,37.93102881287722,1.176,1.2225,1.3045,1.5211,1.5453,14.170000076293944,-0.1919,SLDP,0.541,Neutral,0.4306,0.4657,47.74258085489893,131,549.9500122070312,0.0,0.0
2024-11-10,1.159999966621399,1.1799999475479126,1.1799999475479126,1.059999942779541,1.159999966621399,3323100.0,17524.12250626362,0,0.0030105141446483685,17524.119495749474,15107,-59.14722672961952,43000,Neutral,37.93102881287722,1.176,1.2225,1.3045,1.5211,1.5453,14.170000076293944,-0.1919,SLDP,0.541,Neutral,0.4306,0.4657,47.74258085489893,131,549.9500122070312,0.0,0.0
2024-11-11,1.1649999618530271,1.149999976158142,1.1799999475479126,1.1050000190734863,1.1649999618530271,2544900.0,17599.657434227825,0,0.0030105141446483685,17599.65442371368,15107,-58.97156410644693,43000,Neutral,38.9830439983189,1.175,1.2167,1.3003,1.5167,1.5444,14.170000076293944,-0.1551,SLDP,0.537,Neutral,0.4299,0.4054,47.91627715536988,131,550.4000244140625,0.0,0.0
2024-11-12,1.059999942779541,1.1399999856948853,1.1449999809265137,1.059999942779541,1.059999942779541,3695000.0,16013.422146084671,0,0.0030105141446483685,16013.419135570526,15107,-62.66048338119845,43000,Neutral,31.08107324409606,1.147,1.2057,1.2939,1.5112,1.5425,14.170000076293944,-0.6665,SLDP,0.5337,Neutral,0.4202,0.3616,47.27939857311961,131,548.75,0.0,0.0
2024-11-13,1.1299999952316284,1.100000023841858,1.190000057220459,1.0700000524520874,1.1299999952316284,3296900.0,17070.912938478355,0,0.0030105141446483685,17070.90992796421,15107,-60.20120246865501,43000,Neutral,37.80488123998531,1.139,1.1982,1.2886,1.507,1.5414,14.170000076293944,-0.5543,SLDP,0.535,Neutral,0.4107,0.33,47.38748464752089,131,549.030029296875,0.0,0.0
2024-11-14,1.059999942779541,1.1399999856948853,1.1449999809265137,1.059999942779541,1.059999942779541,1956900.0,16013.422146084671,0,0.0030105141446483685,16013.419135570526,15107,-62.66048338119845,43000,Neutral,32.291668218870115,1.115,1.1887,1.2819,1.501,1.5396,14.170000076293944,-0.8148,SLDP,0.5336,Neutral,0.4138,0.3021,46.04039009208498,131,545.5399780273438,0.0,0.0
2024-11-15,1.0199999809265137,1.0499999523162842,1.065000057220459,1.0199999809265137,1.0199999809265137,3215400.0,15409.142722370987,0,0.0030105141446483685,15409.139711856842,15107,-64.06578436657912,43000,Neutral,25.51021550109232,1.087,1.1762,1.2754,1.4947,1.5374,14.170000076293944,-1.1393,SLDP,0.5069,Neutral,0.441,0.2861,43.32309016190466,131,538.5,0.0,0.0
2024-11-16,1.0199999809265137,1.0499999523162842,1.065000057220459,1.0199999809265137,1.0199999809265137,3215400.0,15409.142722370987,0,0.0030105141446483685,15409.139711856842,15107,-64.06578436657912,43000,Neutral,25.51021550109232,1.087,1.1762,1.2754,1.4947,1.5374,14.170000076293944,-1.1393,SLDP,0.5069,Neutral,0.441,0.2861,43.32309016190466,131,538.5,0.0,0.0
2024-11-17,1.0199999809265137,1.0499999523162842,1.065000057220459,1.0199999809265137,1.0199999809265137,3215400.0,15409.142722370987,0,0.0030105141446483685,15409.139711856842,15107,-64.06578436657912,43000,Neutral,25.51021550109232,1.087,1.1762,1.2754,1.4947,1.5374,14.170000076293944,-1.1393,SLDP,0.5069,Neutral,0.441,0.2861,43.32309016190466,131,538.5,0.0,0.0
2024-11-18,1.0199999809265137,1.0099999904632568,1.0499999523162842,1.0,1.0199999809265137,1682100.0,15409.142722370987,0,0.0030105141446483685,15409.139711856842,15107,-64.06578436657912,43000,Neutral,26.04167753209086,1.058,1.1657,1.2667,1.4885,1.5356,14.170000076293944,-1.2646,SLDP,0.5117,Neutral,0.4345,0.3107,44.183820940964225,131,540.72998046875,0.0,0.0
2024-11-19,1.0399999618530271,1.0099999904632568,1.0399999618530271,1.0,1.0399999618530271,1872500.0,15711.282434227825,0,0.0030105141446483685,15711.27942371368,15107,-63.36313387388879,43000,Neutral,29.591842196174557,1.054,1.1562,1.2599,1.4821,1.5341,14.170000076293944,-1.1377,SLDP,0.5094,Neutral,0.4446,0.3372,44.94421636891764,131,542.7000122070312,0.0,0.0
2024-11-20,1.059999942779541,1.0399999618530271,1.069000005722046,1.0099999904632568,1.059999942779541,1336200.0,16013.422146084671,0,0.0030105141446483685,16013.419135570526,15107,-62.66048338119845,43000,Neutral,36.66667108182389,1.04,1.1492,1.2534,1.4762,1.5326,14.170000076293944,-0.8513,SLDP,0.5001,Neutral,0.4532,0.3569,45.02141734228577,131,542.9000244140625,0.0,0.0
2024-11-21,1.0700000524520874,1.0399999618530271,1.100000023841858,1.0299999713897705,1.0700000524520874,1644000.0,16164.49380290783,0,0.0030105141446483685,16164.490792393684,15107,-62.309153946726006,43000,Neutral,39.772743897978586,1.042,1.1412,1.2476,1.4707,1.5311,14.170000076293944,-0.5323,SLDP,0.4964,Neutral,0.4465,0.3905,46.079002357983796,131,545.6400146484375,0.0,0.0
2024-11-22,1.100000023841858,1.0800000429153442,1.1299999952316284,1.0700000524520874,1.100000023841858,2186600.0,16617.703370693092,0,0.0030105141446483685,16617.700360178947,15107,-61.255178207690506,43000,Neutral,42.39131617860857,1.058,1.1347,1.2421,1.4657,1.5301,14.170000076293944,-0.0908,SLDP,0.5086,Neutral,0.4266,0.4471,46.785331190307076,131,547.469970703125,0.0,0.0
2024-11-23,1.100000023841858,1.0800000429153442,1.1299999952316284,1.0700000524520874,1.100000023841858,2186600.0,16617.703370693092,0,0.0030105141446483685,16617.700360178947,15107,-61.255178207690506,43000,Neutral,42.39131617860857,1.058,1.1347,1.2421,1.4657,1.5301,14.170000076293944,-0.0908,SLDP,0.5086,Neutral,0.4266,0.4471,46.785331190307076,131,547.469970703125,0.0,0.0
2024-11-24,1.100000023841858,1.0800000429153442,1.1299999952316284,1.0700000524520874,1.100000023841858,2186600.0,16617.703370693092,0,0.0030105141446483685,16617.700360178947,15107,-61.255178207690506,43000,Neutral,42.39131617860857,1.058,1.1347,1.2421,1.4657,1.5301,14.170000076293944,-0.0908,SLDP,0.5086,Neutral,0.4266,0.4471,46.785331190307076,131,547.469970703125,0.0,0.0
2024-11-25,1.159999966621399,1.149999976158142,1.2000000476837158,1.1399999856948853,1.159999966621399,2792800.0,17524.12250626362,0,0.0030105141446483685,17524.119495749474,15107,-59.14722672961952,43000,Neutral,45.918360147712434,1.086,1.1297,1.2376,1.4612,1.5297,14.170000076293944,0.579,SLDP,0.5218,Neutral,0.4242,0.4346,47.46466206245957,131,549.22998046875,0.0,0.0
2024-11-26,1.1100000143051147,1.1699999570846558,1.1790000200271606,1.100000023841858,1.1100000143051147,1293200.0,16768.773226621513,0,0.0030105141446483685,16768.77021610737,15107,-60.90385296134533,43000,Neutral,44.11765255867551,1.1,1.1227,1.2332,1.4564,1.5287,14.170000076293944,0.7204,SLDP,0.5221,Neutral,0.4177,0.4199,48.65349108872637,131,552.3099975585938,0.0,0.0
2024-11-27,1.1200000047683716,1.1299999952316284,1.159999966621399,1.100000023841858,1.1200000047683716,1048000.0,16919.843082549934,0,0.0030105141446483685,16919.84007203579,15107,-60.552527715000174,43000,Neutral,44.11765255867551,1.112,1.1167,1.2299,1.4519,1.5275,14.170000076293944,0.8669,SLDP,0.5189,Neutral,0.4197,0.4118,47.97416021657388,131,550.5499877929688,0.0,0.0
2024-11-28,1.1200000047683716,1.1299999952316284,1.159999966621399,1.100000023841858,1.1200000047683716,1048000.0,16919.843082549934,0,0.0030105141446483685,16919.84007203579,15107,-60.552527715000174,43000,Neutral,44.11765255867551,1.112,1.1167,1.2299,1.4519,1.5275,14.170000076293944,0.8669,SLDP,0.5189,Neutral,0.4197,0.4118,47.97416021657388,131,550.5499877929688,0.0,0.0
2024-11-29,1.159999966621399,1.1299999952316284,1.184999942779541,1.1299999952316284,1.159999966621399,1199700.0,17524.12250626362,0,0.0030105141446483685,17524.119495749474,15107,-59.14722672961952,43000,Neutral,50.0,1.13,1.1157,1.2282,1.4474,1.5268,14.170000076293944,1.1786,SLDP,0.5308,Neutral,0.4151,0.3674,49.0935154343382,131,553.4500122070312,0.0,0.0
2024-11-30,1.159999966621399,1.1299999952316284,1.184999942779541,1.1299999952316284,1.159999966621399,1199700.0,17524.12250626362,0,0.0030105141446483685,17524.119495749474,15107,-59.14722672961952,43000,Neutral,50.0,1.13,1.1157,1.2282,1.4474,1.5268,14.170000076293944,1.1786,SLDP,0.5308,Neutral,0.4151,0.3674,49.0935154343382,131,553.4500122070312,0.0,0.0
2024-12-01,1.159999966621399,1.1299999952316284,1.184999942779541,1.1299999952316284,1.159999966621399,1199700.0,18523.123746292356,0,0.24427928185934888,18522.879467010498,15968,-57.80299148569921,44000,"cash_0%_Buy 100% of cash (861 shares - DCA Strategy) Monthly invest 2.3% of total investment ($1,000.00)",50.0,1.13,1.1157,1.2282,1.4474,1.5268,14.170000076293944,1.1786,SLDP,0.5308,Neutral,0.4151,0.3674,48.0403393787106,132,553.4500122070312,0.0,0.0
2024-12-02,1.1799999475479126,1.190000057220459,1.2200000286102295,1.159999966621399,1.1799999475479126,2076300.0,18842.483441726927,0,0.24427928185934888,18842.23916244507,15968,-57.077173996075196,44000,Neutral,51.37614558495786,1.146,1.1167,1.2272,1.4428,1.5264,14.170000076293944,1.4585,SLDP,0.524,Neutral,0.4088,0.3729,48.638338442838204,132,555.010009765625,0.0,0.0
2024-12-03,1.1299999952316284,1.1799999475479126,1.1799999475479126,1.1230000257492063,1.1299999952316284,1609900.0,18044.0842031405,0,0.24427928185934888,18043.839923858643,15968,-58.89171772013524,44000,Neutral,57.14286409383768,1.14,1.1147,1.2254,1.4378,1.5256,14.170000076293944,1.3038,SLDP,0.5208,Neutral,0.406,0.3909,48.68817364791633,132,555.1400146484375,0.0,0.0
2024-12-04,1.090000033378601,1.1299999952316284,1.1299999952316284,1.090000033378601,1.090000033378601,1371100.0,17405.36481227136,0,0.24427928185934888,17405.120532989502,15968,-60.34335269938329,44000,Neutral,45.65217616652819,1.136,1.1092,1.2232,1.4328,1.5248,14.170000076293944,0.9387,SLDP,0.5248,Neutral,0.409,0.3947,50.029840314583,132,558.6400146484375,0.0,0.0
2024-12-05,1.059999942779541,1.100000023841858,1.1139999628067017,1.059999942779541,1.059999942779541,1878200.0,16926.32336558557,0,0.24427928185934888,16926.07908630371,15968,-61.43208326003282,44000,Neutral,50.0,1.124,1.1037,1.2187,1.4277,1.5237,14.170000076293944,0.5127,SLDP,0.5236,Neutral,0.4096,0.3901,49.67334312220015,132,557.7100219726562,0.0,0.0
2024-12-06,1.100000023841858,1.0850000381469729,1.1200000047683716,1.0700000524520874,1.100000023841858,1701500.0,17565.044659988645,0,0.24427928185934888,17564.800380706787,15968,-59.98044395457127,44000,Neutral,59.52381560591675,1.112,1.0997,1.2154,1.423,1.5223,14.170000076293944,0.4698,SLDP,0.5293,Neutral,0.4001,0.3797,50.09883750696579,132,558.8200073242188,0.0,0.0
2024-12-07,1.100000023841858,1.0850000381469729,1.1200000047683716,1.0700000524520874,1.100000023841858,1701500.0,17565.044659988645,0,0.24427928185934888,17564.800380706787,15968,-59.98044395457127,44000,Neutral,59.52381560591675,1.112,1.0997,1.2154,1.423,1.5223,14.170000076293944,0.4698,SLDP,0.5293,Neutral,0.4001,0.3797,50.09883750696579,132,558.8200073242188,0.0,0.0
2024-12-08,1.100000023841858,1.0850000381469729,1.1200000047683716,1.0700000524520874,1.100000023841858,1701500.0,17565.044659988645,0,0.24427928185934888,17564.800380706787,15968,-59.98044395457127,44000,Neutral,59.52381560591675,1.112,1.0997,1.2154,1.423,1.5223,14.170000076293944,0.4698,SLDP,0.5293,Neutral,0.4001,0.3797,50.09883750696579,132,558.8200073242188,0.0,0.0
2024-12-09,1.1699999570846558,1.1100000143051147,1.2300000190734863,1.1100000143051147,1.1699999570846558,3187100.0,18682.80359400964,0,0.24427928185934888,18682.559314727783,15968,-57.440082740887185,44000,Neutral,65.30612344197681,1.11,1.1002,1.2127,1.4195,1.5208,14.170000076293944,0.8414,SLDP,0.5132,Neutral,0.4163,0.388,48.98332440475227,132,555.9099731445312,0.0,0.0
2024-12-10,1.159999966621399,1.1799999475479126,1.1890000104904177,1.1449999809265137,1.159999966621399,826800.0,18523.123746292356,0,0.24427928185934888,18522.879467010498,15968,-57.80299148569921,44000,Neutral,62.50000310440925,1.116,1.1,1.2101,1.4167,1.5196,14.170000076293944,0.993,SLDP,0.5128,Neutral,0.4151,0.3904,48.37767458378872,132,554.3300170898438,0.0,0.0
2024-12-11,1.1399999856948853,1.159999966621399,1.159999966621399,1.100000023841858,1.1399999856948853,1261600.0,18203.764050857786,0,0.24427928185934888,18203.519771575928,15968,-58.52880897532323,44000,Neutral,58.3333395421518,1.126,1.104,1.2069,1.4133,1.5182,14.170000076293944,0.9409,SLDP,0.5217,Neutral,0.4037,0.4261,49.98767926315071,132,558.530029296875,0.0,0.0
2024-12-12,1.1200000047683716,1.1299999952316284,1.1399999856948853,1.1100000143051147,1.1200000047683716,950800.0,17884.404355423216,0,0.24427928185934888,17884.160076141357,15968,-59.25462646494726,44000,Neutral,55.10203833383288,1.138,1.1035,1.2036,1.409,1.5168,14.170000076293944,0.7621,SLDP,0.5126,Neutral,0.4056,0.4481,48.88367739140591,132,555.6500244140625,0.0,0.0
2024-12-13,1.090000033378601,1.1299999952316284,1.1299999952316284,1.0800000429153442,1.090000033378601,1250400.0,17405.36481227136,0,0.24427928185934888,17405.120532989502,15968,-60.34335269938329,44000,Neutral,48.97959233323343,1.136,1.105,1.1996,1.4047,1.5158,14.170000076293944,0.4542,SLDP,0.5068,Neutral,0.4021,0.4801,48.86832908411422,132,555.6099853515625,0.0,0.0
2024-12-14,1.090000033378601,1.1299999952316284,1.1299999952316284,1.0800000429153442,1.090000033378601,1250400.0,17405.36481227136,0,0.24427928185934888,17405.120532989502,15968,-60.34335269938329,44000,Neutral,48.97959233323343,1.136,1.105,1.1996,1.4047,1.5158,14.170000076293944,0.4542,SLDP,0.5068,Neutral,0.4021,0.4801,48.86832908411422,132,555.6099853515625,0.0,0.0
2024-12-15,1.090000033378601,1.1299999952316284,1.1299999952316284,1.0800000429153442,1.090000033378601,1250400.0,17405.36481227136,0,0.24427928185934888,17405.120532989502,15968,-60.34335269938329,44000,Neutral,48.97959233323343,1.136,1.105,1.1996,1.4047,1.5158,14.170000076293944,0.4542,SLDP,0.5068,Neutral,0.4021,0.4801,48.86832908411422,132,555.6099853515625,0.0,0.0
2024-12-16,1.090000033378601,1.0800000429153442,1.100000023841858,1.0499999523162842,1.090000033378601,1983800.0,17405.36481227136,0,0.24427928185934888,17405.120532989502,15968,-60.34335269938329,44000,Neutral,41.86046962934213,1.12,1.1085,1.1934,1.3997,1.5149,14.170000076293944,0.25,SLDP,0.4952,Neutral,0.4139,0.4884,49.7039929431637,132,557.7899780273438,0.0,0.0
2024-12-17,1.090000033378601,1.0800000429153442,1.1100000143051147,1.0700000524520874,1.090000033378601,1333500.0,17405.36481227136,0,0.24427928185934888,17405.120532989502,15968,-60.34335269938329,44000,Neutral,47.36842270373031,1.106,1.112,1.1889,1.3948,1.5136,14.170000076293944,0.1211,SLDP,0.4864,Neutral,0.4318,0.4824,48.807006045377264,132,555.4500122070312,0.0,0.0
2024-12-18,1.1799999475479126,1.1100000143051147,1.3799999952316284,1.090000033378601,1.1799999475479126,10925300.0,18842.483441726927,0,0.24427928185934888,18842.23916244507,15968,-57.077173996075196,44000,Neutral,56.5217357502077,1.114,1.119,1.1851,1.3909,1.5129,14.170000076293944,0.5606,SLDP,0.3843,Neutral,0.5786,0.4663,42.554840314583004,132,539.1400146484375,0.0,0.0
2024-12-19,1.1299999952316284,1.2200000286102295,1.2200000286102295,1.1299999952316284,1.1299999952316284,3474800.0,18044.0842031405,0,0.24427928185934888,18043.839923858643,15968,-58.89171772013524,44000,Neutral,46.80851225725681,1.116,1.1225,1.1814,1.3867,1.5114,14.170000076293944,0.5329,SLDP,0.3984,Neutral,0.5362,0.4439,42.47816896855437,132,538.9400024414062,0.0,0.0
2024-12-20,1.2999999523162842,1.1399999856948853,1.2999999523162842,1.100000023841858,1.2999999523162842,6629600.0,20758.643517868284,0,0.24427928185934888,20758.399238586426,15968,-52.72226473211755,44000,Neutral,59.67742338637188,1.158,1.134,1.1806,1.3839,1.5111,14.170000076293944,1.4517,SLDP,0.4433,Neutral,0.4614,0.4224,44.81649294316372,132,545.0399780273438,0.0,0.0
2024-12-21,1.2999999523162842,1.1399999856948853,1.2999999523162842,1.100000023841858,1.2999999523162842,6629600.0,20758.643517868284,0,0.24427928185934888,20758.399238586426,15968,-52.72226473211755,44000,Neutral,59.67742338637188,1.158,1.134,1.1806,1.3839,1.5111,14.170000076293944,1.4517,SLDP,0.4433,Neutral,0.4614,0.4224,44.81649294316372,132,545.0399780273438,0.0,0.0
2024-12-22,1.2999999523162842,1.1399999856948853,1.2999999523162842,1.100000023841858,1.2999999523162842,6629600.0,20758.643517868284,0,0.24427928185934888,20758.399238586426,15968,-52.72226473211755,44000,Neutral,59.67742338637188,1.158,1.134,1.1806,1.3839,1.5111,14.170000076293944,1.4517,SLDP,0.4433,Neutral,0.4614,0.4224,44.81649294316372,132,545.0399780273438,0.0,0.0
2024-12-23,1.4199999570846558,1.309999942779541,1.440000057220459,1.2699999809265137,1.4199999570846558,5198100.0,22674.80359400964,0,0.24427928185934888,22674.559314727783,15968,-48.36735546815992,44000,Neutral,71.0144955078818,1.224,1.15,1.1814,1.3814,1.5114,14.170000076293944,2.5889,SLDP,0.453,Neutral,0.4379,0.4036,46.30728563522099,132,547.1900024414062,1.739,0.0
2024-12-24,1.5,1.4600000381469729,1.559999942779541,1.399999976158142,1.5,3766200.0,23952.24427928186,0,0.24427928185934888,23952.0,15968,-45.46408118345035,44000,Neutral,78.08219334671634,1.306,1.167,1.1839,1.3798,1.5123,14.170000076293944,3.5396,SLDP,0.4771,Neutral,0.406,0.4037,48.465454173632466,132,552.8200073242188,0.0,0.0
2024-12-25,1.5,1.4600000381469729,1.559999942779541,1.399999976158142,1.5,3766200.0,23952.24427928186,0,0.24427928185934888,23952.0,15968,-45.46408118345035,44000,Neutral,78.08219334671634,1.306,1.167,1.1839,1.3798,1.5123,14.170000076293944,3.5396,SLDP,0.4771,Neutral,0.406,0.4037,48.465454173632466,132,552.8200073242188,0.0,0.0
2024-12-26,1.950000047683716,1.600000023841858,1.9600000381469729,1.5499999523162842,1.950000047683716,15723100.0,31137.845040695436,0,0.24427928185934888,31137.600761413578,15968,-29.13317036205585,44000,Neutral,88.69566154840655,1.46,1.209,1.1954,1.3819,1.5152,14.170000076293944,6.0745,SLDP,0.473,Neutral,0.4127,0.406,48.46161709680956,132,552.8099975585938,0.0,0.0
2024-12-27,2.130000114440918,2.6700000762939453,2.700000047683716,2.0199999809265137,2.130000114440918,48418600.0,34012.08610667444,0,0.24427928185934888,34011.84182739258,15968,-22.600804303012655,44000,Neutral,89.92248900155555,1.66,1.2595,1.2097,1.3854,1.5191,14.170000076293944,7.8589,SLDP,0.4468,Neutral,0.4248,0.4156,46.265124583788705,132,547.0800170898438,0.0,0.0
2024-12-28,2.130000114440918,2.6700000762939453,2.700000047683716,2.0199999809265137,2.130000114440918,48418600.0,34012.08610667444,0,0.24427928185934888,34011.84182739258,15968,-22.600804303012655,44000,Neutral,89.92248900155555,1.66,1.2595,1.2097,1.3854,1.5191,14.170000076293944,7.8589,SLDP,0.4468,Neutral,0.4248,0.4156,46.265124583788705,132,547.0800170898438,0.0,0.0
2024-12-29,2.130000114440918,2.6700000762939453,2.700000047683716,2.0199999809265137,2.130000114440918,48418600.0,34012.08610667444,0,0.24427928185934888,34011.84182739258,15968,-22.600804303012655,44000,Neutral,89.92248900155555,1.66,1.2595,1.2097,1.3854,1.5191,14.170000076293944,7.8589,SLDP,0.4468,Neutral,0.4248,0.4156,46.265124583788705,132,547.0800170898438,0.0,0.0
2024-12-30,2.140000104904175,2.130000114440918,2.470000028610229,1.9600000381469729,2.140000104904175,23567800.0,34171.765954391725,0,0.24427928185934888,34171.52167510986,15968,-22.237895558200638,44000,Neutral,89.43090352798467,1.828,1.3085,1.2244,1.3884,1.5231,14.170000076293944,8.2891,SLDP,0.4333,Neutral,0.4499,0.4285,43.930614289192334,132,540.989990234375,0.0,0.0
2024-12-31,1.8899999856948853,2.075000047683716,2.109999895095825,1.8799999952316284,1.8899999856948853,11385400.0,30179.764050857786,0,0.24427928185934888,30179.519771575928,15968,-31.31062715714141,44000,Neutral,74.82993213828861,1.922,1.344,1.2344,1.3877,1.5261,14.170000076293944,6.9087,SLDP,0.4296,Neutral,0.4484,0.4447,43.09495043014286,132,538.8099975585938,0.0,0.0
2025-01-01,1.8899999856948853,2.075000047683716,2.109999895095825,1.8799999952316284,1.8899999856948853,11385400.0,31178.76613086534,0,1.3263668425131527,31177.439764022827,16496,-30.614853042521485,45000,"cash_0%_Buy 100% of cash (528 shares - DCA Strategy) Monthly invest 2.2% of total investment ($1,000.00)",74.82993213828861,1.922,1.344,1.2344,1.3877,1.5261,14.170000076293944,6.9087,SLDP,0.4296,Neutral,0.4484,0.4447,42.10499971453379,136,538.8099975585938,0.0,0.0
2025-01-02,2.069999933242798,1.9600000381469729,2.0899999141693115,1.830000042915344,2.069999933242798,9795600.0,34148.04526561571,0,1.3263668425131527,34146.71889877319,16496,-24.01645496529845,45000,Neutral,78.52760583645758,2.036,1.391,1.2479,1.3871,1.5298,14.170000076293944,6.2325,SLDP,0.417,Neutral,0.4524,0.4903,41.58730265497246,136,537.4600219726562,0.0,0.0
2025-01-03,2.2100000381469727,2.115000009536743,2.2699999809265137,1.9900000095367432,2.2100000381469727,11864200.0,36457.486996114974,0,1.3263668425131527,36456.16062927246,16496,-18.884362230855633,45000,Neutral,81.14285597509276,2.088,1.447,1.2641,1.3875,1.5341,14.170000076293944,5.8064,SLDP,0.4345,Neutral,0.425,0.5188,44.24869808663097,136,544.4000244140625,0.0,0.0
2025-01-04,2.2100000381469727,2.115000009536743,2.2699999809265137,1.9900000095367432,2.2100000381469727,11864200.0,36457.486996114974,0,1.3263668425131527,36456.16062927246,16496,-18.884362230855633,45000,Neutral,81.14285597509276,2.088,1.447,1.2641,1.3875,1.5341,14.170000076293944,5.8064,SLDP,0.4345,Neutral,0.425,0.5188,44.24869808663097,136,544.4000244140625,0.0,0.0
2025-01-05,2.2100000381469727,2.115000009536743,2.2699999809265137,1.9900000095367432,2.2100000381469727,11864200.0,36457.486996114974,0,1.3263668425131527,36456.16062927246,16496,-18.884362230855633,45000,Neutral,81.14285597509276,2.088,1.447,1.2641,1.3875,1.5341,14.170000076293944,5.8064,SLDP,0.4345,Neutral,0.425,0.5188,44.24869808663097,136,544.4000244140625,0.0,0.0
2025-01-06,2.009999990463257,2.200000047683716,2.3299999237060547,1.9700000286102293,2.009999990463257,11718300.0,33158.2862095244,0,1.3263668425131527,33156.959842681885,16496,-26.215919534390242,45000,Neutral,73.95832977619887,2.064,1.4945,1.2767,1.3856,1.5363,14.170000076293944,4.3366,SLDP,0.433,Neutral,0.4211,0.5345,45.46434290905785,136,547.5700073242188,0.0,0.0
2025-01-07,1.9900000095367432,2.009999990463257,2.119999885559082,1.950000047683716,1.9900000095367432,5175300.0,32828.36652416063,0,1.3263668425131527,32827.040157318115,16496,-26.94907439075418,45000,Neutral,73.19587356467267,2.034,1.539,1.2892,1.3838,1.539,14.170000076293944,2.9792,SLDP,0.4118,Neutral,0.4437,0.5515,43.102054572260286,136,541.4099731445312,0.0,0.0
2025-01-08,1.820000052452088,1.8600000143051147,1.870000004768372,1.649999976158142,1.820000052452088,7409600.0,30024.047232092158,0,1.3263668425131527,30022.720865249645,16496,-33.180895039795224,45000,Neutral,67.29857755642894,2.02,1.5715,1.2981,1.3813,1.5407,14.170000076293944,1.2539,SLDP,0.4209,Neutral,0.4437,0.5574,43.38201544256562,136,542.1400146484375,0.0,0.0
2025-01-09,1.820000052452088,1.8600000143051147,1.870000004768372,1.649999976158142,1.820000052452088,7409600.0,30024.047232092158,0,1.3263668425131527,30022.720865249645,16496,-33.180895039795224,45000,Neutral,67.29857755642894,2.02,1.5715,1.2981,1.3813,1.5407,14.170000076293944,1.2539,SLDP,0.4209,Neutral,0.4437,0.5574,43.38201544256562,136,542.1400146484375,0.0,0.0
2025-01-10,1.75,1.7799999713897705,1.870000004768372,1.7109999656677246,1.75,3838000.0,28869.326366842513,0,1.3263668425131527,28868.0,16496,-35.74694140701665,45000,Neutral,63.636363117837,1.956,1.601,1.3059,1.3787,1.5419,14.170000076293944,-0.2548,SLDP,0.3836,Neutral,0.4646,0.5956,40.21825397467569,136,533.8900146484375,0.0,0.0
2025-01-11,1.75,1.7799999713897705,1.870000004768372,1.7109999656677246,1.75,3838000.0,28869.326366842513,0,1.3263668425131527,28868.0,16496,-35.74694140701665,45000,Neutral,63.636363117837,1.956,1.601,1.3059,1.3787,1.5419,14.170000076293944,-0.2548,SLDP,0.3836,Neutral,0.4646,0.5956,40.21825397467569,136,533.8900146484375,0.0,0.0
2025-01-12,1.75,1.7799999713897705,1.870000004768372,1.7109999656677246,1.75,3838000.0,28869.326366842513,0,1.3263668425131527,28868.0,16496,-35.74694140701665,45000,Neutral,63.636363117837,1.956,1.601,1.3059,1.3787,1.5419,14.170000076293944,-0.2548,SLDP,0.3836,Neutral,0.4646,0.5956,40.21825397467569,136,533.8900146484375,0.0,0.0
2025-01-13,1.7100000381469729,1.6549999713897705,1.7200000286102295,1.590000033378601,1.7100000381469729,4729300.0,28209.486996114978,0,1.3263668425131527,28208.160629272465,16496,-37.213251119744506,45000,Neutral,63.94230683813623,1.856,1.6295,1.3131,1.3756,1.5418,14.170000076293944,-1.444,SLDP,0.3863,Neutral,0.4605,0.6493,40.48286041550857,136,534.5800170898438,0.0,0.0
2025-01-14,1.5449999570846558,1.7899999618530271,1.809999942779541,1.4900000095367432,1.5449999570846558,5681500.0,25487.645658910995,0,1.3263668425131527,25486.31929206848,16496,-43.26178742464225,45000,Neutral,55.903613419573816,1.763,1.6508,1.3175,1.3708,1.5414,14.170000076293944,-2.8191,SLDP,0.3898,Neutral,0.4526,0.6745,40.74362824897331,136,535.260009765625,0.0,0.0
2025-01-15,1.649999976158142,1.5499999523162842,1.7480000257492063,1.5499999523162842,1.649999976158142,4617200.0,27219.725973547225,0,1.3263668425131527,27218.399606704712,16496,-39.412720058783954,45000,GeoWatch,55.58252359764766,1.695,1.6788,1.3242,1.3676,1.5416,14.170000076293944,-3.2629,SLDP,0.4209,GeoWatch,0.4195,0.7264,44.497950097991364,136,545.0499877929688,0.0,0.0
2025-01-16,1.6299999952316284,1.6699999570846558,1.7200000286102295,1.600000023841858,1.6299999952316284,2213300.0,26889.806288183456,0,1.3263668425131527,26888.479921340942,16496,-40.14587491514789,45000,GeoWatch,53.24999929964555,1.657,1.7058,1.3302,1.3644,1.5409,14.170000076293944,-3.5454,SLDP,0.4182,GeoWatch,0.4277,0.759,44.18732718102608,136,544.239990234375,0.0,0.0
2025-01-17,1.659999966621399,1.659999966621399,1.7300000190734863,1.6299999952316284,1.659999966621399,2425800.0,27384.68581622911,0,1.3263668425131527,27383.359449386597,16496,-39.046142630602,45000,GeoWatch,40.82278387895339,1.639,1.7343,1.3373,1.3616,1.5408,14.170000076293944,-3.5191,SLDP,0.4254,GeoWatch,0.4158,0.7605,46.189137517357764,136,549.4600219726562,0.0,0.0
2025-01-18,1.659999966621399,1.659999966621399,1.7300000190734863,1.6299999952316284,1.659999966621399,2425800.0,27384.68581622911,0,1.3263668425131527,27383.359449386597,16496,-39.046142630602,45000,GeoWatch,40.82278387895339,1.639,1.7343,1.3373,1.3616,1.5408,14.170000076293944,-3.5191,SLDP,0.4254,GeoWatch,0.4158,0.7605,46.189137517357764,136,549.4600219726562,0.0,0.0
2025-01-19,1.659999966621399,1.659999966621399,1.7300000190734863,1.6299999952316284,1.659999966621399,2425800.0,27384.68581622911,0,1.3263668425131527,27383.359449386597,16496,-39.046142630602,45000,GeoWatch,40.82278387895339,1.639,1.7343,1.3373,1.3616,1.5408,14.170000076293944,-3.5191,SLDP,0.4254,GeoWatch,0.4158,0.7605,46.189137517357764,136,549.4600219726562,0.0,0.0
2025-01-20,1.659999966621399,1.659999966621399,1.7300000190734863,1.6299999952316284,1.659999966621399,2425800.0,27384.68581622911,0,1.3263668425131527,27383.359449386597,16496,-39.046142630602,45000,GeoWatch,40.82278387895339,1.639,1.7343,1.3373,1.3616,1.5408,14.170000076293944,-3.5191,SLDP,0.4254,GeoWatch,0.4158,0.7605,46.189137517357764,136,549.4600219726562,0.0,0.0
2025-01-21,1.4900000095367432,1.6200000047683716,1.6200000047683716,1.4600000381469729,1.4900000095367432,5214100.0,24580.36652416063,0,1.3263668425131527,24579.040157318115,16496,-45.27796327964306,45000,GeoWatch,29.61783328256182,1.595,1.7498,1.3417,1.3583,1.5406,14.170000076293944,-4.0445,SLDP,0.4468,GeoWatch,0.4039,0.736,48.10656871001831,136,554.4600219726562,0.0,0.0
2025-01-22,1.590000033378601,1.4900000095367432,1.6100000143051147,1.4500000476837158,1.590000033378601,3708500.0,26229.966917455917,0,1.3263668425131527,26228.640550613403,16496,-41.612184627875756,45000,GeoWatch,33.43373483160721,1.604,1.7728,1.3482,1.356,1.5403,14.170000076293944,-3.8627,SLDP,0.4442,GeoWatch,0.4034,0.7006,49.31453631770894,136,557.6099853515625,0.0,0.0
2025-01-23,1.5800000429153442,1.5499999523162842,1.649999976158142,1.5299999713897705,1.5800000429153442,2617500.0,26065.007074774032,0,1.3263668425131527,26063.68070793152,16496,-41.978762056057725,45000,Neutral,39.08450964352731,1.59,1.7868,1.354,1.3535,1.5404,14.170000076293944,-3.654,SLDP,0.4412,Neutral,0.4014,0.6681,50.49951909347588,136,560.7000122070312,0.0,0.0
2025-01-24,1.5399999618530271,1.5700000524520874,1.649999976158142,1.5299999713897705,1.5399999618530271,2028300.0,25405.16573757005,0,1.3263668425131527,25403.839370727535,16496,-43.44507613873324,45000,Neutral,29.296879511092985,1.572,1.7928,1.3592,1.3521,1.5402,14.170000076293944,-3.5483,SLDP,0.4436,Neutral,0.3989,0.6464,49.85142641411092,136,559.010009765625,0.0,0.0
2025-01-25,1.5399999618530271,1.5700000524520874,1.649999976158142,1.5299999713897705,1.5399999618530271,2028300.0,25405.16573757005,0,1.3263668425131527,25403.839370727535,16496,-43.44507613873324,45000,Neutral,29.296879511092985,1.572,1.7928,1.3592,1.3521,1.5402,14.170000076293944,-3.5483,SLDP,0.4436,Neutral,0.3989,0.6464,49.85142641411092,136,559.010009765625,0.0,0.0
2025-01-26,1.5399999618530271,1.5700000524520874,1.649999976158142,1.5299999713897705,1.5399999618530271,2028300.0,25405.16573757005,0,1.3263668425131527,25403.839370727535,16496,-43.44507613873324,45000,Neutral,29.296879511092985,1.572,1.7928,1.3592,1.3521,1.5402,14.170000076293944,-3.5483,SLDP,0.4436,Neutral,0.3989,0.6464,49.85142641411092,136,559.010009765625,0.0,0.0
2025-01-27,1.5,1.5099999904632568,1.5950000286102295,1.4500000476837158,1.5,2701500.0,24745.326366842513,0,1.3263668425131527,24744.0,16496,-44.91138585146109,45000,Neutral,19.915254322902385,1.54,1.7928,1.3632,1.3509,1.5396,14.170000076293944,-3.5083,SLDP,0.419,Neutral,0.445,0.6154,46.86789224338273,136,551.22998046875,0.0,0.0
2025-01-28,1.4900000095367432,1.559999942779541,1.559999942779541,1.4299999475479126,1.4900000095367432,1767600.0,24580.36652416063,0,1.3263668425131527,24579.040157318115,16496,-45.27796327964306,45000,Neutral,23.737374953670937,1.54,1.7698,1.3672,1.3501,1.5385,14.170000076293944,-3.3875,SLDP,0.4357,Neutral,0.4238,0.6015,48.63959679290963,136,555.8499755859375,0.0,0.0
2025-01-29,1.4199999570846558,1.4900000095367432,1.5099999904632568,1.409999966621399,1.4199999570846558,1446200.0,23425.645658910995,0,1.3263668425131527,23424.31929206848,16496,-47.84400964686447,45000,Neutral,22.59615346039897,1.506,1.7343,1.3702,1.3487,1.5377,14.170000076293944,-3.4582,SLDP,0.4305,Neutral,0.4261,0.579,47.70388943464559,136,553.4099731445312,0.0,0.0
2025-01-30,1.3899999856948853,1.4199999570846558,1.4900000095367432,1.350000023841858,1.3899999856948853,2452100.0,22930.76613086534,0,1.3263668425131527,22929.439764022827,16496,-48.943741931410365,45000,Neutral,26.11110993373553,1.468,1.6967,1.3737,1.3497,1.5363,14.170000076293944,-3.4829,SLDP,0.4292,Neutral,0.4173,0.5665,48.81217028147762,136,556.2999877929688,0.0,0.0
2025-01-31,1.3899999856948853,1.399999976158142,1.4950000047683716,1.3600000143051147,1.3899999856948853,2902400.0,22930.76613086534,0,1.3263668425131527,22929.439764022827,16496,-48.943741931410365,45000,Neutral,28.31325327161261,1.438,1.6717,1.3775,1.3498,1.5345,14.170000076293944,-3.347,SLDP,0.4186,Neutral,0.4235,0.5543,47.673227387985634,136,553.3300170898438,0.0,0.0
2025-02-01,1.3899999856948853,1.399999976158142,1.4950000047683716,1.3600000143051147,1.3899999856948853,2902400.0,23929.766720875625,0,0.9169671381761191,23928.84975373745,17215,-47.87976799809649,46000,"cash_0%_Buy 100% of cash (719 shares - DCA Strategy) Monthly invest 2.2% of total investment ($1,000.00)",28.31325327161261,1.438,1.6717,1.3775,1.3498,1.5345,14.170000076293944,-3.347,SLDP,0.4186,Neutral,0.4235,0.5543,46.65211180651366,137,553.3300170898438,0.0,0.0
2025-02-02,1.3899999856948853,1.399999976158142,1.4950000047683716,1.3600000143051147,1.3899999856948853,2902400.0,23929.766720875625,0,0.9169671381761191,23928.84975373745,17215,-47.87976799809649,46000,Neutral,28.31325327161261,1.438,1.6717,1.3775,1.3498,1.5345,14.170000076293944,-3.347,SLDP,0.4186,Neutral,0.4235,0.5543,46.65211180651366,137,553.3300170898438,0.0,0.0
2025-02-03,1.3700000047683716,1.3300000429153442,1.399999976158142,1.309999942779541,1.3700000047683716,2460800.0,23585.467049225692,0,0.9169671381761191,23584.550082087517,17215,-48.628245545161555,46000,Neutral,29.01234522477792,1.412,1.6368,1.3808,1.3501,1.5328,14.170000076293944,-3.193,SLDP,0.4017,Neutral,0.4557,0.5629,45.269409946606004,137,549.7000122070312,0.0,0.0
2025-02-04,1.3799999952316284,1.3700000047683716,1.409999966621399,1.350000023841858,1.3799999952316284,2140100.0,23757.61688505066,0,0.9169671381761191,23756.699917912483,17215,-48.25400677162902,46000,Neutral,37.40458251448985,1.39,1.5952,1.3838,1.3503,1.5316,14.170000076293944,-2.9009,SLDP,0.4193,Neutral,0.4377,0.5683,46.65971417911665,137,553.3499755859375,0.0,0.0
2025-02-05,1.3700000047683716,1.3700000047683716,1.4299999475479126,1.3650000095367432,1.3700000047683716,2178600.0,23585.467049225692,0,0.9169671381761191,23584.550082087517,17215,-48.628245545161555,46000,Neutral,25.00000000000001,1.38,1.5632,1.3872,1.3497,1.5307,14.170000076293944,-2.6146,SLDP,0.4341,Neutral,0.4209,0.5548,47.52438525511096,137,555.6199951171875,0.0,0.0
2025-02-06,1.350000023841858,1.3799999952316284,1.409999966621399,1.350000023841858,1.350000023841858,1577500.0,23241.16737757576,0,0.9169671381761191,23240.250410437584,17215,-49.37672309222663,46000,Neutral,25.00000000000001,1.372,1.5312,1.39,1.3495,1.5299,14.170000076293944,-2.3852,SLDP,0.4328,Neutral,0.4154,0.5408,48.28620343692913,137,557.6199951171875,0.0,0.0
2025-02-07,1.3200000524520874,1.3899999856948853,1.409999966621399,1.2999999523162842,1.3200000524520874,1835800.0,22724.71787010086,0,0.9169671381761191,22723.800902962685,17215,-50.499439412824245,46000,Neutral,19.642861704437564,1.358,1.5062,1.3927,1.3486,1.5288,14.170000076293944,-2.2444,SLDP,0.4188,Neutral,0.4284,0.5328,46.22168267387869,137,552.2000122070312,0.0,0.0
2025-02-08,1.3200000524520874,1.3899999856948853,1.409999966621399,1.2999999523162842,1.3200000524520874,1835800.0,22724.71787010086,0,0.9169671381761191,22723.800902962685,17215,-50.499439412824245,46000,Neutral,19.642861704437564,1.358,1.5062,1.3927,1.3486,1.5288,14.170000076293944,-2.2444,SLDP,0.4188,Neutral,0.4284,0.5328,46.22168267387869,137,552.2000122070312,0.0,0.0
2025-02-09,1.3200000524520874,1.3899999856948853,1.409999966621399,1.2999999523162842,1.3200000524520874,1835800.0,22724.71787010086,0,0.9169671381761191,22723.800902962685,17215,-50.499439412824245,46000,Neutral,19.642861704437564,1.358,1.5062,1.3927,1.3486,1.5288,14.170000076293944,-2.2444,SLDP,0.4188,Neutral,0.4284,0.5328,46.22168267387869,137,552.2000122070312,0.0,0.0
2025-02-10,1.3300000429153442,1.3300000429153442,1.3600000143051147,1.2999999523162842,1.3300000429153442,2659100.0,22896.867705925826,0,0.9169671381761191,22895.95073878765,17215,-50.1252006392917,46000,Neutral,30.00000298023241,1.35,1.4853,1.3954,1.3478,1.5276,14.170000076293944,-1.9845,SLDP,0.4321,Neutral,0.4178,0.5366,47.72627823273879,137,556.1500244140625,0.0,0.0
2025-02-11,1.309999942779541,1.3300000429153442,1.3589999675750732,1.2999999523162842,1.309999942779541,1716700.0,22552.565982087974,0,0.9169671381761191,22551.6490149498,17215,-50.87368264763486,46000,Neutral,6.249993015081827,1.336,1.4652,1.3996,1.3467,1.5259,14.170000076293944,-1.7925,SLDP,0.4246,Neutral,0.4186,0.5536,47.91673277819335,137,556.6500244140625,0.0,0.0
2025-02-12,1.340000033378601,1.309999942779541,1.3799999952316284,1.2999999523162842,1.340000033378601,2316300.0,23069.017541750793,0,0.9169671381761191,23068.100574612617,17215,-49.750961865759166,46000,Neutral,14.705896790045898,1.33,1.455,1.4031,1.3458,1.5245,14.170000076293944,-1.4213,SLDP,0.4119,Neutral,0.4124,0.5565,47.215849821428435,137,554.8099975585938,0.0,0.0
2025-02-13,1.3700000047683716,1.3600000143051147,1.4299999475479126,1.340000033378601,1.3700000047683716,2978600.0,23585.467049225692,0,0.9169671381761191,23584.550082087517,17215,-48.628245545161555,46000,Neutral,24.24243409443038,1.334,1.441,1.4083,1.3451,1.5234,14.170000076293944,-0.9499,SLDP,0.4324,Neutral,0.4056,0.561,49.447971514432695,137,560.6699829101562,0.0,0.0
2025-02-14,1.3899999856948853,1.3700000047683716,1.4900000095367432,1.3700000047683716,1.3899999856948853,2390800.0,23929.766720875625,0,0.9169671381761191,23928.84975373745,17215,-47.87976799809649,46000,Neutral,32.25806575660006,1.348,1.429,1.4144,1.3449,1.5223,14.170000076293944,-0.4822,SLDP,0.4388,Neutral,0.4022,0.552,49.455597135881575,137,560.6900024414062,0.0,0.0
2025-02-15,1.3899999856948853,1.3700000047683716,1.4900000095367432,1.3700000047683716,1.3899999856948853,2390800.0,23929.766720875625,0,0.9169671381761191,23928.84975373745,17215,-47.87976799809649,46000,Neutral,32.25806575660006,1.348,1.429,1.4144,1.3449,1.5223,14.170000076293944,-0.4822,SLDP,0.4388,Neutral,0.4022,0.552,49.455597135881575,137,560.6900024414062,0.0,0.0
2025-02-16,1.3899999856948853,1.3700000047683716,1.4900000095367432,1.3700000047683716,1.3899999856948853,2390800.0,23929.766720875625,0,0.9169671381761191,23928.84975373745,17215,-47.87976799809649,46000,Neutral,32.25806575660006,1.348,1.429,1.4144,1.3449,1.5223,14.170000076293944,-0.4822,SLDP,0.4388,Neutral,0.4022,0.552,49.455597135881575,137,560.6900024414062,0.0,0.0
2025-02-17,1.3899999856948853,1.3700000047683716,1.4900000095367432,1.3700000047683716,1.3899999856948853,2390800.0,23929.766720875625,0,0.9169671381761191,23928.84975373745,17215,-47.87976799809649,46000,Neutral,32.25806575660006,1.348,1.429,1.4144,1.3449,1.5223,14.170000076293944,-0.4822,SLDP,0.4388,Neutral,0.4022,0.552,49.455597135881575,137,560.6900024414062,0.0,0.0
2025-02-18,1.4800000190734863,1.4500000476837158,1.5800000429153442,1.4299999475479126,1.4800000190734863,5179800.0,25479.117295488242,0,0.9169671381761191,25478.200328350067,17215,-44.51161457502558,46000,Neutral,48.71795028546032,1.378,1.42,1.4221,1.3444,1.5221,14.170000076293944,0.2798,SLDP,0.4255,Neutral,0.4066,0.5327,50.07266800324662,137,562.3099975585938,0.0,0.0
2025-02-19,1.4500000476837158,1.5299999713897705,1.5499999523162842,1.4500000476837158,1.4500000476837158,2879600.0,24962.667788013343,0,0.9169671381761191,24961.750820875168,17215,-45.63433089562319,46000,Neutral,54.285726936495166,1.406,1.418,1.4289,1.3444,1.5219,14.170000076293944,0.6379,SLDP,0.4286,Neutral,0.408,0.5432,50.590698787159965,137,563.6699829101562,0.0,0.0
2025-02-20,1.3899999856948853,1.4600000381469729,1.475000023841858,1.3700000047683716,1.3899999856948853,2376000.0,23929.766720875625,0,0.9169671381761191,23928.84975373745,17215,-47.87976799809649,46000,Neutral,50.0,1.416,1.408,1.4344,1.3439,1.5216,14.170000076293944,0.5882,SLDP,0.4285,Neutral,0.4133,0.554,49.68794610161309,137,561.2999877929688,0.0,0.0
2025-02-21,1.350000023841858,1.4199999570846558,1.4500000476837158,1.340000033378601,1.350000023841858,2443800.0,23241.16737757576,0,0.9169671381761191,23240.250410437584,17215,-49.37672309222663,46000,Neutral,45.23810064441125,1.412,1.3965,1.4391,1.3433,1.5209,14.170000076293944,0.3729,SLDP,0.4018,Neutral,0.4551,0.5458,46.05026893320044,137,551.75,0.0,0.0
2025-02-22,1.350000023841858,1.4199999570846558,1.4500000476837158,1.340000033378601,1.350000023841858,2443800.0,23241.16737757576,0,0.9169671381761191,23240.250410437584,17215,-49.37672309222663,46000,Neutral,45.23810064441125,1.412,1.3965,1.4391,1.3433,1.5209,14.170000076293944,0.3729,SLDP,0.4018,Neutral,0.4551,0.5458,46.05026893320044,137,551.75,0.0,0.0
2025-02-23,1.350000023841858,1.4199999570846558,1.4500000476837158,1.340000033378601,1.350000023841858,2443800.0,23241.16737757576,0,0.9169671381761191,23240.250410437584,17215,-49.37672309222663,46000,Neutral,45.23810064441125,1.412,1.3965,1.4391,1.3433,1.5209,14.170000076293944,0.3729,SLDP,0.4018,Neutral,0.4551,0.5458,46.05026893320044,137,551.75,0.0,0.0
2025-02-24,1.2699999809265137,1.350000023841858,1.3600000143051147,1.2699999809265137,1.2699999809265137,2742600.0,21863.966638788108,0,0.9169671381761191,21863.049671649933,17215,-52.370637741765,46000,Neutral,39.58333385073461,1.388,1.383,1.4419,1.342,1.5199,14.170000076293944,-0.1234,SLDP,0.3923,Neutral,0.4664,0.5431,45.05610178565074,137,549.1400146484375,0.0,0.0
2025-02-25,1.2000000476837158,1.2549999952316284,1.2769999504089355,1.190000057220459,1.2000000476837158,2736700.0,20658.917788013343,0,0.9169671381761191,20658.000820875168,17215,-54.99030915649274,46000,Neutral,33.333340691930346,1.332,1.368,1.4426,1.3401,1.5188,14.170000076293944,-0.7363,SLDP,0.3872,Neutral,0.4786,0.5079,44.016204158253686,137,546.4099731445312,0.0,0.0
2025-02-26,1.2100000381469729,1.2400000095367432,1.2999999523162842,1.2100000381469729,1.2100000381469729,2181900.0,20831.067623838313,0,0.9169671381761191,20830.150656700138,17215,-54.61607038296021,46000,Neutral,35.1851904997275,1.284,1.354,1.4443,1.3388,1.5177,14.170000076293944,-1.0203,SLDP,0.392,Neutral,0.4755,0.4745,44.145723478655,137,546.75,0.0,0.0
2025-02-27,1.2200000286102295,1.2599999904632568,1.3300000429153442,1.2200000286102295,1.2200000286102295,2265400.0,21003.217459663276,0,0.9169671381761191,21002.3004925251,17215,-54.241831609427685,46000,Neutral,37.73585160290358,1.25,1.344,1.4459,1.3379,1.5167,14.170000076293944,-1.0758,SLDP,0.3687,Neutral,0.5024,0.4582,40.80133050102717,137,537.969970703125,0.0,0.0
2025-02-28,1.2300000190734863,1.2000000476837158,1.25,1.149999976158142,1.2300000190734863,2988300.0,21175.367295488242,0,0.9169671381761191,21174.450328350067,17215,-53.86759283589515,46000,Neutral,41.17646921327262,1.226,1.336,1.4471,1.3377,1.5161,14.170000076293944,-0.9789,SLDP,0.3901,Neutral,0.4858,0.4405,43.985748170150046,137,546.3300170898438,0.0,0.0
2025-03-01,1.2300000190734863,1.2000000476837158,1.25,1.149999976158142,1.2300000190734863,2988300.0,22174.368535472757,0,1.1581916350177153,22173.210343837738,18027,-52.721492477717554,47000,"cash_0%_Buy 100% of cash (812 shares - DCA Strategy) Monthly invest 2.1% of total investment ($1,000.00)",41.17646921327262,1.226,1.336,1.4471,1.3377,1.5161,14.170000076293944,-0.9789,SLDP,0.3901,Neutral,0.4858,0.4405,43.00656647874651,139,546.3300170898438,0.0,0.0
2025-03-02,1.2300000190734863,1.2000000476837158,1.25,1.149999976158142,1.2300000190734863,2988300.0,22174.368535472757,0,1.1581916350177153,22173.210343837738,18027,-52.721492477717554,47000,Neutral,41.17646921327262,1.226,1.336,1.4471,1.3377,1.5161,14.170000076293944,-0.9789,SLDP,0.3901,Neutral,0.4858,0.4405,43.00656647874651,139,546.3300170898438,0.0,0.0
2025-03-03,1.1299999952316284,1.2300000190734863,1.25,1.1200000047683716,1.1299999952316284,4407900.0,20371.668105675584,0,1.1581916350177153,20370.509914040565,18027,-56.55702530707325,47000,Neutral,33.33333333333333,1.198,1.323,1.4463,1.3368,1.5151,14.170000076293944,-1.3303,SLDP,0.3593,Neutral,0.5355,0.4187,39.43753549708124,139,536.9199829101562,0.0,0.0
2025-03-04,1.1100000143051147,1.090000033378601,1.1399999856948853,1.059999942779541,1.1100000143051147,2811300.0,20011.128449513322,0,1.1581916350177153,20009.970257878304,18027,-57.324130958482314,47000,Neutral,33.333339956071384,1.18,1.31,1.4459,1.3357,1.5141,14.170000076293944,-1.5609,SLDP,0.3454,Neutral,0.5464,0.4176,36.98360967184193,139,530.4500122070312,0.0,0.0
2025-03-05,1.1299999952316284,1.1399999856948853,1.149999976158142,1.100000023841858,1.1299999952316284,1905200.0,20371.668105675584,0,1.1581916350177153,20370.509914040565,18027,-56.55702530707325,47000,Neutral,32.203384008738254,1.164,1.2975,1.4466,1.3349,1.5129,14.170000076293944,-1.496,SLDP,0.3589,Neutral,0.5177,0.3989,39.24032601342766,139,536.4000244140625,0.0,0.0
2025-03-06,1.149999976158142,1.1200000047683716,1.1699999570846558,1.090000033378601,1.149999976158142,1819900.0,20732.207761837846,0,1.1581916350177153,20731.049570202827,18027,-55.78991965566418,47000,Neutral,31.034477797472437,1.15,1.2865,1.4481,1.3334,1.5114,14.170000076293944,-1.2381,SLDP,0.3278,Neutral,0.5622,0.3877,35.54992288446863,139,526.6699829101562,0.0,0.0
2025-03-07,1.149999976158142,1.149999976158142,1.1749999523162842,1.1100000143051147,1.149999976158142,1321600.0,20732.207761837846,0,1.1581916350177153,20731.049570202827,18027,-55.78991965566418,47000,Neutral,28.571425530374952,1.134,1.2765,1.4489,1.3322,1.5096,14.170000076293944,-0.9689,SLDP,0.3384,Neutral,0.5387,0.3802,36.627086223344605,139,529.510009765625,0.0,0.0
2025-03-08,1.149999976158142,1.149999976158142,1.1749999523162842,1.1100000143051147,1.149999976158142,1321600.0,20732.207761837846,0,1.1581916350177153,20731.049570202827,18027,-55.78991965566418,47000,Neutral,28.571425530374952,1.134,1.2765,1.4489,1.3322,1.5096,14.170000076293944,-0.9689,SLDP,0.3384,Neutral,0.5387,0.3802,36.627086223344605,139,529.510009765625,0.0,0.0
2025-03-09,1.149999976158142,1.149999976158142,1.1749999523162842,1.1100000143051147,1.149999976158142,1321600.0,20732.207761837846,0,1.1581916350177153,20731.049570202827,18027,-55.78991965566418,47000,Neutral,28.571425530374952,1.134,1.2765,1.4489,1.3322,1.5096,14.170000076293944,-0.9689,SLDP,0.3384,Neutral,0.5387,0.3802,36.627086223344605,139,529.510009765625,0.0,0.0
2025-03-10,1.0700000524520874,1.1200000047683716,1.149999976158142,1.0499999523162842,1.0700000524520874,2278800.0,19290.0491371888,0,1.1581916350177153,19288.89094555378,18027,-58.85834226130044,47000,Neutral,12.727264451583991,1.122,1.264,1.4473,1.33,1.5075,14.170000076293944,-1.1274,SLDP,0.3045,Neutral,0.613,0.3756,31.317176313434686,139,515.510009765625,0.0,0.0
2025-03-11,1.1100000143051147,1.0800000429153442,1.1299999952316284,1.059999942779541,1.1100000143051147,1813500.0,20011.128449513322,0,1.1581916350177153,20009.970257878304,18027,-57.324130958482314,47000,Neutral,19.642844598508304,1.122,1.253,1.4464,1.3282,1.5055,14.170000076293944,-0.9139,SLDP,0.3011,Neutral,0.5994,0.3749,29.712820795196734,139,511.2799987792969,0.0,0.0
2025-03-12,1.1299999952316284,1.1200000047683716,1.1579999923706057,1.1100000143051147,1.1299999952316284,1442700.0,20371.668105675584,0,1.1581916350177153,20370.509914040565,18027,-56.55702530707325,47000,Neutral,24.99998853756263,1.122,1.244,1.4463,1.3266,1.5032,14.170000076293944,-0.5745,SLDP,0.323,Neutral,0.5597,0.3932,30.653437574695943,139,513.760009765625,0.0,0.0
2025-03-13,1.0800000429153442,1.149999976158142,1.156999945640564,1.0700000524520874,1.0800000429153442,1807000.0,19470.31896526993,0,1.1581916350177153,19469.16077363491,18027,-58.474789435595916,47000,Neutral,24.528290852819183,1.108,1.231,1.4456,1.3246,1.4997,14.170000076293944,-0.5504,SLDP,0.3089,Neutral,0.5748,0.4016,28.108465276958782,139,507.0499877929688,0.0,0.0
2025-03-14,1.1299999952316284,1.1100000143051147,1.1449999809265137,1.100000023841858,1.1299999952316284,1356000.0,20371.668105675584,0,1.1581916350177153,20370.509914040565,18027,-56.55702530707325,47000,Neutral,35.99999141692501,1.104,1.219,1.4463,1.3229,1.496,14.170000076293944,-0.1806,SLDP,0.3357,Neutral,0.5259,0.4123,32.05677553790329,139,517.4600219726562,0.0,0.0
2025-03-15,1.1299999952316284,1.1100000143051147,1.1449999809265137,1.100000023841858,1.1299999952316284,1356000.0,20371.668105675584,0,1.1581916350177153,20370.509914040565,18027,-56.55702530707325,47000,Neutral,35.99999141692501,1.104,1.219,1.4463,1.3229,1.496,14.170000076293944,-0.1806,SLDP,0.3357,Neutral,0.5259,0.4123,32.05677553790329,139,517.4600219726562,0.0,0.0
2025-03-16,1.1299999952316284,1.1100000143051147,1.1449999809265137,1.100000023841858,1.1299999952316284,1356000.0,20371.668105675584,0,1.1581916350177153,20370.509914040565,18027,-56.55702530707325,47000,Neutral,35.99999141692501,1.104,1.219,1.4463,1.3229,1.496,14.170000076293944,-0.1806,SLDP,0.3357,Neutral,0.5259,0.4123,32.05677553790329,139,517.4600219726562,0.0,0.0
2025-03-17,1.149999976158142,1.1299999952316284,1.159999966621399,1.1299999952316284,1.149999976158142,1203100.0,20732.207761837846,0,1.1581916350177153,20731.049570202827,18027,-55.78991965566418,47000,Neutral,44.44443267067934,1.12,1.207,1.4473,1.3203,1.4925,14.170000076293944,0.2286,SLDP,0.3469,Neutral,0.5049,0.4324,33.55491017156038,139,521.4099731445312,0.0,0.0
2025-03-18,1.1299999952316284,1.1399999856948853,1.149999976158142,1.1100000143051147,1.1299999952316284,1194300.0,20371.668105675584,0,1.1581916350177153,20370.509914040565,18027,-56.55702530707325,47000,Neutral,41.30433712203176,1.124,1.1895,1.4479,1.3184,1.4893,14.170000076293944,0.4217,SLDP,0.3397,Neutral,0.5255,0.444,31.468874135524345,139,515.9099731445312,0.0,0.0
2025-03-19,1.100000023841858,1.1200000047683716,1.149999976158142,1.100000023841858,1.100000023841858,1602200.0,19830.85862143219,0,1.1581916350177153,19829.700429797173,18027,-57.70768378418685,47000,Neutral,37.49999068676768,1.118,1.172,1.4466,1.3158,1.4862,14.170000076293944,0.411,SLDP,0.3547,Neutral,0.4985,0.4453,33.524584496764504,139,521.3300170898438,0.0,0.0
2025-03-20,1.100000023841858,1.100000023841858,1.1200000047683716,1.090000033378601,1.100000023841858,937700.0,19830.85862143219,0,1.1581916350177153,19829.700429797173,18027,-57.70768378418685,47000,Neutral,36.170203591854495,1.122,1.1575,1.4461,1.3137,1.4831,14.170000076293944,0.4365,SLDP,0.3622,Neutral,0.4969,0.4666,33.069444731755354,139,520.1300048828125,0.0,0.0
2025-03-21,1.1100000143051147,1.100000023841858,1.149999976158142,1.0950000286102295,1.1100000143051147,2028100.0,20011.128449513322,0,1.1581916350177153,20009.970257878304,18027,-57.324130958482314,47000,Neutral,47.368421052631575,1.118,1.1455,1.4429,1.3117,1.48,14.170000076293944,0.5391,SLDP,0.3697,Neutral,0.4899,0.4801,33.11875289001128,139,520.260009765625,0.0,0.0
2025-03-22,1.1100000143051147,1.100000023841858,1.149999976158142,1.0950000286102295,1.1100000143051147,2028100.0,20011.128449513322,0,1.1581916350177153,20009.970257878304,18027,-57.324130958482314,47000,Neutral,47.368421052631575,1.118,1.1455,1.4429,1.3117,1.48,14.170000076293944,0.5391,SLDP,0.3697,Neutral,0.4899,0.4801,33.11875289001128,139,520.260009765625,0.0,0.0
2025-03-23,1.1100000143051147,1.100000023841858,1.149999976158142,1.0950000286102295,1.1100000143051147,2028100.0,20011.128449513322,0,1.1581916350177153,20009.970257878304,18027,-57.324130958482314,47000,Neutral,47.368421052631575,1.118,1.1455,1.4429,1.3117,1.48,14.170000076293944,0.5391,SLDP,0.3697,Neutral,0.4899,0.4801,33.11875289001128,139,520.260009765625,0.0,0.0
2025-03-24,1.149999976158142,1.1200000047683716,1.159999966621399,1.1200000047683716,1.149999976158142,1223900.0,20732.207761837846,0,1.1581916350177153,20731.049570202827,18027,-55.78991965566418,47000,Neutral,55.0,1.118,1.1395,1.4384,1.3099,1.4772,14.170000076293944,0.8532,SLDP,0.3874,Neutral,0.4532,0.4949,36.58157456178071,139,529.3900146484375,0.0,0.0
2025-03-25,1.1200000047683716,1.1699999570846558,1.1699999570846558,1.1100000143051147,1.1200000047683716,1273600.0,20191.398277594453,0,1.1581916350177153,20190.240085959435,18027,-56.94057813277777,47000,Neutral,48.78048780487805,1.116,1.1355,1.4321,1.308,1.4742,14.170000076293944,0.891,SLDP,0.3943,Neutral,0.4508,0.5084,37.05947015757181,139,530.6500244140625,0.0,0.0
2025-03-26,1.090000033378601,1.1200000047683716,1.1299999952316284,1.0800000429153442,1.090000033378601,986600.0,19650.58879335106,0,1.1581916350177153,19649.43060171604,18027,-58.091236609891375,47000,Neutral,42.85714285714285,1.114,1.1295,1.4178,1.3066,1.4714,14.170000076293944,0.7494,SLDP,0.3778,Neutral,0.4708,0.5239,34.71173049285825,139,524.4600219726562,0.0,0.0
2025-03-27,1.1100000143051147,1.090000033378601,1.1200000047683716,1.0700000524520874,1.1100000143051147,942600.0,20011.128449513322,0,1.1581916350177153,20009.970257878304,18027,-57.324130958482314,47000,Neutral,45.45454545454546,1.116,1.124,1.4008,1.3052,1.4689,14.170000076293944,0.7815,SLDP,0.3739,Neutral,0.4774,0.5322,34.16632688925465,139,521.2100219726562,1.812,0.0
2025-03-28,1.0800000429153442,1.100000023841858,1.100000023841858,1.0700000524520874,1.0800000429153442,1289100.0,19470.31896526993,0,1.1581916350177153,19469.16077363491,18027,-58.474789435595916,47000,Neutral,51.28205128205128,1.11,1.1165,1.3831,1.3037,1.4666,14.170000076293944,0.6373,SLDP,0.3452,Neutral,0.5347,0.5327,30.21801662831014,139,510.7999877929688,0.0,0.0
2025-03-29,1.0800000429153442,1.100000023841858,1.100000023841858,1.0700000524520874,1.0800000429153442,1289100.0,19470.31896526993,0,1.1581916350177153,19469.16077363491,18027,-58.474789435595916,47000,Neutral,51.28205128205128,1.11,1.1165,1.3831,1.3037,1.4666,14.170000076293944,0.6373,SLDP,0.3452,Neutral,0.5347,0.5327,30.21801662831014,139,510.7999877929688,0.0,0.0
2025-03-30,1.0800000429153442,1.100000023841858,1.100000023841858,1.0700000524520874,1.0800000429153442,1289100.0,19470.31896526993,0,1.1581916350177153,19469.16077363491,18027,-58.474789435595916,47000,Neutral,51.28205128205128,1.11,1.1165,1.3831,1.3037,1.4666,14.170000076293944,0.6373,SLDP,0.3452,Neutral,0.5347,0.5327,30.21801662831014,139,510.7999877929688,0.0,0.0
2025-03-31,1.0499999523162842,1.0700000524520874,1.0700000524520874,1.0299999713897705,1.0499999523162842,2038600.0,18929.507332040674,0,1.1581916350177153,18928.349140405655,18027,-59.625452485019856,47000,Neutral,42.10524994910074,1.09,1.1125,1.3691,1.3017,1.4644,14.170000076293944,0.3852,SLDP,0.3375,Neutral,0.5475,0.5535,31.39756963101985,139,513.9099731445312,0.0,0.0
2025-04-01,1.0399999618530271,1.0499999523162842,1.0800000429153442,1.0199999809265137,1.0399999618530271,1448000.0,19748.2380639962,0,0.7187883309180734,19747.51927566528,18988,-58.7588373666746,48000,"cash_0%_Buy 100% of cash (961 shares - DCA Strategy) Monthly invest 2.1% of total investment ($1,000.00)",37.83782564696048,1.074,1.109,1.3519,1.2999,1.4621,14.170000076293944,0.1894,SLDP,0.3503,Neutral,0.5427,0.5694,31.24910153727754,143,515.7999877929688,0.0,0.0
2025-04-02,1.0499999523162842,1.0299999713897705,1.0789999961853027,1.0299999713897705,1.0499999523162842,1755800.0,19938.117882912524,0,0.7187883309180734,19937.399094581604,18988,-58.363254410598934,48000,Neutral,45.4545290345234,1.066,1.105,1.3326,1.2983,1.4599,14.170000076293944,0.1549,SLDP,0.3553,Neutral,0.5338,0.5875,32.42922990729009,143,518.9099731445312,0.0,0.0
2025-04-03,1.0099999904632568,1.0199999809265137,1.0499999523162842,1.0,1.0099999904632568,2852500.0,19178.59860724724,0,0.7187883309180734,19177.87981891632,18988,-59.945586234901604,48000,RiskWatch,31.24998835846108,1.046,1.098,1.3159,1.2963,1.4575,14.170000076293944,-0.0685,SLDP,0.2754,RiskWatch,0.681,0.5462,23.0375004161925,143,494.1600036621094,0.0,0.0
2025-04-04,0.9729999899864196,1.0,1.0099999904632568,0.9509999752044678,0.9729999899864196,4667200.0,18476.042598193053,0,0.7187883309180734,18475.323809862133,18988,-61.409244587097824,48000,RiskWatch,23.738861487049988,1.0246,1.0892,1.299,1.2941,1.4547,14.170000076293944,-0.3879,SLDP,0.2313,RiskWatch,0.7358,0.4949,12.169637714776485,143,465.5199890136719,0.0,0.0
2025-04-05,0.9729999899864196,1.0,1.0099999904632568,0.9509999752044678,0.9729999899864196,4667200.0,18476.042598193053,0,0.7187883309180734,18475.323809862133,18988,-61.409244587097824,48000,RiskWatch,23.738861487049988,1.0246,1.0892,1.299,1.2941,1.4547,14.170000076293944,-0.3879,SLDP,0.2313,RiskWatch,0.7358,0.4949,12.169637714776485,143,465.5199890136719,0.0,0.0
2025-04-06,0.9729999899864196,1.0,1.0099999904632568,0.9509999752044678,0.9729999899864196,4667200.0,18476.042598193053,0,0.7187883309180734,18475.323809862133,18988,-61.409244587097824,48000,RiskWatch,23.738861487049988,1.0246,1.0892,1.299,1.2941,1.4547,14.170000076293944,-0.3879,SLDP,0.2313,RiskWatch,0.7358,0.4949,12.169637714776485,143,465.5199890136719,0.0,0.0
2025-04-07,0.9269999861717224,0.7300000190734863,0.9539999961853028,0.6800000071525574,0.9269999861717224,5711800.0,17602.594525759585,0,0.7187883309180734,17601.875737428665,18988,-63.228928071334224,48000,RiskWatch,22.038555189407404,1.0,1.082,1.2841,1.2911,1.4516,14.170000076293944,-0.8127,SLDP,0.2232,RiskWatch,0.733,0.4249,11.42589095726916,143,463.55999755859375,0.0,0.0
2025-04-08,0.9359999895095824,0.9490000009536744,0.9890000224113464,0.9300000071525574,0.9359999895095824,2808900.0,17773.48658913887,0,0.7187883309180734,17772.76780080795,18988,-62.87290293929404,48000,RiskWatch,26.02337897098647,0.9792,1.0733,1.2705,1.2882,1.4484,14.170000076293944,-0.9515,SLDP,0.2148,RiskWatch,0.7282,0.3482,8.837941749418306,143,456.739990234375,0.0,0.0
2025-04-09,1.0399999618530271,0.9279999732971193,1.090000033378601,0.9229999780654908,1.0399999618530271,2837200.0,19748.2380639962,0,0.7187883309180734,19747.51927566528,18988,-58.7588373666746,48000,RiskWatch,43.27353355154518,0.9772,1.0688,1.2594,1.2862,1.4457,14.170000076293944,-0.3057,SLDP,0.2429,RiskWatch,0.7091,0.3133,24.91205491404756,143,499.1000061035156,0.0,0.0
2025-04-10,1.0199999809265137,1.0199999809265137,1.0499999523162842,0.9829999804496764,1.0199999809265137,2254900.0,19368.47842616356,0,0.7187883309180734,19367.75963783264,18988,-59.55000327882593,48000,RiskWatch,40.131572067790366,0.9792,1.0658,1.2506,1.284,1.4431,14.170000076293944,0.0424,SLDP,0.22,RiskWatch,0.7181,0.325,18.445980242983453,143,482.05999755859375,0.0,0.0
2025-04-11,1.1299999952316284,1.0199999809265137,1.1299999952316284,1.0149999856948853,1.1299999952316284,2097900.0,21457.15869778908,0,0.7187883309180734,21456.43990945816,18988,-55.198586046272766,48000,RiskWatch,48.09886078052183,1.0106,1.0658,1.2419,1.283,1.4407,14.170000076293944,0.9838,SLDP,0.2187,RiskWatch,0.7092,0.3427,21.667628322991845,143,490.5499877929688,0.0,0.0
2025-04-12,1.1299999952316284,1.0199999809265137,1.1299999952316284,1.0149999856948853,1.1299999952316284,2097900.0,21457.15869778908,0,0.7187883309180734,21456.43990945816,18988,-55.198586046272766,48000,RiskWatch,48.09886078052183,1.0106,1.0658,1.2419,1.283,1.4407,14.170000076293944,0.9838,SLDP,0.2187,RiskWatch,0.7092,0.3427,21.667628322991845,143,490.5499877929688,0.0,0.0
2025-04-13,1.1299999952316284,1.0199999809265137,1.1299999952316284,1.0149999856948853,1.1299999952316284,2097900.0,21457.15869778908,0,0.7187883309180734,21456.43990945816,18988,-55.198586046272766,48000,RiskWatch,48.09886078052183,1.0106,1.0658,1.2419,1.283,1.4407,14.170000076293944,0.9838,SLDP,0.2187,RiskWatch,0.7092,0.3427,21.667628322991845,143,490.5499877929688,0.0,0.0
2025-04-14,1.1200000047683716,1.149999976158142,1.149999976158142,1.100000023841858,1.1200000047683716,1782600.0,21267.27887887276,0,0.7187883309180734,21266.56009054184,18988,-55.59416900234844,48000,RiskWatch,50.0,1.0492,1.0643,1.2334,1.2818,1.4384,14.170000076293944,1.507,SLDP,0.2476,RiskWatch,0.6651,0.3626,23.538396052614786,143,495.4800109863281,0.0,0.0
2025-04-15,1.0700000524520874,1.100000023841858,1.1200000047683716,1.059999942779541,1.0700000524520874,1075400.0,20317.879784291155,0,0.7187883309180734,20317.160995960236,18988,-57.57208378272678,48000,RiskWatch,48.09886078052183,1.076,1.0613,1.2236,1.2805,1.4358,14.170000076293944,1.4989,SLDP,0.2542,RiskWatch,0.6559,0.3763,23.010935136913062,143,494.0899963378906,0.0,0.0
2025-04-16,1.059999942779541,1.0399999618530271,1.1100000143051147,1.034999966621399,1.059999942779541,1209500.0,20127.997701828845,0,0.7187883309180734,20127.278913497925,18988,-57.96767145452326,48000,RiskWatch,45.15503213337024,1.08,1.0593,1.2164,1.279,1.433,14.170000076293944,1.3965,SLDP,0.234,RiskWatch,0.6906,0.3953,18.8899585526148,143,483.2300109863281,0.0,0.0
2025-04-17,1.100000023841858,1.0800000429153442,1.1100000143051147,1.059999942779541,1.100000023841858,992600.0,20887.519241040118,0,0.7187883309180734,20886.800452709198,18988,-56.38533491449977,48000,Neutral,51.90113835775424,1.096,1.0593,1.2083,1.2782,1.43,14.170000076293944,1.5373,SLDP,0.2461,Neutral,0.6465,0.4331,19.144193139058018,143,483.8999938964844,0.0,0.0
2025-04-18,1.100000023841858,1.0800000429153442,1.1100000143051147,1.059999942779541,1.100000023841858,992600.0,20887.519241040118,0,0.7187883309180734,20886.800452709198,18988,-56.38533491449977,48000,Neutral,51.90113835775424,1.096,1.0593,1.2083,1.2782,1.43,14.170000076293944,1.5373,SLDP,0.2461,Neutral,0.6465,0.4331,19.144193139058018,143,483.8999938964844,0.0,0.0
2025-04-19,1.100000023841858,1.0800000429153442,1.1100000143051147,1.059999942779541,1.100000023841858,992600.0,20887.519241040118,0,0.7187883309180734,20886.800452709198,18988,-56.38533491449977,48000,Neutral,51.90113835775424,1.096,1.0593,1.2083,1.2782,1.43,14.170000076293944,1.5373,SLDP,0.2461,Neutral,0.6465,0.4331,19.144193139058018,143,483.8999938964844,0.0,0.0
2025-04-20,1.100000023841858,1.0800000429153442,1.1100000143051147,1.059999942779541,1.100000023841858,992600.0,20887.519241040118,0,0.7187883309180734,20886.800452709198,18988,-56.38533491449977,48000,Neutral,51.90113835775424,1.096,1.0593,1.2083,1.2782,1.43,14.170000076293944,1.5373,SLDP,0.2461,Neutral,0.6465,0.4331,19.144193139058018,143,483.8999938964844,0.0,0.0
2025-04-21,1.1299999952316284,1.0800000429153442,1.1399999856948853,1.0700000524520874,1.1299999952316284,1354200.0,21457.15869778908,0,0.7187883309180734,21456.43990945816,18988,-55.198586046272766,48000,RiskWatch,57.60456648614544,1.096,1.0603,1.2008,1.2774,1.4271,14.170000076293944,1.7577,SLDP,0.2099,RiskWatch,0.6977,0.4746,14.768970387985547,143,472.3699951171875,0.0,0.0
2025-04-22,1.149999976158142,1.1399999856948853,1.1799999475479126,1.1349999904632568,1.149999976158142,1688400.0,21836.91833562172,0,0.7187883309180734,21836.199547290802,18988,-54.40742013412143,48000,RiskWatch,60.26119510868287,1.102,1.0603,1.1943,1.2767,1.4239,14.170000076293944,1.9501,SLDP,0.2321,RiskWatch,0.6531,0.4965,19.29218976904545,143,484.2900085449219,0.0,0.0
2025-04-23,1.1200000047683716,1.1799999475479126,1.2000000476837158,1.1100000143051147,1.1200000047683716,1136300.0,21267.27887887276,0,0.7187883309180734,21266.56009054184,18988,-55.59416900234844,48000,Neutral,56.29496881047567,1.112,1.0603,1.1879,1.2755,1.4211,14.170000076293944,1.8166,SLDP,0.2514,Neutral,0.617,0.4831,22.244421448689394,143,492.0700073242188,0.0,0.0
2025-04-24,1.1399999856948853,1.1100000143051147,1.1449999809265137,1.100000023841858,1.1399999856948853,1077700.0,21647.0385167054,0,0.7187883309180734,21646.31972837448,18988,-54.8030030901971,48000,Neutral,62.12686492475805,1.128,1.0628,1.1821,1.2746,1.4186,14.170000076293944,1.7755,SLDP,0.274,Neutral,0.5937,0.4707,26.168080773335348,143,502.4100036621094,0.0,0.0
2025-04-25,1.1399999856948853,1.1399999856948853,1.159999966621399,1.1200000047683716,1.1399999856948853,678200.0,21647.0385167054,0,0.7187883309180734,21646.31972837448,18988,-54.8030030901971,48000,Neutral,66.73346607211735,1.136,1.0643,1.1774,1.2738,1.416,14.170000076293944,1.6732,SLDP,0.2886,Neutral,0.5712,0.4561,27.572091682279634,143,506.1099853515625,0.0,0.0
2025-04-26,1.1399999856948853,1.1399999856948853,1.159999966621399,1.1200000047683716,1.1399999856948853,678200.0,21647.0385167054,0,0.7187883309180734,21646.31972837448,18988,-54.8030030901971,48000,Neutral,66.73346607211735,1.136,1.0643,1.1774,1.2738,1.416,14.170000076293944,1.6732,SLDP,0.2886,Neutral,0.5712,0.4561,27.572091682279634,143,506.1099853515625,0.0,0.0
2025-04-27,1.1399999856948853,1.1399999856948853,1.159999966621399,1.1200000047683716,1.1399999856948853,678200.0,21647.0385167054,0,0.7187883309180734,21646.31972837448,18988,-54.8030030901971,48000,Neutral,66.73346607211735,1.136,1.0643,1.1774,1.2738,1.416,14.170000076293944,1.6732,SLDP,0.2886,Neutral,0.5712,0.4561,27.572091682279634,143,506.1099853515625,0.0,0.0
2025-04-28,1.1299999952316284,1.1399999856948853,1.159999966621399,1.1100000143051147,1.1299999952316284,1037900.0,21457.15869778908,0,0.7187883309180734,21456.43990945816,18988,-55.198586046272766,48000,Neutral,71.92224722127139,1.136,1.0668,1.1731,1.2734,1.4135,14.170000076293944,1.477,SLDP,0.2889,Neutral,0.5801,0.4479,27.689736264755552,143,506.4200134277344,0.0,0.0
2025-04-29,1.1100000143051147,1.1299999952316284,1.1299999952316284,1.090000033378601,1.1100000143051147,901500.0,21077.39905995644,0,0.7187883309180734,21076.68027162552,18988,-55.98975195842411,48000,Neutral,68.35443388159551,1.128,1.0698,1.1684,1.273,1.4103,14.170000076293944,1.1718,SLDP,0.3006,Neutral,0.5693,0.4247,28.854682820846875,143,509.489990234375,0.0,0.0
2025-04-30,1.090000033378601,1.090000033378601,1.090000033378601,1.059999942779541,1.090000033378601,840800.0,20697.639422123797,0,0.7187883309180734,20696.920633792877,18988,-56.78091787057544,48000,Neutral,56.41026581532895,1.122,1.0723,1.1638,1.2723,1.4066,14.170000076293944,0.812,SLDP,0.2979,Neutral,0.5834,0.4172,28.94954889227543,143,509.739990234375,0.0,0.0
2025-05-01,1.100000023841858,1.100000023841858,1.1200000047683716,1.090000033378601,1.100000023841858,971200.0,21886.520441018467,0,0.9199666608628831,21885.600474357605,19896,-55.23463175302356,49000,"cash_0%_Buy 100% of cash (908 shares - DCA Strategy) Monthly invest 2.0% of total investment ($1,000.00)",60.52632156831743,1.114,1.0748,1.1591,1.2715,1.4035,14.170000076293944,0.6077,SLDP,0.295,Neutral,0.5726,0.3908,29.47855778591959,145,513.3499755859375,0.0,0.0
2025-05-02,1.1100000143051147,1.1100000143051147,1.1399999856948853,1.0700000524520874,1.1100000143051147,1128800.0,22085.480251275425,0,0.9199666608628831,22084.560284614563,19896,-54.828591323927725,49000,Neutral,46.42857446962504,1.108,1.0798,1.1548,1.271,1.4008,14.170000076293944,0.5104,SLDP,0.3088,Neutral,0.5354,0.3721,32.259743455945184,145,520.7100219726562,0.0,0.0
2025-05-03,1.1100000143051147,1.1100000143051147,1.1399999856948853,1.0700000524520874,1.1100000143051147,1128800.0,22085.480251275425,0,0.9199666608628831,22084.560284614563,19896,-54.828591323927725,49000,Neutral,46.42857446962504,1.108,1.0798,1.1548,1.271,1.4008,14.170000076293944,0.5104,SLDP,0.3088,Neutral,0.5354,0.3721,32.259743455945184,145,520.7100219726562,0.0,0.0
2025-05-04,1.1100000143051147,1.1100000143051147,1.1399999856948853,1.0700000524520874,1.1100000143051147,1128800.0,22085.480251275425,0,0.9199666608628831,22084.560284614563,19896,-54.828591323927725,49000,Neutral,46.42857446962504,1.108,1.0798,1.1548,1.271,1.4008,14.170000076293944,0.5104,SLDP,0.3088,Neutral,0.5354,0.3721,32.259743455945184,145,520.7100219726562,0.0,0.0
2025-05-05,1.1299999952316284,1.1100000143051147,1.1449999809265137,1.090000033378601,1.1299999952316284,738500.0,22483.39987178934,0,0.9199666608628831,22482.47990512848,19896,-54.016510465736054,49000,Neutral,51.72413651356355,1.108,1.0876,1.1511,1.2705,1.3982,14.170000076293944,0.5415,SLDP,0.2982,Neutral,0.5472,0.3653,31.231908453957473,145,517.989990234375,0.0,0.0
2025-05-06,1.1299999952316284,1.1200000047683716,1.149999976158142,1.1100000143051147,1.1299999952316284,696200.0,22483.39987178934,0,0.9199666608628831,22482.47990512848,19896,-54.016510465736054,49000,Neutral,62.49998758236616,1.112,1.0978,1.1479,1.2703,1.3957,14.170000076293944,0.5347,SLDP,0.2934,Neutral,0.5669,0.3752,29.565484973678863,145,513.5800170898438,0.0,0.0
2025-05-07,1.2000000476837158,1.1200000047683716,1.25,1.1200000047683716,1.2000000476837158,2519400.0,23876.120915376072,0,0.9199666608628831,23875.20094871521,19896,-51.1742226216815,49000,Neutral,73.33335452609928,1.134,1.111,1.1458,1.2706,1.3937,14.170000076293944,0.9021,SLDP,0.3077,Neutral,0.5527,0.3799,30.442160307697804,145,515.9000244140625,0.0,0.0
2025-05-08,1.2699999809265137,1.190000057220459,1.2799999713897705,1.190000057220459,1.2699999809265137,1824200.0,25268.839587174778,0,0.9199666608628831,25267.919620513916,19896,-48.33193961801068,49000,Neutral,75.75758451492086,1.168,1.1225,1.1451,1.2723,1.3918,14.170000076293944,1.4705,SLDP,0.3065,Neutral,0.5258,0.3959,31.742055035556632,145,519.3400268554688,0.0,0.0
2025-05-09,1.2999999523162842,1.2899999618530271,1.3700000047683716,1.2799999713897705,1.2999999523162842,2092100.0,25865.719017945652,0,0.9199666608628831,25864.79905128479,19896,-47.11381833072318,49000,Neutral,75.75758451492086,1.206,1.1365,1.1444,1.2738,1.3904,14.170000076293944,1.896,SLDP,0.3089,Neutral,0.518,0.4239,31.481319599733197,145,518.6500244140625,0.0,0.0
2025-05-10,1.2999999523162842,1.2899999618530271,1.3700000047683716,1.2799999713897705,1.2999999523162842,2092100.0,25865.719017945652,0,0.9199666608628831,25864.79905128479,19896,-47.11381833072318,49000,Neutral,75.75758451492086,1.206,1.1365,1.1444,1.2738,1.3904,14.170000076293944,1.896,SLDP,0.3089,Neutral,0.518,0.4239,31.481319599733197,145,518.6500244140625,0.0,0.0
2025-05-11,1.2999999523162842,1.2899999618530271,1.3700000047683716,1.2799999713897705,1.2999999523162842,2092100.0,25865.719017945652,0,0.9199666608628831,25864.79905128479,19896,-47.11381833072318,49000,Neutral,75.75758451492086,1.206,1.1365,1.1444,1.2738,1.3904,14.170000076293944,1.896,SLDP,0.3089,Neutral,0.518,0.4239,31.481319599733197,145,518.6500244140625,0.0,0.0
2025-05-12,1.4299999475479126,1.3450000286102295,1.4500000476837158,1.3300000429153442,1.4299999475479126,3439300.0,28452.19892307413,0,0.9199666608628831,28451.27895641327,19896,-41.835287912093634,49000,Neutral,81.81819167019327,1.266,1.1515,1.1454,1.2768,1.3889,14.170000076293944,2.7309,SLDP,0.348,Neutral,0.4534,0.4402,38.007224270381016,145,535.9199829101562,0.0,0.0
2025-05-13,1.4299999475479126,1.409999966621399,1.4800000190734863,1.3899999856948853,1.4299999475479126,2612900.0,28452.19892307413,0,0.9199666608628831,28451.27895641327,19896,-41.835287912093634,49000,Neutral,87.804885140353,1.326,1.167,1.1461,1.2803,1.3875,14.170000076293944,3.0545,SLDP,0.349,Neutral,0.4465,0.4682,39.337355544579026,145,539.4400024414062,0.0,0.0
2025-05-14,1.3600000143051147,1.4299999475479126,1.4600000381469729,1.340000033378601,1.3600000143051147,2970700.0,27059.480251275425,0,0.9199666608628831,27058.560284614563,19896,-44.677570915764456,49000,Neutral,73.91305699916916,1.358,1.1815,1.1441,1.2831,1.3858,14.170000076293944,2.6916,SLDP,0.3384,Neutral,0.4507,0.4823,39.59052607788584,145,540.1099853515625,0.0,0.0
2025-05-15,1.3700000047683716,1.3600000143051147,1.409999966621399,1.350000023841858,1.3700000047683716,1507400.0,27258.440061532383,0,0.9199666608628831,27257.52009487152,19896,-44.27153048666862,49000,Neutral,74.46809805805444,1.378,1.197,1.1428,1.2858,1.384,14.170000076293944,2.3344,SLDP,0.3481,Neutral,0.4462,0.48,40.591906984792644,145,542.760009765625,0.0,0.0
2025-05-16,1.3799999952316284,1.3799999952316284,1.4800000190734863,1.3650000095367432,1.3799999952316284,3857800.0,27457.39987178934,0,0.9199666608628831,27456.47990512848,19896,-43.865490057572785,49000,Neutral,76.59575655321657,1.394,1.211,1.1426,1.2885,1.3823,14.170000076293944,1.9946,SLDP,0.3556,Neutral,0.4361,0.4721,41.914473356474076,145,546.260009765625,0.0,0.0
2025-05-17,1.3799999952316284,1.3799999952316284,1.4800000190734863,1.3650000095367432,1.3799999952316284,3857800.0,27457.39987178934,0,0.9199666608628831,27456.47990512848,19896,-43.865490057572785,49000,Neutral,76.59575655321657,1.394,1.211,1.1426,1.2885,1.3823,14.170000076293944,1.9946,SLDP,0.3556,Neutral,0.4361,0.4721,41.914473356474076,145,546.260009765625,0.0,0.0
2025-05-18,1.3799999952316284,1.3799999952316284,1.4800000190734863,1.3650000095367432,1.3799999952316284,3857800.0,27457.39987178934,0,0.9199666608628831,27456.47990512848,19896,-43.865490057572785,49000,Neutral,76.59575655321657,1.394,1.211,1.1426,1.2885,1.3823,14.170000076293944,1.9946,SLDP,0.3556,Neutral,0.4361,0.4721,41.914473356474076,145,546.260009765625,0.0,0.0
2025-05-19,1.2999999523162842,1.3799999952316284,1.3899999856948853,1.2799999713897705,1.2999999523162842,2762700.0,25865.719017945652,0,0.9199666608628831,25864.79905128479,19896,-47.11381833072318,49000,Neutral,67.92452745311981,1.368,1.2195,1.1418,1.2904,1.3805,14.170000076293944,1.2381,SLDP,0.3452,Neutral,0.4486,0.4766,42.12608305339401,145,546.8200073242188,0.0,0.0
2025-05-20,1.3300000429153442,1.309999942779541,1.3700000047683716,1.2899999618530271,1.3300000429153442,2123700.0,26462.60082050455,0,0.9199666608628831,26461.68085384369,19896,-45.89569220305195,49000,Neutral,72.22222467508844,1.348,1.2285,1.1428,1.2923,1.379,14.170000076293944,0.8059,SLDP,0.3425,Neutral,0.4476,0.4745,41.39300248482721,145,544.8800048828125,0.0,0.0
2025-05-21,1.309999942779541,1.340000033378601,1.409999966621399,1.2999999523162842,1.309999942779541,2120100.0,26064.67882820261,0,0.9199666608628831,26063.758861541748,19896,-46.707777901627345,49000,Neutral,69.09089923890298,1.338,1.238,1.1446,1.2936,1.3774,14.170000076293944,0.3505,SLDP,0.3019,Neutral,0.4808,0.4741,37.950556692688096,145,535.77001953125,0.0,0.0
2025-05-22,1.340000033378601,1.3200000524520874,1.3600000143051147,1.2699999809265137,1.340000033378601,2251800.0,26661.56063076151,0,0.9199666608628831,26660.640664100647,19896,-45.48965177395612,49000,Neutral,70.17543419356403,1.332,1.248,1.1468,1.2955,1.376,14.170000076293944,0.1499,SLDP,0.3067,Neutral,0.4776,0.4736,38.045025719236804,145,536.02001953125,0.0,0.0
2025-05-23,1.5099999904632568,1.3300000429153442,1.6200000047683716,1.3009999990463257,1.5099999904632568,9369600.0,30043.87977691782,0,0.9199666608628831,30042.959810256958,19896,-38.58695963894324,49000,Neutral,76.3888831399853,1.358,1.2665,1.1516,1.2988,1.3753,14.170000076293944,0.7901,SLDP,0.2945,Neutral,0.5116,0.4843,36.677116059910205,145,532.4000244140625,0.0,0.0
2025-05-24,1.5099999904632568,1.3300000429153442,1.6200000047683716,1.3009999990463257,1.5099999904632568,9369600.0,30043.87977691782,0,0.9199666608628831,30042.959810256958,19896,-38.58695963894324,49000,Neutral,76.3888831399853,1.358,1.2665,1.1516,1.2988,1.3753,14.170000076293944,0.7901,SLDP,0.2945,Neutral,0.5116,0.4843,36.677116059910205,145,532.4000244140625,0.0,0.0
2025-05-25,1.5099999904632568,1.3300000429153442,1.6200000047683716,1.3009999990463257,1.5099999904632568,9369600.0,30043.87977691782,0,0.9199666608628831,30042.959810256958,19896,-38.58695963894324,49000,Neutral,76.3888831399853,1.358,1.2665,1.1516,1.2988,1.3753,14.170000076293944,0.7901,SLDP,0.2945,Neutral,0.5116,0.4843,36.677116059910205,145,532.4000244140625,0.0,0.0
2025-05-26,1.5099999904632568,1.3300000429153442,1.6200000047683716,1.3009999990463257,1.5099999904632568,9369600.0,30043.87977691782,0,0.9199666608628831,30042.959810256958,19896,-38.58695963894324,49000,Neutral,76.3888831399853,1.358,1.2665,1.1516,1.2988,1.3753,14.170000076293944,0.7901,SLDP,0.2945,Neutral,0.5116,0.4843,36.677116059910205,145,532.4000244140625,0.0,0.0
2025-05-27,1.659999966621399,1.5499999523162842,1.6699999570846558,1.4900000095367432,1.659999966621399,4264400.0,33028.279302560215,0,0.9199666608628831,33027.35933589935,19896,-32.49634836212203,49000,Neutral,80.4597641300669,1.43,1.293,1.1588,1.3029,1.3752,14.170000076293944,1.7757,SLDP,0.3254,Neutral,0.4613,0.4736,40.81108158422917,145,543.3400268554688,0.0,0.0
2025-05-28,1.809999942779541,1.7400000095367432,1.850000023841858,1.7300000190734863,1.809999942779541,8520500.0,36012.67882820261,0,0.9199666608628831,36011.75886154175,19896,-26.405737085300817,49000,Neutral,82.1052560251509,1.526,1.328,1.1701,1.3082,1.3755,14.170000076293944,2.8597,SLDP,0.319,Neutral,0.4646,0.4737,39.639651816789325,145,540.239990234375,0.0,0.0
2025-05-29,1.6799999475479126,1.830000042915344,1.8799999952316284,1.6699999570846558,1.6799999475479126,5209500.0,33426.19892307413,0,0.9199666608628831,33425.27895641327,19896,-31.684267503930364,49000,Neutral,70.29702584657767,1.6,1.3575,1.1796,1.3128,1.3753,14.170000076293944,2.6938,SLDP,0.3281,Neutral,0.4659,0.4712,40.4256405755179,145,542.3200073242188,0.0,0.0
2025-05-30,1.559999942779541,1.6799999475479126,1.6990000009536743,1.559999942779541,1.559999942779541,3870100.0,31038.67882820261,0,0.9199666608628831,31037.758861541748,19896,-36.556757493464076,49000,Neutral,61.81817984778059,1.644,1.3805,1.1868,1.3167,1.3748,14.170000076293944,1.8497,SLDP,0.3323,Neutral,0.4613,0.4566,40.21403087859797,145,541.760009765625,0.0,0.0
2025-05-31,1.559999942779541,1.6799999475479126,1.6990000009536743,1.559999942779541,1.559999942779541,3870100.0,31038.67882820261,0,0.9199666608628831,31037.758861541748,19896,-36.556757493464076,49000,Neutral,61.81817984778059,1.644,1.3805,1.1868,1.3167,1.3748,14.170000076293944,1.8497,SLDP,0.3323,Neutral,0.4613,0.4566,40.21403087859797,145,541.760009765625,0.0,0.0
2025-06-01,1.559999942779541,1.6799999475479126,1.6990000009536743,1.559999942779541,1.559999942779541,3870100.0,32037.680428239233,0,1.5216033185778315,32036.158824920654,20536,-35.82563914352155,50000,"cash_0%_Buy 100% of cash (640 shares - DCA Strategy) Monthly invest 2.0% of total investment ($1,000.00)",61.81817984778059,1.644,1.3805,1.1868,1.3167,1.3748,14.170000076293944,1.8497,SLDP,0.3323,Neutral,0.4613,0.4566,39.29371038339818,147,541.760009765625,0.0,0.0
2025-06-02,1.4199999570846558,1.5700000524520874,1.600000023841858,1.399999976158142,1.4199999570846558,4088400.0,29162.64072200907,0,1.5216033185778315,29161.11911869049,20536,-41.57571855598188,50000,Neutral,49.54955003331416,1.626,1.396,1.1913,1.3197,1.3737,14.170000076293944,0.5559,SLDP,0.3308,Neutral,0.4541,0.466,40.47909133914449,147,544.9099731445312,0.0,0.0
2025-06-03,1.4700000286102295,1.4500000476837158,1.534999966621399,1.440000057220459,1.4700000286102295,2494100.0,30189.44219085825,0,1.5216033185778315,30187.920587539673,20536,-39.522115618283514,50000,Neutral,51.7241411203431,1.588,1.413,1.1966,1.3228,1.3729,14.170000076293944,-0.1346,SLDP,0.339,Neutral,0.4419,0.4917,41.641917234755084,147,548.0,0.0,0.0
2025-06-04,1.4500000476837158,1.4800000190734863,1.4989999532699585,1.409999966621399,1.4500000476837158,2204700.0,29778.722582551367,0,1.5216033185778315,29777.200979232788,20536,-40.34355483489729,50000,Neutral,54.05405463457153,1.516,1.429,1.2029,1.3251,1.3723,14.170000076293944,-0.7133,SLDP,0.3502,Neutral,0.4483,0.5118,41.51021589583648,147,547.6500244140625,0.0,0.0
2025-06-05,1.4199999570846558,1.4800000190734863,1.5149999856948853,1.399999976158142,1.4199999570846558,2102800.0,29162.64072200907,0,1.5216033185778315,29161.11911869049,20536,-41.57571855598188,50000,Neutral,52.212386579781054,1.464,1.44,1.2081,1.3273,1.372,14.170000076293944,-1.2335,SLDP,0.3393,Neutral,0.4564,0.5318,40.54684839352359,147,545.0900268554688,0.0,0.0
2025-06-06,1.6100000143051147,1.4800000190734863,1.6200000047683716,1.4800000190734863,1.6100000143051147,5686300.0,33064.481897088415,0,1.5216033185778315,33062.96029376984,20536,-33.772036205823184,50000,Neutral,58.77862387024209,1.474,1.457,1.2161,1.3312,1.3723,14.170000076293944,-0.7351,SLDP,0.3446,Neutral,0.422,0.5582,42.64290712861816,147,550.6599731445312,0.0,0.0
2025-06-07,1.6100000143051147,1.4800000190734863,1.6200000047683716,1.4800000190734863,1.6100000143051147,5686300.0,33064.481897088415,0,1.5216033185778315,33062.96029376984,20536,-33.772036205823184,50000,Neutral,58.77862387024209,1.474,1.457,1.2161,1.3312,1.3723,14.170000076293944,-0.7351,SLDP,0.3446,Neutral,0.422,0.5582,42.64290712861816,147,550.6599731445312,0.0,0.0
2025-06-08,1.6100000143051147,1.4800000190734863,1.6200000047683716,1.4800000190734863,1.6100000143051147,5686300.0,33064.481897088415,0,1.5216033185778315,33062.96029376984,20536,-33.772036205823184,50000,Neutral,58.77862387024209,1.474,1.457,1.2161,1.3312,1.3723,14.170000076293944,-0.7351,SLDP,0.3446,Neutral,0.422,0.5582,42.64290712861816,147,550.6599731445312,0.0,0.0
2025-06-09,1.5700000524520874,1.7200000286102295,1.7200000286102295,1.5499999523162842,1.5700000524520874,6159500.0,32243.042680474646,0,1.5216033185778315,32241.521077156067,20536,-35.41491463905072,50000,Neutral,60.62992236849084,1.504,1.4705,1.2243,1.3349,1.372,14.170000076293944,-0.6263,SLDP,0.3425,Neutral,0.4307,0.572,42.86494355054455,147,551.25,0.0,0.0
2025-06-10,1.6299999952316284,1.5700000524520874,1.7400000095367432,1.4600000381469729,1.6299999952316284,12594400.0,33475.2015053953,0,1.5216033185778315,33473.67990207672,20536,-32.950596989209416,50000,Neutral,61.53845801156,1.536,1.4805,1.2326,1.3394,1.372,14.170000076293944,-0.3372,SLDP,0.3457,Neutral,0.4289,0.575,44.04658064193026,147,554.3900146484375,0.0,0.0
2025-06-11,1.870000004768372,1.820000052452088,1.940000057220459,1.7599999904632568,1.870000004768372,16168300.0,38403.841701241865,0,1.5216033185778315,38402.320097923286,20536,-23.09331659751629,50000,Neutral,68.421053457128,1.62,1.5025,1.2446,1.3459,1.3728,14.170000076293944,0.7768,SLDP,0.3482,Neutral,0.4369,0.6114,43.470806459158865,147,552.8599853515625,0.0,0.0
2025-06-12,1.7699999809265137,2.0199999809265137,2.0199999809265137,1.7599999904632568,1.7699999809265137,9661000.0,36350.24121162546,0,1.5216033185778315,36348.719608306885,20536,-27.200517576749096,50000,Neutral,63.522010645314346,1.69,1.523,1.2553,1.3516,1.3732,14.170000076293944,0.9276,SLDP,0.3476,Neutral,0.4533,0.6446,44.257316565295795,147,554.9500122070312,0.0,0.0
2025-06-13,1.75,1.7599999904632568,1.899999976158142,1.7100000381469729,1.75,6645500.0,35939.52160331858,0,1.5216033185778315,35938.0,20536,-28.021956793362857,50000,Neutral,58.33333333333333,1.718,1.542,1.2661,1.3563,1.3736,14.170000076293944,0.8133,SLDP,0.3164,Neutral,0.4881,0.6964,41.93168774256759,147,548.77001953125,0.0,0.0
2025-06-14,1.75,1.7599999904632568,1.899999976158142,1.7100000381469729,1.75,6645500.0,35939.52160331858,0,1.5216033185778315,35938.0,20536,-28.021956793362857,50000,Neutral,58.33333333333333,1.718,1.542,1.2661,1.3563,1.3736,14.170000076293944,0.8133,SLDP,0.3164,Neutral,0.4881,0.6964,41.93168774256759,147,548.77001953125,0.0,0.0
2025-06-15,1.75,1.7599999904632568,1.899999976158142,1.7100000381469729,1.75,6645500.0,35939.52160331858,0,1.5216033185778315,35938.0,20536,-28.021956793362857,50000,Neutral,58.33333333333333,1.718,1.542,1.2661,1.3563,1.3736,14.170000076293944,0.8133,SLDP,0.3164,Neutral,0.4881,0.6964,41.93168774256759,147,548.77001953125,0.0,0.0
2025-06-16,1.9299999475479128,1.8650000095367432,2.039999961853028,1.7899999618530271,1.9299999475479128,7210100.0,39636.00052616252,0,1.5216033185778315,39634.47892284394,20536,-20.62899894767498,50000,GeoWatch,59.18367264189028,1.79,1.5695,1.2799,1.363,1.3748,14.170000076293944,1.3139,SLDP,0.3304,GeoWatch,0.4594,0.7238,43.9261568330795,147,554.0700073242188,0.0,0.0
2025-06-17,1.9299999475479128,2.0299999713897705,2.0299999713897705,1.8799999952316284,1.9299999475479128,7469100.0,39636.00052616252,0,1.5216033185778315,39634.47892284394,20536,-20.62899894767498,50000,GeoWatch,54.54545454545455,1.85,1.601,1.2936,1.3683,1.3761,14.170000076293944,1.453,SLDP,0.3082,GeoWatch,0.4992,0.7604,42.14993436314734,147,549.3499755859375,0.0,0.0
2025-06-18,1.9800000190734863,1.940000057220459,2.059999942779541,1.8799999952316284,1.9800000190734863,5899200.0,40662.801995011694,0,1.5216033185778315,40661.280391693115,20536,-18.57539600997663,50000,GeoWatch,62.09677582166676,1.872,1.6335,1.3074,1.3729,1.3772,14.170000076293944,1.5464,SLDP,0.3212,GeoWatch,0.478,0.7918,42.108545138743565,147,549.239990234375,0.0,0.0
2025-06-19,1.9800000190734863,1.940000057220459,2.059999942779541,1.8799999952316284,1.9800000190734863,5899200.0,40662.801995011694,0,1.5216033185778315,40661.280391693115,20536,-18.57539600997663,50000,GeoWatch,62.09677582166676,1.872,1.6335,1.3074,1.3729,1.3772,14.170000076293944,1.5464,SLDP,0.3212,GeoWatch,0.478,0.7918,42.108545138743565,147,549.239990234375,0.0,0.0
2025-06-20,1.7999999523162842,2.0,2.0190000534057617,1.7799999713897705,1.7999999523162842,7707600.0,36966.32062408579,0,1.5216033185778315,36964.79902076721,20536,-25.968358751828436,50000,GeoWatch,59.2307682432368,1.878,1.658,1.3188,1.3754,1.3776,14.170000076293944,0.7736,SLDP,0.3133,GeoWatch,0.4833,0.8083,41.5365377888258,147,547.719970703125,0.0,0.0
2025-06-21,1.7999999523162842,2.0,2.0190000534057617,1.7799999713897705,1.7999999523162842,7707600.0,36966.32062408579,0,1.5216033185778315,36964.79902076721,20536,-25.968358751828436,50000,GeoWatch,59.2307682432368,1.878,1.658,1.3188,1.3754,1.3776,14.170000076293944,0.7736,SLDP,0.3133,GeoWatch,0.4833,0.8083,41.5365377888258,147,547.719970703125,0.0,0.0
2025-06-22,1.7999999523162842,2.0,2.0190000534057617,1.7799999713897705,1.7999999523162842,7707600.0,36966.32062408579,0,1.5216033185778315,36964.79902076721,20536,-25.968358751828436,50000,GeoWatch,59.2307682432368,1.878,1.658,1.3188,1.3754,1.3776,14.170000076293944,0.7736,SLDP,0.3133,GeoWatch,0.4833,0.8083,41.5365377888258,147,547.719970703125,0.0,0.0
2025-06-23,1.8600000143051147,1.784999966621399,1.870000004768372,1.7200000286102295,1.8600000143051147,5677200.0,38198.481897088415,0,1.5216033185778315,38196.96029376984,20536,-23.504036205823187,50000,GeoWatch,68.03278528340144,1.9,1.684,1.3316,1.3747,1.3783,14.170000076293944,0.386,SLDP,0.3214,GeoWatch,0.4727,0.7581,43.6589643538957,147,553.3599853515625,0.0,0.0
2025-06-24,1.870000004768372,1.909999966621399,1.940000057220459,1.809999942779541,1.870000004768372,4946200.0,38403.841701241865,0,1.5216033185778315,38402.320097923286,20536,-23.09331659751629,50000,Neutral,66.94914886096046,1.888,1.702,1.3443,1.3725,1.379,14.170000076293944,0.0749,SLDP,0.3538,Neutral,0.4402,0.6643,45.946970785073745,147,559.4400024414062,0.0,0.0
2025-06-25,1.950000047683716,1.919999957084656,2.0899999141693115,1.8799999952316284,1.950000047683716,8716700.0,40046.722582551374,0,1.5216033185778315,40045.200979232795,20536,-19.807554834897267,50000,Neutral,70.1612862910498,1.892,1.7165,1.3588,1.3709,1.3797,14.170000076293944,0.0749,SLDP,0.3633,Neutral,0.4298,0.5936,46.052327262510005,147,559.719970703125,0.0,0.0
2025-06-26,2.2799999713897705,1.9900000095367432,2.336999893188477,1.909999966621399,2.2799999713897705,14369800.0,46823.601015778906,0,1.5216033185778315,46822.07941246033,20536,-6.25379796844221,50000,Neutral,77.92207691677108,1.952,1.74,1.3793,1.3742,1.381,14.170000076293944,1.1113,SLDP,0.3764,Neutral,0.4302,0.5403,47.71942642215228,147,564.1500244140625,0.0,0.0
2025-06-27,2.150000095367432,2.299999952316284,2.315999984741211,2.049999952316284,2.150000095367432,9951100.0,44153.92356178416,0,1.5216033185778315,44152.40195846558,20536,-11.59315287643169,50000,Neutral,68.24324721616085,2.022,1.7635,1.3978,1.3748,1.381,14.170000076293944,1.1283,SLDP,0.3731,Neutral,0.4241,0.4934,48.77310603898,147,566.9500122070312,0.0,0.0
2025-06-28,2.150000095367432,2.299999952316284,2.315999984741211,2.049999952316284,2.150000095367432,9951100.0,44153.92356178416,0,1.5216033185778315,44152.40195846558,20536,-11.59315287643169,50000,Neutral,68.24324721616085,2.022,1.7635,1.3978,1.3748,1.381,14.170000076293944,1.1283,SLDP,0.3731,Neutral,0.4241,0.4934,48.77310603898,147,566.9500122070312,0.0,0.0
2025-06-29,2.150000095367432,2.299999952316284,2.315999984741211,2.049999952316284,2.150000095367432,9951100.0,44153.92356178416,0,1.5216033185778315,44152.40195846558,20536,-11.59315287643169,50000,Neutral,68.24324721616085,2.022,1.7635,1.3978,1.3748,1.381,14.170000076293944,1.1283,SLDP,0.3731,Neutral,0.4241,0.4934,48.77310603898,147,566.9500122070312,0.0,0.0
2025-06-30,2.190000057220459,2.200000047683716,2.345000028610229,2.180999994277954,2.190000057220459,8106700.0,44975.362778397925,0,1.5216033185778315,44973.841175079346,20536,-9.950274443204165,50000,Neutral,70.94594752422829,2.088,1.795,1.4168,1.3747,1.3811,14.170000076293944,1.1011,SLDP,0.3791,Neutral,0.4303,0.4757,49.83620457542122,147,568.030029296875,1.745,0.0
2025-07-01,2.200000047683716,2.150000095367432,2.299999952316284,2.049999952316284,2.200000047683716,7037900.0,46179.72378252972,0,1.7227816485226413,46178.001000881195,20990,-9.352521995039787,51000,"cash_0%_Buy 100% of cash (454 shares - DCA Strategy) Monthly invest 2.0% of total investment ($1,000.00)",69.9300724950897,2.154,1.834,1.4366,1.3763,1.3809,14.170000076293944,0.9478,SLDP,0.3923,Neutral,0.4307,0.4885,48.74268189630109,150,567.77001953125,0.0,0.0
2025-07-02,2.470000028610229,2.180000066757202,2.5,2.1700000762939453,2.470000028610229,9085700.0,51847.023382177234,0,1.7227816485226413,51845.30060052871,20990,1.7598301611318146,51000,Neutral,70.54794716284731,2.258,1.884,1.4615,1.3803,1.382,14.170000076293944,1.5304,SLDP,0.395,Neutral,0.4242,0.515,49.689309783529325,150,570.2899780273438,0.0,0.0
2025-07-03,2.4600000381469727,2.494999885559082,2.5350000858306885,2.4200000762939453,2.4600000381469727,7309000.0,51637.12358235348,0,1.7227816485226413,51635.400800704956,20990,1.3482619261832696,51000,Neutral,75.18248594374438,2.294,1.9345,1.4871,1.3856,1.3835,14.170000076293944,1.6342,SLDP,0.3927,Neutral,0.4152,0.5294,51.54127224956193,150,575.219970703125,0.0,0.0
2025-07-04,2.4600000381469727,2.494999885559082,2.5350000858306885,2.4200000762939453,2.4600000381469727,7309000.0,51637.12358235348,0,1.7227816485226413,51635.400800704956,20990,1.3482619261832696,51000,Neutral,75.18248594374438,2.294,1.9345,1.4871,1.3856,1.3835,14.170000076293944,1.6342,SLDP,0.3927,Neutral,0.4152,0.5294,51.54127224956193,150,575.219970703125,0.0,0.0
2025-07-05,2.4600000381469727,2.494999885559082,2.5350000858306885,2.4200000762939453,2.4600000381469727,7309000.0,51637.12358235348,0,1.7227816485226413,51635.400800704956,20990,1.3482619261832696,51000,Neutral,75.18248594374438,2.294,1.9345,1.4871,1.3856,1.3835,14.170000076293944,1.6342,SLDP,0.3927,Neutral,0.4152,0.5294,51.54127224956193,150,575.219970703125,0.0,0.0
2025-07-06,2.4600000381469727,2.494999885559082,2.5350000858306885,2.4200000762939453,2.4600000381469727,7309000.0,51637.12358235348,0,1.7227816485226413,51635.400800704956,20990,1.3482619261832696,51000,Neutral,75.18248594374438,2.294,1.9345,1.4871,1.3856,1.3835,14.170000076293944,1.6342,SLDP,0.3927,Neutral,0.4152,0.5294,51.54127224956193,150,575.219970703125,0.0,0.0
2025-07-07,2.2799999713897705,2.4200000762939453,2.4200000762939453,2.220000028610229,2.2799999713897705,8312800.0,47858.92218111981,0,1.7227816485226413,47857.19939947128,20990,-6.059976115451371,51000,Neutral,67.32026082681385,2.32,1.9775,1.5095,1.39,1.3843,14.170000076293944,0.9497,SLDP,0.3758,Neutral,0.4349,0.5618,49.809521230540184,150,570.6099853515625,0.0,0.0
2025-07-08,2.509999990463257,2.299999952316284,2.619999885559082,2.2799999713897705,2.509999990463257,11537700.0,52686.622581472286,0,1.7227816485226413,52684.89979982376,20990,3.406103100926039,51000,Neutral,68.35443123929146,2.384,2.0225,1.534,1.3967,1.3861,14.170000076293944,1.0311,SLDP,0.3713,Neutral,0.4225,0.5747,49.66677157021411,150,570.22998046875,0.0,0.0
2025-07-09,2.5799999237060547,2.559999942779541,2.700000047683716,2.4600000381469727,2.5799999237060547,12339500.0,54155.92118023861,0,1.7227816485226413,54154.19839859009,20990,6.287080745565898,51000,Neutral,69.69696925910272,2.46,2.073,1.56,1.4053,1.388,14.170000076293944,1.0904,SLDP,0.3942,Neutral,0.4152,0.5778,50.936477752279345,150,573.6099853515625,0.0,0.0
2025-07-10,2.609999895095825,2.569999933242798,2.650000095367432,2.5,2.609999895095825,6444300.0,54785.620579709896,0,1.7227816485226413,54783.89779806137,20990,7.521785450411533,51000,Neutral,69.32515104110675,2.488,2.122,1.5847,1.4133,1.3905,14.170000076293944,1.0145,SLDP,0.4066,Neutral,0.4116,0.5691,51.56757065309456,150,575.2899780273438,0.0,0.0
2025-07-11,2.490000009536743,2.549999952316284,2.6700000762939453,2.470000028610229,2.490000009536743,6246800.0,52266.822981824764,0,1.7227816485226413,52265.10020017624,20990,2.5829666310289268,51000,Neutral,71.97452838669864,2.494,2.153,1.6075,1.4205,1.3924,14.170000076293944,0.4551,SLDP,0.4091,Neutral,0.4176,0.5849,50.78996790173585,150,573.219970703125,0.0,0.0
2025-07-12,2.490000009536743,2.549999952316284,2.6700000762939453,2.470000028610229,2.490000009536743,6246800.0,52266.822981824764,0,1.7227816485226413,52265.10020017624,20990,2.5829666310289268,51000,Neutral,71.97452838669864,2.494,2.153,1.6075,1.4205,1.3924,14.170000076293944,0.4551,SLDP,0.4091,Neutral,0.4176,0.5849,50.78996790173585,150,573.219970703125,0.0,0.0
2025-07-13,2.490000009536743,2.549999952316284,2.6700000762939453,2.470000028610229,2.490000009536743,6246800.0,52266.822981824764,0,1.7227816485226413,52265.10020017624,20990,2.5829666310289268,51000,Neutral,71.97452838669864,2.494,2.153,1.6075,1.4205,1.3924,14.170000076293944,0.4551,SLDP,0.4091,Neutral,0.4176,0.5849,50.78996790173585,150,573.219970703125,0.0,0.0
2025-07-14,2.6700000762939453,2.430000066757202,2.700000047683716,2.380000114440918,2.6700000762939453,6648600.0,56045.02438305844,0,1.7227816485226413,56043.30160140991,20990,9.991204672663589,51000,Neutral,73.96450313524016,2.572,2.198,1.6342,1.4289,1.3953,14.170000076293944,0.4452,SLDP,0.3973,Neutral,0.4274,0.5794,51.21445669249671,150,574.3499755859375,0.0,0.0
2025-07-15,3.180000066757202,2.700000047683716,3.2049999237060547,2.6700000762939453,3.180000066757202,18033600.0,66749.9241828822,0,1.7227816485226413,66748.20140123367,20990,30.98120428016116,51000,Neutral,79.90868131700049,2.706,2.2695,1.6695,1.443,1.4006,14.170000076293944,1.5884,SLDP,0.3924,Neutral,0.4265,0.5684,50.27908644793149,150,571.8599853515625,0.0,0.0
2025-07-16,3.109999895095825,3.2300000190734863,3.319999933242798,3.009999990463257,3.109999895095825,19190700.0,65280.620579709896,0,1.7227816485226413,65278.89779806137,20990,28.100216822960554,51000,Neutral,76.60550318245083,2.812,2.3285,1.703,1.4556,1.4058,14.170000076293944,1.8318,SLDP,0.3846,Neutral,0.4271,0.561,50.98531436912714,150,573.739990234375,0.0,0.0
2025-07-17,3.220000028610229,3.150000095367432,3.3949999809265137,3.1050000190734863,3.220000028610229,16312800.0,67589.52338217723,0,1.7227816485226413,67587.8006005287,20990,32.62747721995534,51000,Neutral,73.97959282973169,2.934,2.393,1.7378,1.4693,1.4114,14.170000076293944,1.9664,SLDP,0.3909,Neutral,0.4145,0.5692,52.27755876450759,150,577.1799926757812,0.0,0.0
2025-07-18,3.7699999809265137,3.315000057220459,3.859999895095825,3.25,3.7699999809265137,26012200.0,79134.02238129605,0,1.7227816485226413,79132.29959964752,20990,55.26374976724713,51000,Neutral,84.03360940467086,3.19,2.4825,1.7815,1.4879,1.42,14.170000076293944,2.9903,SLDP,0.3938,Neutral,0.4154,0.5662,52.179885530811944,150,576.9199829101562,0.0,0.0
2025-07-19,3.7699999809265137,3.315000057220459,3.859999895095825,3.25,3.7699999809265137,26012200.0,79134.02238129605,0,1.7227816485226413,79132.29959964752,20990,55.26374976724713,51000,Neutral,84.03360940467086,3.19,2.4825,1.7815,1.4879,1.42,14.170000076293944,2.9903,SLDP,0.3938,Neutral,0.4154,0.5662,52.179885530811944,150,576.9199829101562,0.0,0.0
2025-07-20,3.7699999809265137,3.315000057220459,3.859999895095825,3.25,3.7699999809265137,26012200.0,79134.02238129605,0,1.7227816485226413,79132.29959964752,20990,55.26374976724713,51000,Neutral,84.03360940467086,3.19,2.4825,1.7815,1.4879,1.42,14.170000076293944,2.9903,SLDP,0.3938,Neutral,0.4154,0.5662,52.179885530811944,150,576.9199829101562,0.0,0.0
2025-07-21,3.7300000190734863,4.190000057220459,4.300000190734863,3.4800000190734863,3.7300000190734863,26238000.0,78294.423182001,0,1.7227816485226413,78292.70040035248,20990,53.617476827452926,51000,Neutral,82.35293881939134,3.402,2.579,1.825,1.5065,1.4287,14.170000076293944,3.1064,SLDP,0.3892,Neutral,0.4205,0.5753,52.56681827537717,150,577.9500122070312,0.0,0.0
2025-07-22,4.039999961853027,3.515000104904175,4.179999828338623,3.450000047683716,4.039999961853027,19340900.0,84801.32198094357,0,1.7227816485226413,84799.59919929504,20990,66.37610192341873,51000,Neutral,84.32835575253755,3.574,2.688,1.8733,1.5277,1.4389,14.170000076293944,3.3991,SLDP,0.3924,Neutral,0.4214,0.5788,52.56681827537717,150,577.9500122070312,0.0,0.0
2025-07-23,3.9800000190734863,4.050000190734863,4.25,3.8350000381469727,3.9800000190734863,11197000.0,83541.923182001,0,1.7227816485226413,83540.20040035248,20990,63.90669251372745,51000,Neutral,80.56680107232376,3.748,2.7935,1.9207,1.549,1.4489,14.170000076293944,3.0167,SLDP,0.3924,Neutral,0.4,0.5704,54.41126036097499,150,582.8599853515625,0.0,0.0
2025-07-24,4.309999942779541,3.9600000381469727,4.769999980926514,3.920000076293945,4.309999942779541,19484800.0,90468.62158059109,0,1.7227816485226413,90466.89879894257,20990,77.48845407959035,51000,Neutral,83.15412060801353,3.966,2.9115,1.9737,1.5734,1.4615,14.170000076293944,2.991,SLDP,0.3899,Neutral,0.3989,0.5634,54.561530401735865,150,583.260009765625,0.0,0.0
2025-07-25,4.309999942779541,4.440000057220459,4.440000057220459,4.070000171661377,4.309999942779541,9461100.0,90468.62158059109,0,1.7227816485226413,90466.89879894257,20990,77.48845407959035,51000,Neutral,88.88888990386798,4.074,3.013,2.027,1.5977,1.4738,14.170000076293944,2.5505,SLDP,0.3916,Neutral,0.3944,0.545,55.43304619657282,150,585.5800170898438,0.0,0.0
2025-07-26,4.309999942779541,4.440000057220459,4.440000057220459,4.070000171661377,4.309999942779541,9461100.0,90468.62158059109,0,1.7227816485226413,90466.89879894257,20990,77.48845407959035,51000,Neutral,88.88888990386798,4.074,3.013,2.027,1.5977,1.4738,14.170000076293944,2.5505,SLDP,0.3916,Neutral,0.3944,0.545,55.43304619657282,150,585.5800170898438,0.0,0.0
2025-07-27,4.309999942779541,4.440000057220459,4.440000057220459,4.070000171661377,4.309999942779541,9461100.0,90468.62158059109,0,1.7227816485226413,90466.89879894257,20990,77.48845407959035,51000,Neutral,88.88888990386798,4.074,3.013,2.027,1.5977,1.4738,14.170000076293944,2.5505,SLDP,0.3916,Neutral,0.3944,0.545,55.43304619657282,150,585.5800170898438,0.0,0.0
2025-07-28,4.050000190734863,4.349999904632568,4.679999828338623,3.990000009536743,4.050000190734863,10931700.0,85011.2267851733,0,1.7227816485226413,85009.50400352478,20990,66.78767997092802,51000,Neutral,79.16667456879871,4.138,3.108,2.0763,1.6201,1.4851,14.170000076293944,1.4579,SLDP,0.3879,Neutral,0.3924,0.5363,55.38044938950759,150,585.4400024414062,0.0,0.0
2025-07-29,3.2300000190734863,3.900000095367432,3.900000095367432,3.180000066757202,3.2300000190734863,21949900.0,67799.423182001,0,1.7227816485226413,67797.70040035248,20990,33.039045454903906,51000,Neutral,59.58702243314961,3.976,3.16,2.1118,1.6355,1.4929,14.170000076293944,-0.9066,SLDP,0.3847,Neutral,0.4128,0.5554,54.80945074820323,150,583.9199829101562,0.0,0.0
2025-07-30,3.1700000762939453,3.309999942779541,3.4200000762939453,3.130000114440918,3.1700000762939453,12903600.0,66540.02438305844,0,1.7227816485226413,66538.30160140991,20990,30.56963604521261,51000,Neutral,58.18713754012945,3.814,3.2085,2.1462,1.6505,1.5001,14.170000076293944,-2.6035,SLDP,0.3875,Neutral,0.4041,0.5786,54.54275237863801,150,583.2100219726562,0.0,0.0
2025-07-31,3.190000057220459,3.150000095367432,3.32699990272522,3.140000104904175,3.190000057220459,7067900.0,66959.82398270596,0,1.7227816485226413,66958.10120105743,20990,31.3927725151097,51000,Neutral,60.54216960480469,3.59,3.2445,2.1805,1.6658,1.5076,14.170000076293944,-3.6455,SLDP,0.3723,Neutral,0.4222,0.5897,53.72007320064891,150,581.02001953125,0.0,0.0
2025-08-01,3.109999895095825,2.950000047683716,3.200000047683716,2.900000095367432,3.109999895095825,9337000.0,66279.62226974357,0,2.4145053564370755,66277.20776438713,21311,27.559812057199153,52000,"cash_0%_Buy 100% of cash (321 shares - DCA Strategy) Monthly invest 1.9% of total investment ($1,000.00)",56.83229526230449,3.35,3.277,2.2135,1.6807,1.5146,14.170000076293944,-4.3997,SLDP,0.3439,Neutral,0.4941,0.5964,49.13562761288732,151,571.4500122070312,0.0,0.0
2025-08-02,3.109999895095825,2.950000047683716,3.200000047683716,2.900000095367432,3.109999895095825,9337000.0,66279.62226974357,0,2.4145053564370755,66277.20776438713,21311,27.559812057199153,52000,Neutral,56.83229526230449,3.35,3.277,2.2135,1.6807,1.5146,14.170000076293944,-4.3997,SLDP,0.3439,Neutral,0.4941,0.5964,49.13562761288732,151,571.4500122070312,0.0,0.0
2025-08-03,3.109999895095825,2.950000047683716,3.200000047683716,2.900000095367432,3.109999895095825,9337000.0,66279.62226974357,0,2.4145053564370755,66277.20776438713,21311,27.559812057199153,52000,Neutral,56.83229526230449,3.35,3.277,2.2135,1.6807,1.5146,14.170000076293944,-4.3997,SLDP,0.3439,Neutral,0.4941,0.5964,49.13562761288732,151,571.4500122070312,0.0,0.0
2025-08-04,3.369999885559082,3.200000047683716,3.400000095367432,3.1050000190734863,3.369999885559082,7247000.0,71820.48206650604,0,2.4145053564370755,71818.0675611496,21311,38.21531166635774,52000,Neutral,53.19865011736697,3.214,3.3315,2.2497,1.6977,1.5228,14.170000076293944,-4.2883,SLDP,0.3715,Neutral,0.4457,0.5925,52.37939576558466,151,580.1400146484375,0.0,0.0
2025-08-05,3.619999885559082,3.539999961853028,3.740000009536743,3.400000095367432,3.619999885559082,10736200.0,77148.23206650604,0,2.4145053564370755,77145.8175611496,21311,48.460984743280825,52000,Neutral,58.09523831149078,3.292,3.387,2.2888,1.717,1.5319,14.170000076293944,-3.6532,SLDP,0.3702,Neutral,0.4491,0.5704,51.33794152932386,151,577.3499755859375,0.0,0.0
2025-08-06,3.430000066757202,3.4100000858306885,3.640000104904175,3.371999979019165,3.430000066757202,8558900.0,73099.14592801918,0,2.4145053564370755,73096.73142266273,21311,40.674280630806095,52000,Neutral,53.25077504502643,3.344,3.4295,2.3243,1.7344,1.5401,14.170000076293944,-3.5402,SLDP,0.3777,Neutral,0.4303,0.5445,52.93930955868808,151,581.6400146484375,0.0,0.0
2025-08-07,4.480000019073486,3.5,4.539999961853027,3.5,4.480000019073486,24683200.0,95475.69491183151,0,2.4145053564370755,95473.28040647507,21311,83.70610559967596,52000,Neutral,59.51742795283684,3.602,3.523,2.3752,1.7603,1.5527,14.170000076293944,-1.4909,SLDP,0.3714,Neutral,0.4249,0.5256,52.80864933719363,151,581.2899780273438,0.0,0.0
2025-08-08,3.900000095367432,4.46999979019165,4.614999771118164,3.819999933242798,3.900000095367432,12684600.0,83115.3165377318,0,2.4145053564370755,83112.90203237535,21311,59.93614718794573,52000,Neutral,51.99063344306173,3.76,3.5935,2.4163,1.7812,1.5631,14.170000076293944,-1.3248,SLDP,0.3813,Neutral,0.4002,0.5158,54.46973147999064,151,585.739990234375,0.0,0.0
2025-08-09,3.900000095367432,4.46999979019165,4.614999771118164,3.819999933242798,3.900000095367432,12684600.0,83115.3165377318,0,2.4145053564370755,83112.90203237535,21311,59.93614718794573,52000,Neutral,51.99063344306173,3.76,3.5935,2.4163,1.7812,1.5631,14.170000076293944,-1.3248,SLDP,0.3813,Neutral,0.4002,0.5158,54.46973147999064,151,585.739990234375,0.0,0.0
2025-08-10,3.900000095367432,4.46999979019165,4.614999771118164,3.819999933242798,3.900000095367432,12684600.0,83115.3165377318,0,2.4145053564370755,83112.90203237535,21311,59.93614718794573,52000,Neutral,51.99063344306173,3.76,3.5935,2.4163,1.7812,1.5631,14.170000076293944,-1.3248,SLDP,0.3813,Neutral,0.4002,0.5158,54.46973147999064,151,585.739990234375,0.0,0.0
2025-08-11,3.910000085830689,4.119999885559082,4.25,3.859999895095825,3.910000085830689,8405500.0,83328.42633449426,0,2.4145053564370755,83326.01182913782,21311,60.34597372018124,52000,Neutral,48.36272177959972,3.868,3.6555,2.4588,1.8015,1.5729,14.170000076293944,-1.2496,SLDP,0.3785,Neutral,0.4207,0.501,54.02179588891775,151,584.5399780273438,0.0,0.0
2025-08-12,4.130000114440918,3.9800000190734863,4.215000152587891,3.940000057220459,4.130000114440918,7058800.0,88016.84694420685,0,2.4145053564370755,88014.4324388504,21311,69.36216720039775,52000,Neutral,51.815981943456805,3.97,3.703,2.5048,1.8238,1.5841,14.170000076293944,-0.8725,SLDP,0.3929,Neutral,0.3951,0.4853,56.35105640590656,151,590.780029296875,0.0,0.0
2025-08-13,4.820000171661377,4.130000114440918,4.829999923706055,4.0920000076293945,4.820000171661377,12035300.0,102721.43816363205,0,2.4145053564370755,102719.0236582756,21311,97.64022723775392,52000,Neutral,55.67929014342498,4.248,3.7885,2.5622,1.8524,1.5982,14.170000076293944,0.4263,SLDP,0.4133,Neutral,0.3924,0.4727,57.12000377045064,151,592.8400268554688,0.0,0.0
2025-08-14,5.369999885559082,4.599999904632568,5.619999885559082,4.579999923706055,5.369999885559082,20297400.0,114442.48206650604,0,2.4145053564370755,114440.0675611496,21311,120.18069628174234,52000,Neutral,60.515873522715296,4.426,3.896,2.63,1.8859,1.6146,14.170000076293944,1.8859,SLDP,0.4064,Neutral,0.3938,0.466,57.123717391392816,151,592.8499755859375,0.0,0.0
2025-08-15,5.059999942779541,5.349999904632568,5.36899995803833,4.96999979019165,5.059999942779541,9707900.0,107836.07328593124,0,2.4145053564370755,107833.6587805748,21311,107.47606401140621,52000,Neutral,59.92141273462568,4.658,3.9605,2.6922,1.9175,1.6297,14.170000076293944,2.0071,SLDP,0.4009,Neutral,0.3953,0.4474,56.64593613507884,151,591.5700073242188,0.0,0.0
2025-08-16,5.059999942779541,5.349999904632568,5.36899995803833,4.96999979019165,5.059999942779541,9707900.0,107836.07328593124,0,2.4145053564370755,107833.6587805748,21311,107.47606401140621,52000,Neutral,59.92141273462568,4.658,3.9605,2.6922,1.9175,1.6297,14.170000076293944,2.0071,SLDP,0.4009,Neutral,0.3953,0.4474,56.64593613507884,151,591.5700073242188,0.0,0.0
2025-08-17,5.059999942779541,5.349999904632568,5.36899995803833,4.96999979019165,5.059999942779541,9707900.0,107836.07328593124,0,2.4145053564370755,107833.6587805748,21311,107.47606401140621,52000,Neutral,59.92141273462568,4.658,3.9605,2.6922,1.9175,1.6297,14.170000076293944,2.0071,SLDP,0.4009,Neutral,0.3953,0.4474,56.64593613507884,151,591.5700073242188,0.0,0.0
2025-08-18,4.579999923706055,5.059999942779541,5.309999942779541,4.550000190734863,4.579999923706055,9775300.0,97606.79287945617,0,2.4145053564370755,97604.37837409973,21311,87.8043709220311,52000,Neutral,64.21052673847066,4.792,4.003,2.7467,1.9456,1.6429,14.170000076293944,1.113,SLDP,0.4121,Neutral,0.3937,0.4459,56.567540002182156,151,591.3599853515625,0.0,0.0
2025-08-19,4.119999885559082,4.730000019073486,4.739999771118164,3.900000095367432,4.119999885559082,14084100.0,87803.73206650604,0,2.4145053564370755,87801.3175611496,21311,68.95233089712698,52000,Neutral,59.22329980226534,4.79,4.007,2.793,1.9699,1.6543,14.170000076293944,-0.3014,SLDP,0.3991,Neutral,0.4052,0.4363,55.36186625824358,151,588.1300048828125,0.0,0.0
2025-08-20,4.119999885559082,4.050000190734863,4.210000038146973,3.869999885559082,4.119999885559082,8118700.0,87803.73206650604,0,2.4145053564370755,87801.3175611496,21311,68.95233089712698,52000,Neutral,59.06432645259435,4.65,4.014,2.8365,1.994,1.666,14.170000076293944,-1.2794,SLDP,0.3943,Neutral,0.4095,0.4416,54.78329322862679,151,586.5800170898438,0.0,0.0
2025-08-21,4.320000171661377,4.130000114440918,4.364999771118164,4.079999923706055,4.320000171661377,6286600.0,92065.93816363205,0,2.4145053564370755,92063.5236582756,21311,77.14888108390775,52000,Neutral,61.5238126810988,4.44,4.0145,2.8808,2.0198,1.6787,14.170000076293944,-1.6314,SLDP,0.3761,Neutral,0.4231,0.4444,53.92102689856553,151,584.27001953125,0.0,0.0
2025-08-22,4.78000020980835,4.340000152587891,4.789999961853027,4.15500020980835,4.78000020980835,10571400.0,101868.99897658218,0,2.4145053564370755,101866.58447122574,21311,96.00092110881187,52000,Neutral,62.93578324399418,4.384,4.038,2.9303,2.0502,1.6935,14.170000076293944,-1.1927,SLDP,0.4033,Neutral,0.3845,0.4582,57.2581140167801,151,593.2100219726562,0.0,0.0
2025-08-23,4.78000020980835,4.340000152587891,4.789999961853027,4.15500020980835,4.78000020980835,10571400.0,101868.99897658218,0,2.4145053564370755,101866.58447122574,21311,96.00092110881187,52000,Neutral,62.93578324399418,4.384,4.038,2.9303,2.0502,1.6935,14.170000076293944,-1.1927,SLDP,0.4033,Neutral,0.3845,0.4582,57.2581140167801,151,593.2100219726562,0.0,0.0
2025-08-24,4.78000020980835,4.340000152587891,4.789999961853027,4.15500020980835,4.78000020980835,10571400.0,101868.99897658218,0,2.4145053564370755,101866.58447122574,21311,96.00092110881187,52000,Neutral,62.93578324399418,4.384,4.038,2.9303,2.0502,1.6935,14.170000076293944,-1.1927,SLDP,0.4033,Neutral,0.3845,0.4582,57.2581140167801,151,593.2100219726562,0.0,0.0
2025-08-25,4.730000019073486,4.659999847412109,4.889999866485596,4.492000102996826,4.730000019073486,7455800.0,100803.44491183151,0,2.4145053564370755,100801.03040647507,21311,93.95177867659902,52000,Neutral,60.57142984299433,4.414,4.072,2.9812,2.0804,1.708,14.170000076293944,-1.0482,SLDP,0.3932,Neutral,0.3896,0.4771,56.32118795771488,151,590.7000122070312,0.0,0.0
2025-08-26,4.710000038146973,4.730000019073486,5.010000228881836,4.690000057220459,4.710000038146973,8129500.0,100377.22531830658,0,2.4145053564370755,100374.81081295013,21311,93.13212561212802,52000,Neutral,62.59842451318377,4.532,4.146,3.0337,2.1102,1.7226,14.170000076293944,-1.0424,SLDP,0.3978,Neutral,0.3869,0.4874,57.2021135242895,151,593.0599975585938,0.0,0.0
2025-08-27,4.429999828338623,4.71999979019165,4.730000019073486,4.409999847412109,4.429999828338623,5878400.0,94410.14084708084,0,2.4145053564370755,94407.7263417244,21311,81.65696316746315,52000,Neutral,49.41995144005914,4.594,4.209,3.0838,2.1375,1.7355,14.170000076293944,-1.4879,SLDP,0.3964,Neutral,0.3901,0.5,57.7097632287952,151,594.4199829101562,0.0,0.0
2025-08-28,4.570000171661377,4.480000019073486,4.697999954223633,4.369999885559082,4.570000171661377,6045700.0,97393.68816363205,0,2.4145053564370755,97391.2736582756,21311,87.39455416083084,52000,Neutral,58.6563298578853,4.644,4.278,3.1355,2.1661,1.7491,14.170000076293944,-1.5815,SLDP,0.4084,Neutral,0.385,0.5153,58.493656208910366,151,596.52001953125,0.0,0.0
2025-08-29,4.329999923706055,4.534999847412109,4.579999923706055,4.159999847412109,4.329999923706055,8947300.0,92279.04287945617,0,2.4145053564370755,92276.62837409973,21311,77.55869784510801,52000,Neutral,55.1219478722921,4.554,4.339,3.1835,2.1932,1.7616,14.170000076293944,-1.9917,SLDP,0.3806,Neutral,0.3998,0.5176,57.20958633207509,151,593.0800170898438,0.0,0.0
2025-08-30,4.329999923706055,4.534999847412109,4.579999923706055,4.159999847412109,4.329999923706055,8947300.0,92279.04287945617,0,2.4145053564370755,92276.62837409973,21311,77.55869784510801,52000,Neutral,55.1219478722921,4.554,4.339,3.1835,2.1932,1.7616,14.170000076293944,-1.9917,SLDP,0.3806,Neutral,0.3998,0.5176,57.20958633207509,151,593.0800170898438,0.0,0.0
2025-08-31,4.329999923706055,4.534999847412109,4.579999923706055,4.159999847412109,4.329999923706055,8947300.0,92279.04287945617,0,2.4145053564370755,92276.62837409973,21311,77.55869784510801,52000,Neutral,55.1219478722921,4.554,4.339,3.1835,2.1932,1.7616,14.170000076293944,-1.9917,SLDP,0.3806,Neutral,0.3998,0.5176,57.20958633207509,151,593.0800170898438,0.0,0.0
2025-09-01,4.329999923706055,4.534999847412109,4.579999923706055,4.159999847412109,4.329999923706055,8947300.0,93278.04264947379,0,1.184292997962416,93276.85835647583,21542,76.0953068857996,53000,"cash_0%_Buy 100% of cash (231 shares - DCA Strategy) Monthly invest 1.9% of total investment ($1,000.00)",55.1219478722921,4.554,4.339,3.1835,2.1932,1.7616,14.170000076293944,-1.9917,SLDP,0.3806,Neutral,0.3998,0.5176,56.167514914060405,153,593.0800170898438,0.0,0.0
2025-09-02,4.070000171661377,4.099999904632568,4.364999771118164,3.9700000286102295,4.070000171661377,8911300.0,87677.12799092734,0,1.184292997962416,87675.94369792938,21542,65.52754337910818,53000,Neutral,49.27536315346402,4.422,4.374,3.2277,2.2179,1.7731,14.170000076293944,-2.6045,SLDP,0.35,Neutral,0.4287,0.5335,54.54277313972145,153,588.7100219726562,0.0,0.0
2025-09-03,3.930000066757202,4.090000152587891,4.130000114440918,3.9149999618530273,3.930000066757202,7161400.0,84661.24573108161,0,1.184292997962416,84660.06143808365,21542,59.83719949260679,53000,Neutral,37.60445835993959,4.266,4.3895,3.2663,2.2412,1.7839,14.170000076293944,-3.1387,SLDP,0.366,Neutral,0.4168,0.5268,55.661856642075236,153,591.719970703125,0.0,0.0
2025-09-04,3.930000066757202,3.910000085830689,3.940000057220459,3.75,3.930000066757202,7111100.0,84661.24573108161,0,1.184292997962416,84660.06143808365,21542,59.83719949260679,53000,Neutral,26.31580144414157,4.166,4.4145,3.3057,2.265,1.7948,14.170000076293944,-3.3849,SLDP,0.3788,Neutral,0.399,0.5222,57.47251854486973,153,596.5900268554688,0.0,0.0
2025-09-05,4.190000057220459,4.070000171661377,4.199999809265137,3.9049999713897705,4.190000057220459,6258900.0,90262.16552564109,0,1.184292997962416,90260.98123264313,21542,70.40497268988884,53000,Neutral,35.45151277723724,4.09,4.4,3.3483,2.2905,1.8067,14.170000076293944,-3.0362,SLDP,0.3789,Neutral,0.3969,0.5083,56.86649108843942,153,594.9600219726562,0.0,0.0
2025-09-06,4.190000057220459,4.070000171661377,4.199999809265137,3.9049999713897705,4.190000057220459,6258900.0,90262.16552564109,0,1.184292997962416,90260.98123264313,21542,70.40497268988884,53000,Neutral,35.45151277723724,4.09,4.4,3.3483,2.2905,1.8067,14.170000076293944,-3.0362,SLDP,0.3789,Neutral,0.3969,0.5083,56.86649108843942,153,594.9600219726562,0.0,0.0
2025-09-07,4.190000057220459,4.070000171661377,4.199999809265137,3.9049999713897705,4.190000057220459,6258900.0,90262.16552564109,0,1.184292997962416,90260.98123264313,21542,70.40497268988884,53000,Neutral,35.45151277723724,4.09,4.4,3.3483,2.2905,1.8067,14.170000076293944,-3.0362,SLDP,0.3789,Neutral,0.3969,0.5083,56.86649108843942,153,594.9600219726562,0.0,0.0
2025-09-08,3.920000076293945,4.389999866485596,4.5,3.9049999713897705,3.920000076293945,11612600.0,84445.82593652212,0,1.184292997962416,84444.64164352416,21542,59.430747050041724,53000,Neutral,38.12950411529162,4.008,4.401,3.3825,2.3136,1.8169,14.170000076293944,-3.1242,SLDP,0.3837,Neutral,0.3998,0.5007,57.43904702168261,153,596.5,0.0,0.0
2025-09-09,3.7799999713897705,3.990000009536743,4.019999980926514,3.650000095367432,3.7799999713897705,8603400.0,81429.9436766764,0,1.184292997962416,81428.75938367844,21542,53.740403163540364,53000,Neutral,43.08943609479092,3.95,4.3945,3.416,2.3356,1.827,14.170000076293944,-3.2841,SLDP,0.3972,Neutral,0.4029,0.4918,57.97815412429679,153,597.9500122070312,0.0,0.0
2025-09-10,3.559999942779541,3.839999914169312,3.849999904632568,3.549999952316284,3.559999942779541,9329900.0,76690.70306035483,0,1.184292997962416,76689.51876735687,21542,44.79843973651854,53000,Neutral,39.55224478103755,3.876,4.366,3.4462,2.3561,1.836,14.170000076293944,-3.6064,SLDP,0.4,Neutral,0.4086,0.5016,58.621351990883326,153,599.6799926757812,0.0,0.0
2025-09-11,3.680000066757202,3.539999961853028,3.849999904632568,3.5299999713897705,3.680000066757202,6693200.0,79275.74573108161,0,1.184292997962416,79274.56143808365,21542,49.67587873788981,53000,Neutral,37.692310866518206,3.826,4.309,3.4753,2.3776,1.8457,14.170000076293944,-3.4754,SLDP,0.4147,Neutral,0.3969,0.4983,60.43943436017419,153,604.5700073242188,0.0,0.0
2025-09-12,3.799999952316284,3.7100000381469727,3.859999895095825,3.619999885559082,3.799999952316284,6165100.0,81860.78326579535,0,1.184292997962416,81859.5989727974,21542,54.553308048670466,53000,Neutral,28.318587431696,3.748,4.2305,3.5065,2.4001,1.8559,14.170000076293944,-3.0501,SLDP,0.403,Neutral,0.3952,0.5009,60.39109921143621,153,604.4400024414062,0.0,0.0
2025-09-13,3.799999952316284,3.7100000381469727,3.859999895095825,3.619999885559082,3.799999952316284,6165100.0,81860.78326579535,0,1.184292997962416,81859.5989727974,21542,54.553308048670466,53000,Neutral,28.318587431696,3.748,4.2305,3.5065,2.4001,1.8559,14.170000076293944,-3.0501,SLDP,0.403,Neutral,0.3952,0.5009,60.39109921143621,153,604.4400024414062,0.0,0.0
2025-09-14,3.799999952316284,3.7100000381469727,3.859999895095825,3.619999885559082,3.799999952316284,6165100.0,81860.78326579535,0,1.184292997962416,81859.5989727974,21542,54.553308048670466,53000,Neutral,28.318587431696,3.748,4.2305,3.5065,2.4001,1.8559,14.170000076293944,-3.0501,SLDP,0.403,Neutral,0.3952,0.5009,60.39109921143621,153,604.4400024414062,0.0,0.0
2025-09-15,3.9800000190734863,3.9049999713897705,4.019999980926514,3.7300000190734863,3.9800000190734863,9301100.0,85738.344703879,0,1.184292997962416,85737.16041088104,21542,61.86946170543206,53000,Neutral,34.30962881531943,3.76,4.1765,3.5398,2.4236,1.8668,14.170000076293944,-2.3544,SLDP,0.4052,Neutral,0.4088,0.5053,61.56226213461329,153,607.5900268554688,0.0,0.0
2025-09-16,3.740000009536743,3.9700000286102295,4.0,3.6540000438690186,3.740000009536743,9794200.0,80568.26449843848,0,1.184292997962416,80567.08020544052,21542,52.11459339328013,53000,Neutral,31.4176300159576,3.752,4.1345,3.5722,2.4455,1.8767,14.170000076293944,-2.1966,SLDP,0.3919,Neutral,0.4217,0.5161,61.26480808313093,153,606.7899780273438,0.0,0.0
2025-09-17,3.839999914169312,3.740000009536743,4.005000114440918,3.7200000286102295,3.839999914169312,10120900.0,82722.46244403328,0,1.184292997962416,82721.27815103532,21542,56.1791178189307,53000,Neutral,37.860086786305686,3.808,4.1205,3.6052,2.4684,1.8875,14.170000076293944,-1.8314,SLDP,0.3848,Neutral,0.4067,0.5165,61.004569826921,153,606.0900268554688,0.0,0.0
2025-09-18,3.910000085830689,3.849999904632568,3.9800000190734863,3.759999990463257,3.910000085830689,12829600.0,84230.40614196267,0,1.184292997962416,84229.2218489647,21542,59.02429460747671,53000,Neutral,36.016949537806475,3.854,4.11,3.6392,2.4917,1.8985,14.170000076293944,-1.3977,SLDP,0.3891,Neutral,0.4021,0.5153,62.06417613451313,153,608.9400024414062,0.0,0.0
2025-09-19,4.170000076293945,3.964999914169312,4.210000038146973,3.805000066757202,4.170000076293945,20652800.0,89831.32593652213,0,1.184292997962416,89830.14164352417,21542,69.59206780475873,53000,Neutral,46.63865882944096,3.928,4.1025,3.6762,2.5175,1.9106,14.170000076293944,-0.6329,SLDP,0.3866,Neutral,0.3963,0.5074,63.12008355513612,153,611.780029296875,0.0,0.0
2025-09-20,4.170000076293945,3.964999914169312,4.210000038146973,3.805000066757202,4.170000076293945,20652800.0,89831.32593652213,0,1.184292997962416,89830.14164352417,21542,69.59206780475873,53000,Neutral,46.63865882944096,3.928,4.1025,3.6762,2.5175,1.9106,14.170000076293944,-0.6329,SLDP,0.3866,Neutral,0.3963,0.5074,63.12008355513612,153,611.780029296875,0.0,0.0
2025-09-21,4.170000076293945,3.964999914169312,4.210000038146973,3.805000066757202,4.170000076293945,20652800.0,89831.32593652213,0,1.184292997962416,89830.14164352417,21542,69.59206780475873,53000,Neutral,46.63865882944096,3.928,4.1025,3.6762,2.5175,1.9106,14.170000076293944,-0.6329,SLDP,0.3866,Neutral,0.3963,0.5074,63.12008355513612,153,611.780029296875,0.0,0.0
2025-09-22,4.53000020980835,4.150000095367432,4.65500020980835,3.9700000286102295,4.53000020980835,20624600.0,97586.44881268943,0,1.184292997962416,97585.26451969147,21542,84.22437511828193,53000,Neutral,59.27419246297495,4.038,4.09,3.7137,2.5465,1.9241,14.170000076293944,0.4493,SLDP,0.3766,Neutral,0.4038,0.4987,64.22802501146629,153,614.760009765625,0.0,0.0
2025-09-23,4.300000190734863,4.539999961853027,4.590000152587891,4.239999771118164,4.300000190734863,11544100.0,92631.78840180839,0,1.184292997962416,92630.60410881042,21542,74.87595924869507,53000,Neutral,57.198444843169305,4.15,4.0685,3.7495,2.5736,1.9368,14.170000076293944,0.7294,SLDP,0.3754,Neutral,0.4149,0.4933,63.030833724156565,153,611.5399780273438,0.0,0.0
2025-09-24,3.930000066757202,4.360000133514404,4.400000095367432,3.829999923706055,3.930000066757202,14291200.0,84661.24573108161,0,1.184292997962416,84660.06143808365,21542,59.83719949260679,53000,Neutral,50.0,4.168,4.0295,3.7785,2.5976,1.948,14.170000076293944,0.2822,SLDP,0.3732,Neutral,0.4061,0.5048,62.27238035501594,153,609.5,0.0,0.0
2025-09-25,3.785000085830689,3.819999933242798,3.930000066757202,3.700000047683716,3.785000085830689,7927700.0,81537.65614196267,0,1.184292997962416,81536.4718489647,21542,53.94363423011823,53000,Neutral,42.83186024437183,4.143,3.9973,3.8049,2.6208,1.9585,14.170000076293944,-0.2469,SLDP,0.3648,Neutral,0.4183,0.5197,61.19046726281843,153,606.5900268554688,0.0,0.0
2025-09-26,3.7300000190734863,3.799999952316284,3.900000095367432,3.7200000286102295,3.7300000190734863,7506500.0,80352.844703879,0,1.184292997962416,80351.66041088104,21542,51.70814095071508,53000,Neutral,46.3601530117101,4.055,3.9553,3.8259,2.6437,1.9689,14.170000076293944,-0.66,SLDP,0.3742,Neutral,0.3917,0.5399,62.51775498567498,153,610.1599731445312,0.0,0.0
2025-09-27,3.7300000190734863,3.799999952316284,3.900000095367432,3.7200000286102295,3.7300000190734863,7506500.0,80352.844703879,0,1.184292997962416,80351.66041088104,21542,51.70814095071508,53000,Neutral,46.3601530117101,4.055,3.9553,3.8259,2.6437,1.9689,14.170000076293944,-0.66,SLDP,0.3742,Neutral,0.3917,0.5399,62.51775498567498,153,610.1599731445312,0.0,0.0
2025-09-28,3.7300000190734863,3.799999952316284,3.900000095367432,3.7200000286102295,3.7300000190734863,7506500.0,80352.844703879,0,1.184292997962416,80351.66041088104,21542,51.70814095071508,53000,Neutral,46.3601530117101,4.055,3.9553,3.8259,2.6437,1.9689,14.170000076293944,-0.66,SLDP,0.3742,Neutral,0.3917,0.5399,62.51775498567498,153,610.1599731445312,0.0,0.0
2025-09-29,3.5199999809265137,3.839999914169312,3.9600000381469727,3.4600000381469727,3.5199999809265137,14987100.0,75829.02388211692,0,1.184292997962416,75827.83958911896,21542,43.17262996625833,53000,Neutral,45.14925489316226,3.853,3.9148,3.8436,2.6653,1.9782,14.170000076293944,-1.2314,SLDP,0.3755,Neutral,0.408,0.5378,63.153536016574435,153,610.1300048828125,1.74,0.0
2025-09-30,3.470000028610229,3.509999990463257,3.559999942779541,3.4200000762939453,3.470000028610229,7692600.0,74751.92490931951,0,1.184292997962416,74750.74061632155,21542,41.14036775343302,53000,Neutral,48.207173358296025,3.687,3.8848,3.8634,2.6865,1.9873,14.170000076293944,-1.6174,SLDP,0.3739,Neutral,0.412,0.525,63.990074478112916,153,612.3800048828125,0.0,0.0
2025-10-01,3.7100000381469727,3.4200000762939453,3.7300000190734863,3.4200000762939453,3.7100000381469727,7839200.0,80921.00712474978,0,2.196292726165325,80918.81083202362,21811,49.952716897684766,54000,"cash_0%_Buy 100% of cash (269 shares - DCA Strategy) Monthly invest 1.9% of total investment ($1,000.00)",50.5703415848814,3.643,3.8738,3.8834,2.7087,1.9975,14.170000076293944,-1.3782,SLDP,0.3831,Neutral,0.4136,0.5029,63.7061465725929,156,614.5700073242188,0.0,0.0
2025-10-02,3.880000114440918,3.805000066757202,3.890000104904175,3.660000085830689,3.880000114440918,9752300.0,84628.87878879702,0,2.196292726165325,84626.68249607086,21811,56.81914590517967,54000,Neutral,51.49254003540871,3.662,3.8713,3.9051,2.7325,2.0083,14.170000076293944,-0.8654,SLDP,0.3815,Neutral,0.4207,0.4743,63.95855063360321,156,615.25,0.0,0.0
2025-10-03,4.320000171661377,3.950000047683716,4.46999979019165,3.910000085830689,4.320000171661377,17712100.0,94225.72003683246,0,2.196292726165325,94223.5237441063,21811,74.59107414228231,54000,Neutral,55.78231446983179,3.78,3.8778,3.9336,2.7591,2.0211,14.170000076293944,0.2367,SLDP,0.3798,Neutral,0.4195,0.4519,63.97710542455263,156,615.2999877929688,0.0,0.0
2025-10-04,4.320000171661377,3.950000047683716,4.46999979019165,3.910000085830689,4.320000171661377,17712100.0,94225.72003683246,0,2.196292726165325,94223.5237441063,21811,74.59107414228231,54000,Neutral,55.78231446983179,3.78,3.8778,3.9336,2.7591,2.0211,14.170000076293944,0.2367,SLDP,0.3798,Neutral,0.4195,0.4519,63.97710542455263,156,615.2999877929688,0.0,0.0
2025-10-05,4.320000171661377,3.950000047683716,4.46999979019165,3.910000085830689,4.320000171661377,17712100.0,94225.72003683246,0,2.196292726165325,94223.5237441063,21811,74.59107414228231,54000,Neutral,55.78231446983179,3.78,3.8778,3.9336,2.7591,2.0211,14.170000076293944,0.2367,SLDP,0.3798,Neutral,0.4195,0.4519,63.97710542455263,156,615.2999877929688,0.0,0.0
2025-10-06,5.769999980926514,4.449999809265137,6.304999828338623,4.320000171661377,5.769999980926514,55138900.0,125851.66587671435,0,2.196292726165325,125849.46958398819,21811,133.15764051243394,54000,Neutral,74.45782901344755,4.23,3.9703,3.9883,2.7979,2.0398,14.170000076293944,3.1858,SLDP,0.3796,Neutral,0.4107,0.4489,64.75661054322978,156,617.4000244140625,0.0,0.0
2025-10-07,6.300000190734863,5.829999923706055,6.440000057220459,5.550000190734863,6.300000190734863,26674800.0,137411.50045284428,0,2.196292726165325,137409.3041601181,21811,154.56474157934124,54000,Neutral,76.85589446908016,4.796,4.0963,4.0488,2.8415,2.061,14.170000076293944,5.4698,SLDP,0.3698,Neutral,0.4293,0.451,63.939995842653786,156,615.2000122070312,0.0,0.0
2025-10-08,6.239999771118164,6.389999866485596,6.75,5.954999923706055,6.239999771118164,20563000.0,136102.83130058445,0,2.196292726165325,136100.63500785828,21811,152.14128018626747,54000,Neutral,75.49233296603663,5.302,4.2303,4.0998,2.8846,2.0818,14.170000076293944,6.3326,SLDP,0.3831,Neutral,0.4144,0.4633,65.26513415452482,156,618.77001953125,0.0,0.0
2025-10-09,6.03000020980835,6.235000133514404,6.485000133514404,5.690999984741211,6.03000020980835,13448600.0,131522.5308688561,0,2.196292726165325,131520.3345761299,21811,143.65924234973346,54000,Neutral,70.57522063210877,5.732,4.3478,4.1484,2.9257,2.102,14.170000076293944,6.1207,SLDP,0.3904,Neutral,0.4213,0.4699,64.64523648668847,156,617.0999755859375,0.0,0.0
2025-10-10,5.860000133514404,6.019999980926514,7.130000114440918,5.809999942779541,5.860000133514404,28107800.0,127814.65920480884,0,2.196292726165325,127812.46291208267,21811,136.79281334223856,54000,Neutral,65.35796536576765,6.04,4.4508,4.1924,2.9651,2.1213,14.170000076293944,5.3466,SLDP,0.3375,Neutral,0.5304,0.4516,58.48726612287756,156,600.510009765625,0.0,0.0
2025-10-11,5.860000133514404,6.019999980926514,7.130000114440918,5.809999942779541,5.860000133514404,28107800.0,127814.65920480884,0,2.196292726165325,127812.46291208267,21811,136.79281334223856,54000,Neutral,65.35796536576765,6.04,4.4508,4.1924,2.9651,2.1213,14.170000076293944,5.3466,SLDP,0.3375,Neutral,0.5304,0.4516,58.48726612287756,156,600.510009765625,0.0,0.0
2025-10-12,5.860000133514404,6.019999980926514,7.130000114440918,5.809999942779541,5.860000133514404,28107800.0,127814.65920480884,0,2.196292726165325,127812.46291208267,21811,136.79281334223856,54000,Neutral,65.35796536576765,6.04,4.4508,4.1924,2.9651,2.1213,14.170000076293944,5.3466,SLDP,0.3375,Neutral,0.5304,0.4516,58.48726612287756,156,600.510009765625,0.0,0.0
2025-10-13,6.300000190734863,6.369999885559082,6.880000114440918,6.09499979019165,6.300000190734863,20598700.0,137411.50045284428,0,2.196292726165325,137409.3041601181,21811,154.56474157934124,54000,Neutral,72.02642958969636,6.146,4.5668,4.2346,3.008,2.1424,14.170000076293944,5.0233,SLDP,0.3704,Neutral,0.4851,0.4385,61.86505367087811,156,609.6099853515625,0.0,0.0
2025-10-14,6.940000057220459,6.119999885559082,7.379000186920166,5.940000057220459,6.940000057220459,25056600.0,151370.5375407616,0,2.196292726165325,151368.34124803543,21811,180.4148102606696,54000,Neutral,81.2889800111556,6.274,4.7268,4.2881,3.0565,2.166,14.170000076293944,5.1722,SLDP,0.3511,Neutral,0.5145,0.4216,61.54583876919642,156,608.75,0.0,0.0
2025-10-15,7.119999885559082,7.215000152587891,7.369999885559082,6.599999904632568,7.119999885559082,16635700.0,155296.51379665532,0,2.196292726165325,155294.31750392914,21811,187.68513666047278,54000,Neutral,84.41692239458071,6.45,4.8908,4.3394,3.1064,2.1905,14.170000076293944,5.0159,SLDP,0.3399,Neutral,0.503,0.4027,62.54061571156271,156,611.4299926757812,0.0,0.0
2025-10-16,6.039999961853027,7.284999847412109,8.050000190734863,5.9730000495910645,6.039999961853027,18974200.0,131740.63546070256,0,2.196292726165325,131738.43916797638,21811,144.06313974204178,54000,Neutral,69.67632016878248,6.452,4.9973,4.3738,3.1472,2.2105,14.170000076293944,3.3236,SLDP,0.3006,Neutral,0.5909,0.3963,61.04103064717577,156,607.3900146484375,0.0,0.0
2025-10-17,6.340000152587891,6.079999923706055,6.46999979019165,5.900000095367432,6.340000152587891,15152500.0,138283.93962082066,0,2.196292726165325,138281.74332809448,21811,156.18036966818642,54000,Neutral,73.65771940949638,6.548,5.1058,4.4076,3.1906,2.232,14.170000076293944,2.3137,SLDP,0.3308,Neutral,0.5103,0.4052,62.29192713982674,156,610.760009765625,0.0,0.0
2025-10-18,6.340000152587891,6.079999923706055,6.46999979019165,5.900000095367432,6.340000152587891,15152500.0,138283.93962082066,0,2.196292726165325,138281.74332809448,21811,156.18036966818642,54000,Neutral,73.65771940949638,6.548,5.1058,4.4076,3.1906,2.232,14.170000076293944,2.3137,SLDP,0.3308,Neutral,0.5103,0.4052,62.29192713982674,156,610.760009765625,0.0,0.0
2025-10-19,6.340000152587891,6.079999923706055,6.46999979019165,5.900000095367432,6.340000152587891,15152500.0,138283.93962082066,0,2.196292726165325,138281.74332809448,21811,156.18036966818642,54000,Neutral,73.65771940949638,6.548,5.1058,4.4076,3.1906,2.232,14.170000076293944,2.3137,SLDP,0.3308,Neutral,0.5103,0.4052,62.29192713982674,156,610.760009765625,0.0,0.0
2025-10-20,6.510000228881836,6.550000190734863,6.75,6.139999866485596,6.510000228881836,11075900.0,141991.8112848679,0,2.196292726165325,141989.61499214172,21811,163.04679867568126,54000,Neutral,75.00000098033952,6.59,5.2048,4.4443,3.2356,2.2543,14.170000076293944,1.6269,SLDP,0.3565,Neutral,0.4631,0.4066,64.67122225618664,156,617.1699829101562,0.0,0.0
2025-10-21,6.179999828338623,6.400000095367432,6.429999828338623,6.03000020980835,6.179999828338623,8115200.0,134794.17254861988,0,2.196292726165325,134791.9762558937,21811,149.71783805299978,54000,Neutral,70.01620396077756,6.438,5.2988,4.4798,3.278,2.2752,14.170000076293944,0.6452,SLDP,0.3626,Neutral,0.4567,0.4054,64.64154365283653,156,617.0900268554688,0.0,0.0
2025-10-22,5.679999828338623,6.03000020980835,6.300000190734863,5.485000133514404,5.679999828338623,11273200.0,123888.67254861987,0,2.196292726165325,123886.4762558937,21811,129.52246768262938,54000,Neutral,63.8461506296194,6.15,5.3863,4.5206,3.3162,2.2938,14.170000076293944,-0.6397,SLDP,0.3536,Neutral,0.472,0.4013,63.48342111493267,156,613.969970703125,0.0,0.0
2025-10-23,5.690000057220459,5.869999885559082,5.940000057220459,5.670000076293945,5.690000057220459,6307800.0,124106.7875407616,0,2.196292726165325,124104.59124803543,21811,129.92638433474366,54000,Neutral,61.285006088903486,6.08,5.4815,4.5626,3.3544,2.3127,14.170000076293944,-1.5001,SLDP,0.3692,Neutral,0.445,0.4284,64.77144984490485,156,617.4400024414062,0.0,0.0
2025-10-24,6.150000095367432,5.929999828338623,6.230000019073486,5.71999979019165,6.150000095367432,8960600.0,134139.84837278523,0,2.196292726165325,134137.65208005905,21811,148.50612661626892,54000,Neutral,53.74015796072928,6.042,5.6025,4.6119,3.3962,2.3334,14.170000076293944,-1.5624,SLDP,0.3902,Neutral,0.4236,0.4474,66.6682071194679,156,622.5499877929688,0.0,0.0
2025-10-25,6.150000095367432,5.929999828338623,6.230000019073486,5.71999979019165,6.150000095367432,8960600.0,134139.84837278523,0,2.196292726165325,134137.65208005905,21811,148.50612661626892,54000,Neutral,53.74015796072928,6.042,5.6025,4.6119,3.3962,2.3334,14.170000076293944,-1.5624,SLDP,0.3902,Neutral,0.4236,0.4474,66.6682071194679,156,622.5499877929688,0.0,0.0
2025-10-26,6.150000095367432,5.929999828338623,6.230000019073486,5.71999979019165,6.150000095367432,8960600.0,134139.84837278523,0,2.196292726165325,134137.65208005905,21811,148.50612661626892,54000,Neutral,53.74015796072928,6.042,5.6025,4.6119,3.3962,2.3334,14.170000076293944,-1.5624,SLDP,0.3902,Neutral,0.4236,0.4474,66.6682071194679,156,622.5499877929688,0.0,0.0
2025-10-27,5.840000152587891,6.300000190734863,6.316999912261963,5.690000057220459,5.840000152587891,11385700.0,127378.43962082065,0,2.196292726165325,127376.24332809448,21811,135.984999297816,54000,Neutral,45.267489913816114,5.908,5.7185,4.6574,3.4355,2.3529,14.170000076293944,-1.9496,SLDP,0.3982,Neutral,0.4075,0.4507,69.4335506336032,156,630.0,0.0,0.0
2025-10-28,5.440000057220459,5.809999942779541,5.880000114440918,5.409999847412109,5.440000057220459,8215100.0,118654.0375407616,0,2.196292726165325,118651.84124803543,21811,119.82869914955847,54000,Neutral,42.30769548190399,5.76,5.817,4.6919,3.4708,2.3707,14.170000076293944,-2.6127,SLDP,0.393,Neutral,0.4201,0.4451,70.06085662456587,156,631.6900024414062,0.0,0.0
2025-10-29,5.519999980926514,5.460000038146973,5.64900016784668,5.349999904632568,5.519999980926514,7148100.0,120398.91587671435,0,2.196292726165325,120396.71958398819,21811,123.05995532724882,54000,Neutral,44.97041258729551,5.728,5.9075,4.7236,3.5062,2.3893,14.170000076293944,-2.8886,SLDP,0.3837,Neutral,0.422,0.4455,70.15736872400976,156,631.9500122070312,0.0,0.0
2025-10-30,5.329999923706055,5.360000133514404,5.440000057220459,5.190000057220459,5.329999923706055,8088900.0,116254.82462867892,0,2.196292726165325,116252.62833595276,21811,115.38571227533131,54000,Neutral,44.79371174588423,5.656,5.98,4.7553,3.5398,2.4068,14.170000076293944,-3.1989,SLDP,0.3704,Neutral,0.4257,0.4287,67.66669955110851,156,625.239990234375,0.0,0.0
2025-10-31,6.28000020980835,6.019999980926514,6.380000114440918,5.570000171661377,6.28000020980835,22421100.0,136975.2808688561,0,2.196292726165325,136973.0845761299,21811,153.75692753491865,54000,Neutral,49.82142876909701,5.682,6.078,4.7853,3.5802,2.4285,14.170000076293944,-2.2425,SLDP,0.3595,Neutral,0.4364,0.4188,68.33483061324435,156,627.0399780273438,0.0,0.0
2025-11-01,6.28000020980835,6.019999980926514,6.380000114440918,5.570000171661377,6.28000020980835,22421100.0,137974.28234882271,0,2.677739333278282,137971.60460948944,21970,150.961331543314,55000,"cash_0%_Buy 100% of cash (159 shares - DCA Strategy) Monthly invest 1.8% of total investment ($1,000.00)",49.82142876909701,5.682,6.078,4.7853,3.5802,2.4285,14.170000076293944,-2.2425,SLDP,0.3595,Neutral,0.4364,0.4188,67.21725340162021,157,627.0399780273438,0.0,0.0
2025-11-02,6.28000020980835,6.019999980926514,6.380000114440918,5.570000171661377,6.28000020980835,22421100.0,137974.28234882271,0,2.677739333278282,137971.60460948944,21970,150.961331543314,55000,Neutral,49.82142876909701,5.682,6.078,4.7853,3.5802,2.4285,14.170000076293944,-2.2425,SLDP,0.3595,Neutral,0.4364,0.4188,67.21725340162021,157,627.0399780273438,0.0,0.0
2025-11-03,6.420000076293945,6.630000114440918,7.03000020980835,6.25,6.420000076293945,23348000.0,141050.07941551125,0,2.677739333278282,141047.40167617798,21970,156.5536898463841,55000,Neutral,44.901961829285405,5.798,6.1105,4.8273,3.6218,2.451,14.170000076293944,-1.4499,SLDP,0.3556,Neutral,0.4378,0.4296,67.67102501524613,157,628.27001953125,0.0,0.0
2025-11-04,5.614999771118164,6.019999980926514,6.179999828338623,5.550000190734863,5.614999771118164,13883900.0,123364.22271079934,0,2.677739333278282,123361.54497146606,21970,124.39758674690788,55000,Neutral,36.855897262397306,5.833,6.0763,4.8557,3.6573,2.4702,14.170000076293944,-1.8192,SLDP,0.3364,Neutral,0.4757,0.4264,64.98536714858386,157,620.989990234375,0.0,0.0
2025-11-05,8.510000228881836,6.239999771118164,8.859999656677246,6.019999980926514,8.510000228881836,82376000.0,186967.3827678672,0,2.677739333278282,186964.70502853394,21970,240.03969594157675,55000,Neutral,66.37930805506772,6.431,6.1898,4.9287,3.7168,2.5013,14.170000076293944,1.0435,SLDP,0.3417,Neutral,0.4503,0.4166,65.67522249013456,157,622.8599853515625,0.0,0.0
2025-11-06,6.75,8.079999923706055,8.3149995803833,6.71999979019165,6.75,27120400.0,148300.17773933327,0,2.677739333278282,148297.5,21970,169.73568679878778,55000,Neutral,52.27777644734353,6.715,6.2258,4.9608,3.7615,2.525,14.170000076293944,0.8283,SLDP,0.3208,Neutral,0.4827,0.4054,63.233056224214096,157,616.239990234375,0.0,0.0
2025-11-07,6.860000133514404,6.90500020980835,6.909999847412109,6.170000076293945,6.860000133514404,15406300.0,150716.88067264474,0,2.677739333278282,150714.20293331146,21970,174.12969213208132,55000,Neutral,51.95749344362386,6.831,6.2758,4.9857,3.8078,2.5491,14.170000076293944,0.6878,SLDP,0.3241,Neutral,0.4761,0.4013,63.47285514671279,157,616.8900146484375,0.0,0.0
2025-11-08,6.860000133514404,6.90500020980835,6.909999847412109,6.170000076293945,6.860000133514404,15406300.0,150716.88067264474,0,2.677739333278282,150714.20293331146,21970,174.12969213208132,55000,Neutral,51.95749344362386,6.831,6.2758,4.9857,3.8078,2.5491,14.170000076293944,0.6878,SLDP,0.3241,Neutral,0.4761,0.4013,63.47285514671279,157,616.8900146484375,0.0,0.0
2025-11-09,6.860000133514404,6.90500020980835,6.909999847412109,6.170000076293945,6.860000133514404,15406300.0,150716.88067264474,0,2.677739333278282,150714.20293331146,21970,174.12969213208132,55000,Neutral,51.95749344362386,6.831,6.2758,4.9857,3.8078,2.5491,14.170000076293944,0.6878,SLDP,0.3241,Neutral,0.4761,0.4013,63.47285514671279,157,616.8900146484375,0.0,0.0
2025-11-10,7.349999904632568,7.480000019073486,8.020000457763672,7.005000114440918,7.349999904632568,22233200.0,161482.1756441108,0,2.677739333278282,161479.49790477753,21970,193.7029557165651,55000,Neutral,56.42857090457463,7.017,6.3283,5.0238,3.858,2.5752,14.170000076293944,0.9684,SLDP,0.3535,Neutral,0.4467,0.4124,67.00697338873618,157,626.469970703125,0.0,0.0
2025-11-11,7.099999904632568,7.150000095367432,7.329999923706055,6.840000152587891,7.099999904632568,9826600.0,155989.6756441108,0,2.677739333278282,155986.99790477753,21970,183.71659208020145,55000,Neutral,58.02259809077663,7.314,6.3363,5.0658,3.9063,2.5999,14.170000076293944,0.7634,SLDP,0.355,Neutral,0.4407,0.4363,67.5382011801457,157,627.9099731445312,0.0,0.0
2025-11-12,6.670000076293945,7.114999771118164,7.25,6.420000076293945,6.670000076293945,10493500.0,146542.57941551125,0,2.677739333278282,146539.90167617798,21970,166.5400534827477,55000,Neutral,55.28586796262112,6.946,6.3138,5.1083,3.9507,2.6231,14.170000076293944,0.1061,SLDP,0.358,Neutral,0.4477,0.4424,67.65256162403031,157,628.219970703125,0.0,0.0
2025-11-13,5.849999904632568,6.550000190734863,6.567999839782715,5.760000228881836,5.849999904632568,13380100.0,128527.1756441108,0,2.677739333278282,128524.49790477753,21970,133.78477389838324,55000,Neutral,48.4423667836956,6.766,6.3043,5.1372,3.9868,2.6428,14.170000076293944,-1.1741,SLDP,0.3186,Neutral,0.4928,0.4459,63.87864445950822,157,617.989990234375,0.0,0.0
2025-11-14,6.050000190734863,5.619999885559082,6.349999904632568,5.579999923706055,6.050000190734863,13341100.0,132921.18192977822,0,2.677739333278282,132918.50419044495,21970,141.7738762359604,55000,Neutral,51.10294121329994,6.604,6.2898,5.166,4.0234,2.6632,14.170000076293944,-1.7871,SLDP,0.3176,Neutral,0.4864,0.4511,63.81962915660972,157,617.8300170898438,0.0,0.0
2025-11-15,6.050000190734863,5.619999885559082,6.349999904632568,5.579999923706055,6.050000190734863,13341100.0,132921.18192977822,0,2.677739333278282,132918.50419044495,21970,141.7738762359604,55000,Neutral,51.10294121329994,6.604,6.2898,5.166,4.0234,2.6632,14.170000076293944,-1.7871,SLDP,0.3176,Neutral,0.4864,0.4511,63.81962915660972,157,617.8300170898438,0.0,0.0
2025-11-16,6.050000190734863,5.619999885559082,6.349999904632568,5.579999923706055,6.050000190734863,13341100.0,132921.18192977822,0,2.677739333278282,132918.50419044495,21970,141.7738762359604,55000,Neutral,51.10294121329994,6.604,6.2898,5.166,4.0234,2.6632,14.170000076293944,-1.7871,SLDP,0.3176,Neutral,0.4864,0.4511,63.81962915660972,157,617.8300170898438,0.0,0.0
2025-11-17,5.96999979019165,5.880000114440918,6.300000190734863,5.800000190734863,5.96999979019165,8673200.0,131163.57312984383,0,2.677739333278282,131160.89539051056,21970,138.5782238724433,55000,Neutral,52.88043279390967,6.328,6.2628,5.1858,4.0581,2.6831,14.170000076293944,-2.2201,SLDP,0.2901,Neutral,0.5339,0.4421,61.68363995624206,157,612.0399780273438,0.0,0.0
2025-11-18,5.710000038146973,5.885000228881836,6.09499979019165,5.710000038146973,5.710000038146973,11166700.0,125451.37857742226,0,2.677739333278282,125448.70083808899,21970,128.19241559531318,55000,Neutral,51.01279331517116,6.05,6.2393,5.2022,4.0917,2.7022,14.170000076293944,-2.6969,SLDP,0.2722,Neutral,0.5777,0.4388,59.8243539444741,157,607.0,0.0,0.0
2025-11-19,5.46999979019165,5.760000228881836,5.760000228881836,5.340000152587891,5.46999979019165,8796800.0,120178.57312984383,0,2.677739333278282,120175.89539051056,21970,118.60549659971605,55000,Neutral,50.74231092639027,5.81,6.2288,5.2148,4.1243,2.7205,14.170000076293944,-3.1587,SLDP,0.2835,Neutral,0.5578,0.4295,60.6359550863957,157,609.2000122070312,0.0,0.0
2025-11-20,5.019999980926514,5.769999980926514,5.829999923706055,5.010000228881836,5.019999980926514,12022500.0,110292.07732028878,0,2.677739333278282,110289.3995809555,21970,100.6300496732523,55000,Neutral,42.94512849237782,5.644,6.1953,5.2247,4.1543,2.737,14.170000076293944,-3.8137,SLDP,0.2527,Neutral,0.6058,0.4172,57.227252806655656,157,599.9600219726562,0.0,0.0
2025-11-21,5.019999980926514,5.0,5.090000152587891,4.570000171661377,5.019999980926514,14881900.0,110292.07732028878,0,2.677739333278282,110289.3995809555,21970,100.6300496732523,55000,Neutral,42.03640572467058,5.438,6.1388,5.2322,4.1838,2.7533,14.170000076293944,-4.084,SLDP,0.2827,Neutral,0.5565,0.3985,59.429620150077426,157,605.9299926757812,0.0,0.0
2025-11-22,5.019999980926514,5.0,5.090000152587891,4.570000171661377,5.019999980926514,14881900.0,110292.07732028878,0,2.677739333278282,110289.3995809555,21970,100.6300496732523,55000,Neutral,42.03640572467058,5.438,6.1388,5.2322,4.1838,2.7533,14.170000076293944,-4.084,SLDP,0.2827,Neutral,0.5565,0.3985,59.429620150077426,157,605.9299926757812,0.0,0.0
2025-11-23,5.019999980926514,5.0,5.090000152587891,4.570000171661377,5.019999980926514,14881900.0,110292.07732028878,0,2.677739333278282,110289.3995809555,21970,100.6300496732523,55000,Neutral,42.03640572467058,5.438,6.1388,5.2322,4.1838,2.7533,14.170000076293944,-4.084,SLDP,0.2827,Neutral,0.5565,0.3985,59.429620150077426,157,605.9299926757812,0.0,0.0
2025-11-24,5.099999904632568,5.03000020980835,5.158999919891357,4.925000190734863,5.099999904632568,12083900.0,112049.6756441108,0,2.677739333278282,112046.99790477753,21970,103.82568298929235,55000,Neutral,46.80719279644294,5.264,6.1017,5.245,4.2143,2.7697,14.170000076293944,-3.9959,SLDP,0.3162,Neutral,0.505,0.3949,62.75348089554748,157,614.9400024414062,0.0,0.0
2025-11-25,5.099999904632568,5.03000020980835,5.125,4.804999828338623,5.099999904632568,6060400.0,112049.6756441108,0,2.677739333278282,112046.99790477753,21970,103.82568298929235,55000,Neutral,17.02127698821937,5.142,6.0847,5.2622,4.2449,2.7861,14.170000076293944,-3.7609,SLDP,0.3392,Neutral,0.4706,0.3841,64.86362134821292,157,620.6599731445312,0.0,0.0
2025-11-26,5.150000095367432,5.199999809265137,5.264999866485596,4.980000019073486,5.150000095367432,6238200.0,113148.17983455575,0,2.677739333278282,113145.50209522247,21970,105.8229633355559,55000,Neutral,26.87861753627648,5.078,6.0662,5.2825,4.2744,2.8028,14.170000076293944,-3.3777,SLDP,0.3623,Neutral,0.4433,0.3872,66.44624920404274,157,624.9500122070312,0.0,0.0
2025-11-27,5.150000095367432,5.199999809265137,5.264999866485596,4.980000019073486,5.150000095367432,6238200.0,113148.17983455575,0,2.677739333278282,113145.50209522247,21970,105.8229633355559,55000,Neutral,26.87861753627648,5.078,6.0662,5.2825,4.2744,2.8028,14.170000076293944,-3.3777,SLDP,0.3623,Neutral,0.4433,0.3872,66.44624920404274,157,624.9500122070312,0.0,0.0
2025-11-28,5.199999809265137,5.320000171661377,5.329999923706055,5.114999771118164,5.199999809265137,4182300.0,114246.67354888833,0,2.677739333278282,114243.99580955505,21970,107.8202246343424,55000,Neutral,25.58823121047773,5.114,6.0597,5.3037,4.3047,2.8198,14.170000076293944,-2.9099,SLDP,0.3918,Neutral,0.4221,0.4019,67.7226549616583,157,628.4099731445312,0.0,0.0
2025-11-29,5.199999809265137,5.320000171661377,5.329999923706055,5.114999771118164,5.199999809265137,4182300.0,114246.67354888833,0,2.677739333278282,114243.99580955505,21970,107.8202246343424,55000,Neutral,25.58823121047773,5.114,6.0597,5.3037,4.3047,2.8198,14.170000076293944,-2.9099,SLDP,0.3918,Neutral,0.4221,0.4019,67.7226549616583,157,628.4099731445312,0.0,0.0
2025-11-30,5.199999809265137,5.320000171661377,5.329999923706055,5.114999771118164,5.199999809265137,4182300.0,114246.67354888833,0,2.677739333278282,114243.99580955505,21970,107.8202246343424,55000,Neutral,25.58823121047773,5.114,6.0597,5.3037,4.3047,2.8198,14.170000076293944,-2.9099,SLDP,0.3918,Neutral,0.4221,0.4019,67.7226549616583,157,628.4099731445312,0.0,0.0
2025-12-01,4.869999885559082,5.039999961853027,5.039999961853027,4.784999847412109,4.869999885559082,6292600.0,107995.57687508977,0,3.329412817126922,107992.24746227264,22175,92.94824441980313,56000,"cash_0%_Buy 100% of cash (205 shares - DCA Strategy) Monthly invest 1.8% of total investment ($1,000.00)",11.728397696288027,5.084,5.9892,5.315,4.3317,2.8355,14.170000076293944,-2.8486,SLDP,0.3547,Neutral,0.4298,0.4191,65.56173099365137,159,625.52001953125,0.0,0.0
2025-12-02,4.889999866485596,4.900000095367432,5.050000190734863,4.855000019073486,4.889999866485596,5475300.0,108439.07645213521,0,3.329412817126922,108435.74703931808,22175,93.74020795024143,56000,Neutral,13.28903870269886,5.042,5.9127,5.3312,4.3568,2.8514,14.170000076293944,-2.6372,SLDP,0.3529,Neutral,0.4172,0.4147,65.95128009643454,159,626.5800170898438,0.0,0.0
2025-12-03,5.070000171661377,4.860000133514404,5.090000152587891,4.775000095367432,5.070000171661377,5524100.0,112430.58321940816,0,3.329412817126922,112427.25380659103,22175,100.86789860608599,56000,Neutral,21.014501892749337,5.036,5.8855,5.3527,4.3843,2.868,14.170000076293944,-2.1408,SLDP,0.3594,Neutral,0.4067,0.4152,66.75610599365137,159,628.77001953125,0.0,0.0
2025-12-04,5.409999847412109,5.019999980926514,5.449999809265137,4.980000019073486,5.409999847412109,8597100.0,119970.07602918065,0,3.329412817126922,119966.74661636353,22175,114.33127862353686,56000,Neutral,40.35087682607178,5.088,5.7305,5.3835,4.4148,2.8856,14.170000076293944,-1.2878,SLDP,0.3567,Neutral,0.397,0.4211,66.95086932983298,159,629.2999877929688,0.0,0.0
2025-12-05,5.170000076293945,5.369999885559082,5.5,5.170000076293945,5.170000076293945,8365300.0,114648.08110463536,0,3.329412817126922,114644.75169181824,22175,104.8277162582774,56000,Neutral,31.034477797472437,5.082,5.6515,5.4083,4.4418,2.9024,14.170000076293944,-0.9456,SLDP,0.3671,Neutral,0.3872,0.4298,67.38451663818262,159,630.47998046875,0.0,0.0
2025-12-06,5.170000076293945,5.369999885559082,5.5,5.170000076293945,5.170000076293945,8365300.0,114648.08110463536,0,3.329412817126922,114644.75169181824,22175,104.8277162582774,56000,Neutral,31.034477797472437,5.082,5.6515,5.4083,4.4418,2.9024,14.170000076293944,-0.9456,SLDP,0.3671,Neutral,0.3872,0.4298,67.38451663818262,159,630.47998046875,0.0,0.0
2025-12-07,5.170000076293945,5.369999885559082,5.5,5.170000076293945,5.170000076293945,8365300.0,114648.08110463536,0,3.329412817126922,114644.75169181824,22175,104.8277162582774,56000,Neutral,31.034477797472437,5.082,5.6515,5.4083,4.4418,2.9024,14.170000076293944,-0.9456,SLDP,0.3671,Neutral,0.3872,0.4298,67.38451663818262,159,630.47998046875,0.0,0.0
2025-12-08,5.309999942779541,5.289999961853027,5.590000152587891,5.215000152587891,5.309999942779541,12382700.0,117752.57814395345,0,3.329412817126922,117749.24873113632,22175,110.37146097134541,56000,Neutral,36.13445209788388,5.17,5.574,5.4335,4.47,2.9191,14.170000076293944,-0.485,SLDP,0.3606,Neutral,0.4092,0.4189,66.69729343261622,159,628.6099853515625,0.0,0.0
2025-12-09,5.300000190734863,5.179999828338623,5.420000076293945,4.96999979019165,5.300000190734863,6877600.0,117530.83364236272,0,3.329412817126922,117527.5042295456,22175,109.97548864707625,56000,Neutral,40.37558664425605,5.252,5.4715,5.4555,4.4977,2.9353,14.170000076293944,-0.1523,SLDP,0.3614,Neutral,0.4139,0.4105,66.509864843749,159,628.0999755859375,0.0,0.0
2025-12-10,5.119999885559082,5.25,5.269999980926514,5.039999961853027,5.119999885559082,5847700.0,113539.32687508977,0,3.329412817126922,113535.99746227264,22175,102.84779799123172,56000,Neutral,41.545892829541245,5.262,5.3725,5.4785,4.5253,2.9504,14.170000076293944,-0.1219,SLDP,0.3786,Neutral,0.3967,0.403,68.00191394653223,159,632.1599731445312,0.0,0.0
2025-12-11,5.199999809265137,4.989999771118164,5.269999980926514,4.795000076293945,5.199999809265137,6680200.0,115313.32518327153,0,3.329412817126922,115309.9957704544,22175,106.01565211298487,56000,Neutral,55.29411467713765,5.22,5.299,5.5012,4.5532,2.9639,14.170000076293944,0.03,SLDP,0.3906,Neutral,0.38,0.3932,68.57155689086815,159,633.7100219726562,0.0,0.0
2025-12-12,4.909999847412109,5.199999809265137,5.210000038146973,4.880000114440918,4.909999847412109,5407600.0,108882.57602918065,0,3.329412817126922,108879.24661636353,22175,94.53217148067972,56000,Neutral,47.23617656974729,5.168,5.252,5.5178,4.5785,2.9755,14.170000076293944,-0.199,SLDP,0.3552,Neutral,0.391,0.3867,66.05784702148338,159,626.8699951171875,0.0,0.0
2025-12-13,4.909999847412109,5.199999809265137,5.210000038146973,4.880000114440918,4.909999847412109,5407600.0,108882.57602918065,0,3.329412817126922,108879.24661636353,22175,94.53217148067972,56000,Neutral,47.23617656974729,5.168,5.252,5.5178,4.5785,2.9755,14.170000076293944,-0.199,SLDP,0.3552,Neutral,0.391,0.3867,66.05784702148338,159,626.8699951171875,0.0,0.0
2025-12-14,4.909999847412109,5.199999809265137,5.210000038146973,4.880000114440918,4.909999847412109,5407600.0,108882.57602918065,0,3.329412817126922,108879.24661636353,22175,94.53217148067972,56000,Neutral,47.23617656974729,5.168,5.252,5.5178,4.5785,2.9755,14.170000076293944,-0.199,SLDP,0.3552,Neutral,0.391,0.3867,66.05784702148338,159,626.8699951171875,0.0,0.0
2025-12-15,4.639999866485596,4.980000019073486,5.03000020980835,4.630000114440918,4.639999866485596,6284600.0,102895.32645213521,0,3.329412817126922,102891.99703931808,22175,83.84065437881284,56000,Neutral,39.44953727095952,5.034,5.1815,5.5257,4.6009,2.9859,14.170000076293944,-0.6398,SLDP,0.3461,Neutral,0.4053,0.3886,65.72343189086817,159,625.9600219726562,0.0,0.0
2025-12-16,4.630000114440918,4.510000228881836,4.730000019073486,4.489999771118164,4.630000114440918,5104300.0,102673.58195054448,0,3.329412817126922,102670.25253772736,22175,83.4446820545437,56000,Neutral,39.269406790381645,4.9,5.1145,5.5273,4.6205,2.9973,14.170000076293944,-0.8745,SLDP,0.3557,Neutral,0.4111,0.3915,65.08030689086817,159,624.2100219726562,0.0,0.0
2025-12-17,4.320000171661377,4.690000057220459,4.809999942779541,4.300000190734863,4.320000171661377,7483700.0,95799.33321940816,0,3.329412817126922,95796.00380659103,22175,71.16923789180026,56000,Neutral,33.061218134612176,4.74,5.045,5.5277,4.6386,3.0067,14.170000076293944,-1.3482,SLDP,0.336,Neutral,0.431,0.3925,62.559239843749026,159,617.3499755859375,0.0,0.0
2025-12-18,4.510000228881836,4.429999828338623,4.78000020980835,4.429999828338623,4.510000228881836,5397200.0,100012.58448827184,0,3.329412817126922,100009.25507545471,22175,78.69290087191399,56000,Neutral,36.679540660230046,4.602,4.997,5.5373,4.6579,3.0163,14.170000076293944,-1.3099,SLDP,0.3504,Neutral,0.417,0.3918,64.27180240478418,159,622.010009765625,0.0,0.0
2025-12-19,4.690000057220459,4.559999942779541,4.715000152587891,4.525000095367432,4.690000057220459,6790700.0,104004.0806816808,0,3.329412817126922,104000.75126886368,22175,85.82057264585856,56000,Neutral,46.31147757232733,4.558,4.9805,5.5524,4.6787,3.0275,14.170000076293944,-0.9496,SLDP,0.3845,Neutral,0.3797,0.3919,66.31142291870015,159,627.5599975585938,0.0,0.0
2025-12-20,4.690000057220459,4.559999942779541,4.715000152587891,4.525000095367432,4.690000057220459,6790700.0,104004.0806816808,0,3.329412817126922,104000.75126886368,22175,85.82057264585856,56000,Neutral,46.31147757232733,4.558,4.9805,5.5524,4.6787,3.0275,14.170000076293944,-0.9496,SLDP,0.3845,Neutral,0.3797,0.3919,66.31142291870015,159,627.5599975585938,0.0,0.0
2025-12-21,4.690000057220459,4.559999942779541,4.715000152587891,4.525000095367432,4.690000057220459,6790700.0,104004.0806816808,0,3.329412817126922,104000.75126886368,22175,85.82057264585856,56000,Neutral,46.31147757232733,4.558,4.9805,5.5524,4.6787,3.0275,14.170000076293944,-0.9496,SLDP,0.3845,Neutral,0.3797,0.3919,66.31142291870015,159,627.5599975585938,0.0,0.0
2025-12-22,4.590000152587891,4.75,4.764999866485596,4.559999942779541,4.590000152587891,5835700.0,101786.5827964536,0,3.329412817126922,101783.25338363647,22175,81.86075499366711,56000,Neutral,44.04762242656847,4.548,4.959,5.5668,4.6963,3.0383,14.170000076293944,-0.7657,SLDP,0.3952,Neutral,0.3647,0.4007,67.75973413818258,159,629.72998046875,1.771,0.0
2025-12-23,4.510000228881836,4.492000102996826,4.75,4.440000057220459,4.510000228881836,6308600.0,100012.58448827184,0,3.329412817126922,100009.25507545471,22175,78.69290087191399,56000,Neutral,38.42974677371207,4.524,4.9295,5.5833,4.7134,3.0495,14.170000076293944,-0.6765,SLDP,0.4019,Neutral,0.3619,0.4124,68.84018503539943,159,632.6699829101562,0.0,0.0
2025-12-24,4.510000228881836,4.489999771118164,4.53000020980835,4.394999980926514,4.510000228881836,2667700.0,100012.58448827184,0,3.329412817126922,100009.25507545471,22175,78.69290087191399,56000,Neutral,28.3653830723642,4.562,4.9,5.6006,4.732,3.061,14.170000076293944,-0.5447,SLDP,0.3972,Neutral,0.3563,0.426,69.61562708251853,159,634.780029296875,0.0,0.0
2025-12-25,4.510000228881836,4.489999771118164,4.53000020980835,4.394999980926514,4.510000228881836,2667700.0,100012.58448827184,0,3.329412817126922,100009.25507545471,22175,78.69290087191399,56000,Neutral,28.3653830723642,4.562,4.9,5.6006,4.732,3.061,14.170000076293944,-0.5447,SLDP,0.3972,Neutral,0.3563,0.426,69.61562708251853,159,634.780029296875,0.0,0.0
2025-12-26,4.489999771118164,4.480000019073486,4.650000095367432,4.340000152587891,4.489999771118164,6538200.0,99569.07433736241,0,3.329412817126922,99565.74492454529,22175,77.9009184595757,56000,Neutral,31.72041852979284,4.558,4.867,5.6136,4.7485,3.0726,14.170000076293944,-0.4176,SLDP,0.388,Neutral,0.3591,0.4389,69.63767618530176,159,634.8400268554688,0.0,0.0
2025-12-27,4.489999771118164,4.480000019073486,4.650000095367432,4.340000152587891,4.489999771118164,6538200.0,99569.07433736241,0,3.329412817126922,99565.74492454529,22175,77.9009184595757,56000,Neutral,31.72041852979284,4.558,4.867,5.6136,4.7485,3.0726,14.170000076293944,-0.4176,SLDP,0.388,Neutral,0.3591,0.4389,69.63767618530176,159,634.8400268554688,0.0,0.0
2025-12-28,4.489999771118164,4.480000019073486,4.650000095367432,4.340000152587891,4.489999771118164,6538200.0,99569.07433736241,0,3.329412817126922,99565.74492454529,22175,77.9009184595757,56000,Neutral,31.72041852979284,4.558,4.867,5.6136,4.7485,3.0726,14.170000076293944,-0.4176,SLDP,0.388,Neutral,0.3591,0.4389,69.63767618530176,159,634.8400268554688,0.0,0.0
2025-12-29,4.369999885559082,4.349999904632568,4.664999961853027,4.320000171661377,4.369999885559082,6819500.0,96908.07687508977,0,3.329412817126922,96904.74746227264,22175,73.14913727694602,56000,Neutral,24.456515682891837,4.494,4.8255,5.6218,4.7634,3.0844,14.170000076293944,-0.4356,SLDP,0.3813,Neutral,0.3703,0.4313,68.81445734374904,159,632.5999755859375,0.0,0.0
2025-12-30,4.28000020980835,4.369999885559082,4.445000171661377,4.269999980926514,4.28000020980835,4031200.0,94912.33406531728,0,3.329412817126922,94909.00465250015,22175,69.5853108309237,56000,Neutral,23.437494955335,4.432,4.796,5.6211,4.7773,3.0953,14.170000076293944,-0.5056,SLDP,0.3715,Neutral,0.3702,0.426,68.4910555493154,159,631.719970703125,0.0,0.0
2025-12-31,4.25,4.28000020980835,4.309999942779541,4.139999866485596,4.25,6960600.0,94247.07941281713,0,3.329412817126922,94243.75,22175,68.39735609431628,56000,Neutral,25.42372516068339,4.38,4.764,5.5958,4.792,3.1062,14.170000076293944,-0.5226,SLDP,0.3538,Neutral,0.3774,0.4091,66.80424311035057,159,627.1300048828125,0.0,0.0
2026-01-01,4.25,4.28000020980835,4.309999942779541,4.139999866485596,4.25,6960600.0,95246.08066281713,0,3.5806628171269494,95242.5,22410,67.19738712774932,57000,"cash_0%_Buy 100% of cash (235 shares - DCA Strategy) Monthly invest 1.8% of total investment ($1,000.00)",25.42372516068339,4.38,4.764,5.5958,4.792,3.1062,14.170000076293944,-0.5226,SLDP,0.3538,Neutral,0.3774,0.4091,65.71675107990401,162,627.1300048828125,0.0,0.0
2026-01-02,4.650000095367432,4.340000152587891,4.650000095367432,4.260000228881836,4.650000095367432,5045800.0,104210.08280000127,0,3.5806628171269494,104206.50213718414,22410,82.92370666666889,57000,Neutral,36.842110066353385,4.408,4.743,5.5683,4.8085,3.1187,14.170000076293944,0.099,SLDP,0.3511,Neutral,0.3684,0.381,66.14606712296961,162,628.2999877929688,0.0,0.0
2026-01-03,4.650000095367432,4.340000152587891,4.650000095367432,4.260000228881836,4.650000095367432,5045800.0,104210.08280000127,0,3.5806628171269494,104206.50213718414,22410,82.92370666666889,57000,Neutral,36.842110066353385,4.408,4.743,5.5683,4.8085,3.1187,14.170000076293944,0.099,SLDP,0.3511,Neutral,0.3684,0.381,66.14606712296961,162,628.2999877929688,0.0,0.0
2026-01-04,4.650000095367432,4.340000152587891,4.650000095367432,4.260000228881836,4.650000095367432,5045800.0,104210.08280000127,0,3.5806628171269494,104206.50213718414,22410,82.92370666666889,57000,Neutral,36.842110066353385,4.408,4.743,5.5683,4.8085,3.1187,14.170000076293944,0.099,SLDP,0.3511,Neutral,0.3684,0.381,66.14606712296961,162,628.2999877929688,0.0,0.0
2026-01-05,5.139999866485596,4.869999885559082,5.199999809265137,4.860000133514404,5.139999866485596,7742800.0,115190.97767075933,0,3.5806628171269494,115187.3970079422,22410,102.18843451010406,57000,Neutral,55.02183560691701,4.538,4.7295,5.5499,4.8248,3.1339,14.170000076293944,1.2119,SLDP,0.3665,Neutral,0.374,0.3985,67.67255900378055,162,632.4600219726562,0.0,0.0
2026-01-06,5.099999904632568,5.210000038146973,5.210000038146973,4.815000057220459,5.099999904632568,6292900.0,114294.57852563298,0,3.5806628171269494,114290.99786281586,22410,100.61580443093504,57000,Neutral,61.16505236414073,4.684,4.726,5.5344,4.8414,3.1485,14.170000076293944,1.8348,SLDP,0.3649,Neutral,0.3701,0.4008,69.04859206163181,162,636.2100219726562,0.0,0.0
2026-01-07,5.039999961853027,5.050000190734863,5.139999866485596,4.909999847412109,5.039999961853027,3621200.0,112949.97980794347,0,3.5806628171269494,112946.39914512634,22410,98.25685931218152,57000,Neutral,59.7156377754526,4.836,4.7125,5.5208,4.8566,3.1629,14.170000076293944,2.0899,SLDP,0.364,Neutral,0.3825,0.397,68.30001574448303,162,634.1699829101562,0.0,0.0
2026-01-08,5.309999942779541,5.050000190734863,5.465000152587891,5.03000020980835,5.309999942779541,6725000.0,119000.67938050664,0,3.5806628171269494,118997.09871768951,22410,108.87212172018707,57000,Neutral,73.91304147516392,5.048,4.713,5.5043,4.8694,3.1787,14.170000076293944,2.5353,SLDP,0.355,Neutral,0.3792,0.4079,68.25965748324853,162,634.0599975585938,0.0,0.0
2026-01-09,5.329999923706055,5.369999885559082,5.420000076293945,5.150000095367432,5.329999923706055,4374000.0,119448.87895306981,0,3.5806628171269494,119445.29829025269,22410,109.65843675977158,57000,Neutral,71.57894366996035,5.184,4.7235,5.4774,4.8828,3.1946,14.170000076293944,2.7342,SLDP,0.3751,Neutral,0.3633,0.4334,69.81916161547991,162,638.3099975585938,0.0,0.0
2026-01-10,5.329999923706055,5.369999885559082,5.420000076293945,5.150000095367432,5.329999923706055,4374000.0,119448.87895306981,0,3.5806628171269494,119445.29829025269,22410,109.65843675977158,57000,Neutral,71.57894366996035,5.184,4.7235,5.4774,4.8828,3.1946,14.170000076293944,2.7342,SLDP,0.3751,Neutral,0.3633,0.4334,69.81916161547991,162,638.3099975585938,0.0,0.0
2026-01-11,5.329999923706055,5.369999885559082,5.420000076293945,5.150000095367432,5.329999923706055,4374000.0,119448.87895306981,0,3.5806628171269494,119445.29829025269,22410,109.65843675977158,57000,Neutral,71.57894366996035,5.184,4.7235,5.4774,4.8828,3.1946,14.170000076293944,2.7342,SLDP,0.3751,Neutral,0.3633,0.4334,69.81916161547991,162,638.3099975585938,0.0,0.0
2026-01-12,5.440000057220459,5.340000152587891,5.550000190734863,5.235000133514404,5.440000057220459,4810600.0,121913.98194512761,0,3.5806628171269494,121910.40128231049,22410,113.98317885110109,57000,Neutral,70.49180413300579,5.244,4.7355,5.4494,4.8944,3.2111,14.170000076293944,2.8778,SLDP,0.3718,Neutral,0.374,0.4432,70.19712277896133,162,639.3400268554688,0.0,0.0
2026-01-13,5.599999904632568,5.625,5.710000038146973,5.260000228881836,5.599999904632568,6131600.0,125499.57852563298,0,3.5806628171269494,125495.99786281586,22410,120.27369916777712,57000,Neutral,76.7195720474506,5.344,4.77,5.4421,4.9079,3.2285,14.170000076293944,3.0316,SLDP,0.3735,Neutral,0.3914,0.4722,69.71642945994017,162,638.030029296875,0.0,0.0
2026-01-14,5.789999961853027,5.550000190734863,5.889999866485596,5.375,5.789999961853027,7154600.0,129757.47980794347,0,3.5806628171269494,129753.89914512634,22410,127.74370141744464,57000,Neutral,81.99999332427979,5.494,4.8275,5.4329,4.9203,3.2468,14.170000076293944,3.2065,SLDP,0.3583,Neutral,0.4069,0.5163,68.43578254781465,162,634.5399780273438,0.0,0.0
2026-01-15,5.630000114440918,5.929999828338623,6.03000020980835,5.614999771118164,5.630000114440918,6220800.0,126171.8832274381,0,3.5806628171269494,126168.30256462097,22410,121.4531811007686,57000,Neutral,75.92592510830386,5.558,4.8775,5.4182,4.9313,3.2645,14.170000076293944,2.9458,SLDP,0.3645,Neutral,0.3876,0.5186,69.19902848822011,162,636.6199951171875,0.0,0.0
2026-01-16,5.599999904632568,5.699999809265137,5.931000232696533,5.519999980926514,5.599999904632568,6265000.0,125499.57852563298,0,3.5806628171269494,125495.99786281586,22410,120.27369916777712,57000,Neutral,75.5760446636089,5.612,4.9415,5.4086,4.9442,3.2821,14.170000076293944,2.5856,SLDP,0.3551,Neutral,0.3802,0.5139,69.00456079549025,162,636.0900268554688,0.0,0.0
2026-01-17,5.599999904632568,5.699999809265137,5.931000232696533,5.519999980926514,5.599999904632568,6265000.0,125499.57852563298,0,3.5806628171269494,125495.99786281586,22410,120.27369916777712,57000,Neutral,75.5760446636089,5.612,4.9415,5.4086,4.9442,3.2821,14.170000076293944,2.5856,SLDP,0.3551,Neutral,0.3802,0.5139,69.00456079549025,162,636.0900268554688,0.0,0.0
2026-01-18,5.599999904632568,5.699999809265137,5.931000232696533,5.519999980926514,5.599999904632568,6265000.0,125499.57852563298,0,3.5806628171269494,125495.99786281586,22410,120.27369916777712,57000,Neutral,75.5760446636089,5.612,4.9415,5.4086,4.9442,3.2821,14.170000076293944,2.5856,SLDP,0.3551,Neutral,0.3802,0.5139,69.00456079549025,162,636.0900268554688,0.0,0.0
2026-01-19,5.599999904632568,5.699999809265137,5.931000232696533,5.519999980926514,5.599999904632568,6265000.0,125499.57852563298,0,3.5806628171269494,125495.99786281586,22410,120.27369916777712,57000,Neutral,75.5760446636089,5.612,4.9415,5.4086,4.9442,3.2821,14.170000076293944,2.5856,SLDP,0.3551,Neutral,0.3802,0.5139,69.00456079549025,162,636.0900268554688,0.0,0.0
2026-01-20,5.460000038146973,5.28000020980835,5.949999809265137,5.25,5.460000038146973,7691500.0,122362.18151769078,0,3.5806628171269494,122358.60085487366,22410,114.7694938906856,57000,Neutral,74.88585300087398,5.616,4.989,5.4049,4.9628,3.2991,14.170000076293944,2.0472,SLDP,0.3006,Neutral,0.4558,0.5046,64.25632849467675,162,623.1500244140625,0.0,0.0
2026-01-21,5.260000228881836,5.550000190734863,5.949999809265137,4.980000019073486,5.260000228881836,10444300.0,117880.18579205907,0,3.5806628171269494,117876.60512924194,22410,106.90634349484048,57000,Neutral,71.30435089082522,5.548,5.0175,5.3978,4.9802,3.3153,14.170000076293944,1.352,SLDP,0.3407,Neutral,0.4007,0.4983,66.89464344011836,162,630.3400268554688,0.0,0.0
2026-01-22,5.570000171661377,5.510000228881836,5.949999809265137,5.480000019073486,5.570000171661377,9970300.0,124827.28450974858,0,3.5806628171269494,124823.70384693146,22410,119.09423598201502,57000,Neutral,75.58140416005395,5.504,5.0665,5.3881,5.0,3.3329,14.170000076293944,1.2035,SLDP,0.36,Neutral,0.3764,0.4955,68.07985941377538,162,633.5700073242188,0.0,0.0
2026-01-23,5.420000076293945,5.570000171661377,5.579999923706055,5.295000076293945,5.420000076293945,5408400.0,121465.78237256444,0,3.5806628171269494,121462.20170974731,22410,113.19686381151652,57000,Neutral,66.52360866353973,5.462,5.112,5.3811,5.0193,3.35,14.170000076293944,0.8509,SLDP,0.3466,Neutral,0.3866,0.5158,68.17526795587247,162,633.8300170898438,0.0,0.0
2026-01-24,5.420000076293945,5.570000171661377,5.579999923706055,5.295000076293945,5.420000076293945,5408400.0,121465.78237256444,0,3.5806628171269494,121462.20170974731,22410,113.19686381151652,57000,Neutral,66.52360866353973,5.462,5.112,5.3811,5.0193,3.35,14.170000076293944,0.8509,SLDP,0.3466,Neutral,0.3866,0.5158,68.17526795587247,162,633.8300170898438,0.0,0.0
2026-01-25,5.420000076293945,5.570000171661377,5.579999923706055,5.295000076293945,5.420000076293945,5408400.0,121465.78237256444,0,3.5806628171269494,121462.20170974731,22410,113.19686381151652,57000,Neutral,66.52360866353973,5.462,5.112,5.3811,5.0193,3.35,14.170000076293944,0.8509,SLDP,0.3466,Neutral,0.3866,0.5158,68.17526795587247,162,633.8300170898438,0.0,0.0
2026-01-26,5.090000152587891,5.420000076293945,5.429999828338623,5.019999980926514,5.090000152587891,5508500.0,114070.48408231176,0,3.5806628171269494,114066.90341949463,22410,100.22265628475745,57000,Neutral,48.84793264684884,5.36,5.141,5.3753,5.0336,3.3657,14.170000076293944,0.1735,SLDP,0.3522,Neutral,0.3892,0.5325,69.37150294425058,162,637.0900268554688,0.0,0.0
2026-01-27,5.190000057220459,5.119999885559082,5.199999809265137,5.019999980926514,5.190000057220459,3664500.0,116311.48194512761,0,3.5806628171269494,116307.90128231049,22410,104.15423148267999,57000,Neutral,52.01794105521733,5.306,5.176,5.3698,5.0467,3.3818,14.170000076293944,-0.1587,SLDP,0.3528,Neutral,0.393,0.5624,70.32921657738592,162,639.7000122070312,0.0,0.0
2026-01-28,4.755000114440918,5.260000228881836,5.340000152587891,4.670000076293945,4.755000114440918,12281300.0,106563.1332274381,0,3.5806628171269494,106559.55256462097,22410,87.0518653112949,57000,Neutral,44.5297524473374,5.205,5.1953,5.3602,5.0577,3.396,14.170000076293944,-0.905,SLDP,0.349,Neutral,0.3927,0.5854,70.32554357247892,162,639.6900024414062,0.0,0.0
2026-01-29,4.815000057220459,4.949999809265137,4.960000038146973,4.659999847412109,4.815000057220459,8619700.0,107907.73194512761,0,3.5806628171269494,107904.15128231049,22410,89.41081043004843,57000,Neutral,39.66597102183337,5.054,5.222,5.3358,5.0605,3.4104,14.170000076293944,-1.2738,SLDP,0.342,Neutral,0.406,0.6307,69.8044919922232,162,638.27001953125,0.0,0.0
2026-01-30,4.480000019073486,4.664999961853027,4.84499979019165,4.440000057220459,4.480000019073486,6662600.0,100400.38109025396,0,3.5806628171269494,100396.80042743683,22410,76.24001945658588,57000,Neutral,34.31734239429653,4.866,5.2335,5.3034,5.0653,3.4233,14.170000076293944,-1.8758,SLDP,0.3351,Neutral,0.4164,0.6378,69.05224267016746,162,636.219970703125,0.0,0.0
2026-01-31,4.480000019073486,4.664999961853027,4.84499979019165,4.440000057220459,4.480000019073486,6662600.0,100400.38109025396,0,3.5806628171269494,100396.80042743683,22410,76.24001945658588,57000,Neutral,34.31734239429653,4.866,5.2335,5.3034,5.0653,3.4233,14.170000076293944,-1.8758,SLDP,0.3351,Neutral,0.4164,0.6378,69.05224267016746,162,636.219970703125,0.0,0.0
2026-02-01,4.480000019073486,4.664999961853027,4.84499979019165,4.440000057220459,4.480000019073486,6662600.0,101399.3820502497,0,3.5416185594863236,101395.84043169022,22633,74.92552077629256,58000,"cash_0%_Buy 100% of cash (223 shares - DCA Strategy) Monthly invest 1.7% of total investment ($1,000.00)",34.31734239429653,4.866,5.2335,5.3034,5.0653,3.4233,14.170000076293944,-1.8758,SLDP,0.3351,Neutral,0.4164,0.6378,67.95625891410629,163,636.219970703125,0.0,0.0
2026-02-02,4.28000020980835,4.449999809265137,4.554999828338623,4.230000019073486,4.28000020980835,6008400.0,96872.78636715186,0,3.5416185594863236,96869.24474859238,22633,67.12104546060664,58000,Neutral,29.28571136630231,4.704,5.215,5.2812,5.0684,3.4349,14.170000076293944,-2.4342,SLDP,0.3734,Neutral,0.3962,0.5837,69.21831610905059,163,639.6799926757812,0.0,0.0
2026-02-03,4.429999828338623,4.409999847412109,4.53000020980835,4.210999965667725,4.429999828338623,5525700.0,100267.72773334754,0,3.5416185594863236,100264.18611478806,22633,72.97439264370263,58000,Neutral,29.03224924338393,4.552,5.1795,5.2132,5.0709,3.4474,14.170000076293944,-2.4826,SLDP,0.3514,Neutral,0.4282,0.5629,67.20123752178432,163,634.1500244140625,0.0,0.0
2026-02-04,4.039999961853027,4.400000095367432,4.429999828338623,3.890000104904175,4.039999961853027,8771200.0,91440.86075517905,0,3.5416185594863236,91437.31913661957,22633,57.755656474446624,58000,Neutral,20.735774379066868,4.409,5.1265,5.168,5.0644,3.4584,14.170000076293944,-2.9108,SLDP,0.3574,Neutral,0.4402,0.5836,66.01941554232411,163,630.9099731445312,0.0,0.0
2026-02-05,3.75,3.920000076293945,4.0,3.7300000190734863,3.75,5583300.0,84877.29161855948,0,3.5416185594863236,84873.75,22633,46.43915796303357,58000,Neutral,19.871782723572508,4.196,5.062,5.1162,5.0509,3.4684,14.170000076293944,-3.4431,SLDP,0.307,Neutral,0.5061,0.5785,63.170686924640364,163,623.0999755859375,0.0,0.0
2026-02-06,3.950000047683716,3.910000085830689,4.0,3.8450000286102295,3.950000047683716,5219000.0,89403.89269778502,0,3.5416185594863236,89400.35107922554,22633,54.24364258238794,58000,Neutral,24.92400495533998,4.09,4.994,5.0595,5.0417,3.4796,14.170000076293944,-3.3369,SLDP,0.3405,Neutral,0.4746,0.582,67.5988070218163,163,635.239990234375,0.0,0.0
2026-02-07,3.950000047683716,3.910000085830689,4.0,3.8450000286102295,3.950000047683716,5219000.0,89403.89269778502,0,3.5416185594863236,89400.35107922554,22633,54.24364258238794,58000,Neutral,24.92400495533998,4.09,4.994,5.0595,5.0417,3.4796,14.170000076293944,-3.3369,SLDP,0.3405,Neutral,0.4746,0.582,67.5988070218163,163,635.239990234375,0.0,0.0
2026-02-08,3.950000047683716,3.910000085830689,4.0,3.8450000286102295,3.950000047683716,5219000.0,89403.89269778502,0,3.5416185594863236,89400.35107922554,22633,54.24364258238794,58000,Neutral,24.92400495533998,4.09,4.994,5.0595,5.0417,3.4796,14.170000076293944,-3.3369,SLDP,0.3405,Neutral,0.4746,0.582,67.5988070218163,163,635.239990234375,0.0,0.0
2026-02-09,4.019999980926514,4.059999942779541,4.059999942779541,3.865000009536743,4.019999980926514,4905700.0,90988.20118686926,0,3.5416185594863236,90984.65956830978,22633,56.97520894287802,58000,Neutral,27.639742584846303,4.038,4.9285,5.0082,5.037,3.4913,14.170000076293944,-2.9913,SLDP,0.3906,Neutral,0.4197,0.6126,68.68941821386292,163,638.22998046875,0.0,0.0
2026-02-10,3.869999885559082,4.010000228881836,4.03000020980835,3.839999914169312,3.869999885559082,4108400.0,87593.24902841818,0,3.5416185594863236,87589.7074098587,22633,51.12184315244512,58000,Neutral,28.075698295870765,3.926,4.85,4.9615,5.0349,3.5024,14.170000076293944,-2.8186,SLDP,0.4007,Neutral,0.431,0.6137,68.04744743869642,163,636.469970703125,0.0,0.0
2026-02-11,3.890000104904175,3.910000085830689,3.920000076293945,3.660000085830689,3.890000104904175,5235300.0,88045.91399285567,0,3.5416185594863236,88042.37237429619,22633,51.90229998768216,58000,Neutral,20.833326089711804,3.896,4.7645,4.9288,5.033,3.5135,14.170000076293944,-2.5138,SLDP,0.3893,Neutral,0.426,0.6133,68.02193424309576,163,636.4000244140625,0.0,0.0
2026-02-12,3.5999999046325684,3.880000114440918,3.890000104904175,3.555000066757202,3.5999999046325684,7571900.0,81482.3394601084,0,3.5416185594863236,81478.79784154892,22633,40.58579217260068,58000,Neutral,19.86754187878293,3.866,4.655,4.888,5.027,3.5234,14.170000076293944,-2.5992,SLDP,0.3688,Neutral,0.4913,0.5993,64.40720866116058,163,626.489990234375,0.0,0.0
2026-02-13,3.640000104904175,3.619999885559082,3.7699999809265137,3.549999952316284,3.640000104904175,4573700.0,82387.66399285567,0,3.5416185594863236,82384.12237429619,22633,42.1466965394063,58000,Neutral,23.44322043615932,3.804,4.5555,4.8492,5.0175,3.5339,14.170000076293944,-2.4337,SLDP,0.3685,Neutral,0.4916,0.5892,64.5531192056342,163,626.8900146484375,0.0,0.0
2026-02-14,3.640000104904175,3.619999885559082,3.7699999809265137,3.549999952316284,3.640000104904175,4573700.0,82387.66399285567,0,3.5416185594863236,82384.12237429619,22633,42.1466965394063,58000,Neutral,23.44322043615932,3.804,4.5555,4.8492,5.0175,3.5339,14.170000076293944,-2.4337,SLDP,0.3685,Neutral,0.4916,0.5892,64.5531192056342,163,626.8900146484375,0.0,0.0
2026-02-15,3.640000104904175,3.619999885559082,3.7699999809265137,3.549999952316284,3.640000104904175,4573700.0,82387.66399285567,0,3.5416185594863236,82384.12237429619,22633,42.1466965394063,58000,Neutral,23.44322043615932,3.804,4.5555,4.8492,5.0175,3.5339,14.170000076293944,-2.4337,SLDP,0.3685,Neutral,0.4916,0.5892,64.5531192056342,163,626.8900146484375,0.0,0.0
2026-02-16,3.640000104904175,3.619999885559082,3.7699999809265137,3.549999952316284,3.640000104904175,4573700.0,82387.66399285567,0,3.5416185594863236,82384.12237429619,22633,42.1466965394063,58000,Neutral,23.44322043615932,3.804,4.5555,4.8492,5.0175,3.5339,14.170000076293944,-2.4337,SLDP,0.3685,Neutral,0.4916,0.5892,64.5531192056342,163,626.8900146484375,0.0,0.0
2026-02-17,3.5199999809265137,3.569999933242798,3.5999999046325684,3.4200000762939453,3.5199999809265137,3837500.0,79671.70118686926,0,3.5416185594863236,79668.15956830978,22633,37.46400204632629,58000,Neutral,19.636362249200985,3.704,4.4515,4.8127,5.0074,3.5439,14.170000076293944,-2.3572,SLDP,0.4121,Neutral,0.4848,0.548,64.95433980870158,163,627.989990234375,0.0,0.0
2026-02-18,3.5999999046325684,3.5199999809265137,3.690000057220459,3.4719998836517334,3.5999999046325684,3246200.0,81482.3394601084,0,3.5416185594863236,81478.79784154892,22633,40.58579217260068,58000,Neutral,25.88726056353592,3.65,4.3585,4.7815,4.9982,3.5542,14.170000076293944,-2.0221,SLDP,0.4198,Neutral,0.4656,0.5576,66.12885958209102,163,631.2100219726562,0.0,0.0
2026-02-19,3.609999895095825,3.509999990463257,3.619999885559082,3.470000028610229,3.609999895095825,2532000.0,81708.66924426329,0,3.5416185594863236,81705.12762570381,22633,40.97601593838498,58000,Neutral,24.307033103987195,3.594,4.276,4.758,4.9913,3.5644,14.170000076293944,-1.6407,SLDP,0.4268,Neutral,0.4774,0.5911,65.51607536838392,163,629.530029296875,0.0,0.0
2026-02-20,3.470000028610229,3.549999952316284,3.609999895095825,3.4200000762939453,3.470000028610229,3791500.0,78540.05226609479,0,3.5416185594863236,78536.51064753531,22633,35.5128832174048,58000,Neutral,26.511626565952724,3.568,4.171,4.7322,4.9822,3.5741,14.170000076293944,-1.4891,SLDP,0.4203,Neutral,0.4546,0.6171,67.16839985728953,163,634.0599975585938,0.0,0.0
2026-02-21,3.470000028610229,3.549999952316284,3.609999895095825,3.4200000762939453,3.470000028610229,3791500.0,78540.05226609479,0,3.5416185594863236,78536.51064753531,22633,35.5128832174048,58000,Neutral,26.511626565952724,3.568,4.171,4.7322,4.9822,3.5741,14.170000076293944,-1.4891,SLDP,0.4203,Neutral,0.4546,0.6171,67.16839985728953,163,634.0599975585938,0.0,0.0
2026-02-22,3.470000028610229,3.549999952316284,3.609999895095825,3.4200000762939453,3.470000028610229,3791500.0,78540.05226609479,0,3.5416185594863236,78536.51064753531,22633,35.5128832174048,58000,Neutral,26.511626565952724,3.568,4.171,4.7322,4.9822,3.5741,14.170000076293944,-1.4891,SLDP,0.4203,Neutral,0.4546,0.6171,67.16839985728953,163,634.0599975585938,0.0,0.0
2026-02-23,3.4100000858306885,3.4200000762939453,3.440000057220459,3.319999933242798,3.4100000858306885,3725700.0,77182.07356116545,0,3.5416185594863236,77178.53194260597,22633,33.17154062269905,58000,Neutral,28.358205768519756,3.522,4.0705,4.704,4.9745,3.5839,14.170000076293944,-1.362,SLDP,0.3868,Neutral,0.4981,0.6414,64.82303367636933,163,627.6300048828125,0.0,0.0
2026-02-24,3.539999961853028,3.509999990463257,3.619999885559082,3.470000028610229,3.539999961853028,5438800.0,80124.36075517906,0,3.5416185594863236,80120.81913661958,22633,38.244449577894926,58000,Neutral,27.63819709570265,3.526,3.993,4.678,4.9701,3.594,14.170000076293944,-0.9341,SLDP,0.4196,Neutral,0.473,0.6648,66.49361368045172,163,632.2100219726562,0.0,0.0
2026-02-25,3.680000066757202,3.660000085830689,3.8949999809265137,3.611999988555908,3.680000066757202,7064400.0,83292.98312947524,0,3.5416185594863236,83289.44151091576,22633,43.707591602543495,58000,Neutral,39.65517831991954,3.542,3.9175,4.6535,4.968,3.6046,14.170000076293944,-0.3101,SLDP,0.4304,Neutral,0.4409,0.6669,68.42315484616313,163,637.5,0.0,0.0
2026-02-26,3.849999904632568,3.809999942779541,3.8949999809265137,3.650000095367432,3.849999904632568,5921900.0,87140.58946010839,0,3.5416185594863236,87137.0478415489,22633,50.34139562087652,58000,Neutral,53.086416119211606,3.59,3.8722,4.631,4.9673,3.6162,14.170000076293944,0.4611,SLDP,0.4224,Neutral,0.4577,0.6606,67.1501666049362,163,634.010009765625,0.0,0.0
2026-02-27,3.539999961853028,3.7899999618530273,3.809999942779541,3.509999990463257,3.539999961853028,5964600.0,80124.36075517906,0,3.5416185594863236,80120.81913661958,22633,38.244449577894926,58000,Neutral,38.150288300388624,3.604,3.8085,4.6088,4.9619,3.6262,14.170000076293944,0.474,SLDP,0.4063,Neutral,0.4915,0.6707,66.09602191759629,163,631.1199951171875,0.0,0.0
2026-02-28,3.539999961853028,3.7899999618530273,3.809999942779541,3.509999990463257,3.539999961853028,5964600.0,80124.36075517906,0,3.5416185594863236,80120.81913661958,22633,38.244449577894926,58000,Neutral,38.150288300388624,3.604,3.8085,4.6088,4.9619,3.6262,14.170000076293944,0.474,SLDP,0.4063,Neutral,0.4915,0.6707,66.09602191759629,163,631.1199951171875,0.0,0.0
2026-03-01,3.539999961853028,3.7899999618530273,3.809999942779541,3.509999990463257,3.539999961853028,5964600.0,81123.35893518987,0,0.7198093658751077,81122.63912582399,22916,37.59621853422011,59000,"cash_0%_Buy 100% of cash (283 shares - DCA Strategy) Monthly invest 1.7% of total investment ($1,000.00)",38.150288300388624,3.604,3.8085,4.6088,4.9619,3.6262,14.170000076293944,0.474,SLDP,0.4063,Neutral,0.4915,0.6707,65.03247395427235,165,631.1199951171875,0.0,0.0
2026-03-02,3.539999961853028,3.400000095367432,3.5999999046325684,3.359999895095825,3.539999961853028,4692600.0,81123.35893518987,0,0.7198093658751077,81122.63912582399,22916,37.59621853422011,59000,GeoWatch,35.54217092425674,3.63,3.7615,4.5863,4.9588,3.6362,14.170000076293944,0.5269,SLDP,0.381,GeoWatch,0.5085,0.7269,65.09063271713441,165,631.280029296875,0.0,0.0
2026-03-03,3.3499999046325684,3.3499999046325684,3.4200000762939453,3.259999990463257,3.3499999046325684,5098400.0,76769.31762392582,0,0.7198093658751077,76768.59781455994,22916,30.216487498179333,59000,GeoWatch,34.70588548785621,3.592,3.715,4.5577,4.9552,3.6454,14.170000076293944,0.2731,SLDP,0.3551,GeoWatch,0.5496,0.7882,63.05185976196101,165,625.6699829101562,0.0,0.0
2026-03-04,3.3299999237060547,3.375,3.450000047683716,3.2699999809265137,3.3299999237060547,4355000.0,76310.99806101383,0,0.7198093658751077,76310.27825164795,22916,29.439674679684448,59000,GeoWatch,33.5294068973371,3.522,3.66,4.523,4.9533,3.6547,14.170000076293944,0.126,SLDP,0.4084,GeoWatch,0.4955,0.8304,64.69086331093203,165,630.1799926757812,0.0,0.0
2026-03-05,3.259999990463257,3.3299999237060547,3.3399999141693115,3.1600000858306885,3.259999990463257,4504800.0,74706.87959082187,0,0.7198093658751077,74706.159781456,22916,26.720829814952317,59000,GeoWatch,38.51351471083124,3.404,3.621,4.4912,4.9498,3.6637,14.170000076293944,-0.0349,SLDP,0.3667,GeoWatch,0.5393,0.8637,63.466157768344374,165,626.8099975585938,0.0,0.0
2026-03-06,3.119999885559082,3.130000114440918,3.240000009536743,3.075000047683716,3.119999885559082,4494800.0,71498.6371868378,0,0.7198093658751077,71497.91737747192,22916,21.28313082514881,59000,GeoWatch,33.54429357843573,3.32,3.5895,4.4547,4.9441,3.6721,14.170000076293944,-0.3264,SLDP,0.2998,GeoWatch,0.646,0.8979,60.44254535051854,165,618.489990234375,0.0,0.0
2026-03-07,3.119999885559082,3.130000114440918,3.240000009536743,3.075000047683716,3.119999885559082,4494800.0,71498.6371868378,0,0.7198093658751077,71497.91737747192,22916,21.28313082514881,59000,GeoWatch,33.54429357843573,3.32,3.5895,4.4547,4.9441,3.6721,14.170000076293944,-0.3264,SLDP,0.2998,GeoWatch,0.646,0.8979,60.44254535051854,165,618.489990234375,0.0,0.0
2026-03-08,3.119999885559082,3.130000114440918,3.240000009536743,3.075000047683716,3.119999885559082,4494800.0,71498.6371868378,0,0.7198093658751077,71497.91737747192,22916,21.28313082514881,59000,GeoWatch,33.54429357843573,3.32,3.5895,4.4547,4.9441,3.6721,14.170000076293944,-0.3264,SLDP,0.2998,GeoWatch,0.646,0.8979,60.44254535051854,165,618.489990234375,0.0,0.0
2026-03-09,3.200000047683716,3.009999990463257,3.200000047683716,2.9600000381469727,3.200000047683716,4914700.0,73331.92090208591,0,0.7198093658751077,73331.20109272003,22916,24.390391359467635,59000,GeoWatch,39.61038991198173,3.252,3.552,4.4197,4.9376,3.6806,14.170000076293944,-0.2893,SLDP,0.332,GeoWatch,0.5849,0.9015,62.37227617059284,165,623.7999877929688,0.0,0.0
2026-03-10,3.240000009536743,3.25,3.369999885559082,3.220000028610229,3.240000009536743,4041800.0,74248.56002790989,0,0.7198093658751077,74247.840218544,22916,25.944016996457407,59000,GeoWatch,38.00000158945743,3.23,3.513,4.3883,4.9334,3.6894,14.170000076293944,-0.1124,SLDP,0.3956,GeoWatch,0.5629,0.9173,61.97978215501551,165,622.719970703125,0.0,0.0
2026-03-11,3.259999990463257,3.2699999809265137,3.369999885559082,3.2049999237060547,3.259999990463257,2812300.0,74706.87959082187,0,0.7198093658751077,74706.159781456,22916,26.720829814952317,59000,GeoWatch,38.41059728126986,3.216,3.4825,4.356,4.9286,3.6985,14.170000076293944,0.1102,SLDP,0.4722,GeoWatch,0.549,0.9246,61.72904735128073,165,622.030029296875,0.0,0.0
2026-03-12,3.200000047683716,3.180000066757202,3.220000028610229,3.1449999809265137,3.200000047683716,2963400.0,73331.92090208591,0,0.7198093658751077,73331.20109272003,22916,24.390391359467635,59000,GeoWatch,40.5594400930733,3.204,3.448,4.3275,4.9227,3.7072,14.170000076293944,0.2016,SLDP,0.4208,GeoWatch,0.604,0.926,58.265695240952994,165,612.5,0.0,0.0
2026-03-13,3.150000095367432,3.25,3.3299999237060547,3.109999895095825,3.150000095367432,2814300.0,72186.12199480596,0,0.7198093658751077,72185.40218544008,22916,22.448359313230416,59000,GeoWatch,40.8450697130968,3.21,3.4255,4.3027,4.9142,3.7158,14.170000076293944,0.2219,SLDP,0.4296,GeoWatch,0.6106,0.9186,57.02646109818433,165,609.0900268554688,0.0,0.0
2026-03-14,3.150000095367432,3.25,3.3299999237060547,3.109999895095825,3.150000095367432,2814300.0,72186.12199480596,0,0.7198093658751077,72185.40218544008,22916,22.448359313230416,59000,GeoWatch,40.8450697130968,3.21,3.4255,4.3027,4.9142,3.7158,14.170000076293944,0.2219,SLDP,0.4296,GeoWatch,0.6106,0.9186,57.02646109818433,165,609.0900268554688,0.0,0.0
2026-03-15,3.150000095367432,3.25,3.3299999237060547,3.109999895095825,3.150000095367432,2814300.0,72186.12199480596,0,0.7198093658751077,72185.40218544008,22916,22.448359313230416,59000,GeoWatch,40.8450697130968,3.21,3.4255,4.3027,4.9142,3.7158,14.170000076293944,0.2219,SLDP,0.4296,GeoWatch,0.6106,0.9186,57.02646109818433,165,609.0900268554688,0.0,0.0
2026-03-16,3.200000047683716,3.289999961853028,3.4800000190734863,3.121999979019165,3.200000047683716,3831100.0,73331.92090208591,0,0.7198093658751077,73331.20109272003,22916,24.390391359467635,59000,GeoWatch,37.3134352258491,3.21,3.4035,4.2788,4.9031,3.7248,14.170000076293944,0.3857,SLDP,0.3675,GeoWatch,0.5508,0.9108,59.24328149404943,165,615.1900024414062,0.0,0.0
2026-03-17,3.190000057220459,3.200000047683716,3.2799999713897705,3.1600000858306885,3.190000057220459,2732200.0,73102.76112062992,0,0.7198093658751077,73102.04131126404,22916,24.00198495022019,59000,GeoWatch,29.7520623703106,3.2,3.387,4.26,4.8938,3.7337,14.170000076293944,0.5184,SLDP,0.4263,GeoWatch,0.527,0.8984,59.861090808312014,165,616.8900146484375,0.0,0.0
2026-03-18,3.119999885559082,3.1600000858306885,3.2100000381469727,3.0899999141693115,3.119999885559082,3580100.0,71498.6371868378,0,0.7198093658751077,71497.91737747192,22916,21.28313082514881,59000,GeoWatch,17.117120213210598,3.172,3.363,4.2368,4.8871,3.7424,14.170000076293944,0.5076,SLDP,0.3622,GeoWatch,0.5681,0.8862,56.76842872275559,165,608.3800048828125,0.0,0.0
2026-03-19,3.1600000858306885,3.015000104904175,3.200000047683716,3.009999990463257,3.1600000858306885,3364900.0,72415.28177626194,0,0.7198093658751077,72414.56196689606,22916,22.836765722477836,59000,GeoWatch,27.38097028936903,3.164,3.3405,4.2113,4.8819,3.7513,14.170000076293944,0.6179,SLDP,0.3543,GeoWatch,0.556,0.8598,56.183336485236524,165,606.77001953125,0.0,0.0
2026-03-20,3.039999961853028,3.130000114440918,3.1410000324249268,3.0,3.039999961853028,7275200.0,69665.35893518987,0,0.7198093658751077,69664.63912582399,22916,18.17587955116926,59000,GeoWatch,23.95834730316443,3.142,3.319,4.1855,4.8761,3.7599,14.170000076293944,0.486,SLDP,0.3119,GeoWatch,0.5922,0.8286,52.974379055025054,165,597.9400024414062,0.0,0.0
2026-03-21,3.039999961853028,3.130000114440918,3.1410000324249268,3.0,3.039999961853028,7275200.0,69665.35893518987,0,0.7198093658751077,69664.63912582399,22916,18.17587955116926,59000,GeoWatch,23.95834730316443,3.142,3.319,4.1855,4.8761,3.7599,14.170000076293944,0.486,SLDP,0.3119,GeoWatch,0.5922,0.8286,52.974379055025054,165,597.9400024414062,0.0,0.0
2026-03-22,3.039999961853028,3.130000114440918,3.1410000324249268,3.0,3.039999961853028,7275200.0,69665.35893518987,0,0.7198093658751077,69664.63912582399,22916,18.17587955116926,59000,GeoWatch,23.95834730316443,3.142,3.319,4.1855,4.8761,3.7599,14.170000076293944,0.486,SLDP,0.3119,GeoWatch,0.5922,0.8286,52.974379055025054,165,597.9400024414062,0.0,0.0
2026-03-23,3.130000114440918,3.109999895095825,3.200000047683716,3.069999933242798,3.130000114440918,2898700.0,71727.80243189396,0,0.7198093658751077,71727.08262252808,22916,21.671546494735505,59000,GeoWatch,37.20932360142649,3.128,3.305,4.1625,4.8729,3.7691,14.170000076293944,0.6175,SLDP,0.3612,GeoWatch,0.5784,0.7744,55.33293648166375,165,604.4299926757812,0.0,0.0
2026-03-24,3.0899999141693115,3.0999999046325684,3.1600000858306885,3.039999961853028,3.0899999141693115,2481400.0,70811.15784246982,0,0.7198093658751077,70810.43803310394,22916,20.117911597406458,59000,GeoWatch,36.36364867863398,3.108,3.2825,4.1388,4.8697,3.7781,14.170000076293944,0.653,SLDP,0.3455,GeoWatch,0.5879,0.7459,54.58794091787756,165,602.3800048828125,0.0,0.0
2026-03-25,3.0799999237060547,3.150000095367432,3.2179999351501465,3.049999952316284,3.0799999237060547,2927000.0,70581.99806101383,0,0.7198093658751077,70581.27825164795,22916,19.729505188159013,59000,GeoWatch,39.02439804462083,3.1,3.2525,4.1153,4.8645,3.7866,14.170000076293944,0.6836,SLDP,0.3714,GeoWatch,0.5613,0.7168,55.779929383721694,165,605.6599731445312,0.0,0.0
2026-03-26,3.009999990463257,3.0299999713897705,3.1080000400543213,2.990000009536743,3.009999990463257,2948600.0,68977.87959082187,0,0.7198093658751077,68977.159781456,22916,17.010660323426883,59000,Neutral,42.66668065387662,3.07,3.2105,4.0927,4.8572,3.7949,14.170000076293944,0.5875,SLDP,0.3536,Neutral,0.5946,0.6924,51.876859761960986,165,594.9199829101562,0.0,0.0
2026-03-27,2.9200000762939453,2.9800000190734863,3.0,2.869999885559082,2.9200000762939453,3521500.0,66915.44155771793,0,0.7198093658751077,66914.72174835205,22916,13.515002640199869,59000,RiskWatch,31.57896057719843,3.046,3.1795,4.07,4.8455,3.8023,14.170000076293944,0.3718,SLDP,0.2777,RiskWatch,0.6592,0.688,47.53768814301091,165,582.97998046875,0.0,0.0
2026-03-28,2.9200000762939453,2.9800000190734863,3.0,2.869999885559082,2.9200000762939453,3521500.0,66915.44155771793,0,0.7198093658751077,66914.72174835205,22916,13.515002640199869,59000,RiskWatch,31.57896057719843,3.046,3.1795,4.07,4.8455,3.8023,14.170000076293944,0.3718,SLDP,0.2777,RiskWatch,0.6592,0.688,47.53768814301091,165,582.97998046875,0.0,0.0
2026-03-29,2.9200000762939453,2.9800000190734863,3.0,2.869999885559082,2.9200000762939453,3521500.0,66915.44155771793,0,0.7198093658751077,66914.72174835205,22916,13.515002640199869,59000,RiskWatch,31.57896057719843,3.046,3.1795,4.07,4.8455,3.8023,14.170000076293944,0.3718,SLDP,0.2777,RiskWatch,0.6592,0.688,47.53768814301091,165,582.97998046875,0.0,0.0
2026-03-30,2.819999933242798,2.9200000762939453,2.950000047683716,2.7799999713897705,2.819999933242798,4962800.0,64623.83827955783,0,0.7198093658751077,64623.118470191956,22916,9.630929287386136,59000,RiskWatch,24.39025950388036,2.984,3.1435,4.0462,4.821,3.8094,14.170000076293944,0.0652,SLDP,0.2636,RiskWatch,0.6681,0.7152,46.79269257922472,165,580.9299926757812,0.0,0.0
2026-03-31,3.0,2.869999885559082,3.039999961853028,2.8299999237060547,3.0,5448700.0,68748.71980936588,0,0.7198093658751077,68748.0,22916,16.622253914179442,59000,GeoWatch,36.73470430401166,2.966,3.126,4.0187,4.7935,3.8175,14.170000076293944,0.294,SLDP,0.318,GeoWatch,0.5674,0.7362,52.92349568278799,165,597.7999877929688,0.0,0.0
2026-04-01,2.940000057220459,3.0799999237060547,3.115000009536743,2.930000066757202,2.940000057220459,3608500.0,68372.76152061045,0,0.1201898914641788,68372.641330719,23256,14.053602534350729,60000,"cash_0%_Buy 100% of cash (340 shares - DCA Strategy) Monthly invest 1.7% of total investment ($1,000.00)",36.73470430401166,2.938,3.1065,3.982,4.766,3.8253,14.170000076293944,0.3565,SLDP,0.3285,GeoWatch,0.5399,0.7635,53.5969786726866,167,602.2999877929688,0.0,0.0
2026-04-02,2.940000057220459,2.819999933242798,2.940000057220459,2.7950000762939453,2.940000057220459,3766000.0,68372.76152061045,0,0.1201898914641788,68372.641330719,23256,14.053602534350729,60000,GeoWatch,38.7096848621762,2.924,3.0905,3.946,4.7402,3.833,14.170000076293944,0.434,SLDP,0.3349,GeoWatch,0.5294,0.7755,53.87942476486147,167,603.0800170898438,0.0,0.0
2026-04-03,2.940000057220459,2.819999933242798,2.940000057220459,2.7950000762939453,2.940000057220459,3766000.0,68372.76152061045,0,0.1201898914641788,68372.641330719,23256,14.053602534350729,60000,GeoWatch,38.7096848621762,2.924,3.0905,3.946,4.7402,3.833,14.170000076293944,0.434,SLDP,0.3349,GeoWatch,0.5294,0.7755,53.87942476486147,167,603.0800170898438,0.0,0.0
2026-04-04,2.940000057220459,2.819999933242798,2.940000057220459,2.7950000762939453,2.940000057220459,3766000.0,68372.76152061045,0,0.1201898914641788,68372.641330719,23256,14.053602534350729,60000,GeoWatch,38.7096848621762,2.924,3.0905,3.946,4.7402,3.833,14.170000076293944,0.434,SLDP,0.3349,GeoWatch,0.5294,0.7755,53.87942476486147,167,603.0800170898438,0.0,0.0
2026-04-05,2.940000057220459,2.819999933242798,2.940000057220459,2.7950000762939453,2.940000057220459,3766000.0,68372.76152061045,0,0.1201898914641788,68372.641330719,23256,14.053602534350729,60000,GeoWatch,38.7096848621762,2.924,3.0905,3.946,4.7402,3.833,14.170000076293944,0.434,SLDP,0.3349,GeoWatch,0.5294,0.7755,53.87942476486147,167,603.0800170898438,0.0,0.0
2026-04-06,2.9100000858306885,2.940000057220459,3.0199999809265137,2.900000095367432,2.9100000858306885,3190800.0,67675.08218596995,0,0.1201898914641788,67674.96199607849,23256,12.890803643283233,60000,GeoWatch,34.065950188900686,2.922,3.08,3.9105,4.7156,3.8404,14.170000076293944,0.4534,SLDP,0.3358,GeoWatch,0.5169,0.7885,54.85346597146746,167,605.77001953125,0.0,0.0
2026-04-07,2.8399999141693115,2.880000114440918,2.884999990463257,2.75,2.8399999141693115,3739400.0,66047.15819381297,0,0.1201898914641788,66047.03800392151,23256,10.177596989688254,60000,GeoWatch,31.9587737825364,2.926,3.062,3.8693,4.6868,3.8474,14.170000076293944,0.3484,SLDP,0.3141,GeoWatch,0.5518,0.8008,54.969339591285404,167,606.0900268554688,0.0,0.0
2026-04-08,3.0,3.049999952316284,3.0999999046325684,2.914999961853028,3.0,5437000.0,69768.12018989146,0,0.1201898914641788,69768.0,23256,16.379200316485743,60000,GeoWatch,44.339632826701774,2.926,3.05,3.8305,4.654,3.8553,14.170000076293944,0.658,SLDP,0.3727,GeoWatch,0.4514,0.7619,60.49131539773698,167,621.3400268554688,0.0,0.0
2026-04-09,2.9600000381469727,2.9800000190734863,3.069999933242798,2.950000047683716,2.9600000381469727,2965600.0,68837.88107703745,0,0.1201898914641788,68837.760887146,23256,14.828801795062407,60000,GeoWatch,40.56604134310548,2.93,3.035,3.7892,4.6193,3.8628,14.170000076293944,0.7887,SLDP,0.4004,GeoWatch,0.4202,0.7481,61.82382887469329,167,625.02001953125,0.0,0.0
2026-04-10,2.950000047683716,2.990000009536743,3.0799999237060547,2.9200000762939453,2.950000047683716,2850800.0,68605.32129882395,0,0.1201898914641788,68605.2011089325,23256,14.441202164706567,60000,GeoWatch,45.26316502747707,2.932,3.0225,3.745,4.5935,3.8704,14.170000076293944,0.8618,SLDP,0.4068,GeoWatch,0.4205,0.7274,61.67173231707608,167,624.5999755859375,0.0,0.0
2026-04-11,2.950000047683716,2.990000009536743,3.0799999237060547,2.9200000762939453,2.950000047683716,2850800.0,68605.32129882395,0,0.1201898914641788,68605.2011089325,23256,14.441202164706567,60000,GeoWatch,45.26316502747707,2.932,3.0225,3.745,4.5935,3.8704,14.170000076293944,0.8618,SLDP,0.4068,GeoWatch,0.4205,0.7274,61.67173231707608,167,624.5999755859375,0.0,0.0
2026-04-12,2.950000047683716,2.990000009536743,3.0799999237060547,2.9200000762939453,2.950000047683716,2850800.0,68605.32129882395,0,0.1201898914641788,68605.2011089325,23256,14.441202164706567,60000,GeoWatch,45.26316502747707,2.932,3.0225,3.745,4.5935,3.8704,14.170000076293944,0.8618,SLDP,0.4068,GeoWatch,0.4205,0.7274,61.67173231707608,167,624.5999755859375,0.0,0.0
2026-04-13,2.9800000190734863,2.914999961853028,3.005000114440918,2.880000114440918,2.9800000190734863,2498100.0,69303.00063346446,0,0.1201898914641788,69302.880443573,23256,15.604001055774086,60000,GeoWatch,41.573031600897096,2.946,3.014,3.6982,4.5655,3.8781,14.170000076293944,0.9782,SLDP,0.417,GeoWatch,0.4218,0.7088,63.887762807089956,167,630.719970703125,0.0,0.0
2026-04-14,3.150000095367432,3.0899999141693115,3.1700000762939453,3.049999952316284,3.150000095367432,4278700.0,73256.52240775646,0,0.1201898914641788,73256.402217865,23256,22.193204012927414,60000,Neutral,52.9411847203643,3.008,3.0115,3.6568,4.5375,3.8866,14.170000076293944,1.4115,SLDP,0.441,Neutral,0.398,0.6612,66.65056296223736,167,638.3499755859375,0.0,0.0
2026-04-15,3.259999990463257,3.220000028610229,3.380000114440918,3.220000028610229,3.259999990463257,7237000.0,75814.67996810496,0,0.1201898914641788,75814.5597782135,23256,26.45679994684158,60000,Neutral,58.0357163764382,3.06,3.015,3.6178,4.5132,3.8956,14.170000076293944,1.8864,SLDP,0.4505,Neutral,0.3951,0.6517,68.49726977100437,167,643.4500122070312,0.0,0.0
2026-04-16,3.259999990463257,3.75,3.7799999713897705,3.2100000381469727,3.259999990463257,18378700.0,75814.67996810496,0,0.1201898914641788,75814.5597782135,23256,26.45679994684158,60000,Neutral,61.90475974223551,3.12,3.022,3.5812,4.493,3.9046,14.170000076293944,2.1252,SLDP,0.4136,Neutral,0.3913,0.648,69.00781649833868,167,644.8599853515625,0.0,0.0
2026-04-17,3.369999885559082,3.3499999046325684,3.490000009536743,3.289999961853028,3.369999885559082,8431800.0,78372.83752845347,0,0.1201898914641788,78372.71733856201,23256,30.720395880755767,60000,Neutral,71.02802509678233,3.204,3.0325,3.5497,4.4737,3.914,14.170000076293944,2.4246,SLDP,0.4296,Neutral,0.3831,0.629,71.87563886240747,167,652.780029296875,0.0,0.0
2026-04-18,3.369999885559082,3.3499999046325684,3.490000009536743,3.289999961853028,3.369999885559082,8431800.0,78372.83752845347,0,0.1201898914641788,78372.71733856201,23256,30.720395880755767,60000,Neutral,71.02802509678233,3.204,3.0325,3.5497,4.4737,3.914,14.170000076293944,2.4246,SLDP,0.4296,Neutral,0.3831,0.629,71.87563886240747,167,652.780029296875,0.0,0.0
2026-04-19,3.369999885559082,3.3499999046325684,3.490000009536743,3.289999961853028,3.369999885559082,8431800.0,78372.83752845347,0,0.1201898914641788,78372.71733856201,23256,30.720395880755767,60000,Neutral,71.02802509678233,3.204,3.0325,3.5497,4.4737,3.914,14.170000076293944,2.4246,SLDP,0.4296,Neutral,0.3831,0.629,71.87563886240747,167,652.780029296875,0.0,0.0
2026-04-20,3.400000095367432,3.275000095367432,3.400000095367432,3.2300000190734863,3.400000095367432,4978200.0,79070.52240775646,0,0.1201898914641788,79070.402217865,23256,31.883204012927415,60000,Neutral,79.00000119209263,3.288,3.0505,3.5135,4.4508,3.9235,14.170000076293944,2.5728,SLDP,0.4118,Neutral,0.4104,0.6224,71.42662029787559,167,651.5399780273438,0.0,0.0
2026-04-21,3.539999961853028,3.640000104904175,3.964999914169312,3.5,3.539999961853028,18238300.0,82326.35930274548,0,0.1201898914641788,82326.23911285402,23256,37.30959883790912,60000,Neutral,78.12499689559155,3.366,3.071,3.4822,4.4316,3.9335,14.170000076293944,2.8306,SLDP,0.392,Neutral,0.4157,0.6246,69.87323309281322,167,647.25,0.0,0.0
2026-04-22,3.9600000381469727,3.694999933242798,4.059999942779541,3.640000104904175,3.9600000381469727,15667100.0,92093.88107703745,0,0.1201898914641788,92093.760887146,23256,53.5888017950624,60000,Neutral,88.63635788936007,3.506,3.1145,3.4633,4.4193,3.945,14.170000076293944,3.6659,SLDP,0.4009,Neutral,0.4049,0.6323,72.2811854814536,167,653.9000244140625,0.0,0.0
2026-04-23,3.700000047683716,3.9700000286102295,4.179999828338623,3.5999999046325684,3.700000047683716,15120000.0,86047.32129882395,0,0.1201898914641788,86047.2011089325,23256,43.51120216470657,60000,Neutral,74.05063014174888,3.594,3.1455,3.4385,4.4041,3.9552,14.170000076293944,3.4818,SLDP,0.3886,Neutral,0.4125,0.642,71.32524469343068,167,651.260009765625,0.0,0.0
2026-04-24,3.670000076293945,3.714999914169312,3.849999904632568,3.609999895095825,3.670000076293945,8740000.0,85349.64196418344,0,0.1201898914641788,85349.52177429198,23256,42.34840327363904,60000,Neutral,74.05063014174887,3.654,3.1785,3.4204,4.3903,3.965,14.170000076293944,3.1206,SLDP,0.4084,Neutral,0.4036,0.6639,73.19365432399078,167,656.4199829101562,0.0,0.0
2026-04-25,3.670000076293945,3.714999914169312,3.849999904632568,3.609999895095825,3.670000076293945,8740000.0,85349.64196418344,0,0.1201898914641788,85349.52177429198,23256,42.34840327363904,60000,Neutral,74.05063014174887,3.654,3.1785,3.4204,4.3903,3.965,14.170000076293944,3.1206,SLDP,0.4084,Neutral,0.4036,0.6639,73.19365432399078,167,656.4199829101562,0.0,0.0
2026-04-26,3.670000076293945,3.714999914169312,3.849999904632568,3.609999895095825,3.670000076293945,8740000.0,85349.64196418344,0,0.1201898914641788,85349.52177429198,23256,42.34840327363904,60000,Neutral,74.05063014174887,3.654,3.1785,3.4204,4.3903,3.965,14.170000076293944,3.1206,SLDP,0.4084,Neutral,0.4036,0.6639,73.19365432399078,167,656.4199829101562,0.0,0.0
2026-04-27,3.569999933242798,3.559999942779541,3.7200000286102295,3.5,3.569999933242798,6134600.0,83024.03863738597,0,0.1201898914641788,83023.9184474945,23256,38.472397728976595,60000,Neutral,72.67080616571127,3.688,3.211,3.3997,4.3677,3.974,14.170000076293944,2.5354,SLDP,0.4336,Neutral,0.3886,0.6774,73.5847250282971,167,657.5,0.0,0.0
2026-04-28,3.490000009536743,3.4800000190734863,3.549999952316284,3.430000066757202,3.490000009536743,4987900.0,81163.56041167796,0,0.1201898914641788,81163.4402217865,23256,35.37160068612992,60000,Neutral,66.0130725065195,3.678,3.2445,3.3832,4.3433,3.9825,14.170000076293944,1.8768,SLDP,0.4277,Neutral,0.3862,0.695,72.41153501601133,167,654.260009765625,0.0,0.0
2026-04-29,3.3499999046325684,3.4800000190734863,3.490000009536743,3.299999952316284,3.3499999046325684,5685400.0,77907.71797202647,0,0.1201898914641788,77907.59778213501,23256,29.94519662004409,60000,GeoWatch,61.96318524859011,3.556,3.262,3.3677,4.3244,3.9908,14.170000076293944,1.0928,SLDP,0.4234,GeoWatch,0.3946,0.7294,72.40428600832482,167,654.239990234375,0.0,0.0
2026-04-30,3.450000047683716,3.3499999046325684,3.509999990463257,3.2699999809265137,3.450000047683716,4488800.0,80233.32129882395,0,0.1201898914641788,80233.2011089325,23256,33.82120216470656,60000,GeoWatch,64.53488146439994,3.506,3.2875,3.3513,4.2823,3.9995,14.170000076293944,0.7142,SLDP,0.4535,GeoWatch,0.3672,0.7499,74.69998928099054,167,660.5800170898438,0.0,0.0
2026-05-01,3.4200000762939453,3.440000057220459,3.444999933242798,3.3399999141693115,3.4200000762939453,6092700.0,80534.64332416118,0,0.4815275913545065,80534.16179656982,23548,32.123005449444555,61000,"cash_0%_Buy 100% of cash (292 shares - DCA Strategy) Monthly invest 1.6% of total investment ($1,000.00)",62.79069735205713,3.456,3.3115,3.341,4.2545,4.008,14.170000076293944,0.3663,SLDP,0.4346,GeoWatch,0.3611,0.7585,74.29991057434643,168,662.5700073242188,0.0,0.0
2026-05-02,3.4200000762939453,3.440000057220459,3.444999933242798,3.3399999141693115,3.4200000762939453,6092700.0,80534.64332416118,0,0.4815275913545065,80534.16179656982,23548,32.123005449444555,61000,GeoWatch,62.79069735205713,3.456,3.3115,3.341,4.2545,4.008,14.170000076293944,0.3663,SLDP,0.4346,GeoWatch,0.3611,0.7585,74.29991057434643,168,662.5700073242188,0.0,0.0
2026-05-03,3.4200000762939453,3.440000057220459,3.444999933242798,3.3399999141693115,3.4200000762939453,6092700.0,80534.64332416118,0,0.4815275913545065,80534.16179656982,23548,32.123005449444555,61000,GeoWatch,62.79069735205713,3.456,3.3115,3.341,4.2545,4.008,14.170000076293944,0.3663,SLDP,0.4346,GeoWatch,0.3611,0.7585,74.29991057434643,168,662.5700073242188,0.0,0.0
2026-05-04,3.4600000381469727,3.400000095367432,3.559999942779541,3.299999952316284,3.4600000381469727,6501700.0,81476.56242587627,0,0.4815275913545065,81476.08089828491,23548,33.66713512438731,61000,GeoWatch,59.74842493804115,3.434,3.339,3.3362,4.2262,4.017,14.170000076293944,0.1851,SLDP,0.4206,GeoWatch,0.3801,0.773,73.41790617981522,168,660.1199951171875,0.0,0.0
2026-05-05,3.509999990463257,3.5,3.5899999141693115,3.380000114440918,3.509999990463257,8028400.0,82653.96130302013,0,0.4815275913545065,82653.47977542877,23548,35.59729721806577,61000,GeoWatch,58.16993352018284,3.438,3.3725,3.3288,4.1942,4.0261,14.170000076293944,0.1355,SLDP,0.4374,GeoWatch,0.3669,0.7668,75.28270354309649,168,665.2999877929688,0.0,0.0
2026-05-06,3.345000028610229,3.3350000381469727,3.490000009536743,3.150000095367432,3.345000028610229,10797700.0,78768.54220130503,0,0.4815275913545065,78768.06067371367,23548,29.22775770705741,61000,GeoWatch,52.50737550261302,3.437,3.3898,3.3176,4.1629,4.0346,14.170000076293944,-0.228,SLDP,0.4623,GeoWatch,0.3678,0.731,78.65229826965896,168,674.6599731445312,0.0,0.0
2026-05-07,2.9200000762939453,3.299999952316284,3.299999952316284,2.869999885559082,2.9200000762939453,13343800.0,68760.64332416118,0,0.4815275913545065,68760.16179656982,23548,12.821366105182253,61000,GeoWatch,38.80597616858304,3.331,3.3878,3.3018,4.1316,4.0411,14.170000076293944,-1.2631,SLDP,0.4544,GeoWatch,0.3665,0.7042,77.88910002747147,168,672.5399780273438,0.0,0.0
2026-05-08,3.075000047683716,3.009999990463257,3.115000009536743,2.9200000762939453,3.075000047683716,7658200.0,72410.5826504475,0,0.4815275913545065,72410.10112285614,23548,18.804873197454896,61000,Neutral,42.38875763148839,3.262,3.394,3.2882,4.1085,4.0477,14.170000076293944,-1.578,SLDP,0.4654,Neutral,0.3724,0.6913,79.88351408997144,168,678.0800170898438,0.0,0.0
2026-05-09,3.075000047683716,3.009999990463257,3.115000009536743,2.9200000762939453,3.075000047683716,7658200.0,72410.5826504475,0,0.4815275913545065,72410.10112285614,23548,18.804873197454896,61000,Neutral,42.38875763148839,3.262,3.394,3.2882,4.1085,4.0477,14.170000076293944,-1.578,SLDP,0.4654,Neutral,0.3724,0.6913,79.88351408997144,168,678.0800170898438,0.0,0.0
2026-05-10,3.075000047683716,3.009999990463257,3.115000009536743,2.9200000762939453,3.075000047683716,7658200.0,72410.5826504475,0,0.4815275913545065,72410.10112285614,23548,18.804873197454896,61000,Neutral,42.38875763148839,3.262,3.394,3.2882,4.1085,4.0477,14.170000076293944,-1.578,SLDP,0.4654,Neutral,0.3724,0.6913,79.88351408997144,168,678.0800170898438,0.0,0.0
2026-05-11,3.150000095367432,2.9600000381469727,3.2300000190734863,2.934999942779541,3.150000095367432,8115000.0,74176.68377330365,0,0.4815275913545065,74176.2022457123,23548,21.700120939842037,61000,Neutral,40.579714151120506,3.2,3.4025,3.2807,4.0843,4.0539,14.170000076293944,-1.5643,SLDP,0.4501,Neutral,0.3865,0.6854,80.40191496887772,168,679.52001953125,0.0,0.0
2026-05-12,3.0,3.059999942779541,3.069999933242798,2.900000095367432,3.0,7704800.0,70644.48152759136,0,0.4815275913545065,70644.0,23548,15.909625455067777,61000,Neutral,23.333335099396702,3.098,3.395,3.27,4.0596,4.0588,14.170000076293944,-1.7779,SLDP,0.438,Neutral,0.3819,0.699,80.09590178528396,168,678.6699829101562,0.0,0.0
2026-05-13,3.059999942779541,2.984999895095825,3.130000114440918,2.9100000858306885,3.059999942779541,8064400.0,72057.36018016399,0,0.4815275913545065,72056.87865257263,23548,18.22581996748194,61000,GeoWatch,29.999998509884023,3.041,3.385,3.2623,4.0375,4.0646,14.170000076293944,-1.7105,SLDP,0.4443,GeoWatch,0.3791,0.7163,81.44229826965895,168,682.4099731445312,0.0,0.0
2026-05-14,2.9800000190734863,3.0,3.039999961853028,2.900000095367432,2.9800000190734863,7170300.0,70173.52197673381,0,0.4815275913545065,70173.04044914246,23548,15.13756061759639,61000,GeoWatch,29.090908565468737,3.053,3.371,3.252,4.0168,4.0705,14.170000076293944,-1.7423,SLDP,0.4701,GeoWatch,0.3623,0.7301,83.35750090637771,168,687.72998046875,0.0,0.0
2026-05-15,2.880000114440918,2.890000104904175,2.9100000858306885,2.789999961853028,2.880000114440918,6979400.0,67818.7242224461,0,0.4815275913545065,67818.24269485474,23548,11.27723643023948,61000,GeoWatch,29.090912768992183,3.014,3.3465,3.2398,3.9989,4.0766,14.170000076293944,-1.8753,SLDP,0.4175,GeoWatch,0.3791,0.7481,80.37310881653394,168,679.4400024414062,0.0,0.0
2026-05-16,2.880000114440918,2.890000104904175,2.9100000858306885,2.789999961853028,2.880000114440918,6979400.0,67818.7242224461,0,0.4815275913545065,67818.24269485474,23548,11.27723643023948,61000,GeoWatch,29.090912768992183,3.014,3.3465,3.2398,3.9989,4.0766,14.170000076293944,-1.8753,SLDP,0.4175,GeoWatch,0.3791,0.7481,80.37310881653394,168,679.4400024414062,0.0,0.0
2026-05-17,2.880000114440918,2.890000104904175,2.9100000858306885,2.789999961853028,2.880000114440918,6979400.0,67818.7242224461,0,0.4815275913545065,67818.24269485474,23548,11.27723643023948,61000,GeoWatch,29.090912768992183,3.014,3.3465,3.2398,3.9989,4.0766,14.170000076293944,-1.8753,SLDP,0.4175,GeoWatch,0.3791,0.7481,80.37310881653394,168,679.4400024414062,0.0,0.0
2026-05-18,2.720000028610229,2.8399999141693115,2.8499999046325684,2.640000104904175,2.720000028610229,8605300.0,64051.042201305034,0,0.4815275913545065,64050.56067371368,23548,5.100708526729547,61000,GeoWatch,27.745665536498308,2.928,3.3125,3.2273,3.9798,4.0818,14.170000076293944,-2.1914,SLDP,0.4146,GeoWatch,0.3713,0.7625,80.18229826965896,168,678.9099731445312,0.0,0.0
2026-05-19,2.630000114440918,2.6600000858306885,2.687000036239624,2.5799999237060547,2.630000114440918,6065600.0,61931.72422244609,0,0.4815275913545065,61931.242694854736,23548,1.6264167581083289,61000,GeoWatch,28.57143262616674,2.854,3.267,3.2143,3.9592,4.0867,14.170000076293944,-2.4686,SLDP,0.3933,GeoWatch,0.3774,0.7575,78.62711760559645,168,674.5900268554688,0.0,0.0
2026-05-20,2.7699999809265137,2.650000095367432,2.789999961853028,2.640000104904175,2.7699999809265137,4604900.0,65228.4410784489,0,0.4815275913545065,65227.959550857544,23548,7.030870620408014,61000,GeoWatch,30.232551047579637,2.796,3.2075,3.2015,3.9398,4.0923,14.170000076293944,-2.2147,SLDP,0.4253,GeoWatch,0.3641,0.731,81.13991057434643,168,681.5700073242188,0.0,0.0
2026-05-21,2.970000028610229,2.7249999046325684,2.970000028610229,2.7100000381469727,2.970000028610229,5573000.0,69938.04220130503,0,0.4815275913545065,69937.56067371367,23548,14.751528198860676,61000,GeoWatch,38.095234491026055,2.794,3.171,3.1897,3.9216,4.098,14.170000076293944,-1.4937,SLDP,0.4306,GeoWatch,0.3519,0.7033,81.59711760559648,168,682.8400268554688,0.0,0.0
2026-05-22,3.059999942779541,2.9600000381469727,3.130000114440918,2.9600000381469727,3.059999942779541,8058700.0,72057.36018016399,0,0.4815275913545065,72056.87865257263,23548,18.22581996748194,61000,Neutral,39.690716961691294,2.83,3.1405,3.1765,3.9038,4.1042,14.170000076293944,-0.7446,SLDP,0.4554,Neutral,0.3476,0.6762,82.57270354309645,168,685.5499877929688,0.0,0.0
2026-05-23,3.059999942779541,2.9600000381469727,3.130000114440918,2.9600000381469727,3.059999942779541,8058700.0,72057.36018016399,0,0.4815275913545065,72056.87865257263,23548,18.22581996748194,61000,Neutral,39.690716961691294,2.83,3.1405,3.1765,3.9038,4.1042,14.170000076293944,-0.7446,SLDP,0.4554,Neutral,0.3476,0.6762,82.57270354309645,168,685.5499877929688,0.0,0.0
2026-05-24,3.059999942779541,2.9600000381469727,3.130000114440918,2.9600000381469727,3.059999942779541,8058700.0,72057.36018016399,0,0.4815275913545065,72056.87865257263,23548,18.22581996748194,61000,Neutral,39.690716961691294,2.83,3.1405,3.1765,3.9038,4.1042,14.170000076293944,-0.7446,SLDP,0.4554,Neutral,0.3476,0.6762,82.57270354309645,168,685.5499877929688,0.0,0.0
2026-05-25,3.059999942779541,2.9600000381469727,3.130000114440918,2.9600000381469727,3.059999942779541,8058700.0,72057.36018016399,0,0.4815275913545065,72056.87865257263,23548,18.22581996748194,61000,Neutral,39.690716961691294,2.83,3.1405,3.1765,3.9038,4.1042,14.170000076293944,-0.7446,SLDP,0.4554,Neutral,0.3476,0.6762,82.57270354309645,168,685.5499877929688,0.0,0.0
2026-05-26,3.2300000190734863,3.0899999141693115,3.2799999713897705,3.0850000381469727,3.2300000190734863,6390100.0,76060.52197673381,0,0.4815275913545065,76060.04044914246,23548,24.78838028972754,61000,Neutral,43.203883214230125,2.932,3.1235,3.1713,3.8901,4.1109,14.170000076293944,0.1525,SLDP,0.4668,Neutral,0.3536,0.6186,84.19270354309646,168,690.0499877929688,0.0,0.0
2026-05-27,3.359999895095825,3.2300000190734863,3.5,3.1700000762939453,3.359999895095825,9595500.0,79121.75905730785,0,0.4815275913545065,79121.27752971649,23548,29.806801733291532,61000,Neutral,50.370367143488224,3.078,3.117,3.1683,3.8773,4.1171,14.170000076293944,1.0028,SLDP,0.4755,Neutral,0.3424,0.5885,84.16031584778395,168,689.9600219726562,0.0,0.0
2026-05-28,3.390000104904175,3.299999952316284,3.490000009536743,3.289999961853028,3.390000104904175,5758300.0,79828.20399787487,0,0.4815275913545065,79827.72247028351,23548,30.964908193237473,61000,Neutral,64.4171798882943,3.202,3.119,3.169,3.8633,4.1238,14.170000076293944,1.5638,SLDP,0.49,Neutral,0.3373,0.5702,85.58229826965896,168,693.9099731445312,0.0,0.0
2026-05-29,3.309999942779541,3.315000057220459,3.390000104904175,3.220000028610229,3.309999942779541,5179400.0,77944.36018016399,0,0.4815275913545065,77943.87865257263,23548,27.87663963961309,61000,Neutral,57.5562663989428,3.27,3.112,3.1687,3.8458,4.1303,14.170000076293944,1.6875,SLDP,0.4993,Neutral,0.3313,0.5573,86.1511044220027,168,695.489990234375,0.0,0.0
2026-05-30,3.309999942779541,3.315000057220459,3.390000104904175,3.220000028610229,3.309999942779541,5179400.0,77944.36018016399,0,0.4815275913545065,77943.87865257263,23548,27.87663963961309,61000,Neutral,57.5562663989428,3.27,3.112,3.1687,3.8458,4.1303,14.170000076293944,1.6875,SLDP,0.4993,Neutral,0.3313,0.5573,86.1511044220027,168,695.489990234375,0.0,0.0
2026-05-31,3.309999942779541,3.315000057220459,3.390000104904175,3.220000028610229,3.309999942779541,5179400.0,77944.36018016399,0,0.4815275913545065,77943.87865257263,23548,27.87663963961309,61000,Neutral,57.5562663989428,3.27,3.112,3.1687,3.8458,4.1303,14.170000076293944,1.6875,SLDP,0.4993,Neutral,0.3313,0.5573,86.1511044220027,168,695.489990234375,0.0,0.0
2026-06-01,3.4100000858306885,3.180000066757202,3.430000066757202,3.1700000762939453,3.4100000858306885,6209800.0,81298.16441870725,0,0.35237241781453577,81297.81204628944,23841,31.2250716430762,62000,"cash_0%_Buy 100% of cash (293 shares - DCA Strategy) Monthly invest 1.6% of total investment ($1,000.00)",58.22784695520641,3.34,3.1115,3.1712,3.8312,4.1365,14.170000076293944,1.8933,SLDP,0.4709,Neutral,0.3434,0.5536,85.62146196392447,170,697.3599853515625,0.0,0.0
2026-06-02,3.630000114440918,3.3949999809265137,3.700000047683716,3.365000009536743,3.630000114440918,9213200.0,86543.18510080373,0,0.35237241781453577,86542.83272838593,23841,39.68478242065117,62000,Neutral,69.09091145539072,3.42,3.12,3.1797,3.8172,4.1436,14.170000076293944,2.3657,SLDP,0.4773,Neutral,0.3391,0.5738,85.94432786484214,170,698.260009765625,0.0,0.0
2026-06-03,3.319999933242798,3.5199999809265137,3.5199999809265137,3.259999990463257,3.319999933242798,6682700.0,79152.47078085935,0,0.35237241781453577,79152.11840844154,23841,27.76427545299893,62000,Neutral,56.84210381019174,3.412,3.1105,3.1817,3.8007,4.1492,14.170000076293944,1.9301,SLDP,0.4502,Neutral,0.3474,0.5933,84.18654132900386,170,693.3599853515625,0.0,0.0
2026-06-04,3.319999933242798,3.194999933242798,3.430000066757202,3.194999933242798,3.319999933242798,4017300.0,79152.47078085935,0,0.35237241781453577,79152.11840844154,23841,27.76427545299893,62000,Neutral,59.34065487804958,3.398,3.1093,3.183,3.7857,4.1555,14.170000076293944,1.5597,SLDP,0.4559,Neutral,0.337,0.6023,85.15511713660553,170,696.0599975585938,0.0,0.0
2026-06-05,2.940000057220459,3.2300000190734863,3.2300000190734863,2.900000095367432,2.940000057220459,6630500.0,70092.89373661077,0,0.35237241781453577,70092.54136419296,23841,13.152054413888315,62000,Neutral,51.42856980667663,3.324,3.1103,3.1777,3.7668,4.16,14.170000076293944,0.5002,SLDP,0.3622,Neutral,0.4339,0.5925,78.67645134574488,170,678.0,0.0,0.0
2026-06-06,2.940000057220459,3.2300000190734863,3.2300000190734863,2.900000095367432,2.940000057220459,6630500.0,70092.89373661077,0,0.35237241781453577,70092.54136419296,23841,13.152054413888315,62000,Neutral,51.42856980667663,3.324,3.1103,3.1777,3.7668,4.16,14.170000076293944,0.5002,SLDP,0.3622,Neutral,0.4339,0.5925,78.67645134574488,170,678.0,0.0,0.0
2026-06-07,2.940000057220459,3.2300000190734863,3.2300000190734863,2.900000095367432,2.940000057220459,6630500.0,70092.89373661077,0,0.35237241781453577,70092.54136419296,23841,13.152054413888315,62000,Neutral,51.42856980667663,3.324,3.1103,3.1777,3.7668,4.16,14.170000076293944,0.5002,SLDP,0.3622,Neutral,0.4339,0.5925,78.67645134574488,170,678.0,0.0,0.0
2026-06-08,2.9549999237060547,3.0,3.069999933242798,2.950000047683716,2.9549999237060547,4181600.0,70450.50555349386,0,0.35237241781453577,70450.15318107605,23841,13.72884766692557,62000,Neutral,56.010226997639606,3.233,3.1043,3.1736,3.7505,4.1645,14.170000076293944,-0.1675,SLDP,0.387,Neutral,0.39,0.5804,79.2719337753704,170,679.6599731445312,0.0,0.0
2026-06-09,2.799999952316284,2.9600000381469727,2.9790000915527344,2.700000047683716,2.799999952316284,5586800.0,66755.15123559034,0,0.35237241781453577,66754.79886317253,23841,7.768598767081181,62000,Neutral,54.20791632216957,3.067,3.0868,3.1678,3.7352,4.1681,14.170000076293944,-0.8976,SLDP,0.3723,Neutral,0.4115,0.5514,78.5688366771561,170,677.7000122070312,0.0,0.0
2026-06-10,2.7699999809265137,2.799999952316284,2.9100000858306885,2.759999990463257,2.7699999809265137,4304200.0,66039.92191768682,0,0.35237241781453577,66039.56954526901,23841,6.615003093043237,62000,Neutral,50.0,2.957,3.0753,3.1606,3.7197,4.1701,14.170000076293944,-1.38,SLDP,0.3252,Neutral,0.4524,0.5221,74.74835172861941,170,667.0499877929688,0.0,0.0
2026-06-11,2.8299999237060547,2.759999990463257,2.8299999237060547,2.7249999046325684,2.8299999237060547,5180700.0,67470.38055349386,0,0.35237241781453577,67470.02818107605,23841,8.922194441119103,62000,Neutral,46.0451952668126,2.859,3.0638,3.1546,3.7073,4.1729,14.170000076293944,-1.4898,SLDP,0.3725,Neutral,0.4078,0.4929,78.7589522758044,170,678.22998046875,0.0,0.0
2026-06-12,2.799999952316284,2.8499999046325684,2.869999885559082,2.740000009536743,2.799999952316284,4504900.0,66755.15123559034,0,0.35237241781453577,66754.79886317253,23841,7.768598767081181,62000,Neutral,42.397662327123896,2.831,3.0548,3.1493,3.693,4.1755,14.170000076293944,-1.5416,SLDP,0.3992,Neutral,0.3784,0.4742,80.09343985175929,170,681.9500122070312,0.0,0.0
