Date,price,Open,High,Low,Close,Volume,account_balance,deposit,cash,portfolio_value,shares,rate,invested_amount,signal,rsi_ta,sma05_ta,sma20_ta,sma60_ta,sma120_ta,sma240_ta,Recent_high,ppo_histogram,stock_ticker,MRI,MRI_Signal,MRI_Stress,GeoMRI,rate_vs,shares_vs,Close_vs,Dividend_vs,Dividend
2024-09-10,9985.0,10000.0,10005.0,9960.0,9985.0,819230.0,1398602.1,0,702.1000000000931,1397900.0,140,0.0,1400000.0,"cash_0%_Buy 100% of cash (140 shares - DCA Strategy) Monthly invest 100.0% of total investment ($1,400,000.00)",0.0,0.0,0.0,0.0,0.0,0.0,9985.0,0.0,491010.KS,0.5619,Neutral,0.5691,0.3173,0.0,0,504.2999877929688,0.0,0.0
2024-09-11,9945.0,9990.0,10040.0,9915.0,9945.0,566383.0,1393002.1,0,702.1000000000931,1392300.0,140,-0.40000000000000036,1400000.0,Neutral,0.0,0.0,0.0,0.0,0.0,0.0,9985.0,-0.0256,491010.KS,0.5879,Neutral,0.5515,0.3299,1.9902871268135698,0,509.4599914550781,0.0,0.0
2024-09-12,10190.0,10090.0,10220.0,10090.0,10190.0,772890.0,1427302.1,0,702.1000000000931,1426600.0,140,2.0499999999999963,1400000.0,Neutral,0.0,0.0,0.0,0.0,0.0,0.0,10190.0,0.1163,491010.KS,0.5887,Neutral,0.5395,0.3445,3.679729352678521,0,513.8400268554688,0.0,0.0
2024-09-13,10355.0,10275.0,10450.0,10275.0,10355.0,753968.0,1450402.1,0,702.1000000000931,1449700.0,140,3.699999999999992,1400000.0,Neutral,0.0,0.0,0.0,0.0,0.0,0.0,10355.0,0.3033,491010.KS,0.5938,Neutral,0.5305,0.3588,4.732721819196385,0,516.5700073242188,0.0,0.0
2024-09-14,10355.0,10275.0,10450.0,10275.0,10355.0,753968.0,1450402.1,0,702.1000000000931,1449700.0,140,3.699999999999992,1400000.0,Neutral,0.0,10166.0,0.0,0.0,0.0,0.0,10355.0,0.4028,491010.KS,0.5938,Neutral,0.5305,0.3588,4.732721819196385,0,516.5700073242188,0.0,0.0
2024-09-15,10355.0,10275.0,10450.0,10275.0,10355.0,753968.0,1450402.1,0,702.1000000000931,1449700.0,140,3.699999999999992,1400000.0,Neutral,0.0,10240.0,0.0,0.0,0.0,0.0,10355.0,0.4415,491010.KS,0.5938,Neutral,0.5305,0.3588,4.732721819196385,0,516.5700073242188,0.0,0.0
2024-09-16,10355.0,10275.0,10450.0,10275.0,10355.0,753968.0,1450402.1,0,702.1000000000931,1449700.0,140,3.699999999999992,1400000.0,Neutral,0.0,10322.0,0.0,0.0,0.0,0.0,10355.0,0.4392,491010.KS,0.5848,Neutral,0.5361,0.3856,5.033566720145046,0,517.3499755859375,0.0,0.0
2024-09-17,10355.0,10275.0,10450.0,10275.0,10355.0,753968.0,1450402.1,0,702.1000000000931,1449700.0,140,3.699999999999992,1400000.0,Neutral,0.0,10355.0,0.0,0.0,0.0,0.0,10355.0,0.4104,491010.KS,0.5775,Neutral,0.5382,0.4243,5.126157924107105,0,517.5900268554688,0.0,0.0
2024-09-18,10355.0,10275.0,10450.0,10275.0,10355.0,753968.0,1450402.1,0,702.1000000000931,1449700.0,140,3.699999999999992,1400000.0,Neutral,0.0,10355.0,0.0,0.0,0.0,0.0,10355.0,0.3658,491010.KS,0.5605,Neutral,0.5389,0.4582,4.478137207031196,0,515.9099731445312,0.0,0.0
2024-09-19,10815.0,10615.0,10820.0,10615.0,10815.0,673895.0,1514802.1,0,702.1000000000931,1514100.0,140,8.299999999999997,1400000.0,Neutral,0.0,10447.0,0.0,0.0,0.0,0.0,10815.0,0.5984,491010.KS,0.5777,Neutral,0.5077,0.4933,7.9495657784597995,0,524.9099731445312,0.0,0.0
2024-09-20,11035.0,11080.0,11085.0,11000.0,11035.0,698550.0,1545602.1,0,702.1000000000931,1544900.0,140,10.499999999999996,1400000.0,Neutral,0.0,10583.0,0.0,0.0,0.0,0.0,11035.0,0.8379,491010.KS,0.5788,Neutral,0.5057,0.5242,7.552292306082535,0,523.8800048828125,0.0,0.0
2024-09-21,11035.0,11080.0,11085.0,11000.0,11035.0,698550.0,1545602.1,0,702.1000000000931,1544900.0,140,10.499999999999996,1400000.0,Neutral,0.0,10719.0,0.0,0.0,0.0,0.0,11035.0,0.9306,491010.KS,0.5788,Neutral,0.5057,0.5242,7.552292306082535,0,523.8800048828125,0.0,0.0
2024-09-22,11035.0,11080.0,11085.0,11000.0,11035.0,698550.0,1545602.1,0,702.1000000000931,1544900.0,140,10.499999999999996,1400000.0,Neutral,0.0,10855.0,0.0,0.0,0.0,0.0,11035.0,0.9255,491010.KS,0.5788,Neutral,0.5057,0.5242,7.552292306082535,0,523.8800048828125,0.0,0.0
2024-09-23,11270.0,11150.0,11355.0,11150.0,11270.0,895289.0,1578502.1,0,702.1000000000931,1577800.0,140,12.850000000000005,1400000.0,Neutral,97.06959706959708,11038.0,0.0,0.0,0.0,0.0,11270.0,0.9985,491010.KS,0.5824,Neutral,0.5003,0.518,8.049855259486577,0,525.1699829101562,0.0,0.0
2024-09-24,11325.0,11380.0,11410.0,11310.0,11325.0,662449.0,1586202.1,0,702.1000000000931,1585500.0,140,13.399999999999988,1400000.0,Neutral,97.1830985915493,11140.0,0.0,0.0,0.0,0.0,11325.0,1.0047,491010.KS,0.5793,Neutral,0.4957,0.5192,8.632287597656187,0,526.6799926757812,0.0,0.0
2024-09-25,11470.0,11420.0,11490.0,11405.0,11470.0,786637.0,1606502.1,0,702.1000000000931,1605800.0,140,14.850000000000009,1400000.0,Neutral,100.0,11227.0,0.0,0.0,0.0,0.0,11470.0,1.0195,491010.KS,0.5753,Neutral,0.4933,0.5011,8.219570486886099,0,525.6099853515625,0.0,0.0
2024-09-26,11545.0,11625.0,11635.0,11525.0,11545.0,954398.0,1617002.1,0,702.1000000000931,1616300.0,140,15.59999999999999,1400000.0,Neutral,100.0,11329.0,0.0,0.0,0.0,0.0,11545.0,0.9943,491010.KS,0.5856,Neutral,0.4899,0.4555,9.025723702566907,0,527.7000122070312,0.0,0.0
2024-09-27,11560.0,11610.0,11685.0,11555.0,11560.0,503225.0,1619102.1,0,702.1000000000931,1618400.0,140,15.749999999999996,1400000.0,Neutral,100.0,11434.0,0.0,0.0,0.0,0.0,11560.0,0.9085,491010.KS,0.5831,Neutral,0.5119,0.425,8.763049448939682,0,525.3800048828125,1.639,0.0
2024-09-28,11560.0,11610.0,11685.0,11555.0,11560.0,503225.0,1619102.1,0,702.1000000000931,1618400.0,140,15.749999999999996,1400000.0,Neutral,100.0,11492.0,0.0,0.0,0.0,0.0,11560.0,0.7793,491010.KS,0.5831,Neutral,0.5119,0.425,9.395235163225422,0,525.3800048828125,1.639,0.0
2024-09-29,11560.0,11610.0,11685.0,11555.0,11560.0,503225.0,1619102.1,0,702.1000000000931,1618400.0,140,15.749999999999996,1400000.0,Neutral,100.0,11539.0,10823.0,0.0,0.0,0.0,11560.0,0.6287,491010.KS,0.5831,Neutral,0.5119,0.425,10.027420877511105,0,525.3800048828125,1.639,0.0
2024-09-30,11350.0,11600.0,11605.0,11350.0,11350.0,433348.0,1589702.1,0,702.1000000000931,1589000.0,140,13.650000000000006,1400000.0,Neutral,85.15901060070671,11515.0,10891.25,0.0,0.0,0.0,11560.0,0.3525,491010.KS,0.5947,Neutral,0.5035,0.4167,10.910698116629405,0,527.6699829101562,0.0,0.0
2024-10-01,11350.0,11600.0,11605.0,11350.0,11350.0,433348.0,2988306.0500000003,0,3256.0500000002794,2985050.0,263,6.825066071428565,2800000.0,"cash_0%_Buy 100% of cash (123 shares - DCA Strategy) Monthly invest 50.0% of total investment ($1,400,000.00)",85.15901060070671,11476.0,10961.5,0.0,0.0,0.0,11560.0,0.132,491010.KS,0.5662,Neutral,0.5341,0.4151,8.027094658661667,6,522.739990234375,0.0,0.0
2024-10-02,11445.0,11455.0,11565.0,11445.0,11445.0,480787.0,3013291.0500000003,0,3256.0500000002794,3010035.0,263,7.717387499999995,2800000.0,Neutral,86.09271523178808,11453.0,11024.25,0.0,0.0,0.0,11560.0,0.0117,491010.KS,0.5611,Neutral,0.5276,0.4257,8.062001297904729,6,522.8300170898438,0.0,0.0
2024-10-03,11445.0,11455.0,11565.0,11445.0,11445.0,480787.0,3013291.0500000003,0,3256.0500000002794,3010035.0,263,7.717387499999995,2800000.0,Neutral,80.0,11430.0,11078.75,0.0,0.0,0.0,11560.0,-0.0937,491010.KS,0.5553,Neutral,0.5449,0.4915,7.6781465938215945,6,521.8400268554688,0.0,0.0
2024-10-04,11715.0,11550.0,11750.0,11540.0,11715.0,471366.0,3084301.0500000003,0,3256.0500000002794,3081045.0,263,10.253458928571433,2800000.0,Neutral,80.9090909090909,11461.0,11146.75,0.0,0.0,0.0,11715.0,-0.0318,491010.KS,0.5738,Neutral,0.5203,0.5476,9.543155081163135,6,526.6500244140625,0.0,0.0
2024-10-05,11715.0,11550.0,11750.0,11540.0,11715.0,471366.0,3084301.0500000003,0,3256.0500000002794,3081045.0,263,10.253458928571433,2800000.0,Neutral,80.9090909090909,11534.0,11214.75,0.0,0.0,0.0,11715.0,-0.0217,491010.KS,0.5738,Neutral,0.5203,0.5476,9.543155081163135,6,526.6500244140625,0.0,0.0
2024-10-06,11715.0,11550.0,11750.0,11540.0,11715.0,471366.0,3084301.0500000003,0,3256.0500000002794,3081045.0,263,10.253458928571433,2800000.0,Neutral,80.9090909090909,11607.0,11282.75,0.0,0.0,0.0,11715.0,-0.044,491010.KS,0.5738,Neutral,0.5203,0.5476,9.543155081163135,6,526.6500244140625,0.0,0.0
2024-10-07,11885.0,12035.0,12195.0,11885.0,11885.0,721036.0,3129011.0500000003,0,3256.0500000002794,3125755.0,263,11.850244642857131,2800000.0,Neutral,79.71014492753623,11695.0,11359.25,0.0,0.0,0.0,11885.0,0.0091,491010.KS,0.5462,Neutral,0.5656,0.6092,7.705267277599631,6,521.9099731445312,0.0,0.0
2024-10-08,11990.0,11950.0,12025.0,11950.0,11990.0,593042.0,3156626.0500000003,0,3256.0500000002794,3153370.0,263,12.836494642857144,2800000.0,Neutral,80.64516129032258,11804.0,11441.0,0.0,0.0,0.0,11990.0,0.0697,491010.KS,0.5512,Neutral,0.5517,0.6035,9.620683318559955,6,526.8499755859375,0.0,0.0
2024-10-09,11990.0,11950.0,12025.0,11950.0,11990.0,593042.0,3156626.0500000003,0,3256.0500000002794,3153370.0,263,12.836494642857144,2800000.0,Neutral,77.65957446808511,11859.0,11499.75,0.0,0.0,0.0,11990.0,0.0733,491010.KS,0.554,Neutral,0.5421,0.5964,11.016546574474603,6,530.4500122070312,0.0,0.0
2024-10-10,11940.0,11950.0,11955.0,11875.0,11940.0,571168.0,3143476.0500000003,0,3256.0500000002794,3140220.0,263,12.366851785714282,2800000.0,Neutral,71.5846994535519,11904.0,11545.0,0.0,0.0,0.0,11990.0,0.014,491010.KS,0.5425,Neutral,0.5438,0.5988,10.671455989089864,6,529.5599975585938,0.0,0.0
2024-10-11,11875.0,11950.0,11950.0,11820.0,11875.0,482751.0,3126381.0500000003,0,3256.0500000002794,3123125.0,263,11.756316071428575,2800000.0,Neutral,66.32124352331607,11936.0,11587.0,0.0,0.0,0.0,11990.0,-0.0889,491010.KS,0.5378,Neutral,0.5377,0.6039,11.892833379825419,6,532.7100219726562,0.0,0.0
2024-10-12,11875.0,11950.0,11950.0,11820.0,11875.0,482751.0,3126381.0500000003,0,3256.0500000002794,3123125.0,263,11.756316071428575,2800000.0,Neutral,66.32124352331607,11934.0,11629.0,0.0,0.0,0.0,11990.0,-0.1777,491010.KS,0.5378,Neutral,0.5377,0.6039,11.892833379825419,6,532.7100219726562,0.0,0.0
2024-10-13,11875.0,11950.0,11950.0,11820.0,11875.0,482751.0,3126381.0500000003,0,3256.0500000002794,3123125.0,263,11.756316071428575,2800000.0,Neutral,66.32124352331607,11911.0,11659.25,0.0,0.0,0.0,11990.0,-0.2526,491010.KS,0.5378,Neutral,0.5377,0.6039,11.892833379825419,6,532.7100219726562,0.0,0.0
2024-10-14,12125.0,11990.0,12135.0,11990.0,12125.0,662583.0,3192131.0500000003,0,3256.0500000002794,3188875.0,263,14.104530357142853,2800000.0,Neutral,88.55721393034825,11938.0,11699.25,0.0,0.0,0.0,12125.0,-0.1787,491010.KS,0.5403,Neutral,0.5269,0.5689,13.583356001987866,6,537.0700073242188,0.0,0.0
2024-10-15,12255.0,12230.0,12280.0,12140.0,12255.0,495505.0,3226321.0500000003,0,3256.0500000002794,3223065.0,263,15.325601785714294,2800000.0,Neutral,89.86784140969164,12001.0,11738.5,0.0,0.0,0.0,12255.0,-0.0816,491010.KS,0.5318,Neutral,0.5392,0.5333,11.997505966518403,6,532.97998046875,0.0,0.0
2024-10-16,12020.0,12085.0,12085.0,11950.0,12020.0,687673.0,3164516.0500000003,0,3256.0500000002794,3161260.0,263,13.118280357142865,2800000.0,Neutral,72.54901960784314,12030.0,11762.25,0.0,0.0,0.0,12255.0,-0.171,491010.KS,0.5406,Neutral,0.5245,0.5064,12.866030481922266,6,535.219970703125,0.0,0.0
2024-10-17,12445.0,12265.0,12445.0,12250.0,12445.0,685417.0,3276291.0500000003,0,3256.0500000002794,3273035.0,263,17.110244642857154,2800000.0,Neutral,79.41176470588235,12144.0,11806.5,0.0,0.0,0.0,12445.0,-0.0179,491010.KS,0.5391,Neutral,0.5157,0.47,12.89705597619188,6,535.2999877929688,0.0,0.0
2024-10-18,12450.0,12395.0,12485.0,12365.0,12450.0,87400.0,3277606.0500000003,0,3256.0500000002794,3274350.0,263,17.15720892857142,2800000.0,Neutral,75.60975609756098,12259.0,11851.0,0.0,0.0,0.0,12450.0,0.0527,491010.KS,0.5548,Neutral,0.5019,0.4213,13.695790878627747,6,537.3599853515625,0.0,0.0
2024-10-19,12450.0,12395.0,12485.0,12365.0,12450.0,87400.0,3277606.0500000003,0,3256.0500000002794,3274350.0,263,17.15720892857142,2800000.0,Neutral,75.60975609756098,12324.0,11895.5,0.0,0.0,0.0,12450.0,0.0656,491010.KS,0.5548,Neutral,0.5019,0.4213,13.695790878627747,6,537.3599853515625,0.0,0.0
2024-10-20,12450.0,12395.0,12485.0,12365.0,12450.0,87400.0,3277606.0500000003,0,3256.0500000002794,3274350.0,263,17.15720892857142,2800000.0,Neutral,75.60975609756098,12363.0,11950.5,0.0,0.0,0.0,12450.0,0.042,491010.KS,0.5548,Neutral,0.5019,0.4213,13.695790878627747,6,537.3599853515625,0.0,0.0
2024-10-21,12520.0,12450.0,12520.0,12420.0,12520.0,81554.0,3296016.0500000003,0,3256.0500000002794,3292760.0,263,17.81470892857142,2800000.0,Neutral,73.78277153558052,12463.0,12009.0,0.0,0.0,0.0,12520.0,0.0335,491010.KS,0.5357,Neutral,0.5026,0.4095,13.37398716308384,6,536.530029296875,0.0,0.0
2024-10-22,12510.0,12535.0,12565.0,12475.0,12510.0,86864.0,3293386.0500000003,0,3256.0500000002794,3290130.0,263,17.72078035714286,2800000.0,Neutral,70.96774193548387,12476.0,12062.25,0.0,0.0,0.0,12520.0,-0.0069,491010.KS,0.534,Neutral,0.5008,0.437,13.230503126656231,6,536.1599731445312,0.0,0.0
2024-10-23,12410.0,12495.0,12495.0,12360.0,12410.0,79747.0,3267086.0500000003,0,3256.0500000002794,3263830.0,263,16.78149464285714,2800000.0,Neutral,65.67164179104478,12468.0,12110.5,0.0,0.0,0.0,12520.0,-0.1117,491010.KS,0.5072,Neutral,0.5145,0.4475,11.33449281056319,6,531.27001953125,0.0,0.0
2024-10-24,12260.0,12320.0,12320.0,12215.0,12260.0,106891.0,3227636.0500000003,0,3256.0500000002794,3224380.0,263,15.372566071428562,2800000.0,Neutral,61.11111111111111,12430.0,12137.75,0.0,0.0,0.0,12520.0,-0.2765,491010.KS,0.5102,Neutral,0.5129,0.4482,11.799756897016636,6,532.469970703125,0.0,0.0
2024-10-25,12415.0,12305.0,12460.0,12260.0,12415.0,100575.0,3268401.0500000003,0,3256.0500000002794,3265145.0,263,16.828458928571433,2800000.0,Neutral,67.64705882352942,12423.0,12172.75,0.0,0.0,0.0,12520.0,-0.3106,491010.KS,0.5012,Neutral,0.5276,0.4764,11.718347514646325,6,532.260009765625,0.0,0.0
2024-10-26,12415.0,12305.0,12460.0,12260.0,12415.0,100575.0,3268401.0500000003,0,3256.0500000002794,3265145.0,263,16.828458928571433,2800000.0,Neutral,67.64705882352942,12402.0,12207.75,0.0,0.0,0.0,12520.0,-0.3413,491010.KS,0.5012,Neutral,0.5276,0.4764,11.718347514646325,6,532.260009765625,0.0,0.0
2024-10-27,12415.0,12305.0,12460.0,12260.0,12415.0,100575.0,3268401.0500000003,0,3256.0500000002794,3265145.0,263,16.828458928571433,2800000.0,Neutral,67.64705882352942,12383.0,12234.25,0.0,0.0,0.0,12520.0,-0.3673,491010.KS,0.5012,Neutral,0.5276,0.4764,11.718347514646325,6,532.260009765625,0.0,0.0
2024-10-28,12335.0,12445.0,12450.0,12320.0,12335.0,57828.0,3247361.0500000003,0,3256.0500000002794,3244105.0,263,16.077030357142853,2800000.0,Neutral,57.72058823529412,12368.0,12251.5,0.0,0.0,0.0,12520.0,-0.4296,491010.KS,0.5022,Neutral,0.5162,0.4439,12.361978611252312,6,533.9199829101562,0.0,0.0
2024-10-29,12375.0,12420.0,12465.0,12305.0,12375.0,131822.0,3257881.0500000003,0,3256.0500000002794,3254625.0,263,16.45274464285715,2800000.0,Neutral,54.7244094488189,12391.0,12270.75,0.0,0.0,0.0,12520.0,-0.4481,491010.KS,0.5013,Neutral,0.5118,0.4034,12.6915682822613,6,534.77001953125,0.0,0.0
2024-10-30,12375.0,12420.0,12465.0,12305.0,12375.0,131822.0,3257881.0500000003,0,3256.0500000002794,3254625.0,263,16.45274464285715,2800000.0,Neutral,67.14975845410629,12383.0,12292.5,0.0,0.0,0.0,12520.0,-0.4579,491010.KS,0.4941,Neutral,0.5233,0.3908,12.067295579486398,6,533.1599731445312,0.0,0.0
2024-10-31,12100.0,12050.0,12220.0,12030.0,12100.0,29544.0,3185556.0500000003,0,3256.0500000002794,3182300.0,263,13.869708928571423,2800000.0,Neutral,30.508474576271183,12320.0,12303.75,0.0,0.0,0.0,12520.0,-0.6031,491010.KS,0.4583,Neutral,0.5614,0.3897,7.999950309365545,6,522.6699829101562,0.0,0.0
2024-11-01,11990.0,11960.0,12035.0,11740.0,11990.0,54556.0,4555235.210000001,0,11025.210000000428,4544210.0,379,8.557831190476193,4200000.0,"cash_0%_Buy 100% of cash (116 shares - DCA Strategy) Monthly invest 33.3% of total investment ($1,400,000.00)",26.76767676767677,12235.0,12309.5,0.0,0.0,0.0,12520.0,-0.739,491010.KS,0.4577,Neutral,0.5377,0.3801,7.910417069737974,8,524.9400024414062,0.0,0.0
2024-11-02,11990.0,11960.0,12035.0,11740.0,11990.0,54556.0,4555235.210000001,0,11025.210000000428,4544210.0,379,8.557831190476193,4200000.0,Neutral,26.76767676767677,12166.0,12315.25,0.0,0.0,0.0,12520.0,-0.8032,491010.KS,0.4577,Neutral,0.5377,0.3801,7.910417069737974,8,524.9400024414062,0.0,0.0
2024-11-03,11990.0,11960.0,12035.0,11740.0,11990.0,54556.0,4555235.210000001,0,11025.210000000428,4544210.0,379,8.557831190476193,4200000.0,Neutral,26.76767676767677,12089.0,12308.5,0.0,0.0,0.0,12520.0,-0.8172,491010.KS,0.4577,Neutral,0.5377,0.3801,7.910417069737974,8,524.9400024414062,0.0,0.0
2024-11-04,11860.0,11995.0,12000.0,11805.0,11860.0,92624.0,4505965.210000001,0,11025.210000000428,4494940.0,379,7.384735952380961,4200000.0,Neutral,18.57142857142857,11986.0,12288.75,0.0,0.0,0.0,12520.0,-0.8654,491010.KS,0.4585,Neutral,0.5449,0.4188,7.4703927241261,8,523.7999877929688,0.0,0.0
2024-11-05,11860.0,11995.0,12000.0,11805.0,11860.0,92624.0,4505965.210000001,0,11025.210000000428,4494940.0,379,7.384735952380961,4200000.0,Neutral,18.75,11938.0,12280.75,0.0,0.0,0.0,12520.0,-0.8625,491010.KS,0.4782,Neutral,0.5256,0.458,9.902070255430871,8,530.0999755859375,0.0,0.0
2024-11-06,12500.0,12200.0,12515.0,12045.0,12500.0,195381.0,4748525.210000001,0,11025.210000000428,4737500.0,379,13.159974047619059,4200000.0,Neutral,52.848101265822784,12040.0,12283.5,0.0,0.0,0.0,12520.0,-0.4882,491010.KS,0.5145,Neutral,0.4616,0.4636,14.997028238144807,8,543.2999877929688,0.0,0.0
2024-11-07,12720.0,12500.0,12800.0,12455.0,12720.0,132263.0,4831905.210000001,0,11025.210000000428,4820880.0,379,15.145212142857154,4200000.0,Neutral,63.93939393939394,12186.0,12297.0,0.0,0.0,0.0,12720.0,-0.1228,491010.KS,0.5309,Neutral,0.4494,0.4791,16.62974519245627,8,547.530029296875,0.0,0.0
2024-11-08,12925.0,12800.0,13005.0,12800.0,12925.0,37170.0,4909600.210000001,0,11025.210000000428,4898575.0,379,16.9950930952381,4200000.0,Neutral,65.0,12373.0,12320.75,11679.75,0.0,0.0,12925.0,0.2085,491010.KS,0.536,Neutral,0.4431,0.4657,17.563813362451157,8,549.9500122070312,0.0,0.0
2024-11-09,12925.0,12800.0,13005.0,12800.0,12925.0,37170.0,4909600.210000001,0,11025.210000000428,4898575.0,379,16.9950930952381,4200000.0,Neutral,65.0,12586.0,12344.5,11728.75,0.0,0.0,12925.0,0.3934,491010.KS,0.536,Neutral,0.4431,0.4657,17.563813362451157,8,549.9500122070312,0.0,0.0
2024-11-10,12925.0,12800.0,13005.0,12800.0,12925.0,37170.0,4909600.210000001,0,11025.210000000428,4898575.0,379,16.9950930952381,4200000.0,Neutral,65.0,12799.0,12364.75,11778.4167,0.0,0.0,12925.0,0.4767,491010.KS,0.536,Neutral,0.4431,0.4657,17.563813362451157,8,549.9500122070312,0.0,0.0
2024-11-11,13060.0,12900.0,13060.0,12800.0,13060.0,141464.0,4960765.210000001,0,11025.210000000428,4949740.0,379,18.213307380952394,4200000.0,Neutral,70.65527065527066,12911.0,12392.25,11826.25,0.0,0.0,13060.0,0.5598,491010.KS,0.532,Neutral,0.4423,0.4054,17.737509662922108,8,550.4000244140625,0.0,0.0
2024-11-12,13155.0,13040.0,13155.0,13030.0,13155.0,72519.0,4996770.210000001,0,11025.210000000428,4985745.0,379,19.07056928571429,4200000.0,Neutral,71.54696132596685,12998.0,12429.5,11872.9167,0.0,0.0,13155.0,0.6161,491010.KS,0.5287,Neutral,0.4325,0.3616,17.100631080671832,8,548.75,0.0,0.0
2024-11-13,12980.0,12885.0,12980.0,12500.0,12980.0,65340.0,4930445.210000001,0,11025.210000000428,4919420.0,379,17.491402619047623,4200000.0,Neutral,65.23929471032746,13009.0,12465.5,11916.6667,0.0,0.0,13155.0,0.5154,491010.KS,0.5299,Neutral,0.423,0.33,17.208717155073117,8,549.030029296875,0.0,0.0
2024-11-14,12870.0,12890.0,12980.0,12855.0,12870.0,30189.0,4888755.210000001,0,11025.210000000428,4877730.0,379,16.498783571428575,4200000.0,Neutral,71.15384615384616,12998.0,12488.25,11958.5833,0.0,0.0,13155.0,0.3546,491010.KS,0.5285,Neutral,0.4261,0.3021,15.861622599637201,8,545.5399780273438,0.0,0.0
2024-11-15,12590.0,12690.0,12860.0,12590.0,12590.0,28452.0,4782635.210000001,0,11025.210000000428,4771610.0,379,13.972116904761922,4200000.0,Neutral,65.07537688442211,12931.0,12497.0,11995.8333,0.0,0.0,13155.0,0.0789,491010.KS,0.5018,Neutral,0.4536,0.2861,13.144322669456884,8,538.5,0.0,0.0
2024-11-16,12590.0,12690.0,12860.0,12590.0,12590.0,28452.0,4782635.210000001,0,11025.210000000428,4771610.0,379,13.972116904761922,4200000.0,Neutral,65.07537688442211,12837.0,12505.75,12033.0833,0.0,0.0,13155.0,-0.1137,491010.KS,0.5018,Neutral,0.4536,0.2861,13.144322669456884,8,538.5,0.0,0.0
2024-11-17,12590.0,12690.0,12860.0,12590.0,12590.0,28452.0,4782635.210000001,0,11025.210000000428,4771610.0,379,13.972116904761922,4200000.0,Neutral,65.07537688442211,12724.0,12518.5,12070.3333,0.0,0.0,13155.0,-0.244,491010.KS,0.5018,Neutral,0.4536,0.2861,13.144322669456884,8,538.5,0.0,0.0
2024-11-18,12820.0,12590.0,12820.0,12535.0,12820.0,34813.0,4869805.210000001,0,11025.210000000428,4858780.0,379,16.04759309523811,4200000.0,Neutral,72.96650717703349,12692.0,12540.75,12103.75,0.0,0.0,13155.0,-0.212,491010.KS,0.5066,Neutral,0.4471,0.3107,14.005053448516449,8,540.72998046875,0.0,0.0
2024-11-19,12940.0,12825.0,13010.0,12825.0,12940.0,26048.0,4915285.210000001,0,11025.210000000428,4904260.0,379,17.13045023809525,4200000.0,Neutral,74.43438914027149,12706.0,12569.0,12135.5,0.0,0.0,13155.0,-0.1354,491010.KS,0.5043,Neutral,0.4571,0.3372,14.765448876469861,8,542.7000122070312,0.0,0.0
2024-11-20,13360.0,13220.0,13950.0,13215.0,13360.0,72371.0,5074465.210000001,0,11025.210000000428,5063440.0,379,20.920450238095256,4200000.0,Neutral,71.60804020100502,12860.0,12632.0,12174.25,0.0,0.0,13360.0,0.1146,491010.KS,0.4951,Neutral,0.4658,0.3569,14.842649849837997,8,542.9000244140625,0.0,0.0
2024-11-21,13440.0,13480.0,13480.0,13310.0,13440.0,46943.0,5104785.210000001,0,11025.210000000428,5093760.0,379,21.642355000000002,4200000.0,Neutral,69.45945945945945,13030.0,12704.5,12214.3333,0.0,0.0,13440.0,0.2879,491010.KS,0.4914,Neutral,0.4589,0.3905,15.90023486553602,8,545.6400146484375,0.0,0.0
2024-11-22,13795.0,13715.0,13800.0,13700.0,13795.0,88032.0,5239330.210000001,0,11025.210000000428,5228305.0,379,24.845807380952387,4200000.0,Neutral,71.75,13271.0,12794.75,12256.4167,0.0,0.0,13795.0,0.538,491010.KS,0.5036,Neutral,0.4389,0.4471,16.6065636978593,8,547.469970703125,0.0,0.0
2024-11-23,13795.0,13715.0,13800.0,13700.0,13795.0,88032.0,5239330.210000001,0,11025.210000000428,5228305.0,379,24.845807380952387,4200000.0,Neutral,71.75,13466.0,12885.0,12297.5833,0.0,0.0,13795.0,0.6457,491010.KS,0.5036,Neutral,0.4389,0.4471,16.6065636978593,8,547.469970703125,0.0,0.0
2024-11-24,13795.0,13715.0,13800.0,13700.0,13795.0,88032.0,5239330.210000001,0,11025.210000000428,5228305.0,379,24.845807380952387,4200000.0,Neutral,71.75,13637.0,12981.75,12336.3333,0.0,0.0,13795.0,0.658,491010.KS,0.5036,Neutral,0.4389,0.4471,16.6065636978593,8,547.469970703125,0.0,0.0
2024-11-25,14045.0,13850.0,14045.0,13835.0,14045.0,169410.0,5334080.210000001,0,11025.210000000428,5323055.0,379,27.101759761904763,4200000.0,Neutral,73.28605200945627,13774.0,13091.0,12378.0,0.0,0.0,14045.0,0.7286,491010.KS,0.5168,Neutral,0.4365,0.4346,17.28589457001179,8,549.22998046875,0.0,0.0
2024-11-26,13610.0,14000.0,14000.0,13505.0,13610.0,90171.0,5169215.210000001,0,11025.210000000428,5158190.0,379,23.17640261904763,4200000.0,Neutral,59.26680244399186,13808.0,13146.5,12412.1667,0.0,0.0,14045.0,0.5032,491010.KS,0.5171,Neutral,0.43,0.4199,18.474723596278594,8,552.3099975585938,0.0,0.0
2024-11-27,13660.0,13605.0,14300.0,13605.0,13660.0,42505.0,5188165.210000001,0,11025.210000000428,5177140.0,379,23.627593095238097,4200000.0,Neutral,64.59227467811158,13781.0,13193.5,12447.1667,0.0,0.0,14045.0,0.3365,491010.KS,0.5138,Neutral,0.432,0.4118,17.795392724126103,8,550.5499877929688,0.0,0.0
2024-11-28,13580.0,13660.0,13670.0,13495.0,13580.0,64009.0,5157845.210000001,0,11025.210000000428,5146820.0,379,22.90568833333335,4200000.0,Neutral,65.43478260869566,13738.0,13226.25,12480.8333,0.0,0.0,14045.0,0.1529,491010.KS,0.5237,Neutral,0.4295,0.3945,17.795392724126103,8,550.5499877929688,0.0,0.0
2024-11-29,13700.0,13960.0,13960.0,13450.0,13700.0,38963.0,5203325.210000001,0,11025.210000000428,5192300.0,379,23.98854547619049,4200000.0,Neutral,75.93457943925233,13719.0,13265.0,12520.0,0.0,0.0,14045.0,0.063,491010.KS,0.5257,Neutral,0.4274,0.3674,18.914747941890425,8,553.4500122070312,0.0,0.0
2024-11-30,13700.0,13960.0,13960.0,13450.0,13700.0,38963.0,5203325.210000001,0,11025.210000000428,5192300.0,379,23.98854547619049,4200000.0,Neutral,75.93457943925233,13650.0,13303.75,12559.1667,0.0,0.0,14045.0,-0.0205,491010.KS,0.5242,Neutral,0.428,0.3713,18.914747941890425,8,553.4500122070312,0.0,0.0
2024-12-01,13700.0,13960.0,13960.0,13450.0,13700.0,38963.0,6601927.8100000005,0,12227.810000000522,6589700.0,481,17.99141803571429,5600000.0,"cash_0%_Buy 100% of cash (102 shares - DCA Strategy) Monthly invest 25.0% of total investment ($1,400,000.00)",75.93457943925233,13668.0,13335.75,12596.75,0.0,0.0,14045.0,-0.0956,491010.KS,0.519,Neutral,0.4256,0.375,17.861571886262823,9,553.4500122070312,0.0,0.0
2024-12-02,13815.0,14180.0,14180.0,13740.0,13815.0,90075.0,6657242.8100000005,0,12227.810000000522,6645015.0,481,18.979185892857142,5600000.0,Neutral,74.5679012345679,13699.0,13368.75,12636.25,0.0,0.0,14045.0,-0.1071,491010.KS,0.519,Neutral,0.421,0.3729,18.45957095039043,9,555.010009765625,0.0,0.0
2024-12-03,13730.0,13605.0,13815.0,13580.0,13730.0,95224.0,6616357.8100000005,0,12227.810000000522,6604130.0,481,18.249096607142867,5600000.0,Neutral,69.84924623115577,13729.0,13406.25,12669.8333,0.0,0.0,14045.0,-0.1721,491010.KS,0.5158,Neutral,0.418,0.3909,18.509406155468554,9,555.1400146484375,0.0,0.0
2024-12-04,13645.0,13500.0,13740.0,13500.0,13645.0,76823.0,6575472.8100000005,0,12227.810000000522,6563245.0,481,17.519007321428568,5600000.0,Neutral,58.61027190332326,13718.0,13445.0,12702.0,0.0,0.0,14045.0,-0.2663,491010.KS,0.5198,Neutral,0.421,0.3947,19.851072822135222,9,558.6400146484375,0.0,0.0
2024-12-05,14075.0,13835.0,14220.0,13835.0,14075.0,111589.0,6782302.8100000005,0,12227.810000000522,6770075.0,481,21.21240017857142,5600000.0,Neutral,65.83541147132169,13793.0,13519.25,12741.3333,0.0,0.0,14075.0,-0.1323,491010.KS,0.5186,Neutral,0.4217,0.3901,19.494575629752376,9,557.7100219726562,0.0,0.0
2024-12-06,14140.0,14115.0,14160.0,14090.0,14140.0,131776.0,6813567.8100000005,0,12227.810000000522,6801340.0,481,21.77070375000001,5600000.0,Neutral,60.05830903790088,13881.0,13596.75,12778.9167,0.0,0.0,14140.0,-0.0342,491010.KS,0.5243,Neutral,0.4121,0.3797,19.920070014518018,9,558.8200073242188,0.0,0.0
2024-12-07,14140.0,14115.0,14160.0,14090.0,14140.0,131776.0,6813567.8100000005,0,12227.810000000522,6801340.0,481,21.77070375000001,5600000.0,Neutral,60.05830903790088,13946.0,13674.25,12814.75,0.0,0.0,14140.0,0.0062,491010.KS,0.5243,Neutral,0.4121,0.3797,19.920070014518018,9,558.8200073242188,0.0,0.0
2024-12-08,14140.0,14115.0,14160.0,14090.0,14140.0,131776.0,6813567.8100000005,0,12227.810000000522,6801340.0,481,21.77070375000001,5600000.0,Neutral,60.05830903790088,14028.0,13740.25,12850.5833,0.0,0.0,14140.0,0.0086,491010.KS,0.5243,Neutral,0.4121,0.3797,19.920070014518018,9,558.8200073242188,0.0,0.0
2024-12-09,14350.0,14500.0,14500.0,14255.0,14350.0,68365.0,6914577.8100000005,0,12227.810000000522,6902350.0,481,23.57445375,5600000.0,Neutral,59.1044776119403,14169.0,13810.75,12890.75,0.0,0.0,14350.0,0.0835,491010.KS,0.5082,Neutral,0.4284,0.388,18.80455691230449,9,555.9099731445312,0.0,0.0
2024-12-10,13845.0,14300.0,14300.0,13840.0,13845.0,126805.0,6671672.8100000005,0,12227.810000000522,6659445.0,481,19.236864464285716,5600000.0,Neutral,56.73352435530086,14123.0,13835.0,12923.5833,0.0,0.0,14350.0,-0.1282,491010.KS,0.5078,Neutral,0.4272,0.3904,18.198907091340942,9,554.3300170898438,0.0,0.0
2024-12-11,13480.0,13775.0,13775.0,13450.0,13480.0,58466.0,6496107.8100000005,0,12227.810000000522,6483880.0,481,16.10177517857143,5600000.0,Neutral,45.63106796116504,13991.0,13837.0,12950.3333,0.0,0.0,14350.0,-0.4434,491010.KS,0.5167,Neutral,0.4157,0.4261,19.808911770702935,9,558.530029296875,0.0,0.0
2024-12-12,13850.0,13675.0,14005.0,13670.0,13850.0,88163.0,6674077.8100000005,0,12227.810000000522,6661850.0,481,19.27981089285715,5600000.0,Neutral,55.74468085106383,13933.0,13839.75,12983.25,0.0,0.0,14350.0,-0.4675,491010.KS,0.5076,Neutral,0.4176,0.4481,18.704909898958135,9,555.6500244140625,0.0,0.0
2024-12-13,13735.0,13840.0,13840.0,13670.0,13735.0,39113.0,6618762.8100000005,0,12227.810000000522,6606535.0,481,18.29204303571428,5600000.0,Neutral,50.74626865671642,13852.0,13836.75,13010.0833,0.0,0.0,14350.0,-0.5305,491010.KS,0.5018,Neutral,0.4141,0.4801,18.689561591666447,9,555.6099853515625,0.0,0.0
2024-12-14,13735.0,13840.0,13840.0,13670.0,13735.0,39113.0,6618762.8100000005,0,12227.810000000522,6606535.0,481,18.29204303571428,5600000.0,Neutral,50.74626865671642,13729.0,13833.75,13034.75,0.0,0.0,14350.0,-0.5602,491010.KS,0.5018,Neutral,0.4141,0.4801,18.689561591666447,9,555.6099853515625,0.0,0.0
2024-12-15,13735.0,13840.0,13840.0,13670.0,13735.0,39113.0,6618762.8100000005,0,12227.810000000522,6606535.0,481,18.29204303571428,5600000.0,Neutral,50.74626865671642,13707.0,13818.25,13063.3333,0.0,0.0,14350.0,-0.5663,491010.KS,0.5018,Neutral,0.4141,0.4801,18.689561591666447,9,555.6099853515625,0.0,0.0
2024-12-16,13740.0,13735.0,13835.0,13650.0,13740.0,61729.0,6621167.8100000005,0,12227.810000000522,6608940.0,481,18.334989464285712,5600000.0,Neutral,48.32214765100671,13759.0,13824.75,13084.9167,0.0,0.0,14350.0,-0.5536,491010.KS,0.4902,Neutral,0.426,0.4884,19.525225450715922,9,557.7899780273438,0.0,0.0
2024-12-17,14005.0,13985.0,14005.0,13755.0,14005.0,84481.0,6748632.8100000005,0,12227.810000000522,6736405.0,481,20.611150178571425,5600000.0,Neutral,55.693581780538295,13790.0,13842.0,13110.8333,0.0,0.0,14350.0,-0.4084,491010.KS,0.4815,Neutral,0.4441,0.4824,18.62823855292949,9,555.4500122070312,0.0,0.0
2024-12-18,13675.0,13900.0,13900.0,13615.0,13675.0,51555.0,6589902.8100000005,0,12227.810000000522,6577675.0,481,17.776685892857145,5600000.0,Neutral,50.56390977443609,13778.0,13846.75,13131.25,0.0,0.0,14350.0,-0.462,491010.KS,0.3796,Neutral,0.5906,0.4663,12.376072822135228,9,539.1400146484375,0.0,0.0
2024-12-19,13180.0,13285.0,13605.0,13110.0,13180.0,67228.0,6351807.8100000005,0,12227.810000000522,6339580.0,481,13.524989464285706,5600000.0,Neutral,33.57798165137615,13667.0,13820.75,13143.4167,0.0,0.0,14350.0,-0.7136,491010.KS,0.3936,Neutral,0.5487,0.4439,12.299401476106596,9,538.9400024414062,0.0,0.0
2024-12-20,13225.0,13240.0,13250.0,13155.0,13225.0,39963.0,6373452.8100000005,0,12227.810000000522,6361225.0,481,13.911507321428562,5600000.0,Neutral,33.08687615526803,13565.0,13797.0,13155.1667,0.0,0.0,14350.0,-0.8247,491010.KS,0.4384,Neutral,0.4739,0.4224,14.637725450715948,9,545.0399780273438,0.0,0.0
2024-12-21,13225.0,13240.0,13250.0,13155.0,13225.0,39963.0,6373452.8100000005,0,12227.810000000522,6361225.0,481,13.911507321428562,5600000.0,Neutral,33.08687615526803,13462.0,13773.25,13167.0833,0.0,0.0,14350.0,-0.8608,491010.KS,0.4384,Neutral,0.4739,0.4224,14.637725450715948,9,545.0399780273438,0.0,0.0
2024-12-22,13225.0,13240.0,13250.0,13155.0,13225.0,39963.0,6373452.8100000005,0,12227.810000000522,6361225.0,481,13.911507321428562,5600000.0,Neutral,33.08687615526803,13306.0,13743.75,13180.6667,0.0,0.0,14350.0,-0.8458,491010.KS,0.4384,Neutral,0.4739,0.4224,14.637725450715948,9,545.0399780273438,0.0,0.0
2024-12-23,13530.0,13615.0,13615.0,13350.0,13530.0,26434.0,6520157.8100000005,0,12227.810000000522,6507930.0,481,16.53123946428572,5600000.0,Neutral,35.35714285714286,13277.0,13733.75,13201.8333,0.0,0.0,14350.0,-0.6534,491010.KS,0.4481,Neutral,0.4502,0.4036,16.128518142773217,9,547.1900024414062,1.739,0.0
2024-12-24,13460.0,13535.0,13605.0,13440.0,13460.0,28783.0,6486487.8100000005,0,12227.810000000522,6474260.0,481,15.929989464285722,5600000.0,Neutral,41.860465116279066,13333.0,13724.5,13219.25,0.0,0.0,14350.0,-0.535,491010.KS,0.4721,Neutral,0.4181,0.4037,18.28668668118469,9,552.8200073242188,0.0,0.0
2024-12-25,13460.0,13535.0,13605.0,13440.0,13460.0,28783.0,6486487.8100000005,0,12227.810000000522,6474260.0,481,15.929989464285722,5600000.0,Neutral,49.5,13380.0,13693.75,13236.6667,0.0,0.0,14350.0,-0.435,491010.KS,0.4751,Neutral,0.4181,0.4012,18.28668668118469,9,552.8200073242188,0.0,0.0
2024-12-26,13770.0,13840.0,13840.0,13500.0,13770.0,56532.0,6635597.8100000005,0,12227.810000000522,6623370.0,481,18.592668035714286,5600000.0,Neutral,47.93814432989691,13489.0,13675.25,13259.25,0.0,0.0,14350.0,-0.2044,491010.KS,0.468,Neutral,0.4248,0.406,18.282849604361786,9,552.8099975585938,0.0,0.0
2024-12-27,13700.0,13770.0,13950.0,13670.0,13700.0,50241.0,6601927.8100000005,0,12227.810000000522,6589700.0,481,17.99141803571429,5600000.0,Neutral,49.07651715039577,13584.0,13653.25,13282.0,0.0,0.0,14350.0,-0.0831,491010.KS,0.4419,Neutral,0.437,0.4156,16.08635709134093,9,547.0800170898438,0.0,0.0
2024-12-28,13700.0,13770.0,13950.0,13670.0,13700.0,50241.0,6601927.8100000005,0,12227.810000000522,6589700.0,481,17.99141803571429,5600000.0,Neutral,49.07651715039577,13618.0,13631.25,13304.0833,0.0,0.0,14350.0,-0.0033,491010.KS,0.4419,Neutral,0.437,0.4156,16.08635709134093,9,547.0800170898438,0.0,0.0
2024-12-29,13700.0,13770.0,13950.0,13670.0,13700.0,50241.0,6601927.8100000005,0,12227.810000000522,6589700.0,481,17.99141803571429,5600000.0,Neutral,49.07651715039577,13666.0,13598.75,13326.1667,0.0,0.0,14350.0,0.0462,491010.KS,0.4419,Neutral,0.437,0.4156,16.08635709134093,9,547.0800170898438,0.0,0.0
2024-12-30,13470.0,13695.0,13695.0,13365.0,13470.0,40179.0,6491297.8100000005,0,12227.810000000522,6479070.0,481,16.015882321428563,5600000.0,Neutral,43.63207547169812,13668.0,13580.0,13349.0,0.0,0.0,14350.0,-0.0338,491010.KS,0.4284,Neutral,0.4623,0.4285,13.751846796744559,9,540.989990234375,0.0,0.0
2024-12-31,13470.0,13695.0,13695.0,13365.0,13470.0,40179.0,6491297.8100000005,0,12227.810000000522,6479070.0,481,16.015882321428563,5600000.0,Neutral,35.57951482479784,13608.0,13579.5,13373.6667,0.0,0.0,14350.0,-0.0828,491010.KS,0.4247,Neutral,0.4608,0.4447,12.916182937695083,9,538.8099975585938,0.0,0.0
2025-01-01,13470.0,13695.0,13695.0,13365.0,13470.0,40179.0,7889896.930000001,0,9946.930000000633,7879950.0,585,12.812663285714287,7000000.0,"cash_0%_Buy 100% of cash (104 shares - DCA Strategy) Monthly invest 20.0% of total investment ($1,400,000.00)",43.278688524590166,13562.0,13560.5,13398.3333,0.0,0.0,14350.0,-0.1097,491010.KS,0.4197,Neutral,0.4586,0.4575,11.926232222086014,13,538.8099975585938,0.0,0.0
2025-01-02,13300.0,13480.0,13480.0,13255.0,13300.0,26594.0,7790446.930000001,0,9946.930000000633,7780500.0,585,11.391949,7000000.0,Neutral,55.0,13482.0,13538.75,13420.1667,0.0,0.0,14350.0,-0.2011,491010.KS,0.4122,Neutral,0.4647,0.4903,11.408535162524686,13,537.4600219726562,0.0,0.0
2025-01-03,13470.0,13690.0,13690.0,13305.0,13470.0,49215.0,7889896.930000001,0,9946.930000000633,7879950.0,585,12.812663285714287,7000000.0,Neutral,59.24528301886792,13436.0,13525.5,13447.0,0.0,0.0,14350.0,-0.1675,491010.KS,0.4297,Neutral,0.4371,0.5188,14.069930594183191,13,544.4000244140625,0.0,0.0
2025-01-04,13470.0,13690.0,13690.0,13305.0,13470.0,49215.0,7889896.930000001,0,9946.930000000633,7879950.0,585,12.812663285714287,7000000.0,Neutral,59.24528301886792,13436.0,13512.25,13473.8333,0.0,0.0,14350.0,-0.1369,491010.KS,0.4297,Neutral,0.4371,0.5188,14.069930594183191,13,544.4000244140625,0.0,0.0
2025-01-05,13470.0,13690.0,13690.0,13305.0,13470.0,49215.0,7889896.930000001,0,9946.930000000633,7879950.0,585,12.812663285714287,7000000.0,Neutral,59.24528301886792,13436.0,13498.75,13490.0,0.0,0.0,14350.0,-0.1096,491010.KS,0.4297,Neutral,0.4371,0.5188,14.069930594183191,13,544.4000244140625,0.0,0.0
2025-01-06,14105.0,13900.0,14120.0,13545.0,14105.0,134998.0,8261371.930000001,0,9946.930000000633,8251425.0,585,18.119448999999996,7000000.0,Neutral,67.37160120845923,13563.0,13503.75,13513.0833,0.0,0.0,14350.0,0.2138,491010.KS,0.4282,Neutral,0.4331,0.5345,15.285575416610072,13,547.5700073242188,0.0,0.0
2025-01-07,14370.0,14110.0,14500.0,14110.0,14370.0,82780.0,8416396.93,0,9946.930000000633,8406450.0,585,20.33409185714283,7000000.0,Neutral,74.5945945945946,13777.0,13538.5,13537.1667,12608.4583,0.0,14370.0,0.5281,491010.KS,0.407,Neutral,0.4559,0.5515,12.92328707981251,13,541.4099731445312,0.0,0.0
2025-01-08,14055.0,14325.0,14325.0,13885.0,14055.0,78494.0,8232121.930000001,0,9946.930000000633,8222175.0,585,17.701591857142862,7000000.0,Neutral,63.74133949191686,13894.0,13582.25,13556.0,12642.375,0.0,14370.0,0.5486,491010.KS,0.4161,Neutral,0.4559,0.5574,13.203247950117841,13,542.1400146484375,0.0,0.0
2025-01-09,13870.0,14055.0,14055.0,13825.0,13870.0,81605.0,8123896.930000001,0,9946.930000000633,8113950.0,585,16.15552042857142,7000000.0,Neutral,52.45098039215686,13974.0,13614.5,13571.75,12675.0833,0.0,14370.0,0.4447,491010.KS,0.4166,Neutral,0.4661,0.5611,13.203247950117841,13,542.1400146484375,0.0,0.0
2025-01-10,13950.0,13870.0,13965.0,13750.0,13950.0,47183.0,8170696.930000001,0,9946.930000000633,8160750.0,585,16.824091857142864,7000000.0,Neutral,56.09756097560975,14070.0,13650.75,13586.5833,12706.4167,0.0,14370.0,0.3905,491010.KS,0.379,Neutral,0.4768,0.5956,10.039486482227915,13,533.8900146484375,0.0,0.0
2025-01-11,13950.0,13870.0,13965.0,13750.0,13950.0,47183.0,8170696.930000001,0,9946.930000000633,8160750.0,585,16.824091857142864,7000000.0,Neutral,56.09756097560975,14039.0,13687.0,13599.8333,12736.375,0.0,14370.0,0.3323,491010.KS,0.379,Neutral,0.4768,0.5956,10.039486482227915,13,533.8900146484375,0.0,0.0
2025-01-12,13950.0,13870.0,13965.0,13750.0,13950.0,47183.0,8170696.930000001,0,9946.930000000633,8160750.0,585,16.824091857142864,7000000.0,Neutral,56.09756097560975,13955.0,13708.0,13616.0,12766.3333,0.0,14370.0,0.2739,491010.KS,0.379,Neutral,0.4768,0.5956,10.039486482227915,13,533.8900146484375,0.0,0.0
2025-01-13,13995.0,13955.0,14100.0,13955.0,13995.0,55713.0,8197021.930000001,0,9946.930000000633,8187075.0,585,17.200163285714275,7000000.0,Neutral,64.07506702412869,13943.0,13734.75,13634.75,12796.6667,0.0,14370.0,0.2386,491010.KS,0.3816,Neutral,0.4727,0.6493,10.304092923060793,13,534.5800170898438,0.0,0.0
2025-01-14,13845.0,13995.0,14700.0,13740.0,13845.0,47045.0,8109271.930000001,0,9946.930000000633,8099325.0,585,15.946591857142867,7000000.0,Neutral,59.30521091811415,13938.0,13754.0,13655.6667,12825.75,0.0,14370.0,0.1292,491010.KS,0.3851,Neutral,0.4648,0.6745,10.564860756525533,13,535.260009765625,0.0,0.0
2025-01-15,14020.0,14490.0,14490.0,13980.0,14020.0,28643.0,8211646.930000001,0,9946.930000000633,8201700.0,585,17.409091857142855,7000000.0,GeoWatch,62.55707762557078,13952.0,13766.5,13679.5,12856.2917,0.0,14370.0,0.1286,491010.KS,0.4161,GeoWatch,0.4314,0.7264,14.319182605543588,13,545.0499877929688,0.0,0.0
2025-01-16,14290.0,14105.0,14345.0,14105.0,14290.0,41248.0,8369596.930000001,0,9946.930000000633,8359650.0,585,19.665520428571437,7000000.0,GeoWatch,71.61572052401746,14020.0,13796.0,13707.8333,12889.0833,0.0,14370.0,0.239,491010.KS,0.4134,GeoWatch,0.4396,0.759,14.008559688578302,13,544.239990234375,0.0,0.0
2025-01-17,14495.0,14290.0,14495.0,14290.0,14495.0,80735.0,8489521.93,0,9946.930000000633,8479575.0,585,21.378734714285706,7000000.0,GeoWatch,72.04301075268816,14129.0,13835.75,13735.75,12919.75,0.0,14495.0,0.3816,491010.KS,0.4206,GeoWatch,0.4276,0.7605,16.01037002490999,13,549.4600219726562,0.0,0.0
2025-01-18,14495.0,14290.0,14495.0,14290.0,14495.0,80735.0,8489521.93,0,9946.930000000633,8479575.0,585,21.378734714285706,7000000.0,GeoWatch,72.04301075268816,14229.0,13875.5,13761.6667,12948.5833,0.0,14495.0,0.4419,491010.KS,0.4206,GeoWatch,0.4276,0.7605,16.01037002490999,13,549.4600219726562,0.0,0.0
2025-01-19,14495.0,14290.0,14495.0,14290.0,14495.0,80735.0,8489521.93,0,9946.930000000633,8479575.0,585,21.378734714285706,7000000.0,GeoWatch,72.04301075268816,14359.0,13926.75,13780.5833,12977.4167,0.0,14495.0,0.4469,491010.KS,0.4206,GeoWatch,0.4276,0.7605,16.01037002490999,13,549.4600219726562,0.0,0.0
2025-01-20,14600.0,14860.0,14860.0,14545.0,14600.0,64284.0,8550946.93,0,9946.930000000633,8541000.0,585,22.256234714285704,7000000.0,GeoWatch,63.7883008356546,14475.0,13983.25,13799.9167,13007.125,0.0,14600.0,0.4633,491010.KS,0.422,GeoWatch,0.4253,0.7547,16.01037002490999,13,549.4600219726562,0.0,0.0
2025-01-21,14495.0,14600.0,14600.0,14450.0,14495.0,72191.0,8489521.93,0,9946.930000000633,8479575.0,585,21.378734714285706,7000000.0,GeoWatch,53.82262996941896,14516.0,14034.5,13811.5833,13034.0,0.0,14600.0,0.3906,491010.KS,0.442,GeoWatch,0.4156,0.736,17.927801217570533,13,554.4600219726562,0.0,0.0
2025-01-22,15270.0,14905.0,15310.0,14905.0,15270.0,272084.0,8942896.93,0,9946.930000000633,8932950.0,585,27.855520428571424,7000000.0,GeoWatch,78.99761336515513,14671.0,14133.0,13836.1667,13066.875,0.0,15270.0,0.6571,491010.KS,0.4394,GeoWatch,0.415,0.7006,19.135768825261167,13,557.6099853515625,0.0,0.0
2025-01-23,15295.0,15270.0,15900.0,15270.0,15295.0,325855.0,8957521.93,0,9946.930000000633,8947575.0,585,28.06444899999998,7000000.0,Neutral,86.82170542635659,14831.0,14224.25,13861.1667,13098.75,0.0,15295.0,0.783,491010.KS,0.4365,Neutral,0.413,0.6681,20.320751601028107,13,560.7000122070312,0.0,0.0
2025-01-24,15790.0,16100.0,16100.0,15400.0,15790.0,302387.0,9247096.93,0,9946.930000000633,9237150.0,585,32.20123471428571,7000000.0,Neutral,89.14893617021276,15090.0,14340.25,13890.25,13134.125,0.0,15790.0,1.0172,491010.KS,0.4388,Neutral,0.4105,0.6464,19.672658921663142,13,559.010009765625,0.0,0.0
2025-01-25,15790.0,16100.0,16100.0,15400.0,15790.0,302387.0,9247096.93,0,9946.930000000633,9237150.0,585,32.20123471428571,7000000.0,Neutral,89.14893617021276,15328.0,14456.25,13926.5833,13169.375,0.0,15790.0,1.0864,491010.KS,0.4388,Neutral,0.4105,0.6464,19.672658921663142,13,559.010009765625,0.0,0.0
2025-01-26,15790.0,16100.0,16100.0,15400.0,15790.0,302387.0,9247096.93,0,9946.930000000633,9237150.0,585,32.20123471428571,7000000.0,Neutral,89.14893617021276,15587.0,14540.5,13962.0833,13204.625,0.0,15790.0,1.0477,491010.KS,0.4388,Neutral,0.4105,0.6464,19.672658921663142,13,559.010009765625,0.0,0.0
2025-01-27,15790.0,16100.0,16100.0,15400.0,15790.0,302387.0,9247096.93,0,9946.930000000633,9237150.0,585,32.20123471428571,7000000.0,Neutral,88.93709327548807,15691.0,14611.5,13998.9167,13239.875,0.0,15790.0,0.9422,491010.KS,0.4143,Neutral,0.4569,0.6154,16.68912475093495,13,551.22998046875,0.0,0.0
2025-01-28,15790.0,16100.0,16100.0,15400.0,15790.0,302387.0,9247096.93,0,9946.930000000633,9237150.0,585,32.20123471428571,7000000.0,Neutral,95.1276102088167,15790.0,14698.25,14033.75,13276.875,0.0,15790.0,0.7993,491010.KS,0.431,Neutral,0.4356,0.6015,18.460829300461853,13,555.8499755859375,0.0,0.0
2025-01-29,15790.0,16100.0,16100.0,15400.0,15790.0,302387.0,9247096.93,0,9946.930000000633,9237150.0,585,32.20123471428571,7000000.0,Neutral,94.6969696969697,15790.0,14794.25,14068.5833,13313.875,0.0,15790.0,0.6392,491010.KS,0.4258,Neutral,0.4379,0.579,17.525121942197813,13,553.4099731445312,0.0,0.0
2025-01-30,15790.0,16100.0,16100.0,15400.0,15790.0,302387.0,9247096.93,0,9946.930000000633,9237150.0,585,32.20123471428571,7000000.0,Neutral,93.859649122807,15790.0,14886.25,14103.4167,13350.0833,0.0,15790.0,0.476,491010.KS,0.4245,Neutral,0.4291,0.5665,18.633402789029844,13,556.2999877929688,0.0,0.0
2025-01-31,14355.0,14640.0,14645.0,14110.0,14355.0,651878.0,8407621.93,0,9946.930000000633,8397675.0,585,20.208734714285704,7000000.0,Neutral,47.61904761904762,15503.0,14906.5,14112.4167,13374.3333,0.0,15790.0,-0.2785,491010.KS,0.4139,Neutral,0.4353,0.5543,17.494459895537858,13,553.3300170898438,0.0,0.0
2025-02-01,14355.0,14640.0,14645.0,14110.0,14355.0,651878.0,9806215.14,0,1750.1400000008289,9804465.0,683,16.840506428571423,8400000.0,"cash_0%_Buy 100% of cash (98 shares - DCA Strategy) Monthly invest 16.7% of total investment ($1,400,000.00)",47.61904761904762,15216.0,14926.75,14122.8333,13396.3333,0.0,15790.0,-0.7664,491010.KS,0.4157,Neutral,0.4351,0.5582,16.473344314065884,14,553.3300170898438,0.0,0.0
2025-02-02,14355.0,14640.0,14645.0,14110.0,14355.0,651878.0,9806215.14,0,1750.1400000008289,9804465.0,683,16.840506428571423,8400000.0,Neutral,47.61904761904762,14929.0,14944.75,14134.6667,13418.3333,0.0,15790.0,-1.0596,491010.KS,0.4157,Neutral,0.4351,0.5582,16.473344314065884,14,553.3300170898438,0.0,0.0
2025-02-03,13540.0,14200.0,14200.0,13540.0,13540.0,262303.0,9249570.14,0,1750.1400000008289,9247820.0,683,10.213780238095225,8400000.0,Neutral,35.47945205479452,14479.0,14929.5,14125.75,13433.5417,0.0,15790.0,-1.5635,491010.KS,0.3971,Neutral,0.4677,0.5629,15.090642454158228,14,549.7000122070312,0.0,0.0
2025-02-04,13875.0,13565.0,14035.0,13565.0,13875.0,216627.0,9478375.14,0,1750.1400000008289,9476625.0,683,12.93764928571428,8400000.0,Neutral,42.01030927835052,14096.0,14922.25,14121.3333,13450.125,0.0,15790.0,-1.6774,491010.KS,0.4146,Neutral,0.4496,0.5683,16.480946686668872,14,553.3499755859375,0.0,0.0
2025-02-05,13480.0,14020.0,14020.0,13480.0,13480.0,269484.0,9208590.14,0,1750.1400000008289,9206840.0,683,9.725923095238098,8400000.0,Neutral,24.42857142857143,13921.0,14881.75,14110.3333,13462.5417,0.0,15790.0,-1.8537,491010.KS,0.4294,Neutral,0.4326,0.5548,17.34561776266318,14,555.6199951171875,0.0,0.0
2025-02-06,14065.0,13705.0,14110.0,13705.0,14065.0,189571.0,9608145.14,0,1750.1400000008289,9606395.0,683,14.482530238095226,8400000.0,Neutral,34.85221674876847,13863.0,14860.25,14109.0833,13479.8333,0.0,15790.0,-1.6239,491010.KS,0.428,Neutral,0.4272,0.5408,18.107435944481352,14,557.6199951171875,0.0,0.0
2025-02-07,13985.0,14075.0,14345.0,13870.0,13985.0,196080.0,9553505.14,0,1750.1400000008289,9551755.0,683,13.832054047619046,8400000.0,Neutral,25.2400548696845,13789.0,14834.75,14103.0,13496.875,0.0,15790.0,-1.4393,491010.KS,0.4141,Neutral,0.4402,0.5328,16.042915181430914,14,552.2000122070312,0.0,0.0
2025-02-08,13985.0,14075.0,14345.0,13870.0,13985.0,196080.0,9553505.14,0,1750.1400000008289,9551755.0,683,13.832054047619046,8400000.0,Neutral,25.2400548696845,13878.0,14809.25,14105.3333,13514.4583,0.0,15790.0,-1.2541,491010.KS,0.4141,Neutral,0.4402,0.5328,16.042915181430914,14,552.2000122070312,0.0,0.0
2025-02-09,13985.0,14075.0,14345.0,13870.0,13985.0,196080.0,9553505.14,0,1750.1400000008289,9551755.0,683,13.832054047619046,8400000.0,Neutral,25.2400548696845,13900.0,14778.5,14113.75,13532.0417,0.0,15790.0,-1.0751,491010.KS,0.4141,Neutral,0.4402,0.5328,16.042915181430914,14,552.2000122070312,0.0,0.0
2025-02-10,14180.0,14150.0,14210.0,14100.0,14180.0,217625.0,9686690.14,0,1750.1400000008289,9684940.0,683,15.417589761904747,8400000.0,Neutral,29.036458333333343,14040.0,14762.75,14119.25,13551.25,0.0,15790.0,-0.8193,491010.KS,0.4274,Neutral,0.4295,0.5366,17.547510740291017,14,556.1500244140625,0.0,0.0
2025-02-11,14320.0,14385.0,14385.0,14240.0,14320.0,211106.0,9782310.14,0,1750.1400000008289,9780560.0,683,16.5559230952381,8400000.0,Neutral,31.532663316582912,14091.0,14715.25,14129.0,13569.5417,0.0,15790.0,-0.5512,491010.KS,0.4199,Neutral,0.4303,0.5536,17.737965285745574,14,556.6500244140625,0.0,0.0
2025-02-12,13965.0,14300.0,14320.0,13895.0,13965.0,206041.0,9539845.14,0,1750.1400000008289,9538095.0,683,13.669434999999996,8400000.0,Neutral,28.95040369088811,14087.0,14648.75,14132.8333,13583.7917,0.0,15790.0,-0.5101,491010.KS,0.4073,Neutral,0.4241,0.5565,17.03708232898066,14,554.8099975585938,0.0,0.0
2025-02-13,13730.0,13770.0,13860.0,13730.0,13730.0,221902.0,9379340.14,0,1750.1400000008289,9377590.0,683,11.758661190476193,8400000.0,Neutral,27.46170678336981,14036.0,14545.75,14132.75,13598.0417,0.0,15790.0,-0.5594,491010.KS,0.4277,Neutral,0.4172,0.561,19.26920402198492,14,560.6699829101562,0.0,0.0
2025-02-14,13840.0,13735.0,14135.0,13730.0,13840.0,289624.0,9454470.14,0,1750.1400000008289,9452720.0,683,12.65306595238096,8400000.0,Neutral,42.06471494607087,14007.0,14448.25,14134.4167,13609.6667,0.0,15790.0,-0.5065,491010.KS,0.4341,Neutral,0.4137,0.552,19.2768296434338,14,560.6900024414062,0.0,0.0
2025-02-15,13840.0,13735.0,14135.0,13730.0,13840.0,289624.0,9454470.14,0,1750.1400000008289,9452720.0,683,12.65306595238096,8400000.0,Neutral,42.06471494607087,13939.0,14350.75,14131.6667,13621.25,0.0,15790.0,-0.4404,491010.KS,0.4341,Neutral,0.4137,0.552,19.2768296434338,14,560.6900024414062,0.0,0.0
2025-02-16,13840.0,13735.0,14135.0,13730.0,13840.0,289624.0,9454470.14,0,1750.1400000008289,9452720.0,683,12.65306595238096,8400000.0,Neutral,42.06471494607087,13843.0,14253.25,14134.4167,13632.8333,0.0,15790.0,-0.3683,491010.KS,0.4341,Neutral,0.4137,0.552,19.2768296434338,14,560.6900024414062,0.0,0.0
2025-02-17,13775.0,14145.0,14145.0,13565.0,13775.0,485213.0,9410075.14,0,1750.1400000008289,9408325.0,683,12.12455404761905,8400000.0,Neutral,54.70941883767536,13805.0,14152.5,14144.3333,13643.875,0.0,15790.0,-0.325,491010.KS,0.4237,Neutral,0.4216,0.5363,19.2768296434338,14,560.6900024414062,0.0,0.0
2025-02-18,13915.0,13840.0,13915.0,13770.0,13915.0,437824.0,9505695.14,0,1750.1400000008289,9503945.0,683,13.262887380952382,8400000.0,Neutral,50.869565217391305,13842.0,14058.75,14155.8333,13655.5,0.0,15790.0,-0.2078,491010.KS,0.4209,Neutral,0.4182,0.5327,19.893900510798844,14,562.3099975585938,0.0,0.0
2025-02-19,14150.0,13950.0,14150.0,13945.0,14150.0,676826.0,9666200.14,0,1750.1400000008289,9664450.0,683,15.173661190476185,8400000.0,Neutral,65.65420560747663,13904.0,13976.75,14171.25,13669.1667,0.0,15790.0,-0.0063,491010.KS,0.4239,Neutral,0.4197,0.5432,20.41193129471219,14,563.6699829101562,0.0,0.0
2025-02-20,13775.0,14100.0,14100.0,13725.0,13775.0,402055.0,9410075.14,0,1750.1400000008289,9408325.0,683,12.12455404761905,8400000.0,Neutral,42.487046632124354,13891.0,13947.75,14180.4167,13680.5417,0.0,15790.0,-0.0405,491010.KS,0.4238,Neutral,0.4249,0.554,19.509178609165318,14,561.2999877929688,0.0,0.0
2025-02-21,13510.0,13660.0,13665.0,13495.0,13510.0,468571.0,9229080.14,0,1750.1400000008289,9227330.0,683,9.969851666666663,8400000.0,Neutral,38.77068557919622,13825.0,13905.5,14180.0833,13690.9583,0.0,15790.0,-0.1715,491010.KS,0.3972,Neutral,0.467,0.5458,15.871501440752667,14,551.75,0.0,0.0
2025-02-22,13510.0,13660.0,13665.0,13495.0,13510.0,468571.0,9229080.14,0,1750.1400000008289,9227330.0,683,9.969851666666663,8400000.0,Neutral,38.77068557919622,13772.0,13863.25,14180.9167,13700.0833,0.0,15790.0,-0.2353,491010.KS,0.3972,Neutral,0.467,0.5458,15.871501440752667,14,551.75,0.0,0.0
2025-02-23,13510.0,13660.0,13665.0,13495.0,13510.0,468571.0,9229080.14,0,1750.1400000008289,9227330.0,683,9.969851666666663,8400000.0,Neutral,38.77068557919622,13691.0,13861.75,14181.75,13709.2083,0.0,15790.0,-0.2528,491010.KS,0.3972,Neutral,0.467,0.5458,15.871501440752667,14,551.75,0.0,0.0
2025-02-24,12840.0,13050.0,13050.0,12670.0,12840.0,231583.0,8771470.14,0,1750.1400000008289,8769720.0,683,4.5221135714285765,8400000.0,Neutral,24.131274131274125,13429.0,13810.0,14166.25,13712.75,0.0,15790.0,-0.5514,491010.KS,0.3877,Neutral,0.4784,0.5431,14.877334293202964,14,549.1400146484375,0.0,0.0
2025-02-25,12260.0,12360.0,12710.0,12260.0,12260.0,415870.0,8375330.140000001,0,1750.1400000008289,8373580.0,683,-0.19383880952381638,8400000.0,Neutral,16.006600660066013,13126.0,13749.0,14142.25,13712.125,0.0,15790.0,-0.9755,491010.KS,0.3826,Neutral,0.4906,0.5079,13.83743666580591,14,546.4099731445312,0.0,0.0
2025-02-26,12095.0,12250.0,12250.0,11880.0,12095.0,402989.0,8262635.140000001,0,1750.1400000008289,8260885.0,683,-1.5354459523809538,8400000.0,Neutral,17.077464788732385,12843.0,13650.5,14115.5,13709.7917,0.0,15790.0,-1.2641,491010.KS,0.3874,Neutral,0.4875,0.4745,13.966955986207225,14,546.75,0.0,0.0
2025-02-27,12630.0,12380.0,12630.0,12275.0,12630.0,283999.0,8628040.14,0,1750.1400000008289,8626290.0,683,2.814613571428559,8400000.0,Neutral,32.48407643312102,12667.0,13582.75,14097.6667,13711.9167,0.0,15790.0,-1.1108,491010.KS,0.3642,Neutral,0.5144,0.4582,10.622563008579391,14,537.969970703125,0.0,0.0
2025-02-28,12140.0,12415.0,12415.0,12040.0,12140.0,394751.0,8293370.140000001,0,1750.1400000008289,8291620.0,683,-1.1695530952380961,8400000.0,Neutral,25.852272727272734,12393.0,13490.5,14075.5,13712.25,0.0,15790.0,-1.1781,491010.KS,0.3855,Neutral,0.4979,0.4405,13.80698067770227,14,546.3300170898438,0.0,0.0
2025-03-01,12140.0,12415.0,12415.0,12040.0,12140.0,394751.0,9691974.040000001,0,4254.040000000969,9687720.0,798,-1.0024557142857105,9800000.0,"cash_0%_Buy 100% of cash (115 shares - DCA Strategy) Monthly invest 14.3% of total investment ($1,400,000.00)",25.852272727272734,12253.0,13398.25,14053.3333,13713.5,0.0,15790.0,-1.142,491010.KS,0.3865,Neutral,0.4979,0.4237,12.827798986298731,16,546.3300170898438,0.0,0.0
2025-03-02,12140.0,12415.0,12415.0,12040.0,12140.0,394751.0,9691974.040000001,0,4254.040000000969,9687720.0,798,-1.0024557142857105,9800000.0,Neutral,25.852272727272734,12229.0,13296.25,14031.1667,13714.75,0.0,15790.0,-1.0391,491010.KS,0.3865,Neutral,0.4979,0.4237,12.827798986298731,16,546.3300170898438,0.0,0.0
2025-03-03,12140.0,12415.0,12415.0,12040.0,12140.0,394751.0,9691974.040000001,0,4254.040000000969,9687720.0,798,-1.0024557142857105,9800000.0,Neutral,26.338639652677287,12238.0,13187.25,14011.8333,13716.0,0.0,15790.0,-0.8963,491010.KS,0.3549,Neutral,0.5474,0.4187,9.258768004633467,16,536.9199829101562,0.0,0.0
2025-03-04,11790.0,11650.0,11815.0,11607.0,11790.0,325986.0,9412674.040000001,0,4254.040000000969,9408420.0,798,-3.8524557142857185,9800000.0,Neutral,21.00954979536152,12070.0,13078.5,13983.8333,13715.4167,0.0,15790.0,-0.9104,491010.KS,0.3411,Neutral,0.5583,0.4176,6.804842179394157,16,530.4500122070312,0.0,0.0
2025-03-05,11790.0,11790.0,11880.0,11700.0,11790.0,534335.0,9412674.040000001,0,4254.040000000969,9408420.0,798,-3.8524557142857185,9800000.0,Neutral,15.597667638483957,12000.0,12981.5,13955.8333,13714.8333,0.0,15790.0,-0.8453,491010.KS,0.3545,Neutral,0.5296,0.3989,9.061558520979887,16,536.4000244140625,0.0,0.0
2025-03-06,11900.0,12000.0,12000.0,11750.0,11900.0,183153.0,9500454.040000001,0,4254.040000000969,9496200.0,798,-2.95674142857143,9800000.0,Neutral,20.37914691943128,11952.0,12884.5,13929.6667,13709.8333,0.0,15790.0,-0.6742,491010.KS,0.3236,Neutral,0.5739,0.3877,5.371155392020853,16,526.6699829101562,0.0,0.0
2025-03-07,11550.0,11745.0,11790.0,10650.0,11550.0,193845.0,9221154.040000001,0,4254.040000000969,9216900.0,798,-5.806741428571427,9800000.0,Neutral,19.84615384615384,11834.0,12770.0,13887.0833,13700.0833,0.0,15790.0,-0.6806,491010.KS,0.3341,Neutral,0.5506,0.3802,6.44831873089683,16,529.510009765625,0.0,0.0
2025-03-08,11550.0,11745.0,11790.0,10650.0,11550.0,193845.0,9221154.040000001,0,4254.040000000969,9216900.0,798,-5.806741428571427,9800000.0,Neutral,19.84615384615384,11716.0,12655.5,13840.0833,13688.625,0.0,15790.0,-0.6173,491010.KS,0.3341,Neutral,0.5506,0.3802,6.44831873089683,16,529.510009765625,0.0,0.0
2025-03-09,11550.0,11745.0,11790.0,10650.0,11550.0,193845.0,9221154.040000001,0,4254.040000000969,9216900.0,798,-5.806741428571427,9800000.0,Neutral,19.84615384615384,11668.0,12544.25,13798.3333,13677.1667,0.0,15790.0,-0.5112,491010.KS,0.3341,Neutral,0.5506,0.3802,6.44831873089683,16,529.510009765625,0.0,0.0
2025-03-10,11410.0,11895.0,11895.0,11205.0,11410.0,252649.0,9109434.040000001,0,4254.040000000969,9105180.0,798,-6.946741428571424,9800000.0,Neutral,23.71323529411765,11592.0,12419.0,13757.3333,13664.5417,0.0,15790.0,-0.4562,491010.KS,0.3004,Neutral,0.6243,0.3756,1.1384088209869105,16,515.510009765625,0.0,0.0
2025-03-11,10890.0,10710.0,10915.0,10250.0,10890.0,267034.0,8694474.040000001,0,4254.040000000969,8690220.0,798,-11.181027142857147,9800000.0,Neutral,24.24812030075188,11390.0,12256.0,13706.3333,13646.4583,0.0,15790.0,-0.6406,491010.KS,0.297,Neutral,0.6109,0.3749,-0.46594669725104154,16,511.2799987792969,0.0,0.0
2025-03-12,11155.0,11335.0,11335.0,11130.0,11155.0,251201.0,8905944.040000001,0,4254.040000000969,8901690.0,798,-9.023170000000004,9800000.0,Neutral,32.971014492753625,11311.0,12125.0,13659.75,13629.7917,0.0,15790.0,-0.5457,491010.KS,0.3188,Neutral,0.5715,0.3932,0.4746700822481671,16,513.760009765625,0.0,0.0
2025-03-13,11265.0,11600.0,11600.0,11265.0,11265.0,370490.0,8993724.040000001,0,4254.040000000969,8989470.0,798,-8.127455714285713,9800000.0,Neutral,20.77087794432548,11254.0,12012.75,13615.0,13615.5,0.0,15790.0,-0.3586,491010.KS,0.3048,Neutral,0.5866,0.4016,-2.0703022154889936,16,507.0499877929688,0.0,0.0
2025-03-14,11350.0,11480.0,11480.0,11275.0,11350.0,227983.0,9061554.040000001,0,4254.040000000969,9057300.0,798,-7.435312857142862,9800000.0,Neutral,29.53367875647669,11214.0,11904.75,13570.9167,13602.8333,0.0,15790.0,-0.1343,491010.KS,0.3315,Neutral,0.5379,0.4123,1.8780080454555161,16,517.4600219726562,0.0,0.0
2025-03-15,11350.0,11480.0,11480.0,11275.0,11350.0,227983.0,9061554.040000001,0,4254.040000000969,9057300.0,798,-7.435312857142862,9800000.0,Neutral,29.53367875647669,11202.0,11796.75,13529.3333,13592.5,0.0,15790.0,0.0564,491010.KS,0.3315,Neutral,0.5379,0.4123,1.8780080454555161,16,517.4600219726562,0.0,0.0
2025-03-16,11350.0,11480.0,11480.0,11275.0,11350.0,227983.0,9061554.040000001,0,4254.040000000969,9057300.0,798,-7.435312857142862,9800000.0,Neutral,29.53367875647669,11294.0,11722.25,13484.8333,13582.1667,0.0,15790.0,0.2163,491010.KS,0.3315,Neutral,0.5379,0.4123,1.8780080454555161,16,517.4600219726562,0.0,0.0
2025-03-17,11555.0,11650.0,11650.0,11120.0,11555.0,62920.0,9225144.040000001,0,4254.040000000969,9220890.0,798,-5.766027142857144,9800000.0,Neutral,36.29976580796253,11374.0,11687.0,13439.25,13573.5417,0.0,15790.0,0.4614,491010.KS,0.3426,Neutral,0.5168,0.4324,3.376142679112604,16,521.4099731445312,0.0,0.0
2025-03-18,11805.0,12050.0,12050.0,11725.0,11805.0,67904.0,9424644.040000001,0,4254.040000000969,9420390.0,798,-3.730312857142859,9800000.0,Neutral,50.368550368550366,11482.0,11672.5,13394.4167,13565.0833,0.0,15790.0,0.7715,491010.KS,0.3355,Neutral,0.5374,0.444,1.2901066430765695,16,515.9099731445312,0.0,0.0
2025-03-19,11735.0,11750.0,11765.0,11720.0,11735.0,22218.0,9368784.040000001,0,4254.040000000969,9364530.0,798,-4.300312857142852,9800000.0,Neutral,48.69358669833729,11559.0,11627.75,13348.4167,13555.0417,0.0,15790.0,0.9287,491010.KS,0.3504,Neutral,0.5104,0.4453,3.3458170043167286,16,521.3300170898438,0.0,0.0
2025-03-20,12115.0,12000.0,12200.0,11920.0,12115.0,51507.0,9672024.040000001,0,4254.040000000969,9667770.0,798,-1.2060271428571467,9800000.0,Neutral,54.52631578947369,11712.0,11626.5,13308.75,13544.6667,0.0,15790.0,1.2256,491010.KS,0.3578,Neutral,0.5088,0.4666,2.8906772393075784,16,520.1300048828125,0.0,0.0
2025-03-21,11895.0,12005.0,12095.0,11895.0,11895.0,32121.0,9496464.040000001,0,4254.040000000969,9492210.0,798,-2.997455714285713,9800000.0,Neutral,57.6837416481069,11821.0,11614.25,13263.6667,13531.7917,0.0,15790.0,1.264,491010.KS,0.3653,Neutral,0.5018,0.4801,2.939985397563504,16,520.260009765625,0.0,0.0
2025-03-22,11895.0,12005.0,12095.0,11895.0,11895.0,32121.0,9496464.040000001,0,4254.040000000969,9492210.0,798,-2.997455714285713,9800000.0,Neutral,57.6837416481069,11889.0,11602.0,13220.3333,13515.9583,0.0,15790.0,1.2555,491010.KS,0.3653,Neutral,0.5018,0.4801,2.939985397563504,16,520.260009765625,0.0,0.0
2025-03-23,11895.0,12005.0,12095.0,11895.0,11895.0,32121.0,9496464.040000001,0,4254.040000000969,9492210.0,798,-2.997455714285713,9800000.0,Neutral,57.6837416481069,11907.0,11589.75,13164.0833,13500.125,0.0,15790.0,1.2151,491010.KS,0.3653,Neutral,0.5018,0.4801,2.939985397563504,16,520.260009765625,0.0,0.0
2025-03-24,12010.0,11900.0,12275.0,11850.0,12010.0,28659.0,9588234.040000001,0,4254.040000000969,9583980.0,798,-2.0610271428571414,9800000.0,Neutral,63.51351351351351,11962.0,11600.75,13109.3333,13485.25,0.0,15790.0,1.2162,491010.KS,0.3829,Neutral,0.465,0.4949,6.402807069332937,16,529.3900146484375,0.0,0.0
2025-03-25,12160.0,12370.0,12370.0,12065.0,12160.0,20820.0,9707934.040000001,0,4254.040000000969,9703680.0,798,-0.8395985714285681,9800000.0,Neutral,84.32432432432432,11971.0,11619.25,13048.8333,13469.5417,0.0,15790.0,1.2589,491010.KS,0.3898,Neutral,0.4626,0.5084,6.8807026651240335,16,530.6500244140625,0.0,0.0
2025-03-26,12005.0,12245.0,12245.0,12005.0,12005.0,14312.0,9584244.040000001,0,4254.040000000969,9579990.0,798,-2.101741428571424,9800000.0,Neutral,74.42528735632185,11993.0,11624.5,12985.75,13456.1667,0.0,15790.0,1.1585,491010.KS,0.3733,Neutral,0.4826,0.5239,4.532963000410476,16,524.4600219726562,0.0,0.0
2025-03-27,11520.0,11860.0,11960.0,11480.0,11520.0,30392.0,9197214.040000001,0,4254.040000000969,9192960.0,798,-6.051027142857146,9800000.0,Neutral,56.02836879432625,11918.0,11623.0,12914.5833,13438.3333,0.0,15790.0,0.7936,491010.KS,0.3694,Neutral,0.4892,0.5322,3.9875593968068728,16,521.2100219726562,1.812,0.0
2025-03-28,11140.0,11455.0,11455.0,11085.0,11140.0,86543.0,8893974.040000001,0,4254.040000000969,8889720.0,798,-9.145312857142862,9800000.0,Neutral,45.64315352697095,11767.0,11602.5,12837.0833,13418.0,0.0,15790.0,0.334,491010.KS,0.3409,Neutral,0.5464,0.5327,0.039249135862363005,16,510.7999877929688,0.0,0.0
2025-03-29,11140.0,11455.0,11455.0,11085.0,11140.0,86543.0,8893974.040000001,0,4254.040000000969,8889720.0,798,-9.145312857142862,9800000.0,Neutral,45.64315352697095,11593.0,11582.0,12759.5833,13396.6667,0.0,15790.0,0.0422,491010.KS,0.3409,Neutral,0.5464,0.5327,0.039249135862363005,16,510.7999877929688,0.0,0.0
2025-03-30,11140.0,11455.0,11455.0,11085.0,11140.0,86543.0,8893974.040000001,0,4254.040000000969,8889720.0,798,-9.145312857142862,9800000.0,Neutral,45.64315352697095,11389.0,11568.5,12682.0833,13375.3333,0.0,15790.0,-0.1285,491010.KS,0.3409,Neutral,0.5464,0.5327,0.039249135862363005,16,510.7999877929688,0.0,0.0
2025-03-31,10770.0,11085.0,11085.0,10760.0,10770.0,79363.0,8598714.040000001,0,4254.040000000969,8594460.0,798,-12.158170000000002,9800000.0,Neutral,34.75728155339806,11142.0,11562.5,12598.4167,13350.9167,0.0,15790.0,-0.4191,491010.KS,0.3333,Neutral,0.5592,0.5535,1.218802138572073,16,513.9099731445312,0.0,0.0
2025-04-01,10870.0,11090.0,11105.0,10850.0,10870.0,14115.0,10077111.81,0,621.8100000009872,10076490.0,927,-9.92593741071429,11200000.0,"cash_0%_Buy 100% of cash (129 shares - DCA Strategy) Monthly invest 12.5% of total investment ($1,400,000.00)",30.721649484536087,11012.0,11548.25,12540.3333,13326.375,0.0,15790.0,-0.5097,491010.KS,0.346,Neutral,0.5544,0.5694,1.0703340448297638,20,515.7999877929688,0.0,0.0
2025-04-02,10985.0,11360.0,11360.0,10985.0,10985.0,25563.0,10183716.81,0,621.8100000009872,10183095.0,927,-8.974107053571434,11200000.0,Neutral,34.81781376518218,10981.0,11534.25,12484.1667,13303.5,0.0,15790.0,-0.4585,491010.KS,0.351,Neutral,0.5455,0.5875,2.2504624148423176,20,518.9099731445312,0.0,0.0
2025-04-03,10910.0,10730.0,11480.0,10730.0,10910.0,72808.0,10114191.81,0,621.8100000009872,10113570.0,927,-9.594865982142863,11200000.0,RiskWatch,22.170900692840647,10935.0,11512.25,12426.75,13280.7083,0.0,15790.0,-0.4259,491010.KS,0.2717,RiskWatch,0.6911,0.5462,-7.141267076255275,20,494.1600036621094,0.0,0.0
2025-04-04,10260.0,10355.0,10800.0,10195.0,10260.0,32814.0,9511641.81,0,621.8100000009872,9511020.0,927,-14.97477669642857,11200000.0,RiskWatch,18.497109826589597,10759.0,11457.75,12372.0833,13248.9167,0.0,15790.0,-0.7351,491010.KS,0.228,RiskWatch,0.7447,0.4949,-18.00912977767129,20,465.5199890136719,0.0,0.0
2025-04-05,10260.0,10355.0,10800.0,10195.0,10260.0,32814.0,9511641.81,0,621.8100000009872,9511020.0,927,-14.97477669642857,11200000.0,RiskWatch,18.497109826589597,10657.0,11403.25,12311.8333,13216.5833,0.0,15790.0,-0.8751,491010.KS,0.228,RiskWatch,0.7447,0.4949,-18.00912977767129,20,465.5199890136719,0.0,0.0
2025-04-06,10260.0,10355.0,10800.0,10195.0,10260.0,32814.0,9511641.81,0,621.8100000009872,9511020.0,927,-14.97477669642857,11200000.0,RiskWatch,18.497109826589597,10535.0,11338.5,12258.1667,13184.25,0.0,15790.0,-0.8984,491010.KS,0.228,RiskWatch,0.7447,0.4949,-18.00912977767129,20,465.5199890136719,0.0,0.0
2025-04-07,9140.0,9595.0,9640.0,9140.0,9140.0,54531.0,8473401.81,0,621.8100000009872,8472780.0,927,-24.244776696428573,11200000.0,RiskWatch,10.138888888888886,10166.0,11205.25,12176.0833,13142.5833,0.0,15790.0,-1.5104,491010.KS,0.2201,RiskWatch,0.742,0.4249,-18.752876535178615,20,463.55999755859375,0.0,0.0
2025-04-08,9840.0,9685.0,9900.0,9600.0,9840.0,19374.0,9122301.81,0,621.8100000009872,9121680.0,927,-18.451026696428574,11200000.0,RiskWatch,22.048192771084345,9952.0,11110.5,12107.0,13105.0,0.0,15790.0,-1.383,491010.KS,0.2118,RiskWatch,0.7372,0.3482,-21.34082574302947,20,456.739990234375,0.0,0.0
2025-04-09,9640.0,9840.0,9840.0,9420.0,9640.0,13459.0,8936901.81,0,621.8100000009872,8936280.0,927,-20.106383839285726,11200000.0,RiskWatch,21.811680572109665,9828.0,10986.75,12034.5833,13069.9583,0.0,15790.0,-1.3263,491010.KS,0.2396,RiskWatch,0.7184,0.3133,-5.266712578400217,20,499.1000061035156,0.0,0.0
2025-04-10,10460.0,10435.0,10515.0,10300.0,10460.0,92694.0,9697041.81,0,621.8100000009872,9696420.0,927,-13.319419553571432,11200000.0,RiskWatch,38.30022075055189,9868.0,10915.0,11975.8333,13044.7917,0.0,15790.0,-0.6881,491010.KS,0.2169,RiskWatch,0.7273,0.325,-11.732787249464323,20,482.05999755859375,0.0,0.0
2025-04-11,10305.0,10350.0,10350.0,9900.0,10305.0,22351.0,9553356.81,0,621.8100000009872,9552735.0,927,-14.60232133928572,11200000.0,RiskWatch,40.3019744483159,9877.0,10835.5,11911.25,13015.25,0.0,15790.0,-0.3085,491010.KS,0.2157,RiskWatch,0.7185,0.3427,-8.51113916945593,20,490.5499877929688,0.0,0.0
2025-04-12,10305.0,10350.0,10350.0,9900.0,10305.0,22351.0,9553356.81,0,621.8100000009872,9552735.0,927,-14.60232133928572,11200000.0,RiskWatch,40.3019744483159,10110.0,10756.0,11844.3333,12986.6667,0.0,15790.0,-0.0159,491010.KS,0.2157,RiskWatch,0.7185,0.3427,-8.51113916945593,20,490.5499877929688,0.0,0.0
2025-04-13,10305.0,10350.0,10350.0,9900.0,10305.0,22351.0,9553356.81,0,621.8100000009872,9552735.0,927,-14.60232133928572,11200000.0,RiskWatch,40.3019744483159,10203.0,10670.75,11783.3333,12958.0833,0.0,15790.0,0.2069,491010.KS,0.2157,RiskWatch,0.7185,0.3427,-8.51113916945593,20,490.5499877929688,0.0,0.0
2025-04-14,10335.0,10360.0,10370.0,10280.0,10335.0,18557.0,9581166.81,0,621.8100000009872,9580545.0,927,-14.354017767857151,11200000.0,RiskWatch,44.51450189155107,10342.0,10579.5,11726.75,12929.75,0.0,15790.0,0.3924,491010.KS,0.2443,RiskWatch,0.6751,0.3626,-6.64037143983299,20,495.4800109863281,0.0,0.0
2025-04-15,10340.0,11130.0,11130.0,10290.0,10340.0,10477.0,9585801.81,0,621.8100000009872,9585180.0,927,-14.312633839285716,11200000.0,RiskWatch,43.152454780361765,10318.0,10496.25,11668.4167,12901.4167,0.0,15790.0,0.5286,491010.KS,0.2508,RiskWatch,0.666,0.3763,-7.167832355534713,20,494.0899963378906,0.0,0.0
2025-04-16,10230.0,10330.0,10380.0,10200.0,10230.0,17491.0,9483831.81,0,621.8100000009872,9483210.0,927,-15.22308026785715,11200000.0,RiskWatch,40.23285899094437,10303.0,10431.75,11608.25,12869.9583,0.0,15790.0,0.5549,491010.KS,0.2308,RiskWatch,0.7001,0.3953,-11.288808939832975,20,483.2300109863281,0.0,0.0
2025-04-17,10345.0,10235.0,10365.0,10230.0,10345.0,47510.0,9590436.81,0,621.8100000009872,9589815.0,927,-14.271249910714289,11200000.0,RiskWatch,42.76568501920615,10311.0,10392.0,11550.0,12842.2083,0.0,15790.0,0.6479,491010.KS,0.2428,RiskWatch,0.6567,0.4331,-11.034574353389758,20,483.8999938964844,0.0,0.0
2025-04-18,10380.0,10950.0,10950.0,10305.0,10380.0,5482.0,9622881.81,0,621.8100000009872,9622260.0,927,-13.98156241071429,11200000.0,RiskWatch,51.82370820668694,10326.0,10354.0,11493.4167,12818.875,0.0,15790.0,0.7274,491010.KS,0.2424,RiskWatch,0.6564,0.4645,-11.034574353389758,20,483.8999938964844,0.0,0.0
2025-04-19,10380.0,10950.0,10950.0,10305.0,10380.0,5482.0,9622881.81,0,621.8100000009872,9622260.0,927,-13.98156241071429,11200000.0,RiskWatch,51.82370820668694,10335.0,10316.0,11434.5,12795.1667,0.0,15790.0,0.7712,491010.KS,0.2424,RiskWatch,0.6564,0.4645,-11.034574353389758,20,483.8999938964844,0.0,0.0
2025-04-20,10380.0,10950.0,10950.0,10305.0,10380.0,5482.0,9622881.81,0,621.8100000009872,9622260.0,927,-13.98156241071429,11200000.0,RiskWatch,51.82370820668694,10343.0,10296.5,11371.6667,12771.4583,0.0,15790.0,0.7886,491010.KS,0.2424,RiskWatch,0.6564,0.4645,-11.034574353389758,20,483.8999938964844,0.0,0.0
2025-04-21,10210.0,10330.0,10330.0,10135.0,10210.0,5544.0,9465291.81,0,621.8100000009872,9464670.0,927,-15.388615982142863,11200000.0,RiskWatch,72.86324786324786,10339.0,10263.5,11312.25,12746.3333,0.0,15790.0,0.6819,491010.KS,0.207,RiskWatch,0.7069,0.4746,-15.409797104462228,20,472.3699951171875,0.0,0.0
2025-04-22,9995.0,10185.0,10210.0,9965.0,9995.0,33206.0,9265986.81,0,621.8100000009872,9265365.0,927,-17.16812491071429,11200000.0,RiskWatch,54.177897574124,10269.0,10214.0,11253.6667,12716.875,0.0,15790.0,0.4727,491010.KS,0.229,RiskWatch,0.6631,0.4965,-10.886577723402326,20,484.2900085449219,0.0,0.0
2025-04-23,10495.0,10670.0,10675.0,10100.0,10495.0,75281.0,9729486.81,0,621.8100000009872,9728865.0,927,-13.02973205357143,11200000.0,Neutral,69.83758700696055,10292.0,10193.25,11203.4167,12692.1667,0.0,15790.0,0.6513,491010.KS,0.248,Neutral,0.6275,0.4831,-7.9343460437583815,20,492.0700073242188,0.0,0.0
2025-04-24,10605.0,10680.0,10870.0,10605.0,10605.0,17339.0,9831456.81,0,621.8100000009872,9830835.0,927,-12.11928562500001,11200000.0,Neutral,55.017301038062286,10337.0,10210.5,11155.0,12668.375,0.0,15790.0,0.8212,491010.KS,0.2705,Neutral,0.6044,0.4707,-4.010686719112428,20,502.4100036621094,0.0,0.0
2025-04-25,11195.0,10995.0,11195.0,10920.0,11195.0,24580.0,10378386.81,0,621.8100000009872,10377765.0,927,-7.2359820535714325,11200000.0,Neutral,73.67021276595744,10500.0,10257.25,11127.5833,12646.9167,0.0,15790.0,1.2674,491010.KS,0.285,Neutral,0.5821,0.4561,-2.6066758101681415,20,506.1099853515625,0.0,0.0
2025-04-26,11195.0,10995.0,11195.0,10920.0,11195.0,24580.0,10378386.81,0,621.8100000009872,10377765.0,927,-7.2359820535714325,11200000.0,Neutral,73.67021276595744,10697.0,10304.0,11109.8333,12626.0417,0.0,15790.0,1.4964,491010.KS,0.285,Neutral,0.5821,0.4561,-2.6066758101681415,20,506.1099853515625,0.0,0.0
2025-04-27,11195.0,10995.0,11195.0,10920.0,11195.0,24580.0,10378386.81,0,621.8100000009872,10377765.0,927,-7.2359820535714325,11200000.0,Neutral,73.67021276595744,10937.0,10406.75,11094.8333,12605.1667,0.0,15790.0,1.5747,491010.KS,0.285,Neutral,0.5821,0.4561,-2.6066758101681415,20,506.1099853515625,0.0,0.0
2025-04-28,11235.0,11195.0,11440.0,11175.0,11235.0,28144.0,10415466.81,0,621.8100000009872,10414845.0,927,-6.904910625000005,11200000.0,Neutral,73.80952380952381,11085.0,10476.5,11071.5833,12584.625,0.0,15790.0,1.5752,491010.KS,0.2852,Neutral,0.5909,0.4479,-2.489031227692223,20,506.4200134277344,0.0,0.0
2025-04-29,11300.0,11330.0,11350.0,11240.0,11300.0,13171.0,10475721.81,0,621.8100000009872,10475100.0,927,-6.366919553571438,11200000.0,Neutral,74.61538461538461,11224.0,10559.5,11057.5833,12566.5417,0.0,15790.0,1.5381,491010.KS,0.2969,Neutral,0.5801,0.4247,-1.3240846716009003,20,509.489990234375,0.0,0.0
2025-04-30,11200.0,11325.0,11325.0,11180.0,11200.0,19735.0,10383021.81,0,621.8100000009872,10382400.0,927,-7.194598125000007,11200000.0,Neutral,75.0,11225.0,10596.5,11041.9167,12547.625,0.0,15790.0,1.3791,491010.KS,0.2943,Neutral,0.594,0.4172,-1.229218600172345,20,509.739990234375,0.0,0.0
2025-05-01,11200.0,11325.0,11325.0,11180.0,11200.0,19735.0,11781633.010000002,0,10433.010000001173,11771200.0,1051,-6.395126111111105,12600000.0,"cash_0%_Buy 100% of cash (124 shares - DCA Strategy) Monthly invest 11.1% of total investment ($1,400,000.00)",73.42465753424656,11226.0,10641.25,11026.25,12528.7083,0.0,15790.0,1.2085,491010.KS,0.2914,Neutral,0.5833,0.3908,-0.7002097065281845,22,513.3499755859375,0.0,0.0
2025-05-02,11440.0,11385.0,11655.0,11385.0,11440.0,57393.0,12033873.010000002,0,10433.010000001173,12023440.0,1051,-4.393221349206344,12600000.0,Neutral,76.10837438423644,11275.0,10698.0,11014.5833,12513.2083,0.0,15790.0,1.1762,491010.KS,0.3051,Neutral,0.5463,0.3721,2.0809759634974085,22,520.7100219726562,0.0,0.0
2025-05-03,11440.0,11385.0,11655.0,11385.0,11440.0,57393.0,12033873.010000002,0,10433.010000001173,12023440.0,1051,-4.393221349206344,12600000.0,Neutral,76.10837438423644,11316.0,10754.75,11008.75,12496.2917,0.0,15790.0,1.0893,491010.KS,0.3051,Neutral,0.5463,0.3721,2.0809759634974085,22,520.7100219726562,0.0,0.0
2025-05-04,11440.0,11385.0,11655.0,11385.0,11440.0,57393.0,12033873.010000002,0,10433.010000001173,12023440.0,1051,-4.393221349206344,12600000.0,Neutral,76.10837438423644,11344.0,10810.0,11002.9167,12479.375,0.0,15790.0,0.9706,491010.KS,0.3051,Neutral,0.5463,0.3721,2.0809759634974085,22,520.7100219726562,0.0,0.0
2025-05-05,11440.0,11385.0,11655.0,11385.0,11440.0,57393.0,12033873.010000002,0,10433.010000001173,12023440.0,1051,-4.393221349206344,12600000.0,Neutral,83.06451612903226,11392.0,10865.0,10995.25,12462.4583,0.0,15790.0,0.8363,491010.KS,0.2945,Neutral,0.5581,0.3653,1.0531409615096976,22,517.989990234375,0.0,0.0
2025-05-06,11440.0,11385.0,11655.0,11385.0,11440.0,57393.0,12033873.010000002,0,10433.010000001173,12023440.0,1051,-4.393221349206344,12600000.0,Neutral,93.9209726443769,11440.0,10925.5,10993.4167,12440.25,0.0,15790.0,0.6976,491010.KS,0.2898,Neutral,0.5776,0.3752,-0.6132825187689122,22,513.5800170898438,0.0,0.0
2025-05-07,11785.0,11905.0,11905.0,11445.0,11785.0,16048.0,12396468.010000002,0,10433.010000001173,12386035.0,1051,-1.5154832539682528,12600000.0,Neutral,93.28859060402684,11509.0,10997.5,10997.3333,12418.7083,12513.5833,15790.0,0.7574,491010.KS,0.304,Neutral,0.5634,0.3799,0.2633928152500289,22,515.9000244140625,0.0,0.0
2025-05-08,11730.0,11905.0,11905.0,11605.0,11730.0,23427.0,12338663.010000002,0,10433.010000001173,12328230.0,1051,-1.9742530952380877,12600000.0,Neutral,89.19860627177701,11567.0,11065.0,11000.3333,12399.3333,12520.8542,15790.0,0.7086,491010.KS,0.3028,Neutral,0.5367,0.3959,1.5632875431088564,22,519.3400268554688,0.0,0.0
2025-05-09,11740.0,11730.0,11790.0,11700.0,11740.0,17287.0,12349173.010000002,0,10433.010000001173,12338740.0,1051,-1.8908403968253884,12600000.0,Neutral,81.87134502923976,11627.0,11133.0,11005.8333,12381.5833,12528.3333,15790.0,0.6301,491010.KS,0.3051,Neutral,0.529,0.4239,1.3025521072854218,22,518.6500244140625,0.0,0.0
2025-05-10,11740.0,11730.0,11790.0,11700.0,11740.0,17287.0,12349173.010000002,0,10433.010000001173,12338740.0,1051,-1.8908403968253884,12600000.0,Neutral,81.87134502923976,11687.0,11201.0,11020.0,12363.1667,12534.7917,15790.0,0.5304,491010.KS,0.3051,Neutral,0.529,0.4239,1.3025521072854218,22,518.6500244140625,0.0,0.0
2025-05-11,11740.0,11730.0,11790.0,11700.0,11740.0,17287.0,12349173.010000002,0,10433.010000001173,12338740.0,1051,-1.8908403968253884,12600000.0,Neutral,81.87134502923976,11747.0,11277.5,11029.75,12344.75,12540.5625,15790.0,0.4218,491010.KS,0.3051,Neutral,0.529,0.4239,1.3025521072854218,22,518.6500244140625,0.0,0.0
2025-05-12,12000.0,12090.0,12090.0,11745.0,12000.0,74486.0,12622433.010000002,0,10433.010000001173,12612000.0,1051,0.27788976190477044,12600000.0,Neutral,85.5813953488372,11790.0,11377.75,11042.0,12328.5,12547.4167,15790.0,0.456,491010.KS,0.3439,Neutral,0.4645,0.4402,7.828456777933241,22,535.9199829101562,0.0,0.0
2025-05-13,12290.0,12010.0,12380.0,12010.0,12290.0,33657.0,12927223.010000002,0,10433.010000001173,12916790.0,1051,2.696858015873027,12600000.0,Neutral,88.07692307692308,11902.0,11467.5,11057.6667,12314.2917,12555.4792,15790.0,0.5908,491010.KS,0.3449,Neutral,0.4576,0.4682,9.15858805213125,22,539.4400024414062,0.0,0.0
2025-05-14,12770.0,12590.0,12795.0,12315.0,12770.0,47488.0,13431703.010000002,0,10433.010000001173,13421270.0,1051,6.700667539682548,12600000.0,Neutral,96.72619047619048,12108.0,11575.75,11081.3333,12305.3333,12565.5417,15790.0,0.8789,491010.KS,0.3344,Neutral,0.4618,0.4823,9.411758585438065,22,540.1099853515625,0.0,0.0
2025-05-15,12725.0,13080.0,13080.0,12620.0,12725.0,83684.0,13384408.010000002,0,10433.010000001173,13373975.0,1051,6.325310396825401,12600000.0,Neutral,94.20289855072464,12305.0,11652.25,11104.25,12294.5417,12575.4167,15790.0,0.9583,491010.KS,0.3441,Neutral,0.4573,0.48,10.413139492344868,22,542.760009765625,0.0,0.0
2025-05-16,12560.0,12800.0,12800.0,12510.0,12560.0,35929.0,13210993.010000002,0,10433.010000001173,13200560.0,1051,4.949000873015885,12600000.0,Neutral,83.93939393939394,12469.0,11720.5,11121.0,12280.125,12584.6042,15790.0,0.8397,491010.KS,0.3515,Neutral,0.447,0.4721,11.7357058640263,22,546.260009765625,0.0,0.0
2025-05-17,12560.0,12800.0,12800.0,12510.0,12560.0,35929.0,13210993.010000002,0,10433.010000001173,13200560.0,1051,4.949000873015885,12600000.0,Neutral,83.93939393939394,12581.0,11788.75,11133.5833,12264.0,12591.875,15790.0,0.6915,491010.KS,0.3515,Neutral,0.447,0.4721,11.7357058640263,22,546.260009765625,0.0,0.0
2025-05-18,12560.0,12800.0,12800.0,12510.0,12560.0,35929.0,13210993.010000002,0,10433.010000001173,13200560.0,1051,4.949000873015885,12600000.0,Neutral,83.93939393939394,12635.0,11855.0,11147.3333,12247.875,12598.2292,15790.0,0.5316,491010.KS,0.3515,Neutral,0.447,0.4721,11.7357058640263,22,546.260009765625,0.0,0.0
2025-05-19,12440.0,12280.0,12527.0,12280.0,12440.0,100728.0,13084873.010000002,0,10433.010000001173,13074440.0,1051,3.948048492063494,12600000.0,Neutral,78.24858757062147,12569.0,11912.0,11152.75,12230.75,12604.0833,15790.0,0.3096,491010.KS,0.3412,Neutral,0.4596,0.4766,11.947315560946237,22,546.8200073242188,0.0,0.0
2025-05-20,12755.0,12540.0,12875.0,12540.0,12755.0,50253.0,13415938.010000002,0,10433.010000001173,13405505.0,1051,6.575548492063499,12600000.0,Neutral,81.5347721822542,12575.0,11989.75,11167.0833,12215.375,12611.25,15790.0,0.2868,491010.KS,0.3386,Neutral,0.4586,0.4745,11.214234992379431,22,544.8800048828125,0.0,0.0
2025-05-21,12665.0,12745.0,12875.0,12655.0,12665.0,24286.0,13321348.010000002,0,10433.010000001173,13310915.0,1051,5.824834206349205,12600000.0,Neutral,74.04371584699453,12596.0,12063.0,11179.9167,12200.125,12617.0625,15790.0,0.1776,491010.KS,0.2982,Neutral,0.4919,0.4741,7.77178920024032,22,535.77001953125,0.0,0.0
2025-05-22,12500.0,12600.0,12600.0,12430.0,12500.0,16249.0,13147933.010000002,0,10433.010000001173,13137500.0,1051,4.44852468253969,12600000.0,Neutral,69.84536082474227,12584.0,12116.0,11190.0,12177.0417,12621.9583,15790.0,-0.0178,491010.KS,0.303,Neutral,0.4885,0.4736,7.866258226789029,22,536.02001953125,0.0,0.0
2025-05-23,12730.0,12660.0,12890.0,12635.0,12730.0,151121.0,13389663.010000002,0,10433.010000001173,13379230.0,1051,6.367016746031751,12600000.0,Neutral,72.91666666666667,12618.0,12180.5,11202.0,12155.6667,12627.2083,15790.0,-0.0527,491010.KS,0.2909,Neutral,0.5225,0.4843,6.498348567462429,22,532.4000244140625,0.0,0.0
2025-05-24,12730.0,12660.0,12890.0,12635.0,12730.0,151121.0,13389663.010000002,0,10433.010000001173,13379230.0,1051,6.367016746031751,12600000.0,Neutral,72.91666666666667,12676.0,12245.0,11211.5,12130.1667,12632.1458,15790.0,-0.1043,491010.KS,0.2909,Neutral,0.5225,0.4843,6.498348567462429,22,532.4000244140625,0.0,0.0
2025-05-25,12730.0,12660.0,12890.0,12635.0,12730.0,151121.0,13389663.010000002,0,10433.010000001173,13379230.0,1051,6.367016746031751,12600000.0,Neutral,72.91666666666667,12671.0,12309.5,11223.5833,12104.6667,12637.0208,15790.0,-0.163,491010.KS,0.2909,Neutral,0.5225,0.4843,6.498348567462429,22,532.4000244140625,0.0,0.0
2025-05-26,12945.0,12815.0,13040.0,12810.0,12945.0,74480.0,13615628.010000002,0,10433.010000001173,13605195.0,1051,8.160389761904764,12600000.0,Neutral,72.34042553191489,12727.0,12384.75,11247.3333,12080.9583,12642.7917,15790.0,-0.1133,491010.KS,0.2977,Neutral,0.4981,0.4886,6.498348567462429,22,532.4000244140625,0.0,0.0
2025-05-27,12995.0,12800.0,13045.0,12800.0,12995.0,25650.0,13668178.010000002,0,10433.010000001173,13657745.0,1051,8.577453253968258,12600000.0,Neutral,68.8,12826.0,12445.25,11278.25,12057.6667,12648.7708,15790.0,-0.083,491010.KS,0.3216,Neutral,0.4723,0.4736,10.632314091781396,22,543.3400268554688,0.0,0.0
2025-05-28,13340.0,13200.0,13440.0,13195.0,13340.0,103640.0,14030773.010000002,0,10433.010000001173,14020340.0,1051,11.455191349206363,12600000.0,Neutral,66.37931034482759,12948.0,12525.75,11314.9167,12037.25,12657.0625,15790.0,0.0818,491010.KS,0.3152,Neutral,0.4756,0.4737,9.46088432434155,22,540.239990234375,0.0,0.0
2025-05-29,13710.0,13405.0,13775.0,13405.0,13710.0,165486.0,14419643.010000002,0,10433.010000001173,14409210.0,1051,14.541461190476191,12600000.0,Neutral,73.8498789346247,13144.0,12624.25,11357.75,12019.9167,12666.8958,15790.0,0.3305,491010.KS,0.3242,Neutral,0.4769,0.4712,10.246873083070128,22,542.3200073242188,0.0,0.0
2025-05-30,13110.0,13335.0,13335.0,13015.0,13110.0,84608.0,13789043.010000002,0,10433.010000001173,13778610.0,1051,9.536699285714278,12600000.0,Neutral,61.0,13220.0,12692.75,11396.75,11997.5833,12673.8333,15790.0,0.1363,491010.KS,0.3284,Neutral,0.4722,0.4566,10.035263386150191,22,541.760009765625,0.0,0.0
2025-05-31,13110.0,13335.0,13335.0,13015.0,13110.0,84608.0,13789043.010000002,0,10433.010000001173,13778610.0,1051,9.536699285714278,12600000.0,Neutral,61.0,13253.0,12761.25,11434.0833,11987.2083,12680.7708,15790.0,-0.0245,491010.KS,0.3297,Neutral,0.4726,0.4447,10.035263386150191,22,541.760009765625,0.0,0.0
2025-06-01,13110.0,13335.0,13335.0,13015.0,13110.0,84608.0,15187640.240000002,0,6260.240000001388,15181380.0,1158,8.582994571428571,14000000.0,"cash_0%_Buy 100% of cash (107 shares - DCA Strategy) Monthly invest 10.0% of total investment ($1,400,000.00)",61.0,13276.0,12816.75,11469.5,11976.8333,12686.5833,15790.0,-0.1558,491010.KS,0.3279,Neutral,0.4726,0.4433,9.114942890950402,24,541.760009765625,0.0,0.0
2025-06-02,12975.0,13195.0,13195.0,12975.0,12975.0,35705.0,15031310.240000002,0,6260.240000001388,15025050.0,1158,7.466351714285713,14000000.0,Neutral,60.636182902584494,13203.0,12851.0,11503.9167,11965.3333,12691.8333,15790.0,-0.3277,491010.KS,0.327,Neutral,0.4649,0.466,10.300323846696713,24,544.9099731445312,0.0,0.0
2025-06-03,12975.0,13195.0,13195.0,12975.0,12975.0,35705.0,15031310.240000002,0,6260.240000001388,15025050.0,1158,7.466351714285713,14000000.0,Neutral,55.0,13056.0,12861.25,11549.1667,11960.625,12697.0833,15790.0,-0.4483,491010.KS,0.3351,Neutral,0.4528,0.4917,11.463149742307309,24,548.0,0.0,0.0
2025-06-04,13430.0,13200.0,13480.0,13100.0,13430.0,50109.0,15558200.240000002,0,6260.240000001388,15551940.0,1158,11.229851714285722,14000000.0,Neutral,64.91228070175438,13120.0,12896.5,11602.0,11956.9167,12703.5208,15790.0,-0.3062,491010.KS,0.3462,Neutral,0.4592,0.5118,11.331448403388706,24,547.6500244140625,0.0,0.0
2025-06-05,13315.0,13690.0,13690.0,13200.0,13315.0,32351.0,15425030.240000002,0,6260.240000001388,15418770.0,1158,10.278637428571425,14000000.0,Neutral,66.2027833001988,13161.0,12934.25,11652.9167,11955.5417,12709.0417,15790.0,-0.2873,491010.KS,0.3354,Neutral,0.4673,0.5318,10.368080901075814,24,545.0900268554688,0.0,0.0
2025-06-06,13315.0,13690.0,13690.0,13200.0,13315.0,32351.0,15425030.240000002,0,6260.240000001388,15418770.0,1158,10.278637428571425,14000000.0,Neutral,62.800875273522976,13202.0,12972.0,11722.5,11949.2917,12714.5625,15790.0,-0.289,491010.KS,0.3406,Neutral,0.4329,0.5582,12.464139636170387,24,550.6599731445312,0.0,0.0
2025-06-07,13315.0,13690.0,13690.0,13200.0,13315.0,32351.0,15425030.240000002,0,6260.240000001388,15418770.0,1158,10.278637428571425,14000000.0,Neutral,62.800875273522976,13270.0,13009.75,11780.4167,11943.7083,12720.2917,15790.0,-0.3026,491010.KS,0.3406,Neutral,0.4329,0.5582,12.464139636170387,24,550.6599731445312,0.0,0.0
2025-06-08,13315.0,13690.0,13690.0,13200.0,13315.0,32351.0,15425030.240000002,0,6260.240000001388,15418770.0,1158,10.278637428571425,14000000.0,Neutral,62.800875273522976,13338.0,13053.5,11841.6667,11938.125,12726.2917,15790.0,-0.3222,491010.KS,0.3406,Neutral,0.4329,0.5582,12.464139636170387,24,550.6599731445312,0.0,0.0
2025-06-09,13330.0,13315.0,13675.0,13295.0,13330.0,49356.0,15442400.240000002,0,6260.240000001388,15436140.0,1158,10.402708857142873,14000000.0,Neutral,59.23261390887291,13318.0,13082.25,11889.5,11932.6667,12732.3542,15790.0,-0.3363,491010.KS,0.3385,Neutral,0.4416,0.572,12.686176058096777,24,551.25,0.0,0.0
2025-06-10,13505.0,13325.0,13535.0,13300.0,13505.0,51475.0,15645050.240000002,0,6260.240000001388,15638790.0,1158,11.850208857142853,14000000.0,Neutral,61.53846153846153,13356.0,13124.25,11942.8333,11927.0417,12739.1458,15790.0,-0.2684,491010.KS,0.3417,Neutral,0.4398,0.575,13.867813149482487,24,554.3900146484375,0.0,0.0
2025-06-11,13235.0,13495.0,13495.0,13155.0,13235.0,60551.0,15332390.240000002,0,6260.240000001388,15326130.0,1158,9.616923142857157,14000000.0,Neutral,47.540983606557376,13340.0,13161.0,11991.6667,11918.0,12743.7708,15790.0,-0.3669,491010.KS,0.3441,Neutral,0.4478,0.6114,13.29203896671109,24,552.8599853515625,0.0,0.0
2025-06-12,13435.0,13560.0,13840.0,13295.0,13435.0,133123.0,15563990.240000002,0,6260.240000001388,15557730.0,1158,11.271208857142856,14000000.0,Neutral,43.00254452926208,13364.0,13196.25,12043.8333,11913.5833,12748.6875,15790.0,-0.3365,491010.KS,0.3436,Neutral,0.4643,0.6446,14.07854907284802,24,554.9500122070312,0.0,0.0
2025-06-13,13515.0,13855.0,13855.0,13455.0,13515.0,350707.0,15656630.240000002,0,6260.240000001388,15650370.0,1158,11.932923142857142,14000000.0,Neutral,64.01384083044982,13404.0,13235.5,12096.8333,11911.7917,12754.9167,15790.0,-0.2845,491010.KS,0.3126,Neutral,0.4991,0.6964,11.752920250119814,24,548.77001953125,0.0,0.0
2025-06-14,13515.0,13855.0,13855.0,13455.0,13515.0,350707.0,15656630.240000002,0,6260.240000001388,15650370.0,1158,11.932923142857142,14000000.0,Neutral,64.01384083044982,13441.0,13274.75,12149.75,11909.0833,12759.375,15790.0,-0.2597,491010.KS,0.3126,Neutral,0.4991,0.6964,11.752920250119814,24,548.77001953125,0.0,0.0
2025-06-15,13515.0,13855.0,13855.0,13455.0,13515.0,350707.0,15656630.240000002,0,6260.240000001388,15650370.0,1158,11.932923142857142,14000000.0,Neutral,64.01384083044982,13443.0,13303.25,12204.5,11906.375,12763.8125,15790.0,-0.2524,491010.KS,0.3126,Neutral,0.4991,0.6964,11.752920250119814,24,548.77001953125,0.0,0.0
2025-06-16,13675.0,13440.0,13830.0,13440.0,13675.0,88441.0,15841910.240000002,0,6260.240000001388,15835650.0,1158,13.256351714285717,14000000.0,GeoWatch,73.80952380952381,13531.0,13337.25,12260.0,11905.0,12768.9167,15790.0,-0.1795,491010.KS,0.3265,GeoWatch,0.4705,0.7238,13.747389340631727,24,554.0700073242188,0.0,0.0
2025-06-17,13995.0,13850.0,14000.0,13850.0,13995.0,113993.0,16212470.240000002,0,6260.240000001388,16206210.0,1158,15.903208857142868,14000000.0,GeoWatch,78.49162011173185,13643.0,13370.0,12320.25,11906.8333,12775.3542,15790.0,0.0059,491010.KS,0.3044,GeoWatch,0.5102,0.7604,11.971166870699562,24,549.3499755859375,0.0,0.0
2025-06-18,13960.0,13995.0,14050.0,13715.0,13960.0,41901.0,16171940.240000002,0,6260.240000001388,16165680.0,1158,15.61370885714286,14000000.0,GeoWatch,69.34306569343066,13732.0,13382.5,12379.9167,11907.2083,12781.3542,15790.0,0.0827,491010.KS,0.3174,GeoWatch,0.489,0.7918,11.92977764629579,24,549.239990234375,0.0,0.0
2025-06-19,13960.0,13960.0,14100.0,13960.0,13960.0,49459.0,16171940.240000002,0,6260.240000001388,16165680.0,1158,15.61370885714286,14000000.0,GeoWatch,75.69721115537848,13821.0,13425.0,12439.5833,11905.625,12787.3958,15790.0,0.1043,491010.KS,0.3025,GeoWatch,0.5179,0.8131,11.92977764629579,24,549.239990234375,0.0,0.0
2025-06-20,13860.0,14000.0,14115.0,13860.0,13860.0,56596.0,16056140.240000002,0,6260.240000001388,16049880.0,1158,14.786566000000011,14000000.0,GeoWatch,70.11070110701107,13890.0,13462.5,12500.4167,11906.3333,12793.4375,15790.0,0.0436,491010.KS,0.3095,GeoWatch,0.4943,0.8083,11.357770296378021,24,547.719970703125,0.0,0.0
2025-06-21,13860.0,14000.0,14115.0,13860.0,13860.0,56596.0,16056140.240000002,0,6260.240000001388,16049880.0,1158,14.786566000000011,14000000.0,GeoWatch,70.11070110701107,13927.0,13500.0,12564.8333,11909.25,12800.1042,15790.0,-0.0183,491010.KS,0.3095,GeoWatch,0.4943,0.8083,11.357770296378021,24,547.719970703125,0.0,0.0
2025-06-22,13860.0,14000.0,14115.0,13860.0,13860.0,56596.0,16056140.240000002,0,6260.240000001388,16049880.0,1158,14.786566000000011,14000000.0,GeoWatch,70.11070110701107,13900.0,13544.25,12620.9167,11912.1667,12806.125,15790.0,-0.0776,491010.KS,0.3095,GeoWatch,0.4943,0.8083,11.357770296378021,24,547.719970703125,0.0,0.0
2025-06-23,13935.0,13820.0,14085.0,13795.0,13935.0,70477.0,16142990.240000002,0,6260.240000001388,16136730.0,1158,15.406923142857142,14000000.0,GeoWatch,71.37809187279152,13895.0,13592.25,12676.4167,11915.7083,12812.4583,15790.0,-0.0969,491010.KS,0.3175,GeoWatch,0.4838,0.7581,13.480196861447922,24,553.3599853515625,0.0,0.0
2025-06-24,14155.0,14345.0,14345.0,13970.0,14155.0,156943.0,16397750.240000002,0,6260.240000001388,16391490.0,1158,17.226637428571422,14000000.0,Neutral,72.26027397260275,13934.0,13628.5,12725.75,11926.6667,12819.7083,15790.0,-0.0232,491010.KS,0.3498,Neutral,0.4512,0.6643,15.76820329262597,24,559.4400024414062,0.0,0.0
2025-06-25,14440.0,14570.0,14570.0,14205.0,14440.0,367789.0,16727780.240000002,0,6260.240000001388,16721520.0,1158,19.583994571428587,14000000.0,Neutral,90.84745762711864,14050.0,13684.75,12779.8333,11944.8333,12828.4792,15790.0,0.1337,491010.KS,0.3591,Neutral,0.4408,0.5936,15.87355977006223,24,559.719970703125,0.0,0.0
2025-06-26,14285.0,14440.0,14440.0,14155.0,14285.0,150717.0,16548290.240000002,0,6260.240000001388,16542030.0,1158,18.301923142857145,14000000.0,Neutral,79.72027972027972,14135.0,13733.25,12831.3333,11963.0833,12836.4375,15790.0,0.1309,491010.KS,0.3722,Neutral,0.4412,0.5403,17.540658929704506,24,564.1500244140625,0.0,0.0
2025-06-27,14550.0,14300.0,14565.0,14300.0,14550.0,155602.0,16855160.240000002,0,6260.240000001388,16848900.0,1158,20.493851714285725,14000000.0,Neutral,82.04334365325077,14273.0,13795.0,12886.5833,11979.0833,12845.5,15790.0,0.2207,491010.KS,0.3689,Neutral,0.4351,0.4934,18.594338546532228,24,566.9500122070312,0.0,0.0
2025-06-28,14550.0,14300.0,14565.0,14300.0,14550.0,155602.0,16855160.240000002,0,6260.240000001388,16848900.0,1158,20.493851714285725,14000000.0,Neutral,82.04334365325077,14396.0,13856.75,12940.75,11999.1667,12855.7083,15790.0,0.2416,491010.KS,0.3689,Neutral,0.4351,0.4934,18.594338546532228,24,566.9500122070312,0.0,0.0
2025-06-29,14550.0,14300.0,14565.0,14300.0,14550.0,155602.0,16855160.240000002,0,6260.240000001388,16848900.0,1158,20.493851714285725,14000000.0,Neutral,82.04334365325077,14475.0,13917.75,12996.5833,12019.25,12866.375,15790.0,0.2181,491010.KS,0.3689,Neutral,0.4351,0.4934,18.594338546532228,24,566.9500122070312,0.0,0.0
2025-06-30,14555.0,14585.0,14615.0,14510.0,14555.0,131146.0,16860950.240000002,0,6260.240000001388,16854690.0,1158,20.535208857142862,14000000.0,Neutral,80.13698630136986,14498.0,13970.25,13052.5,12039.375,12877.0625,15790.0,0.1703,491010.KS,0.3748,Neutral,0.4415,0.4757,19.657437082973445,24,568.030029296875,1.745,0.0
2025-07-01,14595.0,14780.0,14780.0,14595.0,14595.0,69591.0,18305869.12,0,3739.1200000017416,18302130.0,1254,18.96913,15400000.0,"cash_0%_Buy 100% of cash (96 shares - DCA Strategy) Monthly invest 9.1% of total investment ($1,400,000.00)",75.42372881355932,14560.0,14038.25,13105.0833,12059.8333,12887.9167,15790.0,0.1251,491010.KS,0.388,Neutral,0.4419,0.4885,18.563914403853317,27,567.77001953125,0.0,0.0
2025-07-02,14220.0,14595.0,14595.0,14130.0,14220.0,68071.0,17835619.12,0,3739.1200000017416,17831880.0,1254,15.915558571428566,15400000.0,Neutral,58.55263157894736,14494.0,14077.5,13151.4167,12080.0833,12897.75,15790.0,-0.1015,491010.KS,0.3907,Neutral,0.4354,0.515,19.51054229108155,27,570.2899780273438,0.0,0.0
2025-07-03,14325.0,14220.0,14435.0,14200.0,14325.0,788050.0,17967289.12,0,3739.1200000017416,17963550.0,1254,16.770558571428573,15400000.0,Neutral,61.230769230769226,14449.0,14118.0,13199.5,12101.2083,12908.0208,15790.0,-0.2142,491010.KS,0.3883,Neutral,0.4264,0.5294,21.362504757114152,27,575.219970703125,0.0,0.0
2025-07-04,14515.0,14355.0,14650.0,14355.0,14515.0,53511.0,18205549.12,0,3739.1200000017416,18201810.0,1254,18.317701428571432,15400000.0,Neutral,69.09620991253644,14442.0,14168.0,13250.75,12123.0,12916.4167,15790.0,-0.2115,491010.KS,0.3802,Neutral,0.442,0.5406,21.362504757114152,27,575.219970703125,0.0,0.0
2025-07-05,14515.0,14355.0,14650.0,14355.0,14515.0,53511.0,18205549.12,0,3739.1200000017416,18201810.0,1254,18.317701428571432,15400000.0,Neutral,69.09620991253644,14434.0,14218.0,13302.0,12147.7083,12923.8958,15790.0,-0.2214,491010.KS,0.3802,Neutral,0.442,0.5406,21.362504757114152,27,575.219970703125,0.0,0.0
2025-07-06,14515.0,14355.0,14650.0,14355.0,14515.0,53511.0,18205549.12,0,3739.1200000017416,18201810.0,1254,18.317701428571432,15400000.0,Neutral,69.09620991253644,14418.0,14260.0,13347.5,12172.4167,12930.5208,15790.0,-0.238,491010.KS,0.3802,Neutral,0.442,0.5406,21.362504757114152,27,575.219970703125,0.0,0.0
2025-07-07,14690.0,14590.0,14790.0,14505.0,14690.0,733804.0,18424999.12,0,3739.1200000017416,18421260.0,1254,19.74270142857142,15400000.0,Neutral,70.79889807162535,14512.0,14294.75,13396.8333,12198.5833,12937.875,15790.0,-0.1797,491010.KS,0.3715,Neutral,0.4462,0.5618,19.63075373809241,27,570.6099853515625,0.0,0.0
2025-07-08,14720.0,14325.0,14810.0,14325.0,14720.0,63739.0,18462619.12,0,3739.1200000017416,18458880.0,1254,19.98698714285714,15400000.0,Neutral,67.38461538461539,14591.0,14332.75,13446.5,12226.1667,12945.3542,15790.0,-0.142,491010.KS,0.367,Neutral,0.4337,0.5747,19.488004077766334,27,570.22998046875,0.0,0.0
2025-07-09,14560.0,14720.0,14720.0,14515.0,14560.0,37412.0,18261979.12,0,3739.1200000017416,18258240.0,1254,18.684129999999996,15400000.0,Neutral,54.0,14600.0,14362.75,13493.5,12256.75,12951.6042,15790.0,-0.2024,491010.KS,0.3899,Neutral,0.4263,0.5778,20.75771025983157,27,573.6099853515625,0.0,0.0
2025-07-10,14775.0,14640.0,14835.0,14640.0,14775.0,511189.0,18531589.12,0,3739.1200000017416,18527850.0,1254,20.43484428571429,15400000.0,Neutral,65.7051282051282,14652.0,14408.5,13544.0833,12286.9167,12958.3542,15790.0,-0.155,491010.KS,0.4022,Neutral,0.4227,0.5691,21.388803160646788,27,575.2899780273438,0.0,0.0
2025-07-11,14650.0,14740.0,14740.0,14575.0,14650.0,48604.0,18374839.12,0,3739.1200000017416,18371100.0,1254,19.41698714285713,15400000.0,Neutral,53.52112676056338,14679.0,14448.0,13588.25,12315.125,12965.3125,15790.0,-0.1923,491010.KS,0.4047,Neutral,0.4286,0.5849,20.611200409288074,27,573.219970703125,0.0,0.0
2025-07-12,14650.0,14740.0,14740.0,14575.0,14650.0,48604.0,18374839.12,0,3739.1200000017416,18371100.0,1254,19.41698714285713,15400000.0,Neutral,53.52112676056338,14671.0,14487.5,13627.5833,12342.625,12972.7292,15790.0,-0.2248,491010.KS,0.4047,Neutral,0.4286,0.5849,20.611200409288074,27,573.219970703125,0.0,0.0
2025-07-13,14650.0,14740.0,14740.0,14575.0,14650.0,48604.0,18374839.12,0,3739.1200000017416,18371100.0,1254,19.41698714285713,15400000.0,Neutral,53.52112676056338,14657.0,14523.25,13658.9167,12370.125,12981.3125,15790.0,-0.2522,491010.KS,0.4047,Neutral,0.4286,0.5849,20.611200409288074,27,573.219970703125,0.0,0.0
2025-07-14,14840.0,14650.0,14905.0,14635.0,14840.0,514155.0,18613099.12,0,3739.1200000017416,18609360.0,1254,20.96412999999999,15400000.0,Neutral,58.87850467289719,14713.0,14557.5,13694.1667,12399.2083,12990.6875,15790.0,-0.1911,491010.KS,0.393,Neutral,0.4386,0.5794,21.035689200048935,27,574.3499755859375,0.0,0.0
2025-07-15,15195.0,15020.0,15230.0,14900.0,15195.0,157635.0,19058269.12,0,3739.1200000017416,19054530.0,1254,23.85484428571427,15400000.0,Neutral,65.625,14797.0,14595.25,13738.0833,12429.5417,13001.5417,15790.0,-0.0065,491010.KS,0.3881,Neutral,0.4377,0.5684,20.100318955483715,27,571.8599853515625,0.0,0.0
2025-07-16,15150.0,15225.0,15295.0,15140.0,15150.0,513619.0,19001839.12,0,3739.1200000017416,18998100.0,1254,23.488415714285704,15400000.0,Neutral,79.24528301886792,14897.0,14638.5,13781.25,12457.4167,13011.25,15790.0,0.0708,491010.KS,0.3803,Neutral,0.4382,0.561,20.806546876679363,27,573.739990234375,0.0,0.0
2025-07-17,15395.0,15495.0,15595.0,15155.0,15395.0,427367.0,19309069.12,0,3739.1200000017416,19305330.0,1254,25.483415714285716,15400000.0,Neutral,80.92485549132948,15046.0,14680.75,13828.5,12487.9167,13021.4792,15790.0,0.202,491010.KS,0.3865,Neutral,0.4257,0.5692,22.098791272059813,27,577.1799926757812,0.0,0.0
2025-07-18,15700.0,15500.0,15955.0,15500.0,15700.0,892581.0,19691539.12,0,3739.1200000017416,19687800.0,1254,27.966987142857146,15400000.0,Neutral,82.11382113821138,15256.0,14738.25,13882.8333,12517.7917,13031.2292,15790.0,0.3835,491010.KS,0.3894,Neutral,0.4266,0.5662,22.00111803836417,27,576.9199829101562,0.0,0.0
2025-07-19,15700.0,15500.0,15955.0,15500.0,15700.0,892581.0,19691539.12,0,3739.1200000017416,19687800.0,1254,27.966987142857146,15400000.0,Neutral,82.11382113821138,15428.0,14795.75,13931.9167,12549.5,13040.6458,15790.0,0.4547,491010.KS,0.3894,Neutral,0.4266,0.5662,22.00111803836417,27,576.9199829101562,0.0,0.0
2025-07-20,15700.0,15500.0,15955.0,15500.0,15700.0,892581.0,19691539.12,0,3739.1200000017416,19687800.0,1254,27.966987142857146,15400000.0,Neutral,82.11382113821138,15529.0,14853.0,13982.5,12581.2083,13048.5833,15790.0,0.4527,491010.KS,0.3894,Neutral,0.4266,0.5662,22.00111803836417,27,576.9199829101562,0.0,0.0
2025-07-21,15835.0,15780.0,15955.0,15720.0,15835.0,141458.0,19860829.12,0,3739.1200000017416,19857090.0,1254,29.06627285714285,15400000.0,Neutral,81.7174515235457,15666.0,14915.0,14038.0833,12614.0417,13057.0833,15835.0,0.4609,491010.KS,0.3849,Neutral,0.4318,0.5753,22.388050782929398,27,577.9500122070312,0.0,0.0
2025-07-22,15500.0,15675.0,15675.0,15360.0,15500.0,529752.0,19440739.12,0,3739.1200000017416,19437000.0,1254,26.338415714285702,15400000.0,Neutral,68.48341232227489,15687.0,14979.0,14084.25,12643.125,13064.1875,15835.0,0.278,491010.KS,0.388,Neutral,0.4327,0.5788,22.388050782929398,27,577.9500122070312,0.0,0.0
2025-07-23,15495.0,15265.0,15870.0,15265.0,15495.0,128556.0,19434469.12,0,3739.1200000017416,19430730.0,1254,26.29770142857142,15400000.0,Neutral,73.91304347826087,15646.0,15037.5,14130.3333,12670.9167,13070.2292,15835.0,0.1234,491010.KS,0.388,Neutral,0.4113,0.5704,24.232492868527217,27,582.8599853515625,0.0,0.0
2025-07-24,15915.0,15950.0,15990.0,15760.0,15915.0,551348.0,19961149.12,0,3739.1200000017416,19957410.0,1254,29.717701428571416,15400000.0,Neutral,76.38888888888889,15689.0,15107.5,14183.4167,12703.5,13079.8333,15915.0,0.1707,491010.KS,0.3855,Neutral,0.4102,0.5634,24.38276290928809,27,583.260009765625,0.0,0.0
2025-07-25,16165.0,16100.0,16500.0,16005.0,16165.0,230044.0,20274649.12,0,3739.1200000017416,20270910.0,1254,31.753415714285715,15400000.0,Neutral,83.15098468271336,15782.0,15190.0,14237.0833,12742.2083,13090.2708,16165.0,0.2689,491010.KS,0.3872,Neutral,0.4056,0.545,25.254278704125042,27,585.5800170898438,0.0,0.0
2025-07-26,16165.0,16100.0,16500.0,16005.0,16165.0,230044.0,20274649.12,0,3739.1200000017416,20270910.0,1254,31.753415714285715,15400000.0,Neutral,83.15098468271336,15848.0,15272.5,14289.9167,12784.0833,13101.0417,16165.0,0.2895,491010.KS,0.3872,Neutral,0.4056,0.545,25.254278704125042,27,585.5800170898438,0.0,0.0
2025-07-27,16165.0,16100.0,16500.0,16005.0,16165.0,230044.0,20274649.12,0,3739.1200000017416,20270910.0,1254,31.753415714285715,15400000.0,Neutral,83.15098468271336,15981.0,15346.25,14337.0,12825.9583,13111.3125,16165.0,0.2603,491010.KS,0.3872,Neutral,0.4056,0.545,25.254278704125042,27,585.5800170898438,0.0,0.0
2025-07-28,16595.0,16615.0,16615.0,16205.0,16595.0,304981.0,20813869.12,0,3739.1200000017416,20810130.0,1254,35.254844285714285,15400000.0,Neutral,84.75247524752476,16201.0,15440.0,14385.0833,12871.4167,13123.375,16595.0,0.3749,491010.KS,0.3834,Neutral,0.4037,0.5363,25.201681897059814,27,585.4400024414062,0.0,0.0
2025-07-29,16690.0,16595.0,16875.0,16480.0,16690.0,192271.0,20932999.12,0,3739.1200000017416,20929260.0,1254,36.02841571428572,15400000.0,Neutral,83.00220750551877,16356.0,15546.5,14444.75,12920.75,13135.8333,16690.0,0.435,491010.KS,0.3803,Neutral,0.4242,0.5554,24.630683255755457,27,583.9199829101562,0.0,0.0
2025-07-30,16580.0,16350.0,16605.0,16350.0,16580.0,131015.0,20795059.12,0,3739.1200000017416,20791320.0,1254,35.13270142857143,15400000.0,Neutral,80.68669527896995,16439.0,15636.75,14502.5833,12968.3333,13147.3542,16690.0,0.3755,491010.KS,0.3831,Neutral,0.4153,0.5786,24.363984886190238,27,583.2100219726562,0.0,0.0
2025-07-31,17125.0,16885.0,17200.0,16840.0,17125.0,324193.0,21478489.12,0,3739.1200000017416,21474750.0,1254,39.57055857142857,15400000.0,Neutral,82.88973384030419,16631.0,15760.5,14569.5,13019.5,13161.5,17125.0,0.5033,491010.KS,0.368,Neutral,0.4337,0.5897,23.541305708201136,27,581.02001953125,0.0,0.0
2025-08-01,16760.0,17125.0,17150.0,16755.0,16760.0,278396.0,22419388.040000003,0,11268.0400000019,22408120.0,1337,33.54858833333334,16800000.0,"cash_0%_Buy 100% of cash (83 shares - DCA Strategy) Monthly invest 8.3% of total investment ($1,400,000.00)",69.70260223048327,16750.0,15866.0,14632.5833,13068.25,13174.4792,17125.0,0.38,491010.KS,0.3399,Neutral,0.5052,0.5964,18.956860120439543,28,571.4500122070312,0.0,0.0
2025-08-02,16760.0,17125.0,17150.0,16755.0,16760.0,278396.0,22419388.040000003,0,11268.0400000019,22408120.0,1337,33.54858833333334,16800000.0,Neutral,69.70260223048327,16783.0,15971.5,14695.6667,13122.4167,13185.6667,17125.0,0.2509,491010.KS,0.3399,Neutral,0.5052,0.5964,18.956860120439543,28,571.4500122070312,0.0,0.0
2025-08-03,16760.0,17125.0,17150.0,16755.0,16760.0,278396.0,22419388.040000003,0,11268.0400000019,22408120.0,1337,33.54858833333334,16800000.0,Neutral,69.70260223048327,16797.0,16067.5,14751.1667,13176.5833,13196.5833,17125.0,0.1248,491010.KS,0.3399,Neutral,0.5052,0.5964,18.956860120439543,28,571.4500122070312,0.0,0.0
2025-08-04,16485.0,16650.0,16650.0,16350.0,16485.0,123529.0,22051713.040000003,0,11268.0400000019,22040445.0,1337,31.360046666666673,16800000.0,Neutral,61.484098939929325,16778.0,16132.0,14804.0,13228.4583,13206.3542,17125.0,-0.0996,491010.KS,0.3672,Neutral,0.4569,0.5925,22.200628273136886,28,580.1400146484375,0.0,0.0
2025-08-05,17085.0,16685.0,17100.0,16685.0,17085.0,238600.0,22853913.040000003,0,11268.0400000019,22842645.0,1337,36.13504666666667,16800000.0,Neutral,75.60581583198707,16770.0,16228.75,14866.8333,13294.6667,13218.625,17125.0,-0.0334,491010.KS,0.366,Neutral,0.4605,0.5704,21.15917403687608,28,577.3499755859375,0.0,0.0
2025-08-06,17110.0,16865.0,17110.0,16800.0,17110.0,230116.0,22887338.040000003,0,11268.0400000019,22876070.0,1337,36.33400500000001,16800000.0,Neutral,75.92295345104334,16840.0,16314.5,14930.0833,13355.25,13230.125,17125.0,-0.0134,491010.KS,0.3734,Neutral,0.4416,0.5445,22.760542066240305,28,581.6400146484375,0.0,0.0
2025-08-07,17020.0,16940.0,17230.0,16855.0,17020.0,186962.0,22767008.040000003,0,11268.0400000019,22755740.0,1337,35.61775500000002,16800000.0,Neutral,69.83842010771993,16892.0,16380.5,14991.8333,13416.75,13243.3542,17125.0,-0.0671,491010.KS,0.3671,Neutral,0.4362,0.5256,22.629881844745853,28,581.2899780273438,0.0,0.0
2025-08-08,16920.0,16795.0,16965.0,16795.0,16920.0,132764.0,22633308.040000003,0,11268.0400000019,22622040.0,1337,34.82192166666667,16800000.0,Neutral,64.32637571157495,16924.0,16441.5,15051.6667,13470.5833,13257.6875,17125.0,-0.1669,491010.KS,0.377,Neutral,0.4114,0.5158,24.290963987542867,28,585.739990234375,0.0,0.0
2025-08-09,16920.0,16795.0,16965.0,16795.0,16920.0,132764.0,22633308.040000003,0,11268.0400000019,22622040.0,1337,34.82192166666667,16800000.0,Neutral,64.32637571157495,17011.0,16502.5,15108.5833,13525.7083,13270.4792,17125.0,-0.2513,491010.KS,0.377,Neutral,0.4114,0.5158,24.290963987542867,28,585.739990234375,0.0,0.0
2025-08-10,16920.0,16795.0,16965.0,16795.0,16920.0,132764.0,22633308.040000003,0,11268.0400000019,22622040.0,1337,34.82192166666667,16800000.0,Neutral,64.32637571157495,16978.0,16556.75,15170.0,13580.8333,13283.75,17125.0,-0.3209,491010.KS,0.377,Neutral,0.4114,0.5158,24.290963987542867,28,585.739990234375,0.0,0.0
2025-08-11,16900.0,16905.0,17010.0,16680.0,16900.0,76304.0,22606568.040000003,0,11268.0400000019,22595300.0,1337,34.662755,16800000.0,Neutral,56.853932584269664,16936.0,16626.75,15227.75,13635.7917,13296.9375,17125.0,-0.3845,491010.KS,0.3742,Neutral,0.432,0.501,23.843028396469975,28,584.5399780273438,0.0,0.0
2025-08-12,16710.0,16650.0,17050.0,16650.0,16710.0,127865.0,22352538.040000003,0,11268.0400000019,22341270.0,1337,33.150671666666675,16800000.0,Neutral,50.43103448275862,16874.0,16687.5,15281.0,13688.9167,13309.3333,17125.0,-0.5045,491010.KS,0.3885,Neutral,0.4063,0.4853,26.172288913458786,28,590.780029296875,0.0,0.0
2025-08-13,17250.0,17210.0,17360.0,17065.0,17250.0,209211.0,23074518.040000003,0,11268.0400000019,23063250.0,1337,37.448171666666674,16800000.0,Neutral,62.18181818181818,16940.0,16754.25,15343.25,13746.5,13323.9583,17250.0,-0.3747,491010.KS,0.4087,Neutral,0.4036,0.4727,26.94123627800286,28,592.8400268554688,0.0,0.0
2025-08-14,16890.0,16980.0,17085.0,16775.0,16890.0,122566.0,22593198.040000003,0,11268.0400000019,22581930.0,1337,34.583171666666665,16800000.0,Neutral,45.41910331384016,16934.0,16790.5,15399.5,13802.0,13335.9792,17250.0,-0.437,491010.KS,0.4018,Neutral,0.4051,0.466,26.94494989894504,28,592.8499755859375,0.0,0.0
2025-08-15,16890.0,16980.0,17085.0,16775.0,16890.0,122566.0,22593198.040000003,0,11268.0400000019,22581930.0,1337,34.583171666666665,16800000.0,Neutral,52.954545454545446,16928.0,16826.75,15453.0833,13856.5417,13349.375,17250.0,-0.478,491010.KS,0.3964,Neutral,0.4066,0.4474,26.467168642631066,28,591.5700073242188,0.0,0.0
2025-08-16,16890.0,16980.0,17085.0,16775.0,16890.0,122566.0,22593198.040000003,0,11268.0400000019,22581930.0,1337,34.583171666666665,16800000.0,Neutral,52.954545454545446,16926.0,16863.0,15501.3333,13910.7917,13364.8333,17250.0,-0.5025,491010.KS,0.3964,Neutral,0.4066,0.4474,26.467168642631066,28,591.5700073242188,0.0,0.0
2025-08-17,16890.0,16980.0,17085.0,16775.0,16890.0,122566.0,22593198.040000003,0,11268.0400000019,22581930.0,1337,34.583171666666665,16800000.0,Neutral,52.954545454545446,16962.0,16877.75,15550.1667,13965.0417,13380.1042,17250.0,-0.5142,491010.KS,0.3964,Neutral,0.4066,0.4474,26.467168642631066,28,591.5700073242188,0.0,0.0
2025-08-18,16420.0,16890.0,17150.0,15900.0,16420.0,183860.0,21964808.040000003,0,11268.0400000019,21953540.0,1337,30.842754999999997,16800000.0,Neutral,48.643006263048015,16796.0,16864.25,15591.1667,14015.375,13393.4167,17250.0,-0.6943,491010.KS,0.4075,Neutral,0.405,0.4459,26.38877250973438,28,591.3599853515625,0.0,0.0
2025-08-19,16480.0,16485.0,16585.0,16390.0,16480.0,221418.0,22045028.040000003,0,11268.0400000019,22033760.0,1337,31.320254999999996,16800000.0,Neutral,33.69272237196766,16714.0,16859.25,15634.8333,14067.625,13406.9792,17250.0,-0.768,491010.KS,0.3946,Neutral,0.4166,0.4363,25.183098765795805,28,588.1300048828125,0.0,0.0
2025-08-20,15860.0,15790.0,16160.0,15680.0,15860.0,194140.0,21216088.040000003,0,11268.0400000019,21204820.0,1337,26.386088333333333,16800000.0,Neutral,24.48979591836735,16508.0,16796.0,15668.1667,14116.5,13416.6875,17250.0,-1.0297,491010.KS,0.3899,Neutral,0.4208,0.4416,24.604525736179014,28,586.5800170898438,0.0,0.0
2025-08-21,15900.0,15860.0,16030.0,15800.0,15900.0,73372.0,21269568.040000003,0,11268.0400000019,21258300.0,1337,26.704421666666665,16800000.0,Neutral,26.66666666666667,16310.0,16753.0,15702.1667,14161.5417,13426.8542,17250.0,-1.1418,491010.KS,0.3717,Neutral,0.4346,0.4444,23.742259406117753,28,584.27001953125,0.0,0.0
2025-08-22,15835.0,15785.0,15950.0,15785.0,15835.0,45529.0,21182663.040000003,0,11268.0400000019,21171395.0,1337,26.187130000000014,16800000.0,Neutral,27.06131078224101,16099.0,16706.75,15733.8333,14205.125,13436.75,17250.0,-1.1918,491010.KS,0.3987,Neutral,0.3958,0.4582,27.079346524332323,28,593.2100219726562,0.0,0.0
2025-08-23,15835.0,15785.0,15950.0,15785.0,15835.0,45529.0,21182663.040000003,0,11268.0400000019,21171395.0,1337,26.187130000000014,16800000.0,Neutral,27.06131078224101,15982.0,16660.5,15761.8333,14243.7917,13445.3542,17250.0,-1.1724,491010.KS,0.3987,Neutral,0.3958,0.4582,27.079346524332323,28,593.2100219726562,0.0,0.0
2025-08-24,15835.0,15785.0,15950.0,15785.0,15835.0,45529.0,21182663.040000003,0,11268.0400000019,21171395.0,1337,26.187130000000014,16800000.0,Neutral,27.06131078224101,15853.0,16628.0,15785.0833,14282.4583,13454.25,17250.0,-1.1075,491010.KS,0.3987,Neutral,0.3958,0.4582,27.079346524332323,28,593.2100219726562,0.0,0.0
2025-08-25,16115.0,15945.0,16215.0,15945.0,16115.0,93541.0,21557023.040000003,0,11268.0400000019,21545755.0,1337,28.415463333333335,16800000.0,Neutral,35.04761904761905,15904.0,16579.5,15815.5833,14323.4583,13464.3125,17250.0,-0.9045,491010.KS,0.3886,Neutral,0.4012,0.4771,26.142420465267108,28,590.7000122070312,0.0,0.0
2025-08-26,16140.0,16115.0,16290.0,16025.0,16140.0,52603.0,21590448.040000003,0,11268.0400000019,21579180.0,1337,28.61442166666668,16800000.0,Neutral,38.41463414634147,15952.0,16531.0,15842.0833,14364.3333,13474.4792,17250.0,-0.7233,491010.KS,0.3931,Neutral,0.3985,0.4874,27.023346031841726,28,593.0599975585938,0.0,0.0
2025-08-27,16455.0,16375.0,16535.0,16375.0,16455.0,91263.0,22011603.040000003,0,11268.0400000019,22000335.0,1337,31.121296666666673,16800000.0,Neutral,32.214765100671144,16076.0,16502.75,15873.8333,14407.2917,13486.9167,17250.0,-0.4496,491010.KS,0.3917,Neutral,0.4018,0.5,27.53099573634742,28,594.4199829101562,0.0,0.0
2025-08-28,16350.0,16455.0,16455.0,16140.0,16350.0,53233.0,21871218.040000003,0,11268.0400000019,21859950.0,1337,30.28567166666667,16800000.0,Neutral,36.36363636363636,16179.0,16474.25,15903.8333,14450.2083,13498.9167,17250.0,-0.2962,491010.KS,0.4036,Neutral,0.3967,0.5153,28.31488871646259,28,596.52001953125,0.0,0.0
2025-08-29,16905.0,16775.0,16905.0,16670.0,16905.0,135566.0,22613253.040000003,0,11268.0400000019,22601985.0,1337,34.70254666666668,16800000.0,Neutral,50.29585798816568,16393.0,16473.5,15943.0,14497.75,13513.2292,17250.0,0.0326,491010.KS,0.376,Neutral,0.4115,0.5176,27.030818839627315,28,593.0800170898438,0.0,0.0
2025-08-30,16905.0,16775.0,16905.0,16670.0,16905.0,135566.0,22613253.040000003,0,11268.0400000019,22601985.0,1337,34.70254666666668,16800000.0,Neutral,50.29585798816568,16551.0,16472.75,15981.5,14543.2917,13528.25,17250.0,0.2359,491010.KS,0.376,Neutral,0.4115,0.5176,27.030818839627315,28,593.0800170898438,0.0,0.0
2025-08-31,16905.0,16775.0,16905.0,16670.0,16905.0,135566.0,22613253.040000003,0,11268.0400000019,22601985.0,1337,34.70254666666668,16800000.0,Neutral,50.29585798816568,16704.0,16473.0,16026.25,14588.8333,13542.5625,17250.0,0.3497,491010.KS,0.3768,Neutral,0.4124,0.5154,27.030818839627315,28,593.0800170898438,0.0,0.0
2025-09-01,16400.0,16560.0,16590.0,16240.0,16400.0,134927.0,23336674.040000003,0,15874.040000002133,23320800.0,1422,28.323333736263745,18200000.0,"cash_0%_Buy 100% of cash (85 shares - DCA Strategy) Monthly invest 7.7% of total investment ($1,400,000.00)",49.61089494163424,16693.0,16457.5,16060.8333,14630.1667,13554.7708,17250.0,0.2058,491010.KS,0.3665,Neutral,0.4236,0.5199,25.98874742161263,30,593.0800170898438,0.0,0.0
2025-09-02,16325.0,16400.0,16595.0,16325.0,16325.0,81659.0,23230024.040000003,0,15874.040000002133,23214150.0,1422,27.73734472527474,18200000.0,Neutral,47.00193423597678,16688.0,16411.25,16091.0,14670.875,13566.6667,17250.0,0.074,491010.KS,0.3456,Neutral,0.4404,0.5335,24.36400564727367,30,588.7100219726562,0.0,0.0
2025-09-03,16185.0,16325.0,16325.0,16100.0,16185.0,73516.0,23030944.040000003,0,15874.040000002133,23015070.0,1422,26.64349857142858,18200000.0,Neutral,57.71971496437055,16544.0,16376.0,16118.8333,14710.4167,13575.3333,17250.0,-0.0688,491010.KS,0.3615,Neutral,0.4286,0.5268,25.48308914962746,30,591.719970703125,0.0,0.0
2025-09-04,16345.0,17100.0,17100.0,16250.0,16345.0,116260.0,23258464.040000003,0,15874.040000002133,23242590.0,1422,27.893608461538477,18200000.0,Neutral,60.0,16432.0,16348.75,16149.3333,14748.4167,13583.5625,17250.0,-0.0944,491010.KS,0.3743,Neutral,0.4108,0.5222,27.293751052421953,30,596.5900268554688,0.0,0.0
2025-09-05,16455.0,16600.0,16600.0,16380.0,16455.0,138726.0,23414884.040000003,0,15874.040000002133,23399010.0,1422,28.753059010989013,18200000.0,Neutral,63.65638766519823,16342.0,16327.0,16178.75,14787.7917,13593.5625,17250.0,-0.0642,491010.KS,0.3743,Neutral,0.4087,0.5083,26.687723595991642,30,594.9600219726562,0.0,0.0
2025-09-06,16455.0,16600.0,16600.0,16380.0,16455.0,138726.0,23414884.040000003,0,15874.040000002133,23399010.0,1422,28.753059010989013,18200000.0,Neutral,63.65638766519823,16353.0,16305.25,16207.6667,14827.0833,13604.3333,17250.0,-0.0433,491010.KS,0.3743,Neutral,0.4087,0.5083,26.687723595991642,30,594.9600219726562,0.0,0.0
2025-09-07,16455.0,16600.0,16600.0,16380.0,16455.0,138726.0,23414884.040000003,0,15874.040000002133,23399010.0,1422,28.753059010989013,18200000.0,Neutral,63.65638766519823,16379.0,16307.0,16239.25,14866.375,13614.7708,17250.0,-0.0293,491010.KS,0.3743,Neutral,0.4087,0.5083,26.687723595991642,30,594.9600219726562,0.0,0.0
2025-09-08,16465.0,16520.0,16520.0,16380.0,16465.0,71800.0,23429104.040000003,0,15874.040000002133,23413230.0,1422,28.831190879120893,18200000.0,Neutral,58.75,16435.0,16306.25,16267.4167,14905.75,13625.25,17250.0,-0.0163,491010.KS,0.3791,Neutral,0.4116,0.5007,27.260279529234836,30,596.5,0.0,0.0
2025-09-09,16425.0,16680.0,16680.0,16390.0,16425.0,57472.0,23372224.040000003,0,15874.040000002133,23356350.0,1422,28.51866340659341,18200000.0,Neutral,57.07196029776675,16451.0,16334.5,16297.0,14942.625,13635.5625,17250.0,-0.024,491010.KS,0.3926,Neutral,0.4147,0.4918,27.799386631849018,30,597.9500122070312,0.0,0.0
2025-09-10,17045.0,16965.0,17045.0,16650.0,17045.0,362665.0,24253864.040000003,0,15874.040000002133,24237990.0,1422,33.36283923076924,18200000.0,Neutral,62.71551724137931,16569.0,16391.75,16336.9167,14982.25,13648.2708,17250.0,0.2115,491010.KS,0.3953,Neutral,0.4206,0.5016,28.44258449843555,30,599.6799926757812,0.0,0.0
2025-09-11,17890.0,17505.0,17900.0,17455.0,17890.0,1680200.0,25455454.040000003,0,15874.040000002133,25439580.0,1422,39.964982087912105,18200000.0,Neutral,75.16339869281046,16856.0,16494.5,16390.9167,15024.9167,13665.125,17890.0,0.6688,491010.KS,0.4099,Neutral,0.4089,0.4983,30.260666867726414,30,604.5700073242188,0.0,0.0
2025-09-12,17775.0,17900.0,17905.0,17750.0,17775.0,191292.0,25291924.040000003,0,15874.040000002133,25276050.0,1422,39.06646560439562,18200000.0,Neutral,66.6030534351145,17120.0,16591.5,16439.8333,15067.0,13680.7708,17890.0,0.8684,491010.KS,0.3982,Neutral,0.4072,0.5009,30.212331718988438,30,604.4400024414062,0.0,0.0
2025-09-13,17775.0,17900.0,17905.0,17750.0,17775.0,191292.0,25291924.040000003,0,15874.040000002133,25276050.0,1422,39.06646560439562,18200000.0,Neutral,66.6030534351145,17382.0,16688.5,16482.8333,15110.4583,13695.2917,17890.0,0.9394,491010.KS,0.3982,Neutral,0.4072,0.5009,30.212331718988438,30,604.4400024414062,0.0,0.0
2025-09-14,17775.0,17900.0,17905.0,17750.0,17775.0,191292.0,25291924.040000003,0,15874.040000002133,25276050.0,1422,39.06646560439562,18200000.0,Neutral,66.6030534351145,17652.0,16771.5,16526.5833,15153.9167,13708.9583,17890.0,0.9247,491010.KS,0.3982,Neutral,0.4072,0.5009,30.212331718988438,30,604.4400024414062,0.0,0.0
2025-09-15,17700.0,17950.0,17950.0,17640.0,17700.0,156477.0,25185274.040000003,0,15874.040000002133,25169400.0,1422,38.48047659340661,18200000.0,Neutral,79.68036529680366,17783.0,16849.5,16565.0,15196.75,13722.3125,17890.0,0.8277,491010.KS,0.4004,Neutral,0.4211,0.5053,31.383494642165516,30,607.5900268554688,0.0,0.0
2025-09-16,18250.0,18095.0,18515.0,18090.0,18250.0,256386.0,25967374.040000003,0,15874.040000002133,25951500.0,1422,42.777729340659356,18200000.0,Neutral,86.11632270168856,17855.0,16939.25,16607.5,15245.1667,13737.9583,18250.0,0.9135,491010.KS,0.3871,Neutral,0.434,0.5161,31.086040590683155,30,606.7899780273438,0.0,0.0
2025-09-17,18075.0,18165.0,18165.0,17915.0,18075.0,311072.0,25718524.040000003,0,15874.040000002133,25702650.0,1422,41.410421648351644,18200000.0,Neutral,85.0,17915.0,17025.5,16647.0833,15289.5,13752.4375,18250.0,0.8385,491010.KS,0.38,Neutral,0.4189,0.5165,30.825802334473224,30,606.0900268554688,0.0,0.0
2025-09-18,18280.0,18900.0,18900.0,17945.0,18280.0,980420.0,26010034.040000003,0,15874.040000002133,25994160.0,1422,43.01212494505495,18200000.0,Neutral,85.24590163934427,18016.0,17094.25,16690.0833,15336.2917,13768.2083,18280.0,0.8047,491010.KS,0.3842,Neutral,0.4145,0.5153,31.885408642065357,30,608.9400024414062,0.0,0.0
2025-09-19,18635.0,18610.0,18705.0,18360.0,18635.0,526744.0,26514844.040000003,0,15874.040000002133,26498970.0,1422,45.78580626373627,18200000.0,Neutral,86.45484949832776,18188.0,17180.75,16736.75,15387.4167,13782.2292,18635.0,0.8495,491010.KS,0.3817,Neutral,0.4087,0.5074,32.941316062688344,30,611.780029296875,0.0,0.0
2025-09-20,18635.0,18610.0,18705.0,18360.0,18635.0,526744.0,26514844.040000003,0,15874.040000002133,26498970.0,1422,45.78580626373627,18200000.0,Neutral,86.45484949832776,18375.0,17267.25,16789.0,15436.625,13796.1458,18635.0,0.8102,491010.KS,0.3817,Neutral,0.4087,0.5074,32.941316062688344,30,611.780029296875,0.0,0.0
2025-09-21,18635.0,18610.0,18705.0,18360.0,18635.0,526744.0,26514844.040000003,0,15874.040000002133,26498970.0,1422,45.78580626373627,18200000.0,Neutral,86.45484949832776,18452.0,17379.0,16841.3333,15485.8333,13808.0,18635.0,0.7192,491010.KS,0.3817,Neutral,0.4087,0.5074,32.941316062688344,30,611.780029296875,0.0,0.0
2025-09-22,19430.0,19630.0,19630.0,19160.0,19430.0,454423.0,27645334.040000003,0,15874.040000002133,27629460.0,1422,51.99728978021978,18200000.0,Neutral,89.27152317880795,18723.0,17534.25,16899.9167,15541.6667,13823.1667,19430.0,0.8791,491010.KS,0.3717,Neutral,0.4164,0.4987,34.04925751901851,30,614.760009765625,0.0,0.0
2025-09-23,19660.0,19760.0,19820.0,19655.0,19660.0,365246.0,27972394.040000003,0,15874.040000002133,27956520.0,1422,53.79432274725275,18200000.0,Neutral,90.79445145018916,18999.0,17708.0,16958.1667,15597.625,13839.2917,19660.0,0.9816,491010.KS,0.3705,Neutral,0.4276,0.4933,32.85206623170879,30,611.5399780273438,0.0,0.0
2025-09-24,19350.0,19425.0,19425.0,19165.0,19350.0,514419.0,27531574.040000003,0,15874.040000002133,27515700.0,1422,51.37223483516484,18200000.0,Neutral,81.53214774281805,19142.0,17858.25,17011.25,15650.5833,13854.125,19660.0,0.8542,491010.KS,0.3684,Neutral,0.4188,0.5048,32.093612862568165,30,609.5,0.0,0.0
2025-09-25,18905.0,19035.0,19900.0,18850.0,18905.0,436423.0,26898784.040000003,0,15874.040000002133,26882910.0,1422,47.8953667032967,18200000.0,Neutral,65.59139784946237,19196.0,17980.75,17056.9167,15696.9583,13867.1042,19660.0,0.5451,491010.KS,0.3601,Neutral,0.4308,0.5197,31.011699770370655,30,606.5900268554688,0.0,0.0
2025-09-26,18640.0,18695.0,18695.0,18545.0,18640.0,185016.0,26521954.040000003,0,15874.040000002133,26506080.0,1422,45.8248721978022,18200000.0,Neutral,62.70190895741557,19197.0,18090.0,17091.0,15738.0417,13878.9792,19660.0,0.2013,491010.KS,0.3694,Neutral,0.4041,0.5399,32.33898749322721,30,610.1599731445312,0.0,0.0
2025-09-27,18640.0,18695.0,18695.0,18545.0,18640.0,185016.0,26521954.040000003,0,15874.040000002133,26506080.0,1422,45.8248721978022,18200000.0,Neutral,62.70190895741557,19039.0,18199.25,17123.5,15784.125,13890.8542,19660.0,-0.0551,491010.KS,0.3694,Neutral,0.4041,0.5399,32.33898749322721,30,610.1599731445312,0.0,0.0
2025-09-28,18640.0,18695.0,18695.0,18545.0,18640.0,185016.0,26521954.040000003,0,15874.040000002133,26506080.0,1422,45.8248721978022,18200000.0,Neutral,62.70190895741557,18835.0,18308.0,17157.8333,15830.2083,13908.7083,19660.0,-0.2433,491010.KS,0.3694,Neutral,0.4041,0.5399,32.33898749322721,30,610.1599731445312,0.0,0.0
2025-09-29,18455.0,18640.0,18640.0,18370.0,18455.0,307182.0,26258884.040000003,0,15874.040000002133,26243010.0,1422,44.37943263736263,18200000.0,Neutral,60.73968705547653,18656.0,18409.5,17180.0,15874.75,13925.7917,19660.0,-0.4417,491010.KS,0.3707,Neutral,0.4207,0.5378,32.97476852412666,30,610.1300048828125,1.74,0.0
2025-09-30,18675.0,18470.0,18700.0,18470.0,18675.0,254946.0,26571724.040000003,0,15874.040000002133,26555850.0,1422,46.098333736263754,18200000.0,Neutral,56.67189952904239,18610.0,18491.0,17211.9167,15922.25,13943.7917,19660.0,-0.4959,491010.KS,0.3691,Neutral,0.4245,0.525,33.81130698566514,30,612.3800048828125,0.0,0.0
2025-10-01,18585.0,18730.0,18730.0,18530.0,18585.0,188483.0,27842331.580000002,0,2001.58000000217,27840330.0,1498,42.15256214285714,19600000.0,"cash_0%_Buy 100% of cash (76 shares - DCA Strategy) Monthly invest 7.1% of total investment ($1,400,000.00)",58.2258064516129,18599.0,18525.75,17242.3333,15969.0,13964.8125,19660.0,-0.5625,491010.KS,0.3782,Neutral,0.4261,0.5029,33.527379080145124,33,614.5700073242188,0.0,0.0
2025-10-02,19240.0,19100.0,19410.0,18745.0,19240.0,234075.0,28823521.580000002,0,2001.58000000217,28821520.0,1498,47.158633571428574,19600000.0,Neutral,63.52112676056338,18719.0,18599.0,17283.6667,16017.4167,13987.1667,19660.0,-0.3767,491010.KS,0.3767,Neutral,0.4333,0.4743,33.779783141155434,33,615.25,0.0,0.0
2025-10-03,19240.0,19100.0,19410.0,18745.0,19240.0,234075.0,28823521.580000002,0,2001.58000000217,28821520.0,1498,47.158633571428574,19600000.0,Neutral,59.4679186228482,18839.0,18672.25,17329.5833,16066.7917,14011.1667,19660.0,-0.2675,491010.KS,0.375,Neutral,0.4321,0.4519,33.79833793210486,33,615.2999877929688,0.0,0.0
2025-10-04,19240.0,19100.0,19410.0,18745.0,19240.0,234075.0,28823521.580000002,0,2001.58000000217,28821520.0,1498,47.158633571428574,19600000.0,Neutral,59.4679186228482,18996.0,18745.5,17365.5,16116.1667,14032.7292,19660.0,-0.2111,491010.KS,0.375,Neutral,0.4321,0.4519,33.79833793210486,33,615.2999877929688,0.0,0.0
2025-10-05,19240.0,19100.0,19410.0,18745.0,19240.0,234075.0,28823521.580000002,0,2001.58000000217,28821520.0,1498,47.158633571428574,19600000.0,Neutral,59.4679186228482,19109.0,18822.5,17401.0,16165.5417,14054.625,19660.0,-0.1899,491010.KS,0.375,Neutral,0.4321,0.4519,33.79833793210486,33,615.2999877929688,0.0,0.0
2025-10-06,19240.0,19100.0,19410.0,18745.0,19240.0,234075.0,28823521.580000002,0,2001.58000000217,28821520.0,1498,47.158633571428574,19600000.0,Neutral,46.04166666666667,19240.0,18872.0,17438.0,16214.9167,14076.5208,19660.0,-0.1913,491010.KS,0.3747,Neutral,0.4235,0.4489,34.57784305078201,33,617.4000244140625,0.0,0.0
2025-10-07,19240.0,19100.0,19410.0,18745.0,19240.0,234075.0,28823521.580000002,0,2001.58000000217,28821520.0,1498,47.158633571428574,19600000.0,Neutral,40.32258064516129,19240.0,18930.25,17476.6667,16264.1667,14098.4167,19660.0,-0.2063,491010.KS,0.365,Neutral,0.442,0.451,33.76122835020601,33,615.2000122070312,0.0,0.0
2025-10-08,19240.0,19100.0,19410.0,18745.0,19240.0,234075.0,28823521.580000002,0,2001.58000000217,28821520.0,1498,47.158633571428574,19600000.0,Neutral,47.04301075268817,19240.0,18978.25,17515.3333,16311.9583,14119.5,19660.0,-0.2283,491010.KS,0.3783,Neutral,0.427,0.4633,35.08636666207704,33,618.77001953125,0.0,0.0
2025-10-09,19240.0,19100.0,19410.0,18745.0,19240.0,234075.0,28823521.580000002,0,2001.58000000217,28821520.0,1498,47.158633571428574,19600000.0,Neutral,61.83745583038869,19240.0,19008.5,17554.0,16362.0,14140.0,19660.0,-0.2529,491010.KS,0.3856,Neutral,0.4335,0.4699,34.4664689942407,33,617.0999755859375,0.0,0.0
2025-10-10,20240.0,20000.0,20445.0,19455.0,20240.0,737700.0,30321521.580000002,0,2001.58000000217,30319520.0,1498,54.801490714285706,19600000.0,Neutral,87.20930232558139,19440.0,19088.75,17609.6667,16418.7083,14166.1458,20240.0,0.0558,491010.KS,0.3334,Neutral,0.5419,0.4516,28.30849863042978,33,600.510009765625,0.0,0.0
2025-10-11,20240.0,20000.0,20445.0,19455.0,20240.0,737700.0,30321521.580000002,0,2001.58000000217,30319520.0,1498,54.801490714285706,19600000.0,Neutral,87.20930232558139,19640.0,19169.0,17668.5,16474.75,14193.2708,20240.0,0.2204,491010.KS,0.3334,Neutral,0.5419,0.4516,28.30849863042978,33,600.510009765625,0.0,0.0
2025-10-12,20240.0,20000.0,20445.0,19455.0,20240.0,737700.0,30321521.580000002,0,2001.58000000217,30319520.0,1498,54.801490714285706,19600000.0,Neutral,87.20930232558139,19840.0,19209.5,17718.3333,16530.7917,14219.9375,20240.0,0.2864,491010.KS,0.3334,Neutral,0.5419,0.4516,28.30849863042978,33,600.510009765625,0.0,0.0
2025-10-13,20505.0,20090.0,20535.0,20090.0,20505.0,470000.0,30718491.580000002,0,2001.58000000217,30716490.0,1498,56.826847857142845,19600000.0,Neutral,95.96412556053812,20093.0,19251.75,17778.5833,16589.0417,14247.7083,20505.0,0.3732,491010.KS,0.3661,Neutral,0.4966,0.4385,31.686286178430336,33,609.6099853515625,0.0,0.0
2025-10-14,21460.0,21645.0,21745.0,21275.0,21460.0,1009530.0,32149081.580000002,0,2001.58000000217,32147080.0,1498,64.12577642857143,19600000.0,Neutral,96.964586846543,20537.0,19357.25,17854.75,16653.9167,14279.4583,21460.0,0.6879,491010.KS,0.3468,Neutral,0.5263,0.4216,31.367071276748646,33,608.75,0.0,0.0
2025-10-15,21735.0,21615.0,21735.0,21505.0,21735.0,539667.0,32561031.580000002,0,2001.58000000217,32559030.0,1498,66.22756214285714,19600000.0,Neutral,100.0,20836.0,19498.75,17935.5,16718.4167,14312.625,21735.0,0.9018,491010.KS,0.3354,Neutral,0.5155,0.4027,32.36184821911493,33,611.4299926757812,0.0,0.0
2025-10-16,22250.0,22015.0,22255.0,21965.0,22250.0,633528.0,33332501.580000002,0,2001.58000000217,33330500.0,1498,70.16363357142856,19600000.0,Neutral,100.0,21238.0,19679.25,18024.8333,16787.5,14347.3542,22250.0,1.1128,491010.KS,0.2966,Neutral,0.6026,0.3963,30.862263154727998,33,607.3900146484375,0.0,0.0
2025-10-17,21325.0,21530.0,21700.0,21320.0,21325.0,673522.0,31946851.580000002,0,2001.58000000217,31944850.0,1498,63.09399071428572,19600000.0,Neutral,76.49301143583227,21455.0,19813.5,18106.5833,16848.875,14377.25,22250.0,0.8604,491010.KS,0.3264,Neutral,0.5225,0.4052,32.113159647378964,33,610.760009765625,0.0,0.0
2025-10-18,21325.0,21530.0,21700.0,21320.0,21325.0,673522.0,31946851.580000002,0,2001.58000000217,31944850.0,1498,63.09399071428572,19600000.0,Neutral,76.49301143583227,21619.0,19947.75,18187.3333,16911.0833,14408.7083,22250.0,0.6224,491010.KS,0.3264,Neutral,0.5225,0.4052,32.113159647378964,33,610.760009765625,0.0,0.0
2025-10-19,21325.0,21530.0,21700.0,21320.0,21325.0,673522.0,31946851.580000002,0,2001.58000000217,31944850.0,1498,63.09399071428572,19600000.0,Neutral,76.49301143583227,21592.0,20091.25,18278.4167,16973.2917,14441.2708,22250.0,0.405,491010.KS,0.3264,Neutral,0.5225,0.4052,32.113159647378964,33,610.760009765625,0.0,0.0
2025-10-20,21315.0,21155.0,21750.0,21150.0,21315.0,549895.0,31931871.580000002,0,2001.58000000217,31929870.0,1498,63.017562142857145,19600000.0,Neutral,76.29911280101393,21508.0,20223.25,18368.6667,17035.4167,14473.7917,22250.0,0.2084,491010.KS,0.352,Neutral,0.4755,0.4066,34.49245476373886,33,617.1699829101562,0.0,0.0
2025-10-21,21070.0,21445.0,21445.0,20950.0,21070.0,495663.0,31564861.580000002,0,2001.58000000217,31562860.0,1498,61.14506214285716,19600000.0,Neutral,71.83770883054893,21272.0,20347.5,18455.9167,17094.875,14505.2917,22250.0,-0.0367,491010.KS,0.358,Neutral,0.4692,0.4054,34.462776160388756,33,617.0900268554688,0.0,0.0
2025-10-22,20300.0,20500.0,20500.0,20025.0,20300.0,628436.0,30411401.580000002,0,2001.58000000217,30409400.0,1498,55.260062142857144,19600000.0,Neutral,60.68548387096774,21067.0,20400.5,18530.3333,17146.0833,14536.375,22250.0,-0.4589,491010.KS,0.349,Neutral,0.4844,0.4013,33.30465362248489,33,613.969970703125,0.0,0.0
2025-10-23,19675.0,19590.0,19685.0,19190.0,19675.0,660599.0,29475151.580000002,0,2001.58000000217,29473150.0,1498,50.48327642857142,19600000.0,Neutral,53.89435989256938,20737.0,20422.25,18594.3333,17189.7083,14567.2708,22250.0,-0.926,491010.KS,0.3645,Neutral,0.4576,0.4284,34.592682352457075,33,617.4400024414062,0.0,0.0
2025-10-24,20570.0,20300.0,20610.0,20250.0,20570.0,706195.0,30815861.580000002,0,2001.58000000217,30813860.0,1498,57.32363357142858,19600000.0,Neutral,53.01094890510949,20586.0,20488.75,18668.5833,17242.0833,14602.5833,22250.0,-0.9252,491010.KS,0.3852,Neutral,0.4364,0.4474,36.48943962702012,33,622.5499877929688,0.0,0.0
2025-10-25,20570.0,20300.0,20610.0,20250.0,20570.0,706195.0,30815861.580000002,0,2001.58000000217,30813860.0,1498,57.32363357142858,19600000.0,Neutral,53.01094890510949,20437.0,20555.25,18742.4167,17292.25,14635.6667,22250.0,-0.9058,491010.KS,0.3852,Neutral,0.4364,0.4474,36.48943962702012,33,622.5499877929688,0.0,0.0
2025-10-26,20570.0,20300.0,20610.0,20250.0,20570.0,706195.0,30815861.580000002,0,2001.58000000217,30813860.0,1498,57.32363357142858,19600000.0,Neutral,53.01094890510949,20337.0,20621.75,18811.0,17342.4167,14670.7917,22250.0,-0.8737,491010.KS,0.3852,Neutral,0.4364,0.4474,36.48943962702012,33,622.5499877929688,0.0,0.0
2025-10-27,21210.0,21570.0,21800.0,20805.0,21210.0,791720.0,31774581.580000002,0,2001.58000000217,31772580.0,1498,62.21506214285715,19600000.0,Neutral,56.02049530315969,20519.0,20720.25,18892.0,17397.9167,14708.5833,22250.0,-0.6355,491010.KS,0.393,Neutral,0.4206,0.4507,39.25478314115543,33,630.0,0.0,0.0
2025-10-28,21055.0,21210.0,21260.0,20725.0,21055.0,390661.0,31542391.580000002,0,2001.58000000217,31540390.0,1498,61.03041928571429,19600000.0,Neutral,45.99406528189911,20795.0,20811.0,18961.1667,17452.0833,14745.7292,22250.0,-0.5257,491010.KS,0.3879,Neutral,0.4333,0.4451,39.8820891321181,33,631.6900024414062,0.0,0.0
2025-10-29,21715.0,21520.0,21785.0,21220.0,21715.0,561242.0,32531071.580000002,0,2001.58000000217,32529070.0,1498,66.074705,19600000.0,Neutral,49.81617647058824,21024.0,20934.75,19041.3333,17511.4167,14785.625,22250.0,-0.2507,491010.KS,0.3785,Neutral,0.4355,0.4455,39.97860123156198,33,631.9500122070312,0.0,0.0
2025-10-30,22165.0,21970.0,22165.0,21815.0,22165.0,736387.0,33205171.580000002,0,2001.58000000217,33203170.0,1498,69.51399071428573,19600000.0,Neutral,49.20930232558139,21343.0,21031.0,19129.0,17577.625,14828.8542,22250.0,0.0466,491010.KS,0.3654,Neutral,0.4389,0.4287,37.48793205866073,33,625.239990234375,0.0,0.0
2025-10-31,21970.0,22040.0,22045.0,21720.0,21970.0,417053.0,32913061.580000002,0,2001.58000000217,32911060.0,1498,68.02363357142858,19600000.0,Neutral,56.94294940796555,21623.0,21117.5,19221.8333,17641.3333,14871.2708,22250.0,0.1455,491010.KS,0.3548,Neutral,0.4493,0.4188,38.156063120796574,33,627.0399780273438,0.0,0.0
2025-11-01,21970.0,22040.0,22045.0,21720.0,21970.0,417053.0,34311677.47,0,16507.4700000023,34295170.0,1561,63.48879033333332,21000000.0,"cash_0%_Buy 100% of cash (63 shares - DCA Strategy) Monthly invest 6.7% of total investment ($1,400,000.00)",56.94294940796555,21775.0,21204.0,19315.9167,17703.4583,14913.2292,22250.0,0.1749,491010.KS,0.3476,Neutral,0.4467,0.4191,37.03848590917244,34,627.0399780273438,0.0,0.0
2025-11-02,21970.0,22040.0,22045.0,21720.0,21970.0,417053.0,34311677.47,0,16507.4700000023,34295170.0,1561,63.48879033333332,21000000.0,Neutral,56.94294940796555,21958.0,21277.25,19412.3333,17765.5833,14956.6458,22250.0,0.1593,491010.KS,0.3476,Neutral,0.4467,0.4191,37.03848590917244,34,627.0399780273438,0.0,0.0
2025-11-03,21925.0,22120.0,22120.0,21840.0,21925.0,385411.0,34241432.47,0,16507.4700000023,34224925.0,1561,63.15429033333331,21000000.0,Neutral,56.51709401709402,22000.0,21300.5,19505.3333,17827.3333,14999.875,22250.0,0.1029,491010.KS,0.351,Neutral,0.4502,0.4296,37.492257522798354,34,628.27001953125,0.0,0.0
2025-11-04,21320.0,21665.0,21690.0,21230.0,21320.0,396999.0,33297027.470000003,0,16507.4700000023,33280520.0,1561,58.657123666666664,21000000.0,Neutral,52.480158730158735,21831.0,21279.75,19586.4167,17882.5833,15040.5833,22250.0,-0.142,491010.KS,0.3321,Neutral,0.4878,0.4264,34.806599656136086,34,620.989990234375,0.0,0.0
2025-11-05,20820.0,20050.0,20950.0,20050.0,20820.0,443625.0,32516527.470000003,0,16507.4700000023,32500020.0,1561,54.94045700000001,21000000.0,Neutral,55.45073375262054,21601.0,21208.25,19659.1667,17933.4167,15079.7917,22250.0,-0.4605,491010.KS,0.3372,Neutral,0.4628,0.4166,35.49645499768678,34,622.8599853515625,0.0,0.0
2025-11-06,21320.0,21035.0,21320.0,21000.0,21320.0,253006.0,33297027.470000003,0,16507.4700000023,33280520.0,1561,58.657123666666664,21000000.0,Neutral,67.70721205597417,21471.0,21208.0,19740.25,17989.75,15123.25,22250.0,-0.5089,491010.KS,0.3166,Neutral,0.4949,0.4054,33.05428873176632,34,616.239990234375,0.0,0.0
2025-11-07,20415.0,20500.0,20500.0,20130.0,20415.0,350163.0,31884322.470000003,0,16507.4700000023,31867815.0,1561,51.929957,21000000.0,Neutral,48.33512352309344,21160.0,21162.5,19806.0833,18036.75,15161.8333,22250.0,-0.8052,491010.KS,0.3199,Neutral,0.4882,0.4013,33.29408765426501,34,616.8900146484375,0.0,0.0
2025-11-08,20415.0,20500.0,20500.0,20130.0,20415.0,350163.0,31884322.470000003,0,16507.4700000023,31867815.0,1561,51.929957,21000000.0,Neutral,48.33512352309344,20858.0,21117.0,19872.5833,18084.7917,15199.9583,22250.0,-0.9691,491010.KS,0.3199,Neutral,0.4882,0.4013,33.29408765426501,34,616.8900146484375,0.0,0.0
2025-11-09,20415.0,20500.0,20500.0,20130.0,20415.0,350163.0,31884322.470000003,0,16507.4700000023,31867815.0,1561,51.929957,21000000.0,Neutral,48.33512352309344,20677.0,21072.0,19928.75,18132.8333,15237.7292,22250.0,-1.0389,491010.KS,0.3199,Neutral,0.4882,0.4013,33.29408765426501,34,616.8900146484375,0.0,0.0
2025-11-10,20760.0,20455.0,20800.0,20345.0,20760.0,482918.0,32422867.470000003,0,16507.4700000023,32406360.0,1561,54.494457,21000000.0,Neutral,44.83944954128441,20665.0,21056.5,19976.5833,18183.75,15276.9375,22250.0,-0.9385,491010.KS,0.3488,Neutral,0.4594,0.4124,36.82820589628841,34,626.469970703125,0.0,0.0
2025-11-11,20620.0,20760.0,20795.0,20515.0,20620.0,330879.0,32204327.470000003,0,16507.4700000023,32187820.0,1561,53.45379033333333,21000000.0,Neutral,44.99424626006904,20525.0,21072.5,20024.0,18231.9167,15315.5625,22250.0,-0.8818,491010.KS,0.3503,Neutral,0.4534,0.4363,37.35943368769793,34,627.9099731445312,0.0,0.0
2025-11-12,20225.0,20545.0,20545.0,19935.0,20225.0,232111.0,31587732.470000003,0,16507.4700000023,31571225.0,1561,50.51762366666668,21000000.0,Neutral,31.740196078431367,20487.0,21100.0,20064.8333,18273.8333,15351.6875,22250.0,-0.9319,491010.KS,0.3533,Neutral,0.4605,0.4424,37.47379413158254,34,628.219970703125,0.0,0.0
2025-11-13,20275.0,20155.0,20350.0,20115.0,20275.0,174207.0,31665782.470000003,0,16507.4700000023,31649275.0,1561,50.889290333333335,21000000.0,Neutral,24.320652173913047,20459.0,21085.25,20106.5,18316.5417,15386.9792,22250.0,-0.9083,491010.KS,0.3142,Neutral,0.5053,0.4459,33.69987696706045,34,617.989990234375,0.0,0.0
2025-11-14,18755.0,19350.0,19350.0,18590.0,18755.0,444047.0,29293062.470000003,0,16507.4700000023,29276555.0,1561,39.59062366666668,21000000.0,Neutral,17.882117882117882,20127.0,20994.5,20124.0833,18344.5417,15416.2292,22250.0,-1.3251,491010.KS,0.3133,Neutral,0.499,0.4511,33.640861664161946,34,617.8300170898438,0.0,0.0
2025-11-15,18755.0,19350.0,19350.0,18590.0,18755.0,444047.0,29293062.470000003,0,16507.4700000023,29276555.0,1561,39.59062366666668,21000000.0,Neutral,17.882117882117882,19726.0,20903.75,20132.5,18370.0,15443.8958,22250.0,-1.5275,491010.KS,0.3133,Neutral,0.499,0.4511,33.640861664161946,34,617.8300170898438,0.0,0.0
2025-11-16,18755.0,19350.0,19350.0,18590.0,18755.0,444047.0,29293062.470000003,0,16507.4700000023,29276555.0,1561,39.59062366666668,21000000.0,Neutral,17.882117882117882,19353.0,20781.0,20143.8333,18395.4583,15472.4792,22250.0,-1.5802,491010.KS,0.3133,Neutral,0.499,0.4511,33.640861664161946,34,617.8300170898438,0.0,0.0
2025-11-17,19445.0,19000.0,19445.0,19000.0,19445.0,283019.0,30370152.470000003,0,16507.4700000023,30353645.0,1561,44.719623666666664,21000000.0,Neutral,28.05309734513274,19197.0,20700.5,20163.25,18426.6667,15503.9375,22250.0,-1.3098,491010.KS,0.286,Neutral,0.5462,0.4421,31.504872463794285,34,612.0399780273438,0.0,0.0
2025-11-18,18645.0,19065.0,19065.0,18570.0,18645.0,221556.0,29121352.470000003,0,16507.4700000023,29104845.0,1561,38.772957000000005,21000000.0,Neutral,27.11719418306245,18871.0,20547.0,20163.4167,18450.0833,15532.0625,22250.0,-1.324,491010.KS,0.2684,Neutral,0.5893,0.4388,29.645586452026322,34,607.0,0.0,0.0
2025-11-19,18635.0,18670.0,18895.0,18535.0,18635.0,217558.0,29105742.470000003,0,16507.4700000023,29089235.0,1561,38.69862366666668,21000000.0,Neutral,29.598506069094316,18847.0,20370.5,20163.4167,18476.2083,15559.6667,22250.0,-1.2612,491010.KS,0.2795,Neutral,0.5697,0.4295,30.45718759394792,34,609.2000122070312,0.0,0.0
2025-11-20,20055.0,19880.0,20065.0,19750.0,20055.0,450663.0,31322362.470000003,0,16507.4700000023,31305855.0,1561,49.25395699999999,21000000.0,Neutral,39.920318725099605,19107.0,20274.75,20187.0833,18514.2083,15592.5625,22250.0,-0.6828,491010.KS,0.249,Neutral,0.6174,0.4172,27.04848531420788,34,599.9600219726562,0.0,0.0
2025-11-21,18235.0,18290.0,18290.0,17930.0,18235.0,316782.0,28481342.470000003,0,16507.4700000023,28464835.0,1561,35.725290333333334,21000000.0,Neutral,34.840055632823365,19003.0,20088.0,20167.1667,18533.5417,15618.5208,22250.0,-0.8638,491010.KS,0.2788,Neutral,0.5684,0.3985,29.25085265762965,34,605.9299926757812,0.0,0.0
2025-11-22,18235.0,18290.0,18290.0,17930.0,18235.0,316782.0,28481342.470000003,0,16507.4700000023,28464835.0,1561,35.725290333333334,21000000.0,Neutral,34.840055632823365,18761.0,19901.25,20143.4167,18550.7917,15646.5,22250.0,-0.9211,491010.KS,0.2788,Neutral,0.5684,0.3985,29.25085265762965,34,605.9299926757812,0.0,0.0
2025-11-23,18235.0,18290.0,18290.0,17930.0,18235.0,316782.0,28481342.470000003,0,16507.4700000023,28464835.0,1561,35.725290333333334,21000000.0,Neutral,34.840055632823365,18679.0,19716.75,20124.8333,18568.0417,15676.0625,22250.0,-0.8948,491010.KS,0.2788,Neutral,0.5684,0.3985,29.25085265762965,34,605.9299926757812,0.0,0.0
2025-11-24,18115.0,18220.0,18220.0,17960.0,18115.0,128614.0,28294022.470000003,0,16507.4700000023,28277515.0,1561,34.83329033333333,21000000.0,Neutral,31.01220387652548,18575.0,19556.5,20111.6667,18584.2917,15705.125,22250.0,-0.8549,491010.KS,0.3119,Neutral,0.5173,0.3949,32.57471340309971,34,614.9400024414062,0.0,0.0
2025-11-25,18910.0,18985.0,19000.0,18770.0,18910.0,250952.0,29535017.470000003,0,16507.4700000023,29518510.0,1561,40.742790333333346,21000000.0,Neutral,38.779527559055126,18346.0,19461.0,20116.1667,18603.5833,15737.5,22250.0,-0.498,491010.KS,0.3347,Neutral,0.4833,0.3841,34.68485385576514,34,620.6599731445312,0.0,0.0
2025-11-26,18915.0,18765.0,18990.0,18610.0,18915.0,275726.0,29542822.470000003,0,16507.4700000023,29526315.0,1561,40.77995700000001,21000000.0,Neutral,40.94052558782849,18482.0,19340.75,20120.75,18622.125,15771.4375,22250.0,-0.2234,491010.KS,0.3574,Neutral,0.4566,0.3872,36.26748171159497,34,624.9500122070312,0.0,0.0
2025-11-27,19190.0,19070.0,19600.0,19045.0,19190.0,185708.0,29972097.470000003,0,16507.4700000023,29955590.0,1561,42.82412366666666,21000000.0,Neutral,42.72300469483568,18673.0,19279.5,20129.9167,18643.875,15806.1042,22250.0,0.0765,491010.KS,0.3805,Neutral,0.4571,0.3924,36.26748171159497,34,624.9500122070312,0.0,0.0
2025-11-28,19595.0,19295.0,19640.0,19215.0,19595.0,115389.0,30604302.470000003,0,16507.4700000023,30587795.0,1561,45.83462366666666,21000000.0,Neutral,56.62460567823344,18945.0,19238.5,20148.9167,18664.4583,15841.9792,22250.0,0.4197,491010.KS,0.3865,Neutral,0.4357,0.4019,37.54388746921052,34,628.4099731445312,0.0,0.0
2025-11-29,19595.0,19295.0,19640.0,19215.0,19595.0,115389.0,30604302.470000003,0,16507.4700000023,30587795.0,1561,45.83462366666666,21000000.0,Neutral,56.62460567823344,19241.0,19197.5,20164.25,18688.0833,15878.1667,22250.0,0.6353,491010.KS,0.3865,Neutral,0.4357,0.4019,37.54388746921052,34,628.4099731445312,0.0,0.0
2025-11-30,19595.0,19295.0,19640.0,19215.0,19595.0,115389.0,30604302.470000003,0,16507.4700000023,30587795.0,1561,45.83462366666666,21000000.0,Neutral,56.62460567823344,19378.0,19139.25,20181.0833,18711.7083,15917.0625,22250.0,0.7582,491010.KS,0.3785,Neutral,0.4345,0.4067,37.54388746921052,34,628.4099731445312,0.0,0.0
2025-12-01,19480.0,19625.0,19885.0,19365.0,19480.0,193026.0,31823384.910000004,0,12544.910000002244,31810840.0,1633,42.168532633928564,22400000.0,"cash_0%_Buy 100% of cash (72 shares - DCA Strategy) Monthly invest 6.2% of total investment ($1,400,000.00)",50.30355594102342,19491.0,19082.25,20185.0833,18734.375,15955.4792,22250.0,0.7767,491010.KS,0.3496,Neutral,0.4437,0.4191,35.38296350120359,36,625.52001953125,0.0,0.0
2025-12-02,19150.0,19205.0,19295.0,19135.0,19150.0,154402.0,31284494.910000004,0,12544.910000002244,31271950.0,1633,39.76277370535715,22400000.0,Neutral,54.76864966949953,19483.0,19028.5,20183.5833,18756.5833,15992.5208,22250.0,0.656,491010.KS,0.3478,Neutral,0.4311,0.4147,35.77251260398677,36,626.5800170898438,0.0,0.0
2025-12-03,19505.0,19270.0,19535.0,19270.0,19505.0,132553.0,31864209.910000004,0,12544.910000002244,31851665.0,1633,42.35078709821429,22400000.0,Neutral,57.712765957446805,19465.0,18990.0,20188.0,18776.75,16035.7083,22250.0,0.6796,491010.KS,0.354,Neutral,0.4208,0.4152,36.5773385012036,36,628.77001953125,0.0,0.0
2025-12-04,19560.0,19615.0,19640.0,19265.0,19560.0,78354.0,31954024.910000004,0,12544.910000002244,31941480.0,1633,42.751746919642876,22400000.0,Neutral,44.210526315789465,19458.0,19030.25,20193.3333,18797.1667,16076.2083,22250.0,0.6916,491010.KS,0.3513,Neutral,0.4111,0.4211,36.77210183738521,36,629.2999877929688,0.0,0.0
2025-12-05,20450.0,20235.0,20495.0,20145.0,20450.0,347183.0,33407394.910000004,0,12544.910000002244,33394850.0,1633,49.24000584821428,22400000.0,Neutral,83.10911808669657,19629.0,19115.0,20213.5,18825.75,16121.25,22250.0,0.9681,491010.KS,0.3615,Neutral,0.4015,0.4298,37.20574914573484,36,630.47998046875,0.0,0.0
2025-12-06,20450.0,20235.0,20495.0,20145.0,20450.0,347183.0,33407394.910000004,0,12544.910000002244,33394850.0,1633,49.24000584821428,22400000.0,Neutral,83.10911808669657,19823.0,19199.75,20233.6667,18855.1667,16162.875,22250.0,1.0993,491010.KS,0.3615,Neutral,0.4015,0.4298,37.20574914573484,36,630.47998046875,0.0,0.0
2025-12-07,20450.0,20235.0,20495.0,20145.0,20450.0,347183.0,33407394.910000004,0,12544.910000002244,33394850.0,1633,49.24000584821428,22400000.0,Neutral,83.10911808669657,20083.0,19250.0,20253.8333,18884.5833,16205.1458,22250.0,1.1304,491010.KS,0.3615,Neutral,0.4015,0.4298,37.20574914573484,36,630.47998046875,0.0,0.0
2025-12-08,20435.0,20445.0,20485.0,20235.0,20435.0,137326.0,33382899.910000004,0,12544.910000002244,33370355.0,1633,49.13065316964287,22400000.0,Neutral,85.80246913580247,20269.0,19339.5,20273.75,18913.875,16247.3542,22250.0,1.0903,491010.KS,0.3552,Neutral,0.4236,0.4189,36.518525940168445,36,628.6099853515625,0.0,0.0
2025-12-09,20270.0,20435.0,20485.0,20215.0,20270.0,125699.0,33113454.910000004,0,12544.910000002244,33100910.0,1633,47.92777370535715,22400000.0,Neutral,76.0536398467433,20411.0,19421.25,20274.25,18941.9583,16288.875,22250.0,0.9574,491010.KS,0.356,Neutral,0.4284,0.4105,36.331097351301224,36,628.0999755859375,0.0,0.0
2025-12-10,20370.0,20450.0,20460.0,20300.0,20370.0,63205.0,33276754.910000004,0,12544.910000002244,33264210.0,1633,48.656791562500004,22400000.0,Neutral,76.89463955637707,20395.0,19437.0,20276.4167,18972.4583,16330.6875,22250.0,0.8565,491010.KS,0.3731,Neutral,0.4109,0.403,37.82314645408445,36,632.1599731445312,0.0,0.0
2025-12-11,20270.0,20475.0,20580.0,20160.0,20270.0,239395.0,33113454.910000004,0,12544.910000002244,33100910.0,1633,47.92777370535715,22400000.0,Neutral,71.34387351778656,20359.0,19538.75,20276.9167,18997.625,16372.0625,22250.0,0.7151,491010.KS,0.3849,Neutral,0.3942,0.3932,38.392789398420376,36,633.7100219726562,0.0,0.0
2025-12-12,20975.0,20680.0,20975.0,20680.0,20975.0,227570.0,34264719.910000004,0,12544.910000002244,34252175.0,1633,53.067349598214285,22400000.0,Neutral,74.38162544169612,20464.0,19675.75,20284.75,19031.6667,16416.8333,22250.0,0.8099,491010.KS,0.3498,Neutral,0.4053,0.3867,35.87907952903561,36,626.8699951171875,0.0,0.0
2025-12-13,20975.0,20680.0,20975.0,20680.0,20975.0,227570.0,34264719.910000004,0,12544.910000002244,34252175.0,1633,53.067349598214285,22400000.0,Neutral,74.38162544169612,20572.0,19812.75,20276.6667,19065.7083,16461.125,22250.0,0.8205,491010.KS,0.3498,Neutral,0.4053,0.3867,35.87907952903561,36,626.8699951171875,0.0,0.0
2025-12-14,20975.0,20680.0,20975.0,20680.0,20975.0,227570.0,34264719.910000004,0,12544.910000002244,34252175.0,1633,53.067349598214285,22400000.0,Neutral,74.38162544169612,20713.0,19955.75,20264.0,19099.75,16505.2708,22250.0,0.7763,491010.KS,0.3498,Neutral,0.4053,0.3867,35.87907952903561,36,626.8699951171875,0.0,0.0
2025-12-15,19580.0,20150.0,20150.0,19090.0,19580.0,290632.0,31986684.910000004,0,12544.910000002244,31974140.0,1633,42.89755049107144,22400000.0,Neutral,51.21654501216545,20555.0,19989.25,20219.5,19122.1667,16543.6042,22250.0,0.2616,491010.KS,0.3407,Neutral,0.4198,0.3886,35.544664398420394,36,625.9600219726562,0.0,0.0
2025-12-16,18915.0,19220.0,19220.0,18890.0,18915.0,210351.0,30900739.910000004,0,12544.910000002244,30888195.0,1633,38.04958174107142,22400000.0,Neutral,47.356580427446566,20284.0,19989.25,20179.3333,19142.9583,16579.1667,22250.0,-0.2951,491010.KS,0.3504,Neutral,0.4252,0.3915,34.9015393984204,36,624.2100219726562,0.0,0.0
2025-12-17,19125.0,19100.0,19140.0,18840.0,19125.0,219521.0,31243669.910000004,0,12544.910000002244,31231125.0,1633,39.58051924107144,22400000.0,Neutral,45.58139534883721,19914.0,19986.0,20142.6667,19165.0,16616.3125,22250.0,-0.572,491010.KS,0.3309,Neutral,0.4452,0.3925,32.38047235130125,36,617.3499755859375,0.0,0.0
2025-12-18,17970.0,18125.0,18125.0,17950.0,17970.0,200869.0,29357554.910000004,0,12544.910000002244,29345010.0,1633,31.16036299107143,22400000.0,Neutral,35.277777777777786,19313.0,19904.75,20086.75,19182.5833,16649.5417,22250.0,-1.0975,491010.KS,0.345,Neutral,0.4315,0.3918,34.09303491233641,36,622.010009765625,0.0,0.0
2025-12-19,18590.0,18480.0,18620.0,18295.0,18590.0,162721.0,30370014.910000004,0,12544.910000002244,30357470.0,1633,35.68027370535716,22400000.0,Neutral,31.87134502923976,18836.0,19854.5,20041.3333,19205.0,16683.2708,22250.0,-1.1774,491010.KS,0.3787,Neutral,0.3943,0.3919,36.13265542625237,36,627.5599975585938,0.0,0.0
2025-12-20,18590.0,18480.0,18620.0,18295.0,18590.0,162721.0,30370014.910000004,0,12544.910000002244,30357470.0,1633,35.68027370535716,22400000.0,Neutral,31.87134502923976,18638.0,19804.25,20000.0,19227.9583,16716.5417,22250.0,-1.1696,491010.KS,0.3787,Neutral,0.3943,0.3919,36.13265542625237,36,627.5599975585938,0.0,0.0
2025-12-21,18590.0,18480.0,18620.0,18295.0,18590.0,162721.0,30370014.910000004,0,12544.910000002244,30357470.0,1633,35.68027370535716,22400000.0,Neutral,31.87134502923976,18573.0,19759.75,19971.5,19250.9167,16747.3542,22250.0,-1.1041,491010.KS,0.3787,Neutral,0.3943,0.3919,36.13265542625237,36,627.5599975585938,0.0,0.0
2025-12-22,19240.0,19140.0,19250.0,19010.0,19240.0,206562.0,31431464.910000004,0,12544.910000002244,31418920.0,1633,40.41888977678572,22400000.0,Neutral,39.635732870771896,18596.0,19764.25,19964.25,19279.2917,16780.875,22250.0,-0.7869,491010.KS,0.3892,Neutral,0.3792,0.4007,37.580966645734804,36,629.72998046875,1.771,0.0
2025-12-23,19295.0,19250.0,19400.0,19205.0,19295.0,108915.0,31521279.910000004,0,12544.910000002244,31508735.0,1633,40.8198495982143,22400000.0,Neutral,41.3793103448276,18861.0,19753.75,19943.0,19305.7917,16814.625,22250.0,-0.523,491010.KS,0.3958,Neutral,0.3769,0.4124,38.661417542951654,36,632.6699829101562,0.0,0.0
2025-12-24,18955.0,19435.0,19435.0,18910.0,18955.0,106590.0,30966059.910000004,0,12544.910000002244,30953515.0,1633,38.34118888392859,22400000.0,Neutral,37.99830364715861,18934.0,19723.5,19916.0833,19329.25,16846.7917,22250.0,-0.4362,491010.KS,0.3911,Neutral,0.3712,0.426,39.43685959007075,36,634.780029296875,0.0,0.0
2025-12-25,18955.0,19435.0,19435.0,18910.0,18955.0,106590.0,30966059.910000004,0,12544.910000002244,30953515.0,1633,38.34118888392859,22400000.0,Neutral,38.65401207937878,19007.0,19648.75,19889.1667,19350.0833,16878.6875,22250.0,-0.3516,491010.KS,0.3931,Neutral,0.3714,0.4421,39.43685959007075,36,634.780029296875,0.0,0.0
2025-12-26,18870.0,19010.0,19085.0,18715.0,18870.0,117599.0,30827254.910000004,0,12544.910000002244,30814710.0,1633,37.72152370535715,22400000.0,Neutral,29.66183574879227,19063.0,19569.75,19850.1667,19371.0833,16910.6458,22250.0,-0.3001,491010.KS,0.3819,Neutral,0.3741,0.4389,39.45890869285398,36,634.8400268554688,0.0,0.0
2025-12-27,18870.0,19010.0,19085.0,18715.0,18870.0,117599.0,30827254.910000004,0,12544.910000002244,30814710.0,1633,37.72152370535715,22400000.0,Neutral,29.66183574879227,18989.0,19490.75,19813.75,19387.4583,16942.6042,22250.0,-0.2432,491010.KS,0.3819,Neutral,0.3741,0.4389,39.45890869285398,36,634.8400268554688,0.0,0.0
2025-12-28,18870.0,19010.0,19085.0,18715.0,18870.0,117599.0,30827254.910000004,0,12544.910000002244,30814710.0,1633,37.72152370535715,22400000.0,Neutral,29.66183574879227,18904.0,19412.5,19766.3333,19403.8333,16973.5625,22250.0,-0.1853,491010.KS,0.3819,Neutral,0.3741,0.4389,39.45890869285398,36,634.8400268554688,0.0,0.0
2025-12-29,18625.0,18870.0,18870.0,18525.0,18625.0,96757.0,30459829.910000004,0,45204.910000002244,30414625.0,1633,36.08123352678572,22400000.0,Dividend_20.00,38.13664596273292,18838.0,19330.25,19707.3333,19418.1667,17003.5,22250.0,-0.2115,491010.KS,0.3753,Neutral,0.3854,0.4313,38.635689851301265,36,632.5999755859375,0.0,20.0
2025-12-30,18585.0,18695.0,18695.0,18380.0,18585.0,80842.0,30394509.910000004,0,45204.910000002244,30349305.0,1633,35.78962638392857,22400000.0,Neutral,45.147058823529406,18764.0,19241.0,19650.9167,19436.375,17033.2708,22250.0,-0.2202,491010.KS,0.3653,Neutral,0.3858,0.426,38.31228805686763,36,631.719970703125,0.0,0.0
2025-12-31,18585.0,18695.0,18695.0,18380.0,18585.0,80842.0,30394509.910000004,0,45204.910000002244,30349305.0,1633,35.78962638392857,22400000.0,Neutral,41.536050156739805,18707.0,19156.75,19594.5,19455.2083,17063.0417,22250.0,-0.2036,491010.KS,0.3476,Neutral,0.3934,0.4091,36.625475617902794,36,627.1300048828125,0.0,0.0
2026-01-01,18585.0,18695.0,18695.0,18380.0,18585.0,80842.0,31793078.865000002,0,12728.865000002319,31780350.0,1710,33.68421497899159,23800000.0,"cash_0%_Buy 100% of cash (77 shares - DCA Strategy) Monthly invest 5.9% of total investment ($1,400,000.00)",65.11056511056512,18650.0,19037.25,19538.0833,19475.2083,17092.8125,22250.0,-0.1712,491010.KS,0.3413,Neutral,0.3925,0.3915,35.53798358745624,39,627.1300048828125,0.0,0.0
2026-01-02,18655.0,18575.0,18665.0,18275.0,18655.0,346483.0,31912778.865000002,0,12728.865000002319,31900050.0,1710,34.18715615546217,23800000.0,Neutral,52.188552188552194,18607.0,18921.25,19483.5833,19494.4583,17121.4375,22250.0,-0.1066,491010.KS,0.345,Neutral,0.3843,0.381,35.967299630521836,39,628.2999877929688,0.0,0.0
2026-01-03,18655.0,18575.0,18665.0,18275.0,18655.0,346483.0,31912778.865000002,0,12728.865000002319,31900050.0,1710,34.18715615546217,23800000.0,Neutral,52.188552188552194,18613.0,18805.25,19439.1667,19512.7917,17150.2917,22250.0,-0.0484,491010.KS,0.345,Neutral,0.3843,0.381,35.967299630521836,39,628.2999877929688,0.0,0.0
2026-01-04,18655.0,18575.0,18665.0,18275.0,18655.0,346483.0,31912778.865000002,0,12728.865000002319,31900050.0,1710,34.18715615546217,23800000.0,Neutral,52.188552188552194,18627.0,18759.0,19403.0833,19531.125,17179.1042,22250.0,0.0029,491010.KS,0.345,Neutral,0.3843,0.381,35.967299630521836,39,628.2999877929688,0.0,0.0
2026-01-05,19470.0,19145.0,19520.0,19145.0,19470.0,231470.0,33306428.865000002,0,12728.865000002319,33293700.0,1710,40.042828424369745,23800000.0,Neutral,56.96969696969697,18804.0,18786.75,19372.25,19556.25,17211.3125,22250.0,0.3235,491010.KS,0.3601,Neutral,0.3903,0.3985,37.49379151133277,39,632.4600219726562,0.0,0.0
2026-01-06,19755.0,19820.0,19820.0,19530.0,19755.0,163840.0,33793778.865,0,12728.865000002319,33781050.0,1710,42.09051749999999,23800000.0,Neutral,62.23404255319149,19038.0,18818.25,19361.25,19583.6667,17244.7083,22250.0,0.6143,491010.KS,0.3584,Neutral,0.3866,0.4008,38.86982456918403,39,636.2100219726562,0.0,0.0
2026-01-07,19850.0,19800.0,19970.0,19790.0,19850.0,257736.0,33956228.865,0,12728.865000002319,33943500.0,1710,42.77308052521007,23800000.0,Neutral,77.37003058103976,19277.0,18912.25,19351.8333,19612.2083,17277.4167,22250.0,0.8049,491010.KS,0.3574,Neutral,0.3994,0.397,38.12124825203526,39,634.1699829101562,0.0,0.0
2026-01-08,19595.0,19840.0,19840.0,19540.0,19595.0,195053.0,33520178.865000002,0,12728.865000002319,33507450.0,1710,40.940937668067235,23800000.0,Neutral,66.93121693121694,19465.0,18962.5,19338.1667,19633.4583,17307.8542,22250.0,0.8047,491010.KS,0.3484,Neutral,0.3965,0.4079,38.080889990800756,39,634.0599975585938,0.0,0.0
2026-01-09,19420.0,19350.0,19420.0,19170.0,19420.0,234459.0,33220928.865000002,0,12728.865000002319,33208200.0,1710,39.68358472689075,23800000.0,Neutral,63.888888888888886,19618.0,19004.0,19315.8333,19646.2083,17335.5625,22250.0,0.7105,491010.KS,0.3682,Neutral,0.3806,0.4334,39.64039412303214,39,638.3099975585938,0.0,0.0
2026-01-10,19420.0,19350.0,19420.0,19170.0,19420.0,234459.0,33220928.865000002,0,12728.865000002319,33208200.0,1710,39.68358472689075,23800000.0,Neutral,63.888888888888886,19608.0,19045.5,19295.8333,19659.9167,17363.4583,22250.0,0.6191,491010.KS,0.3682,Neutral,0.3806,0.4334,39.64039412303214,39,638.3099975585938,0.0,0.0
2026-01-11,19420.0,19350.0,19420.0,19170.0,19420.0,234459.0,33220928.865000002,0,12728.865000002319,33208200.0,1710,39.68358472689075,23800000.0,Neutral,63.888888888888886,19541.0,19054.5,19282.4167,19673.625,17392.0417,22250.0,0.5328,491010.KS,0.3682,Neutral,0.3806,0.4334,39.64039412303214,39,638.3099975585938,0.0,0.0
2026-01-12,20005.0,19910.0,20055.0,19845.0,20005.0,286242.0,34221278.865,0,12728.865000002319,34208550.0,1710,43.886735987394964,23800000.0,Neutral,79.74137931034483,19572.0,19090.0,19277.9167,19692.2083,17423.0625,22250.0,0.646,491010.KS,0.3649,Neutral,0.3917,0.4432,40.018355286513554,39,639.3400268554688,0.0,0.0
2026-01-13,20620.0,20215.0,20620.0,20215.0,20620.0,270608.0,35272928.865,0,12728.865000002319,35260200.0,1710,48.30543346638656,23800000.0,Neutral,85.146804835924,19777.0,19173.25,19309.0,19716.5417,17456.6458,22250.0,0.8838,491010.KS,0.3666,Neutral,0.4094,0.4722,39.5376619674924,39,638.030029296875,0.0,0.0
2026-01-14,20860.0,20750.0,20875.0,20705.0,20860.0,190763.0,35683328.865,0,12728.865000002319,35670600.0,1710,50.029803214285714,23800000.0,Neutral,86.28389154704944,20065.0,19268.5,19344.0833,19738.2917,17491.7292,22250.0,1.0596,491010.KS,0.3514,Neutral,0.4251,0.5163,38.25701505536688,39,634.5399780273438,0.0,0.0
2026-01-15,20700.0,20740.0,20740.0,20225.0,20700.0,271542.0,35409728.865,0,12728.865000002319,35397000.0,1710,48.88022338235294,23800000.0,Neutral,82.09408194233687,20321.0,19360.0,19376.5,19760.1667,17524.8333,22250.0,1.0557,491010.KS,0.3573,Neutral,0.4063,0.5186,39.02026099577233,39,636.6199951171875,0.0,0.0
2026-01-16,21230.0,20795.0,21230.0,20795.0,21230.0,312853.0,36316028.865,0,12728.865000002319,36303300.0,1710,52.68820657563025,23800000.0,Neutral,84.28761651131825,20683.0,19478.0,19406.25,19784.75,17560.5208,22250.0,1.1582,491010.KS,0.3477,Neutral,0.3996,0.5139,38.825793303042474,39,636.0900268554688,0.0,0.0
2026-01-17,21230.0,20795.0,21230.0,20795.0,21230.0,312853.0,36316028.865,0,12728.865000002319,36303300.0,1710,52.68820657563025,23800000.0,Neutral,84.28761651131825,20928.0,19596.0,19449.3333,19806.375,17596.8958,22250.0,1.1489,491010.KS,0.3477,Neutral,0.3996,0.5139,38.825793303042474,39,636.0900268554688,0.0,0.0
2026-01-18,21230.0,20795.0,21230.0,20795.0,21230.0,312853.0,36316028.865,0,12728.865000002319,36303300.0,1710,52.68820657563025,23800000.0,Neutral,84.28761651131825,21050.0,19726.25,19492.5833,19828.0,17632.3125,22250.0,1.0683,491010.KS,0.3477,Neutral,0.3996,0.5139,38.825793303042474,39,636.0900268554688,0.0,0.0
2026-01-19,21090.0,21230.0,21230.0,20985.0,21090.0,271445.0,36076628.865,0,12728.865000002319,36063900.0,1710,51.682324222689076,23800000.0,Neutral,76.2987012987013,21096.0,19851.5,19509.8333,19848.4583,17667.1458,22250.0,0.9021,491010.KS,0.3323,Neutral,0.4518,0.5081,38.825793303042474,39,636.0900268554688,0.0,0.0
2026-01-20,21085.0,21000.0,21142.0,20835.0,21085.0,246817.0,36068078.865,0,12728.865000002319,36055350.0,1710,51.64639985294117,23800000.0,Neutral,73.75,21173.0,19976.5,19557.3333,19862.25,17701.9583,22250.0,0.7318,491010.KS,0.294,Neutral,0.4754,0.5046,34.077561002228975,39,623.1500244140625,0.0,0.0
2026-01-21,21335.0,21005.0,21335.0,21005.0,21335.0,272338.0,36495578.865,0,12728.865000002319,36482850.0,1710,53.442618340336125,23800000.0,Neutral,75.1269035532995,21194.0,20114.0,19609.0,19876.2083,17736.9167,22250.0,0.6453,491010.KS,0.3334,Neutral,0.4205,0.4983,36.71587594767058,39,630.3400268554688,0.0,0.0
2026-01-22,21715.0,21480.0,21760.0,21450.0,21715.0,370790.0,37145378.865,0,12728.865000002319,37132650.0,1710,56.17287044117647,23800000.0,Neutral,84.41558441558442,21291.0,20267.0,19667.0,19895.9167,17773.25,22250.0,0.6531,491010.KS,0.3522,Neutral,0.3966,0.4955,37.901091921327605,39,633.5700073242188,0.0,0.0
2026-01-23,21515.0,21435.0,21535.0,21410.0,21515.0,244104.0,36803378.865,0,12728.865000002319,36790650.0,1710,54.73589565126051,23800000.0,Neutral,83.73590982286635,21348.0,20410.0,19723.6667,19917.6667,17807.3125,22250.0,0.5398,491010.KS,0.339,Neutral,0.4066,0.5158,37.996500463424695,39,633.8300170898438,0.0,0.0
2026-01-24,21515.0,21435.0,21535.0,21410.0,21515.0,244104.0,36803378.865,0,12728.865000002319,36790650.0,1710,54.73589565126051,23800000.0,Neutral,83.73590982286635,21433.0,20553.0,19767.0833,19941.625,17839.8333,22250.0,0.4174,491010.KS,0.339,Neutral,0.4066,0.5158,37.996500463424695,39,633.8300170898438,0.0,0.0
2026-01-25,21515.0,21435.0,21535.0,21410.0,21515.0,244104.0,36803378.865,0,12728.865000002319,36790650.0,1710,54.73589565126051,23800000.0,Neutral,83.73590982286635,21519.0,20655.25,19810.4167,19965.5833,17874.8542,22250.0,0.2951,491010.KS,0.339,Neutral,0.4066,0.5158,37.996500463424695,39,633.8300170898438,0.0,0.0
2026-01-26,20935.0,21410.0,21410.0,20775.0,20935.0,263603.0,35811578.865,0,12728.865000002319,35798850.0,1710,50.56866876050421,23800000.0,Neutral,65.0,21439.0,20714.25,19839.5,19984.7083,17907.4583,22250.0,0.0037,491010.KS,0.3446,Neutral,0.4093,0.5325,39.192735451802804,39,637.0900268554688,0.0,0.0
2026-01-27,20985.0,20855.0,21040.0,20710.0,20985.0,212139.0,35897078.865,0,12728.865000002319,35884350.0,1710,50.92791245798318,23800000.0,Neutral,57.1992110453649,21293.0,20771.0,19862.6667,20005.7917,17940.2708,22250.0,-0.1871,491010.KS,0.3452,Neutral,0.4131,0.5624,40.150449084938145,39,639.7000122070312,0.0,0.0
2026-01-28,21640.0,21285.0,21675.0,21285.0,21640.0,297603.0,37017128.865,0,12728.865000002319,37004400.0,1710,55.634004894957975,23800000.0,Neutral,63.22033898305085,21318.0,20873.25,19896.75,20030.5,17976.375,22250.0,-0.1215,491010.KS,0.3414,Neutral,0.4128,0.5854,40.146776080031145,39,639.6900024414062,0.0,0.0
2026-01-29,22125.0,21885.0,22137.0,21810.0,22125.0,530987.0,37846478.865,0,12728.865000002319,37833750.0,1710,59.1186687605042,23800000.0,Neutral,71.7557251908397,21440.0,21008.5,19938.9167,20060.0,18014.5,22250.0,0.0481,491010.KS,0.3347,Neutral,0.4259,0.6307,39.62572449977543,39,638.27001953125,0.0,0.0
2026-01-30,21770.0,21870.0,21900.0,21650.0,21770.0,312588.0,37239428.865,0,12728.865000002319,37226700.0,1710,56.56803850840335,23800000.0,Neutral,58.70967741935484,21491.0,21126.0,19977.0833,20081.0833,18049.25,22250.0,0.0209,491010.KS,0.3279,Neutral,0.4361,0.6378,38.87347517771968,39,636.219970703125,0.0,0.0
2026-01-31,21770.0,21870.0,21900.0,21650.0,21770.0,312588.0,37239428.865,0,12728.865000002319,37226700.0,1710,56.56803850840335,23800000.0,Neutral,58.70967741935484,21658.0,21243.5,20020.75,20102.1667,18084.4792,22250.0,-0.0208,491010.KS,0.3426,Neutral,0.4403,0.6421,38.87347517771968,39,636.219970703125,0.0,0.0
2026-02-01,21770.0,21870.0,21900.0,21650.0,21770.0,312588.0,38638035.585,0,18055.585000002524,38619980.0,1774,53.425388035714285,25200000.0,"cash_0%_Buy 100% of cash (64 shares - DCA Strategy) Monthly invest 5.6% of total investment ($1,400,000.00)",58.70967741935484,21815.0,21331.75,20058.5,20123.25,18119.7083,22250.0,-0.069,491010.KS,0.3476,Neutral,0.4404,0.6344,37.77749142165851,40,636.219970703125,0.0,0.0
2026-02-02,20745.0,20995.0,21475.0,20680.0,20745.0,400908.0,36819685.585,0,18055.585000002524,36801630.0,1774,46.20971343253968,25200000.0,Neutral,45.67126725219574,21636.0,21338.0,20078.25,20135.7917,18150.6667,22250.0,-0.4238,491010.KS,0.3657,Neutral,0.416,0.5837,39.039548616602815,40,639.6799926757812,0.0,0.0
2026-02-03,21755.0,21435.0,21865.0,21435.0,21755.0,229234.0,38611425.585,0,18055.585000002524,38593370.0,1774,53.319792797619044,25200000.0,Neutral,56.71342685370741,21562.0,21382.75,20100.0,20156.75,18185.8333,22250.0,-0.3437,491010.KS,0.3441,Neutral,0.4481,0.5629,37.022470029336546,40,634.1500244140625,0.0,0.0
2026-02-04,22210.0,22050.0,22295.0,22050.0,22210.0,385752.0,39418595.585,0,18055.585000002524,39400540.0,1774,56.5228483531746,25200000.0,Neutral,58.42155919153032,21650.0,21458.25,20129.3333,20181.5,18222.8333,22250.0,-0.1616,491010.KS,0.35,Neutral,0.4602,0.5836,35.840648049876336,40,630.9099731445312,0.0,0.0
2026-02-05,21340.0,21620.0,21620.0,21075.0,21340.0,334696.0,37875215.585,0,18055.585000002524,37857160.0,1774,50.39832454365079,25200000.0,Neutral,46.7018469656992,21564.0,21463.75,20144.1667,20199.0,18255.4792,22250.0,-0.3184,491010.KS,0.3007,Neutral,0.5246,0.5785,32.99191943219259,40,623.0999755859375,0.0,0.0
2026-02-06,20760.0,20800.0,20880.0,20410.0,20760.0,268054.0,36846295.585,0,18055.585000002524,36828240.0,1774,46.31530867063491,25200000.0,Neutral,43.7757625721352,21362.0,21440.25,20149.5833,20211.6667,18286.8333,22250.0,-0.5922,491010.KS,0.3542,Neutral,0.4486,0.582,37.42003952936852,40,635.239990234375,0.0,0.0
2026-02-07,20760.0,20800.0,20880.0,20410.0,20760.0,268054.0,36846295.585,0,18055.585000002524,36828240.0,1774,46.31530867063491,25200000.0,Neutral,43.7757625721352,21365.0,21416.75,20157.75,20216.0,18317.3542,22250.0,-0.7516,491010.KS,0.3542,Neutral,0.4486,0.582,37.42003952936852,40,635.239990234375,0.0,0.0
2026-02-08,20760.0,20800.0,20880.0,20410.0,20760.0,268054.0,36846295.585,0,18055.585000002524,36828240.0,1774,46.31530867063491,25200000.0,Neutral,43.7757625721352,21166.0,21400.25,20164.25,20220.3333,18347.5417,22250.0,-0.8289,491010.KS,0.3542,Neutral,0.4486,0.582,37.42003952936852,40,635.239990234375,0.0,0.0
2026-02-09,21905.0,22195.0,22195.0,21705.0,21905.0,281302.0,38877525.585,0,18055.585000002524,38859470.0,1774,54.37574517857142,25200000.0,Neutral,57.31523378582202,21105.0,21441.25,20191.5,20234.2083,18382.5,22250.0,-0.5047,491010.KS,0.3825,Neutral,0.4405,0.6126,38.510650721415146,40,638.22998046875,0.0,0.0
2026-02-10,22485.0,22360.0,22510.0,22305.0,22485.0,447084.0,39906445.585,0,18055.585000002524,39888390.0,1774,58.458761051587295,25200000.0,Neutral,60.47486033519554,21334.0,21498.75,20216.6667,20250.7083,18419.875,22485.0,-0.117,491010.KS,0.3926,Neutral,0.4518,0.6137,37.86867994624865,40,636.469970703125,0.0,0.0
2026-02-11,22250.0,22240.0,22280.0,22065.0,22250.0,188870.0,39489555.585,0,18055.585000002524,39471500.0,1774,56.804435654761896,25200000.0,Neutral,54.52522255192879,21632.0,21525.5,20237.9167,20257.2917,18455.6042,22485.0,0.0469,491010.KS,0.381,Neutral,0.4474,0.6133,37.84316675064798,40,636.4000244140625,0.0,0.0
2026-02-12,22720.0,22575.0,22760.0,22570.0,22720.0,396977.0,40323335.585,0,18055.585000002524,40305280.0,1774,60.11308644841269,25200000.0,Neutral,54.42379182156135,22024.0,21585.75,20267.0,20265.5,18491.9583,22720.0,0.2705,491010.KS,0.3612,Neutral,0.5118,0.5993,34.228441168712806,40,626.489990234375,0.0,0.0
2026-02-13,22460.0,22420.0,22480.0,22125.0,22460.0,306046.0,39862095.585,0,18055.585000002524,39844040.0,1774,58.282768988095235,25200000.0,Neutral,55.20361990950227,22364.0,21633.0,20315.0,20267.25,18527.375,22720.0,0.304,491010.KS,0.361,Neutral,0.5118,0.5892,34.37435171318643,40,626.8900146484375,0.0,0.0
2026-02-14,22460.0,22420.0,22480.0,22125.0,22460.0,306046.0,39862095.585,0,18055.585000002524,39844040.0,1774,58.282768988095235,25200000.0,Neutral,55.20361990950227,22475.0,21680.25,20374.0833,20276.7083,18562.7917,22720.0,0.2932,491010.KS,0.361,Neutral,0.5118,0.5892,34.37435171318643,40,626.8900146484375,0.0,0.0
2026-02-15,22460.0,22420.0,22480.0,22125.0,22460.0,306046.0,39862095.585,0,18055.585000002524,39844040.0,1774,58.282768988095235,25200000.0,Neutral,55.20361990950227,22470.0,21756.5,20429.6667,20286.1667,18598.625,22720.0,0.2548,491010.KS,0.361,Neutral,0.5118,0.5892,34.37435171318643,40,626.8900146484375,0.0,0.0
2026-02-16,22460.0,22420.0,22480.0,22125.0,22460.0,306046.0,39862095.585,0,18055.585000002524,39844040.0,1774,58.282768988095235,25200000.0,Neutral,65.29884032114185,22512.0,21830.25,20504.5,20295.625,18634.4583,22720.0,0.2008,491010.KS,0.386,Neutral,0.5217,0.5723,34.37435171318643,40,626.8900146484375,0.0,0.0
2026-02-17,22460.0,22420.0,22480.0,22125.0,22460.0,306046.0,39862095.585,0,18055.585000002524,39844040.0,1774,58.282768988095235,25200000.0,Neutral,57.67138193688792,22460.0,21871.25,20569.0,20305.1667,18670.2917,22720.0,0.1394,491010.KS,0.4041,Neutral,0.5056,0.548,34.7755723162538,40,627.989990234375,0.0,0.0
2026-02-18,22460.0,22420.0,22480.0,22125.0,22460.0,306046.0,39862095.585,0,18055.585000002524,39844040.0,1774,58.282768988095235,25200000.0,Neutral,53.01932367149759,22460.0,21888.0,20633.5,20316.75,18705.8125,22720.0,0.0765,491010.KS,0.411,Neutral,0.4882,0.5576,35.95009208964325,40,631.2100219726562,0.0,0.0
2026-02-19,23085.0,23225.0,23245.0,22830.0,23085.0,349881.0,40970845.585,0,18055.585000002524,40952790.0,1774,62.68257057539681,25200000.0,Neutral,72.400513478819,22585.0,21953.75,20708.4167,20339.9583,18743.0208,23085.0,0.1949,491010.KS,0.418,Neutral,0.4999,0.5911,35.33730787593615,40,629.530029296875,0.0,0.0
2026-02-20,23025.0,23150.0,23325.0,23000.0,23025.0,361210.0,40864405.585,0,18055.585000002524,40846350.0,1774,62.26018962301587,25200000.0,Neutral,83.55555555555556,22698.0,22016.5,20771.5,20367.875,18778.7917,23085.0,0.2227,491010.KS,0.4112,Neutral,0.4777,0.6171,36.98963236484175,40,634.0599975585938,0.0,0.0
2026-02-21,23025.0,23150.0,23325.0,23000.0,23025.0,361210.0,40864405.585,0,18055.585000002524,40846350.0,1774,62.26018962301587,25200000.0,Neutral,83.55555555555556,22811.0,22079.25,20833.6667,20388.3333,18815.2083,23085.0,0.2093,491010.KS,0.4112,Neutral,0.4777,0.6171,36.98963236484175,40,634.0599975585938,0.0,0.0
2026-02-22,23025.0,23150.0,23325.0,23000.0,23025.0,361210.0,40864405.585,0,18055.585000002524,40846350.0,1774,62.26018962301587,25200000.0,Neutral,83.55555555555556,22924.0,22193.25,20901.5,20408.7917,18850.5208,23085.0,0.1708,491010.KS,0.4112,Neutral,0.4777,0.6171,36.98963236484175,40,634.0599975585938,0.0,0.0
2026-02-23,22710.0,23020.0,23025.0,22700.0,22710.0,307826.0,40305595.585,0,18055.585000002524,40287540.0,1774,60.04268962301587,25200000.0,Neutral,65.81532416502947,22974.0,22241.0,20964.0833,20426.625,18884.5208,23085.0,0.0293,491010.KS,0.3787,Neutral,0.5196,0.6414,34.64426618392156,40,627.6300048828125,0.0,0.0
2026-02-24,23350.0,23000.0,23390.0,23000.0,23350.0,346483.0,41440955.585,0,18055.585000002524,41422900.0,1774,64.5480864484127,25200000.0,Neutral,66.60268714011517,23027.0,22298.0,21038.75,20444.4583,18921.1875,23350.0,0.1005,491010.KS,0.4113,Neutral,0.4943,0.6648,36.31484618800394,40,632.2100219726562,0.0,0.0
2026-02-25,23560.0,23995.0,23995.0,23400.0,23560.0,398475.0,41813495.585,0,18055.585000002524,41795440.0,1774,66.02641978174601,25200000.0,Neutral,75.3875968992248,23134.0,22409.0,21116.9167,20465.3333,18958.7083,23560.0,0.1782,491010.KS,0.4217,Neutral,0.4629,0.6669,38.244387353715354,40,637.5,0.0,0.0
2026-02-26,23980.0,24065.0,24065.0,23810.0,23980.0,483195.0,42558575.585,0,18055.585000002524,42540520.0,1774,68.98308644841269,25200000.0,Neutral,74.901185770751,23325.0,22570.0,21202.0833,20484.2083,18997.8125,23980.0,0.3132,491010.KS,0.414,Neutral,0.4793,0.6606,36.97139911248843,40,634.010009765625,0.0,0.0
2026-02-27,23690.0,23800.0,23800.0,23390.0,23690.0,404200.0,42044115.585,0,18055.585000002524,42026060.0,1774,66.94157851190477,25200000.0,Neutral,74.0234375,23458.0,22716.5,21286.5,20496.9167,19037.2708,23980.0,0.2785,491010.KS,0.399,Neutral,0.5105,0.6707,35.91725442514851,40,631.1199951171875,0.0,0.0
2026-02-28,23690.0,23800.0,23800.0,23390.0,23690.0,404200.0,42044115.585,0,18055.585000002524,42026060.0,1774,66.94157851190477,25200000.0,Neutral,74.0234375,23654.0,22863.0,21371.5833,20511.25,19076.2917,23980.0,0.2202,491010.KS,0.3791,Neutral,0.5115,0.6758,35.91725442514851,40,631.1199951171875,0.0,0.0
2026-03-01,23690.0,23800.0,23800.0,23390.0,23690.0,404200.0,43442717.875,0,18947.87500000256,43423770.0,1833,63.41833825187968,26600000.0,"cash_0%_Buy 100% of cash (59 shares - DCA Strategy) Monthly invest 5.3% of total investment ($1,400,000.00)",74.0234375,23722.0,22952.25,21456.6667,20525.5833,19114.5208,23980.0,0.1499,491010.KS,0.3776,Neutral,0.5114,0.6821,34.85370646182457,42,631.1199951171875,0.0,0.0
2026-03-02,23690.0,23800.0,23800.0,23390.0,23690.0,404200.0,43442717.875,0,18947.87500000256,43423770.0,1833,63.41833825187968,26600000.0,GeoWatch,74.0234375,23748.0,23012.5,21541.75,20539.9167,19152.75,23980.0,0.0756,491010.KS,0.3729,GeoWatch,0.5299,0.7269,34.911865224686636,42,631.280029296875,0.0,0.0
2026-03-03,24075.0,24140.0,24405.0,24050.0,24075.0,554904.0,44148422.875,0,18947.87500000256,44129475.0,1833,66.07136456766915,26600000.0,GeoWatch,77.41935483870968,23767.0,23103.75,21632.0833,20557.8333,19192.5833,24075.0,0.1078,491010.KS,0.3476,GeoWatch,0.5698,0.7882,32.873092269513236,42,625.6699829101562,0.0,0.0
2026-03-04,22735.0,23420.0,23895.0,22645.0,22735.0,460116.0,41692202.875,0,18947.87500000256,41673255.0,1833,56.83745479323308,26600000.0,GeoWatch,53.20886814469079,23576.0,23104.5,21700.0833,20569.625,19226.1042,24075.0,-0.2661,491010.KS,0.3992,GeoWatch,0.5192,0.8304,34.512095818484255,42,630.1799926757812,0.0,0.0
2026-03-05,23605.0,23360.0,23850.0,23360.0,23605.0,253943.0,43286912.875,0,18947.87500000256,43267965.0,1833,62.83260516917293,26600000.0,GeoWatch,55.73951434878587,23559.0,23161.75,21782.5833,20592.8333,19263.125,24075.0,-0.2698,491010.KS,0.3581,GeoWatch,0.5623,0.8637,33.2873902758966,42,626.8099975585938,0.0,0.0
2026-03-06,23145.0,23440.0,23440.0,22940.0,23145.0,163581.0,42443732.875,0,18947.87500000256,42424785.0,1833,59.66275554511277,26600000.0,RiskWatch,51.21703853955376,23450.0,23196.0,21843.8333,20608.0417,19298.8958,24075.0,-0.4046,491010.KS,0.2932,RiskWatch,0.6638,0.8979,30.263777858070767,42,618.489990234375,0.0,0.0
2026-03-07,23145.0,23440.0,23440.0,22940.0,23145.0,163581.0,42443732.875,0,18947.87500000256,42424785.0,1833,59.66275554511277,26600000.0,RiskWatch,51.21703853955376,23341.0,23230.25,21900.3333,20630.7917,19333.7708,24075.0,-0.4877,491010.KS,0.2932,RiskWatch,0.6638,0.8979,30.263777858070767,42,618.489990234375,0.0,0.0
2026-03-08,23145.0,23440.0,23440.0,22940.0,23145.0,163581.0,42443732.875,0,18947.87500000256,42424785.0,1833,59.66275554511277,26600000.0,RiskWatch,51.21703853955376,23155.0,23264.5,21955.25,20653.5417,19369.1667,24075.0,-0.5329,491010.KS,0.2932,RiskWatch,0.6638,0.8979,30.263777858070767,42,618.489990234375,0.0,0.0
2026-03-09,21585.0,22370.0,22370.0,21220.0,21585.0,447161.0,39584252.875,0,18947.87500000256,39565305.0,1833,48.9128307330827,26600000.0,GeoWatch,40.89068825910931,22925.0,23220.75,21988.4167,20663.2917,19398.0625,24075.0,-0.981,491010.KS,0.3256,GeoWatch,0.6024,0.9015,32.193508678145065,42,623.7999877929688,0.0,0.0
2026-03-10,23010.0,23245.0,23245.0,22615.0,23010.0,196539.0,42196277.875,0,18947.87500000256,42177330.0,1833,58.73247359022555,26600000.0,GeoWatch,47.55747126436781,22806.0,23248.25,22048.25,20682.0417,19432.8958,24075.0,-0.8323,491010.KS,0.3871,GeoWatch,0.5849,0.9173,31.801014662567738,42,622.719970703125,0.0,0.0
2026-03-11,23660.0,23560.0,23890.0,23460.0,23660.0,240989.0,43387727.875,0,18947.87500000256,43368780.0,1833,63.21160892857143,26600000.0,GeoWatch,50.67567567567568,22909.0,23277.0,22118.9167,20707.375,19469.6458,24075.0,-0.529,491010.KS,0.4635,GeoWatch,0.5705,0.9246,31.55027985883295,42,622.030029296875,0.0,0.0
2026-03-12,23385.0,24230.0,24230.0,23205.0,23385.0,281320.0,42883652.875,0,18947.87500000256,42864705.0,1833,61.31659013157893,26600000.0,GeoWatch,45.89937973811165,22957.0,23295.0,22185.0,20733.7083,19503.7708,24075.0,-0.3998,491010.KS,0.4133,GeoWatch,0.6225,0.926,28.086927748505218,42,612.5,0.0,0.0
2026-03-13,23525.0,23365.0,23555.0,23155.0,23525.0,98595.0,43140272.875,0,18947.87500000256,43121325.0,1833,62.2813269736842,26600000.0,GeoWatch,48.83884588318086,23033.0,23320.0,22243.6667,20760.7917,19538.6667,24075.0,-0.2708,491010.KS,0.4234,GeoWatch,0.6255,0.9186,26.847693605736552,42,609.0900268554688,0.0,0.0
2026-03-14,23525.0,23365.0,23555.0,23155.0,23525.0,98595.0,43140272.875,0,18947.87500000256,43121325.0,1833,62.2813269736842,26600000.0,GeoWatch,48.83884588318086,23421.0,23345.0,22292.0833,20800.5417,19572.5417,24075.0,-0.1866,491010.KS,0.4234,GeoWatch,0.6255,0.9186,26.847693605736552,42,609.0900268554688,0.0,0.0
2026-03-15,23525.0,23365.0,23555.0,23155.0,23525.0,98595.0,43140272.875,0,18947.87500000256,43121325.0,1833,62.2813269736842,26600000.0,GeoWatch,48.83884588318086,23524.0,23385.75,22336.5,20840.2917,19605.1458,24075.0,-0.1346,491010.KS,0.4234,GeoWatch,0.6255,0.9186,26.847693605736552,42,609.0900268554688,0.0,0.0
2026-03-16,23290.0,23360.0,23385.0,23080.0,23290.0,196973.0,42709517.875,0,18947.87500000256,42690570.0,1833,60.66194727443608,26600000.0,GeoWatch,47.27520435967303,23450.0,23382.75,22379.6667,20878.0833,19636.7708,24075.0,-0.1694,491010.KS,0.3615,GeoWatch,0.5669,0.9108,29.06451400160165,42,615.1900024414062,0.0,0.0
2026-03-17,23370.0,23780.0,23850.0,23355.0,23370.0,231974.0,42856157.875,0,18947.87500000256,42837210.0,1833,61.2132254699248,26600000.0,GeoWatch,44.98933901918977,23447.0,23373.25,22415.3333,20910.7917,19668.7292,24075.0,-0.1699,491010.KS,0.4191,GeoWatch,0.5453,0.8984,29.682323315864238,42,616.8900146484375,0.0,0.0
2026-03-18,24100.0,23730.0,24210.0,23730.0,24100.0,231640.0,44194247.875,0,18947.87500000256,44175300.0,1833,66.24363900375938,26600000.0,GeoWatch,60.62256809338521,23562.0,23379.25,22463.1667,20956.25,19703.1667,24100.0,0.0289,491010.KS,0.355,GeoWatch,0.5871,0.8862,26.58966123030781,42,608.3800048828125,0.0,0.0
2026-03-19,24060.0,24100.0,24180.0,24020.0,24060.0,156409.0,44120927.875,0,18947.87500000256,44101980.0,1833,65.96799990601502,26600000.0,GeoWatch,54.06613047363718,23669.0,23397.75,22510.3333,21001.4583,19738.8333,24100.0,0.1308,491010.KS,0.3482,GeoWatch,0.5725,0.8598,26.004568992788748,42,606.77001953125,0.0,0.0
2026-03-20,24585.0,24140.0,24660.0,24140.0,24585.0,178091.0,45083252.875,0,18947.87500000256,45064305.0,1833,69.58576306390975,26600000.0,GeoWatch,62.7208480565371,23881.0,23442.5,22568.5833,21039.2083,19776.7083,24585.0,0.3193,491010.KS,0.3057,GeoWatch,0.6097,0.8286,22.795611562577278,42,597.9400024414062,0.0,0.0
2026-03-21,24585.0,24140.0,24660.0,24140.0,24585.0,178091.0,45083252.875,0,18947.87500000256,45064305.0,1833,69.58576306390975,26600000.0,GeoWatch,62.7208480565371,24140.0,23487.25,22626.9167,21092.125,19812.8333,24585.0,0.4085,491010.KS,0.3057,GeoWatch,0.6097,0.8286,22.795611562577278,42,597.9400024414062,0.0,0.0
2026-03-22,24585.0,24140.0,24660.0,24140.0,24585.0,178091.0,45083252.875,0,18947.87500000256,45064305.0,1833,69.58576306390975,26600000.0,GeoWatch,62.7208480565371,24383.0,23532.0,22681.0833,21145.0417,19847.9167,24585.0,0.4302,491010.KS,0.3057,GeoWatch,0.6097,0.8286,22.795611562577278,42,597.9400024414062,0.0,0.0
2026-03-23,23050.0,23625.0,23625.0,22900.0,23050.0,272133.0,42269597.875,0,18947.87500000256,42250650.0,1833,59.008112687969906,26600000.0,GeoWatch,62.99911268855368,24173.0,23480.75,22703.3333,21185.1667,19876.6042,24585.0,-0.0018,491010.KS,0.3536,GeoWatch,0.5985,0.7744,25.154168989215975,42,604.4299926757812,0.0,0.0
2026-03-24,23290.0,23570.0,23570.0,23230.0,23290.0,146106.0,42709517.875,0,18947.87500000256,42690570.0,1833,60.66194727443608,26600000.0,GeoWatch,53.146067415730336,24019.0,23508.5,22732.9167,21228.2917,19906.2917,24585.0,-0.2206,491010.KS,0.3379,GeoWatch,0.6082,0.7459,24.409173425429785,42,602.3800048828125,0.0,0.0
2026-03-25,24660.0,24145.0,24695.0,24145.0,24660.0,221336.0,45220727.875,0,18947.87500000256,45201780.0,1833,70.10258637218043,26600000.0,GeoWatch,59.67117988394585,24034.0,23561.25,22785.3333,21276.2083,19939.8958,24660.0,0.0101,491010.KS,0.363,GeoWatch,0.5833,0.7168,25.601161891273918,42,605.6599731445312,0.0,0.0
2026-03-26,24525.0,24655.0,24760.0,24490.0,24525.0,209778.0,44973272.875,0,18947.87500000256,44954325.0,1833,69.17230441729323,26600000.0,Neutral,61.33200795228628,24022.0,23630.25,22835.5,21322.9583,19972.5417,24660.0,0.1051,491010.KS,0.346,Neutral,0.6146,0.6924,21.69809226951321,42,594.9199829101562,0.0,0.0
2026-03-27,23640.0,23595.0,23640.0,23310.0,23640.0,203489.0,43351067.875,0,18947.87500000256,43332120.0,1833,63.07378937969923,26600000.0,RiskWatch,50.995670995671006,23833.0,23655.0,22880.5833,21360.0417,20001.9583,24660.0,-0.0893,491010.KS,0.2745,RiskWatch,0.6682,0.688,17.358920650563135,42,582.97998046875,0.0,0.0
2026-03-28,23640.0,23595.0,23640.0,23310.0,23640.0,203489.0,43351067.875,0,18947.87500000256,43332120.0,1833,63.07378937969923,26600000.0,RiskWatch,50.995670995671006,23951.0,23679.75,22924.8333,21393.75,20029.1042,24660.0,-0.2182,491010.KS,0.2745,RiskWatch,0.6682,0.688,17.358920650563135,42,582.97998046875,0.0,0.0
2026-03-29,23640.0,23595.0,23640.0,23310.0,23640.0,203489.0,43351067.875,0,18947.87500000256,43332120.0,1833,63.07378937969923,26600000.0,RiskWatch,50.995670995671006,24021.0,23782.5,22958.1667,21427.4583,20057.7708,24660.0,-0.2987,491010.KS,0.2745,RiskWatch,0.6682,0.688,17.358920650563135,42,582.97998046875,0.0,0.0
2026-03-30,23300.0,23000.0,23335.0,22875.0,23300.0,139652.0,42727847.875,0,18947.87500000256,42708900.0,1833,60.730857048872174,26600000.0,RiskWatch,50.08503401360544,23749.0,23797.0,22977.75,21458.3333,20085.0208,24660.0,-0.4353,491010.KS,0.2612,RiskWatch,0.675,0.7152,16.613925086776945,42,580.9299926757812,0.0,0.0
2026-03-31,22490.0,22350.0,22635.0,22100.0,22490.0,184112.0,41243117.875,0,18947.87500000256,41224170.0,1833,55.14916531954886,26600000.0,GeoWatch,43.34341906202722,23342.0,23738.5,22989.75,21483.4167,20108.8958,24660.0,-0.7267,491010.KS,0.3117,GeoWatch,0.585,0.7362,22.74472819034021,42,597.7999877929688,0.0,0.0
2026-04-01,23500.0,23450.0,23500.0,23210.0,23500.0,118290.0,44493037.875,0,7537.875000002794,44485500.0,1893,59.00355669642856,28000000.0,"cash_0%_Buy 100% of cash (60 shares - DCA Strategy) Monthly invest 5.0% of total investment ($1,400,000.00)",45.64586357039187,23314.0,23744.25,23018.5833,21519.6667,20138.125,24660.0,-0.6066,491010.KS,0.3195,GeoWatch,0.5653,0.7635,23.418211180238828,44,602.2999877929688,0.0,0.0
2026-04-02,23395.0,23880.0,24100.0,23315.0,23395.0,205639.0,44294272.875,0,7537.875000002794,44286735.0,1893,58.293681696428564,28000000.0,GeoWatch,45.219266714593815,23265.0,23737.75,23045.6667,21552.0833,20164.4167,24660.0,-0.5344,491010.KS,0.3258,GeoWatch,0.555,0.7755,23.700657272413693,44,603.0800170898438,0.0,0.0
2026-04-03,24055.0,23940.0,24155.0,23940.0,24055.0,84180.0,45543652.875,0,7537.875000002794,45536115.0,1893,62.75575312499999,28000000.0,GeoWatch,46.262341325811,23348.0,23764.25,23100.8333,21589.5417,20193.3542,24660.0,-0.2877,491010.KS,0.3264,GeoWatch,0.5557,0.7785,23.700657272413693,44,603.0800170898438,0.0,0.0
2026-04-04,24055.0,23940.0,24155.0,23940.0,24055.0,84180.0,45543652.875,0,7537.875000002794,45536115.0,1893,62.75575312499999,28000000.0,GeoWatch,46.262341325811,23499.0,23790.75,23139.1667,21619.5833,20222.6667,24660.0,-0.123,491010.KS,0.3264,GeoWatch,0.5557,0.7785,23.700657272413693,44,603.0800170898438,0.0,0.0
2026-04-05,24055.0,23940.0,24155.0,23940.0,24055.0,84180.0,45543652.875,0,7537.875000002794,45536115.0,1893,62.75575312499999,28000000.0,GeoWatch,46.262341325811,23812.0,23829.0,23169.9167,21649.625,20252.3958,24660.0,-0.0179,491010.KS,0.3264,GeoWatch,0.5557,0.7785,23.700657272413693,44,603.0800170898438,0.0,0.0
2026-04-06,24155.0,24285.0,24285.0,24060.0,24155.0,204178.0,45732952.875,0,7537.875000002794,45725415.0,1893,63.43182455357142,28000000.0,GeoWatch,59.770114942528735,23943.0,23868.25,23216.8333,21680.5,20282.5417,24660.0,0.0712,491010.KS,0.3237,GeoWatch,0.551,0.7885,24.674698479019682,44,605.77001953125,0.0,0.0
2026-04-07,23935.0,24155.0,24175.0,23935.0,23935.0,580937.0,45316492.875,0,7537.875000002794,45308955.0,1893,61.94446741071427,28000000.0,GeoWatch,55.723158828748886,24051.0,23860.0,23269.75,21709.6667,20311.7708,24660.0,0.0596,491010.KS,0.3042,GeoWatch,0.5804,0.8008,24.79057209883763,44,606.0900268554688,0.0,0.0
2026-04-08,25040.0,24495.0,25040.0,24410.0,25040.0,324810.0,47408257.875,0,7537.875000002794,47400720.0,1893,69.41505669642855,28000000.0,GeoWatch,53.538175046554926,24248.0,23909.0,23341.0833,21749.4167,20345.6875,25040.0,0.3395,491010.KS,0.3575,GeoWatch,0.4922,0.7619,30.312547905289208,44,621.3400268554688,0.0,0.0
2026-04-09,25430.0,25155.0,25440.0,25125.0,25430.0,310315.0,48146527.875,0,7537.875000002794,48138990.0,1893,72.05173526785713,28000000.0,GeoWatch,58.04444444444445,24523.0,23951.25,23418.9167,21791.5833,20382.0208,25430.0,0.5924,491010.KS,0.3839,GeoWatch,0.4629,0.7481,31.645061382245515,44,625.02001953125,0.0,0.0
2026-04-10,26040.0,26090.0,26430.0,25705.0,26040.0,424529.0,49301257.875,0,7537.875000002794,49293720.0,1893,76.17577098214285,28000000.0,GeoWatch,72.42990654205607,24920.0,24024.0,23487.8333,21839.6667,20418.6458,26040.0,0.8693,491010.KS,0.3913,GeoWatch,0.46,0.7274,31.492964824628302,44,624.5999755859375,0.0,0.0
2026-04-11,26040.0,26090.0,26430.0,25705.0,26040.0,424529.0,49301257.875,0,7537.875000002794,49293720.0,1893,76.17577098214285,28000000.0,GeoWatch,72.42990654205607,25297.0,24096.75,23547.0833,21881.875,20456.7708,26040.0,0.9835,491010.KS,0.3913,GeoWatch,0.46,0.7274,31.492964824628302,44,624.5999755859375,0.0,0.0
2026-04-12,26040.0,26090.0,26430.0,25705.0,26040.0,424529.0,49301257.875,0,7537.875000002794,49293720.0,1893,76.17577098214285,28000000.0,GeoWatch,72.42990654205607,25718.0,24246.25,23610.25,21924.0833,20494.8958,26040.0,0.9886,491010.KS,0.3913,GeoWatch,0.46,0.7274,31.492964824628302,44,624.5999755859375,0.0,0.0
2026-04-13,26435.0,26040.0,26435.0,26025.0,26435.0,244379.0,50048992.875,0,7537.875000002794,50041455.0,1893,78.846253125,28000000.0,GeoWatch,79.0009250693802,25997.0,24403.5,23672.1667,21969.5833,20534.6667,26435.0,1.024,491010.KS,0.4019,GeoWatch,0.4603,0.7088,33.70899531464218,44,630.719970703125,0.0,0.0
2026-04-14,27590.0,27105.0,27840.0,27105.0,27590.0,1023730.0,52235407.875,0,7537.875000002794,52227870.0,1893,86.654878125,28000000.0,Neutral,94.34782608695652,26429.0,24550.0,23757.6667,22036.3333,20579.25,27590.0,1.263,491010.KS,0.4229,Neutral,0.4429,0.6612,36.47179546978958,44,638.3499755859375,0.0,0.0
2026-04-15,27595.0,27680.0,28030.0,27590.0,27595.0,484544.0,52244872.875,0,7537.875000002794,52237335.0,1893,86.68868169642856,28000000.0,Neutral,93.15068493150685,26740.0,24703.5,23843.25,22108.6667,20625.8125,27595.0,1.3201,491010.KS,0.4327,Neutral,0.4388,0.6517,38.31850227855659,44,643.4500122070312,0.0,0.0
2026-04-16,27880.0,27605.0,27940.0,27605.0,27880.0,270942.0,52784377.875,0,7537.875000002794,52776840.0,1893,88.61548526785714,28000000.0,Neutral,95.53299492385788,27108.0,24915.5,23933.5833,22181.625,20673.3125,27880.0,1.3277,491010.KS,0.3966,Neutral,0.4338,0.648,38.82904900589091,44,644.8599853515625,0.0,0.0
2026-04-17,27655.0,27805.0,28005.0,27530.0,27655.0,274672.0,52358452.875,0,7537.875000002794,52350915.0,1893,87.09432455357143,28000000.0,Neutral,90.0890868596882,27431.0,25116.25,24020.1667,22262.3333,20722.4583,27880.0,1.1768,491010.KS,0.4119,Neutral,0.427,0.629,41.696871369959695,44,652.780029296875,0.0,0.0
2026-04-18,27655.0,27805.0,28005.0,27530.0,27655.0,274672.0,52358452.875,0,7537.875000002794,52350915.0,1893,87.09432455357143,28000000.0,Neutral,90.0890868596882,27675.0,25317.0,24106.75,22337.875,20771.4375,27880.0,0.9891,491010.KS,0.4119,Neutral,0.427,0.629,41.696871369959695,44,652.780029296875,0.0,0.0
2026-04-19,27655.0,27805.0,28005.0,27530.0,27655.0,274672.0,52358452.875,0,7537.875000002794,52350915.0,1893,87.09432455357143,28000000.0,Neutral,90.0890868596882,27688.0,25534.75,24193.3333,22413.4167,20820.6875,27880.0,0.7867,491010.KS,0.4119,Neutral,0.427,0.629,41.696871369959695,44,652.780029296875,0.0,0.0
2026-04-20,27980.0,27785.0,28120.0,27785.0,27980.0,290242.0,52973677.875,0,7537.875000002794,52966140.0,1893,89.29155669642856,28000000.0,Neutral,90.56203605514315,27765.0,25809.25,24274.9167,22491.6667,20871.2917,27980.0,0.662,491010.KS,0.3955,Neutral,0.4519,0.6224,41.24785280542781,44,651.5399780273438,0.0,0.0
2026-04-21,28515.0,28280.0,28515.0,28280.0,28515.0,346800.0,53986432.875,0,7537.875000002794,53978895.0,1893,92.90853883928571,28000000.0,Neutral,95.5268389662028,27892.0,26060.0,24366.4167,22568.9583,20924.125,28515.0,0.6391,491010.KS,0.3756,Neutral,0.4583,0.6246,39.69446560036545,44,647.25,0.0,0.0
2026-04-22,28755.0,28530.0,28780.0,28345.0,28755.0,351174.0,54440752.875,0,7537.875000002794,54433215.0,1893,94.53111026785714,28000000.0,Neutral,94.59783913565424,28112.0,26328.0,24461.9167,22647.7917,20976.7917,28755.0,0.6083,491010.KS,0.3843,Neutral,0.4474,0.6323,42.10241798900583,44,653.9000244140625,0.0,0.0
2026-04-23,29330.0,29595.0,29660.0,29120.0,29330.0,480403.0,55529227.875,0,7537.875000002794,55521690.0,1893,98.41852098214285,28000000.0,Neutral,94.82758620689656,28447.0,26591.75,24567.0,22734.25,21031.75,29330.0,0.6497,491010.KS,0.3728,Neutral,0.4534,0.642,41.1464772009829,44,651.260009765625,0.0,0.0
2026-04-24,30045.0,29805.0,30312.0,29805.0,30045.0,398266.0,56882722.875,0,7537.875000002794,56875185.0,1893,103.25243169642857,28000000.0,Neutral,94.94949494949496,28925.0,26891.25,24689.25,22826.6667,21088.375,30045.0,0.7612,491010.KS,0.3925,Neutral,0.4438,0.6639,43.01488683154301,44,656.4199829101562,0.0,0.0
2026-04-25,30045.0,29805.0,30312.0,29805.0,30045.0,398266.0,56882722.875,0,7537.875000002794,56875185.0,1893,103.25243169642857,28000000.0,Neutral,94.94949494949496,29338.0,27190.75,24800.8333,22919.7917,21145.4375,30045.0,0.7437,491010.KS,0.3925,Neutral,0.4438,0.6639,43.01488683154301,44,656.4199829101562,0.0,0.0
2026-04-26,30045.0,29805.0,30312.0,29805.0,30045.0,398266.0,56882722.875,0,7537.875000002794,56875185.0,1893,103.25243169642857,28000000.0,Neutral,94.94949494949496,29644.0,27485.25,24908.9167,23012.9167,21200.1875,30045.0,0.6466,491010.KS,0.3925,Neutral,0.4438,0.6639,43.01488683154301,44,656.4199829101562,0.0,0.0
2026-04-27,29615.0,29810.0,30195.0,29500.0,29615.0,479471.0,56068732.875,0,7537.875000002794,56061195.0,1893,100.34532455357142,28000000.0,Neutral,85.4120267260579,29816.0,27769.25,25002.8333,23102.4583,21253.1458,30045.0,0.4094,491010.KS,0.4172,Neutral,0.4292,0.6774,43.405957535849325,44,657.5,0.0,0.0
2026-04-28,29600.0,29735.0,29795.0,29580.0,29600.0,312863.0,56040337.875,0,7537.875000002794,56032800.0,1893,100.24391383928572,28000000.0,Neutral,80.0,29870.0,27997.25,25101.3333,23193.9167,21306.0417,30045.0,0.1907,491010.KS,0.4118,Neutral,0.4255,0.695,42.23276752356355,44,654.260009765625,0.0,0.0
2026-04-29,29245.0,29005.0,29292.0,28740.0,29245.0,387402.0,55368322.875,0,7537.875000002794,55360785.0,1893,97.84386026785714,28000000.0,GeoWatch,72.2972972972973,29710.0,28188.0,25193.9167,23282.75,21359.5625,30045.0,-0.0798,491010.KS,0.407,GeoWatch,0.4356,0.7294,42.22551851587704,44,654.239990234375,0.0,0.0
2026-04-30,29415.0,29800.0,30095.0,29370.0,29415.0,308139.0,55690132.875,0,7537.875000002794,55682595.0,1893,98.99318169642856,28000000.0,GeoWatch,71.40864714086472,29584.0,28356.75,25289.3333,23373.0,21414.1042,30045.0,-0.2514,491010.KS,0.4373,GeoWatch,0.4061,0.7499,44.52122178854276,44,660.5800170898438,0.0,0.0
2026-05-01,29415.0,29800.0,30095.0,29370.0,29415.0,308139.0,57088750.370000005,0,23650.370000002906,57065100.0,1940,94.27927302721089,29400000.0,"cash_0%_Buy 100% of cash (47 shares - DCA Strategy) Monthly invest 4.8% of total investment ($1,400,000.00)",76.19047619047619,29458.0,28525.5,25384.75,23463.25,21469.2292,30045.0,-0.3892,491010.KS,0.4172,GeoWatch,0.403,0.7585,44.12114308189865,45,662.5700073242188,0.0,0.0
2026-05-02,29415.0,29800.0,30095.0,29370.0,29415.0,308139.0,57088750.370000005,0,23650.370000002906,57065100.0,1940,94.27927302721089,29400000.0,GeoWatch,76.19047619047619,29418.0,28694.25,25473.75,23552.9167,21523.6875,30045.0,-0.4974,491010.KS,0.4172,GeoWatch,0.403,0.7585,44.12114308189865,45,662.5700073242188,0.0,0.0
2026-05-03,29415.0,29800.0,30095.0,29370.0,29415.0,308139.0,57088750.370000005,0,23650.370000002906,57065100.0,1940,94.27927302721089,29400000.0,GeoWatch,76.19047619047619,29381.0,28843.25,25585.0833,23642.5833,21577.6875,30045.0,-0.5802,491010.KS,0.4172,GeoWatch,0.403,0.7585,44.12114308189865,45,662.5700073242188,0.0,0.0
2026-05-04,31100.0,30705.0,31330.0,30705.0,31100.0,392022.0,60357650.370000005,0,23650.370000002906,60334000.0,1940,105.39798051020408,29400000.0,GeoWatch,83.05084745762711,29752.0,29018.75,25710.0,23746.2917,21638.7083,31100.0,-0.2744,491010.KS,0.4038,GeoWatch,0.4215,0.773,43.23913868736744,45,660.1199951171875,0.0,0.0
2026-05-05,31100.0,30705.0,31330.0,30705.0,31100.0,392022.0,60357650.370000005,0,23650.370000002906,60334000.0,1940,105.39798051020408,29400000.0,GeoWatch,80.88410991636798,30089.0,29194.0,25842.5833,23843.2083,21699.7292,31100.0,-0.1123,491010.KS,0.4205,GeoWatch,0.4079,0.7668,45.10393605064871,45,665.2999877929688,0.0,0.0
2026-05-06,32135.0,32130.0,32480.0,32000.0,32135.0,681889.0,62365550.370000005,0,23650.370000002906,62341900.0,1940,112.22757234693879,29400000.0,GeoWatch,83.93574297188755,30633.0,29406.75,25992.4167,23946.375,21765.0208,32135.0,0.1731,491010.KS,0.4449,GeoWatch,0.4095,0.731,48.47353077721118,45,674.6599731445312,0.0,0.0
2026-05-07,32665.0,32825.0,32825.0,32205.0,32665.0,828359.0,63393750.370000005,0,23650.370000002906,63370100.0,1940,115.72485125850342,29400000.0,GeoWatch,83.78926038500506,31283.0,29657.25,26151.0833,24053.1667,21832.6875,32665.0,0.4075,491010.KS,0.4383,GeoWatch,0.4051,0.7042,47.710332535023696,45,672.5399780273438,0.0,0.0
2026-05-08,32120.0,31050.0,32120.0,31010.0,32120.0,444116.0,62336450.370000005,0,23650.370000002906,62312800.0,1940,112.12859275510205,29400000.0,Neutral,71.77334732423924,31824.0,29880.5,26326.6667,24157.5417,21895.5,32665.0,0.3716,491010.KS,0.45,Neutral,0.4094,0.6913,49.704746597523666,45,678.0800170898438,0.0,0.0
2026-05-09,32120.0,31050.0,32120.0,31010.0,32120.0,444116.0,62336450.370000005,0,23650.370000002906,62312800.0,1940,112.12859275510205,29400000.0,Neutral,71.77334732423924,32028.0,30103.75,26478.5,24263.375,21954.7917,32665.0,0.2848,491010.KS,0.45,Neutral,0.4094,0.6913,49.704746597523666,45,678.0800170898438,0.0,0.0
2026-05-10,32120.0,31050.0,32120.0,31010.0,32120.0,444116.0,62336450.370000005,0,23650.370000002906,62312800.0,1940,112.12859275510205,29400000.0,Neutral,71.77334732423924,32232.0,30310.75,26619.5,24369.2083,22014.5625,32665.0,0.1709,491010.KS,0.45,Neutral,0.4094,0.6913,49.704746597523666,45,678.0800170898438,0.0,0.0
2026-05-11,31860.0,32065.0,32100.0,31735.0,31860.0,560573.0,61832050.370000005,0,23650.370000002906,61808400.0,1940,110.41294649659862,29400000.0,Neutral,74.42872687704026,32177.0,30478.0,26760.75,24472.875,22073.25,32665.0,-0.0066,491010.KS,0.4346,Neutral,0.4245,0.6854,50.22314747642994,45,679.52001953125,0.0,0.0
2026-05-12,33450.0,33250.0,33875.0,33030.0,33450.0,538433.0,64916650.370000005,0,23650.370000002906,64893000.0,1940,120.90478323129254,29400000.0,Neutral,81.19935170178282,32334.0,30712.75,26926.1667,24584.9167,22138.5625,33450.0,0.1625,491010.KS,0.4234,Neutral,0.4174,0.699,49.91713429283618,45,678.6699829101562,0.0,0.0
2026-05-13,33680.0,33400.0,33715.0,32780.0,33680.0,322447.0,65362850.370000005,0,23650.370000002906,65339200.0,1940,122.42247030612245,29400000.0,GeoWatch,86.68320926385442,32646.0,30930.25,27095.4167,24693.75,22205.1458,33680.0,0.2576,491010.KS,0.43,GeoWatch,0.4139,0.7163,51.26353077721117,45,682.4099731445312,0.0,0.0
2026-05-14,33815.0,33805.0,34175.0,33715.0,33815.0,360335.0,65624750.370000005,0,23650.370000002906,65601100.0,1940,123.31328663265306,29400000.0,GeoWatch,86.60565723793677,32985.0,31118.75,27266.9167,24801.7083,22270.0,33815.0,0.2821,491010.KS,0.4545,GeoWatch,0.3993,0.7301,53.17873341392993,45,687.72998046875,0.0,0.0
2026-05-15,33140.0,34150.0,34340.0,32890.0,33140.0,547255.0,64315250.370000005,0,23650.370000002906,64291600.0,1940,118.85920500000002,29400000.0,GeoWatch,77.86088257292445,33189.0,31273.5,27431.0833,24905.375,22332.7708,33815.0,0.1011,491010.KS,0.4035,GeoWatch,0.4137,0.7481,50.19434132408617,45,679.4400024414062,0.0,0.0
2026-05-16,33140.0,34150.0,34340.0,32890.0,33140.0,547255.0,64315250.370000005,0,23650.370000002906,64291600.0,1940,118.85920500000002,29400000.0,GeoWatch,77.86088257292445,33445.0,31428.25,27593.9167,25004.625,22394.6875,33815.0,-0.0628,491010.KS,0.4035,GeoWatch,0.4137,0.7481,50.19434132408617,45,679.4400024414062,0.0,0.0
2026-05-17,33140.0,34150.0,34340.0,32890.0,33140.0,547255.0,64315250.370000005,0,23650.370000002906,64291600.0,1940,118.85920500000002,29400000.0,GeoWatch,77.86088257292445,33383.0,31604.5,27744.5833,25103.875,22455.125,33815.0,-0.207,491010.KS,0.4035,GeoWatch,0.4137,0.7481,50.19434132408617,45,679.4400024414062,0.0,0.0
2026-05-18,32310.0,32700.0,32700.0,31880.0,32310.0,654442.0,62705050.370000005,0,23650.370000002906,62681400.0,1940,113.3823342517007,29400000.0,GeoWatch,60.37735849056604,33109.0,31740.0,27882.0833,25196.2083,22512.1042,33815.0,-0.4931,491010.KS,0.4016,GeoWatch,0.4033,0.7625,50.00353077721118,45,678.9099731445312,0.0,0.0
2026-05-19,30900.0,31335.0,31500.0,30815.0,30900.0,433835.0,59969650.370000005,0,23650.370000002906,59946000.0,1940,104.07825261904763,29400000.0,GeoWatch,48.61878453038674,32526.0,31822.75,27987.3333,25277.9583,22563.2083,33815.0,-0.9662,491010.KS,0.3814,GeoWatch,0.4073,0.7575,48.44835011314868,45,674.5900268554688,0.0,0.0
2026-05-20,30865.0,30910.0,31045.0,30560.0,30865.0,401426.0,59901750.370000005,0,23650.370000002906,59878100.0,1940,103.84730023809523,29400000.0,GeoWatch,39.82371794871796,32071.0,31895.25,28092.0,25359.4583,22610.8542,33815.0,-1.2588,491010.KS,0.412,GeoWatch,0.3961,0.731,50.961143081898655,45,681.5700073242188,0.0,0.0
2026-05-21,32140.0,31220.0,32200.0,31220.0,32140.0,278070.0,62375250.370000005,0,23650.370000002906,62351600.0,1940,112.26056554421768,29400000.0,GeoWatch,46.24194702934861,31871.0,32031.5,28217.9167,25449.5,22662.8542,33815.0,-1.1584,491010.KS,0.4172,GeoWatch,0.3837,0.7033,51.418350113148705,45,682.8400268554688,0.0,0.0
2026-05-22,33555.0,32990.0,33555.0,32625.0,33555.0,208437.0,65120350.370000005,0,23650.370000002906,65096700.0,1940,121.59764037414969,29400000.0,Neutral,59.13430935709739,31954.0,32238.5,28393.0,25548.1667,22722.0417,33815.0,-0.7878,491010.KS,0.4414,Neutral,0.3806,0.6762,52.393936050648676,45,685.5499877929688,0.0,0.0
2026-05-23,33555.0,32990.0,33555.0,32625.0,33555.0,208437.0,65120350.370000005,0,23650.370000002906,65096700.0,1940,121.59764037414969,29400000.0,Neutral,59.13430935709739,32203.0,32445.5,28564.0833,25648.5,22783.0833,33815.0,-0.549,491010.KS,0.4414,Neutral,0.3806,0.6762,52.393936050648676,45,685.5499877929688,0.0,0.0
2026-05-24,33555.0,32990.0,33555.0,32625.0,33555.0,208437.0,65120350.370000005,0,23650.370000002906,65096700.0,1940,121.59764037414969,29400000.0,Neutral,59.13430935709739,32734.0,32568.25,28712.3333,25748.8333,22845.2292,33815.0,-0.4034,491010.KS,0.4414,Neutral,0.3806,0.6762,52.393936050648676,45,685.5499877929688,0.0,0.0
2026-05-25,33555.0,32990.0,33555.0,32625.0,33555.0,208437.0,65120350.370000005,0,23650.370000002906,65096700.0,1940,121.59764037414969,29400000.0,Neutral,61.15865701119158,33272.0,32691.0,28862.8333,25849.1667,22907.375,33815.0,-0.3226,491010.KS,0.4311,Neutral,0.3783,0.6485,52.393936050648676,45,685.5499877929688,0.0,0.0
2026-05-26,34180.0,34865.0,34865.0,34000.0,34180.0,336655.0,66332850.370000005,0,23650.370000002906,66309200.0,1940,125.72179003401362,29400000.0,Neutral,55.5052790346908,33680.0,32793.25,29038.5,25959.5417,22972.125,34180.0,-0.1642,491010.KS,0.4529,Neutral,0.386,0.6186,54.01393605064868,45,690.0499877929688,0.0,0.0
2026-05-27,34055.0,34205.0,34525.0,33885.0,34055.0,323582.0,66090350.370000005,0,23650.370000002906,66066700.0,1940,124.89696010204081,29400000.0,Neutral,52.87356321839081,33780.0,32862.75,29212.0833,26068.4583,23037.125,34180.0,-0.1117,491010.KS,0.4618,Neutral,0.3739,0.5885,53.98154835533617,45,689.9600219726562,0.0,0.0
2026-05-28,33225.0,33970.0,33970.0,32845.0,33225.0,347895.0,64480150.370000005,0,23650.370000002906,64456500.0,1940,119.42008935374149,29400000.0,Neutral,45.91412742382271,33714.0,32918.0,29371.8333,26165.0,23097.75,34180.0,-0.2626,491010.KS,0.4769,Neutral,0.3672,0.5702,55.40353077721119,45,693.9099731445312,0.0,0.0
2026-05-29,34090.0,33700.0,34145.0,33465.0,34090.0,302631.0,66158250.370000005,0,23650.370000002906,66134600.0,1940,125.12791248299322,29400000.0,Neutral,56.41025641025641,33821.0,33016.5,29551.6667,26264.7083,23162.3542,34180.0,-0.2052,491010.KS,0.4866,Neutral,0.3601,0.5573,55.97233692955493,45,695.489990234375,0.0,0.0
2026-05-30,34090.0,33700.0,34145.0,33465.0,34090.0,302631.0,66158250.370000005,0,23650.370000002906,66134600.0,1940,125.12791248299322,29400000.0,Neutral,56.41025641025641,33928.0,33115.0,29745.0,26367.375,23224.2292,34180.0,-0.1872,491010.KS,0.4866,Neutral,0.3601,0.5573,55.97233692955493,45,695.489990234375,0.0,0.0
2026-05-31,34090.0,33700.0,34145.0,33465.0,34090.0,302631.0,66158250.370000005,0,23650.370000002906,66134600.0,1940,125.12791248299322,29400000.0,Neutral,56.41025641025641,33910.0,33226.5,29921.5,26470.0417,23286.1042,34180.0,-0.1941,491010.KS,0.4738,Neutral,0.3613,0.5489,55.97233692955493,45,695.489990234375,0.0,0.0
2026-06-01,34110.0,34080.0,34565.0,33775.0,34110.0,276848.0,67595651.86,0,23741.86000000313,67571910.0,1981,119.56625214285712,30800000.0,"cash_0%_Buy 100% of cash (41 shares - DCA Strategy) Monthly invest 4.5% of total investment ($1,400,000.00)",63.63636363636363,33921.0,33259.5,30100.0833,26572.875,23348.0625,34180.0,-0.2118,491010.KS,0.4591,Neutral,0.3707,0.5536,55.4426944714767,47,697.3599853515625,0.0,0.0
2026-06-02,34500.0,34110.0,34515.0,33665.0,34500.0,326029.0,68368241.86,0,23741.86000000313,68344500.0,1981,122.07466123376622,30800000.0,Neutral,82.25806451612902,34176.0,33300.5,30274.1667,26687.5,23411.6458,34500.0,-0.1647,491010.KS,0.4657,Neutral,0.3656,0.5738,55.76556037239436,47,698.260009765625,0.0,0.0
2026-06-03,34500.0,34110.0,34515.0,33665.0,34500.0,326029.0,68368241.86,0,23741.86000000313,68344500.0,1981,122.07466123376622,30800000.0,Neutral,82.77727682596934,34258.0,33334.75,30448.25,26793.7083,23475.2292,34500.0,-0.1534,491010.KS,0.4398,Neutral,0.3716,0.5933,54.00777383655608,47,693.3599853515625,0.0,0.0
2026-06-04,36170.0,35350.0,36270.0,34760.0,36170.0,485368.0,71676511.86,0,23741.86000000313,71652770.0,1981,132.8157975974026,30800000.0,Neutral,83.92255892255892,34674.0,33486.25,30650.1667,26910.0417,23545.7708,36170.0,0.1483,491010.KS,0.4459,Neutral,0.3601,0.6023,54.97634964415775,47,696.0599975585938,0.0,0.0
2026-06-05,35830.0,36160.0,36160.0,35590.0,35830.0,316410.0,71002971.86,0,23741.86000000313,70979230.0,1981,130.6289794155844,30800000.0,Neutral,73.38129496402877,35022.0,33620.75,30844.75,27030.7917,23614.8958,36170.0,0.236,491010.KS,0.3536,Neutral,0.4571,0.5925,48.497683853297104,47,678.0,0.0,0.0
2026-06-06,35830.0,36160.0,36160.0,35590.0,35830.0,316410.0,71002971.86,0,23741.86000000313,70979230.0,1981,130.6289794155844,30800000.0,Neutral,73.38129496402877,35366.0,33755.25,31043.0,27156.375,23684.0208,36170.0,0.2493,491010.KS,0.3536,Neutral,0.4571,0.5925,48.497683853297104,47,678.0,0.0,0.0
2026-06-07,35830.0,36160.0,36160.0,35590.0,35830.0,316410.0,71002971.86,0,23741.86000000313,70979230.0,1981,130.6289794155844,30800000.0,Neutral,73.38129496402877,35632.0,33931.25,31222.8333,27281.9583,23748.9792,36170.0,0.2156,491010.KS,0.3536,Neutral,0.4571,0.5925,48.497683853297104,47,678.0,0.0,0.0
2026-06-08,33425.0,33745.0,34400.0,33090.0,33425.0,387817.0,66238666.86,0,23741.86000000313,66214925.0,1981,115.1604566883117,30800000.0,Neutral,49.105914718019264,35417.0,34057.5,31356.0833,27387.5,23803.9167,36170.0,-0.2873,491010.KS,0.3784,Neutral,0.4117,0.5804,49.093166282922624,47,679.6599731445312,0.0,0.0
2026-06-09,33725.0,33900.0,34250.0,33105.0,33725.0,274869.0,66832966.86,0,23741.86000000313,66809225.0,1981,117.09000214285712,30800000.0,Neutral,46.72426205903528,34928.0,34200.5,31484.1667,27486.0,23860.1042,36170.0,-0.5588,491010.KS,0.3647,Neutral,0.4312,0.5514,48.390069184708324,47,677.7000122070312,0.0,0.0
2026-06-10,32250.0,33600.0,33600.0,31405.0,32250.0,181204.0,63910991.86,0,23741.86000000313,63887250.0,1981,107.60307032467533,30800000.0,Neutral,39.11995177817963,34212.0,34206.0,31587.6667,27567.375,23909.0417,36170.0,-1.0001,491010.KS,0.3188,Neutral,0.4706,0.5221,44.569584236171636,47,667.0499877929688,0.0,0.0
2026-06-11,31705.0,31110.0,31705.0,30660.0,31705.0,211705.0,62831346.86,0,23741.86000000313,62807605.0,1981,104.09772941558441,30800000.0,Neutral,40.511860174781525,33387.0,34113.5,31682.0833,27646.1667,23951.7292,36170.0,-1.3525,491010.KS,0.3659,Neutral,0.4249,0.4929,48.58018478335663,47,678.22998046875,0.0,0.0
2026-06-12,33260.0,33210.0,33675.0,33130.0,33260.0,233450.0,65911801.86,0,23741.86000000313,65888060.0,1981,114.09920668831168,30800000.0,Neutral,45.22988505747127,32873.0,34098.75,31795.8333,27734.0,23999.75,36170.0,-1.2301,491010.KS,0.3961,Neutral,0.3859,0.4747,49.91467235931151,47,681.9500122070312,0.0,0.0
2026-06-13,33260.0,33210.0,33675.0,33130.0,33260.0,233450.0,65911801.86,0,23741.86000000313,65888060.0,1981,114.09920668831168,30800000.0,Neutral,45.22988505747127,32840.0,34084.0,31890.3333,27824.0,24045.625,36170.0,-1.1062,491010.KS,0.3961,Neutral,0.3859,0.4747,49.91467235931151,47,681.9500122070312,0.0,0.0
2026-06-14,33260.0,33210.0,33675.0,33130.0,33260.0,233450.0,65911801.86,0,23741.86000000313,65888060.0,1981,114.09920668831168,30800000.0,Neutral,45.22988505747127,32747.0,34069.25,31984.75,27914.0,24095.3542,36170.0,-0.9853,491010.KS,0.3961,Neutral,0.3859,0.4747,49.91467235931151,47,681.9500122070312,0.0,0.0
2026-06-15,35365.0,35195.0,35395.0,34250.0,35365.0,375354.0,70081806.86,0,23741.86000000313,70058065.0,1981,127.63818396103896,30800000.0,Neutral,55.81826611033843,33370.0,34128.5,32109.5,28021.5417,24153.8542,36170.0,-0.4715,491010.KS,0.4338,Neutral,0.3568,0.4513,54.17638839663792,47,693.8300170898438,0.0,0.0
2026-06-16,36105.0,35755.0,36270.0,35600.0,36105.0,239760.0,71547746.86,0,23741.86000000313,71524005.0,1981,132.39772941558442,30800000.0,Neutral,57.20700493938033,34250.0,34231.0,32250.3333,28135.25,24215.4375,36170.0,-0.0,491010.KS,0.4209,Neutral,0.3669,0.4229,52.712763218376494,47,689.75,0.0,0.0
2026-06-17,35900.0,35675.0,35950.0,35205.0,35900.0,249092.0,71141641.86,0,23741.86000000313,71117900.0,1981,131.0792066883117,30800000.0,Neutral,56.17283950617284,34778.0,34364.75,32387.75,28247.25,24276.2083,36170.0,0.2423,491010.KS,0.3897,Neutral,0.3869,0.4137,49.72094406070039,47,681.4099731445312,0.0,0.0
2026-06-18,36685.0,36250.0,36790.0,36220.0,36685.0,362270.0,72696726.86,0,23741.86000000313,72672985.0,1981,136.12818396103896,30800000.0,Neutral,52.46293639406982,35463.0,34494.5,32538.25,28365.7917,24341.2708,36685.0,0.5114,491010.KS,0.4247,Neutral,0.3579,0.4024,52.1244405032227,47,688.1099853515625,0.0,0.0
2026-06-19,37035.0,37985.0,37985.0,37035.0,37035.0,325785.0,73390076.86,0,23741.86000000313,73366335.0,1981,138.37932032467535,30800000.0,Neutral,55.7572861920688,36218.0,34641.75,32689.1667,28482.0417,24411.0,37035.0,0.6997,491010.KS,0.421,Neutral,0.3618,0.3888,52.1244405032227,47,688.1099853515625,0.0,0.0
2026-06-20,37035.0,37985.0,37985.0,37035.0,37035.0,325785.0,73390076.86,0,23741.86000000313,73366335.0,1981,138.37932032467535,30800000.0,Neutral,55.7572861920688,36552.0,34789.0,32831.1667,28598.7917,24483.3333,37035.0,0.7622,491010.KS,0.421,Neutral,0.3618,0.3888,52.1244405032227,47,688.1099853515625,0.0,0.0
2026-06-21,37035.0,37985.0,37985.0,37035.0,37035.0,325785.0,73390076.86,0,23741.86000000313,73366335.0,1981,138.37932032467535,30800000.0,Neutral,55.7572861920688,36738.0,34935.25,32969.1667,28715.5417,24551.9375,37035.0,0.7416,491010.KS,0.421,Neutral,0.3618,0.3888,52.1244405032227,47,688.1099853515625,0.0,0.0
2026-06-22,37820.0,37620.0,38200.0,37290.0,37820.0,535263.0,74945161.86,0,23741.86000000313,74921420.0,1981,143.4282975974026,30800000.0,Neutral,74.84454494064443,37122.0,35101.25,33110.6667,28838.8333,24623.8125,37820.0,0.8087,491010.KS,0.4158,Neutral,0.3642,0.3703,51.4033893809509,47,686.0999755859375,0.0,0.0
2026-06-23,37430.0,38550.0,39295.0,37100.0,37430.0,796593.0,74172571.86,0,23741.86000000313,74148830.0,1981,140.9198885064935,30800000.0,Neutral,70.73307218802462,37271.0,35247.75,33233.75,28961.5,24694.0625,37820.0,0.7154,491010.KS,0.3775,Neutral,0.4062,0.3539,47.90220142367161,47,676.3400268554688,0.0,0.0
2026-06-24,36725.0,36990.0,37150.0,35580.0,36725.0,244730.0,72775966.86,0,23741.86000000313,72752225.0,1981,136.38545668831168,30800000.0,Neutral,77.40355174525413,37209.0,35275.5,33345.0833,29072.9583,24758.7083,37820.0,0.4718,491010.KS,0.3835,Neutral,0.4016,0.3188,47.66901806243652,47,675.6900024414062,0.0,0.0
2026-06-25,37800.0,37550.0,37800.0,37210.0,37800.0,225027.0,74905541.86,0,23741.86000000313,74881800.0,1981,143.29966123376624,30800000.0,Neutral,85.04887866589993,37362.0,35374.0,33474.3333,29191.625,24828.4792,37820.0,0.4595,491010.KS,0.3805,Neutral,0.4088,0.3021,47.67619967205951,47,675.7100219726562,0.0,0.0
2026-06-26,35790.0,37190.0,37280.0,35625.0,35790.0,273383.0,70923731.86,0,23741.86000000313,70899990.0,1981,130.3717066883117,30800000.0,Neutral,63.825136612021865,37113.0,35372.0,33577.25,29290.0417,24887.125,37820.0,0.0505,491010.KS,0.38,Neutral,0.4085,0.2813,45.72111592794988,47,670.260009765625,0.0,0.0
2026-06-27,35790.0,37190.0,37280.0,35625.0,35790.0,273383.0,70923731.86,0,23741.86000000313,70899990.0,1981,130.3717066883117,30800000.0,Neutral,63.825136612021865,36707.0,35370.0,33680.4167,29390.875,24943.8958,37820.0,-0.2322,491010.KS,0.38,Neutral,0.4085,0.2813,45.72111592794988,47,670.260009765625,0.0,0.0
2026-06-28,35790.0,37190.0,37280.0,35625.0,35790.0,273383.0,70923731.86,0,23741.86000000313,70899990.0,1981,130.3717066883117,30800000.0,Neutral,63.825136612021865,36379.0,35488.25,33789.5,29491.7083,25001.4792,37820.0,-0.4204,491010.KS,0.38,Neutral,0.4085,0.2813,45.72111592794988,47,670.260009765625,0.0,0.0
2026-06-29,34520.0,34740.0,34940.0,34110.0,34520.0,171383.0,68407861.86,0,23741.86000000313,68384120.0,1981,122.20329759740258,30800000.0,Neutral,44.918821407095606,35938.0,35528.0,33874.5833,29581.9583,25053.7708,37820.0,-0.7635,491010.KS,0.4022,Neutral,0.393,0.2696,49.5774651342991,47,681.010009765625,0.0,0.0
2026-06-30,35695.0,36125.0,36125.0,35010.0,35695.0,147896.0,70735536.86,0,23741.86000000313,70711795.0,1981,129.76068396103895,30800000.0,Neutral,47.65714285714285,35517.0,35700.25,33979.25,29682.0,25110.9583,37820.0,-0.7508,491010.KS,0.4159,Neutral,0.3677,0.2597,51.65809567590375,47,686.8099975585938,0.0,0.0
2026-07-01,37085.0,37225.0,37390.0,36765.0,37085.0,373185.0,74887717.63000001,0,13102.630000003148,74874615.0,2019,132.67040164596276,32200000.0,"cash_0%_Buy 100% of cash (38 shares - DCA Strategy) Monthly invest 4.3% of total investment ($1,400,000.00)",55.96376446904882,35776.0,35969.25,34107.0833,29790.4167,25174.125,37820.0,-0.4758,491010.KS,0.4042,Neutral,0.3641,0.2606,50.02409205994201,48,685.4600219726562,0.0,0.0
2026-07-02,34390.0,35675.0,35695.0,34300.0,34390.0,291781.0,69446512.63000001,0,13102.630000003148,69433410.0,2019,115.7722494720497,32200000.0,Neutral,40.31236808780076,35496.0,36025.75,34190.0,29887.5417,25228.5833,37820.0,-0.7748,491010.KS,0.3991,Neutral,0.3567,0.2602,49.80294419530739,48,684.8400268554688,0.0,0.0
2026-07-03,33130.0,33230.0,33360.0,32420.0,33130.0,367896.0,66902572.63,0,13102.630000003148,66889470.0,2019,107.871814689441,32200000.0,Neutral,34.692277538220296,34964.0,36019.25,34223.8333,29966.9167,25279.875,37820.0,-1.1654,491010.KS,0.4025,Neutral,0.3504,0.2625,49.80294419530739,48,684.8400268554688,0.0,0.0
2026-07-04,33130.0,33230.0,33360.0,32420.0,33130.0,367896.0,66902572.63,0,13102.630000003148,66889470.0,2019,107.871814689441,32200000.0,Neutral,34.692277538220296,34686.0,36012.75,34257.6667,30050.125,25329.0833,37820.0,-1.3664,491010.KS,0.4025,Neutral,0.3504,0.2625,49.80294419530739,48,684.8400268554688,0.0,0.0
2026-07-05,33130.0,33230.0,33360.0,32420.0,33130.0,367896.0,66902572.63,0,13102.630000003148,66889470.0,2019,107.871814689441,32200000.0,Neutral,34.692277538220296,34173.0,35901.0,34274.25,30133.3333,25382.0625,37820.0,-1.4342,491010.KS,0.4025,Neutral,0.3504,0.2625,49.80294419530739,48,684.8400268554688,0.0,0.0
2026-07-06,33150.0,33465.0,33730.0,32835.0,33150.0,178754.0,66942952.63,0,13102.630000003148,66929850.0,2019,107.99721841614908,32200000.0,Neutral,30.525437864887408,33386.0,35753.25,34282.3333,30216.7083,25435.125,37820.0,-1.4074,491010.KS,0.4206,Neutral,0.3457,0.2647,51.8646179138575,48,690.6199951171875,0.0,0.0
2026-07-07,32500.0,33895.0,33895.0,32325.0,32500.0,214695.0,65630602.63,0,13102.630000003148,65617500.0,2019,103.92159729813663,32200000.0,Neutral,29.877551020408163,33008.0,35583.25,34288.6667,30307.6667,25485.4792,37820.0,-1.4435,491010.KS,0.414,Neutral,0.347,0.2752,50.60193283796241,48,687.0800170898438,0.0,0.0
2026-07-08,30500.0,31095.0,31480.0,30305.0,30500.0,453221.0,61592602.63,0,13102.630000003148,61579500.0,2019,91.38122462732919,32200000.0,Neutral,27.021040974529345,32482.0,35274.0,34261.6667,30370.0833,25526.0625,37820.0,-1.7711,491010.KS,0.4037,Neutral,0.361,0.2904,49.952749123103274,48,685.260009765625,0.0,0.0
2026-07-09,31430.0,31010.0,31450.0,31010.0,31430.0,274330.0,63470272.63,0,13102.630000003148,63457170.0,2019,97.21249791925466,32200000.0,Neutral,26.23134328358209,32142.0,34993.75,34250.1667,30434.8333,25571.1042,37820.0,-1.7126,491010.KS,0.4413,Neutral,0.3444,0.299,51.889589030291404,48,690.6900024414062,0.0,0.0
2026-07-10,31890.0,32880.0,32880.0,31890.0,31890.0,192559.0,64399012.63,0,13102.630000003148,64385910.0,2019,100.09678363354037,32200000.0,Neutral,33.54430379746836,31894.0,34736.5,34250.6667,30505.7083,25619.7083,37820.0,-1.4946,491010.KS,0.4344,Neutral,0.3303,0.2992,53.020299469898305,48,693.8599853515625,0.0,0.0
2026-07-11,31890.0,32880.0,32880.0,31890.0,31890.0,192559.0,64399012.63,0,13102.630000003148,64385910.0,2019,100.09678363354037,32200000.0,Neutral,33.54430379746836,31642.0,34479.25,34224.6667,30575.4167,25668.1042,37820.0,-1.2712,491010.KS,0.4344,Neutral,0.3303,0.2992,53.020299469898305,48,693.8599853515625,0.0,0.0
2026-07-12,31890.0,32880.0,32880.0,31890.0,31890.0,192559.0,64399012.63,0,13102.630000003148,64385910.0,2019,100.09678363354037,32200000.0,Neutral,33.54430379746836,31520.0,34182.75,34194.8333,30645.125,25722.8333,37820.0,-1.0527,491010.KS,0.4344,Neutral,0.3303,0.2992,53.020299469898305,48,693.8599853515625,0.0,0.0
2026-07-13,30410.0,31685.0,31950.0,30405.0,30410.0,337810.0,61410892.63,0,13102.630000003148,61397790.0,2019,90.81690785714285,32200000.0,Neutral,32.960199004975124,31502.0,33831.75,34138.0833,30702.5,25771.3958,37820.0,-1.1357,491010.KS,0.4127,Neutral,0.3628,0.3147,51.108430679144135,48,688.5,0.0,0.0
2026-07-14,30190.0,29770.0,30190.0,29365.0,30190.0,391794.0,60966712.63,0,13102.630000003148,60953610.0,2019,89.43746686335403,32200000.0,Neutral,25.21386762719496,31254.0,33505.0,34088.9167,30760.0,25819.0417,37820.0,-1.1588,491010.KS,0.412,Neutral,0.3567,0.334,52.035823545624226,48,691.0999755859375,0.0,0.0
2026-07-15,30685.0,30940.0,30940.0,30390.0,30685.0,203858.0,61966117.63,0,13102.630000003148,61953015.0,2019,92.54120909937889,32200000.0,Neutral,18.65817825661117,31013.0,33149.25,34048.0,30820.9583,25865.875,37820.0,-0.9977,491010.KS,0.4278,Neutral,0.3444,0.3483,52.998898765927464,48,693.7999877929688,0.0,0.0
2026-07-16,29340.0,30285.0,30285.0,29235.0,29340.0,179562.0,59250562.63,0,13102.630000003148,59237460.0,2019,84.10780847826086,32200000.0,Neutral,21.50112866817156,30503.0,32826.75,33984.6667,30864.625,25910.4375,37820.0,-1.0945,491010.KS,0.4025,Neutral,0.3602,0.3545,51.69341228209075,48,690.1400146484375,0.0,0.0
2026-07-17,29340.0,30285.0,30285.0,29235.0,29340.0,179562.0,59250562.63,0,13102.630000003148,59237460.0,2019,84.10780847826086,32200000.0,Neutral,25.06578947368422,29993.0,32504.25,33935.1667,30908.625,25955.0417,37820.0,-1.0789,491010.KS,0.3797,Neutral,0.3977,0.3777,49.20725135497153,48,683.1699829101562,0.0,0.0
2026-07-18,29340.0,30285.0,30285.0,29235.0,29340.0,179562.0,59250562.63,0,13102.630000003148,59237460.0,2019,84.10780847826086,32200000.0,Neutral,25.06578947368422,29779.0,32181.75,33909.1667,30948.25,25993.7292,37820.0,-0.9898,491010.KS,0.3797,Neutral,0.3977,0.3777,49.20725135497153,48,683.1699829101562,0.0,0.0
2026-07-19,29340.0,30285.0,30285.0,29235.0,29340.0,179562.0,59250562.63,0,13102.630000003148,59237460.0,2019,84.10780847826086,32200000.0,Neutral,25.06578947368422,29609.0,31922.75,33883.75,30987.875,26040.0,37820.0,-0.8561,491010.KS,0.3797,Neutral,0.3977,0.3777,49.20725135497153,48,683.1699829101562,0.0,0.0
2026-07-20,27400.0,28855.0,28855.0,26905.0,27400.0,218569.0,55333702.63,0,13102.630000003148,55320600.0,2019,71.94364698757765,32200000.0,Neutral,19.80042016806722,28952.0,31508.0,33804.75,31011.3333,26078.1875,37820.0,-1.1051,491010.KS,0.3631,Neutral,0.3872,0.3868,48.86484009143808,48,682.2100219726562,0.0,0.0
2026-07-21,28335.0,27615.0,28390.0,27305.0,28335.0,251456.0,57221467.63,0,13102.630000003148,57208365.0,2019,77.80627121118013,32200000.0,Neutral,28.76083630800612,28751.0,31070.5,33717.75,31055.375,26120.2708,37820.0,-0.9816,491010.KS,0.3819,Neutral,0.362,0.4005,50.883712402046456,48,687.8699951171875,0.0,0.0
2026-07-22,29220.0,29600.0,30000.0,29195.0,29220.0,107524.0,59008282.63,0,13102.630000003148,58995180.0,2019,83.35538611801243,32200000.0,Neutral,42.635212888377445,28727.0,30812.0,33645.5,31104.7917,26166.5417,37820.0,-0.6315,491010.KS,0.383,Neutral,0.3538,0.4247,50.58410254645466,48,687.030029296875,0.0,0.0
2026-07-23,29225.0,29485.0,29640.0,29185.0,29225.0,91140.0,59018377.63,0,13102.630000003148,59005275.0,2019,83.38673704968944,32200000.0,Neutral,35.80167417900837,28704.0,30616.75,33573.3333,31142.8333,26209.5208,37820.0,-0.3404,491010.KS,0.3525,Neutral,0.3999,0.4604,47.58073254076447,48,678.6099853515625,0.0,0.0
2026-07-24,28580.0,29200.0,29265.0,28385.0,28580.0,88864.0,57716122.63,0,13102.630000003148,57703020.0,2019,79.34246686335405,32200000.0,Neutral,29.18238993710692,28552.0,30389.25,33490.4167,31176.625,26249.7917,37820.0,-0.2402,491010.KS,0.3557,Neutral,0.4027,0.4712,47.76979023484665,48,679.1400146484375,0.0,0.0
2026-07-25,28580.0,29200.0,29265.0,28385.0,28580.0,88864.0,57716122.63,0,13102.630000003148,57703020.0,2019,79.34246686335405,32200000.0,Neutral,29.18238993710692,28788.0,30161.75,33397.0833,31217.7917,26288.9167,37820.0,-0.1272,491010.KS,0.3557,Neutral,0.4027,0.4712,47.76979023484665,48,679.1400146484375,0.0,0.0
2026-07-26,28580.0,29200.0,29265.0,28385.0,28580.0,88864.0,57716122.63,0,13102.630000003148,57703020.0,2019,79.34246686335405,32200000.0,Neutral,29.18238993710692,28837.0,29933.25,33305.8333,31258.9583,26326.3542,37820.0,-0.0113,491010.KS,0.3557,Neutral,0.4027,0.4712,47.76979023484665,48,679.1400146484375,0.0,0.0
2026-07-27,28100.0,28190.0,28190.0,27520.0,28100.0,82984.0,56747002.63,0,13102.630000003148,56733900.0,2019,76.33277742236024,32200000.0,Neutral,33.38129496402878,28613.0,29713.25,33220.4167,31296.125,26361.7917,37820.0,-0.0039,491010.KS,0.3634,Neutral,0.409,0.4544,47.830421934296055,48,679.3099975585938,0.0,0.0
2026-07-28,25870.0,26575.0,27375.0,25827.0,25870.0,143590.0,52244632.63,0,13102.630000003148,52231530.0,2019,62.35026189440993,32200000.0,Neutral,25.89285714285714,27942.0,29481.75,33083.4167,31317.5417,26387.9375,37820.0,-0.4537,491010.KS,0.3707,Neutral,0.4061,0.4202,48.41897394970579,48,680.9600219726562,0.0,0.0
2026-07-29,24350.0,25625.0,25870.0,23485.0,24350.0,381786.0,49175752.63,0,13102.630000003148,49162650.0,2019,52.81957866459628,32200000.0,Neutral,18.277416124186274,27096.0,29127.75,32921.0833,31333.0417,26408.2292,37820.0,-1.0274,491010.KS,0.3281,Neutral,0.4448,0.4053,44.73433005860406,48,670.6300048828125,0.0,0.0
2026-07-30,23110.0,23420.0,23775.0,23010.0,23110.0,221166.0,46672192.63,0,13102.630000003148,46659090.0,2019,45.04454760869565,32200000.0,Neutral,18.47165991902834,26002.0,28688.75,32738.0833,31329.7917,26424.7292,37820.0,-1.6002,491010.KS,0.3567,Neutral,0.3811,0.388,48.715013392834464,48,681.7899780273438,0.0,0.0
2026-07-31,25465.0,25410.0,25705.0,25055.0,25465.0,147823.0,51426937.63,0,13102.630000003148,51413835.0,2019,59.810836428571434,32200000.0,Neutral,34.164282795259496,25379.0,28367.5,32594.0,31347.0417,26449.5625,37820.0,-1.3032,491010.KS,0.3712,Neutral,0.3617,0.3793,50.44855749770343,48,686.6500244140625,0.0,0.0
2026-08-01,25465.0,25410.0,25705.0,25055.0,25465.0,147823.0,52825537.05500001,0,11127.055000003427,52814410.0,2074,57.31871028273812,33600000.0,"cash_0%_Buy 100% of cash (55 shares - DCA Strategy) Monthly invest 4.2% of total investment ($1,400,000.00)",34.164282795259496,24852.0,28046.25,32443.4167,31358.7917,26474.1667,37820.0,-1.0053,491010.KS,0.3712,Neutral,0.3617,0.3793,49.312941805771686,50,686.6500244140625,0.0,0.0
2026-08-02,25465.0,25410.0,25705.0,25055.0,25465.0,147823.0,52825537.05500001,0,11127.055000003427,52814410.0,2074,57.31871028273812,33600000.0,Neutral,34.164282795259496,24771.0,27799.0,32292.8333,31370.5417,26495.0625,37820.0,-0.7189,491010.KS,0.3712,Neutral,0.3617,0.3793,49.312941805771686,50,686.6500244140625,0.0,0.0
2026-08-03,25745.0,26170.0,26170.0,25450.0,25745.0,124682.0,53406257.05500001,0,11127.055000003427,53395130.0,2074,59.04704361607145,33600000.0,Neutral,42.17494089834515,25050.0,27576.75,32119.0833,31384.625,26517.125,37820.0,-0.3849,491010.KS,0.3956,Neutral,0.3538,0.3681,52.78941489880452,50,696.4299926757812,0.0,0.0
2026-08-04,26320.0,26490.0,26490.0,25665.0,26320.0,112271.0,54598807.05500001,0,11127.055000003427,54587680.0,2074,62.59629956845238,33600000.0,Neutral,40.13705335291238,25692.0,27358.5,31960.5833,31402.6667,26541.5833,37820.0,0.0356,491010.KS,0.4199,Neutral,0.3613,0.3548,57.25054337208641,50,708.97998046875,0.0,0.0
2026-08-05,26860.0,27180.0,27180.0,26610.0,26860.0,103533.0,55718767.05500001,0,11127.055000003427,55707640.0,2074,65.92951385416667,33600000.0,Neutral,38.04457953394124,25971.0,27234.5,31811.0833,31427.0417,26568.3542,37820.0,0.4816,491010.KS,0.4191,Neutral,0.3539,0.3434,56.759994761399156,50,707.5999755859375,0.0,0.0
2026-08-06,25990.0,26790.0,26790.0,25685.0,25990.0,90424.0,53914387.05500001,0,11127.055000003427,53903260.0,2074,60.55933528273811,33600000.0,Neutral,34.93246390312062,26076.0,27067.0,31647.0833,31434.9583,26592.1875,37820.0,0.5819,491010.KS,0.4288,Neutral,0.3361,0.3362,56.33344961827174,50,706.4000244140625,0.0,0.0
2026-08-07,25930.0,26225.0,26240.0,25650.0,25930.0,71068.0,53789947.05500001,0,11127.055000003427,53778820.0,2074,60.18897813988095,33600000.0,Neutral,36.94581280788177,26169.0,26896.5,31522.1667,31439.125,26615.3542,37820.0,0.6513,491010.KS,0.4383,Neutral,0.3306,0.3411,57.86551906292806,50,710.7100219726562,0.0,0.0
2026-08-08,25930.0,26225.0,26240.0,25650.0,25930.0,71068.0,53789947.05500001,0,11127.055000003427,53778820.0,2074,60.18897813988095,33600000.0,Neutral,36.94581280788177,26206.0,26726.0,31392.25,31438.2083,26638.9375,37820.0,0.7109,491010.KS,0.4383,Neutral,0.3306,0.3411,57.86551906292806,50,710.7100219726562,0.0,0.0
2026-08-09,25930.0,26225.0,26240.0,25650.0,25930.0,71068.0,53789947.05500001,0,11127.055000003427,53778820.0,2074,60.18897813988095,33600000.0,Neutral,36.94581280788177,26128.0,26652.5,31286.9167,31437.2917,26659.5833,37820.0,0.7598,491010.KS,0.4383,Neutral,0.3306,0.3411,57.86551906292806,50,710.7100219726562,0.0,0.0
2026-08-10,26135.0,25935.0,26250.0,25805.0,26135.0,102482.0,54215117.05500001,0,11127.055000003427,54203990.0,2074,61.45436504464288,33600000.0,Neutral,40.050632911392405,25983.0,26542.5,31194.0833,31438.0833,26681.0833,37820.0,0.8476,491010.KS,0.4382,Neutral,0.3413,0.3696,57.82286454861534,50,710.5900268554688,0.0,0.0
2026-08-11,25500.0,26070.0,26070.0,25385.0,25500.0,89244.0,52898127.05500001,0,11127.055000003427,52887000.0,2074,57.53475194940478,33600000.0,Neutral,47.76570048309178,25885.0,26356.5,31064.75,31430.2917,26699.9375,37820.0,0.7496,491010.KS,0.4458,Neutral,0.343,0.4074,57.05148173993004,50,708.4199829101562,0.0,0.0
2026-08-12,26140.0,25700.0,26200.0,25700.0,26140.0,97879.0,54225487.05500001,0,11127.055000003427,54214360.0,2074,61.48522813988095,33600000.0,Neutral,62.0945945945946,25927.0,26202.25,30946.0833,31418.2083,26727.2708,37820.0,0.8479,491010.KS,0.4479,Neutral,0.3299,0.4371,57.67355205243001,50,710.1699829101562,0.0,0.0
2026-08-13,26980.0,26760.0,27180.0,26760.0,26980.0,104093.0,55967647.05500001,0,11127.055000003427,55956520.0,2074,66.67022813988098,33600000.0,Neutral,77.64285714285714,26137.0,26122.25,30841.4167,31413.0833,26760.875,37820.0,1.1117,491010.KS,0.4488,Neutral,0.3332,0.4468,59.372703091553575,50,714.9500122070312,0.0,0.0
2026-08-14,27050.0,26995.0,27415.0,26895.0,27050.0,66116.0,56112827.05500001,0,11127.055000003427,56101700.0,2074,67.1023114732143,33600000.0,Neutral,66.80805938494167,26361.0,26045.75,30702.8333,31406.1667,26793.8958,37820.0,1.2757,491010.KS,0.451,Neutral,0.3192,0.4553,58.89636542027364,50,713.6099853515625,0.0,0.0
2026-08-15,27050.0,26995.0,27415.0,26895.0,27050.0,66116.0,56112827.05500001,0,11127.055000003427,56101700.0,2074,67.1023114732143,33600000.0,Neutral,66.80805938494167,26544.0,25969.25,30551.9167,31401.125,26831.7292,37820.0,1.3488,491010.KS,0.451,Neutral,0.3192,0.4553,58.89636542027364,50,713.6099853515625,0.0,0.0
2026-08-16,27050.0,26995.0,27415.0,26895.0,27050.0,66116.0,56112827.05500001,0,11127.055000003427,56101700.0,2074,67.1023114732143,33600000.0,Neutral,66.80805938494167,26854.0,25916.75,30404.4167,31396.0833,26866.9792,37820.0,1.358,491010.KS,0.451,Neutral,0.3192,0.4553,58.89636542027364,50,713.6099853515625,0.0,0.0
2026-08-17,27050.0,26995.0,27415.0,26895.0,27050.0,66116.0,56112827.05500001,0,11127.055000003427,56101700.0,2074,67.1023114732143,33600000.0,Neutral,64.71251409244644,27036.0,25975.75,30243.8333,31391.0417,26902.2292,37820.0,1.3234,491010.KS,0.4305,Neutral,0.3366,0.4641,57.70911194508446,50,710.27001953125,0.0,0.0
2026-08-18,27510.0,28050.0,28225.0,27460.0,27510.0,161167.0,57066867.05500001,0,11127.055000003427,57055740.0,2074,69.94171623511906,33600000.0,Neutral,63.77314814814815,27142.0,26133.75,30085.0833,31387.125,26939.3958,37820.0,1.37,491010.KS,0.4122,Neutral,0.3552,0.4662,55.977980868271686,50,705.4000244140625,0.0,0.0
2026-08-19,25460.0,26700.0,26995.0,25360.0,25460.0,208014.0,52815167.05500001,0,11127.055000003427,52804040.0,2074,57.28784718750002,33600000.0,Neutral,37.99313893653517,26824.0,26251.25,29892.1667,31361.6667,26965.3125,37820.0,0.8628,491010.KS,0.4247,Neutral,0.3402,0.4796,56.51472045605553,50,706.9099731445312,0.0,0.0
2026-08-20,25430.0,25675.0,25675.0,25185.0,25430.0,158843.0,52752947.05500001,0,11127.055000003427,52741820.0,2074,57.10266861607145,33600000.0,Neutral,44.388777555110224,26500.0,26249.5,29698.75,31333.9583,26990.875,37820.0,0.5128,491010.KS,0.3904,Neutral,0.3587,0.5053,54.41746784870992,50,701.010009765625,0.0,0.0
2026-08-21,25065.0,25365.0,25365.0,24905.0,25065.0,84694.0,51995937.05500001,0,11127.055000003427,51984810.0,2074,54.84966266369049,33600000.0,Neutral,41.83191690273843,26103.0,26229.5,29486.1667,31298.4167,27016.3333,37820.0,0.1974,491010.KS,0.4037,Neutral,0.336,0.5289,55.37723781292806,50,703.7100219726562,0.0,0.0
2026-08-22,25065.0,25365.0,25365.0,24905.0,25065.0,84694.0,51995937.05500001,0,11127.055000003427,51984810.0,2074,54.84966266369049,33600000.0,Neutral,41.83191690273843,25706.0,26209.5,29280.0833,31256.9167,27041.7917,37820.0,0.0079,491010.KS,0.4037,Neutral,0.336,0.5289,55.37723781292806,50,703.7100219726562,0.0,0.0
2026-08-23,25065.0,25365.0,25365.0,24905.0,25065.0,84694.0,51995937.05500001,0,11127.055000003427,51984810.0,2074,54.84966266369049,33600000.0,Neutral,41.83191690273843,25217.0,26175.5,29085.75,31215.4167,27067.6042,37820.0,-0.0924,491010.KS,0.4037,Neutral,0.336,0.5289,55.37723781292806,50,703.7100219726562,0.0,0.0
2026-08-24,24285.0,25065.0,25265.0,24245.0,24285.0,88379.0,50378217.05500001,0,11127.055000003427,50367090.0,2074,50.03501980654763,33600000.0,Neutral,34.24190800681431,24982.0,26073.75,28860.5,31167.4167,27090.1667,37820.0,-0.3242,491010.KS,0.3921,Neutral,0.3468,0.5366,54.70895482724086,50,701.8300170898438,0.0,0.0
2026-08-25,24515.0,24300.0,24515.0,23840.0,24515.0,81672.0,50855237.05500001,0,11127.055000003427,50844110.0,2074,51.4547221875,33600000.0,Neutral,40.98810612991766,24799.0,25956.5,28672.5833,31124.9167,27113.6875,37820.0,-0.377,491010.KS,0.406,Neutral,0.3456,0.534,55.48743225758446,50,704.02001953125,0.0,0.0
2026-08-26,24490.0,24440.0,24680.0,23910.0,24490.0,80412.0,50803387.05500001,0,11127.055000003427,50792260.0,2074,51.300406711309535,33600000.0,Neutral,32.98969072164948,24684.0,25881.5,28484.25,31082.3333,27138.125,37820.0,-0.3762,491010.KS,0.4076,Neutral,0.3355,0.5229,55.551414029053575,50,704.2000122070312,0.0,0.0
2026-08-27,25110.0,25200.0,25410.0,24870.0,25110.0,68297.0,52089267.05500001,0,11127.055000003427,52078140.0,2074,55.12743052083335,33600000.0,Neutral,29.805615550755945,24693.0,25840.5,28306.25,31047.875,27165.3125,37820.0,-0.1778,491010.KS,0.4176,Neutral,0.318,0.5148,57.16879250233541,50,708.75,0.0,0.0
2026-08-28,24455.0,25095.0,25095.0,24395.0,24455.0,42488.0,50730797.05500001,0,11127.055000003427,50719670.0,2074,51.084365044642865,33600000.0,Neutral,25.119846596356663,24571.0,25766.75,28138.5,31006.5417,27189.7708,37820.0,-0.1857,491010.KS,0.4258,Neutral,0.32,0.4961,56.632031218460924,50,707.239990234375,0.0,0.0
2026-08-29,24455.0,25095.0,25095.0,24395.0,24455.0,42488.0,50730797.05500001,0,11127.055000003427,50719670.0,2074,51.084365044642865,33600000.0,Neutral,25.119846596356663,24571.0,25766.75,28138.5,31006.5417,27189.7708,37820.0,-0.1857,491010.KS,0.4258,Neutral,0.32,0.4961,56.632031218460924,50,707.239990234375,0.0,0.0
2026-08-30,24455.0,25095.0,25095.0,24395.0,24455.0,42488.0,50730797.05500001,0,11127.055000003427,50719670.0,2074,51.084365044642865,33600000.0,Neutral,25.119846596356663,24571.0,25766.75,28138.5,31006.5417,27189.7708,37820.0,-0.1857,491010.KS,0.4258,Neutral,0.32,0.4961,56.632031218460924,50,707.239990234375,0.0,0.0
2026-08-31,23800.0,24100.0,24100.0,23500.0,23800.0,55445.0,49372327.05500001,0,11127.055000003427,49361200.0,2074,47.0412995684524,33600000.0,Neutral,22.31686541737649,24474.0,25660.25,27940.25,30959.75,27211.5,37820.0,-0.3246,491010.KS,0.3958,Neutral,0.3183,0.4891,55.7966883343972,50,704.8900146484375,0.0,0.0
