Date,price,Open,High,Low,Close,Volume,account_balance,deposit,cash,portfolio_value,shares,rate,invested_amount,signal,rsi_ta,sma05_ta,sma20_ta,sma60_ta,sma120_ta,sma240_ta,Recent_high,ppo_histogram,stock_ticker,MRI,MRI_Signal,MRI_Stress,GeoMRI,rate_vs,shares_vs,Close_vs,Dividend_vs,Dividend
2021-01-04,12.199999809265137,12.59000015258789,12.59000015258789,11.800000190734863,12.199999809265137,1371400.0,999.0118000154497,0,10.81181546497362,988.1999845504761,81,0.0,1000,"cash_1%_Buy 100% of cash (81 shares - DCA Strategy) Monthly invest 100.0% of total investment ($1,000.00)",0.0,0.0,0.0,0.0,0.0,0.0,12.199999809265137,0.0,SOFI,0.4008,GeoWatch,0.4625,0.7984,0.0,0,339.0299987792969,0.0,0.0
2021-01-05,12.149999618530272,12.149999618530272,12.279999732971191,12.09000015258789,12.149999618530272,1304000.0,994.9617845659257,0,10.81181546497362,984.149969100952,81,-0.40500154495239915,1000,GeoWatch,0.0,0.0,0.0,0.0,0.0,0.0,12.199999809265137,-0.0262,SOFI,0.4083,GeoWatch,0.4478,0.8171,0.9797425316982569,0,341.260009765625,0.0,0.0
2021-01-06,12.119999885559082,12.149999618530272,12.199999809265137,11.890000343322754,12.119999885559082,1105700.0,992.5318061952593,0,10.81181546497362,981.7199907302856,81,-0.6479993820190377,1000,GeoWatch,0.0,0.0,0.0,0.0,0.0,0.0,12.199999809265137,-0.0569,SOFI,0.4109,GeoWatch,0.4378,0.8168,1.8891749647797127,0,343.3299865722656,0.0,0.0
2021-01-07,19.13999938964844,12.199999809265137,22.0,12.050000190734863,19.13999938964844,64877000.0,1561.1517660264972,0,10.81181546497362,1550.3399505615237,81,56.213996601104746,1000,GeoWatch,0.0,0.0,0.0,0.0,0.0,0.0,19.13999938964844,3.4568,SOFI,0.4478,GeoWatch,0.4156,0.818,4.1430131755891395,0,348.4599914550781,0.0,0.0
2021-01-08,18.739999771118164,21.459999084472656,22.0,17.889999389648438,18.739999771118164,35657000.0,1528.751796925545,0,10.81181546497362,1517.9399814605713,81,52.973999691009546,1000,GeoWatch,0.0,14.87,0.0,0.0,0.0,0.0,19.13999938964844,5.0653,SOFI,0.4409,GeoWatch,0.4068,0.7989,5.00413758324796,0,350.4200134277344,0.0,0.0
2021-01-09,18.739999771118164,21.459999084472656,22.0,17.889999389648438,18.739999771118164,35657000.0,1528.751796925545,0,10.81181546497362,1517.9399814605713,81,52.973999691009546,1000,GeoWatch,0.0,14.87,0.0,0.0,0.0,0.0,19.13999938964844,5.0653,SOFI,0.4409,GeoWatch,0.4068,0.7989,5.00413758324796,0,350.4200134277344,0.0,0.0
2021-01-10,18.739999771118164,21.459999084472656,22.0,17.889999389648438,18.739999771118164,35657000.0,1528.751796925545,0,10.81181546497362,1517.9399814605713,81,52.973999691009546,1000,GeoWatch,0.0,14.87,0.0,0.0,0.0,0.0,19.13999938964844,5.0653,SOFI,0.4409,GeoWatch,0.4068,0.7989,5.00413758324796,0,350.4200134277344,0.0,0.0
2021-01-11,18.989999771118164,19.3700008392334,19.75,18.64999961853028,18.989999771118164,11702200.0,1549.001796925545,0,10.81181546497362,1538.1899814605713,81,54.99899969100953,1000,GeoWatch,0.0,16.228,0.0,0.0,0.0,0.0,19.13999938964844,5.7569,SOFI,0.4217,GeoWatch,0.4226,0.7819,3.998035468429805,0,348.1300048828125,0.0,0.0
2021-01-12,18.450000762939453,18.979999542236328,19.190000534057617,18.25,18.450000762939453,7138600.0,1505.2618772630694,0,10.81181546497362,1494.4500617980957,81,50.625007724761986,1000,GeoWatch,0.0,17.488,0.0,0.0,0.0,0.0,19.13999938964844,5.5238,SOFI,0.4209,GeoWatch,0.4166,0.7619,4.011215259989754,0,348.1600036621094,0.0,0.0
2021-01-13,19.11000061035156,18.89999961853028,19.59000015258789,18.530000686645508,19.11000061035156,8226400.0,1558.7218649034498,0,10.81181546497362,1547.9100494384763,81,55.971006488800015,1000,GeoWatch,0.0,18.886,0.0,0.0,0.0,0.0,19.13999938964844,5.244,SOFI,0.4533,GeoWatch,0.4129,0.7512,4.393442622950829,0,349.0299987792969,0.0,0.0
2021-01-14,19.15999984741211,19.39999961853028,19.450000762939453,18.920000076293945,19.15999984741211,7705100.0,1562.7718031053546,0,10.81181546497362,1551.9599876403809,81,56.37600030899049,1000,GeoWatch,0.0,18.89,0.0,0.0,0.0,0.0,19.15999984741211,4.692,SOFI,0.4373,GeoWatch,0.4157,0.7392,3.8750196112961035,0,347.8500061035156,0.0,0.0
2021-01-15,20.15999984741211,19.31999969482422,21.049999237060547,19.11000061035156,20.15999984741211,13024900.0,1643.7718031053546,0,10.81181546497362,1632.9599876403809,81,64.47600030899049,1000,GeoWatch,0.0,19.174,0.0,0.0,0.0,0.0,20.15999984741211,4.3584,SOFI,0.4234,GeoWatch,0.4237,0.7286,2.785441014024066,0,345.3699951171875,0.0,0.0
2021-01-16,20.15999984741211,19.31999969482422,21.049999237060547,19.11000061035156,20.15999984741211,13024900.0,1643.7718031053546,0,10.81181546497362,1632.9599876403809,81,64.47600030899049,1000,GeoWatch,0.0,19.174,0.0,0.0,0.0,0.0,20.15999984741211,4.3584,SOFI,0.4234,GeoWatch,0.4237,0.7286,2.785441014024066,0,345.3699951171875,0.0,0.0
2021-01-17,20.15999984741211,19.31999969482422,21.049999237060547,19.11000061035156,20.15999984741211,13024900.0,1643.7718031053546,0,10.81181546497362,1632.9599876403809,81,64.47600030899049,1000,GeoWatch,0.0,19.174,0.0,0.0,0.0,0.0,20.15999984741211,4.3584,SOFI,0.4234,GeoWatch,0.4237,0.7286,2.785441014024066,0,345.3699951171875,0.0,0.0
2021-01-18,20.15999984741211,19.31999969482422,21.049999237060547,19.11000061035156,20.15999984741211,13024900.0,1643.7718031053546,0,10.81181546497362,1632.9599876403809,81,64.47600030899049,1000,GeoWatch,0.0,19.174,0.0,0.0,0.0,0.0,20.15999984741211,4.3584,SOFI,0.4234,GeoWatch,0.4237,0.7286,2.785441014024066,0,345.3699951171875,0.0,0.0
2021-01-19,22.59000015258789,21.89999961853028,24.21999931335449,21.059999465942383,22.59000015258789,22266200.0,1840.6018278245929,0,10.81181546497362,1829.7900123596191,81,84.15900278091432,1000,GeoWatch,0.0,19.894,0.0,0.0,0.0,0.0,22.59000015258789,4.6531,SOFI,0.4101,GeoWatch,0.4159,0.7149,3.984855676869877,0,348.1000061035156,0.0,0.0
2021-01-20,22.3700008392334,23.86000061035156,24.6200008392334,22.11000061035156,22.3700008392334,10236100.0,1822.781883442879,0,10.81181546497362,1811.9700679779053,81,82.37700834274295,1000,GeoWatch,0.0,20.678,0.0,0.0,0.0,0.0,22.59000015258789,4.3186,SOFI,0.4274,GeoWatch,0.4043,0.7205,6.0629454565829874,0,352.8299865722656,0.0,0.0
2021-01-21,22.38999938964844,23.0,23.049999237060547,21.5,22.38999938964844,6971500.0,1824.4017660264972,0,10.81181546497362,1813.5899505615237,81,82.53899660110474,1000,GeoWatch,0.0,21.334,0.0,0.0,0.0,0.0,22.59000015258789,3.7166,SOFI,0.4311,GeoWatch,0.4006,0.7245,6.207936571465169,0,353.1600036621094,0.0,0.0
2021-01-22,21.64999961853028,22.09000015258789,22.989999771118164,21.190000534057617,21.64999961853028,6727300.0,1764.4617845659263,0,10.81181546497362,1753.6499691009528,81,76.54499845504768,1000,GeoWatch,85.23491154756364,21.832,0.0,0.0,0.0,0.0,22.59000015258789,2.7448,SOFI,0.4209,GeoWatch,0.4064,0.7246,5.654358510502043,0,351.8999938964844,0.0,0.0
2021-01-23,21.64999961853028,22.09000015258789,22.989999771118164,21.190000534057617,21.64999961853028,6727300.0,1764.4617845659263,0,10.81181546497362,1753.6499691009528,81,76.54499845504768,1000,GeoWatch,85.23491154756364,21.832,0.0,0.0,0.0,0.0,22.59000015258789,2.7448,SOFI,0.4209,GeoWatch,0.4064,0.7246,5.654358510502043,0,351.8999938964844,0.0,0.0
2021-01-24,21.64999961853028,22.09000015258789,22.989999771118164,21.190000534057617,21.64999961853028,6727300.0,1764.4617845659263,0,10.81181546497362,1753.6499691009528,81,76.54499845504768,1000,GeoWatch,85.23491154756364,21.832,0.0,0.0,0.0,0.0,22.59000015258789,2.7448,SOFI,0.4209,GeoWatch,0.4064,0.7246,5.654358510502043,0,351.8999938964844,0.0,0.0
2021-01-25,20.479999542236328,22.15999984741211,22.850000381469727,20.0,20.479999542236328,9701800.0,1669.6917783861163,0,10.81181546497362,1658.8799629211426,81,67.06799783706667,1000,GeoWatch,78.39507024781736,21.896,0.0,0.0,0.0,0.0,22.59000015258789,1.4781,SOFI,0.426,GeoWatch,0.4203,0.7268,6.28261758773052,0,353.3299865722656,0.0,0.0
2021-01-26,19.56999969482422,20.39999961853028,21.31999969482422,19.5,19.56999969482422,9172400.0,1595.9817907457355,0,10.81181546497362,1585.1699752807617,81,59.69699907302858,1000,GeoWatch,74.02850573020098,21.292,0.0,0.0,0.0,0.0,22.59000015258789,0.1922,SOFI,0.4184,GeoWatch,0.4189,0.7254,6.049765665023045,0,352.79998779296875,0.0,0.0
2021-01-27,18.18000030517578,19.0,19.25,17.899999618530273,18.18000030517578,16297600.0,1483.391840184212,0,10.81181546497362,1472.5800247192383,81,48.43800401687624,1000,GeoWatch,68.03572147273928,20.454,0.0,0.0,0.0,0.0,22.59000015258789,-1.191,SOFI,0.3479,GeoWatch,0.5256,0.7186,2.2889798523949807,0,344.239990234375,0.0,0.0
2021-01-28,20.280000686645508,20.420000076293945,20.920000076293945,19.100000381469727,20.280000686645508,12032100.0,1653.4918710832599,0,10.81181546497362,1642.6800556182861,81,65.44800710678102,1000,GeoWatch,54.79798713630916,20.032,0.0,0.0,0.0,0.0,22.59000015258789,-1.4178,SOFI,0.3725,GeoWatch,0.4689,0.7097,3.558691206134725,0,347.1300048828125,0.0,0.0
2021-01-29,25.13999938964844,23.190000534057617,26.96999931335449,21.799999237060547,25.13999938964844,36434600.0,2047.1517660264972,0,10.81181546497362,2036.3399505615237,81,104.81399660110478,1000,GeoWatch,69.58384883708307,20.73,0.0,0.0,0.0,0.0,25.13999938964844,-0.0599,SOFI,0.3388,GeoWatch,0.503,0.7025,0.5052432200947763,0,340.17999267578125,0.0,0.0
2021-01-30,25.13999938964844,23.190000534057617,26.96999931335449,21.799999237060547,25.13999938964844,36434600.0,2047.1517660264972,0,10.81181546497362,2036.3399505615237,81,104.81399660110478,1000,GeoWatch,69.58384883708307,20.73,0.0,0.0,0.0,0.0,25.13999938964844,-0.0599,SOFI,0.3388,GeoWatch,0.503,0.7025,0.5052432200947763,0,340.17999267578125,0.0,0.0
2021-01-31,25.13999938964844,23.190000534057617,26.96999931335449,21.799999237060547,25.13999938964844,36434600.0,2047.1517660264972,0,10.81181546497362,2036.3399505615237,81,104.81399660110478,1000,GeoWatch,69.58384883708307,20.73,0.0,0.0,0.0,0.0,25.13999938964844,-0.0599,SOFI,0.3388,GeoWatch,0.503,0.7025,0.5052432200947763,0,340.17999267578125,0.0,0.0
2021-02-01,25.780000686645508,25.850000381469727,28.26000022888184,25.13999938964844,25.780000686645508,18319100.0,3097.9864510564807,0,4.3863686590198085,3093.600082397461,120,54.998142551279074,2000,"cash_0%_Buy 100% of cash (39 shares - DCA Strategy) Monthly invest 50.0% of total investment ($1,000.00)",70.29289494781638,21.79,19.4325,0.0,0.0,0.0,25.780000686645508,0.7901,SOFI,0.3678,Neutral,0.483,0.6924,2.1154841584942474,3,345.7699890136719,0.0,0.0
2021-02-02,24.32999992370605,26.01000022888184,26.18000030517578,23.850000381469727,24.32999992370605,8973900.0,2923.986359503746,0,4.3863686590198085,2919.599990844726,120,46.29813797364234,2000,Neutral,66.66666666666666,22.742,20.039,0.0,0.0,0.0,25.780000686645508,0.6717,SOFI,0.3891,Neutral,0.446,0.6672,4.287855659801586,3,350.739990234375,0.0,0.0
2021-02-03,24.950000762939453,24.799999237060547,25.75,24.51000022888184,24.950000762939453,4251500.0,2998.386460211754,0,4.3863686590198085,2994.0000915527344,120,50.01814300904274,2000,Neutral,66.59091096279064,24.096,20.679,0.0,0.0,0.0,25.780000686645508,0.5955,SOFI,0.398,Neutral,0.4233,0.657,4.440842198596307,3,351.0899963378906,0.0,0.0
2021-02-04,25.059999465942383,24.06999969482422,25.1200008392334,23.420000076293945,25.059999465942383,8449800.0,3011.5863045721057,0,4.3863686590198085,3007.199935913086,120,50.67813522706032,2000,Neutral,66.70441762947641,25.052,21.326,0.0,0.0,0.0,25.780000686645508,0.4007,SOFI,0.4209,Neutral,0.4135,0.644,6.158629319784566,3,355.0199890136719,0.0,0.0
2021-02-05,23.100000381469727,24.290000915527344,24.520000457763672,22.89999961853028,23.100000381469727,12226800.0,2776.386414435387,0,4.3863686590198085,2772.000045776367,120,38.91814072022438,2000,Neutral,57.8947395377762,24.644,21.524,0.0,0.0,0.0,25.780000686645508,-0.4273,SOFI,0.4582,Neutral,0.3861,0.6423,6.779312608358779,3,356.44000244140625,0.0,0.0
2021-02-06,23.100000381469727,24.290000915527344,24.520000457763672,22.89999961853028,23.100000381469727,12226800.0,2776.386414435387,0,4.3863686590198085,2772.000045776367,120,38.91814072022438,2000,Neutral,57.8947395377762,24.644,21.524,0.0,0.0,0.0,25.780000686645508,-0.4273,SOFI,0.4582,Neutral,0.3861,0.6423,6.779312608358779,3,356.44000244140625,0.0,0.0
2021-02-07,23.100000381469727,24.290000915527344,24.520000457763672,22.89999961853028,23.100000381469727,12226800.0,2776.386414435387,0,4.3863686590198085,2772.000045776367,120,38.91814072022438,2000,Neutral,57.8947395377762,24.644,21.524,0.0,0.0,0.0,25.780000686645508,-0.4273,SOFI,0.4582,Neutral,0.3861,0.6423,6.779312608358779,3,356.44000244140625,0.0,0.0
2021-02-08,23.0,23.39999961853028,24.38999938964844,22.799999237060547,23.0,7344500.0,2764.38636865902,0,4.3863686590198085,2760.0,120,38.31813843140602,2000,Neutral,51.25844051682249,24.088,21.737,0.0,0.0,0.0,25.780000686645508,-1.0685,SOFI,0.4995,Neutral,0.3895,0.6428,7.9288792587494115,3,359.07000732421875,0.0,0.0
2021-02-09,23.1200008392334,22.93000030517578,24.0,22.75,23.1200008392334,6375300.0,2778.7864693670276,0,4.3863686590198085,2774.400100708008,120,39.03814346680642,2000,Neutral,52.31624479190106,23.846,21.9435,0.0,0.0,0.0,25.780000686645508,-1.4945,SOFI,0.5031,Neutral,0.3938,0.6512,7.8021174592755,3,358.7799987792969,0.0,0.0
2021-02-10,22.989999771118164,23.700000762939453,23.790000915527344,22.25,22.989999771118164,6308100.0,2763.1863411931995,0,4.3863686590198085,2758.7999725341797,120,38.25813705811502,2000,Neutral,51.84049183847917,23.454,22.1705,0.0,0.0,0.0,25.780000686645508,-1.8299,SOFI,0.5428,Neutral,0.3988,0.6618,7.740930847238566,3,358.6400146484375,0.0,0.0
2021-02-11,23.06999969482422,23.0,23.950000762939453,22.31999969482422,23.06999969482422,8551100.0,2772.786332037926,0,4.3863686590198085,2768.3999633789062,120,38.73813660035133,2000,Neutral,54.53964181117615,23.056,22.3685,0.0,0.0,0.0,25.780000686645508,-2.0275,SOFI,0.5418,Neutral,0.3915,0.6713,7.9944411070514505,3,359.2200012207031,0.0,0.0
2021-02-12,23.89999961853028,22.84000015258789,24.479999542236328,22.809999465942383,23.89999961853028,5847400.0,2872.3863228826535,0,4.3863686590198085,2867.9999542236337,120,43.71813614258772,2000,Neutral,61.17647000158448,23.216,22.6055,0.0,0.0,0.0,25.780000686645508,-1.9159,SOFI,0.5783,Neutral,0.3889,0.6716,8.794322334606285,3,361.0499877929688,0.0,0.0
2021-02-13,23.89999961853028,22.84000015258789,24.479999542236328,22.809999465942383,23.89999961853028,5847400.0,2872.3863228826535,0,4.3863686590198085,2867.9999542236337,120,43.71813614258772,2000,Neutral,61.17647000158448,23.216,22.6055,0.0,0.0,0.0,25.780000686645508,-1.9159,SOFI,0.5783,Neutral,0.3889,0.6716,8.794322334606285,3,361.0499877929688,0.0,0.0
2021-02-14,23.89999961853028,22.84000015258789,24.479999542236328,22.809999465942383,23.89999961853028,5847400.0,2872.3863228826535,0,4.3863686590198085,2867.9999542236337,120,43.71813614258772,2000,Neutral,61.17647000158448,23.216,22.6055,0.0,0.0,0.0,25.780000686645508,-1.9159,SOFI,0.5783,Neutral,0.3889,0.6716,8.794322334606285,3,361.0499877929688,0.0,0.0
2021-02-15,23.89999961853028,22.84000015258789,24.479999542236328,22.809999465942383,23.89999961853028,5847400.0,2872.3863228826535,0,4.3863686590198085,2867.9999542236337,120,43.71813614258772,2000,Neutral,61.17647000158448,23.216,22.6055,0.0,0.0,0.0,25.780000686645508,-1.9159,SOFI,0.5783,Neutral,0.3889,0.6716,8.794322334606285,3,361.0499877929688,0.0,0.0
2021-02-16,24.299999237060547,24.450000762939453,24.700000762939453,23.559999465942383,24.299999237060547,6134900.0,2920.3862771062854,0,4.3863686590198085,2915.9999084472656,120,46.118133853769315,2000,Neutral,65.99053160730543,23.476,22.8125,0.0,0.0,0.0,25.780000686645508,-1.7362,SOFI,0.5581,Neutral,0.3911,0.6542,8.645711032076655,3,360.7099914550781,0.0,0.0
2021-02-17,23.8799991607666,24.270000457763672,24.299999237060547,23.0,23.8799991607666,4731300.0,2869.986267951012,0,4.3863686590198085,2865.599899291992,120,43.598133396005636,2000,Neutral,70.62228001006395,23.628,22.877,0.0,0.0,0.0,25.780000686645508,-1.7455,SOFI,0.5169,Neutral,0.3914,0.634,8.680686243927703,3,360.7900085449219,0.0,0.0
2021-02-18,23.229999542236328,22.600000381469727,23.31999969482422,22.26000022888184,23.229999542236328,5747000.0,2791.986313727379,0,4.3863686590198085,2787.5999450683594,120,39.698135684823995,2000,Neutral,61.92400426616963,23.676,22.92,0.0,0.0,0.0,25.780000686645508,-1.9279,SOFI,0.5462,Neutral,0.3988,0.6193,8.00755347671187,3,359.25,0.0,0.0
2021-02-19,22.690000534057617,23.5,23.600000381469727,22.600000381469727,22.690000534057617,5138800.0,2727.186432745934,0,4.3863686590198085,2722.800064086914,120,36.45814163575173,2000,Neutral,34.78261796712677,23.6,22.935,0.0,0.0,0.0,25.780000686645508,-2.173,SOFI,0.5478,Neutral,0.3969,0.607,7.719068005047909,3,358.5899963378906,0.0,0.0
2021-02-20,22.690000534057617,23.5,23.600000381469727,22.600000381469727,22.690000534057617,5138800.0,2727.186432745934,0,4.3863686590198085,2722.800064086914,120,36.45814163575173,2000,Neutral,34.78261796712677,23.6,22.935,0.0,0.0,0.0,25.780000686645508,-2.173,SOFI,0.5478,Neutral,0.3969,0.607,7.719068005047909,3,358.5899963378906,0.0,0.0
2021-02-21,22.690000534057617,23.5,23.600000381469727,22.600000381469727,22.690000534057617,5138800.0,2727.186432745934,0,4.3863686590198085,2722.800064086914,120,36.45814163575173,2000,Neutral,34.78261796712677,23.6,22.935,0.0,0.0,0.0,25.780000686645508,-2.173,SOFI,0.5478,Neutral,0.3969,0.607,7.719068005047909,3,358.5899963378906,0.0,0.0
2021-02-22,21.290000915527344,22.5,22.83699989318848,21.020000457763672,21.290000915527344,6530300.0,2559.186478522301,0,4.3863686590198085,2554.8001098632812,120,28.05814392457008,2000,Neutral,24.517593397845477,23.078,22.917,0.0,0.0,0.0,25.780000686645508,-2.679,SOFI,0.5394,Neutral,0.405,0.6094,6.486451900429735,3,355.7699890136719,0.0,0.0
2021-02-23,20.1200008392334,19.989999771118164,20.600000381469727,16.84000015258789,20.1200008392334,12561900.0,2418.7864693670276,0,4.3863686590198085,2414.400100708008,120,21.038143466806424,2000,Neutral,25.322393394177723,22.242,22.899,0.0,0.0,0.0,25.780000686645508,-3.2609,SOFI,0.5419,Neutral,0.4033,0.6195,6.683150784470811,3,356.2200012207031,0.0,0.0
2021-02-24,19.40999984741211,20.0,20.299999237060547,19.0,19.40999984741211,7947300.0,2333.586350348473,0,4.3863686590198085,2329.199981689453,120,16.778137515878676,2000,Neutral,17.865419942018363,21.348,22.891,0.0,0.0,0.0,25.780000686645508,-3.7328,SOFI,0.5455,Neutral,0.3889,0.6358,8.40531314192419,3,360.1600036621094,0.0,0.0
2021-02-25,18.71999931335449,20.43000030517578,21.0,18.52499961853028,18.71999931335449,7962300.0,2250.7862862615584,0,4.3863686590198085,2246.3999176025386,120,12.638134311532966,2000,Neutral,15.543480289004748,20.446,22.918,0.0,0.0,0.0,25.780000686645508,-4.1051,SOFI,0.499,Neutral,0.4325,0.6419,4.628790610107146,3,351.5199890136719,0.0,0.0
2021-02-26,18.43000030517578,18.850000381469727,19.21999931335449,17.767000198364258,18.43000030517578,9106700.0,2215.9864052801136,0,4.3863686590198085,2211.6000366210938,120,10.898140262460709,2000,Neutral,18.990706172336655,19.594,22.8255,0.0,0.0,0.0,25.780000686645508,-4.2737,SOFI,0.5121,Neutral,0.443,0.6436,3.7851970373059984,3,349.5899963378906,0.0,0.0
2021-02-27,18.43000030517578,18.850000381469727,19.21999931335449,17.767000198364258,18.43000030517578,9106700.0,2215.9864052801136,0,4.3863686590198085,2211.6000366210938,120,10.898140262460709,2000,Neutral,18.990706172336655,19.594,22.8255,0.0,0.0,0.0,25.780000686645508,-4.2737,SOFI,0.5121,Neutral,0.443,0.6436,3.7851970373059984,3,349.5899963378906,0.0,0.0
2021-02-28,18.43000030517578,18.850000381469727,19.21999931335449,17.767000198364258,18.43000030517578,9106700.0,2215.9864052801136,0,4.3863686590198085,2211.6000366210938,120,10.898140262460709,2000,Neutral,18.990706172336655,19.594,22.8255,0.0,0.0,0.0,25.780000686645508,-4.2737,SOFI,0.5121,Neutral,0.443,0.6436,3.7851970373059984,3,349.5899963378906,0.0,0.0
2021-03-01,19.34000015258789,19.739999771118164,19.850000381469727,19.049999237060547,19.34000015258789,4422200.0,3324.200046961785,0,17.060020869255595,3307.1400260925293,171,10.905488230514548,3000,"cash_1%_Buy 100% of cash (51 shares - DCA Strategy) Monthly invest 33.3% of total investment ($1,000.00)",28.057555273087047,19.204,22.5355,0.0,0.0,0.0,25.780000686645508,-3.928,SOFI,0.5302,Neutral,0.41,0.6253,6.609043774213937,6,358.1199951171875,0.0,0.0
2021-03-02,18.770000457763672,19.39999961853028,19.61000061035156,18.6200008392334,18.770000457763672,3809000.0,3226.7300991468437,0,17.060020869255595,3209.670078277588,171,7.6564899700165,3000,Neutral,25.25596773434081,18.934,22.185,0.0,0.0,0.0,25.780000686645508,-3.7165,SOFI,0.5335,Neutral,0.4189,0.5987,5.404318393664575,6,355.3500061035156,0.0,0.0
2021-03-03,17.219999313354492,18.780000686645508,19.0,17.100000381469727,17.219999313354492,7175500.0,2961.679903452874,0,17.060020869255595,2944.619882583618,171,-1.178516553115827,3000,Neutral,21.743384058972765,18.496,21.8295,0.0,0.0,0.0,25.780000686645508,-3.9086,SOFI,0.516,Neutral,0.4329,0.5784,3.364539554068834,6,350.6600036621094,0.0,0.0
2021-03-04,16.059999465942383,17.299999237060547,17.579999923706055,14.75,16.059999465942383,15322900.0,2763.3199295454033,0,17.060020869255595,2746.2599086761475,171,-7.790515683364852,3000,Neutral,18.954823539826503,17.964,21.385,0.0,0.0,0.0,25.780000686645508,-4.2364,SOFI,0.4962,Neutral,0.4391,0.5636,1.485679225757842,6,346.3399963378906,0.0,0.0
2021-03-05,17.719999313354492,16.40999984741211,17.8799991607666,13.140000343322754,17.719999313354492,18226600.0,3047.179903452874,0,17.060020869255595,3030.119882583618,171,1.6714834468841588,3000,Neutral,24.504946989237297,17.822,21.018,0.0,0.0,0.0,25.780000686645508,-3.7014,SOFI,0.5107,Neutral,0.412,0.5601,4.2474279120487495,6,352.69000244140625,0.0,0.0
2021-03-06,17.719999313354492,16.40999984741211,17.8799991607666,13.140000343322754,17.719999313354492,18226600.0,3047.179903452874,0,17.060020869255595,3030.119882583618,171,1.6714834468841588,3000,Neutral,24.504946989237297,17.822,21.018,0.0,0.0,0.0,25.780000686645508,-3.7014,SOFI,0.5107,Neutral,0.412,0.5601,4.2474279120487495,6,352.69000244140625,0.0,0.0
2021-03-07,17.719999313354492,16.40999984741211,17.8799991607666,13.140000343322754,17.719999313354492,18226600.0,3047.179903452874,0,17.060020869255595,3030.119882583618,171,1.6714834468841588,3000,Neutral,24.504946989237297,17.822,21.018,0.0,0.0,0.0,25.780000686645508,-3.7014,SOFI,0.5107,Neutral,0.412,0.5601,4.2474279120487495,6,352.69000244140625,0.0,0.0
2021-03-08,16.110000610351562,16.84000015258789,17.700000762939453,15.760000228881836,16.110000610351562,7871800.0,2771.870125239373,0,17.060020869255595,2754.810104370117,171,-7.505509160232526,3000,Neutral,19.27982053463577,17.176,20.6685,0.0,0.0,0.0,25.780000686645508,-3.7179,SOFI,0.5029,Neutral,0.415,0.5557,3.4950104354552565,6,350.9599914550781,0.0,0.0
2021-03-09,17.479999542236328,17.25,18.38999938964844,16.549999237060547,17.479999542236328,8573200.0,3006.139942591668,0,17.060020869255595,2989.079921722412,171,0.3034847515106409,3000,Neutral,27.59103284153201,16.918,20.3925,0.0,0.0,0.0,25.780000686645508,-3.0709,SOFI,0.5164,Neutral,0.4092,0.5686,5.630472345642509,6,355.8699951171875,0.0,0.0
2021-03-10,19.059999465942383,18.280000686645508,19.479999542236328,17.799999237060547,19.059999465942383,7508200.0,3276.3199295454033,0,17.060020869255595,3259.2599086761475,171,9.309484316635153,3000,Neutral,36.29191042005693,17.286,20.1895,0.0,0.0,0.0,25.780000686645508,-1.9449,SOFI,0.5255,Neutral,0.4007,0.5814,6.587303051557676,6,358.07000732421875,0.0,0.0
2021-03-11,19.36000061035156,19.5,19.81999969482422,18.700000762939453,19.36000061035156,4959600.0,3327.620125239372,0,17.060020869255595,3310.5601043701167,171,11.019490839767442,3000,Neutral,38.87775525568855,17.946,20.008,0.0,0.0,0.0,25.780000686645508,-1.0079,SOFI,0.527,Neutral,0.3955,0.5946,8.231302520648697,6,361.8500061035156,0.0,0.0
2021-03-12,19.020000457763672,18.3799991607666,19.290000915527344,18.13999938964844,19.020000457763672,2859100.0,3269.4800991468437,0,17.060020869255595,3252.420078277588,171,9.081489970016488,3000,Neutral,41.84040085311001,18.206,19.8055,0.0,0.0,0.0,25.780000686645508,-0.4537,SOFI,0.5156,Neutral,0.3724,0.6028,8.453103019005589,6,362.3599853515625,0.0,0.0
2021-03-13,19.020000457763672,18.3799991607666,19.290000915527344,18.13999938964844,19.020000457763672,2859100.0,3269.4800991468437,0,17.060020869255595,3252.420078277588,171,9.081489970016488,3000,Neutral,41.84040085311001,18.206,19.8055,0.0,0.0,0.0,25.780000686645508,-0.4537,SOFI,0.5156,Neutral,0.3724,0.6028,8.453103019005589,6,362.3599853515625,0.0,0.0
2021-03-14,19.020000457763672,18.3799991607666,19.290000915527344,18.13999938964844,19.020000457763672,2859100.0,3269.4800991468437,0,17.060020869255595,3252.420078277588,171,9.081489970016488,3000,Neutral,41.84040085311001,18.206,19.8055,0.0,0.0,0.0,25.780000686645508,-0.4537,SOFI,0.5156,Neutral,0.3724,0.6028,8.453103019005589,6,362.3599853515625,0.0,0.0
2021-03-15,19.479999542236328,19.020000457763672,19.57999992370605,18.46999931335449,19.479999542236328,3515900.0,3348.139942591668,0,17.060020869255595,3331.079921722412,171,11.70348475151063,3000,Neutral,47.57575245271328,18.88,19.5845,0.0,0.0,0.0,25.780000686645508,0.1032,SOFI,0.5214,Neutral,0.3697,0.6266,9.36643900688383,6,364.4599914550781,0.0,0.0
2021-03-16,18.450000762939453,19.270000457763672,19.479999542236328,18.010000228881836,18.450000762939453,3023700.0,3172.0101513319023,0,17.060020869255595,3154.9501304626465,171,5.83249170951844,3000,Neutral,46.44970664632161,19.074,19.292,0.0,0.0,0.0,25.780000686645508,0.1292,SOFI,0.5198,Neutral,0.3666,0.6216,9.188119953839454,6,364.0499877929688,0.0,0.0
2021-03-17,19.14999961853028,17.610000610351562,19.354999542236328,17.5,19.14999961853028,3651400.0,3291.7099556379335,0,17.060020869255595,3274.649934768678,171,9.822485186386142,3000,Neutral,51.58906306432802,19.092,19.0555,0.0,0.0,0.0,25.780000686645508,0.4043,SOFI,0.5449,Neutral,0.3732,0.6147,9.705676571212948,6,365.239990234375,0.0,0.0
2021-03-18,18.13999938964844,18.5,19.100000381469727,18.049999237060547,18.13999938964844,2999200.0,3118.9999164991386,0,17.060020869255595,3101.9398956298833,171,4.065483881759658,3000,Neutral,48.9824526555788,18.848,18.801,0.0,0.0,0.0,25.780000686645508,0.2426,SOFI,0.5232,Neutral,0.3823,0.5733,7.370154885325043,6,359.8699951171875,0.0,0.0
2021-03-19,18.25,17.770000457763672,18.43000030517578,17.059999465942383,18.25,3667400.0,3137.810020869256,0,17.060020869255595,3120.75,171,4.692487360763565,3000,Neutral,45.9479539036983,18.694,18.579,0.0,0.0,0.0,25.780000686645508,0.192,SOFI,0.5264,Neutral,0.3771,0.5514,7.091812580792542,6,359.2300109863281,0.0,0.0
2021-03-20,18.25,17.770000457763672,18.43000030517578,17.059999465942383,18.25,3667400.0,3137.810020869256,0,17.060020869255595,3120.75,171,4.692487360763565,3000,Neutral,45.9479539036983,18.694,18.579,0.0,0.0,0.0,25.780000686645508,0.192,SOFI,0.5264,Neutral,0.3771,0.5514,7.091812580792542,6,359.2300109863281,0.0,0.0
2021-03-21,18.25,17.770000457763672,18.43000030517578,17.059999465942383,18.25,3667400.0,3137.810020869256,0,17.060020869255595,3120.75,171,4.692487360763565,3000,Neutral,45.9479539036983,18.694,18.579,0.0,0.0,0.0,25.780000686645508,0.192,SOFI,0.5264,Neutral,0.3771,0.5514,7.091812580792542,6,359.2300109863281,0.0,0.0
2021-03-22,18.270000457763672,18.280000686645508,18.489999771118164,17.81999969482422,18.270000457763672,2317000.0,3141.2300991468437,0,17.060020869255595,3124.170078277588,171,4.806489970016504,3000,Neutral,48.06201516002362,18.452,18.428,0.0,0.0,0.0,25.780000686645508,0.1835,SOFI,0.542,Neutral,0.367,0.5325,8.326985591240252,6,362.0700073242188,0.0,0.0
2021-03-23,17.899999618530273,17.959999084472656,18.18000030517578,17.270000457763672,17.899999618530273,2939000.0,3077.9599556379326,0,17.060020869255595,3060.8999347686768,171,2.697485186386117,3000,Neutral,52.90102583481511,18.342,18.317,0.0,0.0,0.0,25.780000686645508,0.0677,SOFI,0.5449,Neutral,0.3815,0.4859,7.170095109624405,6,359.4100036621094,0.0,0.0
2021-03-24,16.479999542236328,17.559999465942383,17.819000244140625,16.25,16.479999542236328,4642100.0,2835.139942591668,0,17.060020869255595,2818.079921722412,171,-5.396515248489365,3000,Neutral,51.75292220038023,17.808,18.1705,0.0,0.0,0.0,25.780000686645508,-0.4773,SOFI,0.5463,Neutral,0.3905,0.479,6.30460729340416,6,357.4200134277344,0.0,0.0
2021-03-25,16.6299991607666,15.699999809265137,16.790000915527344,15.109999656677246,16.6299991607666,5364400.0,2860.7898773603447,0,17.060020869255595,2843.729856491089,171,-4.541517422866804,3000,Neutral,44.794649366566986,17.506,18.066,0.0,0.0,0.0,25.780000686645508,-0.7245,SOFI,0.552,Neutral,0.3809,0.4705,7.178788744142018,6,359.42999267578125,0.0,0.0
2021-03-26,17.100000381469727,17.139999389648438,17.719999313354492,16.520000457763672,17.100000381469727,4598700.0,2941.160086100579,0,17.060020869255595,2924.1000652313232,171,-1.8625104648589907,3000,Neutral,55.30546505473559,17.276,17.9995,0.0,0.0,0.0,25.780000686645508,-0.6522,SOFI,0.5494,Neutral,0.37,0.4768,9.720037446708972,6,364.010009765625,1.263,0.0
2021-03-27,17.100000381469727,17.139999389648438,17.719999313354492,16.520000457763672,17.100000381469727,4598700.0,2941.160086100579,0,17.060020869255595,2924.1000652313232,171,-1.8625104648589907,3000,Neutral,55.30546505473559,17.276,17.9995,0.0,0.0,0.0,25.780000686645508,-0.6522,SOFI,0.5494,Neutral,0.37,0.4768,10.26934220861375,6,364.010009765625,1.263,0.0
2021-03-28,17.100000381469727,17.139999389648438,17.719999313354492,16.520000457763672,17.100000381469727,4598700.0,2941.160086100579,0,17.060020869255595,2924.1000652313232,171,-1.8625104648589907,3000,Neutral,55.30546505473559,17.276,17.9995,0.0,0.0,0.0,25.780000686645508,-0.6522,SOFI,0.5494,Neutral,0.37,0.4768,10.818646970518508,6,364.010009765625,1.263,0.0
2021-03-29,16.440000534057617,16.979999542236328,17.09000015258789,16.219999313354492,16.440000534057617,2827900.0,2828.3001121931084,0,17.060020869255595,2811.2400913238525,171,-5.624509595108018,3000,Neutral,43.96752374173085,16.91,17.8545,0.0,0.0,0.0,25.780000686645508,-0.7823,SOFI,0.5334,Neutral,0.3779,0.4792,10.722963899926974,6,363.7900085449219,0.0,0.0
2021-03-30,16.5,16.270000457763672,17.219999313354492,15.899999618530272,16.5,2634400.0,2838.560020869256,0,17.060020869255595,2821.5,171,-5.282512639236437,3000,Neutral,31.97183571550417,16.63,17.741,19.7862,0.0,0.0,25.780000686645508,-0.7754,SOFI,0.5335,Neutral,0.3704,0.4881,10.318477622180211,6,362.8599853515625,0.0,0.0
2021-03-31,17.149999618530273,16.969999313354492,17.360000610351562,16.68000030517578,17.149999618530273,2665300.0,2949.7099556379326,0,17.060020869255595,2932.6499347686768,171,-1.5775148136138784,3000,Neutral,35.16777629997351,16.764,17.7375,19.8687,0.0,0.0,25.780000686645508,-0.4632,SOFI,0.5371,Neutral,0.3677,0.4751,10.944764398283887,6,364.2999877929688,0.0,0.0
2021-04-01,17.270000457763672,17.510000228881836,17.639999389648438,16.90999984741211,17.270000457763672,2322600.0,3969.228439120293,0,14.3983342924123,3954.830104827881,229,-0.6704690235376454,4000,"cash_0%_Buy 100% of cash (58 shares - DCA Strategy) Monthly invest 25.0% of total investment ($1,000.00)",37.897647919776325,16.892,17.798,19.954,0.0,0.0,25.780000686645508,-0.1645,SOFI,0.5544,Neutral,0.3586,0.4997,11.652070663228173,11,368.1600036621094,0.0,0.0
2021-04-02,17.270000457763672,17.510000228881836,17.639999389648438,16.90999984741211,17.270000457763672,2322600.0,3969.228439120293,0,14.3983342924123,3954.830104827881,229,-0.6704690235376454,4000,Neutral,37.897647919776325,16.892,17.798,19.954,0.0,0.0,25.780000686645508,-0.1645,SOFI,0.5544,Neutral,0.3586,0.4997,11.652070663228173,11,368.1600036621094,0.0,0.0
2021-04-03,17.270000457763672,17.510000228881836,17.639999389648438,16.90999984741211,17.270000457763672,2322600.0,3969.228439120293,0,14.3983342924123,3954.830104827881,229,-0.6704690235376454,4000,Neutral,37.897647919776325,16.892,17.798,19.954,0.0,0.0,25.780000686645508,-0.1645,SOFI,0.5544,Neutral,0.3586,0.4997,11.652070663228173,11,368.1600036621094,0.0,0.0
2021-04-04,17.270000457763672,17.510000228881836,17.639999389648438,16.90999984741211,17.270000457763672,2322600.0,3969.228439120293,0,14.3983342924123,3954.830104827881,229,-0.6704690235376454,4000,Neutral,37.897647919776325,16.892,17.798,19.954,0.0,0.0,25.780000686645508,-0.1645,SOFI,0.5544,Neutral,0.3586,0.4997,11.652070663228173,11,368.1600036621094,0.0,0.0
2021-04-05,16.719999313354492,17.739999771118164,17.84000015258789,16.65999984741211,16.719999313354492,2506600.0,3843.278177050591,0,14.3983342924123,3828.8798427581787,229,-3.819225575280194,4000,Neutral,31.14754354655767,16.816,17.748,20.0307,0.0,0.0,25.780000686645508,-0.1347,SOFI,0.549,Neutral,0.355,0.4917,13.966897723927651,11,373.4700012207031,0.0,0.0
2021-04-06,17.260000228881836,16.510000228881836,17.30299949645996,16.5,17.260000228881836,1849500.0,3966.9383867063525,0,14.3983342924123,3952.5400524139404,229,-0.7277203338861504,4000,Neutral,41.28843424077093,16.98,17.8055,19.9993,0.0,0.0,25.780000686645508,0.1241,SOFI,0.5579,Neutral,0.3618,0.4986,13.875354573979529,11,373.260009765625,0.0,0.0
2021-04-07,17.200000762939453,17.25,17.3700008392334,16.899999618530273,17.200000762939453,1988100.0,3953.198509005547,0,14.3983342924123,3938.8001747131348,229,-1.0712172764062888,4000,Neutral,34.24880867827608,17.12,17.7915,19.9737,0.0,0.0,25.780000686645508,0.2938,SOFI,0.5619,Neutral,0.3555,0.5095,14.080245731129779,11,373.7300109863281,0.0,0.0
2021-04-08,18.13999938964844,17.030000686645508,18.63999938964844,17.020000457763672,18.13999938964844,2527700.0,4168.458194521905,0,14.3983342924123,4154.059860229493,229,4.310274861502672,4000,Neutral,50.0,17.318,17.7455,19.9595,0.0,0.0,25.780000686645508,0.7653,SOFI,0.5656,Neutral,0.3557,0.51,14.873641870274717,11,375.5499877929688,0.0,0.0
2021-04-09,17.770000457763672,17.959999084472656,18.26000022888184,17.600000381469727,17.770000457763672,1655000.0,4083.728439120293,0,14.3983342924123,4069.330104827881,229,2.192030976462356,4000,Neutral,46.238248731374206,17.418,17.666,19.9482,0.0,0.0,25.780000686645508,0.9193,SOFI,0.5624,Neutral,0.3463,0.5034,16.05067844177737,11,378.25,0.0,0.0
2021-04-10,17.770000457763672,17.959999084472656,18.26000022888184,17.600000381469727,17.770000457763672,1655000.0,4083.728439120293,0,14.3983342924123,4069.330104827881,229,2.192030976462356,4000,Neutral,46.238248731374206,17.418,17.666,19.9482,0.0,0.0,25.780000686645508,0.9193,SOFI,0.5624,Neutral,0.3463,0.5034,16.05067844177737,11,378.25,0.0,0.0
2021-04-11,17.770000457763672,17.959999084472656,18.26000022888184,17.600000381469727,17.770000457763672,1655000.0,4083.728439120293,0,14.3983342924123,4069.330104827881,229,2.192030976462356,4000,Neutral,46.238248731374206,17.418,17.666,19.9482,0.0,0.0,25.780000686645508,0.9193,SOFI,0.5624,Neutral,0.3463,0.5034,16.05067844177737,11,378.25,0.0,0.0
2021-04-12,17.0,17.8700008392334,17.959999084472656,16.850000381469727,17.0,2309300.0,3907.398334292412,0,14.3983342924123,3893.0,229,-2.2162216442346616,4000,Neutral,41.09396726851132,17.474,17.565,19.913,0.0,0.0,25.780000686645508,0.7184,SOFI,0.562,Neutral,0.348,0.5103,16.124793670430343,11,378.4200134277344,0.0,0.0
2021-04-13,16.829999923706055,16.65999984741211,17.049999237060547,16.510000228881836,16.829999923706055,2235000.0,3868.4683168210986,0,14.3983342924123,3854.0699825286865,229,-3.189472081017497,4000,Neutral,42.27994482175512,17.388,17.4325,19.8742,0.0,0.0,25.780000686645508,0.5213,SOFI,0.5714,Neutral,0.3509,0.5195,16.573808763280077,11,379.4500122070313,0.0,0.0
2021-04-14,16.68000030517578,16.940000534057617,17.239999771118164,16.459999084472656,16.68000030517578,2418200.0,3834.118404177666,0,14.3983342924123,3819.720069885254,229,-4.048219897103312,4000,Neutral,51.76679123967555,17.284,17.344,19.8162,0.0,0.0,25.780000686645508,0.3423,SOFI,0.5587,Neutral,0.3525,0.5445,16.041964481129803,11,378.2300109863281,0.0,0.0
2021-04-15,16.280000686645508,16.75,16.8700008392334,16.229999542236328,16.280000686645508,2088900.0,3742.5184915342334,0,14.3983342924123,3728.1201572418213,229,-6.338217713189131,4000,Neutral,47.03892992252486,16.912,17.2005,19.711,0.0,0.0,25.780000686645508,0.0896,SOFI,0.5848,Neutral,0.3577,0.5766,17.81186966682926,11,382.2900085449219,0.0,0.0
2021-04-16,16.31999969482422,16.139999389648438,16.440000534057617,15.93000030517578,16.31999969482422,2167000.0,3751.678264407158,0,14.3983342924123,3737.279930114746,229,-6.109223391366015,4000,Neutral,42.88320234228083,16.622,17.1095,19.6102,0.0,0.0,25.780000686645508,-0.0341,SOFI,0.5804,Neutral,0.355,0.6086,18.39602432037845,11,383.6300048828125,0.0,0.0
2021-04-17,16.31999969482422,16.139999389648438,16.440000534057617,15.93000030517578,16.31999969482422,2167000.0,3751.678264407158,0,14.3983342924123,3737.279930114746,229,-6.109223391366015,4000,Neutral,42.88320234228083,16.622,17.1095,19.6102,0.0,0.0,25.780000686645508,-0.0341,SOFI,0.5804,Neutral,0.355,0.6086,18.39602432037845,11,383.6300048828125,0.0,0.0
2021-04-18,16.31999969482422,16.139999389648438,16.440000534057617,15.93000030517578,16.31999969482422,2167000.0,3751.678264407158,0,14.3983342924123,3737.279930114746,229,-6.109223391366015,4000,Neutral,42.88320234228083,16.622,17.1095,19.6102,0.0,0.0,25.780000686645508,-0.0341,SOFI,0.5804,Neutral,0.355,0.6086,18.39602432037845,11,383.6300048828125,0.0,0.0
2021-04-19,15.390000343322754,16.040000915527344,16.1200008392334,15.15999984741211,15.390000343322754,3816600.0,3538.7084129133227,0,14.3983342924123,3524.3100786209106,229,-11.433469678711894,4000,Neutral,40.869559015801,16.3,16.9665,19.4935,0.0,0.0,25.780000686645508,-0.437,SOFI,0.5743,Neutral,0.3609,0.6332,17.57209605957521,11,381.739990234375,0.0,0.0
2021-04-20,14.869999885559082,15.5,15.84000015258789,14.739999771118164,14.869999885559082,3430900.0,3419.628308085442,0,14.3983342924123,3405.22997379303,229,-14.410472299408916,4000,Neutral,36.87600156949349,15.908,16.7965,19.3805,0.0,0.0,25.780000686645508,-0.8473,SOFI,0.575,Neutral,0.3738,0.6441,16.351476381077923,11,378.9400024414063,0.0,0.0
2021-04-21,15.210000038146973,14.850000381469728,15.779999732971191,14.699999809265137,15.210000038146973,3494000.0,3497.488343028069,0,14.3983342924123,3483.0900087356567,229,-12.463971425843246,4000,Neutral,33.55932186951891,15.614,16.662,19.2927,0.0,0.0,25.780000686645508,-0.9088,SOFI,0.5793,Neutral,0.3655,0.6362,17.90341281677737,11,382.5,0.0,0.0
2021-04-22,15.84000015258789,15.9399995803833,16.469999313354492,15.399999618530272,15.84000015258789,3141200.0,3641.758369235039,0,14.3983342924123,3627.360034942627,229,-8.857220770668995,4000,Neutral,38.84554785705892,15.526,16.63,19.2305,0.0,0.0,25.780000686645508,-0.6258,SOFI,0.5769,Neutral,0.3751,0.6207,16.37326793457523,11,378.989990234375,0.0,0.0
2021-04-23,16.170000076293945,16.389999389648438,16.6299991607666,15.619999885559082,16.170000076293945,3029400.0,3717.3283517637255,0,14.3983342924123,3702.9300174713135,229,-6.9679712074518285,4000,Neutral,45.55735437354657,15.496,16.607,19.197,0.0,0.0,25.780000686645508,-0.253,SOFI,0.5769,Neutral,0.3677,0.6118,18.134459159627106,11,383.0299987792969,0.0,0.0
2021-04-24,16.170000076293945,16.389999389648438,16.6299991607666,15.619999885559082,16.170000076293945,3029400.0,3717.3283517637255,0,14.3983342924123,3702.9300174713135,229,-6.9679712074518285,4000,Neutral,45.55735437354657,15.496,16.607,19.197,0.0,0.0,25.780000686645508,-0.253,SOFI,0.5769,Neutral,0.3677,0.6118,18.134459159627106,11,383.0299987792969,0.0,0.0
2021-04-25,16.170000076293945,16.389999389648438,16.6299991607666,15.619999885559082,16.170000076293945,3029400.0,3717.3283517637255,0,14.3983342924123,3702.9300174713135,229,-6.9679712074518285,4000,Neutral,45.55735437354657,15.496,16.607,19.197,0.0,0.0,25.780000686645508,-0.253,SOFI,0.5769,Neutral,0.3677,0.6118,18.134459159627106,11,383.0299987792969,0.0,0.0
2021-04-26,16.68000030517578,16.479999542236328,16.8700008392334,16.020000457763672,16.68000030517578,1964800.0,3834.118404177666,0,14.3983342924123,3819.720069885254,229,-4.048219897103312,4000,Neutral,45.292205379469735,15.754,16.586,19.137,0.0,0.0,25.780000686645508,0.2288,SOFI,0.5753,Neutral,0.3694,0.6038,18.496281430974143,11,383.8599853515625,0.0,0.0
2021-04-27,17.399999618530273,17.149999618530273,17.549999237060547,16.75,17.399999618530273,2583000.0,3998.9982469358447,0,14.3983342924123,3984.5999126434326,229,0.0737761718511476,4000,Neutral,51.46626815548089,16.26,16.634,19.008,0.0,0.0,25.780000686645508,0.8332,SOFI,0.573,Neutral,0.3653,0.6083,18.443971059575226,11,383.739990234375,0.0,0.0
2021-04-28,17.549999237060547,17.25,17.700000762939453,17.059999465942383,17.549999237060547,1771200.0,4033.3481595792773,0,14.3983342924123,4018.9498252868652,229,0.9325239879369618,4000,Neutral,45.10779055846119,16.728,16.6865,18.8708,0.0,0.0,25.780000686645508,1.2569,SOFI,0.5747,Neutral,0.3637,0.6205,18.365505502476843,11,383.55999755859375,0.0,0.0
2021-04-29,17.43000030517578,17.8700008392334,17.8700008392334,16.815000534057617,17.43000030517578,2095200.0,4005.868404177666,0,14.3983342924123,3991.470069885254,229,0.24553010289668498,4000,Neutral,47.0588206177239,17.046,16.7005,18.7558,0.0,0.0,25.780000686645508,1.4387,SOFI,0.5714,Neutral,0.3647,0.6389,19.481504438176295,11,386.1199951171875,0.0,0.0
2021-04-30,17.0,17.0,17.3700008392334,16.940000534057617,17.0,1385100.0,3907.398334292412,0,14.3983342924123,3893.0,229,-2.2162216442346616,4000,Neutral,50.0,17.212,16.687,18.6233,0.0,0.0,25.780000686645508,1.3394,SOFI,0.5688,Neutral,0.3659,0.6397,18.369869134679,11,383.5700073242188,0.0,0.0
2021-05-01,17.0,17.0,17.3700008392334,16.940000534057617,17.0,1385100.0,4906.395334292412,0,10.395334292412372,4896.0,288,-1.7732733156967218,5000,"cash_0%_Buy 100% of cash (59 shares - DCA Strategy) Monthly invest 20.0% of total investment ($1,000.00)",50.0,17.212,16.687,18.6233,0.0,0.0,25.780000686645508,1.3394,SOFI,0.5688,Neutral,0.3659,0.6397,17.32597791014394,14,383.5700073242188,0.0,0.0
2021-05-02,17.0,17.0,17.3700008392334,16.940000534057617,17.0,1385100.0,4906.395334292412,0,10.395334292412372,4896.0,288,-1.7732733156967218,5000,Neutral,50.0,17.212,16.687,18.6233,0.0,0.0,25.780000686645508,1.3394,SOFI,0.5688,Neutral,0.3659,0.6397,17.32597791014394,14,383.5700073242188,0.0,0.0
2021-05-03,16.3700008392334,17.0,17.149999618530273,16.18000030517578,16.3700008392334,1636500.0,4724.955575991631,0,10.395334292412372,4714.560241699219,288,-5.402068481712341,5000,Neutral,46.10169990143204,17.15,16.6695,18.4785,0.0,0.0,25.780000686645508,0.9907,SOFI,0.5673,Neutral,0.3662,0.6529,17.70342194560066,14,384.4400024414063,0.0,0.0
2021-05-04,16.170000076293945,16.190000534057617,16.399999618530273,15.710000038146973,16.170000076293945,1985800.0,4667.355356265069,0,10.395334292412372,4656.960021972656,288,-6.554072876243589,5000,Neutral,45.71428159276195,16.904,16.615,18.363,0.0,0.0,25.780000686645508,0.664,SOFI,0.5472,Neutral,0.3763,0.6622,16.688223534392726,14,382.1000061035156,0.0,0.0
2021-05-05,15.539999961853027,16.239999771118164,16.299999237060547,15.479999542236328,15.539999961853027,290200.0,4485.915323306084,0,10.395334292412372,4475.519989013672,288,-10.182873535423276,5000,Neutral,44.01293664374709,16.502,16.532,18.2387,0.0,0.0,25.780000686645508,0.1997,SOFI,0.5556,Neutral,0.3747,0.6666,16.71859594274607,14,382.1700134277344,0.0,0.0
2021-05-06,15.0,15.5,15.559000015258787,14.899999618530272,15.0,2630300.0,4330.395334292412,0,10.395334292412372,4320.0,288,-13.29327331569672,5000,Neutral,40.11976039355351,16.016,16.375,18.1033,0.0,0.0,25.780000686645508,-0.2981,SOFI,0.5657,Neutral,0.3714,0.6819,18.06785112603935,14,385.2799987792969,0.0,0.0
2021-05-07,16.510000228881836,15.199999809265137,16.988000869750977,14.869999885559082,16.510000228881836,5987800.0,4765.275400210381,0,10.395334292412372,4754.880065917969,288,-4.595671997337348,5000,GeoWatch,57.713498604495854,15.918,16.312,17.9953,0.0,0.0,25.780000686645508,0.0127,SOFI,0.5752,GeoWatch,0.358,0.7035,19.26092804911628,14,388.0299987792969,0.0,0.0
2021-05-08,16.510000228881836,15.199999809265137,16.988000869750977,14.869999885559082,16.510000228881836,5987800.0,4765.275400210381,0,10.395334292412372,4754.880065917969,288,-4.595671997337348,5000,GeoWatch,57.713498604495854,15.918,16.312,17.9953,0.0,0.0,25.780000686645508,0.0127,SOFI,0.5752,GeoWatch,0.358,0.7035,19.26092804911628,14,388.0299987792969,0.0,0.0
2021-05-09,16.510000228881836,15.199999809265137,16.988000869750977,14.869999885559082,16.510000228881836,5987800.0,4765.275400210381,0,10.395334292412372,4754.880065917969,288,-4.595671997337348,5000,GeoWatch,57.713498604495854,15.918,16.312,17.9953,0.0,0.0,25.780000686645508,0.0127,SOFI,0.5752,GeoWatch,0.358,0.7035,19.26092804911628,14,388.0299987792969,0.0,0.0
2021-05-10,16.3700008392334,17.399999618530273,17.554000854492188,16.270000457763672,16.3700008392334,4997000.0,4724.955575991631,0,10.395334292412372,4714.560241699219,288,-5.402068481712341,5000,GeoWatch,60.90117256228376,15.918,16.2805,17.8837,0.0,0.0,25.780000686645508,0.172,SOFI,0.5428,GeoWatch,0.3771,0.7144,17.61231796047445,14,384.2300109863281,0.0,0.0
2021-05-11,15.170000076293944,15.149999618530272,16.329999923706055,15.079999923706056,15.170000076293944,5043000.0,4379.355356265068,0,10.395334292412372,4368.960021972655,288,-12.31407287624361,5000,GeoWatch,49.741602274131616,15.718,16.1975,17.7382,0.0,0.0,25.780000686645508,-0.1892,SOFI,0.5146,GeoWatch,0.3917,0.7202,16.15024530046845,14,380.8599853515625,0.0,0.0
2021-05-12,15.050000190734863,15.130000114440918,15.550000190734863,14.899999618530272,15.050000190734863,4218100.0,4344.795389224053,0,10.395334292412372,4334.400054931641,288,-13.0052722170639,5000,GeoWatch,44.536652032665536,15.62,16.116,17.584,0.0,0.0,25.780000686645508,-0.4385,SOFI,0.4693,GeoWatch,0.4287,0.7215,12.623087191243677,14,372.7300109863281,0.0,0.0
2021-05-13,14.609999656677246,15.199999809265137,15.449999809265137,14.140000343322754,14.609999656677246,3765200.0,4218.075235415459,0,10.395334292412372,4207.679901123047,288,-15.539675293235778,5000,GeoWatch,39.37329298450331,15.542,16.0325,17.4295,0.0,0.0,25.780000686645508,-0.7331,SOFI,0.4951,GeoWatch,0.3983,0.7218,14.545022475197996,14,377.1600036621094,0.0,0.0
2021-05-14,14.9399995803833,14.960000038146973,15.489999771118164,14.619999885559082,14.9399995803833,2838700.0,4313.115213442803,0,10.395334292412372,4302.719879150391,288,-13.638875732688906,5000,GeoWatch,37.84915507239601,15.228,15.9635,17.2913,0.0,0.0,25.780000686645508,-0.7298,SOFI,0.5224,GeoWatch,0.373,0.7279,17.056995413148762,14,382.9500122070313,0.0,0.0
2021-05-15,14.9399995803833,14.960000038146973,15.489999771118164,14.619999885559082,14.9399995803833,2838700.0,4313.115213442803,0,10.395334292412372,4302.719879150391,288,-13.638875732688906,5000,GeoWatch,37.84915507239601,15.228,15.9635,17.2913,0.0,0.0,25.780000686645508,-0.7298,SOFI,0.5224,GeoWatch,0.373,0.7279,17.056995413148762,14,382.9500122070313,0.0,0.0
2021-05-16,14.9399995803833,14.960000038146973,15.489999771118164,14.619999885559082,14.9399995803833,2838700.0,4313.115213442803,0,10.395334292412372,4302.719879150391,288,-13.638875732688906,5000,GeoWatch,37.84915507239601,15.228,15.9635,17.2913,0.0,0.0,25.780000686645508,-0.7298,SOFI,0.5224,GeoWatch,0.373,0.7279,17.056995413148762,14,382.9500122070313,0.0,0.0
2021-05-17,15.479999542236328,15.020000457763672,15.899999618530272,14.949999809265137,15.479999542236328,2563400.0,4468.635202456475,0,10.395334292412372,4458.2398681640625,288,-10.528475952415473,5000,GeoWatch,36.246416889600575,15.05,15.968,17.1712,0.0,0.0,25.780000686645508,-0.4481,SOFI,0.5106,GeoWatch,0.3794,0.7432,16.65785112603934,14,382.0299987792969,0.0,0.0
2021-05-18,16.799999237060547,16.0,17.399999618530273,15.800000190734863,16.799999237060547,5163700.0,4848.79511456585,0,10.395334292412372,4838.3997802734375,288,-2.9252777102279692,5000,GeoWatch,45.39877279076946,15.376,16.0645,17.0963,0.0,0.0,25.780000686645508,0.3125,SOFI,0.489,GeoWatch,0.3915,0.7512,15.226164114320603,14,378.7300109863281,0.0,0.0
2021-05-19,17.43000030517578,16.309999465942383,17.739999771118164,16.200000762939453,17.43000030517578,4685700.0,5030.235422183037,0,10.395334292412372,5019.840087890625,288,0.703528442115775,5000,GeoWatch,50.0,15.852,16.1755,17.0515,0.0,0.0,25.780000686645508,1.0461,SOFI,0.4805,GeoWatch,0.3944,0.7485,14.792317960474442,14,377.7300109863281,0.0,0.0
2021-05-20,18.39999961853028,17.75,18.75,17.75,18.39999961853028,5498600.0,5309.595224429133,0,10.395334292412372,5299.199890136721,288,6.290724487037702,5000,GeoWatch,57.60869294799367,16.61,16.3035,17.0347,0.0,0.0,25.780000686645508,1.8461,SOFI,0.4817,GeoWatch,0.3873,0.7426,16.540717430877088,14,381.760009765625,0.0,0.0
2021-05-21,18.780000686645508,18.700000762939453,18.850000381469727,18.280000686645508,18.780000686645508,3054800.0,5419.035532046319,0,10.395334292412372,5408.640197753906,288,8.479530639381416,5000,GeoWatch,63.46368228141844,17.378,16.434,17.0357,0.0,0.0,25.780000686645508,2.3993,SOFI,0.4753,GeoWatch,0.3849,0.7404,16.414898339080203,14,381.4700012207031,0.0,0.0
2021-05-22,18.780000686645508,18.700000762939453,18.850000381469727,18.280000686645508,18.780000686645508,3054800.0,5419.035532046319,0,10.395334292412372,5408.640197753906,288,8.479530639381416,5000,GeoWatch,63.46368228141844,17.378,16.434,17.0357,0.0,0.0,25.780000686645508,2.3993,SOFI,0.4753,GeoWatch,0.3849,0.7404,16.414898339080203,14,381.4700012207031,0.0,0.0
2021-05-23,18.780000686645508,18.700000762939453,18.850000381469727,18.280000686645508,18.780000686645508,3054800.0,5419.035532046319,0,10.395334292412372,5408.640197753906,288,8.479530639381416,5000,GeoWatch,63.46368228141844,17.378,16.434,17.0357,0.0,0.0,25.780000686645508,2.3993,SOFI,0.4753,GeoWatch,0.3849,0.7404,16.414898339080203,14,381.4700012207031,0.0,0.0
2021-05-24,19.780000686645508,19.0,20.07999992370605,18.8700008392334,19.780000686645508,5276200.0,5707.035532046319,0,10.395334292412372,5696.640197753906,288,14.239530639381403,5000,GeoWatch,68.51282002124884,18.238,16.589,17.0582,0.0,0.0,25.780000686645508,2.9894,SOFI,0.4979,GeoWatch,0.3744,0.7544,18.08520867937471,14,385.3200073242188,0.0,0.0
2021-05-25,20.18000030517578,20.5,21.799999237060547,19.84000015258789,20.18000030517578,9338500.0,5822.235422183037,0,10.395334292412372,5811.840087890625,288,16.543528442115786,5000,GeoWatch,74.36974608925969,18.914,16.728,17.0722,0.0,0.0,25.780000686645508,3.3272,SOFI,0.5053,GeoWatch,0.3815,0.7742,17.733794353954018,14,384.510009765625,0.0,0.0
2021-05-26,19.89999961853028,20.040000915527344,20.280000686645508,19.01000022888184,19.89999961853028,6073300.0,5741.595224429133,0,10.395334292412372,5731.199890136721,288,14.930724487037683,5000,GeoWatch,76.45787520587416,19.408,16.8455,17.091,0.0,0.0,25.780000686645508,3.2378,SOFI,0.5548,GeoWatch,0.3701,0.7985,18.037478717685993,14,385.2099914550781,0.0,0.0
2021-05-27,19.790000915527344,19.8799991607666,20.040000915527344,19.25,19.790000915527344,4097900.0,5709.915597964287,0,10.395334292412372,5699.520263671875,288,14.29713195774077,5000,GeoWatch,70.86514269684515,19.686,16.9635,17.1338,0.0,0.0,25.780000686645508,2.9486,SOFI,0.5438,GeoWatch,0.3634,0.8194,18.11123838941075,14,385.3800048828125,0.0,0.0
2021-05-28,20.14999961853028,19.770000457763672,20.64999961853028,19.299999237060547,20.14999961853028,5370500.0,5813.595224429133,0,10.395334292412372,5803.199890136721,288,16.370724487037702,5000,GeoWatch,73.39108177592101,19.96,17.121,17.202,0.0,0.0,25.780000686645508,2.7097,SOFI,0.5423,GeoWatch,0.3601,0.8325,18.436623004795358,14,386.1300048828125,0.0,0.0
2021-05-29,20.14999961853028,19.770000457763672,20.64999961853028,19.299999237060547,20.14999961853028,5370500.0,5813.595224429133,0,10.395334292412372,5803.199890136721,288,16.370724487037702,5000,GeoWatch,73.39108177592101,19.96,17.121,17.202,0.0,0.0,25.780000686645508,2.7097,SOFI,0.5423,GeoWatch,0.3601,0.8325,18.436623004795358,14,386.1300048828125,0.0,0.0
2021-05-30,20.14999961853028,19.770000457763672,20.64999961853028,19.299999237060547,20.14999961853028,5370500.0,5813.595224429133,0,10.395334292412372,5803.199890136721,288,16.370724487037702,5000,GeoWatch,73.39108177592101,19.96,17.121,17.202,0.0,0.0,25.780000686645508,2.7097,SOFI,0.5423,GeoWatch,0.3601,0.8325,18.436623004795358,14,386.1300048828125,0.0,0.0
2021-05-31,20.14999961853028,19.770000457763672,20.64999961853028,19.299999237060547,20.14999961853028,5370500.0,5813.595224429133,0,10.395334292412372,5803.199890136721,288,16.370724487037702,5000,GeoWatch,73.39108177592101,19.96,17.121,17.202,0.0,0.0,25.780000686645508,2.7097,SOFI,0.5423,GeoWatch,0.3601,0.8325,18.436623004795358,14,386.1300048828125,0.0,0.0
2021-06-01,22.64999961853028,21.974000930786133,22.89999961853028,20.43000030517578,22.64999961853028,9159400.0,7532.598624445918,0,12.798751093864894,7519.7998733520535,332,25.642130405887,6000,"cash_0%_Buy 100% of cash (44 shares - DCA Strategy) Monthly invest 16.7% of total investment ($1,000.00)",89.87206935754679,20.534,17.435,17.2842,0.0,0.0,25.780000686645508,3.2237,SOFI,0.5236,GeoWatch,0.3667,0.8263,17.279336977278838,17,385.8299865722656,0.0,0.0
2021-06-02,23.209999084472656,23.65999984741211,24.950000762939453,22.64999961853028,23.209999084472656,14678900.0,7718.5184471387865,0,12.798751093864894,7705.719696044922,332,28.74079411743481,6000,GeoWatch,91.5478612005518,21.14,17.787,17.4025,0.0,0.0,25.780000686645508,3.4823,SOFI,0.5296,GeoWatch,0.366,0.8255,17.56002933789673,17,386.4800109863281,0.0,0.0
2021-06-03,22.68000030517578,22.84000015258789,23.5,22.350000381469727,22.68000030517578,5879000.0,7542.558852412224,0,12.798751093864894,7529.760101318359,332,25.808134205325427,6000,GeoWatch,90.71646368602453,21.696,18.144,17.4892,0.0,0.0,25.780000686645508,3.2137,SOFI,0.5248,GeoWatch,0.3678,0.8143,16.925256083502212,17,385.010009765625,0.0,0.0
2021-06-04,20.81999969482422,22.871000289916992,22.871000289916992,20.0,20.81999969482422,13434200.0,6925.038649775505,0,12.798751093864894,6912.239898681641,332,15.51613082804678,6000,GeoWatch,75.69930642687422,21.902,18.435,17.5185,0.0,0.0,25.780000686645508,2.228,SOFI,0.5408,GeoWatch,0.3591,0.8181,18.43229732107323,17,388.5,0.0,0.0
2021-06-05,20.81999969482422,22.871000289916992,22.871000289916992,20.0,20.81999969482422,13434200.0,6925.038649775505,0,12.798751093864894,6912.239898681641,332,15.51613082804678,6000,GeoWatch,75.69930642687422,21.902,18.435,17.5185,0.0,0.0,25.780000686645508,2.228,SOFI,0.5408,GeoWatch,0.3591,0.8181,18.43229732107323,17,388.5,0.0,0.0
2021-06-06,20.81999969482422,22.871000289916992,22.871000289916992,20.0,20.81999969482422,13434200.0,6925.038649775505,0,12.798751093864894,6912.239898681641,332,15.51613082804678,6000,GeoWatch,75.69930642687422,21.902,18.435,17.5185,0.0,0.0,25.780000686645508,2.228,SOFI,0.5408,GeoWatch,0.3591,0.8181,18.43229732107323,17,388.5,0.0,0.0
2021-06-07,21.209999084472656,20.702999114990234,21.465999603271484,20.309999465942383,21.209999084472656,4755400.0,7054.5184471387865,0,12.798751093864894,7041.719696044922,332,17.67412745076814,6000,GeoWatch,75.3764438159822,22.114,18.67,17.5493,0.0,0.0,25.780000686645508,1.5628,SOFI,0.5365,GeoWatch,0.3589,0.8243,18.289803119413087,17,388.1700134277344,0.0,0.0
2021-06-08,23.88999938964844,21.020000457763672,24.200000762939453,20.64999961853028,23.88999938964844,11306900.0,7944.278548457147,0,12.798751093864894,7931.479797363282,332,32.503462472740814,6000,GeoWatch,78.02372108858513,22.362,19.046,17.6305,0.0,0.0,25.780000686645508,1.8287,SOFI,0.5583,GeoWatch,0.3666,0.8281,18.315711156078557,17,388.2300109863281,0.0,0.0
2021-06-09,22.709999084472656,24.25,24.459999084472656,22.229999542236328,22.709999084472656,9407300.0,7552.5184471387865,0,12.798751093864894,7539.719696044922,332,25.974127450768137,6000,GeoWatch,69.99999999999999,22.262,19.423,17.6843,0.0,0.0,25.780000686645508,1.4582,SOFI,0.5507,GeoWatch,0.3753,0.8314,18.052295212586024,17,387.6199951171875,0.0,0.0
2021-06-10,23.020000457763672,22.82999992370605,23.39999961853028,21.43000030517578,23.020000457763672,6526500.0,7655.438903071404,0,12.798751093864894,7642.640151977539,332,27.689468382978422,6000,GeoWatch,68.42105743477404,22.33,19.8215,17.7605,0.0,0.0,25.780000686645508,1.17,SOFI,0.582,GeoWatch,0.3649,0.8393,18.825253447893182,17,389.4100036621094,0.0,0.0
2021-06-11,22.39999961853028,23.100000381469727,23.299999237060547,22.15800094604492,22.39999961853028,2769400.0,7449.598624445918,0,12.798751093864894,7436.7998733520535,332,24.258797072553662,6000,GeoWatch,64.16275147752374,22.646,20.211,17.8147,0.0,0.0,25.780000686645508,0.6715,SOFI,0.5737,GeoWatch,0.363,0.8322,19.11888664879873,17,390.0899963378906,0.0,0.0
2021-06-12,22.39999961853028,23.100000381469727,23.299999237060547,22.15800094604492,22.39999961853028,2769400.0,7449.598624445918,0,12.798751093864894,7436.7998733520535,332,24.258797072553662,6000,GeoWatch,64.16275147752374,22.646,20.211,17.8147,0.0,0.0,25.780000686645508,0.6715,SOFI,0.5737,GeoWatch,0.363,0.8322,19.11888664879873,17,390.0899963378906,0.0,0.0
2021-06-13,22.39999961853028,23.100000381469727,23.299999237060547,22.15800094604492,22.39999961853028,2769400.0,7449.598624445918,0,12.798751093864894,7436.7998733520535,332,24.258797072553662,6000,GeoWatch,64.16275147752374,22.646,20.211,17.8147,0.0,0.0,25.780000686645508,0.6715,SOFI,0.5737,GeoWatch,0.363,0.8322,19.11888664879873,17,390.0899963378906,0.0,0.0
2021-06-14,21.81999969482422,22.25,22.57999992370605,21.38999938964844,21.81999969482422,4099800.0,7257.038649775505,0,12.798751093864894,7244.239898681641,332,21.049464161380126,6000,GeoWatch,58.2524240382124,22.768,20.555,17.876,0.0,0.0,25.780000686645508,0.0846,SOFI,0.5561,GeoWatch,0.3655,0.8179,19.54207321107679,17,391.0700073242188,0.0,0.0
2021-06-15,20.799999237060547,21.59000015258789,21.68000030517578,20.690000534057617,20.799999237060547,3531200.0,6918.398497797966,0,12.798751093864894,6905.599746704102,332,15.405461628421147,6000,GeoWatch,52.38828564618712,22.15,20.821,17.9185,0.0,0.0,25.780000686645508,-0.6547,SOFI,0.5492,GeoWatch,0.3704,0.804,19.187979139255056,17,390.25,0.0,0.0
2021-06-16,21.82999992370605,21.209999084472656,22.63999938964844,21.100000381469727,21.82999992370605,9596000.0,7260.358725764274,0,12.798751093864894,7247.559974670409,332,21.104798761192946,6000,GeoWatch,57.02840629833487,21.974,21.0725,17.9778,0.0,0.0,25.780000686645508,-0.841,SOFI,0.5303,GeoWatch,0.3743,0.7941,18.263881904702494,17,388.1099853515625,0.0,0.0
2021-06-17,22.700000762939453,22.0,23.270000457763672,21.39999961853028,22.700000762939453,7359600.0,7549.199004389763,0,12.798751093864894,7536.400253295898,332,25.918803404951085,6000,GeoWatch,60.04140617780804,21.91,21.336,18.0578,0.0,0.0,25.780000686645508,-0.7204,SOFI,0.5387,GeoWatch,0.3756,0.7475,18.203434211831386,17,387.9700012207031,0.0,0.0
2021-06-18,23.040000915527344,22.71999931335449,23.68000030517578,22.21999931335449,23.040000915527344,5991500.0,7662.079055048943,0,12.798751093864894,7649.280303955078,332,27.80013758260408,6000,GeoWatch,59.98618062284474,22.038,21.568,18.1672,0.0,0.0,25.780000686645508,-0.5728,SOFI,0.515,GeoWatch,0.4041,0.7128,15.97957321107679,17,382.8200073242188,0.0,0.0
2021-06-19,23.040000915527344,22.71999931335449,23.68000030517578,22.21999931335449,23.040000915527344,5991500.0,7662.079055048943,0,12.798751093864894,7649.280303955078,332,27.80013758260408,6000,GeoWatch,59.98618062284474,22.038,21.568,18.1672,0.0,0.0,25.780000686645508,-0.5728,SOFI,0.515,GeoWatch,0.4041,0.7128,15.97957321107679,17,382.8200073242188,0.0,0.0
2021-06-20,23.040000915527344,22.71999931335449,23.68000030517578,22.21999931335449,23.040000915527344,5991500.0,7662.079055048943,0,12.798751093864894,7649.280303955078,332,27.80013758260408,6000,GeoWatch,59.98618062284474,22.038,21.568,18.1672,0.0,0.0,25.780000686645508,-0.5728,SOFI,0.515,GeoWatch,0.4041,0.7128,15.97957321107679,17,382.8200073242188,0.0,0.0
2021-06-21,22.51000022888184,22.81999969482422,23.200000762939453,22.21999931335449,22.51000022888184,3590300.0,7486.118827082635,0,12.798751093864894,7473.32007598877,332,24.867467116498954,6000,Neutral,49.440002612303886,22.176,21.7545,18.2652,0.0,0.0,25.780000686645508,-0.6682,SOFI,0.5391,Neutral,0.3815,0.6961,18.294112340160602,17,388.1799926757813,0.0,0.0
2021-06-22,21.200000762939453,22.65999984741211,22.81999969482422,21.09000015258789,21.200000762939453,6586300.0,7051.199004389763,0,12.798751093864894,7038.400253295898,332,17.618803404951088,6000,Neutral,42.41510285716425,22.256,21.8255,18.3335,0.0,0.0,25.780000686645508,-1.1323,SOFI,0.5443,Neutral,0.3742,0.6838,19.183656740462432,17,390.239990234375,0.0,0.0
2021-06-23,21.39999961853028,21.32999992370605,21.700000762939453,20.89999961853028,21.39999961853028,5328500.0,7117.598624445918,0,12.798751093864894,7104.7998733520535,332,18.725463739220338,6000,Neutral,45.04643846300227,22.17,21.8865,18.4162,0.0,0.0,25.780000686645508,-1.3597,SOFI,0.5473,Neutral,0.3711,0.6802,19.00230048380407,17,389.8200073242188,0.0,0.0
2021-06-24,20.8700008392334,21.520000457763672,21.64999961853028,20.809999465942383,20.8700008392334,6475100.0,6941.639029719353,0,12.798751093864894,6928.840278625488,332,15.792803827110912,6000,Neutral,50.21570809112287,21.804,21.935,18.489,19.1376,0.0,25.780000686645508,-1.6382,SOFI,0.5458,Neutral,0.369,0.6873,19.965246595309758,17,392.0499877929688,0.0,0.0
2021-06-25,18.5,19.770000457763672,19.89999961853028,18.5,18.5,36679200.0,6154.798751093865,0,12.798751093864894,6142.0,332,2.678799183352776,6000,Neutral,40.014744349287874,20.896,21.8705,18.5115,19.1901,0.0,25.780000686645508,-2.4834,SOFI,0.5501,Neutral,0.3606,0.6972,20.591388230164135,17,393.5,0.0,0.0
2021-06-26,18.5,19.770000457763672,19.89999961853028,18.5,18.5,36679200.0,6154.798751093865,0,12.798751093864894,6142.0,332,2.678799183352776,6000,Neutral,40.014744349287874,20.896,21.8705,18.5115,19.1901,0.0,25.780000686645508,-2.4834,SOFI,0.5501,Neutral,0.3606,0.6972,20.591388230164135,17,393.5,0.0,0.0
2021-06-27,18.5,19.770000457763672,19.89999961853028,18.5,18.5,36679200.0,6154.798751093865,0,12.798751093864894,6142.0,332,2.678799183352776,6000,Neutral,40.014744349287874,20.896,21.8705,18.5115,19.1901,0.0,25.780000686645508,-2.4834,SOFI,0.5501,Neutral,0.3606,0.6972,20.591388230164135,17,393.5,0.0,0.0
2021-06-28,19.26000022888184,18.170000076293945,19.96999931335449,17.649999618530273,19.26000022888184,56821000.0,6407.118827082635,0,12.798751093864894,6394.32007598877,332,6.884133783165625,6000,Neutral,30.128764822673133,20.246,21.826,18.5447,19.2493,0.0,25.780000686645508,-2.706,SOFI,0.5486,Neutral,0.3655,0.6988,20.945482301985898,17,394.3200073242188,0.0,0.0
2021-06-29,18.8700008392334,20.520000457763672,20.989999771118164,18.63999938964844,18.8700008392334,57158300.0,6277.639029719353,0,12.798751093864894,6264.840278625488,332,4.726137160444244,6000,Neutral,32.32045416665132,19.78,21.637,18.5805,19.3056,0.0,25.780000686645508,-2.8657,SOFI,0.5415,Neutral,0.3674,0.6893,21.02018526607501,17,393.1600036621094,1.333,0.0
2021-06-30,19.170000076293945,19.326000213623047,19.799999237060547,19.0,19.170000076293945,27479600.0,6377.2387764234545,0,12.798751093864894,6364.44002532959,332,6.386132938845945,6000,Neutral,32.25806338198392,19.334,21.435,18.6123,19.3058,0.0,25.780000686645508,-2.7578,SOFI,0.55,Neutral,0.3687,0.6838,21.175633486067902,17,393.5199890136719,0.0,0.0
2021-07-01,18.25,19.229999542236328,19.239999771118164,18.15999984741211,18.25,19839100.0,7070.795001093865,0,8.04500109386504,7062.75,387,1.1101771569388075,7000,"cash_0%_Buy 100% of cash (55 shares - DCA Strategy) Monthly invest 14.3% of total investment ($1,000.00)",31.390135603084005,18.81,21.2135,18.6298,19.3018,0.0,25.780000686645508,-2.8642,SOFI,0.5495,Neutral,0.3643,0.6813,21.065300498739497,20,395.739990234375,0.0,0.0
2021-07-02,18.07999992370605,18.27499961853028,18.57999992370605,17.75,18.07999992370605,25687900.0,7005.004971568106,0,8.04500109386504,6996.959970474241,387,0.1703195922851175,7000,Neutral,32.588455070661595,18.726,21.0765,18.6288,19.2942,0.0,25.780000686645508,-2.8612,SOFI,0.5561,Neutral,0.3627,0.6827,22.359155442769342,20,398.75,0.0,0.0
2021-07-03,18.07999992370605,18.27499961853028,18.57999992370605,17.75,18.07999992370605,25687900.0,7005.004971568106,0,8.04500109386504,6996.959970474241,387,0.1703195922851175,7000,Neutral,32.588455070661595,18.726,21.0765,18.6288,19.2942,0.0,25.780000686645508,-2.8612,SOFI,0.5561,Neutral,0.3627,0.6827,22.359155442769342,20,398.75,0.0,0.0
2021-07-04,18.07999992370605,18.27499961853028,18.57999992370605,17.75,18.07999992370605,25687900.0,7005.004971568106,0,8.04500109386504,6996.959970474241,387,0.1703195922851175,7000,Neutral,32.588455070661595,18.726,21.0765,18.6288,19.2942,0.0,25.780000686645508,-2.8612,SOFI,0.5561,Neutral,0.3627,0.6827,22.359155442769342,20,398.75,0.0,0.0
2021-07-05,18.07999992370605,18.27499961853028,18.57999992370605,17.75,18.07999992370605,25687900.0,7005.004971568106,0,8.04500109386504,6996.959970474241,387,0.1703195922851175,7000,Neutral,32.588455070661595,18.726,21.0765,18.6288,19.2942,0.0,25.780000686645508,-2.8612,SOFI,0.5561,Neutral,0.3627,0.6827,22.359155442769342,20,398.75,0.0,0.0
2021-07-06,17.350000381469727,18.084999084472656,18.084999084472656,17.219999313354492,17.350000381469727,20245500.0,6722.495148722649,0,8.04500109386504,6714.450147628784,387,-3.8655350197928318,7000,Neutral,33.492826634401766,18.344,20.8835,18.6218,19.285,0.0,25.780000686645508,-2.9674,SOFI,0.5521,Neutral,0.377,0.6941,22.03676738306786,20,398.0,0.0,0.0
2021-07-07,16.940000534057617,17.559999465942383,17.579999923706055,16.799999237060547,16.940000534057617,17530000.0,6563.825207774163,0,8.04500109386504,6555.780206680298,387,-6.13224846191407,7000,Neutral,25.12715983507161,17.958,20.536,18.6208,19.2669,0.0,25.780000686645508,-3.0323,SOFI,0.5699,Neutral,0.3789,0.6924,22.625660806575304,20,399.3699951171875,0.0,0.0
2021-07-08,16.6200008392334,16.299999237060547,16.799999237060547,16.100000381469727,16.6200008392334,18443700.0,6439.98532587719,0,8.04500109386504,6431.940324783325,387,-7.901389631870826,7000,Neutral,17.24136867931071,17.448,20.2315,18.6173,19.2458,0.0,25.780000686645508,-3.0349,SOFI,0.5616,Neutral,0.4017,0.6933,21.258738581761897,20,396.1900024414063,0.0,0.0
2021-07-09,16.450000762939453,16.920000076293945,17.299999237060547,16.43000030517578,16.450000762939453,17663000.0,6374.195296351433,0,8.04500109386504,6366.150295257568,387,-8.841247196524494,7000,GeoWatch,13.830941434954838,17.088,19.903,18.6135,19.2148,0.0,25.780000686645508,-2.9421,SOFI,0.5668,GeoWatch,0.3835,0.7056,23.055511552843974,20,400.3699951171875,0.0,0.0
2021-07-10,16.450000762939453,16.920000076293945,17.299999237060547,16.43000030517578,16.450000762939453,17663000.0,6374.195296351433,0,8.04500109386504,6366.150295257568,387,-8.841247196524494,7000,GeoWatch,13.830941434954838,17.088,19.903,18.6135,19.2148,0.0,25.780000686645508,-2.9421,SOFI,0.5668,GeoWatch,0.3835,0.7056,23.055511552843974,20,400.3699951171875,0.0,0.0
2021-07-11,16.450000762939453,16.920000076293945,17.299999237060547,16.43000030517578,16.450000762939453,17663000.0,6374.195296351433,0,8.04500109386504,6366.150295257568,387,-8.841247196524494,7000,GeoWatch,13.830941434954838,17.088,19.903,18.6135,19.2148,0.0,25.780000686645508,-2.9421,SOFI,0.5668,GeoWatch,0.3835,0.7056,23.055511552843974,20,400.3699951171875,0.0,0.0
2021-07-12,16.420000076293945,16.510000228881836,16.84000015258789,16.219999313354492,16.420000076293945,14071000.0,6362.585030619622,0,8.04500109386504,6354.540029525757,387,-9.007108135550368,7000,GeoWatch,14.63413229339602,16.756,19.604,18.6158,19.1634,0.0,25.780000686645508,-2.7382,SOFI,0.5727,GeoWatch,0.383,0.7067,23.67880038213503,20,401.8200073242188,0.0,0.0
2021-07-13,16.0,16.3799991607666,16.6200008392334,15.800000190734863,16.0,16623000.0,6200.045001093865,0,8.04500109386504,6192.0,387,-11.3291085573469,7000,GeoWatch,16.321227265607334,16.486,19.313,18.6105,19.1103,0.0,25.780000686645508,-2.6064,SOFI,0.5524,GeoWatch,0.3866,0.7172,23.0941965458477,20,400.4599914550781,0.0,0.0
2021-07-14,15.520000457763672,16.048999786376953,16.21500015258789,15.369999885559082,15.520000457763672,19069000.0,6014.285178248406,0,8.04500109386504,6006.240177154541,387,-13.98282031228203,7000,GeoWatch,13.249996483325148,16.202,19.049,18.6127,19.0531,0.0,25.780000686645508,-2.5475,SOFI,0.5657,GeoWatch,0.385,0.7259,23.330622327097707,20,401.010009765625,0.0,0.0
2021-07-15,15.989999771118164,15.619999885559082,16.420000076293945,15.449999809265137,15.989999771118164,16186000.0,6196.174912516594,0,8.04500109386504,6188.1299114227295,387,-11.384395537022186,7000,GeoWatch,19.269509369311308,16.076,18.757,18.6313,19.0059,0.0,25.780000686645508,-2.1866,SOFI,0.5619,GeoWatch,0.3936,0.7225,22.776111191370084,20,399.7200012207031,0.0,0.0
2021-07-16,15.300000190734863,16.100000381469727,16.190000534057617,15.220000267028809,15.300000190734863,14214600.0,5929.145074908257,0,8.04500109386504,5921.100073814392,387,-15.19910750285558,7000,GeoWatch,24.44088534529503,15.846,18.387,18.6328,18.9628,0.0,25.780000686645508,-2.0732,SOFI,0.5506,GeoWatch,0.3986,0.706,21.43926854911262,20,396.6099853515625,0.0,0.0
2021-07-17,15.300000190734863,16.100000381469727,16.190000534057617,15.220000267028809,15.300000190734863,14214600.0,5929.145074908257,0,8.04500109386504,5921.100073814392,387,-15.19910750285558,7000,GeoWatch,24.44088534529503,15.846,18.387,18.6328,18.9628,0.0,25.780000686645508,-2.0732,SOFI,0.5506,GeoWatch,0.3986,0.706,21.43926854911262,20,396.6099853515625,0.0,0.0
2021-07-18,15.300000190734863,16.100000381469727,16.190000534057617,15.220000267028809,15.300000190734863,14214600.0,5929.145074908257,0,8.04500109386504,5921.100073814392,387,-15.19910750285558,7000,GeoWatch,24.44088534529503,15.846,18.387,18.6328,18.9628,0.0,25.780000686645508,-2.0732,SOFI,0.5506,GeoWatch,0.3986,0.706,21.43926854911262,20,396.6099853515625,0.0,0.0
2021-07-19,15.170000076293944,15.0,15.529999732971191,14.869999885559082,15.170000076293944,14780900.0,5878.835030619621,0,8.04500109386504,5870.790029525756,387,-15.91782242126467,7000,Neutral,13.676712718599871,15.596,17.9935,18.6217,18.9261,0.0,25.780000686645508,-1.9138,SOFI,0.5342,Neutral,0.4374,0.6584,18.890256772060418,20,390.6799926757813,0.0,0.0
2021-07-20,15.0600004196167,15.18000030517578,15.289999961853027,14.939000129699709,15.0600004196167,11683000.0,5836.265163485527,0,8.04500109386504,5828.220162391663,387,-16.52596338032315,7000,Neutral,14.392502939902982,15.408,17.621,18.6032,18.9001,0.0,25.780000686645508,-1.7213,SOFI,0.5496,Neutral,0.415,0.6218,21.26304128698579,20,396.2000122070313,0.0,0.0
2021-07-21,16.559999465942383,15.140000343322754,16.649999618530273,15.104000091552734,16.559999465942383,27892400.0,6416.764794413567,0,8.04500109386504,6408.719793319702,387,-8.233111509922576,7000,Neutral,30.07632309625417,15.616,17.389,18.6012,18.8691,0.0,25.780000686645508,-0.8885,SOFI,0.5493,Neutral,0.3967,0.6126,22.69443850013875,20,399.5299987792969,0.0,0.0
2021-07-22,16.049999237060547,16.489999771118164,16.600000381469727,15.710000038146973,16.049999237060547,18833300.0,6219.394705836296,0,8.04500109386504,6211.349704742432,387,-11.05268420388359,7000,Neutral,32.084676994725584,15.628,17.1215,18.5787,18.7933,0.0,25.780000686645508,-0.462,SOFI,0.5488,Neutral,0.396,0.6218,23.05981425806784,20,400.3800048828125,0.0,0.0
2021-07-23,15.699999809265137,15.890000343322754,16.048999786376953,15.4399995803833,15.699999809265137,10370000.0,6083.944927279473,0,8.04500109386504,6075.899926185608,387,-12.987681040409639,7000,Neutral,31.170875737532427,15.708,16.863,18.5478,18.7093,0.0,25.780000686645508,-0.2527,SOFI,0.5547,Neutral,0.4047,0.6305,24.77921724314249,20,404.3800048828125,0.0,0.0
2021-07-24,15.699999809265137,15.890000343322754,16.048999786376953,15.4399995803833,15.699999809265137,10370000.0,6083.944927279473,0,8.04500109386504,6075.899926185608,387,-12.987681040409639,7000,Neutral,31.170875737532427,15.708,16.863,18.5478,18.7093,0.0,25.780000686645508,-0.2527,SOFI,0.5547,Neutral,0.4047,0.6305,24.77921724314249,20,404.3800048828125,0.0,0.0
2021-07-25,15.699999809265137,15.890000343322754,16.048999786376953,15.4399995803833,15.699999809265137,10370000.0,6083.944927279473,0,8.04500109386504,6075.899926185608,387,-12.987681040409639,7000,Neutral,31.170875737532427,15.708,16.863,18.5478,18.7093,0.0,25.780000686645508,-0.2527,SOFI,0.5547,Neutral,0.4047,0.6305,24.77921724314249,20,404.3800048828125,0.0,0.0
2021-07-26,15.510000228881836,15.760000228881836,16.09000015258789,15.479999542236328,15.510000228881836,8994900.0,6010.415089671135,0,8.04500109386504,6002.3700885772705,387,-14.038107291957314,7000,Neutral,34.08303504870507,15.776,16.7135,18.5158,18.6358,0.0,25.780000686645508,-0.1302,SOFI,0.5536,Neutral,0.4079,0.6595,25.22196298707903,20,405.4100036621094,0.0,0.0
2021-07-27,14.920000076293944,15.489999771118164,15.5,14.720000267028809,14.920000076293944,16735400.0,5782.085030619621,0,8.04500109386504,5774.040029525756,387,-17.299965278407527,7000,Neutral,33.05367940846561,15.748,16.4965,18.4812,18.5523,0.0,25.780000686645508,-0.2277,SOFI,0.5545,Neutral,0.4245,0.6778,24.448223772993224,20,403.6099853515625,0.0,0.0
2021-07-28,15.369999885559082,15.119999885559082,15.479000091552734,15.079999923706056,15.369999885559082,10131600.0,5956.23495680523,0,8.04500109386504,5948.189955711365,387,-14.812109190041689,7000,Neutral,39.73726182599742,15.51,16.3215,18.4645,18.4715,0.0,25.780000686645508,-0.0484,SOFI,0.5461,Neutral,0.4148,0.6864,24.353669202097713,20,403.3900146484375,0.0,0.0
2021-07-29,15.600000381469728,15.875,16.239999771118164,15.510000228881836,15.600000381469728,12748300.0,6045.24514872265,0,8.04500109386504,6037.200147628785,387,-13.540535019792822,7000,GeoWatch,43.08942522105095,15.42,16.143,18.455,18.409,0.0,25.780000686645508,0.2127,SOFI,0.551,GeoWatch,0.4093,0.7077,25.10160530284397,20,405.1300048828125,0.0,0.0
2021-07-30,15.4399995803833,15.354999542236328,15.789999961853027,15.350000381469728,15.4399995803833,6653700.0,5983.324838702202,0,8.04500109386504,5975.279837608337,387,-14.425110877227787,7000,GeoWatch,42.1974455794219,15.368,16.0025,18.4533,18.346,0.0,25.780000686645508,0.3564,SOFI,0.549,GeoWatch,0.4036,0.719,24.250496102750695,20,403.1499938964844,0.0,0.0
2021-07-31,15.4399995803833,15.354999542236328,15.789999961853027,15.350000381469728,15.4399995803833,6653700.0,5983.324838702202,0,8.04500109386504,5975.279837608337,387,-14.425110877227787,7000,GeoWatch,42.1974455794219,15.368,16.0025,18.4533,18.346,0.0,25.780000686645508,0.3564,SOFI,0.549,GeoWatch,0.4036,0.719,24.250496102750695,20,403.1499938964844,0.0,0.0
2021-08-01,15.4399995803833,15.354999542236328,15.789999961853027,15.350000381469728,15.4399995803833,6653700.0,6982.321238729478,0,3.4414283962256604,6978.879810333252,452,-12.622164517426494,8000,"cash_0%_Buy 100% of cash (65 shares - DCA Strategy) Monthly invest 12.5% of total investment ($1,000.00)",42.1974455794219,15.368,16.0025,18.4533,18.346,0.0,25.780000686645508,0.3564,SOFI,0.549,GeoWatch,0.4036,0.719,23.16609271217977,23,403.1499938964844,0.0,0.0
2021-08-02,15.729999542236328,15.579999923706056,16.31999969482422,15.40999984741211,15.729999542236328,15097600.0,7113.401221487046,0,3.4414283962256604,7109.95979309082,452,-10.983664732956889,8000,GeoWatch,47.80487351017408,15.412,15.885,18.4655,18.2844,0.0,25.780000686645508,0.5988,SOFI,0.5469,GeoWatch,0.4168,0.7239,22.81517781313911,23,402.3299865722656,0.0,0.0
2021-08-03,15.109999656677246,15.770000457763672,16.048999786376953,15.010000228881836,15.109999656677246,16166800.0,6833.161273214341,0,3.4414283962256604,6829.719844818115,452,-14.486664086365698,8000,GeoWatch,46.74085112957376,15.45,15.773,18.4422,18.2188,0.0,25.780000686645508,0.5233,SOFI,0.561,GeoWatch,0.4065,0.7081,24.205986636668506,23,405.5799865722656,0.0,0.0
2021-08-04,16.389999389648438,15.229999542236328,16.579999923706055,15.199999809265137,16.389999389648438,25718500.0,7411.72115251732,0,3.4414283962256604,7408.279724121094,452,-7.254665595078469,8000,Neutral,52.81689932743112,15.654,15.7455,18.4425,18.1631,0.0,25.780000686645508,1.0169,SOFI,0.5553,Neutral,0.4054,0.6691,23.375792769265594,23,403.6400146484375,0.0,0.0
2021-08-05,16.059999465942383,16.604999542236328,16.729999542236328,15.880000114440918,16.059999465942383,14501500.0,7262.561187002183,0,3.4414283962256604,7259.119758605957,452,-9.119165164017673,8000,Neutral,55.637977808249445,15.746,15.7175,18.4573,18.0978,0.0,25.780000686645508,1.1923,SOFI,0.5555,Neutral,0.3979,0.6283,24.454199832469307,23,406.1600036621094,0.0,0.0
2021-08-06,16.709999084472656,16.059999465942383,16.940000534057617,16.059999465942383,16.709999084472656,13993700.0,7556.361014577867,0,3.4414283962256604,7552.919586181641,452,-5.44666731932163,8000,Neutral,60.60605622738964,16.0,15.7305,18.485,18.0345,0.0,25.780000686645508,1.5484,SOFI,0.5459,Neutral,0.3888,0.5639,24.753750820161734,23,406.8599853515625,0.0,0.0
2021-08-07,16.709999084472656,16.059999465942383,16.940000534057617,16.059999465942383,16.709999084472656,13993700.0,7556.361014577867,0,3.4414283962256604,7552.919586181641,452,-5.44666731932163,8000,Neutral,60.60605622738964,16.0,15.7305,18.485,18.0345,0.0,25.780000686645508,1.5484,SOFI,0.5459,Neutral,0.3888,0.5639,24.753750820161734,23,406.8599853515625,0.0,0.0
2021-08-08,16.709999084472656,16.059999465942383,16.940000534057617,16.059999465942383,16.709999084472656,13993700.0,7556.361014577867,0,3.4414283962256604,7552.919586181641,452,-5.44666731932163,8000,Neutral,60.60605622738964,16.0,15.7305,18.485,18.0345,0.0,25.780000686645508,1.5484,SOFI,0.5459,Neutral,0.3888,0.5639,24.753750820161734,23,406.8599853515625,0.0,0.0
2021-08-09,16.90999984741211,16.989999771118164,17.31999969482422,16.559999465942383,16.90999984741211,15571300.0,7646.761359426499,0,3.4414283962256604,7643.319931030273,452,-4.316663008713718,8000,Neutral,62.585031100814014,16.236,15.755,18.5233,17.9764,0.0,25.780000686645508,1.8142,SOFI,0.5379,Neutral,0.3914,0.5069,24.58686055239692,23,406.4700012207031,0.0,0.0
2021-08-10,16.989999771118164,17.020000457763672,17.270000457763672,16.559999465942383,16.989999771118164,12830200.0,7682.921324941636,0,3.4414283962256604,7679.47989654541,452,-3.864663439774507,8000,Neutral,53.62563476430575,16.612,15.8045,18.5575,17.9244,0.0,25.780000686645508,1.9569,SOFI,0.5296,Neutral,0.3906,0.4806,24.805114731509967,23,406.9800109863281,0.0,0.0
2021-08-11,16.899999618530273,17.15999984741211,17.270000457763672,16.514999389648438,16.899999618530273,17104700.0,7642.24125597191,0,3.4414283962256604,7638.799827575684,452,-4.373164301896093,8000,Neutral,57.71325178004774,16.714,15.8735,18.5812,17.8762,0.0,25.780000686645508,1.9441,SOFI,0.5328,Neutral,0.3866,0.4894,25.22448872622504,23,407.9599914550781,0.0,0.0
2021-08-12,17.459999084472656,16.969999313354492,17.520000457763672,16.739999771118164,17.459999084472656,35861400.0,7895.361014577867,0,3.4414283962256604,7891.919586181641,452,-1.2091673193216357,8000,Neutral,65.38460833081157,16.994,15.947,18.5922,17.8442,0.0,25.780000686645508,2.0824,SOFI,0.5288,Neutral,0.3797,0.4887,25.733739771003307,23,409.1499938964844,0.0,0.0
2021-08-13,14.989999771118164,15.350000381469728,15.529999732971191,14.90999984741211,14.989999771118164,59983500.0,6778.921324941636,0,3.4414283962256604,6775.47989654541,452,-15.164663439774518,8000,Neutral,46.74999713897706,16.65,15.9315,18.5515,17.8015,0.0,25.780000686645508,1.1281,SOFI,0.5403,Neutral,0.3732,0.5065,26.080371079166206,23,409.9599914550781,0.0,0.0
2021-08-14,14.989999771118164,15.350000381469728,15.529999732971191,14.90999984741211,14.989999771118164,59983500.0,6778.921324941636,0,3.4414283962256604,6775.47989654541,452,-15.164663439774518,8000,Neutral,46.74999713897706,16.65,15.9315,18.5515,17.8015,0.0,25.780000686645508,1.1281,SOFI,0.5403,Neutral,0.3732,0.5065,26.080371079166206,23,409.9599914550781,0.0,0.0
2021-08-15,14.989999771118164,15.350000381469728,15.529999732971191,14.90999984741211,14.989999771118164,59983500.0,6778.921324941636,0,3.4414283962256604,6775.47989654541,452,-15.164663439774518,8000,Neutral,46.74999713897706,16.65,15.9315,18.5515,17.8015,0.0,25.780000686645508,1.1281,SOFI,0.5403,Neutral,0.3732,0.5065,26.080371079166206,23,409.9599914550781,0.0,0.0
2021-08-16,14.289999961853027,15.005000114440918,15.140000343322754,14.18000030517578,14.289999961853027,26155000.0,6462.521411153794,0,3.4414283962256604,6459.079982757568,452,-19.119662362122536,8000,Neutral,46.11590541855193,16.126,15.8875,18.483,17.7588,0.0,25.780000686645508,0.2099,SOFI,0.5412,Neutral,0.3819,0.5334,26.49975813360961,23,410.9400024414063,0.0,0.0
2021-08-17,13.75,14.079999923706056,14.699999809265137,13.5600004196167,13.75,31925000.0,6218.441428396226,0,3.4414283962256604,6215.0,452,-22.170662146592136,8000,Neutral,40.12195168755582,15.478,15.822,18.3992,17.7174,0.0,25.780000686645508,-0.5849,SOFI,0.5209,Neutral,0.3954,0.5391,25.340041202098213,23,408.2300109863281,0.0,0.0
2021-08-18,14.220000267028809,13.979999542236328,14.579999923706056,13.850000381469728,14.220000267028809,20754500.0,6430.8815490932475,0,3.4414283962256604,6427.4401206970215,452,-19.51516063787937,8000,Neutral,41.82464346533624,14.942,15.705,18.3065,17.6823,0.0,25.780000686645508,-0.8508,SOFI,0.5197,Neutral,0.4214,0.5244,23.461373168722737,23,403.8399963378906,0.0,0.0
2021-08-19,13.81999969482422,13.989999771118164,14.119999885559082,13.770000457763672,13.81999969482422,15576700.0,6250.081290456774,0,3.4414283962256604,6246.639862060548,452,-21.77516387083529,8000,Neutral,40.66820272700335,14.214,15.5935,18.2005,17.6363,0.0,25.780000686645508,-1.1214,SOFI,0.5275,Neutral,0.4236,0.499,23.705302773645776,23,404.4100036621094,0.0,0.0
2021-08-20,14.039999961853027,13.979999542236328,14.270000457763672,13.899999618530272,14.039999961853027,17618000.0,6349.521411153794,0,3.4414283962256604,6346.079982757568,452,-20.53216236212253,8000,Neutral,40.18583247519256,14.024,15.5105,18.1028,17.5969,0.0,25.780000686645508,-1.1208,SOFI,0.5426,Neutral,0.4123,0.4772,25.074706702514682,23,407.6099853515625,0.0,0.0
2021-08-21,14.039999961853027,13.979999542236328,14.270000457763672,13.899999618530272,14.039999961853027,17618000.0,6349.521411153794,0,3.4414283962256604,6346.079982757568,452,-20.53216236212253,8000,Neutral,40.18583247519256,14.024,15.5105,18.1028,17.5969,0.0,25.780000686645508,-1.1208,SOFI,0.5426,Neutral,0.4123,0.4772,25.074706702514682,23,407.6099853515625,0.0,0.0
2021-08-22,14.039999961853027,13.979999542236328,14.270000457763672,13.899999618530272,14.039999961853027,17618000.0,6349.521411153794,0,3.4414283962256604,6346.079982757568,452,-20.53216236212253,8000,Neutral,40.18583247519256,14.024,15.5105,18.1028,17.5969,0.0,25.780000686645508,-1.1208,SOFI,0.5426,Neutral,0.4123,0.4772,25.074706702514682,23,407.6099853515625,0.0,0.0
2021-08-23,14.43000030517578,14.265000343322754,14.5,14.220000267028809,14.43000030517578,13277100.0,6525.801566335678,0,3.4414283962256604,6522.360137939452,452,-18.328660422348985,8000,Neutral,45.94272468845405,14.052,15.4565,18.0135,17.5737,0.0,25.780000686645508,-0.8699,SOFI,0.5719,Neutral,0.402,0.4898,26.619581140632214,23,411.2200012207031,0.0,0.0
2021-08-24,14.760000228881836,14.479999542236328,14.93000030517578,14.470000267028809,14.760000228881836,13649900.0,6674.961531850816,0,3.4414283962256604,6671.52010345459,452,-16.464160853409773,8000,Neutral,39.0309616836009,14.254,15.4485,17.9237,17.5628,0.0,25.780000686645508,-0.4942,SOFI,0.5564,Neutral,0.4009,0.5192,26.897740293392424,23,411.8699951171875,0.0,0.0
2021-08-25,14.850000381469728,14.800000190734863,15.079999923706056,14.510000228881836,14.850000381469728,13785300.0,6715.641600820543,0,3.4414283962256604,6712.200172424317,452,-15.955659991288172,8000,Neutral,41.58554245760395,14.38,15.4225,17.7937,17.5389,0.0,25.780000686645508,-0.1593,SOFI,0.5647,Neutral,0.3941,0.5479,27.222979766623133,23,412.6300048828125,0.0,0.0
2021-08-26,14.359999656677246,14.762999534606934,14.789999961853027,14.199999809265137,14.359999656677246,16743800.0,6494.161273214341,0,3.4414283962256604,6490.719844818115,452,-18.724164086365704,8000,Neutral,33.28592546609633,14.488,15.3605,17.6462,17.5243,0.0,25.780000686645508,-0.1151,SOFI,0.5523,Neutral,0.4094,0.575,26.19163996416163,23,410.2200012207031,0.0,0.0
2021-08-27,14.039999961853027,14.3100004196167,14.40999984741211,14.039999961853027,14.039999961853027,19756400.0,6349.521411153794,0,3.4414283962256604,6346.079982757568,452,-20.53216236212253,8000,Neutral,29.93007233652456,14.488,15.2905,17.5022,17.4957,0.0,25.780000686645508,-0.1856,SOFI,0.5626,Neutral,0.3837,0.6256,27.74933905545584,23,413.8599853515625,0.0,0.0
2021-08-28,14.039999961853027,14.3100004196167,14.40999984741211,14.039999961853027,14.039999961853027,19756400.0,6349.521411153794,0,3.4414283962256604,6346.079982757568,452,-20.53216236212253,8000,Neutral,29.93007233652456,14.488,15.2905,17.5022,17.4957,0.0,25.780000686645508,-0.1856,SOFI,0.5626,Neutral,0.3837,0.6256,27.74933905545584,23,413.8599853515625,0.0,0.0
2021-08-29,14.039999961853027,14.3100004196167,14.40999984741211,14.039999961853027,14.039999961853027,19756400.0,6349.521411153794,0,3.4414283962256604,6346.079982757568,452,-20.53216236212253,8000,Neutral,29.93007233652456,14.488,15.2905,17.5022,17.4957,0.0,25.780000686645508,-0.1856,SOFI,0.5626,Neutral,0.3837,0.6256,27.74933905545584,23,413.8599853515625,0.0,0.0
2021-08-30,14.1899995803833,14.178999900817873,14.380000114440918,14.01099967956543,14.1899995803833,15445700.0,6417.321238729478,0,3.4414283962256604,6413.879810333252,452,-19.684664517426487,8000,Neutral,30.60941767882284,14.44,15.2135,17.3917,17.4551,0.0,25.780000686645508,-0.1219,SOFI,0.5652,Neutral,0.3838,0.6459,28.5624377385326,23,415.760009765625,0.0,0.0
2021-08-31,14.18000030517578,14.18000030517578,14.25,13.970000267028809,14.18000030517578,14530700.0,6412.801566335678,0,3.4414283962256604,6409.360137939452,452,-19.74116042234899,8000,Neutral,30.952384132567676,14.324,15.167,17.2745,17.4119,0.0,25.780000686645508,-0.0451,SOFI,0.5641,Neutral,0.385,0.6488,28.25859010023415,23,415.0499877929688,0.0,0.0
2021-09-01,14.56999969482422,14.142999649047852,14.6899995803833,14.109999656677246,14.56999969482422,16856500.0,7588.090530477525,0,11.690689168930703,7576.399841308595,520,-15.589062996239134,9000,"cash_0%_Buy 100% of cash (68 shares - DCA Strategy) Monthly invest 11.1% of total investment ($1,000.00)",29.26829501897363,14.268,15.076,17.1192,17.3748,0.0,25.780000686645508,0.2114,SOFI,0.5709,Neutral,0.3824,0.652,27.317929136302773,25,415.489990234375,0.0,0.0
2021-09-02,15.0600004196167,14.600000381469728,15.199999809265137,14.399999618530272,15.0600004196167,19534100.0,7842.890907369614,0,11.690689168930703,7831.200218200684,520,-12.757947697438144,9000,Neutral,50.70140920171355,14.408,15.026,16.9917,17.338,0.0,25.780000686645508,0.6113,SOFI,0.5798,Neutral,0.3854,0.685,27.844488673001713,25,416.7300109863281,0.0,0.0
2021-09-03,15.15999984741211,15.020000457763672,15.529999732971191,14.920000076293944,15.15999984741211,18793200.0,7894.890609823227,0,11.690689168930703,7883.199920654297,520,-12.180173225731329,9000,Neutral,59.90888174852152,14.632,14.9485,16.8607,17.3106,0.0,25.780000686645508,0.9086,SOFI,0.5839,Neutral,0.3843,0.6888,27.776545088946598,25,416.5700073242188,0.0,0.0
2021-09-04,15.15999984741211,15.020000457763672,15.529999732971191,14.920000076293944,15.15999984741211,18793200.0,7894.890609823227,0,11.690689168930703,7883.199920654297,520,-12.180173225731329,9000,Neutral,59.90888174852152,14.632,14.9485,16.8607,17.3106,0.0,25.780000686645508,0.9086,SOFI,0.5839,Neutral,0.3843,0.6888,27.776545088946598,25,416.5700073242188,0.0,0.0
2021-09-05,15.15999984741211,15.020000457763672,15.529999732971191,14.920000076293944,15.15999984741211,18793200.0,7894.890609823227,0,11.690689168930703,7883.199920654297,520,-12.180173225731329,9000,Neutral,59.90888174852152,14.632,14.9485,16.8607,17.3106,0.0,25.780000686645508,0.9086,SOFI,0.5839,Neutral,0.3843,0.6888,27.776545088946598,25,416.5700073242188,0.0,0.0
2021-09-06,15.15999984741211,15.020000457763672,15.529999732971191,14.920000076293944,15.15999984741211,18793200.0,7894.890609823227,0,11.690689168930703,7883.199920654297,520,-12.180173225731329,9000,Neutral,59.90888174852152,14.632,14.9485,16.8607,17.3106,0.0,25.780000686645508,0.9086,SOFI,0.5839,Neutral,0.3843,0.6888,27.776545088946598,25,416.5700073242188,0.0,0.0
2021-09-07,15.84000015258789,15.5,16.1299991607666,15.460000038146973,15.84000015258789,21664600.0,8248.490768514634,0,11.690689168930703,8236.800079345703,520,-8.251282573604591,9000,Neutral,73.06843085862252,14.962,14.895,16.7513,17.283,0.0,25.780000686645508,1.3725,SOFI,0.5778,Neutral,0.394,0.6708,27.122599431465268,25,415.0299987792969,0.0,0.0
2021-09-08,15.470000267028809,15.8100004196167,16.006000518798828,15.135000228881836,15.470000267028809,15621400.0,8056.090828023911,0,11.690689168930703,8044.4001388549805,520,-10.389059690168178,9000,Neutral,64.10835117256724,15.22,14.819,16.6455,17.2607,0.0,25.780000686645508,1.4615,SOFI,0.58,Neutral,0.3957,0.661,26.952746950784224,25,414.6300048828125,0.0,0.0
2021-09-09,15.6899995803833,15.3100004196167,15.84000015258789,15.260000228881836,15.6899995803833,18395800.0,8170.490470968247,0,11.690689168930703,8158.799781799316,520,-9.117952546342224,9000,Neutral,72.00000359030406,15.444,14.7585,16.5603,17.2394,0.0,25.780000686645508,1.56,SOFI,0.5669,Neutral,0.4044,0.638,26.16291412519262,25,412.7699890136719,0.0,0.0
2021-09-10,15.289999961853027,15.770000457763672,15.90999984741211,15.229999542236328,15.289999961853027,17029500.0,7962.490669332505,0,11.690689168930703,7950.799980163574,520,-11.429061453406021,9000,Neutral,64.10835724695866,15.49,14.65,16.4513,17.2146,0.0,25.780000686645508,1.3935,SOFI,0.5383,Neutral,0.4189,0.6303,24.808318885580967,25,409.5799865722656,0.0,0.0
2021-09-11,15.289999961853027,15.770000457763672,15.90999984741211,15.229999542236328,15.289999961853027,17029500.0,7962.490669332505,0,11.690689168930703,7950.799980163574,520,-11.429061453406021,9000,Neutral,64.10835724695866,15.49,14.65,16.4513,17.2146,0.0,25.780000686645508,1.3935,SOFI,0.5383,Neutral,0.4189,0.6303,24.808318885580967,25,409.5799865722656,0.0,0.0
2021-09-12,15.289999961853027,15.770000457763672,15.90999984741211,15.229999542236328,15.289999961853027,17029500.0,7962.490669332505,0,11.690689168930703,7950.799980163574,520,-11.429061453406021,9000,Neutral,64.10835724695866,15.49,14.65,16.4513,17.2146,0.0,25.780000686645508,1.3935,SOFI,0.5383,Neutral,0.4189,0.6303,24.808318885580967,25,409.5799865722656,0.0,0.0
2021-09-13,15.010000228881836,15.329999923706056,15.390000343322754,14.670000076293944,15.010000228881836,20253100.0,7816.890808187485,0,11.690689168930703,7805.200119018555,520,-13.046837688350688,9000,Neutral,56.71296551803307,15.46,14.651,16.3232,17.1905,0.0,25.780000686645508,1.118,SOFI,0.5509,Neutral,0.4084,0.631,25.215980389911813,25,410.5400085449219,0.0,0.0
2021-09-14,14.5,15.022000312805176,15.329999923706056,14.380000114440918,14.5,24475700.0,7551.6906891689305,0,11.690689168930703,7540.0,520,-15.99350567744574,9000,Neutral,47.11110734350728,15.192,14.6615,16.1808,17.174,0.0,25.780000686645508,0.6879,SOFI,0.5465,Neutral,0.4122,0.6489,24.311500055616087,25,408.4100036621094,0.0,0.0
2021-09-15,15.449999809265137,14.84000015258789,15.5,14.630999565124512,15.449999809265137,34832000.0,8045.690589986802,0,11.690689168930703,8033.999900817871,520,-10.504617890580503,9000,Neutral,55.597011937836754,15.188,14.7465,16.0632,17.1642,0.0,25.780000686645508,0.8005,SOFI,0.5503,Neutral,0.401,0.672,25.75951610343936,25,411.8200073242188,0.0,0.0
2021-09-16,15.5,15.470999717712402,15.65999984741211,15.229999542236328,15.5,24121300.0,8071.6906891689305,0,11.690689168930703,8060.0,520,-10.215727899667959,9000,Neutral,61.58537590005486,15.15,14.8105,15.9682,17.1508,0.0,25.780000686645508,0.8639,SOFI,0.5499,Neutral,0.4028,0.6803,25.458014019398355,25,411.1099853515625,0.0,0.0
2021-09-17,15.09000015258789,15.520000457763672,15.579999923706056,15.0600004196167,15.09000015258789,55126300.0,7858.490768514634,0,11.690689168930703,7846.800079345703,520,-12.584615906937923,9000,Neutral,60.479049325165605,15.11,14.874,15.863,17.1396,0.0,25.780000686645508,0.6975,SOFI,0.5198,Neutral,0.4181,0.6705,23.74672468268242,25,407.0799865722656,0.0,0.0
2021-09-18,15.09000015258789,15.520000457763672,15.579999923706056,15.0600004196167,15.09000015258789,55126300.0,7858.490768514634,0,11.690689168930703,7846.800079345703,520,-12.584615906937923,9000,Neutral,60.479049325165605,15.11,14.874,15.863,17.1396,0.0,25.780000686645508,0.6975,SOFI,0.5198,Neutral,0.4181,0.6705,23.74672468268242,25,407.0799865722656,0.0,0.0
2021-09-19,15.09000015258789,15.520000457763672,15.579999923706056,15.0600004196167,15.09000015258789,55126300.0,7858.490768514634,0,11.690689168930703,7846.800079345703,520,-12.584615906937923,9000,Neutral,60.479049325165605,15.11,14.874,15.863,17.1396,0.0,25.780000686645508,0.6975,SOFI,0.5198,Neutral,0.4181,0.6705,23.74672468268242,25,407.0799865722656,0.0,0.0
2021-09-20,14.56999969482422,14.579999923706056,14.90999984741211,14.420000076293944,14.56999969482422,27954600.0,7588.090530477525,0,11.690689168930703,7576.399841308595,520,-15.589062996239134,9000,Neutral,53.53160075350934,15.022,14.9005,15.758,17.1235,0.0,25.780000686645508,0.3472,SOFI,0.5056,Neutral,0.4595,0.6481,20.922886694755015,25,400.4299926757813,0.0,0.0
2021-09-21,15.170000076293944,14.619999885559082,15.279999732971191,14.5600004196167,15.170000076293944,23601500.0,7900.090728841781,0,11.690689168930703,7888.400039672851,520,-12.122394125525172,9000,Neutral,58.291456323148985,15.156,14.9375,15.7025,17.107,0.0,25.780000686645508,0.3728,SOFI,0.4973,Neutral,0.4479,0.6359,20.757284737737898,25,400.0400085449219,0.0,0.0
2021-09-22,16.84000015258789,15.859999656677246,17.084999084472656,15.609999656677246,16.84000015258789,55383300.0,8768.490768514634,0,11.690689168930703,8756.800079345703,520,-2.4735047958268086,9000,Neutral,65.65517557078394,15.434,15.0415,15.6622,17.1034,0.0,25.780000686645508,1.0789,SOFI,0.5111,Neutral,0.421,0.6308,22.396379966734735,25,403.8999938964844,0.0,0.0
2021-09-23,17.139999389648438,17.200000762939453,17.350000381469727,16.670000076293945,17.139999389648438,29369500.0,8924.490371786118,0,11.690689168930703,8912.799682617188,520,-0.7401758705881001,9000,Neutral,64.73087399676751,15.762,15.156,15.6333,17.1069,0.0,25.780000686645508,1.5843,SOFI,0.5134,Neutral,0.3994,0.6297,24.46861392421888,25,408.7799987792969,0.0,0.0
2021-09-24,17.639999389648438,16.860000610351562,17.790000915527344,16.6200008392334,17.639999389648438,22923000.0,9184.490371786118,0,11.690689168930703,9172.799682617188,520,2.148713018300785,9000,Neutral,66.62198288601827,16.272,15.32,15.6078,17.1101,0.0,25.780000686645508,2.0111,SOFI,0.502,Neutral,0.3971,0.6402,24.757364437268016,25,409.4599914550781,0.0,0.0
2021-09-25,17.639999389648438,16.860000610351562,17.790000915527344,16.6200008392334,17.639999389648438,22923000.0,9184.490371786118,0,11.690689168930703,9172.799682617188,520,2.148713018300785,9000,Neutral,66.62198288601827,16.272,15.32,15.6078,17.1101,0.0,25.780000686645508,2.0111,SOFI,0.502,Neutral,0.3971,0.6402,24.757364437268016,25,409.4599914550781,0.0,0.0
2021-09-26,17.639999389648438,16.860000610351562,17.790000915527344,16.6200008392334,17.639999389648438,22923000.0,9184.490371786118,0,11.690689168930703,9172.799682617188,520,2.148713018300785,9000,Neutral,66.62198288601827,16.272,15.32,15.6078,17.1101,0.0,25.780000686645508,2.0111,SOFI,0.502,Neutral,0.3971,0.6402,24.757364437268016,25,409.4599914550781,0.0,0.0
2021-09-27,17.700000762939453,17.65999984741211,18.07999992370605,16.850000381469727,17.700000762939453,35517600.0,9215.691085897446,0,11.690689168930703,9204.000396728516,520,2.49538761953777,9000,Neutral,63.59649538639147,16.898,15.503,15.5987,17.1142,0.0,25.780000686645508,2.1809,SOFI,0.4978,Neutral,0.4032,0.6677,24.26478317205349,25,408.2999877929688,0.0,0.0
2021-09-28,17.040000915527344,17.399999618530273,17.670000076293945,16.795000076293945,17.040000915527344,25569500.0,8872.49116524315,0,11.690689168930703,8860.800476074219,520,-1.317944832176643,9000,Neutral,61.00982204277036,17.272,15.6455,15.5813,17.1051,0.0,25.780000686645508,1.8972,SOFI,0.4669,Neutral,0.4344,0.6804,20.799751097636566,25,400.1400146484375,0.0,0.0
2021-09-29,16.010000228881836,16.350000381469727,17.170000076293945,16.010000228881836,16.010000228881836,38323200.0,8336.890808187485,0,11.690689168930703,8325.200119018555,520,-7.269059910572906,9000,Neutral,52.0151170562938,17.106,15.737,15.559,17.0904,0.0,25.780000686645508,1.2032,SOFI,0.4709,Neutral,0.4289,0.6706,21.066413712630357,25,399.4599914550781,1.308,0.0
2021-09-30,15.880000114440918,15.899999618530272,16.059999465942383,15.300000190734863,15.880000114440918,38688800.0,8269.290748678208,0,11.690689168930703,8257.600059509277,520,-8.020171682898214,9000,Neutral,53.846153846153854,16.854,15.8025,15.5413,17.0811,0.0,25.780000686645508,0.6402,SOFI,0.4628,Neutral,0.4342,0.6777,18.91774808267676,25,394.3999938964844,0.0,0.0
2021-10-01,16.450000762939453,15.880000114440918,16.489999771118164,15.75,16.450000762939453,18850300.0,9564.687635850907,0,7.237192583084948,9557.450443267822,581,-4.254303643035895,10000,"cash_0%_Buy 100% of cash (61 shares - DCA Strategy) Monthly invest 10.0% of total investment ($1,000.00)",59.04522619085844,16.616,15.872,15.5385,17.0779,0.0,25.780000686645508,0.4633,SOFI,0.4936,Neutral,0.4172,0.6793,19.916184685926602,28,399.1199951171875,0.0,0.0
2021-10-02,16.450000762939453,15.880000114440918,16.489999771118164,15.75,16.450000762939453,18850300.0,9564.687635850907,0,7.237192583084948,9557.450443267822,581,-4.254303643035895,10000,Neutral,59.04522619085844,16.616,15.872,15.5385,17.0779,0.0,25.780000686645508,0.4633,SOFI,0.4936,Neutral,0.4172,0.6793,19.916184685926602,28,399.1199951171875,0.0,0.0
2021-10-03,16.450000762939453,15.880000114440918,16.489999771118164,15.75,16.450000762939453,18850300.0,9564.687635850907,0,7.237192583084948,9557.450443267822,581,-4.254303643035895,10000,Neutral,59.04522619085844,16.616,15.872,15.5385,17.0779,0.0,25.780000686645508,0.4633,SOFI,0.4936,Neutral,0.4172,0.6793,19.916184685926602,28,399.1199951171875,0.0,0.0
2021-10-04,16.09000015258789,16.290000915527344,16.68000030517578,15.880000114440918,16.09000015258789,21849700.0,9355.52728123665,0,7.237192583084948,9348.290088653564,581,-6.345907189178469,10000,Neutral,60.17925406337133,16.294,15.9185,15.5325,17.073,0.0,25.780000686645508,0.1698,SOFI,0.4754,Neutral,0.4315,0.6763,17.839954565948908,28,394.2099914550781,0.0,0.0
2021-10-05,16.25,16.145000457763672,16.760000228881836,16.079999923706055,16.25,13941200.0,9448.487192583085,0,7.237192583084948,9441.25,581,-5.416308075714117,10000,Neutral,55.69800436271831,16.136,15.939,15.5297,17.0728,0.0,25.780000686645508,0.0234,SOFI,0.4852,Neutral,0.4164,0.675,19.45950464965427,28,398.0400085449219,0.0,0.0
2021-10-06,16.6200008392334,16.0,16.639999389648438,15.920000076293944,16.6200008392334,11896400.0,9663.45768017769,0,7.237192583084948,9656.220487594604,581,-3.26660319976807,10000,Neutral,57.62942938604196,16.258,15.9965,15.54,17.0753,0.0,25.780000686645508,0.0589,SOFI,0.487,Neutral,0.415,0.6848,20.207957146864068,28,399.80999755859375,0.0,0.0
2021-10-07,16.399999618530273,16.937000274658203,17.09000015258789,16.34000015258789,16.399999618530273,15267800.0,9535.636970949174,0,7.237192583084948,9528.399778366089,581,-4.544810292053226,10000,Neutral,59.16082858363865,16.362,16.032,15.5547,17.0837,0.0,25.780000686645508,-0.0258,SOFI,0.4906,Neutral,0.4013,0.6897,21.662586750658726,28,403.25,0.0,0.0
2021-10-08,16.209999084472656,16.527000427246094,16.649999618530273,16.170000076293945,16.209999084472656,11054400.0,9425.246660661698,0,7.237192583084948,9418.009468078613,581,-5.648713394927984,10000,Neutral,62.023446386066624,16.314,16.078,15.5583,17.0948,0.0,25.780000686645508,-0.1689,SOFI,0.5005,Neutral,0.394,0.6937,21.341211192623014,28,402.489990234375,0.0,0.0
2021-10-09,16.209999084472656,16.527000427246094,16.649999618530273,16.170000076293945,16.209999084472656,11054400.0,9425.246660661698,0,7.237192583084948,9418.009468078613,581,-5.648713394927984,10000,Neutral,62.023446386066624,16.314,16.078,15.5583,17.0948,0.0,25.780000686645508,-0.1689,SOFI,0.5005,Neutral,0.394,0.6937,21.341211192623014,28,402.489990234375,0.0,0.0
2021-10-10,16.209999084472656,16.527000427246094,16.649999618530273,16.170000076293945,16.209999084472656,11054400.0,9425.246660661698,0,7.237192583084948,9418.009468078613,581,-5.648713394927984,10000,Neutral,62.023446386066624,16.314,16.078,15.5583,17.0948,0.0,25.780000686645508,-0.1689,SOFI,0.5005,Neutral,0.394,0.6937,21.341211192623014,28,402.489990234375,0.0,0.0
2021-10-11,18.38999938964844,16.899999618530273,18.51000022888184,16.829999923706055,18.38999938964844,69669600.0,10691.826837968829,0,7.237192583084948,10684.589645385744,581,7.017088378143333,10000,Neutral,69.1666503936629,16.774,16.247,15.6098,17.1213,0.0,25.780000686645508,0.5806,SOFI,0.4925,Neutral,0.4029,0.6977,20.10224286114981,28,399.55999755859375,0.0,0.0
2021-10-12,18.96999931335449,18.170000076293945,19.020000457763672,17.84000015258789,18.96999931335449,47239700.0,11028.806793642043,0,7.237192583084948,11021.569601058958,581,10.386887934875466,10000,GeoWatch,64.56906736719277,17.318,16.4705,15.6732,17.1474,0.0,25.780000686645508,1.2067,SOFI,0.5185,GeoWatch,0.4042,0.7093,19.76396230869444,28,398.760009765625,0.0,0.0
2021-10-13,18.920000076293945,19.0,19.309999465942383,18.489999771118164,18.920000076293945,31335900.0,10999.757236909867,0,7.237192583084948,10992.520044326782,581,10.096392367553698,10000,GeoWatch,62.60622789395367,17.778,16.644,15.7375,17.1703,0.0,25.780000686645508,1.4785,SOFI,0.5217,GeoWatch,0.3978,0.7303,20.305218935368536,28,400.0400085449219,0.0,0.0
2021-10-14,19.6200008392334,19.799999237060547,19.809999465942383,18.94499969482422,19.6200008392334,33917700.0,11406.45768017769,0,7.237192583084948,11399.220487594604,581,14.163396800231919,10000,GeoWatch,63.63636244218191,18.422,16.85,15.7885,17.1948,0.0,25.780000686645508,1.7884,SOFI,0.5504,GeoWatch,0.3865,0.7474,23.146819451551586,28,406.760009765625,0.0,0.0
2021-10-15,19.3799991607666,19.559999465942383,19.86000061035156,19.31999969482422,19.3799991607666,22190300.0,11267.01670498848,0,7.237192583084948,11259.779512405396,581,12.768987048339831,10000,GeoWatch,61.29030231963139,19.056,17.0645,15.844,17.2113,0.0,25.780000686645508,1.7567,SOFI,0.5509,GeoWatch,0.374,0.7471,24.487269367846245,28,409.9299926757813,0.0,0.0
2021-10-16,19.3799991607666,19.559999465942383,19.86000061035156,19.31999969482422,19.3799991607666,22190300.0,11267.01670498848,0,7.237192583084948,11259.779512405396,581,12.768987048339831,10000,GeoWatch,61.29030231963139,19.056,17.0645,15.844,17.2113,0.0,25.780000686645508,1.7567,SOFI,0.5509,GeoWatch,0.374,0.7471,24.487269367846245,28,409.9299926757813,0.0,0.0
2021-10-17,19.3799991607666,19.559999465942383,19.86000061035156,19.31999969482422,19.3799991607666,22190300.0,11267.01670498848,0,7.237192583084948,11259.779512405396,581,12.768987048339831,10000,GeoWatch,61.29030231963139,19.056,17.0645,15.844,17.2113,0.0,25.780000686645508,1.7567,SOFI,0.5509,GeoWatch,0.374,0.7471,24.487269367846245,28,409.9299926757813,0.0,0.0
2021-10-18,20.850000381469727,19.18000030517578,21.0,19.1200008392334,20.850000381469727,48421800.0,12121.087414216996,0,7.237192583084948,12113.850221633911,581,21.30969414062499,10000,GeoWatch,73.09088450032138,19.548,17.3785,15.9298,17.2388,0.0,25.780000686645508,2.1159,SOFI,0.5448,GeoWatch,0.3743,0.7435,25.01584079641767,28,411.1799926757813,0.0,0.0
2021-10-19,20.21999931335449,21.040000915527344,21.07999992370605,20.184999465942383,20.21999931335449,26292200.0,11755.056793642043,0,7.237192583084948,11747.819601058958,581,17.64938793487546,10000,GeoWatch,76.81525342806083,19.798,17.631,16.0083,17.2621,0.0,25.780000686645508,1.9502,SOFI,0.5358,GeoWatch,0.3675,0.7468,26.36898881539087,28,414.3800048828125,0.0,0.0
2021-10-20,21.049999237060547,20.364999771118164,21.190000534057617,19.8700008392334,21.049999237060547,25757100.0,12237.286749315263,0,7.237192583084948,12230.049556732178,581,22.47168749160765,10000,GeoWatch,80.23388534480537,20.224,17.8415,16.1105,17.2958,0.0,25.780000686645508,1.9694,SOFI,0.525,GeoWatch,0.3664,0.7464,27.049782621194446,28,415.989990234375,0.0,0.0
2021-10-21,20.989999771118164,20.88999938964844,21.77499961853028,20.76499938964844,20.989999771118164,24771700.0,12202.427059602738,0,7.237192583084948,12195.189867019653,581,22.12309059448242,10000,GeoWatch,78.23380136878247,20.498,18.034,16.2042,17.3343,0.0,25.780000686645508,1.7929,SOFI,0.5123,GeoWatch,0.3609,0.7415,27.4811051658373,28,417.010009765625,0.0,0.0
2021-10-22,20.57999992370605,20.86000061035156,21.059999465942383,20.200000762939453,20.57999992370605,18994500.0,11964.2171482563,0,7.237192583084948,11956.979955673216,581,19.740991481018032,10000,GeoWatch,77.75028745774185,20.738,18.181,16.2872,17.3711,0.0,25.780000686645508,1.3903,SOFI,0.5127,GeoWatch,0.3575,0.7501,27.303499487823906,28,416.5899963378906,0.0,0.0
2021-10-23,20.57999992370605,20.86000061035156,21.059999465942383,20.200000762939453,20.57999992370605,18994500.0,11964.2171482563,0,7.237192583084948,11956.979955673216,581,19.740991481018032,10000,GeoWatch,77.75028745774185,20.738,18.181,16.2872,17.3711,0.0,25.780000686645508,1.3903,SOFI,0.5127,GeoWatch,0.3575,0.7501,27.303499487823906,28,416.5899963378906,0.0,0.0
2021-10-24,20.57999992370605,20.86000061035156,21.059999465942383,20.200000762939453,20.57999992370605,18994500.0,11964.2171482563,0,7.237192583084948,11956.979955673216,581,19.740991481018032,10000,GeoWatch,77.75028745774185,20.738,18.181,16.2872,17.3711,0.0,25.780000686645508,1.3903,SOFI,0.5127,GeoWatch,0.3575,0.7501,27.303499487823906,28,416.5899963378906,0.0,0.0
2021-10-25,20.690000534057617,20.6200008392334,21.07999992370605,20.100000381469727,20.690000534057617,15053100.0,12028.12750287056,0,7.237192583084948,12020.890310287476,581,20.38009502716064,10000,GeoWatch,77.61192082422063,20.706,18.3305,16.3747,17.414,0.0,25.780000686645508,1.0406,SOFI,0.5116,GeoWatch,0.3578,0.7637,28.216872464944437,28,418.75,0.0,0.0
2021-10-26,19.959999084472656,20.94499969482422,20.96999931335449,19.459999084472656,19.959999084472656,26725500.0,11603.996660661698,0,7.237192583084948,11596.759468078613,581,16.138786605072006,10000,GeoWatch,69.88092478172797,20.654,18.4765,16.4452,17.4553,0.0,25.780000686645508,0.4696,SOFI,0.5127,GeoWatch,0.3645,0.7655,28.386012741172117,28,419.1499938964844,0.0,0.0
2021-10-27,19.25,20.0,20.479999542236328,19.13999938964844,19.25,17585700.0,11191.487192583085,0,7.237192583084948,11184.25,581,12.013691924285885,10000,GeoWatch,66.02923927299378,20.294,18.6385,16.5142,17.4782,0.0,25.780000686645508,-0.2004,SOFI,0.511,GeoWatch,0.3776,0.7578,27.616409644073904,28,417.3299865722656,0.0,0.0
2021-10-28,19.90999984741211,19.55500030517578,20.200000762939453,19.479999542236328,19.90999984741211,15070700.0,11574.94710392952,0,7.237192583084948,11567.709911346436,581,15.84829103775024,10000,GeoWatch,69.76495199637766,20.078,18.84,16.5728,17.5077,0.0,25.780000686645508,-0.4504,SOFI,0.5208,GeoWatch,0.3722,0.7541,29.341674013493538,28,421.4100036621094,0.0,0.0
2021-10-29,20.09000015258789,19.799999237060547,20.15999984741211,19.690000534057617,20.09000015258789,11538000.0,11679.52728123665,0,7.237192583084948,11672.290088653564,581,16.894092810821537,10000,GeoWatch,61.54891128294512,19.98,19.022,16.64,17.5487,0.0,25.780000686645508,-0.5811,SOFI,0.516,GeoWatch,0.3782,0.7426,29.658816870636407,28,422.1600036621094,0.0,0.0
2021-10-30,20.09000015258789,19.799999237060547,20.15999984741211,19.690000534057617,20.09000015258789,11538000.0,11679.52728123665,0,7.237192583084948,11672.290088653564,581,16.894092810821537,10000,GeoWatch,61.54891128294512,19.98,19.022,16.64,17.5487,0.0,25.780000686645508,-0.5811,SOFI,0.516,GeoWatch,0.3782,0.7426,29.658816870636407,28,422.1600036621094,0.0,0.0
2021-10-31,20.09000015258789,19.799999237060547,20.15999984741211,19.690000534057617,20.09000015258789,11538000.0,11679.52728123665,0,7.237192583084948,11672.290088653564,581,16.894092810821537,10000,GeoWatch,61.54891128294512,19.98,19.022,16.64,17.5487,0.0,25.780000686645508,-0.5811,SOFI,0.516,GeoWatch,0.3782,0.7426,29.658816870636407,28,422.1600036621094,0.0,0.0
2021-11-01,22.6200008392334,20.530000686645508,22.809999465942383,20.280000686645508,22.6200008392334,52780200.0,14148.462400140763,0,10.961875619889156,14137.500524520874,625,28.721205454280152,11000,"cash_0%_Buy 100% of cash (44 shares - DCA Strategy) Monthly invest 9.1% of total investment ($1,000.00)",69.60257514457734,20.366,19.3485,16.7385,17.6117,0.0,25.780000686645508,0.1207,SOFI,0.5066,GeoWatch,0.3781,0.7351,28.91501136286967,31,423.0499877929688,0.0,0.0
2021-11-02,22.68000030517578,22.670000076293945,22.93000030517578,21.600000381469727,22.68000030517578,35482300.0,14185.962066354752,0,10.961875619889156,14175.000190734863,625,29.062111510770972,11000,GeoWatch,70.1716633236922,20.91,19.67,16.8347,17.679,0.0,25.780000686645508,0.4964,SOFI,0.5169,GeoWatch,0.3776,0.7265,29.60566541904263,31,424.6900024414063,0.0,0.0
2021-11-03,22.959999084472656,22.670000076293945,23.6299991607666,22.440000534057617,22.959999084472656,26468800.0,14360.961303415299,0,10.961875619889156,14349.99942779541,625,30.653013665866844,11000,Neutral,68.76402784727927,21.652,19.987,16.9342,17.7458,0.0,25.780000686645508,0.7186,SOFI,0.5289,Neutral,0.3695,0.692,30.683748897943367,31,427.25,0.0,0.0
2021-11-04,23.290000915527344,23.18000030517578,23.549999237060547,22.82999992370605,23.290000915527344,18496800.0,14567.212447824479,0,10.961875619889156,14556.25057220459,625,32.52802406958667,11000,Neutral,71.74638595767637,22.328,20.3315,17.0407,17.8109,0.0,25.780000686645508,0.8459,SOFI,0.5328,Neutral,0.3752,0.6601,31.52600241907013,31,429.25,0.0,0.0
2021-11-05,22.56999969482422,22.88999938964844,23.2189998626709,22.239999771118164,22.56999969482422,19635300.0,14117.211684885026,0,10.961875619889156,14106.249809265137,625,28.437108042864356,11000,Neutral,60.43688449550765,22.824,20.6495,17.1258,17.859,0.0,25.780000686645508,0.5935,SOFI,0.5439,Neutral,0.3948,0.6631,32.14084389099741,31,430.7099914550781,0.0,0.0
2021-11-06,22.56999969482422,22.88999938964844,23.2189998626709,22.239999771118164,22.56999969482422,19635300.0,14117.211684885026,0,10.961875619889156,14106.249809265137,625,28.437108042864356,11000,Neutral,60.43688449550765,22.824,20.6495,17.1258,17.859,0.0,25.780000686645508,0.5935,SOFI,0.5439,Neutral,0.3948,0.6631,32.14084389099741,31,430.7099914550781,0.0,0.0
2021-11-07,22.56999969482422,22.88999938964844,23.2189998626709,22.239999771118164,22.56999969482422,19635300.0,14117.211684885026,0,10.961875619889156,14106.249809265137,625,28.437108042864356,11000,Neutral,60.43688449550765,22.824,20.6495,17.1258,17.859,0.0,25.780000686645508,0.5935,SOFI,0.5439,Neutral,0.3948,0.6631,32.14084389099741,31,430.7099914550781,0.0,0.0
2021-11-08,22.739999771118164,22.6299991607666,23.06999969482422,22.44499969482422,22.739999771118164,16884900.0,14223.461732568741,0,10.961875619889156,14212.499856948853,625,29.40301756726177,11000,Neutral,66.19537029273624,22.848,20.867,17.255,17.9032,0.0,25.780000686645508,0.3881,SOFI,0.5328,Neutral,0.3976,0.6725,32.35983803162241,31,431.2300109863281,0.0,0.0
2021-11-09,22.13999938964844,23.13999938964844,23.25,21.61000061035156,22.13999938964844,24573000.0,13848.461494150164,0,10.961875619889156,13837.499618530275,625,25.99392449072925,11000,Neutral,57.21854113909343,22.74,21.0255,17.3858,17.9344,0.0,25.780000686645508,-0.0034,SOFI,0.5258,Neutral,0.4065,0.698,31.72393251060567,31,429.7200012207031,0.0,0.0
2021-11-10,20.420000076293945,21.13999938964844,21.850000381469727,19.850000381469727,20.420000076293945,46108800.0,12773.461923303605,0,10.961875619889156,12762.500047683716,625,16.2212011193969,11000,GeoWatch,46.90554009013618,22.232,21.1005,17.497,17.9481,0.0,25.780000686645508,-0.8177,SOFI,0.5047,GeoWatch,0.4063,0.7262,30.266837517551657,31,426.260009765625,0.0,0.0
2021-11-11,22.96999931335449,23.989999771118164,24.64999961853028,22.600000381469727,22.96999931335449,72680100.0,14367.211446466445,0,10.961875619889156,14356.249570846556,625,30.70983314814998,11000,GeoWatch,60.52862954927764,22.168,21.268,17.6428,17.9747,0.0,25.780000686645508,-0.589,SOFI,0.5088,GeoWatch,0.3983,0.764,30.32578858111075,31,426.3999938964844,0.0,0.0
2021-11-12,22.76000022888184,23.170000076293945,23.600000381469727,22.170000076293945,22.76000022888184,29275500.0,14235.962018671038,0,10.961875619889156,14225.00014305115,625,29.5166565318281,11000,GeoWatch,59.03929937508935,22.206,21.437,17.7918,17.9962,0.0,25.780000686645508,-0.5399,SOFI,0.5154,GeoWatch,0.3829,0.7729,31.66076606687495,31,429.5700073242188,0.0,0.0
2021-11-13,22.76000022888184,23.170000076293945,23.600000381469727,22.170000076293945,22.76000022888184,29275500.0,14235.962018671038,0,10.961875619889156,14225.00014305115,625,29.5166565318281,11000,GeoWatch,59.03929937508935,22.206,21.437,17.7918,17.9962,0.0,25.780000686645508,-0.5399,SOFI,0.5154,GeoWatch,0.3829,0.7729,31.66076606687495,31,429.5700073242188,0.0,0.0
2021-11-14,22.76000022888184,23.170000076293945,23.600000381469727,22.170000076293945,22.76000022888184,29275500.0,14235.962018671038,0,10.961875619889156,14225.00014305115,625,29.5166565318281,11000,GeoWatch,59.03929937508935,22.206,21.437,17.7918,17.9962,0.0,25.780000686645508,-0.5399,SOFI,0.5154,GeoWatch,0.3829,0.7729,31.66076606687495,31,429.5700073242188,0.0,0.0
2021-11-15,22.920000076293945,22.975000381469727,24.1200008392334,22.75,22.920000076293945,30384300.0,14335.961923303605,0,10.961875619889156,14325.000047683716,625,30.42574657394236,11000,GeoWatch,63.6029467837419,22.242,21.5405,17.9398,18.0213,0.0,25.780000686645508,-0.4947,SOFI,0.5128,GeoWatch,0.382,0.7753,31.744983707926316,31,429.7699890136719,0.0,0.0
2021-11-16,21.670000076293945,22.600000381469727,22.6299991607666,21.420000076293945,21.670000076293945,41386800.0,13554.711923303605,0,10.961875619889156,13543.750047683716,625,23.32347384666963,11000,GeoWatch,60.59544684818993,22.148,21.613,18.0605,18.037,0.0,25.780000686645508,-0.8607,SOFI,0.5078,GeoWatch,0.381,0.7593,32.435637764099305,31,431.4100036621094,0.0,0.0
2021-11-17,21.1200008392334,21.850000381469727,22.040000915527344,21.02499961853028,21.1200008392334,18998300.0,13210.962400140763,0,10.961875619889156,13200.000524520874,625,20.19847818155288,11000,GeoWatch,55.349253089997696,22.288,21.6165,18.1665,18.0451,0.0,25.780000686645508,-1.2581,SOFI,0.5062,GeoWatch,0.3889,0.7449,31.99766233461812,31,430.3699951171875,0.0,0.0
2021-11-18,20.56999969482422,21.200000762939453,21.31999969482422,20.200000762939453,20.56999969482422,25447500.0,12867.211684885026,0,10.961875619889156,12856.249809265137,625,17.073471679228003,11000,GeoWatch,52.05479250725544,21.808,21.5955,18.2618,18.0277,0.0,25.780000686645508,-1.6533,SOFI,0.5087,GeoWatch,0.3937,0.7303,32.62513709529153,31,431.8599853515625,0.0,0.0
2021-11-19,20.3700008392334,20.11000061035156,21.100000381469727,19.940000534057617,20.3700008392334,25321200.0,12742.212400140763,0,10.961875619889156,12731.250524520874,625,15.937114545189235,11000,Neutral,37.96791247491886,21.33,21.585,18.362,18.0041,0.0,25.780000686645508,-1.9214,SOFI,0.5069,Neutral,0.4044,0.6936,32.28402544737671,31,431.0499877929688,0.0,0.0
2021-11-20,20.3700008392334,20.11000061035156,21.100000381469727,19.940000534057617,20.3700008392334,25321200.0,12742.212400140763,0,10.961875619889156,12731.250524520874,625,15.937114545189235,11000,Neutral,37.96791247491886,21.33,21.585,18.362,18.0041,0.0,25.780000686645508,-1.9214,SOFI,0.5069,Neutral,0.4044,0.6936,32.28402544737671,31,431.0499877929688,0.0,0.0
2021-11-21,20.3700008392334,20.11000061035156,21.100000381469727,19.940000534057617,20.3700008392334,25321200.0,12742.212400140763,0,10.961875619889156,12731.250524520874,625,15.937114545189235,11000,Neutral,37.96791247491886,21.33,21.585,18.362,18.0041,0.0,25.780000686645508,-1.9214,SOFI,0.5069,Neutral,0.4044,0.6936,32.28402544737671,31,431.0499877929688,0.0,0.0
2021-11-22,18.75,20.520000457763672,20.600000381469727,18.31999969482422,18.75,39766000.0,11729.711875619889,0,10.961875619889156,11718.75,625,6.732564322272216,11000,Neutral,31.988999266081574,20.496,21.488,18.4405,17.9713,0.0,25.780000686645508,-2.5208,SOFI,0.4914,Neutral,0.4083,0.6478,31.803947623254224,31,429.9100036621094,0.0,0.0
2021-11-23,17.809999465942383,18.53400039672852,18.655000686645508,17.3799991607666,17.809999465942383,31341700.0,11142.211541833878,0,10.961875619889156,11131.24966621399,625,1.391652196944826,11000,Neutral,27.744170676851468,19.724,21.3805,18.5008,17.9462,0.0,25.780000686645508,-3.1021,SOFI,0.4862,Neutral,0.4079,0.6187,32.03977758102821,31,430.4700012207031,0.0,0.0
2021-11-24,18.32999992370605,17.450000762939453,18.57999992370605,17.35099983215332,18.32999992370605,28778600.0,11467.211827936171,0,10.961875619889156,11456.249952316282,625,4.346200252420218,11000,Neutral,28.911560819361867,19.166,21.3345,18.57,17.9222,0.0,25.780000686645508,-3.1863,SOFI,0.499,Neutral,0.4039,0.604,32.48617091908388,31,431.5299987792969,0.0,0.0
2021-11-25,18.32999992370605,17.450000762939453,18.57999992370605,17.35099983215332,18.32999992370605,28778600.0,11467.211827936171,0,10.961875619889156,11456.249952316282,625,4.346200252420218,11000,Neutral,28.911560819361867,19.166,21.3345,18.57,17.9222,0.0,25.780000686645508,-3.1863,SOFI,0.499,Neutral,0.4039,0.604,32.48617091908388,31,431.5299987792969,0.0,0.0
2021-11-26,18.209999084472656,17.875,18.31999969482422,17.799999237060547,18.209999084472656,13253100.0,11392.211303415299,0,10.961875619889156,11381.24942779541,625,3.6643773022304704,11000,Neutral,30.46594681915425,18.694,21.2495,18.6307,17.8749,0.0,25.780000686645508,-3.1418,SOFI,0.4643,Neutral,0.5031,0.4998,28.531797320313522,31,422.1400146484375,0.0,0.0
2021-11-27,18.209999084472656,17.875,18.31999969482422,17.799999237060547,18.209999084472656,13253100.0,11392.211303415299,0,10.961875619889156,11381.24942779541,625,3.6643773022304704,11000,Neutral,30.46594681915425,18.694,21.2495,18.6307,17.8749,0.0,25.780000686645508,-3.1418,SOFI,0.4643,Neutral,0.5031,0.4998,28.531797320313522,31,422.1400146484375,0.0,0.0
2021-11-28,18.209999084472656,17.875,18.31999969482422,17.799999237060547,18.209999084472656,13253100.0,11392.211303415299,0,10.961875619889156,11381.24942779541,625,3.6643773022304704,11000,Neutral,30.46594681915425,18.694,21.2495,18.6307,17.8749,0.0,25.780000686645508,-3.1418,SOFI,0.4643,Neutral,0.5031,0.4998,28.531797320313522,31,422.1400146484375,0.0,0.0
2021-11-29,18.43000030517578,18.57999992370605,18.690000534057617,17.8700008392334,18.43000030517578,23366900.0,11529.712066354752,0,10.961875619889156,11518.750190734863,625,4.9143842380437,11000,Neutral,30.776096857230755,18.306,21.1665,18.6868,17.8392,0.0,25.780000686645508,-2.9014,SOFI,0.4919,Neutral,0.4561,0.4506,30.679533517771723,31,427.239990234375,0.0,0.0
2021-11-30,17.200000762939453,18.25,18.540000915527344,17.1299991607666,17.200000762939453,67190100.0,10760.962352457047,0,10.961875619889156,10750.000476837158,625,-2.074249524662719,11000,Neutral,29.13851958173645,17.996,20.8955,18.7208,17.7907,0.0,25.780000686645508,-3.0161,SOFI,0.4659,Neutral,0.4951,0.4132,27.234719700787785,31,419.05999755859375,0.0,0.0
2021-12-01,16.389999389648438,17.41200065612793,17.90999984741211,16.229999542236328,16.389999389648438,34471500.0,11253.711704187393,0,10.17212288856615,11243.539581298828,686,-6.12024913331669,12000,"cash_0%_Buy 100% of cash (61 shares - DCA Strategy) Monthly invest 8.3% of total investment ($1,000.00)",31.564501963102813,17.712,20.581,18.73,17.7407,0.0,25.780000686645508,-3.2183,SOFI,0.4438,Neutral,0.5263,0.385,24.168000587581155,33,414.239990234375,0.0,0.0
2021-12-02,16.43000030517578,16.40999984741211,16.625,15.960000038146973,16.43000030517578,27033800.0,11281.152332239151,0,10.17212288856615,11270.980209350586,686,-5.8915772328853695,12000,Neutral,11.16391932326752,17.332,20.2545,18.746,17.6957,0.0,25.780000686645508,-3.1783,SOFI,0.4591,Neutral,0.5005,0.3554,26.810114760622604,33,420.55999755859375,0.0,0.0
2021-12-03,15.1899995803833,16.43000030517578,16.440000534057617,14.619999885559082,15.1899995803833,64350700.0,10430.51183503151,0,10.17212288856615,10420.339712142944,686,-12.98024804294905,12000,Neutral,9.94710995979527,16.728,19.8495,18.7377,17.649,0.0,25.780000686645508,-3.4259,SOFI,0.4569,Neutral,0.5467,0.3575,25.2549475836342,33,416.8399963378906,0.0,0.0
2021-12-04,15.1899995803833,16.43000030517578,16.440000534057617,14.619999885559082,15.1899995803833,64350700.0,10430.51183503151,0,10.17212288856615,10420.339712142944,686,-12.98024804294905,12000,Neutral,9.94710995979527,16.728,19.8495,18.7377,17.649,0.0,25.780000686645508,-3.4259,SOFI,0.4569,Neutral,0.5467,0.3575,25.2549475836342,33,416.8399963378906,0.0,0.0
2021-12-05,15.1899995803833,16.43000030517578,16.440000534057617,14.619999885559082,15.1899995803833,64350700.0,10430.51183503151,0,10.17212288856615,10420.339712142944,686,-12.98024804294905,12000,Neutral,9.94710995979527,16.728,19.8495,18.7377,17.649,0.0,25.780000686645508,-3.4259,SOFI,0.4569,Neutral,0.5467,0.3575,25.2549475836342,33,416.8399963378906,0.0,0.0
2021-12-06,15.720000267028809,15.0600004196167,15.84000015258789,14.5,15.720000267028809,34134800.0,10794.092306070328,0,10.17212288856615,10783.920183181763,686,-9.950410784292231,12000,Neutral,13.340146953153337,16.186,19.507,18.7448,17.5981,0.0,25.780000686645508,-3.2218,SOFI,0.4706,Neutral,0.514,0.3751,27.33686884319639,33,421.8200073242188,0.0,0.0
2021-12-07,16.6200008392334,16.139999389648438,16.719999313354492,16.1200008392334,16.6200008392334,30846600.0,11411.492698602677,0,10.17212288856615,11401.320575714111,686,-4.80540751318933,12000,Neutral,23.33687679644615,16.07,19.201,18.7717,17.5474,0.0,25.780000686645508,-2.5882,SOFI,0.5023,Neutral,0.4712,0.4264,30.961403365358926,33,430.489990234375,0.0,0.0
2021-12-08,16.940000534057617,16.790000915527344,17.165000915527344,16.25,16.940000534057617,25262600.0,11631.01248925209,0,10.17212288856615,11620.840366363525,686,-2.9760759244442103,12000,Neutral,27.380968845631813,16.18,18.941,18.8123,17.4966,0.0,25.780000686645508,-1.9106,SOFI,0.5089,Neutral,0.4543,0.4736,31.467259773372184,33,431.7000122070313,0.0,0.0
2021-12-09,15.65999984741211,16.65999984741211,16.90999984741211,15.550000190734863,15.65999984741211,32398900.0,10752.932018213272,0,10.17212288856615,10742.759895324707,686,-10.29341318310103,12000,Neutral,25.37614629755573,16.026,18.703,18.8158,17.4395,0.0,25.780000686645508,-1.8207,SOFI,0.4973,Neutral,0.4684,0.4985,30.23817541939537,33,428.760009765625,0.0,0.0
2021-12-10,15.010000228881836,15.789999961853027,15.869999885559082,14.869999885559082,15.010000228881836,41344200.0,10307.032279901505,0,10.17212288856615,10296.86015701294,686,-14.00924433569909,12000,Neutral,24.280246417546124,15.99,18.305,18.8077,17.3879,0.0,25.780000686645508,-1.8834,SOFI,0.5142,Neutral,0.4165,0.5262,31.948021110652427,33,432.8500061035156,0.0,0.0
2021-12-11,15.010000228881836,15.789999961853027,15.869999885559082,14.869999885559082,15.010000228881836,41344200.0,10307.032279901505,0,10.17212288856615,10296.86015701294,686,-14.00924433569909,12000,Neutral,24.280246417546124,15.99,18.305,18.8077,17.3879,0.0,25.780000686645508,-1.8834,SOFI,0.5142,Neutral,0.4165,0.5262,31.948021110652427,33,432.8500061035156,0.0,0.0
2021-12-12,15.010000228881836,15.789999961853027,15.869999885559082,14.869999885559082,15.010000228881836,41344200.0,10307.032279901505,0,10.17212288856615,10296.86015701294,686,-14.00924433569909,12000,Neutral,24.280246417546124,15.99,18.305,18.8077,17.3879,0.0,25.780000686645508,-1.8834,SOFI,0.5142,Neutral,0.4165,0.5262,31.948021110652427,33,432.8500061035156,0.0,0.0
2021-12-13,14.579999923706056,14.890000343322754,15.25,14.020000457763672,14.579999923706056,40507500.0,10012.05207055092,0,10.17212288856615,10001.879947662355,686,-16.467412746953958,12000,Neutral,27.410634689912456,15.762,17.896,18.7992,17.3311,0.0,25.780000686645508,-1.9607,SOFI,0.5028,Neutral,0.4325,0.5351,30.34268930828427,33,429.010009765625,0.0,0.0
2021-12-14,14.479999542236328,14.270000457763672,14.720000267028809,14.15999984741211,14.479999542236328,26707800.0,9943.451808862686,0,10.17212288856615,9933.279685974121,686,-17.03908159435591,12000,Neutral,30.154963421676,15.334,17.474,18.7977,17.2778,18.2077,25.780000686645508,-1.916,SOFI,0.4926,Neutral,0.4442,0.5205,29.121961472523104,33,426.0899963378906,0.0,0.0
2021-12-15,15.15999984741211,14.4399995803833,15.279999732971191,14.029999732971191,15.15999984741211,33540400.0,10409.932018213272,0,10.17212288856615,10399.759895324707,686,-13.15174651643436,12000,Neutral,31.462002745687517,14.978,17.1485,18.7975,17.25,18.22,25.780000686645508,-1.4824,SOFI,0.5094,Neutral,0.4228,0.5036,31.906213003488254,33,432.75,0.0,0.0
2021-12-16,14.270000457763672,15.355999946594238,15.4399995803833,14.18000030517578,14.270000457763672,43018000.0,9799.392436914444,0,10.17212288856615,9789.220314025879,686,-18.239576360591258,12000,Neutral,28.862680596852428,14.7,16.806,18.7547,17.2084,18.2289,25.780000686645508,-1.437,SOFI,0.4983,Neutral,0.4346,0.5242,30.271614250300864,33,428.8399963378906,0.0,0.0
2021-12-17,14.649999618530272,14.079999923706056,14.770000457763672,13.65999984741211,14.649999618530272,44408700.0,10060.071861200331,0,10.17212288856615,10049.899738311766,686,-16.06724782487554,12000,Neutral,30.063294577417796,14.628,16.51,18.7132,17.1732,18.2394,25.780000686645508,-1.1337,SOFI,0.4897,Neutral,0.4559,0.5286,28.411274682904498,33,424.3900146484375,0.0,0.0
2021-12-18,14.649999618530272,14.079999923706056,14.770000457763672,13.65999984741211,14.649999618530272,44408700.0,10060.071861200331,0,10.17212288856615,10049.899738311766,686,-16.06724782487554,12000,Neutral,30.063294577417796,14.628,16.51,18.7132,17.1732,18.2394,25.780000686645508,-1.1337,SOFI,0.4897,Neutral,0.4559,0.5286,28.411274682904498,33,424.3900146484375,0.0,0.0
2021-12-19,14.649999618530272,14.079999923706056,14.770000457763672,13.65999984741211,14.649999618530272,44408700.0,10060.071861200331,0,10.17212288856615,10049.899738311766,686,-16.06724782487554,12000,Neutral,30.063294577417796,14.628,16.51,18.7132,17.1732,18.2394,25.780000686645508,-1.1337,SOFI,0.4897,Neutral,0.4559,0.5286,28.411274682904498,33,424.3900146484375,0.0,0.0
2021-12-20,14.59000015258789,14.479999542236328,15.210000038146973,14.279999732971191,14.59000015258789,31658600.0,10018.912227563858,0,10.17212288856615,10008.740104675293,686,-16.410244771846152,12000,Neutral,34.29603140812078,14.63,16.221,18.6623,17.1351,18.2205,25.780000686645508,-0.8531,SOFI,0.486,Neutral,0.4655,0.5088,26.492388455826593,33,419.7999877929688,0.0,0.0
2021-12-21,14.970000267028809,14.869999885559082,15.170000076293944,14.720000267028809,14.970000267028809,27695600.0,10279.592306070328,0,10.17212288856615,10269.420183181763,686,-14.237910784292229,12000,Neutral,40.98985559462365,14.728,16.032,18.6168,17.1077,18.2047,25.780000686645508,-0.4175,SOFI,0.4958,Neutral,0.4488,0.5166,29.595620968576178,33,425.6900024414063,1.533,0.0
2021-12-22,14.989999771118164,14.859999656677246,15.369999885559082,14.729999542236328,14.989999771118164,24332100.0,10293.311965875626,0,10.17212288856615,10283.13984298706,686,-14.12358028591475,12000,Neutral,40.83969197049967,14.694,15.891,18.5827,17.082,18.1881,25.780000686645508,-0.05,SOFI,0.5112,Neutral,0.4326,0.5423,31.393254754247813,33,429.989990234375,0.0,0.0
2021-12-23,15.09000015258789,14.980999946594238,15.1899995803833,14.729999542236328,15.09000015258789,19824000.0,10361.912227563858,0,10.17212288856615,10351.740104675293,686,-13.55191143851281,12000,Neutral,49.25595666799264,14.858,15.729,18.5673,17.0632,18.1741,25.780000686645508,0.2897,SOFI,0.5041,Neutral,0.425,0.5634,32.5011121829045,33,432.6400146484375,0.0,0.0
2021-12-24,15.09000015258789,14.980999946594238,15.1899995803833,14.729999542236328,15.09000015258789,19824000.0,10361.912227563858,0,10.17212288856615,10351.740104675293,686,-13.55191143851281,12000,Neutral,49.25595666799264,14.858,15.729,18.5673,17.0632,18.1741,25.780000686645508,0.2897,SOFI,0.5041,Neutral,0.425,0.5634,32.5011121829045,33,432.6400146484375,0.0,0.0
2021-12-25,15.09000015258789,14.980999946594238,15.1899995803833,14.729999542236328,15.09000015258789,19824000.0,10361.912227563858,0,10.17212288856615,10351.740104675293,686,-13.55191143851281,12000,Neutral,49.25595666799264,14.858,15.729,18.5673,17.0632,18.1741,25.780000686645508,0.2897,SOFI,0.5041,Neutral,0.425,0.5634,32.5011121829045,33,432.6400146484375,0.0,0.0
2021-12-26,15.09000015258789,14.980999946594238,15.1899995803833,14.729999542236328,15.09000015258789,19824000.0,10361.912227563858,0,10.17212288856615,10351.740104675293,686,-13.55191143851281,12000,Neutral,49.25595666799264,14.858,15.729,18.5673,17.0632,18.1741,25.780000686645508,0.2897,SOFI,0.5041,Neutral,0.425,0.5634,32.5011121829045,33,432.6400146484375,0.0,0.0
2021-12-27,15.390000343322754,15.109999656677246,15.489999771118164,14.850000381469728,15.390000343322754,19826700.0,10567.712358407975,0,10.17212288856615,10557.54023551941,686,-11.83691034814518,12000,Neutral,47.45762761676339,15.006,15.588,18.5592,17.0502,18.1586,25.780000686645508,0.6774,SOFI,0.5147,Neutral,0.4193,0.6287,35.08050781617815,33,438.80999755859375,0.0,0.0
2021-12-28,14.850000381469728,15.279999732971191,15.489999771118164,14.670000076293944,14.850000381469728,24049700.0,10197.2723845768,0,10.17212288856615,10187.100261688234,686,-14.923910130071638,12000,Neutral,35.56280016242026,15.058,15.409,18.5325,17.0355,18.1406,25.780000686645508,0.7265,SOFI,0.5153,Neutral,0.4188,0.6553,34.94255509638378,33,438.4800109863281,0.0,0.0
2021-12-29,14.470000267028809,14.831000328063965,14.833000183105469,14.18000030517578,14.470000267028809,20899600.0,9936.592306070328,0,10.17212288856615,9926.420183181763,686,-17.09624411762557,12000,Neutral,30.04846175711808,14.958,15.2725,18.5055,17.019,18.1169,25.780000686645508,0.6215,SOFI,0.5102,Neutral,0.4104,0.6657,35.16412403050651,33,439.010009765625,0.0,0.0
2021-12-30,15.949999809265137,14.505000114440918,16.350000381469727,14.5,15.949999809265137,41348700.0,10951.87199204445,0,10.17212288856615,10941.699869155884,686,-8.63558006784122,12000,Neutral,52.26917083594574,15.15,15.2505,18.5005,17.0151,18.0892,25.780000686645508,1.2013,SOFI,0.5103,Neutral,0.414,0.6776,34.645726466148325,33,437.7699890136719,0.0,0.0
2021-12-31,15.8100004196167,15.925000190734863,16.489999771118164,15.739999771118164,15.8100004196167,30798200.0,10855.832410745621,0,10.17212288856615,10845.660287857056,686,-9.43590991199812,12000,Neutral,56.802724784592,15.294,15.2195,18.487,17.0135,18.0619,25.780000686645508,1.504,SOFI,0.515,Neutral,0.402,0.6824,34.14406745430754,33,436.5700073242188,0.0,0.0
2022-01-01,15.8100004196167,15.925000190734863,16.489999771118164,15.739999771118164,15.8100004196167,30798200.0,11854.836380719185,0,13.146066426278367,11841.690314292908,749,-8.710130919089687,13000,"cash_0%_Buy 100% of cash (63 shares - DCA Strategy) Monthly invest 7.7% of total investment ($1,000.00)",56.802724784592,15.294,15.2195,18.487,17.0135,18.0619,25.780000686645508,1.504,SOFI,0.515,Neutral,0.402,0.6824,32.99827255137044,36,436.5700073242188,0.0,0.0
2022-01-02,15.8100004196167,15.925000190734863,16.489999771118164,15.739999771118164,15.8100004196167,30798200.0,11854.836380719185,0,13.146066426278367,11841.690314292908,749,-8.710130919089687,13000,Neutral,56.802724784592,15.294,15.2195,18.487,17.0135,18.0619,25.780000686645508,1.504,SOFI,0.515,Neutral,0.402,0.6824,32.99827255137044,36,436.5700073242188,0.0,0.0
2022-01-03,15.68000030517578,16.100000381469727,16.1299991607666,15.449999809265137,15.68000030517578,27500900.0,11757.466295002936,0,13.146066426278367,11744.320228576658,749,-9.459131578445458,13000,Neutral,59.85663774651119,15.352,15.244,18.475,17.0148,18.034,25.780000686645508,1.6182,SOFI,0.5067,Neutral,0.392,0.6667,34.11432429580534,36,439.25,0.0,0.0
2022-01-04,15.050000190734863,15.609999656677246,15.861000061035156,14.59000015258789,15.050000190734863,34175900.0,11285.59620928669,0,13.146066426278367,11272.450142860413,749,-13.088901468570425,13000,Neutral,54.664491476786296,15.392,15.2105,18.4557,17.007,18.0065,25.780000686645508,1.3976,SOFI,0.4951,Neutral,0.3937,0.669,34.03936844178141,36,439.0700073242188,0.0,0.0
2022-01-05,14.100000381469728,14.880000114440918,15.229999542236328,14.039999961853027,14.100000381469728,35103100.0,10574.046352147105,0,13.146066426278367,10560.900285720827,749,-18.562361908105697,13000,Neutral,41.69279057781328,15.318,15.0845,18.3842,16.997,17.9799,25.780000686645508,0.8377,SOFI,0.4686,Neutral,0.4131,0.677,30.537120341396083,36,430.6600036621094,0.0,0.0
2022-01-06,13.779999732971191,14.015999794006348,14.270000457763672,13.010000228881836,13.779999732971191,46269400.0,10334.3658664217,0,13.146066426278367,10321.219799995422,749,-20.406057952147272,13000,Neutral,45.78312521287378,14.884,14.9265,18.2977,16.9854,17.9558,25.780000686645508,0.3469,SOFI,0.4683,Neutral,0.411,0.6826,30.295578977954314,36,430.0799865722656,0.0,0.0
2022-01-07,13.739999771118164,13.821000099182127,14.399999618530272,13.619999885559082,13.739999771118164,28716200.0,10304.405894993783,0,13.146066426278367,10291.259828567505,749,-20.636519270823563,13000,Neutral,41.68190163031257,14.47,14.8305,18.2113,16.9744,17.9373,25.780000686645508,0.0411,SOFI,0.463,Neutral,0.4061,0.6841,29.67508989405021,36,428.5899963378906,0.0,0.0
2022-01-08,13.739999771118164,13.821000099182127,14.399999618530272,13.619999885559082,13.739999771118164,28716200.0,10304.405894993783,0,13.146066426278367,10291.259828567505,749,-20.636519270823563,13000,Neutral,41.68190163031257,14.47,14.8305,18.2113,16.9744,17.9373,25.780000686645508,0.0411,SOFI,0.463,Neutral,0.4061,0.6841,29.67508989405021,36,428.5899963378906,0.0,0.0
2022-01-09,13.739999771118164,13.821000099182127,14.399999618530272,13.619999885559082,13.739999771118164,28716200.0,10304.405894993783,0,13.146066426278367,10291.259828567505,749,-20.636519270823563,13000,Neutral,41.68190163031257,14.47,14.8305,18.2113,16.9744,17.9373,25.780000686645508,0.0411,SOFI,0.463,Neutral,0.4061,0.6841,29.67508989405021,36,428.5899963378906,0.0,0.0
2022-01-10,13.369999885559082,13.454999923706056,13.489999771118164,12.81999969482422,13.369999885559082,37040300.0,10027.27598071003,0,13.146066426278367,10014.129914283752,749,-22.768287842237044,13000,Neutral,39.44636398450427,14.008,14.7485,18.1072,16.9478,17.9085,25.780000686645508,-0.2753,SOFI,0.4602,Neutral,0.4107,0.6853,29.44188543129335,36,428.0299987792969,0.0,0.0
2022-01-11,13.9399995803833,13.295000076293944,14.140000343322754,13.25,13.9399995803833,24517400.0,10454.20575213337,0,13.146066426278367,10441.059685707092,749,-19.484212677442116,13000,GeoWatch,41.37352759537623,13.786,14.7165,18.0165,16.9302,17.8618,25.780000686645508,-0.1718,SOFI,0.493,GeoWatch,0.4072,0.7123,31.003529266909787,36,431.7799987792969,0.0,0.0
2022-01-12,13.859999656677246,14.300000190734863,14.420000076293944,13.75,13.859999656677246,24842400.0,10394.285809277535,0,13.146066426278367,10381.139742851257,749,-19.945135314794694,13000,GeoWatch,40.63018105737023,13.738,14.6855,17.9,16.9149,17.8121,25.780000686645508,-0.0889,SOFI,0.4938,GeoWatch,0.4025,0.7416,31.540738304795106,36,433.0700073242188,0.0,0.0
2022-01-13,13.09000015258789,14.0,14.039999961853027,13.05500030517578,13.09000015258789,29900800.0,9817.556180714608,0,13.146066426278367,9804.41011428833,749,-24.38151707297106,13000,GeoWatch,35.07462431630792,13.6,14.582,17.7812,16.8947,17.7653,25.780000686645508,-0.3309,SOFI,0.4879,GeoWatch,0.4236,0.7585,29.054600810146077,36,427.1000061035156,0.0,0.0
2022-01-14,13.199999809265137,12.95199966430664,13.31999969482422,12.65999984741211,13.199999809265137,32460700.0,9899.945923565865,0,13.146066426278367,9886.799857139587,749,-23.74774982026908,13000,GeoWatch,33.17971506372187,13.492,14.5285,17.6503,16.8804,17.7163,25.780000686645508,-0.377,SOFI,0.4779,GeoWatch,0.4123,0.7736,29.10873982983788,36,427.2300109863281,0.0,0.0
2022-01-15,13.199999809265137,12.95199966430664,13.31999969482422,12.65999984741211,13.199999809265137,32460700.0,9899.945923565865,0,13.146066426278367,9886.799857139587,749,-23.74774982026908,13000,GeoWatch,33.17971506372187,13.492,14.5285,17.6503,16.8804,17.7163,25.780000686645508,-0.377,SOFI,0.4779,GeoWatch,0.4123,0.7736,29.10873982983788,36,427.2300109863281,0.0,0.0
2022-01-16,13.199999809265137,12.95199966430664,13.31999969482422,12.65999984741211,13.199999809265137,32460700.0,9899.945923565865,0,13.146066426278367,9886.799857139587,749,-23.74774982026908,13000,GeoWatch,33.17971506372187,13.492,14.5285,17.6503,16.8804,17.7163,25.780000686645508,-0.377,SOFI,0.4779,GeoWatch,0.4123,0.7736,29.10873982983788,36,427.2300109863281,0.0,0.0
2022-01-17,13.199999809265137,12.95199966430664,13.31999969482422,12.65999984741211,13.199999809265137,32460700.0,9899.945923565865,0,13.146066426278367,9886.799857139587,749,-23.74774982026908,13000,GeoWatch,33.17971506372187,13.492,14.5285,17.6503,16.8804,17.7163,25.780000686645508,-0.377,SOFI,0.4779,GeoWatch,0.4123,0.7736,29.10873982983788,36,427.2300109863281,0.0,0.0
2022-01-18,12.0600004196167,12.800000190734863,13.109999656677246,12.020000457763672,12.0600004196167,50314700.0,9046.086380719185,0,13.146066426278367,9032.940314292908,749,-30.315900149858923,13000,GeoWatch,30.379740892910377,13.23,14.399,17.5015,16.8528,17.6622,25.780000686645508,-0.8665,SOFI,0.4358,GeoWatch,0.4353,0.7821,25.98960790025739,36,419.739990234375,0.0,0.0
2022-01-19,13.710000038146973,14.369999885559082,14.390000343322754,13.369999885559082,13.710000038146973,186755800.0,10281.93609499836,0,13.146066426278367,10268.790028572083,749,-20.80936388617296,13000,GeoWatch,45.46539094286784,13.184,14.355,17.387,16.8371,17.623,25.780000686645508,-0.3301,SOFI,0.4272,GeoWatch,0.448,0.7975,24.15311322452964,36,415.3299865722656,0.0,0.0
2022-01-20,15.0,14.270000457763672,16.469999313354492,14.010000228881836,15.0,268936000.0,11248.146066426278,0,13.146066426278367,11235.0,749,-13.376979490573593,13000,GeoWatch,44.20024371683899,13.412,14.3565,17.2922,16.8334,17.5897,25.780000686645508,0.6678,SOFI,0.4119,GeoWatch,0.4615,0.8178,22.249999595462874,36,410.760009765625,0.0,0.0
2022-01-21,13.890000343322754,14.984999656677246,14.984999656677246,13.640000343322754,13.890000343322754,135687400.0,10416.75632357502,0,13.146066426278367,10403.610257148743,749,-19.772285204814043,13000,GeoWatch,39.51964788170771,13.572,14.3015,17.191,16.8181,17.5512,25.780000686645508,0.8034,SOFI,0.3926,GeoWatch,0.4916,0.8214,18.889339011130694,36,402.6900024414063,0.0,0.0
2022-01-22,13.890000343322754,14.984999656677246,14.984999656677246,13.640000343322754,13.890000343322754,135687400.0,10416.75632357502,0,13.146066426278367,10403.610257148743,749,-19.772285204814043,13000,GeoWatch,39.51964788170771,13.572,14.3015,17.191,16.8181,17.5512,25.780000686645508,0.8034,SOFI,0.3926,GeoWatch,0.4916,0.8214,18.889339011130694,36,402.6900024414063,0.0,0.0
2022-01-23,13.890000343322754,14.984999656677246,14.984999656677246,13.640000343322754,13.890000343322754,135687400.0,10416.75632357502,0,13.146066426278367,10403.610257148743,749,-19.772285204814043,13000,GeoWatch,39.51964788170771,13.572,14.3015,17.191,16.8181,17.5512,25.780000686645508,0.8034,SOFI,0.3926,GeoWatch,0.4916,0.8214,18.889339011130694,36,402.6900024414063,0.0,0.0
2022-01-24,13.300000190734863,13.010000228881836,13.350000381469728,11.829999923706056,13.300000190734863,136949000.0,9974.84620928669,0,13.146066426278367,9961.700142860413,749,-23.171593776262732,13000,GeoWatch,37.62993443537265,13.592,14.212,17.0918,16.803,17.5109,25.780000686645508,0.6247,SOFI,0.3921,GeoWatch,0.5004,0.8184,19.588952399401244,36,404.3699951171875,0.0,0.0
2022-01-25,12.760000228881836,12.746000289916992,13.449999809265137,12.579999923706056,12.760000228881836,72818300.0,9570.386237858773,0,13.146066426278367,9557.240171432495,749,-26.282824325708255,13000,GeoWatch,37.9853070076465,13.732,14.0805,16.9727,16.7727,17.4679,25.780000686645508,0.2739,SOFI,0.3796,GeoWatch,0.5092,0.8289,17.544238545591305,36,399.4599914550781,0.0,0.0
2022-01-26,12.579999923706056,13.140000343322754,13.859999656677246,12.449999809265137,12.579999923706056,83654000.0,9435.566009282114,0,13.146066426278367,9422.419942855837,749,-27.31990300706716,13000,GeoWatch,41.32419663810143,13.506,13.967,16.8475,16.7437,17.4207,25.780000686645508,-0.0056,SOFI,0.3685,GeoWatch,0.511,0.8216,17.169446566781367,36,398.55999755859375,0.0,0.0
2022-01-27,11.359999656677246,12.720000267028809,12.789999961853027,11.270000457763672,11.359999656677246,83981800.0,8521.785809277535,0,13.146066426278367,8508.639742851257,749,-34.34898146864085,13000,GeoWatch,37.47411701685082,12.778,13.8115,16.6598,16.6992,17.3668,25.780000686645508,-0.725,SOFI,0.3734,GeoWatch,0.5025,0.7955,16.32824566245774,36,396.5400085449219,0.0,0.0
2022-01-28,11.100000381469728,11.34000015258789,11.34000015258789,10.510000228881836,11.100000381469728,78767700.0,8327.046352147105,0,13.146066426278367,8313.900285720827,749,-35.846977292721085,13000,GeoWatch,36.6396754880922,12.22,13.569,16.4668,16.6508,17.3136,25.780000686645508,-1.2435,SOFI,0.3987,GeoWatch,0.4813,0.7717,20.376026992723133,36,406.260009765625,0.0,0.0
2022-01-29,11.100000381469728,11.34000015258789,11.34000015258789,10.510000228881836,11.100000381469728,78767700.0,8327.046352147105,0,13.146066426278367,8313.900285720827,749,-35.846977292721085,13000,GeoWatch,36.6396754880922,12.22,13.569,16.4668,16.6508,17.3136,25.780000686645508,-1.2435,SOFI,0.3987,GeoWatch,0.4813,0.7717,20.376026992723133,36,406.260009765625,0.0,0.0
2022-01-30,11.100000381469728,11.34000015258789,11.34000015258789,10.510000228881836,11.100000381469728,78767700.0,8327.046352147105,0,13.146066426278367,8313.900285720827,749,-35.846977292721085,13000,GeoWatch,36.6396754880922,12.22,13.569,16.4668,16.6508,17.3136,25.780000686645508,-1.2435,SOFI,0.3987,GeoWatch,0.4813,0.7717,20.376026992723133,36,406.260009765625,0.0,0.0
2022-01-31,12.479999542236328,11.199999809265137,12.494999885559082,11.050000190734863,12.479999542236328,73077100.0,9360.665723561287,0,13.146066426278367,9347.51965713501,749,-27.896059051073518,13000,GeoWatch,45.91367939841259,12.056,13.4025,16.2922,16.6132,17.2688,25.780000686645508,-0.7914,SOFI,0.4206,GeoWatch,0.4594,0.7625,23.470160928938917,36,413.6900024414063,0.0,0.0
2022-02-01,13.270000457763672,12.682000160217283,13.550000190734863,12.369999885559082,13.270000457763672,89022400.0,10951.367889256479,0,3.617511601449337,10947.75037765503,825,-21.67712364971297,14000,"cash_0%_Buy 100% of cash (76 shares - DCA Strategy) Monthly invest 7.1% of total investment ($1,000.00)",46.98470180761235,12.158,13.282,16.1252,16.5829,17.2295,25.780000686645508,-0.0253,SOFI,0.4373,GeoWatch,0.4381,0.7493,23.593367735729622,39,416.3900146484375,0.0,0.0
2022-02-02,12.15999984741211,13.029999732971191,13.0600004196167,11.899999618530272,12.15999984741211,73581200.0,10035.61738571644,0,3.617511601449337,10031.99987411499,825,-28.218198674998973,14000,GeoWatch,42.99835243706632,12.074,13.1375,15.9517,16.5388,17.1915,25.780000686645508,-0.0377,SOFI,0.4468,GeoWatch,0.4402,0.7466,25.240369094999046,39,420.3599853515625,0.0,0.0
2022-02-03,11.56999969482422,11.770000457763672,12.220000267028809,11.380000114440918,11.56999969482422,55485600.0,9548.867259831432,0,3.617511601449337,9545.249748229982,825,-31.694985288463307,14000,GeoWatch,43.645482549672415,12.116,13.011,15.7655,16.5103,17.1559,25.780000686645508,-0.2916,SOFI,0.4197,GeoWatch,0.4546,0.7472,21.187143923110845,39,410.5899963378906,0.0,0.0
2022-02-04,11.890000343322754,11.539999961853027,12.074999809265137,11.15999984741211,11.890000343322754,46870800.0,9812.867794842721,0,3.617511601449337,9809.250283241272,825,-29.809267181239818,14000,GeoWatch,44.61791512847176,12.274,12.9165,15.5947,16.4903,17.1245,25.780000686645508,-0.2302,SOFI,0.4246,GeoWatch,0.4416,0.7505,21.987830073739026,39,412.5199890136719,0.0,0.0
2022-02-05,11.890000343322754,11.539999961853027,12.074999809265137,11.15999984741211,11.890000343322754,46870800.0,9812.867794842721,0,3.617511601449337,9809.250283241272,825,-29.809267181239818,14000,GeoWatch,44.61791512847176,12.274,12.9165,15.5947,16.4903,17.1245,25.780000686645508,-0.2302,SOFI,0.4246,GeoWatch,0.4416,0.7505,21.987830073739026,39,412.5199890136719,0.0,0.0
2022-02-06,11.890000343322754,11.539999961853027,12.074999809265137,11.15999984741211,11.890000343322754,46870800.0,9812.867794842721,0,3.617511601449337,9809.250283241272,825,-29.809267181239818,14000,GeoWatch,44.61791512847176,12.274,12.9165,15.5947,16.4903,17.1245,25.780000686645508,-0.2302,SOFI,0.4246,GeoWatch,0.4416,0.7505,21.987830073739026,39,412.5199890136719,0.0,0.0
2022-02-07,11.720000267028809,11.932000160217283,12.399999618530272,11.661999702453612,11.720000267028809,37906200.0,9672.617731900216,0,3.617511601449337,9669.000220298767,825,-30.811053345114846,14000,GeoWatch,48.48214227934277,12.122,12.8155,15.4497,16.4733,17.0954,25.780000686645508,-0.2175,SOFI,0.4229,GeoWatch,0.4386,0.7619,21.423619934644854,39,411.1600036621094,0.0,0.0
2022-02-08,12.130000114440918,11.720000267028809,12.149999618530272,11.529999732971191,12.130000114440918,32936100.0,10010.867606015207,0,3.617511601449337,10007.250094413757,825,-28.39498281572206,14000,GeoWatch,42.06827426521603,11.894,12.7535,15.269,16.4559,17.0691,25.780000686645508,0.0619,SOFI,0.4303,GeoWatch,0.4299,0.7732,22.80511436394965,39,414.489990234375,0.0,0.0
2022-02-09,12.859999656677246,12.40999984741211,12.989999771118164,12.1899995803833,12.859999656677246,47536700.0,10613.117228360177,0,3.617511601449337,10609.499716758728,825,-24.093199798972265,14000,GeoWatch,38.61702014332506,12.034,12.6995,15.104,16.4479,17.0421,25.780000686645508,0.662,SOFI,0.4619,GeoWatch,0.42,0.7846,25.32749983230375,39,420.5700073242188,0.0,0.0
2022-02-10,12.390000343322754,12.425000190734863,13.40999984741211,12.289999961853027,12.390000343322754,57391400.0,10225.367794842721,0,3.617511601449337,10221.750283241272,825,-26.862838609811245,14000,GeoWatch,41.43835638808272,12.198,12.626,14.9285,16.4342,17.0155,25.780000686645508,0.8175,SOFI,0.4385,GeoWatch,0.4504,0.7948,22.261642403830372,39,413.1799926757813,0.0,0.0
2022-02-11,12.399999618530272,12.725000381469728,13.25,12.289999961853027,12.399999618530272,76947100.0,10233.617196888923,0,3.617511601449337,10229.999685287474,825,-26.803914309481225,14000,GeoWatch,44.49877357240014,12.3,12.5915,14.774,16.4173,16.9955,25.780000686645508,0.9286,SOFI,0.4056,GeoWatch,0.4803,0.8076,18.843159968758577,39,404.9400024414063,0.0,0.0
2022-02-12,12.399999618530272,12.725000381469728,13.25,12.289999961853027,12.399999618530272,76947100.0,10233.617196888923,0,3.617511601449337,10229.999685287474,825,-26.803914309481225,14000,GeoWatch,44.49877357240014,12.3,12.5915,14.774,16.4173,16.9955,25.780000686645508,0.9286,SOFI,0.4056,GeoWatch,0.4803,0.8076,18.843159968758577,39,404.9400024414063,0.0,0.0
2022-02-13,12.399999618530272,12.725000381469728,13.25,12.289999961853027,12.399999618530272,76947100.0,10233.617196888923,0,3.617511601449337,10229.999685287474,825,-26.803914309481225,14000,GeoWatch,44.49877357240014,12.3,12.5915,14.774,16.4173,16.9955,25.780000686645508,0.9286,SOFI,0.4056,GeoWatch,0.4803,0.8076,18.843159968758577,39,404.9400024414063,0.0,0.0
2022-02-14,12.0,12.588000297546388,12.869999885559082,11.920000076293944,12.0,73358600.0,9903.61751160145,0,3.617511601449337,9900.0,825,-29.161054918677465,14000,GeoWatch,45.27362983435244,12.356,12.5315,14.622,16.3943,16.9785,25.780000686645508,0.7935,SOFI,0.4029,GeoWatch,0.4868,0.8301,18.2955353085759,39,403.6199951171875,0.0,0.0
2022-02-15,12.579999923706056,12.260000228881836,12.63700008392334,11.970000267028809,12.579999923706056,51170300.0,10382.117448658946,0,3.617511601449337,10378.499937057497,825,-25.743198225409635,14000,GeoWatch,50.0,12.446,12.5575,14.4888,16.3753,16.9571,25.780000686645508,1.0114,SOFI,0.4291,GeoWatch,0.4658,0.8409,20.983864190741762,39,410.1000061035156,0.0,0.0
2022-02-16,13.079999923706056,12.609999656677246,13.279999732971191,12.602999687194824,13.079999923706056,58488200.0,10794.617448658946,0,3.617511601449337,10790.999937057497,825,-22.796769653981066,14000,GeoWatch,61.139900469487074,12.49,12.526,14.3673,16.3647,16.9445,25.780000686645508,1.3962,SOFI,0.4407,GeoWatch,0.4532,0.8575,21.187143923110845,39,410.5899963378906,0.0,0.0
2022-02-17,12.18000030517578,12.90999984741211,13.170000076293944,12.149999618530272,12.18000030517578,44690000.0,10052.117763371467,0,3.617511601449337,10048.500251770018,825,-28.10033883460592,14000,GeoWatch,56.459330689358325,12.448,12.385,14.2578,16.3492,16.9224,25.780000686645508,1.1478,SOFI,0.4071,GeoWatch,0.4859,0.8835,17.565369094999063,39,401.8599853515625,0.0,0.0
2022-02-18,11.390000343322754,12.173999786376951,12.229999542236328,11.170000076293944,11.390000343322754,59994500.0,9400.367794842721,0,3.617511601449337,9396.750283241272,825,-32.75569575266839,14000,GeoWatch,42.98584769316969,12.246,12.26,14.1508,16.3258,16.8905,25.780000686645508,0.5631,SOFI,0.409,GeoWatch,0.484,0.8981,16.499176014406252,39,399.2900085449219,0.0,0.0
2022-02-19,11.390000343322754,12.173999786376951,12.229999542236328,11.170000076293944,11.390000343322754,59994500.0,9400.367794842721,0,3.617511601449337,9396.750283241272,825,-32.75569575266839,14000,GeoWatch,42.98584769316969,12.246,12.26,14.1508,16.3258,16.8905,25.780000686645508,0.5631,SOFI,0.409,GeoWatch,0.484,0.8981,16.499176014406252,39,399.2900085449219,0.0,0.0
2022-02-20,11.390000343322754,12.173999786376951,12.229999542236328,11.170000076293944,11.390000343322754,59994500.0,9400.367794842721,0,3.617511601449337,9396.750283241272,825,-32.75569575266839,14000,GeoWatch,42.98584769316969,12.246,12.26,14.1508,16.3258,16.8905,25.780000686645508,0.5631,SOFI,0.409,GeoWatch,0.484,0.8981,16.499176014406252,39,399.2900085449219,0.0,0.0
2022-02-21,11.390000343322754,12.173999786376951,12.229999542236328,11.170000076293944,11.390000343322754,59994500.0,9400.367794842721,0,3.617511601449337,9396.750283241272,825,-32.75569575266839,14000,GeoWatch,42.98584769316969,12.246,12.26,14.1508,16.3258,16.8905,25.780000686645508,0.5631,SOFI,0.409,GeoWatch,0.484,0.8981,16.499176014406252,39,399.2900085449219,0.0,0.0
2022-02-22,10.260000228881836,11.029999732971191,11.15999984741211,10.1899995803833,10.260000228881836,76018700.0,8468.117700428964,0,3.617511601449337,8464.500188827515,825,-39.41462499848094,14000,GeoWatch,31.44265899964134,11.898,12.108,14.0163,16.2932,16.8525,25.780000686645508,-0.3979,SOFI,0.3885,GeoWatch,0.4921,0.9133,14.686218580654149,39,394.9200134277344,0.0,0.0
2022-02-23,9.81999969482422,10.678999900817873,10.6899995803833,9.81999969482422,9.81999969482422,62010000.0,8105.1172598314315,0,3.617511601449337,8101.499748229982,825,-42.00748528846331,14000,GeoWatch,34.27418962022733,11.346,11.961,13.8765,16.2536,16.8142,25.780000686645508,-1.2054,SOFI,0.3637,GeoWatch,0.5084,0.9181,11.736522807916081,39,387.80999755859375,0.0,0.0
2022-02-24,10.329999923706056,8.859999656677246,10.380000114440918,8.819999694824219,10.329999923706056,76026500.0,8525.867448658946,0,3.617511601449337,8522.249937057497,825,-39.00212679683821,14000,GeoWatch,41.57608702694312,10.796,11.8485,13.7415,16.2142,16.7761,25.780000686645508,-1.3557,SOFI,0.3693,GeoWatch,0.5,0.923,14.209113857522816,39,393.7699890136719,0.0,0.0
2022-02-25,10.670000076293944,10.470000267028809,10.720000267028809,9.970000267028809,10.670000076293944,46588100.0,8806.367574543952,0,3.617511601449337,8802.750062942503,825,-36.99855446908816,14000,GeoWatch,41.7344135269818,10.494,11.814,13.6327,16.1768,16.7437,25.780000686645508,-1.1589,SOFI,0.388,GeoWatch,0.4785,0.9152,17.776954227494834,39,402.3699951171875,0.0,0.0
2022-02-26,10.670000076293944,10.470000267028809,10.720000267028809,9.970000267028809,10.670000076293944,46588100.0,8806.367574543952,0,3.617511601449337,8802.750062942503,825,-36.99855446908816,14000,GeoWatch,41.7344135269818,10.494,11.814,13.6327,16.1768,16.7437,25.780000686645508,-1.1589,SOFI,0.388,GeoWatch,0.4785,0.9152,17.776954227494834,39,402.3699951171875,0.0,0.0
2022-02-27,10.670000076293944,10.470000267028809,10.720000267028809,9.970000267028809,10.670000076293944,46588100.0,8806.367574543952,0,3.617511601449337,8802.750062942503,825,-36.99855446908816,14000,GeoWatch,41.7344135269818,10.494,11.814,13.6327,16.1768,16.7437,25.780000686645508,-1.1589,SOFI,0.388,GeoWatch,0.4785,0.9152,17.776954227494834,39,402.3699951171875,0.0,0.0
2022-02-28,11.449999809265137,10.68000030517578,11.760000228881836,10.670000076293944,11.449999809265137,64380500.0,9449.867354245187,0,3.617511601449337,9446.249842643738,825,-32.4021274712222,14000,GeoWatch,48.31038466863688,10.506,11.8315,13.5503,16.1402,16.7116,25.780000686645508,-0.4966,SOFI,0.3914,GeoWatch,0.5069,0.921,17.357936662566622,39,401.3599853515625,0.0,0.0
2022-03-01,11.199999809265137,11.960000038146973,11.979999542236328,11.199999809265137,11.199999809265137,107850300.0,10242.620554262163,0,5.820728593827653,10236.799825668335,914,-31.61704297313055,15000,"cash_0%_Buy 100% of cash (89 shares - DCA Strategy) Monthly invest 6.7% of total investment ($1,000.00)",44.0612992287294,10.694,11.7675,13.4632,16.1046,16.6827,25.780000686645508,-0.1463,SOFI,0.3912,GeoWatch,0.5443,0.9293,14.003021238040425,41,395.3399963378906,0.0,0.0
2022-03-02,11.579999923706056,12.949999809265137,13.0,11.510000228881836,11.579999923706056,147527000.0,10589.940658861164,0,5.820728593827653,10584.119930267336,914,-29.30157560913721,15000,GeoWatch,41.44385043782968,11.046,11.683,13.403,16.0703,16.6549,25.780000686645508,0.3418,SOFI,0.4054,GeoWatch,0.5153,0.9359,16.994145261477932,41,402.6000061035156,0.0,0.0
2022-03-03,10.6899995803833,11.489999771118164,11.510000228881836,10.61400032043457,10.6899995803833,70875700.0,9776.480345064165,0,5.820728593827653,9770.659616470337,914,-34.72464436778387,15000,GeoWatch,39.24050098083597,11.118,11.6095,13.3192,16.032,16.6233,25.780000686645508,0.1798,SOFI,0.4072,GeoWatch,0.5151,0.9503,16.161897214602924,41,400.5799865722656,0.0,0.0
2022-03-04,10.0,10.642000198364258,11.010000228881836,9.920000076293944,10.0,63130700.0,9145.820728593828,0,5.820728593827653,9140.0,914,-38.92904181091944,15000,GeoWatch,36.01398811263851,10.984,11.531,13.2088,15.9903,16.5904,25.780000686645508,-0.2822,SOFI,0.4023,GeoWatch,0.5323,0.9831,14.827021238040423,41,397.3399963378906,0.0,0.0
2022-03-05,10.0,10.642000198364258,11.010000228881836,9.920000076293944,10.0,63130700.0,9145.820728593828,0,5.820728593827653,9140.0,914,-38.92904181091944,15000,GeoWatch,36.01398811263851,10.984,11.531,13.2088,15.9903,16.5904,25.780000686645508,-0.2822,SOFI,0.4023,GeoWatch,0.5323,0.9831,14.827021238040423,41,397.3399963378906,0.0,0.0
2022-03-06,10.0,10.642000198364258,11.010000228881836,9.920000076293944,10.0,63130700.0,9145.820728593828,0,5.820728593827653,9140.0,914,-38.92904181091944,15000,GeoWatch,36.01398811263851,10.984,11.531,13.2088,15.9903,16.5904,25.780000686645508,-0.2822,SOFI,0.4023,GeoWatch,0.5323,0.9831,14.827021238040423,41,397.3399963378906,0.0,0.0
2022-03-07,9.619999885559082,9.975000381469728,10.220000267028809,9.59000015258789,9.619999885559082,54287700.0,8798.500623994829,0,5.820728593827653,8792.679895401001,914,-41.24450917491277,15000,GeoWatch,36.09813085413675,10.618,11.4175,13.0868,15.9496,16.5618,25.780000686645508,-0.7444,SOFI,0.3715,GeoWatch,0.5653,0.986,9.994256711673245,41,385.6099853515625,0.0,0.0
2022-03-08,9.720000267028809,9.510000228881836,10.08899974822998,9.279999732971191,9.720000267028809,50878200.0,8889.900972658159,0,5.820728593827653,8884.080244064331,914,-40.63517351715724,15000,GeoWatch,32.301984244310546,10.322,11.3175,12.9878,15.9018,16.533,25.780000686645508,-0.9051,SOFI,0.3696,GeoWatch,0.551,0.9893,8.795347776126384,41,382.7000122070313,0.0,0.0
2022-03-09,9.869999885559082,9.960000038146973,10.09000015258789,9.645000457763672,9.869999885559082,53891100.0,9027.000623994829,0,5.820728593827653,9021.179895401001,914,-39.72117584157944,15000,GeoWatch,29.23674105942723,9.98,11.2045,12.9022,15.8549,16.5029,25.780000686645508,-0.8301,SOFI,0.3843,GeoWatch,0.5261,0.9944,12.997740232181052,41,392.8999938964844,0.0,0.0
2022-03-10,9.40999984741211,9.710000038146973,9.81999969482422,9.18000030517578,9.40999984741211,47638400.0,8606.560589128496,0,5.820728593827653,8600.739860534668,914,-42.52410940735499,15000,GeoWatch,31.001370988419865,9.724,11.032,12.816,15.8076,16.4736,25.780000686645508,-0.9737,SOFI,0.3749,GeoWatch,0.5043,0.9919,12.276740232181062,41,391.1499938964844,0.0,0.0
2022-03-11,8.550000190734863,9.510000228881836,9.536999702453612,8.520000457763672,8.550000190734863,71568500.0,7820.520902925493,0,5.820728593827653,7814.700174331665,914,-47.764373982041676,15000,GeoWatch,30.706522302501327,9.434,10.84,12.7172,15.7574,16.4405,25.780000686645508,-1.5062,SOFI,0.3683,GeoWatch,0.5091,0.9797,10.220864255618544,41,386.1600036621094,0.0,0.0
2022-03-12,8.550000190734863,9.510000228881836,9.536999702453612,8.520000457763672,8.550000190734863,71568500.0,7820.520902925493,0,5.820728593827653,7814.700174331665,914,-47.764373982041676,15000,GeoWatch,30.706522302501327,9.434,10.84,12.7172,15.7574,16.4405,25.780000686645508,-1.5062,SOFI,0.3683,GeoWatch,0.5091,0.9797,10.220864255618544,41,386.1600036621094,0.0,0.0
2022-03-13,8.550000190734863,9.510000228881836,9.536999702453612,8.520000457763672,8.550000190734863,71568500.0,7820.520902925493,0,5.820728593827653,7814.700174331665,914,-47.764373982041676,15000,GeoWatch,30.706522302501327,9.434,10.84,12.7172,15.7574,16.4405,25.780000686645508,-1.5062,SOFI,0.3683,GeoWatch,0.5091,0.9797,10.220864255618544,41,386.1600036621094,0.0,0.0
2022-03-14,7.929999828338623,8.449999809265137,8.449999809265137,7.735000133514404,7.929999828338623,75632700.0,7253.840571695329,0,5.820728593827653,7248.0198431015015,914,-51.54224285690944,15000,GeoWatch,32.9926999372733,9.096,10.6165,12.5967,15.6971,16.402,25.780000686645508,-2.1341,SOFI,0.3515,GeoWatch,0.5098,0.944,9.05902123804043,41,383.3399963378906,0.0,0.0
2022-03-15,8.199999809265137,7.960000038146973,8.289999961853027,7.789999961853027,8.199999809265137,52317400.0,7500.620554262163,0,5.820728593827653,7494.799825668335,914,-49.897042973130546,15000,GeoWatch,37.8742529075644,8.792,10.4265,12.4955,15.6251,16.3643,25.780000686645508,-2.2234,SOFI,0.3725,GeoWatch,0.4976,0.8695,12.523942746829483,41,391.75,0.0,0.0
2022-03-16,8.569999694824219,8.079999923706055,8.760000228881836,8.050000190734863,8.569999694824219,84406700.0,7838.800449663164,0,5.820728593827653,7832.979721069336,914,-47.64251033712388,15000,GeoWatch,36.544340679299,8.532,10.226,12.3942,15.5537,16.3303,25.780000686645508,-1.8776,SOFI,0.386,GeoWatch,0.4704,0.8012,16.133066770267,41,400.510009765625,0.0,0.0
2022-03-17,8.90999984741211,8.550000190734863,9.079999923706056,8.380000114440918,8.90999984741211,67654100.0,8149.560589128496,0,5.820728593827653,8143.739860534668,914,-45.57077607402166,15000,GeoWatch,36.54434067929903,8.432,10.0175,12.2995,15.4809,16.2955,25.780000686645508,-1.2755,SOFI,0.3893,GeoWatch,0.4581,0.7932,18.15186425561854,41,405.4100036621094,0.0,0.0
2022-03-18,9.869999885559082,8.920000076293945,9.975000381469728,8.819999694824219,9.869999885559082,66667100.0,9027.000623994829,0,5.820728593827653,9021.179895401001,914,-39.72117584157944,15000,GeoWatch,38.24404865385044,8.696,9.902,12.2145,15.4157,16.265,25.780000686645508,-0.1131,SOFI,0.4014,GeoWatch,0.4483,0.7828,19.997628781985746,41,409.8900146484375,0.0,0.0
2022-03-19,9.869999885559082,8.920000076293945,9.975000381469728,8.819999694824219,9.869999885559082,66667100.0,9027.000623994829,0,5.820728593827653,9021.179895401001,914,-39.72117584157944,15000,GeoWatch,38.24404865385044,8.696,9.902,12.2145,15.4157,16.265,25.780000686645508,-0.1131,SOFI,0.4014,GeoWatch,0.4483,0.7828,19.997628781985746,41,409.8900146484375,0.0,0.0
2022-03-20,9.869999885559082,8.920000076293945,9.975000381469728,8.819999694824219,9.869999885559082,66667100.0,9027.000623994829,0,5.820728593827653,9021.179895401001,914,-39.72117584157944,15000,GeoWatch,38.24404865385044,8.696,9.902,12.2145,15.4157,16.265,25.780000686645508,-0.1131,SOFI,0.4014,GeoWatch,0.4483,0.7828,19.997628781985746,41,409.8900146484375,0.0,0.0
2022-03-21,9.56999969482422,9.81999969482422,9.93000030517578,9.329999923706056,9.56999969482422,39791700.0,8752.800449663166,0,5.820728593827653,8746.979721069338,914,-41.549177003790525,15000,GeoWatch,37.961595242052965,9.024,9.811,12.1242,15.3534,16.2292,25.780000686645508,0.4995,SOFI,0.3942,GeoWatch,0.4402,0.818,20.00586425561854,41,409.9100036621094,0.0,0.0
2022-03-22,9.720000267028809,9.5600004196167,10.0600004196167,9.25,9.720000267028809,56998400.0,8889.900972658159,0,5.820728593827653,8884.080244064331,914,-40.63517351715724,15000,GeoWatch,35.77982112922021,9.328,9.784,12.0347,15.301,16.1957,25.780000686645508,1.0341,SOFI,0.4028,GeoWatch,0.4363,0.8475,21.966988279056046,41,414.6700134277344,0.0,0.0
2022-03-23,9.369999885559082,9.600000381469728,9.779999732971191,9.324999809265137,9.369999885559082,38946300.0,8570.000623994829,0,5.820728593827653,8564.179895401001,914,-42.767842508246105,15000,GeoWatch,39.00000429153374,9.488,9.7615,11.9343,15.2467,16.1639,25.780000686645508,1.1558,SOFI,0.393,GeoWatch,0.4421,0.8876,19.766897214602913,41,409.3299865722656,0.0,0.0
2022-03-24,9.470000267028809,9.399999618530272,9.508999824523926,9.06999969482422,9.470000267028809,30175800.0,8661.400972658159,0,5.820728593827653,8655.580244064331,914,-42.158506850490575,15000,GeoWatch,45.101667642669454,9.6,9.7185,11.8447,15.1886,16.1333,25.780000686645508,1.3085,SOFI,0.4024,GeoWatch,0.4267,0.9051,22.265266220462316,41,414.0199890136719,1.374,0.0
2022-03-25,9.010000228881836,9.420000076293944,9.420000076293944,8.90999984741211,9.010000228881836,42524700.0,8240.960937791826,0,5.820728593827653,8235.140209197998,914,-44.96144041626613,15000,GeoWatch,44.444449269753214,9.428,9.6355,11.7537,15.1296,16.1013,25.780000686645508,1.0941,SOFI,0.3981,GeoWatch,0.4137,0.9177,23.13046873511076,41,416.1199951171875,0.0,0.0
2022-03-26,9.010000228881836,9.420000076293944,9.420000076293944,8.90999984741211,9.010000228881836,42524700.0,8240.960937791826,0,5.820728593827653,8235.140209197998,914,-44.96144041626613,15000,GeoWatch,44.444449269753214,9.428,9.6355,11.7537,15.1296,16.1013,25.780000686645508,1.0941,SOFI,0.3981,GeoWatch,0.4137,0.9177,23.13046873511076,41,416.1199951171875,0.0,0.0
2022-03-27,9.010000228881836,9.420000076293944,9.420000076293944,8.90999984741211,9.010000228881836,42524700.0,8240.960937791826,0,5.820728593827653,8235.140209197998,914,-44.96144041626613,15000,GeoWatch,44.444449269753214,9.428,9.6355,11.7537,15.1296,16.1013,25.780000686645508,1.0941,SOFI,0.3981,GeoWatch,0.4137,0.9177,23.13046873511076,41,416.1199951171875,0.0,0.0
2022-03-28,9.25,9.029999732971191,9.279999732971191,8.84000015258789,9.25,33300900.0,8460.320728593828,0,5.820728593827653,8454.5,914,-43.49904181091945,15000,GeoWatch,45.82593092485725,9.364,9.5255,11.642,15.0712,16.072,25.780000686645508,1.1262,SOFI,0.4053,GeoWatch,0.4051,0.8833,24.312906723391997,41,418.989990234375,0.0,0.0
2022-03-29,10.140000343322754,9.25,10.210000038146973,9.220000267028809,10.140000343322754,72805100.0,9273.781042390825,0,5.820728593827653,9267.960313796997,914,-38.07597305227279,15000,GeoWatch,52.11931225878372,9.448,9.4725,11.5475,15.0172,16.0462,25.780000686645508,1.7487,SOFI,0.4296,GeoWatch,0.407,0.8399,26.496514267337325,41,424.2900085449219,0.0,0.0
2022-03-30,9.770000457763672,10.029999732971191,10.56999969482422,9.631999969482422,9.770000457763672,59785700.0,8935.601146989824,0,5.820728593827653,8929.780418395996,914,-40.33050568827947,15000,GeoWatch,52.86624614904741,9.528,9.382,11.449,14.962,16.0228,25.780000686645508,1.8592,SOFI,0.4196,GeoWatch,0.4111,0.8209,25.408828232181072,41,421.6499938964844,0.0,0.0
2022-03-31,9.449999809265137,9.81999969482422,9.869999885559082,9.420000076293944,9.449999809265137,33702800.0,8643.120554262163,0,5.820728593827653,8637.299825668335,914,-42.28037630646387,15000,GeoWatch,57.83971433645981,9.524,9.32,11.3557,14.9057,16.0002,25.780000686645508,1.673,SOFI,0.4045,GeoWatch,0.4206,0.7859,22.73907627905607,41,415.1700134277344,0.0,0.0
2022-04-01,9.329999923706056,9.470000267028809,9.619999885559082,9.210000038146973,9.329999923706056,29654500.0,9532.442348869326,0,6.512426765443138,9525.929922103884,1021,-40.323415321111675,16000,"cash_0%_Buy 100% of cash (107 shares - DCA Strategy) Monthly invest 6.2% of total investment ($1,000.00)",63.35877404125062,9.588,9.2865,11.2762,14.8302,15.9757,25.780000686645508,1.4389,SOFI,0.4159,GeoWatch,0.4147,0.7394,22.25567124828607,45,416.3200073242188,0.0,0.0
2022-04-02,9.329999923706056,9.470000267028809,9.619999885559082,9.210000038146973,9.329999923706056,29654500.0,9532.442348869326,0,6.512426765443138,9525.929922103884,1021,-40.323415321111675,16000,GeoWatch,63.35877404125062,9.588,9.2865,11.2762,14.8302,15.9757,25.780000686645508,1.4389,SOFI,0.4159,GeoWatch,0.4147,0.7394,22.25567124828607,45,416.3200073242188,0.0,0.0
2022-04-03,9.329999923706056,9.470000267028809,9.619999885559082,9.210000038146973,9.329999923706056,29654500.0,9532.442348869326,0,6.512426765443138,9525.929922103884,1021,-40.323415321111675,16000,GeoWatch,63.35877404125062,9.588,9.2865,11.2762,14.8302,15.9757,25.780000686645508,1.4389,SOFI,0.4159,GeoWatch,0.4147,0.7394,22.25567124828607,45,416.3200073242188,0.0,0.0
2022-04-04,9.770000457763672,9.420000076293944,10.029999732971191,9.399999618530272,9.770000457763672,34363300.0,9981.682894142152,0,6.512426765443138,9975.170467376709,1021,-37.51566191315652,16000,GeoWatch,64.51016508781646,9.692,9.294,11.2093,14.7535,15.9505,25.780000686645508,1.5581,SOFI,0.4289,GeoWatch,0.407,0.7363,23.709473377128056,45,419.8500061035156,0.0,0.0
2022-04-05,9.119999885559082,9.829999923706056,10.095000267028809,9.09000015258789,9.119999885559082,47197100.0,9318.032309921266,0,6.512426765443138,9311.519883155823,1021,-41.66347806453705,16000,GeoWatch,54.83303921409239,9.488,9.264,11.1323,14.6718,15.9211,25.780000686645508,1.1611,SOFI,0.4063,GeoWatch,0.4252,0.7343,21.572011845338373,45,414.6600036621094,0.0,0.0
2022-04-06,8.75,8.979999542236328,9.029999732971191,8.460000038146973,8.75,56769400.0,8940.262426765443,0,6.512426765443138,8933.75,1021,-44.02453983426094,16000,GeoWatch,48.60140070004992,9.284,9.208,11.0553,14.5813,15.888,25.780000686645508,0.6396,SOFI,0.3968,GeoWatch,0.4303,0.7002,19.842269975863665,45,410.4599914550781,0.0,0.0
2022-04-07,8.119999885559082,8.274999618530273,8.385000228881836,7.639999866485596,8.119999885559082,109248300.0,8297.032309921266,0,6.512426765443138,8290.519883155823,1021,-48.044728064537054,16000,Neutral,33.76624341717404,9.018,9.1435,10.9583,14.4874,15.8494,25.780000686645508,-0.1216,SOFI,0.3913,Neutral,0.4236,0.6884,20.694786150180057,45,412.5299987792969,0.0,0.0
2022-04-08,7.869999885559082,8.069999694824219,8.100000381469727,7.78000020980835,7.869999885559082,39037800.0,8041.782309921266,0,6.512426765443138,8035.269883155823,1021,-49.64004056453706,16000,Neutral,34.08240777269128,8.726,9.1095,10.8585,14.3793,15.809,25.780000686645508,-0.7463,SOFI,0.3857,Neutral,0.4178,0.6975,20.28294404491691,45,411.5299987792969,0.0,0.0
2022-04-09,7.869999885559082,8.069999694824219,8.100000381469727,7.78000020980835,7.869999885559082,39037800.0,8041.782309921266,0,6.512426765443138,8035.269883155823,1021,-49.64004056453706,16000,Neutral,34.08240777269128,8.726,9.1095,10.8585,14.3793,15.809,25.780000686645508,-0.7463,SOFI,0.3857,Neutral,0.4178,0.6975,20.28294404491691,45,411.5299987792969,0.0,0.0
2022-04-10,7.869999885559082,8.069999694824219,8.100000381469727,7.78000020980835,7.869999885559082,39037800.0,8041.782309921266,0,6.512426765443138,8035.269883155823,1021,-49.64004056453706,16000,Neutral,34.08240777269128,8.726,9.1095,10.8585,14.3793,15.809,25.780000686645508,-0.7463,SOFI,0.3857,Neutral,0.4178,0.6975,20.28294404491691,45,411.5299987792969,0.0,0.0
2022-04-11,7.71999979019165,7.699999809265137,7.929999828338623,7.559999942779541,7.71999979019165,37461600.0,7888.632212551118,0,6.512426765443138,7882.119785785675,1021,-50.59722867310048,16000,Neutral,31.273412671021703,8.316,9.099,10.769,14.2751,15.7686,25.780000686645508,-1.1859,SOFI,0.3605,Neutral,0.4396,0.683,17.3465078234428,45,404.3999938964844,0.0,0.0
2022-04-12,7.480000019073486,7.809999942779541,8.09000015258789,7.369999885559082,7.480000019073486,58650300.0,7643.592446239472,0,6.512426765443138,7637.0800194740295,1021,-52.12872721254826,16000,GeoWatch,31.93117427990549,7.988,9.063,10.6737,14.162,15.7289,25.780000686645508,-1.5526,SOFI,0.3702,GeoWatch,0.4456,0.7097,16.736989551444445,45,402.9200134277344,0.0,0.0
2022-04-13,7.610000133514404,7.449999809265137,7.679999828338623,7.239999771118164,7.610000133514404,39309500.0,7776.32256308365,0,6.512426765443138,7769.810136318207,1021,-51.299163982272155,16000,GeoWatch,32.319395943603766,7.76,9.015,10.5995,14.0505,15.6924,25.780000686645508,-1.58,SOFI,0.3855,GeoWatch,0.4292,0.76,18.61086610302238,45,407.4700012207031,0.0,0.0
2022-04-14,7.260000228881836,7.659999847412109,7.659999847412109,7.21999979019165,7.260000228881836,42198000.0,7418.972660453797,0,6.512426765443138,7412.4602336883545,1021,-53.53260087370874,16000,GeoWatch,33.00971377186782,7.588,8.9325,10.492,13.9395,15.6553,25.780000686645508,-1.7462,SOFI,0.3678,GeoWatch,0.4285,0.8014,16.57224265460028,45,402.5199890136719,0.0,0.0
2022-04-15,7.260000228881836,7.659999847412109,7.659999847412109,7.21999979019165,7.260000228881836,42198000.0,7418.972660453797,0,6.512426765443138,7412.4602336883545,1021,-53.53260087370874,16000,GeoWatch,33.00971377186782,7.588,8.9325,10.492,13.9395,15.6553,25.780000686645508,-1.7462,SOFI,0.3678,GeoWatch,0.4285,0.8014,16.57224265460028,45,402.5199890136719,0.0,0.0
2022-04-16,7.260000228881836,7.659999847412109,7.659999847412109,7.21999979019165,7.260000228881836,42198000.0,7418.972660453797,0,6.512426765443138,7412.4602336883545,1021,-53.53260087370874,16000,GeoWatch,33.00971377186782,7.588,8.9325,10.492,13.9395,15.6553,25.780000686645508,-1.7462,SOFI,0.3678,GeoWatch,0.4285,0.8014,16.57224265460028,45,402.5199890136719,0.0,0.0
2022-04-17,7.260000228881836,7.659999847412109,7.659999847412109,7.21999979019165,7.260000228881836,42198000.0,7418.972660453797,0,6.512426765443138,7412.4602336883545,1021,-53.53260087370874,16000,GeoWatch,33.00971377186782,7.588,8.9325,10.492,13.9395,15.6553,25.780000686645508,-1.7462,SOFI,0.3678,GeoWatch,0.4285,0.8014,16.57224265460028,45,402.5199890136719,0.0,0.0
2022-04-18,7.130000114440918,7.260000228881836,7.315000057220459,6.96999979019165,7.130000114440918,50207800.0,7286.24254360962,0,6.512426765443138,7279.730116844177,1021,-54.36216410398483,16000,GeoWatch,28.96826290369121,7.44,8.7955,10.3608,13.8265,15.6202,25.780000686645508,-1.8282,SOFI,0.3671,GeoWatch,0.4236,0.8638,16.601074618390378,45,402.5899963378906,0.0,0.0
2022-04-19,7.409999847412109,7.110000133514404,7.579999923706055,7.050000190734863,7.409999847412109,39488900.0,7572.1222709732065,0,6.512426765443138,7565.609844207764,1021,-52.57541580796242,16000,GeoWatch,19.18736207516025,7.378,8.6875,10.2528,13.7219,15.5886,25.780000686645508,-1.5257,SOFI,0.3848,GeoWatch,0.4193,0.8484,19.249216338810818,45,409.0199890136719,0.0,0.0
2022-04-20,6.949999809265137,7.360000133514404,7.360000133514404,6.929999828338623,6.949999809265137,56574300.0,7102.462232025147,0,6.512426765443138,7095.949805259705,1021,-55.5107910513878,16000,GeoWatch,18.805312301867342,7.272,8.549,10.147,13.6194,15.5488,25.780000686645508,-1.5735,SOFI,0.3917,GeoWatch,0.4135,0.8263,19.121546291653125,45,408.7099914550781,0.0,0.0
2022-04-21,6.599999904632568,7.03000020980835,7.110000133514404,6.480000019073486,6.599999904632568,66530900.0,6745.112329395295,0,6.512426765443138,6738.599902629852,1021,-57.74422794282438,16000,GeoWatch,18.681324324361128,7.07,8.4105,10.0443,13.5085,15.5081,25.780000686645508,-1.764,SOFI,0.3648,GeoWatch,0.4277,0.8056,16.625784139232273,45,402.6499938964844,0.0,0.0
2022-04-22,6.389999866485596,6.599999904632568,6.679999828338623,6.320000171661377,6.389999866485596,45591900.0,6530.702290447236,0,6.512426765443138,6524.189863681793,1021,-59.084290686249744,16000,GeoWatch,18.31897050053604,6.896,8.2565,9.9412,13.3943,15.4715,25.780000686645508,-1.9279,SOFI,0.3275,GeoWatch,0.4706,0.7768,12.09964342428573,45,391.6600036621094,0.0,0.0
2022-04-23,6.389999866485596,6.599999904632568,6.679999828338623,6.320000171661377,6.389999866485596,45591900.0,6530.702290447236,0,6.512426765443138,6524.189863681793,1021,-59.084290686249744,16000,GeoWatch,18.31897050053604,6.896,8.2565,9.9412,13.3943,15.4715,25.780000686645508,-1.9279,SOFI,0.3275,GeoWatch,0.4706,0.7768,12.09964342428573,45,391.6600036621094,0.0,0.0
2022-04-24,6.389999866485596,6.599999904632568,6.679999828338623,6.320000171661377,6.389999866485596,45591900.0,6530.702290447236,0,6.512426765443138,6524.189863681793,1021,-59.084290686249744,16000,GeoWatch,18.31897050053604,6.896,8.2565,9.9412,13.3943,15.4715,25.780000686645508,-1.9279,SOFI,0.3275,GeoWatch,0.4706,0.7768,12.09964342428573,45,391.6600036621094,0.0,0.0
2022-04-25,6.550000190734863,6.269999980926514,6.610000133514404,6.230000019073486,6.550000190734863,37571500.0,6694.062621505738,0,6.512426765443138,6687.550194740295,1021,-58.0632886171341,16000,GeoWatch,13.073396602470098,6.78,8.1335,9.861,13.2604,15.4361,25.780000686645508,-1.751,SOFI,0.3485,GeoWatch,0.4671,0.7198,12.980978993968641,45,393.7999877929688,0.0,0.0
2022-04-26,6.289999961853027,6.5,6.5,6.139999866485596,6.289999961853027,49526100.0,6428.602387817384,0,6.512426765443138,6422.089961051941,1021,-59.72241507768631,16000,GeoWatch,14.35768597788966,6.556,7.9855,9.7808,13.1238,15.4014,25.780000686645508,-1.7187,SOFI,0.3244,GeoWatch,0.5236,0.7036,8.343645435233512,45,382.5400085449219,0.0,0.0
2022-04-27,6.150000095367432,6.25,6.460000038146973,6.090000152587891,6.150000095367432,42697500.0,6285.6625241355905,0,6.512426765443138,6279.150097370148,1021,-60.615789225697526,16000,Neutral,15.24064529067877,6.396,7.786,9.6753,12.9838,15.3648,25.780000686645508,-1.6785,SOFI,0.3366,Neutral,0.5044,0.6852,8.75136509754848,45,383.5299987792969,0.0,0.0
2022-04-28,6.449999809265137,6.300000190734863,6.539999961853027,6.019999980926514,6.449999809265137,46069000.0,6591.962232025147,0,6.512426765443138,6585.449805259705,1021,-58.7014160513878,16000,Neutral,25.51319426654331,6.366,7.62,9.5617,12.8434,15.3272,25.780000686645508,-1.2348,SOFI,0.3429,Neutral,0.4878,0.6828,12.70917426470772,45,393.1400146484375,0.0,0.0
2022-04-29,6.119999885559082,6.369999885559082,6.75,6.099999904632568,6.119999885559082,33526800.0,6255.032309921266,0,6.512426765443138,6248.519883155823,1021,-60.80722806453706,16000,Neutral,24.928365117924983,6.312,7.4535,9.461,12.7063,15.2827,25.780000686645508,-1.1189,SOFI,0.3074,Neutral,0.5147,0.693,6.7621732592338475,45,378.7000122070313,0.0,0.0
2022-04-30,6.119999885559082,6.369999885559082,6.75,6.099999904632568,6.119999885559082,33526800.0,6255.032309921266,0,6.512426765443138,6248.519883155823,1021,-60.80722806453706,16000,Neutral,24.928365117924983,6.312,7.4535,9.461,12.7063,15.2827,25.780000686645508,-1.1189,SOFI,0.3074,Neutral,0.5147,0.693,6.7621732592338475,45,378.7000122070313,0.0,0.0
2022-05-01,6.119999885559082,6.369999885559082,6.75,6.099999904632568,6.119999885559082,33526800.0,7254.028629940034,0,1.8287655525220998,7252.199864387512,1185,-57.23042335483889,17000,"cash_0%_Buy 100% of cash (164 shares - DCA Strategy) Monthly invest 5.9% of total investment ($1,000.00)",24.928365117924983,6.312,7.4535,9.461,12.7063,15.2827,25.780000686645508,-1.1189,SOFI,0.3074,Neutral,0.5147,0.693,6.032226470667901,47,378.7000122070313,0.0,0.0
2022-05-02,6.329999923706055,6.105000019073486,6.340000152587891,6.010000228881836,6.329999923706055,43738400.0,7502.878675144197,0,1.8287655525220998,7501.049909591675,1185,-55.76659955952028,17000,GeoWatch,30.42253551396132,6.268,7.3035,9.3737,12.5696,15.2364,25.780000686645508,-0.7215,SOFI,0.3281,GeoWatch,0.5098,0.7067,7.0058523473546686,47,381.0799865722656,0.0,0.0
2022-05-03,6.400000095367432,6.28000020980835,6.420000076293945,6.179999828338623,6.400000095367432,27381700.0,7585.828878562928,0,1.8287655525220998,7584.0001130104065,1185,-55.27865718646892,17000,Neutral,34.02367030859263,6.29,7.135,9.2822,12.4384,15.1864,25.780000686645508,-0.2862,SOFI,0.3577,Neutral,0.4952,0.6952,7.680862334925685,47,382.7300109863281,0.0,0.0
2022-05-04,7.139999866485596,6.360000133514404,7.170000076293945,6.199999809265137,7.139999866485596,77128300.0,8462.728607337953,0,1.8287655525220998,8460.89984178543,1185,-50.1204234877923,17000,Neutral,44.1102720051398,6.488,7.036,9.2058,12.3278,15.1379,25.780000686645508,0.7837,SOFI,0.3798,Neutral,0.4641,0.6978,12.430401796928535,47,394.3399963378906,0.0,0.0
2022-05-05,6.829999923706055,7.050000190734863,7.110000133514404,6.570000171661377,6.829999923706055,46638700.0,8095.378675144197,0,1.8287655525220998,8093.549909591675,1185,-52.28130544187323,17000,GeoWatch,44.55695789950204,6.564,6.94,9.1175,12.1933,15.084,25.780000686645508,1.2201,SOFI,0.3265,GeoWatch,0.4993,0.7021,6.764490209126684,47,380.489990234375,0.0,0.0
2022-05-06,6.440000057220459,6.820000171661377,6.869999885559082,6.34499979019165,6.440000057220459,50526800.0,7633.228833358766,0,1.8287655525220998,7631.400067806244,1185,-54.999833922963994,17000,GeoWatch,41.80522411971717,6.628,6.856,9.0105,12.0573,15.0267,25.780000686645508,1.155,SOFI,0.3197,GeoWatch,0.4889,0.7142,5.786769428320568,47,378.1000061035156,0.0,0.0
2022-05-07,6.440000057220459,6.820000171661377,6.869999885559082,6.34499979019165,6.440000057220459,50526800.0,7633.228833358766,0,1.8287655525220998,7631.400067806244,1185,-54.999833922963994,17000,GeoWatch,41.80522411971717,6.628,6.856,9.0105,12.0573,15.0267,25.780000686645508,1.155,SOFI,0.3197,GeoWatch,0.4889,0.7142,5.786769428320568,47,378.1000061035156,0.0,0.0
2022-05-08,6.440000057220459,6.820000171661377,6.869999885559082,6.34499979019165,6.440000057220459,50526800.0,7633.228833358766,0,1.8287655525220998,7631.400067806244,1185,-54.999833922963994,17000,GeoWatch,41.80522411971717,6.628,6.856,9.0105,12.0573,15.0267,25.780000686645508,1.155,SOFI,0.3197,GeoWatch,0.4889,0.7142,5.786769428320568,47,378.1000061035156,0.0,0.0
2022-05-09,5.96999979019165,6.230000019073486,6.389999866485596,5.789999961853027,5.96999979019165,51638700.0,7076.278516929628,0,1.8287655525220998,7074.449751377106,1185,-58.2760122549001,17000,Neutral,33.63636334080341,6.556,6.761,8.9035,11.916,14.9687,25.780000686645508,0.6886,SOFI,0.2944,Neutral,0.5266,0.6973,0.7958553436259592,47,365.8999938964844,0.0,0.0
2022-05-10,5.25,5.75,5.800000190734863,4.820000171661377,5.25,125633800.0,6223.078765552522,0,1.8287655525220998,6221.25,1185,-63.29483432182425,17000,Neutral,31.75965810160685,6.326,6.6375,8.7843,11.7792,14.9081,25.780000686645508,-0.2743,SOFI,0.3145,Neutral,0.5223,0.6678,1.1804017969285283,47,366.8399963378906,0.0,0.0
2022-05-11,5.489999771118164,5.210000038146973,5.610000133514404,4.949999809265137,5.489999771118164,76698100.0,6507.478494327546,0,1.8287655525220998,6505.649728775024,1185,-61.621894740794694,17000,Neutral,37.80219556801317,5.996,6.538,8.6758,11.6489,14.847,25.780000686645508,-0.5832,SOFI,0.3154,Neutral,0.5234,0.6611,-1.2373269739343726,47,360.9299926757813,0.0,0.0
2022-05-12,5.659999847412109,5.309999942779541,5.789999961853027,5.050000190734863,5.659999847412109,66310000.0,6708.9285847358715,0,1.8287655525220998,6707.09981918335,1185,-60.43689420898101,17000,Neutral,41.90687295778088,5.762,6.4405,8.5605,11.5247,14.7762,25.780000686645508,-0.5126,SOFI,0.3283,Neutral,0.5244,0.6426,-1.3518719291013142,47,360.6499938964844,0.0,0.0
2022-05-13,6.75,6.079999923706055,6.860000133514404,6.010000228881836,6.75,74842000.0,8000.578765552522,0,1.8287655525220998,7998.75,1185,-52.83895196888307,17000,Neutral,51.83823368283279,5.824,6.415,8.455,11.4112,14.7076,25.780000686645508,0.7424,SOFI,0.3424,Neutral,0.497,0.6318,2.129495702290747,47,369.1600036621094,0.0,0.0
2022-05-14,6.75,6.079999923706055,6.860000133514404,6.010000228881836,6.75,74842000.0,8000.578765552522,0,1.8287655525220998,7998.75,1185,-52.83895196888307,17000,Neutral,51.83823368283279,5.824,6.415,8.455,11.4112,14.7076,25.780000686645508,0.7424,SOFI,0.3424,Neutral,0.497,0.6318,2.129495702290747,47,369.1600036621094,0.0,0.0
2022-05-15,6.75,6.079999923706055,6.860000133514404,6.010000228881836,6.75,74842000.0,8000.578765552522,0,1.8287655525220998,7998.75,1185,-52.83895196888307,17000,Neutral,51.83823368283279,5.824,6.415,8.455,11.4112,14.7076,25.780000686645508,0.7424,SOFI,0.3424,Neutral,0.497,0.6318,2.129495702290747,47,369.1600036621094,0.0,0.0
2022-05-16,6.909999847412109,7.019999980926514,7.235000133514404,6.835000038146973,6.909999847412109,60528400.0,8190.1785847358715,0,1.8287655525220998,8188.34981918335,1185,-51.72365891486337,17000,Neutral,55.805243245029146,6.012,6.404,8.3672,11.3125,14.6419,25.780000686645508,1.7382,SOFI,0.3536,Neutral,0.4909,0.6557,1.5894927060194206,47,367.8399963378906,0.0,0.0
2022-05-17,7.050000190734863,7.090000152587891,7.340000152587891,6.960000038146973,7.050000190734863,54578600.0,8356.078991573335,0,1.8287655525220998,8354.250226020813,1185,-50.74777416876064,17000,Neutral,58.42696769678084,6.372,6.386,8.2948,11.2228,14.5845,25.780000686645508,2.4918,SOFI,0.3645,Neutral,0.4782,0.676,4.600408288849714,47,375.2000122070313,0.0,0.0
2022-05-18,7.230000019073486,6.929999828338623,7.559999942779541,6.800000190734863,7.230000019073486,54156900.0,8569.378788154603,0,1.8287655525220998,8567.550022602081,1185,-49.493069482988474,17000,Neutral,57.4712666777685,6.72,6.4,8.2443,11.1303,14.5263,25.780000686645508,3.0835,SOFI,0.3348,Neutral,0.5192,0.6715,-1.4786891121623782,47,360.3399963378906,0.0,0.0
2022-05-19,7.75,7.25,7.989999771118164,7.150000095367432,7.75,57737200.0,9185.578765552522,0,1.8287655525220998,9183.75,1185,-45.86836373358896,17000,Neutral,65.06469649181814,7.138,6.4575,8.2098,11.0432,14.459,25.780000686645508,3.8518,SOFI,0.3371,Neutral,0.5081,0.6928,-2.464599701207142,47,357.92999267578125,0.0,0.0
2022-05-20,7.489999771118164,8.020000457763672,8.039999961853027,7.130000114440918,7.489999771118164,56792900.0,8877.478494327546,0,1.8287655525220998,8875.649728775024,1185,-47.680718270206455,17000,GeoWatch,60.62270915116873,7.286,6.5125,8.1625,10.952,14.3956,25.780000686645508,3.9372,SOFI,0.3417,GeoWatch,0.5114,0.7028,-2.4277830175245967,47,358.0199890136719,0.0,0.0
2022-05-21,7.489999771118164,8.020000457763672,8.039999961853027,7.130000114440918,7.489999771118164,56792900.0,8877.478494327546,0,1.8287655525220998,8875.649728775024,1185,-47.680718270206455,17000,GeoWatch,60.62270915116873,7.286,6.5125,8.1625,10.952,14.3956,25.780000686645508,3.9372,SOFI,0.3417,GeoWatch,0.5114,0.7028,-2.4277830175245967,47,358.0199890136719,0.0,0.0
2022-05-22,7.489999771118164,8.020000457763672,8.039999961853027,7.130000114440918,7.489999771118164,56792900.0,8877.478494327546,0,1.8287655525220998,8875.649728775024,1185,-47.680718270206455,17000,GeoWatch,60.62270915116873,7.286,6.5125,8.1625,10.952,14.3956,25.780000686645508,3.9372,SOFI,0.3417,GeoWatch,0.5114,0.7028,-2.4277830175245967,47,358.0199890136719,0.0,0.0
2022-05-23,7.269999980926514,7.360000133514404,7.489999771118164,7.099999904632568,7.269999980926514,33054600.0,8616.77874295044,0,1.8287655525220998,8614.949977397919,1185,-49.21424621948355,17000,GeoWatch,57.75401014974727,7.358,6.5485,8.1058,10.8693,14.33,25.780000686645508,3.6297,SOFI,0.3485,GeoWatch,0.5006,0.7004,0.3499477508525288,47,364.80999755859375,0.0,0.0
2022-05-24,6.71999979019165,7.070000171661377,7.150000095367432,6.619999885559082,6.71999979019165,38264600.0,7965.028516929628,0,1.8287655525220998,7963.199751377106,1185,-53.048071078429516,17000,GeoWatch,46.12546060533333,7.292,6.57,8.027,10.7887,14.2647,25.780000686645508,2.7849,SOFI,0.3558,GeoWatch,0.5169,0.7076,-0.7259633375707537,47,362.1799926757813,0.0,0.0
2022-05-25,7.010000228881836,6.739999771118164,7.159999847412109,6.677999973297119,7.010000228881836,35566800.0,8308.679036777497,0,1.8287655525220998,8306.850271224976,1185,-51.026597432265575,17000,GeoWatch,51.66666931576171,7.248,6.613,7.9572,10.7102,14.203,25.780000686645508,2.415,SOFI,0.3635,GeoWatch,0.5091,0.7123,0.509499197940606,47,365.2000122070313,0.0,0.0
2022-05-26,7.139999866485596,7.070000171661377,7.389999866485596,6.90500020980835,7.139999866485596,35132100.0,8462.728607337953,0,1.8287655525220998,8460.89984178543,1185,-50.1204234877923,17000,GeoWatch,56.80933621117836,7.126,6.6475,7.8832,10.6431,14.146,25.780000686645508,2.2091,SOFI,0.3729,GeoWatch,0.5008,0.7131,3.4794907085052387,47,372.4599914550781,0.0,0.0
2022-05-27,7.550000190734863,7.289999961853027,7.679999828338623,7.190000057220459,7.550000190734863,38264400.0,8948.578991573335,0,1.8287655525220998,8946.750226020813,1185,-47.262480051113585,17000,GeoWatch,65.55118381855108,7.138,6.719,7.8308,10.575,14.0865,25.780000686645508,2.365,SOFI,0.3913,GeoWatch,0.4873,0.7152,7.300398301278683,47,381.7999877929688,0.0,0.0
2022-05-28,7.550000190734863,7.289999961853027,7.679999828338623,7.190000057220459,7.550000190734863,38264400.0,8948.578991573335,0,1.8287655525220998,8946.750226020813,1185,-47.262480051113585,17000,GeoWatch,65.55118381855108,7.138,6.719,7.8308,10.575,14.0865,25.780000686645508,2.365,SOFI,0.3913,GeoWatch,0.4873,0.7152,7.300398301278683,47,381.7999877929688,0.0,0.0
2022-05-29,7.550000190734863,7.289999961853027,7.679999828338623,7.190000057220459,7.550000190734863,38264400.0,8948.578991573335,0,1.8287655525220998,8946.750226020813,1185,-47.262480051113585,17000,GeoWatch,65.55118381855108,7.138,6.719,7.8308,10.575,14.0865,25.780000686645508,2.365,SOFI,0.3913,GeoWatch,0.4873,0.7152,7.300398301278683,47,381.7999877929688,0.0,0.0
2022-05-30,7.550000190734863,7.289999961853027,7.679999828338623,7.190000057220459,7.550000190734863,38264400.0,8948.578991573335,0,1.8287655525220998,8946.750226020813,1185,-47.262480051113585,17000,GeoWatch,65.55118381855108,7.138,6.719,7.8308,10.575,14.0865,25.780000686645508,2.365,SOFI,0.3913,GeoWatch,0.4873,0.7152,7.300398301278683,47,381.7999877929688,0.0,0.0
2022-05-31,7.480000019073486,7.494999885559082,7.699999809265137,7.260000228881836,7.480000019073486,61518900.0,8865.628788154603,0,1.8287655525220998,8863.800022602081,1185,-47.75042242416495,17000,GeoWatch,75.16929599795918,7.18,6.7765,7.7888,10.4988,14.0231,25.780000686645508,2.2936,SOFI,0.3819,GeoWatch,0.4854,0.7185,6.433127571520167,47,379.6799926757813,0.0,0.0
2022-06-01,7.050000190734863,7.494999885559082,7.619999885559082,6.949999809265137,7.050000190734863,36804600.0,9355.084941546442,0,6.784688632012831,9348.300252914429,1326,-47.92848588184251,18000,"cash_0%_Buy 100% of cash (141 shares - DCA Strategy) Monthly invest 5.6% of total investment ($1,000.00)",66.8831183575667,7.246,6.809,7.746,10.4164,13.9565,25.780000686645508,1.7583,SOFI,0.4025,GeoWatch,0.4927,0.7206,4.432052746949218,50,376.5,0.0,0.0
2022-06-02,7.420000076293945,7.039999961853027,7.420000076293945,6.954999923706055,7.420000076293945,28783000.0,9845.704789797785,0,6.784688632012831,9838.920101165771,1326,-45.202820058223935,18000,GeoWatch,68.25726132868975,7.328,6.823,7.7077,10.3478,13.8936,25.780000686645508,1.6758,SOFI,0.4244,GeoWatch,0.4866,0.7276,7.3470502585928585,50,383.6499938964844,0.0,0.0
2022-06-03,6.980000019073486,7.150000095367432,7.25,6.889999866485596,6.980000019073486,29389200.0,9262.264713923456,0,6.784688632012831,9255.480025291443,1326,-48.44415381308133,18000,GeoWatch,52.75779362787839,7.296,6.8305,7.6595,10.2808,13.8344,25.780000686645508,1.1517,SOFI,0.4074,GeoWatch,0.4858,0.724,4.815284511522556,50,377.4400024414063,0.0,0.0
2022-06-04,6.980000019073486,7.150000095367432,7.25,6.889999866485596,6.980000019073486,29389200.0,9262.264713923456,0,6.784688632012831,9255.480025291443,1326,-48.44415381308133,18000,GeoWatch,52.75779362787839,7.296,6.8305,7.6595,10.2808,13.8344,25.780000686645508,1.1517,SOFI,0.4074,GeoWatch,0.4858,0.724,4.815284511522556,50,377.4400024414063,0.0,0.0
2022-06-05,6.980000019073486,7.150000095367432,7.25,6.889999866485596,6.980000019073486,29389200.0,9262.264713923456,0,6.784688632012831,9255.480025291443,1326,-48.44415381308133,18000,GeoWatch,52.75779362787839,7.296,6.8305,7.6595,10.2808,13.8344,25.780000686645508,1.1517,SOFI,0.4074,GeoWatch,0.4858,0.724,4.815284511522556,50,377.4400024414063,0.0,0.0
2022-06-06,6.860000133514404,7.079999923706055,7.264999866485596,6.769999980926514,6.860000133514404,39384000.0,9103.144865672113,0,6.784688632012831,9096.3601770401,1326,-49.32815297003322,18000,GeoWatch,49.394676673856935,7.158,6.8515,7.617,10.2165,13.7738,25.780000686645508,0.6615,SOFI,0.4004,GeoWatch,0.4847,0.7194,5.235207090774338,50,378.4700012207031,0.0,0.0
2022-06-07,6.860000133514404,6.75,6.900000095367432,6.671000003814697,6.860000133514404,26378400.0,9103.144865672113,0,6.784688632012831,9096.3601770401,1326,-49.32815297003322,18000,GeoWatch,47.61904704996165,7.034,6.896,7.5888,10.153,13.7154,25.780000686645508,0.3241,SOFI,0.422,GeoWatch,0.4839,0.7229,6.743673605948629,50,382.1700134277344,0.0,0.0
2022-06-08,6.659999847412109,6.78000020980835,6.96999979019165,6.610000133514404,6.659999847412109,30467700.0,8837.94448630047,0,6.784688632012831,8831.159797668457,1326,-50.80148841098679,18000,GeoWatch,42.89276719018463,6.956,6.9665,7.5677,10.0822,13.6661,25.780000686645508,-0.0825,SOFI,0.4098,GeoWatch,0.4805,0.727,5.039510304040569,50,377.989990234375,0.0,0.0
2022-06-09,6.110000133514404,6.679999828338623,6.690000057220459,6.110000133514404,6.110000133514404,35450400.0,8108.644865672113,0,6.784688632012831,8101.8601770401,1326,-54.85315297003323,18000,GeoWatch,29.702974153422343,6.694,6.9975,7.5328,10.0142,13.6113,25.780000686645508,-0.839,SOFI,0.3883,GeoWatch,0.4969,0.7242,1.4151321583825123,50,369.1000061035156,0.0,0.0
2022-06-10,5.940000057220459,5.96999979019165,6.25,5.849999904632568,5.940000057220459,37492800.0,7883.224764506342,0,6.784688632012831,7876.440075874329,1326,-56.105486865398625,18000,GeoWatch,30.3797518781045,6.486,7.0115,7.489,9.9416,13.5574,25.780000686645508,-1.4364,SOFI,0.3627,GeoWatch,0.5064,0.7341,-3.0001825013230103,50,358.2699890136719,0.0,0.0
2022-06-11,5.940000057220459,5.96999979019165,6.25,5.849999904632568,5.940000057220459,37492800.0,7883.224764506342,0,6.784688632012831,7876.440075874329,1326,-56.105486865398625,18000,GeoWatch,30.3797518781045,6.486,7.0115,7.489,9.9416,13.5574,25.780000686645508,-1.4364,SOFI,0.3627,GeoWatch,0.5064,0.7341,-3.0001825013230103,50,358.2699890136719,0.0,0.0
2022-06-12,5.940000057220459,5.96999979019165,6.25,5.849999904632568,5.940000057220459,37492800.0,7883.224764506342,0,6.784688632012831,7876.440075874329,1326,-56.105486865398625,18000,GeoWatch,30.3797518781045,6.486,7.0115,7.489,9.9416,13.5574,25.780000686645508,-1.4364,SOFI,0.3627,GeoWatch,0.5064,0.7341,-3.0001825013230103,50,358.2699890136719,0.0,0.0
2022-06-13,5.610000133514404,5.610000133514404,5.73799991607666,5.34499979019165,5.610000133514404,51080200.0,7445.644865672113,0,6.784688632012831,7438.8601770401,1326,-58.53648630336655,18000,GeoWatch,29.55665423836548,6.236,6.9545,7.434,9.8668,13.5009,25.780000686645508,-2.0608,SOFI,0.3244,GeoWatch,0.5559,0.7233,-8.630412275211242,50,344.4599914550781,0.0,0.0
2022-06-14,5.925000190734863,5.75,6.038000106811523,5.71999979019165,5.925000190734863,39077700.0,7863.334941546442,0,6.784688632012831,7856.550252914429,1326,-56.21598588184251,18000,GeoWatch,39.60784915042585,6.049,6.9053,7.3683,9.7914,13.4496,25.780000686645508,-2.0428,SOFI,0.3384,GeoWatch,0.5527,0.7,-8.981021687771332,50,343.6000061035156,0.0,0.0
2022-06-15,5.940000057220459,5.949999809265137,6.170000076293945,5.682000160217285,5.940000057220459,59845400.0,7883.224764506342,0,6.784688632012831,7876.440075874329,1326,-56.105486865398625,18000,Neutral,34.92957383246413,5.905,6.8498,7.3078,9.716,13.399,25.780000686645508,-1.8999,SOFI,0.356,Neutral,0.5301,0.6713,-6.975182501323012,50,348.5199890136719,0.0,0.0
2022-06-16,5.46999979019165,5.710000038146973,5.840000152587891,5.440000057220459,5.46999979019165,32073700.0,7260.0044104261415,0,6.784688632012831,7253.219721794128,1326,-59.567822165844184,18000,Neutral,28.53470528401718,5.777,6.7618,7.2369,9.6358,13.3495,25.780000686645508,-2.1705,SOFI,0.3182,Neutral,0.5491,0.6678,-11.643251959330826,50,337.07000732421875,0.0,0.0
2022-06-17,5.699999809265137,5.570000171661377,5.849999904632568,5.510000228881836,5.699999809265137,53969200.0,7564.984435717584,0,6.784688632012831,7558.199747085571,1326,-57.87348869200283,18000,Neutral,25.06738056000475,5.729,6.6593,7.1758,9.555,13.3026,25.780000686645508,-1.981,SOFI,0.3339,Neutral,0.5401,0.6297,-11.284480737876493,50,337.95001220703125,0.0,0.0
2022-06-18,5.699999809265137,5.570000171661377,5.849999904632568,5.510000228881836,5.699999809265137,53969200.0,7564.984435717584,0,6.784688632012831,7558.199747085571,1326,-57.87348869200283,18000,Neutral,25.06738056000475,5.729,6.6593,7.1758,9.555,13.3026,25.780000686645508,-1.981,SOFI,0.3339,Neutral,0.5401,0.6297,-11.284480737876493,50,337.95001220703125,0.0,0.0
2022-06-19,5.699999809265137,5.570000171661377,5.849999904632568,5.510000228881836,5.699999809265137,53969200.0,7564.984435717584,0,6.784688632012831,7558.199747085571,1326,-57.87348869200283,18000,Neutral,25.06738056000475,5.729,6.6593,7.1758,9.555,13.3026,25.780000686645508,-1.981,SOFI,0.3339,Neutral,0.5401,0.6297,-11.284480737876493,50,337.95001220703125,0.0,0.0
2022-06-20,5.699999809265137,5.570000171661377,5.849999904632568,5.510000228881836,5.699999809265137,53969200.0,7564.984435717584,0,6.784688632012831,7558.199747085571,1326,-57.87348869200283,18000,Neutral,25.06738056000475,5.729,6.6593,7.1758,9.555,13.3026,25.780000686645508,-1.981,SOFI,0.3339,Neutral,0.5401,0.6297,-11.284480737876493,50,337.95001220703125,0.0,0.0
2022-06-21,5.71999979019165,5.820000171661377,5.979000091552734,5.71999979019165,5.71999979019165,32297200.0,7591.5044104261415,0,6.784688632012831,7584.719721794128,1326,-57.726155499177516,18000,Neutral,25.956280023805377,5.751,6.5708,7.1133,9.479,13.2572,25.780000686645508,-1.714,SOFI,0.3389,Neutral,0.5272,0.5985,-7.908788927855468,50,346.2300109863281,0.0,0.0
2022-06-22,5.599999904632568,5.619999885559082,5.820000171661377,5.539999961853027,5.599999904632568,34436600.0,7432.384562174799,0,6.784688632012831,7425.599873542786,1326,-58.61015465612941,18000,Neutral,28.358204068944104,5.686,6.4873,7.0564,9.405,13.212,25.780000686645508,-1.5534,SOFI,0.3651,Neutral,0.5295,0.5816,-8.20640879151231,50,345.5,0.0,0.0
2022-06-23,5.78000020980835,5.650000095367432,5.920000076293945,5.625,5.78000020980835,28993800.0,7671.064966837885,0,6.784688632012831,7664.280278205872,1326,-57.28415240800117,18000,Neutral,24.050637686639845,5.654,6.4403,6.9986,9.3203,13.1677,25.780000686645508,-1.1484,SOFI,0.3737,Neutral,0.5362,0.548,-6.7264837239041455,50,349.1300048828125,0.0,0.0
2022-06-24,6.130000114440918,5.880000114440918,6.179999828338623,5.789999961853027,6.130000114440918,87590000.0,8135.16484038067,0,6.784688632012831,8128.380151748657,1326,-54.70581977720791,18000,Neutral,36.1563541188244,5.786,6.3963,6.9317,9.2396,13.1266,25.780000686645508,-0.423,SOFI,0.39,Neutral,0.5207,0.546,-2.294870329973868,50,360.0,0.0,0.0
2022-06-25,6.130000114440918,5.880000114440918,6.179999828338623,5.789999961853027,6.130000114440918,87590000.0,8135.16484038067,0,6.784688632012831,8128.380151748657,1326,-54.70581977720791,18000,Neutral,36.1563541188244,5.786,6.3963,6.9317,9.2396,13.1266,25.780000686645508,-0.423,SOFI,0.39,Neutral,0.5207,0.546,-2.294870329973868,50,360.0,0.0,0.0
2022-06-26,6.130000114440918,5.880000114440918,6.179999828338623,5.789999961853027,6.130000114440918,87590000.0,8135.16484038067,0,6.784688632012831,8128.380151748657,1326,-54.70581977720791,18000,Neutral,36.1563541188244,5.786,6.3963,6.9317,9.2396,13.1266,25.780000686645508,-0.423,SOFI,0.39,Neutral,0.5207,0.546,-2.294870329973868,50,360.0,0.0,0.0
2022-06-27,5.929999828338623,6.099999904632568,6.210000038146973,5.849999904632568,5.929999828338623,26805000.0,7869.964461009027,0,6.784688632012831,7863.179772377014,1326,-56.17915521816148,18000,Neutral,35.23809307556883,5.832,6.3358,6.8677,9.1584,13.0866,25.780000686645508,-0.1127,SOFI,0.3882,Neutral,0.5163,0.5484,-2.845257433714842,50,358.6499938964844,0.0,0.0
2022-06-28,5.559999942779541,5.929999828338623,5.96999979019165,5.5,5.559999942779541,31351800.0,7379.344612757684,0,6.784688632012831,7372.559924125671,1326,-58.90482104178005,18000,Neutral,31.534090601215723,5.8,6.2363,6.8029,9.0793,13.0431,25.780000686645508,-0.2632,SOFI,0.383,Neutral,0.5329,0.5545,-6.00487281833022,50,350.8999938964844,0.0,0.0
2022-06-29,5.539999961853027,5.519999980926514,5.550000190734863,5.340000152587891,5.539999961853027,32700600.0,7352.824638049127,0,6.784688632012831,7346.039949417114,1326,-59.05215423460537,18000,Neutral,33.233535413295016,5.788,6.1393,6.7397,9.008,13.0025,25.780000686645508,-0.3274,SOFI,0.3926,Neutral,0.536,0.5589,-5.934741280995496,50,349.6400146484375,1.432,0.0
2022-06-30,5.269999980926514,5.429999828338623,5.510000228881836,5.230000019073486,5.269999980926514,27760700.0,6994.80466334057,0,6.784688632012831,6988.019974708557,1326,-61.04115409409735,18000,Neutral,36.274509192827,5.686,6.0503,6.6647,8.937,12.9612,25.780000686645508,-0.6063,SOFI,0.3918,Neutral,0.5412,0.5501,-7.059976031596449,50,346.8800048828125,0.0,0.0
2022-07-01,5.409999847412109,5.260000228881836,5.485000133514404,5.170000076293945,5.409999847412109,21703300.0,8179.443636328699,0,4.933866889001479,8174.509769439697,1511,-56.85147665244656,19000,"cash_0%_Buy 100% of cash (185 shares - DCA Strategy) Monthly invest 5.3% of total investment ($1,000.00)",41.254122555954005,5.542,5.9497,6.6029,8.8676,12.921,25.780000686645508,-0.5594,SOFI,0.4434,Neutral,0.5426,0.5437,-6.164283209621793,54,350.44000244140625,0.0,0.0
2022-07-02,5.409999847412109,5.260000228881836,5.485000133514404,5.170000076293945,5.409999847412109,21703300.0,8179.443636328699,0,4.933866889001479,8174.509769439697,1511,-56.85147665244656,19000,Neutral,41.254122555954005,5.542,5.9497,6.6029,8.8676,12.921,25.780000686645508,-0.5594,SOFI,0.4434,Neutral,0.5426,0.5437,-6.164283209621793,54,350.44000244140625,0.0,0.0
2022-07-03,5.409999847412109,5.260000228881836,5.485000133514404,5.170000076293945,5.409999847412109,21703300.0,8179.443636328699,0,4.933866889001479,8174.509769439697,1511,-56.85147665244656,19000,Neutral,41.254122555954005,5.542,5.9497,6.6029,8.8676,12.921,25.780000686645508,-0.5594,SOFI,0.4434,Neutral,0.5426,0.5437,-6.164283209621793,54,350.44000244140625,0.0,0.0
2022-07-04,5.409999847412109,5.260000228881836,5.485000133514404,5.170000076293945,5.409999847412109,21703300.0,8179.443636328699,0,4.933866889001479,8174.509769439697,1511,-56.85147665244656,19000,Neutral,41.254122555954005,5.542,5.9497,6.6029,8.8676,12.921,25.780000686645508,-0.5594,SOFI,0.4434,Neutral,0.5426,0.5437,-6.164283209621793,54,350.44000244140625,0.0,0.0
2022-07-05,5.840000152587891,5.329999923706055,5.840000152587891,5.139999866485596,5.840000152587891,28258400.0,8829.174097449304,0,4.933866889001479,8824.240230560303,1511,-53.431842646548624,19000,Neutral,53.67412101637288,5.524,5.8928,6.5544,8.8049,12.8764,25.780000686645508,0.0194,SOFI,0.4413,Neutral,0.5553,0.4795,-5.911576339071978,54,351.0599975585937,0.0,0.0
2022-07-06,5.900000095367432,5.800000190734863,6.099999904632568,5.78000020980835,5.900000095367432,25041500.0,8919.83401098919,0,4.933866889001479,8914.90014410019,1511,-52.954685206865015,19000,Neutral,49.56521580485207,5.592,5.8447,6.5174,8.7379,12.8341,25.780000686645508,0.4962,SOFI,0.4558,Neutral,0.5551,0.4202,-5.393935247423421,54,352.3299865722656,0.0,0.0
2022-07-07,6.260000228881836,5.900000095367432,6.28000020980835,5.849999904632568,6.260000228881836,30799700.0,9463.794212729455,0,4.933866889001479,9458.860345840454,1511,-50.09173677665309,19000,Neutral,54.96894561703084,5.736,5.8148,6.4906,8.6745,12.7947,25.780000686645508,1.2106,SOFI,0.4522,Neutral,0.5449,0.3982,-3.286663951562055,54,357.5,0.0,0.0
2022-07-08,6.190000057220459,6.0,6.369999885559082,5.929999828338623,6.190000057220459,26898900.0,9358.023953349115,0,4.933866889001479,9353.090086460114,1511,-50.6484223523391,19000,Neutral,62.76595924565055,5.92,5.7913,6.4651,8.617,12.7559,25.780000686645508,1.5619,SOFI,0.4461,Neutral,0.5271,0.3883,-3.372255405404026,54,357.2900085449219,0.0,0.0
2022-07-09,6.190000057220459,6.0,6.369999885559082,5.929999828338623,6.190000057220459,26898900.0,9358.023953349115,0,4.933866889001479,9353.090086460114,1511,-50.6484223523391,19000,Neutral,62.76595924565055,5.92,5.7913,6.4651,8.617,12.7559,25.780000686645508,1.5619,SOFI,0.4461,Neutral,0.5271,0.3883,-3.372255405404026,54,357.2900085449219,0.0,0.0
2022-07-10,6.190000057220459,6.0,6.369999885559082,5.929999828338623,6.190000057220459,26898900.0,9358.023953349115,0,4.933866889001479,9353.090086460114,1511,-50.6484223523391,19000,Neutral,62.76595924565055,5.92,5.7913,6.4651,8.617,12.7559,25.780000686645508,1.5619,SOFI,0.4461,Neutral,0.5271,0.3883,-3.372255405404026,54,357.2900085449219,0.0,0.0
2022-07-11,6.010000228881836,6.034999847412109,6.090000152587891,5.820000171661377,6.010000228881836,18679700.0,9086.044212729455,0,4.933866889001479,9081.110345840454,1511,-52.07989467138994,19000,Neutral,55.595674519616765,6.04,5.7863,6.4406,8.5571,12.7188,25.780000686645508,1.5468,SOFI,0.4595,Neutral,0.5524,0.3751,-5.018942432574725,54,353.25,0.0,0.0
2022-07-12,6.039999961853027,6.019999980926514,6.230000019073486,5.900000095367432,6.039999961853027,18008300.0,9131.373809248926,0,4.933866889001479,9126.439942359924,1511,-51.84131784760325,19000,Neutral,55.75539833652454,6.08,5.7913,6.4144,8.507,12.6799,25.780000686645508,1.5262,SOFI,0.471,Neutral,0.5727,0.353,-6.347705906664913,54,349.989990234375,0.0,0.0
2022-07-13,5.949999809265137,5.849999904632568,6.059999942779541,5.75,5.949999809265137,25769500.0,8995.383578688623,0,4.933866889001479,8990.449711799622,1511,-52.557055903183794,19000,Neutral,56.36363352625873,6.09,5.8082,6.3926,8.4423,12.6397,25.780000686645508,1.3709,SOFI,0.4965,Neutral,0.5848,0.3497,-7.012087643709997,54,348.3599853515625,0.0,0.0
2022-07-14,5.909999847412109,5.880000114440918,5.96999979019165,5.760000228881836,5.909999847412109,17285100.0,8934.943636328699,0,4.933866889001479,8930.009769439697,1511,-52.87516086297287,19000,Neutral,52.49041438608497,6.02,5.8075,6.3722,8.3665,12.6,25.780000686645508,1.1897,SOFI,0.4885,Neutral,0.575,0.3379,-7.3870680197483765,54,347.44000244140625,0.0,0.0
2022-07-15,6.289999961853027,6.039999961853027,6.300000190734863,5.929999828338623,6.289999961853027,22335800.0,9509.123809248926,0,4.933866889001479,9504.189942359924,1511,-49.85315995286641,19000,Neutral,53.03029974630099,6.04,5.825,6.3536,8.3032,12.5606,25.780000686645508,1.4485,SOFI,0.5055,Neutral,0.5581,0.3301,-4.709166300256683,54,354.010009765625,0.0,0.0
2022-07-16,6.289999961853027,6.039999961853027,6.300000190734863,5.929999828338623,6.289999961853027,22335800.0,9509.123809248926,0,4.933866889001479,9504.189942359924,1511,-49.85315995286641,19000,Neutral,53.03029974630099,6.04,5.825,6.3536,8.3032,12.5606,25.780000686645508,1.4485,SOFI,0.5055,Neutral,0.5581,0.3301,-4.709166300256683,54,354.010009765625,0.0,0.0
2022-07-17,6.289999961853027,6.039999961853027,6.300000190734863,5.929999828338623,6.289999961853027,22335800.0,9509.123809248926,0,4.933866889001479,9504.189942359924,1511,-49.85315995286641,19000,Neutral,53.03029974630099,6.04,5.825,6.3536,8.3032,12.5606,25.780000686645508,1.4485,SOFI,0.5055,Neutral,0.5581,0.3301,-4.709166300256683,54,354.010009765625,0.0,0.0
2022-07-18,6.349999904632568,6.329999923706055,6.59499979019165,6.309999942779541,6.349999904632568,20005800.0,9599.783722788812,0,4.933866889001479,9594.84985589981,1511,-49.37600251318279,19000,Neutral,58.40000152587891,6.108,5.869,6.3436,8.2453,12.5241,25.780000686645508,1.6213,SOFI,0.4976,Neutral,0.5657,0.3428,-5.903428918309487,54,351.0799865722656,0.0,0.0
2022-07-19,6.619999885559082,6.480000019073486,6.630000114440918,6.269999980926514,6.619999885559082,21273600.0,10007.753693968774,0,4.933866889001479,10002.819827079773,1511,-47.22879213855141,19000,Neutral,72.0833312637277,6.224,5.915,6.3439,8.1941,12.4834,25.780000686645508,1.9457,SOFI,0.5227,Neutral,0.5674,0.3732,-2.019049669026465,54,360.6099853515625,0.0,0.0
2022-07-20,6.96999979019165,6.690000057220459,7.079999923706055,6.659999847412109,6.96999979019165,24765700.0,10536.603549868585,0,4.933866889001479,10531.669682979584,1511,-44.445371844341885,19000,Neutral,76.19047286351191,6.428,5.9775,6.3536,8.1474,12.4456,25.780000686645508,2.416,SOFI,0.5205,Neutral,0.5569,0.3889,-1.077493921523498,54,362.9200134277344,0.0,0.0
2022-07-21,7.039999961853027,6.974999904632568,7.150000095367432,6.900000095367432,7.039999961853027,19858400.0,10642.373809248926,0,4.933866889001479,10637.439942359924,1511,-43.88868626865589,19000,Neutral,84.98023387635595,6.654,6.0495,6.3617,8.1114,12.4053,25.780000686645508,2.6514,SOFI,0.5366,Neutral,0.5574,0.3856,0.4183725304642394,54,366.5899963378906,0.0,0.0
2022-07-22,6.619999885559082,7.050000190734863,7.059999942779541,6.519999980926514,6.619999885559082,21258200.0,10007.753693968774,0,4.933866889001479,10002.819827079773,1511,-47.22879213855141,19000,Neutral,71.53024657398493,6.72,6.0915,6.3672,8.074,12.3624,25.780000686645508,2.2359,SOFI,0.545,Neutral,0.5642,0.3769,-0.9429930654861067,54,363.25,0.0,0.0
2022-07-23,6.619999885559082,7.050000190734863,7.059999942779541,6.519999980926514,6.619999885559082,21258200.0,10007.753693968774,0,4.933866889001479,10002.819827079773,1511,-47.22879213855141,19000,Neutral,71.53024657398493,6.72,6.0915,6.3672,8.074,12.3624,25.780000686645508,2.2359,SOFI,0.545,Neutral,0.5642,0.3769,-0.9429930654861067,54,363.25,0.0,0.0
2022-07-24,6.619999885559082,7.050000190734863,7.059999942779541,6.519999980926514,6.619999885559082,21258200.0,10007.753693968774,0,4.933866889001479,10002.819827079773,1511,-47.22879213855141,19000,Neutral,71.53024657398493,6.72,6.0915,6.3672,8.074,12.3624,25.780000686645508,2.2359,SOFI,0.545,Neutral,0.5642,0.3769,-0.9429930654861067,54,363.25,0.0,0.0
2022-07-25,6.460000038146973,6.570000171661377,6.610000133514404,6.369999885559082,6.460000038146973,14153800.0,9765.993924529077,0,4.933866889001479,9761.060057640076,1511,-48.50121197770771,19000,Neutral,62.20472233997138,6.742,6.108,6.3724,8.0239,12.3185,25.780000686645508,1.6979,SOFI,0.5448,Neutral,0.5667,0.3666,-0.7962648588998746,54,363.6099853515625,0.0,0.0
2022-07-26,6.139999866485596,6.369999885559082,6.369999885559082,6.119999885559082,6.139999866485596,16325700.0,9282.473665148736,0,4.933866889001479,9277.539798259735,1511,-51.04605544813056,19000,Neutral,54.28570990659782,6.646,6.1185,6.3672,7.9645,12.2737,25.780000686645508,0.9485,SOFI,0.5462,Neutral,0.5839,0.3503,-2.5733728123215514,54,359.25,0.0,0.0
2022-07-27,6.440000057220459,6.25,6.46999979019165,6.190000057220459,6.440000057220459,17437400.0,9735.773953349115,0,4.933866889001479,9730.840086460114,1511,-48.66026445760225,19000,Neutral,53.284668103094965,6.54,6.1625,6.3726,7.9168,12.2278,25.780000686645508,0.7235,SOFI,0.5583,Neutral,0.57,0.3495,1.2620970347660716,54,368.6600036621094,0.0,0.0
2022-07-28,6.300000190734863,6.449999809265137,6.559999942779541,6.090000152587891,6.300000190734863,21965900.0,9524.23415508938,0,4.933866889001479,9519.300288200378,1511,-49.77363181686402,19000,Neutral,51.957297789223375,6.392,6.2005,6.3721,7.8729,12.1916,25.780000686645508,0.3967,SOFI,0.563,Neutral,0.5613,0.3677,3.1614909324866076,54,373.3200073242188,0.0,0.0
2022-07-29,6.309999942779541,6.269999980926514,6.369999885559082,6.150000095367432,6.309999942779541,19058700.0,9539.343780428888,0,4.933866889001479,9534.409913539886,1511,-49.69410747297187,19000,Neutral,55.68181305056407,6.33,6.2525,6.3706,7.8264,12.1583,25.780000686645508,0.1727,SOFI,0.5753,Neutral,0.555,0.3958,5.391035733836482,54,378.7900085449219,0.0,0.0
2022-07-30,6.309999942779541,6.269999980926514,6.369999885559082,6.150000095367432,6.309999942779541,19058700.0,9539.343780428888,0,4.933866889001479,9534.409913539886,1511,-49.69410747297187,19000,Neutral,55.68181305056407,6.33,6.2525,6.3706,7.8264,12.1583,25.780000686645508,0.1727,SOFI,0.5753,Neutral,0.555,0.3958,5.391035733836482,54,378.7900085449219,0.0,0.0
2022-07-31,6.309999942779541,6.269999980926514,6.369999885559082,6.150000095367432,6.309999942779541,19058700.0,9539.343780428888,0,4.933866889001479,9534.409913539886,1511,-49.69410747297187,19000,Neutral,55.68181305056407,6.33,6.2525,6.3706,7.8264,12.1583,25.780000686645508,0.1727,SOFI,0.5753,Neutral,0.555,0.3958,5.391035733836482,54,378.7900085449219,0.0,0.0
2022-08-01,6.360000133514404,6.269999980926514,6.409999847412109,6.139999866485596,6.360000133514404,21109900.0,10613.895548608305,0,5.415325906278326,10608.480222702026,1668,-46.83170225850344,20000,"cash_0%_Buy 100% of cash (157 shares - DCA Strategy) Monthly invest 5.0% of total investment ($1,000.00)",56.01504008747989,6.31,6.3,6.3576,7.7817,12.1275,25.780000686645508,0.0647,SOFI,0.5984,Neutral,0.5825,0.4026,4.246275835466527,57,377.6499938964844,0.0,0.0
2022-08-02,6.409999847412109,6.340000152587891,6.630000114440918,6.309999942779541,6.409999847412109,49460900.0,10697.295071389677,0,5.415325906278326,10691.879745483398,1668,-46.41470464459658,20000,Neutral,58.77862706564228,6.364,6.3285,6.3506,7.734,12.095,25.780000686645508,0.0347,SOFI,0.6003,Neutral,0.5945,0.4145,3.255024843645238,57,375.2099914550781,0.0,0.0
2022-08-03,8.229999542236328,7.28000020980835,8.420000076293945,7.050000190734863,8.229999542236328,147719800.0,13733.054562356474,0,5.415325906278326,13727.639236450195,1668,-31.235907189762592,20000,Neutral,76.36363518139537,6.722,6.445,6.3804,7.6955,12.0717,25.780000686645508,1.7893,SOFI,0.6143,Neutral,0.5761,0.4008,5.635656290483638,57,381.0700073242188,0.0,0.0
2022-08-04,8.229999542236328,8.170000076293945,8.520000457763672,7.860000133514404,8.229999542236328,61791900.0,13733.054562356474,0,5.415325906278326,13727.639236450195,1668,-31.235907189762592,20000,Neutral,74.12935099133509,7.108,6.5435,6.4181,7.6608,12.0475,25.780000686645508,2.7171,SOFI,0.6172,Neutral,0.5732,0.39,5.513773851823942,57,380.7699890136719,0.0,0.0
2022-08-05,7.960000038146973,8.020000457763672,8.260000228881836,7.820000171661377,7.960000038146973,43574400.0,13282.695389535429,0,5.415325906278326,13277.28006362915,1668,-33.487703053867826,20000,Neutral,69.03073864346675,7.438,6.632,6.4632,7.6238,12.0205,25.780000686645508,2.8452,SOFI,0.6004,Neutral,0.5623,0.3698,5.19284527821555,57,379.9800109863281,0.0,0.0
2022-08-06,7.960000038146973,8.020000457763672,8.260000228881836,7.820000171661377,7.960000038146973,43574400.0,13282.695389535429,0,5.415325906278326,13277.28006362915,1668,-33.487703053867826,20000,Neutral,69.03073864346675,7.438,6.632,6.4632,7.6238,12.0205,25.780000686645508,2.8452,SOFI,0.6004,Neutral,0.5623,0.3698,5.19284527821555,57,379.9800109863281,0.0,0.0
2022-08-07,7.960000038146973,8.020000457763672,8.260000228881836,7.820000171661377,7.960000038146973,43574400.0,13282.695389535429,0,5.415325906278326,13277.28006362915,1668,-33.487703053867826,20000,Neutral,69.03073864346675,7.438,6.632,6.4632,7.6238,12.0205,25.780000686645508,2.8452,SOFI,0.6004,Neutral,0.5623,0.3698,5.19284527821555,57,379.9800109863281,0.0,0.0
2022-08-08,7.980000019073486,8.140000343322754,8.489999771118164,7.880000114440918,7.980000019073486,56810700.0,13316.055357720854,0,5.415325906278326,13310.640031814575,1668,-33.3209032129407,20000,Neutral,67.08543282507033,7.762,6.7305,6.5047,7.5903,11.9923,25.780000686645508,2.744,SOFI,0.6082,Neutral,0.5709,0.3728,5.054721765947477,57,379.6400146484375,0.0,0.0
2022-08-09,7.389999866485596,7.699999809265137,7.760000228881836,7.25,7.389999866485596,50017000.0,12331.935103204252,0,5.415325906278326,12326.519777297974,1668,-38.241504485523706,20000,Neutral,54.97630503119781,7.958,6.798,6.5336,7.547,11.9612,25.780000686645508,1.9677,SOFI,0.6115,Neutral,0.5793,0.3759,4.445346765947477,57,378.1400146484375,0.0,0.0
2022-08-10,7.809999942779541,7.78000020980835,7.949999809265137,7.510000228881836,7.809999942779541,51807800.0,13032.495230462553,0,5.415325906278326,13027.079904556274,1668,-34.7387038492322,20000,Neutral,58.42450889155375,7.874,6.891,6.5512,7.5031,11.9339,25.780000686645508,1.7077,SOFI,0.6242,Neutral,0.5615,0.394,7.6628398231984605,57,386.05999755859375,0.0,0.0
2022-08-11,7.420000076293945,8.079999923706055,8.140000343322754,7.364999771118164,7.420000076293945,65326100.0,12381.97545316458,0,5.415325906278326,12376.5601272583,1668,-37.991302735722066,20000,Neutral,58.810576712612495,7.712,6.9665,6.5597,7.4635,11.9063,25.780000686645508,1.0676,SOFI,0.6093,Neutral,0.5555,0.4135,7.6628398231984605,57,386.05999755859375,0.0,0.0
2022-08-12,7.650000095367432,7.53000020980835,7.699999809265137,7.300000190734863,7.650000095367432,35779800.0,12765.615484979155,0,5.415325906278326,12760.200159072876,1668,-36.0731025766492,20000,Neutral,62.90672742876429,7.65,7.0345,6.5697,7.4323,11.8791,25.780000686645508,0.7662,SOFI,0.6199,Neutral,0.5531,0.4274,10.348158770036832,57,392.6700134277344,0.0,0.0
2022-08-13,7.650000095367432,7.53000020980835,7.699999809265137,7.300000190734863,7.650000095367432,35779800.0,12765.615484979155,0,5.415325906278326,12760.200159072876,1668,-36.0731025766492,20000,Neutral,62.90672742876429,7.65,7.0345,6.5697,7.4323,11.8791,25.780000686645508,0.7662,SOFI,0.6199,Neutral,0.5531,0.4274,10.348158770036832,57,392.6700134277344,0.0,0.0
2022-08-14,7.650000095367432,7.53000020980835,7.699999809265137,7.300000190734863,7.650000095367432,35779800.0,12765.615484979155,0,5.415325906278326,12760.200159072876,1668,-36.0731025766492,20000,Neutral,62.90672742876429,7.65,7.0345,6.5697,7.4323,11.8791,25.780000686645508,0.7662,SOFI,0.6199,Neutral,0.5531,0.4274,10.348158770036832,57,392.6700134277344,0.0,0.0
2022-08-15,7.619999885559082,7.570000171661377,7.699999809265137,7.389999866485596,7.619999885559082,38003000.0,12715.575135018827,0,5.415325906278326,12710.159809112549,1668,-36.323304326450824,20000,Neutral,67.12963295121966,7.578,7.098,6.5762,7.4103,11.8517,25.780000686645508,0.4632,SOFI,0.625,Neutral,0.5607,0.4158,11.030655794572965,57,394.3500061035156,0.0,0.0
2022-08-16,7.579999923706055,7.5,7.809000015258789,7.190000057220459,7.579999923706055,56783500.0,12648.855198647978,0,5.415325906278326,12643.4398727417,1668,-36.656904008305084,20000,Neutral,64.0394107183859,7.616,7.146,6.5734,7.3916,11.8226,25.780000686645508,0.1667,SOFI,0.6321,Neutral,0.5618,0.3917,11.310969286394254,57,395.0400085449219,0.0,0.0
2022-08-17,6.880000114440918,7.429999828338623,7.449999809265137,6.820000171661377,6.880000114440918,75554900.0,11481.25551679373,0,5.415325906278326,11475.840190887451,1668,-42.49490241757632,20000,Neutral,56.277056902580696,7.43,7.1415,6.5632,7.3629,11.7885,25.780000686645508,-0.6789,SOFI,0.6182,Neutral,0.5571,0.3693,10.214089327287823,57,392.3399963378906,0.0,0.0
2022-08-18,6.679999828338623,6.949999809265137,6.960000038146973,6.619999885559082,6.679999828338623,38842700.0,11147.655039575102,0,5.415325906278326,11142.239713668823,1668,-44.162904803669456,20000,Neutral,53.84615308358035,7.282,7.1235,6.5534,7.3296,11.7532,25.780000686645508,-1.3952,SOFI,0.6199,Neutral,0.5549,0.3539,10.705648355913318,57,393.5499877929688,0.0,0.0
2022-08-19,6.329999923706055,6.519999980926514,6.53000020980835,6.269999980926514,6.329999923706055,47048200.0,10563.855198647978,0,5.415325906278326,10558.4398727417,1668,-47.081904008305074,20000,Neutral,49.70645582560261,7.018,7.109,6.5469,7.287,11.7136,25.780000686645508,-2.1294,SOFI,0.6006,Neutral,0.5569,0.3421,8.499713831377171,57,388.1199951171875,0.0,0.0
2022-08-20,6.329999923706055,6.519999980926514,6.53000020980835,6.269999980926514,6.329999923706055,47048200.0,10563.855198647978,0,5.415325906278326,10558.4398727417,1668,-47.081904008305074,20000,Neutral,49.70645582560261,7.018,7.109,6.5469,7.287,11.7136,25.780000686645508,-2.1294,SOFI,0.6006,Neutral,0.5569,0.3421,8.499713831377171,57,388.1199951171875,0.0,0.0
2022-08-21,6.329999923706055,6.519999980926514,6.53000020980835,6.269999980926514,6.329999923706055,47048200.0,10563.855198647978,0,5.415325906278326,10558.4398727417,1668,-47.081904008305074,20000,Neutral,49.70645582560261,7.018,7.109,6.5469,7.287,11.7136,25.780000686645508,-2.1294,SOFI,0.6006,Neutral,0.5569,0.3421,8.499713831377171,57,388.1199951171875,0.0,0.0
2022-08-22,6.099999904632568,6.150000095367432,6.329999923706055,6.010000228881836,6.099999904632568,41817600.0,10180.215166833403,0,5.415325906278326,10174.799840927124,1668,-49.000104167377955,20000,Neutral,47.06994354481859,6.714,7.091,6.5317,7.2445,11.6745,25.780000686645508,-2.735,SOFI,0.5809,Neutral,0.5831,0.3338,5.176591806841046,57,379.9400024414063,0.0,0.0
2022-08-23,6.170000076293945,6.150000095367432,6.25,6.010000228881836,6.170000076293945,55901700.0,10296.97545316458,0,5.415325906278326,10291.5601272583,1668,-48.41630273572207,20000,Neutral,20.90396203190822,6.432,7.0925,6.5156,7.1994,11.6349,25.780000686645508,-2.9503,SOFI,0.5839,Neutral,0.5875,0.3526,4.810969286394261,57,379.0400085449219,0.0,0.0
2022-08-24,6.449999809265137,6.695000171661377,6.869999885559082,6.369999885559082,6.449999809265137,114014000.0,10764.015007760527,0,5.415325906278326,10758.599681854248,1668,-46.08110496274234,20000,Neutral,26.701572314482878,6.346,7.093,6.4972,7.164,11.598,25.780000686645508,-2.6994,SOFI,0.586,Neutral,0.5744,0.372,5.278154306841067,57,380.1900024414063,0.0,0.0
2022-08-25,6.690000057220459,6.630000114440918,6.71999979019165,6.389999866485596,6.690000057220459,53630800.0,11164.335421350004,0,5.415325906278326,11158.920095443726,1668,-44.07950289479494,20000,Neutral,33.24538477671757,6.348,7.1125,6.4841,7.1365,11.5634,25.780000686645508,-2.1938,SOFI,0.6076,Neutral,0.5721,0.379,7.528782778215557,57,385.7300109863281,0.0,0.0
2022-08-26,6.179999828338623,6.860000133514404,6.889999866485596,6.119999885559082,6.179999828338623,74661000.0,10313.655039575102,0,5.415325906278326,10308.239713668823,1668,-48.33290480366945,20000,Neutral,28.971963762164364,6.318,7.106,6.4696,7.1078,11.5287,25.780000686645508,-2.2588,SOFI,0.5833,Neutral,0.6023,0.3789,2.1581572823049058,57,372.510009765625,0.0,0.0
2022-08-27,6.179999828338623,6.860000133514404,6.889999866485596,6.119999885559082,6.179999828338623,74661000.0,10313.655039575102,0,5.415325906278326,10308.239713668823,1668,-48.33290480366945,20000,Neutral,28.971963762164364,6.318,7.106,6.4696,7.1078,11.5287,25.780000686645508,-2.2588,SOFI,0.5833,Neutral,0.6023,0.3789,2.1581572823049058,57,372.510009765625,0.0,0.0
2022-08-28,6.179999828338623,6.860000133514404,6.889999866485596,6.119999885559082,6.179999828338623,74661000.0,10313.655039575102,0,5.415325906278326,10308.239713668823,1668,-48.33290480366945,20000,Neutral,28.971963762164364,6.318,7.106,6.4696,7.1078,11.5287,25.780000686645508,-2.2588,SOFI,0.5833,Neutral,0.6023,0.3789,2.1581572823049058,57,372.510009765625,0.0,0.0
2022-08-29,6.0,6.090000152587891,6.22599983215332,5.96999979019165,6.0,55367700.0,10013.415325906279,0,5.415325906278326,10008.0,1668,-49.83410337201357,20000,Neutral,32.04134707593502,6.298,7.088,6.4459,7.0768,11.4893,25.780000686645508,-2.369,SOFI,0.5735,Neutral,0.6049,0.3974,1.1587733559133184,57,370.0499877929688,0.0,0.0
2022-08-30,5.909999847412109,6.079999923706055,6.130000114440918,5.809999942779541,5.909999847412109,38113900.0,9863.295071389677,0,5.415325906278326,9857.879745483398,1668,-50.58470464459658,20000,Neutral,23.163843786549947,6.246,7.063,6.4281,7.0438,11.4494,25.780000686645508,-2.4134,SOFI,0.579,Neutral,0.6092,0.3771,-0.4743471808909021,57,366.0299987792969,0.0,0.0
2022-08-31,5.920000076293945,5.96999979019165,6.079999923706055,5.869999885559082,5.920000076293945,32515900.0,9879.97545316458,0,5.415325906278326,9874.5601272583,1668,-50.50130273572208,20000,Neutral,26.265828801621,6.14,6.9475,6.4124,7.0147,11.4111,25.780000686645508,-2.3108,SOFI,0.5697,Neutral,0.604,0.3461,-1.644349164533466,57,363.1499938964844,0.0,0.0
2022-09-01,5.849999904632568,5.815000057220459,5.860000133514404,5.610000133514404,5.849999904632568,34316400.0,10762.21481684971,0,4.064992230417147,10758.149824619293,1839,-48.652538016546345,21000,"cash_0%_Buy 100% of cash (171 shares - DCA Strategy) Monthly invest 4.8% of total investment ($1,000.00)",20.00000635782675,5.972,6.8285,6.3956,6.9922,11.3748,25.780000686645508,-2.1947,SOFI,0.5687,Neutral,0.598,0.3094,-1.7854983001072995,60,364.2699890136719,0.0,0.0
2022-09-02,5.739999771118164,5.989999771118164,6.0,5.699999809265137,5.739999771118164,29739700.0,10559.92457131672,0,4.064992230417147,10555.859579086304,1839,-49.61582490003678,21000,Neutral,19.480526316604312,5.884,6.7175,6.3802,6.974,11.3355,25.780000686645508,-2.113,SOFI,0.5712,Neutral,0.5987,0.2859,-3.3323531057592817,60,360.4500122070313,0.0,0.0
2022-09-03,5.739999771118164,5.989999771118164,6.0,5.699999809265137,5.739999771118164,29739700.0,10559.92457131672,0,4.064992230417147,10555.859579086304,1839,-49.61582490003678,21000,Neutral,19.480526316604312,5.884,6.7175,6.3802,6.974,11.3355,25.780000686645508,-2.113,SOFI,0.5712,Neutral,0.5987,0.2859,-3.3323531057592817,60,360.4500122070313,0.0,0.0
2022-09-04,5.739999771118164,5.989999771118164,6.0,5.699999809265137,5.739999771118164,29739700.0,10559.92457131672,0,4.064992230417147,10555.859579086304,1839,-49.61582490003678,21000,Neutral,19.480526316604312,5.884,6.7175,6.3802,6.974,11.3355,25.780000686645508,-2.113,SOFI,0.5712,Neutral,0.5987,0.2859,-3.3323531057592817,60,360.4500122070313,0.0,0.0
2022-09-05,5.739999771118164,5.989999771118164,6.0,5.699999809265137,5.739999771118164,29739700.0,10559.92457131672,0,4.064992230417147,10555.859579086304,1839,-49.61582490003678,21000,Neutral,19.480526316604312,5.884,6.7175,6.3802,6.974,11.3355,25.780000686645508,-2.113,SOFI,0.5712,Neutral,0.5987,0.2859,-3.3323531057592817,60,360.4500122070313,0.0,0.0
2022-09-06,5.650000095367432,5.75,5.789999961853027,5.570000171661377,5.650000095367432,28734800.0,10394.415167611123,0,4.064992230417147,10390.350175380707,1839,-50.40396491768248,21000,Neutral,19.169337639796662,5.814,6.601,6.3726,6.9527,11.2889,25.780000686645508,-2.0345,SOFI,0.5574,Neutral,0.6014,0.2398,-3.8223373119707276,60,359.239990234375,0.0,0.0
2022-09-07,5.820000171661377,5.599999904632568,5.849999904632568,5.570000171661377,5.820000171661377,25290200.0,10707.045307915689,0,4.064992230417147,10702.980315685272,1839,-48.9152499638512,21000,Neutral,29.615392445104604,5.796,6.5225,6.3706,6.9298,11.2417,25.780000686645508,-1.6872,SOFI,0.587,Neutral,0.5936,0.2116,-1.2145338542160857,60,365.6799926757813,0.0,0.0
2022-09-08,6.190000057220459,5.690000057220459,6.190000057220459,5.679999828338623,6.190000057220459,38945300.0,11387.47509745884,0,4.064992230417147,11383.410105228424,1839,-45.67510810888382,21000,Neutral,41.15524025014495,5.85,6.4415,6.3802,6.9071,11.194,25.780000686645508,-0.9708,SOFI,0.5874,Neutral,0.5844,0.1926,-0.24672545336730423,60,368.0700073242188,0.0,0.0
2022-09-09,6.329999923706055,6.230000019073486,6.340000152587891,6.170000076293945,6.329999923706055,30872900.0,11644.934851925851,0,4.064992230417147,11640.869859695435,1839,-44.44910927808853,21000,Neutral,50.0,5.946,6.387,6.387,6.8776,11.1466,25.780000686645508,-0.2958,SOFI,0.5947,Neutral,0.5768,0.2058,2.053320963492247,60,373.75,0.0,0.0
2022-09-10,6.329999923706055,6.230000019073486,6.340000152587891,6.170000076293945,6.329999923706055,30872900.0,11644.934851925851,0,4.064992230417147,11640.869859695435,1839,-44.44910927808853,21000,Neutral,50.0,5.946,6.387,6.387,6.8776,11.1466,25.780000686645508,-0.2958,SOFI,0.5947,Neutral,0.5768,0.2058,2.053320963492247,60,373.75,0.0,0.0
2022-09-11,6.329999923706055,6.230000019073486,6.340000152587891,6.170000076293945,6.329999923706055,30872900.0,11644.934851925851,0,4.064992230417147,11640.869859695435,1839,-44.44910927808853,21000,Neutral,50.0,5.946,6.387,6.387,6.8776,11.1466,25.780000686645508,-0.2958,SOFI,0.5947,Neutral,0.5768,0.2058,2.053320963492247,60,373.75,0.0,0.0
2022-09-12,6.409999847412109,6.349999904632568,6.489999771118164,6.289999961853027,6.409999847412109,28634000.0,11792.054711621286,0,4.064992230417147,11787.98971939087,1839,-43.74853851763408,21000,Neutral,56.43153321724361,6.08,6.325,6.3948,6.8513,11.1024,25.780000686645508,0.2556,SOFI,0.594,Neutral,0.5841,0.226,3.717611328075577,60,377.8599853515625,0.0,0.0
2022-09-13,5.840000152587891,6.019999980926514,6.139999866485596,5.789999961853027,5.840000152587891,44931900.0,10743.825272839547,0,4.064992230417147,10739.76028060913,1839,-48.7401072737376,21000,Neutral,44.32989792079324,6.118,6.236,6.401,6.819,11.06,25.780000686645508,0.029,SOFI,0.5811,Neutral,0.6164,0.2336,-2.9557634790231972,60,361.3800048828125,0.0,0.0
2022-09-14,6.170000076293945,6.059999942779541,6.190000057220459,5.900000095367432,6.170000076293945,62819300.0,11350.695132534982,0,4.064992230417147,11346.630140304565,1839,-45.85025079899743,21000,Neutral,45.27027484184632,6.188,6.1655,6.4088,6.7923,11.0195,25.780000686645508,0.255,SOFI,0.5843,Neutral,0.6064,0.2563,-2.409094340809446,60,362.7300109863281,0.0,0.0
2022-09-15,6.409999847412109,6.130000114440918,6.650000095367432,6.099999904632568,6.409999847412109,58733500.0,11792.054711621286,0,4.064992230417147,11787.98971939087,1839,-43.74853851763408,21000,Neutral,45.27026602523468,6.232,6.142,6.4203,6.7668,10.9777,25.780000686645508,0.6605,SOFI,0.5753,Neutral,0.6018,0.2573,-4.049101755450657,60,358.67999267578125,0.0,0.0
2022-09-16,6.050000190734863,6.235000133514404,6.269999980926514,6.010000228881836,6.050000190734863,44028900.0,11130.01534299183,0,4.064992230417147,11125.950350761414,1839,-46.9011069396791,21000,Neutral,47.68683835638754,6.176,6.1105,6.4278,6.7421,10.9359,25.780000686645508,0.5361,SOFI,0.566,Neutral,0.6008,0.2474,-5.191030647233077,60,355.8599853515625,0.0,0.0
2022-09-17,6.050000190734863,6.235000133514404,6.269999980926514,6.010000228881836,6.050000190734863,44028900.0,11130.01534299183,0,4.064992230417147,11125.950350761414,1839,-46.9011069396791,21000,Neutral,47.68683835638754,6.176,6.1105,6.4278,6.7421,10.9359,25.780000686645508,0.5361,SOFI,0.566,Neutral,0.6008,0.2474,-5.191030647233077,60,355.8599853515625,0.0,0.0
2022-09-18,6.050000190734863,6.235000133514404,6.269999980926514,6.010000228881836,6.050000190734863,44028900.0,11130.01534299183,0,4.064992230417147,11125.950350761414,1839,-46.9011069396791,21000,Neutral,47.68683835638754,6.176,6.1105,6.4278,6.7421,10.9359,25.780000686645508,0.5361,SOFI,0.566,Neutral,0.6008,0.2474,-5.191030647233077,60,355.8599853515625,0.0,0.0
2022-09-19,6.079999923706055,5.949999809265137,6.099999904632568,5.889999866485596,6.079999923706055,30714100.0,11185.184851925851,0,4.064992230417147,11181.119859695435,1839,-46.638394992374245,21000,Neutral,51.50375858979476,6.11,6.098,6.4328,6.7157,10.8935,25.780000686645508,0.4866,SOFI,0.5676,Neutral,0.5913,0.2346,-4.085544716966872,60,358.5899963378906,0.0,0.0
2022-09-20,5.889999866485596,6.0,6.119999885559082,5.880000114440918,5.889999866485596,27278200.0,10835.774746697427,0,4.064992230417147,10831.70975446701,1839,-48.30225263631912,21000,Neutral,49.63768134721069,6.12,6.0875,6.4288,6.6803,10.8488,25.780000686645508,0.2569,SOFI,0.5666,Neutral,0.6098,0.2213,-5.7214987944167035,60,354.54998779296875,0.0,0.0
2022-09-21,5.690000057220459,5.889999866485596,6.039999961853027,5.690000057220459,5.690000057220459,36073900.0,10467.97509745884,0,4.064992230417147,10463.910105228424,1839,-50.053679537455245,21000,Neutral,46.10169244956232,6.024,6.0635,6.4248,6.6463,10.8041,25.780000686645508,-0.0883,SOFI,0.5555,Neutral,0.6163,0.201,-8.248309654756227,60,348.3099975585937,0.0,0.0
2022-09-22,5.360000133514404,5.71999979019165,5.789999961853027,5.360000133514404,5.360000133514404,41535300.0,9861.105237763406,0,4.064992230417147,9857.04024553299,1839,-52.943536012195416,21000,Neutral,42.36760036685288,5.814,6.009,6.4215,6.6122,10.7589,25.780000686645508,-0.6325,SOFI,0.5235,Neutral,0.5947,0.1968,-9.438829161893558,60,345.3699951171875,0.0,0.0
2022-09-23,5.309999942779541,5.260000228881836,5.369999885559082,5.159999847412109,5.309999942779541,40071900.0,9769.154887001992,0,4.064992230417147,9765.089894771576,1839,-53.381394825345,21000,Neutral,43.17460197319871,5.666,5.94,6.4177,6.5787,10.7044,25.780000686645508,-0.9813,SOFI,0.5058,Neutral,0.6138,0.1698,-11.763170886430593,60,339.6300048828125,0.0,0.0
2022-09-24,5.309999942779541,5.260000228881836,5.369999885559082,5.159999847412109,5.309999942779541,40071900.0,9769.154887001992,0,4.064992230417147,9765.089894771576,1839,-53.381394825345,21000,Neutral,43.17460197319871,5.666,5.94,6.4177,6.5787,10.7044,25.780000686645508,-0.9813,SOFI,0.5058,Neutral,0.6138,0.1698,-11.763170886430593,60,339.6300048828125,0.0,0.0
2022-09-25,5.309999942779541,5.260000228881836,5.369999885559082,5.159999847412109,5.309999942779541,40071900.0,9769.154887001992,0,4.064992230417147,9765.089894771576,1839,-53.381394825345,21000,Neutral,43.17460197319871,5.666,5.94,6.4177,6.5787,10.7044,25.780000686645508,-0.9813,SOFI,0.5058,Neutral,0.6138,0.1698,-11.763170886430593,60,339.6300048828125,0.0,0.0
2022-09-26,5.079999923706055,5.300000190734863,5.510000228881836,5.079999923706055,5.079999923706055,65463200.0,9346.184851925851,0,4.064992230417147,9342.119859695435,1839,-55.395537849517105,21000,Neutral,41.33737954240135,5.466,5.885,6.4145,6.5396,10.6466,25.780000686645508,-1.3863,SOFI,0.4814,Neutral,0.6239,0.1374,-13.095421260176735,60,336.3399963378906,0.0,0.0
2022-09-27,5.079999923706055,5.230000019073486,5.329999923706055,5.0,5.079999923706055,35622200.0,9346.184851925851,0,4.064992230417147,9342.119859695435,1839,-55.395537849517105,21000,Neutral,38.14101579508585,5.304,5.839,6.409,6.506,10.5889,25.780000686645508,-1.5538,SOFI,0.48,Neutral,0.626,0.123,-13.480105203560221,60,335.3900146484375,0.0,0.0
2022-09-28,5.25,5.079999923706055,5.28000020980835,5.039999961853027,5.25,29843200.0,9658.814992230416,0,4.064992230417147,9654.75,1839,-53.906822895685835,21000,Neutral,33.90410114439338,5.216,5.806,6.3992,6.4768,10.529,25.780000686645508,-1.3629,SOFI,0.5224,Neutral,0.6218,0.1312,-10.824116563031659,60,340.4800109863281,1.469,0.0
2022-09-29,4.840000152587891,5.119999885559082,5.159999847412109,4.789999961853027,4.840000152587891,56776400.0,8904.825272839547,0,4.064992230417147,8900.76028060913,1839,-57.49725013088046,21000,Neutral,26.645761558597485,5.112,5.752,6.3815,6.4495,10.4684,25.780000686645508,-1.6137,SOFI,0.4954,Neutral,0.6308,0.1304,-13.699180762973803,60,333.3800048828125,0.0,0.0
2022-09-30,4.880000114440918,4.820000171661377,5.090000152587891,4.809999942779541,4.880000114440918,33884400.0,8978.385202687265,0,4.064992230417147,8974.320210456848,1839,-57.14696475065323,21000,Neutral,25.71427965920812,5.026,5.7035,6.3585,6.4245,10.4019,25.780000686645508,-1.6169,SOFI,0.478,Neutral,0.6229,0.1358,-15.756274103058665,60,328.29998779296875,0.0,0.0
2022-10-01,4.880000114440918,4.820000171661377,5.090000152587891,4.809999942779541,4.880000114440918,33884400.0,9977.384802663804,0,2.6645687465687615,9974.720233917236,2044,-54.549430898527675,22000,"cash_0%_Buy 100% of cash (205 shares - DCA Strategy) Monthly invest 4.5% of total investment ($1,000.00)",25.71427965920812,5.026,5.7035,6.3585,6.4245,10.4019,25.780000686645508,-1.6169,SOFI,0.478,Neutral,0.6229,0.1358,-16.167774534155768,64,328.29998779296875,0.0,0.0
2022-10-02,4.880000114440918,4.820000171661377,5.090000152587891,4.809999942779541,4.880000114440918,33884400.0,9977.384802663804,0,2.6645687465687615,9974.720233917236,2044,-54.549430898527675,22000,Neutral,25.71427965920812,5.026,5.7035,6.3585,6.4245,10.4019,25.780000686645508,-1.6169,SOFI,0.478,Neutral,0.6229,0.1358,-16.167774534155768,64,328.29998779296875,0.0,0.0
2022-10-03,5.130000114440918,4.940000057220459,5.21999979019165,4.809999942779541,5.130000114440918,33619400.0,10488.384802663804,0,2.6645687465687615,10485.720233917236,2044,-52.22670362580041,22000,Neutral,37.45582514931075,5.036,5.673,6.3408,6.403,10.339,25.780000686645508,-1.2054,SOFI,0.524,Neutral,0.6278,0.1839,-12.653423680259039,64,336.9800109863281,0.0,0.0
2022-10-04,5.400000095367432,5.264999866485596,5.460000038146973,5.25,5.400000095367432,37930500.0,11040.264763677598,0,2.6645687465687615,11037.60019493103,2044,-49.71815834846497,22000,Neutral,36.10107849585883,5.1,5.6605,6.3307,6.3856,10.2738,25.780000686645508,-0.5191,SOFI,0.5593,Neutral,0.6316,0.2269,-8.511529149009036,64,347.2099914550781,0.0,0.0
2022-10-05,5.28000020980835,5.269999980926514,5.320000171661377,5.070000171661377,5.28000020980835,36209300.0,10794.984997594835,0,2.6645687465687615,10792.320428848267,2044,-50.8330663761139,22000,Neutral,28.679245215117504,5.106,5.6335,6.318,6.3662,10.2084,25.780000686645508,-0.1545,SOFI,0.5415,Neutral,0.617,0.2663,-8.754458449456813,64,346.6099853515625,0.0,0.0
2022-10-06,5.289999961853027,5.269999980926514,5.46999979019165,5.170000076293945,5.289999961853027,28449200.0,10815.424490774156,0,2.6645687465687615,10812.759922027588,2044,-50.740159588935164,22000,Neutral,33.47825041339722,5.196,5.5885,6.307,6.3498,10.1446,25.780000686645508,0.1428,SOFI,0.522,Neutral,0.6273,0.3051,-10.232260856326114,64,342.9599914550781,0.0,0.0
2022-10-07,5.010000228881836,5.130000114440918,5.150000095367432,4.960000038146973,5.010000228881836,27856200.0,10243.10503658104,0,2.6645687465687615,10240.440467834473,2044,-53.34161165344933,22000,Neutral,29.019607549811735,5.222,5.5225,6.292,6.3321,10.0793,25.780000686645508,0.0352,SOFI,0.5011,Neutral,0.6301,0.3516,-14.131238443025794,64,333.3299865722656,0.0,0.0
2022-10-08,5.010000228881836,5.130000114440918,5.150000095367432,4.960000038146973,5.010000228881836,27856200.0,10243.10503658104,0,2.6645687465687615,10240.440467834473,2044,-53.34161165344933,22000,Neutral,29.019607549811735,5.222,5.5225,6.292,6.3321,10.0793,25.780000686645508,0.0352,SOFI,0.5011,Neutral,0.6301,0.3516,-14.131238443025794,64,333.3299865722656,0.0,0.0
2022-10-09,5.010000228881836,5.130000114440918,5.150000095367432,4.960000038146973,5.010000228881836,27856200.0,10243.10503658104,0,2.6645687465687615,10240.440467834473,2044,-53.34161165344933,22000,Neutral,29.019607549811735,5.222,5.5225,6.292,6.3321,10.0793,25.780000686645508,0.0352,SOFI,0.5011,Neutral,0.6301,0.3516,-14.131238443025794,64,333.3299865722656,0.0,0.0
2022-10-10,4.96999979019165,5.010000228881836,5.034999847412109,4.909999847412109,4.96999979019165,22211500.0,10161.344139898301,0,2.6645687465687615,10158.679571151733,2044,-53.71325209291632,22000,Neutral,30.83332869741578,5.19,5.4505,6.27,6.3118,10.0169,25.780000686645508,-0.0388,SOFI,0.4919,Neutral,0.6373,0.3489,-15.139380830602022,64,330.8399963378906,0.0,0.0
2022-10-11,5.0,4.949999809265137,5.170000076293945,4.769999980926514,5.0,35828900.0,10222.664568746568,0,2.6645687465687615,10220.0,2044,-53.434522870878745,22000,Neutral,34.52914683141711,5.11,5.4085,6.2475,6.2955,9.9575,25.780000686645508,-0.0025,SOFI,0.487,Neutral,0.646,0.3287,-16.022012011528084,64,328.6600036621094,0.0,0.0
2022-10-12,5.079999923706055,4.980000019073486,5.119999885559082,4.880000114440918,5.079999923706055,26339800.0,10386.184412801744,0,2.6645687465687615,10383.519844055176,2044,-52.69125085244614,22000,RiskWatch,42.92928769921498,5.07,5.354,6.2218,6.2829,9.8957,25.780000686645508,0.1642,SOFI,0.5083,RiskWatch,0.6589,0.2985,-16.4349831731611,64,327.6400146484375,0.0,0.0
2022-10-13,5.090000152587891,4.889999866485596,5.21999979019165,4.840000152587891,5.090000152587891,32629000.0,10406.624880636216,0,2.6645687465687615,10403.960311889648,2044,-52.598339635016714,22000,Neutral,44.329902481888176,5.03,5.288,6.1905,6.272,9.8332,25.780000686645508,0.3197,SOFI,0.5232,Neutral,0.6462,0.2763,-12.9611349512194,64,336.2200012207031,0.0,0.0
2022-10-14,4.809999942779541,5.190000057220459,5.28000020980835,4.809999942779541,4.809999942779541,35776200.0,9834.30445178795,0,2.6645687465687615,9831.639883041382,2044,-55.199796129781554,22000,Neutral,43.216081726524095,4.99,5.226,6.1533,6.2575,9.759,25.780000686645508,0.1014,SOFI,0.5127,Neutral,0.6456,0.22,-16.026064745903092,64,328.6499938964844,0.0,0.0
2022-10-15,4.809999942779541,5.190000057220459,5.28000020980835,4.809999942779541,4.809999942779541,35776200.0,9834.30445178795,0,2.6645687465687615,9831.639883041382,2044,-55.199796129781554,22000,Neutral,43.216081726524095,4.99,5.226,6.1533,6.2575,9.759,25.780000686645508,0.1014,SOFI,0.5127,Neutral,0.6456,0.22,-16.026064745903092,64,328.6499938964844,0.0,0.0
2022-10-16,4.809999942779541,5.190000057220459,5.28000020980835,4.809999942779541,4.809999942779541,35776200.0,9834.30445178795,0,2.6645687465687615,9831.639883041382,2044,-55.199796129781554,22000,Neutral,43.216081726524095,4.99,5.226,6.1533,6.2575,9.759,25.780000686645508,0.1014,SOFI,0.5127,Neutral,0.6456,0.22,-16.026064745903092,64,328.6499938964844,0.0,0.0
2022-10-17,5.070000171661377,4.949999809265137,5.099999904632568,4.849999904632568,5.070000171661377,33347900.0,10365.744919622422,0,2.6645687465687615,10363.080350875854,2044,-52.784157639624866,22000,Neutral,49.77778333498991,5.01,5.1755,6.1275,6.2474,9.6856,25.780000686645508,0.3251,SOFI,0.529,Neutral,0.6435,0.1902,-12.64533056740651,64,337.0,0.0,0.0
2022-10-18,5.25,5.25,5.349999904632568,5.150000095367432,5.25,37401900.0,10733.664568746568,0,2.6645687465687615,10731.0,2044,-51.11179559815148,22000,Neutral,50.0,5.06,5.1435,6.1073,6.2399,9.6118,25.780000686645508,0.7187,SOFI,0.552,Neutral,0.6463,0.1505,-11.037964219512084,64,340.9700012207031,0.0,0.0
2022-10-19,4.989999771118164,5.210000038146973,5.21999979019165,4.96999979019165,4.989999771118164,35412300.0,10202.224100912095,0,2.6645687465687615,10199.559532165527,2044,-53.52743408830817,22000,Neutral,53.55449230190699,5.042,5.1085,6.0882,6.2277,9.5356,25.780000686645508,0.6515,SOFI,0.5395,Neutral,0.6436,0.138,-11.993482839700718,64,338.6099853515625,0.0,0.0
2022-10-20,5.010000228881836,4.974999904632568,5.190000057220459,4.960000038146973,5.010000228881836,30718900.0,10243.10503658104,0,2.6645687465687615,10240.440467834473,2044,-53.34161165344933,22000,Neutral,53.11004893852454,5.026,5.091,6.0643,6.2185,9.4624,25.780000686645508,0.6429,SOFI,0.5276,Neutral,0.6309,0.1271,-13.119043321074585,64,335.8299865722656,0.0,0.0
2022-10-21,5.150000095367432,4.96999979019165,5.159999847412109,4.900000095367432,5.150000095367432,33980000.0,10529.264763677598,0,2.6645687465687615,10526.60019493103,2044,-52.040885621192245,22000,Neutral,50.50504977527254,5.094,5.083,6.0452,6.2086,9.3891,25.780000686645508,0.8204,SOFI,0.5372,Neutral,0.6287,0.1342,-9.851674502000662,64,343.8999938964844,0.0,0.0
2022-10-22,5.150000095367432,4.96999979019165,5.159999847412109,4.900000095367432,5.150000095367432,33980000.0,10529.264763677598,0,2.6645687465687615,10526.60019493103,2044,-52.040885621192245,22000,Neutral,50.50504977527254,5.094,5.083,6.0452,6.2086,9.3891,25.780000686645508,0.8204,SOFI,0.5372,Neutral,0.6287,0.1342,-9.851674502000662,64,343.8999938964844,0.0,0.0
2022-10-23,5.150000095367432,4.96999979019165,5.159999847412109,4.900000095367432,5.150000095367432,33980000.0,10529.264763677598,0,2.6645687465687615,10526.60019493103,2044,-52.040885621192245,22000,Neutral,50.50504977527254,5.094,5.083,6.0452,6.2086,9.3891,25.780000686645508,0.8204,SOFI,0.5372,Neutral,0.6287,0.1342,-9.851674502000662,64,343.8999938964844,0.0,0.0
2022-10-24,5.170000076293945,5.139999866485596,5.199999809265137,4.96999979019165,5.170000076293945,32703200.0,10570.144724691392,0,2.6645687465687615,10567.480155944824,2044,-51.85506761658409,22000,Neutral,43.35260434252324,5.114,5.0875,6.0262,6.1984,9.3184,25.780000686645508,0.9547,SOFI,0.5425,Neutral,0.63,0.1351,-8.155234489138621,64,348.0899963378906,0.0,0.0
2022-10-25,5.659999847412109,5.199999809265137,5.679999828338623,5.190000057220459,5.659999847412109,49264000.0,11571.70425685692,0,2.6645687465687615,11569.039688110352,2044,-47.30252428855897,22000,Neutral,59.04760672122136,5.196,5.1165,6.0145,6.186,9.2569,25.780000686645508,1.6326,SOFI,0.5758,Neutral,0.6297,0.149,-5.863623250333362,64,353.75,0.0,0.0
2022-10-26,5.539999961853027,5.525000095367432,5.769999980926514,5.5,5.539999961853027,37510600.0,11326.424490774156,0,2.6645687465687615,11323.759922027588,2044,-48.4174323162079,22000,Neutral,55.65610605889302,5.306,5.131,6.0,6.1753,9.1843,25.780000686645508,1.8559,SOFI,0.5838,Neutral,0.6236,0.1724,-6.932507229944626,64,351.1099853515625,0.0,0.0
2022-10-27,5.349999904632568,5.619999885559082,5.659999847412109,5.343999862670898,5.349999904632568,26942700.0,10938.064373815538,0,2.6645687465687615,10935.39980506897,2044,-50.182705575110695,22000,Neutral,58.018855299130784,5.374,5.1565,5.952,6.1662,9.1117,25.780000686645508,1.6979,SOFI,0.587,Neutral,0.6288,0.1956,-7.693667582698048,64,349.2300109863281,0.0,0.0
2022-10-28,5.449999809265137,5.369999885559082,5.46999979019165,5.289999961853027,5.449999809265137,28751000.0,11142.464178884507,0,2.6645687465687615,11139.79961013794,2044,-49.25361555206993,22000,Neutral,61.00917080016528,5.434,5.185,5.9057,6.1619,9.0389,25.780000686645508,1.6574,SOFI,0.598,Neutral,0.6133,0.1998,-4.393913956316588,64,357.3800048828125,0.0,0.0
2022-10-29,5.449999809265137,5.369999885559082,5.46999979019165,5.289999961853027,5.449999809265137,28751000.0,11142.464178884507,0,2.6645687465687615,11139.79961013794,2044,-49.25361555206993,22000,Neutral,61.00917080016528,5.434,5.185,5.9057,6.1619,9.0389,25.780000686645508,1.6574,SOFI,0.598,Neutral,0.6133,0.1998,-4.393913956316588,64,357.3800048828125,0.0,0.0
2022-10-30,5.449999809265137,5.369999885559082,5.46999979019165,5.289999961853027,5.449999809265137,28751000.0,11142.464178884507,0,2.6645687465687615,11139.79961013794,2044,-49.25361555206993,22000,Neutral,61.00917080016528,5.434,5.185,5.9057,6.1619,9.0389,25.780000686645508,1.6574,SOFI,0.598,Neutral,0.6133,0.1998,-4.393913956316588,64,357.3800048828125,0.0,0.0
2022-10-31,5.440000057220459,5.559999942779541,5.670000076293945,5.360000133514404,5.440000057220459,61549200.0,11122.024685705186,0,2.6645687465687615,11119.360116958618,2044,-49.346522339248665,22000,Neutral,60.18518498077971,5.488,5.2005,5.8637,6.1635,8.9713,25.780000686645508,1.5557,SOFI,0.5867,Neutral,0.61,0.1998,-5.377764649437779,64,354.95001220703125,0.0,0.0
2022-11-01,5.730000019073486,6.460000038146973,6.46999979019165,5.670000076293945,5.730000019073486,159097200.0,12713.787587729455,0,4.6475454244634875,12709.140042304993,2218,-44.62384266359081,23000,"cash_0%_Buy 100% of cash (174 shares - DCA Strategy) Monthly invest 4.3% of total investment ($1,000.00)",63.71308008388308,5.502,5.217,5.8262,6.1655,8.9072,25.780000686645508,1.7752,SOFI,0.621,Neutral,0.6271,0.2076,-6.481054418410075,67,353.5199890136719,0.0,0.0
2022-11-02,5.119999885559082,5.675000190734863,5.699999809265137,5.03000020980835,5.119999885559082,106803800.0,11360.807291594507,0,4.6475454244634875,11356.159746170044,2218,-50.5063656902645,23000,Neutral,50.50504596420799,5.418,5.209,5.7883,6.161,8.8428,25.780000686645508,1.1082,SOFI,0.6076,Neutral,0.6248,0.2124,-10.121652393807757,67,344.5,0.0,0.0
2022-11-03,5.360000133514404,5.03000020980835,5.389999866485596,5.010000228881836,5.360000133514404,55484100.0,11893.127841559412,0,4.6475454244634875,11888.480296134949,2218,-48.19192851650405,23000,Neutral,59.38566780630193,5.42,5.2125,5.7475,6.1494,8.7803,25.780000686645508,0.9309,SOFI,0.5995,Neutral,0.6156,0.2011,-11.602922873676455,67,340.8299865722656,0.0,0.0
2022-11-04,5.179999828338623,5.494999885559082,5.510000228881836,5.059999942779541,5.179999828338623,53554200.0,11493.887164679529,0,4.6475454244634875,11489.239619255066,2218,-49.92775754641657,23000,Neutral,51.929818279893,5.366,5.221,5.7102,6.135,8.7237,25.780000686645508,0.5666,SOFI,0.6028,Neutral,0.6062,0.2345,-9.588878353309838,67,345.82000732421875,0.0,0.0
2022-11-05,5.179999828338623,5.494999885559082,5.510000228881836,5.059999942779541,5.179999828338623,53554200.0,11493.887164679529,0,4.6475454244634875,11489.239619255066,2218,-49.92775754641657,23000,Neutral,51.929818279893,5.366,5.221,5.7102,6.135,8.7237,25.780000686645508,0.5666,SOFI,0.6028,Neutral,0.6062,0.2345,-9.588878353309838,67,345.82000732421875,0.0,0.0
2022-11-06,5.179999828338623,5.494999885559082,5.510000228881836,5.059999942779541,5.179999828338623,53554200.0,11493.887164679529,0,4.6475454244634875,11489.239619255066,2218,-49.92775754641657,23000,Neutral,51.929818279893,5.366,5.221,5.7102,6.135,8.7237,25.780000686645508,0.5666,SOFI,0.6028,Neutral,0.6062,0.2345,-9.588878353309838,67,345.82000732421875,0.0,0.0
2022-11-07,5.179999828338623,5.230000019073486,5.284999847412109,5.119999885559082,5.179999828338623,39915100.0,11493.887164679529,0,4.6475454244634875,11489.239619255066,2218,-49.92775754641657,23000,Neutral,48.689135633711984,5.314,5.2315,5.669,6.1194,8.6711,25.780000686645508,0.3174,SOFI,0.5964,Neutral,0.5984,0.264,-8.248875397149249,67,349.1400146484375,0.0,0.0
2022-11-08,5.099999904632568,5.179999828338623,5.300000190734863,5.050000190734863,5.099999904632568,48009700.0,11316.4473338995,0,4.6475454244634875,11311.799788475037,2218,-50.699235071547136,23000,Neutral,52.20883780242053,5.188,5.2365,5.627,6.1016,8.616,25.780000686645508,0.0561,SOFI,0.6126,Neutral,0.6196,0.2803,-7.482010390736882,67,351.0400085449219,0.0,0.0
2022-11-09,4.980000019073486,5.03000020980835,5.059999942779541,4.940000057220459,4.980000019073486,45924000.0,11050.287587729455,0,4.6475454244634875,11045.640042304993,2218,-51.85645135924298,23000,Neutral,49.4208452979892,5.16,5.2315,5.5837,6.0785,8.5609,25.780000686645508,-0.2493,SOFI,0.6009,Neutral,0.6219,0.2735,-10.375931473015207,67,343.8699951171875,0.0,0.0
2022-11-10,5.340000152587891,5.269999980926514,5.440000057220459,5.090000152587891,5.340000152587891,69817600.0,11848.767883864404,0,4.6475454244634875,11844.120338439941,2218,-48.38479789778669,23000,Neutral,53.38078400515052,5.156,5.244,5.558,6.0606,8.5063,25.780000686645508,0.0193,SOFI,0.6635,Neutral,0.6184,0.2878,-2.779904420469073,67,362.6900024414063,0.0,0.0
2022-11-11,5.949999809265137,5.320000171661377,6.0,5.320000171661377,5.949999809265137,84353300.0,13201.747122374536,0,4.6475454244634875,13197.099576950073,2218,-42.50227946948176,23000,Neutral,61.47058559536492,5.31,5.301,5.5458,6.0496,8.4594,25.780000686645508,0.9298,SOFI,0.6675,Neutral,0.611,0.291,-1.3793617591009593,67,366.1600036621094,0.0,0.0
2022-11-12,5.949999809265137,5.320000171661377,6.0,5.320000171661377,5.949999809265137,84353300.0,13201.747122374536,0,4.6475454244634875,13197.099576950073,2218,-42.50227946948176,23000,Neutral,61.47058559536492,5.31,5.301,5.5458,6.0496,8.4594,25.780000686645508,0.9298,SOFI,0.6675,Neutral,0.611,0.291,-1.3793617591009593,67,366.1600036621094,0.0,0.0
2022-11-13,5.949999809265137,5.320000171661377,6.0,5.320000171661377,5.949999809265137,84353300.0,13201.747122374536,0,4.6475454244634875,13197.099576950073,2218,-42.50227946948176,23000,Neutral,61.47058559536492,5.31,5.301,5.5458,6.0496,8.4594,25.780000686645508,0.9298,SOFI,0.6675,Neutral,0.611,0.291,-1.3793617591009593,67,366.1600036621094,0.0,0.0
2022-11-14,5.860000133514404,5.889999866485596,6.050000190734863,5.71999979019165,5.860000133514404,47833200.0,13002.127841559412,0,4.6475454244634875,12997.480296134949,2218,-43.370189386069256,23000,Neutral,53.333338631524825,5.446,5.3405,5.538,6.0425,8.4156,25.780000686645508,1.3407,SOFI,0.6609,Neutral,0.6171,0.2825,-2.565989250511926,67,363.2200012207031,0.0,0.0
2022-11-15,5.849999904632568,6.099999904632568,6.130000114440918,5.800000190734863,5.849999904632568,59806400.0,12979.9473338995,0,4.6475454244634875,12975.299788475037,2218,-43.46662637589497,23000,Neutral,55.36332105711338,5.596,5.3705,5.5338,6.0328,8.3715,25.780000686645508,1.5134,SOFI,0.6759,Neutral,0.6305,0.2883,-1.3551458770179536,67,366.2200012207031,0.0,0.0
2022-11-16,5.53000020980835,5.769999980926514,5.769999980926514,5.46999979019165,5.53000020980835,43267800.0,12270.188010779382,0,4.6475454244634875,12265.54046535492,2218,-46.55253647641722,23000,Neutral,52.980137992275246,5.706,5.3975,5.5232,6.0194,8.3312,25.780000686645508,1.1678,SOFI,0.6791,Neutral,0.6325,0.2948,-2.4771935770955977,67,363.4400024414063,0.0,0.0
2022-11-17,5.380000114440918,5.340000152587891,5.510000228881836,5.28000020980835,5.380000114440918,34036700.0,11937.487799254419,0,4.6475454244634875,11932.840253829956,2218,-47.9990591352214,23000,Neutral,48.8599397103812,5.714,5.416,5.5053,6.0013,8.2881,25.780000686645508,0.7134,SOFI,0.6716,Neutral,0.6245,0.2695,-2.9009838308841935,67,362.3900146484375,0.0,0.0
2022-11-18,5.179999828338623,5.480000019073486,5.489999771118164,5.159999847412109,5.179999828338623,36633900.0,11493.887164679529,0,4.6475454244634875,11489.239619255066,2218,-49.92775754641657,23000,Neutral,46.01226670816807,5.56,5.4175,5.4802,5.9821,8.2405,25.780000686645508,0.1532,SOFI,0.6696,Neutral,0.616,0.2295,-2.255210552222664,67,363.989990234375,0.0,0.0
2022-11-19,5.179999828338623,5.480000019073486,5.489999771118164,5.159999847412109,5.179999828338623,36633900.0,11493.887164679529,0,4.6475454244634875,11489.239619255066,2218,-49.92775754641657,23000,Neutral,46.01226670816807,5.56,5.4175,5.4802,5.9821,8.2405,25.780000686645508,0.1532,SOFI,0.6696,Neutral,0.616,0.2295,-2.255210552222664,67,363.989990234375,0.0,0.0
2022-11-20,5.179999828338623,5.480000019073486,5.489999771118164,5.159999847412109,5.179999828338623,36633900.0,11493.887164679529,0,4.6475454244634875,11489.239619255066,2218,-49.92775754641657,23000,Neutral,46.01226670816807,5.56,5.4175,5.4802,5.9821,8.2405,25.780000686645508,0.1532,SOFI,0.6696,Neutral,0.616,0.2295,-2.255210552222664,67,363.989990234375,0.0,0.0
2022-11-21,4.869999885559082,5.130000114440918,5.190000057220459,4.800000190734863,4.869999885559082,99355000.0,10806.307291594507,0,4.6475454244634875,10801.659746170044,2218,-52.9172352554819,23000,Neutral,36.89024270573668,5.362,5.4025,5.4583,5.964,8.1902,25.780000686645508,-0.58,SOFI,0.6599,Neutral,0.6064,0.1976,-2.771836565553336,67,362.7099914550781,0.0,0.0
2022-11-22,4.639999866485596,4.900000095367432,4.900000095367432,4.599999904632568,4.639999866485596,76694100.0,10296.167249289514,0,4.6475454244634875,10291.519703865051,2218,-55.13523543941664,23000,Neutral,41.72413787433566,5.12,5.3515,5.4357,5.9408,8.1443,25.780000686645508,-1.2989,SOFI,0.682,Neutral,0.6071,0.1749,-0.8223718365200128,67,367.5400085449219,0.0,0.0
2022-11-23,4.659999847412109,4.670000076293945,4.708000183105469,4.53000020980835,4.659999847412109,58395300.0,10340.527206984521,0,4.6475454244634875,10335.879661560059,2218,-54.942366058134,23000,Neutral,36.94029233322309,4.946,5.3075,5.4148,5.9215,8.1011,25.780000686645508,-1.6705,SOFI,0.6934,Neutral,0.6019,0.1477,0.10593648955772039,67,369.8399963378906,0.0,0.0
2022-11-24,4.659999847412109,4.670000076293945,4.708000183105469,4.53000020980835,4.659999847412109,58395300.0,10340.527206984521,0,4.6475454244634875,10335.879661560059,2218,-54.942366058134,23000,Neutral,36.94029233322309,4.946,5.3075,5.4148,5.9215,8.1011,25.780000686645508,-1.6705,SOFI,0.6934,Neutral,0.6019,0.1477,0.10593648955772039,67,369.8399963378906,0.0,0.0
2022-11-25,4.599999904632568,4.670000076293945,4.670000076293945,4.510000228881836,4.599999904632568,28016500.0,10207.4473338995,0,4.6475454244634875,10202.799788475037,2218,-55.520974201981936,23000,Neutral,38.67187412688491,4.79,5.27,5.3928,5.9026,8.0596,25.780000686645508,-1.8979,SOFI,0.69,Neutral,0.6008,0.133,0.08978846239049432,67,369.7999877929688,0.0,0.0
2022-11-26,4.599999904632568,4.670000076293945,4.670000076293945,4.510000228881836,4.599999904632568,28016500.0,10207.4473338995,0,4.6475454244634875,10202.799788475037,2218,-55.520974201981936,23000,Neutral,38.67187412688491,4.79,5.27,5.3928,5.9026,8.0596,25.780000686645508,-1.8979,SOFI,0.69,Neutral,0.6008,0.133,0.08978846239049432,67,369.7999877929688,0.0,0.0
2022-11-27,4.599999904632568,4.670000076293945,4.670000076293945,4.510000228881836,4.599999904632568,28016500.0,10207.4473338995,0,4.6475454244634875,10202.799788475037,2218,-55.520974201981936,23000,Neutral,38.67187412688491,4.79,5.27,5.3928,5.9026,8.0596,25.780000686645508,-1.8979,SOFI,0.69,Neutral,0.6008,0.133,0.08978846239049432,67,369.7999877929688,0.0,0.0
2022-11-28,4.449999809265137,4.539999961853027,4.630000114440918,4.409999847412109,4.449999809265137,46991100.0,9874.747122374536,0,4.6475454244634875,9870.099576950073,2218,-56.96749686078611,23000,Neutral,36.53136278146373,4.644,5.22,5.3695,5.8825,8.0178,25.780000686645508,-2.1347,SOFI,0.68,Neutral,0.6136,0.1371,-2.2713462620541662,67,363.9500122070313,0.0,0.0
2022-11-29,4.559999942779541,4.460000038146973,4.570000171661377,4.441999912261963,4.559999942779541,40676700.0,10118.727418509485,0,4.6475454244634875,10114.079873085022,2218,-55.906712964547204,23000,Neutral,40.14598527443199,4.582,5.176,5.3498,5.865,7.9736,25.780000686645508,-2.0298,SOFI,0.6773,Neutral,0.6116,0.1424,-2.5296654273873926,67,363.30999755859375,0.0,0.0
2022-11-30,4.829999923706055,4.550000190734863,4.849999904632568,4.519999980926514,4.829999923706055,49235500.0,10717.587376204492,0,4.6475454244634875,10712.93983078003,2218,-53.302974018047166,23000,Neutral,47.40484252080883,4.62,5.131,5.3362,5.8544,7.9343,25.780000686645508,-1.4956,SOFI,0.697,Neutral,0.6027,0.1618,1.982741255006239,67,374.489990234375,0.0,0.0
2022-12-01,4.739999771118164,4.860000133514404,4.909999847412109,4.670000076293945,4.739999771118164,34842000.0,11516.966897812847,0,3.507453766825165,11513.45944404602,2429,-51.91381792732477,24000,"cash_0%_Buy 100% of cash (211 shares - DCA Strategy) Monthly invest 4.2% of total investment ($1,000.00)",38.54961054050404,4.636,5.112,5.3182,5.8444,7.893,25.780000686645508,-1.1791,SOFI,0.7198,Neutral,0.6075,0.1984,1.3900331679568296,70,374.5400085449219,0.0,0.0
2022-12-02,4.699999809265137,4.599999904632568,4.699999809265137,4.519999980926514,4.699999809265137,23866400.0,11419.806990471843,0,3.507453766825165,11416.299536705017,2429,-52.31865087457896,24000,Neutral,19.51219795857889,4.656,5.079,5.2933,5.8368,7.8518,25.780000686645508,-0.9492,SOFI,0.7275,Neutral,0.6023,0.2245,1.172744015357317,70,374.0,0.0,0.0
2022-12-03,4.699999809265137,4.599999904632568,4.699999809265137,4.519999980926514,4.699999809265137,23866400.0,11419.806990471843,0,3.507453766825165,11416.299536705017,2429,-52.31865087457896,24000,Neutral,19.51219795857889,4.656,5.079,5.2933,5.8368,7.8518,25.780000686645508,-0.9492,SOFI,0.7275,Neutral,0.6023,0.2245,1.172744015357317,70,374.0,0.0,0.0
2022-12-04,4.699999809265137,4.599999904632568,4.699999809265137,4.519999980926514,4.699999809265137,23866400.0,11419.806990471843,0,3.507453766825165,11416.299536705017,2429,-52.31865087457896,24000,Neutral,19.51219795857889,4.656,5.079,5.2933,5.8368,7.8518,25.780000686645508,-0.9492,SOFI,0.7275,Neutral,0.6023,0.2245,1.172744015357317,70,374.0,0.0,0.0
2022-12-05,4.53000020980835,4.699999809265137,4.730000019073486,4.46999979019165,4.53000020980835,28384800.0,11006.877963391307,0,3.507453766825165,11003.370509624481,2429,-54.03918848741453,24000,Neutral,18.77934619136974,4.672,5.0465,5.2633,5.8252,7.8083,25.780000686645508,-0.9559,SOFI,0.698,Neutral,0.6068,0.2237,-1.5071146010629022,70,367.3399963378906,0.0,0.0
2022-12-06,4.320000171661377,4.539999961853027,4.550000190734863,4.260000228881836,4.320000171661377,41048400.0,10496.78787073231,0,3.507453766825165,10493.280416965485,2429,-56.16456387349368,24000,Neutral,17.167386629403794,4.624,5.0035,5.2285,5.8117,7.7638,25.780000686645508,-1.1685,SOFI,0.6975,Neutral,0.626,0.216,-3.643756475830372,70,362.0299987792969,0.0,0.0
2022-12-07,4.300000190734863,4.300000190734863,4.369999885559082,4.239999771118164,4.300000190734863,21933400.0,10448.207917061809,0,3.507453766825165,10444.700463294983,2429,-56.366980347120766,24000,Neutral,19.704436158910312,4.518,4.9635,5.2028,5.8019,7.7189,25.780000686645508,-1.2478,SOFI,0.6981,Neutral,0.6331,0.2082,-3.925428054373903,70,361.3299865722656,0.0,0.0
2022-12-08,4.400000095367432,4.349999904632568,4.429999828338623,4.25,4.400000095367432,19767400.0,10691.107685414318,0,3.507453766825165,10687.600231647491,2429,-55.354897978985306,24000,Neutral,25.25252500926581,4.45,4.9345,5.1733,5.7911,7.6731,25.780000686645508,-1.0705,SOFI,0.6906,Neutral,0.6225,0.1926,-2.7786398841497473,70,364.1799926757813,0.0,0.0
2022-12-09,4.340000152587891,4.360000133514404,4.400000095367432,4.309999942779541,4.340000152587891,16804200.0,10545.367824402812,0,3.507453766825165,10541.860370635986,2429,-55.96214739986658,24000,Neutral,27.173917832132048,4.378,4.8845,5.1388,5.7796,7.6293,25.780000686645508,-0.9549,SOFI,0.677,Neutral,0.623,0.1824,-3.848974691046145,70,361.5199890136719,0.0,0.0
2022-12-10,4.340000152587891,4.360000133514404,4.400000095367432,4.309999942779541,4.340000152587891,16804200.0,10545.367824402812,0,3.507453766825165,10541.860370635986,2429,-55.96214739986658,24000,Neutral,27.173917832132048,4.378,4.8845,5.1388,5.7796,7.6293,25.780000686645508,-0.9549,SOFI,0.677,Neutral,0.623,0.1824,-3.848974691046145,70,361.5199890136719,0.0,0.0
2022-12-11,4.340000152587891,4.360000133514404,4.400000095367432,4.309999942779541,4.340000152587891,16804200.0,10545.367824402812,0,3.507453766825165,10541.860370635986,2429,-55.96214739986658,24000,Neutral,27.173917832132048,4.378,4.8845,5.1388,5.7796,7.6293,25.780000686645508,-0.9549,SOFI,0.677,Neutral,0.623,0.1824,-3.848974691046145,70,361.5199890136719,0.0,0.0
2022-12-12,4.449999809265137,4.309999942779541,4.480000019073486,4.269999980926514,4.449999809265137,23353200.0,10812.556990471843,0,3.507453766825165,10809.049536705017,2429,-54.848859207912284,24000,Neutral,37.19511485964699,4.362,4.8095,5.1122,5.77,7.5875,25.780000686645508,-0.6461,SOFI,0.668,Neutral,0.6369,0.1823,-1.7726875031973677,70,366.6799926757813,0.0,0.0
2022-12-13,4.429999828338623,4.690000057220459,4.769999980926514,4.349999904632568,4.429999828338623,33682400.0,10763.977036801341,0,3.507453766825165,10760.469583034515,2429,-55.05127568153937,24000,Neutral,42.6573379936684,4.384,4.738,5.0847,5.7587,7.5395,25.780000686645508,-0.4087,SOFI,0.6946,Neutral,0.6272,0.2079,-0.6822262808666508,70,369.3900146484375,0.0,0.0
2022-12-14,4.699999809265137,4.570000171661377,4.920000076293945,4.53000020980835,4.699999809265137,68775700.0,11419.806990471843,0,3.507453766825165,11416.299536705017,2429,-52.31865087457896,24000,Neutral,51.19047551468631,4.464,4.6805,5.0648,5.7468,7.4932,25.780000686645508,0.178,SOFI,0.6954,Neutral,0.6133,0.2389,-1.5795402253653492,70,367.1600036621094,0.0,0.0
2022-12-15,4.630000114440918,4.579999923706055,4.760000228881836,4.5,4.630000114440918,37157400.0,11249.777731743816,0,3.507453766825165,11246.27027797699,2429,-53.02710611927907,24000,Neutral,50.88758064265832,4.51,4.6355,5.0472,5.736,7.4472,25.780000686645508,0.4801,SOFI,0.6858,Neutral,0.6288,0.2448,-5.213039734177663,70,358.1300048828125,0.0,0.0
2022-12-16,4.639999866485596,4.579999923706055,4.679999828338623,4.5,4.639999866485596,31419300.0,11274.067129460338,0,3.507453766825165,11270.559675693512,2429,-52.92590029546022,24000,Neutral,56.12903900623365,4.57,4.5985,5.0352,5.7283,7.4038,25.780000686645508,0.6978,SOFI,0.6754,Neutral,0.6217,0.2489,-6.931214259847309,70,353.8599853515625,0.0,0.0
2022-12-17,4.639999866485596,4.579999923706055,4.679999828338623,4.5,4.639999866485596,31419300.0,11274.067129460338,0,3.507453766825165,11270.559675693512,2429,-52.92590029546022,24000,Neutral,56.12903900623365,4.57,4.5985,5.0352,5.7283,7.4038,25.780000686645508,0.6978,SOFI,0.6754,Neutral,0.6217,0.2489,-6.931214259847309,70,353.8599853515625,0.0,0.0
2022-12-18,4.639999866485596,4.579999923706055,4.679999828338623,4.5,4.639999866485596,31419300.0,11274.067129460338,0,3.507453766825165,11270.559675693512,2429,-52.92590029546022,24000,Neutral,56.12903900623365,4.57,4.5985,5.0352,5.7283,7.4038,25.780000686645508,0.6978,SOFI,0.6754,Neutral,0.6217,0.2489,-6.931214259847309,70,353.8599853515625,0.0,0.0
2022-12-19,4.429999828338623,4.659999847412109,4.659999847412109,4.400000095367432,4.429999828338623,27122400.0,10763.977036801341,0,3.507453766825165,10760.469583034515,2429,-55.05127568153937,24000,Neutral,46.06059940502234,4.566,4.561,5.0205,5.7191,7.3635,25.780000686645508,0.5438,SOFI,0.6623,Neutral,0.6137,0.2598,-8.158471252732369,70,350.8099975585937,0.0,0.0
2022-12-20,4.570000171661377,4.53000020980835,4.760000228881836,4.449999809265137,4.570000171661377,34033400.0,11104.03787073231,0,3.507453766825165,11100.530416965485,2429,-53.63435554016034,24000,Neutral,41.44737110408892,4.594,4.546,5.012,5.7132,7.3251,25.780000686645508,0.6492,SOFI,0.6625,Neutral,0.6032,0.2681,-7.944398200625756,70,349.6700134277344,1.672,0.0
2022-12-21,4.639999866485596,4.650000095367432,4.730000019073486,4.559999942779541,4.639999866485596,24848900.0,11274.067129460338,0,3.507453766825165,11270.559675693512,2429,-52.92590029546022,24000,Neutral,46.66666666666666,4.582,4.546,5.0047,5.7068,7.2872,25.780000686645508,0.8138,SOFI,0.6749,Neutral,0.5893,0.2809,-5.839953678676359,70,354.8999938964844,0.0,0.0
2022-12-22,4.579999923706055,4.579999923706055,4.625,4.369999885559082,4.579999923706055,30665900.0,11128.327268448833,0,3.507453766825165,11124.819814682007,2429,-53.5331497163415,24000,Neutral,46.05263157894736,4.572,4.542,4.9935,5.6963,7.2506,25.780000686645508,0.8244,SOFI,0.6646,Neutral,0.6055,0.2871,-7.847830701555836,70,349.9100036621094,0.0,0.0
2022-12-23,4.610000133514404,4.550000190734863,4.619999885559082,4.460999965667725,4.610000133514404,19435300.0,11201.197778073314,0,3.507453766825165,11197.690324306488,2429,-53.22952259290616,24000,Neutral,52.89854972308874,4.566,4.5425,4.9897,5.6856,7.2117,25.780000686645508,0.8609,SOFI,0.6626,Neutral,0.5902,0.3125,-7.059167473202969,70,351.8699951171875,0.0,0.0
2022-12-24,4.610000133514404,4.550000190734863,4.619999885559082,4.460999965667725,4.610000133514404,19435300.0,11201.197778073314,0,3.507453766825165,11197.690324306488,2429,-53.22952259290616,24000,Neutral,52.89854972308874,4.566,4.5425,4.9897,5.6856,7.2117,25.780000686645508,0.8609,SOFI,0.6626,Neutral,0.5902,0.3125,-7.059167473202969,70,351.8699951171875,0.0,0.0
2022-12-25,4.610000133514404,4.550000190734863,4.619999885559082,4.460999965667725,4.610000133514404,19435300.0,11201.197778073314,0,3.507453766825165,11197.690324306488,2429,-53.22952259290616,24000,Neutral,52.89854972308874,4.566,4.5425,4.9897,5.6856,7.2117,25.780000686645508,0.8609,SOFI,0.6626,Neutral,0.5902,0.3125,-7.059167473202969,70,351.8699951171875,0.0,0.0
2022-12-26,4.610000133514404,4.550000190734863,4.619999885559082,4.460999965667725,4.610000133514404,19435300.0,11201.197778073314,0,3.507453766825165,11197.690324306488,2429,-53.22952259290616,24000,Neutral,52.89854972308874,4.566,4.5425,4.9897,5.6856,7.2117,25.780000686645508,0.8609,SOFI,0.6626,Neutral,0.5902,0.3125,-7.059167473202969,70,351.8699951171875,0.0,0.0
2022-12-27,4.389999866485596,4.550000190734863,4.579999923706055,4.349999904632568,4.389999866485596,24110700.0,10666.817129460338,0,3.507453766825165,10663.309675693512,2429,-55.45610862879356,24000,Neutral,52.51797573961249,4.558,4.5395,4.9815,5.67,7.1723,25.780000686645508,0.5615,SOFI,0.6455,Neutral,0.5894,0.3421,-7.622498350597873,70,350.4700012207031,0.0,0.0
2022-12-28,4.369999885559082,4.380000114440918,4.429999828338623,4.239999771118164,4.369999885559082,35043300.0,10618.237175789836,0,3.507453766825165,10614.72972202301,2429,-55.658525102420654,24000,Neutral,52.51797573961249,4.518,4.53,4.9688,5.6548,7.1359,25.780000686645508,0.3422,SOFI,0.6492,Neutral,0.5995,0.3414,-9.352731533959101,70,346.1700134277344,0.0,0.0
2022-12-29,4.590000152587891,4.400000095367432,4.630000114440918,4.320000171661377,4.590000152587891,33261900.0,11152.617824402812,0,3.507453766825165,11149.110370635986,2429,-53.43193906653324,24000,Neutral,56.29139365629635,4.508,4.518,4.9553,5.643,7.1001,25.780000686645508,0.5222,SOFI,0.6614,Neutral,0.5934,0.3453,-6.882118871779987,70,352.3099975585937,0.0,0.0
2022-12-30,4.610000133514404,4.489999771118164,4.650000095367432,4.449999809265137,4.610000133514404,28240200.0,11201.197778073314,0,3.507453766825165,11197.690324306488,2429,-53.22952259290616,24000,Neutral,59.18367413138586,4.514,4.5115,4.9442,5.6311,7.069,25.780000686645508,0.662,SOFI,0.6521,Neutral,0.5903,0.3495,-7.2724288867771705,70,351.3399963378906,0.0,0.0
2022-12-31,4.610000133514404,4.489999771118164,4.650000095367432,4.449999809265137,4.610000133514404,28240200.0,11201.197778073314,0,3.507453766825165,11197.690324306488,2429,-53.22952259290616,24000,Neutral,59.18367413138586,4.514,4.5115,4.9442,5.6311,7.069,25.780000686645508,0.662,SOFI,0.6521,Neutral,0.5903,0.3495,-7.2724288867771705,70,351.3399963378906,0.0,0.0
2023-01-01,4.610000133514404,4.489999771118164,4.650000095367432,4.449999809265137,4.610000133514404,28240200.0,12200.19740804434,0,2.1370547652268215,12198.060353279114,2646,-51.10039036936761,25000,"cash_0%_Buy 100% of cash (217 shares - DCA Strategy) Monthly invest 4.0% of total investment ($1,000.00)",59.18367413138586,4.514,4.5115,4.9442,5.6311,7.069,25.780000686645508,0.662,SOFI,0.6521,Neutral,0.5903,0.3495,-7.769324140537904,74,351.3399963378906,0.0,0.0
2023-01-02,4.610000133514404,4.489999771118164,4.650000095367432,4.449999809265137,4.610000133514404,28240200.0,12200.19740804434,0,2.1370547652268215,12198.060353279114,2646,-51.10039036936761,25000,Neutral,59.18367413138586,4.514,4.5115,4.9442,5.6311,7.069,25.780000686645508,0.662,SOFI,0.6521,Neutral,0.5903,0.3495,-7.769324140537904,74,351.3399963378906,0.0,0.0
2023-01-03,4.5,4.650000095367432,4.75,4.429999828338623,4.5,29303200.0,11909.137054765226,0,2.1370547652268215,11907.0,2646,-52.26463178248406,25000,Neutral,51.7006864507557,4.492,4.5015,4.931,5.619,7.0306,25.780000686645508,0.5856,SOFI,0.666,Neutral,0.6068,0.3436,-8.312503066893598,74,349.989990234375,0.0,0.0
2023-01-04,4.769999980926514,4.539999961853027,4.880000114440918,4.494999885559082,4.769999980926514,48731400.0,12623.557004296781,0,2.1370547652268215,12621.419949531555,2646,-49.40695198435784,25000,Neutral,59.883723831485774,4.568,4.5135,4.927,5.6095,6.988,25.780000686645508,0.908,SOFI,0.6934,Neutral,0.6115,0.3164,-7.29856579667301,74,352.510009765625,0.0,0.0
2023-01-05,4.630000114440918,4.659999847412109,4.730000019073486,4.559999942779541,4.630000114440918,30512000.0,12253.117357575895,0,2.1370547652268215,12250.980302810669,2646,-50.88871057124139,25000,Neutral,47.79875194633512,4.62,4.529,4.9213,5.5957,6.9494,25.780000686645508,0.8882,SOFI,0.7001,Neutral,0.6195,0.2862,-8.84762707596989,74,348.6600036621094,0.0,0.0
2023-01-06,4.619999885559082,4.659999847412109,4.695000171661377,4.489999771118164,4.619999885559082,31589500.0,12226.656751954557,0,2.1370547652268215,12224.519697189331,2646,-50.994552993726735,25000,Neutral,49.673195281246535,4.626,4.545,4.915,5.5812,6.9133,25.780000686645508,0.8347,SOFI,0.721,Neutral,0.6158,0.2711,-5.656971199361415,74,356.5899963378906,0.0,0.0
2023-01-07,4.619999885559082,4.659999847412109,4.695000171661377,4.489999771118164,4.619999885559082,31589500.0,12226.656751954557,0,2.1370547652268215,12224.519697189331,2646,-50.994552993726735,25000,Neutral,49.673195281246535,4.626,4.545,4.915,5.5812,6.9133,25.780000686645508,0.8347,SOFI,0.721,Neutral,0.6158,0.2711,-5.656971199361415,74,356.5899963378906,0.0,0.0
2023-01-08,4.619999885559082,4.659999847412109,4.695000171661377,4.489999771118164,4.619999885559082,31589500.0,12226.656751954557,0,2.1370547652268215,12224.519697189331,2646,-50.994552993726735,25000,Neutral,49.673195281246535,4.626,4.545,4.915,5.5812,6.9133,25.780000686645508,0.8347,SOFI,0.721,Neutral,0.6158,0.2711,-5.656971199361415,74,356.5899963378906,0.0,0.0
2023-01-09,4.820000171661377,4.670000076293945,5.0,4.670000076293945,4.820000171661377,50435000.0,12755.85750898123,0,2.1370547652268215,12753.720454216003,2646,-48.87774996562004,25000,Neutral,55.23256329731552,4.668,4.566,4.9107,5.5662,6.8802,25.780000686645508,1.0515,SOFI,0.7217,Neutral,0.6233,0.2665,-5.761586893295245,74,356.3299865722656,0.0,0.0
2023-01-10,5.119999885559082,4.800000190734863,5.130000114440918,4.78000020980835,5.119999885559082,42334400.0,13549.656751954557,0,2.1370547652268215,13547.519697189331,2646,-45.70255299372674,25000,Neutral,69.06076562095365,4.792,4.605,4.9112,5.5508,6.8491,25.780000686645508,1.5552,SOFI,0.7276,Neutral,0.6111,0.2751,-4.739606984632559,74,358.8699951171875,0.0,0.0
2023-01-11,5.150000095367432,5.150000095367432,5.190000057220459,4.980000019073486,5.150000095367432,41602100.0,13629.03730710745,0,2.1370547652268215,13626.900252342224,2646,-45.38503077311517,25000,Neutral,67.05881362968282,4.868,4.64,4.9168,5.5351,6.8232,25.780000686645508,1.8328,SOFI,0.7313,Neutral,0.6158,0.3108,-2.896823637895409,74,363.4500122070313,0.0,0.0
2023-01-12,5.360000133514404,5.190000057220459,5.380000114440918,4.989999771118164,5.360000133514404,49408800.0,14184.69740804434,0,2.1370547652268215,14182.560353279114,2646,-43.16239036936761,25000,Neutral,69.56521288433959,5.014,4.6865,4.9217,5.5246,6.7993,25.780000686645508,2.1876,SOFI,0.7329,Neutral,0.5968,0.3519,-2.3496295317373423,74,364.80999755859375,0.0,0.0
2023-01-13,5.440000057220459,5.224999904632568,5.489999771118164,5.190000057220459,5.440000057220459,32477100.0,14396.37720617056,0,2.1370547652268215,14394.240151405334,2646,-42.31567117686272,25000,Neutral,73.11826964612807,5.178,4.7235,4.9248,5.5161,6.77,25.780000686645508,2.3883,SOFI,0.7295,Neutral,0.5922,0.3969,-1.778282952578337,74,366.2300109863281,0.0,0.0
2023-01-14,5.440000057220459,5.224999904632568,5.489999771118164,5.190000057220459,5.440000057220459,32477100.0,14396.37720617056,0,2.1370547652268215,14394.240151405334,2646,-42.31567117686272,25000,Neutral,73.11826964612807,5.178,4.7235,4.9248,5.5161,6.77,25.780000686645508,2.3883,SOFI,0.7295,Neutral,0.5922,0.3969,-1.778282952578337,74,366.2300109863281,0.0,0.0
2023-01-15,5.440000057220459,5.224999904632568,5.489999771118164,5.190000057220459,5.440000057220459,32477100.0,14396.37720617056,0,2.1370547652268215,14394.240151405334,2646,-42.31567117686272,25000,Neutral,73.11826964612807,5.178,4.7235,4.9248,5.5161,6.77,25.780000686645508,2.3883,SOFI,0.7295,Neutral,0.5922,0.3969,-1.778282952578337,74,366.2300109863281,0.0,0.0
2023-01-16,5.440000057220459,5.224999904632568,5.489999771118164,5.190000057220459,5.440000057220459,32477100.0,14396.37720617056,0,2.1370547652268215,14394.240151405334,2646,-42.31567117686272,25000,Neutral,73.11826964612807,5.178,4.7235,4.9248,5.5161,6.77,25.780000686645508,2.3883,SOFI,0.7295,Neutral,0.5922,0.3969,-1.778282952578337,74,366.2300109863281,0.0,0.0
2023-01-17,5.639999866485596,5.449999809265137,5.71999979019165,5.360000133514404,5.639999866485596,37801400.0,14925.576701486112,0,2.1370547652268215,14923.439646720886,2646,-40.19887319560051,25000,Neutral,75.36944296982539,5.342,4.774,4.9357,5.5119,6.7382,25.780000686645508,2.6265,SOFI,0.717,Neutral,0.5983,0.4521,-2.003599617330167,74,365.6700134277344,0.0,0.0
2023-01-18,5.559999942779541,5.650000095367432,5.699999809265137,5.480000019073486,5.559999942779541,38396700.0,14713.896903359891,0,2.1370547652268215,14711.759848594666,2646,-41.0455923881054,25000,Neutral,80.95237734817029,5.43,4.82,4.9448,5.5046,6.7107,25.780000686645508,2.5113,SOFI,0.7194,Neutral,0.6093,0.4563,-4.393577070225383,74,359.7300109863281,0.0,0.0
2023-01-19,5.409999847412109,5.409999847412109,5.53000020980835,5.309999942779541,5.409999847412109,32006500.0,14316.996651017667,0,2.1370547652268215,14314.859596252441,2646,-42.6331933974743,25000,Neutral,75.74256747952433,5.482,4.869,4.9492,5.4972,6.685,25.780000686645508,2.0971,SOFI,0.7149,Neutral,0.6107,0.4634,-5.435669714411986,74,357.1400146484375,0.0,0.0
2023-01-20,5.670000076293945,5.485000133514404,5.75,5.431000232696533,5.670000076293945,31135600.0,15004.957256639005,0,2.1370547652268215,15002.82020187378,2646,-39.88135097498894,25000,Neutral,76.2135850415751,5.544,4.924,4.9575,5.4918,6.6591,25.780000686645508,2.0213,SOFI,0.723,Neutral,0.6049,0.4679,-2.7922202227989246,74,363.7099914550781,0.0,0.0
2023-01-21,5.670000076293945,5.485000133514404,5.75,5.431000232696533,5.670000076293945,31135600.0,15004.957256639005,0,2.1370547652268215,15002.82020187378,2646,-39.88135097498894,25000,Neutral,76.2135850415751,5.544,4.924,4.9575,5.4918,6.6591,25.780000686645508,2.0213,SOFI,0.723,Neutral,0.6049,0.4679,-2.7922202227989246,74,363.7099914550781,0.0,0.0
2023-01-22,5.670000076293945,5.485000133514404,5.75,5.431000232696533,5.670000076293945,31135600.0,15004.957256639005,0,2.1370547652268215,15002.82020187378,2646,-39.88135097498894,25000,Neutral,76.2135850415751,5.544,4.924,4.9575,5.4918,6.6591,25.780000686645508,2.0213,SOFI,0.723,Neutral,0.6049,0.4679,-2.7922202227989246,74,363.7099914550781,0.0,0.0
2023-01-23,5.869999885559082,5.710000038146973,5.889999866485596,5.630000114440918,5.869999885559082,39018500.0,15534.156751954557,0,2.1370547652268215,15532.019697189331,2646,-37.76455299372674,25000,Neutral,78.12499135200562,5.63,4.9855,4.961,5.4877,6.6347,25.780000686645508,2.0728,SOFI,0.7199,Neutral,0.6017,0.4757,-1.0097873614707922,74,368.1400146484375,0.0,0.0
2023-01-24,5.789999961853027,5.775000095367432,6.0,5.730000019073486,5.789999961853027,32563800.0,15322.476953828336,0,2.1370547652268215,15320.33989906311,2646,-38.611272186231616,25000,Neutral,79.18551899516387,5.66,5.046,4.9652,5.4826,6.6083,25.780000686645508,1.8578,SOFI,0.7215,Neutral,0.5984,0.4816,-1.166710902371527,74,367.75,0.0,0.0
2023-01-25,5.789999961853027,5.639999866485596,5.869999885559082,5.539999961853027,5.789999961853027,30127800.0,15322.476953828336,0,2.1370547652268215,15320.33989906311,2646,-38.611272186231616,25000,Neutral,76.2886585268436,5.706,5.105,4.9725,5.4622,6.5789,25.780000686645508,1.5835,SOFI,0.726,Neutral,0.5967,0.4916,-1.1144030554046225,74,367.8800048828125,0.0,0.0
2023-01-26,5.710000038146973,5.900000095367432,5.940000057220459,5.650000095367432,5.710000038146973,29992300.0,15110.797155702116,0,2.1370547652268215,15108.66010093689,2646,-39.4579913787365,25000,Neutral,78.72340047775022,5.766,5.171,4.9768,5.4412,6.551,25.780000686645508,1.1922,SOFI,0.7323,Neutral,0.5897,0.4981,0.46684105649794816,74,371.80999755859375,0.0,0.0
2023-01-27,5.940000057220459,5.690000057220459,6.039999961853027,5.630000114440918,5.940000057220459,48503500.0,15719.37720617056,0,2.1370547652268215,15717.240151405334,2646,-37.02367117686273,25000,Neutral,81.428576943015,5.82,5.2495,4.9852,5.4244,6.5241,25.780000686645508,1.1057,SOFI,0.7325,Neutral,0.5847,0.4894,0.8933341918380364,74,372.8699951171875,0.0,0.0
2023-01-28,5.940000057220459,5.690000057220459,6.039999961853027,5.630000114440918,5.940000057220459,48503500.0,15719.37720617056,0,2.1370547652268215,15717.240151405334,2646,-37.02367117686273,25000,Neutral,81.428576943015,5.82,5.2495,4.9852,5.4244,6.5241,25.780000686645508,1.1057,SOFI,0.7325,Neutral,0.5847,0.4894,0.8933341918380364,74,372.8699951171875,0.0,0.0
2023-01-29,5.940000057220459,5.690000057220459,6.039999961853027,5.630000114440918,5.940000057220459,48503500.0,15719.37720617056,0,2.1370547652268215,15717.240151405334,2646,-37.02367117686273,25000,Neutral,81.428576943015,5.82,5.2495,4.9852,5.4244,6.5241,25.780000686645508,1.1057,SOFI,0.7325,Neutral,0.5847,0.4894,0.8933341918380364,74,372.8699951171875,0.0,0.0
2023-01-30,6.679999828338623,6.590000152587891,7.005000114440918,6.369999885559082,6.679999828338623,164184300.0,17677.416600549222,0,2.1370547652268215,17675.279545783997,2646,-29.191513599348074,25000,Neutral,85.22727436927434,5.982,5.354,5.001,5.4136,6.5019,25.780000686645508,1.774,SOFI,0.7142,Neutral,0.5945,0.4644,-0.9816319875048052,74,368.2099914550781,0.0,0.0
2023-01-31,6.929999828338623,6.659999847412109,6.949999809265137,6.510000228881836,6.929999828338623,68287100.0,18338.916600549222,0,2.1370547652268215,18336.779545783997,2646,-26.54551359934807,25000,Neutral,84.9420882119396,6.21,5.47,5.0312,5.4097,6.4784,25.780000686645508,2.2845,SOFI,0.7233,Neutral,0.5904,0.4555,1.1226783152295852,74,373.4400024414063,0.0,0.0
2023-02-01,7.380000114440918,6.929999828338623,7.46999979019165,6.860000133514404,7.380000114440918,75445300.0,20528.621057560445,0,4.840739300253404,20523.780318260193,2781,-20.94494516477402,26000,"cash_0%_Buy 100% of cash (135 shares - DCA Strategy) Monthly invest 3.8% of total investment ($1,000.00)",87.04319273711997,6.528,5.614,5.0648,5.4062,6.4546,25.780000686645508,2.8584,SOFI,0.748,Neutral,0.58,0.4328,2.160747477823662,77,377.5299987792969,0.0,0.0
2023-02-02,7.71999979019165,7.670000076293945,8.239999771118164,7.449999809265137,7.71999979019165,106231100.0,21474.160155823232,0,4.840739300253404,21469.31941652298,2781,-17.308256325301763,26000,Neutral,87.57961967217895,6.93,5.7615,5.1072,5.4087,6.4361,25.780000686645508,3.2892,SOFI,0.7486,Neutral,0.5869,0.4067,4.331039644600132,77,382.9400024414063,0.0,0.0
2023-02-03,7.460000038146973,7.400000095367432,7.985000133514404,7.309999942779541,7.460000038146973,55989100.0,20751.100845386984,0,4.840739300253404,20746.26010608673,2781,-20.08925367313349,26000,Neutral,80.4216936254469,7.234,5.903,5.1452,5.4071,6.4197,25.780000686645508,3.0018,SOFI,0.738,Neutral,0.5746,0.3593,2.6902852997486377,77,378.8500061035156,0.0,0.0
2023-02-04,7.460000038146973,7.400000095367432,7.985000133514404,7.309999942779541,7.460000038146973,55989100.0,20751.100845386984,0,4.840739300253404,20746.26010608673,2781,-20.08925367313349,26000,Neutral,80.4216936254469,7.234,5.903,5.1452,5.4071,6.4197,25.780000686645508,3.0018,SOFI,0.738,Neutral,0.5746,0.3593,2.6902852997486377,77,378.8500061035156,0.0,0.0
2023-02-05,7.460000038146973,7.400000095367432,7.985000133514404,7.309999942779541,7.460000038146973,55989100.0,20751.100845386984,0,4.840739300253404,20746.26010608673,2781,-20.08925367313349,26000,Neutral,80.4216936254469,7.234,5.903,5.1452,5.4071,6.4197,25.780000686645508,3.0018,SOFI,0.738,Neutral,0.5746,0.3593,2.6902852997486377,77,378.8500061035156,0.0,0.0
2023-02-06,7.409999847412109,7.349999904632568,7.639999866485596,7.260000228881836,7.409999847412109,41269900.0,20612.05031495333,0,4.840739300253404,20607.209575653076,2781,-20.624063405570624,26000,Neutral,77.91798429926965,7.38,6.0425,5.1837,5.4053,6.4078,25.780000686645508,2.5094,SOFI,0.7271,Neutral,0.5803,0.3332,1.8117378087193927,77,376.6600036621094,0.0,0.0
2023-02-07,7.380000114440918,7.369999885559082,7.449999809265137,7.139999866485596,7.380000114440918,40804000.0,20528.621057560445,0,4.840739300253404,20523.780318260193,2781,-20.94494516477402,26000,Neutral,79.16667494509113,7.47,6.1705,5.2237,5.4037,6.3976,25.780000686645508,1.9391,SOFI,0.7387,Neutral,0.5697,0.3265,3.7613830951019906,77,381.5199890136719,0.0,0.0
2023-02-08,7.199999809265137,7.320000171661377,7.494999885559082,7.190000057220459,7.199999809265137,25636300.0,20028.040208866598,0,4.840739300253404,20023.199469566345,2781,-22.870256121288826,26000,Neutral,78.41270124801166,7.434,6.2745,5.2547,5.4063,6.3846,25.780000686645508,1.214,SOFI,0.728,Neutral,0.5808,0.3403,2.0845255681897683,77,377.3399963378906,0.0,0.0
2023-02-09,6.889999866485596,7.269999980926514,7.364999771118164,6.840000152587891,6.889999866485596,50352400.0,19165.930367996694,0,4.840739300253404,19161.08962869644,2781,-26.186063201557676,26000,Neutral,69.06250069849207,7.268,6.3615,5.2703,5.4081,6.3689,25.780000686645508,0.3163,SOFI,0.7123,Neutral,0.592,0.3495,0.7887653469302407,77,374.1099853515625,0.0,0.0
2023-02-10,6.809999942779541,6.760000228881836,6.889999866485596,6.639999866485596,6.809999942779541,37285300.0,18943.450580170156,0,4.840739300253404,18938.609840869904,2781,-27.041754693198207,26000,Neutral,65.25974392911102,7.138,6.434,5.2862,5.4121,6.3495,25.780000686645508,-0.4234,SOFI,0.7107,Neutral,0.5867,0.3832,1.1538249555671243,77,375.0199890136719,0.0,0.0
2023-02-11,6.809999942779541,6.760000228881836,6.889999866485596,6.639999866485596,6.809999942779541,37285300.0,18943.450580170156,0,4.840739300253404,18938.609840869904,2781,-27.041754693198207,26000,Neutral,65.25974392911102,7.138,6.434,5.2862,5.4121,6.3495,25.780000686645508,-0.4234,SOFI,0.7107,Neutral,0.5867,0.3832,1.1538249555671243,77,375.0199890136719,0.0,0.0
2023-02-12,6.809999942779541,6.760000228881836,6.889999866485596,6.639999866485596,6.809999942779541,37285300.0,18943.450580170156,0,4.840739300253404,18938.609840869904,2781,-27.041754693198207,26000,Neutral,65.25974392911102,7.138,6.434,5.2862,5.4121,6.3495,25.780000686645508,-0.4234,SOFI,0.7107,Neutral,0.5867,0.3832,1.1538249555671243,77,375.0199890136719,0.0,0.0
2023-02-13,6.760000228881836,6.75,6.900000095367432,6.679999828338623,6.760000228881836,23626800.0,18804.40137582064,0,4.840739300253404,18799.560636520386,2781,-27.576559325311745,26000,Neutral,65.90164769948683,7.008,6.5,5.3013,5.4176,6.331,25.780000686645508,-0.9957,SOFI,0.7188,Neutral,0.583,0.4068,2.890866695097479,77,379.3500061035156,0.0,0.0
2023-02-14,6.739999771118164,6.659999847412109,6.820000171661377,6.429999828338623,6.739999771118164,28449700.0,18748.780102779867,0,4.840739300253404,18743.939363479614,2781,-27.790487298545475,26000,Neutral,65.47231113518941,6.88,6.555,5.3215,5.4223,6.3109,25.780000686645508,-1.4028,SOFI,0.7176,Neutral,0.562,0.4071,2.8346980279917418,77,379.2099914550781,0.0,0.0
2023-02-15,7.25,6.820000171661377,7.289999961853027,6.800000190734863,7.25,35683800.0,20167.090739300253,0,4.840739300253404,20162.25,2781,-22.335446388851686,26000,Neutral,71.99999945504325,6.89,6.6395,5.3527,5.429,6.2965,25.780000686645508,-1.1878,SOFI,0.7182,Neutral,0.5491,0.3919,3.344182607388511,77,380.4800109863281,0.0,0.0
2023-02-16,6.980000019073486,7.073999881744385,7.28000020980835,6.949999809265137,6.980000019073486,30458000.0,19416.220792343618,0,4.840739300253404,19411.380053043365,2781,-25.223407723300284,26000,Neutral,64.68926515621536,6.908,6.718,5.3827,5.4314,6.2839,25.780000686645508,-1.3231,SOFI,0.7041,Neutral,0.5728,0.3846,1.2220280166931516,77,375.1900024414063,0.0,0.0
2023-02-17,6.619999885559082,6.889999866485596,6.960000038146973,6.510000228881836,6.619999885559082,30999500.0,18415.06042104006,0,4.840739300253404,18410.219681739807,2781,-29.07402453600627,26000,Neutral,49.05063391419437,6.87,6.7655,5.4118,5.4351,6.2714,25.780000686645508,-1.7471,SOFI,0.7144,Neutral,0.5715,0.3592,0.8328996200157164,77,374.2200012207031,0.0,0.0
2023-02-18,6.619999885559082,6.889999866485596,6.960000038146973,6.510000228881836,6.619999885559082,30999500.0,18415.06042104006,0,4.840739300253404,18410.219681739807,2781,-29.07402453600627,26000,Neutral,49.05063391419437,6.87,6.7655,5.4118,5.4351,6.2714,25.780000686645508,-1.7471,SOFI,0.7144,Neutral,0.5715,0.3592,0.8328996200157164,77,374.2200012207031,0.0,0.0
2023-02-19,6.619999885559082,6.889999866485596,6.960000038146973,6.510000228881836,6.619999885559082,30999500.0,18415.06042104006,0,4.840739300253404,18410.219681739807,2781,-29.07402453600627,26000,Neutral,49.05063391419437,6.87,6.7655,5.4118,5.4351,6.2714,25.780000686645508,-1.7471,SOFI,0.7144,Neutral,0.5715,0.3592,0.8328996200157164,77,374.2200012207031,0.0,0.0
2023-02-20,6.619999885559082,6.889999866485596,6.960000038146973,6.510000228881836,6.619999885559082,30999500.0,18415.06042104006,0,4.840739300253404,18410.219681739807,2781,-29.07402453600627,26000,Neutral,49.05063391419437,6.87,6.7655,5.4118,5.4351,6.2714,25.780000686645508,-1.7471,SOFI,0.7144,Neutral,0.5715,0.3592,0.8328996200157164,77,374.2200012207031,0.0,0.0
2023-02-21,6.420000076293945,6.460000038146973,6.570000171661377,6.329999923706055,6.420000076293945,26332900.0,17858.860951473715,0,4.840739300253404,17854.020212173462,2781,-31.2132532651076,26000,Neutral,41.80064742524045,6.802,6.793,5.4415,5.4386,6.2577,25.780000686645508,-2.1779,SOFI,0.6757,Neutral,0.6017,0.322,-2.147736976663971,77,366.7900085449219,0.0,0.0
2023-02-22,6.539999961853027,6.400000095367432,6.579999923706055,6.369999885559082,6.539999961853027,22778900.0,18192.58063321352,0,4.840739300253404,18187.73989391327,2781,-29.9297160276468,26000,Neutral,34.89208213537991,6.762,6.8305,5.4728,5.4438,6.2438,25.780000686645508,-2.2852,SOFI,0.6818,Neutral,0.5956,0.3001,-2.3322806749970013,77,366.3299865722656,0.0,0.0
2023-02-23,6.550000190734863,6.650000095367432,6.690000057220459,6.389999866485596,6.550000190734863,19210200.0,18220.391269733907,0,4.840739300253404,18215.550530433655,2781,-29.822752041029933,26000,Neutral,26.122459942277416,6.622,6.8685,5.5053,5.4491,6.2319,25.780000686645508,-2.2824,SOFI,0.6961,Neutral,0.5817,0.2854,-1.5941303666984865,77,368.1700134277344,0.0,0.0
2023-02-24,6.380000114440918,6.380000114440918,6.449999809265137,6.309999942779541,6.380000114440918,16954200.0,17747.621057560445,0,4.840739300253404,17742.780318260193,2781,-31.641099010927864,26000,Neutral,27.11865160184915,6.502,6.902,5.5375,5.4535,6.2229,25.780000686645508,-2.3776,SOFI,0.6871,Neutral,0.5856,0.2845,-3.1747127414486727,77,364.2300109863281,0.0,0.0
2023-02-25,6.380000114440918,6.380000114440918,6.449999809265137,6.309999942779541,6.380000114440918,16954200.0,17747.621057560445,0,4.840739300253404,17742.780318260193,2781,-31.641099010927864,26000,Neutral,27.11865160184915,6.502,6.902,5.5375,5.4535,6.2229,25.780000686645508,-2.3776,SOFI,0.6871,Neutral,0.5856,0.2845,-3.1747127414486727,77,364.2300109863281,0.0,0.0
2023-02-26,6.380000114440918,6.380000114440918,6.449999809265137,6.309999942779541,6.380000114440918,16954200.0,17747.621057560445,0,4.840739300253404,17742.780318260193,2781,-31.641099010927864,26000,Neutral,27.11865160184915,6.502,6.902,5.5375,5.4535,6.2229,25.780000686645508,-2.3776,SOFI,0.6871,Neutral,0.5856,0.2845,-3.1747127414486727,77,364.2300109863281,0.0,0.0
2023-02-27,6.420000076293945,6.449999809265137,6.5,6.3420000076293945,6.420000076293945,19082100.0,17858.860951473715,0,4.840739300253404,17854.020212173462,2781,-31.2132532651076,26000,Neutral,28.936178501830653,6.462,6.926,5.5685,5.4592,6.2166,25.780000686645508,-2.3236,SOFI,0.6839,Neutral,0.5749,0.2827,-2.6692559500810304,77,365.489990234375,0.0,0.0
2023-02-28,6.599999904632568,6.460000038146973,6.699999809265137,6.449999809265137,6.599999904632568,17430600.0,18359.440474083425,0,4.840739300253404,18354.599734783173,2781,-29.287947408916406,26000,Neutral,34.39999877929711,6.498,6.922,5.598,5.4671,6.2099,25.780000686645508,-2.0378,SOFI,0.6803,Neutral,0.5734,0.2949,-3.222862560046515,77,364.1099853515625,0.0,0.0
2023-03-01,6.440000057220459,6.579999923706055,6.619999885559082,6.429999828338623,6.440000057220459,19827300.0,18913.48269842148,0,5.642530422213213,18907.840167999268,2936,-29.8512440814654,27000,"cash_0%_Buy 100% of cash (155 shares - DCA Strategy) Monthly invest 3.7% of total investment ($1,000.00)",34.677424471782686,6.478,6.8975,5.6263,5.4722,6.201,25.780000686645508,-1.9454,SOFI,0.6722,Neutral,0.5693,0.3208,-4.281508762814056,79,362.7799987792969,0.0,0.0
2023-03-02,6.449999809265137,6.300000190734863,6.510000228881836,6.230000019073486,6.449999809265137,18003500.0,18942.841970424655,0,5.642530422213213,18937.19944000244,2936,-29.74250603700921,27000,Neutral,39.90825477367623,6.458,6.851,5.6555,5.4744,6.1908,25.780000686645508,-1.8105,SOFI,0.6706,Neutral,0.5512,0.3396,-3.2006271134897872,79,365.489990234375,0.0,0.0
2023-03-03,6.71999979019165,6.480000019073486,6.789999961853027,6.460000038146973,6.71999979019165,25456400.0,19735.5619144249,0,5.642530422213213,19729.919384002686,2936,-26.806506244415708,27000,Neutral,48.10126251194608,6.526,6.801,5.692,5.4777,6.1776,25.780000686645508,-1.3992,SOFI,0.6891,Neutral,0.54,0.3661,-0.8912788777565979,79,371.2799987792969,0.0,0.0
2023-03-04,6.71999979019165,6.480000019073486,6.789999961853027,6.460000038146973,6.71999979019165,25456400.0,19735.5619144249,0,5.642530422213213,19729.919384002686,2936,-26.806506244415708,27000,Neutral,48.10126251194608,6.526,6.801,5.692,5.4777,6.1776,25.780000686645508,-1.3992,SOFI,0.6891,Neutral,0.54,0.3661,-0.8912788777565979,79,371.2799987792969,0.0,0.0
2023-03-05,6.71999979019165,6.480000019073486,6.789999961853027,6.460000038146973,6.71999979019165,25456400.0,19735.5619144249,0,5.642530422213213,19729.919384002686,2936,-26.806506244415708,27000,Neutral,48.10126251194608,6.526,6.801,5.692,5.4777,6.1776,25.780000686645508,-1.3992,SOFI,0.6891,Neutral,0.54,0.3661,-0.8912788777565979,79,371.2799987792969,0.0,0.0
2023-03-06,6.679999828338623,6.800000190734863,6.96999979019165,6.670000076293945,6.679999828338623,26214300.0,19618.12202642441,0,5.642530422213213,19612.479496002197,2936,-27.24146879256566,27000,Neutral,48.305076355566136,6.578,6.762,5.7313,5.4799,6.1656,25.780000686645508,-1.1346,SOFI,0.6838,Neutral,0.5406,0.394,-0.7117912503544801,79,371.7300109863281,0.0,0.0
2023-03-07,6.510000228881836,6.710000038146973,6.710000038146973,6.420000076293945,6.510000228881836,28344300.0,19119.003202419284,0,5.642530422213213,19113.36067199707,2936,-29.090057029621686,27000,Neutral,45.41833448901469,6.56,6.717,5.7682,5.4855,6.1522,25.780000686645508,-1.0985,SOFI,0.6847,Neutral,0.56,0.3813,-3.005182054952172,79,365.9800109863281,0.0,0.0
2023-03-08,6.46999979019165,6.480000019073486,6.599999904632568,6.381999969482422,6.46999979019165,16558600.0,19001.5619144249,0,5.642530422213213,18995.919384002686,2936,-29.525024762934226,27000,Neutral,30.882342972692413,6.566,6.6715,5.8027,5.488,6.1401,25.780000686645508,-1.0792,SOFI,0.6855,Neutral,0.5542,0.3611,-2.7778464780506624,79,366.5499877929688,0.0,0.0
2023-03-09,6.090000152587891,6.420000076293945,6.554999828338623,6.065000057220459,6.090000152587891,27793300.0,17885.88297842026,0,5.642530422213213,17880.240447998047,2936,-33.65716897035881,27000,Neutral,29.30232042360899,6.494,6.616,5.8318,5.4853,6.1261,25.780000686645508,-1.4018,SOFI,0.6561,Neutral,0.604,0.3432,-5.454130426225511,79,359.8399963378906,0.0,0.0
2023-03-10,5.579999923706055,5.900000095367432,5.920000076293945,5.210000038146973,5.579999923706055,86809700.0,16388.52230642319,0,5.642530422213213,16382.879776000977,2936,-39.20294923701463,27000,Neutral,27.39129767751201,6.266,6.5505,5.8507,5.4814,6.1118,25.780000686645508,-2.0592,SOFI,0.6474,Neutral,0.6417,0.3366,-7.512200852377184,79,354.67999267578125,0.0,0.0
2023-03-11,5.579999923706055,5.900000095367432,5.920000076293945,5.210000038146973,5.579999923706055,86809700.0,16388.52230642319,0,5.642530422213213,16382.879776000977,2936,-39.20294923701463,27000,Neutral,27.39129767751201,6.266,6.5505,5.8507,5.4814,6.1118,25.780000686645508,-2.0592,SOFI,0.6474,Neutral,0.6417,0.3366,-7.512200852377184,79,354.67999267578125,0.0,0.0
2023-03-12,5.579999923706055,5.900000095367432,5.920000076293945,5.210000038146973,5.579999923706055,86809700.0,16388.52230642319,0,5.642530422213213,16382.879776000977,2936,-39.20294923701463,27000,Neutral,27.39129767751201,6.266,6.5505,5.8507,5.4814,6.1118,25.780000686645508,-2.0592,SOFI,0.6474,Neutral,0.6417,0.3366,-7.512200852377184,79,354.67999267578125,0.0,0.0
2023-03-13,5.489999771118164,5.460000038146973,5.570000171661377,5.099999904632568,5.489999771118164,59761300.0,16124.281858425144,0,5.642530422213213,16118.63932800293,2936,-40.181617562933326,27000,RiskWatch,28.76711225184323,6.028,6.4845,5.8683,5.4765,6.0961,25.780000686645508,-2.4827,SOFI,0.6332,RiskWatch,0.6652,0.3333,-7.7515136315955,79,354.0799865722656,0.0,0.0
2023-03-14,5.550000190734863,5.690000057220459,5.739999771118164,5.429999828338623,5.550000190734863,36750400.0,16300.443090419772,0,5.642530422213213,16294.800559997559,2936,-39.529168555545816,27000,Neutral,26.760570001705872,5.836,6.424,5.8825,5.4737,6.077,25.780000686645508,-2.5773,SOFI,0.6504,Neutral,0.6225,0.3275,-5.406270304772569,79,359.9599914550781,0.0,0.0
2023-03-15,5.409999847412109,5.335000038146973,5.460000038146973,5.275000095367432,5.409999847412109,34260500.0,15889.402082424167,0,5.642530422213213,15883.759552001953,2936,-41.051542659233235,27000,RiskWatch,24.778756020595974,5.624,6.3575,5.8955,5.4713,6.0588,25.780000686645508,-2.6606,SOFI,0.6375,RiskWatch,0.656,0.3373,-6.29171906751278,79,357.739990234375,0.0,0.0
2023-03-16,5.449999809265137,5.349999904632568,5.539999961853027,5.28000020980835,5.449999809265137,25128700.0,16006.841970424655,0,5.642530422213213,16001.199440002441,2936,-40.61658011108328,27000,Neutral,28.1690080936947,5.496,6.2675,5.909,5.4721,6.0421,25.780000686645508,-2.5376,SOFI,0.6504,Neutral,0.6055,0.3447,-3.850755497783979,79,363.8599853515625,0.0,0.0
2023-03-17,5.460000038146973,5.46999979019165,5.539999961853027,5.329999923706055,5.460000038146973,27173200.0,16036.202642421726,0,5.642530422213213,16030.560111999512,2936,-40.5078368814645,27000,Neutral,27.142860386646745,5.472,6.1915,5.9262,5.4733,6.026,25.780000686645508,-2.3146,SOFI,0.6229,Neutral,0.6383,0.3526,-5.438172995090021,79,359.8800048828125,0.0,0.0
2023-03-18,5.460000038146973,5.46999979019165,5.539999961853027,5.329999923706055,5.460000038146973,27173200.0,16036.202642421726,0,5.642530422213213,16030.560111999512,2936,-40.5078368814645,27000,Neutral,27.142860386646745,5.472,6.1915,5.9262,5.4733,6.026,25.780000686645508,-2.3146,SOFI,0.6229,Neutral,0.6383,0.3526,-5.438172995090021,79,359.8800048828125,0.0,0.0
2023-03-19,5.460000038146973,5.46999979019165,5.539999961853027,5.329999923706055,5.460000038146973,27173200.0,16036.202642421726,0,5.642530422213213,16030.560111999512,2936,-40.5078368814645,27000,Neutral,27.142860386646745,5.472,6.1915,5.9262,5.4733,6.026,25.780000686645508,-2.3146,SOFI,0.6229,Neutral,0.6383,0.3526,-5.438172995090021,79,359.8800048828125,0.0,0.0
2023-03-20,5.21999979019165,5.46999979019165,5.539999961853027,5.190000057220459,5.21999979019165,33271400.0,15331.5619144249,0,5.642530422213213,15325.919384002686,2936,-43.11761735552682,27000,Neutral,18.0555647537998,5.418,6.1215,5.937,5.4745,6.0071,25.780000686645508,-2.3078,SOFI,0.6443,Neutral,0.6228,0.3539,-4.141908627273928,79,363.1300048828125,0.0,0.0
2023-03-21,5.570000171661377,5.349999904632568,5.599999904632568,5.320000171661377,5.570000171661377,29210300.0,16359.163034420017,0,5.642530422213213,16353.520503997803,2936,-39.31168728147083,27000,Neutral,31.489374653785987,5.422,6.079,5.9525,5.4786,5.9923,25.780000686645508,-1.784,SOFI,0.6701,Neutral,0.5835,0.361,-2.247368397388861,79,367.8800048828125,0.0,0.0
2023-03-22,5.559999942779541,5.789999961853027,6.03000020980835,5.539999961853027,5.559999942779541,62273300.0,16329.802362422946,0,5.642530422213213,16324.159832000732,2936,-39.42043051108961,27000,Neutral,31.063847228797044,5.452,6.03,5.9688,5.4812,5.979,25.780000686645508,-1.3493,SOFI,0.6614,Neutral,0.5986,0.3749,-4.68035933752671,79,361.7799987792969,0.0,0.0
2023-03-23,5.78000020980835,5.650000095367432,5.880000114440918,5.570000171661377,5.78000020980835,35687800.0,16975.72314641953,0,5.642530422213213,16970.080615997314,2936,-37.028131311102264,27000,Neutral,29.565245154198635,5.518,5.9915,5.9883,5.489,5.9692,25.780000686645508,-0.7337,SOFI,0.6622,Neutral,0.6047,0.3861,-4.3373415138579645,79,362.6400146484375,0.0,0.0
2023-03-24,5.739999771118164,5.675000190734863,5.829999923706055,5.639999866485596,5.739999771118164,18657400.0,16858.281858425144,0,5.642530422213213,16852.63932800293,2936,-37.463099044414804,27000,Neutral,29.56523902472398,5.574,5.9595,6.0108,5.4962,5.9604,25.780000686645508,-0.3226,SOFI,0.6757,Neutral,0.5929,0.3901,-3.3773149968186402,79,363.55999755859375,1.487,0.0
2023-03-25,5.739999771118164,5.675000190734863,5.829999923706055,5.639999866485596,5.739999771118164,18657400.0,16858.281858425144,0,5.642530422213213,16852.63932800293,2936,-37.463099044414804,27000,Neutral,29.56523902472398,5.574,5.9595,6.0108,5.4962,5.9604,25.780000686645508,-0.3226,SOFI,0.6757,Neutral,0.5929,0.3901,-2.7842241922209325,79,363.55999755859375,1.487,0.0
2023-03-26,5.739999771118164,5.675000190734863,5.829999923706055,5.639999866485596,5.739999771118164,18657400.0,16858.281858425144,0,5.642530422213213,16852.63932800293,2936,-37.463099044414804,27000,Neutral,29.56523902472398,5.574,5.9595,6.0108,5.4962,5.9604,25.780000686645508,-0.3226,SOFI,0.6757,Neutral,0.5929,0.3901,-2.191133387623225,79,363.55999755859375,1.487,0.0
2023-03-27,5.760000228881836,5.820000171661377,5.880000114440918,5.730000019073486,5.760000228881836,24284700.0,16917.003202419284,0,5.642530422213213,16911.36067199707,2936,-37.24561258517725,27000,Neutral,32.558167386874445,5.682,5.9265,6.034,5.5014,5.9522,25.780000686645508,0.0059,SOFI,0.6792,Neutral,0.5728,0.415,-1.9518206084049297,79,364.1600036621094,0.0,0.0
2023-03-28,5.590000152587891,5.739999771118164,5.789999961853027,5.510000228881836,5.590000152587891,23185400.0,16417.88297842026,0,5.642530422213213,16412.240447998047,2936,-39.09420600739585,27000,Neutral,30.70178832515984,5.686,5.876,6.0507,5.503,5.9443,25.780000686645508,0.0541,SOFI,0.6793,Neutral,0.5635,0.4405,-2.2070908187587364,79,363.5199890136719,0.0,0.0
2023-03-29,5.75,5.690000057220459,5.920000076293945,5.650000095367432,5.75,28461800.0,16887.642530422214,0,5.642530422213213,16882.0,2936,-37.35435581479602,27000,Neutral,41.7475822542788,5.724,5.8415,6.0697,5.5069,5.9366,25.780000686645508,0.2905,SOFI,0.6918,Neutral,0.5504,0.4513,-0.14502799183478032,79,368.6900024414063,0.0,0.0
2023-03-30,5.71999979019165,5.869999885559082,5.929999828338623,5.619999885559082,5.71999979019165,25094700.0,16799.5619144249,0,5.642530422213213,16793.919384002686,2936,-37.68058031848979,27000,Neutral,54.43036637616882,5.712,5.805,6.09,5.5105,5.9301,25.780000686645508,0.421,SOFI,0.6965,Neutral,0.5508,0.4707,0.7324481413144568,79,370.8900146484375,0.0,0.0
2023-03-31,6.070000171661377,5.75,6.170000076293945,5.670000076293945,6.070000171661377,41786800.0,17827.163034420017,0,5.642530422213213,17821.520503997803,2936,-33.87465024443379,27000,Neutral,65.76085055148445,5.778,5.7725,6.1117,5.5193,5.9257,25.780000686645508,0.8988,SOFI,0.7005,Neutral,0.5445,0.4966,2.798491197057082,79,376.0700073242188,0.0,0.0
2023-04-01,6.070000171661377,5.75,6.170000076293945,5.670000076293945,6.070000171661377,41786800.0,18826.16148439169,0,3.0909520697618973,18823.07053232193,3101,-32.66488898586035,28000,"cash_0%_Buy 100% of cash (165 shares - DCA Strategy) Monthly invest 3.6% of total investment ($1,000.00)",65.76085055148445,5.778,5.7725,6.1117,5.5193,5.9257,25.780000686645508,0.8988,SOFI,0.7005,Neutral,0.5445,0.4966,2.202698814556122,86,376.0700073242188,0.0,0.0
2023-04-02,6.070000171661377,5.75,6.170000076293945,5.670000076293945,6.070000171661377,41786800.0,18826.16148439169,0,3.0909520697618973,18823.07053232193,3101,-32.66488898586035,28000,Neutral,65.76085055148445,5.778,5.7725,6.1117,5.5193,5.9257,25.780000686645508,0.8988,SOFI,0.7005,Neutral,0.5445,0.4966,2.202698814556122,86,376.0700073242188,0.0,0.0
2023-04-03,6.03000020980835,6.139999866485596,6.275000095367432,5.940000057220459,6.03000020980835,32121400.0,18702.121602685453,0,3.0909520697618973,18699.030650615692,3101,-33.10788856338264,28000,Neutral,63.18679173752621,5.832,5.74,6.135,5.5282,5.92,25.780000686645508,1.1338,SOFI,0.7031,Neutral,0.5459,0.5412,2.8020812497478573,86,377.55999755859375,0.0,0.0
2023-04-04,5.889999866485596,6.099999904632568,6.099999904632568,5.835000038146973,5.889999866485596,19465200.0,18267.980538041593,0,3.0909520697618973,18264.889585971832,3101,-34.65839236568213,28000,Neutral,63.18679173752621,5.892,5.709,6.1562,5.5356,5.9156,25.780000686645508,1.0931,SOFI,0.7172,Neutral,0.5632,0.5739,1.9452383764346735,86,375.4299926757813,0.0,0.0
2023-04-05,5.739999771118164,5.869999885559082,5.869999885559082,5.579999923706055,5.739999771118164,30541900.0,17802.830242307187,0,3.0909520697618973,17799.739290237427,3101,-36.319643421876435,28000,Neutral,57.51294005450265,5.89,5.6725,6.1715,5.5411,5.912,25.780000686645508,0.8688,SOFI,0.7247,Neutral,0.5651,0.5952,1.57916872144974,86,374.5199890136719,0.0,0.0
2023-04-06,5.75,5.699999809265137,5.809999942779541,5.610000133514404,5.75,25308100.0,17833.84095206976,0,3.0909520697618973,17830.75,3101,-36.20889088701011,28000,Neutral,57.51294005450265,5.896,5.6555,6.182,5.5466,5.9093,25.780000686645508,0.7142,SOFI,0.7273,Neutral,0.5546,0.6118,2.154428051505697,86,375.9500122070313,0.0,0.0
2023-04-07,5.75,5.699999809265137,5.809999942779541,5.610000133514404,5.75,25308100.0,17833.84095206976,0,3.0909520697618973,17830.75,3101,-36.20889088701011,28000,Neutral,57.51294005450265,5.896,5.6555,6.182,5.5466,5.9093,25.780000686645508,0.7142,SOFI,0.7273,Neutral,0.5546,0.6118,2.154428051505697,86,375.9500122070313,0.0,0.0
2023-04-08,5.75,5.699999809265137,5.809999942779541,5.610000133514404,5.75,25308100.0,17833.84095206976,0,3.0909520697618973,17830.75,3101,-36.20889088701011,28000,Neutral,57.51294005450265,5.896,5.6555,6.182,5.5466,5.9093,25.780000686645508,0.7142,SOFI,0.7273,Neutral,0.5546,0.6118,2.154428051505697,86,375.9500122070313,0.0,0.0
2023-04-09,5.75,5.699999809265137,5.809999942779541,5.610000133514404,5.75,25308100.0,17833.84095206976,0,3.0909520697618973,17830.75,3101,-36.20889088701011,28000,Neutral,57.51294005450265,5.896,5.6555,6.182,5.5466,5.9093,25.780000686645508,0.7142,SOFI,0.7273,Neutral,0.5546,0.6118,2.154428051505697,86,375.9500122070313,0.0,0.0
2023-04-10,5.909999847412109,5.690000057220459,5.920000076293945,5.659999847412109,5.909999847412109,21151200.0,18330.00047889471,0,3.0909520697618973,18326.90952682495,3101,-34.436892576921,28000,Neutral,68.64862231640959,5.864,5.672,6.1947,5.5557,5.9066,25.780000686645508,0.7746,SOFI,0.7298,Neutral,0.5621,0.6035,2.3193490664648237,86,376.3599853515625,0.0,0.0
2023-04-11,5.96999979019165,5.909999847412109,6.019999980926514,5.860000133514404,5.96999979019165,26455400.0,18516.06030145407,0,3.0909520697618973,18512.969349384308,3101,-33.772393210637574,28000,Neutral,62.820481470319066,5.852,5.696,6.2048,5.5632,5.9053,25.780000686645508,0.8548,SOFI,0.722,Neutral,0.5645,0.5986,2.3394700686621093,86,376.4100036621094,0.0,0.0
2023-04-12,5.820000171661377,6.059999942779541,6.059999942779541,5.670000076293945,5.820000171661377,35905000.0,18050.91148439169,0,3.0909520697618973,18047.82053232193,3101,-35.43363898586036,28000,Neutral,57.64705783355707,5.838,5.7095,6.2112,5.568,5.9039,25.780000686645508,0.7119,SOFI,0.7303,Neutral,0.5636,0.6108,1.7360609777530058,86,374.9100036621094,0.0,0.0
2023-04-13,5.860000133514404,5.909999847412109,5.980000019073486,5.823999881744385,5.860000133514404,20527100.0,18174.95136609793,0,3.0909520697618973,18171.860414028168,3101,-34.990639408338076,28000,Neutral,52.63157399407844,5.862,5.732,6.2148,5.5752,5.9015,25.780000686645508,0.6426,SOFI,0.7302,Neutral,0.537,0.6105,3.691100539631556,86,379.7699890136719,0.0,0.0
2023-04-14,5.920000076293945,5.989999771118164,6.03000020980835,5.769999980926514,5.920000076293945,24086000.0,18361.011188657285,0,3.0909520697618973,18357.920236587524,3101,-34.32614004205467,28000,Neutral,55.84416227811603,5.896,5.7555,6.2208,5.5828,5.9006,25.780000686645508,0.6433,SOFI,0.73,Neutral,0.5247,0.6083,3.3773283034144157,86,378.989990234375,0.0,0.0
2023-04-15,5.920000076293945,5.989999771118164,6.03000020980835,5.769999980926514,5.920000076293945,24086000.0,18361.011188657285,0,3.0909520697618973,18357.920236587524,3101,-34.32614004205467,28000,Neutral,55.84416227811603,5.896,5.7555,6.2208,5.5828,5.9006,25.780000686645508,0.6433,SOFI,0.73,Neutral,0.5247,0.6083,3.3773283034144157,86,378.989990234375,0.0,0.0
2023-04-16,5.920000076293945,5.989999771118164,6.03000020980835,5.769999980926514,5.920000076293945,24086000.0,18361.011188657285,0,3.0909520697618973,18357.920236587524,3101,-34.32614004205467,28000,Neutral,55.84416227811603,5.896,5.7555,6.2208,5.5828,5.9006,25.780000686645508,0.6433,SOFI,0.73,Neutral,0.5247,0.6083,3.3773283034144157,86,378.989990234375,0.0,0.0
2023-04-17,5.960000038146973,5.889999866485596,6.0,5.809999942779541,5.960000038146973,24908100.0,18485.051070363523,0,3.0909520697618973,18481.960118293762,3101,-33.88314046453238,28000,Neutral,56.41024857269839,5.906,5.7805,6.23,5.5896,5.8991,25.780000686645508,0.6644,SOFI,0.7266,Neutral,0.5205,0.5996,3.896263558985247,86,380.2799987792969,0.0,0.0
2023-04-18,5.980000019073486,6.0,6.019999980926514,5.894999980926514,5.980000019073486,17036300.0,18547.07101121664,0,3.0909520697618973,18543.98005914688,3101,-33.661640675771245,28000,Neutral,63.82977931913757,5.908,5.8185,6.2352,5.5963,5.8974,25.780000686645508,0.6737,SOFI,0.7249,Neutral,0.5237,0.5869,4.000858396520755,86,380.5400085449219,0.0,0.0
2023-04-19,6.079999923706055,5.900000095367432,6.099999904632568,5.869999885559082,6.079999923706055,18337500.0,18857.170715482236,0,3.0909520697618973,18854.079763412476,3101,-32.55414173196555,28000,Neutral,62.22221594288693,5.96,5.844,6.2387,5.5998,5.8929,25.780000686645508,0.76,SOFI,0.7333,Neutral,0.5151,0.5548,3.992805085086104,86,380.5199890136719,0.0,0.0
2023-04-20,5.920000076293945,5.980000019073486,6.045000076293945,5.880000114440918,5.920000076293945,18844900.0,18361.011188657285,0,3.0909520697618973,18357.920236587524,3101,-34.32614004205467,28000,Neutral,56.75676633529706,5.972,5.862,6.2408,5.603,5.8891,25.780000686645508,0.6073,SOFI,0.7284,Neutral,0.5258,0.5232,3.127921176727618,86,378.3699951171875,0.0,0.0
2023-04-21,5.940000057220459,5.900000095367432,5.989999771118164,5.849999904632568,5.940000057220459,16723200.0,18423.031129510404,0,3.0909520697618973,18419.940177440643,3101,-34.10464025329353,28000,Neutral,44.3478192363637,5.976,5.87,6.2433,5.6079,5.8871,25.780000686645508,0.5062,SOFI,0.739,Neutral,0.5187,0.4981,3.2164216677831945,86,378.5899963378906,0.0,0.0
2023-04-22,5.940000057220459,5.900000095367432,5.989999771118164,5.849999904632568,5.940000057220459,16723200.0,18423.031129510404,0,3.0909520697618973,18419.940177440643,3101,-34.10464025329353,28000,Neutral,44.3478192363637,5.976,5.87,6.2433,5.6079,5.8871,25.780000686645508,0.5062,SOFI,0.739,Neutral,0.5187,0.4981,3.2164216677831945,86,378.5899963378906,0.0,0.0
2023-04-23,5.940000057220459,5.900000095367432,5.989999771118164,5.849999904632568,5.940000057220459,16723200.0,18423.031129510404,0,3.0909520697618973,18419.940177440643,3101,-34.10464025329353,28000,Neutral,44.3478192363637,5.976,5.87,6.2433,5.6079,5.8871,25.780000686645508,0.5062,SOFI,0.739,Neutral,0.5187,0.4981,3.2164216677831945,86,378.5899963378906,0.0,0.0
2023-04-24,5.829999923706055,5.920000076293945,5.949999809265137,5.789999961853027,5.829999923706055,20058000.0,18081.920715482236,0,3.0909520697618973,18078.829763412476,3101,-35.32289173196555,28000,Neutral,41.80326555339502,5.95,5.8745,6.2453,5.6111,5.8865,25.780000686645508,0.3011,SOFI,0.7359,Neutral,0.5188,0.4953,3.417558031419567,86,379.0899963378906,0.0,0.0
2023-04-25,5.75,5.775000095367432,5.840000152587891,5.71999979019165,5.75,21036200.0,17833.84095206976,0,3.0909520697618973,17830.75,3101,-36.20889088701011,28000,Neutral,43.96551972195446,5.904,5.874,6.2422,5.6137,5.8886,25.780000686645508,0.0729,SOFI,0.7348,Neutral,0.5548,0.4797,1.0079483235005284,86,373.1000061035156,0.0,0.0
2023-04-26,5.670000076293945,5.809999942779541,5.880000114440918,5.659999847412109,5.670000076293945,24210900.0,17585.761188657285,0,3.0909520697618973,17582.670236587524,3101,-37.094890042054665,28000,Neutral,46.78900246468122,5.822,5.878,6.2253,5.6132,5.8893,25.780000686645508,-0.1589,SOFI,0.7324,Neutral,0.5554,0.4553,0.34017412306111083,86,371.4400024414063,0.0,0.0
2023-04-27,6.059999942779541,5.769999980926514,6.190000057220459,5.75,6.059999942779541,43199900.0,18795.150774629117,0,3.0909520697618973,18792.059822559357,3101,-32.77564152072669,28000,Neutral,60.54422408639388,5.85,5.8935,6.2108,5.621,5.891,25.780000686645508,0.1314,SOFI,0.7366,Neutral,0.5242,0.443,3.304922158838771,86,378.80999755859375,0.0,0.0
2023-04-28,6.230000019073486,6.150000095367432,6.300000190734863,5.940000057220459,6.230000019073486,55605100.0,19322.32101121664,0,3.0909520697618973,19319.23005914688,3101,-30.892890675771245,28000,Neutral,60.81082343707663,5.908,5.919,6.1917,5.6282,5.8888,25.780000686645508,0.4916,SOFI,0.7466,Neutral,0.5047,0.4488,4.608281866757835,86,382.0499877929688,0.0,0.0
2023-04-29,6.230000019073486,6.150000095367432,6.300000190734863,5.940000057220459,6.230000019073486,55605100.0,19322.32101121664,0,3.0909520697618973,19319.23005914688,3101,-30.892890675771245,28000,Neutral,60.81082343707663,5.908,5.919,6.1917,5.6282,5.8888,25.780000686645508,0.4916,SOFI,0.7466,Neutral,0.5047,0.4488,4.608281866757835,86,382.0499877929688,0.0,0.0
2023-04-30,6.230000019073486,6.150000095367432,6.300000190734863,5.940000057220459,6.230000019073486,55605100.0,19322.32101121664,0,3.0909520697618973,19319.23005914688,3101,-30.892890675771245,28000,Neutral,60.81082343707663,5.908,5.919,6.1917,5.6282,5.8888,25.780000686645508,0.4916,SOFI,0.7466,Neutral,0.5047,0.4488,4.608281866757835,86,382.0499877929688,0.0,0.0
2023-05-01,5.46999979019165,6.519999980926514,6.539999961853027,5.460000038146973,5.46999979019165,125423700.0,17964.559291492464,0,1.0799805030849257,17963.47931098938,3284,-37.95442382398474,29000,"cash_0%_Buy 100% of cash (183 shares - DCA Strategy) Monthly invest 3.4% of total investment ($1,000.00)",38.53210668031559,5.836,5.889,6.1542,5.6307,5.8828,25.780000686645508,-0.1283,SOFI,0.7328,Neutral,0.5044,0.4385,3.8971124992512642,89,381.7900085449219,0.0,0.0
2023-05-02,4.90500020980835,5.260000228881836,5.300000190734863,4.71999979019165,4.90500020980835,115499500.0,16109.100669513706,0,1.0799805030849257,16108.02068901062,3284,-44.35255700322184,29000,Neutral,32.36993826656877,5.667,5.8327,6.1116,5.6284,5.8739,25.780000686645508,-1.1381,SOFI,0.7471,Neutral,0.5426,0.4198,2.1803040001400404,89,377.510009765625,0.0,0.0
2023-05-03,4.849999904632568,4.96999979019165,5.078999996185303,4.75,4.849999904632568,64212800.0,15928.47966731644,0,1.0799805030849257,15927.399686813354,3284,-44.975388045281385,29000,Neutral,30.651334066310696,5.503,5.7807,6.0689,5.6263,5.864,25.780000686645508,-1.7914,SOFI,0.7471,Neutral,0.5543,0.3963,1.125346985348962,89,374.8800048828125,0.0,0.0
2023-05-04,4.894999980926514,4.78000020980835,4.914999961853027,4.590000152587891,4.894999980926514,59715600.0,16076.259917865757,0,1.0799805030849257,16075.17993736267,3284,-44.46580097442167,29000,Neutral,30.25047826127701,5.27,5.7385,6.0275,5.6256,5.8521,25.780000686645508,-2.0663,SOFI,0.734,Neutral,0.5808,0.3724,0.026272250886179904,89,372.1400146484375,0.0,0.0
2023-05-05,5.159999847412109,5.010000228881836,5.170000076293945,4.989999771118164,5.159999847412109,40980200.0,16946.51947940445,0,1.0799805030849257,16945.439498901367,3284,-41.464905934633066,29000,Neutral,35.81559792004285,5.056,5.709,5.9935,5.6241,5.8424,25.780000686645508,-1.8203,SOFI,0.7466,Neutral,0.5333,0.3633,2.7659410220084695,89,378.9700012207031,0.0,0.0
2023-05-06,5.159999847412109,5.010000228881836,5.170000076293945,4.989999771118164,5.159999847412109,40980200.0,16946.51947940445,0,1.0799805030849257,16945.439498901367,3284,-41.464905934633066,29000,Neutral,35.81559792004285,5.056,5.709,5.9935,5.6241,5.8424,25.780000686645508,-1.8203,SOFI,0.7466,Neutral,0.5333,0.3633,2.7659410220084695,89,378.9700012207031,0.0,0.0
2023-05-07,5.159999847412109,5.010000228881836,5.170000076293945,4.989999771118164,5.159999847412109,40980200.0,16946.51947940445,0,1.0799805030849257,16945.439498901367,3284,-41.464905934633066,29000,Neutral,35.81559792004285,5.056,5.709,5.9935,5.6241,5.8424,25.780000686645508,-1.8203,SOFI,0.7466,Neutral,0.5333,0.3633,2.7659410220084695,89,378.9700012207031,0.0,0.0
2023-05-08,5.46999979019165,5.179999828338623,5.489999771118164,5.179999828338623,5.46999979019165,39933900.0,17964.559291492464,0,1.0799805030849257,17963.47931098938,3284,-37.95442382398474,29000,Neutral,41.800638501890944,5.056,5.687,5.9698,5.6201,5.8349,25.780000686645508,-1.1934,SOFI,0.7458,Neutral,0.5267,0.3758,2.850173549494883,89,379.1799926757813,0.0,0.0
2023-05-09,5.409999847412109,5.349999904632568,5.550000190734863,5.340000152587891,5.409999847412109,26785200.0,17767.51947940445,0,1.0799805030849257,17766.439498901367,3284,-38.63387145187445,29000,Neutral,39.087945555442346,5.157,5.659,5.9465,5.6163,5.8294,25.780000686645508,-0.7878,SOFI,0.7383,Neutral,0.5391,0.4015,2.1923372183523924,89,377.5400085449219,0.0,0.0
2023-05-10,5.480000019073486,5.579999923706055,5.599999904632568,5.380000114440918,5.480000019073486,28624400.0,17997.400043140413,0,1.0799805030849257,17996.32006263733,3284,-37.841179852784926,29000,Neutral,42.61744875160672,5.283,5.642,5.9252,5.6132,5.823,25.780000686645508,-0.3884,SOFI,0.7386,Neutral,0.5277,0.4249,2.854188702672552,89,379.1900024414063,0.0,0.0
2023-05-11,5.139999866485596,5.440000057220459,5.440000057220459,5.119999885559082,5.139999866485596,36075600.0,16880.83954204178,0,1.0799805030849257,16879.759561538696,3284,-41.69138847726297,29000,Neutral,37.87878568945303,5.332,5.606,5.8985,5.61,5.8147,25.780000686645508,-0.494,SOFI,0.7294,Neutral,0.5269,0.4284,2.641593686707374,89,378.6600036621094,0.0,0.0
2023-05-12,5.019999980926514,5.170000076293945,5.21999979019165,4.925000190734863,5.019999980926514,44765900.0,16486.759917865755,0,1.0799805030849257,16485.67993736267,3284,-43.05028373304236,29000,Neutral,37.76435110601012,5.304,5.561,5.8613,5.607,5.8041,25.780000686645508,-0.6568,SOFI,0.7246,Neutral,0.526,0.4144,2.4370167357769006,89,378.1499938964844,0.0,0.0
2023-05-13,5.019999980926514,5.170000076293945,5.21999979019165,4.925000190734863,5.019999980926514,44765900.0,16486.759917865755,0,1.0799805030849257,16485.67993736267,3284,-43.05028373304236,29000,Neutral,37.76435110601012,5.304,5.561,5.8613,5.607,5.8041,25.780000686645508,-0.6568,SOFI,0.7246,Neutral,0.526,0.4144,2.4370167357769006,89,378.1499938964844,0.0,0.0
2023-05-14,5.019999980926514,5.170000076293945,5.21999979019165,4.925000190734863,5.019999980926514,44765900.0,16486.759917865755,0,1.0799805030849257,16485.67993736267,3284,-43.05028373304236,29000,Neutral,37.76435110601012,5.304,5.561,5.8613,5.607,5.8041,25.780000686645508,-0.6568,SOFI,0.7246,Neutral,0.526,0.4144,2.4370167357769006,89,378.1499938964844,0.0,0.0
2023-05-15,4.769999980926514,4.679999828338623,4.840000152587891,4.449999809265137,4.769999980926514,103290700.0,15665.759917865757,0,1.0799805030849257,15664.67993736267,3284,-45.88131821580098,29000,Neutral,35.91954003301413,5.164,5.5015,5.8245,5.6036,5.7929,25.780000686645508,-1.006,SOFI,0.7222,Neutral,0.5242,0.4032,2.9624876665835984,89,379.4599914550781,0.0,0.0
2023-05-16,4.760000228881836,4.789999961853027,4.820000171661377,4.610000133514404,4.760000228881836,38510800.0,15632.920732151035,0,1.0799805030849257,15631.84075164795,3284,-45.994556787231055,29000,Neutral,36.656893135893846,5.034,5.4405,5.7935,5.6027,5.7833,25.780000686645508,-1.1685,SOFI,0.7082,Neutral,0.5327,0.3802,1.9556757659625816,89,376.9500122070313,0.0,0.0
2023-05-17,4.960000038146973,4.760000228881836,4.980000019073486,4.690000057220459,4.960000038146973,42730500.0,16289.720105777744,0,1.0799805030849257,16288.640125274658,3284,-43.72973136093206,29000,Neutral,32.91925502630083,4.93,5.3845,5.7692,5.6053,5.7731,25.780000686645508,-0.941,SOFI,0.7124,Neutral,0.515,0.3798,3.7607319457378736,89,381.4500122070313,0.0,0.0
2023-05-18,5.070000171661377,4.980000019073486,5.135000228881836,4.920000076293945,5.070000171661377,35183400.0,16650.960544239046,0,1.0799805030849257,16649.880563735962,3284,-42.48407467658274,29000,Neutral,31.64557114833258,4.916,5.342,5.7447,5.6087,5.7651,25.780000686645508,-0.583,SOFI,0.7233,Neutral,0.5009,0.3746,5.256915122528589,89,385.1799926757813,0.0,0.0
2023-05-19,4.929999828338623,5.070000171661377,5.130000114440918,4.909999847412109,4.929999828338623,26196400.0,16191.199416767124,0,1.0799805030849257,16190.119436264038,3284,-44.069457874761774,29000,Neutral,39.37007933143674,4.898,5.2915,5.7177,5.6115,5.7571,25.780000686645508,-0.469,SOFI,0.7118,Neutral,0.5093,0.378,5.012235605104088,89,384.5700073242188,0.0,0.0
2023-05-20,4.929999828338623,5.070000171661377,5.130000114440918,4.909999847412109,4.929999828338623,26196400.0,16191.199416767124,0,1.0799805030849257,16190.119436264038,3284,-44.069457874761774,29000,Neutral,39.37007933143674,4.898,5.2915,5.7177,5.6115,5.7571,25.780000686645508,-0.469,SOFI,0.7118,Neutral,0.5093,0.378,5.012235605104088,89,384.5700073242188,0.0,0.0
2023-05-21,4.929999828338623,5.070000171661377,5.130000114440918,4.909999847412109,4.929999828338623,26196400.0,16191.199416767124,0,1.0799805030849257,16190.119436264038,3284,-44.069457874761774,29000,Neutral,39.37007933143674,4.898,5.2915,5.7177,5.6115,5.7571,25.780000686645508,-0.469,SOFI,0.7118,Neutral,0.5093,0.378,5.012235605104088,89,384.5700073242188,0.0,0.0
2023-05-22,5.260000228881836,4.989999771118164,5.340000152587891,4.920000076293945,5.260000228881836,42509300.0,17274.920732151033,0,1.0799805030849257,17273.84075164795,3284,-40.33248782171381,29000,Neutral,57.70064856037636,4.996,5.263,5.699,5.6182,5.7504,25.780000686645508,0.0706,SOFI,0.7046,Neutral,0.5147,0.378,5.096468132590438,89,384.7799987792969,0.0,0.0
2023-05-23,5.289999961853027,5.239999771118164,5.489999771118164,5.21999979019165,5.289999961853027,43878300.0,17373.439855228426,0,1.0799805030849257,17372.35987472534,3284,-39.992766707653836,29000,Neutral,59.649123173928224,5.102,5.24,5.6802,5.6243,5.7447,25.780000686645508,0.4774,SOFI,0.6994,Neutral,0.538,0.3901,3.3716415684445593,89,380.4800109863281,0.0,0.0
2023-05-24,5.309999942779541,5.199999809265137,5.329999923706055,5.130000114440918,5.309999942779541,23887800.0,17439.119792591096,0,1.0799805030849257,17438.039812088013,3284,-39.76628416502395,29000,Neutral,59.2017725231007,5.172,5.222,5.6587,5.6283,5.7414,25.780000686645508,0.7659,SOFI,0.6948,Neutral,0.5614,0.401,2.2284368729894126,89,377.6300048828125,0.0,0.0
2023-05-25,5.210000038146973,5.389999866485596,5.400000095367432,5.090000152587891,5.210000038146973,24474900.0,17110.720105777742,0,1.0799805030849257,17109.64012527466,3284,-40.898696878173446,29000,Neutral,51.1961767245077,5.2,5.1795,5.6382,5.6322,5.7383,25.780000686645508,0.8159,SOFI,0.7065,Neutral,0.543,0.3924,3.5481369297726744,89,380.9200134277344,0.0,0.0
2023-05-26,5.409999847412109,5.239999771118164,5.480000019073486,5.21999979019165,5.409999847412109,26982900.0,17767.51947940445,0,1.0799805030849257,17766.439498901367,3284,-38.63387145187445,29000,Neutral,48.48484994440512,5.296,5.1385,5.6208,5.6382,5.7375,25.780000686645508,1.0798,SOFI,0.7289,Neutral,0.5227,0.3902,5.533691382733096,89,385.8699951171875,0.0,0.0
2023-05-27,5.409999847412109,5.239999771118164,5.480000019073486,5.21999979019165,5.409999847412109,26982900.0,17767.51947940445,0,1.0799805030849257,17766.439498901367,3284,-38.63387145187445,29000,Neutral,48.48484994440512,5.296,5.1385,5.6208,5.6382,5.7375,25.780000686645508,1.0798,SOFI,0.7289,Neutral,0.5227,0.3902,5.533691382733096,89,385.8699951171875,0.0,0.0
2023-05-28,5.409999847412109,5.239999771118164,5.480000019073486,5.21999979019165,5.409999847412109,26982900.0,17767.51947940445,0,1.0799805030849257,17766.439498901367,3284,-38.63387145187445,29000,Neutral,48.48484994440512,5.296,5.1385,5.6208,5.6382,5.7375,25.780000686645508,1.0798,SOFI,0.7289,Neutral,0.5227,0.3902,5.533691382733096,89,385.8699951171875,0.0,0.0
2023-05-29,5.409999847412109,5.239999771118164,5.480000019073486,5.21999979019165,5.409999847412109,26982900.0,17767.51947940445,0,1.0799805030849257,17766.439498901367,3284,-38.63387145187445,29000,Neutral,48.48484994440512,5.296,5.1385,5.6208,5.6382,5.7375,25.780000686645508,1.0798,SOFI,0.7289,Neutral,0.5227,0.3902,5.533691382733096,89,385.8699951171875,0.0,0.0
2023-05-30,6.03000020980835,5.809999942779541,6.050000190734863,5.590000152587891,6.03000020980835,68003300.0,19803.600669513704,0,1.0799805030849257,19802.52068901062,3284,-31.61290183080806,29000,Neutral,62.20472943532165,5.45,5.1665,5.6093,5.6507,5.7379,25.780000686645508,1.9627,SOFI,0.7338,Neutral,0.52,0.3596,5.581824255582468,89,385.989990234375,0.0,0.0
2023-05-31,6.940000057220459,6.199999809265137,7.019999980926514,6.099999904632568,6.940000057220459,152429200.0,22792.04016841507,0,1.0799805030849257,22790.960187911987,3284,-21.307938041492992,29000,Neutral,71.59763296914073,5.78,5.2682,5.6137,5.6725,5.7421,25.780000686645508,3.4745,SOFI,0.7471,Neutral,0.5336,0.3234,4.739474498077186,89,383.8900146484375,0.0,0.0
2023-06-01,6.820000171661377,6.710000038146973,7.260000228881836,6.630000114440918,6.820000171661377,108760600.0,23396.964824213985,0,4.364235415461508,23392.600588798523,3430,-21.91129725416502,30000,"cash_0%_Buy 100% of cash (146 shares - DCA Strategy) Monthly invest 3.3% of total investment ($1,000.00)",76.58228459333031,6.082,5.3668,5.6188,5.6935,5.7477,25.780000686645508,4.0591,SOFI,0.7617,CashBuild,0.4973,0.3276,5.597149615498843,91,387.5700073242188,0.0,0.0
2023-06-02,7.03000020980835,7.110000133514404,7.110000133514404,6.710000038146973,7.03000020980835,63585600.0,24117.2649550581,0,4.364235415461508,24112.90071964264,3430,-19.51029681801796,30000,CashBuild,80.92308044433594,6.446,5.4735,5.6282,5.7154,5.7532,25.780000686645508,4.4046,SOFI,0.7682,CashBuild,0.4783,0.3329,7.866828367126423,91,393.260009765625,0.0,0.0
2023-06-03,7.03000020980835,7.110000133514404,7.110000133514404,6.710000038146973,7.03000020980835,63585600.0,24117.2649550581,0,4.364235415461508,24112.90071964264,3430,-19.51029681801796,30000,CashBuild,80.92308044433594,6.446,5.4735,5.6282,5.7154,5.7532,25.780000686645508,4.4046,SOFI,0.7682,CashBuild,0.4783,0.3329,7.866828367126423,91,393.260009765625,0.0,0.0
2023-06-04,7.03000020980835,7.110000133514404,7.110000133514404,6.710000038146973,7.03000020980835,63585600.0,24117.2649550581,0,4.364235415461508,24112.90071964264,3430,-19.51029681801796,30000,CashBuild,80.92308044433594,6.446,5.4735,5.6282,5.7154,5.7532,25.780000686645508,4.4046,SOFI,0.7682,CashBuild,0.4783,0.3329,7.866828367126423,91,393.260009765625,0.0,0.0
2023-06-05,7.25,7.119999885559082,7.599999904632568,7.074999809265137,7.25,69556200.0,24871.86423541546,0,4.364235415461508,24867.5,3430,-16.99496588349343,30000,CashBuild,88.50931957554383,6.814,5.578,5.6475,5.7397,5.7596,25.780000686645508,4.5732,SOFI,0.755,CashBuild,0.4776,0.3426,7.563668916171551,91,392.5,0.0,0.0
2023-06-06,7.650000095367432,7.179999828338623,7.755000114440918,7.139999866485596,7.650000095367432,56839700.0,26243.864562525752,0,4.364235415461508,26239.50032711029,3430,-12.42163145979246,30000,CashBuild,90.0276975013866,7.138,5.687,5.682,5.7663,5.7682,25.780000686645508,4.7825,SOFI,0.7602,CashBuild,0.4662,0.3612,7.886767942321725,91,393.30999755859375,0.0,0.0
2023-06-07,7.739999771118164,7.860000133514404,8.0,7.639999866485596,7.739999771118164,60872200.0,26552.563450350764,0,4.364235415461508,26548.199214935303,3430,-11.392635167042421,30000,CashBuild,89.71428189958844,7.298,5.8035,5.7195,5.7939,5.7763,25.780000686645508,4.6688,SOFI,0.7512,CashBuild,0.4627,0.3821,7.37219786718066,91,392.0199890136719,0.0,0.0
2023-06-08,8.119999885559082,7.690000057220459,8.199999809265137,7.659999847412109,8.119999885559082,66988400.0,27855.963842883113,0,4.364235415461508,27851.59960746765,3430,-7.047967191934591,30000,Neutral,90.45092479215528,7.558,5.9355,5.7623,5.8224,5.7846,25.780000686645508,4.6259,SOFI,0.7453,Neutral,0.459,0.3834,8.309589190694112,91,394.3699951171875,0.0,0.0
2023-06-09,8.180000305175781,8.25,8.8100004196167,8.109999656677246,8.180000305175781,84928700.0,28061.76528216839,0,4.364235415461508,28057.40104675293,3430,-6.36196239431699,30000,Neutral,94.0379461577199,7.788,6.0875,5.8085,5.852,5.794,25.780000686645508,4.3081,SOFI,0.7432,Neutral,0.4607,0.3709,8.572857318135526,91,395.0299987792969,0.0,0.0
2023-06-10,8.180000305175781,8.25,8.8100004196167,8.109999656677246,8.180000305175781,84928700.0,28061.76528216839,0,4.364235415461508,28057.40104675293,3430,-6.36196239431699,30000,Neutral,94.0379461577199,7.788,6.0875,5.8085,5.852,5.794,25.780000686645508,4.3081,SOFI,0.7432,Neutral,0.4607,0.3709,8.572857318135526,91,395.0299987792969,0.0,0.0
2023-06-11,8.180000305175781,8.25,8.8100004196167,8.109999656677246,8.180000305175781,84928700.0,28061.76528216839,0,4.364235415461508,28057.40104675293,3430,-6.36196239431699,30000,Neutral,94.0379461577199,7.788,6.0875,5.8085,5.852,5.794,25.780000686645508,4.3081,SOFI,0.7432,Neutral,0.4607,0.3709,8.572857318135526,91,395.0299987792969,0.0,0.0
2023-06-12,9.15999984741211,8.460000038146973,9.300000190734863,8.399999618530273,9.15999984741211,117905100.0,31423.163712038997,0,4.364235415461508,31418.799476623535,3430,4.842699038585019,30000,Neutral,94.9308794746616,8.17,6.2945,5.8703,5.8897,5.809,25.780000686645508,4.6361,SOFI,0.7443,Neutral,0.4782,0.3431,10.020825932501843,91,398.6600036621094,0.0,0.0
2023-06-13,9.539999961853027,9.539999961853027,9.609999656677246,8.890000343322754,9.539999961853027,108293500.0,32726.564104571346,0,4.364235415461508,32722.199869155884,3430,9.18736701369286,30000,Neutral,95.30917249733164,8.548,6.533,5.9383,5.9322,5.8257,25.780000686645508,4.7527,SOFI,0.7453,Neutral,0.4696,0.3311,11.06990565797927,91,401.2900085449219,0.0,0.0
2023-06-14,9.739999771118164,9.789999961853027,10.229999542236328,9.289999961853027,9.739999771118164,128420300.0,33412.56345035076,0,4.364235415461508,33408.1992149353,3430,11.474031499624237,30000,CashBuild,95.48254996093752,8.948,6.782,6.0137,5.9753,5.8443,25.780000686645508,4.564,SOFI,0.7531,CashBuild,0.4595,0.3194,11.193560239685006,91,401.6000061035156,0.0,0.0
2023-06-15,9.550000190734863,9.18000030517578,9.579999923706056,8.880000114440918,9.550000190734863,97639300.0,32760.864889636043,0,4.364235415461508,32756.50065422058,3430,9.30170296390852,30000,Neutral,93.75000961365416,9.234,7.0115,6.08,6.0162,5.8615,25.780000686645508,3.8931,SOFI,0.7426,Neutral,0.4649,0.3255,13.24783558283822,91,406.75,0.0,0.0
2023-06-16,8.600000381469727,8.90999984741211,9.18000030517578,8.5,8.600000381469727,107556900.0,29502.365543856624,0,4.364235415461508,29498.001308441162,3430,-1.5599615220228902,30000,Neutral,77.9334592428593,9.318,7.188,6.1307,6.0497,5.873,25.780000686645508,2.4058,SOFI,0.7449,Neutral,0.4495,0.3456,12.64950224950487,91,405.25,0.0,0.0
2023-06-17,8.600000381469727,8.90999984741211,9.18000030517578,8.5,8.600000381469727,107556900.0,29502.365543856624,0,4.364235415461508,29498.001308441162,3430,-1.5599615220228902,30000,Neutral,77.9334592428593,9.318,7.188,6.1307,6.0497,5.873,25.780000686645508,2.4058,SOFI,0.7449,Neutral,0.4495,0.3456,12.64950224950487,91,405.25,0.0,0.0
2023-06-18,8.600000381469727,8.90999984741211,9.18000030517578,8.5,8.600000381469727,107556900.0,29502.365543856624,0,4.364235415461508,29498.001308441162,3430,-1.5599615220228902,30000,Neutral,77.9334592428593,9.318,7.188,6.1307,6.0497,5.873,25.780000686645508,2.4058,SOFI,0.7449,Neutral,0.4495,0.3456,12.64950224950487,91,405.25,0.0,0.0
2023-06-19,8.600000381469727,8.90999984741211,9.18000030517578,8.5,8.600000381469727,107556900.0,29502.365543856624,0,4.364235415461508,29498.001308441162,3430,-1.5599615220228902,30000,Neutral,77.9334592428593,9.318,7.188,6.1307,6.0497,5.873,25.780000686645508,2.4058,SOFI,0.7449,Neutral,0.4495,0.3456,12.64950224950487,91,405.25,0.0,0.0
2023-06-20,8.59000015258789,8.3100004196167,8.640000343322754,8.199999809265137,8.59000015258789,49114900.0,29468.064758791927,0,4.364235415461508,29463.700523376465,3430,-1.6742974722385395,30000,Neutral,75.09804381722996,9.204,7.371,6.1775,6.0829,5.8842,25.780000686645508,1.2323,SOFI,0.7406,Neutral,0.4568,0.3745,11.903581974982309,91,403.3800048828125,0.0,0.0
2023-06-21,8.630000114440918,8.510000228881836,8.770000457763672,8.34000015258789,8.630000114440918,37733600.0,29605.26462794781,0,4.364235415461508,29600.90039253235,3430,-1.2169645750522595,30000,Neutral,69.9763644281205,9.022,7.5395,6.2257,6.1182,5.8941,25.780000686645508,0.3534,SOFI,0.7403,Neutral,0.4491,0.3947,11.022040939012264,91,401.1700134277344,0.0,0.0
2023-06-22,8.489999771118164,8.539999961853027,8.6899995803833,8.350000381469727,8.489999771118164,30149500.0,29125.063450350764,0,4.364235415461508,29120.699214935303,3430,-2.8176351670424205,30000,Neutral,69.64705631559667,8.772,7.6995,6.2712,6.1526,5.9037,25.780000686645508,-0.4315,SOFI,0.7393,Neutral,0.4424,0.3684,11.604415308315637,91,402.6300048828125,0.0,0.0
2023-06-23,8.279999732971191,7.909999847412109,8.289999961853027,7.710000038146973,8.279999732971191,62332800.0,28404.76331950665,0,4.364235415461508,28400.399084091187,3430,-5.218635603189471,30000,Neutral,64.70587839304739,8.518,7.848,6.316,6.1833,5.9132,25.780000686645508,-1.1659,SOFI,0.7397,Neutral,0.4528,0.3404,10.399763073072599,91,399.6099853515625,0.0,0.0
2023-06-24,8.279999732971191,7.909999847412109,8.289999961853027,7.710000038146973,8.279999732971191,62332800.0,28404.76331950665,0,4.364235415461508,28400.399084091187,3430,-5.218635603189471,30000,Neutral,64.70587839304739,8.518,7.848,6.316,6.1833,5.9132,25.780000686645508,-1.1659,SOFI,0.7397,Neutral,0.4528,0.3404,10.399763073072599,91,399.6099853515625,0.0,0.0
2023-06-25,8.279999732971191,7.909999847412109,8.289999961853027,7.710000038146973,8.279999732971191,62332800.0,28404.76331950665,0,4.364235415461508,28400.399084091187,3430,-5.218635603189471,30000,Neutral,64.70587839304739,8.518,7.848,6.316,6.1833,5.9132,25.780000686645508,-1.1659,SOFI,0.7397,Neutral,0.4528,0.3404,10.399763073072599,91,399.6099853515625,0.0,0.0
2023-06-26,8.199999809265137,8.239999771118164,8.65999984741211,8.140000343322754,8.199999809265137,33526600.0,28130.36358119488,0,4.364235415461508,28125.99934577942,3430,-6.133301397562031,30000,Neutral,61.55717626060788,8.438,7.9975,6.3568,6.2132,5.9222,25.780000686645508,-1.7272,SOFI,0.7377,Neutral,0.4664,0.3207,9.741598841030495,91,397.9599914550781,0.0,0.0
2023-06-27,8.640000343322754,8.329999923706055,8.720000267028809,8.319999694824219,8.640000343322754,39402300.0,29639.565413012508,0,4.364235415461508,29635.201177597046,3430,-1.1026286248366102,30000,Neutral,61.92771355668692,8.448,8.159,6.4055,6.2477,5.9334,25.780000686645508,-1.7503,SOFI,0.7442,Neutral,0.458,0.3023,11.500700301805232,91,402.3699951171875,0.0,0.0
2023-06-28,8.869999885559082,8.59000015258789,9.09000015258789,8.579999923706055,8.869999885559082,36374400.0,30428.463842883113,0,4.364235415461508,30424.09960746765,3430,1.5270328080654205,30000,Neutral,63.1701646210834,8.496,8.301,6.4522,6.2819,5.9457,25.780000686645508,-1.5972,SOFI,0.7483,Neutral,0.4553,0.2903,11.572497380255783,91,402.5499877929688,0.0,0.0
2023-06-29,8.710000038146973,9.06999969482422,9.279999732971191,8.600000381469727,8.710000038146973,42722400.0,29879.664366259578,0,4.364235415461508,29875.300130844116,3430,-0.3022987806796995,30000,Neutral,57.24815966618116,8.54,8.3895,6.4968,6.3159,5.9558,25.780000686645508,-1.6343,SOFI,0.7358,Neutral,0.4522,0.298,12.185199478237507,91,402.510009765625,1.576,0.0
2023-06-30,8.34000015258789,8.920000076293945,9.40999984741211,8.319999694824219,8.34000015258789,98384600.0,28610.564758791927,0,4.364235415461508,28606.200523376465,3430,-4.5326308055718805,30000,Neutral,51.82648262635861,8.552,8.4655,6.5377,6.3469,5.9641,25.780000686645508,-1.939,SOFI,0.7425,Neutral,0.4536,0.3149,14.087895095913282,91,407.2799987792969,0.0,0.0
2023-07-01,8.34000015258789,8.920000076293945,9.40999984741211,8.319999694824219,8.34000015258789,98384600.0,29609.563958773615,0,2.5634170866040904,29607.00054168701,3550,-4.386457553888146,31000,"cash_0%_Buy 100% of cash (120 shares - DCA Strategy) Monthly invest 3.2% of total investment ($1,000.00)",51.82648262635861,8.552,8.4655,6.5377,6.3469,5.9641,25.780000686645508,-1.939,SOFI,0.7425,Neutral,0.4536,0.3149,13.388787441481128,95,407.2799987792969,0.0,0.0
2023-07-02,8.34000015258789,8.920000076293945,9.40999984741211,8.319999694824219,8.34000015258789,98384600.0,29609.563958773615,0,2.5634170866040904,29607.00054168701,3550,-4.386457553888146,31000,Neutral,51.82648262635861,8.552,8.4655,6.5377,6.3469,5.9641,25.780000686645508,-1.939,SOFI,0.7425,Neutral,0.4536,0.3149,13.388787441481128,95,407.2799987792969,0.0,0.0
2023-07-03,8.520000457763672,8.359999656677246,8.640000343322754,8.350000381469727,8.520000457763672,26842000.0,30248.56504214764,0,2.5634170866040904,30246.001625061035,3550,-2.3251637365525823,31000,Neutral,41.061460847939024,8.616,8.54,6.584,6.3777,5.972,25.780000686645508,-1.9745,SOFI,0.7291,Neutral,0.4525,0.3394,13.69992981168415,95,408.05999755859375,0.0,0.0
2023-07-04,8.520000457763672,8.359999656677246,8.640000343322754,8.350000381469727,8.520000457763672,26842000.0,30248.56504214764,0,2.5634170866040904,30246.001625061035,3550,-2.3251637365525823,31000,Neutral,41.061460847939024,8.616,8.54,6.584,6.3777,5.972,25.780000686645508,-1.9745,SOFI,0.7291,Neutral,0.4525,0.3394,13.69992981168415,95,408.05999755859375,0.0,0.0
2023-07-05,8.380000114440918,8.489999771118164,8.680000305175781,8.3100004196167,8.380000114440918,26954600.0,29751.563823351862,0,2.5634170866040904,29749.00040626526,3550,-3.928393474603476,31000,Neutral,32.63473361650415,8.564,8.5965,6.6278,6.4049,5.9779,25.780000686645508,-2.0771,SOFI,0.6576,Neutral,0.6438,0.3581,13.336928350864703,95,407.1499938964844,0.0,0.0
2023-07-06,8.100000381469727,8.229999542236328,8.260000228881836,7.855000019073486,8.100000381469727,38013800.0,28757.564771304133,0,2.5634170866040904,28755.00135421753,3550,-7.134842029596145,31000,RiskWatch,26.023401271008023,8.41,8.619,6.6643,6.4295,5.9823,25.780000686645508,-2.3176,SOFI,0.6409,RiskWatch,0.6585,0.3634,12.012573780874149,95,403.8299865722656,0.0,0.0
2023-07-07,8.050000190734863,8.09000015258789,8.300000190734863,8.029999732971191,8.050000190734863,22783900.0,28580.064094195368,0,2.5634170866040904,28577.500677108765,3550,-7.707424858979262,31000,RiskWatch,27.134151128272062,8.278,8.6345,6.699,6.4519,5.9882,25.780000686645508,-2.4528,SOFI,0.6474,RiskWatch,0.6502,0.3903,11.637617947522934,95,402.8900146484375,0.0,0.0
2023-07-08,8.050000190734863,8.09000015258789,8.300000190734863,8.029999732971191,8.050000190734863,22783900.0,28580.064094195368,0,2.5634170866040904,28577.500677108765,3550,-7.707424858979262,31000,RiskWatch,27.134151128272062,8.278,8.6345,6.699,6.4519,5.9882,25.780000686645508,-2.4528,SOFI,0.6474,RiskWatch,0.6502,0.3903,11.637617947522934,95,402.8900146484375,0.0,0.0
2023-07-09,8.050000190734863,8.09000015258789,8.300000190734863,8.029999732971191,8.050000190734863,22783900.0,28580.064094195368,0,2.5634170866040904,28577.500677108765,3550,-7.707424858979262,31000,RiskWatch,27.134151128272062,8.278,8.6345,6.699,6.4519,5.9882,25.780000686645508,-2.4528,SOFI,0.6474,RiskWatch,0.6502,0.3903,11.637617947522934,95,402.8900146484375,0.0,0.0
2023-07-10,8.710000038146973,8.100000381469727,8.720000267028809,8.039999961853027,8.710000038146973,38750100.0,30923.063552508356,0,2.5634170866040904,30920.500135421753,3550,-0.14936209022768931,31000,RiskWatch,51.83945869586504,8.352,8.664,6.7472,6.4792,5.9976,25.780000686645508,-1.9669,SOFI,0.639,RiskWatch,0.6553,0.4084,12.068425777998115,95,403.9700012207031,0.0,0.0
2023-07-11,9.06999969482422,8.8100004196167,9.199999809265137,8.75,9.06999969482422,52586400.0,32201.062333712587,0,2.5634170866040904,32198.498916625984,3550,3.9732146233343424,31000,RiskWatch,57.18562156149031,8.462,8.7085,6.8007,6.5077,6.0098,25.780000686645508,-1.3493,SOFI,0.6403,RiskWatch,0.6537,0.4407,13.101578163332505,95,406.55999755859375,0.0,0.0
2023-07-12,9.199999809265137,9.34000015258789,9.390000343322754,9.0,9.199999809265137,41158600.0,32662.56273997784,0,2.5634170866040904,32659.999322891235,3550,5.461925611286766,31000,Neutral,58.30903271297242,8.626,8.7105,6.8553,6.5381,6.0213,25.780000686645508,-0.8575,SOFI,0.6515,Neutral,0.6397,0.4767,14.378066549214203,95,409.760009765625,0.0,0.0
2023-07-13,9.15999984741211,8.920000076293945,9.239999771118164,8.770000457763672,9.15999984741211,43361100.0,32520.56287539959,0,2.5634170866040904,32517.99945831299,3550,5.003861532002107,31000,Neutral,60.06006143610181,8.838,8.6915,6.9087,6.5693,6.0332,25.780000686645508,-0.595,SOFI,0.6447,Neutral,0.6363,0.5157,15.710394758724426,95,413.1000061035156,0.0,0.0
2023-07-14,9.079999923706056,9.220000267028809,9.449999809265137,8.9399995803833,9.079999923706056,38590700.0,32236.563146243105,0,2.5634170866040904,32233.9997291565,3550,4.087733373432789,31000,Neutral,62.50000372529056,9.044,8.6585,6.9603,6.5977,6.0448,25.780000686645508,-0.5149,SOFI,0.6446,Neutral,0.6307,0.5227,15.578750578929608,95,412.7699890136719,0.0,0.0
2023-07-15,9.079999923706056,9.220000267028809,9.449999809265137,8.9399995803833,9.079999923706056,38590700.0,32236.563146243105,0,2.5634170866040904,32233.9997291565,3550,4.087733373432789,31000,Neutral,62.50000372529056,9.044,8.6585,6.9603,6.5977,6.0448,25.780000686645508,-0.5149,SOFI,0.6446,Neutral,0.6307,0.5227,15.578750578929608,95,412.7699890136719,0.0,0.0
2023-07-16,9.079999923706056,9.220000267028809,9.449999809265137,8.9399995803833,9.079999923706056,38590700.0,32236.563146243105,0,2.5634170866040904,32233.9997291565,3550,4.087733373432789,31000,Neutral,62.50000372529056,9.044,8.6585,6.9603,6.5977,6.0448,25.780000686645508,-0.5149,SOFI,0.6446,Neutral,0.6307,0.5227,15.578750578929608,95,412.7699890136719,0.0,0.0
2023-07-17,9.479999542236328,9.039999961853027,9.80500030517578,8.989999771118164,9.479999542236328,48308500.0,33656.56179202557,0,2.5634170866040904,33653.998374938965,3550,8.668374166279445,31000,Neutral,68.1818169503171,9.198,8.655,7.017,6.6278,6.0578,25.780000686645508,-0.2025,SOFI,0.6406,Neutral,0.6339,0.5197,16.15316913522684,95,414.2099914550781,0.0,0.0
2023-07-18,9.56999969482422,9.550000190734863,9.739999771118164,9.43299961090088,9.56999969482422,33812300.0,33976.06233371259,0,2.5634170866040904,33973.498916625984,3550,9.699021074947256,31000,Neutral,64.66876354736863,9.298,8.7035,7.0778,6.6593,6.071,25.780000686645508,0.0093,SOFI,0.6454,Neutral,0.6323,0.5286,17.405724429054096,95,417.3500061035156,0.0,0.0
2023-07-19,9.850000381469728,9.760000228881836,10.130000114440918,9.645000457763672,9.850000381469728,50051500.0,34970.06477130414,0,2.5634170866040904,34967.50135421754,3550,12.905480551049042,31000,Neutral,65.2173977428723,9.428,8.7665,7.143,6.6932,6.0777,25.780000686645508,0.28,SOFI,0.6455,Neutral,0.6401,0.5245,17.76473298336601,95,418.25,0.0,0.0
2023-07-20,9.56999969482422,9.630000114440918,9.989999771118164,9.369999885559082,9.56999969482422,41587700.0,33976.06233371259,0,2.5634170866040904,33973.498916625984,3550,9.699021074947256,31000,Neutral,62.87424209328592,9.51,8.8135,7.2053,6.7253,6.0833,25.780000686645508,0.1782,SOFI,0.6352,Neutral,0.6397,0.5154,16.675728600907625,95,415.5199890136719,0.0,0.0
2023-07-21,9.43000030517578,9.675000190734863,9.699999809265137,9.260000228881836,9.43000030517578,34514200.0,33479.06450046062,0,2.5634170866040904,33476.501083374016,3550,8.095802258005424,31000,Neutral,67.52411476962173,9.58,8.8605,7.2667,6.7544,6.0894,25.780000686645508,-0.0474,SOFI,0.6401,Neutral,0.6353,0.5253,16.695680959950003,95,415.5700073242188,0.0,0.0
2023-07-22,9.43000030517578,9.675000190734863,9.699999809265137,9.260000228881836,9.43000030517578,34514200.0,33479.06450046062,0,2.5634170866040904,33476.501083374016,3550,8.095802258005424,31000,Neutral,67.52411476962173,9.58,8.8605,7.2667,6.7544,6.0894,25.780000686645508,-0.0474,SOFI,0.6401,Neutral,0.6353,0.5253,16.695680959950003,95,415.5700073242188,0.0,0.0
2023-07-23,9.43000030517578,9.675000190734863,9.699999809265137,9.260000228881836,9.43000030517578,34514200.0,33479.06450046062,0,2.5634170866040904,33476.501083374016,3550,8.095802258005424,31000,Neutral,67.52411476962173,9.58,8.8605,7.2667,6.7544,6.0894,25.780000686645508,-0.0474,SOFI,0.6401,Neutral,0.6353,0.5253,16.695680959950003,95,415.5700073242188,0.0,0.0
2023-07-24,9.449999809265137,9.4399995803833,9.5600004196167,9.295000076293944,9.449999809265137,26643500.0,33550.06273997784,0,2.5634170866040904,33547.499322891235,3550,8.324828837093234,31000,Neutral,65.76270189205762,9.574,8.919,7.3297,6.7775,6.0955,25.780000686645508,-0.2254,SOFI,0.6298,Neutral,0.6391,0.553,17.397738616039,95,417.3299865722656,0.0,0.0
2023-07-25,9.329999923706056,9.399999618530272,9.779999732971191,9.3100004196167,9.329999923706056,38811100.0,33124.063146243105,0,2.5634170866040904,33121.4997291565,3550,6.950636599239235,31000,Neutral,66.21160442882547,9.526,8.9755,7.3842,6.7975,6.1036,25.780000686645508,-0.46,SOFI,0.6287,Neutral,0.6373,0.5724,17.888391350145703,95,418.55999755859375,0.0,0.0
2023-07-26,9.520000457763672,9.260000228881836,9.539999961853027,9.210000038146973,9.520000457763672,34922300.0,33798.56504214764,0,2.5634170866040904,33796.001625061035,3550,9.126449166673233,31000,Neutral,75.0,9.46,9.0195,7.439,6.8153,6.1107,25.780000686645508,-0.5022,SOFI,0.6294,Neutral,0.6304,0.585,17.92828389473491,95,418.6600036621094,0.0,0.0
2023-07-27,9.09000015258789,9.710000038146973,9.729999542236328,8.9399995803833,9.09000015258789,45958200.0,32272.063958773615,0,2.5634170866040904,32269.50054168701,3550,4.202252123531213,31000,Neutral,66.14906639142404,9.364,9.0305,7.4993,6.8268,6.1177,25.780000686645508,-0.8476,SOFI,0.6078,Neutral,0.6422,0.5994,16.795406234675262,95,415.8200073242188,0.0,0.0
2023-07-28,9.550000190734863,9.359999656677246,9.600000381469728,9.15999984741211,9.550000190734863,58205300.0,33905.06409419537,0,2.5634170866040904,33902.500677108765,3550,9.469994495859446,31000,Neutral,63.907285186471725,9.388,9.0725,7.5768,6.8442,6.1256,25.780000686645508,-0.7489,SOFI,0.6194,Neutral,0.6287,0.6137,18.410950815826503,95,419.8699951171875,0.0,0.0
2023-07-29,9.550000190734863,9.359999656677246,9.600000381469728,9.15999984741211,9.550000190734863,58205300.0,33905.06409419537,0,2.5634170866040904,33902.500677108765,3550,9.469994495859446,31000,Neutral,63.907285186471725,9.388,9.0725,7.5768,6.8442,6.1256,25.780000686645508,-0.7489,SOFI,0.6194,Neutral,0.6287,0.6137,18.410950815826503,95,419.8699951171875,0.0,0.0
2023-07-30,9.550000190734863,9.359999656677246,9.600000381469728,9.15999984741211,9.550000190734863,58205300.0,33905.06409419537,0,2.5634170866040904,33902.500677108765,3550,9.469994495859446,31000,Neutral,63.907285186471725,9.388,9.0725,7.5768,6.8442,6.1256,25.780000686645508,-0.7489,SOFI,0.6194,Neutral,0.6287,0.6137,18.410950815826503,95,419.8699951171875,0.0,0.0
2023-07-31,11.449999809265137,10.390000343322754,11.699999809265137,10.300000190734863,11.449999809265137,210958900.0,40650.06273997784,0,2.5634170866040904,40647.499322891235,3550,31.228054643544844,31000,Neutral,76.09649008147431,9.788,9.228,7.6868,6.8778,6.1416,25.780000686645508,0.5841,SOFI,0.6202,Neutral,0.6331,0.6316,18.7340597320568,95,420.6799926757813,0.0,0.0
2023-08-01,10.350000381469728,11.0600004196167,11.100000381469728,10.3100004196167,10.350000381469728,88881800.0,37744.07117126752,0,7.969780428889294,37736.10139083863,3646,18.04904240866604,32000,"cash_0%_Buy 100% of cash (96 shares - DCA Strategy) Monthly invest 3.1% of total investment ($1,000.00)",60.39783569380674,9.992,9.3195,7.7777,6.9026,6.1531,25.780000686645508,0.5812,SOFI,0.6164,Neutral,0.6374,0.6298,17.479522557315555,98,419.3800048828125,0.0,0.0
2023-08-02,10.079999923706056,10.119999885559082,10.279999732971191,9.720000267028809,10.079999923706056,62865900.0,36759.64950226117,0,7.969780428889294,36751.67972183228,3646,14.972724693021188,32000,RiskWatch,57.98611145604541,10.104,9.4045,7.8597,6.9266,6.1665,25.780000686645508,0.3185,SOFI,0.5991,RiskWatch,0.6653,0.6148,15.168153963353298,98,413.5700073242188,0.0,0.0
2023-08-03,10.050000190734863,9.920000076293944,10.170000076293944,9.859999656677246,10.050000190734863,37651500.0,36650.2704758482,0,7.969780428889294,36642.30069541931,3646,14.630915235480668,32000,RiskWatch,58.49387268431258,10.296,9.502,7.936,6.9529,6.1805,25.780000686645508,0.067,SOFI,0.6013,RiskWatch,0.6598,0.6157,14.702692099711108,98,412.3999938964844,0.0,0.0
2023-08-04,9.5,10.079999923706056,10.100000381469728,9.470000267028809,9.5,42557600.0,34644.96978042889,0,7.969780428889294,34637.0,3646,8.364350562295307,32000,RiskWatch,50.17065235222281,10.286,9.5745,8.0042,6.9753,6.1937,25.780000686645508,-0.5015,SOFI,0.5979,RiskWatch,0.6789,0.6246,13.89908777470685,98,410.3800048828125,0.0,0.0
2023-08-05,9.5,10.079999923706056,10.100000381469728,9.470000267028809,9.5,42557600.0,34644.96978042889,0,7.969780428889294,34637.0,3646,8.364350562295307,32000,RiskWatch,50.17065235222281,10.286,9.5745,8.0042,6.9753,6.1937,25.780000686645508,-0.5015,SOFI,0.5979,RiskWatch,0.6789,0.6246,13.89908777470685,98,410.3800048828125,0.0,0.0
2023-08-06,9.5,10.079999923706056,10.100000381469728,9.470000267028809,9.5,42557600.0,34644.96978042889,0,7.969780428889294,34637.0,3646,8.364350562295307,32000,RiskWatch,50.17065235222281,10.286,9.5745,8.0042,6.9753,6.1937,25.780000686645508,-0.5015,SOFI,0.5979,RiskWatch,0.6789,0.6246,13.89908777470685,98,410.3800048828125,0.0,0.0
2023-08-07,9.390000343322754,9.5,9.56999969482422,9.15999984741211,9.390000343322754,31682000.0,34243.91103218365,0,7.969780428889294,34235.94125175476,3646,7.111041974028931,32000,RiskWatch,48.46939329933516,9.874,9.6085,8.0693,6.9973,6.2074,25.780000686645508,-0.9504,SOFI,0.6085,RiskWatch,0.6614,0.6155,15.371037012032765,98,414.0799865722656,0.0,0.0
2023-08-08,9.3100004196167,9.029999732971191,9.449999809265137,9.010000228881836,9.3100004196167,28127800.0,33952.23131035137,0,7.969780428889294,33944.261529922485,3646,6.199542843303075,32000,RiskWatch,45.24647866631988,9.666,9.6205,8.1388,7.0187,6.2205,25.780000686645508,-1.2796,SOFI,0.6028,RiskWatch,0.6664,0.6195,14.658937057676447,98,412.2900085449219,0.0,0.0
2023-08-09,8.989999771118164,9.270000457763672,9.270000457763672,8.800000190734863,8.989999771118164,43368300.0,32785.508945925714,0,7.969780428889294,32777.539165496826,3646,2.5535354544728883,32000,RiskWatch,44.93006998836582,9.448,9.61,8.205,7.0332,6.2311,25.780000686645508,-1.6743,SOFI,0.6143,RiskWatch,0.6666,0.6398,13.568885323747317,98,409.5499877929688,0.0,0.0
2023-08-10,8.720000267028809,9.09000015258789,9.239999771118164,8.720000267028809,8.720000267028809,37657800.0,31801.090754015924,0,7.969780428889294,31793.120973587036,3646,-0.5227713952452029,32000,RiskWatch,43.9316230120168,9.182,9.588,8.2708,7.0477,6.2395,25.780000686645508,-2.0567,SOFI,0.6131,RiskWatch,0.6629,0.6433,13.664371840285149,98,409.7900085449219,0.0,0.0
2023-08-11,8.649999618530273,8.529999732971191,8.699999809265137,8.420000076293945,8.649999618530273,26970300.0,31545.868389590265,0,7.969780428889294,31537.898609161377,3646,-1.320341284075388,32000,Neutral,43.22033802417128,9.012,9.5665,8.3357,7.0646,6.2498,25.780000686645508,-2.2744,SOFI,0.6189,Neutral,0.647,0.6372,13.513195984731482,98,409.4100036621094,0.0,0.0
2023-08-12,8.649999618530273,8.529999732971191,8.699999809265137,8.420000076293945,8.649999618530273,26970300.0,31545.868389590265,0,7.969780428889294,31537.898609161377,3646,-1.320341284075388,32000,Neutral,43.22033802417128,9.012,9.5665,8.3357,7.0646,6.2498,25.780000686645508,-2.2744,SOFI,0.6189,Neutral,0.647,0.6372,13.513195984731482,98,409.4100036621094,0.0,0.0
2023-08-13,8.649999618530273,8.529999732971191,8.699999809265137,8.420000076293945,8.649999618530273,26970300.0,31545.868389590265,0,7.969780428889294,31537.898609161377,3646,-1.320341284075388,32000,Neutral,43.22033802417128,9.012,9.5665,8.3357,7.0646,6.2498,25.780000686645508,-2.2744,SOFI,0.6189,Neutral,0.647,0.6372,13.513195984731482,98,409.4100036621094,0.0,0.0
2023-08-14,8.680000305175781,8.520000457763672,8.710000038146973,8.359999656677246,8.680000305175781,27735500.0,31655.250893099786,0,7.969780428889294,31647.2811126709,3646,-0.9785209606081313,32000,Neutral,44.40620081848544,8.87,9.5265,8.3977,7.0834,6.261,25.780000686645508,-2.3036,SOFI,0.6235,Neutral,0.6466,0.6267,14.432173274345963,98,411.7200012207031,0.0,0.0
2023-08-15,8.369999885559082,8.600000381469727,8.600000381469727,8.34000015258789,8.369999885559082,23709300.0,30524.9893631773,0,7.969780428889294,30517.019582748413,3646,-4.510588241615899,32000,RiskWatch,40.30353854909982,8.682,9.4665,8.4527,7.0987,6.2712,25.780000686645508,-2.4444,SOFI,0.5987,RiskWatch,0.6649,0.6066,12.554433658283614,98,407.0,0.0,0.0
2023-08-16,8.260000228881836,8.229999542236328,8.430000305175781,8.210000038146973,8.260000228881836,23398900.0,30123.930614932062,0,7.969780428889294,30115.960834503174,3646,-5.763896829882276,32000,RiskWatch,42.60249702848035,8.536,9.387,8.5082,7.1129,6.281,25.780000686645508,-2.5068,SOFI,0.5956,RiskWatch,0.6682,0.5668,11.356973251524117,98,403.989990234375,0.0,0.0
2023-08-17,8.109999656677246,8.350000381469727,8.40999984741211,8.079999923706055,8.109999656677246,29582400.0,29577.028528674127,0,7.969780428889294,29569.05874824524,3646,-7.472965849438317,32000,RiskWatch,36.415092234681566,8.414,9.314,8.5557,7.1273,6.2904,25.780000686645508,-2.5412,SOFI,0.5811,RiskWatch,0.6809,0.5484,10.056086317824217,98,400.7200012207031,0.0,0.0
2023-08-18,8.220000267028809,7.920000076293945,8.289999961853027,7.889999866485596,8.220000267028809,27366300.0,29978.090754015924,0,7.969780428889294,29970.120973587036,3646,-6.219646395245205,32000,RiskWatch,3.988638512551546,8.328,9.2535,8.6045,7.1423,6.3008,25.780000686645508,-2.3633,SOFI,0.5895,RiskWatch,0.6751,0.5533,10.203280027487935,98,401.0899963378906,0.0,0.0
2023-08-19,8.220000267028809,7.920000076293945,8.289999961853027,7.889999866485596,8.220000267028809,27366300.0,29978.090754015924,0,7.969780428889294,29970.120973587036,3646,-6.219646395245205,32000,RiskWatch,3.988638512551546,8.328,9.2535,8.6045,7.1423,6.3008,25.780000686645508,-2.3633,SOFI,0.5895,RiskWatch,0.6751,0.5533,10.203280027487935,98,401.0899963378906,0.0,0.0
2023-08-20,8.220000267028809,7.920000076293945,8.289999961853027,7.889999866485596,8.220000267028809,27366300.0,29978.090754015924,0,7.969780428889294,29970.120973587036,3646,-6.219646395245205,32000,RiskWatch,3.988638512551546,8.328,9.2535,8.6045,7.1423,6.3008,25.780000686645508,-2.3633,SOFI,0.5895,RiskWatch,0.6751,0.5533,10.203280027487935,98,401.0899963378906,0.0,0.0
2023-08-21,8.289999961853027,8.25,8.329999923706055,8.079999923706055,8.289999961853027,22676600.0,30233.309641345026,0,7.969780428889294,30225.339860916138,3646,-5.422087372341755,32000,RiskWatch,8.467773722529486,8.25,9.1955,8.6542,7.1564,6.3118,25.780000686645508,-2.0818,SOFI,0.5809,RiskWatch,0.6704,0.566,11.257516729784989,98,403.739990234375,0.0,0.0
2023-08-22,8.149999618530273,8.399999618530273,8.470000267028809,8.109999656677246,8.149999618530273,23128900.0,29722.868389590265,0,7.969780428889294,29714.898609161377,3646,-7.01721628407539,32000,RiskWatch,8.936203714375225,8.206,9.1365,8.7032,7.1707,6.3215,25.780000686645508,-1.8988,SOFI,0.5794,RiskWatch,0.6693,0.5854,10.807971309013915,98,402.6099853515625,0.0,0.0
2023-08-23,8.430000305175781,8.079999923706055,8.470000267028809,8.0600004196167,8.430000305175781,21855700.0,30743.750893099786,0,7.969780428889294,30735.7811126709,3646,-3.826958460608132,32000,RiskWatch,18.846194899242604,8.24,9.082,8.7535,7.1872,6.3308,25.780000686645508,-1.4714,SOFI,0.5912,RiskWatch,0.6603,0.5989,12.5345472102113,98,406.9500122070313,0.0,0.0
2023-08-24,8.119999885559082,8.479999542236328,8.5,8.079999923706055,8.119999885559082,26080600.0,29613.4893631773,0,7.969780428889294,29605.519582748413,3646,-7.359025741615898,32000,RiskWatch,20.762752445504265,8.242,9.0335,8.7883,7.1988,6.3382,25.780000686645508,-1.347,SOFI,0.5709,RiskWatch,0.6754,0.6236,10.382306622893857,98,401.5400085449219,0.0,0.0
2023-08-25,8.289999961853027,8.119999885559082,8.430000305175781,8.0600004196167,8.289999961853027,24163700.0,30233.309641345026,0,7.969780428889294,30225.339860916138,3646,-5.422087372341755,32000,RiskWatch,27.27275593306635,8.256,8.9705,8.8108,7.2123,6.3461,25.780000686645508,-1.0588,SOFI,0.6023,RiskWatch,0.656,0.6347,11.440525471080875,98,404.2000122070313,0.0,0.0
2023-08-26,8.289999961853027,8.119999885559082,8.430000305175781,8.0600004196167,8.289999961853027,24163700.0,30233.309641345026,0,7.969780428889294,30225.339860916138,3646,-5.422087372341755,32000,RiskWatch,27.27275593306635,8.256,8.9705,8.8108,7.2123,6.3461,25.780000686645508,-1.0588,SOFI,0.6023,RiskWatch,0.656,0.6347,11.440525471080875,98,404.2000122070313,0.0,0.0
2023-08-27,8.289999961853027,8.119999885559082,8.430000305175781,8.0600004196167,8.289999961853027,24163700.0,30233.309641345026,0,7.969780428889294,30225.339860916138,3646,-5.422087372341755,32000,RiskWatch,27.27275593306635,8.256,8.9705,8.8108,7.2123,6.3461,25.780000686645508,-1.0588,SOFI,0.6023,RiskWatch,0.656,0.6347,11.440525471080875,98,404.2000122070313,0.0,0.0
2023-08-28,8.229999542236328,8.380000114440918,8.420000076293945,8.170000076293945,8.229999542236328,17488700.0,30014.54811142254,0,7.969780428889294,30006.578330993652,3646,-6.105717153349522,32000,Neutral,27.500022848405397,8.244,8.8095,8.8343,7.2266,6.356,25.780000686645508,-0.8518,SOFI,0.609,Neutral,0.6492,0.6404,12.498732178579132,98,406.8599853515625,0.0,0.0
2023-08-29,8.460000038146973,8.180000305175781,8.579999923706055,8.15999984741211,8.460000038146973,24487400.0,30853.12991951275,0,7.969780428889294,30845.160139083862,3646,-3.4851490030676224,32000,Neutral,38.52816533627279,8.306,8.715,8.8582,7.2432,6.3656,25.780000686645508,-0.4854,SOFI,0.6278,Neutral,0.6436,0.6638,14.798178616248968,98,412.6400146484375,0.0,0.0
2023-08-30,8.739999771118164,8.460000038146973,8.779999732971191,8.359999656677246,8.739999771118164,26123600.0,31874.008945925714,0,7.969780428889294,31866.039165496826,3646,-0.2949020455271123,32000,Neutral,50.43102296583098,8.368,8.648,8.883,7.2653,6.3753,25.780000686645508,0.0008,SOFI,0.6357,Neutral,0.6361,0.6923,15.482427830753046,98,414.3599853515625,0.0,0.0
2023-08-31,8.65999984741211,8.779999732971191,8.869999885559082,8.520000457763672,8.65999984741211,26175600.0,31582.32922409344,0,7.969780428889294,31574.35944366455,3646,-1.2064011762529692,32000,GeoWatch,50.21459684199238,8.476,8.5785,8.8998,7.2909,6.3862,25.780000686645508,0.2658,SOFI,0.6342,GeoWatch,0.6324,0.7334,15.271580490293651,98,413.8299865722656,0.0,0.0
2023-09-01,8.789999961853027,8.770000457763672,8.925000190734863,8.720000267028809,8.789999961853027,17738800.0,33055.30758134938,0,4.907724781993011,33050.39985656738,3760,0.2664187298167975,33000,"cash_0%_Buy 100% of cash (114 shares - DCA Strategy) Monthly invest 3.0% of total investment ($1,000.00)",52.26336447226362,8.576,8.543,8.9173,7.3184,6.3975,25.780000686645508,0.5347,SOFI,0.6368,GeoWatch,0.6228,0.7818,14.921964003889876,100,414.7099914550781,0.0,0.0
2023-09-02,8.789999961853027,8.770000457763672,8.925000190734863,8.720000267028809,8.789999961853027,17738800.0,33055.30758134938,0,4.907724781993011,33050.39985656738,3760,0.2664187298167975,33000,GeoWatch,52.26336447226362,8.576,8.543,8.9173,7.3184,6.3975,25.780000686645508,0.5347,SOFI,0.6368,GeoWatch,0.6228,0.7818,14.921964003889876,100,414.7099914550781,0.0,0.0
2023-09-03,8.789999961853027,8.770000457763672,8.925000190734863,8.720000267028809,8.789999961853027,17738800.0,33055.30758134938,0,4.907724781993011,33050.39985656738,3760,0.2664187298167975,33000,GeoWatch,52.26336447226362,8.576,8.543,8.9173,7.3184,6.3975,25.780000686645508,0.5347,SOFI,0.6368,GeoWatch,0.6228,0.7818,14.921964003889876,100,414.7099914550781,0.0,0.0
2023-09-04,8.789999961853027,8.770000457763672,8.925000190734863,8.720000267028809,8.789999961853027,17738800.0,33055.30758134938,0,4.907724781993011,33050.39985656738,3760,0.2664187298167975,33000,GeoWatch,52.26336447226362,8.576,8.543,8.9173,7.3184,6.3975,25.780000686645508,0.5347,SOFI,0.6368,GeoWatch,0.6228,0.7818,14.921964003889876,100,414.7099914550781,0.0,0.0
2023-09-05,8.75,8.75,8.875,8.619999885559082,8.75,18906300.0,32904.907724781995,0,4.907724781993011,32900.0,3760,-0.18933841129649132,33000,GeoWatch,58.79628791568116,8.68,8.511,8.9278,7.3451,6.4094,25.780000686645508,0.6638,SOFI,0.6343,GeoWatch,0.6332,0.8105,14.20574991618826,100,412.8999938964844,0.0,0.0
2023-09-06,8.539999961853027,8.729999542236328,8.8100004196167,8.430000305175781,8.539999961853027,23909700.0,32115.307581349374,0,4.907724781993011,32110.399856567383,3760,-2.5820661186680693,33000,GeoWatch,56.194675888318976,8.696,8.4725,8.9338,7.3712,6.4212,25.780000686645508,0.5709,SOFI,0.6353,GeoWatch,0.6393,0.8129,13.078005565549851,100,410.0499877929688,0.0,0.0
2023-09-07,8.569999694824219,8.350000381469727,8.579999923706055,8.220000267028809,8.569999694824219,19320700.0,32228.106577321054,0,4.907724781993011,32223.198852539062,3760,-2.240250979359948,33000,GeoWatch,60.7476531392118,8.662,8.4515,8.924,7.3972,6.4346,25.780000686645508,0.5207,SOFI,0.6389,GeoWatch,0.6391,0.8034,12.595252394346865,100,408.8299865722656,0.0,0.0
2023-09-08,8.550000190734863,8.539999961853027,8.670000076293945,8.449999809265137,8.550000190734863,15045300.0,32152.908441945077,0,4.907724781993011,32148.000717163086,3760,-2.468124116862913,33000,GeoWatch,58.04877413376183,8.64,8.443,8.9075,7.4229,6.4481,25.780000686645508,0.4616,SOFI,0.6446,GeoWatch,0.6315,0.7901,12.816854901907355,100,409.3900146484375,0.0,0.0
2023-09-09,8.550000190734863,8.539999961853027,8.670000076293945,8.449999809265137,8.550000190734863,15045300.0,32152.908441945077,0,4.907724781993011,32148.000717163086,3760,-2.468124116862913,33000,GeoWatch,58.04877413376183,8.64,8.443,8.9075,7.4229,6.4481,25.780000686645508,0.4616,SOFI,0.6446,GeoWatch,0.6315,0.7901,12.816854901907355,100,409.3900146484375,0.0,0.0
2023-09-10,8.550000190734863,8.539999961853027,8.670000076293945,8.449999809265137,8.550000190734863,15045300.0,32152.908441945077,0,4.907724781993011,32148.000717163086,3760,-2.468124116862913,33000,GeoWatch,58.04877413376183,8.64,8.443,8.9075,7.4229,6.4481,25.780000686645508,0.4616,SOFI,0.6446,GeoWatch,0.6315,0.7901,12.816854901907355,100,409.3900146484375,0.0,0.0
2023-09-11,8.899999618530273,8.649999618530273,8.920000076293945,8.640000343322754,8.899999618530273,19320600.0,33468.90629045582,0,4.907724781993011,33463.99856567383,3760,1.5197481513514632,33000,GeoWatch,63.09011645873437,8.662,8.4555,8.8935,7.4536,6.464,25.780000686645508,0.6736,SOFI,0.6376,GeoWatch,0.6299,0.7794,13.881273899723219,100,412.0799865722656,0.0,0.0
2023-09-12,9.0,8.789999961853027,9.187999725341797,8.789999961853027,9.0,25495600.0,33844.907724781995,0,4.907724781993011,33840.0,3760,2.6591464371883533,33000,GeoWatch,68.55895287434825,8.712,8.4715,8.8843,7.4822,6.4804,25.780000686645508,0.8558,SOFI,0.6428,GeoWatch,0.6367,0.7712,13.0067826572837,100,409.8699951171875,0.0,0.0
2023-09-13,8.800000190734863,9.0,9.09000015258789,8.770000457763672,8.800000190734863,16819200.0,33092.90844194508,0,4.907724781993011,33088.000717163086,3760,0.3803607316219426,33000,GeoWatch,58.37103799032776,8.764,8.493,8.8877,7.5092,6.4952,25.780000686645508,0.7875,SOFI,0.6553,GeoWatch,0.6266,0.7576,13.19672248843289,100,410.3500061035156,0.0,0.0
2023-09-14,9.050000190734863,8.890000343322754,9.18000030517578,8.859999656677246,9.050000190734863,23642000.0,34032.90844194508,0,4.907724781993011,34028.000717163086,3760,3.2288455801067983,33000,GeoWatch,71.62791791124883,8.86,8.5325,8.8953,7.5364,6.5127,25.780000686645508,0.8942,SOFI,0.6484,GeoWatch,0.6092,0.7573,14.601448840919453,100,413.8999938964844,0.0,0.0
2023-09-15,9.06999969482422,9.0,9.140000343322754,8.880000114440918,9.06999969482422,30508400.0,34108.106577321065,0,4.907724781993011,34103.19885253907,3760,3.4567187176097858,33000,GeoWatch,69.50000262260565,8.964,8.5805,8.9027,7.5642,6.5302,25.780000686645508,0.9336,SOFI,0.6233,GeoWatch,0.622,0.7629,12.559640940213804,100,408.739990234375,0.0,0.0
2023-09-16,9.06999969482422,9.0,9.140000343322754,8.880000114440918,9.06999969482422,30508400.0,34108.106577321065,0,4.907724781993011,34103.19885253907,3760,3.4567187176097858,33000,GeoWatch,69.50000262260565,8.964,8.5805,8.9027,7.5642,6.5302,25.780000686645508,0.9336,SOFI,0.6233,GeoWatch,0.622,0.7629,12.559640940213804,100,408.739990234375,0.0,0.0
2023-09-17,9.06999969482422,9.0,9.140000343322754,8.880000114440918,9.06999969482422,30508400.0,34108.106577321065,0,4.907724781993011,34103.19885253907,3760,3.4567187176097858,33000,GeoWatch,69.50000262260565,8.964,8.5805,8.9027,7.5642,6.5302,25.780000686645508,0.9336,SOFI,0.6233,GeoWatch,0.622,0.7629,12.559640940213804,100,408.739990234375,0.0,0.0
2023-09-18,8.670000076293945,9.050000190734863,9.06999969482422,8.630000114440918,8.670000076293945,22678700.0,32604.108011647226,0,4.907724781993011,32599.200286865234,3760,-1.100852693523069,33000,GeoWatch,59.401727863531534,8.918,8.603,8.9057,7.5884,6.5449,25.780000686645508,0.6225,SOFI,0.6089,GeoWatch,0.6253,0.773,12.737710286652003,100,409.1900024414063,0.0,0.0
2023-09-19,8.619999885559082,8.649999618530273,8.869999885559082,8.539999961853027,8.619999885559082,18091600.0,32416.10729448414,0,4.907724781993011,32411.19956970215,3760,-1.670551836441514,33000,GeoWatch,53.703703703703695,8.842,8.6195,8.9113,7.6137,6.5583,25.780000686645508,0.361,SOFI,0.6058,GeoWatch,0.626,0.7765,12.413234270186926,100,408.3699951171875,0.0,0.0
2023-09-20,8.319999694824219,8.670000076293945,8.789999961853027,8.3100004196167,8.319999694824219,21643900.0,31288.106577321054,0,4.907724781993011,31283.198852539062,3760,-5.088735827844804,33000,GeoWatch,40.36696364748324,8.746,8.628,8.9133,7.6351,6.571,25.780000686645508,-0.04,SOFI,0.5993,GeoWatch,0.6413,0.7803,10.901661479528357,100,404.5499877929688,0.0,0.0
2023-09-21,7.949999809265137,8.109999656677246,8.149999618530273,7.909999847412109,7.949999809265137,29542000.0,29896.907007618905,0,4.907724781993011,29891.999282836914,3760,-9.304492099669492,33000,RiskWatch,35.62752004744439,8.526,8.604,8.9018,7.6537,6.5821,25.780000686645508,-0.5635,SOFI,0.5793,RiskWatch,0.6701,0.7651,8.278187752209767,100,397.9200134277344,0.0,0.0
2023-09-22,7.539999961853027,8.029999732971191,8.050000190734863,7.440000057220459,7.539999961853027,38736100.0,28355.307581349374,0,4.907724781993011,28350.399856567383,3760,-13.97600551260747,33000,RiskWatch,27.27271150950452,8.22,8.575,8.8797,7.6659,6.5926,25.780000686645508,-1.1741,SOFI,0.5859,RiskWatch,0.6669,0.7532,7.898308089911389,100,396.9599914550781,0.0,0.0
2023-09-23,7.539999961853027,8.029999732971191,8.050000190734863,7.440000057220459,7.539999961853027,38736100.0,28355.307581349374,0,4.907724781993011,28350.399856567383,3760,-13.97600551260747,33000,RiskWatch,27.27271150950452,8.22,8.575,8.8797,7.6659,6.5926,25.780000686645508,-1.1741,SOFI,0.5859,RiskWatch,0.6669,0.7532,7.898308089911389,100,396.9599914550781,0.0,0.0
2023-09-24,7.539999961853027,8.029999732971191,8.050000190734863,7.440000057220459,7.539999961853027,38736100.0,28355.307581349374,0,4.907724781993011,28350.399856567383,3760,-13.97600551260747,33000,RiskWatch,27.27271150950452,8.22,8.575,8.8797,7.6659,6.5926,25.780000686645508,-1.1741,SOFI,0.5859,RiskWatch,0.6669,0.7532,7.898308089911389,100,396.9599914550781,0.0,0.0
2023-09-25,7.510000228881836,7.460000038146973,7.65500020980835,7.400000095367432,7.510000228881836,23107800.0,28242.508585377695,0,4.907724781993011,28237.600860595703,3760,-14.317820651915593,33000,RiskWatch,27.37224930875965,7.988,8.536,8.8597,7.6782,6.6032,25.780000686645508,-1.5249,SOFI,0.5875,RiskWatch,0.6603,0.7347,8.551208900563267,100,398.6099853515625,0.0,0.0
2023-09-26,7.400000095367432,7.400000095367432,7.590000152587891,7.369999885559082,7.400000095367432,22544900.0,27828.908083363534,0,4.907724781993011,27824.000358581543,3760,-15.571155506503953,33000,RiskWatch,28.409076746819352,7.744,8.4945,8.844,7.6908,6.6132,25.780000686645508,-1.7522,SOFI,0.5667,RiskWatch,0.6873,0.7169,6.236379851504132,100,392.760009765625,0.0,0.0
2023-09-27,7.599999904632568,7.480000019073486,7.657000064849853,7.389999866485596,7.599999904632568,28227000.0,28580.90736620045,0,4.907724781993011,28575.999641418457,3760,-13.292369800937543,33000,RiskWatch,32.74020518945129,7.6,8.4515,8.8287,7.7063,6.6237,25.780000686645508,-1.6424,SOFI,0.5572,RiskWatch,0.6762,0.6944,6.271991305637179,100,392.8500061035156,0.0,0.0
2023-09-28,7.769999980926514,7.599999904632568,7.840000152587891,7.53000020980835,7.769999980926514,23539600.0,29220.107653065683,0,4.907724781993011,29215.19992828369,3760,-11.355399234679265,33000,RiskWatch,36.82431458250874,7.564,8.403,8.8185,7.7232,6.6349,25.780000686645508,-1.3408,SOFI,0.577,RiskWatch,0.6646,0.679,7.175375332014887,100,393.6400146484375,1.493,0.0
2023-09-29,7.989999771118164,7.920000076293945,8.300000190734863,7.909999847412109,7.989999771118164,28779300.0,30047.30686418629,0,4.907724781993011,30042.399139404297,3760,-8.848734958556214,33000,RiskWatch,33.92225832856218,7.654,8.3695,8.8167,7.7405,6.6481,25.780000686645508,-0.8884,SOFI,0.5634,RiskWatch,0.6675,0.6542,6.803417376705774,100,392.7000122070313,0.0,0.0
2023-09-30,7.989999771118164,7.920000076293945,8.300000190734863,7.909999847412109,7.989999771118164,28779300.0,30047.30686418629,0,4.907724781993011,30042.399139404297,3760,-8.848734958556214,33000,RiskWatch,33.92225832856218,7.654,8.3695,8.8167,7.7405,6.6481,25.780000686645508,-0.8884,SOFI,0.5634,RiskWatch,0.6675,0.6542,6.803417376705774,100,392.7000122070313,0.0,0.0
2023-10-01,7.989999771118164,7.920000076293945,8.300000190734863,7.909999847412109,7.989999771118164,28779300.0,31046.3081142149,0,5.159003420832846,31041.149110794067,3885,-8.588509077383499,34000,"cash_0%_Buy 100% of cash (125 shares - DCA Strategy) Monthly invest 2.9% of total investment ($1,000.00)",33.92225832856218,7.654,8.3695,8.8167,7.7405,6.6481,25.780000686645508,-0.8884,SOFI,0.5634,RiskWatch,0.6675,0.6542,6.2041781550090676,104,392.7000122070313,0.0,0.0
2023-10-02,7.840000152587891,8.079999923706055,8.15999984741211,7.800000190734863,7.840000152587891,20000300.0,30463.559596224786,0,5.159003420832846,30458.400592803955,3885,-10.30247530676618,34000,RiskWatch,29.86110122298875,7.72,8.322,8.8132,7.7561,6.6597,25.780000686645508,-0.6557,SOFI,0.5583,RiskWatch,0.6662,0.5958,6.192306297670271,104,392.6700134277344,0.0,0.0
2023-10-03,7.28000020980835,7.710000038146973,7.75,7.179999828338623,7.28000020980835,36674900.0,28287.95981852627,0,5.159003420832846,28282.80081510544,3885,-16.701298182350055,34000,RiskWatch,26.543198157288373,7.696,8.2485,8.7893,7.7683,6.6681,25.780000686645508,-0.9026,SOFI,0.5206,RiskWatch,0.6922,0.5668,4.10277486586341,104,387.3900146484375,0.0,0.0
2023-10-04,7.46999979019165,7.409999847412109,7.489999771118164,7.139999866485596,7.46999979019165,23978900.0,29026.108188315393,0,5.159003420832846,29020.94918489456,3885,-14.530273565323228,34000,RiskWatch,25.157210164915316,7.67,8.195,8.7627,7.7817,6.6785,25.780000686645508,-0.838,SOFI,0.531,RiskWatch,0.6784,0.5059,5.2306375445535735,104,390.239990234375,0.0,0.0
2023-10-05,7.650000095367432,7.420000076293945,7.710000038146973,7.300000190734863,7.650000095367432,17072900.0,29725.409373923303,0,5.159003420832846,29720.250370502472,3885,-12.473505372358785,34000,RiskWatch,28.74251283284923,7.646,8.149,8.7368,7.7961,6.6895,25.780000686645508,-0.5827,SOFI,0.5245,RiskWatch,0.6776,0.4448,5.100047113827188,104,389.9100036621094,0.0,0.0
2023-10-06,7.989999771118164,7.510000228881836,8.029999732971191,7.5,7.989999771118164,23371300.0,31046.3081142149,0,5.159003420832846,31041.149110794067,3885,-8.588509077383499,34000,RiskWatch,39.6341378315764,7.646,8.121,8.7173,7.813,6.7013,25.780000686645508,-0.0869,SOFI,0.5378,RiskWatch,0.6626,0.4,6.940257464350786,104,394.55999755859375,0.0,0.0
2023-10-07,7.989999771118164,7.510000228881836,8.029999732971191,7.5,7.989999771118164,23371300.0,31046.3081142149,0,5.159003420832846,31041.149110794067,3885,-8.588509077383499,34000,RiskWatch,39.6341378315764,7.646,8.121,8.7173,7.813,6.7013,25.780000686645508,-0.0869,SOFI,0.5378,RiskWatch,0.6626,0.4,6.940257464350786,104,394.55999755859375,0.0,0.0
2023-10-08,7.989999771118164,7.510000228881836,8.029999732971191,7.5,7.989999771118164,23371300.0,31046.3081142149,0,5.159003420832846,31041.149110794067,3885,-8.588509077383499,34000,RiskWatch,39.6341378315764,7.646,8.121,8.7173,7.813,6.7013,25.780000686645508,-0.0869,SOFI,0.5378,RiskWatch,0.6626,0.4,6.940257464350786,104,394.55999755859375,0.0,0.0
2023-10-09,8.180000305175781,7.78000020980835,8.199999809265137,7.769999980926514,8.180000305175781,17191900.0,31784.46018902874,0,5.159003420832846,31779.30118560791,3885,-6.4174735632251405,34000,RiskWatch,43.56725594645368,7.714,8.085,8.7023,7.8313,6.7138,25.780000686645508,0.4116,SOFI,0.5404,RiskWatch,0.6657,0.4123,7.98106790733619,104,397.1900024414063,0.0,0.0
2023-10-10,8.359999656677246,8.25,8.529999732971191,8.210000038146973,8.359999656677246,20874200.0,32483.757669611932,0,5.159003420832846,32478.5986661911,3885,-4.360716267392229,34000,RiskWatch,50.60606034334027,7.93,8.053,8.6837,7.8503,6.7251,25.780000686645508,0.8748,SOFI,0.543,RiskWatch,0.66,0.4239,8.792339672213153,104,399.239990234375,0.0,0.0
2023-10-11,8.59000015258789,8.449999809265137,8.725000381469727,8.449999809265137,8.59000015258789,22512700.0,33377.30959622479,0,5.159003420832846,33372.150592803955,3885,-1.7326223655896977,34000,Neutral,60.12659125595028,8.154,8.0425,8.6673,7.8726,6.7378,25.780000686645508,1.3265,SOFI,0.5585,Neutral,0.6494,0.4389,9.461149149025005,104,400.9299926757813,0.0,0.0
2023-10-12,8.390000343322754,8.640000343322754,8.664999961853027,8.279999732971191,8.390000343322754,22155400.0,32600.31033722973,0,5.159003420832846,32595.1513338089,3885,-4.017914303810466,34000,Neutral,64.40679171550882,8.302,8.0095,8.643,7.893,6.7505,25.780000686645508,1.4026,SOFI,0.528,Neutral,0.6458,0.4528,8.507403018913614,104,398.5199890136719,0.0,0.0
2023-10-13,8.119999885559082,8.4399995803833,8.475000381469727,8.0649995803833,8.119999885559082,21977600.0,31551.358558817865,0,5.159003420832846,31546.199555397034,3885,-7.1030665932571235,34000,RiskWatch,59.56112440309397,8.328,7.962,8.6188,7.9121,6.7616,25.780000686645508,1.1837,SOFI,0.5208,RiskWatch,0.6832,0.521,7.67634885086175,104,396.4200134277344,0.0,0.0
2023-10-14,8.119999885559082,8.4399995803833,8.475000381469727,8.0649995803833,8.119999885559082,21977600.0,31551.358558817865,0,5.159003420832846,31546.199555397034,3885,-7.1030665932571235,34000,RiskWatch,59.56112440309397,8.328,7.962,8.6188,7.9121,6.7616,25.780000686645508,1.1837,SOFI,0.5208,RiskWatch,0.6832,0.521,7.67634885086175,104,396.4200134277344,0.0,0.0
2023-10-15,8.119999885559082,8.4399995803833,8.475000381469727,8.0649995803833,8.119999885559082,21977600.0,31551.358558817865,0,5.159003420832846,31546.199555397034,3885,-7.1030665932571235,34000,RiskWatch,59.56112440309397,8.328,7.962,8.6188,7.9121,6.7616,25.780000686645508,1.1837,SOFI,0.5208,RiskWatch,0.6832,0.521,7.67634885086175,104,396.4200134277344,0.0,0.0
2023-10-16,8.25,8.239999771118164,8.350000381469727,8.079999923706055,8.25,16675200.0,32056.40900342083,0,5.159003420832846,32051.25,3885,-5.617624109130759,34000,RiskWatch,63.23987571334329,8.342,7.941,8.5992,7.9329,6.7733,25.780000686645508,1.104,SOFI,0.5413,RiskWatch,0.6528,0.5503,9.318686860959843,104,400.5700073242188,0.0,0.0
2023-10-17,8.25,8.100000381469727,8.359999656677246,8.079999923706055,8.25,18473600.0,32056.40900342083,0,5.159003420832846,32051.25,3885,-5.617624109130759,34000,RiskWatch,60.79734466632247,8.32,7.9225,8.5792,7.9544,6.7838,25.780000686645508,1.0108,SOFI,0.5236,RiskWatch,0.6585,0.5746,9.32263609529327,104,400.5799865722656,0.0,0.0
2023-10-18,7.769999980926514,8.1899995803833,8.260000228881836,7.690000057220459,7.769999980926514,26281300.0,30191.608929320337,0,5.159003420832846,30186.449925899506,3885,-11.102330209426325,34000,RiskWatch,50.0,8.156,7.895,8.5532,7.9687,6.7948,25.780000686645508,0.5348,SOFI,0.4997,RiskWatch,0.6745,0.6283,7.201450402972796,104,395.2200012207031,0.0,0.0
2023-10-19,7.630000114440918,7.75,7.980000019073486,7.590000152587891,7.630000114440918,26767700.0,29647.709448023797,0,5.159003420832846,29642.550444602966,3885,-12.702034566180853,34000,RiskWatch,44.44444935017687,8.004,7.879,8.5217,7.9803,6.8043,25.780000686645508,0.1067,SOFI,0.4716,RiskWatch,0.6999,0.6887,5.875703306687875,104,391.8699951171875,0.0,0.0
2023-10-20,7.369999885559082,7.550000190734863,7.679999828338623,7.320000171661377,7.369999885559082,27271700.0,28637.608558817865,0,5.159003420832846,28632.449555397034,3885,-15.672919534433595,34000,RiskWatch,42.98507144016193,7.854,7.8705,8.493,7.9962,6.8134,25.780000686645508,-0.3679,SOFI,0.4755,RiskWatch,0.7052,0.7117,3.9444673317876138,104,386.989990234375,0.0,0.0
2023-10-21,7.369999885559082,7.550000190734863,7.679999828338623,7.320000171661377,7.369999885559082,27271700.0,28637.608558817865,0,5.159003420832846,28632.449555397034,3885,-15.672919534433595,34000,RiskWatch,42.98507144016193,7.854,7.8705,8.493,7.9962,6.8134,25.780000686645508,-0.3679,SOFI,0.4755,RiskWatch,0.7052,0.7117,3.9444673317876138,104,386.989990234375,0.0,0.0
2023-10-22,7.369999885559082,7.550000190734863,7.679999828338623,7.320000171661377,7.369999885559082,27271700.0,28637.608558817865,0,5.159003420832846,28632.449555397034,3885,-15.672919534433595,34000,RiskWatch,42.98507144016193,7.854,7.8705,8.493,7.9962,6.8134,25.780000686645508,-0.3679,SOFI,0.4755,RiskWatch,0.7052,0.7117,3.9444673317876138,104,386.989990234375,0.0,0.0
2023-10-23,7.260000228881836,7.28000020980835,7.5,6.96999979019165,7.260000228881836,29748000.0,28210.259892626764,0,5.159003420832846,28205.100889205933,3885,-16.929827376172135,34000,RiskWatch,49.65517275398607,7.656,7.858,8.4548,8.0158,6.8221,25.780000686645508,-0.7296,SOFI,0.4662,RiskWatch,0.6904,0.7085,3.675363847329514,104,386.30999755859375,0.0,0.0
2023-10-24,7.380000114440918,7.400000095367432,7.574999809265137,7.260000228881836,7.380000114440918,23335900.0,28676.459448023797,0,5.159003420832846,28671.300444602966,3885,-15.558652213239677,34000,RiskWatch,48.409899946772846,7.482,7.857,8.387,8.0369,6.8316,25.780000686645508,-0.8124,SOFI,0.4763,RiskWatch,0.6726,0.6921,4.819071772030334,104,389.2000122070313,0.0,0.0
2023-10-25,7.079999923706055,7.239999771118164,7.269999980926514,7.019999980926514,7.079999923706055,31058500.0,27510.958707018854,0,5.159003420832846,27505.799703598022,3885,-18.98659556913657,34000,RiskWatch,40.3389810782952,7.344,7.831,8.3325,8.0551,6.8403,25.780000686645508,-1.0588,SOFI,0.4593,RiskWatch,0.6857,0.6835,2.646425261682907,104,383.7099914550781,0.0,0.0
2023-10-26,6.900000095367432,7.039999961853027,7.170000076293945,6.795000076293945,6.900000095367432,47046900.0,26811.659373923303,0,5.159003420832846,26806.500370502472,3885,-21.043358313535254,34000,RiskWatch,30.46595870317404,7.198,7.7875,8.2795,8.0696,6.8468,25.780000686645508,-1.2994,SOFI,0.4521,RiskWatch,0.6946,0.6558,0.7824711964817581,104,379.0,0.0,0.0
2023-10-27,6.869999885559082,7.070000171661377,7.079999923706055,6.849999904632568,6.869999885559082,45332100.0,26695.108558817865,0,5.159003420832846,26689.949555397034,3885,-21.38615482855124,34000,RiskWatch,25.095050140422188,7.098,7.7315,8.2265,8.0813,6.8507,25.780000686645508,-1.3969,SOFI,0.4492,RiskWatch,0.7022,0.6512,0.11762303117262007,104,377.3200073242188,0.0,0.0
2023-10-28,6.869999885559082,7.070000171661377,7.079999923706055,6.849999904632568,6.869999885559082,45332100.0,26695.108558817865,0,5.159003420832846,26689.949555397034,3885,-21.38615482855124,34000,RiskWatch,25.095050140422188,7.098,7.7315,8.2265,8.0813,6.8507,25.780000686645508,-1.3969,SOFI,0.4492,RiskWatch,0.7022,0.6512,0.11762303117262007,104,377.3200073242188,0.0,0.0
2023-10-29,6.869999885559082,7.070000171661377,7.079999923706055,6.849999904632568,6.869999885559082,45332100.0,26695.108558817865,0,5.159003420832846,26689.949555397034,3885,-21.38615482855124,34000,RiskWatch,25.095050140422188,7.098,7.7315,8.2265,8.0813,6.8507,25.780000686645508,-1.3969,SOFI,0.4492,RiskWatch,0.7022,0.6512,0.11762303117262007,104,377.3200073242188,0.0,0.0
2023-10-30,6.940000057220459,7.599999904632568,7.880000114440918,6.679999828338623,6.940000057220459,125927200.0,26967.059225722314,0,5.159003420832846,26961.900222301483,3885,-20.586299925891094,34000,RiskWatch,21.825415221885308,7.034,7.6865,8.1838,8.094,6.8552,25.780000686645508,-1.3091,SOFI,0.4652,RiskWatch,0.6822,0.6397,1.914295186674586,104,381.8599853515625,0.0,0.0
2023-10-31,7.550000190734863,7.039999961853027,7.570000171661377,7.03000020980835,7.550000190734863,63310400.0,29336.909744425775,0,5.159003420832846,29331.750741004944,3885,-13.616151341469152,34000,RiskWatch,32.068969712953944,7.068,7.7,8.1532,8.1113,6.8622,25.780000686645508,-0.6362,SOFI,0.478,RiskWatch,0.6613,0.6226,2.828476510436225,104,384.1700134277344,0.0,0.0
2023-11-01,7.579999923706055,7.639999866485596,7.75,7.349999904632568,7.579999923706055,42359700.0,30452.458147028927,0,3.598453501704512,30448.85969352722,4017,-12.894156724319462,35000,"cash_0%_Buy 100% of cash (132 shares - DCA Strategy) Monthly invest 2.9% of total investment ($1,000.00)",35.16483017438962,7.168,7.7055,8.1243,8.1316,6.8708,25.780000686645508,-0.1266,SOFI,0.4966,Neutral,0.6461,0.5942,3.934593641703387,106,388.3999938964844,0.0,0.0
2023-11-02,8.170000076293945,7.900000095367432,8.199999809265137,7.880000114440918,8.170000076293945,45933900.0,32822.48875997448,0,3.598453501704512,32818.89030647278,4017,-6.12264068733216,35000,Neutral,50.81967520668936,7.422,7.7315,8.1107,8.1578,6.8824,25.780000686645508,0.73,SOFI,0.517,Neutral,0.6209,0.5963,6.839985037673777,106,395.7799987792969,0.0,0.0
2023-11-03,8.010000228881836,8.279999732971191,8.479999542236328,8.0,8.010000228881836,41604100.0,32179.76937292004,0,3.598453501704512,32176.170919418335,4017,-7.958981793201993,35000,Neutral,46.10389972300096,7.65,7.7325,8.0988,8.1848,6.8942,25.780000686645508,1.1168,SOFI,0.5311,Neutral,0.6072,0.5773,8.280870689914764,106,399.4400024414063,0.0,0.0
2023-11-04,8.010000228881836,8.279999732971191,8.479999542236328,8.0,8.010000228881836,41604100.0,32179.76937292004,0,3.598453501704512,32176.170919418335,4017,-7.958981793201993,35000,Neutral,46.10389972300096,7.65,7.7325,8.0988,8.1848,6.8942,25.780000686645508,1.1168,SOFI,0.5311,Neutral,0.6072,0.5773,8.280870689914764,106,399.4400024414063,0.0,0.0
2023-11-05,8.010000228881836,8.279999732971191,8.479999542236328,8.0,8.010000228881836,41604100.0,32179.76937292004,0,3.598453501704512,32176.170919418335,4017,-7.958981793201993,35000,Neutral,46.10389972300096,7.65,7.7325,8.0988,8.1848,6.8942,25.780000686645508,1.1168,SOFI,0.5311,Neutral,0.6072,0.5773,8.280870689914764,106,399.4400024414063,0.0,0.0
2023-11-06,7.489999771118164,8.050000190734863,8.0600004196167,7.369999885559082,7.489999771118164,46262100.0,30090.92753408337,0,3.598453501704512,30087.329080581665,4017,-13.927101332735337,35000,Neutral,39.44444238403719,7.76,7.698,8.0795,8.2076,6.9051,25.780000686645508,0.8886,SOFI,0.5278,Neutral,0.6015,0.5706,8.58400320687609,106,400.2099914550781,0.0,0.0
2023-11-07,7.420000076293945,7.5,7.599999904632568,7.329999923706055,7.420000076293945,34068100.0,29809.738759974483,0,3.598453501704512,29806.14030647278,4017,-14.730497830189293,35000,Neutral,44.51410817626233,7.734,7.651,8.0585,8.2281,6.9167,25.780000686645508,0.6621,SOFI,0.5336,Neutral,0.6063,0.5395,9.028868287057001,106,401.3399963378906,0.0,0.0
2023-11-08,7.309999942779541,7.380000114440918,7.394999980926514,7.119999885559082,7.309999942779541,28150800.0,29367.86822364712,0,3.598453501704512,29364.269770145416,4017,-15.992985076838906,35000,Neutral,44.93670666414567,7.68,7.587,8.0408,8.2468,6.9277,25.780000686645508,0.4125,SOFI,0.5455,Neutral,0.6018,0.4952,9.158790804532345,106,401.6700134277344,0.0,0.0
2023-11-09,6.849999904632568,7.159999847412109,7.170000076293945,6.570000171661377,6.849999904632568,86607400.0,27520.048070410732,0,3.598453501704512,27516.449616909027,4017,-21.27247122894287,35000,Neutral,42.261905353220655,7.416,7.51,8.0173,8.2628,6.9371,25.780000686645508,-0.14,SOFI,0.5315,Neutral,0.6079,0.4588,7.965928127209153,106,398.6400146484375,0.0,0.0
2023-11-10,6.940000057220459,6.920000076293945,6.949999809265137,6.739999771118164,6.940000057220459,29494800.0,27881.57868335629,0,3.598453501704512,27877.980229854584,4017,-20.239526620526995,35000,Neutral,45.2095791713,7.202,7.451,7.9978,8.2768,6.9475,25.780000686645508,-0.3882,SOFI,0.5333,Neutral,0.5904,0.4329,10.414632382965735,106,404.8599853515625,0.0,0.0
2023-11-11,6.940000057220459,6.920000076293945,6.949999809265137,6.739999771118164,6.940000057220459,29494800.0,27881.57868335629,0,3.598453501704512,27877.980229854584,4017,-20.239526620526995,35000,Neutral,45.2095791713,7.202,7.451,7.9978,8.2768,6.9475,25.780000686645508,-0.3882,SOFI,0.5333,Neutral,0.5904,0.4329,10.414632382965735,106,404.8599853515625,0.0,0.0
2023-11-12,6.940000057220459,6.920000076293945,6.949999809265137,6.739999771118164,6.940000057220459,29494800.0,27881.57868335629,0,3.598453501704512,27877.980229854584,4017,-20.239526620526995,35000,Neutral,45.2095791713,7.202,7.451,7.9978,8.2768,6.9475,25.780000686645508,-0.3882,SOFI,0.5333,Neutral,0.5904,0.4329,10.414632382965735,106,404.8599853515625,0.0,0.0
2023-11-13,7.039999961853027,6.849999904632568,7.110000133514404,6.71999979019165,7.039999961853027,33982500.0,28283.278300265316,0,3.598453501704512,28279.67984676361,4017,-19.09181342935835,35000,Neutral,44.87951677446727,7.112,7.3905,7.9782,8.2913,6.9578,25.780000686645508,-0.4196,SOFI,0.5204,Neutral,0.5941,0.4258,10.253232429223978,106,404.4500122070313,0.0,0.0
2023-11-14,7.480000019073486,7.389999866485596,7.53000020980835,7.21999979019165,7.480000019073486,38408700.0,30050.7585301199,0,3.598453501704512,30047.160076618195,4017,-14.041869915488103,35000,Neutral,55.780347338608216,7.124,7.352,7.9647,8.3094,6.9689,25.780000686645508,-0.0134,SOFI,0.5446,Neutral,0.5855,0.4421,13.3121544198695,106,412.2200012207031,0.0,0.0
2023-11-15,7.369999885559082,7.389999866485596,7.5,7.21999979019165,7.369999885559082,40095900.0,29608.887993792538,0,3.598453501704512,29605.289540290833,4017,-15.304357162137716,35000,Neutral,56.93214862068204,7.136,7.332,7.9517,8.3274,6.9798,25.780000686645508,0.1686,SOFI,0.5485,Neutral,0.581,0.4531,13.666467806485457,106,413.1199951171875,0.0,0.0
2023-11-16,6.710000038146973,7.28000020980835,7.289999961853027,6.63100004196167,6.710000038146973,73603100.0,26957.668606738094,0,3.598453501704512,26954.07015323639,4017,-22.879269696578987,35000,Neutral,48.00995237322538,7.108,7.286,7.923,8.3383,6.9882,25.780000686645508,-0.2809,SOFI,0.5558,Neutral,0.5906,0.4397,13.894811376592408,106,413.7000122070313,0.0,0.0
2023-11-17,6.829999923706055,6.800000190734863,6.880000114440918,6.650000095367432,6.829999923706055,30785400.0,27439.708147028927,0,3.598453501704512,27436.10969352722,4017,-21.502013867176608,35000,Neutral,48.648647065418885,7.086,7.259,7.9015,8.3449,6.9978,25.780000686645508,-0.4263,SOFI,0.5612,Neutral,0.5809,0.4501,14.134952978154878,106,414.30999755859375,0.0,0.0
2023-11-18,6.829999923706055,6.800000190734863,6.880000114440918,6.650000095367432,6.829999923706055,30785400.0,27439.708147028927,0,3.598453501704512,27436.10969352722,4017,-21.502013867176608,35000,Neutral,48.648647065418885,7.086,7.259,7.9015,8.3449,6.9978,25.780000686645508,-0.4263,SOFI,0.5612,Neutral,0.5809,0.4501,14.134952978154878,106,414.30999755859375,0.0,0.0
2023-11-19,6.829999923706055,6.800000190734863,6.880000114440918,6.650000095367432,6.829999923706055,30785400.0,27439.708147028927,0,3.598453501704512,27436.10969352722,4017,-21.502013867176608,35000,Neutral,48.648647065418885,7.086,7.259,7.9015,8.3449,6.9978,25.780000686645508,-0.4263,SOFI,0.5612,Neutral,0.5809,0.4501,14.134952978154878,106,414.30999755859375,0.0,0.0
2023-11-20,6.614999771118164,6.769999980926514,6.78000020980835,6.559999942779541,6.614999771118164,44558700.0,26576.05253408337,0,3.598453501704512,26572.454080581665,4017,-23.969601332735337,35000,Neutral,37.27890651578804,7.001,7.2267,7.8736,8.3422,7.0074,25.780000686645508,-0.668,SOFI,0.5663,Neutral,0.5724,0.4639,15.36324579271082,106,417.4299926757813,0.0,0.0
2023-11-21,6.71999979019165,6.539999961853027,6.724999904632568,6.409999847412109,6.71999979019165,46170200.0,26997.837610701565,0,3.598453501704512,26994.23915719986,4017,-22.764501113826206,35000,Neutral,38.53333301120339,6.849,7.1937,7.8484,8.3414,7.0174,25.780000686645508,-0.6713,SOFI,0.5695,Neutral,0.5729,0.4833,14.934131444951753,106,416.3399963378906,0.0,0.0
2023-11-22,6.900000095367432,6.800000190734863,7.03000020980835,6.710000038146973,6.900000095367432,36549600.0,27720.898836592678,0,3.598453501704512,27717.300383090973,4017,-20.698611896994457,35000,Neutral,30.988027820444856,6.755,7.1847,7.8224,8.3403,7.0279,25.780000686645508,-0.4519,SOFI,0.5701,Neutral,0.5634,0.4973,15.642770232472309,106,418.1400146484375,0.0,0.0
2023-11-23,6.900000095367432,6.800000190734863,7.03000020980835,6.710000038146973,6.900000095367432,36549600.0,27720.898836592678,0,3.598453501704512,27717.300383090973,4017,-20.698611896994457,35000,Neutral,30.988027820444856,6.755,7.1847,7.8224,8.3403,7.0279,25.780000686645508,-0.4519,SOFI,0.5701,Neutral,0.5634,0.4973,15.642770232472309,106,418.1400146484375,0.0,0.0
2023-11-24,6.860000133514404,6.900000095367432,6.949999809265137,6.789999961853027,6.860000133514404,13457600.0,27560.218989829067,0,3.598453501704512,27556.620536327362,4017,-21.15769717346192,35000,Neutral,32.142859787250714,6.785,7.1827,7.7911,8.337,7.0384,25.780000686645508,-0.3005,SOFI,0.5698,Neutral,0.5526,0.5204,15.733309911748613,106,418.3699951171875,0.0,0.0
2023-11-25,6.860000133514404,6.900000095367432,6.949999809265137,6.789999961853027,6.860000133514404,13457600.0,27560.218989829067,0,3.598453501704512,27556.620536327362,4017,-21.15769717346192,35000,Neutral,32.142859787250714,6.785,7.1827,7.7911,8.337,7.0384,25.780000686645508,-0.3005,SOFI,0.5698,Neutral,0.5526,0.5204,15.733309911748613,106,418.3699951171875,0.0,0.0
2023-11-26,6.860000133514404,6.900000095367432,6.949999809265137,6.789999961853027,6.860000133514404,13457600.0,27560.218989829067,0,3.598453501704512,27556.620536327362,4017,-21.15769717346192,35000,Neutral,32.142859787250714,6.785,7.1827,7.7911,8.337,7.0384,25.780000686645508,-0.3005,SOFI,0.5698,Neutral,0.5526,0.5204,15.733309911748613,106,418.3699951171875,0.0,0.0
2023-11-27,7.03000020980835,6.869999885559082,7.199999809265137,6.860000133514404,7.03000020980835,40258600.0,28243.109296301845,0,3.598453501704512,28239.51084280014,4017,-19.206582012111117,35000,Neutral,41.98607137237871,6.825,7.1908,7.7639,8.3319,7.0491,25.780000686645508,-0.008,SOFI,0.5817,Neutral,0.56,0.5122,15.44592812720915,106,417.6400146484375,0.0,0.0
2023-11-28,7.340000152587891,7.039999961853027,7.349999904632568,7.0,7.340000152587891,36138300.0,29488.37906644726,0,3.598453501704512,29484.780612945557,4017,-15.648668383124221,35000,Neutral,48.713827845567344,6.97,7.2108,7.7397,8.3285,7.0612,25.780000686645508,0.4849,SOFI,0.5894,Neutral,0.5617,0.5247,15.607328080950957,106,418.0499877929688,0.0,0.0
2023-11-29,7.349999904632568,7.440000057220459,7.730000019073486,7.309999942779541,7.349999904632568,45648300.0,29528.548070410732,0,3.598453501704512,29524.949616909027,4017,-15.533899800371444,35000,Neutral,50.6644511430467,7.096,7.2007,7.7164,8.3221,7.0723,25.780000686645508,0.8039,SOFI,0.5946,Neutral,0.5625,0.5514,15.501037669252732,106,417.7799987792969,0.0,0.0
2023-11-30,7.289999961853027,7.389999866485596,7.400000095367432,7.099999904632568,7.289999961853027,41877900.0,29287.528300265316,0,3.598453501704512,29283.92984676361,4017,-16.222527715072633,35000,Neutral,58.4291194389326,7.174,7.1862,7.6956,8.3147,7.0834,25.780000686645508,0.9327,SOFI,0.5912,Neutral,0.5604,0.5573,16.138804168019185,106,419.3999938964844,0.0,0.0
2023-12-01,7.829999923706055,7.260000228881836,7.929999828338623,7.170000076293945,7.829999923706055,68877800.0,32455.705907038693,0,0.356223277095296,32455.349683761597,4145,-9.746441370881932,36000,"cash_0%_Buy 100% of cash (128 shares - DCA Strategy) Monthly invest 2.8% of total investment ($1,000.00)",64.54248175045988,7.368,7.1692,7.6832,8.3036,7.0966,25.780000686645508,1.4663,SOFI,0.5937,Neutral,0.5602,0.5541,16.413495093002446,109,421.8599853515625,0.0,0.0
2023-12-02,7.829999923706055,7.260000228881836,7.929999828338623,7.170000076293945,7.829999923706055,68877800.0,32455.705907038693,0,0.356223277095296,32455.349683761597,4145,-9.746441370881932,36000,Neutral,64.54248175045988,7.368,7.1692,7.6832,8.3036,7.0966,25.780000686645508,1.4663,SOFI,0.5937,Neutral,0.5602,0.5541,16.413495093002446,109,421.8599853515625,0.0,0.0
2023-12-03,7.829999923706055,7.260000228881836,7.929999828338623,7.170000076293945,7.829999923706055,68877800.0,32455.705907038693,0,0.356223277095296,32455.349683761597,4145,-9.746441370881932,36000,Neutral,64.54248175045988,7.368,7.1692,7.6832,8.3036,7.0966,25.780000686645508,1.4663,SOFI,0.5937,Neutral,0.5602,0.5541,16.413495093002446,109,421.8599853515625,0.0,0.0
2023-12-04,7.960000038146973,7.710000038146973,8.25,7.650000095367432,7.960000038146973,45245600.0,32994.556381396294,0,0.356223277095296,32994.2001581192,4145,-8.24963449766637,36000,Neutral,64.88673189099103,7.554,7.1667,7.6734,8.2905,7.1114,25.780000686645508,1.8508,SOFI,0.5928,Neutral,0.5616,0.5349,15.58095534385695,109,419.739990234375,0.0,0.0
2023-12-05,7.989999771118164,7.889999866485596,8.029999732971191,7.75,7.989999771118164,30468400.0,33118.90527456188,0,0.356223277095296,33118.54905128479,4145,-7.904220905539738,36000,Neutral,59.5149213565591,7.684,7.1917,7.6582,8.2759,7.1256,25.780000686645508,2.0289,SOFI,0.5982,Neutral,0.5621,0.5022,15.529901343002443,109,419.6099853515625,0.0,0.0
2023-12-06,7.889999866485596,8.140000343322754,8.449999809265137,7.860000133514404,7.889999866485596,51458700.0,32704.40566985989,0,0.356223277095296,32704.049446582794,4145,-9.055608696378604,36000,Neutral,59.73782881900634,7.792,7.2152,7.6397,8.262,7.1391,25.780000686645508,1.9542,SOFI,0.598,Neutral,0.5645,0.4479,14.842661759669134,109,417.8599853515625,0.0,0.0
2023-12-07,7.960000038146973,7.980000019073486,8.140000343322754,7.880000114440918,7.960000038146973,30489200.0,32994.556381396294,0,0.356223277095296,32994.2001581192,4145,-8.24963449766637,36000,Neutral,80.04807802523385,7.926,7.2477,7.6257,8.2567,7.1532,25.780000686645508,1.8672,SOFI,0.602,Neutral,0.5635,0.4111,16.126825679753757,109,421.1300048828125,0.0,0.0
2023-12-08,8.130000114440918,7.949999809265137,8.220000267028809,7.880000114440918,8.130000114440918,34626600.0,33699.2066976347,0,0.356223277095296,33698.850474357605,4145,-6.292272508115248,36000,Neutral,80.51643476263585,7.986,7.3117,7.6104,8.2529,7.1679,25.780000686645508,1.8556,SOFI,0.6084,Neutral,0.5485,0.3915,16.829776952082447,109,422.9200134277344,0.0,0.0
2023-12-09,8.130000114440918,7.949999809265137,8.220000267028809,7.880000114440918,8.130000114440918,34626600.0,33699.2066976347,0,0.356223277095296,33698.850474357605,4145,-6.292272508115248,36000,Neutral,80.51643476263585,7.986,7.3117,7.6104,8.2529,7.1679,25.780000686645508,1.8556,SOFI,0.6084,Neutral,0.5485,0.3915,16.829776952082447,109,422.9200134277344,0.0,0.0
2023-12-10,8.130000114440918,7.949999809265137,8.220000267028809,7.880000114440918,8.130000114440918,34626600.0,33699.2066976347,0,0.356223277095296,33698.850474357605,4145,-6.292272508115248,36000,Neutral,80.51643476263585,7.986,7.3117,7.6104,8.2529,7.1679,25.780000686645508,1.8556,SOFI,0.6084,Neutral,0.5485,0.3915,16.829776952082447,109,422.9200134277344,0.0,0.0
2023-12-11,8.069999694824219,8.119999885559082,8.270000457763672,8.0,8.069999694824219,24365600.0,33450.50495832348,0,0.356223277095296,33450.14873504639,4145,-6.983110672868632,36000,Neutral,86.83543399174674,8.008,7.3682,7.5937,8.2482,7.1832,25.780000686645508,1.6944,SOFI,0.6,Neutral,0.554,0.3741,17.473812386805342,109,424.55999755859375,0.0,0.0
2023-12-12,7.949999809265137,8.069999694824219,8.095000267028809,7.824999809265137,7.949999809265137,26087100.0,32953.105432681084,0,0.356223277095296,32952.74920940399,4145,-8.364776021875286,36000,Neutral,80.90451924157502,8.0,7.4137,7.5817,8.2437,7.1981,25.780000686645508,1.3969,SOFI,0.6097,Neutral,0.5458,0.3422,18.302433202082447,109,426.6700134277344,0.0,0.0
2023-12-13,8.9399995803833,7.980000019073486,8.960000038146973,7.840000152587891,8.9399995803833,75424700.0,37056.654483965875,0,0.356223277095296,37056.29826068878,4145,3.0339713428046866,36000,Neutral,86.42856595467492,8.21,7.4867,7.5871,8.2492,7.2163,25.780000686645508,1.931,SOFI,0.6148,Neutral,0.5499,0.3355,20.58406765998854,109,432.4800109863281,0.0,0.0
2023-12-14,9.470000267028809,9.109999656677246,9.84000015258789,9.09000015258789,9.470000267028809,92753900.0,39253.507330111504,0,0.356223277095296,39253.15110683441,4145,9.136340359875883,36000,Neutral,89.6656502354981,8.512,7.5917,7.6062,8.2598,7.2365,25.780000686645508,2.5468,SOFI,0.6233,Neutral,0.5435,0.3684,21.082802928899262,109,433.75,0.0,0.0
2023-12-15,9.350000381469728,9.529999732971191,9.56999969482422,9.140000343322754,9.350000381469728,52727300.0,38756.10780446912,0,0.356223277095296,38755.751581192024,4145,7.754675010869249,36000,Neutral,85.80246904495563,8.756,7.7237,7.6296,8.2657,7.2567,25.780000686645508,2.6548,SOFI,0.6259,Neutral,0.5426,0.3867,20.823613990758382,109,433.0899963378906,0.0,0.0
2023-12-16,9.350000381469728,9.529999732971191,9.56999969482422,9.140000343322754,9.350000381469728,52727300.0,38756.10780446912,0,0.356223277095296,38755.751581192024,4145,7.754675010869249,36000,Neutral,85.80246904495563,8.756,7.7237,7.6296,8.2657,7.2567,25.780000686645508,2.6548,SOFI,0.6259,Neutral,0.5426,0.3867,20.823613990758382,109,433.0899963378906,0.0,0.0
2023-12-17,9.350000381469728,9.529999732971191,9.56999969482422,9.140000343322754,9.350000381469728,52727300.0,38756.10780446912,0,0.356223277095296,38755.751581192024,4145,7.754675010869249,36000,Neutral,85.80246904495563,8.756,7.7237,7.6296,8.2657,7.2567,25.780000686645508,2.6548,SOFI,0.6259,Neutral,0.5426,0.3867,20.823613990758382,109,433.0899963378906,0.0,0.0
2023-12-18,9.65999984741211,9.300000190734863,9.789999961853027,9.210000038146973,9.65999984741211,48816300.0,40041.055590800286,0,0.356223277095296,40040.69936752319,4145,11.32397441734473,36000,Neutral,85.80246695547699,9.074,7.8652,7.6649,8.2723,7.2771,25.780000686645508,2.7687,SOFI,0.6211,Neutral,0.5456,0.4151,21.785754201227952,109,435.5400085449219,0.0,0.0
2023-12-19,9.9399995803833,9.779999732971191,9.994999885559082,9.65999984741211,9.9399995803833,51836700.0,41201.654483965875,0,0.356223277095296,41201.29826068878,4145,14.547860231693576,36000,Neutral,86.89458488197876,9.472,8.0315,7.7054,8.2825,7.2992,25.780000686645508,2.8421,SOFI,0.6316,Neutral,0.5442,0.4649,22.826428887659908,109,438.1900024414063,0.0,0.0
2023-12-20,9.3100004196167,9.90999984741211,10.15999984741211,9.229999542236328,9.3100004196167,75814700.0,38590.30796258831,0,0.356223277095296,38589.95173931122,4145,7.294119894533669,36000,Neutral,74.75491381984295,9.546,8.161,7.7372,8.2906,7.3188,25.780000686645508,2.2209,SOFI,0.6092,Neutral,0.5602,0.5059,20.352756699091735,109,430.0899963378906,1.801,0.0
2023-12-21,9.640000343322754,9.529999732971191,9.670000076293944,9.390000343322754,9.640000343322754,41803000.0,39958.15764634991,0,0.356223277095296,39957.801423072815,4145,11.093702349427003,36000,Neutral,73.3850247955391,9.58,8.298,7.7713,8.3,7.3389,25.780000686645508,1.9009,SOFI,0.6125,Neutral,0.5576,0.52,21.998205574518984,109,434.2799987792969,0.0,0.0
2023-12-22,9.710000038146973,9.770000457763672,9.880000114440918,9.585000038146973,9.710000038146973,29139400.0,40248.306381396294,0,0.356223277095296,40247.9501581192,4145,11.899671057889194,36000,Neutral,72.96588823283082,9.652,8.4405,7.8036,8.311,7.358,25.780000686645508,1.5912,SOFI,0.614,Neutral,0.5473,0.5289,22.394844826227974,109,435.2900085449219,0.0,0.0
2023-12-23,9.710000038146973,9.770000457763672,9.880000114440918,9.585000038146973,9.710000038146973,29139400.0,40248.306381396294,0,0.356223277095296,40247.9501581192,4145,11.899671057889194,36000,Neutral,72.96588823283082,9.652,8.4405,7.8036,8.311,7.358,25.780000686645508,1.5912,SOFI,0.614,Neutral,0.5473,0.5289,22.394844826227974,109,435.2900085449219,0.0,0.0
2023-12-24,9.710000038146973,9.770000457763672,9.880000114440918,9.585000038146973,9.710000038146973,29139400.0,40248.306381396294,0,0.356223277095296,40247.9501581192,4145,11.899671057889194,36000,Neutral,72.96588823283082,9.652,8.4405,7.8036,8.311,7.358,25.780000686645508,1.5912,SOFI,0.614,Neutral,0.5473,0.5289,22.394844826227974,109,435.2900085449219,0.0,0.0
2023-12-25,9.710000038146973,9.770000457763672,9.880000114440918,9.585000038146973,9.710000038146973,29139400.0,40248.306381396294,0,0.356223277095296,40247.9501581192,4145,11.899671057889194,36000,Neutral,72.96588823283082,9.652,8.4405,7.8036,8.311,7.358,25.780000686645508,1.5912,SOFI,0.614,Neutral,0.5473,0.5289,22.394844826227974,109,435.2900085449219,0.0,0.0
2023-12-26,9.960000038146973,9.829999923706056,9.989999771118164,9.744999885559082,9.960000038146973,26013700.0,41284.556381396294,0,0.356223277095296,41284.2001581192,4145,14.778143280111411,36000,Neutral,74.44169806141383,9.712,8.587,7.8364,8.3265,7.378,25.780000686645508,1.426,SOFI,0.6094,Neutral,0.5455,0.5442,23.105645950800728,109,437.1000061035156,0.0,0.0
2023-12-27,10.31999969482422,10.010000228881836,10.489999771118164,10.0,10.31999969482422,44253700.0,42776.75495832349,0,0.356223277095296,42776.398735046394,4145,18.923139327131377,36000,Neutral,78.32168601674002,9.788,8.736,7.8777,8.3455,7.3987,25.780000686645508,1.4259,SOFI,0.6185,Neutral,0.5398,0.5398,23.419807823664478,109,437.8999938964844,0.0,0.0
2023-12-28,10.279999732971191,10.279999732971191,10.390000343322754,10.1850004196167,10.279999732971191,26416400.0,42610.95511644268,0,0.356223277095296,42610.59889316559,4145,18.462584210795818,36000,Neutral,77.23005409529404,9.982,8.8825,7.9277,8.3585,7.4189,25.780000686645508,1.2485,SOFI,0.6147,Neutral,0.5369,0.5189,23.447300283279567,109,437.9700012207031,0.0,0.0
2023-12-29,9.949999809265137,10.25,10.298999786376951,9.8100004196167,9.949999809265137,38251100.0,41243.105432681084,0,0.356223277095296,41242.74920940399,4145,14.663001755902481,36000,Neutral,70.5882403709061,10.044,9.0155,7.9691,8.3659,7.4368,25.780000686645508,0.7796,SOFI,0.6113,Neutral,0.5356,0.5007,22.987826260096405,109,436.7999877929688,0.0,0.0
2023-12-30,9.949999809265137,10.25,10.298999786376951,9.8100004196167,9.949999809265137,38251100.0,41243.105432681084,0,0.356223277095296,41242.74920940399,4145,14.663001755902481,36000,Neutral,70.5882403709061,10.044,9.0155,7.9691,8.3659,7.4368,25.780000686645508,0.7796,SOFI,0.6113,Neutral,0.5356,0.5007,22.987826260096405,109,436.7999877929688,0.0,0.0
2023-12-31,9.949999809265137,10.25,10.298999786376951,9.8100004196167,9.949999809265137,38251100.0,41243.105432681084,0,0.356223277095296,41242.74920940399,4145,14.663001755902481,36000,Neutral,70.5882403709061,10.044,9.0155,7.9691,8.3659,7.4368,25.780000686645508,0.7796,SOFI,0.6113,Neutral,0.5356,0.5007,22.987826260096405,109,436.7999877929688,0.0,0.0
2024-01-01,9.949999809265137,10.25,10.298999786376951,9.8100004196167,9.949999809265137,38251100.0,42242.11043270016,0,4.361242369655315,42237.749190330505,4245,14.266686032779795,37000,"cash_0%_Buy 100% of cash (100 shares - DCA Strategy) Monthly invest 2.7% of total investment ($1,000.00)",70.5882403709061,10.044,9.0155,7.9691,8.3659,7.4368,25.780000686645508,0.7796,SOFI,0.6113,Neutral,0.5356,0.5007,22.24008877851788,113,436.7999877929688,0.0,0.0
2024-01-02,9.649999618530272,9.710000038146973,9.8149995803833,9.520000457763672,9.649999618530272,38035000.0,40968.60962303066,0,4.361242369655315,40964.248380661,4245,10.82479195259195,37000,Neutral,66.95279637488991,10.032,9.1065,8.0024,8.3696,7.4539,25.780000686645508,0.1792,SOFI,0.5995,Neutral,0.5525,0.4409,21.144231429633358,113,434.010009765625,0.0,0.0
2024-01-03,8.3100004196167,8.90999984741211,9.029999732971191,8.279999732971191,8.3100004196167,82970700.0,35280.31302364254,0,4.361242369655315,35275.95178127289,4245,-4.548982640348909,37000,Neutral,53.06123110977899,9.702,9.124,8.0077,8.3625,7.4659,25.780000686645508,-1.1701,SOFI,0.5852,Neutral,0.5727,0.4416,19.87946806356336,113,430.7900085449219,0.0,0.0
2024-01-04,8.420000076293945,8.350000381469727,8.585000038146973,8.170000076293945,8.420000076293945,37398900.0,35747.26156623745,0,4.361242369655315,35742.9003238678,4245,-3.2869595522545536,37000,Neutral,44.80000198364371,9.322,9.1455,8.0117,8.357,7.4774,25.780000686645508,-1.9462,SOFI,0.5793,Neutral,0.5701,0.4421,19.3452762634164,113,429.4299926757813,0.0,0.0
2024-01-05,8.220000267028809,8.270000457763672,8.5,8.15999984741211,8.220000267028809,39718000.0,34898.26237590695,0,4.361242369655315,34893.90113353729,4245,-5.581551958553222,37000,Neutral,36.61669164192625,8.91,9.162,8.0094,8.3465,7.4872,25.780000686645508,-2.5311,SOFI,0.5828,Neutral,0.5567,0.4559,19.561314383332224,113,429.9800109863281,0.0,0.0
2024-01-06,8.220000267028809,8.270000457763672,8.5,8.15999984741211,8.220000267028809,39718000.0,34898.26237590695,0,4.361242369655315,34893.90113353729,4245,-5.581551958553222,37000,Neutral,36.61669164192625,8.91,9.162,8.0094,8.3465,7.4872,25.780000686645508,-2.5311,SOFI,0.5828,Neutral,0.5567,0.4559,19.561314383332224,113,429.9800109863281,0.0,0.0
2024-01-07,8.220000267028809,8.270000457763672,8.5,8.15999984741211,8.220000267028809,39718000.0,34898.26237590695,0,4.361242369655315,34893.90113353729,4245,-5.581551958553222,37000,Neutral,36.61669164192625,8.91,9.162,8.0094,8.3465,7.4872,25.780000686645508,-2.5311,SOFI,0.5828,Neutral,0.5567,0.4559,19.561314383332224,113,429.9800109863281,0.0,0.0
2024-01-08,8.529999732971191,8.25,8.619999885559082,8.229999542236328,8.529999732971191,32042200.0,36214.21010883236,0,4.361242369655315,36209.84886646271,4245,-2.0249364641601986,37000,Neutral,41.56377211873842,8.626,9.1905,8.0084,8.3379,7.4986,25.780000686645508,-2.6008,SOFI,0.5889,Neutral,0.5519,0.4482,21.97693054267298,113,436.1300048828125,0.0,0.0
2024-01-09,8.319999694824219,8.399999618530273,8.520000457763672,8.279999732971191,8.319999694824219,26168200.0,35322.75994689846,0,4.361242369655315,35318.39870452881,4245,-4.434261226143709,37000,Neutral,35.92435754158606,8.36,9.2,8.0072,8.3251,7.5091,25.780000686645508,-2.7041,SOFI,0.5896,Neutral,0.5455,0.4564,21.56058098615319,113,435.0700073242188,0.0,0.0
2024-01-10,8.479999542236328,8.329999923706055,8.600000381469727,8.140000343322754,8.479999542236328,39487200.0,36001.95929916287,0,4.361242369655315,35997.59805679321,4245,-2.598587301104782,37000,Neutral,34.267229197912044,8.394,9.2205,8.0132,8.316,7.5207,25.780000686645508,-2.5523,SOFI,0.599,Neutral,0.5403,0.4412,22.687867728058798,113,437.9400024414063,0.0,0.0
2024-01-11,8.170000076293945,8.40999984741211,8.430000305175781,8.0600004196167,8.170000076293945,46166600.0,34686.01156623745,0,4.361242369655315,34681.6503238678,4245,-6.155202795497795,37000,Neutral,36.805541911478215,8.344,9.2315,8.0119,8.3055,7.53,25.780000686645508,-2.5824,SOFI,0.5955,Neutral,0.5401,0.4333,22.628952599645835,113,437.7900085449219,0.0,0.0
2024-01-12,7.889999866485596,8.170000076293945,8.300000190734863,7.809999942779541,7.889999866485596,49259900.0,33497.41067560101,0,4.361242369655315,33493.049433231354,4245,-9.36763763505576,37000,Neutral,29.508177316092898,8.278,9.179,8.0059,8.2925,7.535,25.780000686645508,-2.703,SOFI,0.5826,Neutral,0.5408,0.4369,22.707502108595982,113,437.989990234375,0.0,0.0
2024-01-13,7.889999866485596,8.170000076293945,8.300000190734863,7.809999942779541,7.889999866485596,49259900.0,33497.41067560101,0,4.361242369655315,33493.049433231354,4245,-9.36763763505576,37000,Neutral,29.508177316092898,8.278,9.179,8.0059,8.2925,7.535,25.780000686645508,-2.703,SOFI,0.5826,Neutral,0.5408,0.4369,22.707502108595982,113,437.989990234375,0.0,0.0
2024-01-14,7.889999866485596,8.170000076293945,8.300000190734863,7.809999942779541,7.889999866485596,49259900.0,33497.41067560101,0,4.361242369655315,33493.049433231354,4245,-9.36763763505576,37000,Neutral,29.508177316092898,8.278,9.179,8.0059,8.2925,7.535,25.780000686645508,-2.703,SOFI,0.5826,Neutral,0.5408,0.4369,22.707502108595982,113,437.989990234375,0.0,0.0
2024-01-15,7.889999866485596,8.170000076293945,8.300000190734863,7.809999942779541,7.889999866485596,49259900.0,33497.41067560101,0,4.361242369655315,33493.049433231354,4245,-9.36763763505576,37000,Neutral,29.508177316092898,8.278,9.179,8.0059,8.2925,7.535,25.780000686645508,-2.703,SOFI,0.5826,Neutral,0.5408,0.4369,22.707502108595982,113,437.989990234375,0.0,0.0
2024-01-16,7.71999979019165,7.769999980926514,7.849999904632568,7.610000133514404,7.71999979019165,38223300.0,32775.76035173321,0,4.361242369655315,32771.399109363556,4245,-11.31804391577953,37000,Neutral,27.231105425918955,8.116,9.0915,8.0051,8.2791,7.5383,25.780000686645508,-2.7916,SOFI,0.5656,Neutral,0.5543,0.4578,22.122258521691982,113,436.5,0.0,0.0
2024-01-17,7.53000020980835,7.53000020980835,7.579999923706055,7.369999885559082,7.53000020980835,41129900.0,31969.212133006098,0,4.361242369655315,31964.850890636444,4245,-13.497903966393343,37000,Neutral,21.80972768375697,7.958,9.0005,8.0034,8.2625,7.5389,25.780000686645508,-2.8683,SOFI,0.5572,Neutral,0.5683,0.4548,21.16779748099855,113,434.0700073242188,0.0,0.0
2024-01-18,7.409999847412109,7.619999885559082,7.630000114440918,7.230000019073486,7.409999847412109,47079900.0,31459.81059463406,0,4.361242369655315,31455.449352264404,4245,-14.87466488091237,37000,Neutral,14.250596691146654,7.744,8.888,8.0041,8.2485,7.5376,25.780000686645508,-2.8771,SOFI,0.5581,Neutral,0.5558,0.4702,22.683936057230845,113,437.9299926757813,0.0,0.0
2024-01-19,7.489999771118164,7.449999809265137,7.5,7.210000038146973,7.489999771118164,40056300.0,31799.41027076626,0,4.361242369655315,31795.049028396606,4245,-13.95682791839291,37000,Neutral,16.058376037933513,7.608,8.7655,8.0079,8.2314,7.5378,25.780000686645508,-2.6806,SOFI,0.5751,Neutral,0.5422,0.4711,24.789261877996346,113,443.2900085449219,0.0,0.0
2024-01-20,7.489999771118164,7.449999809265137,7.5,7.210000038146973,7.489999771118164,40056300.0,31799.41027076626,0,4.361242369655315,31795.049028396606,4245,-13.95682791839291,37000,Neutral,16.058376037933513,7.608,8.7655,8.0079,8.2314,7.5378,25.780000686645508,-2.6806,SOFI,0.5751,Neutral,0.5422,0.4711,24.789261877996346,113,443.2900085449219,0.0,0.0
2024-01-21,7.489999771118164,7.449999809265137,7.5,7.210000038146973,7.489999771118164,40056300.0,31799.41027076626,0,4.361242369655315,31795.049028396606,4245,-13.95682791839291,37000,Neutral,16.058376037933513,7.608,8.7655,8.0079,8.2314,7.5378,25.780000686645508,-2.6806,SOFI,0.5751,Neutral,0.5422,0.4711,24.789261877996346,113,443.2900085449219,0.0,0.0
2024-01-22,7.920000076293945,7.829999923706055,8.329999923706055,7.71999979019165,7.920000076293945,69046700.0,33624.76156623745,0,4.361242369655315,33620.4003238678,4245,-9.023446038741046,37000,Neutral,25.890728809109437,7.614,8.696,8.0169,8.202,7.5399,25.780000686645508,-2.0778,SOFI,0.5844,Neutral,0.5402,0.4855,25.18596506717767,113,444.2999877929688,0.0,0.0
2024-01-23,7.75,8.100000381469727,8.140000343322754,7.730000019073486,7.75,45600700.0,32903.111242369654,0,4.361242369655315,32898.75,4245,-10.973852319464816,37000,Neutral,26.71567962885223,7.62,8.6015,8.0281,8.1803,7.5414,25.780000686645508,-1.7164,SOFI,0.5871,Neutral,0.5307,0.496,25.704442170814083,113,445.6199951171875,0.0,0.0
2024-01-24,7.559999942779541,7.889999866485596,7.940000057220459,7.53000020980835,7.559999942779541,41431000.0,32096.560999468806,0,4.361242369655315,32092.19975709915,4245,-13.153717840818459,37000,Neutral,37.20135213493749,7.626,8.494,8.0391,8.1593,7.5429,25.780000686645508,-1.5397,SOFI,0.5776,Neutral,0.5351,0.51,25.8497701498331,113,445.989990234375,0.0,0.0
2024-01-25,7.650000095367432,7.659999847412109,7.75,7.550000190734863,7.650000095367432,49509400.0,32478.6116472044,0,4.361242369655315,32474.250404834747,4245,-12.121148522614146,37000,Neutral,36.769756916229525,7.674,8.3785,8.0521,8.1393,7.5461,25.780000686645508,-1.2618,SOFI,0.5795,Neutral,0.5408,0.5323,26.835660583547643,113,448.5,0.0,0.0
2024-01-26,7.619999885559082,7.690000057220459,7.829999923706055,7.519999980926514,7.619999885559082,72566000.0,32351.260756567957,0,4.361242369655315,32346.899514198303,4245,-12.46534011892887,37000,Neutral,39.05108701478335,7.7,8.2435,8.0634,8.1236,7.5495,25.780000686645508,-1.0273,SOFI,0.5792,Neutral,0.535,0.5589,26.729613352404378,113,448.2300109863281,0.0,0.0
2024-01-27,7.619999885559082,7.690000057220459,7.829999923706055,7.519999980926514,7.619999885559082,72566000.0,32351.260756567957,0,4.361242369655315,32346.899514198303,4245,-12.46534011892887,37000,Neutral,39.05108701478335,7.7,8.2435,8.0634,8.1236,7.5495,25.780000686645508,-1.0273,SOFI,0.5792,Neutral,0.535,0.5589,26.729613352404378,113,448.2300109863281,0.0,0.0
2024-01-28,7.619999885559082,7.690000057220459,7.829999923706055,7.519999980926514,7.619999885559082,72566000.0,32351.260756567957,0,4.361242369655315,32346.899514198303,4245,-12.46534011892887,37000,Neutral,39.05108701478335,7.7,8.2435,8.0634,8.1236,7.5495,25.780000686645508,-1.0273,SOFI,0.5792,Neutral,0.535,0.5589,26.729613352404378,113,448.2300109863281,0.0,0.0
2024-01-29,9.15999984741211,8.819999694824219,9.449999809265137,8.619999885559082,9.15999984741211,286380900.0,38888.56059463406,0,4.361242369655315,38884.199352264404,4245,5.2030378217903355,37000,Neutral,57.93450972375396,7.948,8.1875,8.0902,8.1217,7.5595,25.780000686645508,0.4301,SOFI,0.5901,Neutral,0.5425,0.564,28.01007942818361,113,451.489990234375,0.0,0.0
2024-01-30,8.399999618530273,9.029999732971191,9.399999618530272,8.380000114440918,8.399999618530273,119356000.0,35662.359623030665,0,4.361242369655315,35657.99838066101,4245,-3.5164242636242515,37000,Neutral,50.88495481862888,8.078,8.11,8.1039,8.1141,7.5664,25.780000686645508,0.7343,SOFI,0.5947,Neutral,0.5398,0.5839,27.884397816503117,113,451.1700134277344,0.0,0.0
2024-01-31,7.829999923706055,8.09000015258789,8.34000015258789,7.809999942779541,7.829999923706055,110241400.0,33242.710918501856,0,4.361242369655315,33238.3496761322,4245,-10.056015356945359,37000,Neutral,43.40771218768619,8.132,8.019,8.0982,8.1045,7.5688,25.780000686645508,0.458,SOFI,0.5809,Neutral,0.5631,0.5867,24.99743665625629,113,443.8200073242188,0.0,0.0
2024-02-01,7.730000019073486,7.929999828338623,7.960000038146973,7.570000171661377,7.730000019073486,76525400.0,33817.21415333414,0,6.194069906715299,33811.02008342743,4374,-10.908511176981428,38000,"cash_0%_Buy 100% of cash (129 shares - DCA Strategy) Monthly invest 2.6% of total investment ($1,000.00)",45.33898317926882,8.148,7.99,8.0936,8.0962,7.5719,25.780000686645508,0.1995,SOFI,0.6059,Neutral,0.5587,0.56,26.50813565991688,115,449.6600036621094,0.0,0.0
2024-02-02,7.880000114440918,7.579999923706055,7.949999809265137,7.46999979019165,7.880000114440918,53319100.0,34473.31457047129,0,6.194069906715299,34467.120500564575,4374,-9.181931131883681,38000,Neutral,49.89107025410223,8.2,7.963,8.1001,8.0898,7.5772,25.780000686645508,0.1637,SOFI,0.6058,Neutral,0.5498,0.5148,28.313705180205467,115,454.2799987792969,0.0,0.0
2024-02-03,7.880000114440918,7.579999923706055,7.949999809265137,7.46999979019165,7.880000114440918,53319100.0,34473.31457047129,0,6.194069906715299,34467.120500564575,4374,-9.181931131883681,38000,Neutral,49.89107025410223,8.2,7.963,8.1001,8.0898,7.5772,25.780000686645508,0.1637,SOFI,0.6058,Neutral,0.5498,0.5148,28.313705180205467,115,454.2799987792969,0.0,0.0
2024-02-04,7.880000114440918,7.579999923706055,7.949999809265137,7.46999979019165,7.880000114440918,53319100.0,34473.31457047129,0,6.194069906715299,34467.120500564575,4374,-9.181931131883681,38000,Neutral,49.89107025410223,8.2,7.963,8.1001,8.0898,7.5772,25.780000686645508,0.1637,SOFI,0.6058,Neutral,0.5498,0.5148,28.313705180205467,115,454.2799987792969,0.0,0.0
2024-02-05,7.579999923706055,7.699999809265137,7.760000228881836,7.449999809265137,7.579999923706055,42003000.0,33161.113736196996,0,6.194069906715299,33154.91966629028,4374,-12.635091222079186,38000,Neutral,48.51695080061653,7.884,7.931,8.1027,8.0806,7.582,25.780000686645508,-0.0895,SOFI,0.597,Neutral,0.545,0.4788,27.664948646952503,115,452.6199951171875,0.0,0.0
2024-02-06,7.800000190734863,7.590000152587891,7.880000114440918,7.53000020980835,7.800000190734863,44063700.0,34123.394904181005,0,6.194069906715299,34117.20083427429,4374,-10.102772358963374,38000,Neutral,52.842104206455375,7.764,7.8945,8.1109,8.0759,7.5873,25.780000686645508,-0.0502,SOFI,0.6104,Neutral,0.5393,0.4475,28.21600109857281,115,454.0299987792969,0.0,0.0
2024-02-07,7.659999847412109,7.820000171661377,7.829999923706055,7.570000171661377,7.659999847412109,37544900.0,33511.03340248728,0,6.194069906715299,33504.83933258057,4374,-11.714249994999493,38000,Neutral,52.62054429795896,7.73,7.8615,8.1244,8.0709,7.5919,25.780000686645508,-0.1177,SOFI,0.6149,Neutral,0.5319,0.4407,29.673750290168392,115,457.760009765625,0.0,0.0
2024-02-08,8.079999923706055,7.699999809265137,8.140000343322754,7.659999847412109,8.079999923706055,49560500.0,35348.113736196996,0,6.194069906715299,35341.91966629028,4374,-6.879828064184446,38000,Neutral,55.772993855241246,7.8,7.8415,8.1434,8.0706,7.599,25.780000686645508,0.2039,SOFI,0.6146,Neutral,0.5273,0.4665,29.794902397251484,115,458.0700073242188,0.0,0.0
2024-02-09,8.130000114440918,8.1850004196167,8.350000381469727,8.079999923706055,8.130000114440918,40417500.0,35566.81457047129,0,6.194069906715299,35560.620500564575,4374,-6.30429955293631,38000,Neutral,52.21987287303473,7.85,7.8395,8.1616,8.0699,7.6061,25.780000686645508,0.4536,SOFI,0.6166,Neutral,0.5254,0.5015,30.811027231584596,115,460.6700134277344,0.0,0.0
2024-02-10,8.130000114440918,8.1850004196167,8.350000381469727,8.079999923706055,8.130000114440918,40417500.0,35566.81457047129,0,6.194069906715299,35560.620500564575,4374,-6.30429955293631,38000,Neutral,52.21987287303473,7.85,7.8395,8.1616,8.0699,7.6061,25.780000686645508,0.4536,SOFI,0.6166,Neutral,0.5254,0.5015,30.811027231584596,115,460.6700134277344,0.0,0.0
2024-02-11,8.130000114440918,8.1850004196167,8.350000381469727,8.079999923706055,8.130000114440918,40417500.0,35566.81457047129,0,6.194069906715299,35560.620500564575,4374,-6.30429955293631,38000,Neutral,52.21987287303473,7.85,7.8395,8.1616,8.0699,7.6061,25.780000686645508,0.4536,SOFI,0.6166,Neutral,0.5254,0.5015,30.811027231584596,115,460.6700134277344,0.0,0.0
2024-02-12,8.329999923706055,8.119999885559082,8.5,8.104999542236328,8.329999923706055,44804100.0,36441.613736196996,0,6.194069906715299,36435.41966629028,4374,-4.002196485237086,38000,Neutral,56.09243465980182,8.0,7.8615,8.1757,8.0702,7.6133,25.780000686645508,0.7635,SOFI,0.6065,Neutral,0.5406,0.5279,30.72894721574037,115,460.4599914550781,0.0,0.0
2024-02-13,8.020000457763672,7.840000152587891,8.204999923706055,7.78000020980835,8.020000457763672,62894400.0,35085.67607216501,0,6.194069906715299,35079.4820022583,4374,-7.570453495847563,38000,Neutral,54.71311945951688,8.044,7.8765,8.1866,8.0691,7.6199,25.780000686645508,0.686,SOFI,0.5718,Neutral,0.5632,0.5442,28.19255307312239,115,453.9700012207031,0.0,0.0
2024-02-14,8.420000076293945,8.149999618530273,8.430000305175781,8.100000381469727,8.420000076293945,44248000.0,36835.27440361643,0,6.194069906715299,36829.08033370972,4374,-2.9662473604490924,38000,Neutral,57.41811148783391,8.196,7.921,8.2151,8.069,7.6281,25.780000686645508,0.9334,SOFI,0.5878,Neutral,0.5443,0.5416,29.8808824661589,115,458.2900085449219,0.0,0.0
2024-02-15,8.529999732971191,8.5,8.550000190734863,8.34000015258789,8.529999732971191,40691500.0,37316.412901922704,0,6.194069906715299,37310.21883201599,4374,-1.7000934175378513,38000,Neutral,58.63377545582289,8.286,7.977,8.2434,8.0725,7.6356,25.780000686645508,1.1364,SOFI,0.6029,Neutral,0.5386,0.5438,31.092415463757355,115,461.3900146484375,0.0,0.0
2024-02-16,8.359999656677246,8.4399995803833,8.579999923706055,8.270000457763672,8.359999656677246,50370000.0,36572.83256821299,0,6.194069906715299,36566.638498306274,4374,-3.656883769405528,38000,Neutral,39.74358629506296,8.332,8.0205,8.2725,8.073,7.6426,25.780000686645508,1.0788,SOFI,0.5961,Neutral,0.5395,0.5579,30.170082731225882,115,459.0299987792969,0.0,0.0
2024-02-17,8.359999656677246,8.4399995803833,8.579999923706055,8.270000457763672,8.359999656677246,50370000.0,36572.83256821299,0,6.194069906715299,36566.638498306274,4374,-3.656883769405528,38000,Neutral,39.74358629506296,8.332,8.0205,8.2725,8.073,7.6426,25.780000686645508,1.0788,SOFI,0.5961,Neutral,0.5395,0.5579,30.170082731225882,115,459.0299987792969,0.0,0.0
2024-02-18,8.359999656677246,8.4399995803833,8.579999923706055,8.270000457763672,8.359999656677246,50370000.0,36572.83256821299,0,6.194069906715299,36566.638498306274,4374,-3.656883769405528,38000,Neutral,39.74358629506296,8.332,8.0205,8.2725,8.073,7.6426,25.780000686645508,1.0788,SOFI,0.5961,Neutral,0.5395,0.5579,30.170082731225882,115,459.0299987792969,0.0,0.0
2024-02-19,8.359999656677246,8.4399995803833,8.579999923706055,8.270000457763672,8.359999656677246,50370000.0,36572.83256821299,0,6.194069906715299,36566.638498306274,4374,-3.656883769405528,38000,Neutral,39.74358629506296,8.332,8.0205,8.2725,8.073,7.6426,25.780000686645508,1.0788,SOFI,0.5961,Neutral,0.5395,0.5579,30.170082731225882,115,459.0299987792969,0.0,0.0
2024-02-20,8.510000228881836,8.289999961853027,8.520000457763672,8.210000038146973,8.510000228881836,39814900.0,37228.93507103586,0,6.194069906715299,37222.74100112915,4374,-1.9302982356611098,38000,Neutral,51.67174181803952,8.368,8.05,8.3023,8.0754,7.651,25.780000686645508,1.1093,SOFI,0.6025,Neutral,0.5565,0.5748,29.18522988200514,115,456.510009765625,0.0,0.0
2024-02-21,8.109999656677246,8.34000015258789,8.350000381469727,8.100000381469727,8.109999656677246,38941600.0,35479.33256821299,0,6.194069906715299,35473.138498306274,4374,-6.534515348352899,38000,Neutral,54.48717400088888,8.386,8.068,8.3225,8.0725,7.6578,25.780000686645508,0.7635,SOFI,0.6036,Neutral,0.553,0.5819,29.36500205271424,115,456.9700012207031,0.0,0.0
2024-02-22,8.15999984741211,8.239999771118164,8.350000381469727,8.140000343322754,8.15999984741211,30401200.0,35698.03340248728,0,6.194069906715299,35691.83933258057,4374,-5.958986837104751,38000,Neutral,57.00325196609829,8.334,8.098,8.3442,8.0676,7.6664,25.780000686645508,0.5484,SOFI,0.613,Neutral,0.5368,0.5834,33.1168411727617,115,466.5700073242188,0.0,0.0
2024-02-23,8.170000076293945,8.170000076293945,8.369999885559082,8.109999656677246,8.170000076293945,27447600.0,35741.77440361643,0,6.194069906715299,35735.58033370972,4374,-5.843878939396463,38000,Neutral,54.948802683566775,8.262,8.124,8.3632,8.0635,7.6772,25.780000686645508,0.3944,SOFI,0.6255,Neutral,0.5282,0.5645,33.198909261838104,115,466.7799987792969,0.0,0.0
2024-02-24,8.170000076293945,8.170000076293945,8.369999885559082,8.109999656677246,8.170000076293945,27447600.0,35741.77440361643,0,6.194069906715299,35735.58033370972,4374,-5.843878939396463,38000,Neutral,54.948802683566775,8.262,8.124,8.3632,8.0635,7.6772,25.780000686645508,0.3944,SOFI,0.6255,Neutral,0.5282,0.5645,33.198909261838104,115,466.7799987792969,0.0,0.0
2024-02-25,8.170000076293945,8.170000076293945,8.369999885559082,8.109999656677246,8.170000076293945,27447600.0,35741.77440361643,0,6.194069906715299,35735.58033370972,4374,-5.843878939396463,38000,Neutral,54.948802683566775,8.262,8.124,8.3632,8.0635,7.6772,25.780000686645508,0.3944,SOFI,0.6255,Neutral,0.5282,0.5645,33.198909261838104,115,466.7799987792969,0.0,0.0
2024-02-26,8.539999961853027,8.1899995803833,8.6899995803833,8.164999961853027,8.539999961853027,46576100.0,37360.153903051854,0,6.194069906715299,37353.95983314514,4374,-1.5849855198295626,38000,Neutral,65.99999554952127,8.298,8.17,8.3832,8.0615,7.6899,25.780000686645508,0.5653,SOFI,0.6133,Neutral,0.5269,0.5554,32.53061668296578,115,465.0700073242188,0.0,0.0
2024-02-27,9.149999618530272,8.75,9.170000076293944,8.699999809265137,9.149999618530272,66939300.0,40028.29240135812,0,6.194069906715299,40022.09833145141,4374,5.436431580976409,38000,Neutral,69.91149396864351,8.426,8.1695,8.4132,8.0648,7.7049,25.780000686645508,1.1078,SOFI,0.6206,Neutral,0.5229,0.5651,32.86671299893357,115,465.9299926757813,0.0,0.0
2024-02-28,8.859999656677246,9.039999961853027,9.18000030517578,8.829999923706055,8.859999656677246,42120700.0,38759.83256821299,0,6.194069906715299,38753.638498306274,4374,2.0983793884892132,38000,Neutral,66.94915003102136,8.576,8.1925,8.4393,8.0675,7.7193,25.780000686645508,1.1587,SOFI,0.6135,Neutral,0.5314,0.5719,32.585324766760785,115,465.2099914550781,0.0,0.0
2024-02-29,8.979999542236328,9.06999969482422,9.138999938964844,8.819999694824219,8.979999542236328,29742200.0,39284.71206764841,0,6.194069906715299,39278.5179977417,4374,3.479641229108743,38000,Neutral,63.88888398315648,8.74,8.25,8.4585,8.0709,7.734,25.780000686645508,1.2109,SOFI,0.613,Neutral,0.5244,0.5765,33.25752932546417,115,466.9299926757813,0.0,0.0
2024-03-01,8.989999771118164,8.989999771118164,9.039999961853027,8.770000457763672,8.989999771118164,26375300.0,40327.45517880297,0,7.306205338005043,40320.148973464966,4485,3.5025512261549596,39000,"cash_0%_Buy 100% of cash (111 shares - DCA Strategy) Monthly invest 2.6% of total investment ($1,000.00)",63.43749543651912,8.904,8.313,8.4757,8.0745,7.7487,25.780000686645508,1.1752,SOFI,0.6303,Neutral,0.5233,0.6154,34.1628848327177,117,471.4299926757813,0.0,0.0
2024-03-02,8.989999771118164,8.989999771118164,9.039999961853027,8.770000457763672,8.989999771118164,26375300.0,40327.45517880297,0,7.306205338005043,40320.148973464966,4485,3.5025512261549596,39000,Neutral,63.43749543651912,8.904,8.313,8.4757,8.0745,7.7487,25.780000686645508,1.1752,SOFI,0.6303,Neutral,0.5233,0.6154,34.1628848327177,117,471.4299926757813,0.0,0.0
2024-03-03,8.989999771118164,8.989999771118164,9.039999961853027,8.770000457763672,8.989999771118164,26375300.0,40327.45517880297,0,7.306205338005043,40320.148973464966,4485,3.5025512261549596,39000,Neutral,63.43749543651912,8.904,8.313,8.4757,8.0745,7.7487,25.780000686645508,1.1752,SOFI,0.6303,Neutral,0.5233,0.6154,34.1628848327177,117,471.4299926757813,0.0,0.0
2024-03-04,8.579999923706055,9.050000190734863,9.130000114440918,8.569999694824219,8.579999923706055,35426400.0,38488.60586315966,0,7.306205338005043,38481.299657821655,4485,-1.212447019084295,39000,Neutral,53.6656893135894,8.912,8.348,8.4855,8.0719,7.7627,25.780000686645508,0.7736,SOFI,0.6251,Neutral,0.5252,0.6335,33.94510800437566,117,470.8699951171875,0.0,0.0
2024-03-05,7.269999980926514,8.069999694824219,8.199999809265137,7.260000228881836,7.269999980926514,187827900.0,32613.25611979342,0,7.306205338005043,32605.949914455414,4485,-16.27744636104902,39000,Neutral,41.49659385835948,8.536,8.3325,8.4752,8.0575,7.7698,25.780000686645508,-0.5159,SOFI,0.6138,Neutral,0.5428,0.6374,32.10955197410221,117,466.1499938964844,0.0,0.0
2024-03-06,7.400000095367432,7.369999885559082,7.619999885559082,7.050000190734863,7.400000095367432,131025300.0,33196.306633060936,0,7.306205338005043,33189.00042772293,4485,-14.782445044978466,39000,Neutral,37.68116209108486,8.244,8.3125,8.4658,8.0458,7.7775,25.780000686645508,-1.2249,SOFI,0.6179,Neutral,0.5427,0.6505,33.07010800437566,117,468.6199951171875,0.0,0.0
2024-03-07,7.46999979019165,7.5,7.578999996185303,7.179999828338623,7.46999979019165,83118900.0,33510.25526434756,0,7.306205338005043,33502.94905900955,4485,-13.97744855449995,39000,Neutral,37.07317413566013,7.942,8.303,8.4548,8.0326,7.7845,25.780000686645508,-1.5696,SOFI,0.6251,Neutral,0.5419,0.6593,34.8745581454347,117,473.260009765625,0.0,0.0
2024-03-08,7.710000038146973,7.519999980926514,7.829999923706055,7.46999979019165,7.710000038146973,76914800.0,34586.65637642718,0,7.306205338005043,34579.35017108917,4485,-11.217445703013741,39000,Neutral,42.206241510985656,7.686,8.2845,8.4488,8.0213,7.7927,25.780000686645508,-1.5257,SOFI,0.6127,Neutral,0.5454,0.647,33.758448933195105,117,470.3900146484375,0.0,0.0
2024-03-09,7.710000038146973,7.519999980926514,7.829999923706055,7.46999979019165,7.710000038146973,76914800.0,34586.65637642718,0,7.306205338005043,34579.35017108917,4485,-11.217445703013741,39000,Neutral,42.206241510985656,7.686,8.2845,8.4488,8.0213,7.7927,25.780000686645508,-1.5257,SOFI,0.6127,Neutral,0.5454,0.647,33.758448933195105,117,470.3900146484375,0.0,0.0
2024-03-10,7.710000038146973,7.519999980926514,7.829999923706055,7.46999979019165,7.710000038146973,76914800.0,34586.65637642718,0,7.306205338005043,34579.35017108917,4485,-11.217445703013741,39000,Neutral,42.206241510985656,7.686,8.2845,8.4488,8.0213,7.7927,25.780000686645508,-1.5257,SOFI,0.6127,Neutral,0.5454,0.647,33.758448933195105,117,470.3900146484375,0.0,0.0
2024-03-11,7.679999828338623,7.804999828338623,7.949999809265137,7.610000133514404,7.679999828338623,59023000.0,34452.10543543673,0,7.306205338005043,34444.799230098724,4485,-11.562448115809765,39000,Neutral,39.753083163801065,7.506,8.262,8.4443,8.013,7.8007,25.780000686645508,-1.4465,SOFI,0.6058,Neutral,0.5516,0.644,33.60677656991387,117,470.0,0.0,0.0
2024-03-12,7.480000019073486,7.679999828338623,7.690000057220459,7.380000114440918,7.480000019073486,49576500.0,33555.10629088259,0,7.306205338005043,33547.800085544586,4485,-13.862445922358836,39000,Neutral,41.81818632195674,7.548,8.2195,8.42,8.0035,7.8086,25.780000686645508,-1.4824,SOFI,0.6117,Neutral,0.5285,0.6411,35.56288720630709,117,475.0299987792969,0.0,0.0
2024-03-13,7.380000114440918,7.429999828338623,7.559999942779541,7.360000133514404,7.380000114440918,42118300.0,33106.60671860552,0,7.306205338005043,33099.30051326752,4485,-15.012444825633365,39000,Neutral,40.00000244531899,7.544,8.1875,8.3852,7.9957,7.8154,25.780000686645508,-1.5077,SOFI,0.6049,Neutral,0.5212,0.6517,35.28288673158921,117,474.30999755859375,0.0,0.0
2024-03-14,7.050000190734863,7.329999923706055,7.349999904632568,6.989999771118164,7.050000190734863,69575100.0,31626.557060783867,0,7.306205338005043,31619.25085544586,4485,-18.807443948253,39000,Neutral,36.72985701662601,7.46,8.119,8.3468,7.9882,7.8209,25.780000686645508,-1.7124,SOFI,0.5921,Neutral,0.5268,0.671,34.878438964119574,117,473.2699890136719,0.0,0.0
2024-03-15,7.03000020980835,7.03000020980835,7.050000190734863,6.909999847412109,7.03000020980835,52914300.0,31536.857146328453,0,7.306205338005043,31529.550940990448,4485,-19.03744372890791,39000,Neutral,30.49095629521865,7.324,8.044,8.303,7.984,7.8249,25.780000686645508,-1.7655,SOFI,0.5913,Neutral,0.5268,0.6866,33.61066925654581,117,470.010009765625,0.0,0.0
2024-03-16,7.03000020980835,7.03000020980835,7.050000190734863,6.909999847412109,7.03000020980835,52914300.0,31536.857146328453,0,7.306205338005043,31529.550940990448,4485,-19.03744372890791,39000,Neutral,30.49095629521865,7.324,8.044,8.303,7.984,7.8249,25.780000686645508,-1.7655,SOFI,0.5913,Neutral,0.5268,0.6866,33.61066925654581,117,470.010009765625,0.0,0.0
2024-03-17,7.03000020980835,7.03000020980835,7.050000190734863,6.909999847412109,7.03000020980835,52914300.0,31536.857146328453,0,7.306205338005043,31529.550940990448,4485,-19.03744372890791,39000,Neutral,30.49095629521865,7.324,8.044,8.303,7.984,7.8249,25.780000686645508,-1.7655,SOFI,0.5913,Neutral,0.5268,0.6866,33.61066925654581,117,470.010009765625,0.0,0.0
2024-03-18,7.079999923706055,7.065000057220459,7.110000133514404,6.860000133514404,7.079999923706055,47168400.0,31761.10586315966,0,7.306205338005043,31753.799657821655,4485,-18.462447019084294,39000,GeoWatch,18.73111738954809,7.204,7.98,8.2553,7.9804,7.8293,25.780000686645508,-1.6564,SOFI,0.5953,GeoWatch,0.5232,0.7138,34.75400353931493,117,472.9500122070313,0.0,0.0
2024-03-19,6.920000076293945,6.920000076293945,7.03000020980835,6.815000057220459,6.920000076293945,50479000.0,31043.50654751635,0,7.306205338005043,31036.200342178345,4485,-20.302445264323556,39000,GeoWatch,19.49685572314169,7.092,7.9005,8.2155,7.9764,7.8336,25.780000686645508,-1.6237,SOFI,0.6023,GeoWatch,0.5161,0.7437,35.78455672128104,117,475.6000061035156,0.0,0.0
2024-03-20,7.360000133514404,6.925000190734863,7.369999885559082,6.869999885559082,7.360000133514404,61455100.0,33016.90680415011,0,7.306205338005043,33009.6005988121,4485,-15.242444606288275,39000,GeoWatch,26.85714815100917,7.088,7.863,8.1775,7.9744,7.8404,25.780000686645508,-1.1241,SOFI,0.6121,GeoWatch,0.5071,0.7387,37.398443236580526,117,479.75,0.0,0.0
2024-03-21,7.440000057220459,7.550000190734863,7.570000171661377,7.360000133514404,7.440000057220459,56091900.0,33375.706461971764,0,7.306205338005043,33368.40025663376,4485,-14.322445483668645,39000,GeoWatch,28.29131577833131,7.166,7.827,8.1397,7.9716,7.8474,25.780000686645508,-0.6579,SOFI,0.6154,GeoWatch,0.502,0.724,38.02066783239216,117,481.3500061035156,0.0,0.0
2024-03-22,7.300000190734863,7.320000171661377,7.408999919891357,7.239999771118164,7.300000190734863,23292600.0,32747.807060783867,0,7.306205338005043,32740.50085544586,4485,-15.932443948252995,39000,GeoWatch,30.60606016819351,7.22,7.7835,8.0953,7.9659,7.8532,25.780000686645508,-0.4236,SOFI,0.6153,GeoWatch,0.5063,0.7075,37.77682927716214,117,479.1799926757813,1.543,0.0
2024-03-23,7.300000190734863,7.320000171661377,7.408999919891357,7.239999771118164,7.300000190734863,23292600.0,32747.807060783867,0,7.306205338005043,32740.50085544586,4485,-15.932443948252995,39000,GeoWatch,30.60606016819351,7.22,7.7835,8.0953,7.9659,7.8532,25.780000686645508,-0.4236,SOFI,0.6153,GeoWatch,0.5063,0.7075,38.37688483271773,117,479.1799926757813,1.543,0.0
2024-03-24,7.300000190734863,7.320000171661377,7.408999919891357,7.239999771118164,7.300000190734863,23292600.0,32747.807060783867,0,7.306205338005043,32740.50085544586,4485,-15.932443948252995,39000,GeoWatch,30.60606016819351,7.22,7.7835,8.0953,7.9659,7.8532,25.780000686645508,-0.4236,SOFI,0.6153,GeoWatch,0.5063,0.7075,38.976940388273256,117,479.1799926757813,1.543,0.0
2024-03-25,7.449999809265137,7.28000020980835,7.597000122070312,7.25,7.449999809265137,27430900.0,33420.55534989214,0,7.306205338005043,33413.24914455414,4485,-14.207448335154849,39000,Neutral,54.20560560243838,7.294,7.729,8.0475,7.9626,7.8594,25.780000686645508,-0.0979,SOFI,0.6128,Neutral,0.508,0.6987,38.49472196379411,117,477.9400024414063,0.0,0.0
2024-03-26,7.199999809265137,7.349999904632568,7.460000038146973,7.164999961853027,7.199999809265137,39576600.0,32299.305349892144,0,7.306205338005043,32291.99914455414,4485,-17.082448335154854,39000,Neutral,45.57521255660598,7.35,7.6315,7.9962,7.962,7.8651,25.780000686645508,-0.0746,SOFI,0.6042,Neutral,0.5106,0.6855,37.9736122768366,117,476.6000061035156,0.0,0.0
2024-03-27,7.360000133514404,7.28000020980835,7.369999885559082,7.170000076293945,7.360000133514404,34738800.0,33016.90680415011,0,7.306205338005043,33009.6005988121,4485,-15.242444606288275,39000,Neutral,47.6595812029529,7.35,7.5565,7.953,7.961,7.8714,25.780000686645508,0.1096,SOFI,0.6144,Neutral,0.5053,0.6825,39.591391478768024,117,480.760009765625,0.0,0.0
2024-03-28,7.300000190734863,7.329999923706055,7.46999979019165,7.289999961853027,7.300000190734863,30108100.0,32747.807060783867,0,7.306205338005043,32740.50085544586,4485,-15.932443948252995,39000,Neutral,40.55299508791607,7.322,7.4725,7.9138,7.9581,7.8771,25.780000686645508,0.1962,SOFI,0.611,Neutral,0.5065,0.6968,39.568059094870485,117,480.7000122070313,0.0,0.0
2024-03-29,7.300000190734863,7.329999923706055,7.46999979019165,7.289999961853027,7.300000190734863,30108100.0,32747.807060783867,0,7.306205338005043,32740.50085544586,4485,-15.932443948252995,39000,Neutral,40.55299508791607,7.322,7.4725,7.9138,7.9581,7.8771,25.780000686645508,0.1962,SOFI,0.611,Neutral,0.5065,0.6968,39.568059094870485,117,480.7000122070313,0.0,0.0
2024-03-30,7.300000190734863,7.329999923706055,7.46999979019165,7.289999961853027,7.300000190734863,30108100.0,32747.807060783867,0,7.306205338005043,32740.50085544586,4485,-15.932443948252995,39000,Neutral,40.55299508791607,7.322,7.4725,7.9138,7.9581,7.8771,25.780000686645508,0.1962,SOFI,0.611,Neutral,0.5065,0.6968,39.568059094870485,117,480.7000122070313,0.0,0.0
2024-03-31,7.300000190734863,7.329999923706055,7.46999979019165,7.289999961853027,7.300000190734863,30108100.0,32747.807060783867,0,7.306205338005043,32740.50085544586,4485,-15.932443948252995,39000,Neutral,40.55299508791607,7.322,7.4725,7.9138,7.9581,7.8771,25.780000686645508,0.1962,SOFI,0.611,Neutral,0.5065,0.6968,39.568059094870485,117,480.7000122070313,0.0,0.0
2024-04-01,7.21999979019165,7.309999942779541,7.340000152587891,7.119999885559082,7.21999979019165,31681900.0,33388.00168437672,0,2.7226545305290983,33385.27902984619,4624,-16.43117579060316,40000,"cash_0%_Buy 100% of cash (139 shares - DCA Strategy) Monthly invest 2.5% of total investment ($1,000.00)",39.63963557601517,7.306,7.384,7.8957,7.9517,7.8824,25.780000686645508,0.1988,SOFI,0.6029,GeoWatch,0.5117,0.7347,38.43326630941599,123,480.0700073242188,0.0,0.0
2024-04-02,7.199999809265137,7.050000190734863,7.21999979019165,6.96999979019165,7.199999809265137,29678800.0,33295.52177257252,0,2.7226545305290983,33292.79911804199,4624,-16.662375570113653,40000,GeoWatch,43.1372480271442,7.256,7.315,7.8753,7.9435,7.8874,25.780000686645508,0.1997,SOFI,0.5885,GeoWatch,0.5275,0.7602,37.20552058187693,123,476.9299926757813,0.0,0.0
2024-04-03,7.539999961853027,7.309999942779541,7.579999923706055,7.230000019073486,7.539999961853027,50638600.0,34867.68247813893,0,2.7226545305290983,34864.9598236084,4624,-12.731973806197638,40000,GeoWatch,53.50876899453855,7.324,7.3285,7.864,7.9367,7.8935,25.780000686645508,0.5118,SOFI,0.5909,GeoWatch,0.5236,0.7725,37.373647718107385,123,477.3599853515625,0.0,0.0
2024-04-04,7.309999942779541,7.650000095367432,7.710000038146973,7.269999980926514,7.309999942779541,49594100.0,33804.16238994313,0,2.7226545305290983,33801.4397354126,4624,-15.390774026687138,40000,GeoWatch,55.96329753481732,7.314,7.324,7.8437,7.926,7.8993,25.780000686645508,0.5079,SOFI,0.5812,GeoWatch,0.5523,0.7957,35.074577741300736,123,471.4800109863281,0.0,0.0
2024-04-05,7.400000095367432,7.300000190734863,7.460000038146973,7.25,7.400000095367432,29257900.0,34220.323095509535,0,2.7226545305290983,34217.600440979004,4624,-14.350372262771128,40000,GeoWatch,58.22221967909071,7.334,7.3205,7.8283,7.9178,7.9054,25.780000686645508,0.5818,SOFI,0.5897,GeoWatch,0.5436,0.8165,37.03347962728707,123,476.489990234375,0.0,0.0
2024-04-06,7.400000095367432,7.300000190734863,7.460000038146973,7.25,7.400000095367432,29257900.0,34220.323095509535,0,2.7226545305290983,34217.600440979004,4624,-14.350372262771128,40000,GeoWatch,58.22221967909071,7.334,7.3205,7.8283,7.9178,7.9054,25.780000686645508,0.5818,SOFI,0.5897,GeoWatch,0.5436,0.8165,37.03347962728707,123,476.489990234375,0.0,0.0
2024-04-07,7.400000095367432,7.300000190734863,7.460000038146973,7.25,7.400000095367432,29257900.0,34220.323095509535,0,2.7226545305290983,34217.600440979004,4624,-14.350372262771128,40000,GeoWatch,58.22221967909071,7.334,7.3205,7.8283,7.9178,7.9054,25.780000686645508,0.5818,SOFI,0.5897,GeoWatch,0.5436,0.8165,37.03347962728707,123,476.489990234375,0.0,0.0
2024-04-08,7.760000228881836,7.510000228881836,7.769999980926514,7.5,7.760000228881836,56858200.0,35884.96371288014,0,2.7226545305290983,35882.24105834961,4624,-10.188770719344609,40000,GeoWatch,63.28125378349734,7.442,7.323,7.8163,7.9148,7.9134,25.780000686645508,0.9319,SOFI,0.583,GeoWatch,0.5296,0.8287,37.10777058187693,123,476.6799926757813,0.0,0.0
2024-04-09,7.889999866485596,7.820000171661377,7.940000057220459,7.730000019073486,7.889999866485596,46334200.0,36486.082037159926,0,2.7226545305290983,36483.359382629395,4624,-8.685974908645155,40000,GeoWatch,69.16995473816836,7.58,7.3335,7.8117,7.9118,7.9224,25.780000686645508,1.2336,SOFI,0.5835,GeoWatch,0.5277,0.8239,37.33845914999214,123,477.2699890136719,0.0,0.0
2024-04-10,7.559999942779541,7.650000095367432,7.800000190734863,7.480000019073486,7.559999942779541,53826100.0,34960.16238994313,0,2.7226545305290983,34957.4397354126,4624,-12.500774026687145,40000,GeoWatch,54.13222733388136,7.584,7.3375,7.8062,7.906,7.9302,25.780000686645508,1.095,SOFI,0.5583,GeoWatch,0.5283,0.8286,35.532041059171824,123,472.6499938964844,0.0,0.0
2024-04-11,7.639999866485596,7.570000171661377,7.639999866485596,7.429999828338623,7.639999866485596,28651700.0,35330.082037159926,0,2.7226545305290983,35327.359382629395,4624,-11.575974908645149,40000,GeoWatch,54.13222733388136,7.65,7.3505,7.8048,7.905,7.9368,25.780000686645508,1.0349,SOFI,0.5728,GeoWatch,0.5175,0.8124,36.865352491056605,123,476.05999755859375,0.0,0.0
2024-04-12,7.329999923706055,7.559999942779541,7.599999904632568,7.300000190734863,7.329999923706055,36704100.0,33896.64230174733,0,2.7226545305290983,33893.9196472168,4624,-15.159574247176645,40000,GeoWatch,50.57914539003436,7.636,7.3645,7.8015,7.9025,7.9414,25.780000686645508,0.6938,SOFI,0.5547,GeoWatch,0.5549,0.801,34.32776630941601,123,469.5700073242188,0.0,0.0
2024-04-13,7.329999923706055,7.559999942779541,7.599999904632568,7.300000190734863,7.329999923706055,36704100.0,33896.64230174733,0,2.7226545305290983,33893.9196472168,4624,-15.159574247176645,40000,GeoWatch,50.57914539003436,7.636,7.3645,7.8015,7.9025,7.9414,25.780000686645508,0.6938,SOFI,0.5547,GeoWatch,0.5549,0.801,34.32776630941601,123,469.5700073242188,0.0,0.0
2024-04-14,7.329999923706055,7.559999942779541,7.599999904632568,7.300000190734863,7.329999923706055,36704100.0,33896.64230174733,0,2.7226545305290983,33893.9196472168,4624,-15.159574247176645,40000,GeoWatch,50.57914539003436,7.636,7.3645,7.8015,7.9025,7.9414,25.780000686645508,0.6938,SOFI,0.5547,GeoWatch,0.5549,0.801,34.32776630941601,123,469.5700073242188,0.0,0.0
2024-04-15,7.119999885559082,7.329999923706055,7.420000076293945,7.079999923706055,7.119999885559082,33759400.0,32925.60212535573,0,2.7226545305290983,32922.879470825195,4624,-17.58717468815565,40000,GeoWatch,43.77358768961471,7.508,7.369,7.7967,7.9004,7.9483,25.780000686645508,0.2757,SOFI,0.5326,GeoWatch,0.5776,0.7913,31.997397718107372,123,463.6099853515625,0.0,0.0
2024-04-16,7.199999809265137,7.045000076293945,7.284999847412109,6.96999979019165,7.199999809265137,34200500.0,33295.52177257252,0,2.7226545305290983,33292.79911804199,4624,-16.662375570113653,40000,GeoWatch,50.0,7.37,7.375,7.7918,7.8999,7.9578,25.780000686645508,0.0778,SOFI,0.5242,GeoWatch,0.5679,0.7872,31.672872968351506,123,462.7799987792969,0.0,0.0
2024-04-17,7.159999847412109,7.230000019073486,7.340000152587891,7.119999885559082,7.159999847412109,29625600.0,33110.561948964125,0,2.7226545305290983,33107.839294433594,4624,-17.12477512913465,40000,GeoWatch,45.76270604263773,7.29,7.387,7.7792,7.898,7.9675,25.780000686645508,-0.0744,SOFI,0.5255,GeoWatch,0.5695,0.7532,30.581979627287062,123,459.989990234375,0.0,0.0
2024-04-18,7.130000114440918,7.159999847412109,7.380000114440918,7.070000171661377,7.130000114440918,34419100.0,32971.843183705336,0,2.7226545305290983,32969.120529174805,4624,-17.471572042281625,40000,GeoWatch,46.3519295738099,7.188,7.3755,7.7688,7.8985,7.9768,25.780000686645508,-0.1813,SOFI,0.5259,GeoWatch,0.5634,0.7323,30.1714344002363,123,458.9400024414063,0.0,0.0
2024-04-19,7.110000133514404,7.079999923706055,7.28000020980835,7.050000190734863,7.110000133514404,36870000.0,32879.36327190114,0,2.7226545305290983,32876.640617370605,4624,-17.70277182179212,40000,GeoWatch,47.5770995438747,7.144,7.359,7.7613,7.9002,7.9849,25.780000686645508,-0.2452,SOFI,0.516,GeoWatch,0.5727,0.716,28.66999583212104,123,455.1000061035156,0.0,0.0
2024-04-20,7.110000133514404,7.079999923706055,7.28000020980835,7.050000190734863,7.110000133514404,36870000.0,32879.36327190114,0,2.7226545305290983,32876.640617370605,4624,-17.70277182179212,40000,GeoWatch,47.5770995438747,7.144,7.359,7.7613,7.9002,7.9849,25.780000686645508,-0.2452,SOFI,0.516,GeoWatch,0.5727,0.716,28.66999583212104,123,455.1000061035156,0.0,0.0
2024-04-21,7.110000133514404,7.079999923706055,7.28000020980835,7.050000190734863,7.110000133514404,36870000.0,32879.36327190114,0,2.7226545305290983,32876.640617370605,4624,-17.70277182179212,40000,GeoWatch,47.5770995438747,7.144,7.359,7.7613,7.9002,7.9849,25.780000686645508,-0.2452,SOFI,0.516,GeoWatch,0.5727,0.716,28.66999583212104,123,455.1000061035156,0.0,0.0
2024-04-22,7.25,7.170000076293945,7.289999961853027,7.105000019073486,7.25,31327400.0,33526.72265453053,0,2.7226545305290983,33524.0,4624,-16.084373365218642,40000,Neutral,51.04602936200369,7.17,7.3565,7.7547,7.9034,7.9923,25.780000686645508,-0.1381,SOFI,0.5346,Neutral,0.5453,0.6933,30.214438672697234,123,459.0499877929688,0.0,0.0
2024-04-23,7.579999923706055,7.239999771118164,7.590000152587891,7.21999979019165,7.579999923706055,40321500.0,35052.64230174733,0,2.7226545305290983,35049.9196472168,4624,-12.26957424717664,40000,Neutral,50.84033562936517,7.246,7.363,7.754,7.9087,8.0014,25.780000686645508,0.2371,SOFI,0.5531,Neutral,0.5254,0.6777,32.478332013761666,123,464.8399963378906,0.0,0.0
2024-04-24,7.599999904632568,7.605000019073486,7.679999828338623,7.460000038146973,7.599999904632568,39726800.0,35145.12221355153,0,2.7226545305290983,35142.399559020996,4624,-12.038374467666147,40000,Neutral,56.68202947250363,7.334,7.383,7.728,7.9091,8.0102,25.780000686645508,0.489,SOFI,0.5477,Neutral,0.5272,0.6717,32.345393445646444,123,464.5,0.0,0.0
2024-04-25,7.590000152587891,7.420000076293945,7.599999904632568,7.260000228881836,7.590000152587891,47658800.0,35098.88336009694,0,2.7226545305290983,35096.160705566406,4624,-12.153971601302628,40000,Neutral,54.54545869367072,7.426,7.3945,7.7145,7.9092,8.0204,25.780000686645508,0.6234,SOFI,0.5489,Neutral,0.5186,0.6738,31.594668195402285,123,462.5799865722656,0.0,0.0
2024-04-26,7.869999885559082,7.697999954223633,7.900000095367432,7.579999923706055,7.869999885559082,88631000.0,36393.60212535573,0,2.7226545305290983,36390.879470825195,4624,-8.917174688155649,40000,Neutral,52.73631215257284,7.578,7.423,7.7152,7.9067,8.0323,25.780000686645508,0.9241,SOFI,0.5529,Neutral,0.5117,0.6763,33.40500010458198,123,467.2099914550781,0.0,0.0
2024-04-27,7.869999885559082,7.697999954223633,7.900000095367432,7.579999923706055,7.869999885559082,88631000.0,36393.60212535573,0,2.7226545305290983,36390.879470825195,4624,-8.917174688155649,40000,Neutral,52.73631215257284,7.578,7.423,7.7152,7.9067,8.0323,25.780000686645508,0.9241,SOFI,0.5529,Neutral,0.5117,0.6763,33.40500010458198,123,467.2099914550781,0.0,0.0
2024-04-28,7.869999885559082,7.697999954223633,7.900000095367432,7.579999923706055,7.869999885559082,88631000.0,36393.60212535573,0,2.7226545305290983,36390.879470825195,4624,-8.917174688155649,40000,Neutral,52.73631215257284,7.578,7.423,7.7152,7.9067,8.0323,25.780000686645508,0.9241,SOFI,0.5529,Neutral,0.5117,0.6763,33.40500010458198,123,467.2099914550781,0.0,0.0
2024-04-29,7.045000076293945,7.369999885559082,7.449999809265137,7.0,7.045000076293945,149660200.0,32578.80300731373,0,2.7226545305290983,32576.080352783203,4624,-18.454172483260635,40000,Neutral,34.38077151766335,7.537,7.4142,7.7037,7.8987,8.0417,25.780000686645508,0.3649,SOFI,0.5556,Neutral,0.5069,0.6771,34.04233201376167,123,468.8399963378906,0.0,0.0
2024-04-30,6.78000020980835,6.880000114440918,6.889999866485596,6.610000133514404,6.78000020980835,78411600.0,31353.443624684336,0,2.7226545305290983,31350.72097015381,4624,-21.51757093983413,40000,Neutral,35.227269032767765,7.377,7.3932,7.6854,7.8927,8.0502,25.780000686645508,-0.2306,SOFI,0.5368,Neutral,0.52,0.6567,31.145020581876942,123,461.4299926757813,0.0,0.0
2024-05-01,6.920000076293945,6.699999809265137,7.179999828338623,6.650000095367432,6.920000076293945,68347700.0,32999.806527302746,0,5.246163533214826,32994.56036376953,4768,-19.413847008123632,41000,"cash_0%_Buy 100% of cash (144 shares - DCA Strategy) Monthly invest 2.4% of total investment ($1,000.00)",36.66666254584924,7.241,7.3622,7.6744,7.8886,8.0583,25.780000686645508,-0.4671,SOFI,0.5411,Neutral,0.5201,0.6185,29.766258244863913,125,459.9299926757813,0.0,0.0
2024-05-02,6.989999771118164,7.03000020980835,7.110000133514404,6.860000133514404,6.989999771118164,45473400.0,33333.56507222462,0,5.246163533214826,33328.318908691406,4768,-18.59980177660686,41000,Neutral,43.08942254200919,7.121,7.3462,7.6609,7.8859,8.0663,25.780000686645508,-0.5229,SOFI,0.5584,Neutral,0.5087,0.5821,31.435538797491894,125,464.2200012207031,0.0,0.0
2024-05-03,6.960000038146973,7.130000114440918,7.239999771118164,6.880000114440918,6.960000038146973,56618000.0,33190.52634541798,0,5.246163533214826,33185.280181884766,4768,-18.948676720037696,41000,Neutral,46.49122807017543,6.939,7.3242,7.6492,7.8868,8.0748,25.780000686645508,-0.5488,SOFI,0.5818,Neutral,0.4913,0.5426,33.67680992411628,125,469.9800109863281,0.0,0.0
2024-05-04,6.960000038146973,7.130000114440918,7.239999771118164,6.880000114440918,6.960000038146973,56618000.0,33190.52634541798,0,5.246163533214826,33185.280181884766,4768,-18.948676720037696,41000,Neutral,46.49122807017543,6.939,7.3242,7.6492,7.8868,8.0748,25.780000686645508,-0.5488,SOFI,0.5818,Neutral,0.4913,0.5426,33.67680992411628,125,469.9800109863281,0.0,0.0
2024-05-05,6.960000038146973,7.130000114440918,7.239999771118164,6.880000114440918,6.960000038146973,56618000.0,33190.52634541798,0,5.246163533214826,33185.280181884766,4768,-18.948676720037696,41000,Neutral,46.49122807017543,6.939,7.3242,7.6492,7.8868,8.0748,25.780000686645508,-0.5488,SOFI,0.5818,Neutral,0.4913,0.5426,33.67680992411628,125,469.9800109863281,0.0,0.0
2024-05-06,7.159999847412109,7.054999828338623,7.269999980926514,7.03000020980835,7.159999847412109,50016600.0,34144.12543599415,0,5.246163533214826,34138.87927246094,4768,-16.622825279608012,41000,Neutral,49.16666666666666,6.962,7.2942,7.6339,7.8887,8.0827,25.780000686645508,-0.3485,SOFI,0.5842,Neutral,0.4897,0.5236,35.52118236184834,125,474.7200012207031,0.0,0.0
2024-05-07,7.059999942779541,7.119999885559082,7.190000057220459,7.03000020980835,7.059999942779541,31025600.0,33667.325890706066,0,5.246163533214826,33662.07972717285,4768,-17.78575099982285,41000,Neutral,47.96747967479675,7.018,7.2527,7.6161,7.8888,8.0901,25.780000686645508,-0.2819,SOFI,0.5805,Neutral,0.4879,0.5162,35.785773571335504,125,475.3999938964844,0.0,0.0
2024-05-08,7.050000190734863,6.980000019073486,7.085000038146973,6.929999828338623,7.050000190734863,29637600.0,33619.64707295704,0,5.246163533214826,33614.40090942383,4768,-17.902040799210717,41000,Neutral,48.36065573770492,7.044,7.2272,7.5947,7.8852,8.0973,25.780000686645508,-0.2221,SOFI,0.5801,Neutral,0.4851,0.5289,35.79356334933674,125,475.4200134277344,0.0,0.0
2024-05-09,7.059999942779541,7.079999923706055,7.130000114440918,6.989999771118164,7.059999942779541,22463500.0,33667.325890706066,0,5.246163533214826,33662.07972717285,4768,-17.78575099982285,41000,Neutral,48.97118840895953,7.058,7.1982,7.5787,7.8827,8.105,25.780000686645508,-0.1514,SOFI,0.5863,Neutral,0.4833,0.5467,36.85582307628599,125,478.1499938964844,0.0,0.0
2024-05-10,6.940000057220459,7.050000190734863,7.090000152587891,6.920000076293945,6.940000057220459,29080800.0,33095.16643636036,0,5.246163533214826,33089.92027282715,4768,-19.181261864080668,41000,Neutral,43.568459147576505,7.054,7.1787,7.5541,7.8846,8.1114,25.780000686645508,-0.1937,SOFI,0.5892,Neutral,0.4788,0.565,37.08539590875235,125,478.739990234375,0.0,0.0
2024-05-11,6.940000057220459,7.050000190734863,7.090000152587891,6.920000076293945,6.940000057220459,29080800.0,33095.16643636036,0,5.246163533214826,33089.92027282715,4768,-19.181261864080668,41000,Neutral,43.568459147576505,7.054,7.1787,7.5541,7.8846,8.1114,25.780000686645508,-0.1937,SOFI,0.5892,Neutral,0.4788,0.565,37.08539590875235,125,478.739990234375,0.0,0.0
2024-05-12,6.940000057220459,7.050000190734863,7.090000152587891,6.920000076293945,6.940000057220459,29080800.0,33095.16643636036,0,5.246163533214826,33089.92027282715,4768,-19.181261864080668,41000,Neutral,43.568459147576505,7.054,7.1787,7.5541,7.8846,8.1114,25.780000686645508,-0.1937,SOFI,0.5892,Neutral,0.4788,0.565,37.08539590875235,125,478.739990234375,0.0,0.0
2024-05-13,7.110000133514404,7.03000020980835,7.320000171661377,7.0,7.110000133514404,55264000.0,33905.726800129894,0,5.246163533214826,33900.48063659668,4768,-17.204285367081805,41000,Neutral,39.55554915062496,7.044,7.1783,7.5304,7.8869,8.1159,25.780000686645508,-0.0442,SOFI,0.5768,Neutral,0.4936,0.5756,37.09706870109262,125,478.7699890136719,0.0,0.0
2024-05-14,7.46999979019165,7.210000038146973,7.639999866485596,7.199999809265137,7.46999979019165,74991900.0,35622.205163167004,0,5.246163533214826,35616.95899963379,4768,-13.017752774308367,41000,Neutral,47.49034265664485,7.126,7.1918,7.5156,7.894,8.1181,25.780000686645508,0.3877,SOFI,0.5743,Neutral,0.4918,0.5797,37.980353528598805,125,481.0400085449219,0.0,0.0
2024-05-15,7.269999980926514,7.630000114440918,7.630000114440918,7.210000038146973,7.269999980926514,35185400.0,34668.60607259083,0,5.246163533214826,34663.35990905762,4768,-15.343604214738061,41000,Neutral,44.2445957403307,7.17,7.1973,7.4949,7.8986,8.12,25.780000686645508,0.4723,SOFI,0.593,Neutral,0.481,0.5894,40.26052604658302,125,486.8999938964844,0.0,0.0
2024-05-16,7.119999885559082,7.230000019073486,7.300000190734863,7.110000133514404,7.119999885559082,28905000.0,33953.40561787892,0,5.246163533214826,33948.1594543457,4768,-17.087995567693948,41000,Neutral,35.84904438152188,7.182,7.1967,7.4784,7.9005,8.1204,25.780000686645508,0.3792,SOFI,0.5905,Neutral,0.478,0.5971,39.89865760937308,125,485.9700012207031,0.0,0.0
2024-05-17,7.28000020980835,7.150000095367432,7.420000076293945,7.119999885559082,7.28000020980835,36606000.0,34716.287163899426,0,5.246163533214826,34711.04100036621,4768,-15.227308870082958,41000,Neutral,55.91940411877172,7.25,7.2053,7.4637,7.904,8.1205,25.780000686645508,0.4543,SOFI,0.5936,Neutral,0.471,0.613,40.17881650020116,125,486.6900024414063,0.0,0.0
2024-05-18,7.28000020980835,7.150000095367432,7.420000076293945,7.119999885559082,7.28000020980835,36606000.0,34716.287163899426,0,5.246163533214826,34711.04100036621,4768,-15.227308870082958,41000,Neutral,55.91940411877172,7.25,7.2053,7.4637,7.904,8.1205,25.780000686645508,0.4543,SOFI,0.5936,Neutral,0.471,0.613,40.17881650020116,125,486.6900024414063,0.0,0.0
2024-05-19,7.28000020980835,7.150000095367432,7.420000076293945,7.119999885559082,7.28000020980835,36606000.0,34716.287163899426,0,5.246163533214826,34711.04100036621,4768,-15.227308870082958,41000,Neutral,55.91940411877172,7.25,7.2053,7.4637,7.904,8.1205,25.780000686645508,0.4543,SOFI,0.5936,Neutral,0.471,0.613,40.17881650020116,125,486.6900024414063,0.0,0.0
2024-05-20,7.190000057220459,7.25,7.289999961853027,7.170000076293945,7.190000057220459,20605800.0,34287.16643636036,0,5.246163533214826,34281.92027282715,4768,-16.273944790909933,41000,Neutral,61.325971945091496,7.266,7.2023,7.4474,7.9053,8.1186,25.780000686645508,0.4077,SOFI,0.5891,Neutral,0.4718,0.624,40.36559305230703,125,487.1700134277344,0.0,0.0
2024-05-21,7.079999923706055,7.150000095367432,7.199999809265137,7.050000190734863,7.079999923706055,24500700.0,33762.68579976368,0,5.246163533214826,33757.43963623047,4768,-17.553165855779884,41000,Neutral,54.49438081848886,7.188,7.1773,7.4231,7.9031,8.1158,25.780000686645508,0.2685,SOFI,0.5929,Neutral,0.4686,0.6328,40.875324775601435,125,488.4800109863281,0.0,0.0
2024-05-22,7.019999980926514,7.059999942779541,7.139999866485596,6.96999979019165,7.019999980926514,28018400.0,33476.60607259083,0,5.246163533214826,33471.35990905762,4768,-18.250921287908795,41000,Neutral,50.84746401965324,7.138,7.1483,7.3876,7.9004,8.1112,25.780000686645508,0.1219,SOFI,0.5821,Neutral,0.4752,0.6145,40.32278489728498,125,487.05999755859375,0.0,0.0
2024-05-23,6.829999923706055,7.039999961853027,7.070000171661377,6.769999980926514,6.829999923706055,53003900.0,32570.685799763683,0,5.246163533214826,32565.43963623047,4768,-20.46048292895062,41000,Neutral,46.63212025590104,7.08,7.1102,7.3537,7.8965,8.1056,25.780000686645508,-0.1389,SOFI,0.5692,Neutral,0.4799,0.5795,38.91421253980511,125,483.4400024414063,0.0,0.0
2024-05-24,6.920000076293945,6.869999885559082,7.0,6.869999885559082,6.920000076293945,21665900.0,32999.806527302746,0,5.246163533214826,32994.56036376953,4768,-19.413847008123632,41000,Neutral,43.40659858898096,7.008,7.0628,7.3194,7.889,8.0963,25.780000686645508,-0.2071,SOFI,0.5783,Neutral,0.4691,0.5525,40.19438418154201,125,486.7300109863281,0.0,0.0
2024-05-25,6.920000076293945,6.869999885559082,7.0,6.869999885559082,6.920000076293945,21665900.0,32999.806527302746,0,5.246163533214826,32994.56036376953,4768,-19.413847008123632,41000,Neutral,43.40659858898096,7.008,7.0628,7.3194,7.889,8.0963,25.780000686645508,-0.2071,SOFI,0.5783,Neutral,0.4691,0.5525,40.19438418154201,125,486.7300109863281,0.0,0.0
2024-05-26,6.920000076293945,6.869999885559082,7.0,6.869999885559082,6.920000076293945,21665900.0,32999.806527302746,0,5.246163533214826,32994.56036376953,4768,-19.413847008123632,41000,Neutral,43.40659858898096,7.008,7.0628,7.3194,7.889,8.0963,25.780000686645508,-0.2071,SOFI,0.5783,Neutral,0.4691,0.5525,40.19438418154201,125,486.7300109863281,0.0,0.0
2024-05-27,6.920000076293945,6.869999885559082,7.0,6.869999885559082,6.920000076293945,21665900.0,32999.806527302746,0,5.246163533214826,32994.56036376953,4768,-19.413847008123632,41000,Neutral,43.40659858898096,7.008,7.0628,7.3194,7.889,8.0963,25.780000686645508,-0.2071,SOFI,0.5783,Neutral,0.4691,0.5525,40.19438418154201,125,486.7300109863281,0.0,0.0
2024-05-28,6.889999866485596,6.989999771118164,7.050000190734863,6.869999885559082,6.889999866485596,31435900.0,32856.765526936535,0,5.246163533214826,32851.51936340332,4768,-19.762727496821707,41000,Neutral,45.14285496303013,6.948,7.055,7.2844,7.88,8.0852,25.780000686645508,-0.2578,SOFI,0.5638,Neutral,0.4792,0.5404,40.34613048196551,125,487.1199951171875,0.0,0.0
2024-05-29,6.849999904632568,6.78000020980835,6.849999904632568,6.684999942779541,6.849999904632568,26240400.0,32666.0457088213,0,5.246163533214826,32660.799545288086,4768,-20.227897784907647,41000,Neutral,44.38201509751988,6.902,7.0585,7.2556,7.8705,8.0732,25.780000686645508,-0.3035,SOFI,0.5458,Neutral,0.4968,0.5501,39.01148976752791,125,483.6900024414063,0.0,0.0
2024-05-30,6.909999847412109,6.840000152587891,6.929999828338623,6.809999942779541,6.909999847412109,21823400.0,32952.12543599415,0,5.246163533214826,32946.87927246094,4768,-19.530142352778736,41000,Neutral,45.90163763562822,6.88,7.058,7.2496,7.8624,8.0622,25.780000686645508,-0.2522,SOFI,0.5468,Neutral,0.5026,0.5571,37.746885807131854,125,480.4400024414063,0.0,0.0
2024-05-31,6.900000095367432,6.949999809265137,6.989999771118164,6.760000228881836,6.900000095367432,28216900.0,32904.44661824513,0,5.246163533214826,32899.200454711914,4768,-19.646432152166604,41000,Neutral,48.83721059177145,6.894,7.0535,7.2412,7.8535,8.0551,25.780000686645508,-0.2054,SOFI,0.5661,Neutral,0.4834,0.5453,39.37335820473779,125,484.6199951171875,0.0,0.0
2024-06-01,6.900000095367432,6.949999809265137,6.989999771118164,6.760000228881836,6.900000095367432,28216900.0,33903.4461182313,0,3.745649691109179,33899.70046854019,4913,-19.178689243851387,42000,"cash_0%_Buy 100% of cash (145 shares - DCA Strategy) Monthly invest 2.4% of total investment ($1,000.00)",48.83721059177145,6.894,7.0535,7.2412,7.8535,8.0551,25.780000686645508,-0.2054,SOFI,0.5661,Neutral,0.4834,0.5453,38.50239475707445,127,484.6199951171875,0.0,0.0
2024-06-02,6.900000095367432,6.949999809265137,6.989999771118164,6.760000228881836,6.900000095367432,28216900.0,33903.4461182313,0,3.745649691109179,33899.70046854019,4913,-19.178689243851387,42000,Neutral,48.83721059177145,6.894,7.0535,7.2412,7.8535,8.0551,25.780000686645508,-0.2054,SOFI,0.5661,Neutral,0.4834,0.5453,38.50239475707445,127,484.6199951171875,0.0,0.0
2024-06-03,6.769999980926514,6.96999979019165,6.989999771118164,6.75,6.769999980926514,31596700.0,33264.75555598307,0,3.745649691109179,33261.00990629196,4913,-20.69938105872813,42000,Neutral,39.880949677794376,6.864,7.044,7.2296,7.8422,8.0475,25.780000686645508,-0.2733,SOFI,0.5736,Neutral,0.4883,0.4926,38.70763938239039,127,485.1499938964844,0.0,0.0
2024-06-04,6.71999979019165,6.75,6.860000133514404,6.710000038146973,6.71999979019165,27546400.0,33019.10461890269,0,3.745649691109179,33015.35896921158,4913,-21.28426424225285,42000,Neutral,22.627753993943813,6.83,7.022,7.2131,7.831,8.0396,25.780000686645508,-0.3367,SOFI,0.579,Neutral,0.4927,0.4487,38.93611835637744,127,485.739990234375,0.0,0.0
2024-06-05,6.909999847412109,6.769999980926514,6.940000057220459,6.71999979019165,6.909999847412109,32061500.0,33952.574900026804,0,3.745649691109179,33948.82925033569,4913,-19.0617159538621,42000,Neutral,36.76471155407066,6.842,7.0145,7.2002,7.8223,8.033,25.780000686645508,-0.1718,SOFI,0.5852,Neutral,0.4864,0.4341,41.18606839132308,127,491.5499877929688,0.0,0.0
2024-06-06,7.079999923706055,6.900000095367432,7.090000152587891,6.840000152587891,7.079999923706055,26131000.0,34787.78527485896,0,3.745649691109179,34784.03962516785,4913,-17.073119823309348,42000,Neutral,48.55072714155004,6.876,7.016,7.1936,7.8068,8.028,25.780000686645508,0.1101,SOFI,0.5856,Neutral,0.4856,0.4488,41.14347602478663,127,491.4400024414063,0.0,0.0
2024-06-07,6.989999771118164,6.920000076293945,7.050000190734863,6.864999771118164,6.989999771118164,26082300.0,34345.61452519465,0,3.745649691109179,34341.86887550354,4913,-18.12590732251008,42000,Neutral,38.931288540518935,6.894,7.0125,7.1871,7.7861,8.023,25.780000686645508,0.2113,SOFI,0.5782,Neutral,0.4745,0.4466,40.89562721485249,127,490.7999877929688,0.0,0.0
2024-06-08,6.989999771118164,6.920000076293945,7.050000190734863,6.864999771118164,6.989999771118164,26082300.0,34345.61452519465,0,3.745649691109179,34341.86887550354,4913,-18.12590732251008,42000,Neutral,38.931288540518935,6.894,7.0125,7.1871,7.7861,8.023,25.780000686645508,0.2113,SOFI,0.5782,Neutral,0.4745,0.4466,40.89562721485249,127,490.7999877929688,0.0,0.0
2024-06-09,6.989999771118164,6.920000076293945,7.050000190734863,6.864999771118164,6.989999771118164,26082300.0,34345.61452519465,0,3.745649691109179,34341.86887550354,4913,-18.12590732251008,42000,Neutral,38.931288540518935,6.894,7.0125,7.1871,7.7861,8.023,25.780000686645508,0.2113,SOFI,0.5782,Neutral,0.4745,0.4466,40.89562721485249,127,490.7999877929688,0.0,0.0
2024-06-10,7.03000020980835,6.900000095367432,7.070000171661377,6.880000114440918,7.03000020980835,20795000.0,34542.13668047953,0,3.745649691109179,34538.39103078842,4913,-17.65799742897465,42000,Neutral,43.65080566482012,6.946,7.017,7.1867,7.7668,8.0162,25.780000686645508,0.3127,SOFI,0.5672,Neutral,0.4799,0.4797,41.51911375241182,127,492.4100036621094,0.0,0.0
2024-06-11,7.0,7.0,7.038000106811523,6.900000095367432,7.0,20066600.0,34394.74564969111,0,3.745649691109179,34391.0,4913,-18.008928454661365,42000,Neutral,46.610176340658576,7.002,7.0115,7.1862,7.7446,8.0085,25.780000686645508,0.3441,SOFI,0.57,Neutral,0.4843,0.5175,41.95283735171483,127,493.5299987792969,0.0,0.0
2024-06-12,7.070000171661377,7.170000076293945,7.427999973297119,7.050000190734863,7.070000171661377,57027300.0,34738.656493063456,0,3.745649691109179,34734.910843372345,4913,-17.190093113298644,42000,Neutral,52.10084572373773,7.034,6.9915,7.1861,7.7207,8.0016,25.780000686645508,0.4207,SOFI,0.586,Neutral,0.4732,0.5526,43.54446114417616,127,497.6400146484375,0.0,0.0
2024-06-13,6.800000190734863,7.099999904632568,7.130000114440918,6.769999980926514,6.800000190734863,51888300.0,33412.146586771494,0,3.745649691109179,33408.40093708038,4913,-20.34845003304141,42000,Neutral,48.818909463367305,6.978,6.968,7.1841,7.6998,7.9952,25.780000686645508,0.2097,SOFI,0.589,Neutral,0.4773,0.5631,43.90846987938411,127,498.5799865722656,0.0,0.0
2024-06-14,6.460000038146973,6.710000038146973,6.764999866485596,6.429999828338623,6.460000038146973,75531400.0,31741.725837107188,0,3.745649691109179,31737.980187416077,4913,-24.3256422941469,42000,Neutral,34.8684338486307,6.872,6.935,7.1691,7.6733,7.9866,25.780000686645508,-0.2388,SOFI,0.5852,Neutral,0.4907,0.5859,44.06338129463378,127,498.9800109863281,0.0,0.0
2024-06-15,6.460000038146973,6.710000038146973,6.764999866485596,6.429999828338623,6.460000038146973,75531400.0,31741.725837107188,0,3.745649691109179,31737.980187416077,4913,-24.3256422941469,42000,Neutral,34.8684338486307,6.872,6.935,7.1691,7.6733,7.9866,25.780000686645508,-0.2388,SOFI,0.5852,Neutral,0.4907,0.5859,44.06338129463378,127,498.9800109863281,0.0,0.0
2024-06-16,6.460000038146973,6.710000038146973,6.764999866485596,6.429999828338623,6.460000038146973,75531400.0,31741.725837107188,0,3.745649691109179,31737.980187416077,4913,-24.3256422941469,42000,Neutral,34.8684338486307,6.872,6.935,7.1691,7.6733,7.9866,25.780000686645508,-0.2388,SOFI,0.5852,Neutral,0.4907,0.5859,44.06338129463378,127,498.9800109863281,0.0,0.0
2024-06-17,6.460000038146973,6.460000038146973,6.489999771118164,6.300000190734863,6.460000038146973,45193300.0,31741.725837107188,0,3.745649691109179,31737.980187416077,4913,-24.3256422941469,42000,Neutral,35.57048719597256,6.758,6.894,7.1527,7.6462,7.9786,25.780000686645508,-0.5018,SOFI,0.5906,Neutral,0.4887,0.6085,45.596907397335634,127,502.9400024414063,0.0,0.0
2024-06-18,6.420000076293945,6.460000038146973,6.599999904632568,6.389999866485596,6.420000076293945,28420200.0,31545.206024523264,0,3.745649691109179,31541.460374832153,4913,-24.793546609822904,42000,Neutral,35.57048719597256,6.642,6.8555,7.1381,7.6167,7.9716,25.780000686645508,-0.6705,SOFI,0.5993,Neutral,0.4836,0.6425,46.115827547793266,127,504.2799987792969,0.0,0.0
2024-06-19,6.420000076293945,6.460000038146973,6.599999904632568,6.389999866485596,6.420000076293945,28420200.0,31545.206024523264,0,3.745649691109179,31541.460374832153,4913,-24.793546609822904,42000,Neutral,35.57048719597256,6.642,6.8555,7.1381,7.6167,7.9716,25.780000686645508,-0.6705,SOFI,0.5993,Neutral,0.4836,0.6425,46.115827547793266,127,504.2799987792969,0.0,0.0
2024-06-20,6.320000171661377,6.420000076293945,6.449999809265137,6.260000228881836,6.320000171661377,31396900.0,31053.906493063456,0,3.745649691109179,31050.160843372345,4913,-25.963307399012926,42000,Neutral,30.71897950692582,6.492,6.8175,7.1192,7.5834,7.9644,25.780000686645508,-0.8269,SOFI,0.5841,Neutral,0.4943,0.6911,45.57367304866451,127,502.8800048828125,0.0,0.0
2024-06-21,6.320000171661377,6.300000190734863,6.349999904632568,6.199999809265137,6.320000171661377,34388900.0,31053.906493063456,0,3.745649691109179,31050.160843372345,4913,-25.963307399012926,42000,Neutral,30.921072857513025,6.396,6.7825,7.1046,7.5504,7.9545,25.780000686645508,-0.8714,SOFI,0.5792,Neutral,0.4917,0.6894,45.14769029289129,127,501.7799987792969,0.0,0.0
2024-06-22,6.320000171661377,6.300000190734863,6.349999904632568,6.199999809265137,6.320000171661377,34388900.0,31053.906493063456,0,3.745649691109179,31050.160843372345,4913,-25.963307399012926,42000,Neutral,30.921072857513025,6.396,6.7825,7.1046,7.5504,7.9545,25.780000686645508,-0.8714,SOFI,0.5792,Neutral,0.4917,0.6894,45.14769029289129,127,501.7799987792969,0.0,0.0
2024-06-23,6.320000171661377,6.300000190734863,6.349999904632568,6.199999809265137,6.320000171661377,34388900.0,31053.906493063456,0,3.745649691109179,31050.160843372345,4913,-25.963307399012926,42000,Neutral,30.921072857513025,6.396,6.7825,7.1046,7.5504,7.9545,25.780000686645508,-0.8714,SOFI,0.5792,Neutral,0.4917,0.6894,45.14769029289129,127,501.7799987792969,0.0,0.0
2024-06-24,6.539999961853027,6.320000171661377,6.570000171661377,6.300000190734863,6.539999961853027,32286900.0,32134.765462275034,0,3.745649691109179,32131.019812583923,4913,-23.389833662794878,42000,Neutral,42.85714708817069,6.412,6.768,7.0909,7.522,7.9439,25.780000686645508,-0.6283,SOFI,0.5723,Neutral,0.4925,0.6908,44.624893811627935,127,500.4299926757813,0.0,0.0
2024-06-25,6.449999809265137,6.539999961853027,6.539999961853027,6.409999847412109,6.449999809265137,19277800.0,31692.594712610728,0,3.745649691109179,31688.849062919617,4913,-24.442621161995614,42000,Neutral,41.81818759802248,6.41,6.7445,7.0767,7.4953,7.9325,25.780000686645508,-0.5124,SOFI,0.5793,Neutral,0.4864,0.6705,45.430390625832096,127,502.510009765625,0.0,0.0
2024-06-26,6.460000038146973,6.400000095367432,6.480000019073486,6.360000133514404,6.460000038146973,18400200.0,31741.725837107188,0,3.745649691109179,31737.980187416077,4913,-24.3256422941469,42000,Neutral,34.693896748946415,6.418,6.723,7.0641,7.4799,7.9212,25.780000686645508,-0.3851,SOFI,0.5763,Neutral,0.4798,0.6508,45.64725242548362,127,503.0700073242188,0.0,0.0
2024-06-27,6.539999961853027,6.409999847412109,6.539999961853027,6.360000133514404,6.539999961853027,18808000.0,32134.765462275034,0,3.745649691109179,32131.019812583923,4913,-23.389833662794878,42000,Neutral,30.434799134230246,6.462,6.7075,7.0531,7.4642,7.9106,25.780000686645508,-0.1882,SOFI,0.5754,Neutral,0.4773,0.6423,45.94931077628974,127,503.8500061035156,0.0,0.0
2024-06-28,6.610000133514404,6.599999904632568,6.650000095367432,6.53000020980835,6.610000133514404,30002000.0,32478.67630564738,0,3.745649691109179,32474.93065595627,4913,-22.570998321432157,42000,Neutral,36.02943625621421,6.52,6.6925,7.0376,7.4508,7.8987,25.780000686645508,0.0332,SOFI,0.5676,Neutral,0.4768,0.6481,45.199584813370386,127,500.1300048828125,1.784,0.0
2024-06-29,6.610000133514404,6.599999904632568,6.650000095367432,6.53000020980835,6.610000133514404,30002000.0,32478.67630564738,0,3.745649691109179,32474.93065595627,4913,-22.570998321432157,42000,Neutral,36.02943625621421,6.52,6.6925,7.0376,7.4508,7.8987,25.780000686645508,0.0332,SOFI,0.5676,Neutral,0.4768,0.6481,45.8904475584684,127,500.1300048828125,1.784,0.0
2024-06-30,6.610000133514404,6.599999904632568,6.650000095367432,6.53000020980835,6.610000133514404,30002000.0,32478.67630564738,0,3.745649691109179,32474.93065595627,4913,-22.570998321432157,42000,Neutral,36.02943625621421,6.52,6.6925,7.0376,7.4508,7.8987,25.780000686645508,0.0332,SOFI,0.5676,Neutral,0.4768,0.6481,46.581310303566475,127,500.1300048828125,1.784,0.0
2024-07-01,6.429999828338623,6.599999904632568,6.670000076293945,6.414999961853027,6.429999828338623,30828100.0,32593.338156345373,0,6.09902632523017,32587.23913002014,5068,-24.102719172834796,43000,"cash_0%_Buy 100% of cash (155 shares - DCA Strategy) Monthly invest 2.3% of total investment ($1,000.00)",30.0,6.498,6.669,7.0229,7.4333,7.8856,25.780000686645508,0.0161,SOFI,0.567,Neutral,0.4708,0.6721,46.087860703084864,133,501.2799987792969,0.0,0.0
2024-07-02,6.449999809265137,6.429999828338623,6.480000019073486,6.289999961853027,6.449999809265137,26977400.0,32694.698059680944,0,6.09902632523017,32688.599033355713,5068,-23.866998467403235,43000,Neutral,31.54362673845462,6.498,6.653,7.0071,7.4177,7.8714,25.780000686645508,0.0435,SOFI,0.5719,Neutral,0.4707,0.6879,47.35315196522078,133,504.5299987792969,0.0,0.0
2024-07-03,6.519999980926514,6.480000019073486,6.550000190734863,6.414999961853027,6.519999980926514,15364300.0,33049.4589296608,0,6.09902632523017,33043.35990333557,5068,-23.041973188380304,43000,GeoWatch,31.54362673845462,6.51,6.643,6.9864,7.4014,7.8587,25.780000686645508,0.1465,SOFI,0.5766,GeoWatch,0.4747,0.7238,48.24080197541304,133,506.80999755859375,0.0,0.0
2024-07-04,6.519999980926514,6.480000019073486,6.550000190734863,6.414999961853027,6.519999980926514,15364300.0,33049.4589296608,0,6.09902632523017,33043.35990333557,5068,-23.041973188380304,43000,GeoWatch,31.54362673845462,6.51,6.643,6.9864,7.4014,7.8587,25.780000686645508,0.1465,SOFI,0.5766,GeoWatch,0.4747,0.7238,48.24080197541304,133,506.80999755859375,0.0,0.0
2024-07-05,6.46999979019165,6.480000019073486,6.510000228881836,6.380000114440918,6.46999979019165,15639700.0,32796.057963016516,0,6.09902632523017,32789.958936691284,5068,-23.63127776197167,43000,GeoWatch,37.00786780732038,6.496,6.621,6.9627,7.3872,7.8464,25.780000686645508,0.1745,SOFI,0.5846,GeoWatch,0.4824,0.7837,49.42044227686748,133,509.8399963378906,0.0,0.0
2024-07-06,6.46999979019165,6.480000019073486,6.510000228881836,6.380000114440918,6.46999979019165,15639700.0,32796.057963016516,0,6.09902632523017,32789.958936691284,5068,-23.63127776197167,43000,GeoWatch,37.00786780732038,6.496,6.621,6.9627,7.3872,7.8464,25.780000686645508,0.1745,SOFI,0.5846,GeoWatch,0.4824,0.7837,49.42044227686748,133,509.8399963378906,0.0,0.0
2024-07-07,6.46999979019165,6.480000019073486,6.510000228881836,6.380000114440918,6.46999979019165,15639700.0,32796.057963016516,0,6.09902632523017,32789.958936691284,5068,-23.63127776197167,43000,GeoWatch,37.00786780732038,6.496,6.621,6.9627,7.3872,7.8464,25.780000686645508,0.1745,SOFI,0.5846,GeoWatch,0.4824,0.7837,49.42044227686748,133,509.8399963378906,0.0,0.0
2024-07-08,6.349999904632568,6.485000133514404,6.53000020980835,6.349999904632568,6.349999904632568,22763700.0,32187.898543003088,0,6.09902632523017,32181.799516677856,5068,-25.04560199456104,43000,GeoWatch,44.76190173436917,6.444,6.5845,6.9426,7.3744,7.8335,25.780000686645508,0.0846,SOFI,0.5811,GeoWatch,0.4781,0.7639,49.61120546520181,133,510.3299865722656,0.0,0.0
2024-07-09,6.380000114440918,6.349999904632568,6.380000114440918,6.150000095367432,6.380000114440918,40392200.0,32339.939606311804,0,6.09902632523017,32333.840579986572,5068,-24.692018126401237,43000,GeoWatch,46.29630283726709,6.434,6.554,6.9216,7.3632,7.8212,25.780000686645508,0.0716,SOFI,0.5785,GeoWatch,0.4792,0.7442,49.829235813303676,133,510.8900146484375,0.0,0.0
2024-07-10,6.570000171661377,6.420000076293945,6.619999885559082,6.320000171661377,6.570000171661377,37482300.0,33302.85989630509,0,6.09902632523017,33296.76086997986,5068,-22.45266861478894,43000,GeoWatch,56.097560030067854,6.458,6.531,6.9089,7.3552,7.8089,25.780000686645508,0.2652,SOFI,0.5788,GeoWatch,0.4792,0.7285,51.7446854705587,133,515.8099975585938,0.0,0.0
2024-07-11,6.769999980926514,6.800000190734863,6.929999828338623,6.679999828338623,6.769999980926514,46656300.0,34316.4589296608,0,6.09902632523017,34310.35990333557,5068,-20.09546156047333,43000,GeoWatch,66.91727490253527,6.508,6.5195,6.9031,7.3499,7.7992,25.780000686645508,0.5868,SOFI,0.5843,GeoWatch,0.4821,0.7326,50.023896007478434,133,511.3900146484375,0.0,0.0
2024-07-12,6.96999979019165,6.889999866485596,7.0,6.809999942779541,6.96999979019165,37128300.0,35330.057963016516,0,6.09902632523017,35323.958936691284,5068,-17.738254506157713,43000,GeoWatch,71.24180806596182,6.608,6.5145,6.8992,7.3455,7.7885,25.780000686645508,0.9677,SOFI,0.5919,GeoWatch,0.4763,0.731,51.2541379792814,133,514.5499877929688,0.0,0.0
2024-07-13,6.96999979019165,6.889999866485596,7.0,6.809999942779541,6.96999979019165,37128300.0,35330.057963016516,0,6.09902632523017,35323.958936691284,5068,-17.738254506157713,43000,GeoWatch,71.24180806596182,6.608,6.5145,6.8992,7.3455,7.7885,25.780000686645508,0.9677,SOFI,0.5919,GeoWatch,0.4763,0.731,51.2541379792814,133,514.5499877929688,0.0,0.0
2024-07-14,6.96999979019165,6.889999866485596,7.0,6.809999942779541,6.96999979019165,37128300.0,35330.057963016516,0,6.09902632523017,35323.958936691284,5068,-17.738254506157713,43000,GeoWatch,71.24180806596182,6.608,6.5145,6.8992,7.3455,7.7885,25.780000686645508,0.9677,SOFI,0.5919,GeoWatch,0.4763,0.731,51.2541379792814,133,514.5499877929688,0.0,0.0
2024-07-15,7.329999923706055,7.059999942779541,7.429999828338623,7.010000228881836,7.329999923706055,57035700.0,37154.53863966752,0,6.09902632523017,37148.439613342285,5068,-13.495276188364691,43000,GeoWatch,73.65267888092384,6.804,6.541,6.9021,7.3406,7.7713,25.780000686645508,1.5117,SOFI,0.5912,GeoWatch,0.4811,0.7344,51.861476834617385,133,516.1099853515625,0.0,0.0
2024-07-16,7.75,7.440000057220459,7.820000171661377,7.34499979019165,7.75,63079500.0,39283.09902632523,0,6.09902632523017,39277.0,5068,-8.54513575427699,43000,GeoWatch,82.49998927116906,7.078,6.6055,6.9124,7.3406,7.7605,25.780000686645508,2.1686,SOFI,0.5931,GeoWatch,0.4819,0.7298,53.0021827210138,133,519.0399780273438,0.0,0.0
2024-07-17,7.840000152587891,7.572000026702881,7.909999847412109,7.572000026702881,7.840000152587891,65800500.0,39739.21979964066,0,6.09902632523017,39733.12077331543,5068,-7.4843897698224975,43000,GeoWatch,83.17306568108135,7.332,6.6745,6.9246,7.343,7.7511,25.780000686645508,2.537,SOFI,0.5804,GeoWatch,0.4994,0.7432,50.179621786595156,133,511.7900085449219,0.0,0.0
2024-07-18,7.53000020980835,7.869999885559082,8.0600004196167,7.489999771118164,7.53000020980835,56454300.0,38168.14008963395,0,6.09902632523017,38162.041063308716,5068,-11.138063514024156,43000,GeoWatch,71.4285684796724,7.484,6.73,6.9292,7.342,7.7406,25.780000686645508,2.3411,SOFI,0.5684,GeoWatch,0.5166,0.746,48.68073591522653,133,507.9400024414063,0.0,0.0
2024-07-19,7.46999979019165,7.5,7.610000133514404,7.309999942779541,7.46999979019165,33123300.0,37864.057963016516,0,6.09902632523017,37857.958936691284,5068,-11.845231250343769,43000,GeoWatch,68.6956354080024,7.584,6.7875,6.9274,7.3407,7.7322,25.780000686645508,2.032,SOFI,0.5578,GeoWatch,0.5223,0.7129,47.3609340957863,133,504.5499877929688,0.0,0.0
2024-07-20,7.46999979019165,7.5,7.610000133514404,7.309999942779541,7.46999979019165,33123300.0,37864.057963016516,0,6.09902632523017,37857.958936691284,5068,-11.845231250343769,43000,GeoWatch,68.6956354080024,7.584,6.7875,6.9274,7.3407,7.7322,25.780000686645508,2.032,SOFI,0.5578,GeoWatch,0.5223,0.7129,47.3609340957863,133,504.5499877929688,0.0,0.0
2024-07-21,7.46999979019165,7.5,7.610000133514404,7.309999942779541,7.46999979019165,33123300.0,37864.057963016516,0,6.09902632523017,37857.958936691284,5068,-11.845231250343769,43000,GeoWatch,68.6956354080024,7.584,6.7875,6.9274,7.3407,7.7322,25.780000686645508,2.032,SOFI,0.5578,GeoWatch,0.5223,0.7129,47.3609340957863,133,504.5499877929688,0.0,0.0
2024-07-22,7.539999961853027,7.590000152587891,7.639999866485596,7.329999923706055,7.539999961853027,38964600.0,38218.818832996374,0,6.09902632523017,38212.71980667114,5068,-11.020205971320841,43000,Neutral,75.34245710372727,7.626,6.8485,6.9264,7.3272,7.7245,25.780000686645508,1.7813,SOFI,0.5743,Neutral,0.499,0.6879,49.400981009896135,133,509.7900085449219,0.0,0.0
2024-07-23,7.429999828338623,7.5,7.659999847412109,7.420000076293945,7.429999828338623,23486300.0,37661.33815634537,0,6.09902632523017,37655.23913002014,5068,-12.316672661206885,43000,Neutral,71.49121752149792,7.562,6.893,6.9237,7.3191,7.7166,25.780000686645508,1.4172,SOFI,0.5719,Neutral,0.4953,0.6515,49.07005630357603,133,508.9400024414063,0.0,0.0
2024-07-24,7.099999904632568,7.329999923706055,7.5,7.090000152587891,7.099999904632568,34636100.0,35988.89854300309,0,6.09902632523017,35982.79951667786,5068,-16.206067110840106,43000,Neutral,61.417317217494734,7.414,6.9255,6.9109,7.313,7.7087,25.780000686645508,0.8059,SOFI,0.5401,Neutral,0.5392,0.6121,44.53447615552721,133,497.2900085449219,0.0,0.0
2024-07-25,7.269999980926514,7.0,7.409999847412109,7.0,7.269999980926514,35574200.0,36850.4589296608,0,6.09902632523017,36844.35990333557,5068,-14.202438304659381,43000,Neutral,65.037593041478,7.362,6.966,6.9147,7.3092,7.7027,25.780000686645508,0.513,SOFI,0.5402,Neutral,0.5442,0.5746,43.557278178813,133,494.7799987792969,0.0,0.0
2024-07-26,7.409999847412109,7.480000019073486,7.5,7.289999961853027,7.409999847412109,29482400.0,37559.9782530098,0,6.09902632523017,37553.87922668457,5068,-12.552393366638448,43000,Neutral,69.77611256485116,7.35,7.0095,6.9252,7.3053,7.6975,25.780000686645508,0.4062,SOFI,0.5669,Neutral,0.5197,0.5552,45.718001581706666,133,500.3299865722656,0.0,0.0
2024-07-27,7.409999847412109,7.480000019073486,7.5,7.289999961853027,7.409999847412109,29482400.0,37559.9782530098,0,6.09902632523017,37553.87922668457,5068,-12.552393366638448,43000,Neutral,69.77611256485116,7.35,7.0095,6.9252,7.3053,7.6975,25.780000686645508,0.4062,SOFI,0.5669,Neutral,0.5197,0.5552,45.718001581706666,133,500.3299865722656,0.0,0.0
2024-07-28,7.409999847412109,7.480000019073486,7.5,7.289999961853027,7.409999847412109,29482400.0,37559.9782530098,0,6.09902632523017,37553.87922668457,5068,-12.552393366638448,43000,Neutral,69.77611256485116,7.35,7.0095,6.9252,7.3053,7.6975,25.780000686645508,0.4062,SOFI,0.5669,Neutral,0.5197,0.5552,45.718001581706666,133,500.3299865722656,0.0,0.0
2024-07-29,7.329999923706055,7.460000038146973,7.519999980926514,7.230000019073486,7.329999923706055,65272600.0,37154.53863966752,0,6.09902632523017,37148.439613342285,5068,-13.495276188364691,43000,Neutral,67.39926074534,7.308,7.0455,6.932,7.3032,7.6919,25.780000686645508,0.2264,SOFI,0.5663,Neutral,0.5237,0.5315,45.862060105532954,133,500.7000122070313,0.0,0.0
2024-07-30,7.420000076293945,7.579999923706055,7.949999809265137,7.099999904632568,7.420000076293945,90519300.0,37610.65941298295,0,6.09902632523017,37604.560386657715,5068,-12.43453020391021,43000,Neutral,66.15969037139078,7.306,7.095,6.9392,7.3,7.688,25.780000686645508,0.1596,SOFI,0.5525,Neutral,0.5407,0.5164,44.84203070792025,133,498.0799865722656,0.0,0.0
2024-07-31,7.539999961853027,7.480000019073486,7.829999923706055,7.260000228881836,7.539999961853027,66168200.0,38218.818832996374,0,6.09902632523017,38212.71980667114,5068,-11.020205971320841,43000,Neutral,65.09803488913727,7.394,7.1495,6.9488,7.299,7.685,25.780000686645508,0.1921,SOFI,0.5729,Neutral,0.526,0.5419,47.89819813268708,133,505.9299926757813,0.0,0.0
2024-08-01,7.159999847412109,7.570000171661377,7.659999847412109,7.070000171661377,7.159999847412109,50282600.0,37291.97585303117,0,2.696647708897217,37289.279205322266,5208,-15.146689426474136,44000,"cash_0%_Buy 100% of cash (140 shares - DCA Strategy) Monthly invest 2.3% of total investment ($1,000.00)",53.4798532879133,7.372,7.1815,6.9488,7.2914,7.681,25.780000686645508,-0.1519,SOFI,0.5484,Neutral,0.5615,0.5527,44.30150824000081,135,499.0299987792969,0.0,0.0
2024-08-02,6.650000095367432,6.900000095367432,6.949999809265137,6.590000152587891,6.650000095367432,63300900.0,34635.897144382485,0,2.696647708897217,34633.200496673584,5208,-21.18323194613022,44000,Neutral,38.19444984841383,7.22,7.1905,6.942,7.279,7.6745,25.780000686645508,-0.8306,SOFI,0.5144,Neutral,0.6365,0.5262,40.767510132090656,135,489.9100036621094,0.0,0.0
2024-08-03,6.650000095367432,6.900000095367432,6.949999809265137,6.590000152587891,6.650000095367432,63300900.0,34635.897144382485,0,2.696647708897217,34633.200496673584,5208,-21.18323194613022,44000,Neutral,38.19444984841383,7.22,7.1905,6.942,7.279,7.6745,25.780000686645508,-0.8306,SOFI,0.5144,Neutral,0.6365,0.5262,40.767510132090656,135,489.9100036621094,0.0,0.0
2024-08-04,6.650000095367432,6.900000095367432,6.949999809265137,6.590000152587891,6.650000095367432,63300900.0,34635.897144382485,0,2.696647708897217,34633.200496673584,5208,-21.18323194613022,44000,Neutral,38.19444984841383,7.22,7.1905,6.942,7.279,7.6745,25.780000686645508,-0.8306,SOFI,0.5144,Neutral,0.6365,0.5262,40.767510132090656,135,489.9100036621094,0.0,0.0
2024-08-05,6.539999961853027,6.03000020980835,6.789999961853027,6.010000228881836,6.539999961853027,65657400.0,34063.01644903947,0,2.696647708897217,34060.31980133057,5208,-22.48523352645526,44000,RiskWatch,26.45914916687107,7.062,7.2,6.9335,7.2641,7.6672,25.780000686645508,-1.3354,SOFI,0.4054,RiskWatch,0.7848,0.5014,35.0673884432479,135,475.2000122070313,0.0,0.0
2024-08-06,6.429999828338623,6.619999885559082,6.619999885559082,6.389999866485596,6.429999828338623,41670300.0,33490.13575369645,0,2.696647708897217,33487.43910598755,5208,-23.7872351067803,44000,RiskWatch,22.779923135341637,6.864,7.2025,6.923,7.2509,7.66,25.780000686645508,-1.7042,SOFI,0.4661,RiskWatch,0.6822,0.4824,36.90413465906821,135,479.9400024414063,0.0,0.0
2024-08-07,6.320000171661377,6.599999904632568,6.75,6.309999942779541,6.320000171661377,32106700.0,32917.25754172135,0,2.696647708897217,32914.56089401245,5208,-25.089231043087345,44000,RiskWatch,24.68619530688557,6.62,7.19,6.9127,7.2334,7.6512,25.780000686645508,-1.9668,SOFI,0.4501,RiskWatch,0.6781,0.4682,35.61375303675374,135,476.6099853515625,0.0,0.0
2024-08-08,6.639999866485596,6.460000038146973,6.710000038146973,6.409999847412109,6.639999866485596,27594800.0,34583.81595236588,0,2.696647708897217,34581.11930465698,5208,-21.301598291622504,44000,Neutral,34.33962182669325,6.516,7.1835,6.9048,7.2176,7.645,25.780000686645508,-1.7455,SOFI,0.4867,Neutral,0.6269,0.4851,39.92276297022541,135,487.7300109863281,0.0,0.0
2024-08-09,6.639999866485596,6.619999885559082,6.730000019073486,6.550000190734863,6.639999866485596,19048600.0,34583.81595236588,0,2.696647708897217,34581.11930465698,5208,-21.301598291622504,44000,Neutral,32.55813394728287,6.514,7.167,6.891,7.2033,7.6382,25.780000686645508,-1.5206,SOFI,0.5145,Neutral,0.5865,0.5272,40.73263655115806,135,489.8200073242188,0.0,0.0
2024-08-10,6.639999866485596,6.619999885559082,6.730000019073486,6.550000190734863,6.639999866485596,19048600.0,34583.81595236588,0,2.696647708897217,34581.11930465698,5208,-21.301598291622504,44000,Neutral,32.55813394728287,6.514,7.167,6.891,7.2033,7.6382,25.780000686645508,-1.5206,SOFI,0.5145,Neutral,0.5865,0.5272,40.73263655115806,135,489.8200073242188,0.0,0.0
2024-08-11,6.639999866485596,6.619999885559082,6.730000019073486,6.550000190734863,6.639999866485596,19048600.0,34583.81595236588,0,2.696647708897217,34581.11930465698,5208,-21.301598291622504,44000,Neutral,32.55813394728287,6.514,7.167,6.891,7.2033,7.6382,25.780000686645508,-1.5206,SOFI,0.5145,Neutral,0.5865,0.5272,40.73263655115806,135,489.8200073242188,0.0,0.0
2024-08-12,6.480000019073486,6.619999885559082,6.670000076293945,6.46999979019165,6.480000019073486,26316800.0,33750.53674704362,0,2.696647708897217,33747.84009933472,5208,-23.19541466735493,44000,Neutral,31.939161361020595,6.502,7.1245,6.8778,7.1864,7.6309,25.780000686645508,-1.452,SOFI,0.5126,Neutral,0.5924,0.6104,40.829511551158056,135,490.0700073242188,0.0,0.0
2024-08-13,6.639999866485596,6.5,6.650000095367432,6.489999771118164,6.639999866485596,26015000.0,34583.81595236588,0,2.696647708897217,34581.11930465698,5208,-21.301598291622504,44000,Neutral,40.650402249121534,6.544,7.069,6.8698,7.1741,7.6233,25.780000686645508,-1.1814,SOFI,0.5405,Neutral,0.5615,0.6601,43.98375540186603,135,498.2099914550781,0.0,0.0
2024-08-14,6.610000133514404,6.75,6.78000020980835,6.559999942779541,6.610000133514404,22578400.0,34427.57734305192,0,2.696647708897217,34424.88069534302,5208,-21.656686040063335,44000,Neutral,35.77585763936705,6.602,7.0075,6.8587,7.1612,7.6144,25.780000686645508,-0.9734,SOFI,0.5607,Neutral,0.5352,0.6677,44.59987898279869,135,499.7999877929688,0.0,0.0
2024-08-15,6.909999847412109,6.739999771118164,6.960000038146973,6.690000057220459,6.909999847412109,36188900.0,35989.97585303117,0,2.696647708897217,35987.279205322266,5208,-18.105780335565036,44000,Neutral,39.91934910152676,6.656,6.9765,6.854,7.1507,7.6071,25.780000686645508,-0.5011,SOFI,0.5777,Neutral,0.5146,0.6787,47.9246356051131,135,508.3800048828125,0.0,0.0
2024-08-16,7.0,6.900000095367432,7.079999923706055,6.889999866485596,7.0,24474900.0,36458.6966477089,0,2.696647708897217,36456.0,5208,-17.040505802206553,44000,Neutral,43.3734923608353,6.728,6.953,6.8527,7.1379,7.5997,25.780000686645508,-0.0856,SOFI,0.5851,Neutral,0.5091,0.6652,48.33926344324791,135,509.4500122070313,0.0,0.0
2024-08-17,7.0,6.900000095367432,7.079999923706055,6.889999866485596,7.0,24474900.0,36458.6966477089,0,2.696647708897217,36456.0,5208,-17.040505802206553,44000,Neutral,43.3734923608353,6.728,6.953,6.8527,7.1379,7.5997,25.780000686645508,-0.0856,SOFI,0.5851,Neutral,0.5091,0.6652,48.33926344324791,135,509.4500122070313,0.0,0.0
2024-08-18,7.0,6.900000095367432,7.079999923706055,6.889999866485596,7.0,24474900.0,36458.6966477089,0,2.696647708897217,36456.0,5208,-17.040505802206553,44000,Neutral,43.3734923608353,6.728,6.953,6.8527,7.1379,7.5997,25.780000686645508,-0.0856,SOFI,0.5851,Neutral,0.5091,0.6652,48.33926344324791,135,509.4500122070313,0.0,0.0
2024-08-19,7.460000038146973,7.110000133514404,7.5,7.090000152587891,7.460000038146973,51562200.0,38854.376846378334,0,2.696647708897217,38851.68019866943,5208,-11.595778077957842,44000,Neutral,50.69930034952513,6.924,6.949,6.86,7.1238,7.5943,25.780000686645508,0.6155,SOFI,0.5927,Neutral,0.5046,0.603,50.237999252574035,135,514.3499755859375,0.0,0.0
2024-08-20,7.369999885559082,7.389999866485596,7.514999866485596,7.28000020980835,7.369999885559082,42987600.0,38385.6560517006,0,2.696647708897217,38382.9594039917,5208,-12.661052611316325,44000,Neutral,46.99646399001977,7.07,6.946,6.869,7.1114,7.5894,25.780000686645508,0.9416,SOFI,0.5803,Neutral,0.5222,0.5617,49.90863371302327,135,513.5,0.0,0.0
2024-08-21,7.300000190734863,7.400000095367432,7.434999942779541,7.130000114440918,7.300000190734863,38849700.0,38021.09764105607,0,2.696647708897217,38018.40099334717,5208,-13.489594453690268,44000,Neutral,52.777786187609045,7.208,6.956,6.8753,7.0974,7.5841,25.780000686645508,1.0349,SOFI,0.5842,Neutral,0.528,0.5178,50.60612898279866,135,515.2999877929688,0.0,0.0
2024-08-22,7.190000057220459,7.320000171661377,7.340000152587891,7.179999828338623,7.190000057220459,29843200.0,37448.21694571305,0,2.696647708897217,37445.52029800415,5208,-14.791596034015297,44000,Neutral,62.7358545735904,7.264,6.952,6.8803,7.0824,7.5785,25.780000686645508,0.9408,SOFI,0.5677,Neutral,0.5397,0.4816,48.990260605113114,135,511.1300048828125,0.0,0.0
2024-08-23,7.519999980926514,7.210000038146973,7.559999942779541,7.184999942779541,7.519999980926514,52448400.0,39166.856548374184,0,2.696647708897217,39164.15990066528,5208,-10.885596937058185,44000,Neutral,70.9401827836016,7.368,6.9575,6.8915,7.0735,7.5727,25.780000686645508,1.13,SOFI,0.5821,Neutral,0.518,0.4856,51.13312330652911,135,516.6599731445312,0.0,0.0
2024-08-24,7.519999980926514,7.210000038146973,7.559999942779541,7.184999942779541,7.519999980926514,52448400.0,39166.856548374184,0,2.696647708897217,39164.15990066528,5208,-10.885596937058185,44000,Neutral,70.9401827836016,7.368,6.9575,6.8915,7.0735,7.5727,25.780000686645508,1.13,SOFI,0.5821,Neutral,0.518,0.4856,51.13312330652911,135,516.6599731445312,0.0,0.0
2024-08-25,7.519999980926514,7.210000038146973,7.559999942779541,7.184999942779541,7.519999980926514,52448400.0,39166.856548374184,0,2.696647708897217,39164.15990066528,5208,-10.885596937058185,44000,Neutral,70.9401827836016,7.368,6.9575,6.8915,7.0735,7.5727,25.780000686645508,1.13,SOFI,0.5821,Neutral,0.518,0.4856,51.13312330652911,135,516.6599731445312,0.0,0.0
2024-08-26,7.670000076293945,7.610000133514404,7.789999961853027,7.550000190734863,7.670000076293945,31511400.0,39948.05704504777,0,2.696647708897217,39945.36039733887,5208,-9.110141262800042,44000,Neutral,76.05043978234576,7.41,6.9745,6.9042,7.0769,7.5672,25.780000686645508,1.317,SOFI,0.5856,Neutral,0.5195,0.534,50.641014389292785,135,515.3900146484375,0.0,0.0
2024-08-27,7.769999980926514,7.579999923706055,7.889999866485596,7.539999961853027,7.769999980926514,27703700.0,40468.856548374184,0,2.696647708897217,40466.15990066528,5208,-7.926506027967273,44000,Neutral,80.59072706231157,7.49,6.992,6.9187,7.08,7.5629,25.780000686645508,1.4428,SOFI,0.5881,Neutral,0.5092,0.5508,50.90839033533772,135,516.0800170898438,0.0,0.0
2024-08-28,7.489999771118164,7.699999809265137,7.730000019073486,7.400000095367432,7.489999771118164,33583100.0,39010.6154556923,0,2.696647708897217,39007.9188079834,5208,-11.240690329517012,44000,Neutral,68.24034563130083,7.528,6.9895,6.9307,7.0801,7.5564,25.780000686645508,1.1885,SOFI,0.5739,Neutral,0.5303,0.5618,49.765260605113106,135,513.1300048828125,0.0,0.0
2024-08-29,8.029999732971191,7.650000095367432,8.300000190734863,7.639999866485596,8.029999732971191,84954500.0,41822.935257022866,0,2.696647708897217,41820.238609313965,5208,-4.849054417402089,44000,Neutral,74.21603053752186,7.696,7.033,6.9525,7.0828,7.552,25.780000686645508,1.422,SOFI,0.5884,Neutral,0.5091,0.5864,49.796267227427556,135,513.2100219726562,0.0,0.0
2024-08-30,7.989999771118164,8.109999656677246,8.229999542236328,7.809999942779541,7.989999771118164,40858700.0,41614.6154556923,0,2.696647708897217,41611.9188079834,5208,-5.322508511335188,44000,Neutral,77.45454570675689,7.79,7.1,6.9705,7.0854,7.5492,25.780000686645508,1.4368,SOFI,0.6067,Neutral,0.4981,0.5587,51.667875198618965,135,518.0399780273438,0.0,0.0
2024-08-31,7.989999771118164,8.109999656677246,8.229999542236328,7.809999942779541,7.989999771118164,40858700.0,41614.6154556923,0,2.696647708897217,41611.9188079834,5208,-5.322508511335188,44000,Neutral,77.45454570675689,7.79,7.1,6.9705,7.0854,7.5492,25.780000686645508,1.4368,SOFI,0.6067,Neutral,0.4981,0.5587,51.667875198618965,135,518.0399780273438,0.0,0.0
2024-09-01,7.989999771118164,8.109999656677246,8.229999542236328,7.809999942779541,7.989999771118164,40858700.0,42613.61670572091,0,2.9479263477370523,42610.66877937317,5333,-5.20425398883183,45000,"cash_0%_Buy 100% of cash (125 shares - DCA Strategy) Monthly invest 2.2% of total investment ($1,000.00)",77.45454570675689,7.79,7.1,6.9705,7.0854,7.5492,25.780000686645508,1.4368,SOFI,0.6067,Neutral,0.4981,0.5587,50.70464212574152,137,518.0399780273438,0.0,0.0
2024-09-02,7.989999771118164,8.109999656677246,8.229999542236328,7.809999942779541,7.989999771118164,40858700.0,42613.61670572091,0,2.9479263477370523,42610.66877937317,5333,-5.20425398883183,45000,Neutral,77.45454570675689,7.79,7.1,6.9705,7.0854,7.5492,25.780000686645508,1.4368,SOFI,0.6067,Neutral,0.4981,0.5587,50.70464212574152,137,518.0399780273438,0.0,0.0
2024-09-03,7.53000020980835,7.889999866485596,7.920000076293945,7.480000019073486,7.53000020980835,43359200.0,40160.43904525567,0,2.9479263477370523,40157.49111890793,5333,-10.655759900976815,45000,Neutral,64.5901732123136,7.762,7.1495,6.978,7.0858,7.5447,25.780000686645508,0.9583,SOFI,0.5604,Neutral,0.574,0.4314,46.66236394493797,137,507.55999755859375,0.0,0.0
2024-09-04,7.480000019073486,7.409999847412109,7.760000228881836,7.409999847412109,7.480000019073486,34795200.0,39893.78802806664,0,2.9479263477370523,39890.8401017189,5333,-11.248317716952428,45000,Neutral,64.16938065215176,7.704,7.202,6.9862,7.0866,7.5412,25.780000686645508,0.5462,SOFI,0.5542,Neutral,0.584,0.3888,46.17636017819692,137,506.2999877929688,0.0,0.0
2024-09-05,7.260000228881836,7.550000190734863,7.639999866485596,7.239999771118164,7.260000228881836,37429500.0,38720.52914697457,0,2.9479263477370523,38717.58122062683,5333,-13.855559674934803,45000,Neutral,55.852849636487385,7.658,7.249,6.99,7.0884,7.5383,25.780000686645508,0.0511,SOFI,0.5649,Neutral,0.5643,0.3534,45.694217321054076,137,505.0499877929688,0.0,0.0
2024-09-06,7.010000228881836,7.289999961853027,7.400000095367432,6.920000076293945,7.010000228881836,46372000.0,37387.27914697457,0,2.9479263477370523,37384.33122062683,5333,-16.818337452712584,45000,Neutral,50.15873381099807,7.454,7.2675,6.9902,7.0882,7.5361,25.780000686645508,-0.4979,SOFI,0.5369,Neutral,0.598,0.3232,42.45037053673486,137,496.6400146484375,0.0,0.0
2024-09-07,7.010000228881836,7.289999961853027,7.400000095367432,6.920000076293945,7.010000228881836,46372000.0,37387.27914697457,0,2.9479263477370523,37384.33122062683,5333,-16.818337452712584,45000,Neutral,50.15873381099807,7.454,7.2675,6.9902,7.0882,7.5361,25.780000686645508,-0.4979,SOFI,0.5369,Neutral,0.598,0.3232,42.45037053673486,137,496.6400146484375,0.0,0.0
2024-09-08,7.010000228881836,7.289999961853027,7.400000095367432,6.920000076293945,7.010000228881836,46372000.0,37387.27914697457,0,2.9479263477370523,37384.33122062683,5333,-16.818337452712584,45000,Neutral,50.15873381099807,7.454,7.2675,6.9902,7.0882,7.5361,25.780000686645508,-0.4979,SOFI,0.5369,Neutral,0.598,0.3232,42.45037053673486,137,496.6400146484375,0.0,0.0
2024-09-09,7.079999923706055,7.039999961853027,7.210000038146973,7.010000228881836,7.079999923706055,33004200.0,37760.58751947213,0,2.9479263477370523,37757.63959312439,5333,-15.988763291606901,45000,Neutral,43.11593814798472,7.272,7.2895,6.9903,7.0882,7.5343,25.780000686645508,-0.7765,SOFI,0.5631,Neutral,0.5598,0.3056,44.60651198134982,137,502.2300109863281,0.0,0.0
2024-09-10,7.050000190734863,7.159999847412109,7.169000148773193,6.75,7.050000190734863,57932200.0,37600.59894353677,0,2.9479263477370523,37597.651017189026,5333,-16.344293460352155,45000,Neutral,44.074077213743934,7.176,7.318,6.9945,7.0893,7.5328,25.780000686645508,-0.9554,SOFI,0.5663,Neutral,0.558,0.3173,45.40493160676838,137,504.2999877929688,0.0,0.0
2024-09-11,7.309999942779541,7.019999980926514,7.349999904632568,6.949999809265137,7.309999942779541,42877800.0,38987.17762119103,0,2.9479263477370523,38984.22969484329,5333,-13.26300751000934,45000,Neutral,50.17300615582154,7.142,7.3515,7.0087,7.0889,7.5316,25.780000686645508,-0.8062,SOFI,0.5922,Neutral,0.5404,0.3299,47.39521873358195,137,509.4599914550781,0.0,0.0
2024-09-12,7.460000038146973,7.289999961853027,7.510000228881836,7.239999771118164,7.460000038146973,39028500.0,39787.128129785546,0,2.9479263477370523,39784.180203437805,5333,-11.485339713132637,45000,Neutral,54.60750997656011,7.182,7.394,7.0253,7.089,7.5303,25.780000686645508,-0.5533,SOFI,0.593,Neutral,0.5285,0.3445,49.0846609594469,137,513.8400268554688,0.0,0.0
2024-09-13,7.739999771118164,7.519999980926514,7.739999771118164,7.519999980926514,7.739999771118164,45043900.0,41280.36670572091,0,2.9479263477370523,41277.41877937317,5333,-8.167031766609611,45000,Neutral,53.819442547305,7.328,7.4355,7.0473,7.0927,7.5293,25.780000686645508,-0.1362,SOFI,0.598,Neutral,0.5196,0.3588,50.137653425964764,137,516.5700073242188,0.0,0.0
2024-09-14,7.739999771118164,7.519999980926514,7.739999771118164,7.519999980926514,7.739999771118164,45043900.0,41280.36670572091,0,2.9479263477370523,41277.41877937317,5333,-8.167031766609611,45000,Neutral,53.819442547305,7.328,7.4355,7.0473,7.0927,7.5293,25.780000686645508,-0.1362,SOFI,0.598,Neutral,0.5196,0.3588,50.137653425964764,137,516.5700073242188,0.0,0.0
2024-09-15,7.739999771118164,7.519999980926514,7.739999771118164,7.519999980926514,7.739999771118164,45043900.0,41280.36670572091,0,2.9479263477370523,41277.41877937317,5333,-8.167031766609611,45000,Neutral,53.819442547305,7.328,7.4355,7.0473,7.0927,7.5293,25.780000686645508,-0.1362,SOFI,0.598,Neutral,0.5196,0.3588,50.137653425964764,137,516.5700073242188,0.0,0.0
2024-09-16,8.0600004196167,7.739999771118164,8.079999923706055,7.630000114440918,8.0600004196167,44920400.0,42986.9301641636,0,2.9479263477370523,42983.98223781586,5333,-4.374668525625857,45000,Neutral,56.39344985047634,7.524,7.4885,7.0763,7.0978,7.5302,25.780000686645508,0.391,SOFI,0.589,Neutral,0.5253,0.3856,50.438498326913425,137,517.3499755859375,0.0,0.0
2024-09-17,8.119999885559082,8.199999809265137,8.279999732971191,8.0600004196167,8.119999885559082,49071800.0,43306.907316034325,0,2.9479263477370523,43303.959389686584,5333,-3.663608188135359,45000,Neutral,55.81395422519872,7.738,7.5215,7.1063,7.1055,7.5337,25.780000686645508,0.7312,SOFI,0.5817,Neutral,0.5275,0.4243,50.531089530875484,137,517.5900268554688,0.0,0.0
2024-09-18,8.109999656677246,8.100000381469727,8.529999732971191,8.039999961853027,8.109999656677246,63736800.0,43253.576095407494,0,2.9479263477370523,43250.62816905975,5333,-3.7821220117505328,45000,Neutral,61.313871407752686,7.898,7.5585,7.1325,7.1117,7.5364,25.780000686645508,0.8764,SOFI,0.5647,Neutral,0.5284,0.4582,49.883068813799575,137,515.9099731445312,0.0,0.0
2024-09-19,8.1899995803833,8.4399995803833,8.460000038146973,8.130000114440918,8.1899995803833,58745600.0,43680.215688531884,0,2.9479263477370523,43677.26776218414,5333,-2.834034027029664,45000,Neutral,53.50877046218094,8.044,7.603,7.1615,7.1191,7.5386,25.780000686645508,0.9658,SOFI,0.5818,Neutral,0.4973,0.4933,53.35449738522818,137,524.9099731445312,0.0,0.0
2024-09-20,8.050000190734863,8.135000228881836,8.220000267028809,8.010000228881836,8.050000190734863,36453900.0,42933.59894353677,0,2.9479263477370523,42930.651017189026,5333,-4.493182349241042,45000,Neutral,51.26051396673117,8.106,7.646,7.188,7.126,7.5389,25.780000686645508,0.8326,SOFI,0.5829,Neutral,0.4952,0.5242,52.957223912850914,137,523.8800048828125,0.0,0.0
2024-09-21,8.050000190734863,8.135000228881836,8.220000267028809,8.010000228881836,8.050000190734863,36453900.0,42933.59894353677,0,2.9479263477370523,42930.651017189026,5333,-4.493182349241042,45000,Neutral,51.26051396673117,8.106,7.646,7.188,7.126,7.5389,25.780000686645508,0.8326,SOFI,0.5829,Neutral,0.4952,0.5242,52.957223912850914,137,523.8800048828125,0.0,0.0
2024-09-22,8.050000190734863,8.135000228881836,8.220000267028809,8.010000228881836,8.050000190734863,36453900.0,42933.59894353677,0,2.9479263477370523,42930.651017189026,5333,-4.493182349241042,45000,Neutral,51.26051396673117,8.106,7.646,7.188,7.126,7.5389,25.780000686645508,0.8326,SOFI,0.5829,Neutral,0.4952,0.5242,52.957223912850914,137,523.8800048828125,0.0,0.0
2024-09-23,7.920000076293945,8.119999885559082,8.130000114440918,7.909999847412109,7.920000076293945,31400000.0,42240.30833322335,0,2.9479263477370523,42237.36040687561,5333,-6.033828149937515,45000,Neutral,59.512197618185326,8.078,7.666,7.211,7.132,7.5378,25.780000686645508,0.5763,SOFI,0.5865,Neutral,0.4898,0.518,53.454786866254956,137,525.1699829101562,0.0,0.0
2024-09-24,7.829999923706055,7.960000038146973,7.96999979019165,7.579999923706055,7.829999923706055,47198600.0,41760.33751947213,0,2.9479263477370523,41757.38959312439,5333,-7.100429958273569,45000,Neutral,58.37320857987997,8.02,7.674,7.2313,7.1345,7.5356,25.780000686645508,0.2891,SOFI,0.5833,Neutral,0.4852,0.5192,54.03721920442457,137,526.6799926757812,0.0,0.0
2024-09-25,7.730000019073486,7.849999904632568,7.880000114440918,7.710000038146973,7.730000019073486,26123100.0,41227.03802806664,0,2.9479263477370523,41224.0901017189,5333,-8.285539939174647,45000,Neutral,61.92893573030074,7.944,7.672,7.253,7.138,7.532,25.780000686645508,-0.0107,SOFI,0.5794,Neutral,0.4829,0.5011,53.62450209365448,137,525.6099853515625,0.0,0.0
2024-09-26,7.760000228881836,7.829999923706055,7.869999885559082,7.679999828338623,7.760000228881836,27429400.0,41387.02914697457,0,2.9479263477370523,41384.08122062683,5333,-7.930004119379253,45000,Neutral,71.42858310622248,7.858,7.6855,7.2748,7.141,7.5294,25.780000686645508,-0.1961,SOFI,0.5896,Neutral,0.4795,0.4555,54.430655309335286,137,527.7000122070312,0.0,0.0
2024-09-27,7.949999809265137,7.820000171661377,8.095000267028809,7.820000171661377,7.949999809265137,33376700.0,42400.296909158715,0,2.9479263477370523,42397.348982810974,5333,-5.678297981192271,45000,Neutral,73.26204231256463,7.838,7.6815,7.2987,7.1425,7.5287,25.780000686645508,-0.1689,SOFI,0.5871,Neutral,0.5015,0.425,54.16798105570806,137,525.3800048828125,1.639,0.0
2024-09-28,7.949999809265137,7.820000171661377,8.095000267028809,7.820000171661377,7.949999809265137,33376700.0,42400.296909158715,0,2.9479263477370523,42397.348982810974,5333,-5.678297981192271,45000,Neutral,73.26204231256463,7.838,7.6815,7.2987,7.1425,7.5287,25.780000686645508,-0.1689,SOFI,0.5871,Neutral,0.5015,0.425,54.8001667699938,137,525.3800048828125,1.639,0.0
2024-09-29,7.949999809265137,7.820000171661377,8.095000267028809,7.820000171661377,7.949999809265137,33376700.0,42400.296909158715,0,2.9479263477370523,42397.348982810974,5333,-5.678297981192271,45000,Neutral,73.26204231256463,7.838,7.6815,7.2987,7.1425,7.5287,25.780000686645508,-0.1689,SOFI,0.5871,Neutral,0.5015,0.425,55.432352484279484,137,525.3800048828125,1.639,0.0
2024-09-30,7.860000133514404,7.900000095367432,8.069999694824219,7.809999942779541,7.860000133514404,28296700.0,41920.32863838006,0,2.9479263477370523,41917.38071203232,5333,-6.744894138478164,45000,Neutral,70.9844667116821,7.826,7.675,7.3218,7.1423,7.527,25.780000686645508,-0.239,SOFI,0.5986,Neutral,0.4933,0.4167,56.315629723397784,137,527.6699829101562,0.0,0.0
2024-10-01,7.630000114440918,7.880000114440918,7.900000095367432,7.61299991607666,7.630000114440918,34573700.0,41692.73900664616,0,2.4183813409852064,41690.320625305176,5464,-9.264790856662009,46000,"cash_0%_Buy 100% of cash (131 shares - DCA Strategy) Monthly invest 2.2% of total investment ($1,000.00)",58.4210609531176,7.786,7.68,7.3432,7.1429,7.5245,25.780000686645508,-0.48,SOFI,0.5702,Neutral,0.524,0.4151,53.432026265430046,143,522.739990234375,0.0,0.0
2024-10-02,7.789999961853027,7.599999904632568,7.829999923706055,7.570000171661377,7.789999961853027,27871200.0,42566.978172905925,0,2.4183813409852064,42564.55979156494,5464,-7.364270930010342,46000,Neutral,58.63874646179134,7.798,7.6955,7.3667,7.1441,7.5245,25.780000686645508,-0.495,SOFI,0.5651,Neutral,0.5174,0.4257,53.46693290467311,143,522.8300170898438,0.0,0.0
2024-10-03,7.829999923706055,7.75,7.860000133514404,7.653999805450439,7.829999923706055,28729000.0,42785.53796447087,0,2.4183813409852064,42783.11958312988,5464,-6.889140948347428,46000,Neutral,52.69461676263376,7.812,7.724,7.3877,7.1483,7.5254,25.780000686645508,-0.4648,SOFI,0.5593,Neutral,0.5348,0.4915,53.08307820058997,143,521.8400268554688,0.0,0.0
2024-10-04,8.390000343322754,8.029999732971191,8.404999732971191,7.900000095367432,8.390000343322754,58014300.0,45845.38025725651,0,2.4183813409852064,45842.96187591553,5464,-0.23730987707428763,46000,Neutral,58.63874646179134,7.9,7.793,7.4147,7.1589,7.5296,25.780000686645508,0.016,SOFI,0.5777,Neutral,0.5104,0.5476,54.948086687931514,143,526.6500244140625,0.0,0.0
2024-10-05,8.390000343322754,8.029999732971191,8.404999732971191,7.900000095367432,8.390000343322754,58014300.0,45845.38025725651,0,2.4183813409852064,45842.96187591553,5464,-0.23730987707428763,46000,Neutral,58.63874646179134,7.9,7.793,7.4147,7.1589,7.5296,25.780000686645508,0.016,SOFI,0.5777,Neutral,0.5104,0.5476,54.948086687931514,143,526.6500244140625,0.0,0.0
2024-10-06,8.390000343322754,8.029999732971191,8.404999732971191,7.900000095367432,8.390000343322754,58014300.0,45845.38025725651,0,2.4183813409852064,45842.96187591553,5464,-0.23730987707428763,46000,Neutral,58.63874646179134,7.9,7.793,7.4147,7.1589,7.5296,25.780000686645508,0.016,SOFI,0.5777,Neutral,0.5104,0.5476,54.948086687931514,143,526.6500244140625,0.0,0.0
2024-10-07,8.270000457763672,8.359999656677246,8.520000457763672,8.15999984741211,8.270000457763672,40480600.0,45189.70088256169,0,2.4183813409852064,45187.2825012207,5464,-1.6626998220630407,46000,Neutral,53.80712244892032,7.982,7.8525,7.4363,7.1678,7.5338,25.780000686645508,0.1966,SOFI,0.5501,Neutral,0.5558,0.6092,53.11019888436801,143,521.9099731445312,0.0,0.0
2024-10-08,8.40999984741211,8.319999694824219,8.600000381469727,8.255000114440918,8.40999984741211,40451800.0,45954.65754760075,0,2.4183813409852064,45952.239166259766,5464,0.00024944976101393124,46000,Neutral,57.14286687423479,8.138,7.9205,7.4543,7.1782,7.5381,25.780000686645508,0.39,SOFI,0.5551,Neutral,0.5418,0.6035,55.025614925328334,143,526.8499755859375,0.0,0.0
2024-10-09,8.59000015258789,8.40999984741211,8.65999984741211,8.300000190734863,8.59000015258789,32950100.0,46938.17921508122,0,2.4183813409852064,46935.760833740234,5464,2.1383400312402823,46000,Neutral,59.09092682453164,8.298,7.9845,7.4683,7.1904,7.5444,25.780000686645508,0.6096,SOFI,0.5579,Neutral,0.5322,0.5964,56.42147818124298,143,530.4500122070312,0.0,0.0
2024-10-10,8.630000114440918,8.510000228881836,8.760000228881836,8.461000442504883,8.630000114440918,46015000.0,47156.73900664616,0,2.4183813409852064,47154.320625305176,5464,2.6134700129032074,46000,Neutral,63.80952575579845,8.458,8.043,7.4815,7.203,7.5516,25.780000686645508,0.7203,SOFI,0.5465,Neutral,0.5339,0.5988,56.07638759585824,143,529.5599975585938,0.0,0.0
2024-10-11,9.010000228881836,8.649999618530273,9.06999969482422,8.630000114440918,9.010000228881836,42833300.0,49233.059631951335,0,2.4183813409852064,49230.64125061035,5464,7.1272105026970785,46000,Neutral,73.1914982551814,8.582,8.1065,7.5062,7.2177,7.5605,25.780000686645508,1.0176,SOFI,0.5417,Neutral,0.5279,0.6039,57.2977649865938,143,532.7100219726562,0.0,0.0
2024-10-12,9.010000228881836,8.649999618530273,9.06999969482422,8.630000114440918,9.010000228881836,42833300.0,49233.059631951335,0,2.4183813409852064,49230.64125061035,5464,7.1272105026970785,46000,Neutral,73.1914982551814,8.582,8.1065,7.5062,7.2177,7.5605,25.780000686645508,1.0176,SOFI,0.5417,Neutral,0.5279,0.6039,57.2977649865938,143,532.7100219726562,0.0,0.0
2024-10-13,9.010000228881836,8.649999618530273,9.06999969482422,8.630000114440918,9.010000228881836,42833300.0,49233.059631951335,0,2.4183813409852064,49230.64125061035,5464,7.1272105026970785,46000,Neutral,73.1914982551814,8.582,8.1065,7.5062,7.2177,7.5605,25.780000686645508,1.0176,SOFI,0.5417,Neutral,0.5279,0.6039,57.2977649865938,143,532.7100219726562,0.0,0.0
2024-10-14,10.039999961853027,9.619999885559082,10.06999969482422,9.375,10.039999961853027,116449900.0,54860.978172905925,0,2.4183813409852064,54858.55979156494,5464,19.361816026511402,46000,Neutral,83.58663684476902,8.936,8.2055,7.549,7.2382,7.5735,25.780000686645508,1.8896,SOFI,0.5442,Neutral,0.517,0.5689,58.988287608756245,143,537.0700073242188,0.0,0.0
2024-10-15,10.18000030517578,10.15999984741211,10.489999771118164,10.029999732971191,10.18000030517578,87195400.0,55625.940048821445,0,2.4183813409852064,55623.52166748046,5464,21.024776626327746,46000,Neutral,86.78679719310404,9.29,8.3085,7.593,7.2597,7.5844,25.780000686645508,2.3703,SOFI,0.5357,Neutral,0.5294,0.5333,57.40243757328678,143,532.97998046875,0.0,0.0
2024-10-16,10.039999961853027,10.229999542236328,10.324999809265137,9.90999984741211,10.039999961853027,48045000.0,54860.978172905925,0,2.4183813409852064,54858.55979156494,5464,19.361816026511402,46000,Neutral,83.13953504490175,9.58,8.405,7.6365,7.2801,7.5947,25.780000686645508,2.3794,SOFI,0.5445,Neutral,0.5148,0.5064,58.270962088690645,143,535.219970703125,0.0,0.0
2024-10-17,9.869999885559082,10.010000228881836,10.029999732971191,9.619999885559082,9.869999885559082,50293900.0,53932.09775603581,0,2.4183813409852064,53929.679374694824,5464,17.34251077244592,46000,Neutral,78.0701759278108,9.828,8.489,7.6827,7.2968,7.6017,25.780000686645508,2.0803,SOFI,0.5429,Neutral,0.506,0.47,58.30198758296026,143,535.2999877929688,0.0,0.0
2024-10-18,10.18000030517578,9.90999984741211,10.18000030517578,9.880999565124512,10.18000030517578,31400300.0,55625.940048821445,0,2.4183813409852064,55623.52166748046,5464,21.024776626327746,46000,Neutral,81.86812704563425,10.062,8.5955,7.7312,7.3229,7.6108,25.780000686645508,1.94,SOFI,0.5586,Neutral,0.4922,0.4213,59.100722485396126,143,537.3599853515625,0.0,0.0
2024-10-19,10.18000030517578,9.90999984741211,10.18000030517578,9.880999565124512,10.18000030517578,31400300.0,55625.940048821445,0,2.4183813409852064,55623.52166748046,5464,21.024776626327746,46000,Neutral,81.86812704563425,10.062,8.5955,7.7312,7.3229,7.6108,25.780000686645508,1.94,SOFI,0.5586,Neutral,0.4922,0.4213,59.100722485396126,143,537.3599853515625,0.0,0.0
2024-10-20,10.18000030517578,9.90999984741211,10.18000030517578,9.880999565124512,10.18000030517578,31400300.0,55625.940048821445,0,2.4183813409852064,55623.52166748046,5464,21.024776626327746,46000,Neutral,81.86812704563425,10.062,8.5955,7.7312,7.3229,7.6108,25.780000686645508,1.94,SOFI,0.5586,Neutral,0.4922,0.4213,59.100722485396126,143,537.3599853515625,0.0,0.0
2024-10-21,10.399999618530272,10.260000228881836,10.539999961853027,10.1899995803833,10.399999618530272,50814300.0,56828.01629699039,0,2.4183813409852064,56825.59791564941,5464,23.637985861477617,46000,Neutral,88.15426193885926,10.134,8.7195,7.781,7.3531,7.6229,25.780000686645508,1.8333,SOFI,0.5395,Neutral,0.493,0.4095,58.77891876985222,143,536.530029296875,0.0,0.0
2024-10-22,10.579999923706056,10.31999969482422,10.619999885559082,10.31999969482422,10.579999923706056,36501700.0,57811.537964470874,0,2.4183813409852064,57809.11958312989,5464,25.776076442956928,46000,Neutral,88.21917156807291,10.214,8.857,7.8352,7.3836,7.6361,25.780000686645508,1.7185,SOFI,0.5378,Neutral,0.4911,0.437,58.63543473342461,143,536.1599731445312,0.0,0.0
2024-10-23,10.420000076293944,10.550000190734863,10.649999618530272,10.175000190734863,10.420000076293944,38130400.0,56937.29879821109,0,2.4183813409852064,56934.88041687011,5464,23.87555651630523,46000,Neutral,84.3501304788203,10.29,8.9915,7.8852,7.4122,7.649,25.780000686645508,1.3769,SOFI,0.5111,Neutral,0.5048,0.4475,56.73942441733157,143,531.27001953125,0.0,0.0
2024-10-24,10.93000030517578,10.90999984741211,11.300000190734863,10.779999732971191,10.93000030517578,72141300.0,59723.940048821445,0,2.4183813409852064,59721.52166748046,5464,29.93347227850166,46000,Neutral,84.13978198288869,10.502,9.15,7.9417,7.4452,7.666,25.780000686645508,1.3486,SOFI,0.514,Neutral,0.5032,0.4482,57.204688503785015,143,532.469970703125,0.0,0.0
2024-10-25,10.989999771118164,11.210000038146973,11.34000015258789,10.890000343322754,10.989999771118164,58331300.0,60051.77713073063,0,2.4183813409852064,60049.35874938965,5464,30.6461615869999,46000,Neutral,87.15846211411362,10.664,9.302,8.0055,7.4772,7.6829,25.780000686645508,1.2157,SOFI,0.505,Neutral,0.518,0.4764,57.123279121414704,143,532.260009765625,0.0,0.0
2024-10-26,10.989999771118164,11.210000038146973,11.34000015258789,10.890000343322754,10.989999771118164,58331300.0,60051.77713073063,0,2.4183813409852064,60049.35874938965,5464,30.6461615869999,46000,Neutral,87.15846211411362,10.664,9.302,8.0055,7.4772,7.6829,25.780000686645508,1.2157,SOFI,0.505,Neutral,0.518,0.4764,57.123279121414704,143,532.260009765625,0.0,0.0
2024-10-27,10.989999771118164,11.210000038146973,11.34000015258789,10.890000343322754,10.989999771118164,58331300.0,60051.77713073063,0,2.4183813409852064,60049.35874938965,5464,30.6461615869999,46000,Neutral,87.15846211411362,10.664,9.302,8.0055,7.4772,7.6829,25.780000686645508,1.2157,SOFI,0.505,Neutral,0.518,0.4764,57.123279121414704,143,532.260009765625,0.0,0.0
2024-10-28,11.1899995803833,11.210000038146973,11.3149995803833,11.020000457763672,11.1899995803833,69753400.0,61144.57608855534,0,2.4183813409852064,61142.157707214355,5464,33.02181149531446,46000,Neutral,87.36558512657842,10.822,9.4685,8.0812,7.5116,7.7002,25.780000686645508,1.1112,SOFI,0.506,Neutral,0.5067,0.4439,57.76691021802069,143,533.9199829101562,0.0,0.0
2024-10-29,10.470000267028809,10.75,10.800000190734863,9.770000457763672,10.470000267028809,164917900.0,57210.499840386394,0,2.4183813409852064,57208.08145904541,5464,24.469471825381984,46000,Neutral,72.06573279697724,10.8,9.6105,8.1467,7.5401,7.7127,25.780000686645508,0.459,SOFI,0.5051,Neutral,0.5023,0.4034,58.09649988902968,143,534.77001953125,0.0,0.0
2024-10-30,11.220000267028809,10.470000267028809,11.5,10.460000038146973,11.220000267028809,95149900.0,61308.499840386394,0,2.4183813409852064,61306.08145904541,5464,33.3781674775559,46000,Neutral,76.056343163152,10.96,9.782,8.2265,7.5747,7.7287,25.780000686645508,0.4155,SOFI,0.4979,Neutral,0.5139,0.3908,57.47222718625478,143,533.1599731445312,0.0,0.0
2024-10-31,11.170000076293944,11.15999984741211,11.324999809265137,10.880000114440918,11.170000076293944,59129200.0,61035.29879821109,0,2.4183813409852064,61032.88041687011,5464,32.78425216847914,46000,Neutral,73.2758634864364,11.008,9.949,8.3073,7.61,7.7473,25.780000686645508,0.2535,SOFI,0.4621,Neutral,0.552,0.3897,53.404881916133924,143,522.6699829101562,0.0,0.0
2024-11-01,11.039999961853027,11.210000038146973,11.220000267028809,10.8100004196167,11.039999961853027,41742300.0,61323.98457290936,0,7.824784777646073,61316.159788131714,5554,30.575382919538775,47000,"cash_0%_Buy 100% of cash (90 shares - DCA Strategy) Monthly invest 2.1% of total investment ($1,000.00)",63.36898477537908,11.018,10.0815,8.3807,7.6427,7.7648,25.780000686645508,-0.019,SOFI,0.4615,Neutral,0.5282,0.3801,53.31534867650635,145,524.9400024414062,0.0,0.0
2024-11-02,11.039999961853027,11.210000038146973,11.220000267028809,10.8100004196167,11.039999961853027,41742300.0,61323.98457290936,0,7.824784777646073,61316.159788131714,5554,30.575382919538775,47000,Neutral,63.36898477537908,11.018,10.0815,8.3807,7.6427,7.7648,25.780000686645508,-0.019,SOFI,0.4615,Neutral,0.5282,0.3801,53.31534867650635,145,524.9400024414062,0.0,0.0
2024-11-03,11.039999961853027,11.210000038146973,11.220000267028809,10.8100004196167,11.039999961853027,41742300.0,61323.98457290936,0,7.824784777646073,61316.159788131714,5554,30.575382919538775,47000,Neutral,63.36898477537908,11.018,10.0815,8.3807,7.6427,7.7648,25.780000686645508,-0.019,SOFI,0.4615,Neutral,0.5282,0.3801,53.31534867650635,145,524.9400024414062,0.0,0.0
2024-11-04,10.90999984741211,10.880000114440918,11.130000114440918,10.630999565124512,10.90999984741211,41321700.0,60601.9639373045,0,7.824784777646073,60594.139152526855,5554,29.039168801230574,47000,Neutral,59.78551785288767,10.962,10.2135,8.4518,7.6714,7.7827,25.780000686645508,-0.3424,SOFI,0.4622,Neutral,0.5355,0.4188,52.87532433089448,145,523.7999877929688,0.0,0.0
2024-11-05,11.420000076293944,10.960000038146973,11.550000190734863,10.949999809265137,11.420000076293944,53857800.0,63434.50520851421,0,7.824784777646073,63426.680423736565,5554,35.0658523569959,47000,Neutral,66.8292720370323,11.152,10.364,8.5342,7.706,7.8023,25.780000686645508,-0.297,SOFI,0.4819,Neutral,0.5161,0.458,55.30700186219925,145,530.0999755859375,0.0,0.0
2024-11-06,11.8100004196167,12.06999969482422,12.19499969482422,11.630000114440918,11.8100004196167,63197700.0,65600.5671153288,0,7.824784777646073,65592.74233055115,5554,39.67449471192056,47000,Neutral,72.45371147111334,11.27,10.525,8.6203,7.7451,7.8228,25.780000686645508,-0.1027,SOFI,0.5182,Neutral,0.4524,0.4636,60.401959844913186,145,543.2999877929688,0.0,0.0
2024-11-07,11.899999618530272,11.914999961853027,12.140000343322754,11.850000381469728,11.899999618530272,55627600.0,66100.42266609478,0,7.824784777646073,66092.59788131712,5554,40.738017160358815,47000,Neutral,70.97560918877173,11.416,10.6885,8.7085,7.7836,7.8438,25.780000686645508,-0.006,SOFI,0.5346,Neutral,0.4402,0.4791,62.03467679922465,145,547.530029296875,0.0,0.0
2024-11-08,13.010000228881836,12.0,13.010000228881836,11.9350004196167,13.010000228881836,83464200.0,72265.36605598737,0,7.824784777646073,72257.54127120972,5554,53.85491798991752,47000,Neutral,76.15231192452248,11.81,10.8885,8.8102,7.8321,7.8687,25.780000686645508,0.6007,SOFI,0.5397,Neutral,0.434,0.4657,62.968744969219536,145,549.9500122070312,0.0,0.0
2024-11-09,13.010000228881836,12.0,13.010000228881836,11.9350004196167,13.010000228881836,83464200.0,72265.36605598737,0,7.824784777646073,72257.54127120972,5554,53.85491798991752,47000,Neutral,76.15231192452248,11.81,10.8885,8.8102,7.8321,7.8687,25.780000686645508,0.6007,SOFI,0.5397,Neutral,0.434,0.4657,62.968744969219536,145,549.9500122070312,0.0,0.0
2024-11-10,13.010000228881836,12.0,13.010000228881836,11.9350004196167,13.010000228881836,83464200.0,72265.36605598737,0,7.824784777646073,72257.54127120972,5554,53.85491798991752,47000,Neutral,76.15231192452248,11.81,10.8885,8.8102,7.8321,7.8687,25.780000686645508,0.6007,SOFI,0.5397,Neutral,0.434,0.4657,62.968744969219536,145,549.9500122070312,0.0,0.0
2024-11-11,14.109999656677246,13.609999656677246,14.4399995803833,13.56999969482422,14.109999656677246,106393400.0,78374.76287796308,0,7.824784777646073,78366.93809318542,5554,66.85363463241904,47000,Neutral,79.86463954089363,12.45,11.092,8.9287,7.8907,7.8969,25.780000686645508,1.443,SOFI,0.5356,Neutral,0.4333,0.4054,63.14244126969049,145,550.4000244140625,0.0,0.0
2024-11-12,13.81999969482422,13.489999771118164,14.010000228881836,13.369999885559082,13.81999969482422,61125000.0,76764.10308983138,0,7.824784777646073,76756.27830505373,5554,63.42669891298988,47000,Neutral,78.1456968281482,12.93,11.274,9.0347,7.9473,7.9239,25.780000686645508,1.6093,SOFI,0.5323,Neutral,0.4236,0.3616,62.50556268744021,145,548.75,0.0,0.0
2024-11-13,13.5,13.954999923706056,14.279999732971191,13.390000343322754,13.5,55166000.0,74986.82478477765,0,7.824784777646073,74979.0,5554,59.64525571074791,47000,Neutral,71.9658150869034,13.268,11.447,9.1368,8.0029,7.9497,25.780000686645508,1.3509,SOFI,0.5336,Neutral,0.4141,0.33,62.613648761841496,145,549.030029296875,0.0,0.0
2024-11-14,13.399999618530272,13.609999656677246,13.729999542236328,13.010000228881836,13.399999618530272,46251400.0,74431.42266609478,0,7.824784777646073,74423.59788131712,5554,58.46354907525243,47000,Neutral,70.458404899393,13.568,11.6235,9.2385,8.0569,7.9729,25.780000686645508,0.967,SOFI,0.5322,Neutral,0.4172,0.3021,61.26655420640558,145,545.5399780273438,0.0,0.0
2024-11-15,13.630000114440918,13.220000267028809,13.69499969482422,13.079999923706056,13.630000114440918,48186500.0,75708.84542038251,0,7.824784777646073,75701.02063560486,5554,61.18146982905611,47000,Neutral,70.60811235314301,13.692,11.796,9.3458,8.1131,7.9966,25.780000686645508,0.6956,SOFI,0.5055,Neutral,0.4444,0.2861,58.54925427622526,145,538.5,0.0,0.0
2024-11-16,13.630000114440918,13.220000267028809,13.69499969482422,13.079999923706056,13.630000114440918,48186500.0,75708.84542038251,0,7.824784777646073,75701.02063560486,5554,61.18146982905611,47000,Neutral,70.60811235314301,13.692,11.796,9.3458,8.1131,7.9966,25.780000686645508,0.6956,SOFI,0.5055,Neutral,0.4444,0.2861,58.54925427622526,145,538.5,0.0,0.0
2024-11-17,13.630000114440918,13.220000267028809,13.69499969482422,13.079999923706056,13.630000114440918,48186500.0,75708.84542038251,0,7.824784777646073,75701.02063560486,5554,61.18146982905611,47000,Neutral,70.60811235314301,13.692,11.796,9.3458,8.1131,7.9966,25.780000686645508,0.6956,SOFI,0.5055,Neutral,0.4444,0.2861,58.54925427622526,145,538.5,0.0,0.0
2024-11-18,13.93000030517578,13.800000190734863,14.300000190734863,13.699999809265137,13.93000030517578,47566500.0,77375.04647972393,0,7.824784777646073,77367.22169494627,5554,64.72657846595276,47000,Neutral,81.45454034726568,13.656,11.9725,9.4527,8.1721,8.0213,25.780000686645508,0.5394,SOFI,0.5103,Neutral,0.438,0.3107,59.40998505528483,145,540.72998046875,0.0,0.0
2024-11-19,14.420000076293944,13.760000228881836,14.43000030517578,13.670000076293944,14.420000076293944,38330700.0,80096.50520851421,0,7.824784777646073,80088.68042373656,5554,70.51691618678315,47000,Neutral,80.53434510156355,13.776,12.1645,9.5652,8.2347,8.0485,25.780000686645508,0.5507,SOFI,0.508,Neutral,0.448,0.3372,60.17038048323824,145,542.7000122070312,0.0,0.0
2024-11-20,14.670000076293944,14.649999618530272,14.885000228881836,14.289999961853027,14.670000076293944,45618800.0,81485.00520851421,0,7.824784777646073,81477.18042373656,5554,73.47117150593208,47000,Neutral,82.16911448894106,14.01,12.377,9.6802,8.2994,8.0765,25.780000686645508,0.5402,SOFI,0.4987,Neutral,0.4567,0.3569,60.247581456606376,145,542.9000244140625,0.0,0.0
2024-11-21,15.010000228881836,14.859999656677246,15.550000190734863,14.670000076293944,15.010000228881836,60802800.0,83373.36605598737,0,7.824784777646073,83365.54127120972,5554,77.48896054310903,47000,Neutral,85.13274216784495,14.332,12.581,9.8055,8.3681,8.1051,25.780000686645508,0.5557,SOFI,0.495,Neutral,0.45,0.3905,61.3051664723044,145,545.6400146484375,0.0,0.0
2024-11-22,15.600000381469728,15.270000457763672,15.75,15.079999923706056,15.600000381469728,50055400.0,86650.22690346053,0,7.824784777646073,86642.40211868288,5554,84.46100489943488,47000,Neutral,88.37970593744144,14.726,12.8115,9.9317,8.4421,8.1365,25.780000686645508,0.6953,SOFI,0.5072,Neutral,0.43,0.4471,62.01149530462768,145,547.469970703125,0.0,0.0
2024-11-23,15.600000381469728,15.270000457763672,15.75,15.079999923706056,15.600000381469728,50055400.0,86650.22690346053,0,7.824784777646073,86642.40211868288,5554,84.46100489943488,47000,Neutral,88.37970593744144,14.726,12.8115,9.9317,8.4421,8.1365,25.780000686645508,0.6953,SOFI,0.5072,Neutral,0.43,0.4471,62.01149530462768,145,547.469970703125,0.0,0.0
2024-11-24,15.600000381469728,15.270000457763672,15.75,15.079999923706056,15.600000381469728,50055400.0,86650.22690346053,0,7.824784777646073,86642.40211868288,5554,84.46100489943488,47000,Neutral,88.37970593744144,14.726,12.8115,9.9317,8.4421,8.1365,25.780000686645508,0.6953,SOFI,0.5072,Neutral,0.43,0.4471,62.01149530462768,145,547.469970703125,0.0,0.0
2024-11-25,15.699999809265137,16.08799934387207,16.09000015258789,15.520000457763672,15.699999809265137,49778700.0,87205.62372543622,0,7.824784777646073,87197.79894065857,5554,85.64270026534062,47000,Neutral,87.54385856306705,15.08,13.037,10.0602,8.5153,8.1688,25.780000686645508,0.6712,SOFI,0.5204,Neutral,0.4276,0.4346,62.69082617678017,145,549.22998046875,0.0,0.0
2024-11-26,15.489999771118164,15.5,15.84000015258789,15.244999885559082,15.489999771118164,38184400.0,86039.28351356793,0,7.824784777646073,86031.45872879028,5554,83.16112534647192,47000,Neutral,83.33333045388162,15.294,13.288,10.1928,8.5854,8.1961,25.780000686645508,0.4116,SOFI,0.5207,Neutral,0.4211,0.4199,63.87965520304697,145,552.3099975585938,0.0,0.0
2024-11-27,16.1200008392334,15.670000076293944,16.15999984741211,15.56999969482422,16.1200008392334,48218600.0,89538.30944587995,0,7.824784777646073,89530.4846611023,5554,90.6058613726677,47000,Neutral,84.81848402957836,15.584,13.533,10.3368,8.6615,8.2238,25.780000686645508,0.3938,SOFI,0.5175,Neutral,0.4231,0.4118,63.20032433089448,145,550.5499877929688,0.0,0.0
2024-11-28,16.1200008392334,15.670000076293944,16.15999984741211,15.56999969482422,16.1200008392334,48218600.0,89538.30944587995,0,7.824784777646073,89530.4846611023,5554,90.6058613726677,47000,Neutral,84.81848402957836,15.584,13.533,10.3368,8.6615,8.2238,25.780000686645508,0.3938,SOFI,0.5175,Neutral,0.4231,0.4118,63.20032433089448,145,550.5499877929688,0.0,0.0
2024-11-29,16.40999984741211,16.360000610351562,16.610000610351562,16.170000076293945,16.40999984741211,31524900.0,91148.9639373045,0,7.824784777646073,91141.13915252686,5554,94.03278582250718,47000,Neutral,82.44274586871542,15.864,13.795,10.4893,8.7397,8.2532,25.780000686645508,0.3699,SOFI,0.5294,Neutral,0.4185,0.3674,64.3196795486588,145,553.4500122070312,0.0,0.0
2024-11-30,16.40999984741211,16.360000610351562,16.610000610351562,16.170000076293945,16.40999984741211,31524900.0,91148.9639373045,0,7.824784777646073,91141.13915252686,5554,94.03278582250718,47000,Neutral,82.44274586871542,15.864,13.795,10.4893,8.7397,8.2532,25.780000686645508,0.3699,SOFI,0.5294,Neutral,0.4185,0.3674,64.3196795486588,145,553.4500122070312,0.0,0.0
2024-12-01,16.40999984741211,16.360000610351562,16.610000610351562,16.170000076293945,16.40999984741211,31524900.0,92147.96292731381,0,5.8137840948153325,92142.149143219,5615,92.07374276369215,48000,"cash_0%_Buy 100% of cash (61 shares - DCA Strategy) Monthly invest 2.1% of total investment ($1,000.00)",82.44274586871542,15.864,13.795,10.4893,8.7397,8.2532,25.780000686645508,0.3699,SOFI,0.5294,Neutral,0.4185,0.3674,63.2665034930312,146,553.4500122070312,0.0,0.0
2024-12-02,15.90999984741211,16.489999771118164,16.610000610351562,15.739999771118164,15.90999984741211,52367900.0,89340.46292731381,0,5.8137840948153325,89334.649143219,5615,86.22478443035881,48000,Neutral,69.39655234428132,15.926,14.0385,10.6377,8.8139,8.2793,25.780000686645508,0.0082,SOFI,0.5226,Neutral,0.4122,0.3729,63.86450255715881,146,555.010009765625,0.0,0.0
2024-12-03,15.880000114440918,15.890000343322754,16.149999618530273,15.619999885559082,15.880000114440918,43795800.0,89172.01442668057,0,5.8137840948153325,89166.20064258575,5615,85.87385005403958,48000,Neutral,73.51598591087756,15.962,14.287,10.7843,8.8873,8.304,25.780000686645508,-0.3359,SOFI,0.5194,Neutral,0.4093,0.3909,63.91433776223693,146,555.1400146484375,0.0,0.0
2024-12-04,16.31999969482422,16.1299991607666,16.43000030517578,15.890000343322754,16.31999969482422,40638300.0,91642.6120705328,0,5.8137840948153325,91636.79828643799,5615,91.02092847873173,48000,Neutral,81.3333299424913,16.128,14.532,10.9388,8.9667,8.3332,25.780000686645508,-0.4525,SOFI,0.5234,Neutral,0.4123,0.3947,65.2560044289036,146,558.6400146484375,0.0,0.0
2024-12-05,15.649999618530272,16.010000228881836,16.200000762939453,15.619999885559082,15.649999618530272,50857000.0,87880.56164214229,0,5.8137840948153325,87874.74785804747,5615,83.18332341958481,48000,Neutral,72.18935044805765,16.034,14.724,11.0778,9.0433,8.3583,25.780000686645508,-0.8817,SOFI,0.5222,Neutral,0.4129,0.3901,64.89950723652075,146,557.7100219726562,0.0,0.0
2024-12-06,16.020000457763672,15.770000457763672,16.049999237060547,14.850000381469728,16.020000457763672,57220500.0,89958.11635443784,0,5.8137840948153325,89952.30257034302,5615,87.51156240353387,48000,Neutral,72.93666339561868,15.956,14.93,11.2205,9.1229,8.3846,25.780000686645508,-1.0455,SOFI,0.5279,Neutral,0.4035,0.3797,65.32500162128639,146,558.8200073242188,0.0,0.0
2024-12-07,16.020000457763672,15.770000457763672,16.049999237060547,14.850000381469728,16.020000457763672,57220500.0,89958.11635443784,0,5.8137840948153325,89952.30257034302,5615,87.51156240353387,48000,Neutral,72.93666339561868,15.956,14.93,11.2205,9.1229,8.3846,25.780000686645508,-1.0455,SOFI,0.5279,Neutral,0.4035,0.3797,65.32500162128639,146,558.8200073242188,0.0,0.0
2024-12-08,16.020000457763672,15.770000457763672,16.049999237060547,14.850000381469728,16.020000457763672,57220500.0,89958.11635443784,0,5.8137840948153325,89952.30257034302,5615,87.51156240353387,48000,Neutral,72.93666339561868,15.956,14.93,11.2205,9.1229,8.3846,25.780000686645508,-1.0455,SOFI,0.5279,Neutral,0.4035,0.3797,65.32500162128639,146,558.8200073242188,0.0,0.0
2024-12-09,15.56999969482422,15.68000030517578,15.960000038146973,15.229999542236328,15.56999969482422,59642800.0,87431.36207053282,0,5.8137840948153325,87425.548286438,5615,82.24749097873176,48000,Neutral,65.29850002704453,15.888,15.058,11.351,9.1992,8.4079,25.780000686645508,-1.3713,SOFI,0.5118,Neutral,0.4196,0.388,64.20948851907286,146,555.9099731445312,0.0,0.0
2024-12-10,15.289999961853027,15.489999771118164,16.1200008392334,15.135000228881836,15.289999961853027,49585500.0,85859.16356989957,0,5.8137840948153325,85853.34978580475,5615,78.9720774357458,48000,Neutral,58.44659989218853,15.77,15.117,11.4715,9.2739,8.4286,25.780000686645508,-1.7055,SOFI,0.5114,Neutral,0.4184,0.3904,63.60383869810932,146,554.3300170898438,0.0,0.0
2024-12-11,15.9399995803833,15.5,16.0,15.15999984741211,15.9399995803833,47600800.0,89508.91142794705,0,5.8137840948153325,89503.09764385223,5615,86.57571880667807,48000,Neutral,61.44143658057423,15.694,15.223,11.6018,9.3541,8.4522,25.780000686645508,-1.6395,SOFI,0.5203,Neutral,0.407,0.4261,65.2138433774713,146,558.530029296875,0.0,0.0
2024-12-12,15.899999618530272,15.920000076293944,16.479999542236328,15.729999542236328,15.899999618530272,48071000.0,89284.31164214229,0,5.8137840948153325,89278.49785804747,5615,86.10780258625148,48000,Neutral,58.47618466331844,15.744,15.343,11.7317,9.4321,8.477,25.780000686645508,-1.6097,SOFI,0.5112,Neutral,0.409,0.4481,64.10984150572651,146,555.6500244140625,0.0,0.0
2024-12-13,16.25,16.040000915527344,16.360000610351562,15.789999961853027,16.25,41622300.0,91249.56378409482,0,5.8137840948153325,91243.75,5615,90.2020778819859,48000,Neutral,56.48702184466109,15.79,15.4855,11.866,9.5137,8.5045,25.780000686645508,-1.4407,SOFI,0.5054,Neutral,0.4055,0.4801,64.09449319843483,146,555.6099853515625,0.0,0.0
2024-12-14,16.25,16.040000915527344,16.360000610351562,15.789999961853027,16.25,41622300.0,91249.56378409482,0,5.8137840948153325,91243.75,5615,90.2020778819859,48000,Neutral,56.48702184466109,15.79,15.4855,11.866,9.5137,8.5045,25.780000686645508,-1.4407,SOFI,0.5054,Neutral,0.4055,0.4801,64.09449319843483,146,555.6099853515625,0.0,0.0
2024-12-15,16.25,16.040000915527344,16.360000610351562,15.789999961853027,16.25,41622300.0,91249.56378409482,0,5.8137840948153325,91243.75,5615,90.2020778819859,48000,Neutral,56.48702184466109,15.79,15.4855,11.866,9.5137,8.5045,25.780000686645508,-1.4407,SOFI,0.5054,Neutral,0.4055,0.4801,64.09449319843483,146,555.6099853515625,0.0,0.0
2024-12-16,16.8799991607666,16.53499984741211,17.040000915527344,16.200000762939453,16.8799991607666,55457600.0,94787.00907179929,0,5.8137840948153325,94781.19528770447,5615,97.57175556470357,48000,Neutral,60.64981371504175,16.052,15.648,12.0132,9.6006,8.5402,25.780000686645508,-1.0805,SOFI,0.4938,Neutral,0.4173,0.4884,64.93015705748431,146,557.7899780273438,0.0,0.0
2024-12-17,16.65999984741211,17.149999618530273,17.170000076293945,16.170000076293945,16.65999984741211,53985200.0,93551.71292731381,0,5.8137840948153325,93545.899143219,5615,94.99822193035882,48000,Neutral,60.5405426768456,16.326,15.7845,12.1588,9.6849,8.5746,25.780000686645508,-0.9633,SOFI,0.485,Neutral,0.4352,0.4824,64.03317015969787,146,555.4500122070312,0.0,0.0
2024-12-18,15.239999771118164,16.889999389648438,17.190000534057617,14.932000160217283,15.239999771118164,76625700.0,85578.41249892331,0,5.8137840948153325,85572.59871482849,5615,78.38717937121193,48000,Neutral,43.05992656404888,16.186,15.8255,12.2823,9.7568,8.6038,25.780000686645508,-1.4779,SOFI,0.383,Neutral,0.582,0.4663,57.78100442890361,146,539.1400146484375,0.0,0.0
2024-12-19,15.029999732971191,15.720000267028809,15.989999771118164,14.920000076293944,15.029999732971191,44149600.0,84399.26228472806,0,5.8137840948153325,84393.44850063324,5615,75.93061642497183,48000,Neutral,38.97763359249616,16.012,15.8435,12.404,9.8285,8.6309,25.780000686645508,-1.8713,SOFI,0.3971,Neutral,0.5397,0.4439,57.704333082874975,146,538.9400024414062,0.0,0.0
2024-12-20,15.350000381469728,14.720000267028809,15.529999732971191,14.579999923706056,15.350000381469728,52746600.0,86196.06592604735,0,5.8137840948153325,86190.25214195253,5615,79.67395734438702,48000,Neutral,45.3947411762381,15.832,15.8605,12.5305,9.9027,8.6602,25.780000686645508,-1.9487,SOFI,0.442,Neutral,0.4649,0.4224,60.04265705748433,146,545.0399780273438,0.0,0.0
2024-12-21,15.350000381469728,14.720000267028809,15.529999732971191,14.579999923706056,15.350000381469728,52746600.0,86196.06592604735,0,5.8137840948153325,86190.25214195253,5615,79.67395734438702,48000,Neutral,45.3947411762381,15.832,15.8605,12.5305,9.9027,8.6602,25.780000686645508,-1.9487,SOFI,0.442,Neutral,0.4649,0.4224,60.04265705748433,146,545.0399780273438,0.0,0.0
2024-12-22,15.350000381469728,14.720000267028809,15.529999732971191,14.579999923706056,15.350000381469728,52746600.0,86196.06592604735,0,5.8137840948153325,86190.25214195253,5615,79.67395734438702,48000,Neutral,45.3947411762381,15.832,15.8605,12.5305,9.9027,8.6602,25.780000686645508,-1.9487,SOFI,0.442,Neutral,0.4649,0.4224,60.04265705748433,146,545.0399780273438,0.0,0.0
2024-12-23,15.630000114440918,15.5,15.789999961853027,15.164999961853027,15.630000114440918,34576400.0,87768.26442668057,0,5.8137840948153325,87762.45064258575,5615,82.94937088737291,48000,Neutral,48.02527643749456,15.582,15.862,12.6585,9.9786,8.69,25.780000686645508,-1.8354,SOFI,0.4517,Neutral,0.4413,0.4036,61.533449749541596,146,547.1900024414062,1.739,0.0
2024-12-24,16.020000457763672,15.729999542236328,16.030000686645508,15.56999969482422,16.020000457763672,15731500.0,89958.11635443784,0,5.8137840948153325,89952.30257034302,5615,87.51156240353387,48000,Neutral,47.61147130366961,15.454,15.878,12.7945,10.0582,8.7227,25.780000686645508,-1.5602,SOFI,0.4757,Neutral,0.4093,0.4037,63.69161828795307,146,552.8200073242188,0.0,0.0
2024-12-25,16.020000457763672,15.729999542236328,16.030000686645508,15.56999969482422,16.020000457763672,15731500.0,89958.11635443784,0,5.8137840948153325,89952.30257034302,5615,87.51156240353387,48000,Neutral,47.61147130366961,15.454,15.878,12.7945,10.0582,8.7227,25.780000686645508,-1.5602,SOFI,0.4757,Neutral,0.4093,0.4037,63.69161828795307,146,552.8200073242188,0.0,0.0
2024-12-26,16.600000381469727,15.979999542236328,16.68000030517578,15.880000114440918,16.600000381469727,36815400.0,93214.81592604733,0,5.8137840948153325,93209.00214195251,5615,94.2963531777203,48000,Neutral,57.6736727057818,15.726,15.9335,12.944,10.1436,8.759,25.780000686645508,-1.1199,SOFI,0.4716,Neutral,0.4161,0.406,63.687781211130165,146,552.8099975585938,0.0,0.0
2024-12-27,15.979999542236328,16.389999389648438,16.46500015258789,15.779999732971191,15.979999542236328,31003000.0,89733.5112137518,0,5.8137840948153325,89727.69742965698,5615,87.04363502710463,48000,Neutral,49.68943391141196,15.916,15.9265,13.0805,10.2236,8.7934,25.780000686645508,-1.0827,SOFI,0.4455,Neutral,0.4282,0.4156,61.49128869810931,146,547.0800170898438,0.0,0.0
2024-12-28,15.979999542236328,16.389999389648438,16.46500015258789,15.779999732971191,15.979999542236328,31003000.0,89733.5112137518,0,5.8137840948153325,89727.69742965698,5615,87.04363502710463,48000,Neutral,49.68943391141196,15.916,15.9265,13.0805,10.2236,8.7934,25.780000686645508,-1.0827,SOFI,0.4455,Neutral,0.4282,0.4156,61.49128869810931,146,547.0800170898438,0.0,0.0
2024-12-29,15.979999542236328,16.389999389648438,16.46500015258789,15.779999732971191,15.979999542236328,31003000.0,89733.5112137518,0,5.8137840948153325,89727.69742965698,5615,87.04363502710463,48000,Neutral,49.68943391141196,15.916,15.9265,13.0805,10.2236,8.7934,25.780000686645508,-1.0827,SOFI,0.4455,Neutral,0.4282,0.4156,61.49128869810931,146,547.0800170898438,0.0,0.0
2024-12-30,15.630000114440918,15.56999969482422,15.880000114440918,15.420000076293944,15.630000114440918,31036000.0,87768.26442668057,0,5.8137840948153325,87762.45064258575,5615,82.94937088737291,48000,Neutral,50.47318948894331,15.972,15.8875,13.2105,10.2991,8.8271,25.780000686645508,-1.186,SOFI,0.4319,Neutral,0.4533,0.4285,59.15677840351294,146,540.989990234375,0.0,0.0
2024-12-31,15.399999618530272,15.789999961853027,15.899999618530272,15.350000381469728,15.399999618530272,29262500.0,86476.81164214229,0,5.8137840948153325,86470.99785804747,5615,80.25884425291814,48000,Neutral,50.87440109176757,15.926,15.862,13.3273,10.371,8.8604,25.780000686645508,-1.3209,SOFI,0.4282,Neutral,0.4519,0.4447,58.32111454446346,146,538.8099975585938,0.0,0.0
2025-01-01,15.399999618530272,15.789999961853027,15.899999618530272,15.350000381469728,15.399999618530272,29262500.0,87475.81064216708,0,3.8128089151432505,87471.99783325194,5680,78.6208825334899,49000,"cash_0%_Buy 100% of cash (65 shares - DCA Strategy) Monthly invest 2.0% of total investment ($1,000.00)",50.87440109176757,15.926,15.862,13.3273,10.371,8.8604,25.780000686645508,-1.3209,SOFI,0.4282,Neutral,0.4519,0.4447,57.33116382885439,150,538.8099975585938,0.0,0.0
2025-01-02,14.130000114440918,15.0,15.109999656677246,13.75,14.130000114440918,76412600.0,80262.21345893956,0,3.8128089151432505,80258.40065002441,5680,63.899255628943926,49000,Neutral,36.90304264897885,15.548,15.7745,13.425,10.4307,8.8881,25.780000686645508,-1.892,SOFI,0.4156,Neutral,0.4558,0.4903,56.813466769293065,150,537.4600219726562,0.0,0.0
2025-01-03,14.84000015258789,14.300000190734863,14.854999542236328,14.119999885559082,14.84000015258789,40925300.0,84295.01367561436,0,3.8128089151432505,84291.20086669922,5680,72.12946015277006,49000,Neutral,43.00791901971339,15.196,15.7005,13.5322,10.4932,8.9169,25.780000686645508,-1.8944,SOFI,0.4332,Neutral,0.4283,0.5188,59.47486220095157,150,544.4000244140625,0.0,0.0
2025-01-04,14.84000015258789,14.300000190734863,14.854999542236328,14.119999885559082,14.84000015258789,40925300.0,84295.01367561436,0,3.8128089151432505,84291.20086669922,5680,72.12946015277006,49000,Neutral,43.00791901971339,15.196,15.7005,13.5322,10.4932,8.9169,25.780000686645508,-1.8944,SOFI,0.4332,Neutral,0.4283,0.5188,59.47486220095157,150,544.4000244140625,0.0,0.0
2025-01-05,14.84000015258789,14.300000190734863,14.854999542236328,14.119999885559082,14.84000015258789,40925300.0,84295.01367561436,0,3.8128089151432505,84291.20086669922,5680,72.12946015277006,49000,Neutral,43.00791901971339,15.196,15.7005,13.5322,10.4932,8.9169,25.780000686645508,-1.8944,SOFI,0.4332,Neutral,0.4283,0.5188,59.47486220095157,150,544.4000244140625,0.0,0.0
2025-01-06,15.289999961853027,15.199999809265137,15.479999542236328,14.890000343322754,15.289999961853027,32859000.0,86851.01259224034,0,3.8128089151432505,86847.1997833252,5680,77.3457844724149,49000,Neutral,43.74999922389779,15.058,15.6825,13.6438,10.5561,8.9484,25.780000686645508,-1.6384,SOFI,0.4317,Neutral,0.4245,0.5345,60.69050702337845,150,547.5700073242188,0.0,0.0
2025-01-07,14.90999984741211,15.3100004196167,15.619000434875488,14.710000038146973,14.90999984741211,38956300.0,84692.61194221592,0,3.8128089151432505,84688.79913330078,5680,72.9408851866508,49000,Neutral,36.74293921642116,14.914,15.627,13.7485,10.615,8.979,25.780000686645508,-1.5742,SOFI,0.4105,Neutral,0.4471,0.5515,58.32821868658089,150,541.4099731445312,0.0,0.0
2025-01-08,14.550000190734863,14.640000343322754,14.84000015258789,14.324999809265137,14.550000190734863,28712100.0,82647.81389228917,0,3.8128089151432505,82644.00108337402,5680,68.76782794190233,49000,Neutral,36.06341165178267,14.744,15.576,13.8408,10.6735,9.0077,25.780000686645508,-1.6233,SOFI,0.4195,Neutral,0.4471,0.5574,58.60817955688622,150,542.1400146484375,0.0,0.0
2025-01-09,14.550000190734863,14.640000343322754,14.84000015258789,14.324999809265137,14.550000190734863,28712100.0,82647.81389228917,0,3.8128089151432505,82644.00108337402,5680,68.76782794190233,49000,Neutral,36.06341165178267,14.744,15.576,13.8408,10.6735,9.0077,25.780000686645508,-1.6233,SOFI,0.4195,Neutral,0.4471,0.5574,58.60817955688622,150,542.1400146484375,0.0,0.0
2025-01-10,14.149999618530272,14.199999809265137,14.279999732971191,13.8100004196167,14.149999618530272,33470100.0,80375.81064216708,0,3.8128089151432505,80371.99783325194,5680,64.13108661512257,49000,Neutral,41.67938960195242,14.748,15.519,13.9093,10.7292,9.0349,25.780000686645508,-1.7569,SOFI,0.3823,Neutral,0.468,0.5956,55.444418088996294,150,533.8900146484375,0.0,0.0
2025-01-11,14.149999618530272,14.199999809265137,14.279999732971191,13.8100004196167,14.149999618530272,33470100.0,80375.81064216708,0,3.8128089151432505,80371.99783325194,5680,64.13108661512257,49000,Neutral,41.67938960195242,14.748,15.519,13.9093,10.7292,9.0349,25.780000686645508,-1.7569,SOFI,0.3823,Neutral,0.468,0.5956,55.444418088996294,150,533.8900146484375,0.0,0.0
2025-01-12,14.149999618530272,14.199999809265137,14.279999732971191,13.8100004196167,14.149999618530272,33470100.0,80375.81064216708,0,3.8128089151432505,80371.99783325194,5680,64.13108661512257,49000,Neutral,41.67938960195242,14.748,15.519,13.9093,10.7292,9.0349,25.780000686645508,-1.7569,SOFI,0.3823,Neutral,0.468,0.5956,55.444418088996294,150,533.8900146484375,0.0,0.0
2025-01-13,14.06999969482422,13.640000343322754,14.085000038146973,13.600000381469728,14.06999969482422,32197100.0,79921.41107551672,0,3.8128089151432505,79917.59826660158,5680,63.20374056073407,49000,Neutral,42.52336538837193,14.594,15.4255,13.9742,10.7836,9.0554,25.780000686645508,-1.7993,SOFI,0.385,Neutral,0.4639,0.6493,55.70902452982917,150,534.5800170898438,0.0,0.0
2025-01-14,14.5,14.300000190734863,14.859999656677246,14.229999542236328,14.5,34100800.0,82363.81280891514,0,3.8128089151432505,82360.0,5680,68.18823389420022,49000,Neutral,43.491575098850575,14.436,15.3555,14.0485,10.8425,9.0808,25.780000686645508,-1.5584,SOFI,0.3885,Neutral,0.456,0.6745,55.96979236329391,150,535.260009765625,0.0,0.0
2025-01-15,15.510000228881836,15.359999656677246,15.550000190734863,14.989999771118164,15.510000228881836,38873100.0,88100.61410896397,0,3.8128089151432505,88096.80130004883,5680,79.89599164940192,49000,GeoWatch,49.17355464178567,14.556,15.3185,14.1425,10.9126,9.1128,25.780000686645508,-0.8982,SOFI,0.4195,GeoWatch,0.4229,0.7264,59.72411421231197,150,545.0499877929688,0.0,0.0
2025-01-16,16.299999237060547,15.699999809265137,16.3799991607666,15.56999969482422,16.299999237060547,43586900.0,92587.80847541905,0,3.8128089151432505,92583.9956665039,5680,89.05353117277963,49000,GeoWatch,51.82766830858013,14.906,15.2895,14.2445,10.9878,9.1485,25.780000686645508,-0.1074,SOFI,0.4168,GeoWatch,0.431,0.759,59.41349129534668,150,544.239990234375,0.0,0.0
2025-01-17,16.5,16.420000076293945,16.729999542236328,16.18000030517578,16.5,40496500.0,93723.81280891514,0,3.8128089151432505,93720.0,5680,91.371907363588,49000,GeoWatch,49.313184257982506,15.376,15.2815,14.3462,11.0636,9.1844,25.780000686645508,0.4683,SOFI,0.424,GeoWatch,0.4191,0.7605,61.41530163167837,150,549.4600219726562,0.0,0.0
2025-01-18,16.5,16.420000076293945,16.729999542236328,16.18000030517578,16.5,40496500.0,93723.81280891514,0,3.8128089151432505,93720.0,5680,91.371907363588,49000,GeoWatch,49.313184257982506,15.376,15.2815,14.3462,11.0636,9.1844,25.780000686645508,0.4683,SOFI,0.424,GeoWatch,0.4191,0.7605,61.41530163167837,150,549.4600219726562,0.0,0.0
2025-01-19,16.5,16.420000076293945,16.729999542236328,16.18000030517578,16.5,40496500.0,93723.81280891514,0,3.8128089151432505,93720.0,5680,91.371907363588,49000,GeoWatch,49.313184257982506,15.376,15.2815,14.3462,11.0636,9.1844,25.780000686645508,0.4683,SOFI,0.424,GeoWatch,0.4191,0.7605,61.41530163167837,150,549.4600219726562,0.0,0.0
2025-01-20,16.5,16.420000076293945,16.729999542236328,16.18000030517578,16.5,40496500.0,93723.81280891514,0,3.8128089151432505,93720.0,5680,91.371907363588,49000,GeoWatch,49.313184257982506,15.376,15.2815,14.3462,11.0636,9.1844,25.780000686645508,0.4683,SOFI,0.424,GeoWatch,0.4191,0.7605,61.41530163167837,150,549.4600219726562,0.0,0.0
2025-01-21,17.899999618530273,17.0,18.100000381469727,16.889999389648438,17.899999618530273,67982600.0,101675.8106421671,0,3.8128089151432505,101671.99783325195,5680,107.60047437022463,49000,GeoWatch,61.91067123767768,16.142,15.4145,14.4682,11.1517,9.2274,25.780000686645508,1.3663,SOFI,0.4455,GeoWatch,0.4072,0.736,63.33273282433891,150,554.4600219726562,0.0,0.0
2025-01-22,17.59000015258789,18.059999465942383,18.059999465942383,17.264999389648438,17.59000015258789,51349800.0,99915.01367561436,0,3.8128089151432505,99911.20086669922,5680,104.00701117317823,49000,GeoWatch,62.21945236497571,16.76,15.5425,14.5877,11.2364,9.2682,25.780000686645508,1.7052,SOFI,0.4428,GeoWatch,0.4066,0.7006,64.54070043202955,150,557.6099853515625,0.0,0.0
2025-01-23,18.030000686645508,17.399999618530273,18.209999084472656,17.280000686645508,18.030000686645508,43826700.0,102414.21670906163,0,3.8128089151432505,102410.40390014648,5680,109.10742552715222,49000,Neutral,65.97813617496624,17.264,15.6765,14.706,11.3238,9.3114,25.780000686645508,1.9771,SOFI,0.4399,Neutral,0.4047,0.6681,65.7256832077965,150,560.7000122070312,0.0,0.0
2025-01-24,17.920000076293945,18.14999961853028,18.420000076293945,17.860000610351562,17.920000076293945,55232000.0,101789.41324226475,0,3.8128089151432505,101785.60043334961,5680,107.83231641124027,49000,Neutral,76.80339189684457,17.588,15.791,14.8215,11.4135,9.3524,25.780000686645508,1.9711,SOFI,0.4423,Neutral,0.4021,0.6464,65.07759052843153,150,559.010009765625,0.0,0.0
2025-01-25,17.920000076293945,18.14999961853028,18.420000076293945,17.860000610351562,17.920000076293945,55232000.0,101789.41324226475,0,3.8128089151432505,101785.60043334961,5680,107.83231641124027,49000,Neutral,76.80339189684457,17.588,15.791,14.8215,11.4135,9.3524,25.780000686645508,1.9711,SOFI,0.4423,Neutral,0.4021,0.6464,65.07759052843153,150,559.010009765625,0.0,0.0
2025-01-26,17.920000076293945,18.14999961853028,18.420000076293945,17.860000610351562,17.920000076293945,55232000.0,101789.41324226475,0,3.8128089151432505,101785.60043334961,5680,107.83231641124027,49000,Neutral,76.80339189684457,17.588,15.791,14.8215,11.4135,9.3524,25.780000686645508,1.9711,SOFI,0.4423,Neutral,0.4021,0.6464,65.07759052843153,150,559.010009765625,0.0,0.0
2025-01-27,16.079999923706055,15.93000030517578,16.979999542236328,15.550000190734863,16.079999923706055,107334200.0,91338.21237556553,0,3.8128089151432505,91334.39956665039,5680,86.50333505062962,49000,Neutral,57.56097351065161,17.504,15.794,14.903,11.4921,9.3856,25.780000686645508,1.1274,SOFI,0.4176,Neutral,0.4483,0.6154,62.09405635770333,150,551.22998046875,0.0,0.0
2025-01-28,16.170000076293945,16.1200008392334,16.25,15.220000267028809,16.170000076293945,51829100.0,91849.41324226475,0,3.8128089151432505,91845.60043334961,5680,87.54660212552596,49000,Neutral,55.61224483589689,17.158,15.7725,14.998,11.5723,9.4182,25.780000686645508,0.5521,SOFI,0.4344,Neutral,0.4271,0.6015,63.86576090723023,150,555.8499755859375,0.0,0.0
2025-01-29,15.989999771118164,16.100000381469727,16.34000015258789,15.760000228881836,15.989999771118164,41382700.0,90827.01150886632,0,3.8128089151432505,90823.19869995117,5680,85.46006797573324,49000,Neutral,57.06806112801678,16.838,15.773,15.0775,11.652,9.4514,25.780000686645508,0.0689,SOFI,0.4292,Neutral,0.4294,0.579,62.93005354896619,150,553.4099731445312,0.0,0.0
2025-01-30,16.440000534057617,16.25,16.670000076293945,16.110000610351562,16.440000534057617,35552200.0,93383.01584236241,0,3.8128089151432505,93379.20303344727,5680,90.67640335021507,49000,Neutral,62.225095444510174,16.52,15.8135,15.1653,11.7363,9.4849,25.780000686645508,-0.0856,SOFI,0.4279,Neutral,0.4206,0.5665,64.03833439579822,150,556.2999877929688,0.0,0.0
2025-01-31,15.779999732971191,16.440000534057617,16.56999969482422,15.59000015258789,15.779999732971191,47846900.0,89634.21129219151,0,3.8128089151432505,89630.39848327637,5680,83.02578181925404,49000,Neutral,60.20024766878032,16.092,15.8325,15.2443,11.8125,9.5151,25.780000686645508,-0.4598,SOFI,0.4173,Neutral,0.4268,0.5543,62.89939150230624,150,553.3300170898438,0.0,0.0
2025-02-01,15.779999732971191,16.440000534057617,16.56999969482422,15.59000015258789,15.779999732971191,47846900.0,90633.21715220834,0,8.678685754781213,90624.53846645355,5743,81.3652543028717,50000,"cash_0%_Buy 100% of cash (63 shares - DCA Strategy) Monthly invest 2.0% of total investment ($1,000.00)",60.20024766878032,16.092,15.8325,15.2443,11.8125,9.5151,25.780000686645508,-0.4598,SOFI,0.4173,Neutral,0.4268,0.5543,61.87827592083426,151,553.3300170898438,0.0,0.0
2025-02-02,15.779999732971191,16.440000534057617,16.56999969482422,15.59000015258789,15.779999732971191,47846900.0,90633.21715220834,0,8.678685754781213,90624.53846645355,5743,81.3652543028717,50000,Neutral,60.20024766878032,16.092,15.8325,15.2443,11.8125,9.5151,25.780000686645508,-0.4598,SOFI,0.4173,Neutral,0.4268,0.5543,61.87827592083426,151,553.3300170898438,0.0,0.0
2025-02-03,15.399999618530272,14.979999542236328,15.770000457763672,14.890000343322754,15.399999618530272,42781900.0,88450.87649497413,0,8.678685754781213,88442.19780921935,5743,77.0005729884033,50000,Neutral,58.0217097154416,15.956,15.896,15.3192,11.8855,9.5444,25.780000686645508,-0.8432,SOFI,0.4004,Neutral,0.4591,0.5629,60.49557406092661,151,549.7000122070312,0.0,0.0
2025-02-04,15.289999961853027,15.489999771118164,15.619999885559082,15.199999809265137,15.289999961853027,29013200.0,87819.14846667672,0,8.678685754781213,87810.46978092194,5743,75.73711693180849,50000,Neutral,54.95608372851376,15.78,15.9185,15.3837,11.9589,9.5726,25.780000686645508,-1.1054,SOFI,0.418,Neutral,0.441,0.5683,61.88587829343725,151,553.3499755859375,0.0,0.0
2025-02-05,15.489999771118164,15.239999771118164,15.5600004196167,15.220000267028809,15.489999771118164,27706300.0,88967.7473712864,0,8.678685754781213,88959.06868553162,5743,78.03431474102784,50000,Neutral,49.86033203308663,15.68,15.9285,15.445,12.0327,9.6034,25.780000686645508,-1.1516,SOFI,0.4328,Neutral,0.4242,0.5548,62.75054936943156,151,555.6199951171875,0.0,0.0
2025-02-06,14.800000190734863,15.529999732971191,15.550000190734863,14.68000030517578,14.800000190734863,46886900.0,85005.0797811451,0,8.678685754781213,84996.40109539032,5743,70.10897956074527,50000,Neutral,39.37678079370803,15.352,15.923,15.4933,12.1009,9.6311,25.780000686645508,-1.4148,SOFI,0.4314,Neutral,0.4187,0.5408,63.51236755124973,151,557.6199951171875,0.0,0.0
2025-02-07,14.90999984741211,14.899999618530272,15.279999732971191,14.829999923706056,14.90999984741211,32161400.0,85636.80780944253,0,8.678685754781213,85628.12912368774,5743,71.3724356173401,50000,Neutral,38.5939750780453,15.178,15.941,15.525,12.1676,9.6591,25.780000686645508,-1.4768,SOFI,0.4174,Neutral,0.4317,0.5328,61.44784678819929,151,552.2000122070312,0.0,0.0
2025-02-08,14.90999984741211,14.899999618530272,15.279999732971191,14.829999923706056,14.90999984741211,32161400.0,85636.80780944253,0,8.678685754781213,85628.12912368774,5743,71.3724356173401,50000,Neutral,38.5939750780453,15.178,15.941,15.525,12.1676,9.6591,25.780000686645508,-1.4768,SOFI,0.4174,Neutral,0.4317,0.5328,61.44784678819929,151,552.2000122070312,0.0,0.0
2025-02-09,14.90999984741211,14.899999618530272,15.279999732971191,14.829999923706056,14.90999984741211,32161400.0,85636.80780944253,0,8.678685754781213,85628.12912368774,5743,71.3724356173401,50000,Neutral,38.5939750780453,15.178,15.941,15.525,12.1676,9.6591,25.780000686645508,-1.4768,SOFI,0.4174,Neutral,0.4317,0.5328,61.44784678819929,151,552.2000122070312,0.0,0.0
2025-02-10,15.130000114440918,15.029999732971191,15.399999618530272,15.0,15.130000114440918,30509900.0,86900.26934298898,0,8.678685754781213,86891.59065723419,5743,73.899358684433,50000,Neutral,26.079459327780057,15.124,15.99,15.542,12.2353,9.6866,25.780000686645508,-1.3593,SOFI,0.4308,Neutral,0.4211,0.5366,62.952442347059396,151,556.1500244140625,0.0,0.0
2025-02-11,14.829999923706056,14.989999771118164,15.25,14.789999961853027,14.829999923706056,30455200.0,85177.36824759867,0,8.678685754781213,85168.68956184389,5743,70.45355649365239,50000,Neutral,26.12457620910341,15.032,16.028,15.5588,12.2967,9.7103,25.780000686645508,-1.345,SOFI,0.4233,Neutral,0.4219,0.5536,63.14289689251395,151,556.6500244140625,0.0,0.0
2025-02-12,14.770000457763672,14.579999923706056,14.850000381469728,14.420000076293944,14.770000457763672,33663600.0,84832.79131469155,0,8.678685754781213,84824.11262893677,5743,69.76440262783815,50000,Neutral,19.81482122496959,14.888,16.0415,15.58,12.3584,9.7349,25.780000686645508,-1.2953,SOFI,0.4106,Neutral,0.4157,0.5565,62.44201393574904,151,554.8099975585938,0.0,0.0
2025-02-13,15.1899995803833,14.960000038146973,15.354999542236328,14.774999618530272,15.1899995803833,36477800.0,87244.84627589608,0,8.678685754781213,87236.1675901413,5743,74.5885125502472,50000,Neutral,26.09456674542692,14.966,16.0255,15.6098,12.4242,9.7608,25.780000686645508,-1.0229,SOFI,0.4311,Neutral,0.4089,0.561,64.6741356287533,151,560.6699829101562,0.0,0.0
2025-02-14,16.209999084472656,15.40999984741211,16.420000076293945,15.239999771118164,16.209999084472656,63312400.0,93102.70342788125,0,8.678685754781213,93094.02474212646,5743,86.30422685421755,50000,Neutral,51.32923493857479,15.226,16.021,15.6528,12.4993,9.7909,25.780000686645508,-0.3733,SOFI,0.4375,Neutral,0.4054,0.552,64.68176125020219,151,560.6900024414062,0.0,0.0
2025-02-15,16.209999084472656,15.40999984741211,16.420000076293945,15.239999771118164,16.209999084472656,63312400.0,93102.70342788125,0,8.678685754781213,93094.02474212646,5743,86.30422685421755,50000,Neutral,51.32923493857479,15.226,16.021,15.6528,12.4993,9.7909,25.780000686645508,-0.3733,SOFI,0.4375,Neutral,0.4054,0.552,64.68176125020219,151,560.6900024414062,0.0,0.0
2025-02-16,16.209999084472656,15.40999984741211,16.420000076293945,15.239999771118164,16.209999084472656,63312400.0,93102.70342788125,0,8.678685754781213,93094.02474212646,5743,86.30422685421755,50000,Neutral,51.32923493857479,15.226,16.021,15.6528,12.4993,9.7909,25.780000686645508,-0.3733,SOFI,0.4375,Neutral,0.4054,0.552,64.68176125020219,151,560.6900024414062,0.0,0.0
2025-02-17,16.209999084472656,15.40999984741211,16.420000076293945,15.239999771118164,16.209999084472656,63312400.0,93102.70342788125,0,8.678685754781213,93094.02474212646,5743,86.30422685421755,50000,Neutral,51.32923493857479,15.226,16.021,15.6528,12.4993,9.7909,25.780000686645508,-0.3733,SOFI,0.4375,Neutral,0.4054,0.552,64.68176125020219,151,560.6900024414062,0.0,0.0
2025-02-18,16.829999923706055,16.469999313354492,17.110000610351562,16.43000030517578,16.829999923706055,53815000.0,96663.36824759866,0,8.678685754781213,96654.68956184387,5743,93.42555649365235,50000,Neutral,56.08855939226665,15.566,16.0375,15.7012,12.5769,9.8252,25.780000686645508,0.308,SOFI,0.4242,Neutral,0.4099,0.5327,65.29883211756723,151,562.3099975585938,0.0,0.0
2025-02-19,16.18000030517578,16.764999389648438,16.809999465942383,16.100000381469727,16.18000030517578,35555700.0,92930.4204383793,0,8.678685754781213,92921.74175262451,5743,85.95966087521364,50000,Neutral,51.6129079265402,15.836,15.9515,15.7305,12.6478,9.8624,25.780000686645508,0.4533,SOFI,0.4273,Neutral,0.4113,0.5432,65.81686290148056,151,563.6699829101562,0.0,0.0
2025-02-20,15.5600004196167,16.010000228881836,16.079999923706055,15.062999725341797,15.5600004196167,51063600.0,89369.76109561349,0,8.678685754781213,89361.0824098587,5743,78.83834218968201,50000,Neutral,42.73927120064951,15.994,15.85,15.7453,12.7127,9.8964,25.780000686645508,0.2703,SOFI,0.4272,Neutral,0.4165,0.554,64.9141102159337,151,561.2999877929688,0.0,0.0
2025-02-21,14.670000076293944,15.5600004196167,15.5600004196167,14.579999923706056,14.670000076293944,54725300.0,84258.4891239109,0,8.678685754781213,84249.81043815611,5743,68.61579824627684,50000,Neutral,41.17647058823528,15.89,15.682,15.7397,12.7726,9.9264,25.780000686645508,-0.2212,SOFI,0.4005,Neutral,0.4585,0.5458,61.276433047521046,151,551.75,0.0,0.0
2025-02-22,14.670000076293944,15.5600004196167,15.5600004196167,14.579999923706056,14.670000076293944,54725300.0,84258.4891239109,0,8.678685754781213,84249.81043815611,5743,68.61579824627684,50000,Neutral,41.17647058823528,15.89,15.682,15.7397,12.7726,9.9264,25.780000686645508,-0.2212,SOFI,0.4005,Neutral,0.4585,0.5458,61.276433047521046,151,551.75,0.0,0.0
2025-02-23,14.670000076293944,15.5600004196167,15.5600004196167,14.579999923706056,14.670000076293944,54725300.0,84258.4891239109,0,8.678685754781213,84249.81043815611,5743,68.61579824627684,50000,Neutral,41.17647058823528,15.89,15.682,15.7397,12.7726,9.9264,25.780000686645508,-0.2212,SOFI,0.4005,Neutral,0.4585,0.5458,61.276433047521046,151,551.75,0.0,0.0
2025-02-24,14.359999656677246,14.800000190734863,14.81700038909912,13.8100004196167,14.359999656677246,52266100.0,82478.15671405221,0,8.678685754781213,82469.47802829742,5743,65.05513342655946,50000,Neutral,41.639869484575705,15.52,15.504,15.719,12.8253,9.9541,25.780000686645508,-0.6481,SOFI,0.391,Neutral,0.4698,0.5431,60.28226589997134,151,549.1400146484375,0.0,0.0
2025-02-25,13.920000076293944,14.109999656677246,14.270000457763672,13.420000076293944,13.920000076293944,63198000.0,79951.2391239109,0,8.678685754781213,79942.56043815611,5743,60.00129824627683,50000,Neutral,39.54198286559841,14.938,15.396,15.6893,12.8747,9.9801,25.780000686645508,-1.0684,SOFI,0.3859,Neutral,0.482,0.5079,59.24236827257429,151,546.4099731445312,0.0,0.0
2025-02-26,14.470000267028809,14.18000030517578,14.734999656677246,14.135000228881836,14.470000267028809,51329600.0,83109.89021930123,0,8.678685754781213,83101.21153354645,5743,66.3186004370575,50000,Neutral,42.60869781551872,14.596,15.311,15.6723,12.9326,10.0092,25.780000686645508,-1.0447,SOFI,0.3907,Neutral,0.4789,0.4745,59.371887592975604,151,546.75,0.0,0.0
2025-02-27,14.06999969482422,14.729999542236328,14.739999771118164,14.0,14.06999969482422,41470300.0,80812.68693313029,0,8.678685754781213,80804.0082473755,5743,61.7241938647156,50000,Neutral,44.47805950206657,14.298,15.215,15.6382,12.9875,10.0371,25.780000686645508,-1.1403,SOFI,0.3674,Neutral,0.5058,0.4582,56.02749461534777,151,537.969970703125,0.0,0.0
2025-02-28,14.470000267028809,13.800000190734863,14.539999961853027,13.729999542236328,14.470000267028809,38926400.0,83109.89021930123,0,8.678685754781213,83101.21153354645,5743,66.3186004370575,50000,Neutral,46.81159750800776,14.258,15.1165,15.6058,13.0476,10.068,25.780000686645508,-0.9624,SOFI,0.3888,Neutral,0.4892,0.4405,59.21191228447065,151,546.3300170898438,0.0,0.0
2025-03-01,14.470000267028809,13.800000190734863,14.539999961853027,13.729999542236328,14.470000267028809,38926400.0,84108.8917892828,0,9.25023731136855,84099.64155197144,5812,65.01821566371544,51000,"cash_0%_Buy 100% of cash (69 shares - DCA Strategy) Monthly invest 2.0% of total investment ($1,000.00)",46.81159750800776,14.258,15.1165,15.6058,13.0476,10.068,25.780000686645508,-0.9624,SOFI,0.3888,Neutral,0.4892,0.4405,58.23273059306711,153,546.3300170898438,0.0,0.0
2025-03-02,14.470000267028809,13.800000190734863,14.539999961853027,13.729999542236328,14.470000267028809,38926400.0,84108.8917892828,0,9.25023731136855,84099.64155197144,5812,65.01821566371544,51000,Neutral,46.81159750800776,14.258,15.1165,15.6058,13.0476,10.068,25.780000686645508,-0.9624,SOFI,0.3888,Neutral,0.4892,0.4405,58.23273059306711,153,546.3300170898438,0.0,0.0
2025-03-03,13.56999969482422,14.649999618530272,14.904999732971191,13.4399995803833,13.56999969482422,58992200.0,78878.08846362974,0,9.25023731136855,78868.83822631837,5812,54.76173855459178,51000,Neutral,39.70976095615024,14.1,15.006,15.5668,13.1022,10.0952,25.780000686645508,-1.1787,SOFI,0.3581,Neutral,0.5389,0.4187,54.663699611401846,153,536.9199829101562,0.0,0.0
2025-03-04,13.09000015258789,13.0,13.56999969482422,12.234999656677246,13.09000015258789,77982800.0,76088.33112415219,0,9.25023731136855,76079.08088684082,5812,49.291626124243635,51000,Neutral,38.78866159924787,13.934,14.8905,15.5203,13.1523,10.1203,25.780000686645508,-1.4562,SOFI,0.3442,Neutral,0.5498,0.4176,52.209773786162536,153,530.4500122070312,0.0,0.0
2025-03-05,13.43000030517578,13.119999885559082,13.489999771118164,12.84000015258789,13.43000030517578,41038000.0,78064.412010993,0,9.25023731136855,78055.16177368163,5812,53.16629452981384,51000,Neutral,41.66666666666666,13.726,14.7975,15.4722,13.2055,10.1474,25.780000686645508,-1.3946,SOFI,0.3577,Neutral,0.5211,0.3989,54.466490127748266,153,536.4000244140625,0.0,0.0
2025-03-06,12.449999809265137,13.0,13.25,12.40999984741211,12.449999809265137,49835800.0,72368.64912876034,0,9.25023731136855,72359.39889144897,5812,41.99813201563217,51000,Neutral,34.069773012266026,13.402,14.6455,15.4188,13.2483,10.1686,25.780000686645508,-1.7099,SOFI,0.3266,Neutral,0.5655,0.3877,50.77608699878923,153,526.6699829101562,0.0,0.0
2025-03-07,12.59000015258789,12.31999969482422,12.640000343322754,11.81999969482422,12.59000015258789,52630300.0,73182.33112415219,0,9.25023731136855,73173.08088684082,5812,43.593586908557356,51000,Neutral,26.55442056279115,13.026,14.535,15.3617,13.2911,10.1901,25.780000686645508,-1.7443,SOFI,0.3372,Neutral,0.5421,0.3802,51.85325033766521,153,529.510009765625,0.0,0.0
2025-03-08,12.59000015258789,12.31999969482422,12.640000343322754,11.81999969482422,12.59000015258789,52630300.0,73182.33112415219,0,9.25023731136855,73173.08088684082,5812,43.593586908557356,51000,Neutral,26.55442056279115,13.026,14.535,15.3617,13.2911,10.1901,25.780000686645508,-1.7443,SOFI,0.3372,Neutral,0.5421,0.3802,51.85325033766521,153,529.510009765625,0.0,0.0
2025-03-09,12.59000015258789,12.31999969482422,12.640000343322754,11.81999969482422,12.59000015258789,52630300.0,73182.33112415219,0,9.25023731136855,73173.08088684082,5812,43.593586908557356,51000,Neutral,26.55442056279115,13.026,14.535,15.3617,13.2911,10.1901,25.780000686645508,-1.7443,SOFI,0.3372,Neutral,0.5421,0.3802,51.85325033766521,153,529.510009765625,0.0,0.0
2025-03-10,11.18000030517578,12.06999969482422,12.170000076293944,10.93000030517578,11.18000030517578,71705200.0,64987.412010993,0,9.25023731136855,64978.16177368163,5812,27.525118059225626,51000,Neutral,16.80377085643741,12.548,14.3485,15.2885,13.3197,10.2062,25.780000686645508,-2.3196,SOFI,0.3033,Neutral,0.6162,0.3756,46.54334042775529,153,515.510009765625,0.0,0.0
2025-03-11,11.260000228881836,11.0600004196167,11.496999740600586,10.850000381469728,11.260000228881836,54907900.0,65452.3715675726,0,9.25023731136855,65443.12133026123,5812,28.436803464283667,51000,Neutral,19.01764128788753,12.182,14.155,15.2213,13.3464,10.2221,25.780000686645508,-2.5206,SOFI,0.2999,Neutral,0.6027,0.3749,44.93898490951734,153,511.2799987792969,0.0,0.0
2025-03-12,11.920000076293944,11.859999656677246,12.119999885559082,11.4399995803833,11.920000076293944,54143700.0,69288.29068073176,0,9.25023731136855,69279.0404434204,5812,35.95821349008593,51000,Neutral,27.19298717356233,11.88,14.0095,15.1543,13.3781,10.2418,25.780000686645508,-2.1764,SOFI,0.3218,Neutral,0.563,0.3932,45.879601689016546,153,513.760009765625,0.0,0.0
2025-03-13,11.390000343322754,12.0,12.09000015258789,11.3100004196167,11.390000343322754,38157700.0,66207.93223270321,0,9.25023731136855,66198.68199539185,5812,29.91829496453976,51000,Neutral,28.477697104848204,11.668,13.8405,15.0792,13.4054,10.2586,25.780000686645508,-2.0762,SOFI,0.3077,Neutral,0.5782,0.4016,43.334629391279385,153,507.0499877929688,0.0,0.0
2025-03-14,12.09000015258789,11.6899995803833,12.119999885559082,11.609999656677246,12.09000015258789,37484500.0,70276.33112415219,0,9.25023731136855,70267.08088684082,5812,37.89554769287108,51000,Neutral,35.830217422234185,11.568,13.6855,15.0098,13.4379,10.2785,25.780000686645508,-1.5186,SOFI,0.3345,Neutral,0.5293,0.4123,47.282939652223895,153,517.4600219726562,0.0,0.0
2025-03-15,12.09000015258789,11.6899995803833,12.119999885559082,11.609999656677246,12.09000015258789,37484500.0,70276.33112415219,0,9.25023731136855,70267.08088684082,5812,37.89554769287108,51000,Neutral,35.830217422234185,11.568,13.6855,15.0098,13.4379,10.2785,25.780000686645508,-1.5186,SOFI,0.3345,Neutral,0.5293,0.4123,47.282939652223895,153,517.4600219726562,0.0,0.0
2025-03-16,12.09000015258789,11.6899995803833,12.119999885559082,11.609999656677246,12.09000015258789,37484500.0,70276.33112415219,0,9.25023731136855,70267.08088684082,5812,37.89554769287108,51000,Neutral,35.830217422234185,11.568,13.6855,15.0098,13.4379,10.2785,25.780000686645508,-1.5186,SOFI,0.3345,Neutral,0.5293,0.4123,47.282939652223895,153,517.4600219726562,0.0,0.0
2025-03-17,12.31999969482422,12.079999923706056,12.470000267028809,11.960000038146973,12.31999969482422,45612600.0,71613.08846362974,0,9.25023731136855,71603.83822631837,5812,40.5166405153761,51000,Neutral,39.74358880308269,11.796,13.491,14.9338,13.4735,10.2998,25.780000686645508,-0.9244,SOFI,0.3457,Neutral,0.5083,0.4324,48.78107428588098,153,521.4099731445312,0.0,0.0
2025-03-18,11.949999809265137,12.100000381469728,12.140000343322754,11.789999961853027,11.949999809265137,36336100.0,69462.64912876034,0,9.25023731136855,69453.39889144897,5812,36.300092799945894,51000,Neutral,33.464565746575474,11.934,13.247,14.8553,13.5071,10.3196,25.780000686645508,-0.6376,SOFI,0.3385,Neutral,0.5289,0.444,46.69503824984495,153,515.9099731445312,0.0,0.0
2025-03-19,12.729999542236328,12.0,12.90999984741211,11.960000038146973,12.729999542236328,46771900.0,73996.0075767889,0,9.25023731136855,73986.75733947754,5812,45.18903093333525,51000,Neutral,41.62499904632568,12.096,13.0745,14.8135,13.5479,10.3412,25.780000686645508,0.0255,SOFI,0.3535,Neutral,0.5019,0.4453,48.75074861108511,153,521.3300170898438,0.0,0.0
2025-03-20,12.640000343322754,12.640000343322754,12.9399995803833,12.489999771118164,12.640000343322754,40485900.0,73472.93223270321,0,9.25023731136855,73463.68199539185,5812,44.16339300375546,51000,Neutral,38.10142880032461,12.346,12.9285,14.7737,13.5888,10.3634,25.780000686645508,0.452,SOFI,0.3609,Neutral,0.5003,0.4666,48.29560884607596,153,520.1300048828125,0.0,0.0
2025-03-21,12.869999885559082,12.40999984741211,12.90999984741211,12.369999885559082,12.869999885559082,40043900.0,74809.68957218075,0,9.25023731136855,74800.43933486938,5812,46.784485826260436,51000,Neutral,45.01424466590888,12.502,12.8385,14.7323,13.6314,10.3862,25.780000686645508,0.8683,SOFI,0.3684,Neutral,0.4933,0.4801,48.34491700433188,153,520.260009765625,0.0,0.0
2025-03-22,12.869999885559082,12.40999984741211,12.90999984741211,12.369999885559082,12.869999885559082,40043900.0,74809.68957218075,0,9.25023731136855,74800.43933486938,5812,46.784485826260436,51000,Neutral,45.01424466590888,12.502,12.8385,14.7323,13.6314,10.3862,25.780000686645508,0.8683,SOFI,0.3684,Neutral,0.4933,0.4801,48.34491700433188,153,520.260009765625,0.0,0.0
2025-03-23,12.869999885559082,12.40999984741211,12.90999984741211,12.369999885559082,12.869999885559082,40043900.0,74809.68957218075,0,9.25023731136855,74800.43933486938,5812,46.784485826260436,51000,Neutral,45.01424466590888,12.502,12.8385,14.7323,13.6314,10.3862,25.780000686645508,0.8683,SOFI,0.3684,Neutral,0.4933,0.4801,48.34491700433188,153,520.260009765625,0.0,0.0
2025-03-24,13.720000267028809,13.300000190734863,13.760000228881836,13.140000343322754,13.720000267028809,58817600.0,79749.8917892828,0,9.25023731136855,79740.64155197144,5812,56.47115684018603,51000,Neutral,54.26251859116851,12.782,12.8065,14.7005,13.6795,10.411,25.780000686645508,1.5645,SOFI,0.3861,Neutral,0.4565,0.4949,51.807738676101316,153,529.3900146484375,0.0,0.0
2025-03-25,13.539999961853027,13.729999542236328,13.899999618530272,13.44499969482422,13.539999961853027,35685500.0,78703.73001560116,0,9.25023731136855,78694.4797782898,5812,54.41985924473182,51000,Neutral,50.76071699966352,13.1,12.7875,14.6592,13.7268,10.4346,25.780000686645508,1.8781,SOFI,0.393,Neutral,0.4542,0.5084,52.28563427189241,153,530.6500244140625,0.0,0.0
2025-03-26,13.06999969482422,13.529999732971191,13.54800033569336,12.925000190734863,13.06999969482422,48480600.0,75972.08846362974,0,9.25023731136855,75962.83822631837,5812,49.06369933890552,51000,Neutral,54.61309551263486,13.168,12.7175,14.6003,13.7722,10.4575,25.780000686645508,1.7904,SOFI,0.3765,Neutral,0.4742,0.5239,49.937894607178855,153,524.4600219726562,0.0,0.0
2025-03-27,12.199999809265137,12.609999656677246,12.699999809265137,12.029999732971191,12.199999809265137,58870900.0,70915.64912876034,0,9.25023731136855,70906.39889144897,5812,39.14911240778903,51000,Neutral,47.38254729425879,13.08,12.624,14.5373,13.8089,10.4765,25.780000686645508,1.2532,SOFI,0.3726,Neutral,0.4807,0.5322,49.39249100357525,153,521.2100219726562,1.812,0.0
2025-03-28,11.850000381469728,12.024999618530272,12.244999885559082,11.6899995803833,11.850000381469728,51302400.0,68881.45245441343,0,9.25023731136855,68872.20221710207,5812,35.16049147769705,51000,Neutral,55.24256917275663,12.876,12.493,14.4743,13.8424,10.4954,25.780000686645508,0.711,SOFI,0.3439,Neutral,0.538,0.5327,45.44418074263074,153,510.7999877929688,0.0,0.0
2025-03-29,11.850000381469728,12.024999618530272,12.244999885559082,11.6899995803833,11.850000381469728,51302400.0,68881.45245441343,0,9.25023731136855,68872.20221710207,5812,35.16049147769705,51000,Neutral,55.24256917275663,12.876,12.493,14.4743,13.8424,10.4954,25.780000686645508,0.711,SOFI,0.3439,Neutral,0.538,0.5327,45.44418074263074,153,510.7999877929688,0.0,0.0
2025-03-30,11.850000381469728,12.024999618530272,12.244999885559082,11.6899995803833,11.850000381469728,51302400.0,68881.45245441343,0,9.25023731136855,68872.20221710207,5812,35.16049147769705,51000,Neutral,55.24256917275663,12.876,12.493,14.4743,13.8424,10.4954,25.780000686645508,0.711,SOFI,0.3439,Neutral,0.538,0.5327,45.44418074263074,153,510.7999877929688,0.0,0.0
2025-03-31,11.630000114440918,11.3149995803833,11.739999771118164,10.979999542236328,11.630000114440918,62839200.0,67602.81090244198,0,9.25023731136855,67593.56066513062,5812,32.65335117971383,51000,Neutral,52.83307816816774,12.458,12.396,14.4115,13.8694,10.5141,25.780000686645508,0.2537,SOFI,0.3363,Neutral,0.5509,0.5535,46.62373374534045,153,513.9099731445312,0.0,0.0
2025-04-01,11.90999984741211,11.59000015258789,12.15999984741211,11.479999542236328,11.90999984741211,48664100.0,70229.16891048336,0,7.809810141568846,70221.3591003418,5896,35.15491405707688,52000,"cash_0%_Buy 100% of cash (84 shares - DCA Strategy) Monthly invest 1.9% of total investment ($1,000.00)",49.91869729590588,12.132,12.337,14.3745,13.8997,10.5338,25.780000686645508,0.1274,SOFI,0.3491,Neutral,0.5461,0.5694,46.47526565159814,157,515.7999877929688,0.0,0.0
2025-04-02,12.3100004196167,11.550000190734863,12.49899959564209,11.550000190734863,12.3100004196167,55622200.0,72587.57228420163,0,7.809810141568846,72579.76247406006,5896,39.69030516038124,52000,Neutral,57.64119848692087,11.98,12.281,14.3323,13.9322,10.5552,25.780000686645508,0.281,SOFI,0.354,Neutral,0.5371,0.5875,47.6553940216107,157,518.9099731445312,0.0,0.0
2025-04-03,10.640000343322754,11.140000343322754,11.416000366210938,10.5600004196167,10.640000343322754,73382300.0,62741.251834372524,0,7.809810141568846,62733.44202423096,5896,20.755073526094503,52000,RiskWatch,39.62803966685517,11.668,12.1905,14.2548,13.9493,10.5699,25.780000686645508,-0.4681,SOFI,0.2744,RiskWatch,0.6839,0.5462,38.263664530513104,157,494.1600036621094,0.0,0.0
2025-04-04,9.56999969482422,9.979999542236328,10.220000267028809,8.880000114440918,9.56999969482422,89686000.0,56432.52801082517,0,7.809810141568846,56424.7182006836,5896,8.622912326964983,52000,RiskWatch,32.43933571650416,11.212,12.0395,14.1658,13.9572,10.5801,25.780000686645508,-1.4701,SOFI,0.2304,RiskWatch,0.7383,0.4949,27.39580182909709,157,465.5199890136719,0.0,0.0
2025-04-05,9.56999969482422,9.979999542236328,10.220000267028809,8.880000114440918,9.56999969482422,89686000.0,56432.52801082517,0,7.809810141568846,56424.7182006836,5896,8.622912326964983,52000,RiskWatch,32.43933571650416,11.212,12.0395,14.1658,13.9572,10.5801,25.780000686645508,-1.4701,SOFI,0.2304,RiskWatch,0.7383,0.4949,27.39580182909709,157,465.5199890136719,0.0,0.0
2025-04-06,9.56999969482422,9.979999542236328,10.220000267028809,8.880000114440918,9.56999969482422,89686000.0,56432.52801082517,0,7.809810141568846,56424.7182006836,5896,8.622912326964983,52000,RiskWatch,32.43933571650416,11.212,12.0395,14.1658,13.9572,10.5801,25.780000686645508,-1.4701,SOFI,0.2304,RiskWatch,0.7383,0.4949,27.39580182909709,157,465.5199890136719,0.0,0.0
2025-04-07,9.859999656677246,8.739999771118164,10.645000457763672,8.600000381469727,9.859999656677246,92561300.0,58142.36778591061,0,7.809810141568846,58134.55797576904,5896,11.911065740590832,52000,RiskWatch,36.51612804782005,10.858,11.9735,14.0877,13.9642,10.591,25.780000686645508,-1.8628,SOFI,0.2223,RiskWatch,0.7356,0.4249,26.652055071589764,157,463.55999755859375,0.0,0.0
2025-04-08,9.5,10.489999771118164,10.579999923706056,9.239999771118164,9.5,67136200.0,56019.80981014157,0,7.809810141568846,56012.0,5896,7.829223479496516,52000,RiskWatch,27.967260737683333,10.376,11.8855,14.0102,13.9597,10.599,25.780000686645508,-2.1979,SOFI,0.214,RiskWatch,0.7308,0.3482,24.06410586373891,157,456.739990234375,0.0,0.0
2025-04-09,11.390000343322754,9.399999618530272,11.64900016784668,9.3100004196167,11.390000343322754,94205900.0,67163.25183437252,0,7.809810141568846,67155.44202423096,5896,29.258919679940664,52000,RiskWatch,43.154436726380105,10.192,11.859,13.9655,13.9698,10.6148,25.780000686645508,-1.1937,SOFI,0.242,RiskWatch,0.7118,0.3133,40.13821902836816,157,499.1000061035156,0.0,0.0
2025-04-10,10.520000457763672,10.9399995803833,11.010000228881836,10.15999984741211,10.520000457763672,55996900.0,62033.73250911618,0,7.809810141568846,62025.92269897461,5896,19.39445943906307,52000,RiskWatch,37.97339258802866,10.168,11.8155,13.8992,13.9738,10.627,25.780000686645508,-0.9424,SOFI,0.2191,RiskWatch,0.7208,0.325,33.672144357304056,157,482.05999755859375,0.0,0.0
2025-04-11,10.710000038146973,10.479999542236328,10.729999542236328,10.06999969482422,10.710000038146973,42788100.0,63153.97003505612,0,7.809810141568846,63146.16022491455,5896,21.548762373562944,52000,RiskWatch,33.47969249605967,10.396,11.7465,13.8192,13.9808,10.6388,25.780000686645508,-0.5781,SOFI,0.2179,RiskWatch,0.7119,0.3427,36.89379243731245,157,490.5499877929688,0.0,0.0
2025-04-12,10.710000038146973,10.479999542236328,10.729999542236328,10.06999969482422,10.710000038146973,42788100.0,63153.97003505612,0,7.809810141568846,63146.16022491455,5896,21.548762373562944,52000,RiskWatch,33.47969249605967,10.396,11.7465,13.8192,13.9808,10.6388,25.780000686645508,-0.5781,SOFI,0.2179,RiskWatch,0.7119,0.3427,36.89379243731245,157,490.5499877929688,0.0,0.0
2025-04-13,10.710000038146973,10.479999542236328,10.729999542236328,10.06999969482422,10.710000038146973,42788100.0,63153.97003505612,0,7.809810141568846,63146.16022491455,5896,21.548762373562944,52000,RiskWatch,33.47969249605967,10.396,11.7465,13.8192,13.9808,10.6388,25.780000686645508,-0.5781,SOFI,0.2179,RiskWatch,0.7119,0.3427,36.89379243731245,157,490.5499877929688,0.0,0.0
2025-04-14,10.81999969482422,11.119999885559082,11.199999809265137,10.51099967956543,10.81999969482422,47271800.0,63802.52801082517,0,7.809810141568846,63794.7182006836,5896,22.795989250041902,52000,RiskWatch,34.955750671976446,10.588,11.6715,13.7278,13.9862,10.6545,25.780000686645508,-0.2033,SOFI,0.2467,RiskWatch,0.668,0.3626,38.76456016693539,157,495.4800109863281,0.0,0.0
2025-04-15,10.9399995803833,10.81999969482422,11.050000190734863,10.720000267028809,10.9399995803833,38606000.0,64510.04733608151,0,7.809810141568846,64502.23752593994,5896,24.156603337073314,52000,RiskWatch,37.74453269681879,10.876,11.621,13.6352,13.9907,10.6719,25.780000686645508,0.1664,SOFI,0.2532,RiskWatch,0.6588,0.3763,38.237099251233666,157,494.0899963378906,0.0,0.0
2025-04-16,10.65999984741211,10.720000267028809,10.899999618530272,10.40999984741211,10.65999984741211,39224300.0,62859.168910483364,0,7.809810141568846,62851.3591003418,5896,20.98183713399996,52000,RiskWatch,40.49382672442872,10.73,11.5175,13.5145,13.9913,10.6875,25.780000686645508,0.283,SOFI,0.233,RiskWatch,0.6934,0.3953,34.116122666935404,157,483.2300109863281,0.0,0.0
2025-04-17,10.979999542236328,10.68000030517578,11.045000076293944,10.59000015258789,10.979999542236328,46861000.0,64745.88711116696,0,7.809810141568846,64738.07730102539,5896,24.610141366083802,52000,Neutral,44.60966002395647,10.822,11.4345,13.4043,13.996,10.7041,25.780000686645508,0.5801,SOFI,0.2452,Neutral,0.6494,0.4331,34.37035725337862,157,483.8999938964844,0.0,0.0
2025-04-18,10.979999542236328,10.68000030517578,11.045000076293944,10.59000015258789,10.979999542236328,46861000.0,64745.88711116696,0,7.809810141568846,64738.07730102539,5896,24.610141366083802,52000,Neutral,44.60966002395647,10.822,11.4345,13.4043,13.996,10.7041,25.780000686645508,0.5801,SOFI,0.2452,Neutral,0.6494,0.4331,34.37035725337862,157,483.8999938964844,0.0,0.0
2025-04-19,10.979999542236328,10.68000030517578,11.045000076293944,10.59000015258789,10.979999542236328,46861000.0,64745.88711116696,0,7.809810141568846,64738.07730102539,5896,24.610141366083802,52000,Neutral,44.60966002395647,10.822,11.4345,13.4043,13.996,10.7041,25.780000686645508,0.5801,SOFI,0.2452,Neutral,0.6494,0.4331,34.37035725337862,157,483.8999938964844,0.0,0.0
2025-04-20,10.979999542236328,10.68000030517578,11.045000076293944,10.59000015258789,10.979999542236328,46861000.0,64745.88711116696,0,7.809810141568846,64738.07730102539,5896,24.610141366083802,52000,Neutral,44.60966002395647,10.822,11.4345,13.4043,13.996,10.7041,25.780000686645508,0.5801,SOFI,0.2452,Neutral,0.6494,0.4331,34.37035725337862,157,483.8999938964844,0.0,0.0
2025-04-21,10.6899995803833,10.93000030517578,11.149999618530272,10.489999771118164,10.6899995803833,54164900.0,63036.04733608151,0,7.809810141568846,63028.23752593994,5896,21.32198795245793,52000,RiskWatch,44.22604051265037,10.818,11.3255,13.282,13.994,10.7196,25.780000686645508,0.6217,SOFI,0.2091,RiskWatch,0.7003,0.4746,29.99513450230615,157,472.3699951171875,0.0,0.0
2025-04-22,11.270000457763672,10.869999885559082,11.43000030517578,10.80500030517578,11.270000457763672,52908900.0,66455.73250911618,0,7.809810141568846,66447.92269897461,5896,27.89830559290921,52000,RiskWatch,46.20853466142643,10.908,11.203,13.1712,13.9963,10.7367,25.780000686645508,1.0036,SOFI,0.2312,RiskWatch,0.656,0.4965,34.51835388336605,157,484.2900085449219,0.0,0.0
2025-04-23,11.739999771118164,12.020000457763672,12.350000381469728,11.640000343322754,11.739999771118164,56643400.0,69226.84846065426,0,7.809810141568846,69219.0386505127,5896,33.22737473048246,52000,Neutral,46.65099472946409,11.068,11.113,13.0988,14.0009,10.7562,25.780000686645508,1.5119,SOFI,0.2504,Neutral,0.62,0.4831,37.47058556301,157,492.0700073242188,0.0,0.0
2025-04-24,12.3100004196167,11.800000190734863,12.359999656677246,11.760000228881836,12.3100004196167,61837700.0,72587.57228420163,0,7.809810141568846,72579.76247406006,5896,39.69030516038124,52000,Neutral,61.26855675224596,11.398,11.075,13.0345,14.0162,10.7782,25.780000686645508,2.1205,SOFI,0.273,Neutral,0.5968,0.4707,41.39424488765595,157,502.4100036621094,0.0,0.0
2025-04-25,12.880000114440918,12.5,13.050000190734863,12.399999618530272,12.880000114440918,70647900.0,75948.29048488522,0,7.809810141568846,75940.48067474365,5896,46.153224777080446,52000,Neutral,73.9508028186256,11.778,11.109,12.9827,14.0301,10.8024,25.780000686645508,2.7441,SOFI,0.2876,Neutral,0.5743,0.4561,42.79825579660024,157,506.1099853515625,0.0,0.0
2025-04-26,12.880000114440918,12.5,13.050000190734863,12.399999618530272,12.880000114440918,70647900.0,75948.29048488522,0,7.809810141568846,75940.48067474365,5896,46.153224777080446,52000,Neutral,73.9508028186256,11.778,11.109,12.9827,14.0301,10.8024,25.780000686645508,2.7441,SOFI,0.2876,Neutral,0.5743,0.4561,42.79825579660024,157,506.1099853515625,0.0,0.0
2025-04-27,12.880000114440918,12.5,13.050000190734863,12.399999618530272,12.880000114440918,70647900.0,75948.29048488522,0,7.809810141568846,75940.48067474365,5896,46.153224777080446,52000,Neutral,73.9508028186256,11.778,11.109,12.9827,14.0301,10.8024,25.780000686645508,2.7441,SOFI,0.2876,Neutral,0.5743,0.4561,42.79825579660024,157,506.1099853515625,0.0,0.0
2025-04-28,13.199999809265137,13.239999771118164,13.380000114440918,12.770000457763672,13.199999809265137,95228400.0,77835.00868556881,0,7.809810141568846,77827.19887542725,5896,49.781529009164295,52000,Neutral,74.06340643738537,12.28,11.1765,12.9287,14.047,10.8285,25.780000686645508,3.1889,SOFI,0.2878,Neutral,0.5832,0.4479,42.915900379076156,157,506.4200134277344,0.0,0.0
2025-04-29,13.270000457763672,14.130000114440918,14.505000114440918,13.229999542236328,13.270000457763672,171099300.0,78247.73250911618,0,7.809810141568846,78239.92269897461,5896,50.57522866983229,52000,Neutral,78.345869729515,12.68,11.2585,12.8868,14.0656,10.8542,25.780000686645508,3.3521,SOFI,0.2995,Neutral,0.5724,0.4247,44.08084693516748,157,509.489990234375,0.0,0.0
2025-04-30,12.510000228881836,12.78499984741211,12.81999969482422,12.050000190734863,12.510000228881836,86413300.0,73766.77115962887,0,7.809810141568846,73758.9613494873,5896,41.957995305433634,52000,Neutral,60.14492741103833,12.834,11.2885,12.8387,14.0789,10.8752,25.780000686645508,2.8877,SOFI,0.2969,Neutral,0.5865,0.4172,44.175713006596034,157,509.739990234375,0.0,0.0
2025-05-01,12.510000228881836,12.84000015258789,12.920000076293944,12.460000038146973,12.510000228881836,70285300.0,74765.77035961056,0,6.0089918127115425,74759.76136779785,5976,41.166311243003264,53000,"cash_0%_Buy 100% of cash (80 shares - DCA Strategy) Monthly invest 1.9% of total investment ($1,000.00)",71.3978487566752,12.874,11.2985,12.7923,14.088,10.897,25.780000686645508,2.4582,SOFI,0.294,Neutral,0.5757,0.3908,44.704721900240195,159,513.3499755859375,0.0,0.0
2025-05-02,12.699999809265137,12.6850004196167,12.93000030517578,12.579999923706056,12.699999809265137,50789300.0,75901.20785198116,0,6.0089918127115425,75895.19886016846,5976,43.30864613426856,53000,Neutral,71.3978487566752,12.838,11.4015,12.7458,14.0954,10.9202,25.780000686645508,2.167,SOFI,0.3078,Neutral,0.5385,0.3721,47.48590757026579,159,520.7100219726562,0.0,0.0
2025-05-03,12.699999809265137,12.6850004196167,12.93000030517578,12.579999923706056,12.699999809265137,50789300.0,75901.20785198116,0,6.0089918127115425,75895.19886016846,5976,43.30864613426856,53000,Neutral,71.3978487566752,12.838,11.4015,12.7458,14.0954,10.9202,25.780000686645508,2.167,SOFI,0.3078,Neutral,0.5385,0.3721,47.48590757026579,159,520.7100219726562,0.0,0.0
2025-05-04,12.699999809265137,12.6850004196167,12.93000030517578,12.579999923706056,12.699999809265137,50789300.0,75901.20785198116,0,6.0089918127115425,75895.19886016846,5976,43.30864613426856,53000,Neutral,71.3978487566752,12.838,11.4015,12.7458,14.0954,10.9202,25.780000686645508,2.167,SOFI,0.3078,Neutral,0.5385,0.3721,47.48590757026579,159,520.7100219726562,0.0,0.0
2025-05-05,12.859999656677246,12.479999542236328,13.050000190734863,12.43000030517578,12.859999656677246,51937900.0,76857.36694011593,0,6.0089918127115425,76851.35794830322,5976,45.11271988546623,53000,Neutral,71.70212813446888,12.77,11.566,12.7135,14.1034,10.9435,25.780000686645508,1.9558,SOFI,0.2971,Neutral,0.5504,0.3653,46.45807256827808,159,517.989990234375,0.0,0.0
2025-05-06,12.729999542236328,12.56999969482422,12.829999923706056,12.4350004196167,12.729999542236328,40465200.0,76080.486256217,0,6.0089918127115425,76074.4772644043,5976,43.646907274336165,53000,Neutral,69.00212258339234,12.662,11.7095,12.6772,14.1011,10.9666,25.780000686645508,1.6507,SOFI,0.2924,Neutral,0.57,0.3752,44.79164908799947,159,513.5800170898438,0.0,0.0
2025-05-07,13.010000228881836,12.699999809265137,13.279999732971191,12.5600004196167,13.010000228881836,51029800.0,77753.77035961056,0,6.0089918127115425,77747.76136779785,5976,46.80404709205986,53000,Neutral,74.9469202400424,12.762,11.885,12.6418,14.0919,10.9913,25.780000686645508,1.5109,SOFI,0.3066,Neutral,0.5558,0.3799,45.66832442201841,159,515.9000244140625,0.0,0.0
2025-05-08,13.260000228881836,13.319000244140623,13.470000267028809,13.100000381469728,13.260000228881836,52579800.0,79247.77035961056,0,6.0089918127115425,79241.76136779785,5976,49.622915016588166,53000,Neutral,74.56896604879276,12.912,11.9785,12.6157,14.0872,11.0173,25.780000686645508,1.4605,SOFI,0.3055,Neutral,0.5289,0.3959,46.968219149877235,159,519.3400268554688,0.0,0.0
2025-05-09,13.18000030517578,13.300000190734863,13.46500015258789,12.869999885559082,13.18000030517578,53262000.0,78769.69081554316,0,6.0089918127115425,78763.68182373045,5976,48.7208781409893,53000,Neutral,78.10383766616368,13.008,12.1115,12.5892,14.0846,11.0437,25.780000686645508,1.2969,SOFI,0.3078,Neutral,0.5212,0.4239,46.7074837140538,159,518.6500244140625,0.0,0.0
2025-05-10,13.18000030517578,13.300000190734863,13.46500015258789,12.869999885559082,13.18000030517578,53262000.0,78769.69081554316,0,6.0089918127115425,78763.68182373045,5976,48.7208781409893,53000,Neutral,78.10383766616368,13.008,12.1115,12.5892,14.0846,11.0437,25.780000686645508,1.2969,SOFI,0.3078,Neutral,0.5212,0.4239,46.7074837140538,159,518.6500244140625,0.0,0.0
2025-05-11,13.18000030517578,13.300000190734863,13.46500015258789,12.869999885559082,13.18000030517578,53262000.0,78769.69081554316,0,6.0089918127115425,78763.68182373045,5976,48.7208781409893,53000,Neutral,78.10383766616368,13.008,12.1115,12.5892,14.0846,11.0437,25.780000686645508,1.2969,SOFI,0.3078,Neutral,0.5212,0.4239,46.7074837140538,159,518.6500244140625,0.0,0.0
2025-05-12,14.039999961853027,14.039999961853027,14.199999809265137,13.68000030517578,14.039999961853027,74278200.0,83909.0487638464,0,6.0089918127115425,83903.03977203369,5976,58.4177799302407,53000,Neutral,79.40551466724762,13.244,12.278,12.57,14.0899,11.0734,25.780000686645508,1.5381,SOFI,0.3468,Neutral,0.4566,0.4402,53.23338838470162,159,535.9199829101562,0.0,0.0
2025-05-13,14.289999961853027,14.239999771118164,14.460000038146973,14.050000190734863,14.289999961853027,70382900.0,85403.0487638464,0,6.0089918127115425,85397.03977203369,5976,61.236647854769,53000,Neutral,78.39643406575081,13.556,12.4515,12.538,14.0954,11.1042,25.780000686645508,1.702,SOFI,0.3478,Neutral,0.4497,0.4682,54.56351965889963,159,539.4400024414062,0.0,0.0
2025-05-14,14.029999732971191,14.4399995803833,14.779999732971191,13.9399995803833,14.029999732971191,77903700.0,83849.28739604854,0,6.0089918127115425,83843.27840423584,5976,58.30502263250889,53000,Neutral,70.57415296387353,13.76,12.606,12.4913,14.0962,11.1342,25.780000686645508,1.557,SOFI,0.3372,Neutral,0.4539,0.4823,54.816690192206444,159,540.1099853515625,0.0,0.0
2025-05-15,13.56999969482422,13.90999984741211,13.949999809265137,13.329999923706056,13.56999969482422,66129800.0,81100.32716808225,0,6.0089918127115425,81094.31817626955,5976,53.118305221251724,53000,Neutral,58.47665197102425,13.822,12.7515,12.4478,14.0892,11.1619,25.780000686645508,1.1332,SOFI,0.3469,Neutral,0.4494,0.48,55.81807109911325,159,542.760009765625,0.0,0.0
2025-05-16,13.920000076293944,13.699999809265137,13.970000267028809,13.5600004196167,13.920000076293944,58250800.0,83191.92944774531,0,6.0089918127115425,83185.9204559326,5976,57.06472461684241,53000,Neutral,58.78048820200581,13.97,12.8985,12.4205,14.0829,11.1912,25.780000686645508,0.9466,SOFI,0.3544,Neutral,0.4392,0.4721,57.14063747079468,159,546.260009765625,0.0,0.0
2025-05-17,13.920000076293944,13.699999809265137,13.970000267028809,13.5600004196167,13.920000076293944,58250800.0,83191.92944774531,0,6.0089918127115425,83185.9204559326,5976,57.06472461684241,53000,Neutral,58.78048820200581,13.97,12.8985,12.4205,14.0829,11.1912,25.780000686645508,0.9466,SOFI,0.3544,Neutral,0.4392,0.4721,57.14063747079468,159,546.260009765625,0.0,0.0
2025-05-18,13.920000076293944,13.699999809265137,13.970000267028809,13.5600004196167,13.920000076293944,58250800.0,83191.92944774531,0,6.0089918127115425,83185.9204559326,5976,57.06472461684241,53000,Neutral,58.78048820200581,13.97,12.8985,12.4205,14.0829,11.1912,25.780000686645508,0.9466,SOFI,0.3544,Neutral,0.4392,0.4721,57.14063747079468,159,546.260009765625,0.0,0.0
2025-05-19,13.729999542236328,13.395000457763672,13.859999656677246,13.359999656677246,13.729999542236328,57180000.0,82056.486256217,0,6.0089918127115425,82050.4772644043,5976,54.92237897244937,53000,Neutral,55.45022454277884,13.908,13.0505,12.4048,14.0722,11.2202,25.780000686645508,0.657,SOFI,0.344,Neutral,0.4518,0.4766,57.352247167714616,159,546.8200073242188,0.0,0.0
2025-05-20,13.270000457763672,13.65999984741211,13.65999984741211,13.225000381469728,13.270000457763672,54429600.0,79307.53172740841,0,6.0089918127115425,79301.5227355957,5976,49.735672314319956,53000,Neutral,59.6938802817621,13.704,13.1505,12.3867,14.0528,11.2475,25.780000686645508,0.1901,SOFI,0.3414,Neutral,0.4508,0.4745,56.61916659914781,159,544.8800048828125,0.0,0.0
2025-05-21,12.800000190734863,13.079999923706056,13.31999969482422,12.739999771118164,12.800000190734863,71853700.0,76498.81013164425,0,6.0089918127115425,76492.80113983154,5976,44.43619760533098,53000,Neutral,53.30296058284051,13.458,13.2035,12.368,14.0287,11.272,25.780000686645508,-0.3685,SOFI,0.3008,Neutral,0.484,0.4741,53.1767208070087,159,535.77001953125,0.0,0.0
2025-05-22,13.1899995803833,12.800000190734863,13.279999732971191,12.779999732971191,13.1899995803833,56734700.0,78829.44648418331,0,6.0089918127115425,78823.4374923706,5976,48.83362468559334,53000,Neutral,55.3376879610984,13.382,13.2475,12.3467,14.0095,11.2975,25.780000686645508,-0.5427,SOFI,0.3056,Neutral,0.4807,0.4736,53.27118983355741,159,536.02001953125,0.0,0.0
2025-05-23,13.09000015258789,12.800000190734863,13.210000038146973,12.744999885559082,13.09000015258789,44155300.0,78231.84990367794,0,6.0089918127115425,78225.84091186523,5976,47.706083967658685,53000,Neutral,52.5386369698502,13.216,13.258,12.3303,13.9842,11.3229,25.780000686645508,-0.7009,SOFI,0.2935,Neutral,0.5147,0.4843,51.90328017423081,159,532.4000244140625,0.0,0.0
2025-05-24,13.09000015258789,12.800000190734863,13.210000038146973,12.744999885559082,13.09000015258789,44155300.0,78231.84990367794,0,6.0089918127115425,78225.84091186523,5976,47.706083967658685,53000,Neutral,52.5386369698502,13.216,13.258,12.3303,13.9842,11.3229,25.780000686645508,-0.7009,SOFI,0.2935,Neutral,0.5147,0.4843,51.90328017423081,159,532.4000244140625,0.0,0.0
2025-05-25,13.09000015258789,12.800000190734863,13.210000038146973,12.744999885559082,13.09000015258789,44155300.0,78231.84990367794,0,6.0089918127115425,78225.84091186523,5976,47.706083967658685,53000,Neutral,52.5386369698502,13.216,13.258,12.3303,13.9842,11.3229,25.780000686645508,-0.7009,SOFI,0.2935,Neutral,0.5147,0.4843,51.90328017423081,159,532.4000244140625,0.0,0.0
2025-05-26,13.09000015258789,12.800000190734863,13.210000038146973,12.744999885559082,13.09000015258789,44155300.0,78231.84990367794,0,6.0089918127115425,78225.84091186523,5976,47.706083967658685,53000,Neutral,52.5386369698502,13.216,13.258,12.3303,13.9842,11.3229,25.780000686645508,-0.7009,SOFI,0.2935,Neutral,0.5147,0.4843,51.90328017423081,159,532.4000244140625,0.0,0.0
2025-05-27,13.390000343322754,13.40999984741211,13.479999542236328,13.090999603271484,13.390000343322754,46060200.0,80024.65104350948,0,6.0089918127115425,80018.64205169678,5976,51.0887276277182,53000,Neutral,57.02128540287772,13.148,13.2675,12.3123,13.9591,11.3494,25.780000686645508,-0.6465,SOFI,0.3243,Neutral,0.4645,0.4736,56.037245698549775,159,543.3400268554688,0.0,0.0
2025-05-28,13.31999969482422,13.390000343322754,13.43000030517578,13.130000114440918,13.31999969482422,56645000.0,79606.32716808225,0,6.0089918127115425,79600.31817626955,5976,50.299437296723426,53000,Neutral,53.45211004170257,13.158,13.27,12.3082,13.9375,11.3757,25.780000686645508,-0.6388,SOFI,0.3179,Neutral,0.4678,0.4737,54.86581593110993,159,540.239990234375,0.0,0.0
2025-05-29,13.170000076293944,13.5,13.600000381469728,13.06999969482422,13.170000076293944,50198700.0,78709.92944774531,0,6.0089918127115425,78703.9204559326,5976,48.60812084325751,53000,Neutral,48.97494117197247,13.232,13.303,12.3095,13.9149,11.4011,25.780000686645508,-0.6976,SOFI,0.327,Neutral,0.469,0.4712,55.65180468983851,159,542.3200073242188,0.0,0.0
2025-05-30,13.300000190734863,13.06999969482422,13.31999969482422,12.859999656677246,13.300000190734863,60735700.0,79486.81013164425,0,6.0089918127115425,79480.80113983154,5976,50.073933454387586,53000,Neutral,51.35135019031605,13.254,13.3425,12.3073,13.8897,11.4282,25.780000686645508,-0.6586,SOFI,0.3312,Neutral,0.4645,0.4566,55.44019499291857,159,541.760009765625,0.0,0.0
2025-05-31,13.300000190734863,13.06999969482422,13.31999969482422,12.859999656677246,13.300000190734863,60735700.0,79486.81013164425,0,6.0089918127115425,79480.80113983154,5976,50.073933454387586,53000,Neutral,51.35135019031605,13.254,13.3425,12.3073,13.8897,11.4282,25.780000686645508,-0.6586,SOFI,0.3312,Neutral,0.4645,0.4566,55.44019499291857,159,541.760009765625,0.0,0.0
2025-06-01,13.300000190734863,13.06999969482422,13.31999969482422,12.859999656677246,13.300000190734863,60735700.0,80485.81263162995,0,7.51147749329175,80478.30115413666,6051,49.146621168140115,54000,"cash_0%_Buy 100% of cash (75 shares - DCA Strategy) Monthly invest 1.9% of total investment ($1,000.00)",51.35135019031605,13.254,13.3425,12.3073,13.8897,11.4282,25.780000686645508,-0.6586,SOFI,0.3312,Neutral,0.4645,0.4566,54.51987449771878,161,541.760009765625,0.0,0.0
2025-06-02,13.670000076293944,13.279999732971191,13.6899995803833,13.09000015258789,13.670000076293944,53500300.0,82724.68193914794,0,7.51147749329175,82717.17046165465,6051,53.29267544132158,54000,Neutral,45.316456918666034,13.37,13.391,12.3277,13.8732,11.4582,25.780000686645508,-0.4439,SOFI,0.3297,Neutral,0.4572,0.466,55.70525545346509,161,544.9099731445312,0.0,0.0
2025-06-03,13.65999984741211,13.710000038146973,13.824999809265137,13.489999771118164,13.65999984741211,54104400.0,82664.17055418396,0,7.51147749329175,82656.65907669067,6051,53.18061732101792,54000,Neutral,41.509432507235445,13.424,13.431,12.3455,13.8536,11.4882,25.780000686645508,-0.3127,SOFI,0.3379,Neutral,0.445,0.4917,56.86808134907569,161,548.0,0.0,0.0
2025-06-04,13.460000038146973,13.670000076293944,13.689000129699709,13.229999542236328,13.460000038146973,54412400.0,81453.97170832062,0,7.51147749329175,81446.46023082733,6051,50.93950834719693,54000,Neutral,42.19178418635372,13.452,13.4675,12.3835,13.836,11.5176,25.780000686645508,-0.3303,SOFI,0.349,Neutral,0.4515,0.5118,56.736380010157085,161,547.6500244140625,0.0,0.0
2025-06-05,13.670000076293944,13.479999542236328,14.31999969482422,13.460000038146973,13.670000076293944,70633900.0,82724.68193914794,0,7.51147749329175,82717.17046165465,6051,53.29267544132158,54000,Neutral,51.4705940101392,13.552,13.5005,12.4237,13.8225,11.5482,25.780000686645508,-0.2436,SOFI,0.3382,Neutral,0.4595,0.5318,55.77301250784419,161,545.0900268554688,0.0,0.0
2025-06-06,14.239999771118164,14.0,14.489999771118164,13.93000030517578,14.239999771118164,63286700.0,86173.7500925293,0,7.51147749329175,86166.23861503601,6051,59.679838688324104,54000,Neutral,54.41988659175669,13.74,13.5495,12.4623,13.8083,11.5812,25.780000686645508,0.0735,SOFI,0.3434,Neutral,0.4252,0.5582,57.869071242938766,161,550.6599731445312,0.0,0.0
2025-06-07,14.239999771118164,14.0,14.489999771118164,13.93000030517578,14.239999771118164,63286700.0,86173.7500925293,0,7.51147749329175,86166.23861503601,6051,59.679838688324104,54000,Neutral,54.41988659175669,13.74,13.5495,12.4623,13.8083,11.5812,25.780000686645508,0.0735,SOFI,0.3434,Neutral,0.4252,0.5582,57.869071242938766,161,550.6599731445312,0.0,0.0
2025-06-08,14.239999771118164,14.0,14.489999771118164,13.93000030517578,14.239999771118164,63286700.0,86173.7500925293,0,7.51147749329175,86166.23861503601,6051,59.679838688324104,54000,Neutral,54.41988659175669,13.74,13.5495,12.4623,13.8083,11.5812,25.780000686645508,0.0735,SOFI,0.3434,Neutral,0.4252,0.5582,57.869071242938766,161,550.6599731445312,0.0,0.0
2025-06-09,14.100000381469728,14.385000228881836,14.43000030517578,13.970000267028809,14.100000381469728,62639300.0,85326.61378576662,0,7.51147749329175,85319.10230827333,6051,58.1110677498747,54000,Neutral,55.1820877947243,13.826,13.5955,12.5075,13.7933,11.6127,25.780000686645508,0.1802,SOFI,0.3413,Neutral,0.4339,0.572,58.091107664865156,161,551.25,0.0,0.0
2025-06-10,14.390000343322754,14.170000076293944,14.479999542236328,13.960000038146973,14.390000343322754,57460300.0,87081.40355493927,0,7.51147749329175,87073.89207744598,6051,61.36067843352776,54000,Neutral,66.47059302016714,13.972,13.613,12.5458,13.7778,11.6458,25.780000686645508,0.3513,SOFI,0.3445,Neutral,0.432,0.575,59.272744756250866,161,554.3900146484375,0.0,0.0
2025-06-11,15.0600004196167,14.520000457763672,15.170000076293944,14.489999771118164,15.0600004196167,79569800.0,91135.57401659394,0,7.51147749329175,91128.06253910065,6051,68.86840151066605,54000,Neutral,81.38890537215569,14.292,13.6515,12.5915,13.7627,11.6816,25.780000686645508,0.7243,SOFI,0.347,Neutral,0.4401,0.6114,58.69697057347947,161,552.8599853515625,0.0,0.0
2025-06-12,14.899999618530272,14.869999885559082,15.199999809265137,14.65999984741211,14.899999618530272,78524700.0,90167.40916921996,0,7.51147749329175,90159.89769172667,6051,67.07550364515866,54000,Neutral,75.3709213088487,14.538,13.695,12.6407,13.748,11.7165,25.780000686645508,0.817,SOFI,0.3465,Neutral,0.4565,0.6446,59.4834806796164,161,554.9500122070312,0.0,0.0
2025-06-13,14.09000015258789,14.390000343322754,14.710000038146973,13.970000267028809,14.09000015258789,76753100.0,85266.10240080261,0,7.51147749329175,85258.59092330933,6051,57.999009629571,54000,Neutral,62.25490218994482,14.508,13.721,12.6633,13.7384,11.7476,25.780000686645508,0.4379,SOFI,0.3153,Neutral,0.4913,0.6964,57.15785185688819,161,548.77001953125,0.0,0.0
2025-06-14,14.09000015258789,14.390000343322754,14.710000038146973,13.970000267028809,14.09000015258789,76753100.0,85266.10240080261,0,7.51147749329175,85258.59092330933,6051,57.999009629571,54000,Neutral,62.25490218994482,14.508,13.721,12.6633,13.7384,11.7476,25.780000686645508,0.4379,SOFI,0.3153,Neutral,0.4913,0.6964,57.15785185688819,161,548.77001953125,0.0,0.0
2025-06-15,14.09000015258789,14.390000343322754,14.710000038146973,13.970000267028809,14.09000015258789,76753100.0,85266.10240080261,0,7.51147749329175,85258.59092330933,6051,57.999009629571,54000,Neutral,62.25490218994482,14.508,13.721,12.6633,13.7384,11.7476,25.780000686645508,0.4379,SOFI,0.3153,Neutral,0.4913,0.6964,57.15785185688819,161,548.77001953125,0.0,0.0
2025-06-16,14.899999618530272,14.300000190734863,14.93000030517578,14.279999732971191,14.899999618530272,65414100.0,90167.40916921996,0,7.51147749329175,90159.89769172667,6051,67.07550364515866,54000,GeoWatch,66.44879671836247,14.668,13.77,12.701,13.7373,11.7829,25.780000686645508,0.5181,SOFI,0.3293,GeoWatch,0.4627,0.7238,59.152320947400106,161,554.0700073242188,0.0,0.0
2025-06-17,14.43000030517578,14.81999969482422,14.9399995803833,14.229999542236328,14.43000030517578,72249500.0,87323.44332411193,0,7.51147749329175,87315.93184661864,6051,61.80890022829194,54000,GeoWatch,61.122255366188135,14.676,13.805,12.727,13.7297,11.8162,25.780000686645508,0.3013,SOFI,0.3071,GeoWatch,0.5024,0.7604,57.37609847746794,161,549.3499755859375,0.0,0.0
2025-06-18,15.359999656677246,14.380000114440918,15.420000076293944,14.359999656677246,15.359999656677246,84597000.0,92950.8694000473,0,7.51147749329175,92943.35792255402,6051,72.23005962817228,54000,GeoWatch,68.97747393881379,14.736,13.9095,12.7543,13.7274,11.853,25.780000686645508,0.5364,SOFI,0.3201,GeoWatch,0.4812,0.7918,57.33470925306417,161,549.239990234375,0.0,0.0
2025-06-19,15.359999656677246,14.380000114440918,15.420000076293944,14.359999656677246,15.359999656677246,84597000.0,92950.8694000473,0,7.51147749329175,92943.35792255402,6051,72.23005962817228,54000,GeoWatch,68.97747393881379,14.736,13.9095,12.7543,13.7274,11.853,25.780000686645508,0.5364,SOFI,0.3201,GeoWatch,0.4812,0.7918,57.33470925306417,161,549.239990234375,0.0,0.0
2025-06-20,15.199999809265137,15.5649995803833,15.640000343322754,15.0,15.199999809265137,87552800.0,91982.71032335663,0,7.51147749329175,91975.19884586334,6051,70.43717244911547,54000,GeoWatch,66.3793145972418,14.796,14.0295,12.782,13.7206,11.8894,25.780000686645508,0.5509,SOFI,0.3122,GeoWatch,0.4865,0.8083,56.7627019031464,161,547.719970703125,0.0,0.0
2025-06-21,15.199999809265137,15.5649995803833,15.640000343322754,15.0,15.199999809265137,87552800.0,91982.71032335663,0,7.51147749329175,91975.19884586334,6051,70.43717244911547,54000,GeoWatch,66.3793145972418,14.796,14.0295,12.782,13.7206,11.8894,25.780000686645508,0.5509,SOFI,0.3122,GeoWatch,0.4865,0.8083,56.7627019031464,161,547.719970703125,0.0,0.0
2025-06-22,15.199999809265137,15.5649995803833,15.640000343322754,15.0,15.199999809265137,87552800.0,91982.71032335663,0,7.51147749329175,91975.19884586334,6051,70.43717244911547,54000,GeoWatch,66.3793145972418,14.796,14.0295,12.782,13.7206,11.8894,25.780000686645508,0.5509,SOFI,0.3122,GeoWatch,0.4865,0.8083,56.7627019031464,161,547.719970703125,0.0,0.0
2025-06-23,15.359999656677246,15.020000457763672,15.449999809265137,14.640000343322754,15.359999656677246,60990900.0,92950.8694000473,0,7.51147749329175,92943.35792255402,6051,72.23005962817228,54000,GeoWatch,65.11628264054295,15.05,14.138,12.8202,13.7102,11.9269,25.780000686645508,0.568,SOFI,0.3202,GeoWatch,0.4759,0.7581,58.8851284682163,161,553.3599853515625,0.0,0.0
2025-06-24,15.850000381469728,15.734999656677246,15.949999809265137,15.510000228881836,15.850000381469728,64207300.0,95915.86378576662,0,7.51147749329175,95908.35230827333,6051,77.72078997209692,54000,Neutral,68.03954968959226,15.24,14.276,12.881,13.7092,11.9664,25.780000686645508,0.7258,SOFI,0.3526,Neutral,0.4434,0.6643,61.17313489939435,161,559.4400024414062,0.0,0.0
2025-06-25,16.079999923706055,16.020000457763672,16.28499984741211,15.90999984741211,16.079999923706055,68438900.0,97307.59101583863,0,7.51147749329175,97300.07953834534,6051,80.29806262037842,54000,Neutral,71.47541762744183,15.57,14.4105,12.9515,13.7129,12.006,25.780000686645508,0.8448,SOFI,0.3621,Neutral,0.433,0.5936,61.27849137683061,161,559.719970703125,0.0,0.0
2025-06-26,16.770000457763672,16.25,16.809999465942383,16.059999465942383,16.770000457763672,73896800.0,101482.78424742127,0,7.51147749329175,101475.27276992798,6051,88.02990193812406,54000,Neutral,73.55624100313815,15.852,14.583,13.0372,13.7243,12.0477,25.780000686645508,1.1221,SOFI,0.3752,Neutral,0.4334,0.5403,62.945590536472885,161,564.1500244140625,0.0,0.0
2025-06-27,17.18000030517578,16.920000076293945,17.520000457763672,16.84000015258789,17.18000030517578,92297000.0,103963.69332411194,0,7.51147749329175,103956.18184661865,6051,92.62417800606974,54000,Neutral,72.89720695154503,16.248,14.7835,13.125,13.7498,12.0902,25.780000686645508,1.3543,SOFI,0.3719,Neutral,0.4273,0.4934,63.99927015330061,161,566.9500122070312,0.0,0.0
2025-06-28,17.18000030517578,16.920000076293945,17.520000457763672,16.84000015258789,17.18000030517578,92297000.0,103963.69332411194,0,7.51147749329175,103956.18184661865,6051,92.62417800606974,54000,Neutral,72.89720695154503,16.248,14.7835,13.125,13.7498,12.0902,25.780000686645508,1.3543,SOFI,0.3719,Neutral,0.4273,0.4934,63.99927015330061,161,566.9500122070312,0.0,0.0
2025-06-29,17.18000030517578,16.920000076293945,17.520000457763672,16.84000015258789,17.18000030517578,92297000.0,103963.69332411194,0,7.51147749329175,103956.18184661865,6051,92.62417800606974,54000,Neutral,72.89720695154503,16.248,14.7835,13.125,13.7498,12.0902,25.780000686645508,1.3543,SOFI,0.3719,Neutral,0.4273,0.4934,63.99927015330061,161,566.9500122070312,0.0,0.0
2025-06-30,18.209999084472656,17.729999542236328,18.920000076293945,17.59000015258789,18.209999084472656,149080200.0,110196.21593763733,0,7.51147749329175,110188.70446014404,6051,104.1658865496353,54000,Neutral,78.11217562016247,16.818,15.029,13.2233,13.7778,12.1355,25.780000686645508,1.7858,SOFI,0.3778,Neutral,0.4336,0.4757,65.06236868974182,161,568.030029296875,1.745,0.0
2025-07-01,17.639999389648438,18.0,18.47599983215332,17.350000381469727,17.639999389648438,93556500.0,107746.14230429077,0,1.0260323181208832,107745.11627197266,6108,96.00089691534734,55000,"cash_0%_Buy 100% of cash (57 shares - DCA Strategy) Monthly invest 1.8% of total investment ($1,000.00)",71.40975102809017,17.176,15.2275,13.34,13.7974,12.1767,25.780000686645508,1.6663,SOFI,0.391,Neutral,0.4339,0.4885,63.9688460106217,164,567.77001953125,0.0,0.0
2025-07-02,18.1200008392334,17.524999618530273,18.290000915527344,17.520000457763672,18.1200008392334,67100700.0,110677.99115835571,0,1.0260323181208832,110676.9651260376,6108,101.33153119546543,55000,Neutral,70.67568224133093,17.584,15.4505,13.4825,13.8242,12.2196,25.780000686645508,1.6287,SOFI,0.3937,Neutral,0.4275,0.515,64.91547389784992,164,570.2899780273438,0.0,0.0
2025-07-03,18.56999969482422,18.309999465942383,18.63999938964844,18.07999992370605,18.56999969482422,44667700.0,113426.58416830444,0,1.0260323181208832,113425.55813598633,6108,106.32897303173584,55000,Neutral,73.86216932352096,17.944,15.706,13.6277,13.8577,12.2656,25.780000686645508,1.6226,SOFI,0.3914,Neutral,0.4185,0.5294,66.76743636388252,164,575.219970703125,0.0,0.0
2025-07-04,18.56999969482422,18.309999465942383,18.63999938964844,18.07999992370605,18.56999969482422,44667700.0,113426.58416830444,0,1.0260323181208832,113425.55813598633,6108,106.32897303173584,55000,Neutral,73.86216932352096,17.944,15.706,13.6277,13.8577,12.2656,25.780000686645508,1.6226,SOFI,0.3914,Neutral,0.4185,0.5294,66.76743636388252,164,575.219970703125,0.0,0.0
2025-07-05,18.56999969482422,18.309999465942383,18.63999938964844,18.07999992370605,18.56999969482422,44667700.0,113426.58416830444,0,1.0260323181208832,113425.55813598633,6108,106.32897303173584,55000,Neutral,73.86216932352096,17.944,15.706,13.6277,13.8577,12.2656,25.780000686645508,1.6226,SOFI,0.3914,Neutral,0.4185,0.5294,66.76743636388252,164,575.219970703125,0.0,0.0
2025-07-06,18.56999969482422,18.309999465942383,18.63999938964844,18.07999992370605,18.56999969482422,44667700.0,113426.58416830444,0,1.0260323181208832,113425.55813598633,6108,106.32897303173584,55000,Neutral,73.86216932352096,17.944,15.706,13.6277,13.8577,12.2656,25.780000686645508,1.6226,SOFI,0.3914,Neutral,0.4185,0.5294,66.76743636388252,164,575.219970703125,0.0,0.0
2025-07-07,19.239999771118164,18.5,19.290000915527344,18.39999961853028,19.239999771118164,80137800.0,117518.94463430786,0,1.0260323181208832,117517.91860198975,6108,113.76962842446933,55000,Neutral,84.10596980122894,18.356,15.9845,13.79,13.9001,12.3146,25.780000686645508,1.709,SOFI,0.3745,Neutral,0.4382,0.5618,65.03568534486078,164,570.6099853515625,0.0,0.0
2025-07-08,19.950000762939453,19.799999237060547,20.88999938964844,19.65999984741211,19.950000762939453,111492400.0,121855.6306923523,0,1.0260323181208832,121854.60466003418,6108,121.65451216636828,55000,Neutral,83.89263033657669,18.704,16.27,13.9327,13.9491,12.3663,25.780000686645508,1.8481,SOFI,0.37,Neutral,0.4258,0.5747,64.8929356845347,164,570.22998046875,0.0,0.0
2025-07-09,20.21999931335449,20.170000076293945,20.25,19.6200008392334,20.21999931335449,64252100.0,123504.78183828734,0,1.0260323181208832,123503.75580596922,6108,124.65296879534111,55000,Neutral,89.93103814777194,19.22,16.576,14.0943,13.9967,12.4196,25.780000686645508,1.8411,SOFI,0.3929,Neutral,0.4184,0.5778,66.16264186659996,164,573.6099853515625,0.0,0.0
2025-07-10,20.96999931335449,20.38999938964844,21.31999969482422,20.239999771118164,20.96999931335449,86494100.0,128085.78183828734,0,1.0260323181208832,128084.75580596922,6108,132.982059704432,55000,Neutral,89.67468639014783,19.79,16.905,14.2653,14.0422,12.4774,25.780000686645508,1.9056,SOFI,0.4053,Neutral,0.4149,0.5691,66.79373476741517,164,575.2899780273438,0.0,0.0
2025-07-11,21.200000762939453,20.770000457763672,21.86000061035156,20.75,21.200000762939453,92365600.0,129490.6306923523,0,1.0260323181208832,129489.60466003418,6108,135.53633034818648,55000,Neutral,92.01681138072666,20.316,17.212,14.4383,14.0831,12.5355,25.780000686645508,1.8198,SOFI,0.4078,Neutral,0.4208,0.5849,66.01613201605645,164,573.219970703125,0.0,0.0
2025-07-12,21.200000762939453,20.770000457763672,21.86000061035156,20.75,21.200000762939453,92365600.0,129490.6306923523,0,1.0260323181208832,129489.60466003418,6108,135.53633034818648,55000,Neutral,92.01681138072666,20.316,17.212,14.4383,14.0831,12.5355,25.780000686645508,1.8198,SOFI,0.4078,Neutral,0.4208,0.5849,66.01613201605645,164,573.219970703125,0.0,0.0
2025-07-13,21.200000762939453,20.770000457763672,21.86000061035156,20.75,21.200000762939453,92365600.0,129490.6306923523,0,1.0260323181208832,129489.60466003418,6108,135.53633034818648,55000,Neutral,92.01681138072666,20.316,17.212,14.4383,14.0831,12.5355,25.780000686645508,1.8198,SOFI,0.4078,Neutral,0.4208,0.5849,66.01613201605645,164,573.219970703125,0.0,0.0
2025-07-14,21.32999992370605,21.3700008392334,21.440000534057617,20.420000076293945,21.32999992370605,67028200.0,130284.66556631468,0,1.0260323181208832,130283.63953399657,6108,136.98003011902716,55000,Neutral,91.98312626796104,20.734,17.5335,14.6115,14.1233,12.5935,25.780000686645508,1.6101,SOFI,0.396,Neutral,0.4307,0.5794,66.44062080681732,164,574.3499755859375,0.0,0.0
2025-07-15,20.959999084472656,21.2450008392334,21.600000381469727,20.86000061035156,20.959999084472656,61495400.0,128024.7004402771,0,1.0260323181208832,128023.67440795898,6108,132.87100261714068,55000,Neutral,86.55220937285887,20.936,17.877,14.7832,14.1488,12.6502,25.780000686645508,1.1716,SOFI,0.3912,Neutral,0.4298,0.5684,65.50525056225209,164,571.8599853515625,0.0,0.0
2025-07-16,21.38999938964844,20.96999931335449,21.59000015258789,20.770000457763672,21.38999938964844,59992000.0,130651.14230429078,0,1.0260323181208832,130650.11627197267,6108,137.64635146080192,55000,Neutral,86.9262800523447,21.17,18.2015,14.9567,14.1805,12.7085,25.780000686645508,0.8789,SOFI,0.3833,Neutral,0.4303,0.561,66.21147848344773,164,573.739990234375,0.0,0.0
2025-07-17,22.09000015258789,21.5,22.200000762939453,21.420000076293945,22.09000015258789,49837600.0,134926.74696432496,0,1.0260323181208832,134925.72093200684,6108,145.42017811540953,55000,Neutral,86.94443841039467,21.394,18.5845,15.1467,14.2143,12.7691,25.780000686645508,0.7725,SOFI,0.3896,Neutral,0.4178,0.5692,67.5037228788282,164,577.1799926757812,0.0,0.0
2025-07-18,21.809999465942383,22.30500030517578,22.739999771118164,21.350000381469727,21.809999465942383,59729100.0,133216.5027702942,0,1.0260323181208832,133215.47673797607,6108,142.3106432171718,55000,Neutral,82.74397532911202,21.516,18.907,15.3223,14.2467,12.8301,25.780000686645508,0.4732,SOFI,0.3925,Neutral,0.4187,0.5662,67.40604964513255,164,576.9199829101562,0.0,0.0
2025-07-19,21.809999465942383,22.30500030517578,22.739999771118164,21.350000381469727,21.809999465942383,59729100.0,133216.5027702942,0,1.0260323181208832,133215.47673797607,6108,142.3106432171718,55000,Neutral,82.74397532911202,21.516,18.907,15.3223,14.2467,12.8301,25.780000686645508,0.4732,SOFI,0.3925,Neutral,0.4187,0.5662,67.40604964513255,164,576.9199829101562,0.0,0.0
2025-07-20,21.809999465942383,22.30500030517578,22.739999771118164,21.350000381469727,21.809999465942383,59729100.0,133216.5027702942,0,1.0260323181208832,133215.47673797607,6108,142.3106432171718,55000,Neutral,82.74397532911202,21.516,18.907,15.3223,14.2467,12.8301,25.780000686645508,0.4732,SOFI,0.3925,Neutral,0.4187,0.5662,67.40604964513255,164,576.9199829101562,0.0,0.0
2025-07-21,21.15999984741211,21.950000762939453,22.040000915527344,21.09000015258789,21.15999984741211,48699000.0,129246.30510031128,0,1.0260323181208832,129245.27906799316,6108,135.09210199902103,55000,Neutral,72.0478302420422,21.482,19.205,15.4793,14.2891,12.8906,25.780000686645508,-0.0387,SOFI,0.3879,Neutral,0.4239,0.5753,67.79298238969778,164,577.9500122070312,0.0,0.0
2025-07-22,20.979999542236328,20.790000915527344,21.100000381469727,19.81999969482422,20.979999542236328,63655900.0,128146.8632362976,0,1.0260323181208832,128145.83720397949,6108,133.09311679172342,55000,Neutral,76.50792487835363,21.486,19.486,15.6238,14.3292,12.9507,25.780000686645508,-0.5036,SOFI,0.3911,Neutral,0.4247,0.5788,67.79298238969778,164,577.9500122070312,0.0,0.0
2025-07-23,21.559999465942383,21.209999084472656,21.64999961853028,20.86000061035156,21.559999465942383,49653700.0,131689.5027702942,0,1.0260323181208832,131688.47673797607,6108,139.53427958080812,55000,Neutral,76.87498286366875,21.52,19.7715,15.7685,14.3756,13.0138,25.780000686645508,-0.6775,SOFI,0.3911,Neutral,0.4033,0.5704,69.6374244752956,164,582.8599853515625,0.0,0.0
2025-07-24,21.51000022888184,21.75,22.01000022888184,21.3700008392334,21.51000022888184,46110300.0,131384.1074303284,0,1.0260323181208832,131383.08139801028,6108,138.9790153263249,55000,Neutral,74.49999666214103,21.404,20.043,15.907,14.4178,13.0771,25.780000686645508,-0.8552,SOFI,0.3886,Neutral,0.4022,0.5634,69.78769451605646,164,583.260009765625,0.0,0.0
2025-07-25,21.200000762939453,21.520000457763672,21.57999992370605,21.165000915527344,21.200000762939453,40134900.0,129490.6306923523,0,1.0260323181208832,129489.60466003418,6108,135.53633034818648,55000,Neutral,67.37589132173483,21.282,20.2645,16.0392,14.463,13.1377,25.780000686645508,-1.1018,SOFI,0.3903,Neutral,0.3977,0.545,70.65921031089343,164,585.5800170898438,0.0,0.0
2025-07-26,21.200000762939453,21.520000457763672,21.57999992370605,21.165000915527344,21.200000762939453,40134900.0,129490.6306923523,0,1.0260323181208832,129489.60466003418,6108,135.53633034818648,55000,Neutral,67.37589132173483,21.282,20.2645,16.0392,14.463,13.1377,25.780000686645508,-1.1018,SOFI,0.3903,Neutral,0.3977,0.545,70.65921031089343,164,585.5800170898438,0.0,0.0
2025-07-27,21.200000762939453,21.520000457763672,21.57999992370605,21.165000915527344,21.200000762939453,40134900.0,129490.6306923523,0,1.0260323181208832,129489.60466003418,6108,135.53633034818648,55000,Neutral,67.37589132173483,21.282,20.2645,16.0392,14.463,13.1377,25.780000686645508,-1.1018,SOFI,0.3903,Neutral,0.3977,0.545,70.65921031089343,164,585.5800170898438,0.0,0.0
2025-07-28,21.020000457763672,21.21999931335449,21.21999931335449,20.770000457763672,21.020000457763672,59105900.0,128391.18882833862,0,1.0260323181208832,128390.16279602051,6108,133.53734514088887,55000,Neutral,60.46966308239448,21.254,20.4565,16.181,14.5098,13.1977,25.780000686645508,-1.3343,SOFI,0.3866,Neutral,0.3957,0.5363,70.60661350382819,164,585.4400024414062,0.0,0.0
2025-07-29,22.39999961853028,23.11000061035156,25.11000061035156,22.2549991607666,22.39999961853028,236127400.0,136820.22370230107,0,1.0260323181208832,136819.19766998294,6108,148.8628630935479,55000,Neutral,67.52411476962183,21.538,20.666,16.3458,14.5691,13.264,25.780000686645508,-1.0684,SOFI,0.3834,Neutral,0.4162,0.5554,70.03561486252383,164,583.9199829101562,0.0,0.0
2025-07-30,21.8700008392334,20.82999992370605,21.979999542236328,20.43199920654297,21.8700008392334,183424700.0,133582.99115835573,0,1.0260323181208832,133581.9651260376,6108,142.97698574092001,55000,Neutral,57.50001271565758,21.6,20.8775,16.4987,14.6222,13.3275,25.780000686645508,-1.0865,SOFI,0.3862,Neutral,0.4074,0.5786,69.76891649295862,164,583.2100219726562,0.0,0.0
2025-07-31,22.57999992370605,22.674999237060547,23.80500030517578,22.48500061035156,22.57999992370605,120095300.0,137919.66556631468,0,1.0260323181208832,137918.63953399655,6108,150.86184830084537,55000,Neutral,60.648145559010814,21.814,21.1005,16.6607,14.6871,13.394,25.780000686645508,-0.9036,SOFI,0.3711,Neutral,0.4256,0.5897,68.94623731496952,164,581.02001953125,0.0,0.0
2025-08-01,21.229999542236328,21.700000762939453,21.76000022888184,20.600000381469727,21.229999542236328,89388500.0,130672.86542631913,0,2.218243854528396,130670.6471824646,6155,133.4432225454535,56000,"cash_0%_Buy 100% of cash (47 shares - DCA Strategy) Monthly invest 1.8% of total investment ($1,000.00)",49.35064677706338,21.82,21.2335,16.8023,14.7397,13.4537,25.780000686645508,-1.2178,SOFI,0.3427,Neutral,0.4974,0.5964,64.36179172720793,165,571.4500122070312,0.0,0.0
2025-08-02,21.229999542236328,21.700000762939453,21.76000022888184,20.600000381469727,21.229999542236328,89388500.0,130672.86542631913,0,2.218243854528396,130670.6471824646,6155,133.4432225454535,56000,Neutral,49.35064677706338,21.82,21.2335,16.8023,14.7397,13.4537,25.780000686645508,-1.2178,SOFI,0.3427,Neutral,0.4974,0.5964,64.36179172720793,165,571.4500122070312,0.0,0.0
2025-08-03,21.229999542236328,21.700000762939453,21.76000022888184,20.600000381469727,21.229999542236328,89388500.0,130672.86542631913,0,2.218243854528396,130670.6471824646,6155,133.4432225454535,56000,Neutral,49.35064677706338,21.82,21.2335,16.8023,14.7397,13.4537,25.780000686645508,-1.2178,SOFI,0.3427,Neutral,0.4974,0.5964,64.36179172720793,165,571.4500122070312,0.0,0.0
2025-08-04,21.809999465942383,21.51000022888184,21.84000015258789,20.700000762939453,21.809999465942383,59741200.0,134242.7649567299,0,2.218243854528396,134240.54671287537,6155,139.81804313547272,56000,Neutral,55.37294944897865,21.978,21.362,16.949,14.7954,13.5154,25.780000686645508,-1.2446,SOFI,0.3702,Neutral,0.449,0.5925,67.60555987990526,165,580.1400146484375,0.0,0.0
2025-08-05,21.540000915527344,22.0,22.1200008392334,21.31999969482422,21.540000915527344,48936500.0,132580.92387892533,0,2.218243854528396,132578.7056350708,6155,136.8504697822503,56000,Neutral,50.96775225620994,21.806,21.4415,17.087,14.8513,13.574,25.780000686645508,-1.3413,SOFI,0.369,Neutral,0.4525,0.5704,66.56410564364447,165,577.3499755859375,0.0,0.0
2025-08-06,21.459999084472656,21.46999931335449,21.559999465942383,21.020000457763672,21.459999084472656,36720500.0,132088.51260878373,0,2.218243854528396,132086.2943649292,6155,135.9711639427117,56000,Neutral,45.58203849368086,21.724,21.5035,17.225,14.9071,13.6327,25.780000686645508,-1.4165,SOFI,0.3764,Neutral,0.4336,0.5445,68.16547367300868,165,581.6400146484375,0.0,0.0
2025-08-07,22.07999992370605,21.790000915527344,22.43000030517578,21.68000030517578,22.07999992370605,53034200.0,135904.61777426527,0,2.218243854528396,135902.39953041074,6155,142.78563745250017,56000,Neutral,51.80723260724688,21.624,21.559,17.359,14.9645,13.6943,25.780000686645508,-1.2631,SOFI,0.3701,Neutral,0.4282,0.5256,68.03481345151422,165,581.2899780273438,0.0,0.0
2025-08-08,22.100000381469727,22.299999237060547,22.584999084472656,21.950000762939453,22.100000381469727,49146100.0,136027.7205918007,0,2.218243854528396,136025.50234794617,6155,143.00546391238484,56000,Neutral,56.87135069597329,21.798,21.604,17.4892,15.0136,13.7565,25.780000686645508,-1.1513,SOFI,0.38,Neutral,0.4035,0.5158,69.69589559431125,165,585.739990234375,0.0,0.0
2025-08-09,22.100000381469727,22.299999237060547,22.584999084472656,21.950000762939453,22.100000381469727,49146100.0,136027.7205918007,0,2.218243854528396,136025.50234794617,6155,143.00546391238484,56000,Neutral,56.87135069597329,21.798,21.604,17.4892,15.0136,13.7565,25.780000686645508,-1.1513,SOFI,0.38,Neutral,0.4035,0.5158,69.69589559431125,165,585.739990234375,0.0,0.0
2025-08-10,22.100000381469727,22.299999237060547,22.584999084472656,21.950000762939453,22.100000381469727,49146100.0,136027.7205918007,0,2.218243854528396,136025.50234794617,6155,143.00546391238484,56000,Neutral,56.87135069597329,21.798,21.604,17.4892,15.0136,13.7565,25.780000686645508,-1.1513,SOFI,0.38,Neutral,0.4035,0.5158,69.69589559431125,165,585.739990234375,0.0,0.0
2025-08-11,22.420000076293945,22.100000381469727,23.13999938964844,21.71500015258789,22.420000076293945,58462600.0,137997.31871344376,0,2.218243854528396,137995.10046958923,6155,146.52260341531888,56000,Neutral,60.315193567259605,21.92,21.6585,17.629,15.0602,13.8185,25.780000686645508,-0.9804,SOFI,0.3772,Neutral,0.424,0.501,69.24796000323835,165,584.5399780273438,0.0,0.0
2025-08-12,23.64999961853028,22.6200008392334,23.729999542236328,22.520000457763672,23.64999961853028,56583300.0,145567.96589590842,0,2.218243854528396,145565.7476520539,6155,160.04161624114863,56000,Neutral,63.6959430205014,22.342,21.793,17.797,15.1224,13.8851,25.780000686645508,-0.5165,SOFI,0.3916,Neutral,0.3984,0.4853,71.57722052022717,165,590.780029296875,0.0,0.0
2025-08-13,23.809999465942383,24.18000030517578,24.5,23.09000015258789,23.809999465942383,68665800.0,146552.7649567299,0,2.218243854528396,146550.54671287537,6155,161.80018599261558,56000,Neutral,64.8578803091581,22.812,21.914,17.9618,15.1912,13.952,25.780000686645508,-0.2105,SOFI,0.4119,Neutral,0.3957,0.4727,72.34616788477123,165,592.8400268554688,0.0,0.0
2025-08-14,23.290000915527344,23.420000076293945,23.950000762939453,22.739999771118164,23.290000915527344,52370500.0,143352.17387892533,0,2.218243854528396,143349.9556350708,6155,156.0848447822503,56000,Neutral,63.14466009354889,23.054,21.974,18.1212,15.263,14.0178,25.780000686645508,-0.2115,SOFI,0.405,Neutral,0.3972,0.466,72.34988150571343,165,592.8499755859375,0.0,0.0
2025-08-15,23.770000457763672,23.290000915527344,23.86000061035156,22.61000061035156,23.770000457763672,44765000.0,146306.57106138993,0,2.218243854528396,146304.3528175354,6155,161.3605540366513,56000,Neutral,66.66667437312935,23.388,22.072,18.2962,15.3414,14.0834,25.780000686645508,-0.1166,SOFI,0.3996,Neutral,0.3986,0.4474,71.87210024939944,165,591.5700073242188,0.0,0.0
2025-08-16,23.770000457763672,23.290000915527344,23.86000061035156,22.61000061035156,23.770000457763672,44765000.0,146306.57106138993,0,2.218243854528396,146304.3528175354,6155,161.3605540366513,56000,Neutral,66.66667437312935,23.388,22.072,18.2962,15.3414,14.0834,25.780000686645508,-0.1166,SOFI,0.3996,Neutral,0.3986,0.4474,71.87210024939944,165,591.5700073242188,0.0,0.0
2025-08-17,23.770000457763672,23.290000915527344,23.86000061035156,22.61000061035156,23.770000457763672,44765000.0,146306.57106138993,0,2.218243854528396,146304.3528175354,6155,161.3605540366513,56000,Neutral,66.66667437312935,23.388,22.072,18.2962,15.3414,14.0834,25.780000686645508,-0.1166,SOFI,0.3996,Neutral,0.3986,0.4474,71.87210024939944,165,591.5700073242188,0.0,0.0
2025-08-18,24.229999542236328,23.690000534057617,24.229999542236328,23.40999984741211,24.229999542236328,45472900.0,149137.86542631913,0,2.218243854528396,149135.6471824646,6155,166.41643683116777,56000,Neutral,62.482952899913045,23.75,22.2255,18.4867,15.4273,14.151,25.780000686645508,0.025,SOFI,0.4107,Neutral,0.3971,0.4459,71.79370411650277,165,591.3599853515625,0.0,0.0
2025-08-19,22.75,24.61000061035156,24.90999984741211,22.690000534057617,22.75,82575000.0,140028.46824385453,0,2.218243854528396,140026.25,6155,150.14965614819525,56000,Neutral,55.31400660154805,23.57,22.314,18.646,15.4963,14.2145,25.780000686645508,-0.3528,SOFI,0.3978,Neutral,0.4086,0.4363,70.58803037256419,165,588.1300048828125,0.0,0.0
2025-08-20,22.520000457763672,22.420000076293945,22.71999931335449,21.209999084472656,22.520000457763672,87818300.0,138612.82106138993,0,2.218243854528396,138610.6028175354,6155,147.6217147509371,56000,Neutral,49.615387907161015,23.312,22.362,18.8032,15.5667,14.2771,25.780000686645508,-0.6819,SOFI,0.393,Neutral,0.4128,0.4416,70.0094573429474,165,586.5800170898438,0.0,0.0
2025-08-21,23.32999992370605,22.440000534057617,23.36899948120117,22.309999465942383,23.32999992370605,53440700.0,143598.36777426527,0,2.218243854528396,143596.14953041074,6155,156.52447673821445,56000,Neutral,64.46281968794602,23.32,22.453,18.9688,15.6406,14.3441,25.780000686645508,-0.6708,SOFI,0.3748,Neutral,0.4265,0.4444,69.14719101288614,165,584.27001953125,0.0,0.0
2025-08-22,25.020000457763672,23.15999984741211,25.25,22.89999961853028,25.020000457763672,101606500.0,154000.32106138993,0,2.218243854528396,153998.1028175354,6155,175.09939332236561,56000,Neutral,69.17563998177877,23.57,22.644,19.1638,15.736,14.4191,25.780000686645508,-0.2061,SOFI,0.402,Neutral,0.3878,0.4582,72.4842781311007,165,593.2100219726562,0.0,0.0
2025-08-23,25.020000457763672,23.15999984741211,25.25,22.89999961853028,25.020000457763672,101606500.0,154000.32106138993,0,2.218243854528396,153998.1028175354,6155,175.09939332236561,56000,Neutral,69.17563998177877,23.57,22.644,19.1638,15.736,14.4191,25.780000686645508,-0.2061,SOFI,0.402,Neutral,0.3878,0.4582,72.4842781311007,165,593.2100219726562,0.0,0.0
2025-08-24,25.020000457763672,23.15999984741211,25.25,22.89999961853028,25.020000457763672,101606500.0,154000.32106138993,0,2.218243854528396,153998.1028175354,6155,175.09939332236561,56000,Neutral,69.17563998177877,23.57,22.644,19.1638,15.736,14.4191,25.780000686645508,-0.2061,SOFI,0.402,Neutral,0.3878,0.4582,72.4842781311007,165,593.2100219726562,0.0,0.0
2025-08-25,26.14999961853028,25.18000030517578,26.3799991607666,24.809999465942383,26.14999961853028,90233000.0,160955.46589590842,0,2.218243854528396,160953.2476520539,6155,187.51929481257721,56000,Neutral,74.97291378265355,23.954,22.9005,19.3802,15.8448,14.4986,26.14999961853028,0.349,SOFI,0.3918,Neutral,0.393,0.4771,71.5473520720355,165,590.7000122070312,0.0,0.0
2025-08-26,25.6200008392334,26.20499992370605,26.604999542236328,25.5,25.6200008392334,125930100.0,157693.3234093361,0,2.218243854528396,157691.10516548157,6155,181.69404037226948,56000,Neutral,71.48762439397804,24.528,23.0615,19.5855,15.9464,14.576,26.14999961853028,0.4768,SOFI,0.3964,Neutral,0.3904,0.4874,72.4282776386101,165,593.0599975585938,0.0,0.0
2025-08-27,24.959999084472656,25.614999771118164,25.809999465942383,24.8799991607666,24.959999084472656,54456400.0,153631.01260878373,0,2.218243854528396,153628.7943649292,6155,174.4399139427117,56000,Neutral,64.81481735852893,25.016,23.216,19.7737,16.0507,14.6495,26.14999961853028,0.3038,SOFI,0.395,Neutral,0.3936,0.5,72.9359273431158,165,594.4199829101562,0.0,0.0
2025-08-28,26.040000915527344,25.020000457763672,26.32999992370605,25.0,26.040000915527344,68314800.0,160278.42387892533,0,2.218243854528396,160276.2056350708,6155,186.31029121082173,56000,Neutral,68.27459034014333,25.558,23.389,19.98,16.1627,14.7269,26.14999961853028,0.4139,SOFI,0.4069,Neutral,0.3885,0.5153,73.71982032323098,165,596.52001953125,0.0,0.0
2025-08-29,25.540000915527344,26.15999984741211,26.420000076293945,25.209999084472656,25.540000915527344,54432500.0,157200.92387892533,0,2.218243854528396,157198.7056350708,6155,180.814755496536,56000,Neutral,64.23358413698108,25.662,23.6045,20.1813,16.2824,14.8011,26.14999961853028,0.2765,SOFI,0.3792,Neutral,0.4033,0.5176,72.4357504463957,165,593.0800170898438,0.0,0.0
2025-08-30,25.540000915527344,26.15999984741211,26.420000076293945,25.209999084472656,25.540000915527344,54432500.0,157200.92387892533,0,2.218243854528396,157198.7056350708,6155,180.814755496536,56000,Neutral,64.23358413698108,25.662,23.6045,20.1813,16.2824,14.8011,26.14999961853028,0.2765,SOFI,0.3792,Neutral,0.4033,0.5176,72.4357504463957,165,593.0800170898438,0.0,0.0
2025-08-31,25.540000915527344,26.15999984741211,26.420000076293945,25.209999084472656,25.540000915527344,54432500.0,157200.92387892533,0,2.218243854528396,157198.7056350708,6155,180.814755496536,56000,Neutral,64.23358413698108,25.662,23.6045,20.1813,16.2824,14.8011,26.14999961853028,0.2765,SOFI,0.3792,Neutral,0.4033,0.5176,72.4357504463957,165,593.0800170898438,0.0,0.0
2025-09-01,25.540000915527344,26.15999984741211,26.420000076293945,25.209999084472656,25.540000915527344,54432500.0,158199.9278188896,0,5.162148113256535,158194.76567077637,6194,177.64255301405086,57000,"cash_0%_Buy 100% of cash (39 shares - DCA Strategy) Monthly invest 1.8% of total investment ($1,000.00)",64.23358413698108,25.662,23.6045,20.1813,16.2824,14.8011,26.14999961853028,0.2765,SOFI,0.3792,Neutral,0.4033,0.5176,71.393679028381,167,593.0800170898438,0.0,0.0
2025-09-02,24.90999984741211,24.5,25.280000686645508,23.700000762939453,24.90999984741211,76177300.0,154297.70120298385,0,5.162148113256535,154292.5390548706,6194,170.79654140719865,57000,Neutral,56.08108294703073,25.414,23.7595,20.3687,16.3962,14.8713,26.14999961853028,-0.0382,SOFI,0.3487,Neutral,0.4322,0.5335,69.76893725404204,167,588.7100219726562,0.0,0.0
2025-09-03,24.489999771118164,25.059999465942383,25.11000061035156,24.38999938964844,24.489999771118164,48252800.0,151696.22073041915,0,5.162148113256535,151691.0585823059,6194,166.23254057813776,57000,Neutral,53.2015083501289,25.188,23.907,20.5395,16.5009,14.9395,26.14999961853028,-0.3904,SOFI,0.3647,Neutral,0.4204,0.5268,70.88802075639583,167,591.719970703125,0.0,0.0
2025-09-04,25.3799991607666,24.32999992370605,25.540000915527344,24.24099922180176,25.3799991607666,51599700.0,157208.87694990158,0,5.162148113256535,157203.71480178833,6194,175.90386727898414,57000,Neutral,59.50863643660755,25.272,24.103,20.7275,16.6175,15.0115,26.14999961853028,-0.4063,SOFI,0.3775,Neutral,0.4025,0.5222,72.69868265919033,167,596.5900268554688,0.0,0.0
2025-09-05,25.600000381469727,25.770000457763672,25.96999931335449,24.18000030517578,25.600000381469727,71312300.0,158571.56451093673,0,5.162148113256535,158566.4023628235,6194,178.29454721062473,57000,Neutral,58.52749150270077,25.184,24.279,20.9143,16.7301,15.084,26.14999961853028,-0.3859,SOFI,0.3775,Neutral,0.4004,0.5083,72.09265520276003,167,594.9600219726562,0.0,0.0
2025-09-06,25.600000381469727,25.770000457763672,25.96999931335449,24.18000030517578,25.600000381469727,71312300.0,158571.56451093673,0,5.162148113256535,158566.4023628235,6194,178.29454721062473,57000,Neutral,58.52749150270077,25.184,24.279,20.9143,16.7301,15.084,26.14999961853028,-0.3859,SOFI,0.3775,Neutral,0.4004,0.5083,72.09265520276003,167,594.9600219726562,0.0,0.0
2025-09-07,25.600000381469727,25.770000457763672,25.96999931335449,24.18000030517578,25.600000381469727,71312300.0,158571.56451093673,0,5.162148113256535,158566.4023628235,6194,178.29454721062473,57000,Neutral,58.52749150270077,25.184,24.279,20.9143,16.7301,15.084,26.14999961853028,-0.3859,SOFI,0.3775,Neutral,0.4004,0.5083,72.09265520276003,167,594.9600219726562,0.0,0.0
2025-09-08,25.959999084472656,25.809999465942383,26.100000381469727,25.049999237060547,25.959999084472656,55972700.0,160801.39647733688,0,5.162148113256535,160796.23432922363,6194,182.20653311658992,57000,Neutral,58.1373441599431,25.268,24.472,21.096,16.8437,15.1586,26.14999961853028,-0.3077,SOFI,0.3824,Neutral,0.4034,0.5007,72.66521113600322,167,596.5,0.0,0.0
2025-09-09,25.96999931335449,26.020000457763672,26.190000534057617,25.549999237060547,25.96999931335449,49113000.0,160863.33789503094,0,5.162148113256535,160858.1757469177,6194,182.31520227043913,57000,Neutral,67.57641209883477,25.48,24.6495,21.2805,16.9606,15.2338,26.14999961853028,-0.2871,SOFI,0.3958,Neutral,0.4065,0.4918,73.20431823861739,167,597.9500122070312,0.0,0.0
2025-09-10,25.520000457763672,26.290000915527344,26.854999542236328,25.299999237060547,25.520000457763672,63942200.0,158076.04498350143,0,5.162148113256535,158070.88283538818,6194,177.4252147063523,57000,Neutral,65.99146939437824,25.686,24.743,21.471,17.0672,15.3075,26.14999961853028,-0.4187,SOFI,0.3986,Neutral,0.4122,0.5016,73.84751610520394,167,599.6799926757812,0.0,0.0
2025-09-11,25.959999084472656,25.76000022888184,26.600000381469727,25.6200008392334,25.959999084472656,54719200.0,160801.39647733688,0,5.162148113256535,160796.23432922363,6194,182.20653311658992,57000,Neutral,64.59488953360989,25.802,24.8505,21.6553,17.1782,15.3835,26.14999961853028,-0.4111,SOFI,0.4133,Neutral,0.4005,0.4983,75.6655984744948,167,604.5700073242188,0.0,0.0
2025-09-12,26.549999237060547,26.0,26.690000534057617,25.770000457763672,26.549999237060547,61305200.0,164455.85742246627,0,5.162148113256535,164450.69527435303,6194,188.617868108045,57000,Neutral,59.6712946195406,25.992,25.0135,21.8573,17.2922,15.4618,26.549999237060547,-0.2798,SOFI,0.4015,Neutral,0.3988,0.5009,75.61726332575682,167,604.4400024414062,0.0,0.0
2025-09-13,26.549999237060547,26.0,26.690000534057617,25.770000457763672,26.549999237060547,61305200.0,164455.85742246627,0,5.162148113256535,164450.69527435303,6194,188.617868108045,57000,Neutral,59.6712946195406,25.992,25.0135,21.8573,17.2922,15.4618,26.549999237060547,-0.2798,SOFI,0.4015,Neutral,0.3988,0.5009,75.61726332575682,167,604.4400024414062,0.0,0.0
2025-09-14,26.549999237060547,26.0,26.690000534057617,25.770000457763672,26.549999237060547,61305200.0,164455.85742246627,0,5.162148113256535,164450.69527435303,6194,188.617868108045,57000,Neutral,59.6712946195406,25.992,25.0135,21.8573,17.2922,15.4618,26.549999237060547,-0.2798,SOFI,0.4015,Neutral,0.3988,0.5009,75.61726332575682,167,604.4400024414062,0.0,0.0
2025-09-15,27.670000076293945,27.25,27.770000457763672,26.934999465942383,27.670000076293945,66929400.0,171393.14262067794,0,5.162148113256535,171387.9804725647,6194,200.78854389438126,57000,Neutral,59.62025420365069,26.334,25.2085,22.0625,17.4084,15.544,27.670000076293945,0.0507,SOFI,0.4038,Neutral,0.4125,0.5053,76.78842624893389,167,607.5900268554688,0.0,0.0
2025-09-16,27.420000076293945,27.790000915527344,27.8799991607666,26.6299991607666,27.420000076293945,67268500.0,169844.64262067794,0,5.162148113256535,169839.4804725647,6194,198.0718772277146,57000,Neutral,61.81101435867554,26.624,25.368,22.2662,17.5241,15.6255,27.670000076293945,0.1449,SOFI,0.3904,Neutral,0.4254,0.5161,76.49097219745153,167,606.7899780273438,0.0,0.0
2025-09-17,27.13999938964844,27.25,27.459999084472656,26.1299991607666,27.13999938964844,73319900.0,168110.3183675957,0,5.162148113256535,168105.15621948245,6194,195.0292030995001,57000,Neutral,65.05524723605757,26.948,25.5875,22.4625,17.6413,15.7067,27.670000076293945,0.0819,SOFI,0.3833,Neutral,0.4104,0.5165,76.2307339412416,167,606.0900268554688,0.0,0.0
2025-09-18,28.11000061035156,27.59000015258789,28.57699966430664,27.07999992370605,28.11000061035156,71508300.0,174118.5059286308,0,5.162148113256535,174113.34378051755,6194,205.56988303114065,57000,Neutral,64.51612471757602,27.378,25.867,22.6668,17.7739,15.7914,28.11000061035156,0.2282,SOFI,0.3876,Neutral,0.4058,0.5153,77.29034024883373,167,608.9400024414062,0.0,0.0
2025-09-19,29.51000022888184,28.26499938964844,29.6299991607666,28.239999771118164,29.51000022888184,74760900.0,182790.10356580737,0,5.162148113256535,182784.94141769412,6194,220.7832122191697,57000,Neutral,74.71979435790651,27.97,26.176,22.8907,17.9211,15.8817,29.51000022888184,0.5922,SOFI,0.3851,Neutral,0.4,0.5074,78.34624766945672,167,611.780029296875,0.0,0.0
2025-09-20,29.51000022888184,28.26499938964844,29.6299991607666,28.239999771118164,29.51000022888184,74760900.0,182790.10356580737,0,5.162148113256535,182784.94141769412,6194,220.7832122191697,57000,Neutral,74.71979435790651,27.97,26.176,22.8907,17.9211,15.8817,29.51000022888184,0.5922,SOFI,0.3851,Neutral,0.4,0.5074,78.34624766945672,167,611.780029296875,0.0,0.0
2025-09-21,29.51000022888184,28.26499938964844,29.6299991607666,28.239999771118164,29.51000022888184,74760900.0,182790.10356580737,0,5.162148113256535,182784.94141769412,6194,220.7832122191697,57000,Neutral,74.71979435790651,27.97,26.176,22.8907,17.9211,15.8817,29.51000022888184,0.5922,SOFI,0.3851,Neutral,0.4,0.5074,78.34624766945672,167,611.780029296875,0.0,0.0
2025-09-22,29.809999465942383,29.299999237060547,30.299999237060547,28.96999931335449,29.809999465942383,64448300.0,184648.29884016037,0,5.162148113256535,184643.13669204712,6194,224.04320392856093,57000,Neutral,81.81818407006962,28.398,26.4155,23.108,18.0726,15.971,29.809999465942383,0.8019,SOFI,0.3751,Neutral,0.4076,0.4987,79.45418912578688,167,614.760009765625,0.0,0.0
2025-09-23,29.09000015258789,29.80500030517578,30.13999938964844,28.850000381469727,29.09000015258789,47417500.0,180188.62309324264,0,5.162148113256535,180183.4609451294,6194,216.2192113901088,57000,Neutral,78.7500092387222,28.732,26.5625,23.3065,18.2157,16.0577,29.809999465942383,0.6675,SOFI,0.3739,Neutral,0.4188,0.4933,78.25699783847716,167,611.5399780273438,0.0,0.0
2025-09-24,28.440000534057617,29.5,29.670000076293945,28.350000381469727,28.440000534057617,46087500.0,176162.52545606613,0,5.162148113256535,176157.36330795288,6194,209.15588220207982,57000,Neutral,69.71650795851224,28.992,26.7035,23.477,18.3502,16.1412,29.809999465942383,0.3469,SOFI,0.3718,Neutral,0.41,0.5048,77.49854446933654,167,609.5,0.0,0.0
2025-09-25,28.1200008392334,27.76000022888184,28.670000076293945,27.059999465942383,28.1200008392334,49863500.0,174180.44734632492,0,5.162148113256535,174175.28519821167,6194,205.67855218499,57000,Neutral,66.03054379842087,28.994,26.8615,23.6517,18.4958,16.2226,29.809999465942383,0.0052,SOFI,0.3634,Neutral,0.422,0.5197,76.41663137713903,167,606.5900268554688,0.0,0.0
2025-09-26,27.979999542236328,28.3700008392334,28.479999542236328,27.559999465942383,27.979999542236328,36585300.0,173313.27931272506,0,5.162148113256535,173308.11716461182,6194,204.15720475762183,57000,Neutral,63.21989933991754,28.688,26.9585,23.816,18.6492,16.3032,29.809999465942383,-0.2894,SOFI,0.3727,Neutral,0.3954,0.5399,77.7439190999956,167,610.1599731445312,0.0,0.0
2025-09-27,27.979999542236328,28.3700008392334,28.479999542236328,27.559999465942383,27.979999542236328,36585300.0,173313.27931272506,0,5.162148113256535,173308.11716461182,6194,204.15720475762183,57000,Neutral,63.21989933991754,28.688,26.9585,23.816,18.6492,16.3032,29.809999465942383,-0.2894,SOFI,0.3727,Neutral,0.3954,0.5399,77.7439190999956,167,610.1599731445312,0.0,0.0
2025-09-28,27.979999542236328,28.3700008392334,28.479999542236328,27.559999465942383,27.979999542236328,36585300.0,173313.27931272506,0,5.162148113256535,173308.11716461182,6194,204.15720475762183,57000,Neutral,63.21989933991754,28.688,26.9585,23.816,18.6492,16.3032,29.809999465942383,-0.2894,SOFI,0.3727,Neutral,0.3954,0.5399,77.7439190999956,167,610.1599731445312,0.0,0.0
2025-09-29,27.549999237060547,28.36000061035156,28.6299991607666,27.11000061035156,27.549999237060547,60395300.0,170649.85742246627,0,5.162148113256535,170644.69527435303,6194,199.48453477471168,57000,Neutral,59.80148900990854,28.236,27.059,23.9657,18.7967,16.3805,29.809999465942383,-0.6044,SOFI,0.374,Neutral,0.4119,0.5378,78.37970013089503,167,610.1300048828125,1.74,0.0
2025-09-30,26.420000076293945,27.46999931335449,27.61000061035156,25.700000762939453,26.420000076293945,94402900.0,163650.64262067794,0,5.162148113256535,163645.4804725647,6194,187.20521056104792,57000,Neutral,55.14873937127765,27.702,27.1345,24.0853,18.9377,16.4487,29.809999465942383,-1.076,SOFI,0.3724,Neutral,0.4157,0.525,79.21623859243351,167,612.3800048828125,0.0,0.0
2025-10-01,25.76000022888184,26.729999542236328,27.32999992370605,25.63999938964844,25.76000022888184,81148100.0,160561.62468579868,0,25.303259407049268,160536.32142639163,6232,176.92920738776314,58000,"cash_0%_Buy 100% of cash (38 shares - DCA Strategy) Monthly invest 1.7% of total investment ($1,000.00)",48.8839350811826,27.166,27.198,24.1822,19.0574,16.5136,29.809999465942383,-1.5125,SOFI,0.3816,Neutral,0.4174,0.5029,78.9323106869135,170,614.5700073242188,0.0,0.0
2025-10-02,25.96999931335449,26.32999992370605,26.350000381469727,25.450000762939453,25.96999931335449,65256700.0,161870.33898023222,0,25.303259407049268,161845.03572082517,6232,179.185611343683,58000,Neutral,46.62004703459524,26.736,27.2275,24.278,19.1862,16.58,29.809999465942383,-1.6983,SOFI,0.38,Neutral,0.4245,0.4743,79.1847147479238,170,615.25,0.0,0.0
2025-10-03,25.239999771118164,26.100000381469727,26.18000030517578,24.84000015258789,25.239999771118164,78751700.0,157320.98183301545,0,25.303259407049268,157295.6785736084,6232,171.34189212434376,58000,Neutral,35.164830814188775,26.188,27.2095,24.3492,19.3072,16.644,29.809999465942383,-1.9356,SOFI,0.3784,Neutral,0.4233,0.4519,79.20326953887323,170,615.2999877929688,0.0,0.0
2025-10-04,25.239999771118164,26.100000381469727,26.18000030517578,24.84000015258789,25.239999771118164,78751700.0,157320.98183301545,0,25.303259407049268,157295.6785736084,6232,171.34189212434376,58000,Neutral,35.164830814188775,26.188,27.2095,24.3492,19.3072,16.644,29.809999465942383,-1.9356,SOFI,0.3784,Neutral,0.4233,0.4519,79.20326953887323,170,615.2999877929688,0.0,0.0
2025-10-05,25.239999771118164,26.100000381469727,26.18000030517578,24.84000015258789,25.239999771118164,78751700.0,157320.98183301545,0,25.303259407049268,157295.6785736084,6232,171.34189212434376,58000,Neutral,35.164830814188775,26.188,27.2095,24.3492,19.3072,16.644,29.809999465942383,-1.9356,SOFI,0.3784,Neutral,0.4233,0.4519,79.20326953887323,170,615.2999877929688,0.0,0.0
2025-10-06,26.36000061035156,25.770000457763672,27.13999938964844,25.309999465942383,26.36000061035156,97325600.0,164300.82706311796,0,25.303259407049268,164275.5238037109,6232,183.3761080383136,58000,Neutral,44.15011297778187,25.95,27.2295,24.4352,19.4367,16.7115,29.809999465942383,-1.7484,SOFI,0.3781,Neutral,0.4146,0.4489,79.98277465755038,170,617.4000244140625,0.0,0.0
2025-10-07,28.13999938964844,27.100000381469727,28.84000015258789,26.68000030517578,28.13999938964844,121607800.0,175393.77945569615,0,25.303259407049268,175368.4761962891,6232,202.50188802551736,58000,Neutral,54.73484957951624,26.294,27.338,24.5487,19.5801,16.7854,29.809999465942383,-1.1429,SOFI,0.3684,Neutral,0.4331,0.451,79.16615995697438,170,615.2000122070312,0.0,0.0
2025-10-08,28.020000457763672,28.489999771118164,28.709999084472656,27.645000457763672,28.020000457763672,84643200.0,174645.94611219026,0,25.303259407049268,174620.6428527832,6232,201.2125201918865,58000,Neutral,49.53655923567732,26.746,27.463,24.6663,19.7247,16.858,29.809999465942383,-0.7588,SOFI,0.3816,Neutral,0.4182,0.4633,80.49129826884541,170,618.77001953125,0.0,0.0
2025-10-09,28.450000762939453,28.040000915527344,28.690000534057617,27.75,28.450000762939453,66863900.0,177325.70801404573,0,25.303259407049268,177300.40475463867,6232,205.83279933301665,58000,Neutral,43.93592702314896,27.242,27.5875,24.784,19.8703,16.9332,29.809999465942383,-0.4022,SOFI,0.3889,Neutral,0.425,0.4699,79.87140060100907,170,617.0999755859375,0.0,0.0
2025-10-10,26.190000534057617,28.549999237060547,29.799999237060547,26.1299991607666,26.190000534057617,106425800.0,163241.38658765412,0,25.303259407049268,163216.08332824707,6232,181.5494865288932,58000,Neutral,33.08411231612797,27.432,27.5695,24.8523,19.9995,16.9967,29.809999465942383,-0.7103,SOFI,0.3362,Neutral,0.5339,0.4516,73.71343023719817,170,600.510009765625,0.0,0.0
2025-10-11,26.190000534057617,28.549999237060547,29.799999237060547,26.1299991607666,26.190000534057617,106425800.0,163241.38658765412,0,25.303259407049268,163216.08332824707,6232,181.5494865288932,58000,Neutral,33.08411231612797,27.432,27.5695,24.8523,19.9995,16.9967,29.809999465942383,-0.7103,SOFI,0.3362,Neutral,0.5339,0.4516,73.71343023719817,170,600.510009765625,0.0,0.0
2025-10-12,26.190000534057617,28.549999237060547,29.799999237060547,26.1299991607666,26.190000534057617,106425800.0,163241.38658765412,0,25.303259407049268,163216.08332824707,6232,181.5494865288932,58000,Neutral,33.08411231612797,27.432,27.5695,24.8523,19.9995,16.9967,29.809999465942383,-0.7103,SOFI,0.3362,Neutral,0.5339,0.4516,73.71343023719817,170,600.510009765625,0.0,0.0
2025-10-13,27.13999938964844,27.06999969482422,27.43000030517578,26.46999931335449,27.13999938964844,62676100.0,169161.77945569615,0,25.303259407049268,169136.4761962891,6232,191.75706043931046,58000,Neutral,41.0795910838665,27.588,27.543,24.9412,20.1317,17.064,29.809999465942383,-0.6631,SOFI,0.3691,Neutral,0.4886,0.4385,77.09121778519872,170,609.6099853515625,0.0,0.0
2025-10-14,27.8700008392334,26.51000022888184,28.350000381469727,25.75,27.8700008392334,75502500.0,173711.1484895096,0,25.303259407049268,173685.84523010254,6232,199.60080015278191,58000,Neutral,47.41144513296872,27.534,27.5655,25.053,20.2662,17.1335,29.809999465942383,-0.4462,SOFI,0.3498,Neutral,0.5181,0.4216,76.77200288351702,170,608.75,0.0,0.0
2025-10-15,28.030000686645508,28.200000762939453,29.09000015258789,27.559999465942383,28.030000686645508,67849600.0,174708.26753858186,0,25.303259407049268,174682.9642791748,6232,201.31997092704444,58000,Neutral,49.58525269472362,27.536,27.61,25.1705,20.3972,17.2067,29.809999465942383,-0.2681,SOFI,0.3385,Neutral,0.5068,0.4027,77.7667798258833,170,611.4299926757812,0.0,0.0
2025-10-16,26.600000381469727,28.06999969482422,28.440000534057617,26.25,26.600000381469727,73472500.0,165796.5056367264,0,25.303259407049268,165771.20237731934,6232,185.95486419970746,58000,Neutral,44.31631199768101,27.166,27.5345,25.2545,20.5115,17.2708,29.809999465942383,-0.4942,SOFI,0.2994,Neutral,0.5945,0.3963,76.26719476149637,170,607.3900146484375,0.0,0.0
2025-10-17,26.540000915527344,26.100000381469727,26.920000076293945,26.01000022888184,26.540000915527344,48123300.0,165422.58896497346,0,25.303259407049268,165397.2857055664,6232,185.31018028289205,58000,Neutral,45.709436662719085,27.236,27.386,25.3383,20.6227,17.3348,29.809999465942383,-0.6404,SOFI,0.3294,Neutral,0.514,0.4052,77.51809125414735,170,610.760009765625,0.0,0.0
2025-10-18,26.540000915527344,26.100000381469727,26.920000076293945,26.01000022888184,26.540000915527344,48123300.0,165422.58896497346,0,25.303259407049268,165397.2857055664,6232,185.31018028289205,58000,Neutral,45.709436662719085,27.236,27.386,25.3383,20.6227,17.3348,29.809999465942383,-0.6404,SOFI,0.3294,Neutral,0.514,0.4052,77.51809125414735,170,610.760009765625,0.0,0.0
2025-10-19,26.540000915527344,26.100000381469727,26.920000076293945,26.01000022888184,26.540000915527344,48123300.0,165422.58896497346,0,25.303259407049268,165397.2857055664,6232,185.31018028289205,58000,Neutral,45.709436662719085,27.236,27.386,25.3383,20.6227,17.3348,29.809999465942383,-0.6404,SOFI,0.3294,Neutral,0.514,0.4052,77.51809125414735,170,610.760009765625,0.0,0.0
2025-10-20,28.68000030517578,27.200000762939453,28.93000030517578,27.059999465942383,28.68000030517578,71880800.0,178759.06516126252,0,25.303259407049268,178733.76190185547,6232,208.30410475925248,58000,Neutral,58.84194359171745,27.544,27.3295,25.463,20.7511,17.4083,29.809999465942383,-0.2113,SOFI,0.3551,Neutral,0.4669,0.4066,79.89738637050723,170,617.1699829101562,0.0,0.0
2025-10-21,28.75,28.559999465942383,29.06999969482422,28.14999961853028,28.75,56408100.0,179195.30325940705,0,25.303259407049268,179170.0,6232,209.05623941122585,58000,Neutral,62.264153305182575,27.72,27.3125,25.5918,20.8864,17.4827,29.809999465942383,0.068,SOFI,0.3612,Neutral,0.4605,0.4054,79.86770776715713,170,617.0900268554688,0.0,0.0
2025-10-22,27.190000534057617,28.489999771118164,28.799999237060547,26.3799991607666,27.190000534057617,72894600.0,169473.38658765412,0,25.303259407049268,169448.08332824707,6232,192.2943141151001,58000,Neutral,54.505175339470114,27.552,27.25,25.6717,21.0088,17.5484,29.809999465942383,-0.1375,SOFI,0.3522,Neutral,0.4758,0.4013,78.70958522925326,170,613.969970703125,0.0,0.0
2025-10-23,28.07999992370605,27.32999992370605,28.59499931335449,27.198999404907227,28.07999992370605,51151800.0,175019.86278394316,0,25.303259407049268,174994.5595245361,6232,201.85720410870186,58000,Neutral,60.36496636939864,27.848,27.248,25.7752,21.1369,17.6162,29.809999465942383,-0.0667,SOFI,0.3678,Neutral,0.4488,0.4284,79.99761395922545,170,617.4400024414062,0.0,0.0
2025-10-24,29.01000022888184,28.84499931335449,29.8700008392334,28.700000762939453,29.01000022888184,53154700.0,180815.62468579868,0,25.303259407049268,180790.32142639163,6232,211.84989704293554,58000,Neutral,59.8075511542992,28.342,27.2995,25.8823,21.2715,17.6875,29.809999465942383,0.1809,SOFI,0.3887,Neutral,0.4275,0.4474,81.89437123378849,170,622.5499877929688,0.0,0.0
2025-10-25,29.01000022888184,28.84499931335449,29.8700008392334,28.700000762939453,29.01000022888184,53154700.0,180815.62468579868,0,25.303259407049268,180790.32142639163,6232,211.84989704293554,58000,Neutral,59.8075511542992,28.342,27.2995,25.8823,21.2715,17.6875,29.809999465942383,0.1809,SOFI,0.3887,Neutral,0.4275,0.4474,81.89437123378849,170,622.5499877929688,0.0,0.0
2025-10-26,29.01000022888184,28.84499931335449,29.8700008392334,28.700000762939453,29.01000022888184,53154700.0,180815.62468579868,0,25.303259407049268,180790.32142639163,6232,211.84989704293554,58000,Neutral,59.8075511542992,28.342,27.2995,25.8823,21.2715,17.6875,29.809999465942383,0.1809,SOFI,0.3887,Neutral,0.4275,0.4474,81.89437123378849,170,622.5499877929688,0.0,0.0
2025-10-27,30.0,30.0,30.200000762939453,29.270000457763672,30.0,82986500.0,186985.30325940705,0,25.303259407049268,186960.0,6232,222.48727389398445,58000,Neutral,57.31132464489868,28.606,27.422,26.0285,21.4154,17.7582,30.0,0.535,SOFI,0.3966,Neutral,0.4115,0.4507,84.6597147479238,170,630.0,0.0,0.0
2025-10-28,31.65999984741211,30.989999771118164,31.979999542236328,28.799999237060547,31.65999984741211,183013600.0,197330.42230847932,0,25.303259407049268,197305.11904907227,6232,240.32368604755735,58000,Neutral,62.76297271421093,29.188,27.684,26.1927,21.5708,17.8314,31.65999984741211,1.0789,SOFI,0.3914,Neutral,0.4242,0.4451,85.28702073888647,170,631.6900024414062,0.0,0.0
2025-10-29,30.89999961853028,31.4950008392334,32.564998626708984,30.13999938964844,30.89999961853028,95429700.0,192594.10088208778,0,25.303259407049268,192568.79762268072,6232,232.15761462274432,58000,Neutral,58.39615884254908,29.93,27.941,26.3487,21.7178,17.9025,31.65999984741211,1.1644,SOFI,0.3821,Neutral,0.4261,0.4455,85.38353283833035,170,631.9500122070312,0.0,0.0
2025-10-30,29.030000686645508,30.434999465942383,30.915000915527344,28.979999542236328,29.030000686645508,70598700.0,180940.26753858186,0,25.303259407049268,180914.9642791748,6232,212.06479851325133,58000,Neutral,60.00000268640711,30.12,28.094,26.4748,21.8499,17.9672,31.65999984741211,0.7205,SOFI,0.3689,Neutral,0.4298,0.4287,82.8928636654291,170,625.239990234375,0.0,0.0
2025-10-31,29.68000030517578,29.690000534057617,29.86000061035156,28.489999771118164,29.68000030517578,66924000.0,184991.06516126252,0,25.303259407049268,184965.76190185547,6232,219.04893234545938,58000,Neutral,59.13669544522326,30.254,28.316,26.6015,21.9803,18.0351,31.65999984741211,0.5251,SOFI,0.3581,Neutral,0.4404,0.4188,83.56099472756495,170,627.0399780273438,0.0,0.0
2025-11-01,29.68000030517578,29.690000534057617,29.86000061035156,28.489999771118164,29.68000030517578,66924000.0,185990.05604125213,0,15.174129020696682,185974.88191223145,6266,215.33620311922135,59000,"cash_0%_Buy 100% of cash (34 shares - DCA Strategy) Monthly invest 1.7% of total investment ($1,000.00)",59.13669544522326,30.254,28.316,26.6015,21.9803,18.0351,31.65999984741211,0.5251,SOFI,0.3581,Neutral,0.4404,0.4188,82.44341751594081,171,627.0399780273438,0.0,0.0
2025-11-02,29.68000030517578,29.690000534057617,29.86000061035156,28.489999771118164,29.68000030517578,66924000.0,185990.05604125213,0,15.174129020696682,185974.88191223145,6266,215.33620311922135,59000,Neutral,59.13669544522326,30.254,28.316,26.6015,21.9803,18.0351,31.65999984741211,0.5251,SOFI,0.3581,Neutral,0.4404,0.4188,82.44341751594081,171,627.0399780273438,0.0,0.0
2025-11-03,30.6299991607666,29.65999984741211,31.21999931335449,29.32999992370605,30.6299991607666,90431700.0,191942.7488703842,0,15.174129020696682,191927.57474136353,6266,225.42551299910627,59000,Neutral,59.773368540948034,30.38,28.5295,26.7437,22.1164,18.1059,31.65999984741211,0.5581,SOFI,0.3541,Neutral,0.4416,0.4296,82.89718912956673,171,628.27001953125,0.0,0.0
2025-11-04,29.3700008392334,29.295000076293945,30.790000915527344,28.690000534057617,29.3700008392334,71481000.0,184047.59938765716,0,15.174129020696682,184032.42525863647,6266,212.04390370634854,59000,Neutral,54.40210485158516,29.922,28.591,26.8595,22.2443,18.1702,31.65999984741211,0.2482,SOFI,0.3351,Neutral,0.4794,0.4264,80.21153126290446,171,620.989990234375,0.0,0.0
2025-11-05,30.06999969482422,29.520000457763672,30.3700008392334,29.01000022888184,30.06999969482422,57853300.0,188433.79221678924,0,15.174129020696682,188418.61808776855,6266,219.47812884047067,59000,Neutral,61.973779141545215,29.756,28.6935,26.9665,22.3818,18.2355,31.65999984741211,0.1678,SOFI,0.3403,Neutral,0.4542,0.4166,80.90138660445515,171,622.8599853515625,0.0,0.0
2025-11-06,27.15999984741211,30.125,30.858999252319336,27.1299991607666,27.15999984741211,88016900.0,170199.73317290496,0,15.174129020696682,170184.55904388428,6266,188.57294402032784,59000,Neutral,51.78777162405197,29.382,28.629,27.0223,22.4921,18.2875,31.65999984741211,-0.5517,SOFI,0.3195,Neutral,0.4865,0.4054,78.45922033853469,171,616.239990234375,0.0,0.0
2025-11-07,28.209999084472656,26.52499961853028,28.239999771118164,25.65999984741211,28.209999084472656,78769400.0,176779.02839232635,0,15.174129020696682,176763.85426330566,6266,199.72429184985566,59000,Neutral,48.55384171886349,29.088,28.73,27.1043,22.6128,18.3425,31.65999984741211,-0.7691,SOFI,0.3228,Neutral,0.4798,0.4013,78.69901926103338,171,616.8900146484375,0.0,0.0
2025-11-08,28.209999084472656,26.52499961853028,28.239999771118164,25.65999984741211,28.209999084472656,78769400.0,176779.02839232635,0,15.174129020696682,176763.85426330566,6266,199.72429184985566,59000,Neutral,48.55384171886349,29.088,28.73,27.1043,22.6128,18.3425,31.65999984741211,-0.7691,SOFI,0.3228,Neutral,0.4798,0.4013,78.69901926103338,171,616.8900146484375,0.0,0.0
2025-11-09,28.209999084472656,26.52499961853028,28.239999771118164,25.65999984741211,28.209999084472656,78769400.0,176779.02839232635,0,15.174129020696682,176763.85426330566,6266,199.72429184985566,59000,Neutral,48.55384171886349,29.088,28.73,27.1043,22.6128,18.3425,31.65999984741211,-0.7691,SOFI,0.3228,Neutral,0.4798,0.4013,78.69901926103338,171,616.8900146484375,0.0,0.0
2025-11-10,30.540000915527344,29.059999465942383,30.96999931335449,28.84000015258789,30.540000915527344,93548100.0,191378.81986571502,0,15.174129020696682,191363.64573669434,6266,224.46970112678557,59000,Neutral,54.83522811113282,29.07,28.9,27.2172,22.7567,18.4047,31.65999984741211,-0.3753,SOFI,0.352,Neutral,0.4507,0.4124,82.23313750305678,171,626.469970703125,0.0,0.0
2025-11-11,30.950000762939453,30.2450008392334,30.989999771118164,29.856000900268555,30.950000762939453,64599400.0,193947.8789095993,0,15.174129020696682,193932.7047805786,6266,228.82403848930133,59000,Neutral,60.82949693555126,29.386,29.054,27.3292,22.9079,18.4683,31.65999984741211,-0.0446,SOFI,0.3536,Neutral,0.4446,0.4363,82.7643652944663,171,627.9099731445312,0.0,0.0
2025-11-12,32.209999084472656,31.18000030517578,32.72999954223633,30.959999084472656,32.209999084472656,102911700.0,201843.02839232635,0,15.174129020696682,201827.85426330566,6266,242.20564778205903,59000,Neutral,61.6469278067753,29.814,29.263,27.4868,23.0664,18.538,32.209999084472656,0.4098,SOFI,0.3566,Neutral,0.4517,0.4424,82.87872573835091,171,628.219970703125,0.0,0.0
2025-11-13,28.38999938964844,31.729999542236328,31.75,28.14999961853028,28.38999938964844,117242200.0,177906.91030455782,0,15.174129020696682,177891.73617553714,6266,201.63595610787507,59000,Neutral,48.49660270756645,30.06,29.3525,27.5847,23.1939,18.5891,32.209999084472656,-0.1723,SOFI,0.3172,Neutral,0.4967,0.4459,79.10480857382882,171,617.989990234375,0.0,0.0
2025-11-14,27.81999969482422,27.0,29.06999969482422,26.530000686645508,27.81999969482422,87118500.0,174335.29221678924,0,15.174129020696682,174320.11808776855,6266,195.5823661286063,59000,Neutral,44.60395780641236,29.982,29.4165,27.6595,23.3142,18.6366,32.209999084472656,-0.6749,SOFI,0.3163,Neutral,0.4903,0.4511,79.04579327093032,171,617.8300170898438,0.0,0.0
2025-11-15,27.81999969482422,27.0,29.06999969482422,26.530000686645508,27.81999969482422,87118500.0,174335.29221678924,0,15.174129020696682,174320.11808776855,6266,195.5823661286063,59000,Neutral,44.60395780641236,29.982,29.4165,27.6595,23.3142,18.6366,32.209999084472656,-0.6749,SOFI,0.3163,Neutral,0.4903,0.4511,79.04579327093032,171,617.8300170898438,0.0,0.0
2025-11-16,27.81999969482422,27.0,29.06999969482422,26.530000686645508,27.81999969482422,87118500.0,174335.29221678924,0,15.174129020696682,174320.11808776855,6266,195.5823661286063,59000,Neutral,44.60395780641236,29.982,29.4165,27.6595,23.3142,18.6366,32.209999084472656,-0.6749,SOFI,0.3163,Neutral,0.4903,0.4511,79.04579327093032,171,617.8300170898438,0.0,0.0
2025-11-17,27.040000915527344,27.709999084472656,27.950000762939453,26.549999237060547,27.040000915527344,75957500.0,169447.81986571502,0,15.174129020696682,169432.64573669434,6266,187.29851468610764,59000,Neutral,38.0434761146937,29.282,29.3345,27.6932,23.4285,18.683,32.209999084472656,-1.1483,SOFI,0.2888,Neutral,0.5377,0.4421,76.90980407056267,171,612.0399780273438,0.0,0.0
2025-11-18,26.239999771118164,26.51000022888184,27.0,25.709999084472656,26.239999771118164,66837600.0,164435.0126948471,0,15.174129020696682,164419.83856582642,6266,178.80223134565352,59000,Neutral,37.9648720637559,28.34,29.209,27.6947,23.5374,18.7262,32.209999084472656,-1.5851,SOFI,0.271,Neutral,0.5813,0.4388,75.0505180587947,171,607.0,0.0,0.0
2025-11-19,26.71999931335449,26.475000381469727,26.850000381469727,25.559999465942383,26.71999931335449,63026400.0,167442.6898264999,0,15.174129020696682,167427.51569747922,6266,183.89998919591253,59000,Neutral,43.57261492177638,27.242,29.1855,27.713,23.6492,18.7695,32.209999084472656,-1.6885,SOFI,0.2822,Neutral,0.5615,0.4295,75.86211920071631,171,609.2000122070312,0.0,0.0
2025-11-20,24.90999984741211,27.8799991607666,28.575000762939453,24.7450008392334,24.90999984741211,98241000.0,156101.23317290496,0,15.174129020696682,156086.05904388428,6266,164.67718130846347,59000,Neutral,37.53266572452452,26.546,29.027,27.7122,23.7429,18.8081,32.209999084472656,-2.0919,SOFI,0.2516,Neutral,0.6094,0.4172,72.45341692097625,171,599.9600219726562,0.0,0.0
2025-11-21,25.190000534057617,24.6299991607666,25.44499969482422,23.520000457763672,25.190000534057617,90228900.0,157855.7174754257,0,15.174129020696682,157840.54334640503,6266,167.65088351612573,59000,Neutral,35.26543873059407,26.02,28.836,27.698,23.839,18.8463,32.209999084472656,-2.1877,SOFI,0.2815,Neutral,0.5602,0.3985,74.65578426439802,171,605.9299926757812,0.0,0.0
2025-11-22,25.190000534057617,24.6299991607666,25.44499969482422,23.520000457763672,25.190000534057617,90228900.0,157855.7174754257,0,15.174129020696682,157840.54334640503,6266,167.65088351612573,59000,Neutral,35.26543873059407,26.02,28.836,27.698,23.839,18.8463,32.209999084472656,-2.1877,SOFI,0.2815,Neutral,0.5602,0.3985,74.65578426439802,171,605.9299926757812,0.0,0.0
2025-11-23,25.190000534057617,24.6299991607666,25.44499969482422,23.520000457763672,25.190000534057617,90228900.0,157855.7174754257,0,15.174129020696682,157840.54334640503,6266,167.65088351612573,59000,Neutral,35.26543873059407,26.02,28.836,27.698,23.839,18.8463,32.209999084472656,-2.1877,SOFI,0.2815,Neutral,0.5602,0.3985,74.65578426439802,171,605.9299926757812,0.0,0.0
2025-11-24,27.39999961853028,25.82999992370605,27.61000061035156,25.655000686645508,27.39999961853028,63707200.0,171703.57173873144,0,15.174129020696682,171688.39760971075,6266,191.1218229454575,59000,Neutral,44.92529205729163,26.092,28.706,27.729,23.9552,18.8956,32.209999084472656,-1.6247,SOFI,0.3149,Neutral,0.5088,0.3949,77.97964500986808,171,614.9400024414062,0.0,0.0
2025-11-25,28.32999992370605,26.979999542236328,28.450000762939453,26.6299991607666,28.32999992370605,56810400.0,177530.9536509628,0,15.174129020696682,177515.7795219421,6266,200.99874144076486,59000,Neutral,45.57026478061845,26.51,28.5395,27.786,24.0773,18.9499,32.209999084472656,-0.9679,SOFI,0.3378,Neutral,0.4746,0.3841,80.08978546253351,171,620.6599731445312,0.0,0.0
2025-11-26,28.489999771118164,28.709999084472656,29.25,28.309999465942383,28.489999771118164,56355000.0,178533.5126948471,0,15.174129020696682,178518.33856582642,6266,202.69799405751792,59000,Neutral,53.93724133203647,26.864,28.419,27.8527,24.1961,19.0022,32.209999084472656,-0.4639,SOFI,0.3608,Neutral,0.4475,0.3872,81.67241331836334,171,624.9500122070312,0.0,0.0
2025-11-27,28.489999771118164,28.709999084472656,29.25,28.309999465942383,28.489999771118164,56355000.0,178533.5126948471,0,15.174129020696682,178518.33856582642,6266,202.69799405751792,59000,Neutral,53.93724133203647,26.864,28.419,27.8527,24.1961,19.0022,32.209999084472656,-0.4639,SOFI,0.3608,Neutral,0.4475,0.3872,81.67241331836334,171,624.9500122070312,0.0,0.0
2025-11-28,29.71999931335449,28.790000915527344,29.75,28.45499992370605,29.71999931335449,26903900.0,186240.6898264999,0,15.174129020696682,186225.51569747922,6266,215.76100614506507,59000,Neutral,54.42296550849508,27.826,28.4535,27.925,24.3262,19.0598,32.209999084472656,0.1633,SOFI,0.3901,Neutral,0.4264,0.4019,82.94881907597889,171,628.4099731445312,0.0,0.0
2025-11-29,29.71999931335449,28.790000915527344,29.75,28.45499992370605,29.71999931335449,26903900.0,186240.6898264999,0,15.174129020696682,186225.51569747922,6266,215.76100614506507,59000,Neutral,54.42296550849508,27.826,28.4535,27.925,24.3262,19.0598,32.209999084472656,0.1633,SOFI,0.3901,Neutral,0.4264,0.4019,82.94881907597889,171,628.4099731445312,0.0,0.0
2025-11-30,29.71999931335449,28.790000915527344,29.75,28.45499992370605,29.71999931335449,26903900.0,186240.6898264999,0,15.174129020696682,186225.51569747922,6266,215.76100614506507,59000,Neutral,54.42296550849508,27.826,28.4535,27.925,24.3262,19.0598,32.209999084472656,0.1633,SOFI,0.3901,Neutral,0.4264,0.4019,82.94881907597889,171,628.4099731445312,0.0,0.0
2025-12-01,29.030000686645508,28.82999992370605,29.700000762939453,28.670000076293945,29.030000686645508,47130600.0,182916.1714115181,0,27.167085651403568,182889.0043258667,6300,204.95910568431853,60000,"cash_0%_Buy 100% of cash (34 shares - DCA Strategy) Monthly invest 1.7% of total investment ($1,000.00)",45.10693208365488,28.594,28.421,27.9822,24.4482,19.113,32.209999084472656,0.3942,SOFI,0.3531,Neutral,0.4342,0.4191,80.78789510797196,173,625.52001953125,0.0,0.0
2025-12-02,29.51000022888184,29.38999938964844,30.420000076293945,29.315000534057617,29.51000022888184,59744800.0,185940.168527607,0,27.167085651403568,185913.0014419556,6300,209.99910087780003,60000,Neutral,45.35483527208216,29.016,28.365,28.0413,24.5687,19.1657,32.209999084472656,0.6304,SOFI,0.3513,Neutral,0.4216,0.4147,81.17744421075514,173,626.5800170898438,0.0,0.0
2025-12-03,29.06999969482422,29.424999237060547,29.93000030517578,29.020000457763672,29.06999969482422,52091100.0,183168.16516304397,0,27.167085651403568,183140.99807739258,6300,205.37909527019502,60000,Neutral,39.30517663377831,29.164,28.35,28.093,24.6867,19.2174,32.209999084472656,0.6486,SOFI,0.3577,Neutral,0.4111,0.4152,81.98227010797197,173,628.77001953125,0.0,0.0
2025-12-04,29.600000381469727,29.03499984741211,29.700000762939453,28.479999542236328,29.600000381469727,63446300.0,186507.16948891067,0,27.167085651403568,186480.00240325928,6300,210.9441024799728,60000,Neutral,55.31168243760213,29.386,28.3265,28.161,24.816,19.2772,32.209999084472656,0.7459,SOFI,0.3549,Neutral,0.4015,0.4211,82.17703344415358,173,629.2999877929688,0.0,0.0
2025-12-05,27.780000686645508,27.364999771118164,27.93000030517578,26.93000030517578,27.780000686645508,138363300.0,175041.1714115181,0,27.167085651403568,175014.0043258667,6300,191.83410568431853,60000,Neutral,49.84177604372658,28.998,28.3575,28.1913,24.9233,19.3303,32.209999084472656,0.3611,SOFI,0.3653,Neutral,0.3917,0.4298,82.61068075250321,173,630.47998046875,0.0,0.0
2025-12-06,27.780000686645508,27.364999771118164,27.93000030517578,26.93000030517578,27.780000686645508,138363300.0,175041.1714115181,0,27.167085651403568,175014.0043258667,6300,191.83410568431853,60000,Neutral,49.84177604372658,28.998,28.3575,28.1913,24.9233,19.3303,32.209999084472656,0.3611,SOFI,0.3653,Neutral,0.3917,0.4298,82.61068075250321,173,630.47998046875,0.0,0.0
2025-12-07,27.780000686645508,27.364999771118164,27.93000030517578,26.93000030517578,27.780000686645508,138363300.0,175041.1714115181,0,27.167085651403568,175014.0043258667,6300,191.83410568431853,60000,Neutral,49.84177604372658,28.998,28.3575,28.1913,24.9233,19.3303,32.209999084472656,0.3611,SOFI,0.3653,Neutral,0.3917,0.4298,82.61068075250321,173,630.47998046875,0.0,0.0
2025-12-08,27.61000061035156,27.729999542236328,27.82999992370605,27.049999237060547,27.61000061035156,65462200.0,173970.1709308662,0,27.167085651403568,173943.00384521481,6300,190.04910488323208,60000,Neutral,52.3690762787323,28.714,28.3275,28.209,25.0332,19.3814,32.209999084472656,0.0618,SOFI,0.3589,Neutral,0.4138,0.4189,81.92345754693682,173,628.6099853515625,0.0,0.0
2025-12-09,26.82999992370605,27.239999771118164,27.450000762939453,26.549999237060547,26.82999992370605,57832100.0,169056.1666049995,0,27.167085651403568,169028.99951934812,6300,181.85909767345422,60000,Neutral,52.45628740651051,28.178,28.142,28.195,25.1288,19.4281,32.209999084472656,-0.3069,SOFI,0.3597,Neutral,0.4185,0.4105,81.7360289580696,173,628.0999755859375,0.0,0.0
2025-12-10,27.09000015258789,26.64999961853028,27.68000030517578,26.479999542236328,27.09000015258789,61267500.0,170694.1680469551,0,27.167085651403568,170667.0009613037,6300,184.58910007671355,60000,Neutral,51.569130069378005,27.782,27.949,28.1895,25.2278,19.4742,32.209999084472656,-0.4648,SOFI,0.3769,Neutral,0.4012,0.403,83.22807806085282,173,632.1599731445312,0.0,0.0
2025-12-11,27.06999969482422,26.84000015258789,27.280000686645508,26.55500030517578,27.06999969482422,42165600.0,170568.16516304397,0,27.167085651403568,170540.99807739258,6300,184.37909527019497,60000,Neutral,60.79999923706053,27.276,27.692,28.1883,25.3254,19.5178,32.209999084472656,-0.5441,SOFI,0.3887,Neutral,0.3845,0.3932,83.79772100518875,173,633.7100219726562,0.0,0.0
2025-12-12,27.280000686645508,27.145000457763672,27.5,26.200000762939453,27.280000686645508,55003200.0,171891.1714115181,0,27.167085651403568,171864.0043258667,6300,186.58410568431856,60000,Neutral,60.52366610451424,27.176,27.6365,28.1745,25.4207,19.5649,32.209999084472656,-0.5155,SOFI,0.3535,Neutral,0.3956,0.3867,81.28401113580398,173,626.8699951171875,0.0,0.0
2025-12-13,27.280000686645508,27.145000457763672,27.5,26.200000762939453,27.280000686645508,55003200.0,171891.1714115181,0,27.167085651403568,171864.0043258667,6300,186.58410568431856,60000,Neutral,60.52366610451424,27.176,27.6365,28.1745,25.4207,19.5649,32.209999084472656,-0.5155,SOFI,0.3535,Neutral,0.3956,0.3867,81.28401113580398,173,626.8699951171875,0.0,0.0
2025-12-14,27.280000686645508,27.145000457763672,27.5,26.200000762939453,27.280000686645508,55003200.0,171891.1714115181,0,27.167085651403568,171864.0043258667,6300,186.58410568431856,60000,Neutral,60.52366610451424,27.176,27.6365,28.1745,25.4207,19.5649,32.209999084472656,-0.5155,SOFI,0.3535,Neutral,0.3956,0.3867,81.28401113580398,173,626.8699951171875,0.0,0.0
2025-12-15,25.81999969482422,27.434999465942383,27.479999542236328,25.790000915527344,25.81999969482422,50190000.0,162693.16516304397,0,27.167085651403568,162665.99807739258,6300,171.25409527019502,60000,Neutral,41.39433800162684,26.818,27.5365,28.113,25.5018,19.6074,32.209999084472656,-0.8052,SOFI,0.3444,Neutral,0.4099,0.3886,80.94959600518877,173,625.9600219726562,0.0,0.0
2025-12-16,26.57999992370605,25.739999771118164,26.739999771118164,25.71999931335449,26.57999992370605,44364700.0,167481.1666049995,0,27.167085651403568,167453.99951934812,6300,179.23409767345422,60000,Neutral,40.28857056002792,26.768,27.5135,28.0592,25.5836,19.654,32.209999084472656,-0.7659,SOFI,0.354,Neutral,0.4156,0.3915,80.30647100518877,173,624.2100219726562,0.0,0.0
2025-12-17,25.270000457763672,26.63999938964844,26.834999084472656,25.170000076293945,25.270000457763672,49987000.0,159228.16996956253,0,27.167085651403568,159201.00288391113,6300,165.47910328105925,60000,Neutral,34.153549423130386,26.404,27.465,27.9955,25.651,19.7004,32.209999084472656,-1.0031,SOFI,0.3344,Neutral,0.4355,0.3925,77.78540395806962,173,617.3499755859375,0.0,0.0
2025-12-18,26.290000915527344,26.18000030517578,26.71500015258789,25.950000762939453,26.290000915527344,45162700.0,165654.17285347366,0,27.167085651403568,165627.00576782227,6300,176.1891080875778,60000,Neutral,32.76383177227915,26.248,27.4435,27.9597,25.7183,19.7481,32.209999084472656,-0.8529,SOFI,0.3487,Neutral,0.4216,0.3918,79.49796651910478,173,622.010009765625,0.0,0.0
2025-12-19,27.239999771118164,26.6200008392334,27.3700008392334,26.280000686645508,27.239999771118164,43950600.0,171639.16564369583,0,27.167085651403568,171611.99855804443,6300,186.16409607128142,60000,Neutral,41.23408223677942,26.24,27.56,27.945,25.7983,19.7979,32.209999084472656,-0.4785,SOFI,0.3826,Neutral,0.3844,0.3919,81.53758703302074,173,627.5599975585938,0.0,0.0
2025-12-20,27.239999771118164,26.6200008392334,27.3700008392334,26.280000686645508,27.239999771118164,43950600.0,171639.16564369583,0,27.167085651403568,171611.99855804443,6300,186.16409607128142,60000,Neutral,41.23408223677942,26.24,27.56,27.945,25.7983,19.7979,32.209999084472656,-0.4785,SOFI,0.3826,Neutral,0.3844,0.3919,81.53758703302074,173,627.5599975585938,0.0,0.0
2025-12-21,27.239999771118164,26.6200008392334,27.3700008392334,26.280000686645508,27.239999771118164,43950600.0,171639.16564369583,0,27.167085651403568,171611.99855804443,6300,186.16409607128142,60000,Neutral,41.23408223677942,26.24,27.56,27.945,25.7983,19.7979,32.209999084472656,-0.4785,SOFI,0.3826,Neutral,0.3844,0.3919,81.53758703302074,173,627.5599975585938,0.0,0.0
2025-12-22,27.350000381469727,27.59499931335449,27.6200008392334,27.100000381469727,27.350000381469727,36160700.0,172332.16948891067,0,27.167085651403568,172305.00240325928,6300,187.31910247997286,60000,Neutral,39.0243954443849,26.546,27.668,27.9345,25.8753,19.8497,32.209999084472656,-0.1804,SOFI,0.3932,Neutral,0.3693,0.4007,82.98589825250318,173,629.72998046875,1.771,0.0
2025-12-23,27.190000534057617,27.06999969482422,27.34000015258789,26.825000762939453,27.190000534057617,26377300.0,171324.17045021438,0,27.167085651403568,171297.003364563,6300,185.6391040821457,60000,Neutral,40.16737178022802,26.668,27.6575,27.9285,25.9471,19.9024,32.209999084472656,-0.0088,SOFI,0.3999,Neutral,0.3667,0.4124,84.06634914972003,173,632.6699829101562,0.0,0.0
2025-12-24,27.479999542236328,27.170000076293945,27.540000915527344,27.030000686645508,27.479999542236328,14424700.0,173151.16420174026,0,27.167085651403568,173123.99711608887,6300,188.68409366802214,60000,Neutral,38.6266068949004,27.11,27.615,27.9462,26.0158,19.9579,32.209999084472656,0.1803,SOFI,0.3952,Neutral,0.3611,0.426,84.84179119683913,173,634.780029296875,0.0,0.0
2025-12-25,27.479999542236328,27.170000076293945,27.540000915527344,27.030000686645508,27.479999542236328,14424700.0,173151.16420174026,0,27.167085651403568,173123.99711608887,6300,188.68409366802214,60000,Neutral,38.6266068949004,27.11,27.615,27.9462,26.0158,19.9579,32.209999084472656,0.1803,SOFI,0.3952,Neutral,0.3611,0.426,84.84179119683913,173,634.780029296875,0.0,0.0
2025-12-26,27.06999969482422,27.540000915527344,27.549999237060547,27.030000686645508,27.06999969482422,24735600.0,170568.16516304397,0,27.167085651403568,170540.99807739258,6300,184.37909527019497,60000,Neutral,45.51200483998651,27.266,27.544,27.968,26.0751,20.0121,32.209999084472656,0.2055,SOFI,0.386,Neutral,0.3639,0.4389,84.86384029962235,173,634.8400268554688,0.0,0.0
2025-12-27,27.06999969482422,27.540000915527344,27.549999237060547,27.030000686645508,27.06999969482422,24735600.0,170568.16516304397,0,27.167085651403568,170540.99807739258,6300,184.37909527019497,60000,Neutral,45.51200483998651,27.266,27.544,27.968,26.0751,20.0121,32.209999084472656,0.2055,SOFI,0.386,Neutral,0.3639,0.4389,84.86384029962235,173,634.8400268554688,0.0,0.0
2025-12-28,27.06999969482422,27.540000915527344,27.549999237060547,27.030000686645508,27.06999969482422,24735600.0,170568.16516304397,0,27.167085651403568,170540.99807739258,6300,184.37909527019497,60000,Neutral,45.51200483998651,27.266,27.544,27.968,26.0751,20.0121,32.209999084472656,0.2055,SOFI,0.386,Neutral,0.3639,0.4389,84.86384029962235,173,634.8400268554688,0.0,0.0
2025-12-29,26.81999969482422,26.8700008392334,27.40999984741211,26.739999771118164,26.81999969482422,26021100.0,168993.16516304397,0,27.167085651403568,168965.99807739258,6300,181.75409527019502,60000,Neutral,45.05631570981764,27.182,27.399,27.9822,26.1301,20.0634,32.209999084472656,0.1636,SOFI,0.3794,Neutral,0.3752,0.4313,84.04062145806964,173,632.5999755859375,0.0,0.0
2025-12-30,26.559999465942383,27.030000686645508,27.13999938964844,26.540000915527344,26.559999465942383,28429400.0,167355.1637210884,0,27.167085651403568,167327.996635437,6300,179.02409286693575,60000,Neutral,48.1927683156506,27.024,27.2755,28.0042,26.1767,20.1095,32.209999084472656,0.0788,SOFI,0.3695,Neutral,0.3752,0.426,83.717219663636,173,631.719970703125,0.0,0.0
2025-12-31,26.18000030517578,26.68000030517578,26.89999961853028,26.059999465942383,26.18000030517578,34070300.0,164961.16900825882,0,27.167085651403568,164934.00192260742,6300,175.0341016788864,60000,Neutral,44.00527121793379,26.822,27.109,28.0012,26.2182,20.1506,32.209999084472656,-0.0576,SOFI,0.3518,Neutral,0.3826,0.4091,82.03040722467117,173,627.1300048828125,0.0,0.0
2026-01-01,26.18000030517578,26.68000030517578,26.89999961853028,26.059999465942383,26.18000030517578,34070300.0,165960.14798824693,0,5.126053737646316,165955.02193450928,6339,172.16463637263033,61000,"cash_0%_Buy 100% of cash (39 shares - DCA Strategy) Monthly invest 1.6% of total investment ($1,000.00)",44.00527121793379,26.822,27.109,28.0012,26.2182,20.1506,32.209999084472656,-0.0576,SOFI,0.3518,Neutral,0.3826,0.4091,80.94291519422461,176,627.1300048828125,0.0,0.0
2026-01-02,27.459999084472656,26.65999984741211,27.5049991607666,25.790000915527344,27.459999084472656,55065600.0,174074.06025020982,0,5.126053737646316,174068.93419647217,6339,185.4661318840449,61000,Neutral,52.20338676209302,26.818,27.0285,27.9898,26.2693,20.1963,32.209999084472656,0.1744,SOFI,0.3491,Neutral,0.3736,0.381,81.37223123729021,176,628.2999877929688,0.0,0.0
2026-01-03,27.459999084472656,26.65999984741211,27.5049991607666,25.790000915527344,27.459999084472656,55065600.0,174074.06025020982,0,5.126053737646316,174068.93419647217,6339,185.4661318840449,61000,Neutral,52.20338676209302,26.818,27.0285,27.9898,26.2693,20.1963,32.209999084472656,0.1744,SOFI,0.3491,Neutral,0.3736,0.381,81.37223123729021,176,628.2999877929688,0.0,0.0
2026-01-04,27.459999084472656,26.65999984741211,27.5049991607666,25.790000915527344,27.459999084472656,55065600.0,174074.06025020982,0,5.126053737646316,174068.93419647217,6339,185.4661318840449,61000,Neutral,52.20338676209302,26.818,27.0285,27.9898,26.2693,20.1963,32.209999084472656,0.1744,SOFI,0.3491,Neutral,0.3736,0.381,81.37223123729021,176,628.2999877929688,0.0,0.0
2026-01-05,29.280000686645508,27.809999465942383,29.86000061035156,27.600000381469727,29.280000686645508,73826300.0,185611.05040638353,0,5.126053737646316,185605.92435264587,6339,204.3792305007231,61000,Neutral,59.56023028228034,27.26,27.0125,28.0108,26.3386,20.2437,32.209999084472656,0.749,SOFI,0.3644,Neutral,0.3793,0.3985,82.89872311810115,176,632.4600219726562,0.0,0.0
2026-01-06,26.979999542236328,29.229999542236328,29.299999237060547,26.030000686645508,26.979999542236328,120271300.0,171031.34315197374,0,5.126053737646316,171026.21709823608,6339,180.47807106726447,61000,Neutral,55.132743034210414,27.292,26.9725,27.9863,26.3852,20.2828,32.209999084472656,0.5395,SOFI,0.3627,Neutral,0.3755,0.4008,84.2747561759524,176,636.2100219726562,0.0,0.0
2026-01-07,27.0,26.864999771118164,27.18000030517578,26.364999771118164,27.0,43444900.0,171158.12605373765,0,5.126053737646316,171153.0,6339,180.68591188982822,61000,Neutral,51.988636825449255,27.38,26.942,27.9998,26.4261,20.3202,32.209999084472656,0.3926,SOFI,0.3618,Neutral,0.388,0.397,83.52617985880363,176,634.1699829101562,0.0,0.0
2026-01-08,27.71999931335449,27.0,28.05500030517578,26.56999969482422,27.71999931335449,50496100.0,175722.20170109175,0,5.126053737646316,175717.0756473541,6339,188.16800311499887,61000,Neutral,62.28685568869159,27.688,26.9865,28.0095,26.4753,20.361,32.209999084472656,0.4559,SOFI,0.3528,Neutral,0.3849,0.4079,83.48582159756913,176,634.0599975585938,0.0,0.0
2026-01-09,27.39999961853028,27.80500030517578,28.375,27.229999542236328,27.39999961853028,43777000.0,173693.7236356011,0,5.126053737646316,173688.59758186346,6339,184.8426292371454,61000,Neutral,55.98704895672954,27.676,27.002,28.0017,26.5273,20.4082,32.209999084472656,0.403,SOFI,0.3728,Neutral,0.369,0.4334,85.04532572980051,176,638.3099975585938,0.0,0.0
2026-01-10,27.39999961853028,27.80500030517578,28.375,27.229999542236328,27.39999961853028,43777000.0,173693.7236356011,0,5.126053737646316,173688.59758186346,6339,184.8426292371454,61000,Neutral,55.98704895672954,27.676,27.002,28.0017,26.5273,20.4082,32.209999084472656,0.403,SOFI,0.3728,Neutral,0.369,0.4334,85.04532572980051,176,638.3099975585938,0.0,0.0
2026-01-11,27.39999961853028,27.80500030517578,28.375,27.229999542236328,27.39999961853028,43777000.0,173693.7236356011,0,5.126053737646316,173688.59758186346,6339,184.8426292371454,61000,Neutral,55.98704895672954,27.676,27.002,28.0017,26.5273,20.4082,32.209999084472656,0.403,SOFI,0.3728,Neutral,0.369,0.4334,85.04532572980051,176,638.3099975585938,0.0,0.0
2026-01-12,26.600000381469727,27.290000915527344,27.31599998474121,26.200000762939453,26.600000381469727,49134000.0,168622.52847187425,0,5.126053737646316,168617.4024181366,6339,176.52919454251116,61000,Neutral,46.49123100546146,27.14,26.9785,27.9778,26.5742,20.4517,32.209999084472656,0.1669,SOFI,0.3695,Neutral,0.3798,0.4432,85.42328689328193,176,639.3400268554688,0.0,0.0
2026-01-13,27.13999938964844,26.700000762939453,27.200000762939453,26.21999931335449,27.13999938964844,45562900.0,172045.58218471913,0,5.126053737646316,172040.45613098147,6339,182.1407580061913,61000,Neutral,48.90051806000023,27.172,26.9715,27.9868,26.6207,20.4981,32.209999084472656,0.1415,SOFI,0.3712,Neutral,0.3974,0.4722,84.94259357426077,176,638.030029296875,0.0,0.0
2026-01-14,26.670000076293945,27.0,27.084999084472656,25.920000076293945,26.670000076293945,40864200.0,169066.25653736497,0,5.126053737646316,169061.13048362732,6339,177.2566176006927,61000,Neutral,47.36307998602568,27.106,27.014,27.989,26.6637,20.5407,32.209999084472656,0.0124,SOFI,0.356,Neutral,0.4129,0.5163,83.66194666213525,176,634.5399780273438,0.0,0.0
2026-01-15,26.440000534057617,26.809999465942383,27.32999992370605,26.209999084472656,26.440000534057617,47958300.0,167608.2894391289,0,5.126053737646316,167603.16338539124,6339,174.86650760358435,61000,Neutral,44.69388116553046,26.85,27.007,27.9517,26.7073,20.5852,32.209999084472656,-0.1192,SOFI,0.3621,Neutral,0.3938,0.5186,84.4251926025407,176,636.6199951171875,0.0,0.0
2026-01-16,26.1299991607666,26.540000915527344,26.780000686645508,26.01000022888184,26.1299991607666,40832300.0,165643.19073383714,0,5.126053737646316,165638.0646800995,6339,171.64503431622086,61000,Neutral,45.15463585072577,26.596,27.05,27.908,26.7499,20.6299,32.209999084472656,-0.2646,SOFI,0.3526,Neutral,0.3867,0.5139,84.23072490981085,176,636.0900268554688,0.0,0.0
2026-01-17,26.1299991607666,26.540000915527344,26.780000686645508,26.01000022888184,26.1299991607666,40832300.0,165643.19073383714,0,5.126053737646316,165638.0646800995,6339,171.64503431622086,61000,Neutral,45.15463585072577,26.596,27.05,27.908,26.7499,20.6299,32.209999084472656,-0.2646,SOFI,0.3526,Neutral,0.3867,0.5139,84.23072490981085,176,636.0900268554688,0.0,0.0
2026-01-18,26.1299991607666,26.540000915527344,26.780000686645508,26.01000022888184,26.1299991607666,40832300.0,165643.19073383714,0,5.126053737646316,165638.0646800995,6339,171.64503431622086,61000,Neutral,45.15463585072577,26.596,27.05,27.908,26.7499,20.6299,32.209999084472656,-0.2646,SOFI,0.3526,Neutral,0.3867,0.5139,84.23072490981085,176,636.0900268554688,0.0,0.0
2026-01-19,26.1299991607666,26.540000915527344,26.780000686645508,26.01000022888184,26.1299991607666,40832300.0,165643.19073383714,0,5.126053737646316,165638.0646800995,6339,171.64503431622086,61000,Neutral,45.15463585072577,26.596,27.05,27.908,26.7499,20.6299,32.209999084472656,-0.2646,SOFI,0.3526,Neutral,0.3867,0.5139,84.23072490981085,176,636.0900268554688,0.0,0.0
2026-01-20,25.489999771118164,25.440000534057617,26.34000015258789,25.209999084472656,25.489999771118164,37001100.0,161586.2346028557,0,5.126053737646316,161581.10854911804,6339,164.99428656051356,61000,Neutral,43.409315386483904,26.374,27.01,27.8797,26.7757,20.6724,32.209999084472656,-0.4901,SOFI,0.2983,Neutral,0.4624,0.5046,79.48249260899735,176,623.1500244140625,0.0,0.0
2026-01-21,25.63999938964844,25.5,26.049999237060547,24.950000762939453,25.63999938964844,50248300.0,162537.08218471913,0,5.126053737646316,162531.95613098147,6339,166.5530530881585,61000,Neutral,45.39078008857517,26.074,26.93,27.839,26.8071,20.7147,32.209999084472656,-0.5655,SOFI,0.3382,Neutral,0.4074,0.4983,82.12080755443895,176,630.3400268554688,0.0,0.0
2026-01-22,26.09000015258789,26.18000030517578,26.38999938964844,26.0,26.09000015258789,35356300.0,165389.6370209923,0,5.126053737646316,165384.51096725464,6339,171.22937249188504,61000,Neutral,49.55223801283484,25.958,26.867,27.7903,26.8363,20.7617,32.209999084472656,-0.4681,SOFI,0.3573,Neutral,0.3832,0.4955,83.30602352809598,176,633.5700073242188,0.0,0.0
2026-01-23,25.850000381469727,26.0,26.1299991607666,25.600000381469727,25.850000381469727,34264200.0,163868.27847187425,0,5.126053737646316,163863.1524181366,6339,168.73534208349477,61000,Neutral,41.0654902213985,25.84,26.8,27.7212,26.8748,20.8073,32.209999084472656,-0.4319,SOFI,0.344,Neutral,0.3934,0.5158,83.40143207019307,176,633.8300170898438,0.0,0.0
2026-01-24,25.850000381469727,26.0,26.1299991607666,25.600000381469727,25.850000381469727,34264200.0,163868.27847187425,0,5.126053737646316,163863.1524181366,6339,168.73534208349477,61000,Neutral,41.0654902213985,25.84,26.8,27.7212,26.8748,20.8073,32.209999084472656,-0.4319,SOFI,0.344,Neutral,0.3934,0.5158,83.40143207019307,176,633.8300170898438,0.0,0.0
2026-01-25,25.850000381469727,26.0,26.1299991607666,25.600000381469727,25.850000381469727,34264200.0,163868.27847187425,0,5.126053737646316,163863.1524181366,6339,168.73534208349477,61000,Neutral,41.0654902213985,25.84,26.8,27.7212,26.8748,20.8073,32.209999084472656,-0.4319,SOFI,0.344,Neutral,0.3934,0.5158,83.40143207019307,176,633.8300170898438,0.0,0.0
2026-01-26,25.799999237060547,25.89999961853028,26.39999961853028,25.770000457763672,25.799999237060547,36320300.0,163551.32121746446,0,5.126053737646316,163546.1951637268,6339,168.21574002708533,61000,Neutral,25.96684005801079,25.774,26.716,27.6235,26.9081,20.8517,32.209999084472656,-0.3894,SOFI,0.3496,Neutral,0.396,0.5325,84.59766705857118,176,637.0900268554688,0.0,0.0
2026-01-27,25.459999084472656,25.89999961853028,25.93000030517578,25.209999084472656,25.459999084472656,38768100.0,161396.06025020982,0,5.126053737646316,161390.93419647217,6339,164.68252532666787,61000,Neutral,35.606052943386416,25.768,26.6355,27.5328,26.9407,20.896,32.209999084472656,-0.4149,SOFI,0.3502,Neutral,0.3998,0.5624,85.55538069170652,176,639.7000122070312,0.0,0.0
2026-01-28,24.600000381469727,25.5,25.790000915527344,24.56999969482422,24.600000381469727,48776100.0,155944.52847187425,0,5.126053737646316,155939.4024181366,6339,155.74558798513414,61000,Neutral,30.39215044624811,25.56,26.5245,27.459,26.9669,20.937,32.209999084472656,-0.6095,SOFI,0.3464,Neutral,0.3995,0.5854,85.55170768679952,176,639.6900024414062,0.0,0.0
2026-01-29,24.36000061035156,24.864999771118164,25.1200008392334,24.049999237060547,24.36000061035156,67935300.0,154423.16992275618,0,5.126053737646316,154418.04386901853,6339,153.25155757674383,61000,Neutral,20.21276415860359,25.214,26.4145,27.3703,26.9859,20.9752,32.209999084472656,-0.7494,SOFI,0.3395,Neutral,0.4128,0.6307,85.0306561065438,176,638.27001953125,0.0,0.0
2026-01-30,22.809999465942383,25.43000030517578,25.46999931335449,22.309999465942383,22.809999465942383,131667900.0,144597.71266834642,0,5.126053737646316,144592.58661460876,6339,137.1442506023016,61000,Neutral,16.593880158518218,24.606,26.246,27.24,26.9918,21.0027,32.209999084472656,-1.1758,SOFI,0.3326,Neutral,0.4231,0.6378,84.27840678448806,176,636.219970703125,0.0,0.0
2026-01-31,22.809999465942383,25.43000030517578,25.46999931335449,22.309999465942383,22.809999465942383,131667900.0,144597.71266834642,0,5.126053737646316,144592.58661460876,6339,137.1442506023016,61000,Neutral,16.593880158518218,24.606,26.246,27.24,26.9918,21.0027,32.209999084472656,-1.1758,SOFI,0.3326,Neutral,0.4231,0.6378,84.27840678448806,176,636.219970703125,0.0,0.0
2026-02-01,22.809999465942383,25.43000030517578,25.46999931335449,22.309999465942383,22.809999465942383,131667900.0,145596.70902836992,0,0.48243725968006856,145596.22659111023,6383,134.9322216571162,62000,"cash_0%_Buy 100% of cash (44 shares - DCA Strategy) Monthly invest 1.6% of total investment ($1,000.00)",16.593880158518218,24.606,26.246,27.24,26.9918,21.0027,32.209999084472656,-1.1758,SOFI,0.3326,Neutral,0.4231,0.6378,83.18242302842688,177,636.219970703125,0.0,0.0
2026-02-02,22.07999992370605,22.51000022888184,23.0,21.86000061035156,22.07999992370605,64063800.0,140937.1219502754,0,0.48243725968006856,140936.63951301572,6383,127.41675862793149,62000,Neutral,16.76469878754324,23.862,25.977,27.1185,26.989,21.0246,32.209999084472656,-1.563,SOFI,0.3707,Neutral,0.403,0.5837,84.44448022337119,177,639.6799926757812,0.0,0.0
2026-02-03,21.76000022888184,23.049999237060547,23.36000061035156,21.020000457763672,21.76000022888184,92380200.0,138894.56389821248,0,0.48243725968006856,138894.0814609528,6383,124.12231015686228,62000,Neutral,9.11854693657486,23.122,25.601,26.98,26.9733,21.0478,32.209999084472656,-1.8017,SOFI,0.3489,Neutral,0.4351,0.5629,82.42740163610492,177,634.1500244140625,0.0,0.0
2026-02-04,20.75,21.489999771118164,21.76499938964844,20.06999969482422,20.75,85930900.0,132447.7324372597,0,0.48243725968006856,132447.25,6383,113.724194897261,62000,Neutral,8.426970656569864,22.352,25.2895,26.8732,26.9478,21.0695,32.209999084472656,-2.1159,SOFI,0.3548,Neutral,0.4471,0.5836,81.24557965664471,177,630.9099731445312,0.0,0.0
2026-02-05,19.459999084472656,20.229999542236328,20.39999961853028,19.194000244140625,19.459999084472656,87454700.0,124213.65659344864,0,0.48243725968006856,124213.17415618896,6383,100.44342740724319,62000,Neutral,7.334966004667649,21.372,24.9125,26.7273,26.9158,21.0894,32.209999084472656,-2.5464,SOFI,0.3048,Neutral,0.5125,0.5785,78.39685103896096,177,623.0999755859375,0.0,0.0
2026-02-06,20.86000061035156,20.290000915527344,21.15999984741211,20.040000915527344,20.86000061035156,67020900.0,133149.8663331337,0,0.48243725968006856,133149.383895874,6383,114.8566689228642,62000,Neutral,21.57498810222148,20.982,24.5695,26.566,26.8916,21.1165,32.209999084472656,-2.2898,SOFI,0.3379,Neutral,0.4817,0.582,82.8249711361369,177,635.239990234375,0.0,0.0
2026-02-07,20.86000061035156,20.290000915527344,21.15999984741211,20.040000915527344,20.86000061035156,67020900.0,133149.8663331337,0,0.48243725968006856,133149.383895874,6383,114.8566689228642,62000,Neutral,21.57498810222148,20.982,24.5695,26.566,26.8916,21.1165,32.209999084472656,-2.2898,SOFI,0.3379,Neutral,0.4817,0.582,82.8249711361369,177,635.239990234375,0.0,0.0
2026-02-08,20.86000061035156,20.290000915527344,21.15999984741211,20.040000915527344,20.86000061035156,67020900.0,133149.8663331337,0,0.48243725968006856,133149.383895874,6383,114.8566689228642,62000,Neutral,21.57498810222148,20.982,24.5695,26.566,26.8916,21.1165,32.209999084472656,-2.2898,SOFI,0.3379,Neutral,0.4817,0.582,82.8249711361369,177,635.239990234375,0.0,0.0
2026-02-09,21.350000381469727,21.290000915527344,21.59000015258789,20.799999237060547,21.350000381469727,64079400.0,136277.53487218096,0,0.48243725968006856,136277.05243492126,6383,119.90129559874691,62000,Neutral,27.302641760716497,20.836,24.267,26.406,26.8676,21.1475,32.209999084472656,-1.843,SOFI,0.3877,Neutral,0.427,0.6126,83.91558232818352,177,638.22998046875,0.0,0.0
2026-02-10,21.18000030517578,21.09000015258789,22.0,21.049999237060547,21.18000030517578,55796600.0,135192.4243851967,0,0.48243725968006856,135191.941947937,6383,118.1511173939336,62000,Neutral,25.60176410905352,20.72,23.996,26.2222,26.8545,21.1754,32.209999084472656,-1.4761,SOFI,0.3978,Neutral,0.4383,0.6137,83.27361155301702,177,636.469970703125,0.0,0.0
2026-02-11,20.549999237060547,21.100000381469727,21.100000381469727,20.13999938964844,20.549999237060547,52565000.0,131171.12756741716,0,0.48243725968006856,131170.64513015747,6383,111.66515478461176,62000,Neutral,20.278976237146367,20.68,23.6665,26.0915,26.8381,21.2024,32.209999084472656,-1.3071,SOFI,0.3864,Neutral,0.4336,0.6133,83.24809835741635,177,636.4000244140625,0.0,0.0
2026-02-12,19.299999237060547,20.790000915527344,20.790000915527344,19.040000915527344,19.299999237060547,63515100.0,123192.37756741715,0,0.48243725968006856,123191.89513015747,6383,98.79620317170851,62000,Neutral,18.29623052284782,20.648,23.298,25.9495,26.8045,21.2225,32.209999084472656,-1.4545,SOFI,0.3661,Neutral,0.4985,0.5993,79.63337277548118,177,626.489990234375,0.0,0.0
2026-02-13,19.61000061035156,19.280000686645508,19.8700008392334,19.14999961853028,19.61000061035156,43139300.0,125171.11633313367,0,0.48243725968006856,125170.633895874,6383,101.98771730996097,62000,Neutral,20.77433282446705,20.398,22.9565,25.8257,26.7594,21.2477,32.209999084472656,-1.3437,SOFI,0.3659,Neutral,0.4987,0.5892,79.7792833199548,177,626.8900146484375,0.0,0.0
2026-02-14,19.61000061035156,19.280000686645508,19.8700008392334,19.14999961853028,19.61000061035156,43139300.0,125171.11633313367,0,0.48243725968006856,125170.633895874,6383,101.98771730996097,62000,Neutral,20.77433282446705,20.398,22.9565,25.8257,26.7594,21.2477,32.209999084472656,-1.3437,SOFI,0.3659,Neutral,0.4987,0.5892,79.7792833199548,177,626.8900146484375,0.0,0.0
2026-02-15,19.61000061035156,19.280000686645508,19.8700008392334,19.14999961853028,19.61000061035156,43139300.0,125171.11633313367,0,0.48243725968006856,125170.633895874,6383,101.98771730996097,62000,Neutral,20.77433282446705,20.398,22.9565,25.8257,26.7594,21.2477,32.209999084472656,-1.3437,SOFI,0.3659,Neutral,0.4987,0.5892,79.7792833199548,177,626.8900146484375,0.0,0.0
2026-02-16,19.61000061035156,19.280000686645508,19.8700008392334,19.14999961853028,19.61000061035156,43139300.0,125171.11633313367,0,0.48243725968006856,125170.633895874,6383,101.98771730996097,62000,Neutral,20.77433282446705,20.398,22.9565,25.8257,26.7594,21.2477,32.209999084472656,-1.3437,SOFI,0.3659,Neutral,0.4987,0.5892,79.7792833199548,177,626.8900146484375,0.0,0.0
2026-02-17,19.51000022888184,19.40999984741211,19.84000015258789,19.11000061035156,19.51000022888184,49681800.0,124532.81389821247,0,0.48243725968006856,124532.33146095279,6383,100.95819725363643,62000,Neutral,21.25605582945397,20.03,22.6255,25.7135,26.7041,21.2745,32.209999084472656,-1.189,SOFI,0.4092,Neutral,0.4922,0.548,80.18050392302217,177,627.989990234375,0.0,0.0
2026-02-18,19.540000915527344,19.46999931335449,20.01000022888184,19.225000381469727,19.540000915527344,59588800.0,124724.30828107071,0,0.48243725968006856,124723.82584381104,6383,101.26705916147232,62000,Neutral,23.42438980410617,19.702,22.328,25.5938,26.6534,21.2999,32.209999084472656,-0.9716,SOFI,0.4166,Neutral,0.4737,0.5576,81.35502369641162,177,631.2100219726562,0.0,0.0
2026-02-19,19.299999237060547,19.32999992370605,19.479999542236328,18.96999931335449,19.299999237060547,53391100.0,123192.37756741715,0,0.48243725968006856,123191.89513015747,6383,98.79620317170851,62000,Neutral,23.424385110992745,19.452,22.011,25.5003,26.6062,21.3285,32.209999084472656,-0.8044,SOFI,0.4237,Neutral,0.4855,0.5911,80.74223948270452,177,629.530029296875,0.0,0.0
2026-02-20,19.020000457763672,19.084999084472656,19.190000534057617,18.51499938964844,19.020000457763672,68549800.0,121405.1453591652,0,0.48243725968006856,121404.66292190552,6383,95.91357057775376,62000,Neutral,27.03032497267864,19.396,21.6575,25.3975,26.5477,21.3552,32.209999084472656,-0.6891,SOFI,0.417,Neutral,0.463,0.6171,82.39456397161013,177,634.0599975585938,0.0,0.0
2026-02-21,19.020000457763672,19.084999084472656,19.190000534057617,18.51499938964844,19.020000457763672,68549800.0,121405.1453591652,0,0.48243725968006856,121404.66292190552,6383,95.91357057775376,62000,Neutral,27.03032497267864,19.396,21.6575,25.3975,26.5477,21.3552,32.209999084472656,-0.6891,SOFI,0.417,Neutral,0.463,0.6171,82.39456397161013,177,634.0599975585938,0.0,0.0
2026-02-22,19.020000457763672,19.084999084472656,19.190000534057617,18.51499938964844,19.020000457763672,68549800.0,121405.1453591652,0,0.48243725968006856,121404.66292190552,6383,95.91357057775376,62000,Neutral,27.03032497267864,19.396,21.6575,25.3975,26.5477,21.3552,32.209999084472656,-0.6891,SOFI,0.417,Neutral,0.463,0.6171,82.39456397161013,177,634.0599975585938,0.0,0.0
2026-02-23,18.21999931335449,18.729999542236328,18.7549991607666,17.579999923706055,18.21999931335449,82932900.0,116298.73805440137,0,0.48243725968006856,116298.2556171417,6383,87.67742976361853,62000,Neutral,26.802901368154597,19.118,21.276,25.2445,26.4867,21.3846,32.209999084472656,-0.7759,SOFI,0.3839,Neutral,0.5058,0.6414,80.04919779068993,177,627.6300048828125,0.0,0.0
2026-02-24,18.65999984741211,18.0,18.709999084472656,17.889999389648438,18.65999984741211,62839300.0,119107.26146329117,0,0.48243725968006856,119106.7790260315,6383,92.20730622956982,62000,Neutral,31.63508659331815,18.948,20.919,25.0833,26.4347,21.4154,32.209999084472656,-0.5973,SOFI,0.4166,Neutral,0.4807,0.6648,81.71977779477231,177,632.2100219726562,0.0,0.0
2026-02-25,19.290000915527344,19.280000686645508,19.6200008392334,18.93000030517578,19.290000915527344,67462500.0,123128.55828107071,0,0.48243725968006856,123128.07584381104,6383,98.69326883889168,62000,Neutral,40.94294383550816,18.898,20.6105,24.93,26.3913,21.4461,32.209999084472656,-0.1917,SOFI,0.4272,Neutral,0.4489,0.6669,83.64931896048373,177,637.5,0.0,0.0
2026-02-26,19.100000381469727,19.190000534057617,19.559999465942383,18.96999931335449,19.100000381469727,69888000.0,121915.78487218094,0,0.48243725968006856,121915.30243492126,6383,96.73718269552107,62000,Neutral,47.413805624424334,18.858,20.3355,24.753,26.339,21.4782,32.209999084472656,0.0782,SOFI,0.4193,Neutral,0.4656,0.6606,82.3763307192568,177,634.010009765625,0.0,0.0
2026-02-27,17.760000228881836,18.15999984741211,18.209999084472656,17.309999465942383,17.760000228881836,115602700.0,113362.56389821244,0,0.48243725968006856,113362.08146095276,6383,82.94166499557187,62000,Neutral,27.536252716241293,18.606,20.0055,24.5652,26.2737,21.5019,32.209999084472656,-0.1257,SOFI,0.4037,Neutral,0.4983,0.6707,81.32218603191689,177,631.1199951171875,0.0,0.0
2026-02-28,17.760000228881836,18.15999984741211,18.209999084472656,17.309999465942383,17.760000228881836,115602700.0,113362.56389821244,0,0.48243725968006856,113362.08146095276,6383,82.94166499557187,62000,Neutral,27.536252716241293,18.606,20.0055,24.5652,26.2737,21.5019,32.209999084472656,-0.1257,SOFI,0.4037,Neutral,0.4983,0.6707,81.32218603191689,177,631.1199951171875,0.0,0.0
2026-03-01,17.760000228881836,18.15999984741211,18.209999084472656,17.309999465942383,17.760000228881836,115602700.0,114361.56933819962,0,4.927864429479996,114356.64147377014,6439,81.62512053527983,63000,"cash_0%_Buy 100% of cash (56 shares - DCA Strategy) Monthly invest 1.6% of total investment ($1,000.00)",27.536252716241293,18.606,20.0055,24.5652,26.2737,21.5019,32.209999084472656,-0.1257,SOFI,0.4037,Neutral,0.4983,0.6707,80.25863806859294,179,631.1199951171875,0.0,0.0
2026-03-02,18.38999938964844,17.145000457763672,18.40999984741211,16.799999237060547,18.38999938964844,74612700.0,118418.1339343758,0,4.927864429479996,118413.20606994632,6439,88.06411195778172,63000,GeoWatch,28.977285504082783,18.64,19.7845,24.3798,26.2106,21.5272,32.209999084472656,0.017,SOFI,0.378,GeoWatch,0.5164,0.7269,80.31679683145501,179,631.280029296875,0.0,0.0
2026-03-03,18.61000061035156,18.0,19.040000915527344,17.690000534057617,18.61000061035156,71879300.0,119834.72179448316,0,4.927864429479996,119829.79393005368,6439,90.31266411668228,63000,GeoWatch,31.875903568432804,18.63,19.611,24.2055,26.1493,21.5549,32.209999084472656,0.2424,SOFI,0.3523,GeoWatch,0.5571,0.7882,78.27802387628162,179,625.6699829101562,0.0,0.0
2026-03-04,18.700000762939453,19.059999465942383,19.280000686645508,18.61000061035156,18.700000762939453,62745900.0,120414.23277699662,0,4.927864429479996,120409.30491256714,6439,91.23252281908461,63000,GeoWatch,35.87788904775354,18.512,19.458,24.0238,26.0924,21.5798,32.209999084472656,0.4669,SOFI,0.4049,GeoWatch,0.5045,0.8304,79.91702742525263,179,630.1799926757812,0.0,0.0
2026-03-05,19.25,18.64999961853028,19.479999542236328,18.63999938964844,19.25,68834400.0,123955.67786442948,0,4.927864429479996,123950.75,6439,96.85386422770819,63000,GeoWatch,49.57265653936242,18.542,19.383,23.8817,26.0365,21.6073,32.209999084472656,0.832,SOFI,0.3634,GeoWatch,0.548,0.8637,78.69232188266497,179,626.8099975585938,0.0,0.0
2026-03-06,18.89999961853028,18.48500061035156,19.2450008392334,18.1200008392334,18.89999961853028,76383800.0,121702.02540814596,0,4.927864429479996,121697.09754371647,6439,93.27663810662322,63000,RiskWatch,43.972832125293,18.77,19.355,23.7365,25.9728,21.6325,32.209999084472656,0.9676,SOFI,0.2974,RiskWatch,0.6526,0.8979,75.66870946483914,179,618.489990234375,0.0,0.0
2026-03-07,18.89999961853028,18.48500061035156,19.2450008392334,18.1200008392334,18.89999961853028,76383800.0,121702.02540814596,0,4.927864429479996,121697.09754371647,6439,93.27663810662322,63000,RiskWatch,43.972832125293,18.77,19.355,23.7365,25.9728,21.6325,32.209999084472656,0.9676,SOFI,0.2974,RiskWatch,0.6526,0.8979,75.66870946483914,179,618.489990234375,0.0,0.0
2026-03-08,18.89999961853028,18.48500061035156,19.2450008392334,18.1200008392334,18.89999961853028,76383800.0,121702.02540814596,0,4.927864429479996,121697.09754371647,6439,93.27663810662322,63000,RiskWatch,43.972832125293,18.77,19.355,23.7365,25.9728,21.6325,32.209999084472656,0.9676,SOFI,0.2974,RiskWatch,0.6526,0.8979,75.66870946483914,179,618.489990234375,0.0,0.0
2026-03-09,18.790000915527344,18.32999992370605,18.94499969482422,17.770000457763672,18.790000915527344,75562800.0,120993.74375951005,0,4.927864429479996,120988.81589508057,6439,92.15238152148687,63000,GeoWatch,43.89831445436442,18.85,19.2515,23.6025,25.8988,21.6536,32.209999084472656,1.0284,SOFI,0.3297,GeoWatch,0.5914,0.9015,77.59844028491344,179,623.7999877929688,0.0,0.0
2026-03-10,18.290000915527344,18.920000076293945,19.02499961853028,18.040000915527344,18.290000915527344,62077100.0,117774.24375951005,0,4.927864429479996,117769.31589508057,6439,87.04206406116941,63000,GeoWatch,40.18838727604384,18.786,19.0985,23.4558,25.8227,21.6734,32.209999084472656,0.906,SOFI,0.3924,GeoWatch,0.5713,0.9173,77.20594626933612,179,622.719970703125,0.0,0.0
2026-03-11,18.530000686645508,18.38999938964844,18.850000381469727,17.969999313354492,18.530000686645508,59435000.0,119319.60228573991,0,4.927864429479996,119314.67442131042,6439,89.4950141028041,63000,GeoWatch,43.95605613053809,18.752,18.966,23.3135,25.7509,21.6961,32.209999084472656,0.9191,SOFI,0.4689,GeoWatch,0.5573,0.9246,76.95521146560134,179,622.030029296875,0.0,0.0
2026-03-12,17.700000762939453,18.21999931335449,18.549999237060547,17.6200008392334,17.700000762939453,63114900.0,113975.23277699662,0,4.927864429479996,113970.30491256714,6439,81.01188789844969,63000,GeoWatch,40.462432684669615,18.442,18.8235,23.1538,25.6642,21.719,32.209999084472656,0.6544,SOFI,0.418,GeoWatch,0.611,0.926,73.49185935527359,179,612.5,0.0,0.0
2026-03-13,17.760000228881836,17.799999237060547,18.14999961853028,17.530000686645508,17.760000228881836,56401700.0,114361.56933819962,0,4.927864429479996,114356.64147377014,6439,81.62512053527983,63000,GeoWatch,46.27832474306352,18.214,18.7465,23.0195,25.5663,21.7437,32.209999084472656,0.5251,SOFI,0.4274,GeoWatch,0.616,0.9186,72.25262521250494,179,609.0900268554688,0.0,0.0
2026-03-14,17.760000228881836,17.799999237060547,18.14999961853028,17.530000686645508,17.760000228881836,56401700.0,114361.56933819962,0,4.927864429479996,114356.64147377014,6439,81.62512053527983,63000,GeoWatch,46.27832474306352,18.214,18.7465,23.0195,25.5663,21.7437,32.209999084472656,0.5251,SOFI,0.4274,GeoWatch,0.616,0.9186,72.25262521250494,179,609.0900268554688,0.0,0.0
2026-03-15,17.760000228881836,17.799999237060547,18.14999961853028,17.530000686645508,17.760000228881836,56401700.0,114361.56933819962,0,4.927864429479996,114356.64147377014,6439,81.62512053527983,63000,GeoWatch,46.27832474306352,18.214,18.7465,23.0195,25.5663,21.7437,32.209999084472656,0.5251,SOFI,0.4274,GeoWatch,0.616,0.9186,72.25262521250494,179,609.0900268554688,0.0,0.0
2026-03-16,17.6299991607666,18.0,18.06999969482422,17.469999313354492,17.6299991607666,66832200.0,113524.49246060563,0,4.927864429479996,113519.56459617615,6439,80.29642707878143,63000,GeoWatch,41.226571214766444,17.982,18.6475,22.8703,25.4648,21.7687,32.209999084472656,0.4224,SOFI,0.3653,GeoWatch,0.5567,0.9108,74.46944560837002,179,615.1900024414062,0.0,0.0
2026-03-17,17.3700008392334,17.719999313354492,18.2549991607666,16.479999542236328,17.3700008392334,160394800.0,111850.36326825334,0,4.927864429479996,111845.43540382385,6439,77.63907915441273,63000,GeoWatch,32.54544779879754,17.798,18.5405,22.7387,25.3671,21.7914,32.209999084472656,0.2953,SOFI,0.4235,GeoWatch,0.5339,0.8984,75.08725492263261,179,616.8900146484375,0.0,0.0
2026-03-18,17.18000030517578,17.43000030517578,18.030000686645508,17.15999984741211,17.18000030517578,80507500.0,110626.94982945634,0,4.927864429479996,110622.02196502686,6439,75.69715306108415,63000,GeoWatch,32.54544779879754,17.528,18.4225,22.5868,25.2733,21.8117,32.209999084472656,0.1818,SOFI,0.3594,GeoWatch,0.5754,0.8862,71.9945928370762,179,608.3800048828125,0.0,0.0
2026-03-19,17.079999923706055,16.75,17.295000076293945,16.579999923706055,17.079999923706055,72088500.0,109983.04737317277,0,4.927864429479996,109978.11950874329,6439,74.67508567015786,63000,GeoWatch,42.01877261619384,17.404,18.3115,22.4175,25.1813,21.8385,32.209999084472656,0.1131,SOFI,0.352,GeoWatch,0.5621,0.8598,71.40950059955713,179,606.77001953125,0.0,0.0
2026-03-20,16.899999618530273,16.915000915527344,17.408000946044922,16.670000076293945,16.899999618530273,78470700.0,108824.02540814591,0,4.927864429479996,108819.09754371643,6439,72.83536826535332,63000,GeoWatch,30.446194488512543,17.232,18.2055,22.2433,25.0889,21.8691,32.209999084472656,0.0475,SOFI,0.3095,GeoWatch,0.5989,0.8286,68.20054316934565,179,597.9400024414062,0.0,0.0
2026-03-21,16.899999618530273,16.915000915527344,17.408000946044922,16.670000076293945,16.899999618530273,78470700.0,108824.02540814591,0,4.927864429479996,108819.09754371643,6439,72.83536826535332,63000,GeoWatch,30.446194488512543,17.232,18.2055,22.2433,25.0889,21.8691,32.209999084472656,0.0475,SOFI,0.3095,GeoWatch,0.5989,0.8286,68.20054316934565,179,597.9400024414062,0.0,0.0
2026-03-22,16.899999618530273,16.915000915527344,17.408000946044922,16.670000076293945,16.899999618530273,78470700.0,108824.02540814591,0,4.927864429479996,108819.09754371643,6439,72.83536826535332,63000,GeoWatch,30.446194488512543,17.232,18.2055,22.2433,25.0889,21.8691,32.209999084472656,0.0475,SOFI,0.3095,GeoWatch,0.5989,0.8286,68.20054316934565,179,597.9400024414062,0.0,0.0
2026-03-23,17.149999618530273,17.155000686645508,17.40999984741211,16.84000015258789,17.149999618530273,71455700.0,110433.77540814591,0,4.927864429479996,110428.84754371643,6439,75.39052699551205,63000,GeoWatch,30.989561731813808,17.136,18.152,22.076,25.0023,21.8995,32.209999084472656,0.1408,SOFI,0.3582,GeoWatch,0.5864,0.7744,70.55910059598435,179,604.4299926757812,0.0,0.0
2026-03-24,16.700000762939453,16.9950008392334,17.06999969482422,16.489999771118164,16.700000762939453,55320700.0,107536.23277699662,0,4.927864429479996,107531.30491256714,6439,70.79125297781476,63000,GeoWatch,26.19045889024926,17.002,18.054,21.8963,24.9213,21.9295,32.209999084472656,0.0788,SOFI,0.3425,GeoWatch,0.596,0.7459,69.81410503219817,179,602.3800048828125,0.0,0.0
2026-03-25,16.559999465942383,17.040000915527344,17.34000015258789,16.520000457763672,16.559999465942383,45542800.0,106634.76442563249,0,4.927864429479996,106629.836561203,6439,69.36035083279232,63000,GeoWatch,14.511857018264749,16.878,17.9175,21.7212,24.8446,21.951,32.209999084472656,0.0317,SOFI,0.368,GeoWatch,0.5702,0.7168,71.0060934980423,179,605.6599731445312,0.0,0.0
2026-03-26,15.869999885559082,16.274999618530273,16.489999771118164,15.80500030517578,15.869999885559082,59196200.0,102191.85712754441,0,4.927864429479996,102186.92926311493,6439,62.308117026303314,63000,Neutral,13.317178591410864,16.636,17.756,21.5387,24.7604,21.9733,32.209999084472656,-0.207,SOFI,0.3506,Neutral,0.6027,0.6924,67.10302387628158,179,594.9199829101562,0.0,0.0
2026-03-27,15.229999542236328,15.670000076293944,15.6899995803833,15.149999618530272,15.229999542236328,54978600.0,98070.8949168892,0,4.927864429479996,98065.96705245972,6439,55.76690716812044,63000,RiskWatch,11.802559121670017,16.302,17.6295,21.3498,24.677,21.9921,32.209999084472656,-0.5431,SOFI,0.2767,RiskWatch,0.662,0.688,62.763852257331514,179,582.97998046875,0.0,0.0
2026-03-28,15.229999542236328,15.670000076293944,15.6899995803833,15.149999618530272,15.229999542236328,54978600.0,98070.8949168892,0,4.927864429479996,98065.96705245972,6439,55.76690716812044,63000,RiskWatch,11.802559121670017,16.302,17.6295,21.3498,24.677,21.9921,32.209999084472656,-0.5431,SOFI,0.2767,RiskWatch,0.662,0.688,62.763852257331514,179,582.97998046875,0.0,0.0
2026-03-29,15.229999542236328,15.670000076293944,15.6899995803833,15.149999618530272,15.229999542236328,54978600.0,98070.8949168892,0,4.927864429479996,98065.96705245972,6439,55.76690716812044,63000,RiskWatch,11.802559121670017,16.302,17.6295,21.3498,24.677,21.9921,32.209999084472656,-0.5431,SOFI,0.2767,RiskWatch,0.662,0.688,62.763852257331514,179,582.97998046875,0.0,0.0
2026-03-30,15.149999618530272,15.43000030517578,15.5649995803833,14.9350004196167,15.149999618530272,61936600.0,97555.7754081459,0,4.927864429479996,97550.84754371642,6439,54.94925715424218,63000,RiskWatch,12.971680819584137,15.902,17.4675,21.166,24.5836,22.0102,32.209999084472656,-0.7176,SOFI,0.263,RiskWatch,0.6698,0.7152,62.018856693545324,179,580.9299926757812,0.0,0.0
2026-03-31,15.880000114440918,15.449999809265137,16.024999618530273,15.3100004196167,15.880000114440918,51654300.0,102256.24860131455,0,4.927864429479996,102251.32073688507,6439,62.41032571482735,63000,GeoWatch,21.98731189885005,15.738,17.331,20.973,24.4814,22.0308,32.209999084472656,-0.4666,SOFI,0.3155,GeoWatch,0.5744,0.7362,68.1496597971086,179,597.7999877929688,0.0,0.0
2026-04-01,15.630000114440918,16.274999618530273,16.31999969482422,15.4399995803833,15.630000114440918,57772600.0,101645.49828130723,0,3.6075370979370973,101641.89074420929,6503,58.91991106299758,64000,"cash_0%_Buy 100% of cash (64 shares - DCA Strategy) Monthly invest 1.6% of total investment ($1,000.00)",25.06023658933023,15.552,17.1775,20.7455,24.3782,22.0515,32.209999084472656,-0.3294,SOFI,0.3246,GeoWatch,0.5509,0.7635,68.82314278700721,181,602.2999877929688,0.0,0.0
2026-04-02,15.850000381469728,15.1899995803833,15.890000343322754,14.93000030517578,15.850000381469728,53233600.0,103076.16001779558,0,3.6075370979370973,103072.55248069765,6503,61.15532002626064,64000,GeoWatch,27.842236208457702,15.548,17.0075,20.56,24.2732,22.0718,32.209999084472656,-0.0886,SOFI,0.3308,GeoWatch,0.5407,0.7755,69.10558887918208,181,603.0800170898438,0.0,0.0
2026-04-03,15.850000381469728,15.1899995803833,15.890000343322754,14.93000030517578,15.850000381469728,53233600.0,103076.16001779558,0,3.6075370979370973,103072.55248069765,6503,61.15532002626064,64000,GeoWatch,27.842236208457702,15.548,17.0075,20.56,24.2732,22.0718,32.209999084472656,-0.0886,SOFI,0.3308,GeoWatch,0.5407,0.7755,69.10558887918208,181,603.0800170898438,0.0,0.0
2026-04-04,15.850000381469728,15.1899995803833,15.890000343322754,14.93000030517578,15.850000381469728,53233600.0,103076.16001779558,0,3.6075370979370973,103072.55248069765,6503,61.15532002626064,64000,GeoWatch,27.842236208457702,15.548,17.0075,20.56,24.2732,22.0718,32.209999084472656,-0.0886,SOFI,0.3308,GeoWatch,0.5407,0.7755,69.10558887918208,181,603.0800170898438,0.0,0.0
2026-04-05,15.850000381469728,15.1899995803833,15.890000343322754,14.93000030517578,15.850000381469728,53233600.0,103076.16001779558,0,3.6075370979370973,103072.55248069765,6503,61.15532002626064,64000,GeoWatch,27.842236208457702,15.548,17.0075,20.56,24.2732,22.0718,32.209999084472656,-0.0886,SOFI,0.3308,GeoWatch,0.5407,0.7755,69.10558887918208,181,603.0800170898438,0.0,0.0
2026-04-06,16.270000457763672,15.890000343322754,16.424999237060547,15.880000114440918,16.270000457763672,42632700.0,105807.4205139351,0,3.6075370979370973,105803.81297683716,6503,65.42291455147864,64000,GeoWatch,35.21740662803596,15.756,16.876,20.3812,24.1905,22.095,32.209999084472656,0.2853,SOFI,0.3303,GeoWatch,0.5324,0.7885,70.07963008578807,181,605.77001953125,0.0,0.0
2026-04-07,16.110000610351562,16.15999984741211,16.354999542236328,15.90999984741211,16.110000610351562,41359100.0,104766.94150621415,0,3.6075370979370973,104763.33396911621,6503,63.79716610191465,64000,GeoWatch,36.00000339084059,15.948,16.742,20.1877,24.0986,22.1152,32.209999084472656,0.4986,SOFI,0.3099,GeoWatch,0.564,0.8008,70.195503705606,181,606.0900268554688,0.0,0.0
2026-04-08,16.489999771118164,17.68000030517578,17.850000381469727,16.260000228881836,16.489999771118164,64323300.0,107238.07604867936,0,3.6075370979370973,107234.46851158142,6503,67.65831382451654,64000,GeoWatch,42.643918385008654,16.07,16.652,20.0058,24.0038,22.135,32.209999084472656,0.8092,SOFI,0.3661,GeoWatch,0.4689,0.7619,75.7174795120576,181,621.3400268554688,0.0,0.0
2026-04-09,16.270000457763672,16.389999389648438,16.469999313354492,15.914999961853027,16.270000457763672,43999800.0,105807.4205139351,0,3.6075370979370973,105803.81297683716,6503,65.42291455147864,64000,GeoWatch,41.5800461967028,16.198,16.539,19.8337,23.9058,22.1515,32.209999084472656,0.9299,SOFI,0.3936,GeoWatch,0.4377,0.7481,77.0499929890139,181,625.02001953125,0.0,0.0
2026-04-10,16.219999313354492,16.299999237060547,16.489999771118164,16.094999313354492,16.219999313354492,31786000.0,105482.2630718422,0,3.6075370979370973,105478.65553474426,6503,64.91485604820848,64000,GeoWatch,42.73503994835488,16.272,16.465,19.6517,23.8193,22.1654,32.209999084472656,0.9887,SOFI,0.4007,GeoWatch,0.4357,0.7274,76.89789643139667,181,624.5999755859375,0.0,0.0
2026-04-11,16.219999313354492,16.299999237060547,16.489999771118164,16.094999313354492,16.219999313354492,31786000.0,105482.2630718422,0,3.6075370979370973,105478.65553474426,6503,64.91485604820848,64000,GeoWatch,42.73503994835488,16.272,16.465,19.6517,23.8193,22.1654,32.209999084472656,0.9887,SOFI,0.4007,GeoWatch,0.4357,0.7274,76.89789643139667,181,624.5999755859375,0.0,0.0
2026-04-12,16.219999313354492,16.299999237060547,16.489999771118164,16.094999313354492,16.219999313354492,31786000.0,105482.2630718422,0,3.6075370979370973,105478.65553474426,6503,64.91485604820848,64000,GeoWatch,42.73503994835488,16.272,16.465,19.6517,23.8193,22.1654,32.209999084472656,0.9887,SOFI,0.4007,GeoWatch,0.4357,0.7274,76.89789643139667,181,624.5999755859375,0.0,0.0
2026-04-13,17.049999237060547,16.0,17.059999465942383,15.960000038146973,17.049999237060547,50542200.0,110879.75257570267,0,3.6075370979370973,110876.14503860474,6503,73.34843339799046,64000,GeoWatch,49.04942607301954,16.428,16.4295,19.4913,23.7402,22.1814,32.209999084472656,1.3458,SOFI,0.4114,GeoWatch,0.4358,0.7088,79.11392692141055,181,630.719970703125,0.0,0.0
2026-04-14,17.90999984741211,17.530000686645508,18.075000762939453,17.399999618530273,17.90999984741211,57502600.0,116472.33654481889,0,3.6075370979370973,116468.72900772095,6503,82.08684584973456,64000,Neutral,60.67018219714375,16.788,16.4435,19.3492,23.6504,22.2008,32.209999084472656,1.8759,SOFI,0.4347,Neutral,0.4135,0.6612,81.87672707655796,181,638.3499755859375,0.0,0.0
2026-04-15,18.790000915527344,18.46999931335449,18.81999969482422,18.170000076293945,18.790000915527344,71398000.0,122194.98349077225,0,3.6075370979370973,122191.37595367432,6503,91.02848170278669,64000,Neutral,67.39470233318366,17.248,16.5145,19.2268,23.5674,22.2269,32.209999084472656,2.4804,SOFI,0.4448,Neutral,0.409,0.6517,83.72343388532497,181,643.4500122070312,0.0,0.0
2026-04-16,19.030000686645508,19.6200008392334,19.6200008392334,18.64999961853028,19.030000686645508,72544300.0,123755.70200235368,0,3.6075370979370973,123752.09446525574,6503,93.46710437713266,64000,Neutral,76.51006518105804,17.8,16.607,19.1192,23.4994,22.2541,32.209999084472656,2.8449,SOFI,0.4086,Neutral,0.4036,0.648,84.23398061265928,181,644.8599853515625,0.0,0.0
2026-04-17,19.43000030517578,19.600000381469727,20.1299991607666,19.38999938964844,19.43000030517578,73610400.0,126356.89952165604,0,3.6075370979370973,126353.2919845581,6503,97.53147550104262,64000,Neutral,86.7132855473689,18.442,16.7245,19.0157,23.4273,22.2821,32.209999084472656,3.0899,SOFI,0.4249,Neutral,0.3945,0.629,87.10180297672807,181,652.780029296875,0.0,0.0
2026-04-18,19.43000030517578,19.600000381469727,20.1299991607666,19.38999938964844,19.43000030517578,73610400.0,126356.89952165604,0,3.6075370979370973,126353.2919845581,6503,97.53147550104262,64000,Neutral,86.7132855473689,18.442,16.7245,19.0157,23.4273,22.2821,32.209999084472656,3.0899,SOFI,0.4249,Neutral,0.3945,0.629,87.10180297672807,181,652.780029296875,0.0,0.0
2026-04-19,19.43000030517578,19.600000381469727,20.1299991607666,19.38999938964844,19.43000030517578,73610400.0,126356.89952165604,0,3.6075370979370973,126353.2919845581,6503,97.53147550104262,64000,Neutral,86.7132855473689,18.442,16.7245,19.0157,23.4273,22.2821,32.209999084472656,3.0899,SOFI,0.4249,Neutral,0.3945,0.629,87.10180297672807,181,652.780029296875,0.0,0.0
2026-04-20,19.5,19.26000022888184,19.645000457763672,19.09000015258789,19.5,52582100.0,126812.10753709794,0,3.6075370979370973,126808.5,6503,98.24273802517058,64000,Neutral,88.0910650252114,18.932,16.8545,18.9058,23.3481,22.3098,32.209999084472656,3.1181,SOFI,0.408,Neutral,0.4198,0.6224,86.65278441219618,181,651.5399780273438,0.0,0.0
2026-04-21,18.82999992370605,19.51000022888184,19.770000457763672,18.690000534057617,18.82999992370605,65672700.0,122455.09704095838,0,3.6075370979370973,122451.48950386044,6503,91.43490912495251,64000,Neutral,76.10619035843798,19.116,16.9385,18.7888,23.255,22.3352,32.209999084472656,2.7423,SOFI,0.3888,Neutral,0.4238,0.6246,85.09939720713382,181,647.25,0.0,0.0
2026-04-22,19.059999465942383,19.290000915527344,19.44799995422364,18.90999984741211,19.059999465942383,45964800.0,123950.78406412125,0,3.6075370979370973,123947.17652702332,6503,93.7719200986445,64000,Neutral,80.46180534440427,19.17,17.0565,18.6765,23.15,22.3604,32.209999084472656,2.4507,SOFI,0.3984,Neutral,0.4113,0.6323,87.5073495957742,181,653.9000244140625,0.0,0.0
2026-04-23,18.31999969482422,18.770000457763672,18.89999961853028,17.93000030517578,18.31999969482422,51760700.0,119138.56555253983,0,3.6075370979370973,119134.9580154419,6503,86.25282867429853,64000,Neutral,70.08129647611887,19.028,17.1445,18.5575,23.0452,22.3815,32.209999084472656,1.8815,SOFI,0.3869,Neutral,0.4168,0.642,86.55140880775127,181,651.260009765625,0.0,0.0
2026-04-24,18.440000534057617,18.440000534057617,18.575000762939453,18.16699981689453,18.440000534057617,41206300.0,119918.93101007462,0,3.6075370979370973,119915.32347297668,6503,87.47214970169662,64000,Neutral,68.54700798967096,18.83,17.273,18.4548,22.9569,22.4034,32.209999084472656,1.4676,SOFI,0.4075,Neutral,0.4059,0.6639,88.41981843831138,181,656.4199829101562,0.0,0.0
2026-04-25,18.440000534057617,18.440000534057617,18.575000762939453,18.16699981689453,18.440000534057617,41206300.0,119918.93101007462,0,3.6075370979370973,119915.32347297668,6503,87.47214970169662,64000,Neutral,68.54700798967096,18.83,17.273,18.4548,22.9569,22.4034,32.209999084472656,1.4676,SOFI,0.4075,Neutral,0.4059,0.6639,88.41981843831138,181,656.4199829101562,0.0,0.0
2026-04-26,18.440000534057617,18.440000534057617,18.575000762939453,18.16699981689453,18.440000534057617,41206300.0,119918.93101007462,0,3.6075370979370973,119915.32347297668,6503,87.47214970169662,64000,Neutral,68.54700798967096,18.83,17.273,18.4548,22.9569,22.4034,32.209999084472656,1.4676,SOFI,0.4075,Neutral,0.4059,0.6639,88.41981843831138,181,656.4199829101562,0.0,0.0
2026-04-27,18.76000022888184,18.479999542236328,19.170000076293945,18.38999938964844,18.76000022888184,47554300.0,121999.88902551655,0,3.6075370979370973,121996.28148841861,6503,90.72364660082465,64000,Neutral,72.04658500506669,18.682,17.4495,18.3615,22.8659,22.4231,32.209999084472656,1.239,SOFI,0.4336,Neutral,0.3886,0.6774,88.8108891426177,181,657.5,0.0,0.0
2026-04-28,18.36000061035156,18.395000457763672,18.8700008392334,18.270000457763672,18.36000061035156,67972700.0,119398.69150621412,0,3.6075370979370973,119395.08396911618,6503,86.6592754769146,64000,Neutral,65.50580950492125,18.588,17.61,18.2873,22.7637,22.44,32.209999084472656,0.884,SOFI,0.4277,Neutral,0.3862,0.695,87.63769913033192,181,654.260009765625,0.0,0.0
2026-04-29,15.524999618530272,16.549999237060547,16.59000015258789,15.5,15.524999618530272,200480800.0,100962.68005640029,0,3.6075370979370973,100959.07251930235,6503,57.85300758658048,64000,GeoWatch,45.69114727926554,17.881,17.5923,18.1781,22.6483,22.4463,32.209999084472656,-0.3924,SOFI,0.4234,GeoWatch,0.3946,0.7294,87.63045012264541,181,654.239990234375,0.0,0.0
2026-04-30,16.100000381469727,15.770000457763672,16.3700008392334,15.539999961853027,16.100000381469727,94742400.0,104701.91001779557,0,3.6075370979370973,104698.30248069763,6503,63.695554401260615,64000,GeoWatch,49.34569844096643,17.437,17.6158,18.0838,22.5319,22.4568,32.209999084472656,-0.9877,SOFI,0.4535,GeoWatch,0.3672,0.7499,89.92615339531113,181,660.5800170898438,0.0,0.0
2026-05-01,16.43000030517578,16.235000610351562,16.795000076293945,15.875,16.43000030517578,79288500.0,107846.89729163743,0,0.3752884635988494,107846.52200317383,6564,66.01712352405109,65000,"cash_0%_Buy 100% of cash (61 shares - DCA Strategy) Monthly invest 1.5% of total investment ($1,000.00)",46.42445911169054,17.035,17.6448,18.0118,22.4425,22.4673,32.209999084472656,-1.2012,SOFI,0.4346,GeoWatch,0.3611,0.7585,89.52607468866702,182,662.5700073242188,0.0,0.0
2026-05-02,16.43000030517578,16.235000610351562,16.795000076293945,15.875,16.43000030517578,79288500.0,107846.89729163743,0,0.3752884635988494,107846.52200317383,6564,66.01712352405109,65000,GeoWatch,46.42445911169054,17.035,17.6448,18.0118,22.4425,22.4673,32.209999084472656,-1.2012,SOFI,0.4346,GeoWatch,0.3611,0.7585,89.52607468866702,182,662.5700073242188,0.0,0.0
2026-05-03,16.43000030517578,16.235000610351562,16.795000076293945,15.875,16.43000030517578,79288500.0,107846.89729163743,0,0.3752884635988494,107846.52200317383,6564,66.01712352405109,65000,GeoWatch,46.42445911169054,17.035,17.6448,18.0118,22.4425,22.4673,32.209999084472656,-1.2012,SOFI,0.4346,GeoWatch,0.3611,0.7585,89.52607468866702,182,662.5700073242188,0.0,0.0
2026-05-04,16.200000762939453,16.469999313354492,16.780000686645508,16.1299991607666,16.200000762939453,66311900.0,106337.18029639818,0,0.3752884635988494,106336.80500793457,6564,63.69448199291377,65000,GeoWatch,39.36567854631584,16.523,17.6413,17.9574,22.3424,22.4776,32.209999084472656,-1.3634,SOFI,0.4206,GeoWatch,0.3801,0.773,88.64407029413582,182,660.1199951171875,0.0,0.0
2026-05-05,16.020000457763672,16.170000076293945,16.309999465942383,15.9399995803833,16.020000457763672,53952900.0,105155.65829322435,0,0.3752884635988494,105155.28300476074,6564,61.876755834184806,65000,GeoWatch,31.130787464718,16.055,17.6368,17.8768,22.2214,22.489,32.209999084472656,-1.4648,SOFI,0.4374,GeoWatch,0.3669,0.7668,90.50886765741708,182,665.2999877929688,0.0,0.0
2026-05-06,16.299999237060547,16.200000762939453,16.5049991607666,15.989999771118164,16.299999237060547,55998000.0,106993.57028052903,0,0.3752884635988494,106993.19499206543,6564,64.70431273773048,65000,GeoWatch,31.504053116305684,16.21,17.6273,17.7926,22.0993,22.5036,32.209999084472656,-1.3472,SOFI,0.4623,GeoWatch,0.3678,0.731,93.87846238397955,182,674.6599731445312,0.0,0.0
2026-05-07,16.0,16.260000228881836,16.459999084472656,15.829999923706056,16.0,58428800.0,105024.3752884636,0,0.3752884635988494,105024.0,6564,61.67478198070674,65000,GeoWatch,26.442301646188923,16.19,17.6138,17.7063,21.9642,22.5153,32.209999084472656,-1.3118,SOFI,0.4544,GeoWatch,0.3665,0.7042,93.11526414179207,182,672.5399780273438,0.0,0.0
2026-05-08,15.75,16.030000686645508,16.049999237060547,15.520000457763672,15.75,55866400.0,103383.3752884636,0,0.3752884635988494,103383.0,6564,59.150166596091346,65000,Neutral,24.865948658054847,16.054,17.5903,17.6263,21.8589,22.5264,32.209999084472656,-1.3099,SOFI,0.4654,Neutral,0.3724,0.6913,95.10967820429204,182,678.0800170898438,0.0,0.0
2026-05-09,15.75,16.030000686645508,16.049999237060547,15.520000457763672,15.75,55866400.0,103383.3752884636,0,0.3752884635988494,103383.0,6564,59.150166596091346,65000,Neutral,24.865948658054847,16.054,17.5903,17.6263,21.8589,22.5264,32.209999084472656,-1.3099,SOFI,0.4654,Neutral,0.3724,0.6913,95.10967820429204,182,678.0800170898438,0.0,0.0
2026-05-10,15.75,16.030000686645508,16.049999237060547,15.520000457763672,15.75,55866400.0,103383.3752884636,0,0.3752884635988494,103383.0,6564,59.150166596091346,65000,Neutral,24.865948658054847,16.054,17.5903,17.6263,21.8589,22.5264,32.209999084472656,-1.3099,SOFI,0.4654,Neutral,0.3724,0.6913,95.10967820429204,182,678.0800170898438,0.0,0.0
2026-05-11,16.260000228881836,15.800000190734863,16.31999969482422,15.770000457763672,16.260000228881836,70912400.0,106731.01679084398,0,0.3752884635988494,106730.64150238037,6564,64.30038429206117,65000,Neutral,32.39726052451576,16.066,17.5508,17.5756,21.7625,22.5384,32.209999084472656,-1.0353,SOFI,0.4501,Neutral,0.3865,0.6854,95.62807908319832,182,679.52001953125,0.0,0.0
2026-05-12,15.899999618530272,16.06999969482422,16.329999923706055,15.550000190734863,15.899999618530272,62891600.0,104367.9727844963,0,0.3752884635988494,104367.5974960327,6564,60.6649319746032,65000,Neutral,28.734860581292097,16.042,17.4503,17.5138,21.6697,22.5491,32.209999084472656,-0.9334,SOFI,0.438,Neutral,0.3819,0.699,95.32206589960455,182,678.6699829101562,0.0,0.0
2026-05-13,15.3100004196167,15.710000038146973,15.710000038146973,15.21500015258789,15.3100004196167,59964500.0,100495.21804282762,0,0.3752884635988494,100494.84275436401,6564,54.706847756651364,65000,GeoWatch,29.326927296609654,15.844,17.2763,17.4438,21.5786,22.558,32.209999084472656,-1.0353,SOFI,0.4443,GeoWatch,0.3791,0.7163,96.66846238397954,182,682.4099731445312,0.0,0.0
2026-05-14,16.020000457763672,15.3100004196167,16.065000534057617,15.229999542236328,16.020000457763672,68804300.0,105155.65829322435,0,0.3752884635988494,105155.28300476074,6564,61.876755834184806,65000,GeoWatch,34.625156259618564,15.848,17.1258,17.3851,21.4895,22.5694,32.209999084472656,-0.752,SOFI,0.4701,GeoWatch,0.3623,0.7301,98.5836650206983,182,687.72998046875,0.0,0.0
2026-05-15,15.609999656677246,15.699999809265137,15.84000015258789,15.380000114440918,15.609999656677246,50125000.0,102464.41303489305,0,0.3752884635988494,102464.03774642944,6564,57.73637851367511,65000,GeoWatch,30.213564339769235,15.82,16.9348,17.3236,21.412,22.5774,32.209999084472656,-0.6755,SOFI,0.4175,GeoWatch,0.3791,0.7481,95.59927293085454,182,679.4400024414062,0.0,0.0
2026-05-16,15.609999656677246,15.699999809265137,15.84000015258789,15.380000114440918,15.609999656677246,50125000.0,102464.41303489305,0,0.3752884635988494,102464.03774642944,6564,57.73637851367511,65000,GeoWatch,30.213564339769235,15.82,16.9348,17.3236,21.412,22.5774,32.209999084472656,-0.6755,SOFI,0.4175,GeoWatch,0.3791,0.7481,95.59927293085454,182,679.4400024414062,0.0,0.0
2026-05-17,15.609999656677246,15.699999809265137,15.84000015258789,15.380000114440918,15.609999656677246,50125000.0,102464.41303489305,0,0.3752884635988494,102464.03774642944,6564,57.73637851367511,65000,GeoWatch,30.213564339769235,15.82,16.9348,17.3236,21.412,22.5774,32.209999084472656,-0.6755,SOFI,0.4175,GeoWatch,0.3791,0.7481,95.59927293085454,182,679.4400024414062,0.0,0.0
2026-05-18,15.710000038146973,15.479999542236328,16.31999969482422,15.34000015258789,15.710000038146973,66933500.0,103120.81553886033,0,0.3752884635988494,103120.44025039673,6564,58.74622851977863,65000,GeoWatch,32.70234794343145,15.71,16.7453,17.2684,21.333,22.586,32.209999084472656,-0.5319,SOFI,0.4146,GeoWatch,0.3713,0.7625,95.40846238397955,182,678.9099731445312,0.0,0.0
2026-05-19,15.229999542236328,15.604999542236328,15.640000343322754,14.920000076293944,15.229999542236328,63763200.0,99970.09228370286,0,0.3752884635988494,99969.71699523926,6564,53.89896197338252,65000,GeoWatch,47.21960358790056,15.576,16.5653,17.2186,21.2315,22.5934,32.209999084472656,-0.5822,SOFI,0.3933,GeoWatch,0.3774,0.7575,93.85328171991705,182,674.5900268554688,0.0,0.0
2026-05-20,15.6899995803833,15.364999771118164,15.720000267028809,15.029999732971191,15.6899995803833,44624100.0,102989.53253409959,0,0.3752884635988494,102989.15724563599,6564,58.54425466630057,65000,GeoWatch,46.050088302163736,15.652,16.3968,17.1691,21.1262,22.6018,32.209999084472656,-0.3771,SOFI,0.4253,GeoWatch,0.3641,0.731,96.36607468866703,182,681.5700073242188,0.0,0.0
2026-05-21,15.649999618530272,15.619999885559082,15.78499984741211,15.350000381469728,15.649999618530272,48956400.0,102726.9727844963,0,0.3752884635988494,102726.5974960327,6564,58.140316589987805,65000,GeoWatch,42.040808700313065,15.578,16.2633,17.1084,21.0192,22.6076,32.209999084472656,-0.2192,SOFI,0.4306,GeoWatch,0.3519,0.7033,96.82328171991708,182,682.8400268554688,0.0,0.0
2026-05-22,15.619999885559082,15.699999809265137,15.93000030517578,15.359999656677246,15.619999885559082,58168200.0,102530.05453727342,0,0.3752884635988494,102529.67924880981,6564,57.837365440414146,65000,Neutral,43.82977764980957,15.58,16.1223,17.0504,20.9017,22.614,32.209999084472656,-0.0947,SOFI,0.4554,Neutral,0.3476,0.6762,97.79886765741705,182,685.5499877929688,0.0,0.0
2026-05-23,15.619999885559082,15.699999809265137,15.93000030517578,15.359999656677246,15.619999885559082,58168200.0,102530.05453727342,0,0.3752884635988494,102529.67924880981,6564,57.837365440414146,65000,Neutral,43.82977764980957,15.58,16.1223,17.0504,20.9017,22.614,32.209999084472656,-0.0947,SOFI,0.4554,Neutral,0.3476,0.6762,97.79886765741705,182,685.5499877929688,0.0,0.0
2026-05-24,15.619999885559082,15.699999809265137,15.93000030517578,15.359999656677246,15.619999885559082,58168200.0,102530.05453727342,0,0.3752884635988494,102529.67924880981,6564,57.837365440414146,65000,Neutral,43.82977764980957,15.58,16.1223,17.0504,20.9017,22.614,32.209999084472656,-0.0947,SOFI,0.4554,Neutral,0.3476,0.6762,97.79886765741705,182,685.5499877929688,0.0,0.0
2026-05-25,15.619999885559082,15.699999809265137,15.93000030517578,15.359999656677246,15.619999885559082,58168200.0,102530.05453727342,0,0.3752884635988494,102529.67924880981,6564,57.837365440414146,65000,Neutral,43.82977764980957,15.58,16.1223,17.0504,20.9017,22.614,32.209999084472656,-0.0947,SOFI,0.4554,Neutral,0.3476,0.6762,97.79886765741705,182,685.5499877929688,0.0,0.0
2026-05-26,15.979999542236328,16.479999542236328,16.950000762939453,15.859999656677246,15.979999542236328,80583400.0,104893.09228370286,0,0.3752884635988494,104892.71699523926,6564,61.472808127228674,65000,Neutral,49.59015448354032,15.634,15.9832,17.0208,20.793,22.6206,32.209999084472656,0.1594,SOFI,0.4668,Neutral,0.3536,0.6186,99.41886765741705,182,690.0499877929688,0.0,0.0
2026-05-27,16.170000076293945,16.049999237060547,16.690000534057617,16.010000228881836,16.170000076293945,66232300.0,106140.25578925706,0,0.3752884635988494,106139.88050079346,6564,63.39152121269668,65000,Neutral,48.64301528267777,15.822,15.8737,16.9838,20.6818,22.6252,32.209999084472656,0.4133,SOFI,0.4755,Neutral,0.3424,0.5885,99.38647996210454,182,689.9600219726562,0.0,0.0
2026-05-28,16.969999313354492,16.020000457763672,17.079999923706055,15.81999969482422,16.969999313354492,69767900.0,111391.45078132249,0,0.3752884635988494,111391.07549285889,6564,71.4702827389512,65000,Neutral,59.1682338892166,16.078,15.946,16.9564,20.581,22.6339,32.209999084472656,0.8951,SOFI,0.49,Neutral,0.3373,0.5702,100.80846238397956,182,693.9099731445312,0.0,0.0
2026-05-29,18.21999931335449,18.26000022888184,18.59000015258789,17.68000030517578,18.21999931335449,150700700.0,119596.45078132246,0,0.3752884635988494,119596.07549285886,6564,84.09335966202806,65000,Neutral,69.6343319065114,16.592,16.052,16.9484,20.4861,22.6511,32.209999084472656,1.6608,SOFI,0.4993,Neutral,0.3313,0.5573,101.3772685363233,182,695.489990234375,0.0,0.0
2026-05-30,18.21999931335449,18.26000022888184,18.59000015258789,17.68000030517578,18.21999931335449,150700700.0,119596.45078132246,0,0.3752884635988494,119596.07549285886,6564,84.09335966202806,65000,Neutral,69.6343319065114,16.592,16.052,16.9484,20.4861,22.6511,32.209999084472656,1.6608,SOFI,0.4993,Neutral,0.3313,0.5573,101.3772685363233,182,695.489990234375,0.0,0.0
2026-05-31,18.21999931335449,18.26000022888184,18.59000015258789,17.68000030517578,18.21999931335449,150700700.0,119596.45078132246,0,0.3752884635988494,119596.07549285886,6564,84.09335966202806,65000,Neutral,69.6343319065114,16.592,16.052,16.9484,20.4861,22.6511,32.209999084472656,1.6608,SOFI,0.4993,Neutral,0.3313,0.5573,101.3772685363233,182,695.489990234375,0.0,0.0
2026-06-01,18.57999992370605,18.14999961853028,18.795000076293945,17.690000534057617,18.57999992370605,96709700.0,122958.51004767415,0,14.65055251122169,122943.85949516293,6617,86.39959279796133,66000,"cash_0%_Buy 100% of cash (53 shares - DCA Strategy) Monthly invest 1.5% of total investment ($1,000.00)",68.89250166737648,17.184,16.1595,16.9373,20.4095,22.6664,32.209999084472656,2.1998,SOFI,0.4709,Neutral,0.3434,0.5536,100.84762607824507,184,697.3599853515625,0.0,0.0
2026-06-02,17.739999771118164,18.030000686645508,18.229999542236328,17.459999084472656,17.739999771118164,77220100.0,117400.2290380001,0,14.65055251122169,117385.57848548889,6617,77.97795490451581,66000,Neutral,63.8972803574521,17.536,16.2365,16.9179,20.3272,22.6802,32.209999084472656,2.1082,SOFI,0.4773,Neutral,0.3391,0.5738,101.17049197916273,184,698.260009765625,0.0,0.0
2026-06-03,16.68000030517578,17.3799991607666,17.46500015258789,16.579999923706055,16.68000030517578,74026300.0,110386.21257185936,0,14.65055251122169,110371.56201934814,6617,67.35065722854497,66000,Neutral,59.66149274891536,17.638,16.2695,16.8828,20.2426,22.6857,32.209999084472656,1.5477,SOFI,0.4502,Neutral,0.3474,0.5933,99.41270544332446,184,693.3599853515625,0.0,0.0
2026-06-04,17.149999618530273,16.65999984741211,17.229999542236328,16.584999084472656,17.149999618530273,61361000.0,113496.19802832603,0,14.65055251122169,113481.54747581482,6617,72.06275640500965,66000,Neutral,58.24816859735818,17.674,16.312,16.8638,20.1598,22.6938,32.209999084472656,1.2998,SOFI,0.4559,Neutral,0.337,0.6023,100.38128125092612,184,696.0599975585938,0.0,0.0
2026-06-05,16.030000686645508,16.729999542236328,16.989999771118164,15.68000030517578,16.030000686645508,81749100.0,106085.16509604454,0,14.65055251122169,106070.51454353333,6617,60.83391862882556,66000,Neutral,52.77778513637736,17.236,16.3135,16.8221,20.0678,22.6966,32.209999084472656,0.6553,SOFI,0.3622,Neutral,0.4339,0.5925,93.90261546006548,184,678.0,0.0,0.0
2026-06-06,16.030000686645508,16.729999542236328,16.989999771118164,15.68000030517578,16.030000686645508,81749100.0,106085.16509604454,0,14.65055251122169,106070.51454353333,6617,60.83391862882556,66000,Neutral,52.77778513637736,17.236,16.3135,16.8221,20.0678,22.6966,32.209999084472656,0.6553,SOFI,0.3622,Neutral,0.4339,0.5925,93.90261546006548,184,678.0,0.0,0.0
2026-06-07,16.030000686645508,16.729999542236328,16.989999771118164,15.68000030517578,16.030000686645508,81749100.0,106085.16509604454,0,14.65055251122169,106070.51454353333,6617,60.83391862882556,66000,Neutral,52.77778513637736,17.236,16.3135,16.8221,20.0678,22.6966,32.209999084472656,0.6553,SOFI,0.3622,Neutral,0.4339,0.5925,93.90261546006548,184,678.0,0.0,0.0
2026-06-08,16.5,16.18000030517578,16.65999984741211,15.954999923706056,16.5,79276100.0,109195.15055251122,0,14.65055251122169,109180.5,6617,65.5460178052902,66000,Neutral,54.98108585416716,16.82,16.351,16.8021,19.978,22.6993,32.209999084472656,0.3972,SOFI,0.387,Neutral,0.39,0.5804,94.498097889691,184,679.6599731445312,0.0,0.0
2026-06-09,16.469999313354492,16.399999618530273,17.100000381469727,15.651000022888184,16.469999313354492,79913900.0,108996.63600897789,0,14.65055251122169,108981.98545646667,6617,65.24523819387608,66000,Neutral,58.288771144356,16.566,16.3615,16.7806,19.9,22.7009,32.209999084472656,0.2042,SOFI,0.3723,Neutral,0.4115,0.5514,93.7950007914767,184,677.7000122070312,0.0,0.0
2026-06-10,15.869999885559082,16.204999923706055,16.719999313354492,15.829999923706056,15.869999885559082,86446300.0,105026.43979525566,0,14.65055251122169,105011.78924274445,6617,59.22978938520603,66000,Neutral,51.18110482586927,16.404,16.36,16.7512,19.8108,22.6972,32.209999084472656,-0.1573,SOFI,0.3252,Neutral,0.4524,0.5221,89.97451584294001,184,667.0499877929688,0.0,0.0
2026-06-11,16.670000076293945,15.81999969482422,16.690000534057617,15.654999732971191,16.670000076293945,68062000.0,110320.04105734825,0,14.65055251122169,110305.39050483704,6617,67.2503973580736,66000,Neutral,56.085923580390464,16.308,16.428,16.7396,19.7391,22.6951,32.209999084472656,-0.0674,SOFI,0.3725,Neutral,0.4078,0.4929,93.985116390125,184,678.22998046875,0.0,0.0
2026-06-12,16.579999923706055,16.81999969482422,16.905000686645508,16.229999542236328,16.579999923706055,50311700.0,109724.51004767418,0,14.65055251122169,109709.85949516296,6617,66.34807764644623,66000,Neutral,55.68720558545959,16.418,16.456,16.7296,19.6582,22.6883,32.209999084472656,-0.0408,SOFI,0.4031,Neutral,0.3689,0.4747,95.31960396607988,184,681.9500122070312,0.0,0.0
2026-06-13,16.579999923706055,16.81999969482422,16.905000686645508,16.229999542236328,16.579999923706055,50311700.0,109724.51004767418,0,14.65055251122169,109709.85949516296,6617,66.34807764644623,66000,Neutral,55.68720558545959,16.418,16.456,16.7296,19.6582,22.6883,32.209999084472656,-0.0408,SOFI,0.4031,Neutral,0.3689,0.4747,95.31960396607988,184,681.9500122070312,0.0,0.0
2026-06-14,16.579999923706055,16.81999969482422,16.905000686645508,16.229999542236328,16.579999923706055,50311700.0,109724.51004767418,0,14.65055251122169,109709.85949516296,6617,66.34807764644623,66000,Neutral,55.68720558545959,16.418,16.456,16.7296,19.6582,22.6883,32.209999084472656,-0.0408,SOFI,0.4031,Neutral,0.3689,0.4747,95.31960396607988,184,681.9500122070312,0.0,0.0
2026-06-15,17.1299991607666,17.280000686645508,17.43000030517578,17.010000228881836,17.1299991607666,76628800.0,113363.85499930382,0,14.65055251122169,113349.2044467926,6617,71.86223666406687,66000,Neutral,56.66280408185999,16.544,16.532,16.7304,19.574,22.6861,32.209999084472656,0.1906,SOFI,0.4407,Neutral,0.3408,0.4513,99.58132000340629,184,693.8300170898438,0.0,0.0
2026-06-16,17.709999084472656,17.200000762939453,18.07999992370605,17.11199951171875,17.709999084472656,106005600.0,117201.71449446678,0,14.65055251122169,117187.06394195557,6617,77.67717529310167,66000,Neutral,58.53658304497539,16.792,16.632,16.7439,19.4936,22.6844,32.209999084472656,0.5464,SOFI,0.4265,Neutral,0.3536,0.4229,98.11769482514487,184,689.75,0.0,0.0
2026-06-17,17.420000076293945,17.809999465942383,18.700000762939453,17.360000610351562,17.420000076293945,122836000.0,115282.79105734825,0,14.65055251122169,115268.14050483704,6617,74.76971553989179,66000,Neutral,52.64395389279711,17.102,16.7415,16.7484,19.4122,22.6796,32.209999084472656,0.6282,SOFI,0.3951,Neutral,0.3737,0.4137,95.12587566746876,184,681.4099731445312,0.0,0.0
2026-06-18,17.90999984741211,17.825000762939453,17.989999771118164,17.264999389648438,17.90999984741211,80961100.0,118525.11954283714,0,14.65055251122169,118510.46899032593,6617,79.68233445729919,66000,Neutral,48.00000246109625,17.35,16.8525,16.7686,19.3325,22.6741,32.209999084472656,0.8273,SOFI,0.4291,Neutral,0.3477,0.4024,97.52937210999107,184,688.1099853515625,0.0,0.0
2026-06-19,17.90999984741211,17.825000762939453,17.989999771118164,17.264999389648438,17.90999984741211,80961100.0,118525.11954283714,0,14.65055251122169,118510.46899032593,6617,79.68233445729919,66000,Neutral,48.00000246109625,17.35,16.8525,16.7686,19.3325,22.6741,32.209999084472656,0.8273,SOFI,0.4291,Neutral,0.3477,0.4024,97.52937210999107,184,688.1099853515625,0.0,0.0
2026-06-20,17.90999984741211,17.825000762939453,17.989999771118164,17.264999389648438,17.90999984741211,80961100.0,118525.11954283714,0,14.65055251122169,118510.46899032593,6617,79.68233445729919,66000,Neutral,48.00000246109625,17.35,16.8525,16.7686,19.3325,22.6741,32.209999084472656,0.8273,SOFI,0.4291,Neutral,0.3477,0.4024,97.52937210999107,184,688.1099853515625,0.0,0.0
2026-06-21,17.90999984741211,17.825000762939453,17.989999771118164,17.264999389648438,17.90999984741211,80961100.0,118525.11954283714,0,14.65055251122169,118510.46899032593,6617,79.68233445729919,66000,Neutral,48.00000246109625,17.35,16.8525,16.7686,19.3325,22.6741,32.209999084472656,0.8273,SOFI,0.4291,Neutral,0.3477,0.4024,97.52937210999107,184,688.1099853515625,0.0,0.0
2026-06-22,17.100000381469727,17.59000015258789,18.059999465942383,17.06999969482422,17.100000381469727,75634800.0,113165.3530766964,0,14.65055251122169,113150.70252418518,6617,71.56147617526776,66000,Neutral,40.975607089665694,17.454,16.925,16.7776,19.2494,22.6622,32.209999084472656,0.6003,SOFI,0.4182,Neutral,0.3585,0.3703,96.80832098771927,184,686.0999755859375,0.0,0.0
2026-06-23,17.290000915527344,16.735000610351562,17.68000030517578,16.719999313354492,17.290000915527344,89307200.0,114422.58661055565,0,14.65055251122169,114407.93605804443,6617,73.4663754689939,66000,Neutral,47.0198733216585,17.486,17.0085,16.8012,19.17,22.65,32.209999084472656,0.4925,SOFI,0.3786,Neutral,0.4033,0.3539,93.30713303043999,184,676.3400268554688,0.0,0.0
2026-06-24,17.309999465942383,17.219999313354492,18.43000030517578,17.18000030517578,17.309999465942383,119994800.0,114554.91701865196,0,14.65055251122169,114540.26646614075,6617,73.66687608732165,66000,Neutral,54.838707314614936,17.406,17.075,16.8359,19.0929,22.6348,32.209999084472656,0.4002,SOFI,0.3835,Neutral,0.4015,0.3188,93.0739496692049,184,675.6900024414062,0.0,0.0
2026-06-25,17.299999237060547,17.399999618530273,17.575000762939453,16.81999969482422,17.299999237060547,88508100.0,114488.74550414085,0,14.65055251122169,114474.09495162964,6617,73.56661621685028,66000,Neutral,51.2396672068198,17.382,17.1315,16.8717,19.0189,22.6185,32.209999084472656,0.3104,SOFI,0.3806,Neutral,0.4088,0.3021,93.08113127882788,184,675.7100219726562,0.0,0.0
2026-06-26,17.8799991607666,17.0,17.969999313354492,16.989999771118164,17.8799991607666,90629000.0,118326.60499930382,0,14.65055251122169,118311.9544467926,6617,79.38155484588506,66000,Neutral,66.78765588085122,17.376,17.177,16.9051,18.939,22.6041,32.209999084472656,0.445,SOFI,0.38,Neutral,0.4084,0.2813,91.12604753471825,184,670.260009765625,0.0,0.0
2026-06-27,17.8799991607666,17.0,17.969999313354492,16.989999771118164,17.8799991607666,90629000.0,118326.60499930382,0,14.65055251122169,118311.9544467926,6617,79.38155484588506,66000,Neutral,66.78765588085122,17.376,17.177,16.9051,18.939,22.6041,32.209999084472656,0.445,SOFI,0.38,Neutral,0.4084,0.2813,91.12604753471825,184,670.260009765625,0.0,0.0
2026-06-28,17.8799991607666,17.0,17.969999313354492,16.989999771118164,17.8799991607666,90629000.0,118326.60499930382,0,14.65055251122169,118311.9544467926,6617,79.38155484588506,66000,Neutral,66.78765588085122,17.376,17.177,16.9051,18.939,22.6041,32.209999084472656,0.445,SOFI,0.38,Neutral,0.4084,0.2813,91.12604753471825,184,670.260009765625,0.0,0.0
2026-06-29,18.190000534057617,18.190000534057617,18.299999237060547,17.5,18.190000534057617,76797600.0,120377.88408637047,0,14.65055251122169,120363.23353385925,6617,82.48955346265272,66000,Neutral,65.79440201929452,17.594,17.1755,16.9477,18.8466,22.5926,32.209999084472656,0.6094,SOFI,0.4188,Neutral,0.4027,0.2696,94.98239674106748,184,681.010009765625,0.0,0.0
2026-06-30,17.93000030517578,18.100000381469727,18.239999771118164,17.71500015258789,17.93000030517578,74330600.0,118657.46257185936,0,14.65055251122169,118642.81201934814,6617,79.88285419824194,66000,Neutral,63.08245081397329,17.722,17.143,16.9824,18.7712,22.5782,32.209999084472656,0.5728,SOFI,0.4264,Neutral,0.3736,0.2597,97.06302728267212,184,686.8099975585938,0.0,0.0
2026-07-01,18.440000534057617,18.13999938964844,18.82999992370605,17.959999084472656,18.440000534057617,81179900.0,123031.13832634164,0,17.89476364327129,123013.24356269836,6671,83.72738466463657,67000,"cash_0%_Buy 100% of cash (54 shares - DCA Strategy) Monthly invest 1.5% of total investment ($1,000.00)",73.40620402624359,17.948,17.178,17.0186,18.6999,22.563,32.209999084472656,0.6924,SOFI,0.4172,Neutral,0.3715,0.2606,95.42902366671038,185,685.4600219726562,0.0,0.0
2026-07-02,18.239999771118164,18.700000762939453,19.190000534057617,17.764999389648438,18.239999771118164,81161600.0,121696.93323677254,0,17.89476364327129,121679.03847312927,6671,81.73603378468272,67000,Neutral,66.0531686174412,18.136,17.256,17.0541,18.6209,22.5481,32.209999084472656,0.6429,SOFI,0.4158,Neutral,0.3662,0.2602,95.20787580207576,185,684.8400268554688,0.0,0.0
