Date,price,Open,High,Low,Close,Volume,account_balance,deposit,cash,portfolio_value,shares,rate,invested_amount,signal,rsi_ta,sma05_ta,sma20_ta,sma60_ta,sma120_ta,sma240_ta,Recent_high,ppo_histogram,stock_ticker,MRI,MRI_Signal,MRI_Stress,GeoMRI,rate_vs,shares_vs,Close_vs,Dividend_vs,Dividend
2020-07-13,4.896294116973877,4.6139678955078125,4.915114879608154,4.481499195098877,4.896294116973877,28340.0,999.0011560001375,0,0.1571561374665862,998.8439998626709,204,0.0,1000,"cash_0%_Buy 100% of cash (204 shares - DCA Strategy) Monthly invest 100.0% of total investment ($1,000.00)",0.0,0.0,0.0,0.0,0.0,0.0,4.896294116973877,0.0,AVAX-USD,0.3215,Neutral,0.5556,0.6602,0.0,0,289.1600036621094,0.0,0.0
2020-07-14,4.986753940582275,4.909864902496338,5.229564189910889,4.762067794799805,4.986753940582275,3957.0,1017.4549600162508,0,0.1571561374665862,1017.2978038787842,204,1.8453804016113295,1000,Neutral,0.0,0.0,0.0,0.0,0.0,0.0,4.986753940582275,0.1177,AVAX-USD,0.3643,Neutral,0.5451,0.6593,1.7379796253551127,0,293.0299987792969,0.0,0.0
2020-07-15,4.986753940582275,4.909864902496338,5.229564189910889,4.762067794799805,4.986753940582275,3957.0,1017.4549600162508,0,0.1571561374665862,1017.2978038787842,204,1.8453804016113295,1000,Neutral,0.0,0.0,0.0,0.0,0.0,0.0,4.986753940582275,0.1848,AVAX-USD,0.382,Neutral,0.5305,0.6614,2.905618730024859,0,295.6300048828125,0.0,0.0
2020-07-16,4.986753940582275,4.909864902496338,5.229564189910889,4.762067794799805,4.986753940582275,3957.0,1017.4549600162508,0,0.1571561374665862,1017.2978038787842,204,1.8453804016113295,1000,Neutral,0.0,0.0,0.0,0.0,0.0,0.0,4.986753940582275,0.2163,AVAX-USD,0.4051,Neutral,0.5319,0.6625,2.519393421519897,0,294.7699890136719,0.0,0.0
2020-07-17,4.986753940582275,4.909864902496338,5.229564189910889,4.762067794799805,4.986753940582275,3957.0,1017.4549600162508,0,0.1571561374665862,1017.2978038787842,204,1.8453804016113295,1000,Neutral,0.0,4.9687,0.0,0.0,0.0,0.0,4.986753940582275,0.2233,AVAX-USD,0.4028,Neutral,0.5119,0.6614,2.8696837824041346,0,295.54998779296875,0.0,0.0
2020-07-18,4.986753940582275,4.909864902496338,5.229564189910889,4.762067794799805,4.986753940582275,3957.0,1017.4549600162508,0,0.1571561374665862,1017.2978038787842,204,1.8453804016113295,1000,Neutral,0.0,4.9868,0.0,0.0,0.0,0.0,4.986753940582275,0.2142,AVAX-USD,0.4028,Neutral,0.5119,0.6614,2.8696837824041346,0,295.54998779296875,0.0,0.0
2020-07-19,4.986753940582275,4.909864902496338,5.229564189910889,4.762067794799805,4.986753940582275,3957.0,1017.4549600162508,0,0.1571561374665862,1017.2978038787842,204,1.8453804016113295,1000,Neutral,0.0,4.9868,0.0,0.0,0.0,0.0,4.986753940582275,0.195,AVAX-USD,0.4028,Neutral,0.5119,0.6614,2.8696837824041346,0,295.54998779296875,0.0,0.0
2020-07-20,4.986753940582275,4.909864902496338,5.229564189910889,4.762067794799805,4.986753940582275,3957.0,1017.4549600162508,0,0.1571561374665862,1017.2978038787842,204,1.8453804016113295,1000,Neutral,0.0,4.9868,0.0,0.0,0.0,0.0,4.986753940582275,0.17,AVAX-USD,0.4155,Neutral,0.5036,0.6624,3.9744572864879295,0,298.010009765625,0.0,0.0
2020-07-21,4.986753940582275,4.909864902496338,5.229564189910889,4.762067794799805,4.986753940582275,3957.0,1017.4549600162508,0,0.1571561374665862,1017.2978038787842,204,1.8453804016113295,1000,Neutral,0.0,4.9868,0.0,0.0,0.0,0.0,4.986753940582275,0.1424,AVAX-USD,0.4014,Neutral,0.5078,0.6668,4.25289145729759,0,298.6300048828125,0.0,0.0
2020-07-22,4.986753940582275,4.909864902496338,5.229564189910889,4.762067794799805,4.986753940582275,3957.0,1017.4549600162508,0,0.1571561374665862,1017.2978038787842,204,1.8453804016113295,1000,Neutral,0.0,4.9868,0.0,0.0,0.0,0.0,4.986753940582275,0.1142,AVAX-USD,0.4152,Neutral,0.5042,0.6681,5.016337779652002,0,300.3299865722656,0.0,0.0
2020-07-23,4.986753940582275,4.909864902496338,5.229564189910889,4.762067794799805,4.986753940582275,3957.0,1017.4549600162508,0,0.1571561374665862,1017.2978038787842,204,1.8453804016113295,1000,Neutral,0.0,4.9868,0.0,0.0,0.0,0.0,4.986753940582275,0.0869,AVAX-USD,0.4113,Neutral,0.5183,0.6694,3.404103060635652,0,296.739990234375,0.0,0.0
2020-07-24,4.986753940582275,4.909864902496338,5.229564189910889,4.762067794799805,4.986753940582275,3957.0,1017.4549600162508,0,0.1571561374665862,1017.2978038787842,204,1.8453804016113295,1000,Neutral,0.0,4.9868,0.0,0.0,0.0,0.0,4.986753940582275,0.0614,AVAX-USD,0.392,Neutral,0.4994,0.6731,2.5418561900745864,0,294.82000732421875,0.0,0.0
2020-07-25,4.986753940582275,4.909864902496338,5.229564189910889,4.762067794799805,4.986753940582275,3957.0,1017.4549600162508,0,0.1571561374665862,1017.2978038787842,204,1.8453804016113295,1000,Neutral,0.0,4.9868,0.0,0.0,0.0,0.0,4.986753940582275,0.0383,AVAX-USD,0.392,Neutral,0.4994,0.6731,2.5418561900745864,0,294.82000732421875,0.0,0.0
2020-07-26,4.986753940582275,4.909864902496338,5.229564189910889,4.762067794799805,4.986753940582275,3957.0,1017.4549600162508,0,0.1571561374665862,1017.2978038787842,204,1.8453804016113295,1000,Neutral,100.0,4.9868,0.0,0.0,0.0,0.0,4.986753940582275,0.0177,AVAX-USD,0.392,Neutral,0.4994,0.6731,2.5418561900745864,0,294.82000732421875,0.0,0.0
2020-07-27,4.986753940582275,4.909864902496338,5.229564189910889,4.762067794799805,4.986753940582275,3957.0,1017.4549600162508,0,0.1571561374665862,1017.2978038787842,204,1.8453804016113295,1000,Neutral,100.0,4.9868,0.0,0.0,0.0,0.0,4.986753940582275,-0.0002,AVAX-USD,0.427,Neutral,0.4894,0.6788,3.5073989035866653,0,296.9700012207031,0.0,0.0
2020-07-28,4.986753940582275,4.909864902496338,5.229564189910889,4.762067794799805,4.986753940582275,3957.0,1017.4549600162508,0,0.1571561374665862,1017.2978038787842,204,1.8453804016113295,1000,Neutral,0.0,4.9868,0.0,0.0,0.0,0.0,4.986753940582275,-0.0155,AVAX-USD,0.4213,Neutral,0.4975,0.6802,2.6810732754794167,0,295.1300048828125,0.0,0.0
2020-07-29,4.986753940582275,4.909864902496338,5.229564189910889,4.762067794799805,4.986753940582275,3957.0,1017.4549600162508,0,0.1571561374665862,1017.2978038787842,204,1.8453804016113295,1000,Neutral,0.0,4.9868,0.0,0.0,0.0,0.0,4.986753940582275,-0.0283,AVAX-USD,0.4233,Neutral,0.4868,0.6841,4.284331110174012,0,298.70001220703125,0.0,0.0
2020-07-30,4.986753940582275,4.909864902496338,5.229564189910889,4.762067794799805,4.986753940582275,3957.0,1017.4549600162508,0,0.1571561374665862,1017.2978038787842,204,1.8453804016113295,1000,Neutral,0.0,4.9868,0.0,0.0,0.0,0.0,4.986753940582275,-0.0388,AVAX-USD,0.411,Neutral,0.4942,0.6848,3.7948099587180373,0,297.6099853515625,0.0,0.0
2020-07-31,4.986753940582275,4.909864902496338,5.229564189910889,4.762067794799805,4.986753940582275,3957.0,1017.4549600162508,0,0.1571561374665862,1017.2978038787842,204,1.8453804016113295,1000,Neutral,0.0,4.9868,0.0,0.0,0.0,0.0,4.986753940582275,-0.0472,AVAX-USD,0.4272,Neutral,0.5016,0.6845,4.913055641867903,0,300.1000061035156,0.0,0.0
2020-08-01,4.986753940582275,4.909864902496338,5.229564189910889,4.762067794799805,4.986753940582275,3957.0,2016.4576092281345,0,1.809017232895144,2014.6485919952393,404,0.9227648613929773,2000,"cash_0%_Buy 100% of cash (200 shares - DCA Strategy) Monthly invest 50.0% of total investment ($1,000.00)",0.0,4.9868,4.9822,0.0,0.0,0.0,4.986753940582275,-0.0538,AVAX-USD,0.4204,Neutral,0.5018,0.6818,4.2816194926348565,4,300.1000061035156,0.0,0.0
2020-08-02,4.986753940582275,4.909864902496338,5.229564189910889,4.762067794799805,4.986753940582275,3957.0,2016.4576092281345,0,1.809017232895144,2014.6485919952393,404,0.9227648613929773,2000,Neutral,0.0,4.9868,4.9868,0.0,0.0,0.0,4.986753940582275,-0.0588,AVAX-USD,0.4204,Neutral,0.5018,0.6818,4.2816194926348565,4,300.1000061035156,0.0,0.0
2020-08-03,4.986753940582275,4.909864902496338,5.229564189910889,4.762067794799805,4.986753940582275,3957.0,2016.4576092281345,0,1.809017232895144,2014.6485919952393,404,0.9227648613929773,2000,Neutral,0.0,4.9868,4.9868,0.0,0.0,0.0,4.986753940582275,-0.0623,AVAX-USD,0.4244,Neutral,0.4979,0.6828,5.128737379859327,4,301.989990234375,0.0,0.0
2020-08-04,4.986753940582275,4.909864902496338,5.229564189910889,4.762067794799805,4.986753940582275,3957.0,2016.4576092281345,0,1.809017232895144,2014.6485919952393,404,0.9227648613929773,2000,Neutral,0.0,4.9868,4.9868,0.0,0.0,0.0,4.986753940582275,-0.0646,AVAX-USD,0.4629,Neutral,0.4988,0.6842,5.697978276901754,4,303.260009765625,0.0,0.0
2020-08-05,4.986753940582275,4.909864902496338,5.229564189910889,4.762067794799805,4.986753940582275,3957.0,2016.4576092281345,0,1.809017232895144,2014.6485919952393,404,0.9227648613929773,2000,Neutral,0.0,4.9868,4.9868,0.0,0.0,0.0,4.986753940582275,-0.0659,AVAX-USD,0.4586,Neutral,0.4913,0.6881,6.5450961641262175,4,305.1499938964844,0.0,0.0
2020-08-06,4.986753940582275,4.909864902496338,5.229564189910889,4.762067794799805,4.986753940582275,3957.0,2016.4576092281345,0,1.809017232895144,2014.6485919952393,404,0.9227648613929773,2000,Neutral,0.0,4.9868,4.9868,0.0,0.0,0.0,4.986753940582275,-0.0663,AVAX-USD,0.4696,Neutral,0.4887,0.6908,7.463943656889182,4,307.20001220703125,0.0,0.0
2020-08-07,4.986753940582275,4.909864902496338,5.229564189910889,4.762067794799805,4.986753940582275,3957.0,2016.4576092281345,0,1.809017232895144,2014.6485919952393,404,0.9227648613929773,2000,Neutral,0.0,4.9868,4.9868,0.0,0.0,0.0,4.986753940582275,-0.066,AVAX-USD,0.4624,Neutral,0.4768,0.6918,7.535645905598724,4,307.3599853515625,0.0,0.0
2020-08-08,4.986753940582275,4.909864902496338,5.229564189910889,4.762067794799805,4.986753940582275,3957.0,2016.4576092281345,0,1.809017232895144,2014.6485919952393,404,0.9227648613929773,2000,Neutral,0.0,4.9868,4.9868,0.0,0.0,0.0,4.986753940582275,-0.0652,AVAX-USD,0.4624,Neutral,0.4768,0.6918,7.535645905598724,4,307.3599853515625,0.0,0.0
2020-08-09,4.986753940582275,4.909864902496338,5.229564189910889,4.762067794799805,4.986753940582275,3957.0,2016.4576092281345,0,1.809017232895144,2014.6485919952393,404,0.9227648613929773,2000,Neutral,0.0,4.9868,4.9868,0.0,0.0,0.0,4.986753940582275,-0.0638,AVAX-USD,0.4624,Neutral,0.4768,0.6918,7.535645905598724,4,307.3599853515625,0.0,0.0
2020-08-10,4.986753940582275,4.909864902496338,5.229564189910889,4.762067794799805,4.986753940582275,3957.0,2016.4576092281345,0,1.809017232895144,2014.6485919952393,404,0.9227648613929773,2000,Neutral,0.0,4.9868,4.9868,0.0,0.0,0.0,4.986753940582275,-0.0621,AVAX-USD,0.4519,Neutral,0.4752,0.6939,7.9749008298279485,4,308.3399963378906,0.0,0.0
2020-08-11,4.986753940582275,4.909864902496338,5.229564189910889,4.762067794799805,4.986753940582275,3957.0,2016.4576092281345,0,1.809017232895144,2014.6485919952393,404,0.9227648613929773,2000,Neutral,0.0,4.9868,4.9868,0.0,0.0,0.0,4.986753940582275,-0.0601,AVAX-USD,0.4278,Neutral,0.4834,0.6818,6.858851635492005,4,305.8500061035156,0.0,0.0
2020-08-12,4.986753940582275,4.909864902496338,5.229564189910889,4.762067794799805,4.986753940582275,3957.0,2016.4576092281345,0,1.809017232895144,2014.6485919952393,404,0.9227648613929773,2000,Neutral,0.0,4.9868,4.9868,0.0,0.0,0.0,4.986753940582275,-0.0579,AVAX-USD,0.4502,Neutral,0.4716,0.6753,8.736870586908022,4,310.0400085449219,0.0,0.0
2020-08-13,4.986753940582275,4.909864902496338,5.229564189910889,4.762067794799805,4.986753940582275,3957.0,2016.4576092281345,0,1.809017232895144,2014.6485919952393,404,0.9227648613929773,2000,Neutral,0.0,4.9868,4.9868,0.0,0.0,0.0,4.986753940582275,-0.0556,AVAX-USD,0.4417,Neutral,0.4661,0.6713,8.499317562616017,4,309.510009765625,0.0,0.0
2020-08-14,4.986753940582275,4.909864902496338,5.229564189910889,4.762067794799805,4.986753940582275,3957.0,2016.4576092281345,0,1.809017232895144,2014.6485919952393,404,0.9227648613929773,2000,Neutral,0.0,4.9868,4.9868,0.0,0.0,0.0,4.986753940582275,-0.0531,AVAX-USD,0.4495,Neutral,0.4619,0.6631,8.499317562616017,4,309.510009765625,0.0,0.0
2020-08-15,4.986753940582275,4.909864902496338,5.229564189910889,4.762067794799805,4.986753940582275,3957.0,2016.4576092281345,0,1.809017232895144,2014.6485919952393,404,0.9227648613929773,2000,Neutral,0.0,4.9868,4.9868,0.0,0.0,0.0,4.986753940582275,-0.0506,AVAX-USD,0.4495,Neutral,0.4619,0.6631,8.499317562616017,4,309.510009765625,0.0,0.0
2020-08-16,4.986753940582275,4.909864902496338,5.229564189910889,4.762067794799805,4.986753940582275,3957.0,2016.4576092281345,0,1.809017232895144,2014.6485919952393,404,0.9227648613929773,2000,Neutral,0.0,4.9868,4.9868,0.0,0.0,0.0,4.986753940582275,-0.0481,AVAX-USD,0.4495,Neutral,0.4619,0.6631,8.499317562616017,4,309.510009765625,0.0,0.0
2020-08-17,4.986753940582275,4.909864902496338,5.229564189910889,4.762067794799805,4.986753940582275,3957.0,2016.4576092281345,0,1.809017232895144,2014.6485919952393,404,0.9227648613929773,2000,Neutral,0.0,4.9868,4.9868,0.0,0.0,0.0,4.986753940582275,-0.0456,AVAX-USD,0.4476,Neutral,0.4586,0.6663,8.947531848330303,4,310.510009765625,0.0,0.0
2020-08-18,4.986753940582275,4.909864902496338,5.229564189910889,4.762067794799805,4.986753940582275,3957.0,2016.4576092281345,0,1.809017232895144,2014.6485919952393,404,0.9227648613929773,2000,Neutral,0.0,4.9868,4.9868,0.0,0.0,0.0,4.986753940582275,-0.0431,AVAX-USD,0.4409,Neutral,0.462,0.6782,9.2388683983617,4,311.1600036621094,0.0,0.0
2020-08-19,4.986753940582275,4.909864902496338,5.229564189910889,4.762067794799805,4.986753940582275,3957.0,2016.4576092281345,0,1.809017232895144,2014.6485919952393,404,0.9227648613929773,2000,Neutral,0.0,4.9868,4.9868,0.0,0.0,0.0,4.986753940582275,-0.0407,AVAX-USD,0.4311,Neutral,0.4686,0.6792,8.647222258399356,4,309.8399963378906,0.0,0.0
2020-08-20,4.986753940582275,4.909864902496338,5.229564189910889,4.762067794799805,4.986753940582275,3957.0,2016.4576092281345,0,1.809017232895144,2014.6485919952393,404,0.9227648613929773,2000,Neutral,0.0,4.9868,4.9868,0.0,0.0,0.0,4.986753940582275,-0.0383,AVAX-USD,0.437,Neutral,0.4718,0.673,9.086477182628581,4,310.82000732421875,0.0,0.0
2020-08-21,4.986753940582275,4.909864902496338,5.229564189910889,4.762067794799805,4.986753940582275,3957.0,2016.4576092281345,0,1.809017232895144,2014.6485919952393,404,0.9227648613929773,2000,Neutral,0.0,4.9868,4.9868,0.0,0.0,0.0,4.986753940582275,-0.0361,AVAX-USD,0.4415,Neutral,0.4829,0.6694,9.583988474132486,4,311.92999267578125,0.0,0.0
2020-08-22,4.986753940582275,4.909864902496338,5.229564189910889,4.762067794799805,4.986753940582275,3957.0,2016.4576092281345,0,1.809017232895144,2014.6485919952393,404,0.9227648613929773,2000,Neutral,0.0,4.9868,4.9868,0.0,0.0,0.0,4.986753940582275,-0.0339,AVAX-USD,0.4415,Neutral,0.4829,0.6694,9.583988474132486,4,311.92999267578125,0.0,0.0
2020-08-23,4.986753940582275,4.909864902496338,5.229564189910889,4.762067794799805,4.986753940582275,3957.0,2016.4576092281345,0,1.809017232895144,2014.6485919952393,404,0.9227648613929773,2000,Neutral,0.0,4.9868,4.9868,0.0,0.0,0.0,4.986753940582275,-0.0318,AVAX-USD,0.4415,Neutral,0.4829,0.6694,9.583988474132486,4,311.92999267578125,0.0,0.0
2020-08-24,4.986753940582275,4.909864902496338,5.229564189910889,4.762067794799805,4.986753940582275,3957.0,2016.4576092281345,0,1.809017232895144,2014.6485919952393,404,0.9227648613929773,2000,Neutral,0.0,4.9868,4.9868,0.0,0.0,0.0,4.986753940582275,-0.0298,AVAX-USD,0.4439,Neutral,0.4809,0.66,11.004833778349155,4,315.1000061035156,0.0,0.0
2020-08-25,4.986753940582275,4.909864902496338,5.229564189910889,4.762067794799805,4.986753940582275,3957.0,2016.4576092281345,0,1.809017232895144,2014.6485919952393,404,0.9227648613929773,2000,Neutral,0.0,4.9868,4.9868,0.0,0.0,0.0,4.986753940582275,-0.0279,AVAX-USD,0.4428,Neutral,0.4762,0.6508,11.49787222831775,4,316.20001220703125,0.0,0.0
2020-08-26,4.986753940582275,4.909864902496338,5.229564189910889,4.762067794799805,4.986753940582275,3957.0,2016.4576092281345,0,1.809017232895144,2014.6485919952393,404,0.9227648613929773,2000,Neutral,0.0,4.9868,4.9868,0.0,0.0,0.0,4.986753940582275,-0.0261,AVAX-USD,0.4482,Neutral,0.4848,0.6525,12.945595616989625,4,319.42999267578125,0.0,0.0
2020-08-27,4.986753940582275,4.909864902496338,5.229564189910889,4.762067794799805,4.986753940582275,3957.0,2016.4576092281345,0,1.809017232895144,2014.6485919952393,404,0.9227648613929773,2000,Neutral,0.0,4.9868,4.9868,0.0,0.0,0.0,4.986753940582275,-0.0243,AVAX-USD,0.4414,Neutral,0.4889,0.6519,13.23245932548571,4,320.07000732421875,0.0,0.0
2020-08-28,4.986753940582275,4.909864902496338,5.229564189910889,4.762067794799805,4.986753940582275,3957.0,2016.4576092281345,0,1.809017232895144,2014.6485919952393,404,0.9227648613929773,2000,Neutral,0.0,4.9868,4.9868,0.0,0.0,0.0,4.986753940582275,-0.0227,AVAX-USD,0.4535,Neutral,0.4667,0.6597,14.164739021269067,4,322.1499938964844,0.0,0.0
2020-08-29,4.986753940582275,4.909864902496338,5.229564189910889,4.762067794799805,4.986753940582275,3957.0,2016.4576092281345,0,1.809017232895144,2014.6485919952393,404,0.9227648613929773,2000,Neutral,0.0,4.9868,4.9868,0.0,0.0,0.0,4.986753940582275,-0.0212,AVAX-USD,0.4535,Neutral,0.4667,0.6597,14.164739021269067,4,322.1499938964844,0.0,0.0
2020-08-30,4.986753940582275,4.909864902496338,5.229564189910889,4.762067794799805,4.986753940582275,3957.0,2016.4576092281345,0,1.809017232895144,2014.6485919952393,404,0.9227648613929773,2000,Neutral,0.0,4.9868,4.9868,0.0,0.0,0.0,4.986753940582275,-0.0198,AVAX-USD,0.4535,Neutral,0.4667,0.6597,14.164739021269067,4,322.1499938964844,0.0,0.0
2020-08-31,4.986753940582275,4.909864902496338,5.229564189910889,4.762067794799805,4.986753940582275,3957.0,2016.4576092281345,0,1.809017232895144,2014.6485919952393,404,0.9227648613929773,2000,Neutral,0.0,4.9868,4.9868,0.0,0.0,0.0,4.986753940582275,-0.0184,AVAX-USD,0.4435,Neutral,0.495,0.6654,13.658254689865611,4,321.0199890136719,0.0,0.0
2020-09-01,4.986753940582275,4.909864902496338,5.229564189910889,4.762067794799805,4.986753940582275,3957.0,3015.460258440018,0,3.4608783283237017,3011.9993801116943,604,0.6152263479868525,3000,"cash_0%_Buy 100% of cash (200 shares - DCA Strategy) Monthly invest 33.3% of total investment ($1,000.00)",0.0,4.9868,4.9868,0.0,0.0,0.0,4.986753940582275,-0.0171,AVAX-USD,0.4553,Neutral,0.4946,0.6707,14.205925051281223,7,324.0199890136719,0.0,0.0
2020-09-02,4.986753940582275,4.909864902496338,5.229564189910889,4.762067794799805,4.986753940582275,3957.0,3015.460258440018,0,3.4608783283237017,3011.9993801116943,604,0.6152263479868525,3000,Neutral,0.0,4.9868,4.9868,0.0,0.0,0.0,4.986753940582275,-0.016,AVAX-USD,0.4769,Neutral,0.4995,0.6611,16.309223840857687,7,328.739990234375,0.0,0.0
2020-09-03,4.986753940582275,4.909864902496338,5.229564189910889,4.762067794799805,4.986753940582275,3957.0,3015.460258440018,0,3.4608783283237017,3011.9993801116943,604,0.6152263479868525,3000,Neutral,0.0,4.9868,4.9868,0.0,0.0,0.0,4.986753940582275,-0.0148,AVAX-USD,0.4201,Neutral,0.5533,0.6539,11.238133945709674,7,317.3599853515625,0.0,0.0
2020-09-04,4.986753940582275,4.909864902496338,5.229564189910889,4.762067794799805,4.986753940582275,3957.0,3015.460258440018,0,3.4608783283237017,3011.9993801116943,604,0.6152263479868525,3000,Neutral,0.0,4.9868,4.9868,0.0,0.0,0.0,4.986753940582275,-0.0138,AVAX-USD,0.4183,Neutral,0.5334,0.6375,10.106284087910876,7,314.82000732421875,0.0,0.0
2020-09-05,4.986753940582275,4.909864902496338,5.229564189910889,4.762067794799805,4.986753940582275,3957.0,3015.460258440018,0,3.4608783283237017,3011.9993801116943,604,0.6152263479868525,3000,Neutral,0.0,4.9868,4.9868,0.0,0.0,0.0,4.986753940582275,-0.0128,AVAX-USD,0.4183,Neutral,0.5334,0.6375,10.106284087910876,7,314.82000732421875,0.0,0.0
2020-09-06,4.986753940582275,4.909864902496338,5.229564189910889,4.762067794799805,4.986753940582275,3957.0,3015.460258440018,0,3.4608783283237017,3011.9993801116943,604,0.6152263479868525,3000,Neutral,0.0,4.9868,4.9868,0.0,0.0,0.0,4.986753940582275,-0.0119,AVAX-USD,0.4183,Neutral,0.5334,0.6375,10.106284087910876,7,314.82000732421875,0.0,0.0
2020-09-07,4.986753940582275,4.909864902496338,5.229564189910889,4.762067794799805,4.986753940582275,3957.0,3015.460258440018,0,3.4608783283237017,3011.9993801116943,604,0.6152263479868525,3000,Neutral,0.0,4.9868,4.9868,0.0,0.0,0.0,4.986753940582275,-0.0111,AVAX-USD,0.4127,Neutral,0.5332,0.6246,10.106284087910876,7,314.82000732421875,0.0,0.0
2020-09-08,4.986753940582275,4.909864902496338,5.229564189910889,4.762067794799805,4.986753940582275,3957.0,3015.460258440018,0,3.4608783283237017,3011.9993801116943,604,0.6152263479868525,3000,Neutral,0.0,4.9868,4.9868,0.0,0.0,0.0,4.986753940582275,-0.0103,AVAX-USD,0.3921,Neutral,0.5416,0.6042,6.25172540421433,7,306.1700134277344,0.0,0.0
2020-09-09,4.986753940582275,4.909864902496338,5.229564189910889,4.762067794799805,4.986753940582275,3957.0,3015.460258440018,0,3.4608783283237017,3011.9993801116943,604,0.6152263479868525,3000,Neutral,0.0,4.9868,4.9868,0.0,0.0,0.0,4.986753940582275,-0.0096,AVAX-USD,0.4226,Neutral,0.5202,0.6,8.943224384820137,7,312.2099914550781,0.0,0.0
2020-09-10,4.986753940582275,4.909864902496338,5.229564189910889,4.762067794799805,4.986753940582275,3957.0,3015.460258440018,0,3.4608783283237017,3011.9993801116943,604,0.6152263479868525,3000,Neutral,0.0,4.9868,4.9868,4.9852,0.0,0.0,4.986753940582275,-0.0089,AVAX-USD,0.4004,Neutral,0.528,0.5964,6.510175560978308,7,306.75,0.0,0.0
2020-09-11,4.986753940582275,4.909864902496338,5.229564189910889,4.762067794799805,4.986753940582275,3957.0,3015.460258440018,0,3.4608783283237017,3011.9993801116943,604,0.6152263479868525,3000,Neutral,0.0,4.9868,4.9868,4.9868,0.0,0.0,4.986753940582275,-0.0082,AVAX-USD,0.434,Neutral,0.5229,0.5939,6.612671684710495,7,306.9800109863281,0.0,0.0
2020-09-12,4.986753940582275,4.909864902496338,5.229564189910889,4.762067794799805,4.986753940582275,3957.0,3015.460258440018,0,3.4608783283237017,3011.9993801116943,604,0.6152263479868525,3000,Neutral,0.0,4.9868,4.9868,4.9868,0.0,0.0,4.986753940582275,-0.0076,AVAX-USD,0.434,Neutral,0.5229,0.5939,6.612671684710495,7,306.9800109863281,0.0,0.0
2020-09-13,4.986753940582275,4.909864902496338,5.229564189910889,4.762067794799805,4.986753940582275,3957.0,3015.460258440018,0,3.4608783283237017,3011.9993801116943,604,0.6152263479868525,3000,Neutral,0.0,4.9868,4.9868,4.9868,0.0,0.0,4.986753940582275,-0.0071,AVAX-USD,0.434,Neutral,0.5229,0.5939,6.612671684710495,7,306.9800109863281,0.0,0.0
2020-09-14,4.986753940582275,4.909864902496338,5.229564189910889,4.762067794799805,4.986753940582275,3957.0,3015.460258440018,0,3.4608783283237017,3011.9993801116943,604,0.6152263479868525,3000,Neutral,0.0,4.9868,4.9868,4.9868,0.0,0.0,4.986753940582275,-0.0066,AVAX-USD,0.4673,Neutral,0.5149,0.5945,8.390667333010928,7,310.9700012207031,0.0,0.0
2020-09-15,4.986753940582275,4.909864902496338,5.229564189910889,4.762067794799805,4.986753940582275,3957.0,3015.460258440018,0,3.4608783283237017,3011.9993801116943,604,0.6152263479868525,3000,Neutral,0.0,4.9868,4.9868,4.9868,0.0,0.0,4.986753940582275,-0.0061,AVAX-USD,0.4646,Neutral,0.5122,0.6049,9.103652508963503,7,312.57000732421875,0.0,0.0
2020-09-16,4.986753940582275,4.909864902496338,5.229564189910889,4.762067794799805,4.986753940582275,3957.0,3015.460258440018,0,3.4608783283237017,3011.9993801116943,604,0.6152263479868525,3000,Neutral,0.0,4.9868,4.9868,4.9868,0.0,0.0,4.986753940582275,-0.0056,AVAX-USD,0.4437,Neutral,0.5147,0.618,8.54217447305339,7,311.3099975585937,0.0,0.0
2020-09-17,4.986753940582275,4.909864902496338,5.229564189910889,4.762067794799805,4.986753940582275,3957.0,3015.460258440018,0,3.4608783283237017,3011.9993801116943,604,0.6152263479868525,3000,Neutral,0.0,4.9868,4.9868,4.9868,0.0,0.0,4.986753940582275,-0.0052,AVAX-USD,0.4369,Neutral,0.5166,0.6288,7.33010375365237,7,308.5899963378906,0.0,0.0
2020-09-18,4.986753940582275,4.909864902496338,5.229564189910889,4.762067794799805,4.986753940582275,3957.0,3015.460258440018,0,3.4608783283237017,3011.9993801116943,604,0.6152263479868525,3000,Neutral,0.0,4.9868,4.9868,4.9868,0.0,0.0,4.986753940582275,-0.0049,AVAX-USD,0.4421,Neutral,0.4969,0.6422,5.730350999574799,7,305.0,0.0,0.0
2020-09-19,4.986753940582275,4.909864902496338,5.229564189910889,4.762067794799805,4.986753940582275,3957.0,3015.460258440018,0,3.4608783283237017,3011.9993801116943,604,0.6152263479868525,3000,Neutral,0.0,4.9868,4.9868,4.9868,0.0,0.0,4.986753940582275,-0.0045,AVAX-USD,0.4421,Neutral,0.4969,0.6422,5.730350999574799,7,305.0,0.0,0.0
2020-09-20,4.986753940582275,4.909864902496338,5.229564189910889,4.762067794799805,4.986753940582275,3957.0,3015.460258440018,0,3.4608783283237017,3011.9993801116943,604,0.6152263479868525,3000,Neutral,0.0,4.9868,4.9868,4.9868,0.0,0.0,4.986753940582275,-0.0042,AVAX-USD,0.4421,Neutral,0.4969,0.6422,5.730350999574799,7,305.0,0.0,0.0
2020-09-21,4.986753940582275,4.909864902496338,5.229564189910889,4.762067794799805,4.986753940582275,3957.0,3015.460258440018,0,3.4608783283237017,3011.9993801116943,604,0.6152263479868525,3000,Neutral,0.0,4.9868,4.9868,4.9868,0.0,0.0,4.986753940582275,-0.0039,AVAX-USD,0.4183,Neutral,0.5128,0.6351,4.255369631359333,7,301.69000244140625,0.0,0.0
2020-09-22,5.234632015228272,4.986753940582275,11.4634428024292,4.125380039215088,5.234632015228272,288098840.0,3165.1786155262002,0,3.4608783283237017,3161.7177371978764,604,5.605838250859585,3000,Neutral,100.0,5.0363,4.9991,4.9909,0.0,0.0,5.234632015228272,0.3125,AVAX-USD,0.4277,Neutral,0.5071,0.6273,5.614486998752422,7,304.739990234375,0.0,0.0
2020-09-23,4.11846923828125,5.321653842926025,5.329309940338135,3.9826040267944336,4.11846923828125,173091214.0,2491.016298250199,0,3.4608783283237017,2487.555419921875,604,-16.86623899167379,3000,Neutral,18.172335114194567,4.8627,4.9557,4.9764,0.0,0.0,5.234632015228272,-0.9411,AVAX-USD,0.3882,Neutral,0.5187,0.6098,2.4684529989580177,7,297.67999267578125,0.0,0.0
2020-09-24,4.566561222076416,3.817924976348877,4.751877784729004,3.539886951446533,4.566561222076416,96110964.0,2761.663856462479,0,3.4608783283237017,2758.2029781341553,604,-7.844653717931116,3000,Neutral,38.406128118752186,4.7786,4.9347,4.9694,0.0,0.0,5.234632015228272,-1.1074,AVAX-USD,0.3946,Neutral,0.5193,0.5985,2.833859771504631,7,298.5,0.0,0.0
2020-09-25,4.712278842926025,4.614027976989746,4.958673000335693,4.240797996520996,4.712278842926025,55854397.0,2849.677299455643,0,3.4608783283237017,2846.2164211273193,604,-4.91087228482564,3000,Neutral,42.99039676953465,4.7237,4.921,4.9648,0.0,0.0,5.234632015228272,-0.9604,AVAX-USD,0.4083,Neutral,0.5255,0.5853,4.963894315261474,7,303.2799987792969,0.0,0.0
2020-09-26,4.539248943328857,4.713736057281494,4.817751884460449,4.376773834228516,4.539248943328857,27304546.0,2745.1672400989537,0,3.4608783283237017,2741.70636177063,604,-8.394540930048622,3000,Neutral,39.499527835337624,4.6342,4.8986,4.9574,0.0,0.0,5.234632015228272,-1.0431,AVAX-USD,0.4083,Neutral,0.5255,0.5853,4.963894315261474,7,303.2799987792969,0.0,0.0
2020-09-27,4.62553596496582,4.5352888107299805,4.69547176361084,4.138011932373047,4.62553596496582,23243192.0,2797.2846011676793,0,3.4608783283237017,2793.8237228393555,604,-6.657295561091104,3000,Neutral,41.85406615470939,4.5124,4.8806,4.9514,0.0,0.0,5.234632015228272,-0.9193,AVAX-USD,0.4083,Neutral,0.5255,0.5853,4.963894315261474,7,303.2799987792969,0.0,0.0
2020-09-28,4.204802989959717,4.636009216308594,4.642366886138916,4.204802989959717,4.204802989959717,20624310.0,2543.1618842639928,0,3.4608783283237017,2539.701005935669,604,-15.128052791213987,3000,Neutral,35.17853508211563,4.5297,4.8415,4.9383,0.0,0.0,5.234632015228272,-1.3544,AVAX-USD,0.4251,Neutral,0.5235,0.5873,7.22760762992019,7,308.3599853515625,0.0,0.0
2020-09-29,4.142951011657715,4.205905914306641,4.280641078948975,3.9706621170043945,4.142951011657715,16706917.0,2505.8032893695836,0,3.4608783283237017,2502.3424110412598,604,-16.3733392876943,3000,Neutral,34.37258634237824,4.445,4.7993,4.9243,0.0,0.0,5.234632015228272,-1.6405,AVAX-USD,0.42,Neutral,0.5252,0.5876,6.447338542406488,7,305.29998779296875,1.309,0.0
2020-09-30,4.322546005249023,4.1432929039001465,4.39227819442749,4.015056133270264,4.322546005249023,16932876.0,2614.278665498734,0,3.4608783283237017,2610.81778717041,604,-12.757493416722621,3000,Neutral,38.46599835818224,4.367,4.7661,4.9132,0.0,0.0,5.234632015228272,-1.4773,AVAX-USD,0.4269,Neutral,0.5231,0.5928,7.494534244674856,7,307.6499938964844,0.0,0.0
2020-10-01,4.151090145111084,4.324278831481934,4.493291854858398,4.0592942237854,4.151090145111084,23903201.0,3509.718913250447,0,2.0477406315808366,3507.671172618866,845,-12.157142768752582,4000,"cash_0%_Buy 100% of cash (241 shares - DCA Strategy) Monthly invest 25.0% of total investment ($1,000.00)",36.30420015761182,4.2894,4.7243,4.8993,0.0,0.0,5.234632015228272,-1.5235,AVAX-USD,0.4242,Neutral,0.5252,0.5939,7.6942688498254945,11,309.6000061035156,0.0,0.0
2020-10-02,3.9271559715271,4.149603843688965,4.206491947174072,3.693851947784424,3.9271559715271,30467406.0,3320.4945365719805,0,2.0477406315808366,3318.4467959403996,845,-16.887752185714234,4000,Neutral,33.82163432990343,4.1497,4.6713,4.8816,0.0,0.0,5.234632015228272,-1.779,AVAX-USD,0.4131,Neutral,0.51,0.5876,6.413163229539929,11,306.7200012207031,0.0,0.0
2020-10-03,4.021659851074219,3.925748109817505,4.166155815124512,3.8802390098571777,4.021659851074219,11967394.0,3400.3503147892957,0,2.0477406315808366,3398.302574157715,845,-14.891357730281362,4000,Neutral,35.6778719385503,4.1131,4.623,4.8655,0.0,0.0,5.234632015228272,-1.6959,AVAX-USD,0.4131,Neutral,0.51,0.5876,6.413163229539929,11,306.7200012207031,0.0,0.0
2020-10-04,3.9611101150512695,4.022983074188232,4.06501579284668,3.8558170795440674,3.9611101150512695,12949575.0,3349.1857878499036,0,2.0477406315808366,3347.1380472183228,845,-16.170470903766166,4000,Neutral,35.04801264265494,4.0767,4.5718,4.8484,0.0,0.0,5.234632015228272,-1.6219,AVAX-USD,0.4131,Neutral,0.51,0.5876,6.413163229539929,11,306.7200012207031,0.0,0.0
2020-10-05,3.978019952774048,3.960586071014404,4.036362171173096,3.886122941970825,3.978019952774048,8980051.0,3363.4746007256513,0,2.0477406315808366,3361.4268600940704,845,-15.813250581872474,4000,Neutral,35.366673189679034,4.0078,4.5213,4.8316,0.0,0.0,5.234632015228272,-1.4394,AVAX-USD,0.4173,Neutral,0.5068,0.5911,8.797432575579787,11,312.0799865722656,0.0,0.0
2020-10-06,3.5376579761505127,3.982503890991211,3.982503890991211,3.519102096557617,3.5376579761505127,15048998.0,2991.368730478764,0,2.0477406315808366,2989.3209898471832,845,-25.115897338044647,4000,Neutral,26.684694887206334,3.8851,4.4489,4.8075,0.0,0.0,5.234632015228272,-1.8878,AVAX-USD,0.4003,Neutral,0.5198,0.5981,6.8579908157468275,11,307.7200012207031,0.0,0.0
2020-10-07,3.4468181133270264,3.538809061050415,3.5429799556732178,3.230266094207764,3.4468181133270264,15674566.0,2914.609046392918,0,2.0477406315808366,2912.5613057613373,845,-27.034889440190803,4000,Neutral,37.1521301327124,3.7891,4.3719,4.7818,0.0,0.0,5.234632015228272,-2.1983,AVAX-USD,0.4121,Neutral,0.5055,0.5959,9.20667992791682,11,313.0,0.0,0.0
2020-10-08,3.904278993606568,3.4481561183929443,3.92556405067444,3.3424251079559326,3.904278993606568,15215458.0,3301.1634902291307,0,2.0477406315808366,3299.11574959755,845,-17.371028344285477,4000,Neutral,37.37659197208086,3.7656,4.3178,4.7638,0.0,0.0,5.234632015228272,-1.5329,AVAX-USD,0.4234,Neutral,0.4945,0.6033,10.438847454688084,11,315.7699890136719,0.0,0.0
2020-10-09,4.235304832458496,3.911573886871338,4.279157161712647,3.818816900253296,4.235304832458496,13043373.0,3580.88032405901,0,2.0477406315808366,3578.832583427429,845,-10.378107498538503,4000,Neutral,41.508502728299284,3.8204,4.2802,4.7512,0.0,0.0,5.234632015228272,-0.4653,AVAX-USD,0.4371,Neutral,0.4747,0.6185,11.688811885924611,11,318.5799865722656,0.0,0.0
2020-10-10,4.026704788208008,4.241962909698486,4.250988960266113,4.016294002532959,4.026704788208008,14539711.0,3404.6132866673474,0,2.0477406315808366,3402.5655460357666,845,-14.784783433330063,4000,Neutral,40.98937233769841,3.8302,4.2322,4.7352,0.0,0.0,5.234632015228272,-0.0441,AVAX-USD,0.4371,Neutral,0.4747,0.6185,11.688811885924611,11,318.5799865722656,0.0,0.0
2020-10-11,4.095879077911377,4.022435188293457,4.158483028411865,3.970839023590088,4.095879077911377,11454885.0,3463.0655614666944,0,2.0477406315808366,3461.0178208351135,845,-13.323476563346393,4000,Neutral,40.63216173824659,3.9418,4.1876,4.7204,0.0,0.0,5.234632015228272,0.3831,AVAX-USD,0.4371,Neutral,0.4747,0.6185,11.688811885924611,11,318.5799865722656,0.0,0.0
2020-10-12,4.415740013122559,4.092503070831299,4.686799049377441,4.051722049713135,4.415740013122559,14445437.0,3733.348051720143,0,2.0477406315808366,3731.300311088562,845,-6.566414307010183,4000,Neutral,53.86880789323672,4.1356,4.1467,4.7109,0.0,0.0,5.234632015228272,1.1809,AVAX-USD,0.4491,Neutral,0.4747,0.6215,13.975232195057163,11,323.7200012207031,0.0,0.0
2020-10-13,4.488053798675537,4.413149833679199,4.541391849517822,4.334646224975586,4.488053798675537,14050398.0,3794.4532005124097,0,2.0477406315808366,3792.405459880829,845,-5.03878558720351,4000,Neutral,56.305352274257864,4.2523,4.1652,4.7026,0.0,0.0,5.234632015228272,1.7771,AVAX-USD,0.4497,Neutral,0.4864,0.6185,13.054435833594336,11,321.6499938964844,0.0,0.0
2020-10-14,4.150055885314941,4.483893871307373,4.485447883605957,4.022535800933838,4.150055885314941,10004481.0,3508.8449637227063,0,2.0477406315808366,3506.7972230911255,845,-12.17899150694609,4000,Neutral,47.020884723232456,4.2353,4.1443,4.6886,0.0,0.0,5.234632015228272,1.586,AVAX-USD,0.4462,Neutral,0.4957,0.6253,12.160341616359705,11,319.6400146484375,0.0,0.0
2020-10-15,4.127353191375732,4.152927875518799,4.213541030883789,4.016290187835693,4.127353191375732,6998970.0,3489.6611873440747,0,2.0477406315808366,3487.613446712494,845,-12.65858591641188,4000,Neutral,49.567827472698816,4.2554,4.1151,4.6743,0.0,0.0,5.234632015228272,1.39,AVAX-USD,0.4374,Neutral,0.4986,0.6281,11.991304961591378,11,319.260009765625,0.0,0.0
2020-10-16,4.040480136871338,4.127865791320801,4.155393123626709,3.8870110511779785,4.040480136871338,9790610.0,3416.2534562878614,0,2.0477406315808366,3414.2057156562805,845,-14.493779192817213,4000,Neutral,52.17164768827135,4.2443,4.0902,4.6585,0.0,0.0,5.234632015228272,1.0992,AVAX-USD,0.4347,Neutral,0.5098,0.6274,11.871192825276712,11,318.989990234375,0.0,0.0
2020-10-17,4.196009159088135,4.038540840148926,4.196009159088135,3.976694107055664,4.196009159088135,6113717.0,3547.6754800610547,0,2.0477406315808366,3545.627739429474,845,-11.208228598487379,4000,Neutral,53.26472392391535,4.2004,4.0687,4.6453,0.0,0.0,5.234632015228272,1.1335,AVAX-USD,0.4347,Neutral,0.5098,0.6274,11.871192825276712,11,318.989990234375,0.0,0.0
2020-10-18,4.116062164306641,4.192323207855225,4.24636697769165,4.083951950073242,4.116062164306641,3717531.0,3480.120269470692,0,2.0477406315808366,3478.0725288391113,845,-12.897108863246443,4000,Neutral,52.88058102712281,4.126,4.0642,4.6308,0.0,0.0,5.234632015228272,1.0065,AVAX-USD,0.4347,Neutral,0.5098,0.6274,11.871192825276712,11,318.989990234375,0.0,0.0
2020-10-19,4.050311088562012,4.117764949798584,4.1609392166137695,3.997867107391357,4.050311088562012,5848392.0,3424.5606104664807,0,2.0477406315808366,3422.5128698349,845,-14.286100338351737,4000,Neutral,51.319933591291466,4.106,4.0596,4.6152,0.0,0.0,5.234632015228272,0.8039,AVAX-USD,0.41,Neutral,0.5212,0.6302,9.727134176805553,11,314.1700134277344,0.0,0.0
2020-10-20,3.80220103263855,4.05350399017334,4.081610202789307,3.714379072189331,3.80220103263855,19646467.0,3214.9076132111554,0,2.0477406315808366,3212.8598725795746,845,-19.527425269734863,4000,Neutral,55.194887766071005,4.041,4.0336,4.5955,0.0,0.0,5.234632015228272,0.2778,AVAX-USD,0.4072,Neutral,0.5197,0.6372,10.27871603968271,11,315.4100036621094,0.0,0.0
2020-10-21,3.965959072113037,3.80043888092041,4.108504772186279,3.794333934783936,3.965959072113037,23475819.0,3353.283156567097,0,2.0477406315808366,3351.2354159355164,845,-16.06803668583632,4000,Neutral,59.91065713965027,4.0261,4.0243,4.5785,0.0,0.0,5.234632015228272,0.2132,AVAX-USD,0.4023,Neutral,0.5123,0.6374,10.025161057530216,11,314.8399963378906,0.0,0.0
2020-10-22,4.3144211769104,3.971724987030029,4.498044013977051,3.96215295791626,4.3144211769104,24178361.0,3647.733635120869,0,2.0477406315808366,3645.6858944892883,845,-8.706774721992018,4000,Neutral,58.169818487526804,4.0498,4.0437,4.5673,0.0,0.0,5.234632015228272,0.7331,AVAX-USD,0.4061,Neutral,0.5049,0.6367,10.79471766868998,11,316.57000732421875,0.0,0.0
2020-10-23,4.262105941772461,4.330928802490234,4.486894130706787,4.149672031402588,4.262105941772461,19482074.0,3603.5272614293103,0,2.0477406315808366,3601.4795207977295,845,-9.811934064280992,4000,Neutral,50.600545989753336,4.079,4.0557,4.5552,0.0,0.0,5.234632015228272,0.965,AVAX-USD,0.4107,Neutral,0.5046,0.6348,11.27512548876675,11,317.6499938964844,0.0,0.0
2020-10-24,4.189700126647949,4.262105941772461,4.352660179138184,4.161980152130127,4.189700126647949,16681037.0,3542.344347649098,0,2.0477406315808366,3540.296607017517,845,-11.341506908786302,4000,Neutral,53.88973032268196,4.1069,4.0672,4.5419,0.0,0.0,5.234632015228272,0.9723,AVAX-USD,0.4107,Neutral,0.5046,0.6348,11.27512548876675,11,317.6499938964844,0.0,0.0
2020-10-25,4.153210163116455,4.189700126647949,4.25797176361084,4.105394840240479,4.153210163116455,15517939.0,3511.5103284649854,0,2.0477406315808366,3509.4625878334045,845,-12.112357388389116,4000,Neutral,51.38983324359235,4.1771,4.0759,4.528,0.0,0.0,5.234632015228272,0.8919,AVAX-USD,0.4107,Neutral,0.5046,0.6348,11.27512548876675,11,317.6499938964844,0.0,0.0
2020-10-26,4.160973072052002,4.153210163116455,4.479071140289307,4.049677848815918,4.160973072052002,9243755.0,3518.0699865155225,0,2.0477406315808366,3516.0222458839417,845,-11.948365937125693,4000,Neutral,42.72268553654777,4.2161,4.1071,4.5142,0.0,0.0,5.234632015228272,0.827,AVAX-USD,0.3807,Neutral,0.5437,0.6293,8.672881394444286,11,311.79998779296875,0.0,0.0
2020-10-27,4.1222429275512695,4.160973072052002,4.3497090339660645,4.043659210205078,4.1222429275512695,17600881.0,3485.3430144124036,0,2.0477406315808366,3483.2952737808228,845,-12.76654023970366,4000,Neutral,39.34635924703038,4.1776,4.1409,4.4998,0.0,0.0,5.234632015228272,0.7016,AVAX-USD,0.3789,Neutral,0.5527,0.6297,8.214709523653621,11,310.7699890136719,0.0,0.0
2020-10-28,4.066606044769287,4.1222429275512695,4.177804946899414,3.93502688407898,4.066606044769287,19435211.0,3438.3298484616284,0,2.0477406315808366,3436.2821078300476,845,-13.94186938847304,4000,Neutral,47.09127383813503,4.1385,4.149,4.4845,0.0,0.0,5.234632015228272,0.517,AVAX-USD,0.3189,Neutral,0.6019,0.6156,3.455062496276188,11,300.07000732421875,0.0,0.0
2020-10-29,3.775311946868897,4.066606044769287,4.106396198272705,3.7333829402923584,3.775311946868897,6527859.0,3192.186335735799,0,2.0477406315808366,3190.138595104218,845,-20.095457206618782,4000,Neutral,39.66448248355704,4.0557,4.126,4.4643,0.0,0.0,5.234632015228272,-0.064,AVAX-USD,0.3295,Neutral,0.5772,0.5979,4.860719297697248,11,303.2300109863281,0.0,0.0
2020-10-30,3.714937925338745,3.775311946868897,3.819171905517578,3.580127000808716,3.714937925338745,28434550.0,3141.1702875428205,0,2.0477406315808366,3139.1225469112396,845,-21.370858411443237,4000,Neutral,40.291400959808335,3.968,4.1104,4.4431,0.0,0.0,5.234632015228272,-0.5113,AVAX-USD,0.316,Neutral,0.5995,0.587,3.343855599724453,11,299.82000732421875,0.0,0.0
2020-10-31,3.6483678817749023,3.714937925338745,3.7435359954833984,3.5851359367370605,3.6483678817749023,20452535.0,3084.9186007313733,0,2.0477406315808366,3082.8708600997925,845,-22.777150581729423,4000,Neutral,32.75262250206791,3.8655,4.088,4.4208,0.0,0.0,5.234632015228272,-0.8622,AVAX-USD,0.316,Neutral,0.5995,0.587,3.343855599724453,11,299.82000732421875,0.0,0.0
2020-11-01,3.682663917541504,3.6483678817749023,3.716675996780396,3.5559840202331543,3.682663917541504,15953277.0,4112.900749032498,0,3.047817056179724,4109.852931976318,1116,-17.642100619363774,5000,"cash_0%_Buy 100% of cash (271 shares - DCA Strategy) Monthly invest 20.0% of total investment ($1,000.00)",35.9464820205355,3.7776,4.0514,4.3991,0.0,0.0,5.234632015228272,-0.9709,AVAX-USD,0.3193,Neutral,0.599,0.5813,2.7716330520183057,14,299.82000732421875,0.0,0.0
2020-11-02,3.623914957046509,3.682663917541504,3.85450291633606,3.6143970489501953,3.623914957046509,20039697.0,4047.3369091200834,0,3.047817056179724,4044.289092063904,1116,-18.95337741761208,5000,Neutral,36.110461761414335,3.689,4.0081,4.3763,0.0,0.0,5.234632015228272,-1.0691,AVAX-USD,0.3351,Neutral,0.5932,0.581,4.315510087902833,14,303.3099975585937,0.0,0.0
2020-11-03,3.332746982574463,3.623914957046509,3.6555540561676025,3.2422571182250977,3.332746982574463,24573095.0,3722.39344960928,0,3.047817056179724,3719.3456325531006,1116,-25.452246607828144,5000,Neutral,35.125145365461265,3.6005,3.9673,4.3488,0.0,0.0,5.234632015228272,-1.5429,AVAX-USD,0.3503,Neutral,0.5794,0.5961,6.682207703186879,14,308.6600036621094,0.0,0.0
2020-11-04,3.184633016586304,3.332746982574463,3.3766589164733887,3.002887964248657,3.184633016586304,20709819.0,3557.098263566495,0,3.047817056179724,3554.0504465103154,1116,-28.758150328683854,5000,Neutral,24.995456312155255,3.4945,3.9201,4.3187,0.0,0.0,5.234632015228272,-2.0048,AVAX-USD,0.3982,Neutral,0.5449,0.6162,9.756691128521222,14,315.6099853515625,0.0,0.0
2020-11-05,3.3582050800323486,3.184633016586304,3.3770980834960938,3.0228428840637207,3.3582050800323486,26135754.0,3750.8046863722807,0,3.047817056179724,3747.756869316101,1116,-24.88402187256814,5000,Neutral,15.541218711900726,3.4364,3.886,4.2916,0.0,0.0,5.234632015228272,-1.8812,AVAX-USD,0.4206,Neutral,0.5297,0.6421,12.490565795414103,14,321.7900085449219,0.0,0.0
2020-11-06,3.595282077789306,3.3582050800323486,3.6452419757843018,3.318023920059204,3.595282077789306,33947029.0,4015.3826158690454,0,3.047817056179724,4012.3347988128658,1116,-19.592463282632842,5000,Neutral,28.793825476324614,3.419,3.856,4.2684,0.0,0.0,5.234632015228272,-1.2653,AVAX-USD,0.4199,Neutral,0.4776,0.6558,12.472867100118147,14,321.75,0.0,0.0
2020-11-07,3.4034080505371094,3.595282077789306,3.907105922698975,3.382675886154175,3.4034080505371094,34653203.0,3801.2512014555937,0,3.047817056179724,3798.203384399414,1116,-23.875091570901873,5000,Neutral,26.760409147269712,3.3749,3.8204,4.242,0.0,0.0,5.234632015228272,-1.1117,AVAX-USD,0.4199,Neutral,0.4776,0.6558,12.472867100118147,14,321.75,0.0,0.0
2020-11-08,3.476598024368286,3.4034080505371094,3.650815963745117,3.368067979812622,3.476598024368286,26072941.0,3882.931212251187,0,3.047817056179724,3879.8833951950073,1116,-22.241491354990004,5000,Neutral,30.426725047034466,3.4036,3.7917,4.2169,0.0,0.0,5.234632015228272,-0.7928,AVAX-USD,0.4199,Neutral,0.4776,0.6558,12.472867100118147,14,321.75,0.0,0.0
2020-11-09,3.41712498664856,3.476598024368286,3.539320945739746,3.2658870220184326,3.41712498664856,25509378.0,3816.5593021559725,0,3.047817056179724,3813.511485099793,1116,-23.568929556894304,5000,Neutral,29.106778580236636,3.4501,3.7724,4.1907,4.588,0.0,5.234632015228272,-0.617,AVAX-USD,0.4095,Neutral,0.4726,0.6565,14.246786674403115,14,325.760009765625,0.0,0.0
2020-11-10,3.586142063140869,3.41712498664856,3.6405200958251953,3.3697280883789062,3.586142063140869,24316551.0,4005.1823595213896,0,3.047817056179724,4002.13454246521,1116,-19.796468409585955,5000,Neutral,35.96892230201101,3.4957,3.7534,4.1674,4.5771,0.0,5.234632015228272,-0.1321,AVAX-USD,0.4139,Neutral,0.4645,0.6629,14.060984124168076,14,325.3399963378906,0.0,0.0
2020-11-11,3.484355926513672,3.586142063140869,3.810148000717163,3.457200050354004,3.484355926513672,24727644.0,3891.5890310454374,0,3.047817056179724,3888.541213989258,1116,-22.068334979104996,5000,Neutral,35.120523241417885,3.4735,3.7119,4.1423,4.5645,0.0,5.234632015228272,0.042,AVAX-USD,0.4283,Neutral,0.4557,0.6631,15.074021802514867,14,327.6300048828125,0.0,0.0
2020-11-12,3.429142951965332,3.484355926513672,3.560576915740967,3.3197689056396484,3.429142951965332,25090677.0,3829.97135144949,0,3.047817056179724,3826.9235343933105,1116,-23.30068857102394,5000,Neutral,39.93971609387115,3.4787,3.6703,4.1164,4.5516,0.0,5.234632015228272,0.0929,AVAX-USD,0.4299,Neutral,0.4753,0.6605,13.73363251201236,14,324.6000061035156,0.0,0.0
2020-11-13,3.697801113128662,3.429142951965332,3.697817087173462,3.391807079315185,3.697801113128662,27584233.0,4129.793859307767,0,3.047817056179724,4126.746042251587,1116,-17.304238413858407,5000,Neutral,49.55575512111247,3.5229,3.6457,4.0949,4.5408,0.0,5.234632015228272,0.6444,AVAX-USD,0.4569,Neutral,0.4326,0.6603,15.684498538809887,14,329.010009765625,0.0,0.0
2020-11-14,3.5004849433898926,3.697801113128662,3.697801113128662,3.403673887252808,3.5004849433898926,24359587.0,3909.5890138792997,0,3.047817056179724,3906.54119682312,1116,-21.70833532242775,5000,Neutral,46.40974306636672,3.5396,3.613,4.0701,4.5284,0.0,5.234632015228272,0.6473,AVAX-USD,0.4569,Neutral,0.4326,0.6603,15.684498538809887,14,329.010009765625,0.0,0.0
2020-11-15,3.5365800857543945,3.5004849433898926,3.6424520015716553,3.422898054122925,3.5365800857543945,22702610.0,3949.871192758084,0,3.047817056179724,3946.8233757019043,1116,-20.902691744852078,5000,Neutral,46.456516685115076,3.5297,3.5818,4.0459,4.5163,0.0,5.234632015228272,0.7205,AVAX-USD,0.4569,Neutral,0.4326,0.6603,15.684498538809887,14,329.010009765625,0.0,0.0
2020-11-16,3.716655969619751,3.5365800857543945,3.816524028778076,3.459120035171509,3.716655969619751,27372174.0,4150.835879151822,0,3.047817056179724,4147.788062095642,1116,-16.883398016977303,5000,Neutral,52.124524775053274,3.5761,3.5615,4.0248,4.5058,0.0,5.234632015228272,1.0902,AVAX-USD,0.4618,Neutral,0.4261,0.6671,17.449562015372397,14,333.0,0.0,0.0
2020-11-17,3.831768035888672,3.7887139320373535,3.915112018585205,3.698241949081421,3.831768035888672,23031677.0,4279.300945107938,0,3.047817056179724,4276.253128051758,1116,-14.314096697854994,5000,Neutral,62.43465562761254,3.6567,3.5498,4.0055,4.4961,0.0,5.234632015228272,1.5052,AVAX-USD,0.4602,Neutral,0.4311,0.6679,16.71522141230366,14,331.3399963378906,0.0,0.0
2020-11-18,3.74868106842041,3.831768035888672,3.8710429668426514,3.5756990909576416,3.74868106842041,20818649.0,4186.575889413358,0,3.047817056179724,4183.528072357178,1116,-16.1685978117466,5000,Neutral,64.52574017580046,3.6668,3.5485,3.9849,4.4858,0.0,5.234632015228272,1.5728,AVAX-USD,0.4336,Neutral,0.4379,0.6692,14.936887289306444,14,327.32000732421875,0.0,0.0
2020-11-19,3.6270039081573486,3.74868106842041,3.816442012786865,3.570697069168091,3.6270039081573486,21489339.0,4050.7841785597807,0,3.047817056179724,4047.736361503601,1116,-18.884432028818132,5000,Neutral,57.1123905375046,3.6921,3.5441,3.9622,4.4745,0.0,5.234632015228272,1.3497,AVAX-USD,0.4453,Neutral,0.4336,0.667,15.542935976740235,14,328.69000244140625,0.0,0.0
2020-11-20,3.710604906082153,3.6270039081573486,3.9870240688323975,3.624535083770752,3.710604906082153,27416995.0,4144.082892243862,0,3.047817056179724,4141.035075187682,1116,-17.01845775513651,5000,Neutral,53.32117375205797,3.7269,3.5472,3.9409,4.4638,0.0,5.234632015228272,1.3128,AVAX-USD,0.441,Neutral,0.4605,0.6705,14.569710237697596,14,326.489990234375,0.0,0.0
2020-11-21,4.001855850219727,3.710604906082153,4.083803176879883,3.6923611164093018,4.001855850219727,25984283.0,4469.118945901395,0,3.047817056179724,4466.071128845215,1116,-10.517736681985857,5000,Neutral,66.3015696077838,3.784,3.5631,3.9204,4.4556,0.0,5.234632015228272,1.7502,AVAX-USD,0.441,Neutral,0.4605,0.6705,14.569710237697596,14,326.489990234375,0.0,0.0
2020-11-22,3.889969110488892,4.001855850219727,4.058050155639648,3.7167930603027344,3.889969110488892,25963010.0,4344.253344361784,0,3.047817056179724,4341.205527305604,1116,-13.015048712778066,5000,Neutral,61.02764320638197,3.7956,3.5765,3.9166,4.4465,0.0,5.234632015228272,1.7558,AVAX-USD,0.441,Neutral,0.4605,0.6705,14.569710237697596,14,326.489990234375,0.0,0.0
2020-11-23,4.068428039550781,3.889969110488892,4.254518032073975,3.848123073577881,4.068428039550781,9013817.0,4543.413509194852,0,3.047817056179724,4540.365692138672,1116,-9.031845416116713,5000,Neutral,66.33783619718824,3.8596,3.6132,3.9083,4.4388,0.0,5.234632015228272,1.9841,AVAX-USD,0.4455,Neutral,0.4514,0.667,15.423500158827768,14,328.4200134277344,0.0,0.0
2020-11-24,4.266965866088867,4.068522930145264,4.327888011932373,3.8702800273895264,4.266965866088867,30722083.0,4764.981723611356,0,3.047817056179724,4761.933906555176,1116,-4.6004811277866375,5000,Neutral,66.8291125916926,3.9876,3.6674,3.9009,4.4329,0.0,5.234632015228272,2.3589,AVAX-USD,0.4548,Neutral,0.4425,0.6669,17.776913627528113,14,333.739990234375,0.0,0.0
2020-11-25,4.049502849578857,4.267713069915772,4.40034294128418,3.933892011642456,4.049502849578857,28505942.0,4522.292997186185,0,3.047817056179724,4519.245180130005,1116,-9.454255656290057,5000,Neutral,63.21404337804393,4.0553,3.7019,3.8927,4.425,0.0,5.234632015228272,2.1073,AVAX-USD,0.4553,Neutral,0.4398,0.673,17.533613942841942,14,333.19000244140625,0.0,0.0
2020-11-26,3.5277099609375,4.049992084503174,4.08480978012085,3.302877902984619,3.5277099609375,35408249.0,3939.9721334624296,0,3.047817056179724,3936.92431640625,1116,-21.100672930765164,5000,Neutral,51.891871806305126,3.9605,3.6985,3.8744,4.4129,0.0,5.234632015228272,0.9769,AVAX-USD,0.4484,Neutral,0.4397,0.6797,17.533613942841942,14,333.19000244140625,0.0,0.0
2020-11-27,3.5921521186828613,3.52670693397522,3.763902902603149,3.425879001617432,3.5921521186828613,6023810.0,4011.889581506253,0,3.047817056179724,4008.8417644500732,1116,-19.662323969888696,5000,Neutral,47.79970986145328,3.901,3.708,3.8642,4.4013,0.0,5.234632015228272,0.3198,AVAX-USD,0.4564,Neutral,0.4287,0.6778,17.953873580189654,14,334.1400146484375,0.0,0.0
2020-11-28,3.624502897262573,3.5894269943237305,3.697805881500244,3.4802238941192627,3.624502897262573,17509244.0,4047.993050401211,0,3.047817056179724,4044.9452333450313,1116,-18.940254591989536,5000,Neutral,52.773419059589614,3.8122,3.7154,3.8556,4.3899,0.0,5.234632015228272,-0.0579,AVAX-USD,0.4564,Neutral,0.4287,0.6778,17.953873580189654,14,334.1400146484375,0.0,0.0
2020-11-29,3.704312086105346,3.624608039855957,3.767204999923706,3.5326240062713623,3.704312086105346,3901221.0,4137.060105149746,0,3.047817056179724,4134.012288093566,1116,-17.158913497018823,5000,Neutral,53.67906666037729,3.6996,3.7297,3.8452,4.3792,0.0,5.234632015228272,-0.1584,AVAX-USD,0.4564,Neutral,0.4287,0.6778,17.953873580189654,14,334.1400146484375,0.0,0.0
2020-11-30,3.686424016952514,3.704345941543579,3.8138389587402335,3.6456470489501953,3.686424016952514,21457284.0,4117.0970199751855,0,3.047817056179724,4114.049202919005,1116,-17.558175200510043,5000,Neutral,49.28609246735837,3.627,3.7347,3.8375,4.3684,0.0,5.234632015228272,-0.2447,AVAX-USD,0.4534,Neutral,0.4266,0.6761,17.29031425815575,14,332.6400146484375,0.0,0.0
2020-12-01,3.579318046569824,3.6864609718322754,3.816160917282105,3.4924840927124023,3.579318046569824,24719236.0,4996.568127293111,0,3.419452328205921,4993.148674964905,1395,-16.62398014512857,6000,"cash_0%_Buy 100% of cash (279 shares - DCA Strategy) Monthly invest 16.7% of total investment ($1,000.00)",44.01593396917599,3.6373,3.7395,3.8317,4.3567,0.0,5.234632015228272,-0.4697,AVAX-USD,0.4474,Neutral,0.4207,0.6807,18.08709369323962,17,336.29998779296875,0.0,0.0
2020-12-02,3.7314178943634033,3.5793468952178955,3.842220067977905,3.5290191173553467,3.7314178943634033,5085526.0,5208.747414965153,0,3.419452328205921,5205.327962636948,1395,-13.087658683927861,6000,Neutral,49.6037583715737,3.6652,3.7546,3.8269,4.3462,0.0,5.234632015228272,-0.3256,AVAX-USD,0.4403,Neutral,0.4218,0.6906,18.39950336120837,17,337.010009765625,0.0,0.0
2020-12-03,3.821922063827514,3.736139059066773,3.894948959350586,3.7176458835601807,3.821922063827514,21038215.0,5335.000731367588,0,3.419452328205921,5331.581279039382,1395,-10.983436743887287,6000,GeoWatch,54.538909395030444,3.7047,3.7608,3.8246,4.3365,0.0,5.234632015228272,-0.0619,AVAX-USD,0.4427,GeoWatch,0.4249,0.7025,18.3555006756615,17,336.9100036621094,0.0,0.0
2020-12-04,3.551129102706909,3.8219399452209473,3.8601479530334473,3.518848896026612,3.551129102706909,23754809.0,4957.244550604344,0,3.419452328205921,4953.825098276138,1395,-17.279373089941352,6000,GeoWatch,46.58419869281474,3.674,3.7633,3.8174,4.3245,0.0,5.234632015228272,-0.3554,AVAX-USD,0.4467,GeoWatch,0.4148,0.7185,19.631497990114585,17,339.8099975585937,0.0,0.0
2020-12-05,3.615125894546509,3.538393974304199,3.711920976638794,3.5085411071777344,3.615125894546509,21215020.0,5046.520075220586,0,3.419452328205921,5043.10062289238,1395,-15.791447679670656,6000,GeoWatch,40.823298096242084,3.6598,3.7673,3.8187,4.3131,0.0,5.234632015228272,-0.4097,AVAX-USD,0.4467,GeoWatch,0.4148,0.7185,19.631497990114585,17,339.8099975585937,0.0,0.0
2020-12-06,3.599608898162842,3.615132093429565,3.6758570671081534,3.509108066558838,3.599608898162842,20224612.0,5024.87386526537,0,3.419452328205921,5021.454412937164,1395,-16.15221784559091,6000,GeoWatch,42.77983769235391,3.6638,3.7614,3.8213,4.3015,0.0,5.234632015228272,-0.4464,AVAX-USD,0.4467,GeoWatch,0.4148,0.7185,19.631497990114585,17,339.8099975585937,0.0,0.0
2020-12-07,3.392122983932495,3.599663019180298,3.609885931015015,3.325592041015625,3.392122983932495,16909346.0,4735.4310149140365,0,3.419452328205921,4732.011562585831,1395,-20.97626535144648,6000,GeoWatch,33.42216133860323,3.596,3.7394,3.8127,4.2882,0.0,5.234632015228272,-0.8044,AVAX-USD,0.4482,GeoWatch,0.4215,0.7372,19.354295841677118,17,339.17999267578125,0.0,0.0
2020-12-08,3.1125550270080566,3.392420053482056,3.392420053482056,3.0964670181274414,3.1125550270080566,23027417.0,4345.433715004445,0,3.419452328205921,4342.014262676239,1395,-27.476220349939673,6000,GeoWatch,22.783814015187673,3.4541,3.7076,3.794,4.2726,0.0,5.234632015228272,-1.4837,AVAX-USD,0.4501,GeoWatch,0.418,0.7541,19.785500675661492,17,340.1600036621094,0.0,0.0
2020-12-09,3.2619690895080566,3.11156702041626,3.3994760513305664,2.808723926544189,3.2619690895080566,28583037.0,4553.866332191945,0,3.419452328205921,4550.446879863739,1395,-24.002343396814673,6000,GeoWatch,30.81775791028312,3.3963,3.6894,3.7813,4.2583,0.0,5.234632015228272,-1.5686,AVAX-USD,0.4325,GeoWatch,0.4272,0.7587,18.456705509645868,17,337.1400146484375,0.0,0.0
2020-12-10,3.1526899337768555,3.2615880966186523,3.3458259105682373,3.070856094360352,3.1526899337768555,29252855.0,4401.421909946919,0,3.419452328205921,4398.002457618713,1395,-26.5430837675651,6000,GeoWatch,38.568233260520316,3.3038,3.6615,3.7656,4.243,0.0,5.234632015228272,-1.7341,AVAX-USD,0.441,GeoWatch,0.4317,0.7705,18.386303898317745,17,336.9800109863281,0.0,0.0
2020-12-11,3.235805988311768,3.1528639793396,3.3050079345703125,3.014925956726074,3.235805988311768,29224480.0,4517.3688060231225,0,3.419452328205921,4513.949353694917,1395,-24.610635499628373,6000,GeoWatch,39.25974641163729,3.231,3.6232,3.7459,4.2284,0.0,5.234632015228272,-1.5859,AVAX-USD,0.4354,GeoWatch,0.4421,0.7823,18.197093693239633,17,336.54998779296875,0.0,0.0
2020-12-12,3.334230899810791,3.2326550483703613,3.451850891113281,3.231008052825928,3.334230899810791,24630224.0,4654.671557564259,0,3.419452328205921,4651.2521052360535,1395,-22.3222563072761,6000,GeoWatch,41.58632891524652,3.2195,3.5954,3.7267,4.2146,0.0,5.234632015228272,-1.2103,AVAX-USD,0.4354,GeoWatch,0.4421,0.7823,18.197093693239633,17,336.54998779296875,0.0,0.0
2020-12-13,3.331057071685791,3.334768056869507,3.410037040710449,3.2932910919189453,3.331057071685791,20722255.0,4650.244067329884,0,3.419452328205921,4646.8246150016785,1395,-22.396047811182342,6000,GeoWatch,38.678034543043296,3.2632,3.5585,3.713,4.2008,0.0,5.234632015228272,-0.8953,AVAX-USD,0.4354,GeoWatch,0.4421,0.7823,18.197093693239633,17,336.54998779296875,0.0,0.0
2020-12-14,3.140347003936768,3.330364942550659,3.3421790599823,3.1363511085510254,3.140347003936768,27242747.0,4384.2035228199975,0,3.419452328205921,4380.784070491792,1395,-26.830056886347123,6000,GeoWatch,35.00767612574997,3.2388,3.5022,3.6966,4.1854,0.0,5.234632015228272,-0.9862,AVAX-USD,0.4251,GeoWatch,0.4523,0.7776,17.519503361208375,17,335.010009765625,0.0,0.0
2020-12-15,3.29994797706604,3.1414361000061035,3.37933611869812,3.0613889694213867,3.29994797706604,18320578.0,4606.846880335332,0,3.419452328205921,4603.427428007126,1395,-23.119334261091552,6000,GeoWatch,42.54489776364046,3.2683,3.4647,3.6842,4.1714,0.0,5.234632015228272,-0.6665,AVAX-USD,0.4332,GeoWatch,0.437,0.7796,19.556705509645877,17,339.6400146484375,0.0,0.0
2020-12-16,3.3441619873046875,3.29980206489563,3.373800039291382,3.1513800621032715,3.3441619873046875,21054734.0,4668.525424618245,0,3.419452328205921,4665.105972290039,1395,-22.091358523043006,6000,GeoWatch,39.03453455055045,3.2899,3.4555,3.67,4.1577,0.0,5.234632015228272,-0.3188,AVAX-USD,0.4446,GeoWatch,0.4348,0.7859,19.785500675661492,17,340.1600036621094,0.0,0.0
2020-12-17,3.2092549800872803,3.3437271118164062,3.3773739337921143,3.1798219680786133,3.2092549800872803,10227874.0,4480.330149549962,0,3.419452328205921,4476.910697221756,1395,-25.227946440847717,6000,GeoWatch,33.077371290631376,3.265,3.4364,3.6549,4.1429,0.0,5.234632015228272,-0.3113,AVAX-USD,0.448,GeoWatch,0.4303,0.7964,20.599503361208374,17,342.010009765625,0.0,0.0
2020-12-18,3.4047980308532715,3.209613084793091,3.469288110733032,3.141922950744629,3.4047980308532715,23107656.0,4753.1127053685195,0,3.419452328205921,4749.693253040314,1395,-20.681570510538428,6000,GeoWatch,45.78284659521052,3.2797,3.4254,3.6442,4.1297,0.0,5.234632015228272,0.1119,AVAX-USD,0.4458,GeoWatch,0.4299,0.8059,19.996705509645874,17,340.6400146484375,0.0,0.0
2020-12-19,3.469613075256348,3.4053781032562256,3.610321998596192,3.3802270889282227,3.469613075256348,19919598.0,4843.529692310812,0,3.419452328205921,4840.110239982606,1395,-19.174620728166893,6000,GeoWatch,45.808404906197424,3.3456,3.4137,3.6386,4.117,0.0,5.234632015228272,0.5251,AVAX-USD,0.4458,GeoWatch,0.4299,0.8059,19.996705509645874,17,340.6400146484375,0.0,0.0
2020-12-20,3.311469078063965,3.46966290473938,3.495378017425537,3.2858541011810303,3.311469078063965,18750351.0,4622.918816227437,0,3.419452328205921,4619.499363899231,1395,-22.851468662889808,6000,GeoWatch,42.3301632124839,3.3479,3.3949,3.6277,4.1031,0.0,5.234632015228272,0.4863,AVAX-USD,0.4458,GeoWatch,0.4299,0.8059,19.996705509645874,17,340.6400146484375,0.0,0.0
2020-12-21,3.09761905670166,3.3114559650421143,3.3510820865631104,3.0336830615997314,3.09761905670166,25892571.0,4324.598036427022,0,3.419452328205921,4321.178584098816,1395,-27.823481659563384,6000,GeoWatch,42.1872305985751,3.2986,3.3708,3.6074,4.0873,0.0,5.234632015228272,0.0553,AVAX-USD,0.4244,GeoWatch,0.4568,0.8099,19.534697453005247,17,339.5899963378906,0.0,0.0
2020-12-22,3.082421064376831,3.094120979309082,3.128812074661255,2.924834012985229,3.082421064376831,23991868.0,4303.396837133885,0,3.419452328205921,4299.977384805679,1395,-28.17683498111566,6000,GeoWatch,49.07016337598282,3.2732,3.3384,3.5878,4.0715,0.0,5.234632015228272,-0.2253,AVAX-USD,0.4225,GeoWatch,0.452,0.803,19.241222824098994,17,337.5400085449219,1.383,0.0
2020-12-23,2.916322946548462,3.0824270248413086,3.620084047317505,2.7962100505828857,2.916322946548462,50329367.0,4071.68996276331,0,3.419452328205921,4068.2705104351044,1395,-32.038616220625244,6000,GeoWatch,39.44317440889947,3.1755,3.2931,3.5665,4.0542,0.0,5.234632015228272,-0.6928,AVAX-USD,0.4235,GeoWatch,0.4416,0.7952,19.360017990114617,17,337.8099975585937,0.0,0.0
2020-12-24,3.0987229347229004,2.93046498298645,3.1119589805603027,2.7897989749908447,3.0987229347229004,29820498.0,4326.137946266652,0,3.419452328205921,4322.718493938446,1395,-27.79781649556955,6000,GeoWatch,48.42219755591672,3.1013,3.2705,3.549,4.0385,0.0,5.234632015228272,-0.5686,AVAX-USD,0.4305,GeoWatch,0.4308,0.786,19.95402067566148,17,339.1600036621094,0.0,0.0
2020-12-25,2.954710006713867,3.0974130630493164,3.126981019973755,2.858228921890259,2.954710006713867,26360909.0,4125.2399116940505,0,3.419452328205921,4121.820459365845,1395,-31.146117071779578,6000,GeoWatch,42.06433117435044,3.03,3.2375,3.5289,4.0215,0.0,5.234632015228272,-0.7202,AVAX-USD,0.432,GeoWatch,0.429,0.7787,19.95402067566148,17,339.1600036621094,0.0,0.0
2020-12-26,2.9182701110839844,2.9551188945770264,2.9885671138763428,2.853384017944336,2.9182701110839844,21332105.0,4074.406257290364,0,3.419452328205921,4070.986804962158,1395,-31.993344645174346,6000,GeoWatch,37.83104838743427,2.9941,3.2034,3.5088,4.0043,0.0,5.234632015228272,-0.8256,AVAX-USD,0.432,GeoWatch,0.429,0.7787,19.95402067566148,17,339.1600036621094,0.0,0.0
2020-12-27,2.906161069869995,2.918268918991089,3.050766944885254,2.848073959350586,2.906161069869995,24533711.0,4057.514144796849,0,3.419452328205921,4054.094692468643,1395,-32.2748798533996,6000,GeoWatch,37.6342962404477,2.9588,3.1791,3.4895,3.987,0.0,5.234632015228272,-0.846,AVAX-USD,0.432,GeoWatch,0.429,0.7787,19.95402067566148,17,339.1600036621094,0.0,0.0
2020-12-28,2.947434902191162,2.9052929878234863,3.0467450618743896,2.866661071777344,2.947434902191162,27088075.0,4115.091140884877,0,3.419452328205921,4111.671688556671,1395,-31.31526325193247,6000,GeoWatch,43.8508422743764,2.9651,3.1709,3.4757,3.97,0.0,5.234632015228272,-0.6989,AVAX-USD,0.4382,GeoWatch,0.4302,0.7732,21.252012619020856,17,342.1099853515625,0.0,0.0
2020-12-29,2.924665927886963,2.947437047958374,3.006633043289185,2.835505962371826,2.924665927886963,25386162.0,4083.328421730519,0,3.419452328205921,4079.9089694023132,1395,-31.844641904505103,6000,GeoWatch,36.89450726400619,2.9302,3.154,3.4625,3.9528,0.0,5.234632015228272,-0.5828,AVAX-USD,0.4238,GeoWatch,0.441,0.7748,20.935225509645864,17,341.3900146484375,0.0,0.0
2020-12-30,2.9224090576171875,2.9252939224243164,2.93991494178772,2.8333261013031006,2.9224090576171875,17031663.0,4080.1800877041824,0,3.419452328205921,4076.7606353759766,1395,-31.89711413827738,6000,GeoWatch,34.827031105203815,2.9238,3.1425,3.4504,3.9356,0.0,5.234632015228272,-0.4484,AVAX-USD,0.4208,GeoWatch,0.4376,0.7784,21.13762174988023,17,341.8500061035156,0.0,0.0
2020-12-31,3.1356089115142822,2.922048091888428,3.1909029483795166,2.7888219356536865,3.1356089115142822,18953615.0,4377.5938838906295,0,3.419452328205921,4374.174431562424,1395,-26.94021753516993,6000,GeoWatch,47.49180619120977,2.9673,3.1375,3.4413,3.9202,0.0,5.234632015228272,0.1439,AVAX-USD,0.4277,GeoWatch,0.4378,0.7829,21.9472201385521,17,343.69000244140625,0.0,0.0
2021-01-01,3.664823055267334,3.1535348892211914,3.873537063598633,3.054542064666748,3.664823055267334,81260736.0,6114.847117732049,0,1.9222615461359283,6112.924856185913,1668,-12.545156775270195,7000,"cash_0%_Buy 100% of cash (273 shares - DCA Strategy) Monthly invest 14.3% of total investment ($1,000.00)",57.21577893234757,3.119,3.154,3.4419,3.9091,0.0,5.234632015228272,1.6347,AVAX-USD,0.4304,GeoWatch,0.4312,0.7848,21.08800661638377,21,343.69000244140625,0.0,0.0
2021-01-02,3.4949400424957275,3.6621639728546143,3.937006950378418,3.299263000488281,3.4949400424957275,50081958.0,5831.482252429009,0,1.9222615461359283,5829.5599908828735,1668,-16.593226279599328,7000,GeoWatch,50.664105328609246,3.2285,3.1622,3.4446,3.8967,0.0,5.234632015228272,2.1602,AVAX-USD,0.4304,GeoWatch,0.4312,0.7848,21.08800661638377,21,343.69000244140625,0.0,0.0
2021-01-03,3.472944021224976,3.494292020797729,3.826090097427368,3.3968420028686523,3.472944021224976,36997985.0,5794.792888949396,0,1.9222615461359283,5792.87062740326,1668,-17.117360043593813,7000,GeoWatch,54.559634041694906,3.3381,3.1788,3.4495,3.8841,0.0,5.234632015228272,2.3576,AVAX-USD,0.4304,GeoWatch,0.4312,0.7848,21.08800661638377,21,343.69000244140625,0.0,0.0
2021-01-04,3.590243101119995,3.473519086837769,3.8319599628448486,3.250401973724365,3.590243101119995,39414734.0,5990.447754214288,0,1.9222615461359283,5988.525492668152,1668,-14.322290539809645,7000,GeoWatch,64.71266366491201,3.4717,3.1933,3.4533,3.8725,0.0,5.234632015228272,2.6077,AVAX-USD,0.4008,GeoWatch,0.4625,0.7984,19.040660745161954,21,339.0299987792969,0.0,0.0
2021-01-05,4.237411975860596,3.590670108795166,4.343222141265869,3.485491991043091,4.237411975860596,69735075.0,7069.925437281609,0,1.9222615461359283,7068.003175735474,1668,1.0988192182949552,7000,GeoWatch,75.04185805407892,3.6921,3.238,3.464,3.8662,0.0,5.234632015228272,3.8602,AVAX-USD,0.4083,GeoWatch,0.4478,0.8171,20.02040327686021,21,341.260009765625,0.0,0.0
2021-01-06,4.620357036590576,4.233969211578369,4.9713239669799805,4.155298233032227,4.620357036590576,77632627.0,7708.677798579217,0,1.9222615461359283,7706.755537033081,1668,10.223852951117918,7000,GeoWatch,83.77043180399191,3.8832,3.3085,3.4843,3.8632,0.0,5.234632015228272,5.0752,AVAX-USD,0.4109,GeoWatch,0.4378,0.8168,20.929835709941667,21,343.3299865722656,0.0,0.0
2021-01-07,4.4766130447387695,4.605810165405273,4.808977127075195,4.347032070159912,4.4766130447387695,53715138.0,7468.912820170403,0,1.9222615461359283,7466.990558624268,1668,6.798638973849158,7000,GeoWatch,77.73182962925571,4.0795,3.3621,3.501,3.8589,0.0,5.234632015228272,5.233,AVAX-USD,0.4478,GeoWatch,0.4156,0.818,23.183673920751094,21,348.4599914550781,0.0,0.0
2021-01-08,5.797110080718994,4.475872039794922,5.813028812408447,4.054746150970459,5.797110080718994,100707264.0,9671.501876185419,0,1.9222615461359283,9669.579614639282,1668,38.2641969169208,7000,GeoWatch,88.82216211674893,4.5443,3.4785,3.5406,3.8657,0.0,5.797110080718994,7.1175,AVAX-USD,0.4409,GeoWatch,0.4068,0.7989,24.044798328409914,21,350.4200134277344,0.0,0.0
2021-01-09,7.218531131744385,5.766707897186279,7.459084987640381,5.621013164520264,7.218531131744385,162227415.0,12042.43218929577,0,1.9222615461359283,12040.509927749634,1668,72.1346299613544,7000,GeoWatch,92.61247726158246,5.27,3.6739,3.6012,3.8843,0.0,7.218531131744385,9.683,AVAX-USD,0.4409,GeoWatch,0.4068,0.7989,24.044798328409914,21,350.4200134277344,0.0,0.0
2021-01-10,6.586495876312256,7.21622896194458,7.501711845397949,6.191731929779053,6.586495876312256,96243972.0,10988.19738323498,0,1.9222615461359283,10986.275121688843,1668,57.07413273191453,7000,GeoWatch,82.4790654276162,5.7398,3.8483,3.6529,3.8976,0.0,7.218531131744385,9.4512,AVAX-USD,0.4409,GeoWatch,0.4068,0.7989,24.044798328409914,21,350.4200134277344,0.0,0.0
2021-01-11,6.494089126586914,6.579784870147705,6.986017227172852,5.775503158569336,6.494089126586914,101394969.0,10834.06292469311,0,1.9222615461359283,10832.140663146973,1668,54.8722118956021,7000,GeoWatch,81.01938064607826,6.1146,4.0189,3.704,3.9102,0.0,7.218531131744385,8.4276,AVAX-USD,0.4217,GeoWatch,0.4226,0.7819,23.03869621359176,21,348.1300048828125,0.0,0.0
2021-01-12,7.782700061798096,6.48761510848999,8.198620796203613,6.457986831665039,7.782700061798096,157738757.0,12983.46596462536,0,1.9222615461359283,12981.543703079224,1668,85.57796960891997,7000,GeoWatch,84.7863253758245,6.7758,4.2622,3.772,3.9335,0.0,7.782700061798096,8.6094,AVAX-USD,0.4209,GeoWatch,0.4166,0.7619,23.05187600515171,21,348.1600036621094,0.0,0.0
2021-01-13,8.466814994812012,7.757136821746826,8.478569030761719,7.186761856079102,8.466814994812012,107370548.0,14124.569672892572,0,1.9222615461359283,14122.647411346436,1668,101.87945115559445,7000,GeoWatch,86.16922105723407,7.3097,4.5306,3.8548,3.9625,0.0,8.466814994812012,8.6093,AVAX-USD,0.4533,GeoWatch,0.4129,0.7512,23.434103368112783,21,349.0299987792969,0.0,0.0
2021-01-14,9.26131534576416,8.464188575744629,9.527690887451172,8.22860336303711,9.26131534576416,154674301.0,15449.796258280756,0,1.9222615461359283,15447.87399673462,1668,120.81125951828278,7000,GeoWatch,87.14423901661807,7.7183,4.8459,3.9502,3.9981,0.0,9.26131534576416,8.5063,AVAX-USD,0.4373,GeoWatch,0.4157,0.7392,22.915680356458058,21,347.8500061035156,0.0,0.0
2021-01-15,9.380011558532717,9.270428657531738,9.855640411376951,8.633323669433594,9.380011558532717,123418249.0,15647.781541178709,0,1.9222615461359283,15645.859279632572,1668,123.63962070253925,7000,GeoWatch,86.47068370982362,8.277,5.169,4.0446,4.0347,0.0,9.380011558532717,7.6505,AVAX-USD,0.4234,GeoWatch,0.4237,0.7286,21.82610175918602,21,345.3699951171875,0.0,0.0
2021-01-16,12.877918243408203,9.386836051940918,13.35923957824707,9.169472694396973,12.877918243408203,302897986.0,21482.28989155102,0,1.9222615461359283,21480.367630004883,1668,206.98973999357224,7000,GeoWatch,92.0258467460407,9.5538,5.6676,4.1954,4.1004,0.0,12.877918243408203,9.1238,AVAX-USD,0.4234,GeoWatch,0.4237,0.7286,21.82610175918602,21,345.3699951171875,0.0,0.0
2021-01-17,13.20268440246582,12.86845588684082,14.382867813110352,12.400222778320312,13.20268440246582,303643624.0,22023.999844859125,0,1.9222615461359283,22022.07758331299,1668,214.72845361225947,7000,GeoWatch,92.42824447732978,10.6377,6.1804,4.353,4.1689,0.0,13.20268440246582,8.965,AVAX-USD,0.4234,GeoWatch,0.4237,0.7286,21.82610175918602,21,345.3699951171875,0.0,0.0
2021-01-18,12.701574325561523,13.179217338562012,13.834186553955078,12.681751251220703,12.701574325561523,144213432.0,21188.148236582758,0,1.9222615461359283,21186.22597503662,1668,202.7877163511685,7000,GeoWatch,88.44468414776406,11.4847,6.6692,4.5042,4.2332,0.0,13.20268440246582,7.43,AVAX-USD,0.4086,GeoWatch,0.4237,0.7179,21.82610175918602,21,345.3699951171875,0.0,0.0
2021-01-19,11.790321350097656,12.712359428405762,13.331988334655762,11.621259689331056,11.790321350097656,147387064.0,19668.178273509027,0,1.9222615461359283,19666.25601196289,1668,181.0738597358295,7000,GeoWatch,81.17428064608757,11.9905,7.1126,4.6389,4.2899,0.0,13.20268440246582,5.0677,AVAX-USD,0.4101,GeoWatch,0.4159,0.7149,23.02551642203183,21,348.1000061035156,0.0,0.0
2021-01-20,12.411564826965332,11.791474342346191,12.998587608337402,11.079717636108398,12.411564826965332,143245334.0,20704.41239292431,0,1.9222615461359283,20702.490131378174,1668,195.87720429890499,7000,GeoWatch,81.53746296564445,12.5968,7.5764,4.779,4.3497,0.0,13.20268440246582,3.3659,AVAX-USD,0.4274,GeoWatch,0.4043,0.7205,25.10360620174494,21,352.8299865722656,0.0,0.0
2021-01-21,11.310115814208984,12.418549537658691,12.99000644683838,11.147109985351562,11.310115814208984,166420741.0,18867.195439646723,0,1.9222615461359283,18865.273178100586,1668,169.63124782351088,7000,GeoWatch,75.67053782171794,12.2833,7.9587,4.9027,4.4096,0.0,13.20268440246582,1.1397,AVAX-USD,0.4311,GeoWatch,0.4006,0.7245,25.248597316627123,21,353.1600036621094,0.0,0.0
2021-01-22,12.718835830688477,11.301277160644531,13.380752563476562,10.720327377319336,12.718835830688477,190313148.0,21216.940427134516,0,1.9222615461359283,21215.01816558838,1668,203.19903335905076,7000,GeoWatch,75.83073935908837,12.1865,8.4199,5.0469,4.4776,0.0,13.20268440246582,0.2292,AVAX-USD,0.4209,GeoWatch,0.4064,0.7246,24.695019255663997,21,351.8999938964844,0.0,0.0
2021-01-23,12.877225875854492,12.707362174987791,13.479141235351562,12.562527656555176,12.877225875854492,140727865.0,21481.13502247143,0,1.9222615461359283,21479.212760925293,1668,206.97324186386382,7000,GeoWatch,73.31520452474945,12.2216,8.8901,5.1904,4.5456,0.0,13.20268440246582,-0.5874,AVAX-USD,0.4209,GeoWatch,0.4064,0.7246,24.695019255663997,21,351.8999938964844,0.0,0.0
2021-01-24,12.463919639587402,12.872480392456056,13.16489315032959,12.27584171295166,12.463919639587402,105137518.0,20791.740220377924,0,1.9222615461359283,20789.817958831787,1668,197.12474469109944,7000,GeoWatch,74.660918278379,12.3563,9.3338,5.3306,4.6117,0.0,13.20268440246582,-1.5994,AVAX-USD,0.4209,GeoWatch,0.4064,0.7246,24.695019255663997,21,351.8999938964844,0.0,0.0
2021-01-25,12.224095344543455,12.459662437438965,12.92879867553711,12.081398010253906,12.224095344543455,89612475.0,20391.71329624462,0,1.9222615461359283,20389.791034698483,1668,191.41007434633798,7000,GeoWatch,73.74858170894062,12.3188,9.7331,5.4755,4.675,0.0,13.20268440246582,-2.55,AVAX-USD,0.426,GeoWatch,0.4203,0.7268,25.323278332892475,21,353.3299865722656,0.0,0.0
2021-01-26,12.172889709472656,12.222853660583496,12.716864585876465,11.483739852905272,12.172889709472656,117575609.0,20306.302296946527,0,1.9222615461359283,20304.38003540039,1668,190.18991721350807,7000,GeoWatch,70.27522874361253,12.4914,10.1107,5.6186,4.7414,0.0,13.20268440246582,-3.2903,AVAX-USD,0.4184,GeoWatch,0.4189,0.7254,25.090426410185,21,352.79998779296875,0.0,0.0
2021-01-27,11.184797286987305,12.179483413696287,12.22418975830078,10.835763931274414,11.184797286987305,97215395.0,18658.16413624096,0,1.9222615461359283,18656.241874694824,1668,166.6450863462857,7000,GeoWatch,62.209654466398604,12.1846,10.4462,5.7446,4.8001,0.0,13.20268440246582,-4.3548,AVAX-USD,0.3479,GeoWatch,0.5256,0.7186,21.329640597556935,21,344.239990234375,0.0,0.0
2021-01-28,12.000269889831545,11.187371253967283,12.68406105041504,10.90334129333496,12.000269889831545,115201839.0,20018.372437785154,0,1.9222615461359283,20016.450176239017,1668,186.07663351120274,7000,GeoWatch,62.28072591012431,12.0092,10.7563,5.8828,4.864,0.0,13.20268440246582,-4.5602,AVAX-USD,0.3725,GeoWatch,0.4689,0.7097,22.59935195129668,21,347.1300048828125,0.0,0.0
2021-01-29,11.621697425842283,12.022982597351074,12.606816291809082,11.37697410583496,11.621697425842283,146529369.0,19386.913567851065,0,1.9222615461359283,19384.991306304928,1668,177.0557925121443,7000,GeoWatch,59.8222090808773,11.8407,10.9765,6.0151,4.9263,0.0,13.20268440246582,-4.8698,AVAX-USD,0.3388,GeoWatch,0.503,0.7025,19.54590396525673,21,340.17999267578125,0.0,0.0
2021-01-30,11.984418869018556,11.616052627563477,12.625574111938477,11.312639236450195,11.984418869018556,112936218.0,19991.93293506909,0,1.9222615461359283,19990.010673522953,1668,185.6989263295447,7000,GeoWatch,44.601947327932194,11.7928,11.2464,6.1552,4.9934,0.0,13.20268440246582,-4.8078,AVAX-USD,0.3388,GeoWatch,0.503,0.7025,19.54590396525673,21,340.17999267578125,0.0,0.0
2021-01-31,13.516318321228027,11.997275352478027,15.22437572479248,11.858070373535156,13.516318321228027,351069270.0,22547.141221354486,0,1.9222615461359283,22545.21895980835,1668,222.20190184790746,7000,GeoWatch,51.65361865880041,12.0615,11.5975,6.3183,5.0726,0.0,13.516318321228027,-3.8872,AVAX-USD,0.3388,GeoWatch,0.503,0.7025,19.54590396525673,21,340.17999267578125,0.0,0.0
2021-02-01,13.22776985168457,13.519383430480955,13.519383430480955,12.63804054260254,13.22776985168457,149280612.0,23064.850291417122,0,8.847439930916948,23056.002851486206,1743,188.4105130427003,8000,"cash_0%_Buy 100% of cash (75 shares - DCA Strategy) Monthly invest 12.5% of total investment ($1,000.00)",52.83794971562689,12.4701,11.8697,6.475,5.1498,0.0,13.516318321228027,-3.4731,AVAX-USD,0.3678,Neutral,0.483,0.6924,21.1561449036562,24,345.7699890136719,0.0,0.0
2021-02-02,13.515045166015623,13.235482215881348,13.67038345336914,12.80548858642578,13.515045166015623,91074992.0,23565.571164296147,0,8.847439930916948,23556.72372436523,1743,194.6695239536881,8000,Neutral,59.973282580825035,12.773,12.1221,6.6411,5.2293,0.0,13.516318321228027,-3.0751,AVAX-USD,0.3891,Neutral,0.446,0.6672,23.32851640496354,24,350.739990234375,0.0,0.0
2021-02-03,14.805048942565918,13.507195472717283,14.904874801635742,13.20100212097168,14.805048942565918,144515018.0,25814.04774682331,0,8.847439930916948,25805.200306892395,1743,222.77548123527765,8000,Neutral,62.84680881122932,13.4097,12.3993,6.8276,5.3232,0.0,14.805048942565918,-2.2032,AVAX-USD,0.398,Neutral,0.4233,0.657,23.48150294375826,24,351.0899963378906,0.0,0.0
2021-02-04,15.36817741394043,14.799270629882812,15.813543319702148,13.98280906677246,15.36817741394043,180318628.0,26795.580672429085,0,8.847439930916948,26786.73323249817,1743,235.04464280534984,8000,Neutral,73.11716604081914,14.0865,12.6987,7.0237,5.4225,0.0,15.36817741394043,-1.4799,AVAX-USD,0.4209,Neutral,0.4135,0.644,25.19929006494652,24,355.0199890136719,0.0,0.0
2021-02-05,17.913799285888672,15.34853172302246,17.99698829650879,15.220497131347656,17.913799285888672,196730774.0,31232.59959523487,0,8.847439930916948,31223.752155303955,1743,290.5073793404221,8000,Neutral,76.19997329651791,14.966,12.9505,7.2658,5.5392,0.0,17.913799285888672,0.0139,AVAX-USD,0.4582,Neutral,0.3861,0.6423,25.819973353520734,24,356.44000244140625,0.0,0.0
2021-02-06,17.97602081298828,17.909730911254883,18.5445613861084,16.036651611328125,17.97602081298828,192597459.0,31341.05171696949,0,8.847439930916948,31332.204277038574,1743,291.8630308621049,8000,Neutral,75.96684658907672,15.9156,13.1892,7.5135,5.6538,0.0,17.97602081298828,0.68,AVAX-USD,0.4582,Neutral,0.3861,0.6423,25.819973353520734,24,356.44000244140625,0.0,0.0
2021-02-07,24.207178115844727,18.020671844482425,24.21027946472168,18.00034523010254,24.207178115844727,545865729.0,42201.95889584828,0,8.847439930916948,42193.11145591736,1743,427.62437059808974,8000,Neutral,87.55260283348845,18.054,13.7645,7.8626,5.8219,0.0,24.207178115844727,3.3117,AVAX-USD,0.4582,Neutral,0.3861,0.6423,25.819973353520734,24,356.44000244140625,0.0,0.0
2021-02-08,30.27532768249512,24.044641494750977,33.30602264404297,23.669597625732425,30.27532768249512,894521369.0,52778.743590519916,0,8.847439930916948,52769.896150589,1743,559.8341792814851,8000,Neutral,92.04988165973087,21.1481,14.6887,8.3146,6.0401,0.0,30.27532768249512,6.3218,AVAX-USD,0.4995,Neutral,0.3895,0.6428,26.969540003911366,24,359.07000732421875,0.0,0.0
2021-02-09,31.598886489868164,30.255908966064453,32.97258758544922,27.572586059570312,31.598886489868164,445128059.0,55085.70659177113,0,8.847439930916948,55076.85915184021,1743,588.6712167971253,8000,Neutral,92.71999240967232,24.3942,15.6481,8.7873,6.2666,0.0,31.598886489868164,7.425,AVAX-USD,0.5031,Neutral,0.3938,0.6512,26.842778204437455,24,358.7799987792969,0.0,0.0
2021-02-10,55.29847717285156,31.59962654113769,59.93983840942383,31.59962654113769,55.29847717285156,2235807129.0,96394.0931522112,0,8.847439930916948,96385.24571228027,1743,1105.026048802626,8000,Neutral,98.53212004465371,31.8712,17.8475,9.6534,6.69,0.0,55.29847717285156,12.872,AVAX-USD,0.5428,Neutral,0.3988,0.6618,26.78159159240052,24,358.6400146484375,0.0,0.0
2021-02-11,47.37031936645508,54.933860778808594,56.26387786865234,42.22793960571289,47.37031936645508,856224806.0,82575.31409566212,0,8.847439930916948,82566.4666557312,1743,932.2913105957628,8000,Neutral,83.64691879025342,37.75,19.5801,10.3874,7.0502,0.0,55.29847717285156,11.9094,AVAX-USD,0.5418,Neutral,0.3915,0.6713,27.035101852213405,24,359.2200012207031,0.0,0.0
2021-02-12,48.65618133544922,47.15752029418945,54.39250564575195,43.77418899536133,48.65618133544922,688788872.0,84816.57150761891,0,8.847439930916948,84807.72406768799,1743,960.3070282452225,8000,Neutral,84.63244896522444,42.6398,21.369,11.146,7.4213,0.0,55.29847717285156,10.0395,AVAX-USD,0.5783,Neutral,0.3889,0.6716,27.83498307976824,24,361.0499877929688,0.0,0.0
2021-02-13,43.787147521972656,48.65752410888672,51.91789627075195,43.491493225097656,43.787147521972656,380032573.0,76329.84557072926,0,8.847439930916948,76320.99813079834,1743,854.2229540341019,8000,Neutral,77.42834209711263,45.3422,22.9352,11.8208,7.7525,0.0,55.29847717285156,6.8444,AVAX-USD,0.5783,Neutral,0.3889,0.6716,27.83498307976824,24,361.0499877929688,0.0,0.0
2021-02-14,38.57595443725586,43.76673889160156,44.5438232421875,38.32867431640625,38.57595443725586,472803313.0,67246.73602406788,0,8.847439930916948,67237.88858413696,1743,740.6840847008348,8000,Neutral,70.32296229280784,46.7376,24.2528,12.408,8.039,0.0,55.29847717285156,3.1962,AVAX-USD,0.5783,Neutral,0.3889,0.6716,27.83498307976824,24,361.0499877929688,0.0,0.0
2021-02-15,38.1765022277832,38.545528411865234,43.98727416992188,33.83211135864258,38.1765022277832,492075708.0,66550.49082295704,0,8.847439930916948,66541.64338302612,1743,731.9810196869493,8000,Neutral,70.19669086885236,43.3132,25.553,12.9908,8.3228,0.0,55.29847717285156,0.3646,AVAX-USD,0.5543,Neutral,0.3891,0.6658,27.83498307976824,24,361.0499877929688,0.0,0.0
2021-02-16,36.33607482910156,38.159122467041016,39.49046325683594,35.285011291503906,36.33607482910156,360245755.0,63342.62586705494,0,8.847439930916948,63333.77842712402,1743,691.8827077381729,8000,Neutral,68.02109105271992,41.1064,26.8105,13.5396,8.5919,0.0,55.29847717285156,-2.0439,AVAX-USD,0.5581,Neutral,0.3911,0.6542,27.68637177723861,24,360.7099914550781,0.0,0.0
2021-02-17,37.05214691162109,36.40126037597656,41.205078125,34.22456741333008,37.05214691162109,417547992.0,64590.73950688647,0,8.847439930916948,64581.89206695555,1743,707.4841282360671,8000,Neutral,67.72857194948142,38.7856,28.0631,14.0993,8.869,0.0,55.29847717285156,-3.6084,AVAX-USD,0.5169,Neutral,0.3914,0.634,27.721346989089657,24,360.7900085449219,0.0,0.0
2021-02-18,41.01509094238281,37.055477142333984,43.69624328613281,36.02028274536133,41.01509094238281,433522043.0,71498.15095250416,0,8.847439930916948,71489.30351257324,1743,793.8267713062883,8000,Neutral,69.38734415178776,38.2312,29.5328,14.7277,9.1777,0.0,55.29847717285156,-4.0135,AVAX-USD,0.5462,Neutral,0.3988,0.6193,27.048214221873824,24,359.25,0.0,0.0
2021-02-19,38.75145721435547,41.040828704833984,41.21041870117188,38.00141143798828,38.75145721435547,319733162.0,67552.6373645525,0,8.847439930916948,67543.78992462158,1743,744.5078514568924,8000,Neutral,65.81931210120251,38.2663,30.8711,15.3219,9.4647,0.0,55.29847717285156,-4.7441,AVAX-USD,0.5478,Neutral,0.3969,0.607,26.759728750209863,24,358.5899963378906,0.0,0.0
2021-02-20,36.23386764526367,38.76970672607422,42.7515983581543,32.88935089111328,36.23386764526367,468606771.0,63164.4787456255,0,8.847439930916948,63155.63130569458,1743,689.655868720305,8000,Neutral,63.36262891325487,37.8777,32.007,15.8745,9.7311,0.0,55.29847717285156,-5.6471,AVAX-USD,0.5478,Neutral,0.3969,0.607,26.759728750209863,24,358.5899963378906,0.0,0.0
2021-02-21,36.1479721069336,36.10154724121094,37.93278121948242,35.151634216308594,36.1479721069336,213433308.0,63014.76282231619,0,8.847439930916948,63005.91538238527,1743,687.7844196789385,8000,Neutral,59.60309982239125,37.8401,33.153,16.4283,9.9974,0.0,55.29847717285156,-6.1765,AVAX-USD,0.5478,Neutral,0.3969,0.607,26.759728750209863,24,358.5899963378906,0.0,0.0
2021-02-22,32.279056549072266,36.14577865600586,36.25886535644531,26.93320846557617,32.279056549072266,341397482.0,56271.24300496388,0,8.847439930916948,56262.39556503296,1743,603.4904219620347,8000,Neutral,51.67054455855688,36.8855,34.0912,16.9147,10.2318,0.0,55.29847717285156,-7.0871,AVAX-USD,0.5394,Neutral,0.405,0.6094,25.52711264559169,24,355.7699890136719,0.0,0.0
2021-02-23,27.562902450561523,32.310028076171875,32.310028076171875,23.411659240722656,27.562902450561523,358695614.0,48050.986411259655,0,8.847439930916948,48042.138971328735,1743,500.73721454073194,8000,Neutral,46.81528522460236,34.1951,34.7291,17.3248,10.4268,0.0,55.29847717285156,-8.3543,AVAX-USD,0.5419,Neutral,0.4033,0.6195,25.723811529632766,24,356.2200012207031,0.0,0.0
2021-02-24,29.93597984313965,27.58315086364746,31.89814758300781,25.48559188842773,29.93597984313965,367826263.0,52187.26030652333,0,8.847439930916948,52178.41286659241,1743,552.4406382315278,8000,Neutral,19.834136962163697,32.432,35.4575,17.7751,10.6419,0.0,55.29847717285156,-8.4861,AVAX-USD,0.5455,Neutral,0.3889,0.6358,27.445973887086144,24,360.1600036621094,0.0,0.0
2021-02-25,26.739532470703125,29.925506591796875,32.0368766784668,26.739532470703125,26.739532470703125,246988832.0,46615.85253636647,0,8.847439930916948,46607.00509643555,1743,482.7980411045671,8000,Neutral,22.349754752867852,30.5331,35.8988,18.1723,10.8309,0.0,55.29847717285156,-8.9253,AVAX-USD,0.499,Neutral,0.4325,0.6419,23.6694513552691,24,351.5199890136719,0.0,0.0
2021-02-26,25.939809799194336,26.860483169555664,27.982986450195312,24.98932456970215,25.939809799194336,178639218.0,45221.93591992665,0,8.847439930916948,45213.08847999573,1743,465.3740833990694,8000,Neutral,19.152597852830453,28.4915,36.297,18.5555,11.0156,0.0,55.29847717285156,-9.0771,AVAX-USD,0.5121,Neutral,0.443,0.6436,22.825857782467953,24,349.5899963378906,0.0,0.0
2021-02-27,25.814472198486328,25.96340751647949,27.416004180908203,25.257539749145508,25.814472198486328,160106642.0,45003.47248189259,0,8.847439930916948,44994.62504196167,1743,462.6432904236436,8000,Neutral,21.984985414610037,27.1985,36.3774,18.937,11.1998,0.0,55.29847717285156,-8.8884,AVAX-USD,0.5121,Neutral,0.443,0.6436,22.825857782467953,24,349.5899963378906,0.0,0.0
2021-02-28,23.823219299316406,25.82120513916016,25.90975379943848,22.301069259643555,23.823219299316406,156409576.0,41532.718678639416,0,8.847439930916948,41523.871238708496,1743,419.258867882979,8000,Neutral,24.438134702258623,26.4506,36.0548,19.2854,11.3679,0.0,55.29847717285156,-8.8718,AVAX-USD,0.5121,Neutral,0.443,0.6436,22.825857782467953,24,349.5899963378906,0.0,0.0
2021-03-01,27.403772354125977,23.87715148925781,27.76976776123047,23.697975158691406,27.403772354125977,248201636.0,48772.63611736774,0,21.325099377633364,48751.31101799011,1779,442.01806348185005,9000,"cash_0%_Buy 100% of cash (36 shares - DCA Strategy) Monthly invest 11.1% of total investment ($1,000.00)",33.187586394859466,25.9442,35.845,19.6898,11.5656,0.0,55.29847717285156,-7.7488,AVAX-USD,0.5302,Neutral,0.41,0.6253,25.64970451937589,27,358.1199951171875,0.0,0.0
2021-03-02,27.135156631469727,27.420732498168945,31.742143630981445,26.015213012695312,27.135156631469727,563934379.0,48294.768746762275,0,21.325099377633364,48273.44364738464,1779,436.7084260306782,9000,Neutral,34.89979915569137,26.0233,34.4368,20.081,11.7615,0.0,55.29847717285156,-6.7858,AVAX-USD,0.5335,Neutral,0.4189,0.5987,24.44497913882653,27,355.3500061035156,0.0,0.0
2021-03-03,27.272077560424805,27.148202896118164,29.230932235717773,26.61944580078125,27.272077560424805,305240058.0,48538.35107937336,0,21.325099377633364,48517.02597999573,1779,439.4148963930236,9000,Neutral,33.63828811353474,26.2897,33.4319,20.4773,11.961,0.0,55.29847717285156,-5.869,AVAX-USD,0.516,Neutral,0.4329,0.5784,22.40520029923079,27,350.6600036621094,0.0,0.0
2021-03-04,25.80517578125,27.26654052734375,28.733619689941406,24.28047561645508,25.80517578125,290696777.0,45928.73281422138,0,21.325099377633364,45907.40771484375,1779,410.4191378913349,9000,Neutral,22.23557881457988,26.2879,32.2894,20.8495,12.1495,0.0,55.29847717285156,-5.3741,AVAX-USD,0.4962,Neutral,0.4391,0.5636,20.526339970919796,27,346.3399963378906,0.0,0.0
2021-03-05,24.378053665161133,25.781890869140625,25.781890869140625,23.62070274353028,24.378053665161133,192065807.0,43389.882569699286,0,21.325099377633364,43368.557470321655,1779,382.2096907299784,9000,Neutral,22.93603694643572,26.3988,31.3189,21.196,12.3246,0.0,55.29847717285156,-5.1607,AVAX-USD,0.5107,Neutral,0.412,0.5601,23.288088657210704,27,352.69000244140625,0.0,0.0
2021-03-06,24.92347717285156,24.3408317565918,25.496488571166992,23.89537811279297,24.92347717285156,138082740.0,44360.19098988055,0,21.325099377633364,44338.86589050292,1779,392.99089539865906,9000,Neutral,26.994886650808255,25.9028,30.6363,21.5407,12.5024,0.0,55.29847717285156,-4.6769,AVAX-USD,0.5107,Neutral,0.412,0.5601,23.288088657210704,27,352.69000244140625,0.0,0.0
2021-03-07,26.65015411376953,24.91714096069336,27.86521339416504,24.91714096069336,26.65015411376953,300207534.0,47431.94926777363,0,21.325099377633364,47410.624168395996,1779,427.12154293080437,9000,Neutral,31.890374985780227,25.8058,30.06,21.9079,12.6961,0.0,55.29847717285156,-3.7526,AVAX-USD,0.5107,Neutral,0.412,0.5601,23.288088657210704,27,352.69000244140625,0.0,0.0
2021-03-08,25.545988082885746,26.65593338012696,27.069467544555664,25.17438316345215,25.545988082885746,209982091.0,45467.63789883137,0,21.325099377633364,45446.31279945374,1779,405.29586105366815,9000,Neutral,35.64890088522242,25.4606,29.5205,22.259,12.88,0.0,55.29847717285156,-3.2501,AVAX-USD,0.5029,Neutral,0.415,0.5557,22.53567118061721,27,350.9599914550781,0.0,0.0
2021-03-09,34.24869918823242,25.549341201782227,34.5954704284668,23.743547439575195,34.24869918823242,1202374920.0,60949.76095524311,0,21.325099377633364,60928.43585586548,1779,577.319450569354,9000,Neutral,62.18038623405706,27.1493,29.3803,22.7332,13.1369,8.8625,55.29847717285156,-0.7488,AVAX-USD,0.5164,Neutral,0.4092,0.5686,24.671133090804464,27,355.8699951171875,0.0,0.0
2021-03-10,29.71404838562012,34.24568557739258,35.584999084472656,28.91278648376465,29.71404838562012,842150960.0,52882.61717739583,0,21.325099377633364,52861.292078018196,1779,487.68451970438434,9000,Neutral,49.6251981177573,28.2165,28.8152,23.1082,13.3547,8.9659,55.29847717285156,-0.2021,AVAX-USD,0.5255,Neutral,0.4007,0.5814,25.62796379671963,27,358.07000732421875,0.0,0.0
2021-03-11,30.72899055480957,29.65120315551757,32.82171630859375,28.46723937988281,30.72899055480957,596126031.0,54688.19929638386,0,21.325099377633364,54666.874197006226,1779,507.7465432486958,9000,Neutral,57.27339739753468,29.3776,28.4141,23.5105,13.5817,9.0731,55.29847717285156,0.3723,AVAX-USD,0.527,Neutral,0.3955,0.5946,27.27196326581065,27,361.8500061035156,0.0,0.0
2021-03-12,27.989315032958984,30.78320503234864,31.476247787475582,27.06589698791504,27.989315032958984,431815755.0,49814.316543011664,0,21.325099377633364,49792.99144363403,1779,453.59229043344914,9000,Neutral,53.48971345293953,29.6454,28.0019,23.8688,13.7864,9.169,55.29847717285156,0.0958,AVAX-USD,0.5156,Neutral,0.3724,0.6028,27.493763764167543,27,362.3599853515625,0.0,0.0
2021-03-13,30.90908432006836,27.99962043762207,33.13913345336914,27.049644470214844,30.90908432006836,521074219.0,55008.58610477924,0,21.325099377633364,54987.26100540161,1779,511.30639667531113,9000,Neutral,57.92088004479983,30.718,27.7399,24.2542,14.0131,9.277,55.29847717285156,0.5625,AVAX-USD,0.5156,Neutral,0.3724,0.6028,27.493763764167543,27,362.3599853515625,0.0,0.0
2021-03-14,29.05876922607422,30.87592315673828,32.1793098449707,29.05876922607422,29.05876922607422,312497649.0,51716.875552563666,0,21.325099377633364,51695.550453186035,1779,474.731834984027,9000,Neutral,58.175834398351185,29.68,27.5789,24.5974,14.2261,9.3773,55.29847717285156,0.4087,AVAX-USD,0.5156,Neutral,0.3724,0.6028,27.493763764167543,27,362.3599853515625,0.0,0.0
2021-03-15,29.01790809631348,28.98705291748047,30.46322631835937,27.26105690002441,29.01790809631348,334277022.0,51644.18360271931,0,21.325099377633364,51622.85850334168,1779,473.924146652423,9000,Neutral,52.833929897044214,29.5408,27.6517,24.9267,14.4385,9.4774,55.29847717285156,0.2757,AVAX-USD,0.5214,Neutral,0.3697,0.6266,28.407099752045784,27,364.4599914550781,0.0,0.0
2021-03-16,33.080162048339844,28.950258255004883,33.16495132446289,27.74860572814941,33.080162048339844,450559779.0,58870.93338337421,0,21.325099377633364,58849.60828399658,1779,554.2213664374775,9000,Neutral,59.21066792623913,30.011,27.8089,25.3217,14.6832,9.5945,55.29847717285156,1.057,AVAX-USD,0.5198,Neutral,0.3666,0.6216,28.22878069900141,27,364.0499877929688,0.0,0.0
2021-03-17,32.64582824707031,33.07617950439453,33.858726501464844,31.004419326782227,32.64582824707031,440750660.0,58098.25355091572,0,21.325099377633364,58076.928451538086,1779,545.6360349657164,9000,Neutral,58.24959034506822,30.9424,28.1042,25.6512,14.9233,9.7097,55.29847717285156,1.3734,AVAX-USD,0.5449,Neutral,0.3732,0.6147,28.746337316374902,27,365.239990234375,0.0,0.0
2021-03-18,33.301387786865234,32.65378952026367,35.610050201416016,31.96622657775879,33.301387786865234,439630072.0,59264.49397221088,0,21.325099377633364,59243.16887283325,1779,558.594261868996,9000,Neutral,61.80191320662704,31.4208,28.4723,25.9862,15.1696,9.8277,55.29847717285156,1.6148,AVAX-USD,0.5232,Neutral,0.3823,0.5733,26.410815630486997,27,359.8699951171875,0.0,0.0
2021-03-19,37.76497650146485,33.26352310180664,38.4378547668457,31.76274299621582,37.76497650146485,621681221.0,67205.2182954836,0,21.325099377633364,67183.89319610597,1779,646.8245321275817,9000,Neutral,69.23688847888316,33.1621,29.0698,26.4039,15.454,9.9643,55.29847717285156,2.5645,AVAX-USD,0.5264,Neutral,0.3771,0.5514,26.132473325954496,27,359.2300109863281,0.0,0.0
2021-03-20,34.34647750854492,37.58756256103516,39.38956451416016,34.34647750854492,34.34647750854492,341937806.0,61123.70858707905,0,21.325099377633364,61102.383487701416,1779,579.2522020341978,9000,Neutral,62.50796374194753,34.2278,29.596,26.7798,15.7093,10.0866,55.29847717285156,2.2801,AVAX-USD,0.5264,Neutral,0.3771,0.5514,26.132473325954496,27,359.2300109863281,0.0,0.0
2021-03-21,32.81172180175781,34.341400146484375,35.511627197265625,32.116641998291016,32.81172180175781,328942185.0,58393.37818470478,0,21.325099377633364,58372.05308532715,1779,548.9151975633727,9000,Neutral,58.22066686821123,34.1741,29.8664,27.1198,15.9494,10.2025,55.29847717285156,1.6427,AVAX-USD,0.5264,Neutral,0.3771,0.5514,26.132473325954496,27,359.2300109863281,0.0,0.0
2021-03-22,29.360292434692383,32.80757141113281,33.542724609375,28.989011764526367,29.360292434692383,310387936.0,52253.28534069538,0,21.325099377633364,52231.96024131775,1779,480.69194374104603,9000,Neutral,54.78903057258471,33.517,29.9776,27.4207,16.1617,10.3041,55.29847717285156,0.4362,AVAX-USD,0.542,Neutral,0.367,0.5325,27.367646336402206,27,362.0700073242188,0.0,0.0
2021-03-23,28.591270446777344,29.30770874023437,30.836593627929688,28.351924896240234,28.591270446777344,245730628.0,50885.195224194526,0,21.325099377633364,50863.870124816895,1779,465.49094244659204,9000,Neutral,41.12968053091014,32.5749,30.0436,27.6852,16.366,10.4024,55.29847717285156,-0.5344,AVAX-USD,0.5449,Neutral,0.3815,0.4859,26.21075585478636,27,359.4100036621094,0.0,0.0
2021-03-24,26.05170249938965,28.553295135498047,30.40033531188965,25.096126556396484,26.05170249938965,292191840.0,46367.303845791816,0,21.325099377633364,46345.978746414185,1779,415.2921493532287,9000,Neutral,43.874564021538184,30.2323,30.0559,27.9048,16.5476,10.4902,55.29847717285156,-1.6793,AVAX-USD,0.5463,Neutral,0.3905,0.479,25.345268038566115,27,357.4200134277344,0.0,0.0
2021-03-25,25.997766494750977,25.98372268676757,27.463455200195312,24.64167594909668,25.997766494750977,252605201.0,46271.35169353962,0,21.325099377633364,46250.02659416199,1779,414.2260143282042,9000,Neutral,41.82398759829084,28.5626,30.1369,28.1303,16.7305,10.5778,55.29847717285156,-2.3663,AVAX-USD,0.552,Neutral,0.3809,0.4705,26.219449489303972,27,359.42999267578125,0.0,0.0
2021-03-26,28.2379093170166,25.946861267089844,28.87990379333496,25.90781211853028,28.2379093170166,232181872.0,50256.565774350165,0,21.325099377633364,50235.240674972534,1779,458.50617078165476,9000,Neutral,50.437142125206684,27.6478,30.3026,28.3972,16.9364,10.6746,55.29847717285156,-2.2236,AVAX-USD,0.5494,Neutral,0.37,0.4768,28.760698191870926,27,364.010009765625,1.263,0.0
2021-03-27,27.63164520263672,28.24203872680664,28.60502243041992,26.88374137878418,27.63164520263672,175964471.0,49178.02191486835,0,21.325099377633364,49156.69681549072,1779,446.5223501207457,9000,Neutral,43.7263156203723,27.3021,30.3517,28.6549,17.1367,10.769,55.29847717285156,-2.1679,AVAX-USD,0.5494,Neutral,0.37,0.4768,29.310002953775705,27,364.010009765625,1.263,0.0
2021-03-28,28.69735336303711,27.617246627807617,29.49205780029297,27.247299194335938,28.69735336303711,222965831.0,51073.91673222065,0,21.325099377633364,51052.59163284302,1779,467.5878480913268,9000,Neutral,49.28675210715394,27.3233,30.5093,28.9468,17.3457,10.8678,55.29847717285156,-1.8007,AVAX-USD,0.5494,Neutral,0.37,0.4768,29.859307715680462,27,364.010009765625,1.263,0.0
2021-03-29,29.46956825256348,28.70986557006836,30.24734306335449,28.26435852050781,29.46956825256348,219894708.0,52447.68702068806,0,21.325099377633364,52426.36192131043,1779,482.8519624076314,9000,Neutral,50.86633554697675,28.0068,30.2703,29.2379,17.5604,10.9698,55.29847717285156,-1.3148,AVAX-USD,0.5334,Neutral,0.3779,0.4792,29.763624645088928,27,363.7900085449219,0.0,0.0
2021-03-30,29.62527656555176,29.47743034362793,30.78315544128418,28.94251251220703,29.62527656555176,221168524.0,52724.692109494215,0,21.325099377633364,52703.367010116584,1779,485.92979672769974,9000,Neutral,42.204937683999084,28.7324,30.2659,29.538,17.7765,11.0725,55.29847717285156,-0.9117,AVAX-USD,0.5335,Neutral,0.3704,0.4881,29.359138367342165,27,362.8599853515625,0.0,0.0
2021-03-31,28.72896957397461,29.615747451782227,29.88647651672364,26.6994571685791,28.72896957397461,221774579.0,51130.16197147846,0,21.325099377633364,51108.83687210083,1779,468.21279519419136,9000,Neutral,41.34308005219204,28.8306,30.1659,29.817,17.9861,11.1714,55.29847717285156,-0.8088,AVAX-USD,0.5371,Neutral,0.3677,0.4751,29.98542514344584,27,364.2999877929688,0.0,0.0
2021-04-01,28.418750762939453,28.732580184936523,29.296857833862305,27.99394989013672,28.418750762939453,172089242.0,51577.28805037022,0,25.674166398049806,51551.61388397217,1814,415.8727649036884,10000,"cash_0%_Buy 100% of cash (35 shares - DCA Strategy) Monthly invest 10.0% of total investment ($1,000.00)",39.04125891692582,28.988,30.1873,30.0654,18.1918,11.269,55.29847717285156,-0.7707,AVAX-USD,0.5544,Neutral,0.3586,0.4997,30.692731408390127,32,368.1600036621094,0.0,0.0
2021-04-02,29.117610931396484,28.33231544494629,29.57410049438477,28.043386459350582,29.117610931396484,167497181.0,52845.02039595127,0,25.674166398049806,52819.34622955322,1814,428.55008835949894,10000,Neutral,26.644691834453738,29.072,30.0978,30.3302,18.4026,11.3696,55.29847717285156,-0.5521,AVAX-USD,0.5476,Neutral,0.351,0.5072,30.692731408390127,32,368.1600036621094,0.0,0.0
2021-04-03,28.251848220825195,29.081626892089844,32.78033828735352,28.19956016540528,28.251848220825195,424655897.0,51274.526838974954,0,25.674166398049806,51248.852672576904,1814,412.84515278973583,10000,Neutral,30.906427817925447,28.8285,30.0574,30.5759,18.6085,11.4665,55.29847717285156,-0.5737,AVAX-USD,0.5476,Neutral,0.351,0.5072,30.692731408390127,32,368.1600036621094,0.0,0.0
2021-04-04,29.3297119140625,28.29934501647949,30.0936279296875,27.917348861694336,29.3297119140625,185849450.0,53229.771578507425,0,25.674166398049806,53204.097412109375,1814,432.39760018506047,10000,Neutral,38.76988794346486,28.7694,30.073,30.8179,18.8228,11.5679,55.29847717285156,-0.3164,AVAX-USD,0.5476,Neutral,0.351,0.5072,30.692731408390127,32,368.1600036621094,0.0,0.0
2021-04-05,31.2465934753418,29.31033515930176,32.98377227783203,28.740985870361328,31.2465934753418,447418402.0,56706.99473066808,0,25.674166398049806,56681.32056427003,1814,467.169831706667,10000,Neutral,56.75200160579069,29.2729,29.9813,31.0826,19.0532,11.6773,55.29847717285156,0.2849,AVAX-USD,0.549,Neutral,0.355,0.4917,33.0075584690896,32,373.4700012207031,0.0,0.0
2021-04-06,31.55449485778809,31.27870750427246,34.554840087890625,30.20060157775879,31.55449485778809,453065493.0,57265.527838425645,0,25.674166398049806,57239.853672027595,1814,472.75516278424277,10000,Neutral,60.968943345098346,29.9001,29.9268,31.3099,19.2878,11.788,55.29847717285156,0.7131,AVAX-USD,0.5579,Neutral,0.3618,0.4986,32.91601531914148,32,373.260009765625,0.0,0.0
2021-04-07,29.47651100158692,31.521106719970703,32.69903945922852,28.70438575744629,29.47651100158692,337039411.0,53496.06512327673,0,25.674166398049806,53470.39095687868,1814,435.0605356327535,10000,Neutral,63.12614295413916,29.9718,29.7355,31.5016,19.5075,11.8901,55.29847717285156,0.4975,AVAX-USD,0.5619,Neutral,0.3555,0.5095,33.12090647629174,32,373.7300109863281,0.0,0.0
2021-04-08,30.764034271240234,29.580791473388672,31.3580322265625,29.308914184570312,30.764034271240234,177272348.0,55831.632334427835,0,25.674166398049806,55805.958168029785,1814,458.41620774426457,10000,Neutral,66.68938315126975,30.4743,29.3855,31.6109,19.7367,11.9975,55.29847717285156,0.6141,AVAX-USD,0.5656,Neutral,0.3557,0.51,33.91430261543667,32,375.5499877929688,0.0,0.0
2021-04-09,31.532609939575195,30.760326385498047,32.42420959472656,30.40952682495117,31.532609939575195,289110798.0,57225.828596787454,0,25.674166398049806,57200.154430389404,1814,472.35817036786074,10000,Neutral,62.86211299483154,30.9148,29.2448,31.6318,19.9732,12.1081,55.29847717285156,0.8171,AVAX-USD,0.5624,Neutral,0.3463,0.5034,35.09133918693932,32,378.25,0.0,0.0
2021-04-10,31.80380249023437,31.536279678344727,33.943992614746094,30.880163192749023,31.80380249023437,377650235.0,57717.7718836832,0,25.674166398049806,57692.09771728515,1814,477.27760323681827,10000,Neutral,66.72515417580628,31.0263,29.1944,31.6353,20.2113,12.2198,55.29847717285156,0.9538,AVAX-USD,0.5624,Neutral,0.3463,0.5034,35.09133918693932,32,378.25,0.0,0.0
2021-04-11,31.60232162475586,31.80379676818848,32.366477966308594,30.93572807312012,31.60232162475586,211605192.0,57352.28559370518,0,25.674166398049806,57326.61142730713,1814,473.62274033703807,10000,Neutral,62.512273700565096,31.0359,29.3065,31.2403,20.4469,12.3307,55.29847717285156,0.9403,AVAX-USD,0.5624,Neutral,0.3463,0.5034,35.09133918693932,32,378.25,0.0,0.0
2021-04-12,33.883968353271484,31.66559410095215,35.65488052368164,31.30670928955078,33.883968353271484,485683846.0,61491.19275923252,0,25.674166398049806,61465.51859283447,1814,515.0118119923114,10000,Neutral,66.8258558520964,31.9173,29.5711,31.0155,20.7015,12.4511,55.29847717285156,1.3465,AVAX-USD,0.562,Neutral,0.348,0.5103,35.16545441559229,32,378.4200134277344,0.0,0.0
2021-04-13,33.67353057861328,33.798213958740234,34.81218719482422,31.746957778930664,33.67353057861328,380251185.0,61109.45863600254,0,25.674166398049806,61083.78446960449,1814,511.1944707600117,10000,Neutral,65.3661499611584,32.4992,29.9522,30.7658,20.9559,12.5707,55.29847717285156,1.4678,AVAX-USD,0.5714,Neutral,0.3509,0.5195,35.61446950844203,32,379.4500122070313,0.0,0.0
2021-04-14,38.462867736816406,33.63677978515625,39.37591552734375,32.97645950317383,38.462867736816406,975987632.0,69797.31624098301,0,25.674166398049806,69771.64207458496,1814,598.0730468098163,10000,Neutral,78.51895158820673,33.8853,30.5755,30.6771,21.2489,12.7101,55.29847717285156,2.3984,AVAX-USD,0.5587,Neutral,0.3525,0.5445,35.08262522629175,32,378.2300109863281,0.0,0.0
2021-04-15,37.143062591552734,38.41642761230469,40.80036926269531,36.40646743774414,37.143062591552734,578582518.0,67403.18970747471,0,25.674166398049806,67377.51554107666,1814,574.1317814747333,10000,Neutral,74.13330550349187,34.9532,31.0207,30.6532,21.5306,12.8441,55.29847717285156,2.5425,AVAX-USD,0.5848,Neutral,0.3577,0.5766,36.85253041199121,32,382.2900085449219,0.0,0.0
2021-04-16,35.631317138671875,37.02238845825195,37.56632232666016,33.17973327636719,35.631317138671875,441000850.0,64660.88345594883,0,25.674166398049806,64635.20928955078,1814,546.7087189594745,10000,Neutral,67.24284911051637,35.7589,31.4207,30.6108,21.8008,12.9718,55.29847717285156,2.1688,AVAX-USD,0.5804,Neutral,0.355,0.6086,37.4366850655404,32,383.6300048828125,0.0,0.0
2021-04-17,34.341453552246094,35.53505325317383,36.87984085083008,33.909210205078125,34.341453552246094,299361049.0,62321.070910172464,0,25.674166398049806,62295.396743774414,1814,523.3105935017109,10000,Neutral,65.76618181907969,35.8504,31.7029,30.5775,22.0586,13.0941,55.29847717285156,1.5412,AVAX-USD,0.5804,Neutral,0.355,0.6086,37.4366850655404,32,383.6300048828125,0.0,0.0
2021-04-18,29.253093719482425,34.36116027832031,34.69755172729492,23.41156005859375,29.253093719482425,586258120.0,53090.78617353917,0,25.674166398049806,53065.11200714112,1814,431.00774613537794,10000,Neutral,49.83574354566592,34.9664,31.6921,30.4476,22.2734,13.1952,55.29847717285156,0.0605,AVAX-USD,0.5804,Neutral,0.355,0.6086,37.4366850655404,32,383.6300048828125,0.0,0.0
2021-04-19,26.28306579589844,29.2871322631836,30.4605712890625,25.61040306091309,26.28306579589844,305510537.0,47703.15552015782,0,25.674166398049806,47677.48135375977,1814,377.1314396015645,10000,Neutral,39.81877282769255,32.5304,31.525,30.202,22.4649,13.284,55.29847717285156,-1.5012,AVAX-USD,0.5743,Neutral,0.3609,0.6332,36.61275680473716,32,381.739990234375,0.0,0.0
2021-04-20,27.34795379638672,26.1361141204834,28.26930809020996,24.01119041442871,27.34795379638672,351820081.0,49634.86235304356,0,25.674166398049806,49609.18818664551,1814,396.44850793042184,10000,Neutral,41.63139460908026,30.5714,31.4559,30.012,22.667,13.3771,55.29847717285156,-2.2415,AVAX-USD,0.575,Neutral,0.3738,0.6441,35.392137126239874,32,378.9400024414063,0.0,0.0
2021-04-21,25.90350341796875,27.40620231628418,28.40342712402344,25.8530330657959,25.90350341796875,255465065.0,47014.62936659336,0,25.674166398049806,46988.95520019531,1814,370.2461780659199,10000,Neutral,42.70794966362407,28.6258,31.3302,29.8398,22.8571,13.4643,55.29847717285156,-2.9284,AVAX-USD,0.5793,Neutral,0.3655,0.6362,36.94407356193932,32,382.5,0.0,0.0
2021-04-22,24.034961700439453,25.830305099487305,27.733657836914062,22.96561050415039,24.034961700439453,293095836.0,43625.09469099522,0,25.674166398049806,43599.42052459717,1814,336.3508313099385,10000,Neutral,36.584972251053436,26.5645,31.076,29.6379,23.0331,13.5437,55.29847717285156,-3.6479,AVAX-USD,0.5769,Neutral,0.3751,0.6207,35.41392867973718,32,378.989990234375,0.0,0.0
2021-04-23,23.498424530029297,23.98783302307129,24.673828125,20.011245727539062,23.498424530029297,381922880.0,42651.816263871195,0,25.674166398049806,42626.142097473145,1814,326.6180470386982,10000,Neutral,33.83354034139481,25.4136,30.8384,29.4916,23.2031,13.6208,55.29847717285156,-4.0736,AVAX-USD,0.5769,Neutral,0.3677,0.6118,37.17511990478906,32,383.0299987792969,0.0,0.0
2021-04-24,21.777528762817383,23.58330345153809,23.891143798828125,21.52035522460937,21.777528762817383,177292845.0,39530.11134214878,0,25.674166398049806,39504.43717575073,1814,295.4009978214741,10000,Neutral,30.937206147347624,24.5125,30.4608,29.3952,23.36,13.6908,55.29847717285156,-4.5585,AVAX-USD,0.5769,Neutral,0.3677,0.6118,37.17511990478906,32,383.0299987792969,0.0,0.0
2021-04-25,21.543121337890625,21.83055877685547,23.6827449798584,20.46040725708008,21.543121337890625,138398301.0,39104.896273331644,0,25.674166398049806,39079.222106933594,1814,291.1488471333027,10000,Neutral,30.898519507210352,23.3515,29.9756,29.2553,23.5152,13.7597,55.29847717285156,-4.7216,AVAX-USD,0.5769,Neutral,0.3677,0.6118,37.17511990478906,32,383.0299987792969,0.0,0.0
2021-04-26,26.459278106689453,21.62346649169922,26.47709846496582,21.40692138671875,26.459278106689453,264631790.0,48022.80465193272,0,25.674166398049806,47997.13048553467,1814,380.3279309193135,10000,Neutral,37.18354247002549,23.4627,29.7208,29.2506,23.7115,13.8492,55.29847717285156,-3.4169,AVAX-USD,0.5753,Neutral,0.3694,0.6038,37.536942176136094,32,383.8599853515625,0.0,0.0
2021-04-27,27.820369720458984,26.466716766357425,27.862098693847656,25.769237518310547,27.820369720458984,214406079.0,50491.82483931065,0,25.674166398049806,50466.1506729126,1814,405.0181327930928,10000,Neutral,40.28234181242057,24.2197,29.638,29.2819,23.9187,13.9444,55.29847717285156,-2.0684,AVAX-USD,0.573,Neutral,0.3653,0.6083,37.48463180473718,32,383.739990234375,0.0,0.0
2021-04-28,28.32757377624512,27.92023658752441,29.030086517333984,25.88178062438965,28.32757377624512,240501701.0,51411.8929965067,0,25.674166398049806,51386.21883010865,1814,414.2188143650533,10000,Neutral,30.38378913034667,25.1856,29.5162,29.3238,24.1304,14.0416,55.29847717285156,-0.9608,AVAX-USD,0.5747,Neutral,0.3637,0.6205,37.406166247638794,32,383.55999755859375,0.0,0.0
2021-04-29,27.92986488342285,28.29535675048828,29.68246078491211,26.6379623413086,27.92986488342285,218944693.0,50690.4490649271,0,25.674166398049806,50664.77489852905,1814,407.00437504925725,10000,Neutral,31.508424432158677,26.416,29.3361,29.3923,24.3388,14.1372,55.29847717285156,-0.273,AVAX-USD,0.5714,Neutral,0.3647,0.6389,38.522165183338245,32,386.1199951171875,0.0,0.0
2021-04-30,32.91837310791016,27.930896759033203,32.98488998413086,27.528404235839844,32.91837310791016,386072188.0,59739.60298414709,0,25.674166398049806,59713.92881774904,1814,497.4959142414571,10000,Neutral,45.221779026680245,28.6911,29.3918,29.4842,24.587,14.2536,55.29847717285156,1.3575,AVAX-USD,0.5688,Neutral,0.3659,0.6397,37.41052987984095,32,383.5700073242188,0.0,0.0
2021-05-01,31.89084243774414,32.89854431152344,35.64030456542969,31.766843795776367,31.89084243774414,415039866.0,58874.64184150791,0,4.14670143222952,58870.49514007568,1846,435.3239011409672,11000,"cash_0%_Buy 100% of cash (32 shares - DCA Strategy) Monthly invest 9.1% of total investment ($1,000.00)",45.64356069046809,29.7774,29.4062,29.5634,24.8222,14.3657,55.29847717285156,2.0889,AVAX-USD,0.5526,Neutral,0.366,0.6411,36.36663865530589,35,383.5700073242188,0.0,0.0
2021-05-02,31.304956436157227,31.79400062561035,32.65867614746094,30.4722957611084,31.304956436157227,241565270.0,57793.096282578466,0,4.14670143222952,57788.94958114624,1846,425.49166878706325,11000,Neutral,54.342780819773246,30.4743,29.2773,29.6307,25.054,14.4753,55.29847717285156,2.3268,AVAX-USD,0.5526,Neutral,0.366,0.6411,36.36663865530589,35,383.5700073242188,0.0,0.0
2021-05-03,35.93231964111328,31.324922561645508,37.08235549926758,31.16550636291504,35.93231964111328,613797104.0,66335.20875892734,0,4.14670143222952,66331.06205749512,1846,503.1472367538712,11000,Neutral,69.0838752452542,31.9953,29.3902,29.7994,25.3245,14.6043,55.29847717285156,3.3652,AVAX-USD,0.5673,Neutral,0.3662,0.6529,36.74408269076261,35,384.4400024414063,0.0,0.0
2021-05-04,30.36143112182617,35.876583099365234,36.13649368286133,29.9829158782959,30.36143112182617,429905095.0,56051.34855232333,0,4.14670143222952,56047.201850891106,1846,409.65759851201653,11000,Neutral,55.058347744927076,32.4816,28.9851,29.8992,25.5476,14.71,55.29847717285156,2.6502,AVAX-USD,0.5472,Neutral,0.3763,0.6622,35.72888427955468,35,382.1000061035156,0.0,0.0
2021-05-05,35.263118743896484,30.29295539855957,35.56074523925781,29.83710289001465,35.263118743896484,311207014.0,65099.863902665136,0,4.14670143222952,65095.71720123291,1846,491.91682896966927,11000,Neutral,64.07697713160405,32.9505,28.8911,30.0715,25.8061,14.8362,55.29847717285156,3.0979,AVAX-USD,0.5556,Neutral,0.3747,0.6666,35.75925668790802,35,382.1700134277344,0.0,0.0
2021-05-06,37.98084259033203,35.25393295288086,39.2972412109375,34.75200271606445,37.98084259033203,615820256.0,70116.78212318516,0,4.14670143222952,70112.63542175293,1846,537.5251764289421,11000,Neutral,70.45235039603105,34.1685,29.0086,30.2603,26.0841,14.9736,55.29847717285156,3.7409,AVAX-USD,0.5657,Neutral,0.3714,0.6819,37.1085118712013,35,385.2799987792969,0.0,0.0
2021-05-07,38.04991912841797,37.97057723999024,43.743953704833984,36.006282806396484,38.04991912841797,812137105.0,70244.2974124918,0,4.14670143222952,70240.15071105957,1846,538.6844063317297,11000,GeoWatch,71.63718359212277,35.5175,29.194,30.4687,26.3639,15.1114,55.29847717285156,3.9113,AVAX-USD,0.5752,GeoWatch,0.358,0.7035,38.30158879427823,35,388.0299987792969,0.0,0.0
2021-05-08,38.32207489013672,37.90199661254883,39.78215026855469,37.27090835571289,38.32207489013672,350546182.0,70746.69694862461,0,4.14670143222952,70742.55024719238,1846,543.2516748420281,11000,GeoWatch,75.70834142698442,35.9955,29.6475,30.5366,26.6349,15.2503,55.29847717285156,3.8159,AVAX-USD,0.5752,GeoWatch,0.358,0.7035,38.30158879427823,35,388.0299987792969,0.0,0.0
2021-05-09,39.02163696289063,38.40206909179688,39.360958099365234,35.33116149902344,39.02163696289063,329199843.0,72038.08853492833,0,4.14670143222952,72033.94183349611,1846,554.9915983538801,11000,GeoWatch,76.77260040759387,37.7275,30.2844,30.6918,26.9,15.3921,55.29847717285156,3.6343,AVAX-USD,0.5752,GeoWatch,0.358,0.7035,38.30158879427823,35,388.0299987792969,0.0,0.0
2021-05-10,34.70148849487305,38.9265022277832,41.7778549194336,30.21927070617676,34.70148849487305,528356770.0,64063.09446296787,0,4.14670143222952,64058.947761535645,1846,482.4916522451487,11000,GeoWatch,62.85975264043084,37.6152,30.6521,30.758,27.1343,15.5159,55.29847717285156,2.4819,AVAX-USD,0.5428,GeoWatch,0.3771,0.7144,36.6529787056364,35,384.2300109863281,0.0,0.0
2021-05-11,36.82477951049805,34.690528869628906,37.254913330078125,32.580772399902344,36.82477951049805,342073952.0,67982.68967781162,0,4.14670143222952,67978.5429763794,1846,518.1243360164555,11000,GeoWatch,63.72258000679717,37.384,31.1981,30.9052,27.387,15.6486,55.29847717285156,1.9819,AVAX-USD,0.5146,GeoWatch,0.3917,0.7202,35.1909060456304,35,380.8599853515625,0.0,0.0
2021-05-12,32.0162467956543,36.75679397583008,41.44514846801758,32.0162467956543,32.0162467956543,635368557.0,59106.13828621006,0,4.14670143222952,59101.99158477783,1846,437.42841427462315,11000,GeoWatch,54.96990932682632,36.1772,31.5972,30.9237,27.589,15.7612,55.29847717285156,0.6349,AVAX-USD,0.4693,GeoWatch,0.4287,0.7215,31.66374793640563,35,372.7300109863281,0.0,0.0
2021-05-13,34.98023986816406,32.806304931640625,37.15969467163086,31.041418075561523,34.98023986816406,539807645.0,64577.669498063085,0,4.14670143222952,64573.52279663086,1846,487.1696071096507,11000,GeoWatch,58.884858848737025,35.5089,32.1713,31.0224,27.8099,15.8862,55.29847717285156,0.2642,AVAX-USD,0.4951,GeoWatch,0.3983,0.7218,33.585683220359954,35,377.1600036621094,0.0,0.0
2021-05-14,36.951202392578125,35.040771484375,37.98410034179688,33.390037536621094,36.951202392578125,343970663.0,68216.06631813144,0,4.14670143222952,68211.91961669922,1846,520.2459418375448,11000,GeoWatch,55.50049246166836,35.0948,32.93,31.1546,28.0406,16.0194,55.29847717285156,0.3355,AVAX-USD,0.5224,GeoWatch,0.373,0.7279,36.09765615831071,35,382.9500122070313,0.0,0.0
2021-05-15,34.41056442260742,36.95224380493164,39.8306770324707,34.13846969604492,34.41056442260742,601746075.0,63526.04862556553,0,4.14670143222952,63521.9019241333,1846,477.6094173596728,11000,GeoWatch,53.30049246807362,35.0366,33.5734,31.1768,28.2492,16.142,55.29847717285156,-0.1519,AVAX-USD,0.5224,GeoWatch,0.373,0.7279,36.09765615831071,35,382.9500122070313,0.0,0.0
2021-05-16,36.5188102722168,34.42939376831055,39.50280380249024,32.61438751220703,36.5188102722168,566714442.0,67417.87046394443,0,4.14670143222952,67413.7237625122,1846,512.9896158903902,11000,GeoWatch,56.56751458551535,34.9754,34.0763,31.2413,28.4462,16.2733,55.29847717285156,-0.1078,AVAX-USD,0.5224,GeoWatch,0.373,0.7279,36.09765615831071,35,382.9500122070313,0.0,0.0
2021-05-17,33.662254333496094,36.55112457275391,37.64341354370117,31.962299346923828,33.662254333496094,457823166.0,62144.668201066015,0,4.14670143222952,62140.52149963379,1846,465.0514135005864,11000,GeoWatch,47.007043670272864,35.3046,34.3684,31.2473,28.6167,16.3928,55.29847717285156,-0.6422,AVAX-USD,0.5106,GeoWatch,0.3794,0.7432,35.69851187120129,35,382.0299987792969,0.0,0.0
2021-05-18,36.82215881347656,33.62871170043945,37.67807769775391,33.316749572753906,36.82215881347656,369926391.0,67977.85187110996,0,4.14670143222952,67973.70516967773,1846,518.0803559555313,11000,GeoWatch,59.09641917192579,35.673,34.7932,31.2316,28.8177,16.5255,55.29847717285156,-0.408,AVAX-USD,0.489,GeoWatch,0.3915,0.7512,34.266824859482554,35,378.7300109863281,0.0,0.0
2021-05-19,23.38389587402344,36.97642517089844,38.42449188232422,18.6785831451416,23.38389587402344,583118261.0,43170.8184848795,0,4.14670143222952,43166.67178344727,1846,292.5618706261635,11000,GeoWatch,36.51591577002034,32.9595,34.5659,31.0489,28.9144,16.6021,55.29847717285156,-2.7822,AVAX-USD,0.4805,GeoWatch,0.3944,0.7485,33.83297870563639,35,377.7300109863281,0.0,0.0
2021-05-20,25.19688415527344,23.133920669555664,28.16626167297364,20.92279815673828,25.19688415527344,356467352.0,46517.594852067,0,4.14670143222952,46513.44815063477,1846,322.98711032786804,11000,GeoWatch,35.18465566474484,31.1168,34.1798,30.922,29.0209,16.6853,55.29847717285156,-3.8838,AVAX-USD,0.4817,GeoWatch,0.3873,0.7426,35.58137817603904,35,381.760009765625,0.0,0.0
2021-05-21,21.8017692565918,25.10417366027832,26.71778106689453,18.45418167114257,21.8017692565918,262253583.0,40250.21274910069,0,4.14670143222952,40246.066047668464,1846,266.0109093918107,11000,GeoWatch,32.51772605725286,28.1734,33.6753,30.796,29.1083,16.759,55.29847717285156,-5.146,AVAX-USD,0.4753,GeoWatch,0.3849,0.7404,35.455559084242154,35,381.4700012207031,0.0,0.0
2021-05-22,18.85113906860352,21.866186141967773,22.172252655029297,18.335521697998047,18.85113906860352,159666877.0,34803.34942207432,0,4.14670143222952,34799.2027206421,1846,216.49397005520737,11000,GeoWatch,30.191862494393277,25.2112,33.0526,30.6337,29.1594,16.8185,55.29847717285156,-6.4153,AVAX-USD,0.4753,GeoWatch,0.3849,0.7404,35.455559084242154,35,381.4700012207031,0.0,0.0
2021-05-23,15.756152153015137,18.847211837768555,19.665552139282227,12.147003173828123,15.756152153015137,241105086.0,29090.003575898172,0,4.14670143222952,29085.856874465942,1846,164.55446236269688,11000,GeoWatch,27.43154431659714,20.998,32.0438,30.4621,29.1834,16.8645,55.29847717285156,-7.7281,AVAX-USD,0.4753,GeoWatch,0.3849,0.7404,35.455559084242154,35,381.4700012207031,0.0,0.0
2021-05-24,19.410947799682617,15.625920295715332,20.477659225463867,15.123732566833496,19.410947799682617,248935736.0,35836.75633964634,0,4.14670143222952,35832.60963821411,1846,225.88857839677115,11000,GeoWatch,34.97359419787624,20.2034,31.4963,30.3523,29.2413,16.9265,55.29847717285156,-7.418,AVAX-USD,0.4979,GeoWatch,0.3744,0.7544,37.12586942453666,35,385.3200073242188,0.0,0.0
2021-05-25,19.45080947875977,19.39146423339844,20.18870735168457,17.091575622558594,19.45080947875977,177064640.0,35910.34099922276,0,4.14670143222952,35906.194297790535,1846,226.5575298474659,11000,GeoWatch,32.197149726803644,19.0542,30.7057,30.2058,29.3015,16.9883,55.29847717285156,-6.8719,AVAX-USD,0.5053,GeoWatch,0.3815,0.7742,36.77445509911597,35,384.510009765625,0.0,0.0
2021-05-26,20.905675888061523,19.492048263549805,21.447900772094727,19.05719757080078,20.905675888061523,183798753.0,38596.0243907938,0,4.14670143222952,38591.87768936157,1846,250.97283340720261,11000,GeoWatch,37.774945923527596,18.8749,29.8519,30.0937,29.3743,17.0578,55.29847717285156,-5.8103,AVAX-USD,0.5548,GeoWatch,0.3701,0.7985,37.07813946284794,35,385.2099914550781,0.0,0.0
2021-05-27,19.00033569335937,20.83368873596192,21.231420516967773,18.790189743041992,19.00033569335937,120995855.0,35078.766391373625,0,4.14670143222952,35074.6196899414,1846,218.99776068520103,11000,GeoWatch,31.997782080491007,18.9048,28.8995,29.9321,29.4394,17.1198,55.29847717285156,-5.3182,AVAX-USD,0.5438,GeoWatch,0.3634,0.8194,37.1518991345727,35,385.3800048828125,0.0,0.0
2021-05-28,16.73341178894043,19.06722450256348,19.5953426361084,16.05771827697754,16.73341178894043,124661585.0,30894.024863816263,0,4.14670143222952,30889.878162384033,1846,180.954655889225,11000,GeoWatch,27.37445060185128,19.1002,27.82,29.7199,29.4789,17.1715,55.29847717285156,-5.3392,AVAX-USD,0.5423,GeoWatch,0.3601,0.8325,37.47728374995731,35,386.1300048828125,0.0,0.0
2021-05-29,16.127492904663086,16.730297088623047,17.59340476989746,15.204785346984863,16.127492904663086,73317089.0,29775.498603440286,0,4.14670143222952,29771.351902008057,1846,170.7862353403525,11000,GeoWatch,28.613487218017866,18.4435,26.6753,29.4949,29.5164,17.2214,55.29847717285156,-5.2547,AVAX-USD,0.5423,GeoWatch,0.3601,0.8325,37.47728374995731,35,386.1300048828125,0.0,0.0
2021-05-30,16.534385681152344,16.17858123779297,17.437274932861328,15.171512603759766,16.534385681152344,66551414.0,30526.622668839456,0,4.14670143222952,30522.475967407227,1846,177.61463593489043,11000,GeoWatch,25.654309398363026,17.8603,25.767,29.2917,29.5544,17.2739,55.29847717285156,-4.8015,AVAX-USD,0.5423,GeoWatch,0.3601,0.8325,37.47728374995731,35,386.1300048828125,0.0,0.0
2021-05-31,18.161319732666016,16.52044677734375,18.19442367553711,15.716958999633787,18.161319732666016,83671863.0,33529.94292793369,0,4.14670143222952,33525.796226501465,1846,204.91754738120162,11000,GeoWatch,30.53302866923586,17.3114,24.8338,29.1207,29.5931,17.3328,55.29847717285156,-3.7326,AVAX-USD,0.5287,GeoWatch,0.3603,0.8303,37.47728374995731,35,386.1300048828125,0.0,0.0
2021-06-01,17.773170471191406,18.157638549804688,18.55089569091797,17.159929275512695,17.773170471191406,80656521.0,33812.42409370518,0,7.853857499124047,33804.570236206055,1902,181.87008518086273,12000,"cash_0%_Buy 100% of cash (56 shares - DCA Strategy) Monthly invest 8.3% of total investment ($1,000.00)",24.28707941159705,17.066,24.1216,28.9316,29.6309,17.3904,55.29847717285156,-2.901,AVAX-USD,0.5236,GeoWatch,0.3667,0.8263,36.31999772244079,38,385.8299865722656,0.0,0.0
2021-06-02,18.677080154418945,17.750003814697266,19.37306404113769,17.175003051757812,18.677080154418945,101921641.0,35531.66031120396,0,7.853857499124047,35523.806453704834,1902,196.19705366001924,12000,GeoWatch,40.39711990685576,17.4547,23.3065,28.772,29.674,17.4516,55.29847717285156,-1.8521,AVAX-USD,0.5296,GeoWatch,0.366,0.8255,36.60069008305868,38,386.4800109863281,0.0,0.0
2021-06-03,20.24371337890625,18.69639205932617,20.68963432312012,18.282835006713867,20.24371337890625,118155006.0,38511.39670417881,0,7.853857499124047,38503.54284667969,1902,221.02819026814302,12000,GeoWatch,39.791889434122375,18.2779,22.4711,28.6206,29.7193,17.5212,55.29847717285156,-0.4913,AVAX-USD,0.5248,GeoWatch,0.3678,0.8143,35.96591682866416,38,385.010009765625,0.0,0.0
2021-06-04,18.247404098510746,20.278732299804688,20.54256820678711,17.45809555053711,18.247404098510746,108497012.0,34714.416452866564,0,7.853857499124047,34706.56259536744,1902,189.3866881738743,12000,GeoWatch,42.226529806566674,18.6205,21.6629,28.404,29.7433,17.5829,55.29847717285156,-0.1113,AVAX-USD,0.5408,GeoWatch,0.3591,0.8181,37.47295806623518,38,388.5,0.0,0.0
2021-06-05,17.250303268432617,18.259313583374023,19.14902114868164,16.92938232421875,17.250303268432617,92501652.0,32817.93067405796,0,7.853857499124047,32810.07681655884,1902,173.58264001713596,12000,GeoWatch,46.17182867578775,18.4383,20.6995,28.1656,29.7377,17.6385,55.29847717285156,-0.0749,AVAX-USD,0.5408,GeoWatch,0.3591,0.8181,37.47295806623518,38,388.5,0.0,0.0
2021-06-06,17.400110244750977,17.236080169677734,17.990116119384766,17.127634048461914,17.400110244750977,48841452.0,33102.86354301548,0,7.853857499124047,33095.00968551636,1902,175.95708059178193,12000,GeoWatch,54.57584358916301,18.3637,19.8864,27.9643,29.7329,17.6933,55.29847717285156,0.104,AVAX-USD,0.5408,GeoWatch,0.3591,0.8181,37.47295806623518,38,388.5,0.0,0.0
2021-06-07,15.522640228271484,17.397754669189453,18.05963706970215,15.379606246948242,15.522640228271484,129221032.0,29531.91557167149,0,7.853857499124047,29524.061714172363,1902,146.19918083058198,12000,GeoWatch,37.98875749497388,17.7328,18.8214,27.7103,29.6606,17.7412,55.29847717285156,-0.3073,AVAX-USD,0.5365,GeoWatch,0.3589,0.8243,37.33046386457504,38,388.1700134277344,0.0,0.0
2021-06-08,14.868940353393556,15.551502227783203,16.041799545288086,13.700926780700684,14.868940353393556,123776326.0,28288.57840965367,0,7.853857499124047,28280.724552154545,1902,135.83803781376682,12000,GeoWatch,36.36344851819619,16.6579,18.3957,27.4325,29.5322,17.7861,55.29847717285156,-0.692,AVAX-USD,0.5583,GeoWatch,0.3666,0.8281,37.35637190124051,38,388.2300109863281,0.0,0.0
2021-06-09,15.38689136505127,14.810751914978027,15.75642204284668,13.679163932800291,15.38689136505127,107246374.0,29273.72123382664,0,7.853857499124047,29265.867376327515,1902,144.0475613485416,12000,GeoWatch,32.60489624526929,16.0858,17.9052,27.1589,29.3971,17.8318,55.29847717285156,-0.6351,AVAX-USD,0.5507,GeoWatch,0.3753,0.8314,37.092955957747975,38,387.6199951171875,0.0,0.0
2021-06-10,14.17640781402588,15.391997337341309,15.578577995300291,13.78287124633789,14.17640781402588,90307844.0,26971.38151977635,0,7.853857499124047,26963.527662277225,1902,124.86139706478916,12000,GeoWatch,34.098531197090125,15.471,17.5239,26.8685,29.0544,17.8722,55.29847717285156,-0.9054,AVAX-USD,0.582,GeoWatch,0.3649,0.8393,37.86591419305513,38,389.4100036621094,0.0,0.0
2021-06-11,13.418978691101074,14.200589179992676,14.61023235321045,13.160651206970217,13.418978691101074,79178329.0,25530.75132797337,0,7.853857499124047,25522.897470474243,1902,112.85614546643097,12000,GeoWatch,37.866942397637565,14.6748,17.2523,26.5274,28.7715,17.9108,55.29847717285156,-1.2284,AVAX-USD,0.5737,GeoWatch,0.363,0.8322,38.15954739396068,38,390.0899963378906,0.0,0.0
2021-06-12,13.55193042755127,13.41562271118164,13.879982948303224,12.660572052001951,13.55193042755127,79705597.0,25783.62553070164,0,7.853857499124047,25775.771673202515,1902,114.9634304891666,12000,GeoWatch,40.23351700112633,14.2806,17.1421,26.192,28.4789,17.9501,55.29847717285156,-1.2409,AVAX-USD,0.5737,GeoWatch,0.363,0.8322,38.15954739396068,38,390.0899963378906,0.0,0.0
2021-06-13,14.77556610107422,13.5310640335083,14.98381805419922,13.275484085083008,14.77556610107422,97026435.0,28110.980581742293,0,7.853857499124047,28103.126724243168,1902,134.35805591450537,12000,GeoWatch,43.7196069809751,14.262,16.9103,25.7973,28.2372,17.9948,55.29847717285156,-0.6148,AVAX-USD,0.5737,GeoWatch,0.363,0.8322,38.15954739396068,38,390.0899963378906,0.0,0.0
2021-06-14,14.965835571289062,14.74950122833252,15.444483757019045,14.437774658203123,14.965835571289062,99438783.0,28472.873114090922,0,7.853857499124047,28465.019256591797,1902,137.3738270174106,12000,GeoWatch,37.28499484980338,14.1777,16.6861,25.4276,28.0404,18.0397,55.29847717285156,0.0083,AVAX-USD,0.5561,GeoWatch,0.3655,0.8179,38.58273395623874,38,391.0700073242188,0.0,0.0
2021-06-15,15.18004322052002,15.073719024658203,15.51841926574707,14.626016616821287,15.18004322052002,95150889.0,28880.296062928202,0,7.853857499124047,28872.442205429077,1902,140.76901825772126,12000,GeoWatch,39.53697165687802,14.3785,16.3998,25.0868,27.8488,18.0858,55.29847717285156,0.6129,AVAX-USD,0.5492,GeoWatch,0.3704,0.804,38.22863988441701,38,390.25,0.0,0.0
2021-06-16,14.067678451538086,14.719948768615724,14.92015266418457,13.9296236038208,14.067678451538086,79021452.0,26764.578272324565,0,7.853857499124047,26756.72441482544,1902,123.1380366693576,12000,GeoWatch,31.709178039454798,14.5082,16.1532,24.7489,27.6632,18.1275,55.29847717285156,0.6471,AVAX-USD,0.5303,GeoWatch,0.3743,0.7941,37.304542649864445,38,388.1099853515625,0.0,0.0
2021-06-17,14.832069396972656,14.083843231201172,15.474482536315918,14.030821800231934,14.832069396972656,100424428.0,28218.449850541117,0,7.853857499124047,28210.595993041992,1902,135.25363315449556,12000,GeoWatch,27.065555783145555,14.7642,16.0581,24.5085,27.478,18.1735,55.29847717285156,1.0631,AVAX-USD,0.5387,GeoWatch,0.3756,0.7475,37.24409495699334,38,387.9700012207031,0.0,0.0
2021-06-18,13.627870559692385,14.864891052246094,15.277356147766112,13.13953971862793,13.627870559692385,78295122.0,25928.06366203404,0,7.853857499124047,25920.209804534916,1902,116.16708158360325,12000,GeoWatch,29.013492035846355,14.5347,15.9331,24.2976,27.2498,18.2138,55.29847717285156,0.9033,AVAX-USD,0.515,GeoWatch,0.4041,0.7128,35.02023395623874,38,382.8200073242188,0.0,0.0
2021-06-19,13.45772933959961,13.638351440429688,14.048290252685549,13.237807273864746,13.45772933959961,37953811.0,25604.455061417582,0,7.853857499124047,25596.601203918457,1902,113.47034324513277,12000,GeoWatch,31.370598239220726,14.2331,15.7793,24.0661,27.039,18.2519,55.29847717285156,0.7959,AVAX-USD,0.515,GeoWatch,0.4041,0.7128,35.02023395623874,38,382.8200073242188,0.0,0.0
2021-06-20,13.970991134643556,13.397244453430176,14.14352035522461,12.837081909179688,13.970991134643556,55939670.0,26580.67899559117,0,7.853857499124047,26572.825138092045,1902,121.60554269657933,12000,GeoWatch,33.73662068687274,13.9913,15.5698,23.8672,26.8535,18.2923,55.29847717285156,1.0156,AVAX-USD,0.515,GeoWatch,0.4041,0.7128,35.02023395623874,38,382.8200073242188,0.0,0.0
2021-06-21,11.210616111755373,13.929668426513672,14.064413070678713,11.078561782836914,11.210616111755373,86300256.0,21330.445702057845,0,7.853857499124047,21322.59184455872,1902,77.85359858380163,12000,Neutral,31.12959302805534,13.4199,15.2416,23.6535,26.6457,18.3216,55.29847717285156,0.0255,AVAX-USD,0.5391,Neutral,0.3815,0.6961,37.33477308532255,38,388.1799926757813,0.0,0.0
2021-06-22,10.526581764221191,11.19222354888916,11.744131088256836,9.374876022338867,10.526581764221191,109716996.0,20029.41237304783,0,7.853857499124047,20021.558515548706,1902,67.01165417538483,12000,Neutral,31.047162431224933,12.5588,14.8341,23.4373,26.4644,18.3481,55.29847717285156,-0.8455,AVAX-USD,0.5443,Neutral,0.3742,0.6838,38.22431748562438,38,390.239990234375,0.0,0.0
2021-06-23,11.193946838378906,10.552963256835938,11.79040241241455,10.183929443359377,11.193946838378906,76905669.0,21298.740744095805,0,7.853857499124047,21290.88688659668,1902,77.58939060078463,12000,Neutral,31.934920003461315,12.072,14.3816,23.2609,26.328,18.3774,55.29847717285156,-0.9842,AVAX-USD,0.5473,Neutral,0.3711,0.6802,38.04296122896602,38,389.8200073242188,0.0,0.0
2021-06-24,11.482956886291504,11.46536636352539,11.754491806030272,10.84375286102295,11.482956886291504,51808717.0,21848.437855225566,0,7.853857499124047,21840.58399772644,1902,82.17019986019929,12000,Neutral,37.39450220680835,11.677,14.0434,23.0932,26.1743,18.4081,55.29847717285156,-0.7957,AVAX-USD,0.5458,Neutral,0.369,0.6873,39.00590734047171,38,392.0499877929688,0.0,0.0
2021-06-25,10.270669937133787,11.49388599395752,11.752286911010742,10.20809268951416,10.270669937133787,53164067.0,19542.66807792759,0,7.853857499124047,19534.814220428463,1902,62.95545171604948,12000,Neutral,35.86743915030338,10.937,13.6944,22.8234,26.037,18.4339,55.29847717285156,-1.1235,AVAX-USD,0.5501,Neutral,0.3606,0.6972,39.632048975326086,38,393.5,0.0,0.0
2021-06-26,10.2755708694458,10.244573593139648,10.597162246704102,9.791808128356934,10.2755708694458,42029114.0,19551.98965118504,0,7.853857499124047,19544.135793685913,1902,63.033131493194894,12000,Neutral,35.12158122371331,10.7499,13.3382,22.531,25.9065,18.461,55.29847717285156,-1.1909,AVAX-USD,0.5501,Neutral,0.3606,0.6972,39.632048975326086,38,393.5,0.0,0.0
2021-06-27,10.919079780578612,10.32953643798828,10.986549377441406,10.098623275756836,10.919079780578612,34727228.0,20775.943600159644,0,7.853857499124047,20768.08974266052,1902,73.23274773464996,12000,Neutral,31.513089674945874,10.8284,13.108,22.2409,25.7823,18.491,55.29847717285156,-0.751,AVAX-USD,0.5501,Neutral,0.3606,0.6972,39.632048975326086,38,393.5,0.0,0.0
2021-06-28,11.286295890808104,10.94749927520752,11.468239784240724,10.726836204528809,11.286295890808104,45312867.0,21474.38864181614,0,7.853857499124047,21466.534784317013,1902,79.0531230817874,12000,Neutral,32.655564327547694,10.8469,12.9289,21.9635,25.6779,18.5229,55.29847717285156,-0.1286,AVAX-USD,0.5486,Neutral,0.3655,0.6988,39.98614304714785,38,394.3200073242188,0.0,0.0
2021-06-29,11.851420402526855,11.300423622131348,12.349824905395508,11.094191551208496,11.851420402526855,60893173.0,22549.255463105204,0,7.853857499124047,22541.40160560608,1902,88.01034659252963,12000,Neutral,34.812154126840966,10.9206,12.7521,21.6124,25.5483,18.5569,55.29847717285156,0.6925,AVAX-USD,0.5415,Neutral,0.3674,0.6893,40.06084601123696,38,393.1600036621094,1.333,0.0
2021-06-30,11.955547332763672,11.931249618530272,12.089552879333496,11.042938232421877,11.955547332763672,52911536.0,22747.30488441563,0,7.853857499124047,22739.451026916504,1902,89.66075843678317,12000,Neutral,39.38621352653579,11.2576,12.6411,21.2801,25.4218,18.5916,55.29847717285156,1.3645,AVAX-USD,0.55,Neutral,0.3687,0.6838,40.21629423122985,38,393.5199890136719,0.0,0.0
2021-07-01,11.22981071472168,11.950308799743652,12.069079399108888,11.013507843017578,11.22981071472168,33886419.0,22365.95438374615,0,7.401250735284407,22358.553133010864,1991,72.14568735187972,13000,"cash_0%_Buy 100% of cash (89 shares - DCA Strategy) Monthly invest 7.7% of total investment ($1,000.00)",31.827493390096052,11.4484,12.5316,20.9455,25.2881,18.6245,55.29847717285156,1.4714,AVAX-USD,0.5495,Neutral,0.3643,0.6813,40.10596124390145,41,395.739990234375,0.0,0.0
2021-07-02,11.132654190063477,11.220789909362791,11.35105800628662,10.58177661895752,11.132654190063477,40854419.0,22172.515743151667,0,7.401250735284407,22165.114492416382,1991,70.65769780884523,13000,Neutral,35.82946992608255,11.4911,12.4106,20.5322,25.1658,18.6576,55.29847717285156,1.5349,AVAX-USD,0.5561,Neutral,0.3627,0.6827,41.39981618793129,41,398.75,0.0,0.0
2021-07-03,11.503907203674316,11.112865447998049,11.672789573669434,10.88422393798828,11.503907203674316,33146235.0,22911.68049325085,0,7.401250735284407,22904.279242515564,1991,76.34358050191585,13000,Neutral,39.15188935994733,11.5347,12.2471,20.2179,25.0585,18.6916,55.29847717285156,1.8154,AVAX-USD,0.5561,Neutral,0.3627,0.6827,41.39981618793129,41,398.75,0.0,0.0
2021-07-04,12.350099563598633,11.497730255126951,12.87261962890625,11.213143348693848,12.350099563598633,60403499.0,24596.449481860163,0,7.401250735284407,24589.048231124878,1991,89.30334195275674,13000,Neutral,41.321258868551,11.6344,12.1163,19.836,24.9538,18.7281,55.29847717285156,2.4736,AVAX-USD,0.5561,Neutral,0.3627,0.6827,41.39981618793129,41,398.75,0.0,0.0
2021-07-05,12.026809692382812,12.33871078491211,12.419793128967283,11.600727081298828,12.026809692382812,64962340.0,23952.779348269465,0,7.401250735284407,23945.37809753418,1991,84.35203323282829,13000,Neutral,55.91341592925244,11.6487,11.9586,19.4034,24.8319,18.764,55.29847717285156,2.7113,AVAX-USD,0.555,Neutral,0.3628,0.6879,41.39981618793129,41,398.75,0.0,0.0
2021-07-06,13.357434272766112,12.050247192382812,14.199019432067873,12.04526424407959,13.357434272766112,115274691.0,26602.052887812613,0,7.401250735284407,26594.651637077328,1991,104.7310604600833,13000,Neutral,68.75285080398673,12.0742,11.9231,18.9919,24.7303,18.8052,55.29847717285156,3.5378,AVAX-USD,0.5521,Neutral,0.377,0.6941,41.07742812822981,41,398.0,0.0,0.0
2021-07-07,13.08975315093994,13.354413032531738,14.15503978729248,13.059630393981934,13.08975315093994,90665563.0,26069.099774256705,0,7.401250735284407,26061.69852352142,1991,100.63142112503783,13000,Neutral,63.260894943321404,12.4656,11.836,18.5714,24.554,18.8455,55.29847717285156,3.8409,AVAX-USD,0.5699,Neutral,0.3789,0.6924,41.666321551737255,41,399.3699951171875,0.0,0.0
2021-07-08,12.119664192199709,13.112231254577637,13.112231254577637,11.85761260986328,12.119664192199709,66426383.0,24137.652657404906,0,7.401250735284407,24130.25140666962,1991,85.77413561079321,13000,Neutral,54.066241321941995,12.5888,11.7606,18.123,24.4074,18.881,55.29847717285156,3.4309,AVAX-USD,0.5616,Neutral,0.4017,0.6933,40.29939932692385,41,396.1900024414063,0.0,0.0
2021-07-09,12.54416847229004,12.097369194030762,12.869098663330078,11.647981643676758,12.54416847229004,63493395.0,24982.840679064757,0,7.401250735284407,24975.43942832947,1991,92.27558193125361,13000,GeoWatch,66.14378539674149,12.6276,11.7149,17.7537,24.2558,18.9188,55.29847717285156,3.3067,AVAX-USD,0.5668,GeoWatch,0.3835,0.7056,42.096172298005925,41,400.3699951171875,0.0,0.0
2021-07-10,12.025736808776855,12.553656578063965,12.83905029296875,11.876797676086426,12.025736808776855,36867384.0,23950.643237010005,0,7.401250735284407,23943.24198627472,1991,84.3356016077555,13000,GeoWatch,61.58293111622884,12.6274,11.6176,17.3404,24.1228,18.9546,55.29847717285156,2.874,AVAX-USD,0.5668,GeoWatch,0.3835,0.7056,42.096172298005925,41,400.3699951171875,0.0,0.0
2021-07-11,12.41366481781006,12.023886680603027,12.48770809173584,11.926103591918944,12.41366481781006,31468064.0,24723.007902995116,0,7.401250735284407,24715.60665225983,1991,90.27686826917945,13000,GeoWatch,60.237789014999905,12.4386,11.6778,17.0137,23.9687,18.9909,55.29847717285156,2.7314,AVAX-USD,0.5668,GeoWatch,0.3835,0.7056,42.096172298005925,41,400.3699951171875,0.0,0.0
2021-07-12,12.186532974243164,12.42788791656494,12.834543228149414,11.72298526763916,12.186532974243164,51376241.0,24270.788402453425,0,7.401250735284407,24263.38715171814,1991,86.79825672655106,13000,GeoWatch,56.287212574758186,12.258,11.7608,16.6338,23.8281,19.0271,55.29847717285156,2.4548,AVAX-USD,0.5727,GeoWatch,0.383,0.7067,42.71946112729698,41,401.8200073242188,0.0,0.0
2021-07-13,11.914669036865234,12.161837577819824,12.436649322509766,11.770151138305664,11.914669036865234,43903713.0,23729.507303133967,0,7.401250735284407,23722.10605239868,1991,82.63455596255523,13000,GeoWatch,50.460592374533185,12.217,11.7968,16.2165,23.6855,19.062,55.29847717285156,2.0785,AVAX-USD,0.5524,GeoWatch,0.3866,0.7172,42.13485729100965,41,400.4599914550781,0.0,0.0
2021-07-14,11.792096138000488,11.900751113891602,12.093231201171877,11.136691093444824,11.792096138000488,43795905.0,23485.464661494258,0,7.401250735284407,23478.063410758972,1991,80.757304873019,13000,GeoWatch,48.81289674637669,12.0665,11.8123,15.8395,23.5081,19.0957,55.29847717285156,1.7307,AVAX-USD,0.5657,GeoWatch,0.385,0.7259,42.37128307225966,41,401.010009765625,0.0,0.0
2021-07-15,11.349885940551758,11.800612449645996,12.095833778381348,11.138982772827148,11.349885940551758,34811185.0,22605.024158373835,0,7.401250735284407,22597.62290763855,1991,73.98468561824652,13000,GeoWatch,50.90953274225408,11.9314,11.8662,15.4201,23.3307,19.127,55.29847717285156,1.2455,AVAX-USD,0.5619,GeoWatch,0.3936,0.7225,41.816771936532035,41,399.7200012207031,0.0,0.0
2021-07-16,10.860897064208984,11.389361381530762,11.816187858581545,10.843706130981444,10.860897064208984,47233363.0,21631.447305575373,0,7.401250735284407,21624.046054840088,1991,66.4956329044122,13000,GeoWatch,48.05686836663693,11.6208,11.8955,15.04,23.1437,19.1566,55.29847717285156,0.665,AVAX-USD,0.5506,GeoWatch,0.3986,0.706,40.47992929427457,41,396.6099853515625,0.0,0.0
2021-07-17,10.927745819091797,10.813633918762209,11.148223876953123,10.737404823303224,10.927745819091797,32780916.0,21764.543176547053,0,7.401250735284407,21757.141925811768,1991,67.51944729650204,13000,GeoWatch,45.692803522931094,11.3691,11.8959,14.6085,22.92,19.187,55.29847717285156,0.346,AVAX-USD,0.5506,GeoWatch,0.3986,0.706,40.47992929427457,41,396.6099853515625,0.0,0.0
2021-07-18,10.70465087890625,10.963818550109863,11.276327133178713,10.66114330291748,10.70465087890625,32792037.0,21320.36115063763,0,7.401250735284407,21312.959899902344,1991,64.10266248181418,13000,GeoWatch,36.435464409267716,11.1271,11.8669,14.3971,22.723,19.2162,55.29847717285156,0.0512,AVAX-USD,0.5506,GeoWatch,0.3986,0.706,40.47992929427457,41,396.6099853515625,0.0,0.0
2021-07-19,10.16976833343506,10.697858810424805,10.762089729309082,10.04584503173828,10.16976833343506,32476789.0,20255.41000260449,0,7.401250735284407,20248.008751869205,1991,55.91073057386696,13000,Neutral,35.207225061636294,10.8026,11.7828,14.1467,22.5343,19.2419,55.29847717285156,-0.3901,AVAX-USD,0.5342,Neutral,0.4374,0.6584,37.93091751722237,41,390.6799926757813,0.0,0.0
2021-07-20,9.650588035583496,10.180246353149414,10.341176986694336,9.340633392333984,9.650588035583496,35862709.0,19221.722029582026,0,7.401250735284407,19214.32077884674,1991,47.95928462754029,13000,Neutral,16.08811257436885,10.4627,11.6675,13.9442,22.3701,19.2659,55.29847717285156,-0.9041,AVAX-USD,0.5496,Neutral,0.415,0.6218,40.30370203214774,41,396.2000122070313,0.0,0.0
2021-07-21,10.420524597167969,9.642046928405762,10.743846893310549,9.483742713928224,10.420524597167969,45013149.0,20754.66572369671,0,7.401250735284407,20747.264472961426,1991,59.75115919765326,13000,Neutral,27.635900254236944,10.3747,11.6271,13.8037,22.2187,19.2923,55.29847717285156,-0.7019,AVAX-USD,0.5493,Neutral,0.3967,0.6126,41.7350992453007,41,399.5299987792969,0.0,0.0
2021-07-22,10.828587532043455,10.4274320602417,10.957329750061035,10.24319076538086,10.828587532043455,40893616.0,21567.119027033805,0,7.401250735284407,21559.71777629852,1991,66.00079999255398,13000,Neutral,38.05805418348115,10.3548,11.6119,13.7215,22.0918,19.3197,55.29847717285156,-0.2505,AVAX-USD,0.5488,Neutral,0.396,0.6218,42.10047500322979,41,400.3800048828125,0.0,0.0
2021-07-23,11.099355697631836,10.835399627685549,11.160614013671877,10.534507751464844,11.099355697631836,35786332.0,22106.21844472027,0,7.401250735284407,22098.817193984985,1991,70.14771859014218,13000,Neutral,36.244860648721314,10.4338,11.5916,13.583,21.9677,19.3491,55.29847717285156,0.2594,AVAX-USD,0.5547,Neutral,0.4047,0.6305,43.81987798830444,41,404.3800048828125,0.0,0.0
2021-07-24,11.17281723022461,11.073753356933594,11.446879386901855,10.960573196411133,11.17281723022461,42078775.0,22252.480356112483,0,7.401250735284407,22245.079105377197,1991,71.27281021623612,13000,Neutral,41.12823243558639,10.6344,11.5328,13.445,21.8254,19.3809,55.29847717285156,0.6662,AVAX-USD,0.5547,Neutral,0.4047,0.6305,43.81987798830444,41,404.3800048828125,0.0,0.0
2021-07-25,11.2407865524292,11.15053367614746,11.340200424194336,10.769185066223145,11.2407865524292,34788469.0,22387.80727662182,0,7.401250735284407,22380.406025886536,1991,72.31378652784642,13000,Neutral,36.93018305046702,10.9524,11.4935,13.284,21.6889,19.4128,55.29847717285156,0.9825,AVAX-USD,0.5547,Neutral,0.4047,0.6305,43.81987798830444,41,404.3800048828125,0.0,0.0
2021-07-26,11.492170333862305,11.247705459594728,12.686219215393066,11.215410232543944,11.492170333862305,94326395.0,22888.312385455134,0,7.401250735284407,22880.91113471985,1991,76.1638258265642,13000,Neutral,42.304056222335625,11.1667,11.4002,13.1588,21.5455,19.4456,55.29847717285156,1.3281,AVAX-USD,0.5536,Neutral,0.4079,0.6595,44.26262373224098,41,405.4100036621094,0.0,0.0
2021-07-27,11.91977310180664,11.464035987854004,12.271713256835938,11.188348770141602,11.91977310180664,52941102.0,23739.669496432307,0,7.401250735284407,23732.26824569702,1991,82.71272668023477,13000,Neutral,50.054682930956055,11.385,11.3417,13.0786,21.3992,19.4798,55.29847717285156,1.7695,AVAX-USD,0.5545,Neutral,0.4245,0.6778,43.488884518155174,41,403.6099853515625,0.0,0.0
2021-07-28,12.25692653656006,11.932214736938477,12.432093620300291,11.702205657958984,12.25692653656006,68268675.0,24410.941985026366,0,7.401250735284407,24403.54073429108,1991,87.87636120788139,13000,Neutral,54.761100051380545,11.6165,11.3486,13.0141,21.2545,19.5155,55.29847717285156,2.1884,AVAX-USD,0.5461,Neutral,0.4148,0.6864,43.39432994725966,41,403.3900146484375,0.0,0.0
2021-07-29,12.41838264465332,12.315290451049805,12.631003379821776,11.989973068237305,12.41838264465332,66712426.0,24732.401096240046,0,7.401250735284407,24724.99984550476,1991,90.34912360183276,13000,GeoWatch,61.61210029770258,11.8656,11.3423,12.9455,21.1186,19.5523,55.29847717285156,2.4643,AVAX-USD,0.551,GeoWatch,0.4093,0.7077,44.14226604800592,41,405.1300048828125,0.0,0.0
2021-07-30,13.002365112304688,12.429551124572754,13.002365112304688,11.965535163879396,13.002365112304688,71146688.0,25895.11018933392,0,7.401250735284407,25887.708938598633,1991,99.29303970255485,13000,GeoWatch,72.80203075375832,12.2179,11.3911,12.8595,20.9901,19.591,55.29847717285156,2.8583,AVAX-USD,0.549,GeoWatch,0.4036,0.719,43.291156847912646,41,403.1499938964844,0.0,0.0
2021-07-31,13.591609001159668,12.982474327087402,13.609853744506836,12.604904174804688,13.591609001159668,67970748.0,27068.294772044184,0,7.401250735284407,27060.8935213089,1991,108.31753649263382,13000,GeoWatch,75.52483644351244,12.6378,11.45,12.7898,20.8607,19.6317,55.29847717285156,3.2889,AVAX-USD,0.549,GeoWatch,0.4036,0.719,43.291156847912646,41,403.1499938964844,0.0,0.0
2021-08-01,12.877431869506836,13.528722763061523,14.062379837036133,12.652549743652344,12.877431869506836,90946247.0,26645.363663237575,0,1.9571252279298506,26643.406538009644,2069,90.42391056596892,14000,"cash_0%_Buy 100% of cash (78 shares - DCA Strategy) Monthly invest 7.1% of total investment ($1,000.00)",69.02856615965605,12.8293,11.4846,12.6932,20.7326,19.6705,55.29847717285156,3.0191,AVAX-USD,0.5468,GeoWatch,0.4034,0.7295,42.20675345734172,44,403.1499938964844,0.0,0.0
2021-08-02,13.006891250610352,12.861507415771484,13.36972999572754,12.64908218383789,13.006891250610352,54993392.0,26913.21512274075,0,1.9571252279298506,26911.257997512817,2069,92.33713527670588,14000,GeoWatch,76.74594356858796,12.9793,11.5392,12.5725,20.5966,19.7097,55.29847717285156,2.771,AVAX-USD,0.5469,GeoWatch,0.4168,0.7239,41.85583855830106,44,402.3299865722656,0.0,0.0
2021-08-03,12.53329372406006,13.000876426696776,13.510857582092283,12.335033416748049,12.53329372406006,60826755.0,25933.341840308196,0,1.9571252279298506,25931.384715080265,2069,85.33804040218764,14000,GeoWatch,77.41123895474531,13.0023,11.5762,12.4773,20.4406,19.7469,55.29847717285156,2.2311,AVAX-USD,0.561,GeoWatch,0.4065,0.7081,43.246647381830456,44,405.5799865722656,0.0,0.0
2021-08-04,13.679924964904783,12.560794830322266,13.76755428314209,12.421238899230955,13.679924964904783,66911765.0,28305.721877615928,0,1.9571252279298506,28303.764752387997,2069,102.28361209724288,14000,Neutral,78.92129078728846,13.1378,11.6927,12.4178,20.2917,19.7898,55.29847717285156,2.3677,AVAX-USD,0.5553,Neutral,0.4054,0.6691,42.416453514427545,44,403.6400146484375,0.0,0.0
2021-08-05,13.834280967712402,13.696864128112791,13.94101619720459,12.92304801940918,13.834280967712402,76011395.0,28625.08444742489,0,1.9571252279298506,28623.12732219696,2069,104.56477331016406,14000,Neutral,77.9275027549152,13.1864,11.8414,12.3584,20.1613,19.8344,55.29847717285156,2.3953,AVAX-USD,0.5555,Neutral,0.3979,0.6283,43.49486057763126,44,406.1600036621094,0.0,0.0
2021-08-06,14.725431442260742,13.834606170654297,14.96212100982666,13.4115629196167,14.725431442260742,105878541.0,30468.874779265407,0,1.9571252279298506,30466.917654037476,2069,117.73470425188202,14000,Neutral,80.20911592904044,13.556,12.0313,12.3451,20.0277,19.8822,55.29847717285156,2.7092,AVAX-USD,0.5459,Neutral,0.3888,0.5639,43.794411565323685,44,406.8599853515625,0.0,0.0
2021-08-07,15.761190414428713,14.757720947265623,15.92166805267334,14.621930122375488,15.761190414428713,128714036.0,32611.860092680938,0,1.9571252279298506,32609.902967453007,2069,133.04174220485007,14000,Neutral,82.94388459809797,14.1068,12.2841,12.3599,19.8962,19.9347,55.29847717285156,3.2234,AVAX-USD,0.5459,Neutral,0.3888,0.5639,43.794411565323685,44,406.8599853515625,0.0,0.0
2021-08-08,14.814119338989258,15.837834358215332,16.091907501220703,14.584627151489258,14.814119338989258,78280305.0,30652.370037596706,0,1.9571252279298506,30650.412912368774,2069,119.04538466853415,14000,Neutral,72.78032472491816,14.563,12.5163,12.3504,19.7547,19.983,55.29847717285156,2.8772,AVAX-USD,0.5459,Neutral,0.3888,0.5639,43.794411565323685,44,406.8599853515625,0.0,0.0
2021-08-09,16.2318058013916,14.809563636779783,16.728160858154297,14.474167823791504,16.2318058013916,143463343.0,33585.56332830715,0,1.9571252279298506,33583.60620307922,2069,139.9967653164659,14000,Neutral,76.3040485811103,15.0734,12.8454,12.3847,19.6266,20.0367,55.29847717285156,3.1194,AVAX-USD,0.5379,Neutral,0.3914,0.5069,43.62752129755887,44,406.4700012207031,0.0,0.0
2021-08-10,16.44843864440918,16.18202018737793,17.168315887451172,15.806885719299316,16.44843864440918,124902142.0,34033.77668051052,0,1.9571252279298506,34031.81955528259,2069,143.19828926077568,14000,Neutral,75.73585919230814,15.5962,13.1468,12.4352,19.4813,20.0914,55.29847717285156,3.1345,AVAX-USD,0.5296,Neutral,0.3906,0.4806,43.84577547667192,44,406.9800109863281,0.0,0.0
2021-08-11,16.74867820739746,16.426006317138672,17.55472755432129,16.39165687561035,16.74867820739746,122723375.0,34654.972336333274,0,1.9571252279298506,34653.01521110535,2069,147.63540108808107,14000,Neutral,75.63362907243562,16.0008,13.4428,12.4884,19.3402,20.1481,55.29847717285156,3.0373,AVAX-USD,0.5328,Neutral,0.3866,0.4894,44.26514947138699,44,407.9599914550781,0.0,0.0
2021-08-12,16.569053649902344,16.725692749023438,17.5361385345459,15.478687286376951,16.569053649902344,112149586.0,34283.32912687588,0,1.9571252279298506,34281.37200164795,2069,144.98080673481394,14000,Neutral,73.63812432856946,16.1624,13.7163,12.5183,19.1578,20.2034,55.29847717285156,2.6639,AVAX-USD,0.5288,Neutral,0.3797,0.4887,44.77440051616526,44,409.1499938964844,0.0,0.0
2021-08-13,18.04875373840332,16.597774505615234,18.27935028076172,16.414026260375977,18.04875373840332,113858977.0,37344.8286099844,0,1.9571252279298506,37342.87148475647,2069,166.8486601855891,14000,Neutral,76.07864041324284,16.8093,14.0601,12.5697,18.9987,20.2646,55.29847717285156,2.8296,AVAX-USD,0.5403,Neutral,0.3732,0.5065,45.121031824328156,44,409.9599914550781,0.0,0.0
2021-08-14,18.0676498413086,18.03270149230957,18.40706443786621,17.242128372192383,18.0676498413086,101585490.0,37383.92464689542,0,1.9571252279298506,37381.967521667495,2069,167.12791759209642,14000,Neutral,74.58017557907948,17.1765,14.4014,12.6178,18.8523,20.3265,55.29847717285156,2.6889,AVAX-USD,0.5403,Neutral,0.3732,0.5065,45.121031824328156,44,409.9599914550781,0.0,0.0
2021-08-15,18.795135498046875,18.10793876647949,18.820533752441406,17.165447235107422,18.795135498046875,101215297.0,38889.09247068691,0,1.9571252279298506,38887.135345458984,2069,177.8791163334642,14000,Neutral,82.44963508840922,17.6459,14.7666,12.6966,18.7228,20.3907,55.29847717285156,2.6446,AVAX-USD,0.5403,Neutral,0.3732,0.5065,45.121031824328156,44,409.9599914550781,0.0,0.0
2021-08-16,19.18263053894043,18.77149772644043,21.113393783569336,18.49400520324707,19.18263053894043,252835090.0,39690.81971029568,0,1.9571252279298506,39688.86258506775,2069,183.6057394735268,14000,Neutral,82.93261959419394,18.1326,15.1297,12.7691,18.6388,20.4561,55.29847717285156,2.5136,AVAX-USD,0.5412,Neutral,0.3819,0.5334,45.54041887877156,44,410.9400024414063,0.0,0.0
2021-08-17,23.529998779296875,19.07641792297364,25.34667587280273,18.48108291625977,23.529998779296875,737983102.0,48685.52459959316,0,1.9571252279298506,48683.567474365234,2069,247.85363153993742,14000,Neutral,91.49669854746739,19.5248,15.6934,12.9342,18.6159,20.5404,55.29847717285156,3.7622,AVAX-USD,0.5209,Neutral,0.3954,0.5391,44.380701947260164,44,408.2300109863281,0.0,0.0
2021-08-18,29.89081382751465,23.42501449584961,30.884370803833008,21.54383087158203,29.89081382751465,1170857988.0,61846.050934355735,0,1.9571252279298506,61844.09380912781,2069,341.85739107395585,14000,Neutral,93.8979715153001,21.8932,16.567,13.2081,18.6371,20.652,55.29847717285156,6.1961,AVAX-USD,0.5197,Neutral,0.4214,0.5244,42.50203391388469,44,403.8399963378906,0.0,0.0
2021-08-19,30.63427352905273,30.03548240661621,33.709991455078125,28.806575775146484,30.63427352905273,1116363939.0,63384.26905683803,0,1.9571252279298506,63382.3119316101,2069,352.84466337740076,14000,Neutral,94.08663761171086,24.4066,17.4486,13.4858,18.6765,20.7668,55.29847717285156,7.1228,AVAX-USD,0.5275,Neutral,0.4236,0.499,42.74596351880773,44,404.4100036621094,0.0,0.0
2021-08-20,39.185302734375,30.66789436340332,39.185302734375,29.999385833740234,39.185302734375,962895338.0,81076.3484826498,0,1.9571252279298506,81074.39135742188,2069,479.2166592760563,14000,Neutral,95.78226122515368,28.4846,18.7283,13.952,18.8028,20.9179,55.29847717285156,9.172,AVAX-USD,0.5426,Neutral,0.4123,0.4772,44.11536744767663,44,407.6099853515625,0.0,0.0
2021-08-21,43.78691101074219,39.12644577026367,49.96156692504883,37.80461883544922,43.78691101074219,1931663488.0,90597.07600645351,0,1.9571252279298506,90595.11888122559,2069,547.2218558746541,14000,Neutral,96.27896736845254,33.4055,20.2737,14.5064,18.9718,21.0875,55.29847717285156,10.2876,AVAX-USD,0.5426,Neutral,0.4123,0.4772,44.11536744767663,44,407.6099853515625,0.0,0.0
2021-08-22,43.53219985961914,43.733882904052734,45.0054931640625,40.76093673706055,43.53219985961914,1163748675.0,90070.07863477993,0,1.9571252279298506,90068.121509552,2069,543.4575889341286,14000,Neutral,98.5319925974629,37.4059,21.8,15.0453,19.1531,21.2565,55.29847717285156,9.6503,AVAX-USD,0.5426,Neutral,0.4123,0.4772,44.11536744767663,44,407.6099853515625,0.0,0.0
2021-08-23,46.450531005859375,43.6306266784668,53.068477630615234,43.6306266784668,46.450531005859375,1527912599.0,96108.10577635097,0,1.9571252279298506,96106.14865112305,2069,586.5863542310647,14000,Neutral,98.60285596152195,40.7178,23.4959,15.6281,19.3607,21.4379,55.29847717285156,8.7472,AVAX-USD,0.5719,Neutral,0.402,0.4898,45.660241885794164,44,411.2200012207031,0.0,0.0
2021-08-24,55.34585189819336,46.51772689819336,58.984771728515625,44.31471633911133,55.34585189819336,2249385587.0,114512.52470258999,0,1.9571252279298506,114510.56757736206,2069,718.0464894184861,14000,Neutral,98.90777351551866,45.6602,25.5792,16.3794,19.6014,21.6564,55.34585189819336,8.6961,AVAX-USD,0.5564,Neutral,0.4009,0.5192,45.938401038554375,44,411.8699951171875,0.0,0.0
2021-08-25,46.1151237487793,55.57276916503906,57.433067321777344,45.71041488647461,46.1151237487793,1541625994.0,95414.14816145229,0,1.9571252279298506,95412.19103622437,2069,581.6295141246454,14000,Neutral,80.15247642388405,47.0461,27.1932,16.9767,19.7539,21.8363,55.34585189819336,6.0823,AVAX-USD,0.5647,Neutral,0.3941,0.5479,46.263640511785084,44,412.6300048828125,0.0,0.0
2021-08-26,41.42075347900391,46.25825500488281,48.457481384277344,41.42075347900391,41.42075347900391,1202053529.0,85701.49607328702,0,1.9571252279298506,85699.5389480591,2069,512.2534277806078,14000,Neutral,73.3518923325697,46.5729,28.528,17.4851,19.863,21.9967,55.34585189819336,3.0577,AVAX-USD,0.5523,Neutral,0.4094,0.575,45.23230070932358,44,410.2200012207031,0.0,0.0
2021-08-27,50.07778930664063,41.371856689453125,50.41109848022461,40.332149505615234,50.07778930664063,1672611618.0,103612.9032006674,0,1.9571252279298506,103610.94607543947,2069,640.192050119039,14000,Neutral,76.51908352872854,47.882,30.2438,18.1316,20.0475,22.1932,55.34585189819336,2.0764,AVAX-USD,0.5626,Neutral,0.3837,0.6256,46.78999980061779,44,413.8599853515625,0.0,0.0
2021-08-28,50.19713592529297,50.13556289672852,51.76109313964844,46.24362182617188,50.19713592529297,1165188185.0,103859.83135465908,0,1.9571252279298506,103857.87422943115,2069,641.955822647551,14000,Neutral,76.55807683439895,48.6313,32.0129,18.7707,20.1915,22.3893,55.34585189819336,1.0,AVAX-USD,0.5626,Neutral,0.3837,0.6256,46.78999980061779,44,413.8599853515625,0.0,0.0
2021-08-29,47.50910568237305,50.23712921142578,52.41292953491211,46.79542922973633,47.50910568237305,790206804.0,98298.29678205776,0,1.9571252279298506,98296.33965682983,2069,602.2305757003987,14000,Neutral,72.98969671673366,47.064,33.5768,19.3632,20.3217,22.5719,55.34585189819336,-0.4468,AVAX-USD,0.5626,Neutral,0.3837,0.6256,46.78999980061779,44,413.8599853515625,0.0,0.0
2021-08-30,41.325077056884766,47.48257827758789,48.22608184814453,41.14146041870117,41.325077056884766,863132838.0,85503.54155592251,0,1.9571252279298506,85501.58443069458,2069,510.83946694228985,14000,Neutral,66.22247971704263,46.106,34.8206,19.8648,20.4052,22.7296,55.34585189819336,-2.4994,AVAX-USD,0.5652,Neutral,0.3838,0.6459,47.60309848369455,44,415.760009765625,0.0,0.0
2021-08-31,39.48735046386719,41.461669921875,44.16825485229492,38.39210510253906,39.48735046386719,863301439.0,81701.28523496914,0,1.9571252279298506,81699.32810974121,2069,483.68049322119435,14000,Neutral,62.13735257456286,45.7193,35.9576,20.3374,20.4348,22.8796,55.34585189819336,-4.1593,AVAX-USD,0.5641,Neutral,0.385,0.6488,47.2992508453961,44,415.0499877929688,0.0,0.0
2021-09-01,41.931602478027344,39.54347610473633,45.52995681762695,38.628055572509766,41.931602478027344,1042268891.0,87757.4782254095,0,36.565841376306366,87720.9123840332,2092,485.1497392360496,15000,"cash_0%_Buy 100% of cash (23 shares - DCA Strategy) Monthly invest 6.7% of total investment ($1,000.00)",59.73859009740163,44.0901,37.2257,20.8445,20.5312,23.0394,55.34585189819336,-4.8381,AVAX-USD,0.5709,Neutral,0.3824,0.652,46.358589881464724,46,415.489990234375,0.0,0.0
2021-09-02,47.75591659545898,42.47848129272461,47.84926223754883,41.29635238647461,47.75591659545898,967474676.0,99941.94335907648,0,36.565841376306366,99905.37751770018,2092,566.3795067938295,15000,Neutral,62.796285386436,43.6018,38.7111,21.4346,20.6353,23.2207,55.34585189819336,-4.3677,AVAX-USD,0.5798,Neutral,0.3854,0.685,46.885149418163664,46,416.7300109863281,0.0,0.0
2021-09-03,45.91118240356445,47.65071487426758,51.54990768432617,44.88906097412109,45.91118240356445,1292097111.0,96082.75942963314,0,36.565841376306366,96046.19358825684,2092,540.6516139308737,15000,Neutral,55.586785678276385,43.2822,40.1032,21.9994,20.7014,23.3928,55.34585189819336,-4.3568,AVAX-USD,0.5839,Neutral,0.3843,0.6888,46.81720583410855,46,416.5700073242188,0.0,0.0
2021-09-04,47.143165588378906,45.9001579284668,49.78833770751953,44.165130615234375,47.143165588378906,920757965.0,98660.06825226497,0,36.565841376306366,98623.50241088867,2092,557.8336727484194,15000,Neutral,52.95315417039522,44.4458,41.5206,22.5625,20.7772,23.5705,55.34585189819336,-4.1601,AVAX-USD,0.5839,Neutral,0.3843,0.6888,46.81720583410855,46,416.5700073242188,0.0,0.0
2021-09-05,48.17892456054688,47.20466232299805,49.38465118408203,45.589752197265625,48.17892456054688,870312119.0,100826.87602204038,0,36.565841376306366,100790.31018066408,2092,572.2790578802554,15000,Neutral,54.03319780860373,46.1842,42.9705,23.1473,20.8593,23.7471,55.34585189819336,-3.8822,AVAX-USD,0.5839,Neutral,0.3843,0.6888,46.81720583410855,46,416.5700073242188,0.0,0.0
2021-09-06,47.04298782348633,48.14677810668945,51.30459976196289,43.67187881469727,47.04298782348633,1176511096.0,98450.4963681097,0,36.565841376306366,98413.9305267334,2092,556.4365268540508,15000,Neutral,50.53065117068258,47.2064,44.1461,23.7293,20.9262,23.9131,55.34585189819336,-3.8677,AVAX-USD,0.5768,Neutral,0.3845,0.6901,46.81720583410855,46,416.5700073242188,0.0,0.0
2021-09-07,37.59894943237305,47.09261322021485,47.18085479736328,32.80122375488281,37.59894943237305,1505074715.0,78693.56805390072,0,36.565841376306366,78657.00221252441,2092,424.72367142599103,15000,Neutral,34.25919509832953,45.175,44.5315,24.1469,20.9503,24.0423,55.34585189819336,-5.1848,AVAX-USD,0.5778,Neutral,0.394,0.6708,46.16326017662722,46,415.0299987792969,0.0,0.0
2021-09-08,37.05140686035156,37.66260528564453,39.42950820922852,33.28400802612305,37.05140686035156,932136418.0,77548.10899323177,0,36.565841376306366,77511.54315185547,2092,417.08727768819807,15000,Neutral,40.49707668998323,43.4031,44.8524,24.564,20.9522,24.1696,55.34585189819336,-5.9891,AVAX-USD,0.58,Neutral,0.3957,0.661,45.993407695946175,46,414.6300048828125,0.0,0.0
2021-09-09,40.77261352539063,36.58103561401367,44.55073547363281,36.1560173034668,40.77261352539063,1331437306.0,85332.8733364935,0,36.565841376306366,85296.3074951172,2092,468.9857066432763,15000,Neutral,49.30629670899836,42.129,44.9317,25.0367,21.0252,24.3071,55.34585189819336,-5.773,AVAX-USD,0.5669,Neutral,0.4044,0.638,45.20357487035457,46,412.7699890136719,0.0,0.0
2021-09-10,49.18913650512695,40.73160934448242,49.60515975952149,40.48396682739258,49.18913650512695,2437929731.0,102940.23941010189,0,36.565841376306366,102903.67356872559,2092,586.3681471339988,15000,Neutral,49.043954024430086,42.331,45.2018,25.6534,21.1436,24.4767,55.34585189819336,-4.218,AVAX-USD,0.5383,Neutral,0.4189,0.6303,43.84897963074292,46,409.5799865722656,0.0,0.0
2021-09-11,57.16424560546875,49.481224060058594,58.99034881591797,48.353607177734375,57.16424560546875,2562681437.0,119624.16764801693,0,36.565841376306366,119587.60180664062,2092,697.5943353867657,15000,Neutral,56.41170421624039,44.3553,45.8834,26.4075,21.312,24.6763,57.16424560546875,-2.0536,AVAX-USD,0.5383,Neutral,0.4189,0.6303,43.84897963074292,46,409.5799865722656,0.0,0.0
2021-09-12,59.25942993164063,57.09894180297852,64.87303161621094,53.83142852783203,59.25942993164063,2713467627.0,124007.2932583685,0,36.565841376306366,123970.7274169922,2092,726.8151727891095,15000,Neutral,60.93290617435723,48.6874,46.5239,27.1987,21.5191,24.8842,59.25942993164063,-0.5326,AVAX-USD,0.5383,Neutral,0.4189,0.6303,43.84897963074292,46,409.5799865722656,0.0,0.0
2021-09-13,53.11015319824219,59.302188873291016,60.7490234375,48.0572624206543,53.11015319824219,2513345537.0,111143.00633209896,0,36.565841376306366,111106.44049072266,2092,641.0532599473127,15000,Neutral,60.972336199705744,51.8991,46.4121,27.8947,21.6574,25.0518,59.25942993164063,-0.5645,AVAX-USD,0.5509,Neutral,0.4084,0.631,44.256641135073764,46,410.5400085449219,0.0,0.0
2021-09-14,51.57811737060547,53.20318984985352,57.16770553588867,49.250038146972656,51.57811737060547,1243073204.0,107937.98738068294,0,36.565841376306366,107901.42153930664,2092,619.6864669378724,15000,Neutral,61.32138890742336,54.0602,46.6853,28.5733,21.8067,25.2117,59.25942993164063,-0.895,AVAX-USD,0.5465,Neutral,0.4122,0.6489,43.35216080077804,46,408.4100036621094,0.0,0.0
2021-09-15,57.62539291381836,51.503902435302734,58.111759185791016,50.36347961425781,57.62539291381836,1139814004.0,120588.88781708431,0,36.565841376306366,120552.32197570801,2092,704.0258031805483,15000,Neutral,63.76626080503938,55.7475,47.4955,29.3516,21.98,25.3989,59.25942993164063,-0.4128,AVAX-USD,0.5503,Neutral,0.401,0.672,44.80017684860131,46,411.8200073242188,0.0,0.0
2021-09-16,67.84269714355469,57.89189910888672,67.85884857177734,57.2906494140625,67.84269714355469,2877776131.0,141963.48826569272,0,36.565841376306366,141926.9224243164,2092,846.5231395046044,15000,Neutral,66.35893586727263,57.8832,48.3837,30.3039,22.3505,25.6324,67.84269714355469,0.9922,AVAX-USD,0.5499,Neutral,0.4028,0.6803,44.498674764560306,46,411.1099853515625,0.0,0.0
2021-09-17,69.93401336669922,67.67376708984375,70.78472900390625,60.91603088378906,69.93401336669922,2149572436.0,146338.52180451108,0,36.565841376306366,146301.95596313477,2092,875.6900297633935,15000,Neutral,69.48624222825062,60.0181,49.3706,31.2999,22.7233,25.8721,69.93401336669922,1.8136,AVAX-USD,0.5198,Neutral,0.4181,0.6705,42.78738542784437,46,407.0799865722656,0.0,0.0
2021-09-18,69.01238250732422,70.0710678100586,75.32479858398438,67.24805450439453,69.01238250732422,1951788341.0,144410.47004669858,0,36.565841376306366,144373.90420532227,2092,862.8363513779768,15000,Neutral,67.82909448634747,63.1985,50.4457,32.2893,23.1167,26.1125,69.93401336669922,1.8973,AVAX-USD,0.5198,Neutral,0.4181,0.6705,42.78738542784437,46,407.0799865722656,0.0,0.0
2021-09-19,70.07572174072266,68.86099243164062,76.21391296386719,66.54693603515625,70.07572174072266,1827002963.0,146634.9757229681,0,36.565841376306366,146598.4098815918,2092,877.6663892197736,15000,Neutral,67.84355529073288,66.898,51.8833,33.2836,23.5436,26.3515,70.07572174072266,1.7625,AVAX-USD,0.5198,Neutral,0.4181,0.6705,42.78738542784437,46,407.0799865722656,0.0,0.0
2021-09-20,56.67792892456055,70.09387969970703,70.39785766601562,55.91534805297852,56.67792892456055,2342075415.0,118606.79315155697,0,36.565841376306366,118570.22731018066,2092,690.8118387436992,15000,Neutral,56.54373584442246,66.7085,52.7428,34.0477,23.8846,26.534,70.07572174072266,-0.0127,AVAX-USD,0.5056,Neutral,0.4595,0.6481,39.963547439916965,46,400.4299926757813,0.0,0.0
2021-09-21,59.017356872558594,57.325870513916016,66.10662078857422,52.86892318725586,59.017356872558594,2637731601.0,123500.87641876888,0,36.565841376306366,123464.31057739258,2092,723.439060525112,15000,Neutral,66.10044252576162,64.9435,53.5971,34.8464,24.2147,26.728,70.07572174072266,-1.0012,AVAX-USD,0.4973,Neutral,0.4479,0.6359,39.79794548289985,46,400.0400085449219,0.0,0.0
2021-09-22,74.1870346069336,58.98347854614258,74.47371673583984,57.962493896484375,74.1870346069336,2640281903.0,155235.8422390814,0,36.565841376306366,155199.27639770508,2092,935.0054993271955,15000,Neutral,72.88449281895421,65.7941,54.9186,35.8966,24.6708,26.9862,74.1870346069336,-0.1025,AVAX-USD,0.5111,Neutral,0.421,0.6308,41.437040711896685,46,403.8999938964844,0.0,0.0
2021-09-23,76.41905975341797,74.08619689941406,79.52259063720703,73.02674865722656,76.41905975341797,2336551605.0,159905.2388455267,0,36.565841376306366,159868.6730041504,2092,966.1348100368308,15000,Neutral,72.3775126891689,67.2754,56.444,36.9829,25.1334,27.2539,76.41905975341797,0.4825,AVAX-USD,0.5134,Neutral,0.3994,0.6297,43.50927466938083,46,408.7799987792969,0.0,0.0
2021-09-24,72.40190124511719,76.45702362060547,78.35160827636719,67.14019775390625,72.40190124511719,2238592113.0,151501.34324616147,0,36.565841376306366,151464.77740478516,2092,910.108839374396,15000,Neutral,65.4240602876707,67.7407,57.707,37.9981,25.5784,27.5089,76.41905975341797,0.233,AVAX-USD,0.502,Neutral,0.3971,0.6402,43.79802518242997,46,409.4599914550781,0.0,0.0
2021-09-25,68.38166046142578,72.3895492553711,72.63642883300781,67.695068359375,68.38166046142578,1022340249.0,143090.99952667905,0,36.565841376306366,143054.43368530273,2092,854.0398812445133,15000,Neutral,57.86704650789985,70.0814,58.7171,38.9391,26.0088,27.7439,76.41905975341797,-0.4823,AVAX-USD,0.502,Neutral,0.3971,0.6402,43.79802518242997,46,409.4599914550781,0.0,0.0
2021-09-26,66.86196899414062,68.3516616821289,71.48128509521484,61.881160736083984,66.86196899414062,1282520288.0,139911.8049771185,0,36.565841376306366,139875.2391357422,2092,832.8452509141094,15000,Neutral,55.37523566013156,71.6503,59.7081,39.8492,26.4316,27.974,76.41905975341797,-1.1892,AVAX-USD,0.502,Neutral,0.3971,0.6402,43.79802518242997,46,409.4599914550781,0.0,0.0
2021-09-27,66.50875854492188,66.8810043334961,72.46907043457031,65.46882629394531,66.50875854492188,1210911405.0,139172.88871735288,0,36.565841376306366,139136.32287597656,2092,827.9191425156721,15000,Neutral,60.31898215083355,70.1147,61.1535,40.7507,26.8481,28.2012,76.41905975341797,-1.7339,AVAX-USD,0.4978,Neutral,0.4032,0.6677,43.30544391721544,46,408.2999877929688,0.0,0.0
2021-09-28,61.51771926879883,66.37129974365234,69.43622589111328,61.25083541870117,61.51771926879883,989963988.0,128731.63455170345,0,36.565841376306366,128695.06871032715,2092,758.3107814113424,15000,Neutral,57.26779585715551,67.1344,62.3769,41.5593,27.2094,28.4012,76.41905975341797,-2.5935,AVAX-USD,0.4669,Neutral,0.4344,0.6804,39.84041184279852,46,400.1400146484375,0.0,0.0
2021-09-29,65.52000427246094,61.600772857666016,69.24354553222656,61.38761520385742,65.52000427246094,1366679673.0,137104.4147793646,0,36.565841376306366,137067.84893798828,2092,814.1293162624169,15000,Neutral,55.95046033493197,65.758,63.6142,42.4247,27.6073,28.6191,76.41905975341797,-2.7196,AVAX-USD,0.4709,Neutral,0.4289,0.6706,40.10707445779231,46,399.4599914550781,1.308,0.0
2021-09-30,66.76588439941406,65.50789642333984,68.7210693359375,64.36367797851562,66.76588439941406,1122979274.0,139710.79600495053,0,36.565841376306366,139674.23016357422,2092,831.5051910996565,15000,Neutral,49.0614328570053,65.4349,64.4931,43.3229,28.008,28.841,76.41905975341797,-2.6471,AVAX-USD,0.4628,Neutral,0.4342,0.6777,37.95840882783871,46,394.3999938964844,0.0,0.0
2021-10-01,67.57039642333984,66.62635803222656,69.4402084350586,63.30827713012695,67.57039642333984,1441796222.0,142392.82160305692,0,21.996339079858558,142370.82526397705,2107,790.0550194190919,16000,"cash_0%_Buy 100% of cash (15 shares - DCA Strategy) Monthly invest 6.2% of total investment ($1,000.00)",47.8925597571999,65.5766,65.0134,44.2323,28.4024,29.0608,76.41905975341797,-2.493,AVAX-USD,0.4936,Neutral,0.4172,0.6793,38.95684543108855,49,399.1199951171875,0.0,0.0
2021-10-02,69.22048950195312,67.63391876220703,73.35771942138672,65.87702178955078,69.22048950195312,1391263335.0,145869.5677196951,0,21.996339079858558,145847.57138061523,2107,811.7846826480807,16000,Neutral,50.18317222298701,66.1189,65.5114,45.1771,28.8272,29.2852,76.41905975341797,-2.2102,AVAX-USD,0.4936,Neutral,0.4172,0.6793,38.95684543108855,49,399.1199951171875,0.0,0.0
2021-10-03,68.717041015625,69.13282775878906,71.53996276855469,67.65304565429688,68.717041015625,1003680421.0,144808.80175900174,0,21.996339079858558,144786.80541992188,2107,805.1548953937471,16000,Neutral,48.79220828016726,67.5588,66.2918,46.0943,29.2561,29.4969,76.41905975341797,-2.0662,AVAX-USD,0.4936,Neutral,0.4172,0.6793,38.95684543108855,49,399.1199951171875,0.0,0.0
2021-10-04,65.15984344482422,68.68302154541016,68.68302154541016,64.00428771972656,65.15984344482422,949626760.0,137313.7864773245,0,21.996339079858558,137291.79013824463,2107,758.3110498832643,16000,Neutral,59.138834486571135,67.4867,66.9709,46.9498,29.6541,29.6935,76.41905975341797,-2.3019,AVAX-USD,0.4754,Neutral,0.4315,0.6763,36.88061531111086,49,394.2099914550781,0.0,0.0
2021-10-05,64.65011596679688,65.24717712402344,66.71932983398438,62.94280242919922,64.65011596679688,813159957.0,136239.79068112088,0,21.996339079858558,136217.79434204102,2107,751.5985761569918,16000,Neutral,56.31812572633496,67.0636,67.3221,47.7818,30.0635,29.862,76.41905975341797,-2.4626,AVAX-USD,0.4852,Neutral,0.4164,0.675,38.50016539481622,49,398.0400085449219,0.0,0.0
2021-10-06,60.11407470703125,64.59976959228516,65.69510650634766,58.682579040527344,60.11407470703125,963971611.0,126682.35174679471,0,21.996339079858558,126660.35540771484,2107,691.8645828174531,16000,Neutral,29.26944259255845,65.5723,66.9357,48.5211,30.4405,29.9863,76.41905975341797,-2.955,AVAX-USD,0.487,Neutral,0.415,0.6848,39.24861789202602,49,399.80999755859375,0.0,0.0
2021-10-07,61.48835372924805,60.0299186706543,62.273555755615234,57.56055450439453,61.48835372924805,906896093.0,129577.9576466055,0,21.996339079858558,129555.96130752563,2107,709.9621196912707,16000,Neutral,27.435704647409082,64.0259,66.5134,49.299,30.8247,30.1109,76.41905975341797,-3.0483,AVAX-USD,0.4906,Neutral,0.4013,0.6897,40.703247495820676,49,403.25,0.0,0.0
2021-10-08,60.52022552490234,61.51958465576172,64.92047119140625,60.065067291259766,60.52022552490234,812757714.0,127538.11152004909,0,21.996339079858558,127516.11518096922,2107,697.2130814002929,16000,Neutral,30.220793329894022,62.3865,66.0888,50.0371,31.2109,30.1326,76.41905975341797,-3.11,AVAX-USD,0.5005,Neutral,0.394,0.6937,40.381871937784965,49,402.489990234375,0.0,0.0
2021-10-09,60.56625747680664,60.39582061767578,61.95339584350586,59.86289978027344,60.56625747680664,368977448.0,127635.10084271146,0,21.996339079858558,127613.10450363159,2107,697.8192646669328,16000,Neutral,35.00588344384704,61.4678,65.6133,50.7724,31.6038,30.1876,76.41905975341797,-3.0413,AVAX-USD,0.5005,Neutral,0.394,0.6937,40.381871937784965,49,402.489990234375,0.0,0.0
2021-10-10,56.59357452392578,60.57084655761719,60.88399505615234,55.5444221496582,56.59357452392578,450502943.0,119264.65786099149,0,21.996339079858558,119242.66152191162,2107,645.503996031183,16000,Neutral,31.994469506028167,59.8565,65.6091,51.4365,31.9625,30.2207,76.41905975341797,-3.2963,AVAX-USD,0.5005,Neutral,0.394,0.6937,40.381871937784965,49,402.489990234375,0.0,0.0
2021-10-11,55.30461120605469,56.58945083618164,59.19413757324219,53.95623016357422,55.30461120605469,590939451.0,116548.81215023709,0,21.996339079858558,116526.81581115723,2107,628.5299603389681,16000,Neutral,30.977878615407704,58.8946,65.4234,52.0821,32.3002,30.2687,76.41905975341797,-3.469,AVAX-USD,0.4925,Neutral,0.4029,0.6977,39.14290360631176,49,399.55999755859375,0.0,0.0
2021-10-12,54.35797119140625,55.33838653564453,55.33838653564453,51.22761535644531,54.35797119140625,692864342.0,114554.24163937283,0,21.996339079858558,114532.24530029297,2107,616.0638946460664,16000,GeoWatch,35.909286581830926,57.4685,64.432,52.6872,32.6285,30.3344,76.41905975341797,-3.5413,AVAX-USD,0.5185,GeoWatch,0.4042,0.7093,38.80462305385639,49,398.760009765625,0.0,0.0
2021-10-13,55.152488708496094,54.35367584228516,57.05287551879883,53.33034133911133,55.152488708496094,655950094.0,116228.29004788114,0,21.996339079858558,116206.29370880127,2107,626.5266971992432,16000,GeoWatch,26.64778634533461,56.395,63.3687,53.3053,32.9616,30.4052,76.41905975341797,-3.3541,AVAX-USD,0.5217,GeoWatch,0.3978,0.7303,39.34587968053049,49,400.0400085449219,0.0,0.0
2021-10-14,56.08110427856445,54.99287414550781,58.4278678894043,54.95210266113281,56.08110427856445,521698717.0,118184.88305401517,0,21.996339079858558,118162.8867149353,2107,638.755403487581,16000,GeoWatch,25.584206671581896,55.4979,62.5526,53.9267,33.3117,30.4874,76.41905975341797,-2.9874,AVAX-USD,0.5504,GeoWatch,0.3865,0.7474,42.18748019671354,49,406.760009765625,0.0,0.0
2021-10-15,56.2510871887207,56.17885971069336,57.09015655517578,54.60218811035156,56.2510871887207,559567841.0,118543.03704571439,0,21.996339079858558,118521.04070663452,2107,640.9938659357011,16000,GeoWatch,23.3617548683452,55.4295,61.9461,54.5446,33.6568,30.5674,76.41905975341797,-2.5996,AVAX-USD,0.5509,GeoWatch,0.374,0.7471,43.527930113008196,49,409.9299926757813,0.0,0.0
2021-10-16,57.48309326171875,56.310176849365234,61.83980178833008,55.712100982666016,57.48309326171875,730039645.0,121138.87384152127,0,21.996339079858558,121116.8775024414,2107,657.2178459094941,16000,GeoWatch,21.82339060557466,55.8651,61.4772,55.1104,34.0223,30.6361,76.41905975341797,-2.0961,AVAX-USD,0.5509,GeoWatch,0.374,0.7471,43.527930113008196,49,409.9299926757813,0.0,0.0
2021-10-17,56.07736587524414,57.56997680664063,58.53270721435547,53.55379104614258,56.07736587524414,388579198.0,118177.00623821927,0,21.996339079858558,118155.0098991394,2107,638.7061733888565,16000,GeoWatch,20.91725648469219,56.209,60.9556,55.5469,34.3775,30.7083,76.41905975341797,-1.8287,AVAX-USD,0.5509,GeoWatch,0.374,0.7471,43.527930113008196,49,409.9299926757813,0.0,0.0
2021-10-18,55.47448348999024,56.03767013549805,56.42582321166992,54.25412368774414,55.47448348999024,301848293.0,116906.7330524893,0,21.996339079858558,116884.73671340944,2107,630.7669659780444,16000,GeoWatch,24.208448672561914,56.2734,60.6534,55.9609,34.7233,30.7884,76.41905975341797,-1.6329,AVAX-USD,0.5448,GeoWatch,0.3743,0.7435,44.05650154157962,49,411.1799926757813,0.0,0.0
2021-10-19,56.81697463989258,55.53133392333984,58.032936096191406,55.129127502441406,56.81697463989258,369199133.0,119735.36190533353,0,21.996339079858558,119713.36556625366,2107,648.4458963083208,16000,GeoWatch,30.02665756746731,56.4206,60.2183,56.2547,35.1034,30.8745,76.41905975341797,-1.2734,AVAX-USD,0.5358,GeoWatch,0.3675,0.7468,45.40964956055282,49,414.3800048828125,0.0,0.0
2021-10-20,59.55984115600586,56.80744171142578,61.55341339111328,56.72520446777344,59.55984115600586,557808885.0,125514.58165478421,0,21.996339079858558,125492.58531570435,2107,684.5660197423875,16000,GeoWatch,48.44454617456789,57.0824,59.858,56.5176,35.512,30.9882,76.41905975341797,-0.6711,AVAX-USD,0.525,GeoWatch,0.3664,0.7464,46.090443366356396,49,415.989990234375,0.0,0.0
2021-10-21,61.30981063842773,59.63168716430664,64.31205749511719,58.89551544189453,61.30981063842773,834466444.0,129201.76735424709,0,21.996339079858558,129179.77101516722,2107,707.6109303640305,16000,GeoWatch,49.50926796166911,57.8477,59.5449,56.8139,35.9296,31.1288,76.41905975341797,-0.0583,AVAX-USD,0.5123,GeoWatch,0.3609,0.7415,46.52176591099925,49,417.010009765625,0.0,0.0
2021-10-22,65.45528411865234,61.4479866027832,68.64178466796875,61.42253112792969,65.45528411865234,1235036359.0,137936.27997708035,0,21.996339079858558,137914.2836380005,2107,762.2016342567383,16000,GeoWatch,61.54731871447966,59.7233,59.3567,57.1307,36.3794,31.2768,76.41905975341797,0.7832,AVAX-USD,0.5127,GeoWatch,0.3575,0.7501,46.34416023298586,49,416.5899963378906,0.0,0.0
2021-10-23,65.45916748046875,65.532470703125,69.10169982910156,64.56714630126953,65.45916748046875,675884810.0,137944.46222042752,0,21.996339079858558,137922.46588134766,2107,762.2527732776581,16000,GeoWatch,61.47132354690416,61.7202,59.1938,57.2992,36.8393,31.4382,76.41905975341797,1.2672,AVAX-USD,0.5127,GeoWatch,0.3575,0.7501,46.34416023298586,49,416.5899963378906,0.0,0.0
2021-10-24,64.51839447021484,65.43511199951172,67.58838653564453,61.97397613525391,64.51839447021484,512814089.0,135962.25348782254,0,21.996339079858558,135940.25714874268,2107,749.8639686988771,16000,GeoWatch,71.65867715346748,63.2605,59.1617,57.6059,37.2913,31.5989,76.41905975341797,1.4023,AVAX-USD,0.5127,GeoWatch,0.3575,0.7501,46.34416023298586,49,416.5899963378906,0.0,0.0
2021-10-25,69.82469177246094,64.55366516113281,69.82469177246094,64.38153076171875,69.82469177246094,559909250.0,147142.62190365506,0,21.996339079858558,147120.6255645752,2107,819.7412712978303,16000,GeoWatch,82.53854084209412,65.3135,59.4204,58.0793,37.7822,31.7823,76.41905975341797,1.9577,AVAX-USD,0.5116,GeoWatch,0.3578,0.7637,47.25753321010639,49,418.75,0.0,0.0
2021-10-26,68.87113189697266,69.70967102050781,72.88220977783203,67.8232192993164,68.87113189697266,913850539.0,145133.47124600125,0,21.996339079858558,145111.4749069214,2107,807.184079687494,16000,GeoWatch,82.51295035690823,66.8257,59.8583,58.3926,38.2621,31.97,76.41905975341797,2.0864,AVAX-USD,0.5127,GeoWatch,0.3645,0.7655,47.42667348633407,49,419.1499938964844,0.0,0.0
2021-10-27,61.51663589477539,68.67195892333984,69.54865264892578,57.86124420166016,61.51663589477539,947198473.0,129637.54816937161,0,21.996339079858558,129615.55183029175,2107,710.3345604585588,16000,GeoWatch,61.018632545988275,66.038,59.8597,58.5812,38.676,32.1121,76.41905975341797,1.3008,AVAX-USD,0.511,GeoWatch,0.3776,0.7578,46.657070389235855,49,417.3299865722656,0.0,0.0
2021-10-28,64.4300765991211,61.52543258666992,64.93131256103516,61.52543258666992,64.4300765991211,593781415.0,135776.167733428,0,21.996339079858558,135754.17139434814,2107,748.7009327339111,16000,GeoWatch,63.52548761410066,65.8322,60.0552,58.8632,39.1132,32.2675,76.41905975341797,1.0244,AVAX-USD,0.5208,GeoWatch,0.3722,0.7541,48.38233475865549,49,421.4100036621094,0.0,0.0
2021-10-29,64.77246856689453,64.38318634033203,66.12731170654297,63.538700103759766,64.77246856689453,390478927.0,136497.58760952664,0,21.996339079858558,136475.59127044678,2107,753.2098069595278,16000,GeoWatch,63.72810663364131,65.883,60.2655,59.254,39.5594,32.4238,76.41905975341797,0.8176,AVAX-USD,0.516,GeoWatch,0.3782,0.7426,48.69947761579836,49,422.1600036621094,0.0,0.0
2021-10-30,62.41526794433594,64.73323822021484,64.77537536621094,61.09536361694336,62.41526794433594,340551397.0,131530.9658977957,0,21.996339079858558,131508.96955871582,2107,722.1684212612092,16000,GeoWatch,57.66783553704383,64.4011,60.5566,59.6362,39.9868,32.5763,76.41905975341797,0.3919,AVAX-USD,0.516,GeoWatch,0.3782,0.7426,48.69947761579836,49,422.1600036621094,0.0,0.0
2021-10-31,64.28780364990234,62.31325149536133,64.43634033203125,60.34103393554688,64.28780364990234,385833917.0,135476.3986294241,0,21.996339079858558,135454.40229034424,2107,746.8273758338868,16000,GeoWatch,62.58178857921905,63.4845,61.0058,60.0088,40.4266,32.7426,76.41905975341797,0.2773,AVAX-USD,0.516,GeoWatch,0.3782,0.7426,48.69947761579836,49,422.1600036621094,0.0,0.0
2021-11-01,65.07251739501953,64.499267578125,66.68616485595703,62.35919189453125,65.07251739501953,553398869.0,138128.81440262508,0,44.93249039364048,138083.88191223145,2122,712.6223220624867,17000,"cash_0%_Buy 100% of cash (15 shares - DCA Strategy) Monthly invest 5.9% of total investment ($1,000.00)",64.62664846251624,64.1956,61.5415,60.2974,40.866,32.9099,76.41905975341797,0.2525,AVAX-USD,0.5066,GeoWatch,0.3781,0.7351,47.95567210803162,52,423.0499877929688,0.0,0.0
2021-11-02,67.58455657958984,64.96826934814453,68.04741668701172,64.34379577636719,67.58455657958984,437288365.0,143459.36155228328,0,44.93249039364048,143414.42906188965,2122,743.9784817663585,17000,GeoWatch,65.84416673524137,64.8265,62.1631,60.6586,41.329,33.0804,76.41905975341797,0.4556,AVAX-USD,0.5169,GeoWatch,0.3776,0.7265,48.64632616420458,52,424.6900024414063,0.0,0.0
2021-11-03,75.430419921875,67.77308654785156,75.5360336303711,67.15084075927734,75.430419921875,1110753061.0,160108.2835646124,0,44.93249039364048,160063.35107421875,2122,841.9133171330002,17000,Neutral,70.30387361827823,66.9581,63.1306,61.1301,41.8463,33.2883,76.41905975341797,1.303,AVAX-USD,0.5289,Neutral,0.3695,0.692,49.72440964310532,52,427.25,0.0,0.0
2021-11-04,79.29322052001953,75.57763671875,80.96538543701172,74.12528228759766,79.29322052001953,1139576690.0,168305.14643387508,0,44.93249039364048,168260.21394348145,2122,890.1301575404278,17000,Neutral,71.82692703913135,70.3337,64.2827,61.6486,42.398,33.476,79.29322052001953,2.0824,AVAX-USD,0.5328,Neutral,0.3752,0.6601,50.56666316423208,52,429.25,0.0,0.0
2021-11-05,74.36473846435547,79.04759979248047,81.07434844970703,72.4581527709961,74.36473846435547,593374945.0,157846.90751175594,0,44.93249039364048,157801.9750213623,2122,828.6111050573742,17000,Neutral,60.61193125735274,72.3491,65.1267,62.104,42.9167,33.662,79.29322052001953,1.9456,AVAX-USD,0.5439,Neutral,0.3948,0.6631,51.18150463615936,52,430.7099914550781,0.0,0.0
2021-11-06,78.6852035522461,74.2966537475586,78.6852035522461,72.51919555664062,78.6852035522461,487295739.0,167014.93442825985,0,44.93249039364048,166970.0019378662,2122,882.5406751544558,17000,Neutral,64.28450065639572,75.0716,66.2571,62.7888,43.4678,33.8618,79.29322052001953,2.11,AVAX-USD,0.5439,Neutral,0.3948,0.6631,51.18150463615936,52,430.7099914550781,0.0,0.0
2021-11-07,87.7054214477539,78.805908203125,88.83885955810547,78.13878631591797,87.7054214477539,1321363546.0,186155.83680252742,0,44.93249039364048,186110.9043121338,2122,995.1342185325004,17000,Neutral,71.32159857443025,79.0958,67.8687,63.633,44.0985,34.1107,87.7054214477539,2.8407,AVAX-USD,0.5439,Neutral,0.3948,0.6631,51.18150463615936,52,430.7099914550781,0.0,0.0
2021-11-08,91.18478393554688,87.70599365234375,96.91317749023438,83.72738647460938,91.18478393554688,1954611681.0,193539.0440016241,0,44.93249039364048,193494.11151123047,2122,1038.5648491154222,17000,Neutral,70.3245292387748,82.2467,69.5871,64.4732,44.7549,34.3618,91.18478393554688,3.3442,AVAX-USD,0.5328,Neutral,0.3976,0.6725,51.40049877678436,52,431.2300109863281,0.0,0.0
2021-11-09,88.45486450195312,91.07372283935548,91.53675079345705,87.08097076416016,88.45486450195312,780284087.0,187746.15496353817,0,44.93249039364048,187701.22247314453,2122,1004.4890312443283,17000,Neutral,68.02495974212489,84.079,71.0318,65.1276,45.3905,34.6093,91.18478393554688,3.1515,AVAX-USD,0.5258,Neutral,0.4065,0.698,50.76459325576762,52,429.7200012207031,0.0,0.0
2021-11-10,85.29527282714844,88.30364990234375,94.02408599853516,78.64884185791016,85.29527282714844,1297653103.0,181041.50142960262,0,44.93249039364048,180996.56893920898,2122,965.0498928094134,17000,GeoWatch,73.71743432760144,86.2651,72.2311,65.5965,46.002,34.8438,91.18478393554688,2.5223,AVAX-USD,0.5047,GeoWatch,0.4063,0.7262,49.30749826271361,52,426.260009765625,0.0,0.0
2021-11-11,88.06133270263672,85.38166809082031,89.5385513305664,83.8404769897461,88.06133270263672,661012573.0,186911.08048538875,0,44.93249039364048,186866.14799499512,2122,999.5768284316848,17000,GeoWatch,73.63993494926268,88.1403,73.3614,66.0765,46.6376,35.0729,91.18478393554688,2.139,AVAX-USD,0.5088,GeoWatch,0.3983,0.764,49.3664493262727,52,426.3999938964844,0.0,0.0
2021-11-12,84.72491455078125,87.87525939941406,89.97445678710938,81.3184814453125,84.72491455078125,676532796.0,179831.20116715145,0,44.93249039364048,179786.2686767578,2122,957.9304795008771,17000,GeoWatch,68.83170711790827,87.5442,74.3247,66.6034,47.249,35.2899,91.18478393554688,1.4393,AVAX-USD,0.5154,GeoWatch,0.3829,0.7729,50.7014268120369,52,429.5700073242188,0.0,0.0
2021-11-13,97.26046752929688,84.79679107666016,98.4414291381836,84.79679107666016,97.26046752929688,1144798693.0,206431.6445875616,0,44.93249039364048,206386.71209716797,2122,1114.4036760915249,17000,GeoWatch,77.58747452802244,88.7594,75.9618,67.3648,47.969,35.5564,97.26046752929688,1.8156,AVAX-USD,0.5154,GeoWatch,0.3829,0.7729,50.7014268120369,52,429.5700073242188,0.0,0.0
2021-11-14,95.4035415649414,97.55558013916016,99.8833465576172,91.8102798461914,95.4035415649414,1142384672.0,202491.2476911993,0,44.93249039364048,202446.31520080566,2122,1091.2248708188056,17000,GeoWatch,74.64089347120563,90.1491,77.2407,67.9944,48.673,35.7965,97.26046752929688,1.6982,AVAX-USD,0.5154,GeoWatch,0.3829,0.7729,50.7014268120369,52,429.5700073242188,0.0,0.0
2021-11-15,93.55023193359376,95.42015075683594,101.58605194091795,92.25428771972656,93.55023193359376,1202984508.0,198558.5246534796,0,44.93249039364048,198513.59216308597,2122,1068.0912058910426,17000,GeoWatch,72.17648451871322,91.8001,78.4747,68.4229,49.3634,36.0432,97.26046752929688,1.2944,AVAX-USD,0.5128,GeoWatch,0.382,0.7753,50.78564445308827,52,429.7699890136719,0.0,0.0
2021-11-16,97.97557067871094,94.0317840576172,101.86246490478516,84.00017547607422,97.97557067871094,1843490926.0,207949.09347061825,0,44.93249039364048,207904.1609802246,2122,1123.329845991858,17000,GeoWatch,72.98160357541394,93.7829,80.2976,68.8902,50.0951,36.3147,97.97557067871094,1.1972,AVAX-USD,0.5078,GeoWatch,0.381,0.7593,51.476298509261255,52,431.4100036621094,0.0,0.0
2021-11-17,107.80207824707033,98.0262451171875,110.03197479248048,94.12252044677734,107.80207824707033,2393292480.0,228800.94253067687,0,44.93249039364048,228756.01004028323,2122,1245.9877816392618,17000,GeoWatch,73.7674050831447,98.3984,82.4662,69.5367,50.913,36.6416,107.80207824707033,1.6554,AVAX-USD,0.5062,GeoWatch,0.3889,0.7449,51.03832307978007,52,430.3699951171875,0.0,0.0
2021-11-18,100.25276947021484,107.58499908447266,110.30876159667967,92.3647232055664,100.25276947021484,1920193319.0,212781.30930618953,0,44.93249039364048,212736.3768157959,2122,1151.7546450246305,17000,GeoWatch,64.59833573626847,98.9968,84.2402,70.0397,51.6616,36.9401,107.80207824707033,1.1986,AVAX-USD,0.5087,GeoWatch,0.3937,0.7303,51.66579784045348,52,431.8599853515625,0.0,0.0
2021-11-19,112.0235595703125,100.45767211914062,112.11190795898438,96.0714874267578,112.0235595703125,1562347126.0,237758.92589859676,0,44.93249039364048,237713.99340820312,2122,1298.6818014505554,17000,Neutral,73.9469235925967,102.3208,86.7207,70.9621,52.5049,37.2984,112.0235595703125,1.5324,AVAX-USD,0.5069,Neutral,0.4044,0.6936,51.324686192538664,52,431.0499877929688,0.0,0.0
2021-11-20,125.7706298828125,112.08431243896484,129.93348693847656,111.91291809082033,125.7706298828125,2291581571.0,266930.20910172176,0,44.93249039364048,266885.2766113281,2122,1470.2775849983495,17000,Neutral,76.73595584715457,108.7649,89.7948,72.0747,53.4605,37.7141,125.7706298828125,2.3942,AVAX-USD,0.5069,Neutral,0.4044,0.6936,51.324686192538664,52,431.0499877929688,0.0,0.0
2021-11-21,128.59982299804688,125.82982635498048,146.21786499023438,123.5483627319336,128.59982299804688,3379295976.0,272933.7568922491,0,44.93249039364048,272888.82440185547,2122,1505.5925720014516,17000,Neutral,74.97662450705971,114.8898,92.9712,72.9816,54.4391,38.1323,128.59982299804688,2.7771,AVAX-USD,0.5069,Neutral,0.4044,0.6936,51.324686192538664,52,431.0499877929688,0.0,0.0
2021-11-22,134.53103637695312,128.78257751464844,144.8818817138672,126.19261169433594,134.53103637695312,3211306704.0,285519.79168228817,0,44.93249039364048,285474.85919189453,2122,1579.628070766387,17000,Neutral,75.70427658414727,120.2356,96.3185,73.9501,55.4665,38.5777,134.53103637695312,3.0208,AVAX-USD,0.4914,Neutral,0.4083,0.6478,50.844608368416175,52,429.9100036621094,0.0,0.0
2021-11-23,123.83104705810548,134.8655548095703,136.53814697265625,122.1111068725586,123.83104705810548,1959122592.0,262814.4143476935,0,44.93249039364048,262769.48185729986,2122,1446.0670276217127,17000,Neutral,69.16633936210292,124.9512,98.7385,74.8072,56.4026,38.9741,134.53103637695312,2.2089,AVAX-USD,0.4862,Neutral,0.4079,0.6187,51.08043832619016,52,430.4700012207031,0.0,0.0
2021-11-24,120.22818756103516,123.87862396240234,124.50963592529295,113.00045776367188,120.22818756103516,1902624284.0,255169.14649491024,0,44.93249039364048,255124.2140045166,2122,1401.094863781811,17000,Neutral,68.83571243511699,126.5921,100.7853,75.6713,57.3052,39.3522,134.53103637695312,1.2369,AVAX-USD,0.499,Neutral,0.4039,0.604,51.52683166424583,52,431.5299987792969,0.0,0.0
2021-11-25,122.64852905273438,115.08684539794922,130.04270935058594,114.35224151611328,122.64852905273438,2233964558.0,260305.11114029598,0,44.93249039364048,260260.17864990234,2122,1431.3064205193743,17000,Neutral,68.71909081652312,125.9677,103.1995,76.6011,58.2251,39.7398,134.53103637695312,0.5637,AVAX-USD,0.5001,Neutral,0.4041,0.5889,51.52683166424583,52,431.5299987792969,0.0,0.0
2021-11-26,103.82958221435548,119.16424560546876,119.82817840576172,102.0291519165039,103.82958221435548,1712875693.0,220371.30594925597,0,44.93249039364048,220326.37345886233,2122,1196.401684101492,17000,Neutral,58.855630581390855,121.0137,104.4567,77.2231,58.9869,40.0527,134.53103637695312,-1.07,AVAX-USD,0.4643,Neutral,0.5031,0.4998,47.57245806547547,52,422.1400146484375,0.0,0.0
2021-11-27,113.27664947509766,104.30207824707033,118.07991027832033,103.33889770507812,113.27664947509766,1211028703.0,240417.98267655086,0,44.93249039364048,240373.05018615723,2122,1314.323311909109,17000,Neutral,57.64284973140643,116.7628,105.7352,78.0858,59.8225,40.4063,134.53103637695312,-1.6186,AVAX-USD,0.4643,Neutral,0.5031,0.4998,47.57245806547547,52,422.1400146484375,0.0,0.0
2021-11-28,110.58901977539062,113.75386810302734,114.00462341308594,101.44112396240234,110.58901977539062,1422129303.0,234714.83245377254,0,44.93249039364048,234669.8999633789,2122,1280.7753694221776,17000,Neutral,57.18944259678755,114.1144,106.7055,78.8369,60.6308,40.7458,134.53103637695312,-2.1456,AVAX-USD,0.4643,Neutral,0.5031,0.4998,47.57245806547547,52,422.1400146484375,0.0,0.0
2021-11-29,120.25830078125,110.49513244628906,120.25830078125,109.4160385131836,120.25830078125,1227497076.0,255233.04674820614,0,44.93249039364048,255188.1142578125,2122,1401.4707476247281,17000,Neutral,61.773393156561355,114.1204,108.2956,79.7285,61.5257,41.1291,134.53103637695312,-1.9274,AVAX-USD,0.4919,Neutral,0.4561,0.4506,49.720194262933674,52,427.239990234375,0.0,0.0
2021-11-30,120.34369659423828,120.44221496582033,124.55531311035156,114.48907470703124,120.34369659423828,1734884533.0,255414.25666336727,0,44.93249039364048,255369.32417297363,2122,1402.5366883021466,17000,Neutral,60.25255721630064,113.6594,110.048,80.608,62.4202,41.5084,134.53103637695312,-1.8005,AVAX-USD,0.4659,Neutral,0.4951,0.4132,46.275380445949736,52,419.05999755859375,0.0,0.0
2021-12-01,119.75084686279295,120.2483139038086,127.33001708984376,117.50407409667967,119.75084686279295,1437422167.0,255155.2715264654,0,85.96770871639444,255069.303817749,2130,1317.6291706581274,18000,"cash_0%_Buy 100% of cash (8 shares - DCA Strategy) Monthly invest 5.6% of total investment ($1,000.00)",55.98324331688313,116.8437,111.6325,81.4502,63.3136,41.8771,134.53103637695312,-1.769,AVAX-USD,0.4438,Neutral,0.5263,0.385,43.208661332743105,54,414.239990234375,0.0,0.0
2021-12-02,107.86654663085938,119.68126678466795,119.70713806152344,107.2265396118164,107.86654663085938,1117942461.0,229841.71203244687,0,85.96770871639444,229755.74432373047,2130,1176.9982845802465,18000,Neutral,53.653902328128716,115.7617,112.7896,82.1027,64.0985,42.1951,134.53103637695312,-2.4177,AVAX-USD,0.4591,Neutral,0.5005,0.3554,45.850775505784554,54,420.55999755859375,0.0,0.0
2021-12-03,108.13784790039062,107.86829376220705,113.17337036132812,100.80210876464844,108.13784790039062,1379333420.0,230419.58373654843,0,85.96770871639444,230333.61602783203,2130,1180.2086829363664,18000,Neutral,47.90386285708265,115.2714,113.3335,82.819,64.8844,42.5229,134.53103637695312,-2.7743,AVAX-USD,0.4569,Neutral,0.5467,0.3575,44.29560832879615,54,416.8399963378906,0.0,0.0
2021-12-04,92.88023376464844,108.73534393310548,108.76348114013672,77.02176666259766,92.88023376464844,2100725079.0,197920.86562741757,0,85.96770871639444,197834.89791870117,2130,999.6602489967505,18000,Neutral,32.54187874056895,109.7958,113.2073,83.2895,65.5357,42.7817,134.53103637695312,-3.8135,AVAX-USD,0.4569,Neutral,0.5467,0.3575,44.29560832879615,54,416.8399963378906,0.0,0.0
2021-12-05,85.79002380371094,93.0193862915039,95.31195068359376,82.75007629394531,85.79002380371094,1220952521.0,182818.7184106207,0,85.96770871639444,182732.7507019043,2130,915.7594311256568,18000,Neutral,28.260088283669432,102.8851,112.8193,83.7174,66.1192,43.0077,134.53103637695312,-4.7844,AVAX-USD,0.4569,Neutral,0.5467,0.3575,44.29560832879615,54,416.8399963378906,0.0,0.0
2021-12-06,93.31929779052734,86.47801971435547,94.89966583251952,77.19004821777344,93.31929779052734,1786165231.0,198856.07200253964,0,85.96770871639444,198770.10429382324,2130,1004.8558399696509,18000,Neutral,29.405881760430418,97.5988,112.5865,84.2479,66.7735,43.2641,134.53103637695312,-4.7791,AVAX-USD,0.4706,Neutral,0.514,0.3751,46.37752958835834,54,421.8200073242188,0.0,0.0
2021-12-07,89.95217895507812,93.34741973876952,96.67762756347656,88.14965057373047,89.95217895507812,1066934424.0,191684.1088830328,0,85.96770871639444,191598.1411743164,2130,965.0116004168351,18000,Neutral,31.73137549579154,94.0159,111.694,84.7385,67.3878,43.5072,134.53103637695312,-4.801,AVAX-USD,0.5023,Neutral,0.4712,0.4264,50.00206411052088,54,430.489990234375,0.0,0.0
2021-12-08,93.22105407714844,89.689697265625,93.24251556396484,86.7750473022461,93.22105407714844,736763695.0,198646.81289304257,0,85.96770871639444,198560.84518432617,2130,1003.6932893613339,18000,Neutral,35.38420097030752,91.0326,111.3424,85.2827,68.0276,43.7544,134.53103637695312,-4.4149,AVAX-USD,0.5089,Neutral,0.4543,0.4736,50.507920518534135,54,431.7000122070313,0.0,0.0
2021-12-09,85.4617691040039,93.0343017578125,94.49478149414062,83.38975524902344,85.4617691040039,918578963.0,182119.53590024472,0,85.96770871639444,182033.56819152832,2130,911.8750838457902,18000,Neutral,30.974581084198476,89.5489,110.0143,85.7639,68.6002,43.9702,134.53103637695312,-4.4819,AVAX-USD,0.4973,Neutral,0.4684,0.4985,49.27883616455732,54,428.760009765625,0.0,0.0
2021-12-10,80.73967742919922,85.55989074707031,91.7380599975586,80.71823120117188,80.73967742919922,1031654019.0,172061.48063291074,0,85.96770871639444,171975.51292419434,2130,855.9969990272681,18000,Neutral,36.19558081973739,88.5388,107.7628,86.1878,69.1349,44.1464,134.53103637695312,-4.6458,AVAX-USD,0.5142,Neutral,0.4165,0.5262,50.98868185581438,54,432.8500061035156,0.0,0.0
2021-12-11,86.39281463623047,80.78770446777344,86.99547576904297,79.29241943359375,86.39281463623047,807032061.0,184102.6628838873,0,85.96770871639444,184016.6951751709,2130,922.892455977138,18000,Neutral,33.16358601888619,87.1535,105.6524,86.7217,69.7045,44.3516,134.53103637695312,-4.1651,AVAX-USD,0.5142,Neutral,0.4165,0.5262,50.98868185581438,54,432.8500061035156,0.0,0.0
2021-12-12,88.10911560058594,86.42890930175781,88.9035415649414,83.03515625,88.10911560058594,595911581.0,187758.38393796445,0,85.96770871639444,187672.41622924805,2130,943.2020173886775,18000,Neutral,35.74822535178568,86.7849,103.3313,87.271,70.2881,44.5702,134.53103637695312,-3.5434,AVAX-USD,0.5142,Neutral,0.4165,0.5262,50.98868185581438,54,432.8500061035156,0.0,0.0
2021-12-13,79.14962768554688,88.10356140136719,90.01011657714844,75.78592681884766,79.14962768554688,1146609022.0,168674.67467893125,0,85.96770871639444,168588.70697021484,2130,837.1814103940486,18000,Neutral,23.701302567905074,83.9706,101.0972,87.6554,70.7911,44.7569,134.53103637695312,-3.5896,AVAX-USD,0.5028,Neutral,0.4325,0.5351,49.38335005344622,54,429.010009765625,0.0,0.0
2021-12-14,87.31190490722656,79.05278015136719,87.49442291259766,76.62258911132812,87.31190490722656,1039726774.0,186060.32516110898,0,85.96770871639444,185974.35745239258,2130,933.7683575172582,18000,Neutral,30.847609710764843,84.3406,99.4514,88.1731,71.3588,44.9988,134.53103637695312,-2.8666,AVAX-USD,0.4926,Neutral,0.4442,0.5205,48.162622217685055,54,426.0899963378906,0.0,0.0
2021-12-15,101.18144989013672,87.27359008789062,105.26960754394533,86.30692291259766,101.18144989013672,2397339948.0,215602.4559747076,0,85.96770871639444,215516.4882659912,2130,1097.8913064816952,18000,Neutral,40.6696592109135,88.429,98.3781,88.9014,72.0059,45.3109,134.53103637695312,-1.2818,AVAX-USD,0.5094,Neutral,0.4228,0.5036,50.946873748650205,54,432.75,0.0,0.0
2021-12-16,98.40188598632812,101.20960235595705,109.77005004882812,98.1049575805664,98.40188598632812,1843664083.0,209681.9848595953,0,85.96770871639444,209596.0171508789,2130,1064.9998002866269,18000,Neutral,44.76547350626252,90.8308,98.1067,89.6068,72.5769,45.607,134.53103637695312,-0.3953,AVAX-USD,0.4983,Neutral,0.4346,0.5242,49.312274995462815,54,428.8399963378906,0.0,0.0
2021-12-17,111.0087661743164,98.18189239501952,115.90923309326172,98.18189239501952,111.0087661743164,2509017517.0,236534.63966001035,0,85.96770871639444,236448.67195129395,2130,1214.1812158444882,18000,Neutral,51.39715391204358,95.4107,97.9933,90.5324,73.2466,45.9616,134.53103637695312,1.0478,AVAX-USD,0.4897,Neutral,0.4559,0.5286,47.45193542806645,54,424.3900146484375,0.0,0.0
2021-12-18,116.0168685913086,111.01048278808594,117.37393188476562,105.63433074951172,116.0168685913086,1589986609.0,247201.8978082037,0,85.96770871639444,247115.9300994873,2130,1273.443761112229,18000,Neutral,62.50735061759211,102.7842,98.2647,91.5191,73.8869,46.3448,134.53103637695312,2.2186,AVAX-USD,0.4897,Neutral,0.4559,0.5286,47.45193542806645,54,424.3900146484375,0.0,0.0
2021-12-19,107.6737823486328,115.85147857666016,116.6953125,106.94422149658205,107.6737823486328,1025197695.0,229431.12411130426,0,85.96770871639444,229345.15640258786,2130,1174.7172405738986,18000,Neutral,61.671957203458376,106.8566,97.6355,92.321,74.4193,46.6956,134.53103637695312,2.2921,AVAX-USD,0.4897,Neutral,0.4559,0.5286,47.45193542806645,54,424.3900146484375,0.0,0.0
2021-12-20,113.40851593017578,107.68035125732422,115.92378997802734,101.05682373046876,113.40851593017578,2014776080.0,241646.10663999082,0,85.96770871639444,241560.1389312744,2130,1242.5782546221574,18000,Neutral,60.92393264130651,109.302,97.2887,93.1893,75.0016,47.0774,134.53103637695312,2.5803,AVAX-USD,0.486,Neutral,0.4655,0.5088,45.53304920098854,54,419.7999877929688,0.0,0.0
2021-12-21,123.33294677734376,113.4013442993164,124.01820373535156,110.93278503417967,123.33294677734376,1732104245.0,262785.14434445865,0,85.96770871639444,262699.17663574225,2130,1360.017352980312,18000,Neutral,66.94321097269481,114.2882,97.4678,94.1539,75.6423,47.5015,134.53103637695312,3.2197,AVAX-USD,0.4958,Neutral,0.4488,0.5166,48.63628171373813,54,425.6900024414063,1.533,0.0
2021-12-22,116.47735595703124,123.37736511230467,127.42166137695312,116.06968688964844,116.47735595703124,1353772414.0,248182.73589719294,0,85.96770871639444,248096.76818847653,2130,1278.8928616066137,18000,Neutral,61.3895944112466,115.3819,97.8984,95.0042,76.1517,47.8766,134.53103637695312,3.0055,AVAX-USD,0.5112,Neutral,0.4326,0.5423,50.433915499409764,54,429.989990234375,0.0,0.0
2021-12-23,121.20996856689452,116.7321319580078,124.98141479492188,116.47274017333984,121.20996856689452,1261376043.0,258263.20075620172,0,85.96770871639444,258177.23304748532,2130,1334.8954441566625,18000,Neutral,68.04228256868296,116.4205,98.552,95.9491,76.7775,48.2657,134.53103637695312,2.9688,AVAX-USD,0.5041,Neutral,0.425,0.5634,51.54177292806645,54,432.6400146484375,0.0,0.0
2021-12-24,114.97645568847656,121.40023040771484,124.61206817626952,113.66439056396484,114.97645568847656,1136972581.0,244985.81832517148,0,85.96770871639444,244899.85061645508,2130,1261.1322084287167,18000,Neutral,67.01979993362727,117.881,99.6568,96.7016,77.3905,48.6267,134.53103637695312,2.395,AVAX-USD,0.5008,Neutral,0.4214,0.5857,51.54177292806645,54,432.6400146484375,0.0,0.0
2021-12-25,115.03192901611328,115.06106567382812,117.17230224609376,112.56621551513672,115.03192901611328,878551694.0,245103.9765130377,0,85.96770871639444,245018.0088043213,2130,1261.7886428057511,18000,Neutral,65.07613843784628,118.2057,101.1189,97.471,77.9318,48.9896,134.53103637695312,1.8857,AVAX-USD,0.5008,Neutral,0.4214,0.5857,51.54177292806645,54,432.6400146484375,0.0,0.0
2021-12-26,115.21482849121094,115.00640106201172,117.93435668945312,109.57318878173828,115.21482849121094,963393172.0,245493.5523949957,0,85.96770871639444,245407.5846862793,2130,1263.9529532610734,18000,Neutral,64.50306904339342,116.5821,102.2136,98.3659,78.4736,49.3325,134.53103637695312,1.4473,AVAX-USD,0.5008,Neutral,0.4214,0.5857,51.54177292806645,54,432.6400146484375,0.0,0.0
2021-12-27,113.59861755371094,115.11151123046876,120.84335327148438,113.39905548095705,113.59861755371094,942094550.0,242051.0230981207,0,85.96770871639444,241965.0553894043,2130,1244.8277905006566,18000,Neutral,70.00407763852097,116.0064,103.396,99.1854,79.0243,49.673,134.53103637695312,0.971,AVAX-USD,0.5147,Neutral,0.4193,0.6287,54.1211685613401,54,438.80999755859375,0.0,0.0
2021-12-28,107.21561431884766,113.75952911376952,116.6115264892578,104.70208740234376,107.21561431884766,1435837733.0,228455.2262078619,0,85.96770871639444,228369.2584991455,2130,1169.2955855547746,18000,Neutral,61.80169407904707,113.2075,104.0957,99.8928,79.5734,49.9893,134.53103637695312,0.2224,AVAX-USD,0.5153,Neutral,0.4188,0.6553,53.98321584154573,54,438.4800109863281,0.0,0.0
2021-12-29,102.99812316894533,107.12451934814452,110.5587158203125,102.69532775878906,102.99812316894533,1091704197.0,219471.97005856995,0,85.96770871639444,219386.00234985354,2130,1119.388606947597,18000,Neutral,51.21640946923037,110.8118,104.9725,100.5692,80.1027,50.2687,134.53103637695312,-0.5364,AVAX-USD,0.5102,Neutral,0.4104,0.6657,54.20478477566846,54,439.010009765625,0.0,0.0
2021-12-30,101.92827606201172,103.09717559814452,105.36145782470705,98.32600402832033,101.92827606201172,1015886046.0,217193.19572080136,0,85.96770871639444,217107.22801208496,2130,1106.7287495155492,18000,Neutral,52.41653152641166,108.1911,106.0319,101.1965,80.6026,50.5669,134.53103637695312,-1.0811,AVAX-USD,0.5103,Neutral,0.414,0.6776,53.686387211310276,54,437.7699890136719,0.0,0.0
2021-12-31,109.2704849243164,101.84952545166016,111.50146484375,100.36100769042967,109.2704849243164,1323734905.0,232832.10059751035,0,85.96770871639444,232746.13288879395,2130,1193.6115543861547,18000,Neutral,48.7161730416624,107.0022,107.1758,101.9331,81.1153,50.8753,134.53103637695312,-0.9649,AVAX-USD,0.515,Neutral,0.402,0.6824,53.18472819946949,54,436.5700073242188,0.0,0.0
2022-01-01,114.15801239013672,109.3815689086914,114.22386169433594,108.72711944580078,114.15801239013672,784319683.0,244241.5066775961,0,57.5181750936531,244183.98850250244,2139,1185.5814984925973,19000,"cash_0%_Buy 100% of cash (9 shares - DCA Strategy) Monthly invest 5.3% of total investment ($1,000.00)",48.62467155568973,107.1141,108.4783,102.7094,81.684,51.1927,134.53103637695312,-0.5834,AVAX-USD,0.5152,Neutral,0.4022,0.6785,52.03893329653239,57,436.5700073242188,0.0,0.0
2022-01-02,113.18633270263672,114.20470428466795,117.31509399414062,112.21388244628906,113.18633270263672,777052324.0,242163.0838260336,0,57.5181750936531,242105.56565093994,2139,1174.6424308527946,19000,Neutral,54.57798098988011,108.3082,110.1801,103.3386,82.2343,51.5058,134.53103637695312,-0.3991,AVAX-USD,0.5152,Neutral,0.4022,0.6785,52.03893329653239,57,436.5700073242188,0.0,0.0
2022-01-03,108.14521026611328,113.17340850830078,113.9012680053711,106.4570541381836,108.14521026611328,894675873.0,231380.12293430997,0,57.5181750936531,231322.6047592163,2139,1117.8900051068808,19000,Neutral,45.57806559727446,109.3377,111.2218,103.8195,82.7341,51.7967,134.53103637695312,-0.5817,AVAX-USD,0.5067,Neutral,0.392,0.6667,53.15498504096729,57,439.25,0.0,0.0
2022-01-04,103.23924255371094,108.14706420898438,109.1161117553711,103.23924255371094,103.23924255371094,918513472.0,220886.25799748136,0,57.5181750936531,220828.7398223877,2139,1062.6591370183091,19000,Neutral,31.563767537269754,109.5999,111.3247,104.3007,83.2024,52.0643,134.53103637695312,-0.9766,AVAX-USD,0.4951,Neutral,0.3937,0.669,53.080029186943364,57,439.0700073242188,0.0,0.0
2022-01-05,97.85257720947266,103.26068115234376,106.46910858154295,91.3768539428711,97.85257720947266,1168896098.0,209364.18082615567,0,57.5181750936531,209306.662651062,2139,1002.0166255902793,19000,Neutral,32.438142899258494,107.3163,111.2972,104.6202,83.7045,52.3274,134.53103637695312,-1.5164,AVAX-USD,0.4686,Neutral,0.4131,0.677,49.57778108655803,57,430.6600036621094,0.0,0.0
2022-01-06,95.19853973388672,97.83151245117188,97.83151245117188,91.26378631591795,95.19853973388672,909261500.0,203687.19466587735,0,57.5181750936531,203629.6764907837,2139,972.1377510624985,19000,Neutral,24.472394392772486,103.5244,110.5067,104.7451,84.189,52.5706,134.53103637695312,-1.9611,AVAX-USD,0.4683,Neutral,0.411,0.6826,49.336239723116265,57,430.0799865722656,0.0,0.0
2022-01-07,86.76771545410156,95.1787109375,95.29039001464844,85.43051147460938,86.76771545410156,1163318424.0,185653.6615314169,0,57.5181750936531,185596.14335632324,2139,877.2244187758646,19000,Neutral,23.46056800811276,98.2407,109.0442,104.6715,84.5723,52.7988,134.53103637695312,-2.6815,AVAX-USD,0.463,Neutral,0.4061,0.6841,48.71575063921216,57,428.5899963378906,0.0,0.0
2022-01-08,84.05683898925781,86.75174713134766,89.4328384399414,79.60858917236328,84.05683898925781,1021954391.0,179855.09677311612,0,57.5181750936531,179797.57859802246,2139,846.7056568900709,19000,Neutral,22.244722865407,93.423,107.8634,104.5982,84.8629,53.0032,134.53103637695312,-3.1987,AVAX-USD,0.463,Neutral,0.4061,0.6841,48.71575063921216,57,428.5899963378906,0.0,0.0
2022-01-09,89.20655822753906,84.04851531982422,91.79698944091795,82.92852783203125,89.20655822753906,900030318.0,190870.34622379972,0,57.5181750936531,190812.82804870605,2139,904.680653998932,19000,Neutral,28.60006860119354,90.6164,106.6533,104.6633,85.1299,53.221,134.53103637695312,-3.049,AVAX-USD,0.463,Neutral,0.4061,0.6841,48.71575063921216,57,428.5899963378906,0.0,0.0
2022-01-10,84.5326156616211,89.2571029663086,90.84400939941406,80.86058807373047,84.5326156616211,1138103402.0,180872.78307530118,0,57.5181750936531,180815.26490020752,2139,852.0619005857818,19000,Neutral,27.229893066403974,87.9525,104.7133,104.6045,85.3405,53.4298,134.53103637695312,-3.1084,AVAX-USD,0.4602,Neutral,0.4107,0.6853,48.4825461764553,57,428.0299987792969,0.0,0.0
2022-01-11,89.50181579589844,84.52545928955078,90.85680389404295,83.47099304199219,89.50181579589844,719261554.0,191501.90216252042,0,57.5181750936531,191444.38398742676,2139,908.0046326237779,19000,GeoWatch,35.80877784065204,86.8131,103.3645,104.6841,85.6438,53.6506,134.53103637695312,-2.6552,AVAX-USD,0.493,GeoWatch,0.4072,0.7123,50.04419001207174,57,431.7799987792969,0.0,0.0
2022-01-12,95.8235092163086,89.52240753173828,96.76172637939452,88.98726654052734,95.8235092163086,962440339.0,205024.00438877774,0,57.5181750936531,204966.48621368408,2139,979.1735917093426,19000,GeoWatch,44.43960378664004,88.6243,102.0952,104.6602,86.0125,53.9096,134.53103637695312,-1.7945,AVAX-USD,0.4938,GeoWatch,0.4025,0.7416,50.58139904995706,57,433.0700073242188,0.0,0.0
2022-01-13,89.40788269042969,95.8235092163086,97.10579681396484,89.40788269042969,89.40788269042969,756890649.0,191300.97924992276,0,57.5181750936531,191243.4610748291,2139,906.947143610106,19000,GeoWatch,41.03907977791011,89.6945,100.8167,104.5603,86.2773,54.1287,134.53103637695312,-1.5674,AVAX-USD,0.4879,GeoWatch,0.4236,0.7585,48.09526155530803,57,427.1000061035156,0.0,0.0
2022-01-14,90.3405303955078,89.4791030883789,91.63262939453124,87.66128540039062,90.3405303955078,640737088.0,193295.91269108484,0,57.5181750936531,193238.39451599118,2139,917.4467933004327,19000,GeoWatch,35.08313795380124,89.9213,99.5822,104.5068,86.4648,54.4077,134.53103637695312,-1.2576,AVAX-USD,0.4779,GeoWatch,0.4123,0.7736,48.14940057499983,57,427.2300109863281,0.0,0.0
2022-01-15,93.3158187866211,90.35389709472656,94.32180786132812,89.82750701904297,93.3158187866211,514349943.0,199660.05455967618,0,57.5181750936531,199602.53638458252,2139,950.9422768193346,19000,GeoWatch,33.065946052096194,91.6779,98.4872,104.4291,86.6597,54.6915,134.53103637695312,-0.7681,AVAX-USD,0.4779,GeoWatch,0.4123,0.7736,48.14940057499983,57,427.2300109863281,0.0,0.0
2022-01-16,92.23979949951172,93.30461120605467,94.83049774169922,92.00743103027344,92.23979949951172,498172515.0,197358.44930454923,0,57.5181750936531,197300.93112945557,2139,938.8285649502452,19000,GeoWatch,33.00997777902644,92.2255,97.4193,104.1697,86.8532,54.985,134.53103637695312,-0.4626,AVAX-USD,0.4779,GeoWatch,0.4123,0.7736,48.14940057499983,57,427.2300109863281,0.0,0.0
2022-01-17,86.75066375732422,92.25555419921876,92.41230010986328,85.69480895996094,86.75066375732422,613946950.0,185617.18795201016,0,57.5181750936531,185559.6697769165,2139,877.0324525684608,19000,GeoWatch,32.77179904444026,90.4109,96.396,103.9447,86.9922,55.2679,134.53103637695312,-0.5908,AVAX-USD,0.4696,GeoWatch,0.4125,0.7817,48.14940057499983,57,427.2300109863281,0.0,0.0
2022-01-18,86.01341247558594,86.7541275024414,87.32592010498047,83.92218017578125,86.01341247558594,519434644.0,184040.20746037198,0,57.5181750936531,183982.68928527832,2139,868.7325552440492,19000,GeoWatch,35.13038729601425,89.732,95.5468,103.5112,87.2367,55.5606,134.53103637695312,-0.6636,AVAX-USD,0.4358,GeoWatch,0.4353,0.7821,45.03026864541934,57,419.739990234375,0.0,0.0
2022-01-19,82.90330505371094,86.02388763427734,86.35029602050781,81.42071533203125,82.90330505371094,538783322.0,177387.68768498136,0,57.5181750936531,177330.1695098877,2139,833.719293268309,19000,GeoWatch,36.5676124305409,88.2446,94.5955,102.7968,87.4357,55.8252,134.53103637695312,-0.8635,AVAX-USD,0.4272,GeoWatch,0.448,0.7975,43.19377396969159,57,415.3299865722656,0.0,0.0
2022-01-20,79.0684585571289,82.89617919921875,87.64208984375,79.0684585571289,79.0684585571289,301646934.0,169184.9510287924,0,57.5181750936531,169127.43285369873,2139,790.5469950778408,19000,GeoWatch,35.8077758975959,85.3951,93.0854,101.9712,87.4764,56.0736,134.53103637695312,-1.1904,AVAX-USD,0.4119,GeoWatch,0.4615,0.8178,41.290660340624825,57,410.760009765625,0.0,0.0
2022-01-21,65.92256164550781,79.13545227050781,80.30150604248047,64.55644989013672,65.92256164550781,1061162871.0,141065.87753483487,0,57.5181750936531,141008.3593597412,2139,642.5518714254329,19000,GeoWatch,33.06435556785338,80.1317,90.6737,100.8278,87.3889,56.2612,134.53103637695312,-2.2771,AVAX-USD,0.3926,GeoWatch,0.4916,0.8214,37.929999756292645,57,402.6900024414063,0.0,0.0
2022-01-22,59.72904968261719,65.96820831298828,67.46713256835938,53.939334869384766,59.72904968261719,1333878308.0,127817.95544621181,0,57.5181750936531,127760.43727111816,2139,572.8259656958379,19000,GeoWatch,31.293478237913632,74.7274,88.0008,99.7594,87.2833,56.4309,134.53103637695312,-3.3347,AVAX-USD,0.3926,GeoWatch,0.4916,0.8214,37.929999756292645,57,402.6900024414063,0.0,0.0
2022-01-23,64.72541046142578,59.79318237304688,66.7040023803711,59.43529510498047,64.72541046142578,897015183.0,138505.1711520834,0,57.5181750936531,138447.65297698975,2139,629.0744694109515,19000,GeoWatch,31.13105372663091,70.4698,85.8298,98.8343,87.2528,56.6308,134.53103637695312,-3.4569,AVAX-USD,0.3926,GeoWatch,0.4916,0.8214,37.929999756292645,57,402.6900024414063,0.0,0.0
2022-01-24,62.87763214111328,64.75294494628906,64.80488586425781,55.57115173339844,62.87763214111328,1159701823.0,134552.77332493497,0,57.5181750936531,134495.2551498413,2139,608.2723755838545,19000,GeoWatch,32.549072169258565,66.4646,83.8117,97.8382,87.2196,56.8256,134.53103637695312,-3.4908,AVAX-USD,0.3921,GeoWatch,0.5004,0.8184,38.629613144563194,57,404.3699951171875,0.0,0.0
2022-01-25,67.90058898925781,62.8973388671875,70.34447479248047,61.89265441894531,67.90058898925781,994124979.0,145296.87802311612,0,57.5181750936531,145239.35984802246,2139,664.8202950479658,19000,GeoWatch,32.60746172717194,64.231,82.3141,97.2393,87.2312,57.0397,134.53103637695312,-2.8873,AVAX-USD,0.3796,GeoWatch,0.5092,0.8289,36.584899290753256,57,399.4599914550781,0.0,0.0
2022-01-26,65.99578857421875,67.89398956298828,72.9193344116211,64.65972900390625,65.99578857421875,1166402419.0,141222.50993534757,0,57.5181750936531,141164.9917602539,2139,643.3762524807629,19000,GeoWatch,24.144791532334068,64.2457,80.854,96.4513,87.2686,57.239,134.53103637695312,-2.4647,AVAX-USD,0.3685,GeoWatch,0.511,0.8216,36.21010731194332,57,398.55999755859375,0.0,0.0
2022-01-27,64.69680786132812,65.96631622314453,67.78236389160156,61.33854293823242,64.69680786132812,798856523.0,138443.99019047452,0,57.5181750936531,138386.47201538086,2139,628.7524643498521,19000,GeoWatch,26.495005135070656,65.2392,79.7505,95.6865,87.2617,57.4345,134.53103637695312,-2.1255,AVAX-USD,0.3734,GeoWatch,0.5025,0.7955,35.36890640761969,57,396.5400085449219,0.0,0.0
2022-01-28,67.12731170654297,64.63536071777344,67.32410430908203,61.94146728515625,67.12731170654297,664566075.0,143642.83791538907,0,57.5181750936531,143585.3197402954,2139,656.1148207967708,19000,GeoWatch,28.53149987376881,65.7196,78.904,94.8009,87.2647,57.6364,134.53103637695312,-1.5264,AVAX-USD,0.3987,GeoWatch,0.4813,0.7717,39.416687737885084,57,406.260009765625,0.0,0.0
2022-01-29,72.12027740478516,67.1183853149414,73.44132995605469,67.0089111328125,72.12027740478516,697610539.0,154322.7915439291,0,57.5181750936531,154265.27336883545,2139,712.3251030522447,19000,GeoWatch,31.1027820071765,67.5682,78.0497,93.9972,87.3026,57.8525,134.53103637695312,-0.5541,AVAX-USD,0.3987,GeoWatch,0.4813,0.7717,39.416687737885084,57,406.260009765625,0.0,0.0
2022-01-30,67.97378540039062,72.10572052001953,72.23008728027344,67.01190948486328,67.97378540039062,534098086.0,145453.4451465292,0,57.5181750936531,145395.92697143555,2139,665.6443325396136,19000,GeoWatch,29.488281938735085,67.5828,77.2217,93.1343,87.2922,58.0597,134.53103637695312,-0.1908,AVAX-USD,0.3987,GeoWatch,0.4813,0.7717,39.416687737885084,57,406.260009765625,0.0,0.0
2022-01-31,69.99242401123047,67.982177734375,70.55558776855469,64.40384674072266,69.99242401123047,700410198.0,149771.31313511563,0,57.5181750936531,149713.79496002197,2139,688.3699535321737,19000,GeoWatch,34.95158827507814,68.3821,76.2463,92.503,87.3029,58.2795,134.53103637695312,0.3098,AVAX-USD,0.4206,GeoWatch,0.4594,0.7625,42.51082167410087,57,413.6900024414063,0.0,0.0
2022-02-01,73.44881439208984,69.98311614990234,73.74280548095703,68.84741973876953,73.44881439208984,843353375.0,158163.50387637233,0,28.206490202906252,158135.29738616943,2153,690.9174037818478,20000,"cash_0%_Buy 100% of cash (14 shares - DCA Strategy) Monthly invest 5.0% of total investment ($1,000.00)",39.242681068398426,70.1325,75.1275,91.9249,87.3719,58.513,134.53103637695312,1.0019,AVAX-USD,0.4373,GeoWatch,0.4381,0.7493,42.63402848089157,60,416.3900146484375,0.0,0.0
2022-02-02,67.87997436523438,73.43240356445312,74.50801849365234,67.75288391113281,67.87997436523438,875718764.0,146173.7912985525,0,28.206490202906252,146145.5848083496,2153,630.9688408927486,20000,GeoWatch,37.6572570868956,70.2831,74.0511,91.5082,87.3989,58.7312,134.53103637695312,0.9788,AVAX-USD,0.4468,GeoWatch,0.4402,0.7466,44.281029840161,60,420.3599853515625,0.0,0.0
2022-02-03,68.10771942138672,67.86044311523438,68.85530090332031,65.3459701538086,68.10771942138672,695260121.0,146664.1264044485,0,28.206490202906252,146635.9199142456,2153,633.4205164222287,20000,GeoWatch,40.4276133258068,69.4805,72.9395,91.2135,87.4655,58.953,134.53103637695312,1.0133,AVAX-USD,0.4197,GeoWatch,0.4546,0.7472,40.227804668272796,60,410.5899963378906,0.0,0.0
2022-02-04,77.31163787841797,68.10842895507812,77.4994888305664,67.62190246582031,77.31163787841797,965938411.0,166480.16284243678,0,28.206490202906252,166451.9563522339,2153,732.50069861217,20000,GeoWatch,60.68195573395838,71.3481,72.1393,90.9467,87.5973,59.211,134.53103637695312,1.8837,AVAX-USD,0.4246,GeoWatch,0.4416,0.7505,41.02849081890098,60,412.5199890136719,0.0,0.0
2022-02-05,77.2494888305664,77.46501159667969,80.75987243652344,75.34907531738281,77.2494888305664,797735218.0,166346.35594241237,0,28.206490202906252,166318.14945220947,2153,731.831664112048,20000,GeoWatch,68.56823727482028,72.7995,71.3898,90.735,87.7367,59.4738,134.53103637695312,2.4039,AVAX-USD,0.4246,GeoWatch,0.4416,0.7505,41.02849081890098,60,412.5199890136719,0.0,0.0
2022-02-06,78.75726318359375,77.24199676513672,78.92948913574219,74.62030029296875,78.75726318359375,506746738.0,169592.59412448024,0,28.206490202906252,169564.38763427734,2153,748.0628550223873,20000,GeoWatch,66.05845043601471,73.8612,70.9901,90.4939,87.8883,59.7461,134.53103637695312,2.8082,AVAX-USD,0.4246,GeoWatch,0.4416,0.7505,41.02849081890098,60,412.5199890136719,0.0,0.0
2022-02-07,83.16699981689453,78.79586791992188,85.17305755615234,77.64534759521484,83.16699981689453,912462594.0,179086.75709597682,0,28.206490202906252,179058.55060577393,2153,795.5336698798702,20000,GeoWatch,71.93355423856974,76.9186,70.8478,90.4557,88.1098,60.0361,134.53103637695312,3.3569,AVAX-USD,0.4229,GeoWatch,0.4386,0.7619,40.464280679806805,60,411.1600036621094,0.0,0.0
2022-02-08,86.62419891357422,83.21994018554688,92.3720245361328,82.05577850341797,86.62419891357422,2252177846.0,186530.1067511282,0,28.206490202906252,186501.9002609253,2153,832.750418155627,20000,GeoWatch,70.95013386315175,80.6219,71.0338,90.5538,88.3708,60.3355,134.53103637695312,3.8651,AVAX-USD,0.4303,GeoWatch,0.4299,0.7732,41.8457751091116,60,414.489990234375,0.0,0.0
2022-02-09,90.02086639404297,86.54501342773438,91.92845916748048,84.78197479248047,90.02086639404297,1053167954.0,193843.1318365774,0,28.206490202906252,193814.9253463745,2153,869.3155435828733,20000,GeoWatch,76.01355308746939,83.1638,71.5814,90.6142,88.668,60.6482,134.53103637695312,4.2944,AVAX-USD,0.4619,GeoWatch,0.42,0.7846,44.3681605774657,60,420.5700073242188,0.0,0.0
2022-02-10,91.13622283935548,90.02754211425781,94.98809814453124,85.36730194091797,91.13622283935548,1616543856.0,196244.49426333525,0,28.206490202906252,196216.28777313235,2153,881.3223557166624,20000,GeoWatch,78.74200785426075,85.9411,72.8421,90.6647,88.9678,60.9647,134.53103637695312,4.4482,AVAX-USD,0.4385,GeoWatch,0.4504,0.7948,41.30230314899232,60,413.1799926757813,0.0,0.0
2022-02-11,81.73299407958984,91.16791534423828,92.49352264404295,80.30863952636719,81.73299407958984,1323311027.0,175999.34274355983,0,28.206490202906252,175971.13625335693,2153,780.0965981177854,20000,GeoWatch,63.78750375945047,86.5363,73.9423,90.7077,89.1816,61.2466,134.53103637695312,3.5871,AVAX-USD,0.4056,GeoWatch,0.4803,0.8076,37.88382071392053,60,404.9400024414063,0.0,0.0
2022-02-12,81.24567413330078,81.75880432128906,84.71503448486328,79.08057403564453,81.24567413330078,1123397419.0,174950.14289919948,0,28.206490202906252,174921.93640899658,2153,774.8505988959836,20000,GeoWatch,59.415107825325805,86.152,74.7683,90.6066,89.3899,61.5234,134.53103637695312,2.8436,AVAX-USD,0.4056,GeoWatch,0.4803,0.8076,37.88382071392053,60,404.9400024414063,0.0,0.0
2022-02-13,78.24311828613281,81.21289825439453,83.24366760253906,77.7585220336914,78.24311828613281,676959728.0,168485.64016024684,0,28.206490202906252,168457.43367004395,2153,742.5280852012205,20000,GeoWatch,60.851512140757116,84.4758,75.5366,90.2243,89.5629,61.7926,134.53103637695312,2.0073,AVAX-USD,0.4056,GeoWatch,0.4803,0.8076,37.88382071392053,60,404.9400024414063,0.0,0.0
2022-02-14,82.01966857910156,78.19771575927734,82.52238464355469,76.42424011230469,82.01966857910156,865000799.0,176616.55294100856,0,28.206490202906252,176588.34645080566,2153,783.1826491050291,20000,GeoWatch,62.25383467950995,82.8755,76.2426,89.9513,89.7791,62.0783,134.53103637695312,1.6892,AVAX-USD,0.4029,GeoWatch,0.4868,0.8301,37.33619605373785,60,403.6199951171875,0.0,0.0
2022-02-15,92.67250061035156,82.03217315673828,93.4301528930664,81.59640502929688,92.67250061035156,1272958909.0,199552.1003042898,0,28.206490202906252,199523.8938140869,2153,897.8603859214352,20000,GeoWatch,67.08107890445703,83.1828,77.5764,89.6457,90.089,62.4062,134.53103637695312,2.2417,AVAX-USD,0.4291,GeoWatch,0.4658,0.8409,40.02452493590371,60,410.1000061035156,0.0,0.0
2022-02-16,95.34611511230467,92.75029754638672,97.04877471923828,91.8302993774414,95.34611511230467,1729554621.0,205308.39232699486,0,28.206490202906252,205280.18583679196,2153,926.6418460349604,20000,GeoWatch,75.7286114830599,85.9054,79.1089,89.3012,90.4101,62.7568,134.53103637695312,2.6585,AVAX-USD,0.4407,GeoWatch,0.4532,0.8575,40.227804668272796,60,410.5899963378906,0.0,0.0
2022-02-17,88.12377166748047,95.24654388427734,98.5736846923828,86.66361999511719,88.12377166748047,1798309218.0,189758.68689028834,0,28.206490202906252,189730.48040008545,2153,848.893318851428,20000,GeoWatch,66.57747144565005,87.281,80.1587,88.9753,90.6482,63.0801,134.53103637695312,2.2174,AVAX-USD,0.4071,GeoWatch,0.4859,0.8835,36.606029840161014,60,401.8599853515625,0.0,0.0
2022-02-18,83.83697509765625,88.22450256347656,89.93944549560547,82.8497543334961,83.83697509765625,1283023478.0,180529.2138754568,0,28.206490202906252,180501.0073852539,2153,802.7459537772702,20000,GeoWatch,55.883545438573634,88.3998,80.7445,88.4825,90.8359,63.3828,134.53103637695312,1.4926,AVAX-USD,0.409,GeoWatch,0.484,0.8981,35.5398367595682,60,399.2900085449219,0.0,0.0
2022-02-19,85.09931945800781,83.8233413696289,86.30641174316406,81.18479919433594,85.09931945800781,850252533.0,183247.0412832937,0,28.206490202906252,183218.83479309082,2153,816.3350908164548,20000,GeoWatch,56.927830622849136,89.0157,81.6008,87.8453,90.9996,63.6895,134.53103637695312,1.0438,AVAX-USD,0.409,GeoWatch,0.484,0.8981,35.5398367595682,60,399.2900085449219,0.0,0.0
2022-02-20,77.33678436279297,85.10826873779297,85.54019165039062,76.74273681640625,77.33678436279297,984477195.0,166534.30322329616,0,28.206490202906252,166506.09673309326,2153,732.771400516467,20000,GeoWatch,48.87100653086202,85.9486,81.968,87.1929,91.0986,63.9689,134.53103637695312,0.1057,AVAX-USD,0.409,GeoWatch,0.484,0.8981,35.5398367595682,60,399.2900085449219,0.0,0.0
2022-02-21,69.98892974853516,77.30107116699219,82.57675170898438,69.78959655761719,69.98892974853516,1626858109.0,150714.3722387991,0,28.206490202906252,150686.1657485962,2153,653.6717455939815,20000,GeoWatch,39.99344666797362,80.8772,81.795,86.3392,91.1442,64.2177,134.53103637695312,-1.0772,AVAX-USD,0.4015,GeoWatch,0.484,0.9024,35.5398367595682,60,399.2900085449219,0.0,0.0
2022-02-22,74.57435607910156,69.99714660644531,74.75762939453125,67.46479797363281,74.57435607910156,1344001591.0,160586.79512850856,0,28.206490202906252,160558.58863830566,2153,703.0338600425289,20000,GeoWatch,41.00428052162742,78.1673,82.1297,85.6659,91.1837,64.483,134.53103637695312,-1.4288,AVAX-USD,0.3885,GeoWatch,0.4921,0.9133,33.7268793258161,60,394.9200134277344,0.0,0.0
2022-02-23,73.6986312866211,74.54203033447266,81.83544158935547,73.6986312866211,73.6986312866211,1699396767.0,158701.3596502981,0,28.206490202906252,158673.15316009521,2153,693.6066826514767,20000,GeoWatch,37.33816924785439,76.1396,82.4093,84.977,91.224,64.743,134.53103637695312,-1.6587,AVAX-USD,0.3637,GeoWatch,0.5084,0.9181,30.777183553078036,60,387.80999755859375,0.0,0.0
2022-02-24,76.52396392822266,73.66973114013672,79.31600952148438,64.83141326904297,76.52396392822266,3097306165.0,164784.30082766627,0,28.206490202906252,164756.09433746338,2153,724.0213885383176,20000,GeoWatch,38.95762235381861,74.4245,82.3699,84.3321,91.349,65.0125,134.53103637695312,-1.498,AVAX-USD,0.3693,GeoWatch,0.5,0.923,33.24977460268477,60,393.7699890136719,0.0,0.0
2022-02-25,80.8326187133789,76.53705596923828,81.85987091064453,72.94703674316406,80.8326187133789,1884195969.0,174060.83458010768,0,28.206490202906252,174032.62808990479,2153,770.4040573005246,20000,GeoWatch,49.26283194862123,75.1237,82.549,83.786,91.4857,65.2995,134.53103637695312,-0.9737,AVAX-USD,0.388,GeoWatch,0.4785,0.9152,36.817614972656784,60,402.3699951171875,0.0,0.0
2022-02-26,81.87970733642578,80.84786224365234,84.87239837646484,78.50370788574219,81.87970733642578,1419135253.0,176315.2163855276,0,28.206490202906252,176287.0098953247,2153,781.6759663276241,20000,GeoWatch,50.51438971557288,77.5019,82.7052,83.3638,91.6283,65.5938,134.53103637695312,-0.5093,AVAX-USD,0.388,GeoWatch,0.4785,0.9152,36.817614972656784,60,402.3699951171875,0.0,0.0
2022-02-27,74.9911880493164,81.79342651367188,82.26481628417969,73.75102233886719,74.9911880493164,1577126485.0,161484.23436038112,0,28.206490202906252,161456.02787017822,2153,707.5210562018917,20000,GeoWatch,47.518202249075166,77.5852,82.2964,82.897,91.7331,65.8599,134.53103637695312,-0.7424,AVAX-USD,0.388,GeoWatch,0.4785,0.9152,36.817614972656784,60,402.3699951171875,0.0,0.0
2022-02-28,84.3392333984375,74.9775390625,85.3944320678711,72.12709045410156,84.3392333984375,1906636314.0,181610.57599703883,0,28.206490202906252,181582.36950683594,2153,808.1527643851804,20000,GeoWatch,51.63149461284268,79.7133,82.1821,82.6038,91.9002,66.1634,134.53103637695312,-0.0952,AVAX-USD,0.3914,GeoWatch,0.5069,0.921,36.39859740772857,60,401.3599853515625,0.0,0.0
2022-03-01,86.73593139648438,84.3472671508789,90.67776489257812,83.9691390991211,86.73593139648438,2279596412.0,187769.71269158841,0,73.15714959621687,187696.5555419922,2164,794.24137340755,21000,"cash_0%_Buy 100% of cash (11 shares - DCA Strategy) Monthly invest 4.8% of total investment ($1,000.00)",45.27576255721956,81.7557,82.0179,82.2283,92.0807,66.4733,134.53103637695312,0.5063,AVAX-USD,0.3912,GeoWatch,0.5443,0.9293,33.043681983202376,62,395.3399963378906,0.0,0.0
2022-03-02,83.29166412353516,86.74607849121094,89.7020492553711,82.61300659179688,83.29166412353516,1610175795.0,180316.3183129263,0,73.15714959621687,180243.16116333008,2164,758.7490192234449,21000,GeoWatch,40.52347340150591,82.2475,81.6257,81.7138,92.2116,66.7703,134.53103637695312,0.5846,AVAX-USD,0.4054,GeoWatch,0.5153,0.9359,36.03480600663988,62,402.6000061035156,0.0,0.0
2022-03-03,78.55764770507812,83.30426788330078,84.25336456298828,77.35932159423828,78.55764770507812,1534290692.0,170071.9067833853,0,73.15714959621687,169998.74963378906,2164,709.9661071780115,21000,GeoWatch,42.17345216618272,81.5831,81.4669,81.1367,92.2376,67.042,134.53103637695312,0.2316,AVAX-USD,0.4072,GeoWatch,0.5151,0.9503,35.202557959764874,62,400.5799865722656,0.0,0.0
2022-03-04,75.65424346923828,78.61939239501953,82.02667999267578,75.15409851074219,75.65424346923828,1871411668.0,163788.94001702787,0,73.15714959621687,163715.78286743164,2164,680.0472178144046,21000,GeoWatch,43.15022291072369,81.7157,81.1873,80.5952,92.2073,67.3026,134.53103637695312,-0.2323,AVAX-USD,0.4023,GeoWatch,0.5323,0.9831,33.867681983202374,62,397.3399963378906,0.0,0.0
2022-03-05,76.72742462158203,75.69320678710938,78.55117797851562,73.64894104003906,76.72742462158203,993285550.0,166111.30403069974,0,73.15714959621687,166038.14688110352,2164,691.1060940699849,21000,GeoWatch,42.96960902087037,80.1934,81.1115,80.1533,92.227,67.5718,134.53103637695312,-0.4263,AVAX-USD,0.4023,GeoWatch,0.5323,0.9831,33.867681983202374,62,397.3399963378906,0.0,0.0
2022-03-06,72.52902221679688,76.73682403564453,76.99642944335938,72.52902221679688,72.52902221679688,913541519.0,157025.96122674466,0,73.15714959621687,156952.80407714844,2164,647.8425569082941,21000,GeoWatch,45.70556198494555,77.352,80.637,79.7312,92.1757,67.8218,134.53103637695312,-0.8643,AVAX-USD,0.4023,GeoWatch,0.5323,0.9831,33.867681983202374,62,397.3399963378906,0.0,0.0
2022-03-07,71.88053894042969,72.52704620361328,76.42012786865234,70.72230529785156,71.88053894042969,1144242245.0,155622.64341668607,0,73.15714959621687,155549.48626708984,2164,641.1600911461104,21000,GeoWatch,51.91935365753777,75.0698,79.5974,79.3426,92.0438,68.0712,134.53103637695312,-1.1489,AVAX-USD,0.3715,GeoWatch,0.5653,0.986,29.0349174568352,62,385.6099853515625,0.0,0.0
2022-03-08,72.9183578491211,71.8689193725586,76.38349914550781,71.50283813476562,72.9183578491211,1344906811.0,157868.48353509427,0,73.15714959621687,157795.32638549805,2164,651.8545679004351,21000,GeoWatch,48.189359971637714,73.9419,78.476,79.1118,91.8916,68.3233,134.53103637695312,-1.1802,AVAX-USD,0.3696,GeoWatch,0.551,0.9893,27.83600852128834,62,382.7000122070313,0.0,0.0
2022-03-09,77.71604919433594,72.94807434082031,80.16046905517578,72.57721710205078,77.71604919433594,1650128263.0,168250.6876061392,0,73.15714959621687,168177.53045654297,2164,701.2936349054108,21000,GeoWatch,54.04560740081147,74.3543,77.9556,79.0061,91.8021,68.5963,134.53103637695312,-0.7325,AVAX-USD,0.3843,GeoWatch,0.5261,0.9944,32.038400977343,62,392.8999938964844,0.0,0.0
2022-03-10,74.00409698486328,77.67362976074219,78.89118194580078,71.97984313964844,74.00409698486328,1200529915.0,160218.02302484037,0,73.15714959621687,160144.86587524414,2164,663.0428511849403,21000,GeoWatch,47.50696920025615,73.8096,77.464,78.7527,91.708,68.855,134.53103637695312,-0.7101,AVAX-USD,0.3749,GeoWatch,0.5043,0.9919,31.317400977343016,62,391.1499938964844,0.0,0.0
2022-03-11,71.2354736328125,74.00333404541016,76.78015899658203,70.99771118164062,71.2354736328125,1603071548.0,154226.72209100248,0,73.15714959621687,154153.56494140625,2164,634.5128467380932,21000,GeoWatch,40.20663342723025,73.5509,76.7708,78.5311,91.5678,69.1027,134.53103637695312,-0.8798,AVAX-USD,0.3683,GeoWatch,0.5091,0.9797,29.261525000780498,62,386.1600036621094,0.0,0.0
2022-03-12,71.002197265625,71.23540496826172,73.5116958618164,70.99976348876953,71.002197265625,635273265.0,153721.91203240873,0,73.15714959621687,153648.7548828125,2164,632.1089893162182,21000,GeoWatch,38.71261790008682,73.3752,76.4541,78.2228,91.4535,69.3512,134.53103637695312,-0.9497,AVAX-USD,0.3683,GeoWatch,0.5091,0.9797,29.261525000780498,62,386.1600036621094,0.0,0.0
2022-03-13,68.07599639892578,70.9842300415039,71.92495727539062,67.58920288085938,68.07599639892578,660710560.0,147389.61335687162,0,73.15714959621687,147316.4562072754,2164,601.9551860993748,21000,GeoWatch,42.18128749607075,72.4068,76.3584,77.7603,91.2103,69.5896,134.53103637695312,-1.1819,AVAX-USD,0.3683,GeoWatch,0.5091,0.9797,29.261525000780498,62,386.1600036621094,0.0,0.0
2022-03-14,68.89183807373047,68.07355499267578,71.4081802368164,65.81455993652344,68.89183807373047,1321137130.0,149155.09474114896,0,73.15714959621687,149081.93759155273,2164,610.3622403102194,21000,GeoWatch,28.358844200899497,70.6419,76.0743,77.4184,90.9893,69.8312,134.53103637695312,-1.1832,AVAX-USD,0.3515,GeoWatch,0.5098,0.944,28.099681983202384,62,383.3399963378906,0.0,0.0
2022-03-15,69.88738250732422,68.96440887451172,72.09981536865234,66.21990203857422,69.88738250732422,1034368302.0,151309.45289544584,0,73.15714959621687,151236.2957458496,2164,620.621088664014,21000,GeoWatch,25.43134186519825,69.8186,75.8837,77.0775,90.7921,70.0778,134.53103637695312,-1.0177,AVAX-USD,0.3725,GeoWatch,0.4976,0.8695,31.564603491991438,62,391.75,0.0,0.0
2022-03-16,74.18374633789062,69.87517547607422,74.55248260498047,68.17473602294922,74.18374633789062,1185387027.0,160606.78422479154,0,73.15714959621687,160533.6270751953,2164,664.8940949942316,21000,GeoWatch,37.04082197580317,70.4082,75.7667,76.7586,90.5939,70.3445,134.53103637695312,-0.462,AVAX-USD,0.386,GeoWatch,0.4704,0.8012,35.17372751542895,62,400.510009765625,0.0,0.0
2022-03-17,79.53851318359375,74.16508483886719,81.48091125488281,73.29824829101562,79.53851318359375,1764529990.0,172194.4996788931,0,73.15714959621687,172121.34252929688,2164,720.0736923947153,21000,GeoWatch,51.371396728804285,72.1155,75.702,76.5469,90.3583,70.6357,134.53103637695312,0.4008,AVAX-USD,0.3893,GeoWatch,0.4581,0.7932,37.19252500078049,62,405.4100036621094,0.0,0.0
2022-03-18,85.76238250732422,79.54116821289062,86.72459411621094,76.74211120605469,85.76238250732422,1877327168.0,185662.95289544584,0,73.15714959621687,185589.7957458496,2164,784.2091839021092,21000,GeoWatch,62.93195704177484,75.6528,75.8961,76.5305,90.2376,70.9496,134.53103637695312,1.4693,AVAX-USD,0.4014,GeoWatch,0.4483,0.7828,39.0382895271477,62,409.8900146484375,0.0,0.0
2022-03-19,89.69412231445312,85.74703979492188,92.08910369873048,85.71045684814453,89.69412231445312,1841027125.0,194171.2378380728,0,73.15714959621687,194098.08068847656,2164,824.7248264860472,21000,GeoWatch,65.45841682227521,79.8132,76.6313,76.5918,90.0515,71.2782,134.53103637695312,2.3916,AVAX-USD,0.4014,GeoWatch,0.4483,0.7828,39.0382895271477,62,409.8900146484375,0.0,0.0
2022-03-20,84.72430419921875,89.67147827148438,89.90343475341797,84.63639831542969,84.72430419921875,1451610365.0,183416.5514367056,0,73.15714959621687,183343.39428710938,2164,773.5120340985843,21000,GeoWatch,64.27618085770334,82.7806,76.6505,76.6222,89.7095,71.585,134.53103637695312,2.4364,AVAX-USD,0.4014,GeoWatch,0.4483,0.7828,39.0382895271477,62,409.8900146484375,0.0,0.0
2022-03-21,86.44969940185547,84.70832824707031,92.30826568603516,83.44412994384766,86.44969940185547,2083892142.0,187150.30665521146,0,73.15714959621687,187077.14950561523,2164,791.2918208533741,21000,GeoWatch,66.63567673763859,85.2338,76.6362,76.7452,89.3582,71.8986,134.53103637695312,2.4791,AVAX-USD,0.3942,GeoWatch,0.4402,0.818,39.04652500078049,62,409.9100036621094,0.0,0.0
2022-03-22,83.9814453125,86.41817474365234,89.70365905761719,83.87718963623047,83.9814453125,1746085611.0,181809.00480584623,0,73.15714959621687,181735.84765625,2164,765.8570501421111,21000,GeoWatch,62.232695218432156,86.1224,76.6707,77.0462,88.937,72.2017,134.53103637695312,2.178,AVAX-USD,0.4028,GeoWatch,0.4363,0.8475,41.007649024218,62,414.6700134277344,0.0,0.0
2022-03-23,86.25101470947266,83.998291015625,86.89187622070312,82.52220153808594,86.25101470947266,1478084261.0,186720.35298089506,0,73.15714959621687,186647.19583129883,2164,789.2444224042484,21000,GeoWatch,59.9961612853475,86.2201,77.0554,77.4882,88.6238,72.5132,134.53103637695312,2.0509,AVAX-USD,0.393,GeoWatch,0.4421,0.8876,38.807557959764864,62,409.3299865722656,0.0,0.0
2022-03-24,87.55538940429688,86.23018646240234,88.10556030273438,83.86492919921875,87.55538940429688,1626542540.0,189543.01982049466,0,73.15714959621687,189469.86267089844,2164,802.6856930690085,21000,GeoWatch,66.81984683119899,85.7924,77.6504,77.8687,88.3515,72.8284,134.53103637695312,1.9555,AVAX-USD,0.4024,GeoWatch,0.4267,0.9051,41.305926965624266,62,414.0199890136719,1.374,0.0
2022-03-25,83.66136932373047,87.5485610961914,87.62972259521484,82.8082504272461,83.66136932373047,1128008708.0,181116.36036614896,0,73.15714959621687,181043.20321655273,2164,762.5587432864098,21000,GeoWatch,65.00384610778498,85.5798,77.9971,78.2151,88.0266,73.1259,134.53103637695312,1.4784,AVAX-USD,0.3981,GeoWatch,0.4137,0.9177,42.17112948027271,62,416.1199951171875,0.0,0.0
2022-03-26,85.95565032958984,83.6706314086914,86.6893081665039,82.61127471923828,85.95565032958984,666311785.0,186081.18446282865,0,73.15714959621687,186008.02731323242,2164,786.2007627944083,21000,GeoWatch,67.19972339740298,85.481,78.6685,78.516,87.8777,73.4323,134.53103637695312,1.2656,AVAX-USD,0.3981,GeoWatch,0.4137,0.9177,42.17112948027271,62,416.1199951171875,0.0,0.0
2022-03-27,89.82484436035156,85.95684814453125,89.82484436035156,84.56608581542969,89.82484436035156,759068100.0,194454.120345397,0,73.15714959621687,194380.96319580078,2164,826.0718860447338,21000,GeoWatch,74.4847590016328,86.6497,79.5657,78.9132,87.6822,73.7524,134.53103637695312,1.3432,AVAX-USD,0.3981,GeoWatch,0.4137,0.9177,42.17112948027271,62,416.1199951171875,0.0,0.0
2022-03-28,89.60455322265625,89.84290313720703,96.07585144042967,88.66339111328125,89.60455322265625,1758254790.0,193977.41032342435,0,73.15714959621687,193904.25317382812,2164,823.8018383210546,21000,GeoWatch,73.6352184174626,87.3204,80.4,79.3283,87.5074,74.0691,134.53103637695312,1.2797,AVAX-USD,0.4053,GeoWatch,0.4051,0.8833,43.35356746855395,62,418.989990234375,0.0,0.0
2022-03-29,92.84088897705078,89.52398681640625,95.8762664794922,89.51457214355469,92.84088897705078,1642341694.0,200980.84089593412,0,73.15714959621687,200907.6837463379,2164,857.1515077139583,21000,GeoWatch,74.91789728256819,88.3775,81.1562,79.7569,87.2789,74.4023,134.53103637695312,1.3871,AVAX-USD,0.4296,GeoWatch,0.407,0.8399,45.537175012499276,62,424.2900085449219,0.0,0.0
2022-03-30,95.7799835205078,92.81395721435548,100.07888793945312,90.0029525756836,95.7799835205078,1755845999.0,207341.0414879751,0,73.15714959621687,207267.88433837888,2164,887.4381771998677,21000,GeoWatch,74.15632227067528,90.8012,82.245,80.1512,87.0742,74.7472,134.53103637695312,1.5627,AVAX-USD,0.4196,GeoWatch,0.4111,0.8209,44.44948897734302,62,421.6499938964844,0.0,0.0
2022-03-31,96.9246597290039,95.6927490234375,101.68537902832033,94.2611083984375,96.9246597290039,2201715680.0,209818.12080316068,0,73.15714959621687,209744.96365356445,2164,899.2337929864657,21000,GeoWatch,71.46919529509302,92.995,83.5295,80.6337,86.884,75.0988,134.53103637695312,1.6319,AVAX-USD,0.4045,GeoWatch,0.4206,0.7859,41.77973702421802,62,415.1700134277344,0.0,0.0
2022-04-01,96.69318389892578,97.12114715576172,99.65304565429688,90.77760314941406,96.69318389892578,1744656244.0,210316.14348184873,0,8.468501685145156,210307.67498016357,2175,856.0823547720258,22000,"cash_0%_Buy 100% of cash (11 shares - DCA Strategy) Monthly invest 4.5% of total investment ($1,000.00)",65.84242081122741,94.3687,84.814,81.0787,86.7909,75.4447,134.53103637695312,1.5291,AVAX-USD,0.4159,GeoWatch,0.4147,0.7394,41.29633199344802,66,416.3200073242188,0.0,0.0
2022-04-02,95.9732666015625,96.72045135498048,103.52545166015624,95.93728637695312,95.9732666015625,1575851403.0,208750.3233600836,0,8.468501685145156,208741.85485839844,2175,848.9649905821843,22000,GeoWatch,60.034846774173886,95.6424,86.2089,81.4541,86.6895,75.7869,134.53103637695312,1.2897,AVAX-USD,0.4159,GeoWatch,0.4147,0.7394,41.29633199344802,66,416.3200073242188,0.0,0.0
2022-04-03,98.0777816772461,95.99992370605467,100.01913452148438,94.85418701171876,98.0777816772461,1288604372.0,213327.6436496954,0,8.468501685145156,213319.17514801025,2175,869.7709918986017,22000,GeoWatch,73.49194644438532,96.6898,87.6682,81.9574,86.7328,76.1342,134.53103637695312,1.174,AVAX-USD,0.4159,GeoWatch,0.4147,0.7394,41.29633199344802,66,416.3200073242188,0.0,0.0
2022-04-04,95.5202178955078,98.05685424804688,98.05685424804688,91.22624969482422,95.5202178955078,1197451977.0,207764.94242441462,0,8.468501685145156,207756.47392272946,2175,844.4859863291434,22000,GeoWatch,65.50327137280816,96.6378,88.9499,82.4143,86.8139,76.4666,134.53103637695312,0.8155,AVAX-USD,0.4289,GeoWatch,0.407,0.7363,42.75013412229001,66,419.8500061035156,0.0,0.0
2022-04-05,91.0210952758789,95.60272216796876,97.57859802246094,90.96595764160156,91.0210952758789,1070364448.0,197979.35072672178,0,8.468501685145156,197970.88222503662,2175,800.0060240669034,22000,GeoWatch,61.25104346700035,95.4571,89.7917,82.6428,86.7947,76.7841,134.53103637695312,0.193,AVAX-USD,0.4063,GeoWatch,0.4252,0.7343,40.612672590500324,66,414.6600036621094,0.0,0.0
2022-04-06,82.9559097290039,91.02946472167967,91.05126953125,82.89397430419922,82.9559097290039,1473087038.0,180437.57216226865,0,8.468501685145156,180429.1036605835,2175,720.2706669557527,22000,GeoWatch,45.55676813666064,92.7097,89.9626,82.7379,86.7364,77.0621,134.53103637695312,-0.8124,AVAX-USD,0.3968,GeoWatch,0.4303,0.7002,38.882930721025616,66,410.4599914550781,0.0,0.0
2022-04-07,87.91970825195312,82.98177337646484,88.46659088134766,81.84669494628906,87.91970825195312,1374726630.0,191233.8339496832,0,8.468501685145156,191225.36544799805,2175,769.3445841712735,22000,Neutral,50.4471325164744,91.0989,90.0705,82.8906,86.6923,77.3599,134.53103637695312,-1.094,AVAX-USD,0.3913,Neutral,0.4236,0.6884,39.73544689534201,66,412.5299987792969,0.0,0.0
2022-04-08,83.76922607421875,87.91751098632812,90.25079345703124,82.90959167480469,83.76922607421875,1367418313.0,182206.53521311094,0,8.468501685145156,182198.06671142578,2175,728.3114080959451,22000,Neutral,50.13154566952623,88.2372,89.7742,82.9006,86.6782,77.6392,134.53103637695312,-1.5471,AVAX-USD,0.3857,Neutral,0.4178,0.6975,39.32360479007886,66,411.5299987792969,0.0,0.0
2022-04-09,84.5946273803711,83.75732421875,85.4719467163086,82.50260162353516,84.5946273803711,620536895.0,184001.7830539923,0,8.468501685145156,183993.31455230713,2175,736.4716255544965,22000,Neutral,48.278365300170435,86.0521,89.7677,82.8668,86.7103,77.9226,134.53103637695312,-1.7283,AVAX-USD,0.3857,Neutral,0.4178,0.6975,39.32360479007886,66,411.5299987792969,0.0,0.0
2022-04-10,81.81646728515625,84.59681701660156,85.60157012939453,81.81646728515625,81.81646728515625,488065132.0,177959.2848469,0,8.468501685145156,177950.81634521484,2175,709.0057246131681,22000,Neutral,39.58219777104921,84.2112,89.5361,82.7301,86.6721,78.1883,134.53103637695312,-1.9858,AVAX-USD,0.3857,Neutral,0.4178,0.6975,39.32360479007886,66,411.5299987792969,0.0,0.0
2022-04-11,74.17261505126953,81.72069549560547,81.72069549560547,72.96929168701172,74.17261505126953,1152269023.0,161333.9062381964,0,8.468501685145156,161325.43773651123,2175,633.4358218463334,22000,Neutral,33.17479375408736,82.4545,89.0456,82.4473,86.556,78.4221,134.53103637695312,-2.6396,AVAX-USD,0.3605,Neutral,0.4396,0.683,36.38716856860475,66,404.3999938964844,0.0,0.0
2022-04-12,76.36006164550781,74.20098114013672,79.34767150878906,74.1196517944336,76.36006164550781,889066929.0,166091.60258066465,0,8.468501685145156,166083.1340789795,2175,655.0617143120983,22000,GeoWatch,31.610608253069287,80.1426,88.5511,82.3578,86.5328,78.6619,134.53103637695312,-2.7836,AVAX-USD,0.3702,GeoWatch,0.4456,0.7097,35.777650296606396,66,402.9200134277344,0.0,0.0
2022-04-13,80.0019760131836,76.34928131103516,80.61235809326172,76.06209564208984,80.0019760131836,734210623.0,174012.76633035947,0,8.468501685145156,174004.29782867432,2175,691.0670040834383,22000,GeoWatch,32.66667750668968,79.3891,88.1734,82.3371,86.4718,78.9153,134.53103637695312,-2.4731,AVAX-USD,0.3855,GeoWatch,0.4292,0.76,37.65152684818433,66,407.4700012207031,0.0,0.0
2022-04-14,76.81785583496094,80.02734375,81.74100494384766,76.45448303222656,76.81785583496094,711767575.0,167087.3049427252,0,8.468501685145156,167078.83644104004,2175,659.5876341396462,22000,GeoWatch,28.858512968603023,77.8338,87.8312,82.3133,86.2688,79.1374,134.53103637695312,-2.4051,AVAX-USD,0.3678,GeoWatch,0.4285,0.8014,35.61290339976223,66,402.5199890136719,0.0,0.0
2022-04-15,77.43753814697266,76.8251953125,78.46714782714844,75.05558776855469,77.43753814697266,501963226.0,168435.1139713507,0,8.468501685145156,168426.64546966553,2175,665.7140388152166,22000,GeoWatch,29.91741865995813,76.958,87.4053,82.2369,86.0941,79.3355,134.53103637695312,-2.1975,AVAX-USD,0.3687,GeoWatch,0.429,0.8278,35.61290339976223,66,402.5199890136719,0.0,0.0
2022-04-16,77.89026641845703,77.43280792236328,78.195556640625,76.64862823486328,77.89026641845703,290431497.0,169419.7979618292,0,8.468501685145156,169411.32946014404,2175,670.1898751355735,22000,GeoWatch,31.034725015015056,77.7015,86.8086,81.9906,85.8181,79.5324,134.53103637695312,-1.9188,AVAX-USD,0.3687,GeoWatch,0.429,0.8278,35.61290339976223,66,402.5199890136719,0.0,0.0
2022-04-17,75.70925903320312,77.86265563964844,78.65758514404297,75.26419067382812,75.70925903320312,322395973.0,164676.10689890195,0,8.468501685145156,164667.6383972168,2175,648.6276430313587,22000,GeoWatch,26.577691484352542,77.5714,86.1138,81.6633,85.4822,79.6846,134.53103637695312,-1.8126,AVAX-USD,0.3687,GeoWatch,0.429,0.8278,35.61290339976223,66,402.5199890136719,0.0,0.0
2022-04-18,77.7936782836914,75.70147705078125,77.88796997070312,72.0877456665039,77.7936782836914,681155455.0,169209.71876871397,0,8.468501685145156,169201.2502670288,2175,669.2349697123224,22000,GeoWatch,31.252597134651452,77.1297,85.3615,81.4911,85.2332,79.8263,134.53103637695312,-1.4794,AVAX-USD,0.3671,GeoWatch,0.4236,0.8638,35.64173536355233,66,402.5899963378906,0.0,0.0
2022-04-19,80.28591918945312,77.79027557373047,80.95672607421875,76.90033721923828,80.28591918945312,591702355.0,174630.3427387457,0,8.468501685145156,174621.87423706055,2175,693.874169576103,22000,GeoWatch,38.14328258298761,77.8233,84.5868,81.4319,84.9572,79.9794,134.53103637695312,-0.9822,AVAX-USD,0.3848,GeoWatch,0.4193,0.8484,38.28987708397277,66,409.0199890136719,0.0,0.0
2022-04-20,78.27433013916016,80.29051971435547,81.23233032226562,77.62374877929688,78.27433013916016,622981657.0,170255.1365543585,0,8.468501685145156,170246.66805267334,2175,673.9868687379793,22000,GeoWatch,44.03116202971463,77.9907,83.6542,81.3182,84.5817,80.112,134.53103637695312,-0.7634,AVAX-USD,0.3917,GeoWatch,0.4135,0.8263,38.162207036815076,66,408.7099914550781,0.0,0.0
2022-04-21,75.08074188232422,78.26864624023438,80.00830078125,74.4122543334961,75.08074188232422,569385150.0,163309.08209574033,0,8.468501685145156,163300.61359405518,2175,642.4138939260787,22000,GeoWatch,32.856981320054885,77.4288,82.5736,81.2806,84.2367,80.1942,134.53103637695312,-0.8261,AVAX-USD,0.3648,GeoWatch,0.4277,0.8056,35.666444884394224,66,402.6499938964844,0.0,0.0
2022-04-22,74.12296295166016,75.08464813232422,77.15242004394531,73.49015808105469,74.12296295166016,532238762.0,161225.912921546,0,8.468501685145156,161217.44441986084,2175,632.9449431342862,22000,GeoWatch,35.919479363017516,77.1115,81.4811,81.3495,83.8444,80.3109,134.53103637695312,-0.8843,AVAX-USD,0.3275,GeoWatch,0.4706,0.7768,31.140304169447685,66,391.6600036621094,0.0,0.0
2022-04-23,72.92001342773438,74.12747955322266,74.36929321289062,72.63258361816406,72.92001342773438,360787956.0,158609.49770700742,0,8.468501685145156,158601.02920532227,2175,621.0521467045653,22000,GeoWatch,33.14450487826424,76.1368,80.2232,81.3219,83.4939,80.4422,134.53103637695312,-0.9561,AVAX-USD,0.3275,GeoWatch,0.4706,0.7768,31.140304169447685,66,391.6600036621094,0.0,0.0
2022-04-24,71.60303497314453,72.89273071289062,73.43700408935547,71.34202575683594,71.60303497314453,320340266.0,155745.0695682745,0,8.468501685145156,155736.60106658936,2175,608.032018801234,22000,GeoWatch,34.60455040910165,74.4002,79.0274,81.287,83.132,80.5319,134.53103637695312,-1.0421,AVAX-USD,0.3275,GeoWatch,0.4706,0.7768,31.140304169447685,66,391.6600036621094,0.0,0.0
2022-04-25,72.86742401123047,71.6065673828125,72.90454864501953,67.56388854980469,72.86742401123047,735322462.0,158495.11572611143,0,8.468501685145156,158486.64722442627,2175,620.5322286095835,22000,GeoWatch,47.564108843785384,73.3188,78.1197,81.226,82.7791,80.6263,134.53103637695312,-0.9161,AVAX-USD,0.3485,GeoWatch,0.4671,0.7198,32.02163973913059,66,393.7999877929688,0.0,0.0
2022-04-26,68.67205810546875,72.86402893066406,73.08719635009766,67.68937683105469,68.67205810546875,561575109.0,149370.1948810797,0,8.468501685145156,149361.72637939453,2175,579.0553156776211,22000,GeoWatch,36.65219314861274,72.0371,77.4055,81.0234,82.4047,80.7145,134.53103637695312,-1.1189,AVAX-USD,0.3244,GeoWatch,0.5236,0.7036,27.384306180395466,66,382.5400085449219,0.0,0.0
2022-04-27,69.85772705078125,68.69337463378906,71.88910675048828,68.51128387451172,69.85772705078125,475421022.0,151949.02483713438,0,8.468501685145156,151940.55633544922,2175,590.7772700233243,22000,Neutral,30.745475003366863,71.1841,76.5024,80.823,82.0934,80.8334,134.53103637695312,-1.0655,AVAX-USD,0.3366,Neutral,0.5044,0.6852,27.792025842710434,66,383.5299987792969,0.0,0.0
2022-04-28,67.31945037841797,69.86377716064453,70.64324951171875,66.792236328125,67.31945037841797,551311115.0,146428.27307474424,0,8.468501685145156,146419.80457305908,2175,565.6829438306419,22000,Neutral,31.51821212649338,70.0639,75.6799,80.6951,81.7961,80.9494,134.53103637695312,-1.1691,AVAX-USD,0.3429,Neutral,0.4878,0.6828,31.749835009869674,66,393.1400146484375,0.0,0.0
2022-04-29,63.41709518432617,67.30863189697266,67.9112548828125,62.53422164916992,63.41709518432617,536189400.0,137940.65052759458,0,8.468501685145156,137932.18202590942,2175,527.1028413435979,22000,Neutral,25.809585377132535,68.4268,74.621,80.3464,81.4751,81.0389,134.53103637695312,-1.4914,AVAX-USD,0.3074,Neutral,0.5147,0.693,25.8028340043958,66,378.7000122070313,0.0,0.0
2022-04-30,57.04800415039063,63.39876937866211,64.61852264404297,55.6873664855957,57.04800415039063,643198521.0,124087.87752878477,0,8.468501685145156,124079.40902709962,2175,464.13569134900797,22000,Neutral,20.1363446847502,65.2629,73.3826,79.8516,81.0399,81.0776,134.53103637695312,-2.1724,AVAX-USD,0.3074,Neutral,0.5147,0.693,25.8028340043958,66,378.7000122070313,0.0,0.0
2022-05-01,58.85614776611328,57.03439331054688,60.9991340637207,56.97372817993164,58.85614776611328,748385992.0,129019.58933846951,0,6.913435149195493,129012.67590332031,2192,461.0546206542015,23000,"cash_0%_Buy 100% of cash (17 shares - DCA Strategy) Monthly invest 4.3% of total investment ($1,000.00)",25.591356596950646,63.2997,72.6168,79.4444,80.5791,81.1315,134.53103637695312,-2.3148,AVAX-USD,0.3304,GeoWatch,0.5269,0.7148,25.072887215829855,68,378.7000122070313,0.0,0.0
2022-05-02,60.51710510253906,58.85282897949219,62.27577209472656,56.94355773925781,60.51710510253906,893459385.0,132660.4078199148,0,6.913435149195493,132653.49438476562,2192,476.8842662257028,23000,GeoWatch,24.667315363578652,61.4316,71.8246,79.1437,80.1402,81.1873,134.53103637695312,-2.1028,AVAX-USD,0.3281,GeoWatch,0.5098,0.7067,26.046513092516623,68,381.0799865722656,0.0,0.0
2022-05-03,59.66010665893555,60.47360229492188,62.21135330200195,58.30585861206055,59.66010665893555,592389538.0,130781.86723153591,0,6.913435149195493,130774.95379638672,2192,468.7166984501424,23000,Neutral,18.232920033037686,59.8997,70.8075,78.8771,79.7361,81.2351,134.53103637695312,-1.9042,AVAX-USD,0.3577,Neutral,0.4952,0.6952,26.72152308008764,68,382.7300109863281,0.0,0.0
2022-05-04,67.08610534667969,59.65834045410156,67.28206634521484,59.49816131591797,67.08610534667969,875723682.0,147059.65635507106,0,6.913435149195493,147052.74291992188,2192,539.4896946394256,23000,Neutral,35.231446643742686,60.6335,70.3209,78.7164,79.4349,81.3186,134.53103637695312,-0.9193,AVAX-USD,0.3798,Neutral,0.4641,0.6978,31.47106254209049,68,394.3399963378906,0.0,0.0
2022-05-05,59.12744140625,67.07615661621094,69.34901428222656,57.024452209472656,59.12744140625,1259826490.0,129614.2649976492,0,6.913435149195493,129607.3515625,2192,463.640166998461,23000,GeoWatch,31.29462030162894,61.0494,69.4054,78.4931,79.1122,81.4083,134.53103637695312,-0.9616,AVAX-USD,0.3265,GeoWatch,0.4993,0.7021,25.80515095428864,68,380.489990234375,0.0,0.0
2022-05-06,57.034324645996094,59.12110900878906,59.30681228637695,55.41249465942383,57.034324645996094,887280183.0,125026.15305917263,0,6.913435149195493,125019.23962402344,2192,443.6918542224759,23000,GeoWatch,30.483043884008808,60.685,68.3626,78.2456,78.7941,81.4916,134.53103637695312,-1.097,AVAX-USD,0.3197,GeoWatch,0.4889,0.7142,24.827430173482522,68,378.1000061035156,0.0,0.0
2022-05-07,55.15669250488281,57.03545379638672,57.4391975402832,53.62570571899414,55.15669250488281,555118325.0,120910.38340585232,0,6.913435149195493,120903.46997070312,2192,425.7972035558659,23000,GeoWatch,30.02039601985848,59.6129,67.335,77.9496,78.5307,81.5515,134.53103637695312,-1.268,AVAX-USD,0.3197,GeoWatch,0.4889,0.7142,24.827430173482522,68,378.1000061035156,0.0,0.0
2022-05-08,51.52122497558594,55.14580154418945,55.27539825439453,50.93534851074219,51.52122497558594,837890770.0,112941.43858163357,0,6.913435149195493,112934.52514648438,2192,391.14961736361045,23000,GeoWatch,28.532288309825788,57.9852,66.0214,77.513,78.2596,81.5612,134.53103637695312,-1.6395,AVAX-USD,0.3197,GeoWatch,0.4889,0.7142,24.827430173482522,68,378.1000061035156,0.0,0.0
2022-05-09,41.97204208374024,51.524044036865234,52.924163818359375,41.97204208374024,41.97204208374024,1228351362.0,92009.6296827078,0,6.913435149195493,92002.71624755861,2192,300.1417525856724,23000,Neutral,21.942325838689698,52.9623,64.1057,76.9792,77.8659,81.4979,134.53103637695312,-2.7739,AVAX-USD,0.2944,Neutral,0.5266,0.6973,19.836516088787914,68,365.8999938964844,0.0,0.0
2022-05-10,44.56028366088867,41.88167190551758,50.08891296386719,40.38319778442383,44.56028366088867,1624448832.0,97683.05521981716,0,6.913435149195493,97676.14178466797,2192,324.8088201383217,23000,Neutral,27.444464895836234,50.0489,62.42,76.5346,77.5328,81.4367,134.53103637695312,-3.0704,AVAX-USD,0.3145,Neutral,0.5223,0.6678,20.221062542090483,68,366.8399963378906,0.0,0.0
2022-05-11,30.962865829467773,44.52186965942383,46.03785705566406,27.84941864013672,30.962865829467773,2428550936.0,67877.51533334256,0,6.913435149195493,67870.60189819336,2192,195.2195162840843,23000,Neutral,20.472252043756086,44.8346,60.2141,75.8673,77.045,81.3444,134.53103637695312,-4.665,AVAX-USD,0.3154,Neutral,0.5234,0.6611,17.80333377122758,68,360.9299926757813,0.0,0.0
2022-05-12,30.35753631591797,30.97731208801269,33.6761360168457,23.54939079284668,30.35753631591797,1839518407.0,66550.63303964138,0,6.913435149195493,66543.71960449219,2192,189.45046283320966,23000,Neutral,21.091251733896428,39.8748,58.0258,75.2386,76.4995,81.256,134.53103637695312,-5.6027,AVAX-USD,0.3283,Neutral,0.5244,0.6426,17.68878881606064,68,360.6499938964844,0.0,0.0
2022-05-13,32.13642883300781,30.33861541748047,37.71527862548828,29.76949119567871,32.13642883300781,1219234571.0,70449.96543710232,0,6.913435149195493,70443.05200195312,2192,206.40408195260505,23000,Neutral,24.694119712909227,35.9978,55.9867,74.626,76.0222,81.1498,134.53103637695312,-5.7407,AVAX-USD,0.3424,Neutral,0.497,0.6318,21.1701564474527,68,369.1600036621094,0.0,0.0
2022-05-14,34.08252716064453,32.13612747192383,34.126434326171875,29.502117156982425,34.08252716064453,754019978.0,74715.81297128201,0,6.913435149195493,74708.89953613281,2192,224.95124514469063,23000,Neutral,29.989003072917143,34.4199,54.1106,74.0293,75.5534,81.0091,134.53103637695312,-5.2783,AVAX-USD,0.3424,Neutral,0.497,0.6318,21.1701564474527,68,369.1600036621094,0.0,0.0
2022-05-15,36.54233551025391,34.067317962646484,36.79307174682617,32.02141571044922,36.54233551025391,745037121.0,80107.71287362577,0,6.913435149195493,80100.79943847658,2192,248.3942881983592,23000,Neutral,30.775160331012245,32.8163,52.2944,73.4019,75.0803,80.87,134.53103637695312,-4.3299,AVAX-USD,0.3424,Neutral,0.497,0.6318,21.1701564474527,68,369.1600036621094,0.0,0.0
2022-05-16,32.571998596191406,36.543739318847656,36.543739318847656,31.747514724731445,32.571998596191406,867980588.0,71404.73435800076,0,6.913435149195493,71397.82092285156,2192,210.55525117390258,23000,Neutral,26.844853060358545,33.1382,50.4894,72.6191,74.583,80.7181,134.53103637695312,-3.9998,AVAX-USD,0.3536,Neutral,0.4909,0.6557,20.630153451181375,68,367.8399963378906,0.0,0.0
2022-05-17,34.396461486816406,32.5647087097168,35.692283630371094,32.38758850097656,34.396461486816406,676043628.0,75403.95701425076,0,6.913435149195493,75397.04357910156,2192,227.94317576629388,23000,Neutral,29.397017300473564,33.946,48.7163,71.7631,74.1468,80.5695,134.53103637695312,-3.2501,AVAX-USD,0.3645,Neutral,0.4782,0.676,23.641069034011668,68,375.2000122070313,0.0,0.0
2022-05-18,29.60548210144043,34.40665054321289,35.01248550415039,29.60548210144043,29.60548210144043,641522267.0,64902.13020150662,0,6.913435149195493,64895.21676635742,2192,182.28305918914546,23000,Neutral,18.061167062473146,33.4398,46.8306,70.7616,73.6767,80.4567,134.53103637695312,-3.2484,AVAX-USD,0.3348,Neutral,0.5192,0.6715,17.561971632999576,68,360.3399963378906,0.0,0.0
2022-05-19,30.37901496887207,29.603891372680664,31.652347564697266,27.72443008422852,30.37901496887207,845803420.0,66597.71424691677,0,6.913435149195493,66590.80081176758,2192,189.655163734407,23000,Neutral,22.08375650021182,32.6991,45.1787,69.8558,73.239,80.3374,134.53103637695312,-2.893,AVAX-USD,0.3371,Neutral,0.5081,0.6928,16.576061043954812,68,357.92999267578125,0.0,0.0
2022-05-20,28.953659057617188,30.372941970825195,31.78260612487793,27.95755386352539,28.953659057617188,901703535.0,63473.33408944607,0,6.913435149195493,63466.420654296875,2192,176.07090218018655,23000,GeoWatch,22.373915361818277,31.1813,43.774,68.8976,72.8214,80.1489,134.53103637695312,-2.6634,AVAX-USD,0.3417,GeoWatch,0.5114,0.7028,16.612877727637358,68,358.0199890136719,0.0,0.0
2022-05-21,29.86665153503418,28.945924758911133,30.46141624450684,28.45165061950684,29.86665153503418,485604462.0,65474.61359994412,0,6.913435149195493,65467.70016479492,2192,184.77211744322153,23000,GeoWatch,24.637981105051892,30.6403,42.3245,67.9956,72.5209,79.9549,134.53103637695312,-2.134,AVAX-USD,0.3417,GeoWatch,0.5114,0.7028,16.612877727637358,68,358.0199890136719,0.0,0.0
2022-05-22,31.807361602783203,29.86557006835937,32.37946701049805,29.155628204345703,31.807361602783203,686538817.0,69728.65006844998,0,6.913435149195493,69721.73663330078,2192,203.26792817585573,23000,GeoWatch,29.534369138705713,30.1224,40.889,67.0882,72.2882,79.7858,134.53103637695312,-1.2344,AVAX-USD,0.3417,GeoWatch,0.5114,0.7028,16.612877727637358,68,358.0199890136719,0.0,0.0
2022-05-23,29.02623176574707,31.800968170166016,32.826908111572266,28.822452545166016,29.02623176574707,797628131.0,63632.413465666774,0,6.913435149195493,63625.50003051758,2192,176.76255164201572,23000,GeoWatch,34.36318383409005,30.0066,39.3573,66.1128,71.9907,79.6218,134.53103637695312,-0.9464,AVAX-USD,0.3485,GeoWatch,0.5006,0.7004,19.390608496014483,68,364.80999755859375,0.0,0.0
2022-05-24,29.02564811706543,29.03114128112793,29.570703506469727,27.14426040649414,29.02564811706543,690433536.0,63631.13410775662,0,6.913435149195493,63624.22067260742,2192,176.75698921631934,23000,GeoWatch,29.985075965620425,29.7359,37.4543,65.2022,71.7086,79.4641,134.53103637695312,-0.5864,AVAX-USD,0.3558,GeoWatch,0.5169,0.7076,18.3146974075912,68,362.1799926757813,0.0,0.0
2022-05-25,27.22537612915039,29.02676010131836,29.545095443725582,27.220064163208008,27.22537612915039,588423056.0,59684.93791024685,0,6.913435149195493,59678.024475097656,2192,159.5996144445378,23000,GeoWatch,43.081409418489436,29.3903,35.8592,64.2233,71.3697,79.3005,134.53103637695312,-0.5253,AVAX-USD,0.3635,GeoWatch,0.5091,0.7123,19.55015994310256,68,365.2000122070313,0.0,0.0
2022-05-26,23.550029754638672,27.231088638305664,27.908397674560547,23.16571998596192,23.550029754638672,1007507776.0,51628.578657317164,0,6.913435149195493,51621.66522216797,2192,124.57196551875654,23000,GeoWatch,38.68451952419039,28.1269,34.185,63.1187,71.016,79.1423,134.53103637695312,-1.0405,AVAX-USD,0.3729,GeoWatch,0.5008,0.7131,22.520151453667193,68,372.4599914550781,0.0,0.0
2022-05-27,22.41862297058105,23.526790618896484,23.69460868835449,21.47231674194336,22.41862297058105,964035111.0,49148.53498666286,0,6.913435149195493,49141.621551513665,2192,113.78916695069435,23000,GeoWatch,33.49165793823843,26.2492,32.5481,61.999,70.6636,78.9627,134.53103637695312,-1.4525,AVAX-USD,0.3913,GeoWatch,0.4873,0.7152,26.341059046440638,68,381.7999877929688,0.0,0.0
2022-05-28,24.83976554870605,23.052553176879883,25.580570220947266,22.249759674072266,24.83976554870605,708263415.0,54455.67951791286,0,6.913435149195493,54448.766082763665,2192,136.8637083909117,23000,GeoWatch,34.54804225162857,25.4119,31.214,60.8656,70.3112,78.788,134.53103637695312,-1.0495,AVAX-USD,0.3913,GeoWatch,0.4873,0.7152,26.341059046440638,68,381.7999877929688,0.0,0.0
2022-05-29,26.12006950378418,24.828330993652344,26.899524688720703,23.8648738861084,26.12006950378418,700836372.0,57262.10578744412,0,6.913435149195493,57255.19235229492,2192,149.06556173669983,23000,GeoWatch,31.860790144121935,24.8308,30.4214,59.7046,69.9279,78.6153,134.53103637695312,-0.3333,AVAX-USD,0.3913,GeoWatch,0.4873,0.7152,26.341059046440638,68,381.7999877929688,0.0,0.0
2022-05-30,27.63215065002441,26.11573028564453,28.286386489868164,25.40209197998047,27.63215065002441,962074891.0,60576.587660002704,0,6.913435149195493,60569.67422485351,2192,163.4763524869545,23000,GeoWatch,40.59803663679392,24.9121,29.575,58.5498,69.5917,78.442,134.53103637695312,0.6197,AVAX-USD,0.3895,GeoWatch,0.4938,0.721,26.341059046440638,68,381.7999877929688,0.0,0.0
2022-05-31,26.38993263244629,27.632057189941406,29.005332946777344,25.686506271362305,26.38993263244629,968753831.0,57853.64576547146,0,6.913435149195493,57846.732330322266,2192,151.63747468464476,23000,GeoWatch,34.41585234385158,25.4801,29.3464,57.378,69.2284,78.2656,134.53103637695312,1.1001,AVAX-USD,0.3819,GeoWatch,0.4854,0.7185,25.47378831668212,68,379.6799926757813,0.0,0.0
2022-06-01,23.800512313842773,26.39845085144043,26.941068649291992,23.463239669799805,23.800512313842773,708368730.0,53176.63680557537,0,6.292296450617641,53170.344509124756,2234,121.66920442321697,24000,"cash_0%_Buy 100% of cash (42 shares - DCA Strategy) Monthly invest 4.2% of total investment ($1,000.00)",37.64189899890269,25.7565,29.0185,56.1752,68.8146,78.0933,134.53103637695312,0.9466,AVAX-USD,0.4025,GeoWatch,0.4927,0.7206,23.472713492111172,71,376.5,0.0,0.0
2022-06-02,24.677284240722656,23.791088104248047,24.831270217895508,22.770339965820312,24.677284240722656,616496656.0,55135.34529022503,0,6.292296450617641,55129.052993774414,2234,129.8304897759239,24000,GeoWatch,37.91480548504323,25.724,28.6456,54.9518,68.4546,77.9267,134.53103637695312,1.1417,AVAX-USD,0.4244,GeoWatch,0.4866,0.7276,26.387711003754813,71,383.6499938964844,0.0,0.0
2022-06-03,23.00544166564941,24.676198959350582,24.676198959350582,22.62563705444336,23.00544166564941,463049567.0,51400.4489775114,0,6.292296450617641,51394.156681060784,2234,114.26842180628375,24000,GeoWatch,37.522734374406106,25.1011,28.0917,53.7432,68.0788,77.7721,134.53103637695312,0.9805,AVAX-USD,0.4074,GeoWatch,0.4858,0.724,23.85594525668451,71,377.4400024414063,0.0,0.0
2022-06-04,24.53232955932617,23.01201057434082,24.532394409179688,22.25055885314941,24.53232955932617,376343138.0,54811.516531985275,0,6.292296450617641,54805.22423553466,2234,128.48120328325825,24000,GeoWatch,39.091418353036914,24.4811,27.4912,52.6351,67.6389,77.6181,134.53103637695312,1.3267,AVAX-USD,0.4074,GeoWatch,0.4858,0.724,23.85594525668451,71,377.4400024414063,0.0,0.0
2022-06-05,24.164182662963867,24.53794479370117,25.093320846557617,23.991992950439453,24.164182662963867,406213321.0,53989.07636551189,0,6.292296450617641,53982.78406906128,2234,125.05436925628581,24000,GeoWatch,33.29546296792668,24.036,27.0708,51.6552,67.1966,77.4666,134.53103637695312,1.5511,AVAX-USD,0.4074,GeoWatch,0.4858,0.724,23.85594525668451,71,377.4400024414063,0.0,0.0
2022-06-06,25.98859214782715,24.17816734313965,27.658611297607425,24.101600646972656,25.98859214782715,829054125.0,58064.807154696464,0,6.292296450617641,58058.51485824585,2234,142.03658087788818,24000,GeoWatch,43.07134100130255,24.4736,26.6504,50.623,66.7568,77.3226,134.53103637695312,2.2056,AVAX-USD,0.4004,GeoWatch,0.4847,0.7194,24.275867835936292,71,378.4700012207031,0.0,0.0
2022-06-07,24.63542938232422,25.99799537658692,26.14834213256836,23.24344825744629,24.63542938232422,923434174.0,55041.84153656292,0,6.292296450617641,55035.549240112305,2234,129.44089080233178,24000,GeoWatch,40.56816722478688,24.4652,26.4019,49.6375,66.2691,77.1894,134.53103637695312,2.3507,AVAX-USD,0.422,GeoWatch,0.4839,0.7229,25.784334351110584,71,382.1700134277344,0.0,0.0
2022-06-08,24.500253677368164,24.638992309570312,25.35580062866211,23.80129623413086,24.500253677368164,502590526.0,54739.85901169109,0,6.292296450617641,54733.56671524048,2234,128.18263028203245,24000,GeoWatch,43.694274003990294,24.7642,26.108,48.6359,65.7514,77.0611,134.53103637695312,2.4452,AVAX-USD,0.4098,GeoWatch,0.4805,0.727,24.080171049202523,71,377.989990234375,0.0,0.0
2022-06-09,24.410659790039062,24.502052307128903,25.29085350036621,23.78264236450196,24.410659790039062,649339432.0,54539.70626739788,0,6.292296450617641,54533.413970947266,2234,127.34866051414406,24000,GeoWatch,52.38764594909056,24.7398,25.8808,47.6791,65.2046,76.9363,134.53103637695312,2.5095,AVAX-USD,0.3883,GeoWatch,0.4969,0.7242,20.455792903544467,71,369.1000061035156,0.0,0.0
2022-06-10,22.07607078552246,24.40844345092773,24.81006050109864,22.07607078552246,22.07607078552246,523963516.0,49324.23443130779,0,6.292296450617641,49317.94213485718,2234,105.61752786376873,24000,GeoWatch,49.109131624071374,24.3222,25.4913,46.8109,64.6291,76.7985,134.53103637695312,1.9912,AVAX-USD,0.3627,GeoWatch,0.5064,0.7341,16.040478243838944,71,358.2699890136719,0.0,0.0
2022-06-11,19.798967361450195,22.073299407958984,22.94562339782715,19.79216766357422,19.798967361450195,527494613.0,44237.18538193035,0,6.292296450617641,44230.893085479736,2234,84.42149015802939,24000,GeoWatch,36.791542845033796,23.0843,24.8909,45.8682,64.113,76.6473,134.53103637695312,1.1066,AVAX-USD,0.3627,GeoWatch,0.5064,0.7341,16.040478243838944,71,358.2699890136719,0.0,0.0
2022-06-12,17.387441635131836,19.81135368347168,20.11041831970215,17.387441635131836,17.387441635131836,749203981.0,38849.836909335136,0,6.292296450617641,38843.54461288452,2234,61.974204855549324,24000,GeoWatch,28.39841032646133,21.6347,24.3089,44.8246,63.5808,76.4854,134.53103637695312,-0.0499,AVAX-USD,0.3627,GeoWatch,0.5064,0.7341,16.040478243838944,71,358.2699890136719,0.0,0.0
2022-06-13,16.019935607910156,17.36842155456543,17.38861846923828,14.685198783874512,16.019935607910156,1277521632.0,35794.8284445219,0,6.292296450617641,35788.53614807129,2234,49.245002918827524,24000,GeoWatch,21.0683416215238,19.9386,23.6587,43.8113,63.0623,76.3126,134.53103637695312,-1.0943,AVAX-USD,0.3244,GeoWatch,0.5559,0.7233,10.410248469950712,71,344.4599914550781,0.0,0.0
2022-06-14,16.54035186767578,16.034414291381836,17.175050735473633,14.752678871154783,16.54035186767578,919054943.0,36957.43836883831,0,6.292296450617641,36951.146072387695,2234,54.08921093681254,24000,GeoWatch,24.544350801746788,18.3646,23.1244,42.7964,62.5166,76.1479,134.53103637695312,-1.5013,AVAX-USD,0.3384,GeoWatch,0.5527,0.7,10.059639057390623,71,343.6000061035156,0.0,0.0
2022-06-15,18.21199607849121,16.554590225219727,18.40481948852539,14.642707824707031,18.21199607849121,1022663545.0,40691.89153579998,0,6.292296450617641,40685.599239349365,2234,69.6494324658195,24000,Neutral,34.83752719161464,17.5917,22.8575,41.8017,61.8961,75.9926,134.53103637695312,-1.1115,AVAX-USD,0.356,Neutral,0.5301,0.6713,12.065478243838943,71,348.5199890136719,0.0,0.0
2022-06-16,15.73227596282959,18.225032806396484,18.631591796875,15.55866813659668,15.73227596282959,619516632.0,35152.19679741192,0,6.292296450617641,35145.904500961304,2234,46.56737105586924,24000,Neutral,27.67289453331705,16.7784,22.5232,40.8021,61.2327,75.8214,134.53103637695312,-1.4388,AVAX-USD,0.3182,Neutral,0.5491,0.6678,7.397408785831129,71,337.07000732421875,0.0,0.0
2022-06-17,16.00944709777832,15.74018383026123,16.615089416503906,15.55529499053955,16.00944709777832,400140809.0,35771.39711288738,0,6.292296450617641,35765.10481643677,2234,49.14737237035034,24000,Neutral,31.230952280803677,16.5028,22.0817,39.7724,60.6317,75.6399,134.53103637695312,-1.402,AVAX-USD,0.3339,Neutral,0.5401,0.6297,7.756180007285462,71,337.95001220703125,0.0,0.0
2022-06-18,14.841096878051758,16.00495719909668,16.270591735839844,13.850875854492188,14.841096878051758,500837078.0,33161.30272201824,0,6.292296450617641,33155.01042556763,2234,38.27197907506226,24000,Neutral,23.490098198869987,16.267,21.5177,38.6816,60.0568,75.4463,134.53103637695312,-1.5817,AVAX-USD,0.3339,Neutral,0.5401,0.6297,7.756180007285462,71,337.95001220703125,0.0,0.0
2022-06-19,16.18973731994629,14.836597442626951,16.305078506469727,13.791519165039062,16.18973731994629,510905367.0,36174.165469210624,0,6.292296450617641,36167.87317276001,2234,50.82557385503053,24000,Neutral,29.296843393365748,16.1969,20.9456,37.6469,59.4825,75.2411,134.53103637695312,-1.0756,AVAX-USD,0.3339,Neutral,0.5401,0.6297,7.756180007285462,71,337.95001220703125,0.0,0.0
2022-06-20,17.137866973876953,16.187471389770508,17.815637588500977,15.394444465637209,17.137866973876953,561797222.0,38292.28711609173,0,6.292296450617641,38285.99481964111,2234,59.651080717035114,24000,Neutral,25.926519458086275,15.9821,20.483,36.6812,58.9809,75.0397,134.53103637695312,-0.2515,AVAX-USD,0.3355,Neutral,0.5392,0.6069,7.756180007285462,71,337.95001220703125,0.0,0.0
2022-06-21,16.85599708557129,17.138416290283203,18.419132232666016,16.68135643005371,16.85599708557129,496486132.0,37662.589785616874,0,6.292296450617641,37656.29748916626,2234,57.02734184005656,24000,Neutral,27.53094419258855,16.2068,20.1358,35.7267,58.5381,74.8411,134.53103637695312,0.3371,AVAX-USD,0.3389,Neutral,0.5272,0.5985,11.131871817306486,71,346.2300109863281,0.0,0.0
2022-06-22,16.07598876953125,16.878650665283203,17.33415412902832,16.03999137878418,16.07598876953125,417581511.0,35920.05120758343,0,6.292296450617641,35913.75891113281,2234,49.76676443158386,24000,Neutral,26.542272697916857,16.2201,19.7057,34.7793,58.0506,74.6172,134.53103637695312,0.5724,AVAX-USD,0.3651,Neutral,0.5295,0.5816,10.834251953649645,71,345.5,0.0,0.0
2022-06-23,18.2900505065918,16.07476806640625,18.341928482055664,16.07476806640625,18.2900505065918,482575281.0,40866.265128176696,0,6.292296450617641,40859.97283172608,2234,70.37598910072249,24000,Neutral,34.759997754578265,16.9099,19.4699,33.8908,57.5889,74.4064,134.53103637695312,1.6052,AVAX-USD,0.3737,Neutral,0.5362,0.548,12.314177021257809,71,349.1300048828125,0.0,0.0
2022-06-24,20.54885482788086,18.28964614868164,20.894615173339844,18.04988479614257,20.54885482788086,671893666.0,45912.433981936454,0,6.292296450617641,45906.14168548584,2234,91.4016926580548,24000,Neutral,46.18290511878125,17.7818,19.2708,33.0188,57.1224,74.2357,134.53103637695312,3.1143,AVAX-USD,0.39,Neutral,0.5207,0.546,16.745790415188086,71,360.0,0.0,0.0
2022-06-25,21.366357803344727,20.53138542175293,21.471904754638672,19.929595947265625,21.366357803344727,476329358.0,47738.73562912273,0,6.292296450617641,47732.44333267212,2234,99.0112828546643,24000,Neutral,54.225831151674285,18.6274,19.1309,32.2304,56.6269,74.0563,134.53103637695312,4.3385,AVAX-USD,0.39,Neutral,0.5207,0.546,16.745790415188086,71,360.0,0.0,0.0
2022-06-26,19.692432403564453,21.36043357849121,21.7543888092041,19.68642807006836,19.692432403564453,413767908.0,43999.1862860136,0,6.292296450617641,43992.89398956299,2234,83.42982725837626,24000,Neutral,56.47187510376067,19.1947,18.8161,31.3943,56.1086,73.8685,134.53103637695312,4.4789,AVAX-USD,0.39,Neutral,0.5207,0.546,16.745790415188086,71,360.0,0.0,0.0
2022-06-27,19.31756591796875,19.69881820678711,21.307104110717773,19.23042106628418,19.31756591796875,433026595.0,43161.7345571928,0,6.292296450617641,43155.44226074219,2234,79.94044505495626,24000,Neutral,59.80555608174763,19.8431,18.5502,30.5942,55.6447,73.6889,134.53103637695312,4.3536,AVAX-USD,0.3882,Neutral,0.5163,0.5484,16.195403311447112,71,358.6499938964844,0.0,0.0
2022-06-28,18.120983123779297,19.309024810791016,20.47872734069824,18.058534622192383,18.120983123779297,490803290.0,40488.56859497356,0,6.292296450617641,40482.27629852295,2234,68.80225354570943,24000,Neutral,54.51834132329357,19.8092,18.2312,29.8393,55.0929,73.4965,134.53103637695312,3.7829,AVAX-USD,0.383,Neutral,0.5329,0.5545,13.035787926831734,71,350.8999938964844,0.0,0.0
2022-06-29,17.5980167388916,18.120019912719727,18.627670288085938,17.27487564086914,17.5980167388916,445376603.0,39320.26169113445,0,6.292296450617641,39313.96939468384,2234,63.934308113046455,24000,Neutral,48.12153713445334,19.2191,17.8906,29.1818,54.5167,73.2987,134.53103637695312,3.1697,AVAX-USD,0.3926,Neutral,0.536,0.5589,13.105919464166458,71,349.6400146484375,1.432,0.0
2022-06-30,16.929367065429688,17.64653778076172,17.757915496826172,15.865857124328612,16.929367065429688,453151312.0,37826.498320620536,0,6.292296450617641,37820.20602416992,2234,57.710294069238486,24000,Neutral,54.1189439440934,18.3317,17.6332,28.483,53.9637,73.0876,134.53103637695312,2.4992,AVAX-USD,0.3918,Neutral,0.5412,0.5501,11.980684713565505,71,346.8800048828125,0.0,0.0
2022-07-01,16.085920333862305,16.95409393310547,17.589338302612305,15.851207733154297,16.085920333862305,490786364.0,36941.24099523831,0,7.967908690455374,36933.27308654785,2296,47.8648483809395,25000,"cash_0%_Buy 100% of cash (62 shares - DCA Strategy) Monthly invest 4.0% of total investment ($1,000.00)",50.25325945051782,17.6104,17.4476,27.7425,53.4431,72.8404,134.53103637695312,1.7524,AVAX-USD,0.4434,Neutral,0.5426,0.5437,12.876377535540161,75,350.44000244140625,0.0,0.0
2022-07-02,16.336135864257812,16.094690322875977,16.577699661254883,16.00384521484375,16.336135864257812,224974289.0,37515.735853026395,0,7.967908690455374,37507.76794433594,2296,50.16282781209183,25000,Neutral,55.27176919845509,17.0141,17.395,27.0204,52.9488,72.5781,134.53103637695312,1.3666,AVAX-USD,0.4434,Neutral,0.5426,0.5437,12.876377535540161,75,350.44000244140625,0.0,0.0
2022-07-03,16.660402297973633,16.3360595703125,16.754838943481445,15.8682222366333,16.660402297973633,242175995.0,38260.25158483792,0,7.967908690455374,38252.28367614746,2296,53.14089073933792,25000,Neutral,51.78888018321733,16.722,17.427,26.18,52.4482,72.3376,134.53103637695312,1.2588,AVAX-USD,0.4434,Neutral,0.5426,0.5437,12.876377535540161,75,350.44000244140625,0.0,0.0
2022-07-04,17.939966201782227,16.659095764160156,17.99747657775879,16.342636108398438,17.939966201782227,430020105.0,41198.13030798245,0,7.967908690455374,41190.16239929199,2296,64.89240563191605,25000,Neutral,52.973660752735384,16.7904,17.497,25.4935,51.9933,72.0845,134.53103637695312,1.6772,AVAX-USD,0.4336,Neutral,0.549,0.5358,12.876377535540161,75,350.44000244140625,0.0,0.0
2022-07-05,18.06472969055176,17.931310653686523,18.52144432067871,16.733545303344727,18.06472969055176,552533388.0,41484.5872781973,0,7.967908690455374,41476.61936950684,2296,66.03823351277545,25000,Neutral,54.534008570003394,17.0174,17.4897,24.8441,51.5448,71.7943,134.53103637695312,1.995,AVAX-USD,0.4413,Neutral,0.5553,0.4795,13.129084406089977,75,351.0599975585937,0.0,0.0
2022-07-06,19.147266387939453,18.07046127319336,19.314546585083008,17.866474151611328,19.147266387939453,618966978.0,43970.09153539944,0,7.967908690455374,43962.123626708984,2296,75.98025054158401,25000,Neutral,61.26482998734884,17.6297,17.6604,24.2439,51.0968,71.4942,134.53103637695312,2.5678,AVAX-USD,0.4558,Neutral,0.5551,0.4202,13.646725497738533,75,352.3299865722656,0.0,0.0
2022-07-07,20.23383903503418,19.148632049560547,20.51265525817871,18.90809631347656,20.23383903503418,607400823.0,46464.862333128935,0,7.967908690455374,46456.89442443848,2296,85.959333732502,25000,Neutral,57.77225446134063,18.4092,17.8716,23.7224,50.6177,71.2099,134.53103637695312,3.2594,AVAX-USD,0.4522,Neutral,0.5449,0.3982,15.7539967935999,75,357.5,0.0,0.0
2022-07-08,19.79790687561035,20.229745864868164,20.954734802246094,19.476762771606445,19.79790687561035,593859102.0,45463.962095091825,0,7.967908690455374,45455.99418640137,2296,81.95573278035356,25000,Neutral,46.48491563451115,19.0367,18.1195,23.3529,50.166,70.937,134.53103637695312,3.4493,AVAX-USD,0.4461,Neutral,0.5271,0.3883,15.668405339757928,75,357.2900085449219,0.0,0.0
2022-07-09,19.91847801208496,19.7932357788086,20.21028709411621,19.61893844604492,19.91847801208496,299142386.0,45740.79342443753,0,7.967908690455374,45732.82551574707,2296,83.06305809773636,25000,Neutral,42.749623587042606,19.4324,18.3059,22.9422,49.7384,70.6531,134.53103637695312,3.5002,AVAX-USD,0.4461,Neutral,0.5271,0.3883,15.668405339757928,75,357.2900085449219,0.0,0.0
2022-07-10,19.15205383300781,19.918760299682617,19.95090675354004,18.80195426940918,19.15205383300781,323970529.0,43981.08350927639,0,7.967908690455374,43973.11560058593,2296,76.0242184370918,25000,Neutral,47.02348108380696,19.6499,18.4066,22.7453,49.3063,70.3799,134.53103637695312,3.1535,AVAX-USD,0.4461,Neutral,0.5271,0.3883,15.668405339757928,75,357.2900085449219,0.0,0.0
2022-07-11,17.374582290649414,19.148372650146484,19.14899444580078,17.37407684326172,17.374582290649414,338348658.0,39900.00884802151,0,7.967908690455374,39892.040939331055,2296,59.6999197920723,25000,Neutral,40.73000748564161,19.2954,18.4325,22.5289,48.8838,70.047,134.53103637695312,2.2247,AVAX-USD,0.4595,Neutral,0.5524,0.3751,14.021718312587229,75,353.25,0.0,0.0
2022-07-12,16.84541130065918,17.377901077270508,18.03021240234375,16.84541130065918,16.84541130065918,393620758.0,38685.032255003935,0,7.967908690455374,38677.06434631348,2296,54.840013420002,25000,Neutral,43.500305076990394,18.6177,18.471,22.2741,48.4501,69.7197,134.53103637695312,1.3889,AVAX-USD,0.471,Neutral,0.5727,0.353,12.692954838497041,75,349.989990234375,0.0,0.0
2022-07-13,18.80950355529785,16.84795570373535,18.875289916992188,16.618167877197266,18.80950355529785,636332384.0,43194.588071654325,0,7.967908690455374,43186.62016296387,2296,72.87823668660356,25000,Neutral,55.38262639301118,18.42,18.497,22.0195,48.0244,69.4083,134.53103637695312,1.5168,AVAX-USD,0.4965,Neutral,0.5848,0.3497,12.028573101451958,75,348.3599853515625,0.0,0.0
2022-07-14,19.72987365722656,18.807674407958984,19.840776443481445,17.8316593170166,19.72987365722656,678776743.0,45307.75782568264,0,7.967908690455374,45299.78991699218,2296,81.3309157027168,25000,Neutral,62.17040315032371,18.3823,18.456,21.7393,47.5706,69.0823,134.53103637695312,1.8801,AVAX-USD,0.4885,Neutral,0.575,0.3379,11.653592725413578,75,347.44000244140625,0.0,0.0
2022-07-15,19.38603782653809,19.73219490051269,20.15627670288086,19.13433074951172,19.38603782653809,538489864.0,44518.31075842191,0,7.967908690455374,44510.34284973145,2296,78.17312743367388,25000,Neutral,64.99264670456948,18.4291,18.357,21.5196,47.0694,68.7138,134.53103637695312,1.9325,AVAX-USD,0.5055,Neutral,0.5581,0.3301,14.331494444905271,75,354.010009765625,0.0,0.0
2022-07-16,21.21149253845215,19.37770652770996,21.338848114013672,18.765993118286133,21.21149253845215,592225952.0,48709.55477697659,0,7.967908690455374,48701.58686828613,2296,94.93810350789262,25000,Neutral,69.37583089110036,19.1965,18.433,21.2998,46.5314,68.3845,134.53103637695312,2.5149,AVAX-USD,0.5055,Neutral,0.5581,0.3301,14.331494444905271,75,354.010009765625,0.0,0.0
2022-07-17,20.605005264282227,21.21825790405273,22.000959396362305,20.603933334350582,20.605005264282227,502164784.0,47317.05999548245,0,7.967908690455374,47309.09208679199,2296,89.36812438191606,25000,Neutral,65.33284322200652,19.9484,18.4973,21.1498,45.9557,68.0036,134.53103637695312,2.5694,AVAX-USD,0.5055,Neutral,0.5581,0.3301,14.331494444905271,75,354.010009765625,0.0,0.0
2022-07-18,24.08971405029297,20.607471466064453,24.08971405029297,20.607471466064453,24.08971405029297,989322171.0,55317.951368163114,0,7.967908690455374,55309.983459472656,2296,121.37168987263868,25000,Neutral,70.40611874898501,21.0044,18.7958,21.045,45.4504,67.5799,134.53103637695312,3.615,AVAX-USD,0.4976,Neutral,0.5657,0.3428,13.137231826852467,75,351.0799865722656,0.0,0.0
2022-07-19,24.737207412719727,24.07726287841797,26.10211563110352,23.12698173522949,24.737207412719727,1150854169.0,56804.59612829495,0,7.967908690455374,56796.62821960449,2296,127.31826891316605,25000,Neutral,71.39832483468186,22.0059,19.1527,20.9747,44.9361,67.1472,134.53103637695312,4.2541,AVAX-USD,0.5227,Neutral,0.5674,0.3732,17.02161107613549,75,360.6099853515625,0.0,0.0
2022-07-20,23.59771728515625,24.73459815979004,26.110578536987305,23.500038146972656,23.59771728515625,1068333684.0,54188.32679540921,0,7.967908690455374,54180.35888671875,2296,116.85319158162307,25000,Neutral,64.22044202787438,22.8482,19.4862,20.8702,44.4329,66.6849,134.53103637695312,4.0541,AVAX-USD,0.5205,Neutral,0.5569,0.3889,17.963166823638456,75,362.9200134277344,0.0,0.0
2022-07-21,25.04392433166504,23.59921646118164,25.38763236999512,22.74666213989257,25.04392433166504,759273174.0,57508.81817419339,0,7.967908690455374,57500.85026550293,2296,130.1351570967598,25000,Neutral,65.02427719492653,23.6147,19.9341,20.7575,43.9229,66.2733,134.53103637695312,4.1231,AVAX-USD,0.5366,Neutral,0.5574,0.3856,19.459033275626194,75,366.5899963378906,0.0,0.0
2022-07-22,23.715850830078125,25.044681549072266,25.459941864013672,23.65844917297364,23.715850830078125,639197881.0,54459.56141454983,0,7.967908690455374,54451.593505859375,2296,117.93813005818556,25000,Neutral,61.591652465822904,24.2369,20.303,20.669,43.3909,65.8712,134.53103637695312,3.5263,AVAX-USD,0.545,Neutral,0.5642,0.3769,18.097667679675848,75,363.25,0.0,0.0
2022-07-23,23.646005630493164,23.70182228088379,24.606895446777344,22.89310836791992,23.646005630493164,467200887.0,54299.19683630276,0,7.967908690455374,54291.228927612305,2296,117.29667174519732,25000,Neutral,61.06148728394618,24.1481,20.6523,20.5793,42.8908,65.4587,134.53103637695312,2.9189,AVAX-USD,0.545,Neutral,0.5642,0.3769,18.097667679675848,75,363.25,0.0,0.0
2022-07-24,23.86612319946289,23.648069381713867,24.43214988708496,23.31999969482422,23.86612319946289,424883178.0,54804.586774657255,0,7.967908690455374,54796.6188659668,2296,119.31823149861529,25000,Neutral,64.45783569499493,23.9739,20.9486,20.5234,42.3733,65.1255,134.53103637695312,2.4151,AVAX-USD,0.545,Neutral,0.5642,0.3769,18.097667679675848,75,363.25,0.0,0.0
2022-07-25,20.97567749023437,23.86332321166992,23.86332321166992,20.97567749023437,20.97567749023437,586670563.0,48168.123426268576,0,7.967908690455374,48160.15551757812,2296,92.77237810506057,25000,Neutral,60.33859127219895,23.4495,21.0942,20.4804,41.7996,64.7409,134.53103637695312,1.116,AVAX-USD,0.5448,Neutral,0.5667,0.3666,18.24439588626208,75,363.6099853515625,0.0,0.0
2022-07-26,20.668285369873047,20.975515365600582,20.975515365600582,19.601055145263672,20.668285369873047,443604588.0,47462.35111791897,0,7.967908690455374,47454.383209228516,2296,89.94928887166213,25000,Neutral,61.116875207648924,22.5744,21.1702,20.4513,41.2251,64.3663,134.53103637695312,0.12,AVAX-USD,0.5462,Neutral,0.5839,0.3503,16.467287932840403,75,359.25,0.0,0.0
2022-07-27,23.418182373046875,20.672237396240234,23.418182373046875,20.24528694152832,23.418182373046875,753238649.0,53776.11463720608,0,7.967908690455374,53768.146728515625,2296,115.20434294881059,25000,Neutral,62.81625523001235,22.5149,21.3295,20.4276,40.6466,63.9628,134.53103637695312,0.2505,AVAX-USD,0.5583,Neutral,0.57,0.3495,20.302757779928026,75,368.6600036621094,0.0,0.0
2022-07-28,24.237096786499023,23.41862869262696,24.5893783569336,22.61237144470215,24.237096786499023,1016911260.0,55656.342130492216,0,7.967908690455374,55648.37422180176,2296,122.72525292195513,25000,Neutral,62.60524583846801,22.6331,21.5514,20.3962,40.0504,63.5623,134.53103637695312,0.5124,AVAX-USD,0.563,Neutral,0.5613,0.3677,22.202151677648562,75,373.3200073242188,0.0,0.0
2022-07-29,24.522363662719727,24.240373611450195,25.279525756835938,23.53783798217773,24.522363662719727,922618022.0,56311.31487829495,0,7.967908690455374,56303.34696960449,2296,125.34514391316605,25000,Neutral,64.41185549708092,22.7643,21.7816,20.3444,39.4471,63.1655,134.53103637695312,0.6852,AVAX-USD,0.5753,Neutral,0.555,0.3958,24.431696478998436,75,378.7900085449219,0.0,0.0
2022-07-30,24.228477478027344,24.51581382751465,25.74089813232422,24.03060913085937,24.228477478027344,753147185.0,55636.55219824124,0,7.967908690455374,55628.58428955078,2296,122.64609319295121,25000,Neutral,59.26124518587903,23.4149,22.0354,20.3083,38.8432,62.817,134.53103637695312,0.6305,AVAX-USD,0.5753,Neutral,0.555,0.3958,24.431696478998436,75,378.7900085449219,0.0,0.0
2022-07-31,23.74578285217285,24.228660583496094,25.146635055541992,23.63282012939453,23.74578285217285,565704851.0,54528.285337279325,0,7.967908690455374,54520.31742858887,2296,118.21302574910355,25000,Neutral,59.71508768683882,24.0304,22.354,20.3074,38.2413,62.4654,134.53103637695312,0.3868,AVAX-USD,0.5753,Neutral,0.555,0.3958,24.431696478998436,75,378.7900085449219,0.0,0.0
2022-08-01,23.65823554992676,23.741125106811523,24.29107093811035,23.03883171081543,23.65823554992676,482933106.0,55326.283085429204,0,13.328369700434564,55312.95471572877,2338,112.89328088240627,26000,"cash_0%_Buy 100% of cash (42 shares - DCA Strategy) Monthly invest 3.8% of total investment ($1,000.00)",48.31021641605643,24.0784,22.6946,20.2904,37.6211,62.177,134.53103637695312,0.1487,AVAX-USD,0.5984,Neutral,0.5825,0.4026,23.28693658062848,78,377.6499938964844,0.0,0.0
2022-08-02,22.86105728149414,23.653297424316406,23.87499046325684,22.302026748657227,22.86105728149414,588025228.0,53462.48029383374,0,13.328369700434564,53449.1519241333,2338,105.72480860703908,26000,Neutral,42.737646010420534,23.8032,22.8972,20.288,37.0156,61.9148,134.53103637695312,-0.2681,AVAX-USD,0.6003,Neutral,0.5945,0.4145,22.295685588807192,78,375.2099914550781,0.0,0.0
2022-08-03,23.071916580200195,22.86396217346192,24.08953285217285,22.32845497131348,23.071916580200195,585469835.0,53955.469334208494,0,13.328369700434564,53942.14096450806,2338,107.62092030078816,26000,Neutral,47.8070301742071,23.5131,23.0643,20.2637,36.4494,61.6221,134.53103637695312,-0.4958,AVAX-USD,0.6143,Neutral,0.5761,0.4008,24.676317035645592,78,381.0700073242188,0.0,0.0
2022-08-04,23.375619888305664,23.07352828979492,23.961811065673828,22.961753845214844,23.375619888305664,454557871.0,54665.52766855908,0,13.328369700434564,54652.19929885864,2338,110.35191389444425,26000,Neutral,42.308999084471644,23.3425,23.2638,20.2506,35.9529,61.3447,134.53103637695312,-0.5666,AVAX-USD,0.6172,Neutral,0.5732,0.39,24.554434596985896,78,380.7699890136719,0.0,0.0
2022-08-05,24.94952774047852,23.371044158935547,24.94969749450684,23.178241729736328,24.94952774047852,559959169.0,58345.324226939214,0,13.328369700434564,58331.99585723878,2338,124.50497758052168,26000,Neutral,55.56128381685172,23.5833,23.4507,20.2332,35.4281,61.0602,134.53103637695312,-0.1876,AVAX-USD,0.6004,Neutral,0.5623,0.3698,24.233506023377505,78,379.9800109863281,0.0,0.0
2022-08-06,26.659427642822266,24.949106216430664,26.791444778442383,24.739723205566406,26.659427642822266,725161177.0,62343.070198618894,0,13.328369700434564,62329.74182891846,2338,139.88092362544356,26000,Neutral,61.83431726616733,24.1835,23.7534,20.267,34.9522,60.8152,134.53103637695312,0.4756,AVAX-USD,0.6004,Neutral,0.5623,0.3698,24.233506023377505,78,379.9800109863281,0.0,0.0
2022-08-07,27.889965057373047,26.6581974029541,28.28914833068848,25.880268096923828,27.889965057373047,789046881.0,65220.06667383862,0,13.328369700434564,65206.73830413818,2338,150.94629468398094,26000,Neutral,64.64053162085344,25.1893,23.9434,20.3235,34.4797,60.595,134.53103637695312,1.1319,AVAX-USD,0.6004,Neutral,0.5623,0.3698,24.233506023377505,78,379.9800109863281,0.0,0.0
2022-08-08,27.94895362854004,27.89303207397461,30.49776077270508,27.60738754272461,27.94895362854004,983856352.0,65357.98195322705,0,13.328369700434564,65344.65358352661,2338,151.4767380662441,26000,Neutral,81.95621410284541,26.1647,24.104,20.3824,34.0308,60.3515,134.53103637695312,1.4325,AVAX-USD,0.6082,Neutral,0.5709,0.3728,24.09538251110943,78,379.6400146484375,0.0,0.0
2022-08-09,27.420223236083984,27.95002174377441,28.753562927246094,27.10476493835449,27.420223236083984,758807732.0,64121.81029566479,0,13.328369700434564,64108.481925964355,2338,146.72223169100468,26000,Neutral,80.32667509654958,26.9736,24.2951,20.4715,33.6412,60.0986,134.53103637695312,1.3494,AVAX-USD,0.6115,Neutral,0.5793,0.3759,23.48600751110943,78,378.1400146484375,0.0,0.0
2022-08-10,29.1173095703125,27.41963768005371,30.00086212158203,26.708271026611328,29.1173095703125,942970922.0,68089.59814509106,0,13.328369700434564,68076.26977539062,2338,161.98295418879803,26000,Neutral,78.27172184412849,27.8072,24.4988,20.6268,33.2475,59.8901,134.53103637695312,1.5877,AVAX-USD,0.6242,Neutral,0.5615,0.394,26.703500568360415,78,386.05999755859375,0.0,0.0
2022-08-11,28.55514335632324,29.118932723999023,29.946826934814453,28.47416877746582,28.55514335632324,759953820.0,66775.25353678416,0,13.328369700434564,66761.92516708373,2338,156.92778261838689,26000,Neutral,71.98049087012022,28.1863,24.7408,20.8129,32.8188,59.6453,134.53103637695312,1.4448,AVAX-USD,0.6093,Neutral,0.5555,0.4135,26.703500568360415,78,386.05999755859375,0.0,0.0
2022-08-12,29.343828201293945,28.55395126342773,29.37923622131348,28.192955017089844,29.343828201293945,488313177.0,68619.19870432568,0,13.328369700434564,68605.87033462524,2338,164.0198794166235,26000,Neutral,73.34652817927748,28.4771,25.0257,21.035,32.4232,59.346,134.53103637695312,1.4012,AVAX-USD,0.6199,Neutral,0.5531,0.4274,29.388819515198787,78,392.6700134277344,0.0,0.0
2022-08-13,29.10846900939941,29.3391227722168,30.264902114868164,28.95384788513184,29.10846900939941,469245521.0,68068.92891367625,0,13.328369700434564,68055.60054397582,2338,161.9034571448949,26000,Neutral,73.76462578336235,28.709,25.2878,21.2445,32.0204,59.0573,134.53103637695312,1.1729,AVAX-USD,0.6199,Neutral,0.5531,0.4274,29.388819515198787,78,392.6700134277344,0.0,0.0
2022-08-14,28.215635299682617,29.116405487060547,29.809404373168945,27.94024658203125,28.215635299682617,427880595.0,65981.4837003584,0,13.328369700434564,65968.15533065796,2338,153.874821709057,26000,Neutral,70.93120922259718,28.8681,25.6498,21.4112,31.6065,58.7123,134.53103637695312,0.6909,AVAX-USD,0.6199,Neutral,0.5531,0.4274,29.388819515198787,78,392.6700134277344,0.0,0.0
2022-08-15,27.92951011657715,28.21977996826172,29.26229476928711,27.1677360534668,27.92951011657715,494986915.0,65312.52302225781,0,13.328369700434564,65299.19465255737,2338,151.30189602405477,26000,Neutral,69.63612914902136,28.6305,26.0128,21.6145,31.2083,58.3453,134.53103637695312,0.2222,AVAX-USD,0.625,Neutral,0.5607,0.4158,30.07131653973492,78,394.3500061035156,0.0,0.0
2022-08-16,27.16270446777344,27.91974449157715,28.31100273132324,27.03583335876465,27.16270446777344,415203519.0,63519.73141535474,0,13.328369700434564,63506.403045654304,2338,144.4065436898122,26000,Neutral,69.83114044652166,28.352,26.2001,21.8004,30.7864,58.0098,134.53103637695312,-0.3242,AVAX-USD,0.6321,Neutral,0.5618,0.3917,30.35163003155621,78,395.0400085449219,0.0,0.0
2022-08-17,25.48673820495605,27.158451080322266,28.18882179260254,25.36851692199707,25.48673820495605,503874972.0,59601.322292887686,0,13.328369700434564,59587.99392318725,2338,129.3357393726312,26000,Neutral,59.80774051569763,27.5806,26.2625,21.9778,30.3297,57.6435,134.53103637695312,-1.1027,AVAX-USD,0.6182,Neutral,0.5571,0.3693,29.254750072449777,78,392.3399963378906,0.0,0.0
2022-08-18,24.25769805908203,25.502580642700195,26.25481986999512,24.2334213256836,24.25769805908203,390507879.0,56727.826431834226,0,13.328369700434564,56714.49806213379,2338,118.28383221473327,26000,Neutral,53.33208445222274,26.6105,26.2493,22.1123,29.8796,57.2306,134.53103637695312,-1.8846,AVAX-USD,0.6199,Neutral,0.5549,0.3539,29.746309101075273,78,393.5499877929688,0.0,0.0
2022-08-19,22.48787879943848,24.25180053710937,24.31542015075684,21.81346702575684,22.48787879943848,764994457.0,52589.9890027876,0,13.328369700434564,52576.660633087165,2338,102.36907287224626,26000,Neutral,40.83665482908254,25.4649,26.1623,22.2014,29.4413,56.839,134.53103637695312,-2.7665,AVAX-USD,0.6006,Neutral,0.5569,0.3421,27.540374576539126,78,388.1199951171875,0.0,0.0
2022-08-20,22.302879333496094,22.4794864654541,23.03116226196289,21.713211059570312,22.302879333496094,507113879.0,52157.460251414304,0,13.328369700434564,52144.13188171387,2338,100.70550075157972,26000,Neutral,31.70615553475284,24.3396,26.0901,22.2922,29.0095,56.4269,134.53103637695312,-3.283,AVAX-USD,0.6006,Neutral,0.5569,0.3421,27.540374576539126,78,388.1199951171875,0.0,0.0
2022-08-21,22.977310180664062,22.29676818847656,23.427753448486328,22.197423934936523,22.977310180664062,480536069.0,53734.279572093015,0,13.328369700434564,53720.95120239258,2338,106.77019044649785,26000,Neutral,28.360323913851502,23.5025,26.0561,22.4072,28.5933,56.0436,134.53103637695312,-3.3161,AVAX-USD,0.6006,Neutral,0.5569,0.3421,27.540374576539126,78,388.1199951171875,0.0,0.0
2022-08-22,22.58142471313477,22.97273063659668,22.981666564941406,21.68948173522949,22.58142471313477,512194711.0,52808.69934900953,0,13.328369700434564,52795.37097930909,2338,103.21026651156133,26000,Neutral,27.03816008340948,22.9214,26.0421,22.4788,28.1848,55.6584,134.53103637695312,-3.304,AVAX-USD,0.5809,Neutral,0.5831,0.3338,24.217252552003,78,379.9400024414063,0.0,0.0
2022-08-23,23.52440071105957,22.5841121673584,23.64521217346192,21.88386344909668,23.52440071105957,438836084.0,55013.37723215771,0,13.328369700434564,55000.048862457275,2338,111.68979683136206,26000,Neutral,33.90445777456897,22.7748,26.0647,22.5284,27.7736,55.2763,134.53103637695312,-2.9095,AVAX-USD,0.5839,Neutral,0.5875,0.3526,23.851630031556216,78,379.0400085449219,0.0,0.0
2022-08-24,23.024131774902344,23.51882743835449,23.58197975158692,22.8640079498291,23.024131774902344,365514547.0,53843.74845942212,0,13.328369700434564,53830.42008972168,2338,107.19122462853284,26000,Neutral,22.06338379200882,22.882,26.0472,22.556,27.3932,54.8989,134.53103637695312,-2.6607,AVAX-USD,0.586,Neutral,0.5744,0.372,24.31881505200302,78,380.1900024414063,0.0,0.0
2022-08-25,23.02031707763672,23.02656555175781,23.628393173217773,22.747699737548828,23.02031707763672,325764518.0,53834.829697215086,0,13.328369700434564,53821.50132751465,2338,107.15692169696736,26000,Neutral,23.253981289308967,23.0255,25.9507,22.6115,27.0029,54.5481,134.53103637695312,-2.3816,AVAX-USD,0.6076,Neutral,0.5721,0.379,26.56944352337751,78,385.7300109863281,0.0,0.0
2022-08-26,20.59803009033203,23.0141716003418,23.17032241821289,20.432886123657227,20.59803009033203,530798722.0,48171.522720896726,0,13.328369700434564,48158.19435119629,2338,85.37497178805059,26000,Neutral,13.50020242653936,22.5497,25.6476,22.6328,26.6135,54.2048,134.53103637695312,-2.7408,AVAX-USD,0.5833,Neutral,0.6023,0.3789,21.19881802746686,78,372.510009765625,0.0,0.0
2022-08-27,20.0777587890625,20.604291915893555,20.86459732055664,19.870147705078125,20.0777587890625,351975085.0,46955.12841852856,0,13.328369700434564,46941.800048828125,2338,80.69653216355763,26000,Neutral,13.18661034695154,22.0489,25.257,22.6654,26.2524,53.8637,134.53103637695312,-2.9847,AVAX-USD,0.5833,Neutral,0.6023,0.3789,21.19881802746686,78,372.510009765625,0.0,0.0
2022-08-28,18.430381774902344,20.071882247924805,20.401037216186523,18.274532318115234,18.430381774902344,368370708.0,43103.56095942212,0,13.328369700434564,43090.23258972168,2338,65.8828111669944,26000,Neutral,12.422415479035735,21.0301,24.7811,22.6793,25.9305,53.4852,134.53103637695312,-3.461,AVAX-USD,0.5833,Neutral,0.6023,0.3789,21.19881802746686,78,372.510009765625,0.0,0.0
2022-08-29,19.34901428222656,18.42881965637207,19.42137908935547,17.56277084350586,19.34901428222656,614013678.0,45251.32376154613,0,13.328369700434564,45237.995391845696,2338,74.14343732900983,26000,Neutral,18.575539325115884,20.2951,24.3775,22.7196,25.6013,53.0902,134.53103637695312,-3.3342,AVAX-USD,0.5735,Neutral,0.6049,0.3974,20.199434101075273,78,370.0499877929688,0.0,0.0
2022-08-30,19.34550666809082,19.35013008117676,20.55527305603028,18.997766494750977,19.34550666809082,576589736.0,45243.122959696775,0,13.328369700434564,45229.79458999634,2338,74.11189578343539,26000,Neutral,19.675575673532336,19.5601,23.8889,22.7739,25.2582,52.6992,134.53103637695312,-3.0786,AVAX-USD,0.579,Neutral,0.6092,0.3771,18.566313564271052,78,366.0299987792969,0.0,0.0
2022-08-31,19.12833976745605,19.35286331176757,20.011621475219727,19.028135299682617,19.12833976745605,397343517.0,44735.386746012686,0,13.328369700434564,44722.05837631225,2338,72.15906419234273,26000,Neutral,22.1866447116586,19.2662,23.4176,22.8205,24.9205,52.3283,134.53103637695312,-2.809,AVAX-USD,0.5697,Neutral,0.604,0.3461,17.39631158062849,78,363.1499938964844,0.0,0.0
2022-09-01,19.306751251220703,19.130840301513672,19.408260345458984,18.38875389099121,19.306751251220703,318893652.0,46151.50884398937,0,8.373353571894654,46143.13549041748,2390,71.03139863698394,27000,"cash_0%_Buy 100% of cash (52 shares - DCA Strategy) Monthly invest 3.7% of total investment ($1,000.00)",26.151160504444107,19.112,22.9157,22.8646,24.5223,51.9786,134.53103637695312,-2.4185,AVAX-USD,0.5687,Neutral,0.598,0.3094,17.255162445054655,81,364.2699890136719,0.0,0.0
2022-09-02,18.860631942749023,19.30365562438965,19.62042617797852,18.72685813903809,18.860631942749023,299938092.0,45085.28369674206,0,8.373353571894654,45076.910343170166,2390,67.08241661014203,27000,Neutral,29.973567985037974,19.198,22.4034,22.8799,24.1867,51.6494,134.53103637695312,-2.154,AVAX-USD,0.5712,Neutral,0.5987,0.2859,15.708307639402673,81,360.4500122070313,0.0,0.0
2022-09-03,18.875083923339844,18.85841941833496,18.988975524902344,18.630990982055664,18.875083923339844,180333777.0,45119.82393035412,0,8.373353571894654,45111.45057678223,2390,67.21034340129782,27000,Neutral,30.7115163437022,19.1033,21.9363,22.8934,23.8687,51.3314,134.53103637695312,-1.8379,AVAX-USD,0.5712,Neutral,0.5987,0.2859,15.708307639402673,81,360.4500122070313,0.0,0.0
2022-09-04,19.005001068115234,18.87555885314941,19.105825424194336,18.77714729309082,19.005001068115234,194656841.0,45430.3259063673,0,8.373353571894654,45421.95255279541,2390,68.36035071986515,27000,Neutral,26.188301656570147,19.0352,21.4901,22.8911,23.5675,51.0491,134.53103637695312,-1.4629,AVAX-USD,0.5712,Neutral,0.5987,0.2859,15.708307639402673,81,360.4500122070313,0.0,0.0
2022-09-05,19.42653083801269,19.007373809814453,19.43651580810547,18.49637985229492,19.42653083801269,219675345.0,46437.78205642223,0,8.373353571894654,46429.408702850335,2390,72.09166979414266,27000,Neutral,31.14619896105772,19.0948,21.1033,22.8776,23.3,50.7798,134.53103637695312,-0.9718,AVAX-USD,0.5757,Neutral,0.6024,0.2586,15.708307639402673,81,360.4500122070313,0.0,0.0
2022-09-06,18.21985626220703,19.430662155151367,20.427827835083008,18.21772003173828,18.21985626220703,459611430.0,43553.8298202467,0,8.373353571894654,43545.456466674805,2390,61.41036521571477,27000,Neutral,19.26836604505226,18.8774,20.7399,22.8513,23.1021,50.484,134.53103637695312,-0.946,AVAX-USD,0.5574,Neutral,0.6014,0.2398,15.218323433191227,81,359.239990234375,0.0,0.0
2022-09-07,19.032773971557617,18.215442657470703,19.272363662719727,17.93990135192871,19.032773971557617,298559964.0,45496.7031455946,0,8.373353571894654,45488.329792022705,2390,68.6061923466329,27000,Neutral,27.684655331304768,18.9118,20.4787,22.8365,22.8894,50.2111,134.53103637695312,-0.5715,AVAX-USD,0.587,Neutral,0.5936,0.2116,17.82612689094587,81,365.6799926757813,0.0,0.0
2022-09-08,19.12345695495605,19.026235580444336,19.14376640319824,18.461679458618164,19.12345695495605,314399498.0,45713.43547591686,0,8.373353571894654,45705.06212234496,2390,69.4089046811598,27000,Neutral,28.42257545107576,18.9615,20.3105,22.8361,22.7907,49.9179,134.53103637695312,-0.2219,AVAX-USD,0.5874,Neutral,0.5844,0.1926,18.79393529179465,81,368.0700073242188,0.0,0.0
2022-09-09,20.400781631469727,19.125377655029297,20.57600212097168,19.12352180480957,20.400781631469727,425890549.0,48766.24145278454,0,8.373353571894654,48757.86809921265,2390,80.71559348437343,27000,Neutral,48.7492147441596,19.2407,20.2154,22.8865,22.7077,49.6036,134.53103637695312,0.4792,AVAX-USD,0.5947,Neutral,0.5768,0.2058,21.0939817086542,81,373.75,0.0,0.0
2022-09-10,20.497501373291016,20.397003173828125,21.060182571411133,20.10065078735352,20.497501373291016,365215814.0,48997.40163573742,0,8.373353571894654,48989.02828216553,2390,81.57174231012485,27000,Neutral,52.812747639278726,19.4549,20.0914,22.9474,22.6107,49.3165,134.53103637695312,0.9838,AVAX-USD,0.5947,Neutral,0.5768,0.2058,21.0939817086542,81,373.75,0.0,0.0
2022-09-11,20.658855438232425,20.49252319335937,20.89786148071289,20.07472038269043,20.658855438232425,314321780.0,49383.03785094739,0,8.373353571894654,49374.664497375496,2390,83.00002458868028,27000,Neutral,68.64703418883087,19.9427,19.9953,22.9782,22.4989,49.0261,134.53103637695312,1.3567,AVAX-USD,0.5947,Neutral,0.5768,0.2058,21.0939817086542,81,373.75,0.0,0.0
2022-09-12,21.34820938110352,20.659656524658203,21.881879806518555,20.11676406860352,21.34820938110352,729872503.0,51030.5937744093,0,8.373353571894654,51022.22042083741,2390,89.10208356446515,27000,Neutral,67.39600773809451,20.4058,19.8864,23.0052,22.3722,48.7263,134.53103637695312,1.7909,AVAX-USD,0.594,Neutral,0.5841,0.226,22.75827207323753,81,377.8599853515625,0.0,0.0
2022-09-13,19.06827163696289,21.348520278930664,21.70027732849121,18.82537269592285,19.06827163696289,677722677.0,45581.5425659132,0,8.373353571894654,45573.16921234131,2390,68.92041242188701,27000,Neutral,48.272154018905255,20.3947,19.6887,22.9999,22.2597,48.4214,134.53103637695312,1.2976,AVAX-USD,0.5811,Neutral,0.6164,0.2336,16.084897266138757,81,361.3800048828125,0.0,0.0
2022-09-14,19.12075996398925,18.886499404907227,19.30004119873047,18.54096794128418,19.12075996398925,416816640.0,45706.989667506205,0,8.373353571894654,45698.61631393431,2390,69.3850313166759,27000,Neutral,49.95176943313183,20.1387,19.4937,22.965,22.1324,48.1396,134.53103637695312,0.9794,AVAX-USD,0.5843,Neutral,0.6064,0.2563,16.631566404352508,81,362.7300109863281,0.0,0.0
2022-09-15,18.186092376708984,19.1214656829834,19.32358932495117,18.16227149963379,18.186092376708984,503156220.0,43473.134133906366,0,8.373353571894654,43464.76078033447,2390,61.11149230334316,27000,Neutral,43.4952361340835,19.6764,19.3731,22.9247,22.0373,47.857,134.53103637695312,0.4676,AVAX-USD,0.5753,Neutral,0.6018,0.2573,14.991558989711297,81,358.67999267578125,0.0,0.0
2022-09-16,18.05659866333008,18.193431854248047,18.293437957763672,17.655284881591797,18.05659866333008,443881513.0,43163.64415893079,0,8.373353571894654,43155.270805358894,2390,59.96523313676694,27000,Neutral,45.154974832694954,19.156,19.272,22.8242,21.9346,47.5868,134.53103637695312,0.1144,AVAX-USD,0.566,Neutral,0.6008,0.2474,13.849630097928877,81,355.8599853515625,0.0,0.0
2022-09-17,18.483089447021484,18.056058883666992,18.56532859802246,18.056058883666992,18.483089447021484,250641852.0,44182.95713195324,0,8.373353571894654,44174.58377838135,2390,63.74046637018345,27000,Neutral,47.74962913194317,18.583,19.2747,22.7199,21.8473,47.3343,134.53103637695312,0.063,AVAX-USD,0.566,Neutral,0.6008,0.2474,13.849630097928877,81,355.8599853515625,0.0,0.0
2022-09-18,16.732431411743164,18.48221778869629,18.71295928955078,16.647464752197266,16.732431411743164,458049291.0,39998.884427638055,0,8.373353571894654,39990.51107406616,2390,48.24390079864571,27000,Neutral,39.000459560096274,18.1158,19.1438,22.6055,21.7379,47.1294,134.53103637695312,-0.519,AVAX-USD,0.566,Neutral,0.6008,0.2474,13.849630097928877,81,355.8599853515625,0.0,0.0
2022-09-19,17.304716110229492,16.73036766052246,17.347843170166016,16.46198081970215,17.304716110229492,390780822.0,41366.64485702038,0,8.373353571894654,41358.271503448486,2390,53.30968016672839,27000,Neutral,39.87785090975795,17.7526,19.0418,22.4765,21.617,46.9526,134.53103637695312,-0.6359,AVAX-USD,0.5676,Neutral,0.5913,0.2346,14.955116028195082,81,358.5899963378906,0.0,0.0
2022-09-20,16.66739845275879,17.305648803710938,17.349225997924805,16.625347137451172,16.66739845275879,349506007.0,39843.4556556654,0,8.373353571894654,39835.082302093506,2390,47.66823868022847,27000,Neutral,42.168552746507736,17.4488,18.9187,22.359,21.514,46.7524,134.53103637695312,-0.8597,AVAX-USD,0.5666,Neutral,0.6098,0.2213,13.31916195074525,81,354.54998779296875,0.0,0.0
2022-09-21,16.61811637878418,16.670982360839844,17.768508911132812,16.292272567749023,16.61811637878418,435313782.0,39725.67149886608,0,8.373353571894654,39717.29814529419,2390,47.23200106245322,27000,Neutral,36.802345849311195,17.1612,18.7843,22.2419,21.4106,46.5596,134.53103637695312,-0.9387,AVAX-USD,0.5555,Neutral,0.6163,0.201,10.792351090405727,81,348.3099975585937,0.0,0.0
2022-09-22,17.690845489501953,16.605602264404297,17.81009864807129,16.45786476135254,17.690845489501953,285215305.0,42289.49407348156,0,8.373353571894654,42281.12071990967,2390,56.727640227695744,27000,Neutral,42.92893870581394,17.0027,18.7258,22.139,21.3312,46.3504,134.53103637695312,-0.5224,AVAX-USD,0.5235,Neutral,0.5947,0.1968,9.601831583268396,81,345.3699951171875,0.0,0.0
2022-09-23,17.959775924682617,17.68873405456543,18.217548370361328,17.224315643310547,17.959775924682617,277003761.0,42932.23781356335,0,8.373353571894654,42923.864459991455,2390,59.10817259836902,27000,Neutral,36.61979900476787,17.2482,18.6801,22.0887,21.2846,46.1503,134.53103637695312,-0.0906,AVAX-USD,0.5058,Neutral,0.6138,0.1698,7.277489858731361,81,339.6300048828125,0.0,0.0
2022-09-24,17.623594284057617,17.958131790161133,18.17518615722656,17.591367721557617,17.623594284057617,171338755.0,42128.7636924696,0,8.373353571894654,42120.390338897705,2390,56.132342520244016,27000,Neutral,34.649850681007464,17.3119,18.611,22.038,21.2446,45.9541,134.53103637695312,0.1162,AVAX-USD,0.5058,Neutral,0.6138,0.1698,7.277489858731361,81,339.6300048828125,0.0,0.0
2022-09-25,17.33123016357422,17.623464584350586,17.860532760620117,17.191076278686523,17.33123016357422,140488260.0,41430.013444514276,0,8.373353571894654,41421.64009094238,2390,53.544378638928,27000,Neutral,32.47175401214791,17.4447,18.5062,21.9365,21.1821,45.7466,134.53103637695312,0.1846,AVAX-USD,0.5058,Neutral,0.6138,0.1698,7.277489858731361,81,339.6300048828125,0.0,0.0
2022-09-26,17.542062759399414,17.332881927490234,17.56268310546875,17.021574020385742,17.542062759399414,188906812.0,41933.90334853649,0,8.373353571894654,41925.5299949646,2390,55.41063754271401,27000,Neutral,28.88678269896876,17.6295,18.4723,21.8249,21.1106,45.5192,134.53103637695312,0.3402,AVAX-USD,0.4814,Neutral,0.6239,0.1374,5.945239484985219,81,336.3399963378906,0.0,0.0
2022-09-27,17.30769157409668,17.538110733032227,18.4343490600586,17.086374282836914,17.30769157409668,345407005.0,41373.75621566296,0,8.373353571894654,41365.382862091064,2390,53.336018532071286,27000,Neutral,37.366842517437,17.5529,18.3861,21.7047,21.0245,45.3081,134.53103637695312,0.3839,AVAX-USD,0.48,Neutral,0.626,0.123,5.560555541601733,81,335.3900146484375,0.0,0.0
2022-09-28,17.25748634338379,17.30498504638672,17.405797958374023,16.789417266845703,17.25748634338379,257684562.0,41253.76571425915,0,8.373353571894654,41245.392360687256,2390,52.891609267612715,27000,Neutral,36.625576040020945,17.4124,18.2928,21.5885,20.9484,45.0884,134.53103637695312,0.4194,AVAX-USD,0.5224,Neutral,0.6218,0.1312,8.216544182130296,81,340.4800109863281,1.469,0.0
2022-09-29,17.3486385345459,17.26158905029297,17.368654251098633,16.9273624420166,17.3486385345459,207582338.0,41471.61945113659,0,8.373353571894654,41463.2460975647,2390,53.6984749597514,27000,Neutral,43.16061990532252,17.3574,18.1402,21.4819,20.8947,44.8546,134.53103637695312,0.498,AVAX-USD,0.4954,Neutral,0.6308,0.1304,5.341479982188151,81,333.3800048828125,0.0,0.0
2022-09-30,17.196197509765625,17.343780517578125,17.69614028930664,17.055105209350586,17.196197509765625,279674593.0,41107.28540191174,0,8.373353571894654,41098.912048339844,2390,52.34908959225196,27000,Neutral,42.999451251382695,17.3304,17.9751,21.3742,20.8323,44.6435,134.53103637695312,0.511,AVAX-USD,0.478,Neutral,0.6229,0.1358,3.2843866421032892,81,328.29998779296875,0.0,0.0
2022-10-01,16.970863342285156,17.197280883789062,17.289255142211914,16.92818832397461,16.970863342285156,134160561.0,41567.735460696225,0,6.091135439875757,41561.64432525635,2449,48.556082473901334,28000,"cash_0%_Buy 100% of cash (59 shares - DCA Strategy) Monthly invest 3.6% of total investment ($1,000.00)",37.27957022370598,17.2162,17.7907,21.276,20.782,44.4304,134.53103637695312,0.4539,AVAX-USD,0.4978,Neutral,0.6323,0.146,2.872886211006186,85,328.29998779296875,0.0,0.0
2022-10-02,16.53337860107422,16.971267700195312,17.120010375976562,16.530080795288086,16.53337860107422,171162154.0,40496.33532947064,0,6.091135439875757,40490.24419403076,2449,44.72965343380997,28000,Neutral,47.85082442622958,17.0613,17.55,21.167,20.7154,44.1772,134.53103637695312,0.2759,AVAX-USD,0.4978,Neutral,0.6323,0.146,2.872886211006186,85,328.29998779296875,0.0,0.0
2022-10-03,17.16819190979004,16.535253524780273,17.252548217773438,16.432865142822266,17.16819190979004,204748173.0,42050.99312251568,0,6.091135439875757,42044.901987075806,2449,50.282002694685126,28000,Neutral,48.545584736787774,17.0435,17.455,21.0636,20.6571,43.9268,134.53103637695312,0.4227,AVAX-USD,0.524,Neutral,0.6278,0.1839,6.387237064902916,85,336.9800109863281,0.0,0.0
2022-10-04,17.440378189086914,17.166608810424805,17.52172088623047,17.086732864379883,17.440378189086914,174779832.0,42717.57732051373,0,6.091135439875757,42711.48618507385,2449,52.66266054467815,28000,Neutral,58.92935204117605,17.0618,17.3709,20.9384,20.5858,43.6713,134.53103637695312,0.6345,AVAX-USD,0.5593,Neutral,0.6316,0.2269,10.529131596152919,85,347.2099914550781,0.0,0.0
2022-10-05,17.373703002929688,17.43783950805664,17.446943283081055,16.981075286865234,17.373703002929688,176999979.0,42554.28978961468,0,6.091135439875757,42548.198654174805,2449,52.07949079146726,28000,Neutral,58.69349486196228,17.0973,17.3303,20.7837,20.5253,43.3972,134.53103637695312,0.7505,AVAX-USD,0.5415,Neutral,0.617,0.2663,10.286202295705142,85,346.6099853515625,0.0,0.0
2022-10-06,17.037782669067383,17.373666763305664,17.62871551513672,17.025562286376953,17.037782669067383,189856862.0,41731.6208919859,0,6.091135439875757,41725.52975654602,2449,49.141387585650165,28000,Neutral,40.95203263677006,17.1107,17.2794,20.6028,20.4631,43.1072,134.53103637695312,0.6995,AVAX-USD,0.522,Neutral,0.6273,0.3051,8.80839988883584,85,342.9599914550781,0.0,0.0
2022-10-07,16.90461540222168,17.038976669311523,17.147111892700195,16.754295349121094,16.90461540222168,158335012.0,41405.49425548077,0,6.091135439875757,41399.40312004089,2449,47.976649598131864,28000,Neutral,34.809656657074456,17.1849,17.2005,20.4187,20.4006,42.8026,134.53103637695312,0.6186,AVAX-USD,0.5011,Neutral,0.6301,0.3516,4.909422302136161,85,333.3299865722656,0.0,0.0
2022-10-08,16.785358428955078,16.903654098510742,16.983531951904297,16.685394287109375,16.785358428955078,92577197.0,41113.433927950864,0,6.091135439875757,41107.342792510986,2449,46.933576999810754,28000,Neutral,37.128636606726026,17.1084,17.2031,20.2415,20.3565,42.4928,134.53103637695312,0.5263,AVAX-USD,0.5011,Neutral,0.6301,0.3516,4.909422302136161,85,333.3299865722656,0.0,0.0
2022-10-09,16.903053283691406,16.785560607910156,16.981103897094727,16.716705322265625,16.903053283691406,89206882.0,41401.66862720013,0,6.091135439875757,41395.577491760254,2449,47.96298663998673,28000,Neutral,43.05253984248694,17.0009,17.183,20.0379,20.3324,42.2227,134.53103637695312,0.5184,AVAX-USD,0.5011,Neutral,0.6301,0.3516,4.909422302136161,85,333.3299865722656,0.0,0.0
2022-10-10,16.238502502441406,16.902746200561523,17.178991317749023,16.238502502441406,16.238502502441406,159927573.0,39774.18376391888,0,6.091135439875757,39768.092628479004,2449,42.15054069969655,28000,Neutral,31.56341196153636,16.7739,17.1616,19.8326,20.3228,41.9518,134.53103637695312,0.2711,AVAX-USD,0.4919,Neutral,0.6373,0.3489,3.9012799145599324,85,330.8399963378906,0.0,0.0
2022-10-11,15.951668739318848,16.235111236572266,16.235502243041992,15.72413730621338,15.951668739318848,198036643.0,39071.727878031736,0,6.091135439875757,39065.63674259186,2449,39.64176967867101,28000,Neutral,31.101865420802213,16.5566,17.1283,19.6094,20.3222,41.6923,134.53103637695312,0.0234,AVAX-USD,0.487,Neutral,0.646,0.3287,3.0186487336338708,85,328.6600036621094,0.0,0.0
2022-10-12,15.961630821228027,15.950661659240724,16.131351470947266,15.89378261566162,15.961630821228027,116523361.0,39096.12501662732,0,6.091135439875757,39090.03388118744,2449,39.72890231651238,28000,RiskWatch,31.73551230645775,16.368,17.0418,19.3903,20.3174,41.417,134.53103637695312,-0.1008,AVAX-USD,0.5083,RiskWatch,0.6589,0.2985,2.605677572000854,85,327.6400146484375,0.0,0.0
2022-10-13,15.671713829040527,15.961603164672852,15.981417655944824,14.593812942504885,15.671713829040527,369779404.0,38386.11830276013,0,6.091135439875757,38380.02716732025,2449,37.19316405270099,28000,Neutral,27.618549392026665,16.1453,16.9274,19.1813,20.2962,41.0962,134.53103637695312,-0.255,AVAX-USD,0.5232,Neutral,0.6462,0.2763,6.079525793942555,85,336.2200012207031,0.0,0.0
2022-10-14,15.68238353729248,15.670157432556152,16.366392135620117,15.562581062316896,15.68238353729248,207908886.0,38412.24841826916,0,6.091135439875757,38406.157282829285,2449,37.28648589380468,28000,Neutral,29.000859095391334,15.9012,16.8303,18.9771,20.2958,40.7643,134.53103637695312,-0.3052,AVAX-USD,0.5127,Neutral,0.6456,0.22,3.0145959992588622,85,328.6499938964844,0.0,0.0
2022-10-15,15.440478324890137,15.681532859802246,15.740270614624023,15.422195434570312,15.440478324890137,114054506.0,37819.82255309582,0,6.091135439875757,37813.731417655945,2449,35.17067923247133,28000,Neutral,28.868141734394584,15.7416,16.7358,18.7818,20.2911,40.4614,134.53103637695312,-0.3843,AVAX-USD,0.5127,Neutral,0.6456,0.22,3.0145959992588622,85,328.6499938964844,0.0,0.0
2022-10-16,15.755318641662598,15.44078540802002,15.862239837646484,15.44078540802002,15.755318641662598,127163510.0,38590.86648887158,0,6.091135439875757,38584.7753534317,2449,37.9244075745276,28000,Neutral,38.87975212705724,15.7023,16.6465,18.6196,20.2987,40.1777,134.53103637695312,-0.2593,AVAX-USD,0.5127,Neutral,0.6456,0.22,3.0145959992588622,85,328.6499938964844,0.0,0.0
2022-10-17,16.18509864807129,15.755045890808104,16.243072509765625,15.676973342895508,16.18509864807129,171491982.0,39643.397724566465,0,6.091135439875757,39637.30658912659,2449,41.68344770200934,28000,Neutral,35.074614764034095,15.747,16.5903,18.485,20.2987,39.8906,134.53103637695312,0.0359,AVAX-USD,0.529,Neutral,0.6435,0.1902,6.395330177755444,85,337.0,0.0,0.0
2022-10-18,15.871760368347168,16.186153411865234,16.332380294799805,15.604381561279297,15.871760368347168,195129666.0,38876.03227752209,0,6.091135439875757,38869.941142082214,2449,38.94285681970802,28000,Neutral,26.47904798213294,15.787,16.521,18.3748,20.2881,39.6345,134.53103637695312,0.1317,AVAX-USD,0.552,Neutral,0.6463,0.1505,8.00269652564987,85,340.9700012207031,0.0,0.0
2022-10-19,15.107032775878906,15.871362686157228,15.89592742919922,15.098836898803713,15.107032775878906,204882796.0,37003.21440356732,0,6.091135439875757,36997.12326812744,2449,32.25422155558382,28000,Neutral,21.895422672610522,15.6719,16.409,18.2548,20.2735,39.4058,134.53103637695312,-0.0837,AVAX-USD,0.5395,Neutral,0.6436,0.138,7.047177905461236,85,338.6099853515625,0.0,0.0
2022-10-20,15.187332153320312,15.101544380187988,15.44454860687256,14.940564155578612,15.187332153320312,233552043.0,37199.86757892132,0,6.091135439875757,37193.776443481445,2449,32.95655432470526,28000,Neutral,25.50333147157417,15.6213,16.3085,18.125,20.2661,39.1584,134.53103637695312,-0.1515,AVAX-USD,0.5276,Neutral,0.6309,0.1271,5.921617424087369,85,335.8299865722656,0.0,0.0
2022-10-21,15.69028663635254,15.18890380859375,15.724727630615234,14.651844024658203,15.69028663635254,240934067.0,38431.60310786725,0,6.091135439875757,38425.511972427375,2449,37.355609785226434,28000,Neutral,35.35799724113318,15.6083,16.2445,18.0101,20.2445,38.9167,134.53103637695312,0.049,AVAX-USD,0.5372,Neutral,0.6287,0.1342,9.188986243161292,85,343.8999938964844,0.0,0.0
2022-10-22,15.683671951293944,15.68943691253662,15.877777099609377,15.55204963684082,15.683671951293944,131362692.0,38415.40374415874,0,6.091135439875757,38409.312608718865,2449,37.29775491483891,28000,Neutral,36.345284970761554,15.508,16.202,17.8795,20.2039,38.6632,134.53103637695312,0.2049,AVAX-USD,0.5372,Neutral,0.6287,0.1342,9.188986243161292,85,343.8999938964844,0.0,0.0
2022-10-23,16.30229377746582,15.683835983276367,16.341760635375977,15.6316556930542,16.30229377746582,191269979.0,39930.40859645367,0,6.091135439875757,39924.317461013794,2449,42.708486530177936,28000,Neutral,43.37643324049673,15.5941,16.1587,17.7674,20.1617,38.3943,134.53103637695312,0.5756,AVAX-USD,0.5372,Neutral,0.6287,0.1342,9.188986243161292,85,343.8999938964844,0.0,0.0
2022-10-24,15.759552001953123,16.302366256713867,16.449541091918945,15.662907600402832,15.759552001953123,160269142.0,38601.23398822307,0,6.091135439875757,38595.142852783196,2449,37.96143435792581,28000,Neutral,44.573667198117704,15.7246,16.0747,17.6464,20.1289,38.1188,134.53103637695312,0.5951,AVAX-USD,0.5425,Neutral,0.63,0.1351,10.885426256023333,85,348.0899963378906,0.0,0.0
2022-10-25,16.668628692626953,15.75815773010254,16.96059799194336,15.629010200500488,16.668628692626953,268037581.0,40827.562803683286,0,6.091135439875757,40821.47166824341,2449,45.91260869885512,28000,Neutral,57.11912631146932,16.0209,16.0394,17.5809,20.1069,37.8758,134.53103637695312,0.9724,AVAX-USD,0.5758,Neutral,0.6297,0.149,13.177037494828593,85,353.75,0.0,0.0
2022-10-26,17.015155792236328,16.65995216369629,17.253816604614258,16.656171798706055,17.015155792236328,314000709.0,41676.207670626645,0,6.091135439875757,41670.11653518677,2449,48.943483223652855,28000,Neutral,59.80567960212782,16.2859,16.0383,17.5299,20.0976,37.5953,134.53103637695312,1.325,AVAX-USD,0.5838,Neutral,0.6236,0.1724,12.108153515217328,85,351.1099853515625,0.0,0.0
2022-10-27,16.913970947265625,17.01578140258789,17.480205535888672,16.892780303955078,16.913970947265625,368498288.0,41428.40598529339,0,6.091135439875757,41422.314849853516,2449,48.05847720460552,28000,Neutral,61.98330654739177,16.5319,16.0387,17.5046,20.0919,37.3043,134.53103637695312,1.4628,AVAX-USD,0.587,Neutral,0.6288,0.1956,11.346993162463907,85,349.2300109863281,0.0,0.0
2022-10-28,18.340309143066406,16.914453506469727,18.367652893066406,16.828161239624023,18.340309143066406,431888975.0,44921.50822680951,0,6.091135439875757,44915.41709136963,2449,60.53384235287736,28000,Neutral,70.1390027980341,16.9395,16.1165,17.4878,20.1037,37.0337,134.53103637695312,2.0483,AVAX-USD,0.598,Neutral,0.6133,0.1998,14.646746788845366,85,357.3800048828125,0.0,0.0
2022-10-29,18.307973861694336,18.33908462524414,18.85055923461914,18.19820976257324,18.307973861694336,324609848.0,44842.31912272931,0,6.091135439875757,44836.22798728943,2449,60.25102412401948,28000,Neutral,72.4395429024153,17.4492,16.1867,17.4705,20.1222,36.7827,134.53103637695312,2.3046,AVAX-USD,0.598,Neutral,0.6133,0.1998,14.646746788845366,85,357.3800048828125,0.0,0.0
2022-10-30,18.265605926513672,18.3057918548584,18.79692840576172,17.962953567504883,18.265605926513672,282464477.0,44738.56004947186,0,6.091135439875757,44732.46891403198,2449,59.8804560052429,28000,Neutral,70.5192497150393,17.7686,16.2881,17.4561,20.1383,36.5435,134.53103637695312,2.3349,AVAX-USD,0.598,Neutral,0.6133,0.1998,14.646746788845366,85,357.3800048828125,0.0,0.0
2022-10-31,19.31160926818848,18.261558532714844,19.71123504638672,18.236690521240234,19.31160926818848,520744778.0,47300.222233233464,0,6.091135439875757,47294.13109779359,2449,69.02924951867719,28000,Neutral,73.21735928160673,18.2279,16.4561,17.4562,20.1604,36.3043,134.53103637695312,2.6204,AVAX-USD,0.5867,Neutral,0.61,0.1998,13.662896095724175,85,354.95001220703125,0.0,0.0
2022-11-01,18.66878318786621,19.31098747253418,19.446985244750977,18.598388671875,18.66878318786621,281528846.0,46724.95171701527,0,15.656180974009885,46709.29553604126,2502,61.22040756210787,29000,"cash_0%_Buy 100% of cash (53 shares - DCA Strategy) Monthly invest 3.4% of total investment ($1,000.00)",69.801597230671,18.5789,16.5914,17.453,20.1665,36.0799,134.53103637695312,2.418,AVAX-USD,0.621,Neutral,0.6271,0.2076,12.55960632675188,88,353.5199890136719,0.0,0.0
2022-11-02,17.897476196289062,18.661338806152344,18.7220458984375,17.510086059570312,17.897476196289062,365548952.0,44795.14162408924,0,15.656180974009885,44779.485443115234,2502,54.565890000294,29000,Neutral,69.7366319365749,18.4903,16.7027,17.4367,20.1651,35.855,134.53103637695312,1.8783,AVAX-USD,0.6076,Neutral,0.6248,0.2124,8.919008351354197,88,344.5,0.0,0.0
2022-11-03,18.04765510559082,17.8987979888916,18.809568405151367,17.830320358276367,18.04765510559082,244934828.0,45170.88925516224,0,15.656180974009885,45155.23307418823,2502,55.861571486752595,29000,Neutral,70.03285925769973,18.4382,16.821,17.4208,20.1559,35.6263,134.53103637695312,1.4887,AVAX-USD,0.5995,Neutral,0.6156,0.2011,7.437737871485499,88,340.8299865722656,0.0,0.0
2022-11-04,19.39575958251953,18.043397903442383,19.615930557250977,17.940481185913086,19.39575958251953,365593899.0,48543.846656437876,0,15.656180974009885,48528.19047546387,2502,67.49245907735823,29000,Neutral,73.20495409140148,18.6643,17.0188,17.4203,20.1489,35.3833,134.53103637695312,1.6377,AVAX-USD,0.6028,Neutral,0.6062,0.2345,9.451782391852117,88,345.82000732421875,0.0,0.0
2022-11-05,19.603248596191406,19.393739700317383,20.49410629272461,19.24968147277832,19.603248596191406,395714101.0,49062.98416864491,0,15.656180974009885,49047.3279876709,2502,69.28258842979626,29000,Neutral,73.94335723179015,18.7226,17.2112,17.4433,20.1473,35.1567,134.53103637695312,1.6954,AVAX-USD,0.6028,Neutral,0.6062,0.2345,9.451782391852117,88,345.82000732421875,0.0,0.0
2022-11-06,18.27923011779785,19.603382110595703,19.70480155944824,18.276874542236328,18.27923011779785,236417682.0,45750.28993570423,0,15.656180974009885,45734.633754730225,2502,57.859504867931875,29000,Neutral,61.11825283801404,18.6447,17.3159,17.4308,20.1336,34.936,134.53103637695312,1.1548,AVAX-USD,0.6028,Neutral,0.6062,0.2345,9.451782391852117,88,345.82000732421875,0.0,0.0
2022-11-07,18.06842041015625,18.275983810424805,18.82889938354492,17.791343688964844,18.06842041015625,310371680.0,45222.844047184946,0,15.656180974009885,45207.18786621094,2502,56.04072594200331,29000,Neutral,63.488638901183236,18.6789,17.4257,17.4132,20.1246,34.7155,134.53103637695312,0.6612,AVAX-USD,0.5964,Neutral,0.5984,0.264,10.791785348012706,88,349.1400146484375,0.0,0.0
2022-11-08,15.991604804992676,18.06716537475586,18.14251518249512,15.273184776306152,15.991604804992676,878228418.0,40026.65140306568,0,15.656180974009885,40010.995222091675,2502,38.12282027262655,29000,Neutral,46.51962476655275,18.2677,17.4699,17.3397,20.1131,34.4984,134.53103637695312,-0.4406,AVAX-USD,0.6126,Neutral,0.6196,0.2803,11.558650354425072,88,351.0400085449219,0.0,0.0
2022-11-09,12.917875289916992,15.995768547058104,16.108983993530273,12.279339790344238,12.917875289916992,752204886.0,32336.180156346323,0,15.656180974009885,32320.523975372314,2502,11.603953904628739,29000,Neutral,33.54969387637891,16.9721,17.3565,17.2134,20.0804,34.2652,134.53103637695312,-2.2692,AVAX-USD,0.6009,Neutral,0.6219,0.2735,8.664729272146747,88,343.8699951171875,0.0,0.0
2022-11-10,15.38650608062744,12.916404724121094,15.86744499206543,12.757274627685549,15.38650608062744,507516498.0,38512.69439470386,0,15.656180974009885,38497.03821372985,2502,32.90227886448232,29000,Neutral,44.846941589021526,16.1287,17.3413,17.1255,20.0518,34.0381,134.53103637695312,-2.4272,AVAX-USD,0.6635,Neutral,0.6184,0.2878,16.26075632469288,88,362.6900024414063,0.0,0.0
2022-11-11,14.095545768737791,15.385247230529783,15.41830825805664,13.662421226501465,14.095545768737791,300019683.0,35282.71169435596,0,15.656180974009885,35267.05551338195,2502,21.764407483972327,29000,Neutral,35.547848965997204,15.292,17.2619,17.0046,20.0049,33.7878,134.53103637695312,-2.9151,AVAX-USD,0.6675,Neutral,0.611,0.291,17.661298986060995,88,366.1600036621094,0.0,0.0
2022-11-12,13.06407070159912,14.101588249206545,14.118024826049805,12.973066329956056,13.06407070159912,151599250.0,32701.961076375006,0,15.656180974009885,32686.304895400997,2502,12.865267421969028,29000,Neutral,33.28339803863615,14.2911,17.0999,16.9045,19.9522,33.5108,134.53103637695312,-3.5048,AVAX-USD,0.6675,Neutral,0.611,0.291,17.661298986060995,88,366.1600036621094,0.0,0.0
2022-11-13,13.052020072937012,13.066850662231444,13.336840629577637,12.734872817993164,13.052020072937012,161491789.0,32671.810403462412,0,15.656180974009885,32656.154222488403,2502,12.761299584339403,29000,Neutral,33.34785678825614,13.7032,16.9646,16.8034,19.8842,33.2078,134.53103637695312,-3.7286,AVAX-USD,0.6675,Neutral,0.611,0.291,17.661298986060995,88,366.1600036621094,0.0,0.0
2022-11-14,13.10676383972168,13.053489685058594,13.559865951538086,12.106572151184082,13.10676383972168,233088832.0,32808.77930795765,0,15.656180974009885,32793.12312698364,2502,13.233606151564347,29000,Neutral,28.84202937988799,13.741,16.7865,16.7187,19.8217,32.8887,134.53103637695312,-3.6687,AVAX-USD,0.6609,Neutral,0.6171,0.2825,16.47467149465003,88,363.2200012207031,0.0,0.0
2022-11-15,13.49658203125,13.107967376708984,13.979785919189451,13.048837661743164,13.49658203125,164929945.0,33784.10442316151,0,15.656180974009885,33768.4482421875,2502,16.59679620399146,29000,Neutral,32.053594816400505,13.363,16.6106,16.6427,19.7334,32.5919,134.53103637695312,-3.276,AVAX-USD,0.6759,Neutral,0.6305,0.2883,17.685514868144,88,366.2200012207031,0.0,0.0
2022-11-16,13.078482627868652,13.497727394104004,13.68970012664795,12.894078254699709,13.078482627868652,147528057.0,32738.019715901377,0,15.656180974009885,32722.363534927368,2502,12.989607558266858,29000,Neutral,32.85900381098652,13.1596,16.4188,16.5527,19.6363,32.2862,134.53103637695312,-3.0246,AVAX-USD,0.6791,Neutral,0.6325,0.2948,16.563467168066357,88,363.4400024414063,0.0,0.0
2022-11-17,12.889345169067385,13.076667785644531,13.28766918182373,12.69776439666748,12.889345169067385,152325455.0,32264.797793980604,0,15.656180974009885,32249.141613006595,2502,11.357807827505573,29000,Neutral,31.70277750489764,13.1246,16.1462,16.4886,19.5471,31.99,134.53103637695312,-2.7739,AVAX-USD,0.6716,Neutral,0.6245,0.2695,16.13967691427776,88,362.3900146484375,0.0,0.0
2022-11-18,12.989431381225586,12.888330459594728,13.270204544067385,12.88143253326416,12.989431381225586,132691557.0,32515.213496800425,0,15.656180974009885,32499.557315826416,2502,12.2213102510222,29000,Neutral,25.06850895214815,13.1121,15.8803,16.4167,19.4466,31.6847,134.53103637695312,-2.4021,AVAX-USD,0.6696,Neutral,0.616,0.2295,16.78545019293929,88,363.989990234375,0.0,0.0
2022-11-19,12.882172584533691,12.990460395812988,12.990460395812988,12.557312965393066,12.882172584533691,101179072.0,32246.851987477305,0,15.656180974009885,32231.195806503296,2502,11.295925736114887,29000,Neutral,23.63794706357055,13.0672,15.6111,16.3536,19.3563,31.3736,134.53103637695312,-2.0572,AVAX-USD,0.6696,Neutral,0.616,0.2295,16.78545019293929,88,363.989990234375,0.0,0.0
2022-11-20,12.196779251098633,12.881950378417969,13.117833137512209,12.13129997253418,12.196779251098633,131091600.0,30531.997867222788,0,15.656180974009885,30516.34168624878,2502,5.382635666271729,29000,Neutral,24.884604625139858,12.8072,15.2554,16.2799,19.2609,31.0758,134.53103637695312,-2.0083,AVAX-USD,0.6696,Neutral,0.616,0.2295,16.78545019293929,88,363.989990234375,0.0,0.0
2022-11-21,11.834380149841309,12.196134567260742,12.196134567260742,11.647356986999512,11.834380149841309,184823170.0,29625.275315876963,0,15.656180974009885,29609.619134902954,2502,2.2560061788723385,29000,Neutral,24.576932677222885,12.5584,14.9137,16.1823,19.1606,30.767,134.53103637695312,-2.0064,AVAX-USD,0.6599,Neutral,0.6064,0.1976,16.268824179608618,88,362.7099914550781,0.0,0.0
2022-11-22,12.322193145751951,11.833280563354492,12.350504875183104,11.492087364196776,12.322193145751951,191009083.0,30845.783431645392,0,15.656180974009885,30830.127250671383,2502,6.464654853935881,29000,Neutral,32.80757720814309,12.445,14.6349,16.0883,19.0885,30.4441,134.53103637695312,-1.6295,AVAX-USD,0.682,Neutral,0.6071,0.1749,18.21828890864194,88,367.5400085449219,0.0,0.0
2022-11-23,13.031652450561523,12.324511528015137,13.031652450561523,12.324511528015137,13.031652450561523,197226438.0,32620.85061227894,0,15.656180974009885,32605.19443130493,2502,12.585576166465362,29000,Neutral,50.684800195434164,12.4534,14.3841,16.0118,19.0249,30.125,134.53103637695312,-0.9139,AVAX-USD,0.6934,Neutral,0.6019,0.1477,19.146597234719675,88,369.8399963378906,0.0,0.0
2022-11-24,12.94083309173584,13.030242919921877,13.36559772491455,12.805801391601562,12.94083309173584,157045574.0,32393.62057649708,0,15.656180974009885,32377.96439552307,2502,11.802024318941706,29000,Neutral,29.377120812616425,12.4652,14.0614,15.9386,18.9376,29.7921,134.53103637695312,-0.3959,AVAX-USD,0.6894,Neutral,0.6016,0.1375,19.146597234719675,88,369.8399963378906,0.0,0.0
2022-11-25,12.828289031982422,12.94009780883789,13.011812210083008,12.549860954284668,12.828289031982422,127884745.0,32112.03533899403,0,15.656180974009885,32096.37915802002,2502,10.831040741344976,29000,Neutral,36.66353733033287,12.5915,13.7226,15.8601,18.8425,29.4465,134.53103637695312,-0.039,AVAX-USD,0.69,Neutral,0.6008,0.133,19.13044920755245,88,369.7999877929688,0.0,0.0
2022-11-26,12.75235652923584,12.828180313110352,13.212053298950195,12.65736198425293,12.75235652923584,147386106.0,31922.05221712208,0,15.656180974009885,31906.39603614807,2502,10.175926527993417,29000,Neutral,45.89369455929858,12.7751,13.4463,15.7842,18.7444,29.0957,134.53103637695312,0.2155,AVAX-USD,0.69,Neutral,0.6008,0.133,19.13044920755245,88,369.7999877929688,0.0,0.0
2022-11-27,12.876786231994627,12.75239372253418,13.242740631103516,12.706613540649414,12.876786231994627,122601927.0,32233.375333424567,0,15.656180974009885,32217.719152450558,2502,11.249454515243373,29000,Neutral,47.757973490921614,12.886,13.1867,15.7111,18.6498,28.7465,134.53103637695312,0.4891,AVAX-USD,0.69,Neutral,0.6008,0.133,19.13044920755245,88,369.7999877929688,0.0,0.0
2022-11-28,12.457791328430176,12.8717041015625,12.97786808013916,12.016761779785156,12.457791328430176,175938137.0,31185.05008470631,0,15.656180974009885,31169.3939037323,2502,7.634539864490764,29000,Neutral,42.40467744459407,12.7712,13.01,15.6296,18.5558,28.3985,134.53103637695312,0.4956,AVAX-USD,0.68,Neutral,0.6136,0.1371,16.769314483107788,88,363.9500122070313,0.0,0.0
2022-11-29,12.47298812866211,12.459177017211914,12.703824043273926,12.313310623168944,12.47298812866211,162217202.0,31223.072478886606,0,15.656180974009885,31207.416297912598,2502,7.76565156856075,29000,Neutral,36.868799077636474,12.6776,12.9877,15.5509,18.4625,28.0418,134.53103637695312,0.5423,AVAX-USD,0.6773,Neutral,0.6116,0.1424,16.51099531777456,88,363.30999755859375,0.0,0.0
2022-11-30,13.157401084899902,12.473379135131836,13.174416542053224,12.473379135131836,13.157401084899902,195360075.0,32935.473695393564,0,15.656180974009885,32919.817514419556,2502,13.670483349619223,29000,Neutral,50.94765584811488,12.7435,12.8763,15.4873,18.3817,27.6987,134.53103637695312,0.941,AVAX-USD,0.697,Neutral,0.6027,0.1618,21.023402000168193,88,374.489990234375,0.0,0.0
2022-12-01,12.887733459472656,13.156432151794434,13.277148246765137,12.841053009033203,12.887733459472656,152241995.0,33259.76005336476,0,9.407727925303902,33250.35232543945,2580,10.965751244535449,30000,"cash_0%_Buy 100% of cash (78 shares - DCA Strategy) Monthly invest 3.3% of total investment ($1,000.00)",49.98101372763662,12.7705,12.8159,15.4266,18.2968,27.3731,134.53103637695312,1.072,AVAX-USD,0.7198,Neutral,0.6075,0.1984,20.430693913118784,91,374.5400085449219,0.0,0.0
2022-12-02,13.58639907836914,12.888829231262209,13.61192798614502,12.840700149536133,13.58639907836914,185188563.0,35062.317350117686,0,9.407727925303902,35052.90962219238,2580,16.974275567045204,30000,Neutral,56.163217965279316,12.9125,12.842,15.3669,18.2152,27.0841,134.53103637695312,1.4994,AVAX-USD,0.7275,Neutral,0.6023,0.2245,20.21340476051927,91,374.0,0.0,0.0
2022-12-03,13.431282043457031,13.5872220993042,13.85684871673584,13.324204444885254,13.431282043457031,179887086.0,34662.115400044444,0,9.407727925303902,34652.70767211914,2580,15.640269066801071,30000,Neutral,55.613645754260126,13.1072,12.861,15.3001,18.1193,26.7737,134.53103637695312,1.6698,AVAX-USD,0.7275,Neutral,0.6023,0.2245,20.21340476051927,91,374.0,0.0,0.0
2022-12-04,13.925615310668944,13.427191734313965,13.926417350769045,13.423125267028809,13.925615310668944,150926134.0,35937.495229451175,0,9.407727925303902,35928.08750152587,2580,19.891535164823495,30000,Neutral,68.39271343293396,13.3977,12.9019,15.2426,18.0131,26.4827,134.53103637695312,1.9807,AVAX-USD,0.7275,Neutral,0.6023,0.2245,20.21340476051927,91,374.0,0.0,0.0
2022-12-05,13.60273265838623,13.924531936645508,14.305390357971191,13.482261657714844,13.60273265838623,183876782.0,35104.45798656178,0,9.407727925303902,35095.050258636475,2580,17.11474435519218,30000,Neutral,68.97264504120007,13.4868,12.9072,15.1854,17.8941,26.1869,134.53103637695312,1.9641,AVAX-USD,0.698,Neutral,0.6068,0.2237,17.533546144099052,91,367.3399963378906,0.0,0.0
2022-12-06,13.666421890258787,13.60281753540039,13.671993255615234,13.496726036071776,13.666421890258787,125511203.0,35268.77620479297,0,9.407727925303902,35259.36847686767,2580,17.66247174929616,30000,Neutral,65.86617948995033,13.6425,12.9366,15.1314,17.7751,25.9029,134.53103637695312,1.9248,AVAX-USD,0.6975,Neutral,0.626,0.216,15.396904269331582,91,362.0299987792969,0.0,0.0
2022-12-07,13.264047622680664,13.66579818725586,13.678564071655272,13.02914047241211,13.264047622680664,140058713.0,34230.65059444142,0,9.407727925303902,34221.24286651611,2580,14.202053048124297,30000,Neutral,52.957388957741394,13.578,12.9554,15.0727,17.6571,25.6491,134.53103637695312,1.6464,AVAX-USD,0.6981,Neutral,0.6331,0.2082,15.115232690788051,91,361.3299865722656,0.0,0.0
2022-12-08,13.40671443939209,13.265929222106934,13.501283645629885,13.113521575927734,13.40671443939209,119634853.0,34598.730981556895,0,9.407727925303902,34589.32325363159,2580,15.428987671842576,30000,Neutral,55.85144661934839,13.5731,12.9762,15.0144,17.5262,25.3868,134.53103637695312,1.489,AVAX-USD,0.6906,Neutral,0.6225,0.1926,16.262020861012207,91,364.1799926757813,0.0,0.0
2022-12-09,13.451823234558104,13.406481742858888,13.598641395568848,13.37514877319336,13.451823234558104,116383354.0,34715.11167308521,0,9.407727925303902,34705.703945159905,2580,15.81692331027027,30000,Neutral,57.966508698638975,13.4783,13.0047,14.968,17.4003,25.1095,134.53103637695312,1.3659,AVAX-USD,0.677,Neutral,0.623,0.1824,15.19168605411581,91,361.5199890136719,0.0,0.0
2022-12-10,13.480047225952148,13.453391075134276,13.565138816833496,13.359334945678713,13.480047225952148,90549473.0,34787.929570881846,0,9.407727925303902,34778.52184295654,2580,16.059649636259074,30000,Neutral,59.411991522486375,13.4538,13.0689,14.9268,17.2681,24.8456,134.53103637695312,1.2595,AVAX-USD,0.677,Neutral,0.623,0.1824,15.19168605411581,91,361.5199890136719,0.0,0.0
2022-12-11,12.995100021362305,13.480694770812988,13.494415283203123,12.96933937072754,12.995100021362305,99881447.0,33536.76578304005,0,9.407727925303902,33527.358055114746,2580,11.889103676786418,30000,Neutral,51.39973873860255,13.3195,13.1269,14.8773,17.1338,24.5771,134.53103637695312,0.9214,AVAX-USD,0.677,Neutral,0.623,0.1824,15.19168605411581,91,361.5199890136719,0.0,0.0
2022-12-12,12.991484642028809,12.993828773498535,13.039525032043455,12.649003028869627,12.991484642028809,130384940.0,33527.43810435963,0,9.407727925303902,33518.030376434326,2580,11.858011414518343,30000,Neutral,57.00219218122032,13.265,13.1604,14.8327,17.007,24.3067,134.53103637695312,0.6823,AVAX-USD,0.668,Neutral,0.6369,0.1823,17.267973241964587,91,366.6799926757813,0.0,0.0
2022-12-13,13.728175163269045,12.992676734924316,14.088196754455566,12.605194091796877,13.728175163269045,289072313.0,35428.09964915944,0,9.407727925303902,35418.69192123414,2580,18.193549897184383,30000,Neutral,63.846839630254124,13.3293,13.1952,14.8001,16.8886,24.0485,134.53103637695312,0.8718,AVAX-USD,0.6946,Neutral,0.6272,0.2079,18.358434464295303,91,369.3900146484375,0.0,0.0
2022-12-14,13.72756004333496,13.731134414672852,14.155461311340332,13.620152473449709,13.72756004333496,213998532.0,35426.512639729495,0,9.407727925303902,35417.10491180419,2580,18.188259865751235,30000,Neutral,57.40736014225578,13.3845,13.2345,14.7716,16.7767,23.7815,134.53103637695312,0.9645,AVAX-USD,0.6954,Neutral,0.6133,0.2389,17.461120519796605,91,367.1600036621094,0.0,0.0
2022-12-15,13.170801162719728,13.725992202758787,13.863432884216309,13.11355209350586,13.170801162719728,152280792.0,33990.074727742205,0,9.407727925303902,33980.6669998169,2580,13.400133492460276,30000,Neutral,53.4222558585283,13.3226,13.2517,14.7285,16.674,23.5019,134.53103637695312,0.725,AVAX-USD,0.6858,Neutral,0.6288,0.2448,13.827621010984291,91,358.1300048828125,0.0,0.0
2022-12-16,11.846814155578612,13.171334266662598,13.27744483947754,11.689373016357422,11.846814155578612,194845681.0,30574.188249318122,0,9.407727925303902,30564.78052139282,2580,2.0138452310466626,30000,Neutral,31.730926203873523,13.093,13.2064,14.6562,16.5706,23.2251,134.53103637695312,-0.0848,AVAX-USD,0.6754,Neutral,0.6217,0.2489,12.109446485314646,91,353.8599853515625,0.0,0.0
2022-12-17,11.963336944580078,11.845928192138672,11.97133731842041,11.58017635345459,11.963336944580078,128236702.0,30874.817044941905,0,9.407727925303902,30865.4093170166,2580,3.0159412164592725,30000,Neutral,34.45768942762771,12.8873,13.1607,14.591,16.4829,22.9621,134.53103637695312,-0.5251,AVAX-USD,0.6754,Neutral,0.6217,0.2489,12.109446485314646,91,353.8599853515625,0.0,0.0
2022-12-18,11.92267894744873,11.962940216064451,12.005910873413086,11.82823085784912,11.92267894744873,82546491.0,30769.919412343028,0,9.407727925303902,30760.511684417725,2580,2.666282441129675,30000,Neutral,26.539493429434913,12.5262,13.134,14.538,16.3964,22.7029,134.53103637695312,-0.7834,AVAX-USD,0.6754,Neutral,0.6217,0.2489,12.109446485314646,91,353.8599853515625,0.0,0.0
2022-12-19,11.382280349731444,11.925618171691896,12.07920265197754,11.27797031402588,11.382280349731444,145700236.0,29375.69103023243,0,9.407727925303902,29366.283302307125,2580,-1.9811454992389899,30000,Neutral,25.252727307899093,12.0572,13.0794,14.4745,16.2998,22.4465,134.53103637695312,-1.1636,AVAX-USD,0.6623,Neutral,0.6137,0.2598,10.882189492429585,91,350.8099975585937,0.0,0.0
2022-12-20,11.96780490875244,11.385845184326172,12.018200874328612,11.369000434875488,11.96780490875244,133088275.0,30886.3443925066,0,9.407727925303902,30876.936664581295,2580,3.0543657083415887,30000,Neutral,33.04127593492362,11.8166,13.0199,14.4125,16.2113,22.198,134.53103637695312,-1.0316,AVAX-USD,0.6625,Neutral,0.6032,0.2681,11.096262544536199,91,349.6700134277344,1.672,0.0
2022-12-21,11.696436882019045,11.96539306640625,11.971964836120604,11.647215843200684,11.696436882019045,99510761.0,30186.214883534438,0,9.407727925303902,30176.807155609134,2580,0.7206006784343799,30000,Neutral,33.92881690341899,11.7865,12.9604,14.346,16.1128,21.9432,134.53103637695312,-1.0128,AVAX-USD,0.6749,Neutral,0.5893,0.2809,13.200707066485595,91,354.8999938964844,0.0,0.0
2022-12-22,11.84343147277832,11.697935104370115,11.843446731567385,11.491372108459473,11.84343147277832,100223574.0,30565.46092769337,0,9.407727925303902,30556.053199768066,2580,1.9847541589641526,30000,Neutral,33.98739443508522,11.7625,12.8732,14.2717,16.0196,21.7064,134.53103637695312,-0.8499,AVAX-USD,0.6646,Neutral,0.6055,0.2871,11.192830043606119,91,349.9100036621094,0.0,0.0
2022-12-23,11.781726837158203,11.84354305267334,11.87252712249756,11.743697166442873,11.781726837158203,97273971.0,30406.262967793467,0,9.407727925303902,30396.855239868164,2580,1.4540942926311473,30000,Neutral,32.951273721338026,11.7343,12.7908,14.2054,15.9259,21.4644,134.53103637695312,-0.7094,AVAX-USD,0.6626,Neutral,0.5902,0.3125,11.981493271958986,91,351.8699951171875,0.0,0.0
2022-12-24,11.680429458618164,11.78160572052002,11.820819854736328,11.663323402404783,11.680429458618164,49904792.0,30144.915731160167,0,9.407727925303902,30135.508003234863,2580,0.5829368371867982,30000,Neutral,31.89913666188464,11.794,12.6785,14.1223,15.8516,21.2326,134.53103637695312,-0.6094,AVAX-USD,0.6626,Neutral,0.5902,0.3125,11.981493271958986,91,351.8699951171875,0.0,0.0
2022-12-25,11.684593200683594,11.680124282836914,11.715807914733888,11.539064407348633,11.684593200683594,96667768.0,30155.658185688975,0,9.407727925303902,30146.250457763672,2580,0.6187450189494959,30000,Neutral,35.407355333636346,11.7373,12.5826,14.0335,15.7817,21.017,134.53103637695312,-0.4837,AVAX-USD,0.6626,Neutral,0.5902,0.3125,11.981493271958986,91,351.8699951171875,0.0,0.0
2022-12-26,11.72385597229004,11.684329986572266,11.764178276062012,11.5806303024292,11.72385597229004,100546246.0,30256.956136433608,0,9.407727925303902,30247.548408508304,2580,0.9564048547649362,30000,Neutral,35.99598297357308,11.7428,12.4855,13.947,15.7258,20.8282,134.53103637695312,-0.3281,AVAX-USD,0.6625,Neutral,0.5895,0.33,11.981493271958986,91,351.8699951171875,0.0,0.0
2022-12-27,11.646395683288574,11.720730781555176,11.780208587646484,11.581321716308594,11.646395683288574,130725347.0,30057.108590809825,0,9.407727925303902,30047.70086288452,2580,0.2902463693523316,30000,Neutral,23.08078389047752,11.7034,12.4046,13.8354,15.6616,20.6315,134.53103637695312,-0.2225,AVAX-USD,0.6455,Neutral,0.5894,0.3421,11.418162394564082,91,350.4700012207031,0.0,0.0
2022-12-28,11.202914237976074,11.64621353149414,11.65528678894043,11.13272762298584,11.202914237976074,139487054.0,28912.926461903575,0,9.407727925303902,28903.51873397827,2580,-3.5236940603351696,30000,Neutral,20.708929668007357,11.5876,12.2944,13.717,15.5937,20.426,134.53103637695312,-0.3496,AVAX-USD,0.6492,Neutral,0.5995,0.3414,9.687929211202853,91,346.1700134277344,0.0,0.0
2022-12-29,10.992694854736328,11.203086853027344,11.208212852478027,10.70211696624756,10.992694854736328,118611566.0,28370.56045314503,0,9.407727925303902,28361.152725219727,2580,-5.331580756196985,30000,Neutral,22.519775952749498,11.4501,12.1714,13.5958,15.5259,20.2232,134.53103637695312,-0.495,AVAX-USD,0.6614,Neutral,0.5934,0.3453,12.158541873381967,91,352.3099975585937,0.0,0.0
2022-12-30,10.870248794555664,10.992425918579102,10.992425918579102,10.651060104370115,10.870248794555664,158598467.0,28054.649617878917,0,9.407727925303902,28045.241889953613,2580,-6.3846168737506925,30000,Neutral,32.31822271031156,11.2872,12.0409,13.4551,15.4556,19.989,134.53103637695312,-0.5976,AVAX-USD,0.6521,Neutral,0.5903,0.3495,11.768231858384784,91,351.3399963378906,0.0,0.0
2022-12-31,10.902632713317873,10.870633125305176,11.04160499572754,10.8468656539917,10.902632713317873,84881315.0,28138.200128285414,0,9.407727925303902,28128.79240036011,2580,-6.106115172395699,30000,Neutral,30.191253959597802,11.123,11.9363,13.3256,15.3893,19.788,134.53103637695312,-0.5819,AVAX-USD,0.6521,Neutral,0.5903,0.3495,11.768231858384784,91,351.3399963378906,0.0,0.0
2023-01-01,10.865915298461914,10.90373420715332,10.92994785308838,10.670733451843262,10.865915298461914,95741904.0,29042.469533749583,0,8.743856259349513,29033.725677490234,2672,-6.214730007273161,31000,"cash_0%_Buy 100% of cash (92 shares - DCA Strategy) Monthly invest 3.2% of total investment ($1,000.00)",30.235755382877343,10.9669,11.83,13.2084,15.3226,19.5957,134.53103637695312,-0.5283,AVAX-USD,0.6577,Neutral,0.593,0.3531,11.27133660462405,95,351.3399963378906,0.0,0.0
2023-01-02,11.15361499786377,10.866033554077148,11.23122787475586,10.743950843811035,11.15361499786377,128530323.0,29811.20313055134,0,8.743856259349513,29802.459274291992,2672,-3.734944211138458,31000,Neutral,45.27692211323036,10.957,11.7013,13.0935,15.2572,19.4123,134.53103637695312,-0.2702,AVAX-USD,0.6627,Neutral,0.5925,0.3533,11.27133660462405,95,351.3399963378906,0.0,0.0
2023-01-03,11.38444995880127,11.15368366241455,11.52815055847168,11.087236404418944,11.38444995880127,165410541.0,30427.99414617634,0,8.743856259349513,30419.250289916992,2672,-1.7452957736384556,31000,Neutral,35.882254105208986,11.0354,11.5842,12.96,15.1901,19.2451,134.53103637695312,0.0744,AVAX-USD,0.666,Neutral,0.6068,0.3436,10.728157678268357,95,349.989990234375,0.0,0.0
2023-01-04,12.07761287689209,11.383941650390623,12.270716667175291,11.363713264465332,12.07761287689209,203700017.0,32280.125463315013,0,8.743856259349513,32271.381607055664,2672,4.22932137842178,31000,Neutral,57.660815171515935,11.2768,11.5295,12.8346,15.139,19.1205,134.53103637695312,0.7132,AVAX-USD,0.6934,Neutral,0.6115,0.3164,11.742094948488944,95,352.510009765625,0.0,0.0
2023-01-05,11.740196228027344,12.077432632446287,12.14906120300293,11.718555450439451,11.740196228027344,148011463.0,31378.54817754841,0,8.743856259349513,31369.804321289062,2672,1.3210075533682142,31000,Neutral,48.07271173464846,11.4444,11.5242,12.7256,15.0782,18.9838,134.53103637695312,0.9281,AVAX-USD,0.7001,Neutral,0.6195,0.2862,10.193033669192065,95,348.6600036621094,0.0,0.0
2023-01-06,11.781206130981444,11.742313385009766,11.803510665893556,11.38878059387207,11.781206130981444,135298028.0,31488.126638241767,0,8.743856259349513,31479.38278198242,2672,1.6744864588306596,31000,Neutral,49.9902032906895,11.6274,11.5151,12.6208,15.017,18.9038,134.53103637695312,1.0738,AVAX-USD,0.721,Neutral,0.6158,0.2711,13.38368954580054,95,356.5899963378906,0.0,0.0
2023-01-07,11.74342441558838,11.781932830810549,11.854203224182127,11.666064262390137,11.74342441558838,99819319.0,31387.1738947115,0,8.743856259349513,31378.430038452152,2672,1.348832447442705,31000,Neutral,51.214224449633114,11.7454,11.5061,12.55,14.9448,18.8263,134.53103637695312,1.1226,AVAX-USD,0.721,Neutral,0.6158,0.2711,13.38368954580054,95,356.5899963378906,0.0,0.0
2023-01-08,12.072585105895996,11.741462707519531,12.128076553344728,11.609659194946287,12.072585105895996,133385894.0,32266.69125921345,0,8.743856259349513,32257.9474029541,2672,4.185985236158674,31000,Neutral,56.64588692032528,11.883,11.5406,12.5359,14.8746,18.7427,134.53103637695312,1.3065,AVAX-USD,0.721,Neutral,0.6158,0.2711,13.38368954580054,95,356.5899963378906,0.0,0.0
2023-01-09,12.209636688232422,12.069567680358888,12.631736755371094,12.069567680358888,12.209636688232422,331158364.0,32632.89308721638,0,8.743856259349513,32624.14923095703,2672,5.367281455522965,31000,Neutral,58.05118715092627,11.9094,11.5527,12.483,14.8042,18.6515,134.53103637695312,1.4561,AVAX-USD,0.7217,Neutral,0.6233,0.2665,13.279073851866709,95,356.3299865722656,0.0,0.0
2023-01-10,12.731241226196287,12.207080841064451,12.869482040405272,12.089607238769531,12.731241226196287,230945289.0,34026.62041265583,0,8.743856259349513,34017.87655639648,2672,9.86317605371474,31000,Neutral,65.67256098014627,12.1076,11.6044,12.4602,14.7324,18.5523,134.53103637695312,1.7788,AVAX-USD,0.7276,Neutral,0.6111,0.2751,14.301053760529395,95,358.8699951171875,0.0,0.0
2023-01-11,15.91392421722412,12.729662895202637,15.91392421722412,12.316078186035156,15.91392421722412,815639199.0,42530.7493646822,0,8.743856259349513,42522.005508422844,2672,37.29585009250947,31000,Neutral,87.99095941890242,12.9342,11.808,12.5077,14.7061,18.4829,134.53103637695312,3.5619,AVAX-USD,0.7313,Neutral,0.6158,0.3108,16.143837107266545,95,363.4500122070313,0.0,0.0
2023-01-12,15.45734977722168,15.849684715270996,16.10527229309082,14.886008262634276,15.45734977722168,821227059.0,41310.78246099568,0,8.743856259349513,41302.03860473633,2672,33.36047298384328,31000,Neutral,84.62837113150727,13.6769,11.9917,12.5478,14.6756,18.404,134.53103637695312,4.2011,AVAX-USD,0.7329,Neutral,0.5968,0.3519,16.691031213424612,95,364.80999755859375,0.0,0.0
2023-01-13,15.962223052978516,15.45751667022705,16.4328556060791,15.047157287597656,15.962223052978516,594284894.0,42659.803853817946,0,8.743856259349513,42651.059997558594,2672,37.71215489617317,31000,Neutral,87.2822377992699,14.4549,12.2058,12.5954,14.6571,18.3472,134.53103637695312,4.5807,AVAX-USD,0.7295,Neutral,0.5922,0.3969,17.262377792583617,95,366.2300109863281,0.0,0.0
2023-01-14,16.958057403564453,15.961251258850098,18.337526321411133,15.944210052490234,16.958057403564453,1069929455.0,45320.67323858357,0,8.743856259349513,45311.92938232422,2672,46.29560452444939,31000,Neutral,88.85465777514408,15.4046,12.4695,12.6531,14.6479,18.2912,134.53103637695312,4.9821,AVAX-USD,0.7295,Neutral,0.5922,0.3969,17.262377792583617,95,366.2300109863281,0.0,0.0
2023-01-15,16.797117233276367,16.959484100341797,17.043317794799805,16.05112648010254,16.797117233276367,514796096.0,44890.641103573806,0,8.743856259349513,44881.89724731445,2672,44.90840408893402,31000,Neutral,87.46040626002122,16.2177,12.7232,12.7151,14.6339,18.2406,134.53103637695312,4.8197,AVAX-USD,0.7295,Neutral,0.5922,0.3969,17.262377792583617,95,366.2300109863281,0.0,0.0
2023-01-16,16.740787506103516,16.79619789123535,17.275224685668945,16.220399856567383,16.740787506103516,455814602.0,44740.128072567946,0,8.743856259349513,44731.384216308594,2672,44.42287818246349,31000,Neutral,86.34993498231765,16.3831,12.9779,12.7793,14.6339,18.1859,134.53103637695312,4.369,AVAX-USD,0.7224,Neutral,0.6011,0.4291,17.262377792583617,95,366.2300109863281,0.0,0.0
2023-01-17,17.1265926361084,16.742637634277344,18.13629531860352,16.669139862060547,17.1265926361084,549733348.0,45770.99937994099,0,8.743856259349513,45762.25552368164,2672,47.748269496570096,31000,Neutral,86.61974255191691,16.717,13.2741,12.8482,14.6325,18.1247,134.53103637695312,3.9507,AVAX-USD,0.717,Neutral,0.5983,0.4521,17.037061127831787,95,365.6700134277344,0.0,0.0
2023-01-18,15.804330825805664,17.129079818725586,17.383407592773438,15.774803161621094,15.804330825805664,466860281.0,42237.91582281209,0,8.743856259349513,42229.171966552734,2672,36.3512257638962,31000,Neutral,72.00126385963864,16.6854,13.5147,12.8969,14.6253,18.0696,134.53103637695312,2.853,AVAX-USD,0.7194,Neutral,0.6093,0.4563,14.647083674936571,95,359.7300109863281,0.0,0.0
2023-01-19,16.196353912353516,15.809412002563477,16.256357192993164,15.750173568725586,16.196353912353516,275014984.0,43285.401510067946,0,8.743856259349513,43276.657653808594,2672,39.73021185181833,31000,Neutral,76.13909253890586,16.533,13.781,12.9636,14.6218,18.0162,134.53103637695312,2.119,AVAX-USD,0.7149,Neutral,0.6107,0.4634,13.604991030749968,95,357.1400146484375,0.0,0.0
2023-01-20,17.52127456665039,16.19332504272461,17.528125762939453,15.902365684509276,17.52127456665039,377589626.0,46825.589498349196,0,8.743856259349513,46816.845642089844,2672,51.15017310433849,31000,Neutral,79.2626409069385,16.6779,14.1119,13.0584,14.6203,17.9758,134.53103637695312,2.0223,AVAX-USD,0.723,Neutral,0.6049,0.4679,16.24844052236303,95,363.7099914550781,0.0,0.0
2023-01-21,16.896469116210938,17.522947311401367,17.73019790649414,16.887035369873047,16.896469116210938,451849941.0,45156.10933477498,0,8.743856259349513,45147.365478515625,2672,45.76475322184102,31000,Neutral,74.78648479069679,16.709,14.4134,13.1346,14.6115,17.948,134.53103637695312,1.5173,AVAX-USD,0.723,Neutral,0.6049,0.4679,16.24844052236303,95,363.7099914550781,0.0,0.0
2023-01-22,17.362272262573242,16.891254425048828,18.36590385437012,16.877227783203125,17.362272262573242,528180733.0,46400.735341855056,0,8.743856259349513,46391.9914855957,2672,49.77967582532514,31000,Neutral,75.11362083561946,16.7561,14.7239,13.2068,14.6093,17.927,134.53103637695312,1.2287,AVAX-USD,0.723,Neutral,0.6049,0.4679,16.24844052236303,95,363.7099914550781,0.0,0.0
2023-01-23,18.0065860748291,17.362207412719727,18.28485870361328,17.34971046447754,18.0065860748291,447269431.0,48122.34184820271,0,8.743856259349513,48113.59799194336,2672,55.33324520064016,31000,Neutral,76.25721901146886,17.1966,15.055,13.2912,14.6149,17.8985,134.53103637695312,1.1512,AVAX-USD,0.7199,Neutral,0.6017,0.4757,18.030873383691162,95,368.1400146484375,0.0,0.0
2023-01-24,17.01931381225586,17.995372772216797,18.856185913085938,16.935819625854492,17.01931381225586,483621029.0,45484.35036260701,0,8.743856259349513,45475.606506347656,2672,46.823595247105644,31000,Neutral,68.63659800651234,17.3612,15.302,13.3611,14.6106,17.8606,134.53103637695312,0.5708,AVAX-USD,0.7215,Neutral,0.5984,0.4816,17.873949842790427,95,367.75,0.0,0.0
2023-01-25,17.803890228271484,17.0212345123291,18.21517944335937,16.603015899658203,17.803890228271484,373780820.0,47580.73854620076,0,8.743856259349513,47571.994689941406,2672,53.586137774827414,31000,Neutral,60.37720594557387,17.4177,15.6052,13.4453,14.6147,17.8196,134.53103637695312,0.3999,AVAX-USD,0.726,Neutral,0.5967,0.4916,17.926257689757332,95,367.8800048828125,0.0,0.0
2023-01-26,18.108034133911133,17.79720687866211,18.715797424316406,17.79720687866211,18.108034133911133,485573315.0,48393.4110620699,0,8.743856259349513,48384.66720581055,2672,56.20766201956658,31000,Neutral,64.80183724350421,17.66,15.9216,13.5324,14.6218,17.7851,134.53103637695312,0.3014,AVAX-USD,0.7323,Neutral,0.5897,0.4981,19.507501801659902,95,371.80999755859375,0.0,0.0
2023-01-27,21.25410270690918,18.1074161529541,21.55122756958008,17.626211166381836,21.25410270690918,680858655.0,56799.70628912068,0,8.743856259349513,56790.96243286133,2672,83.32474339714973,31000,Neutral,72.81946831237352,18.4384,16.3971,13.6791,14.6543,17.7745,134.53103637695312,1.293,AVAX-USD,0.7325,Neutral,0.5847,0.4894,19.93399493699999,95,372.8699951171875,0.0,0.0
2023-01-28,20.60495948791504,21.251615524291992,21.684043884277344,20.15287971496582,20.60495948791504,689054377.0,55065.19560796834,0,8.743856259349513,55056.451751708984,2672,77.72954765149703,31000,Neutral,66.21074862587867,18.9581,16.8237,13.8146,14.6827,17.7575,134.53103637695312,1.4723,AVAX-USD,0.7325,Neutral,0.5847,0.4894,19.93399493699999,95,372.8699951171875,0.0,0.0
2023-01-29,21.07977867126465,20.60445213317871,21.123519897460938,20.22764205932617,21.07977867126465,420146185.0,56333.91246587849,0,8.743856259349513,56325.16860961914,2672,81.82218267701364,31000,Neutral,68.51995919476975,19.7702,17.2672,13.9466,14.717,17.7495,134.53103637695312,1.5529,AVAX-USD,0.7325,Neutral,0.5847,0.4894,19.93399493699999,95,372.8699951171875,0.0,0.0
2023-01-30,19.73917007446289,21.07667732238769,21.17930793762207,19.433820724487305,19.73917007446289,665345570.0,52751.806295224196,0,8.743856259349513,52743.062438964844,2672,70.26700148135463,31000,Neutral,61.66997758080561,20.1572,17.6176,14.0608,14.7437,17.7295,134.53103637695312,0.9475,AVAX-USD,0.7142,Neutral,0.5945,0.4644,18.05902875765715,95,368.2099914550781,0.0,0.0
2023-01-31,19.84449958801269,19.7375545501709,20.09893035888672,19.40431785583496,19.84449958801269,398085253.0,53033.24675542927,0,8.743856259349513,53024.502899169915,2672,71.17487393362904,31000,Neutral,60.814449967745595,20.5045,17.8142,14.1651,14.766,17.7115,134.53103637695312,0.4574,AVAX-USD,0.7233,Neutral,0.5904,0.4555,20.16333906039154,95,373.4400024414063,0.0,0.0
2023-02-01,20.96536445617676,19.84294891357422,20.96536445617676,18.795307159423828,20.96536445617676,578705289.0,57027.19134566976,0,1.4000248689685577,57025.79132080079,2720,78.30985735520424,32000,"cash_0%_Buy 100% of cash (48 shares - DCA Strategy) Monthly invest 3.1% of total investment ($1,000.00)",70.8700440868409,20.4468,18.0896,14.2907,14.7954,17.6906,134.53103637695312,0.4031,AVAX-USD,0.748,Neutral,0.58,0.4328,21.201408222985616,98,377.5299987792969,0.0,0.0
2023-02-02,21.1800594329834,20.95808792114257,22.705150604248047,20.954572677612305,21.1800594329834,923881872.0,57611.161682583814,0,1.4000248689685577,57609.761657714844,2720,80.13476465806066,32000,Neutral,70.44619855520355,20.5618,18.3505,14.4116,14.8271,17.6762,134.53103637695312,0.3102,AVAX-USD,0.7486,Neutral,0.5869,0.4067,23.371700389762086,98,382.9400024414063,0.0,0.0
2023-02-03,21.36518669128418,21.17309188842773,21.844970703125,20.878236770629883,21.36518669128418,449947551.0,58114.70782516194,0,1.4000248689685577,58113.30780029297,2720,81.7083463536173,32000,Neutral,67.39709145666976,20.6189,18.5708,14.541,14.8632,17.6631,134.53103637695312,0.1885,AVAX-USD,0.738,Neutral,0.5746,0.3593,21.730946044910592,98,378.8500061035156,0.0,0.0
2023-02-04,21.024635314941406,21.36261367797852,21.61928367614746,20.99332046508789,21.024635314941406,270970237.0,57188.408081509595,0,1.4000248689685577,57187.008056640625,2720,78.81365965470373,32000,Neutral,69.17701651474603,20.8759,18.7822,14.6636,14.8975,17.649,134.53103637695312,-0.1115,AVAX-USD,0.738,Neutral,0.5746,0.3593,21.730946044910592,98,378.8500061035156,0.0,0.0
2023-02-05,20.10801696777344,21.025434494018555,21.118896484375,19.77849578857422,20.10801696777344,341651159.0,54695.20617721273,0,1.4000248689685577,54693.80615234376,2720,71.02240370377602,32000,Neutral,62.24234131340854,20.9287,18.9505,14.7777,14.9252,17.6408,134.53103637695312,-0.6831,AVAX-USD,0.738,Neutral,0.5746,0.3593,21.730946044910592,98,378.8500061035156,0.0,0.0
2023-02-06,19.58503532409668,20.10721969604492,20.370624542236328,19.56039428710937,19.58503532409668,228201924.0,53272.69610641194,0,1.4000248689685577,53271.29608154297,2720,66.57705973252357,32000,Neutral,57.114746634267696,20.6526,19.0735,14.8806,14.9475,17.6399,134.53103637695312,-1.262,AVAX-USD,0.7271,Neutral,0.5803,0.3332,20.852398553881347,98,376.6600036621094,0.0,0.0
2023-02-07,20.845218658447266,19.580888748168945,20.91779518127441,19.57065963745117,20.845218658447266,316667706.0,56700.39477584553,0,1.4000248689685577,56698.99475097656,2720,77.28861807450353,32000,Neutral,66.83090822375786,20.5856,19.3255,15.0039,14.9859,17.6544,134.53103637695312,-1.2412,AVAX-USD,0.7387,Neutral,0.5697,0.3265,22.802043840263945,98,381.5199890136719,0.0,0.0
2023-02-08,20.08147430419922,20.844480514526367,20.995512008666992,19.73801040649414,20.08147430419922,257585287.0,54623.010132290845,0,1.4000248689685577,54621.610107421875,2720,70.79679106339513,32000,Neutral,60.03793890501387,20.3289,19.5198,15.1139,15.0203,17.6713,134.53103637695312,-1.4931,AVAX-USD,0.728,Neutral,0.5808,0.3403,21.125186313351723,98,377.3399963378906,0.0,0.0
2023-02-09,17.874452590942383,20.085739135742188,20.20979118347168,17.66394805908203,17.874452590942383,387714367.0,48619.91107223225,0,1.4000248689685577,48618.51104736328,2720,52.03710650071203,32000,Neutral,49.118410974366654,19.6988,19.5374,15.1952,15.0363,17.6768,134.53103637695312,-2.3607,AVAX-USD,0.7123,Neutral,0.592,0.3495,19.829426092092195,98,374.1099853515625,0.0,0.0
2023-02-10,17.79853057861328,17.87581443786621,18.22443389892578,17.62877082824707,17.79853057861328,232811782.0,48413.403198697095,0,1.4000248689685577,48412.003173828125,2720,51.39176939591468,32000,Neutral,33.023656863503916,19.2369,19.5825,15.2753,15.054,17.6751,134.53103637695312,-2.8841,AVAX-USD,0.7107,Neutral,0.5867,0.3832,20.19448570072908,98,375.0199890136719,0.0,0.0
2023-02-11,18.02908515930176,17.802188873291016,18.073793411254883,17.703311920166016,18.02908515930176,134054933.0,49040.51165816976,0,1.4000248689685577,49039.11163330079,2720,53.35148333176674,32000,Neutral,36.80259972661203,18.9258,19.6159,15.347,15.0736,17.6847,134.53103637695312,-3.0556,AVAX-USD,0.7107,Neutral,0.5867,0.3832,20.19448570072908,98,375.0199890136719,0.0,0.0
2023-02-12,17.76869773864746,18.027767181396484,18.466371536254883,17.615549087524414,17.76869773864746,259289328.0,48332.257873990064,0,1.4000248689685577,48330.857849121094,2720,51.138190256205206,32000,Neutral,32.65467173609555,18.3104,19.604,15.4144,15.093,17.692,134.53103637695312,-3.153,AVAX-USD,0.7107,Neutral,0.5867,0.3832,20.19448570072908,98,375.0199890136719,0.0,0.0
2023-02-13,17.6209716796875,17.770370483398438,17.84229278564453,16.933635711669922,17.6209716796875,245266831.0,47930.44299361897,0,1.4000248689685577,47929.04296875,2720,49.882518755045524,32000,Neutral,37.3187704113093,17.8183,19.6341,15.4885,15.1085,17.7036,134.53103637695312,-3.1552,AVAX-USD,0.7188,Neutral,0.583,0.4068,21.931527440259433,98,379.3500061035156,0.0,0.0
2023-02-14,18.147031784057617,17.61852264404297,18.257169723510746,17.377979278564453,18.147031784057617,249864205.0,49361.32647750569,0,1.4000248689685577,49359.92645263672,2720,54.35402964219154,32000,Neutral,40.32499406429352,17.8729,19.6512,15.5935,15.1249,17.7118,134.53103637695312,-2.8602,AVAX-USD,0.7176,Neutral,0.562,0.4071,21.875358773153696,98,379.2099914550781,0.0,0.0
2023-02-15,19.923646926879883,18.14570045471192,19.923646926879883,17.93962287902832,19.923646926879883,256514870.0,54193.71966598225,0,1.4000248689685577,54192.31964111328,2720,69.45525835618078,32000,Neutral,44.47551590241398,18.2979,19.742,15.7262,15.1586,17.7234,134.53103637695312,-1.9604,AVAX-USD,0.7182,Neutral,0.5491,0.3919,22.384843352550465,98,380.4800109863281,0.0,0.0
2023-02-16,18.61483192443848,19.923826217651367,20.31131935119629,18.583778381347656,18.61483192443848,362001305.0,50633.74285934163,0,1.4000248689685577,50632.34283447266,2720,58.330330835428846,32000,Neutral,37.810528719964054,18.415,19.61,15.8377,15.1879,17.7307,134.53103637695312,-1.7749,AVAX-USD,0.7041,Neutral,0.5728,0.3846,20.262688761855106,98,375.1900024414063,0.0,0.0
2023-02-17,19.477388381958008,18.61043357849121,19.621904373168945,18.522083282470703,19.477388381958008,249597693.0,52979.89642379475,0,1.4000248689685577,52978.49639892578,2720,65.66206072434484,32000,Neutral,41.572131484796714,18.7568,19.5537,15.9727,15.2236,17.7449,134.53103637695312,-1.3051,AVAX-USD,0.7144,Neutral,0.5715,0.3592,19.87356036517767,98,374.2200012207031,0.0,0.0
2023-02-18,19.578697204589844,19.47702980041504,20.032611846923828,19.360095977783203,19.578697204589844,258172528.0,53255.456421353345,0,1.4000248689685577,53254.056396484375,2720,66.52318571671545,32000,Neutral,43.403864921266255,19.1483,19.4786,16.0995,15.256,17.7502,134.53103637695312,-0.9381,AVAX-USD,0.7144,Neutral,0.5715,0.3592,19.87356036517767,98,374.2200012207031,0.0,0.0
2023-02-19,19.80207633972168,19.572031021118164,20.36556053161621,19.437061309814453,19.80207633972168,288113872.0,53863.04766891194,0,1.4000248689685577,53861.64764404297,2720,68.42190836533607,32000,Neutral,48.51011490063436,19.4793,19.4817,16.2346,15.2903,17.7471,134.53103637695312,-0.6122,AVAX-USD,0.7144,Neutral,0.5715,0.3592,19.87356036517767,98,374.2200012207031,0.0,0.0
2023-02-20,20.810766220092773,19.808090209960938,21.310453414916992,19.215484619140625,20.810766220092773,483461795.0,56606.684143521314,0,1.4000248689685577,56605.284118652344,2720,76.99577234849036,32000,Neutral,55.69950245226292,19.6568,19.5301,16.3841,15.3279,17.7448,134.53103637695312,-0.0694,AVAX-USD,0.709,Neutral,0.5866,0.3383,19.87356036517767,98,374.2200012207031,0.0,0.0
2023-02-21,20.94013023376465,20.81546974182129,21.600173950195312,20.01740455627441,20.94013023376465,489974940.0,56958.554260708814,0,1.4000248689685577,56957.154235839844,2720,78.0953664647013,32000,Neutral,50.49319345263169,20.1218,19.5288,16.5367,15.3711,17.75,134.53103637695312,0.2843,AVAX-USD,0.6757,Neutral,0.6017,0.322,16.892923768497983,98,366.7900085449219,0.0,0.0
2023-02-22,20.3144760131836,20.942157745361328,21.45758056640625,19.64725112915039,20.3144760131836,605541357.0,55256.77478072837,0,1.4000248689685577,55255.3747558594,2720,72.77730558976239,32000,Neutral,51.228386590233754,20.2892,19.4855,16.6806,15.4015,17.7542,134.53103637695312,0.2571,AVAX-USD,0.6818,Neutral,0.5956,0.3001,16.708380070164953,98,366.3299865722656,0.0,0.0
2023-02-23,19.70263862609864,20.31671905517578,20.695337295532227,19.5836238861084,19.70263862609864,309191497.0,53592.57708785727,0,1.4000248689685577,53591.1770629883,2720,67.57668779954022,32000,Neutral,61.58712198141223,20.314,19.4024,16.8142,15.4238,17.7607,134.53103637695312,0.001,AVAX-USD,0.6961,Neutral,0.5817,0.2854,17.446530378463468,98,368.1700134277344,0.0,0.0
2023-02-24,18.36859893798828,19.701887130737305,19.805137634277344,18.14151382446289,18.36859893798828,298510977.0,49963.989136197095,0,1.4000248689685577,49962.589111328125,2720,56.237350450602165,32000,Neutral,53.116153452207584,20.0273,19.2696,16.925,15.436,17.764,134.53103637695312,-0.6198,AVAX-USD,0.6871,Neutral,0.5856,0.2845,15.865948003713282,98,364.2300109863281,0.0,0.0
2023-02-25,17.95964241027832,18.373031616210938,18.55936050415039,17.542898178100586,17.95964241027832,242999790.0,48851.627380826,0,1.4000248689685577,48850.22735595703,2720,52.76121996506751,32000,Neutral,49.627668386787974,19.4571,19.1622,17.0302,15.4328,17.7683,134.53103637695312,-1.1386,AVAX-USD,0.6871,Neutral,0.5856,0.2845,15.865948003713282,98,364.2300109863281,0.0,0.0
2023-02-26,18.44385528564453,17.95693016052246,18.555042266845703,17.850767135620117,18.44385528564453,151162317.0,50168.686401822095,0,1.4000248689685577,50167.286376953125,2720,56.87702940568029,32000,Neutral,53.535146735099836,18.9578,19.1051,17.1509,15.4339,17.7781,134.53103637695312,-1.2683,AVAX-USD,0.6871,Neutral,0.5856,0.2845,15.865948003713282,98,364.2300109863281,0.0,0.0
2023-02-27,17.939739227294922,18.44245147705078,18.61831855773925,17.789108276367188,17.939739227294922,198821795.0,48797.49072311116,0,1.4000248689685577,48796.09069824219,2720,52.592042909708624,32000,Neutral,51.609026088932275,18.4829,18.9598,17.2667,15.4312,17.7848,134.53103637695312,-1.4727,AVAX-USD,0.6839,Neutral,0.5749,0.2827,16.371404795080924,98,365.489990234375,0.0,0.0
2023-02-28,17.081113815307617,17.938501358032227,17.938501358032227,17.000381469726562,17.081113815307617,200107205.0,46462.02960250569,0,1.4000248689685577,46460.62957763672,2720,45.29372690781653,32000,Neutral,44.79439243630944,17.9586,18.8098,17.3702,15.4126,17.7865,134.53103637695312,-1.8344,AVAX-USD,0.6803,Neutral,0.5734,0.2949,15.81779818511544,98,364.1099853515625,0.0,0.0
2023-03-01,17.761022567749023,17.08233642578125,17.79535484313965,17.033552169799805,17.761022567749023,159270741.0,49310.38679188252,0,5.7881438112294745,49304.59864807129,2776,49.52529892084237,33000,"cash_0%_Buy 100% of cash (56 shares - DCA Strategy) Monthly invest 3.0% of total investment ($1,000.00)",38.17134594680309,17.8371,18.8041,17.4845,15.4051,17.7858,134.53103637695312,-1.7498,AVAX-USD,0.6722,Neutral,0.5693,0.3208,14.759151982347898,100,362.7799987792969,0.0,0.0
2023-03-02,17.447031021118164,17.761550903320312,17.83243179321289,17.16027069091797,17.447031021118164,132504184.0,48438.746258435254,0,5.7881438112294745,48432.95811462402,2776,46.88396397100217,33000,Neutral,42.83262307003251,17.7346,18.7866,17.5942,15.4013,17.7832,134.53103637695312,-1.7237,AVAX-USD,0.6706,Neutral,0.5512,0.3396,15.840033631672167,100,365.489990234375,0.0,0.0
2023-03-03,16.654382705688477,17.447799682617188,17.468854904174805,15.944987297058104,16.654382705688477,205495359.0,46238.35453480244,0,5.7881438112294745,46232.56639099121,2776,40.216110263023964,33000,Neutral,32.52383851446227,17.3767,18.7178,17.6859,15.3897,17.7728,134.53103637695312,-1.9019,AVAX-USD,0.6891,Neutral,0.54,0.3661,18.149381867405356,100,371.2799987792969,0.0,0.0
2023-03-04,16.11780548095703,16.65411949157715,16.872081756591797,15.818962097167969,16.11780548095703,122435703.0,44748.81615894795,0,5.7881438112294745,44743.02801513672,2776,35.70235760891942,33000,Neutral,29.670516319570496,17.0123,18.6353,17.7647,15.3624,17.7557,134.53103637695312,-2.1126,AVAX-USD,0.6891,Neutral,0.54,0.3661,18.149381867405356,100,371.2799987792969,0.0,0.0
2023-03-05,16.159337997436523,16.1220760345459,16.50018310546875,16.08805274963379,16.159337997436523,108593997.0,44864.11042469502,0,5.7881438112294745,44858.32228088379,2776,36.051734171789356,33000,Neutral,28.13522919814993,16.8279,18.5622,17.8328,15.3337,17.7405,134.53103637695312,-2.1248,AVAX-USD,0.6891,Neutral,0.54,0.3661,18.149381867405356,100,371.2799987792969,0.0,0.0
2023-03-06,16.52437973022461,16.156301498413086,16.58368492126465,15.860719680786133,16.52437973022461,162196354.0,45877.46627491475,0,5.7881438112294745,45871.678131103516,2776,39.12250947548548,33000,Neutral,22.117459229572233,16.5806,18.4811,17.9125,15.3191,17.7264,134.53103637695312,-1.8859,AVAX-USD,0.6838,Neutral,0.5406,0.394,18.328869494807474,100,371.7300109863281,0.0,0.0
2023-03-07,16.169782638549805,16.52454376220703,16.698427200317383,15.91472339630127,16.169782638549805,161466099.0,44893.10474842549,0,5.7881438112294745,44887.31660461426,2776,36.13959575885137,33000,Neutral,19.852725269585804,16.3251,18.2934,17.9857,15.3032,17.7139,134.53103637695312,-1.758,AVAX-USD,0.6847,Neutral,0.56,0.3813,16.035478690209782,100,365.9800109863281,0.0,0.0
2023-03-08,15.134352684020996,16.16967010498047,16.235193252563477,15.086821556091309,15.134352684020996,168121578.0,42018.751194653516,0,5.7881438112294745,42012.963050842285,2776,27.429433474693866,33000,Neutral,18.87511903000558,16.0211,18.1194,18.0422,15.2961,17.7046,134.53103637695312,-1.9608,AVAX-USD,0.6855,Neutral,0.5542,0.3611,16.262814267111292,100,366.5499877929688,0.0,0.0
2023-03-09,14.403960227966309,15.135318756103516,15.66695499420166,14.258267402648926,14.403960227966309,223903610.0,39991.1817366457,0,5.7881438112294745,39985.39359283447,2776,21.28528360194293,33000,Neutral,18.609986039634762,15.6784,17.8657,18.081,15.3085,17.6944,134.53103637695312,-2.257,AVAX-USD,0.6561,Neutral,0.604,0.3432,13.586530318936443,100,359.8399963378906,0.0,0.0
2023-03-10,14.82969093322754,14.407492637634276,15.08689022064209,13.941650390625,14.82969093322754,295964794.0,41173.01017445089,0,5.7881438112294745,41167.222030639656,2776,24.866581898322274,33000,Neutral,26.50676963096751,15.4124,17.6282,18.1247,15.3038,17.6778,134.53103637695312,-2.1525,AVAX-USD,0.6474,Neutral,0.6417,0.3366,11.52845989278477,100,354.67999267578125,0.0,0.0
2023-03-11,14.638959884643556,14.828900337219238,15.178179740905762,14.103416442871094,14.638959884643556,242350091.0,40643.540783581746,0,5.7881438112294745,40637.752639770515,2776,23.262129198718817,33000,Neutral,27.297693849805412,15.0353,17.3701,18.1565,15.3084,17.6566,134.53103637695312,-2.0293,AVAX-USD,0.6474,Neutral,0.6417,0.3366,11.52845989278477,100,354.67999267578125,0.0,0.0
2023-03-12,16.256580352783203,14.635699272155762,16.305145263671875,14.363444328308104,16.256580352783203,247416383.0,45134.0552031374,0,5.7881438112294745,45128.26705932617,2776,36.86974865191777,33000,Neutral,37.05286125667278,15.0527,17.1424,18.1622,15.335,17.6436,134.53103637695312,-1.177,AVAX-USD,0.6474,Neutral,0.6417,0.3366,11.52845989278477,100,354.67999267578125,0.0,0.0
2023-03-13,16.500085830688477,16.259267807006836,16.7929744720459,15.563715934753418,16.500085830688477,326292018.0,45810.02640980244,0,5.7881438112294745,45804.23826599121,2776,38.91814624787244,33000,RiskWatch,41.206969903979406,15.3259,16.9204,18.1796,15.3637,17.624,134.53103637695312,-0.4445,AVAX-USD,0.6332,RiskWatch,0.6652,0.3333,11.289147113566454,100,354.0799865722656,0.0,0.0
2023-03-14,17.180816650390625,16.500621795654297,17.89102554321289,16.2111759185791,17.180816650390625,425237957.0,47699.735165295606,0,5.7881438112294745,47693.947021484375,2776,44.644536416033546,33000,Neutral,50.622486143422485,15.8812,16.7637,18.1999,15.3977,17.6097,134.53103637695312,0.3464,AVAX-USD,0.6504,Neutral,0.6225,0.3275,13.634390440389385,100,359.9599914550781,0.0,0.0
2023-03-15,15.585168838500977,17.18476104736328,17.476064682006836,15.448031425476074,15.585168838500977,314371131.0,43270.21683948994,0,5.7881438112294745,43264.42869567871,2776,31.221753610561834,33000,RiskWatch,37.80921933838715,16.0323,16.5578,18.177,15.4151,17.5743,134.53103637695312,0.2413,AVAX-USD,0.6375,RiskWatch,0.656,0.3373,12.748941677649174,100,357.739990234375,0.0,0.0
2023-03-16,15.87647819519043,15.590289115905762,16.066478729248047,15.379693031311035,15.87647819519043,199893661.0,44078.891613659864,0,5.7881438112294745,44073.10346984863,2776,33.672283229258575,33000,Neutral,41.178151369621304,16.2798,16.4332,18.1617,15.4384,17.5373,134.53103637695312,0.3148,AVAX-USD,0.6504,Neutral,0.6055,0.3447,15.189905247377975,100,363.8599853515625,0.0,0.0
2023-03-17,17.64643669128418,15.878774642944336,17.72435760498047,15.70724105834961,17.64643669128418,249635546.0,48992.296398816114,0,5.7881438112294745,48986.50825500488,2776,48.561388638822955,33000,Neutral,55.02112335184084,16.5578,16.4175,18.1768,15.478,17.5125,134.53103637695312,1.0765,AVAX-USD,0.6229,Neutral,0.6383,0.3526,13.602487750071933,100,359.8800048828125,0.0,0.0
2023-03-18,16.987367630004883,17.647384643554688,18.179182052612305,16.948850631713867,16.987367630004883,260105946.0,47162.720684704786,0,5.7881438112294745,47156.932540893555,2776,43.01721980818256,33000,Neutral,54.34724690858882,16.6553,16.3447,18.1744,15.5113,17.479,134.53103637695312,1.2766,AVAX-USD,0.6229,Neutral,0.6383,0.3526,13.602487750071933,100,359.8800048828125,0.0,0.0
2023-03-19,17.563106536865234,16.989490509033203,18.09745216369629,16.989490509033203,17.563106536865234,188260913.0,48760.97189014912,0,5.7881438112294745,48755.18374633789,2776,47.860405279226015,33000,Neutral,56.66208574855919,16.7317,16.3259,18.2037,15.5503,17.4533,134.53103637695312,1.5901,AVAX-USD,0.6229,Neutral,0.6383,0.3526,13.602487750071933,100,359.8800048828125,0.0,0.0
2023-03-20,16.64081382751465,17.563905715942383,17.795822143554688,16.61823844909668,16.64081382751465,226183876.0,46200.687328991895,0,5.7881438112294745,46194.899185180664,2776,40.10196721511321,33000,Neutral,50.524820497548234,16.9428,16.3039,18.2112,15.5874,17.4241,134.53103637695312,1.3794,AVAX-USD,0.6443,Neutral,0.6228,0.3539,14.898752117888026,100,363.1300048828125,0.0,0.0
2023-03-21,17.4854679107666,16.647287368774414,17.528169631958008,16.425477981567383,17.4854679107666,201360715.0,48545.44706409932,0,5.7881438112294745,48539.658920288086,2776,47.207299745741764,33000,Neutral,55.679472935479254,17.2646,16.2901,18.2106,15.6345,17.3976,134.53103637695312,1.5248,AVAX-USD,0.6701,Neutral,0.5835,0.361,16.793292347773093,100,367.8800048828125,0.0,0.0
2023-03-22,16.77981185913086,17.483421325683594,17.924171447753906,16.38042449951172,16.77981185913086,309254853.0,46586.5458647585,0,5.7881438112294745,46580.757720947266,2776,41.27123550531502,33000,Neutral,57.31117790208451,17.0913,16.2567,18.2086,15.6716,17.3801,134.53103637695312,1.2908,AVAX-USD,0.6614,Neutral,0.5986,0.3749,14.360301407635244,100,361.7799987792969,0.0,0.0
2023-03-23,17.562936782836914,16.776945114135742,17.833919525146484,16.654478073120117,17.562936782836914,225499693.0,48760.500652966504,0,5.7881438112294745,48754.71250915527,2776,47.85897728776354,33000,Neutral,63.970638785001285,17.2064,16.3022,18.212,15.7094,17.3671,134.53103637695312,1.394,AVAX-USD,0.6622,Neutral,0.6047,0.3861,14.70331923130399,100,362.6400146484375,0.0,0.0
2023-03-24,16.986759185791016,17.563884735107422,17.636964797973633,16.758556365966797,16.986759185791016,165076426.0,47161.03164356709,0,5.7881438112294745,47155.24349975586,2776,43.01210150170471,33000,Neutral,59.41440044273092,17.0912,16.3456,18.195,15.7431,17.3403,134.53103637695312,1.185,AVAX-USD,0.6757,Neutral,0.5929,0.3901,15.663345748343314,100,363.55999755859375,1.487,0.0
2023-03-25,16.880115509033203,16.98478889465332,17.151586532592773,16.433589935302734,16.880115509033203,160302358.0,46864.9887968874,0,5.7881438112294745,46859.20065307617,2776,42.11500196631171,33000,Neutral,59.85372016803664,17.139,16.3817,18.1926,15.7769,17.3097,134.53103637695312,0.9665,AVAX-USD,0.6757,Neutral,0.5929,0.3901,16.25643655294102,100,363.55999755859375,1.487,0.0
2023-03-26,17.13402557373047,16.881956100463867,17.282085418701172,16.881956100463867,17.13402557373047,120192188.0,47569.84313648701,0,5.7881438112294745,47564.05499267578,2776,44.25092420752266,33000,Neutral,54.38353558996314,17.0687,16.4121,18.1815,15.8134,17.2789,134.53103637695312,0.8874,AVAX-USD,0.6757,Neutral,0.5929,0.3901,16.84952735753873,100,363.55999755859375,1.487,0.0
2023-03-27,16.503171920776367,17.133577346801758,17.150596618652344,16.14993667602539,16.503171920776367,155993864.0,45818.593395886426,0,5.7881438112294745,45812.805252075195,2776,38.944106811763305,33000,Neutral,50.014843012665544,17.0134,16.4288,18.1547,15.8436,17.2467,134.53103637695312,0.5639,AVAX-USD,0.6792,Neutral,0.5728,0.415,17.088840136757025,100,364.1600036621094,0.0,0.0
2023-03-28,16.726268768310547,16.503551483154297,16.798385620117188,16.350547790527344,16.726268768310547,157163428.0,46437.91024464131,0,5.7881438112294745,46432.12210083008,2776,40.82082453526294,33000,Neutral,47.7131123566437,16.8461,16.5084,18.0793,15.8792,17.2175,134.53103637695312,0.4249,AVAX-USD,0.6793,Neutral,0.5635,0.4405,16.833569926403218,100,363.5199890136719,0.0,0.0
2023-03-29,17.2939395904541,16.726146697998047,17.391202926635742,16.68571662902832,17.2939395904541,173033738.0,48013.76444691182,0,5.7881438112294745,48007.976303100586,2776,45.59614029971904,33000,Neutral,59.588893303375706,16.9075,16.6529,18.0241,15.9193,17.1909,134.53103637695312,0.5386,AVAX-USD,0.6918,Neutral,0.5504,0.4513,18.895632753327174,100,368.6900024414063,0.0,0.0
2023-03-30,17.245332717895508,17.299463272094727,17.52766227722168,17.056400299072266,17.245332717895508,201197047.0,47878.83176868916,0,5.7881438112294745,47873.04362487793,2776,45.187253396014015,33000,Neutral,57.89652047580212,16.9805,16.7737,17.9602,15.9534,17.1675,134.53103637695312,0.5701,AVAX-USD,0.6965,Neutral,0.5508,0.4707,19.77310888647641,100,370.8900146484375,0.0,0.0
2023-03-31,17.716890335083008,17.247215270996094,17.827316284179688,17.123004913330078,17.716890335083008,188033602.0,49187.87571400166,0,5.7881438112294745,49182.08757019043,2776,49.154053230294316,33000,Neutral,50.47803730601169,17.0971,16.9276,17.9265,15.9936,17.1452,134.53103637695312,0.7421,AVAX-USD,0.7005,Neutral,0.5445,0.4966,21.839151942219036,100,376.0700073242188,0.0,0.0
2023-04-01,17.662683486938477,17.71441650390625,17.877634048461914,17.573810577392578,17.662683486938477,111851369.0,50036.408393277175,0,15.688758267406342,50020.719635009766,2832,47.265791439036775,34000,"cash_0%_Buy 100% of cash (56 shares - DCA Strategy) Monthly invest 2.9% of total investment ($1,000.00)",54.9918452147314,17.329,16.9979,17.8901,16.0276,17.1214,134.53103637695312,0.7936,AVAX-USD,0.6987,Neutral,0.5464,0.5061,21.243359559718076,107,376.0700073242188,0.0,0.0
2023-04-02,17.263288497924805,17.79855728149414,17.838180541992188,17.12401580810547,17.263288497924805,122730984.0,48905.32178439046,0,15.688758267406342,48889.63302612305,2832,43.93906611878171,34000,Neutral,47.72446104132424,17.4364,17.036,17.8284,16.0595,17.0894,134.53103637695312,0.6376,AVAX-USD,0.6987,Neutral,0.5464,0.5061,21.243359559718076,107,376.0700073242188,0.0,0.0
2023-04-03,17.101024627685547,17.26184844970703,17.422077178955078,16.735944747924805,17.101024627685547,183483019.0,48445.79050387288,0,15.688758267406342,48430.10174560547,2832,42.58750352902412,34000,Neutral,53.94839721089003,17.3978,17.0321,17.7604,16.086,17.0496,134.53103637695312,0.447,AVAX-USD,0.7031,Neutral,0.5459,0.5412,21.84274199490981,107,377.55999755859375,0.0,0.0
2023-04-04,17.64712142944336,17.101242065429688,17.648984909057617,16.994564056396484,17.64712142944336,143457849.0,49992.336646451,0,15.688758267406342,49976.647888183594,2832,47.13616865425392,34000,Neutral,51.46180049501108,17.4782,17.1352,17.6985,16.1197,17.0069,134.53103637695312,0.5067,AVAX-USD,0.7172,Neutral,0.5632,0.5739,20.985899121596628,107,375.4299926757813,0.0,0.0
2023-04-05,17.989526748657227,17.647354125976562,18.312583923339844,17.6358585357666,17.989526748657227,221196176.0,50962.028510464675,0,15.688758267406342,50946.339752197266,2832,49.98820354841176,34000,Neutral,61.70840660636956,17.5327,17.2408,17.6479,16.1557,16.9654,134.53103637695312,0.6417,AVAX-USD,0.7247,Neutral,0.5651,0.5952,20.619829466611694,107,374.5199890136719,0.0,0.0
2023-04-06,18.001949310302734,17.990446090698242,18.31281089782715,17.70067024230957,18.001949310302734,175964595.0,50997.20920504475,0,15.688758267406342,50981.520446777344,2832,50.091676179529635,34000,Neutral,54.99410477402646,17.6006,17.2586,17.6128,16.1952,16.9262,134.53103637695312,0.6929,AVAX-USD,0.7273,Neutral,0.5546,0.6118,21.19508879666765,107,375.9500122070313,0.0,0.0
2023-04-07,17.624462127685547,18.000171661376953,18.12279319763184,17.539928436279297,17.624462127685547,128153713.0,49928.16550387288,0,15.688758267406342,49912.47674560547,2832,46.94742999961237,34000,Neutral,57.59782132462155,17.6728,17.2904,17.5801,16.2304,16.8783,134.53103637695312,0.5454,AVAX-USD,0.7423,Neutral,0.56,0.6255,21.19508879666765,107,375.9500122070313,0.0,0.0
2023-04-08,17.464860916137695,17.621835708618164,17.740571975708008,17.407833099365234,17.464860916137695,87844490.0,49476.17487276936,0,15.688758267406342,49460.48611450195,2832,45.61804579048439,34000,Neutral,56.880046283641704,17.7456,17.2855,17.5238,16.2638,16.8321,134.53103637695312,0.3603,AVAX-USD,0.7423,Neutral,0.56,0.6255,21.19508879666765,107,375.9500122070313,0.0,0.0
2023-04-09,17.560928344726562,17.465778350830078,17.636962890625,17.281646728515625,17.560928344726562,92348601.0,49748.237830533035,0,15.688758267406342,49732.549072265625,2832,46.41823096037754,34000,Neutral,55.21665114397136,17.7283,17.3315,17.4817,16.2978,16.783,134.53103637695312,0.2542,AVAX-USD,0.7423,Neutral,0.56,0.6255,21.19508879666765,107,375.9500122070313,0.0,0.0
2023-04-10,17.932527542114258,17.560331344604492,17.960126876831055,17.413124084472656,17.932527542114258,125916354.0,50800.60675753499,0,15.688758267406342,50784.91799926758,2832,49.51343368685386,34000,Neutral,68.64793198899928,17.7169,17.3539,17.4827,16.339,16.7364,134.53103637695312,0.3028,AVAX-USD,0.7298,Neutral,0.5621,0.6035,21.360009811626778,107,376.3599853515625,0.0,0.0
2023-04-11,18.16439437866211,17.934492111206055,18.564979553222656,17.904096603393555,18.16439437866211,176916860.0,51457.2536386385,0,15.688758267406342,51441.564880371094,2832,51.44474804304067,34000,Neutral,68.71951219512195,17.7494,17.4231,17.4888,16.3821,16.6945,134.53103637695312,0.393,AVAX-USD,0.722,Neutral,0.5645,0.5986,21.380130813824064,107,376.4100036621094,0.0,0.0
2023-04-12,18.491119384765625,18.1640625,18.69649887084961,17.73080825805664,18.491119384765625,310077628.0,52382.53885592366,0,15.688758267406342,52366.85009765625,2832,54.166175152702905,34000,Neutral,66.62610358683933,17.9228,17.4695,17.4965,16.4218,16.6552,134.53103637695312,0.5367,AVAX-USD,0.7303,Neutral,0.5636,0.6108,20.77672172291496,107,374.9100036621094,0.0,0.0
2023-04-13,18.85436248779297,18.25657081604004,19.01182174682617,18.154972076416016,18.85436248779297,250901057.0,53411.2433236971,0,15.688758267406342,53395.55456542969,2832,57.191776528507134,34000,Neutral,70.54987564279642,18.2007,17.5629,17.5146,16.4645,16.6206,134.53103637695312,0.7161,AVAX-USD,0.7302,Neutral,0.537,0.6105,22.73176128479351,107,379.7699890136719,0.0,0.0
2023-04-14,19.248788833618164,18.85417366027832,19.30904769897461,18.51934814453125,19.248788833618164,256976337.0,54528.25873507405,0,15.688758267406342,54512.56997680664,2832,60.47711597373347,34000,Neutral,69.95799446950375,18.5382,17.6813,17.5417,16.5151,16.5946,134.53103637695312,0.9151,AVAX-USD,0.73,Neutral,0.5247,0.6083,22.41798904857637,107,378.989990234375,0.0,0.0
2023-04-15,19.10762023925781,19.24814987182617,19.50812149047852,19.030517578125,19.10762023925781,186898140.0,54128.46927584553,0,15.688758267406342,54112.78051757812,2832,59.301264623061336,34000,Neutral,68.40792356936761,18.7733,17.78,17.5577,16.5756,16.5731,134.53103637695312,0.9239,AVAX-USD,0.73,Neutral,0.5247,0.6083,22.41798904857637,107,378.989990234375,0.0,0.0
2023-04-16,20.20197868347168,19.10713577270508,20.46013641357422,18.93570137023925,20.20197868347168,272546344.0,57227.69238985921,0,15.688758267406342,57212.0036315918,2832,68.41662672310156,34000,Neutral,81.8058520191406,19.1808,17.965,17.5624,16.6443,16.5636,134.53103637695312,1.2401,AVAX-USD,0.73,Neutral,0.5247,0.6083,22.41798904857637,107,378.989990234375,0.0,0.0
2023-04-17,20.514562606811523,20.201345443725582,21.093420028686523,20.028791427612305,20.514562606811523,504173915.0,58112.930060757644,0,15.688758267406342,58097.241302490234,2832,71.02026693162638,34000,Neutral,85.78093079998604,19.5855,18.1544,17.594,16.7159,16.5561,134.53103637695312,1.4502,AVAX-USD,0.7266,Neutral,0.5205,0.5996,22.9369243041472,107,380.2799987792969,0.0,0.0
2023-04-18,21.22784805297852,20.51787757873535,21.52521324157715,20.380550384521484,21.22784805297852,289785299.0,60132.95444430257,0,15.688758267406342,60117.26568603516,2832,76.96151511852322,34000,Neutral,86.26242787428875,20.0602,18.3511,17.6232,16.7979,16.5489,134.53103637695312,1.7105,AVAX-USD,0.7249,Neutral,0.5237,0.5869,23.04151914168271,107,380.5400085449219,0.0,0.0
2023-04-19,18.99392509460449,21.22297477722168,21.22297477722168,18.7923526763916,18.99392509460449,375670294.0,53806.484626187324,0,15.688758267406342,53790.795867919915,2832,58.354250947596036,34000,Neutral,57.354180003776236,20.0092,18.4385,17.6135,16.8565,16.5339,134.53103637695312,1.006,AVAX-USD,0.7333,Neutral,0.5151,0.5548,23.03346583024806,107,380.5199890136719,0.0,0.0
2023-04-20,18.332067489624023,18.990333557128903,19.40133476257324,18.29507827758789,18.332067489624023,294882989.0,51932.103888882644,0,15.688758267406342,51916.415130615234,2832,52.84136642611168,34000,Neutral,52.20720544939751,19.8541,18.4693,17.589,16.9118,16.5123,134.53103637695312,0.2629,AVAX-USD,0.7284,Neutral,0.5258,0.5232,22.168581921889572,107,378.3699951171875,0.0,0.0
2023-04-21,16.953628540039062,18.332883834838867,18.49474334716797,16.810550689697266,16.953628540039062,312839997.0,48028.364783658035,0,15.688758267406342,48012.676025390625,2832,41.35978082250988,34000,Neutral,46.044214459790254,19.2044,18.4338,17.5247,16.9544,16.487,134.53103637695312,-0.7125,AVAX-USD,0.739,Neutral,0.5187,0.4981,22.25708241294515,107,378.5899963378906,0.0,0.0
2023-04-22,17.23383903503418,16.95215606689453,17.3404483795166,16.85211181640625,17.23383903503418,141967935.0,48821.92090548421,0,15.688758267406342,48806.2321472168,2832,43.69376941611627,34000,Neutral,48.6568111591067,18.5483,18.4323,17.4629,16.9998,16.4629,134.53103637695312,-1.2237,AVAX-USD,0.739,Neutral,0.5187,0.4981,22.25708241294515,107,378.5899963378906,0.0,0.0
2023-04-23,16.86546516418457,17.234935760498047,17.24839973449707,16.592947006225586,16.86546516418457,135279687.0,47778.68610323811,0,15.688758267406342,47762.9973449707,2832,40.625431762451285,34000,Neutral,46.08059954659934,17.6758,18.4205,17.4054,17.043,16.4473,134.53103637695312,-1.6363,AVAX-USD,0.739,Neutral,0.5187,0.4981,22.25708241294515,107,378.5899963378906,0.0,0.0
2023-04-24,16.939165115356445,16.86475372314453,17.220006942749023,16.59712028503418,16.939165115356445,162414862.0,47987.40436495686,0,15.688758267406342,47971.71560668945,2832,41.23930900280055,34000,Neutral,44.20723283941336,17.2648,18.3852,17.3594,17.0868,16.4342,134.53103637695312,-1.8087,AVAX-USD,0.7359,Neutral,0.5188,0.4953,22.45821877658152,107,379.0899963378906,0.0,0.0
2023-04-25,17.64320945739746,16.937700271606445,17.73865509033203,16.805578231811523,17.64320945739746,201291903.0,49981.25794161702,0,15.688758267406342,49965.56918334961,2832,47.103584228271615,34000,Neutral,47.11936000161928,17.1271,18.3678,17.3473,17.1361,16.431,134.53103637695312,-1.5916,AVAX-USD,0.7348,Neutral,0.5548,0.4797,20.048609068662483,107,373.1000061035156,0.0,0.0
2023-04-26,17.189762115478516,17.64189910888672,18.196632385253903,16.4422664642334,17.189762115478516,301564451.0,48697.095069302566,0,15.688758267406342,48681.406311035156,2832,43.32663460381732,34000,Neutral,42.906635981840296,17.1743,18.3272,17.3345,17.1823,16.422,134.53103637695312,-1.5467,AVAX-USD,0.7324,Neutral,0.5554,0.4553,19.380834868223065,107,371.4400024414063,0.0,0.0
2023-04-27,17.724498748779297,17.19050407409668,17.89904022216797,17.14951515197754,17.724498748779297,204597089.0,50211.46921481038,0,15.688758267406342,50195.78045654297,2832,47.78067620825206,34000,Neutral,43.954427198678665,17.2724,18.3322,17.3225,17.2367,16.4152,134.53103637695312,-1.2565,AVAX-USD,0.7366,Neutral,0.5242,0.443,22.345582904000725,107,378.80999755859375,0.0,0.0
2023-04-28,17.56381607055664,17.724470138549805,17.807231903076172,17.306236267089844,17.56381607055664,127740732.0,49756.415870083816,0,15.688758267406342,49740.727111816406,2832,46.44228401787982,34000,Neutral,40.75289389784431,17.4121,18.3372,17.3162,17.2914,16.4087,134.53103637695312,-1.0727,AVAX-USD,0.7466,Neutral,0.5047,0.4488,23.64894261191979,107,382.0499877929688,0.0,0.0
2023-04-29,17.48208236694336,17.562843322753906,17.718311309814453,17.409038543701172,17.48208236694336,98790066.0,49524.946021451,0,15.688758267406342,49509.257263183594,2832,45.76149034543038,34000,Neutral,41.020493399259294,17.5207,18.3332,17.3229,17.3465,16.4011,134.53103637695312,-0.9345,AVAX-USD,0.7466,Neutral,0.5047,0.4488,23.64894261191979,107,382.0499877929688,0.0,0.0
2023-04-30,17.166259765625,17.483182907104492,17.809911727905273,17.149097442626953,17.166259765625,117908615.0,48630.53641451741,0,15.688758267406342,48614.84765625,2832,43.13087385444923,34000,Neutral,31.652499417271073,17.4253,18.2949,17.313,17.3987,16.394,134.53103637695312,-0.9148,AVAX-USD,0.7466,Neutral,0.5047,0.4488,23.64894261191979,107,382.0499877929688,0.0,0.0
2023-05-01,16.65838050842285,17.162769317626953,17.21229362487793,16.537229537963867,16.65838050842285,136356603.0,48191.22285529042,0,15.186424931530041,48176.03643035889,2892,37.78909255795888,35000,"cash_0%_Buy 100% of cash (60 shares - DCA Strategy) Monthly invest 2.9% of total investment ($1,000.00)",27.231221994431223,17.319,18.2196,17.2998,17.447,16.3848,134.53103637695312,-1.0396,AVAX-USD,0.7328,Neutral,0.5044,0.4385,22.93777324441322,110,381.7900085449219,0.0,0.0
2023-05-02,16.854707717895508,16.658727645874023,16.966835021972656,16.527618408203125,16.854707717895508,109496323.0,48759.00114508534,0,15.186424931530041,48743.81472015381,2892,39.41131624308723,35000,Neutral,22.500046177387844,17.145,18.1378,17.3032,17.4945,16.3758,134.53103637695312,-0.9916,AVAX-USD,0.7471,Neutral,0.5426,0.4198,21.220964745301995,110,377.510009765625,0.0,0.0
2023-05-03,17.222131729125977,16.85454750061035,17.314401626586914,16.440670013427734,17.222131729125977,162088946.0,49821.59138556386,0,15.186424931530041,49806.404960632324,2892,42.447288358740124,35000,Neutral,35.440534599908986,17.0767,18.0562,17.3216,17.5432,16.3666,134.53103637695312,-0.771,AVAX-USD,0.7471,Neutral,0.5543,0.3963,20.166007730510916,110,374.8800048828125,0.0,0.0
2023-05-04,16.91795539855957,17.2237548828125,17.252674102783203,16.83331871032715,16.91795539855957,113190608.0,48941.91343756581,0,15.186424931530041,48926.72701263428,2892,39.93392279303143,35000,Neutral,37.65398341968084,16.9639,17.9396,17.3342,17.5835,16.3612,134.53103637695312,-0.6975,AVAX-USD,0.734,Neutral,0.5808,0.3724,19.066932996048134,110,372.1400146484375,0.0,0.0
2023-05-05,17.38660430908203,16.92181396484375,17.41295051574707,16.896852493286133,17.38660430908203,171744723.0,50297.24608679677,0,15.186424931530041,50282.059661865234,2892,43.806301790834155,35000,Neutral,54.494053699629866,17.008,17.8536,17.3486,17.6305,16.3544,134.53103637695312,-0.4346,AVAX-USD,0.7466,Neutral,0.5333,0.3633,21.806601767170424,110,378.9700012207031,0.0,0.0
2023-05-06,16.63551902770996,17.38744354248047,17.482257843017578,16.502220153808594,16.63551902770996,133852669.0,48125.10745306874,0,15.186424931530041,48109.92102813721,2892,37.600191408754085,35000,Neutral,44.34275042038205,17.0034,17.6753,17.3563,17.671,16.344,134.53103637695312,-0.5147,AVAX-USD,0.7466,Neutral,0.5333,0.3633,21.806601767170424,110,378.9700012207031,0.0,0.0
2023-05-07,16.447729110717773,16.635347366333008,16.737930297851562,16.440841674804688,16.447729110717773,95305315.0,47582.019013127334,0,15.186424931530041,47566.8325881958,2892,36.048510151778636,35000,Neutral,45.91056090820823,16.922,17.4719,17.3782,17.7102,16.3275,134.53103637695312,-0.5989,AVAX-USD,0.7466,Neutral,0.5333,0.3633,21.806601767170424,110,378.9700012207031,0.0,0.0
2023-05-08,15.423477172851562,16.44506072998047,16.50736427307129,15.07004165649414,15.423477172851562,244045721.0,44619.88240881825,0,15.186424931530041,44604.69598388672,2892,27.58526271089554,35000,Neutral,37.490298829121805,16.5623,17.1817,17.3952,17.7381,16.3064,134.53103637695312,-0.9961,AVAX-USD,0.7458,Neutral,0.5267,0.3758,21.890834294656837,110,379.1799926757813,0.0,0.0
2023-05-09,15.335582733154297,15.42355728149414,15.57580852508545,15.256746292114258,15.335582733154297,116223244.0,44365.69168921376,0,15.186424931530041,44350.50526428223,2892,26.859003512025573,35000,Neutral,28.797601785832583,16.2458,16.9988,17.4037,17.7642,16.2842,134.53103637695312,-1.2213,AVAX-USD,0.7383,Neutral,0.5391,0.4015,21.232997963514347,110,377.5400085449219,0.0,0.0
2023-05-10,15.53670883178711,15.336101531982422,15.70870304107666,14.908783912658691,15.53670883178711,226449891.0,44947.34836645985,0,15.186424931530041,44932.16194152832,2892,28.5208797327287,35000,Neutral,34.073339277589156,15.8758,16.859,17.4186,17.7876,16.26,134.53103637695312,-1.2118,AVAX-USD,0.7386,Neutral,0.5277,0.4249,21.894849447834506,110,379.1900024414063,0.0,0.0
2023-05-11,14.97328758239746,15.537389755249023,15.537684440612791,14.855993270874023,14.97328758239746,142436558.0,43317.93411322498,0,15.186424931530041,43302.74768829345,2892,23.865410437771907,35000,Neutral,23.63863381085305,15.5434,16.76,17.3972,17.7797,16.2429,134.53103637695312,-1.3478,AVAX-USD,0.7294,Neutral,0.5269,0.4284,21.682254431869328,110,378.6600036621094,0.0,0.0
2023-05-12,15.192852973937988,14.973711013793944,15.200723648071287,14.67658805847168,15.192852973937988,152580777.0,43952.917225560195,0,15.186424931530041,43937.73080062866,2892,25.67964790158681,35000,Neutral,27.53555668042351,15.2924,16.658,17.3754,17.7775,16.2266,134.53103637695312,-1.2614,AVAX-USD,0.7246,Neutral,0.526,0.4144,21.477677480938855,110,378.1499938964844,0.0,0.0
2023-05-13,14.942066192626951,15.194025993347168,15.201868057250977,14.934647560119627,14.942066192626951,76672620.0,43227.641854008674,0,15.186424931530041,43212.45542907714,2892,23.607432554296736,35000,Neutral,26.680837591673537,15.1961,16.5618,17.3381,17.769,16.213,134.53103637695312,-1.2208,AVAX-USD,0.7246,Neutral,0.526,0.4144,21.477677480938855,110,378.1499938964844,0.0,0.0
2023-05-14,15.03024959564209,14.941278457641602,15.14248752593994,14.855501174926758,15.03024959564209,81176240.0,43482.66825552846,0,15.186424931530041,43467.481830596924,2892,24.33607941578184,35000,Neutral,29.534487670724218,15.135,16.4663,17.3289,17.7529,16.2004,134.53103637695312,-1.0736,AVAX-USD,0.7246,Neutral,0.526,0.4144,21.477677480938855,110,378.1499938964844,0.0,0.0
2023-05-15,15.093147277832031,15.029603958129885,15.343143463134766,14.863529205322266,15.093147277832031,130822729.0,43664.56835242177,0,15.186424931530041,43649.381927490234,2892,24.855793978334148,35000,Neutral,33.60524307456261,15.0463,16.3388,17.3158,17.7387,16.1863,134.53103637695312,-0.873,AVAX-USD,0.7222,Neutral,0.5242,0.4032,22.003148411745553,110,379.4599914550781,0.0,0.0
2023-05-16,14.903059005737305,15.093754768371582,15.142037391662598,14.770429611206056,14.903059005737305,115280580.0,43114.83306952382,0,15.186424931530041,43099.646644592285,2892,23.285121741482875,35000,Neutral,29.53105051933241,15.0323,16.2245,17.2701,17.7234,16.1787,134.53103637695312,-0.7493,AVAX-USD,0.7082,Neutral,0.5327,0.3802,20.996336511124536,110,376.9500122070313,0.0,0.0
2023-05-17,15.164073944091797,14.902388572692873,15.284197807312012,14.692970275878906,15.164073944091797,130832786.0,43869.68827124501,0,15.186424931530041,43854.50184631348,2892,25.4418508892577,35000,Neutral,27.922244001849705,15.0265,16.0965,17.2397,17.7071,16.1698,134.53103637695312,-0.4944,AVAX-USD,0.7124,Neutral,0.515,0.3798,22.801392690899828,110,381.4500122070313,0.0,0.0
2023-05-18,14.70057201385498,15.163835525512695,15.173441886901855,14.494279861450195,14.70057201385498,131860692.0,42529.24068900014,0,15.186424931530041,42514.0542640686,2892,21.612000654272357,35000,Neutral,26.999320394784377,14.9782,15.9533,17.192,17.6979,16.1616,134.53103637695312,-0.4657,AVAX-USD,0.7233,Neutral,0.5009,0.3746,24.297575867690544,110,385.1799926757813,0.0,0.0
2023-05-19,14.67898941040039,14.701531410217283,14.80501937866211,14.59689235687256,14.67898941040039,96148692.0,42466.82379980946,0,15.186424931530041,42451.63737487793,2892,21.43366668515614,35000,Neutral,19.04302186268302,14.908,15.8132,17.1593,17.6852,16.1535,134.53103637695312,-0.3995,AVAX-USD,0.7118,Neutral,0.5093,0.378,24.052896350266042,110,384.5700073242188,0.0,0.0
2023-05-20,14.636693954467772,14.678878784179688,14.699698448181152,14.556021690368652,14.636693954467772,69935200.0,42344.50534125233,0,15.186424931530041,42329.31891632079,2892,21.084185374992906,35000,Neutral,22.72643518299236,14.8167,15.6867,17.1118,17.6612,16.1408,134.53103637695312,-0.3204,AVAX-USD,0.7118,Neutral,0.5093,0.378,24.052896350266042,110,384.5700073242188,0.0,0.0
2023-05-21,14.313434600830078,14.635772705078123,14.687588691711426,14.251659393310549,14.313434600830078,84412582.0,41409.63929053212,0,15.186424931530041,41394.452865600586,2892,18.41313951579231,35000,Neutral,21.916213321179484,14.6988,15.5694,17.0707,17.6397,16.1256,134.53103637695312,-0.3548,AVAX-USD,0.7118,Neutral,0.5093,0.378,24.052896350266042,110,384.5700073242188,0.0,0.0
2023-05-22,14.680551528930664,14.312813758850098,14.753812789916992,14.14851188659668,14.680551528930664,125232952.0,42471.34144659901,0,15.186424931530041,42456.15502166748,2892,21.44657424741201,35000,Neutral,38.18026725771352,14.602,15.4607,17.0227,17.6173,16.1133,134.53103637695312,-0.1674,AVAX-USD,0.7046,Neutral,0.5147,0.378,24.137128877752392,110,384.7799987792969,0.0,0.0
2023-05-23,14.711454391479492,14.680412292480469,14.946106910705566,14.625208854675291,14.711454391479492,105989745.0,42560.712525090225,0,15.186424931530041,42545.52610015869,2892,21.701920185958315,35000,Neutral,39.88690322397206,14.6042,15.3352,16.9848,17.5899,16.1024,134.53103637695312,0.0101,AVAX-USD,0.6994,Neutral,0.538,0.3901,22.412302313606514,110,380.4800109863281,0.0,0.0
2023-05-24,14.147786140441896,14.711894035339355,14.712035179138184,14.027911186218262,14.147786140441896,131193367.0,40930.5839430895,0,15.186424931530041,40915.397518157966,2892,17.044409951670538,35000,Neutral,29.860674945357758,14.498,15.1967,16.9392,17.5659,16.0883,134.53103637695312,-0.0816,AVAX-USD,0.6948,Neutral,0.5614,0.401,21.269097618151367,110,377.6300048828125,0.0,0.0
2023-05-25,14.095544815063477,14.14716911315918,14.246715545654297,13.833481788635254,14.095544815063477,128871426.0,40779.50203009511,0,15.186424931530041,40764.315605163574,2892,16.61274734311513,35000,Neutral,35.05768922305445,14.3898,15.0321,16.8886,17.535,16.0749,134.53103637695312,-0.1217,AVAX-USD,0.7065,Neutral,0.543,0.3924,22.58879767493463,110,380.9200134277344,0.0,0.0
2023-05-26,14.345760345458984,14.095792770385742,14.388660430908203,13.987369537353516,14.345760345458984,122877712.0,41503.125343998916,0,15.186424931530041,41487.93891906738,2892,18.680242525697444,35000,Neutral,35.72839506966287,14.3962,14.9177,16.8526,17.5037,16.0627,134.53103637695312,0.0044,AVAX-USD,0.7289,Neutral,0.5227,0.3902,24.57435212789505,110,385.8699951171875,0.0,0.0
2023-05-27,14.549345970153809,14.345297813415527,14.583966255187988,14.289724349975586,14.549345970153809,100317944.0,42091.89497061635,0,15.186424931530041,42076.708545684814,2892,20.362441458890103,35000,Neutral,43.27661462835151,14.37,14.8227,16.8163,17.4478,16.0511,134.53103637695312,0.2102,AVAX-USD,0.7289,Neutral,0.5227,0.3902,24.57435212789505,110,385.8699951171875,0.0,0.0
2023-05-28,14.935823440551758,14.550682067871094,15.034667015075684,14.387837409973145,14.935823440551758,154009924.0,43209.58781500722,0,15.186424931530041,43194.40139007568,2892,23.55584958572115,35000,Neutral,48.53323070259098,14.4149,14.7983,16.777,17.4006,16.0417,134.53103637695312,0.535,AVAX-USD,0.7289,Neutral,0.5227,0.3902,24.57435212789505,110,385.8699951171875,0.0,0.0
2023-05-29,14.484777450561523,14.938732147216797,14.964109420776367,14.38296127319336,14.484777450561523,134187210.0,41905.16281195546,0,15.186424931530041,41889.976387023926,2892,19.828921005573278,35000,Neutral,41.56680882341277,14.4823,14.7558,16.731,17.3456,16.0313,134.53103637695312,0.5538,AVAX-USD,0.7325,Neutral,0.5149,0.3871,24.57435212789505,110,385.8699951171875,0.0,0.0
2023-05-30,14.4511137008667,14.485981941223145,14.723575592041016,14.41038990020752,14.4511137008667,136632953.0,41807.80724783803,0,15.186424931530041,41792.620822906494,2892,19.550762250952047,35000,Neutral,43.45115385136258,14.5534,14.7015,16.6766,17.3015,16.0226,134.53103637695312,0.5585,AVAX-USD,0.7338,Neutral,0.52,0.3596,24.622485000744422,110,385.989990234375,0.0,0.0
2023-05-31,14.119641304016112,14.45082187652588,14.460808753967283,14.025012969970703,14.119641304016112,128954994.0,40849.189076146125,0,15.186424931530041,40834.00265121459,2892,16.811853188975178,35000,Neutral,35.16864672282489,14.5081,14.6588,16.6176,17.2538,16.0099,134.53103637695312,0.4226,AVAX-USD,0.7471,Neutral,0.5336,0.3234,23.78013524323914,110,383.8900146484375,0.0,0.0
2023-06-01,14.10698413848877,14.119417190551758,14.284890174865724,13.893011093139648,14.10698413848877,116708033.0,41811.58295756722,0,12.58895522499472,41798.994002342224,2963,16.24317039322851,36000,"cash_0%_Buy 100% of cash (71 shares - DCA Strategy) Monthly invest 2.8% of total investment ($1,000.00)",40.33302664349822,14.4197,14.6046,16.5649,17.1967,15.996,134.53103637695312,0.3427,AVAX-USD,0.7617,CashBuild,0.4973,0.3276,24.637810360660797,112,387.5700073242188,0.0,0.0
2023-06-02,14.490138053894045,14.105902671813965,14.55781364440918,14.023426055908203,14.490138053894045,128575136.0,42946.86800891305,0,12.58895522499472,42934.27905368806,2963,19.396739980300268,36000,CashBuild,47.24847344292293,14.3305,14.582,16.5214,17.1409,15.984,134.53103637695312,0.4758,AVAX-USD,0.7682,CashBuild,0.4783,0.3329,26.907489112288378,112,393.260009765625,0.0,0.0
2023-06-03,14.574328422546388,14.49035358428955,14.597238540649414,14.422202110290527,14.574328422546388,91435614.0,43196.324071229945,0,12.58895522499472,43183.73511600495,2963,20.089673486736096,36000,CashBuild,49.102305713258964,14.3484,14.5592,16.4702,17.0843,15.9737,134.53103637695312,0.6042,AVAX-USD,0.7682,CashBuild,0.4783,0.3329,26.907489112288378,112,393.260009765625,0.0,0.0
2023-06-04,14.782492637634276,14.5748929977417,14.915099143981934,14.530661582946776,14.782492637634276,112060061.0,43813.11464053535,0,12.58895522499472,43800.52568531036,2963,21.802980623695547,36000,CashBuild,56.98303177924529,14.4147,14.5436,16.4168,17.0323,15.9649,134.53103637695312,0.776,AVAX-USD,0.7682,CashBuild,0.4783,0.3329,26.907489112288378,112,393.260009765625,0.0,0.0
2023-06-05,13.897244453430176,14.783157348632812,14.873546600341797,13.60968017578125,13.897244453430176,236605569.0,41190.124270738605,0,12.58895522499472,41177.53531551361,2963,14.516896263149048,36000,CashBuild,39.89721035738982,14.3702,14.4933,16.3484,16.9806,15.9529,134.53103637695312,0.4845,AVAX-USD,0.755,CashBuild,0.4776,0.3426,26.604329661333505,112,392.5,0.0,0.0
2023-06-06,14.631876945495604,13.894960403442385,14.660537719726562,13.851909637451172,14.631876945495604,170072629.0,43366.840344728465,0,12.58895522499472,43354.25138950347,2963,20.56332980200977,36000,CashBuild,49.131329619616395,14.4752,14.4667,16.2985,16.9393,15.9434,134.53103637695312,0.6272,AVAX-USD,0.7602,CashBuild,0.4662,0.3612,26.92742868748368,112,393.30999755859375,0.0,0.0
2023-06-07,14.032129287719728,14.63158130645752,14.682544708251951,13.99668788909912,14.032129287719728,159208577.0,41589.78803473855,0,12.58895522499472,41577.19907951356,2963,15.627073385371103,36000,CashBuild,48.74735242308677,14.3836,14.4333,16.2413,16.8825,15.9342,134.53103637695312,0.4469,AVAX-USD,0.7512,CashBuild,0.4627,0.3821,26.412858612342614,112,392.0199890136719,0.0,0.0
2023-06-08,13.93117332458496,14.031624794006348,14.095104217529297,13.812854766845703,13.93117332458496,110532058.0,41290.655515970226,0,12.58895522499472,41278.06656074523,2963,14.796149722125774,36000,Neutral,48.23832726743456,14.255,14.3959,16.1808,16.8313,15.9258,134.53103637695312,0.2906,AVAX-USD,0.7453,Neutral,0.459,0.3834,27.350249935856066,112,394.3699951171875,0.0,0.0
2023-06-09,13.767868041992188,13.931811332702637,14.225353240966797,13.7378568649292,13.767868041992188,130556047.0,40806.781963647845,0,12.58895522499472,40794.19300842285,2963,13.45205652123027,36000,Neutral,43.6887901254318,14.0521,14.3525,16.1114,16.797,15.9167,134.53103637695312,0.1286,AVAX-USD,0.7432,Neutral,0.4607,0.3709,27.61351806329748,112,395.0299987792969,0.0,0.0
2023-06-10,11.680257797241213,13.767866134643556,13.767866134643556,10.423677444458008,11.680257797241213,430714377.0,34621.19280845071,0,12.58895522499472,34608.603853225715,2963,-3.7301355765395616,36000,Neutral,27.801424949739797,13.6087,14.2208,16.0033,16.746,15.9,134.53103637695312,-0.9041,AVAX-USD,0.7432,Neutral,0.4607,0.3709,27.61351806329748,112,395.0299987792969,0.0,0.0
2023-06-11,11.575257301330566,11.680100440979004,11.795604705810549,11.500344276428224,11.575257301330566,121882450.0,34310.07633906746,0,12.58895522499472,34297.48738384247,2963,-4.59434799149302,36000,Neutral,22.814684384059504,12.9973,14.0655,15.888,16.6923,15.8829,134.53103637695312,-1.5556,AVAX-USD,0.7432,Neutral,0.4607,0.3709,27.61351806329748,112,395.0299987792969,0.0,0.0
2023-06-12,11.520296096801758,11.575085639953612,11.583162307739258,11.300929069519045,11.520296096801758,125715031.0,34147.2262900486,0,12.58895522499472,34134.63733482361,2963,-5.046709238767633,36000,Neutral,24.3768138687888,12.495,13.906,15.7658,16.6402,15.8666,134.53103637695312,-1.9045,AVAX-USD,0.7443,Neutral,0.4782,0.3431,29.061486677663797,112,398.6600036621094,0.0,0.0
2023-06-13,11.787354469299316,11.52052402496338,12.041451454162598,11.455876350402832,11.787354469299316,139037459.0,34938.52024775887,0,12.58895522499472,34925.931292533875,2963,-2.848670467350223,36000,Neutral,27.868982089521936,12.0662,13.788,15.6414,16.5916,15.85,134.53103637695312,-1.8806,AVAX-USD,0.7453,Neutral,0.4696,0.3311,30.110566403141224,112,401.2900085449219,0.0,0.0
2023-06-14,11.366084098815918,11.787341117858888,11.948820114135742,11.260865211486816,11.366084098815918,135945535.0,33690.29614001656,0,12.58895522499472,33677.707184791565,2963,-6.315959655523306,36000,CashBuild,27.459257764975973,11.5858,13.6515,15.5124,16.5351,15.83,134.53103637695312,-1.9506,AVAX-USD,0.7531,CashBuild,0.4595,0.3194,30.23422098484696,112,401.6000061035156,0.0,0.0
2023-06-15,11.40145206451416,11.367071151733398,11.546728134155272,11.032645225524902,11.40145206451416,140941560.0,33795.09142238045,0,12.58895522499472,33782.50246715546,2963,-6.024861648956947,36000,Neutral,27.93443852114109,11.5301,13.5043,15.3657,16.4641,15.8113,134.53103637695312,-1.8491,AVAX-USD,0.7426,Neutral,0.4649,0.3255,32.28849632800018,112,406.75,0.0,0.0
2023-06-16,11.541641235351562,11.400168418884276,11.693414688110352,11.275351524353027,11.541641235351562,93292947.0,34210.47193557167,0,12.58895522499472,34197.88298034668,2963,-4.871026890092434,36000,Neutral,24.960546369010572,11.5234,13.3539,15.2162,16.4051,15.7965,134.53103637695312,-1.5836,AVAX-USD,0.7449,Neutral,0.4495,0.3456,31.690162994666824,112,405.25,0.0,0.0
2023-06-17,11.625213623046877,11.54151439666748,11.821560859680176,11.486980438232422,11.625213623046877,89125242.0,34458.09692031289,0,12.58895522499472,34445.5079650879,2963,-4.183179710255713,36000,Neutral,24.952669302314618,11.5443,13.1884,15.0561,16.3397,15.7816,134.53103637695312,-1.2493,AVAX-USD,0.7449,Neutral,0.4495,0.3456,31.690162994666824,112,405.25,0.0,0.0
2023-06-18,11.34263515472412,11.62493133544922,11.628235816955566,11.337965965270996,11.34263515472412,95386928.0,33620.81691867256,0,12.58895522499472,33608.22796344756,2963,-6.508957492589984,36000,Neutral,21.149387850171266,11.4554,13.0313,14.9286,16.271,15.7635,134.53103637695312,-1.0737,AVAX-USD,0.7449,Neutral,0.4495,0.3456,31.690162994666824,112,405.25,0.0,0.0
2023-06-19,11.454609870910645,11.343002319335938,11.487324714660645,11.211133003234863,11.454609870910645,89600908.0,33952.59800273323,0,12.58895522499472,33940.00904750824,2963,-5.587343370199216,36000,Neutral,26.459823155120887,11.4731,12.8814,14.814,16.2015,15.7459,134.53103637695312,-0.8008,AVAX-USD,0.7399,Neutral,0.4595,0.3746,31.690162994666824,112,405.25,0.0,0.0
2023-06-20,12.106450080871582,11.45524787902832,12.108436584472656,11.205348014831545,12.106450080871582,123591888.0,35884.00054484749,0,12.58895522499472,35871.4115896225,2963,-0.22233630877072086,36000,Neutral,25.267258361642305,11.6141,12.7808,14.7332,16.1289,15.7284,134.53103637695312,-0.1912,AVAX-USD,0.7406,Neutral,0.4568,0.3745,30.944242720144263,112,403.3800048828125,0.0,0.0
2023-06-21,12.917662620544434,12.10678482055664,13.011942863464355,12.076196670532228,12.917662620544434,199602351.0,38287.62329989815,0,12.58895522499472,38275.03434467316,2963,6.454393566370009,36000,Neutral,39.51957706768098,11.8893,12.7213,14.6613,16.0621,15.7166,134.53103637695312,0.6848,AVAX-USD,0.7403,Neutral,0.4491,0.3947,30.06270168417422,112,401.1700134277344,0.0,0.0
2023-06-22,12.667882919311523,12.915260314941406,13.213497161865234,12.645727157592772,12.667882919311523,171555239.0,37547.52604514504,0,12.58895522499472,37534.937089920044,2963,4.3985678587224575,36000,Neutral,38.44351573067117,12.0978,12.6302,14.5913,15.9984,15.6999,134.53103637695312,1.1264,AVAX-USD,0.7393,Neutral,0.4424,0.3684,30.64507605347759,112,402.6300048828125,0.0,0.0
2023-06-23,13.281949996948242,12.668237686157228,13.482173919677734,12.663741111755373,13.281949996948242,171643520.0,39367.006796182635,0,12.58895522499472,39354.41784095764,2963,9.452681056049128,36000,Neutral,45.893522797500026,12.4857,12.5656,14.5304,15.9449,15.6844,134.53103637695312,1.7157,AVAX-USD,0.7397,Neutral,0.4528,0.3404,29.440423818234553,112,399.6099853515625,0.0,0.0
2023-06-24,13.024869918823242,13.282217979431152,13.38566780090332,12.803576469421388,13.024869918823242,122944055.0,38605.27852469826,0,12.58895522499472,38592.68956947327,2963,7.33676919081474,36000,Neutral,66.454083061652,12.7998,12.4777,14.4534,15.9003,15.6682,134.53103637695312,1.9141,AVAX-USD,0.7397,Neutral,0.4528,0.3404,29.440423818234553,112,399.6099853515625,0.0,0.0
2023-06-25,13.442519187927246,13.023022651672363,13.674091339111328,12.996980667114258,13.442519187927246,150750404.0,39842.773309053424,0,12.58895522499472,39830.18435382843,2963,10.774254702912422,36000,Neutral,71.22563129462552,13.067,12.455,14.3909,15.8627,15.6477,134.53103637695312,2.1956,AVAX-USD,0.7397,Neutral,0.4528,0.3404,29.440423818234553,112,399.6099853515625,0.0,0.0
2023-06-26,13.152833938598633,13.442231178283691,13.639678955078123,13.03208827972412,13.152833938598633,163891431.0,38984.43591529274,0,12.58895522499472,38971.84696006775,2963,8.389984164688302,36000,Neutral,67.61734433230401,13.114,12.381,14.3147,15.8186,15.6263,134.53103637695312,2.1519,AVAX-USD,0.7377,Neutral,0.4664,0.3207,28.78225958619245,112,397.9599914550781,0.0,0.0
2023-06-27,13.205107688903809,13.153239250183104,13.461466789245604,13.126251220703123,13.205107688903809,114157872.0,39139.32303744698,0,12.58895522499472,39126.734082221985,2963,8.820226170672308,36000,Neutral,66.04322823048378,13.2215,12.3397,14.2421,15.7791,15.6052,134.53103637695312,2.0745,AVAX-USD,0.7442,Neutral,0.458,0.3023,30.541361046967186,112,402.3699951171875,0.0,0.0
2023-06-28,12.355886459350586,13.20535373687744,13.20535373687744,12.17428493499756,12.355886459350586,170640369.0,36623.08053428078,0,12.58895522499472,36610.491579055786,2963,1.8306636618772965,36000,Neutral,60.21153443141019,13.0362,12.2609,14.1567,15.7398,15.5762,134.53103637695312,1.526,AVAX-USD,0.7483,Neutral,0.4553,0.2903,30.613158125417737,112,402.5499877929688,0.0,0.0
2023-06-29,12.677756309509276,12.35520076751709,12.924838066101074,12.292954444885254,12.677756309509276,133351344.0,37576.780900300975,0,12.58895522499472,37564.19194507598,2963,4.479831345266727,36000,Neutral,62.432357412230424,12.9668,12.2064,14.0818,15.6974,15.5512,134.53103637695312,1.2914,AVAX-USD,0.7358,Neutral,0.4522,0.298,31.22586022339946,112,402.510009765625,1.576,0.0
2023-06-30,13.013050079345703,12.677090644836426,13.309677124023438,12.377684593200684,13.013050079345703,252369786.0,38570.25634032631,0,12.58895522499472,38557.66738510132,2963,7.2394853453371155,36000,Neutral,63.80801143242532,12.8809,12.273,14.0211,15.6605,15.5309,134.53103637695312,1.2703,AVAX-USD,0.7425,Neutral,0.4536,0.3149,33.12855584107524,112,407.2799987792969,0.0,0.0
2023-07-01,12.994583129882812,13.013632774353027,13.135228157043455,12.90446662902832,12.994583129882812,116343644.0,39514.53818616677,0,11.005471323017332,39503.53271484375,3040,6.895933551788325,37000,"cash_0%_Buy 100% of cash (77 shares - DCA Strategy) Monthly invest 2.7% of total investment ($1,000.00)",63.00941824881743,12.8493,12.344,13.9568,15.63,15.5098,134.53103637695312,1.2043,AVAX-USD,0.7334,Neutral,0.4542,0.3272,32.429448186643086,116,407.2799987792969,0.0,0.0
2023-07-02,13.119144439697266,12.996426582336426,13.195372581481934,12.75169277191162,13.119144439697266,139911155.0,39893.20456800271,0,11.005471323017332,39882.19909667969,3040,7.919356205398964,37000,Neutral,67.399781989574,12.8321,12.4239,13.8884,15.605,15.4837,134.53103637695312,1.1819,AVAX-USD,0.7334,Neutral,0.4542,0.3272,32.429448186643086,116,407.2799987792969,0.0,0.0
2023-07-03,13.223526000976562,13.12028980255127,13.431045532226562,13.096904754638672,13.223526000976562,168312885.0,40210.52451429177,0,11.005471323017332,40199.51904296875,3040,8.776977681855902,37000,Neutral,67.3512201044978,13.0056,12.4957,13.8268,15.5805,15.4571,134.53103637695312,1.1749,AVAX-USD,0.7291,Neutral,0.4525,0.3394,32.7405905568461,116,408.05999755859375,0.0,0.0
2023-07-04,13.042004585266112,13.22418975830078,13.38682460784912,13.041964530944824,13.042004585266112,141670542.0,39658.699410532,0,11.005471323017332,39647.69393920898,3040,7.285558482505161,37000,Neutral,60.10959168379421,13.0785,12.5795,13.7544,15.5515,15.4353,134.53103637695312,1.034,AVAX-USD,0.7244,Neutral,0.4547,0.3412,32.7405905568461,116,408.05999755859375,0.0,0.0
2023-07-05,12.670045852661133,13.043407440185549,13.142560958862305,12.557414054870604,12.670045852661133,134100625.0,38527.944863412864,0,11.005471323017332,38516.939392089844,3040,4.229465111912911,37000,Neutral,47.043600698390904,13.0099,12.643,13.6883,15.5223,15.4128,134.53103637695312,0.7203,AVAX-USD,0.7217,Neutral,0.4606,0.3581,32.377589096026654,116,407.1499938964844,0.0,0.0
2023-07-06,12.410744667053224,12.67006778717041,13.092917442321776,12.302614212036133,12.410744667053224,153672696.0,37739.669259164824,0,11.005471323017332,37728.663787841804,3040,2.0989905058371283,37000,Neutral,46.93688410556981,12.8931,12.6864,13.621,15.4996,15.3979,134.53103637695312,0.3677,AVAX-USD,0.7067,Neutral,0.4767,0.3634,31.053234526036103,116,403.8299865722656,0.0,0.0
2023-07-07,12.739989280700684,12.411574363708496,12.741192817687988,12.33133029937744,12.739989280700684,109676681.0,38740.5728846531,0,11.005471323017332,38729.56741333008,3040,4.804135439589219,37000,Neutral,43.07400032613758,12.8173,12.7422,13.5763,15.4858,15.3971,134.53103637695312,0.3007,AVAX-USD,0.7125,Neutral,0.4675,0.3903,30.678278692684888,116,402.8900146484375,0.0,0.0
2023-07-08,13.66015911102295,12.73962688446045,13.849803924560549,12.737736701965332,13.66015911102295,285973788.0,41537.889168832786,0,11.005471323017332,41526.883697509766,3040,12.364449721155934,37000,Neutral,56.94214278315159,12.9046,12.858,13.5484,15.476,15.3899,134.53103637695312,0.7086,AVAX-USD,0.7125,Neutral,0.4675,0.3903,30.678278692684888,116,402.8900146484375,0.0,0.0
2023-07-09,13.607531547546388,13.65977382659912,14.186827659606934,13.596845626831056,13.607531547546388,216696215.0,41377.90137586404,0,11.005471323017332,41366.89590454102,3040,11.93205028069988,37000,Neutral,51.95949817784837,13.0177,12.9657,13.5162,15.4674,15.3879,134.53103637695312,0.9062,AVAX-USD,0.7125,Neutral,0.4675,0.3903,30.678278692684888,116,402.8900146484375,0.0,0.0
2023-07-10,13.38939094543457,13.607630729675291,13.813161849975586,13.243370056152344,13.38939094543457,173771957.0,40714.753945444114,0,11.005471323017332,40703.748474121094,3040,10.139759928213588,37000,Neutral,52.857636592789554,13.1616,13.0298,13.4898,15.4435,15.3892,134.53103637695312,0.8801,AVAX-USD,0.705,Neutral,0.4731,0.4084,31.10908652316007,116,403.9700012207031,0.0,0.0
2023-07-11,13.260403633117676,13.390639305114746,13.67273998260498,13.186403274536133,13.260403633117676,142550257.0,40322.632516000755,0,11.005471323017332,40311.627044677734,3040,9.07997228106936,37000,Neutral,50.655826337565856,13.3315,13.047,13.4576,15.4165,15.3901,134.53103637695312,0.7581,AVAX-USD,0.7061,Neutral,0.4714,0.4407,32.14223890849446,116,406.55999755859375,0.0,0.0
2023-07-12,13.025257110595703,13.260605812072754,13.331764221191406,12.914302825927734,13.025257110595703,120763425.0,39607.78708753396,0,11.005471323017332,39596.78161621094,3040,7.147957609537481,37000,Neutral,59.29250076655725,13.3885,13.0648,13.4257,15.3819,15.3898,134.53103637695312,0.5293,AVAX-USD,0.7162,Neutral,0.4561,0.4767,33.418727294376154,116,409.760009765625,0.0,0.0
2023-07-13,14.092904090881348,13.024459838867188,14.140225410461426,12.929210662841797,14.092904090881348,262360528.0,42853.43390760232,0,11.005471323017332,42842.4284362793,3040,15.919976042154671,37000,Neutral,66.27561350668954,13.4751,13.1054,13.41,15.3695,15.3923,134.53103637695312,0.8764,AVAX-USD,0.7101,Neutral,0.4525,0.5157,34.75105550388638,116,413.1000061035156,0.0,0.0
2023-07-14,14.644426345825195,14.091705322265623,15.872698783874512,14.091705322265623,14.644426345825195,598790026.0,44530.061562631614,0,11.005471323017332,44519.056091308594,3040,20.451402136828456,37000,Neutral,67.87348585122714,13.6825,13.1864,13.4026,15.3592,15.3988,134.53103637695312,1.3046,AVAX-USD,0.71,Neutral,0.4466,0.5227,34.61941132409156,116,412.7699890136719,0.0,0.0
2023-07-15,14.834538459777832,14.644079208374023,15.28770637512207,14.466678619384766,14.834538459777832,195367689.0,45108.00238904763,0,11.005471323017332,45096.99691772461,3040,22.01340437038526,37000,Neutral,69.42798536657575,13.9715,13.256,13.4014,15.3358,15.4069,134.53103637695312,1.5801,AVAX-USD,0.71,Neutral,0.4466,0.5227,34.61941132409156,116,412.7699890136719,0.0,0.0
2023-07-16,14.28956413269043,14.834957122802734,14.916604042053224,14.240912437438965,14.28956413269043,136030082.0,43451.28043470193,0,11.005471323017332,43440.274963378906,3040,17.535777466748215,37000,Neutral,61.35065795071567,14.1773,13.3128,13.3868,15.3133,15.4123,134.53103637695312,1.4008,AVAX-USD,0.71,Neutral,0.4466,0.5227,34.61941132409156,116,412.7699890136719,0.0,0.0
2023-07-17,14.422088623046877,14.290464401245115,14.61111068725586,13.970844268798828,14.422088623046877,149018011.0,43854.15488538553,0,11.005471323017332,43843.14941406251,3040,18.624627333460644,37000,Neutral,61.56048266181481,14.4567,13.3736,13.3822,15.2871,15.4187,134.53103637695312,1.2626,AVAX-USD,0.7064,Neutral,0.45,0.5197,35.19382988038879,116,414.2099914550781,0.0,0.0
2023-07-18,13.79177474975586,14.41793727874756,14.572484016418455,13.708069801330566,13.79177474975586,128799916.0,41938.00071058083,0,11.005471323017332,41926.99523925781,3040,13.44583226642093,37000,Neutral,56.655547998631306,14.3965,13.4454,13.3674,15.2634,15.4254,134.53103637695312,0.8037,AVAX-USD,0.7107,Neutral,0.4482,0.5286,36.44638517421605,116,417.3500061035156,0.0,0.0
2023-07-19,14.006319046020508,13.793724060058594,14.239021301269531,13.780890464782717,14.006319046020508,124260704.0,42590.215371225364,0,11.005471323017332,42579.209899902344,3040,15.208574592487233,37000,Neutral,62.20283765372599,14.2689,13.5119,13.3569,15.2344,15.4344,134.53103637695312,0.5573,AVAX-USD,0.7108,Neutral,0.4566,0.5245,36.80539372852796,116,418.25,0.0,0.0
2023-07-20,13.856021881103516,14.005711555480955,14.20750331878662,13.737068176269531,13.856021881103516,147745163.0,42133.31198987771,0,11.005471323017332,42122.30651855469,3040,13.97370058884493,37000,Neutral,63.46635630165898,14.0732,13.554,13.3493,15.21,15.4408,134.53103637695312,0.2872,AVAX-USD,0.7015,Neutral,0.4561,0.5154,35.716389346069576,116,415.5199890136719,0.0,0.0
2023-07-21,13.983912467956545,13.856130599975586,14.05537223815918,13.76907444000244,13.983912467956545,103167756.0,42522.09937391092,0,11.005471323017332,42511.0939025879,3040,15.024477302448181,37000,Neutral,62.042088796681114,14.012,13.6035,13.3377,15.1802,15.4448,134.53103637695312,0.1442,AVAX-USD,0.7059,Neutral,0.4514,0.5253,35.736341705111954,116,415.5700073242188,0.0,0.0
2023-07-22,13.504372596740724,13.984041213989258,14.044143676757812,13.412701606750488,13.504372596740724,100499241.0,41064.298165414824,0,11.005471323017332,41053.292694091804,3040,11.084474036242531,37000,Neutral,48.35121001163968,13.8285,13.6227,13.3176,15.1512,15.4471,134.53103637695312,-0.192,AVAX-USD,0.7059,Neutral,0.4514,0.5253,35.736341705111954,116,415.5700073242188,0.0,0.0
2023-07-23,13.560688972473145,13.506564140319824,13.737200736999512,13.44616985321045,13.560688972473145,94629430.0,41235.49994764138,0,11.005471323017332,41224.49447631836,3040,11.547181555773767,37000,Neutral,49.50462136887401,13.7823,13.6396,13.3078,15.1235,15.4502,134.53103637695312,-0.3841,AVAX-USD,0.7059,Neutral,0.4514,0.5253,35.736341705111954,116,415.5700073242188,0.0,0.0
2023-07-24,13.103471755981444,13.558354377746582,13.58194637298584,12.924637794494627,13.103471755981444,136591562.0,39845.55960950661,0,11.005471323017332,39834.55413818359,3040,7.790586047301407,37000,Neutral,47.12183141102144,13.6017,13.6427,13.2912,15.0899,15.4516,134.53103637695312,-0.7138,AVAX-USD,0.6966,Neutral,0.4554,0.553,36.43839936120095,116,417.3299865722656,0.0,0.0
2023-07-25,13.345781326293944,13.10339069366455,13.435507774353027,13.06025218963623,13.345781326293944,136662247.0,40582.18070325661,0,11.005471323017332,40571.17523193359,3040,9.78145386824736,37000,Neutral,50.84027279933936,13.4996,13.6765,13.2746,15.0636,15.4536,134.53103637695312,-0.7858,AVAX-USD,0.6957,Neutral,0.4536,0.5724,36.929052095307654,116,418.55999755859375,0.0,0.0
2023-07-26,13.26471710205078,13.34612274169922,13.446917533874512,13.133441925048828,13.26471710205078,124083174.0,40335.74546155739,0,11.005471323017332,40324.73999023437,3040,9.115412674465672,37000,Neutral,52.430437519794495,13.3558,13.7192,13.2532,15.0348,15.457,134.53103637695312,-0.8413,AVAX-USD,0.6963,Neutral,0.4462,0.585,36.96894463989686,116,418.6600036621094,0.0,0.0
2023-07-27,13.14130973815918,13.265377044677734,13.418496131896973,13.065608024597168,13.14130973815918,92652961.0,39960.58707532693,0,11.005471323017332,39949.581604003906,3040,8.10147109005903,37000,Neutral,38.051402658147076,13.2832,13.7392,13.2233,15.0001,15.4597,134.53103637695312,-0.9018,AVAX-USD,0.6766,Neutral,0.4588,0.5994,35.83606697983721,116,415.8200073242188,0.0,0.0
2023-07-28,13.238449096679688,13.141653060913086,13.273382186889648,13.039627075195312,13.238449096679688,79610077.0,40255.89072522927,0,11.005471323017332,40244.88525390625,3040,8.899589062768065,37000,Neutral,30.072046304281443,13.2187,13.7181,13.2025,14.9668,15.4601,134.53103637695312,-0.8564,AVAX-USD,0.6872,Neutral,0.4444,0.6137,37.451611560988454,116,419.8699951171875,0.0,0.0
2023-07-29,13.246442794799805,13.237865447998049,13.28839874267578,13.177108764648438,13.246442794799805,55023688.0,40280.19156751443,0,11.005471323017332,40269.186096191406,3040,8.965267014890111,37000,Neutral,26.26542703984701,13.2473,13.7001,13.1824,14.9295,15.4616,134.53103637695312,-0.7867,AVAX-USD,0.6872,Neutral,0.4444,0.6137,37.451611560988454,116,419.8699951171875,0.0,0.0
2023-07-30,13.128493309020996,13.246405601501465,13.40017318725586,13.012140274047852,13.128493309020996,93192348.0,39921.62513074685,0,11.005471323017332,39910.61965942383,3040,7.996168537139892,37000,Neutral,30.108483643800895,13.2039,13.687,13.1659,14.8917,15.4597,134.53103637695312,-0.7637,AVAX-USD,0.6872,Neutral,0.4444,0.6137,37.451611560988454,116,419.8699951171875,0.0,0.0
2023-07-31,12.825377464294434,13.128398895263672,13.25479507446289,12.766095161437988,12.825377464294434,108926782.0,39000.1529627781,0,11.005471323017332,38989.14749145508,3040,5.5057032183054355,37000,Neutral,24.155713449958384,13.116,13.6653,13.1445,14.8547,15.4571,134.53103637695312,-0.8585,AVAX-USD,0.6879,Neutral,0.4491,0.6316,37.77472047721875,116,420.6799926757813,0.0,0.0
2023-08-01,12.87566375732422,12.823457717895508,12.879433631896973,12.544994354248049,12.87566375732422,122231869.0,40152.01899181558,0,5.699396478657036,40146.31959533692,3118,5.763092273185144,38000,"cash_0%_Buy 100% of cash (78 shares - DCA Strategy) Monthly invest 2.6% of total investment ($1,000.00)",31.744022695967132,13.0629,13.6578,13.1176,14.8195,15.4528,134.53103637695312,-0.8519,AVAX-USD,0.6845,Neutral,0.4536,0.6298,36.520183302477506,119,419.3800048828125,0.0,0.0
2023-08-02,12.53736400604248,12.874157905578612,12.938732147216797,12.481115341186523,12.53736400604248,114062163.0,39097.200367319114,0,5.699396478657036,39091.500970840454,3118,2.9872537876681315,38000,Neutral,22.10308256653434,12.9227,13.58,13.0837,14.7769,15.4483,134.53103637695312,-0.9678,AVAX-USD,0.6685,Neutral,0.4843,0.6148,34.20881470851525,119,413.5700073242188,0.0,0.0
2023-08-03,12.446003913879396,12.538097381591797,12.62191104888916,12.399161338806152,12.446003913879396,115953076.0,38812.33959995462,0,5.699396478657036,38806.64020347596,3118,2.2376201893405057,38000,Neutral,22.60920020200686,12.7626,13.4701,13.0447,14.7307,15.4432,134.53103637695312,-1.0346,AVAX-USD,0.6706,Neutral,0.4782,0.6157,33.74335284487306,119,412.3999938964844,0.0,0.0
2023-08-04,12.397878646850586,12.445049285888672,12.58553981781006,12.322561264038086,12.397878646850586,98780738.0,38662.28501735879,0,5.699396478657036,38656.58562088013,3118,1.8427397088251585,38000,Neutral,18.204596909163413,12.6165,13.3483,13.0197,14.684,15.4396,134.53103637695312,-1.0439,AVAX-USD,0.6675,Neutral,0.4996,0.6246,32.9397485198688,119,410.3800048828125,0.0,0.0
2023-08-05,12.437810897827148,12.397886276245115,12.438088417053224,12.288168907165527,12.437810897827148,81054019.0,38786.79377590371,0,5.699396478657036,38781.09437942505,3118,2.1703943365749545,38000,Neutral,24.04349034984172,12.5389,13.2557,12.9832,14.6408,15.4356,134.53103637695312,-0.9704,AVAX-USD,0.6675,Neutral,0.4996,0.6246,32.9397485198688,119,410.3800048828125,0.0,0.0
2023-08-06,12.572416305541992,12.437267303466797,12.641515731811523,12.4231595993042,12.572416305541992,92679576.0,39206.49343715859,0,5.699396478657036,39200.79404067993,3118,3.274867129350967,38000,Neutral,26.831630529120602,12.4783,13.1632,12.9588,14.6001,15.4319,134.53103637695312,-0.7989,AVAX-USD,0.6675,Neutral,0.4996,0.6246,32.9397485198688,119,410.3800048828125,0.0,0.0
2023-08-07,12.4482421875,12.57237434387207,12.725878715515137,12.285000801086426,12.4482421875,113926596.0,38819.31853710366,0,5.699396478657036,38813.619140625,3118,2.2559858134169275,38000,RiskWatch,31.79677912322468,12.4605,13.096,12.9341,14.5574,15.4276,134.53103637695312,-0.7011,AVAX-USD,0.6085,RiskWatch,0.6614,0.6155,34.411697757194716,119,414.0799865722656,0.0,0.0
2023-08-08,12.69126319885254,12.447861671447754,12.754738807678224,12.39429759979248,12.69126319885254,122703546.0,39577.058050500884,0,5.699396478657036,39571.358654022224,3118,4.250037164462261,38000,RiskWatch,31.823729007476032,12.5095,13.0303,12.9162,14.5138,15.4264,134.53103637695312,-0.4697,AVAX-USD,0.6028,RiskWatch,0.6664,0.6195,33.6995978028384,119,412.2900085449219,0.0,0.0
2023-08-09,12.621299743652344,12.691492080688477,12.785125732421877,12.523412704467772,12.621299743652344,103737727.0,39358.91199718667,0,5.699396478657036,39353.21260070801,3118,3.675968603109059,38000,RiskWatch,32.02115446726377,12.5542,12.9685,12.9319,14.4676,15.4248,134.53103637695312,-0.3214,AVAX-USD,0.6143,RiskWatch,0.6666,0.6398,32.60954606890927,119,409.5499877929688,0.0,0.0
2023-08-10,12.48097324371338,12.621468544006348,12.6392183303833,12.476778984069824,12.48097324371338,98396829.0,38921.37397037698,0,5.699396478657036,38915.67457389832,3118,2.5245527430835635,38000,RiskWatch,31.7212195128391,12.5628,12.8934,12.947,14.4175,15.4196,134.53103637695312,-0.2677,AVAX-USD,0.6131,RiskWatch,0.6629,0.6433,32.7050325854471,119,409.7900085449219,0.0,0.0
2023-08-11,12.44179344177246,12.481833457946776,12.52434539794922,12.38351821899414,12.44179344177246,82201066.0,38799.211347925186,0,5.699396478657036,38793.511951446526,3118,2.203072157684116,38000,Neutral,27.21670685009225,12.5367,12.8403,12.9623,14.3641,15.4143,134.53103637695312,-0.2251,AVAX-USD,0.6189,Neutral,0.647,0.6372,32.55385672989344,119,409.4100036621094,0.0,0.0
2023-08-12,12.389760971069336,12.441965103149414,12.479707717895508,12.36347484588623,12.389760971069336,69515970.0,38636.97410427285,0,5.699396478657036,38631.27470779419,3118,1.7761320428095306,38000,Neutral,26.102004961057602,12.525,12.7817,12.9724,14.3069,15.411,134.53103637695312,-0.1979,AVAX-USD,0.6189,Neutral,0.647,0.6372,32.55385672989344,119,409.4100036621094,0.0,0.0
2023-08-13,12.27439785003662,12.388569831848145,12.414149284362791,12.244152069091797,12.27439785003662,84586349.0,38277.27189289284,0,5.699396478657036,38271.57249641418,3118,0.8295472760200262,38000,Neutral,26.139724179235614,12.4416,12.7403,12.9875,14.25,15.4128,134.53103637695312,-0.2135,AVAX-USD,0.6189,Neutral,0.647,0.6372,32.55385672989344,119,409.4100036621094,0.0,0.0
2023-08-14,12.353681564331056,12.274033546447754,12.4297456741333,12.202265739440918,12.353681564331056,93500406.0,38524.478514062896,0,5.699396478657036,38518.779117584236,3118,1.4800910159412428,38000,Neutral,34.93901722328782,12.3881,12.6907,13.0034,14.1846,15.4144,134.53103637695312,-0.1561,AVAX-USD,0.6235,Neutral,0.6466,0.6267,33.472834019507914,119,411.7200012207031,0.0,0.0
2023-08-15,11.806095123291016,12.354454040527344,12.357786178588867,11.659506797790527,11.806095123291016,109201443.0,36817.10399090005,0,5.699396478657036,36811.40459442139,3118,-3.0129998344873177,38000,RiskWatch,24.080531440578667,12.2531,12.6177,13.0078,14.112,15.4139,134.53103637695312,-0.3754,AVAX-USD,0.5987,RiskWatch,0.6649,0.6066,31.595094403445568,119,407.0,0.0,0.0
2023-08-16,11.368606567382812,11.806071281433104,11.843334197998049,11.177412986755373,11.368606567382812,113468174.0,35453.01467357827,0,5.699396478657036,35447.31527709961,3118,-6.602708564281468,38000,RiskWatch,22.975984405630157,12.0385,12.5291,13.0035,14.0298,15.4139,134.53103637695312,-0.7055,AVAX-USD,0.5956,RiskWatch,0.6682,0.5668,30.39763399668607,119,403.989990234375,0.0,0.0
2023-08-17,10.590560913085938,11.369898796081545,11.490704536437988,10.137734413146973,10.590560913085938,148177479.0,33027.06832348061,0,5.699396478657036,33021.36892700195,3118,-12.98677790664372,38000,RiskWatch,17.438403067152308,11.6787,12.3967,12.991,13.9598,15.4081,134.53103637695312,-1.2736,AVAX-USD,0.5811,RiskWatch,0.6809,0.5484,29.09674706298617,119,400.7200012207031,0.0,0.0
2023-08-18,10.799485206604004,10.592208862304688,10.984182357788086,10.575095176696776,10.799485206604004,119700967.0,33678.494270669944,0,5.699396478657036,33672.794874191284,3118,-11.272499098250742,38000,RiskWatch,23.44796819656443,11.3837,12.2744,12.98,13.897,15.4044,134.53103637695312,-1.4458,AVAX-USD,0.5895,RiskWatch,0.6751,0.5533,29.24394077264989,119,401.0899963378906,0.0,0.0
2023-08-19,10.80682373046875,10.799180030822754,10.874900817871094,10.58120822906494,10.80682373046875,90720064.0,33701.37578808022,0,5.699396478657036,33695.67639160156,3118,-11.21228457875001,38000,RiskWatch,22.609930940819325,11.0743,12.1583,12.9584,13.8458,15.4001,134.53103637695312,-1.4593,AVAX-USD,0.5895,RiskWatch,0.6751,0.5533,29.24394077264989,119,401.0899963378906,0.0,0.0
2023-08-20,10.873089790344238,10.807327270507812,10.915823936462402,10.757769584655762,10.873089790344238,73344406.0,33907.993362771995,0,5.699396478657036,33902.293966293335,3118,-10.668554119034813,38000,RiskWatch,20.79184972237178,10.8877,12.0607,12.9243,13.7928,15.3963,134.53103637695312,-1.3347,AVAX-USD,0.5895,RiskWatch,0.6751,0.5533,29.24394077264989,119,401.0899963378906,0.0,0.0
2023-08-21,10.361355781555176,10.872468948364258,10.872468948364258,10.292451858520508,10.361355781555176,109507461.0,32312.406723367694,0,5.699396478657036,32306.707326889038,3118,-14.867466327993506,38000,RiskWatch,18.347452343819484,10.6863,11.9349,12.8859,13.7386,15.3908,134.53103637695312,-1.4458,AVAX-USD,0.5809,RiskWatch,0.6704,0.566,30.298177474946943,119,403.739990234375,0.0,0.0
2023-08-22,10.13079071044922,10.360843658447266,10.37095069885254,9.839279174804688,10.13079071044922,127247028.0,31593.504831659327,0,5.699396478657036,31587.80543518067,3118,-16.759313411436572,38000,RiskWatch,11.017108129628568,10.5943,11.8146,12.8333,13.6819,15.3843,134.53103637695312,-1.5474,AVAX-USD,0.5794,RiskWatch,0.6693,0.5854,29.84863205417587,119,402.6099853515625,0.0,0.0
2023-08-23,10.336661338806152,10.131617546081545,10.453981399536133,10.06972599029541,10.336661338806152,94660707.0,32235.40945087624,0,5.699396478657036,32229.710054397583,3118,-15.0700907292868,38000,RiskWatch,16.59890104527581,10.5017,11.7091,12.7885,13.621,15.3785,134.53103637695312,-1.387,AVAX-USD,0.5912,RiskWatch,0.6603,0.5989,31.575207955373255,119,406.9500122070313,0.0,0.0
2023-08-24,10.113130569458008,10.336615562438965,10.349539756774902,10.01364517211914,10.113130569458008,92595658.0,31538.440512048724,0,5.699396478657036,31532.74111557007,3118,-16.904219515675003,38000,RiskWatch,16.204662679967072,10.363,11.5949,12.7331,13.562,15.3722,134.53103637695312,-1.3097,AVAX-USD,0.5709,RiskWatch,0.6754,0.6236,29.42296736805581,119,401.5400085449219,0.0,0.0
2023-08-25,10.05303192138672,10.11365795135498,10.1181640625,9.914754867553713,10.05303192138672,120285068.0,31351.052927362452,0,5.699396478657036,31345.353530883796,3118,-17.39734473853362,38000,RiskWatch,16.108473537851737,10.199,11.4757,12.6814,13.4981,15.3674,134.53103637695312,-1.193,AVAX-USD,0.6023,RiskWatch,0.656,0.6347,30.48118621624283,119,404.2000122070313,0.0,0.0
2023-08-26,10.09171199798584,10.052557945251465,10.117067337036133,10.014416694641112,10.09171199798584,82673806.0,31471.657406198505,0,5.699396478657036,31465.95800971985,3118,-17.07996453107031,38000,RiskWatch,17.271491301342053,10.1451,11.3516,12.6295,13.4358,15.3636,134.53103637695312,-0.9958,AVAX-USD,0.6023,RiskWatch,0.656,0.6347,30.48118621624283,119,404.2000122070313,0.0,0.0
2023-08-27,10.19877815246582,10.091567039489746,10.265218734741213,10.074180603027344,10.19877815246582,100337789.0,31805.489675867084,0,5.699396478657036,31799.790279388428,3118,-16.201458558258267,38000,RiskWatch,20.369273664677635,10.1587,11.2392,12.5935,13.3751,15.3608,134.53103637695312,-0.713,AVAX-USD,0.6023,RiskWatch,0.656,0.6347,30.48118621624283,119,404.2000122070313,0.0,0.0
2023-08-28,10.367795944213867,10.198723793029783,10.419875144958496,9.977068901062012,10.367795944213867,115644221.0,32332.487150537494,0,5.699396478657036,32326.787754058838,3118,-14.81462309859929,38000,Neutral,22.358462615100436,10.1649,11.123,12.555,13.3184,15.3586,134.53103637695312,-0.3496,AVAX-USD,0.609,Neutral,0.6492,0.6404,31.539392923741087,119,406.8599853515625,0.0,0.0
2023-08-29,10.81059741973877,10.367865562438965,11.162195205688477,10.343709945678713,10.81059741973877,184923910.0,33713.14215122414,0,5.699396478657036,33707.44275474548,3118,-11.181320465213373,38000,Neutral,35.72733564808672,10.3044,11.0325,12.5183,13.2697,15.3584,134.53103637695312,0.2127,AVAX-USD,0.6278,Neutral,0.6436,0.6638,33.83883936141092,119,412.6400146484375,0.0,0.0
2023-08-30,10.411699295043944,10.811216354370115,10.817639350891112,10.354393005371094,10.411699295043944,120489599.0,32469.37779842567,0,5.699396478657036,32463.678401947014,3118,-14.454384551525147,38000,Neutral,36.12710321515947,10.3761,10.929,12.4753,13.216,15.3553,134.53103637695312,0.3676,AVAX-USD,0.6357,Neutral,0.6361,0.6923,34.523088575915,119,414.3599853515625,0.0,0.0
2023-08-31,9.987269401550291,10.412128448486328,10.52127170562744,9.952914237976074,9.987269401550291,141798755.0,31146.005390512462,0,5.699396478657036,31140.305994033806,3118,-17.936943519717794,38000,GeoWatch,40.25446954699856,10.3552,10.8063,12.4231,13.1557,15.3494,134.53103637695312,0.239,AVAX-USD,0.6342,GeoWatch,0.6324,0.7334,34.3122412354556,119,413.8299865722656,0.0,0.0
2023-09-01,9.92474365234375,9.987107276916504,10.054007530212402,9.78664493560791,9.92474365234375,113586569.0,31950.047705377583,0,2.297888483051679,31947.74981689453,3219,-17.97691635545584,39000,"cash_0%_Buy 100% of cash (101 shares - DCA Strategy) Monthly invest 2.6% of total investment ($1,000.00)",35.16795410187039,10.3004,10.683,12.3681,13.0975,15.3405,134.53103637695312,0.1533,AVAX-USD,0.6368,GeoWatch,0.6228,0.7818,33.96262474905183,121,414.7099914550781,0.0,0.0
2023-09-02,9.91187858581543,9.92515468597412,9.955727577209473,9.78929615020752,9.91187858581543,92831091.0,31908.63505622292,0,2.297888483051679,31906.337167739868,3219,-18.0831026353396,39000,GeoWatch,34.853770021886035,10.2092,10.5649,12.3159,13.0352,15.3329,134.53103637695312,0.1289,AVAX-USD,0.6368,GeoWatch,0.6228,0.7818,33.96262474905183,121,414.7099914550781,0.0,0.0
2023-09-03,9.884934425354004,9.912370681762695,9.987163543701172,9.846725463867188,9.884934425354004,84322184.0,31821.90180369759,0,2.297888483051679,31819.60391521454,3219,-18.30549559053275,39000,GeoWatch,33.05066890704393,10.0241,10.4415,12.2695,12.9789,15.325,134.53103637695312,0.1361,AVAX-USD,0.6368,GeoWatch,0.6228,0.7818,33.96262474905183,121,414.7099914550781,0.0,0.0
2023-09-04,9.801345825195312,9.884342193603516,10.028326034545898,9.722491264343262,9.801345825195312,92249995.0,31552.830099786763,0,2.297888483051679,31550.53221130371,3219,-18.99542303645795,39000,GeoWatch,38.740722134767005,9.902,10.3412,12.226,12.9235,15.3169,134.53103637695312,0.1274,AVAX-USD,0.6385,GeoWatch,0.633,0.8038,33.96262474905183,121,414.7099914550781,0.0,0.0
2023-09-05,9.91453742980957,9.801594734191896,9.945379257202148,9.68202304840088,9.91453742980957,88563053.0,31917.19387504006,0,2.297888483051679,31914.895986557007,3219,-18.061156946064884,39000,GeoWatch,45.43674862453258,9.8875,10.2685,12.1789,12.8776,15.3079,134.53103637695312,0.2317,AVAX-USD,0.6343,GeoWatch,0.6332,0.8105,33.24641066135021,121,412.8999938964844,0.0,0.0
2023-09-06,9.93882179260254,9.914605140686035,10.030047416687012,9.814656257629396,9.93882179260254,89681184.0,31995.365238870632,0,2.297888483051679,31993.06735038758,3219,-17.860717551627516,39000,GeoWatch,40.90828056627949,9.8903,10.2359,12.1169,12.8326,15.2984,134.53103637695312,0.3469,AVAX-USD,0.6353,GeoWatch,0.6393,0.8129,32.1186663107118,121,410.0499877929688,0.0,0.0
2023-09-07,10.070907592773438,9.939714431762695,10.122215270996094,9.857808113098145,10.070907592773438,85608647.0,32420.549429620747,0,2.297888483051679,32418.251541137695,3219,-16.770501677909266,39000,GeoWatch,48.99300191601207,9.9221,10.1995,12.058,12.7871,15.2873,134.53103637695312,0.5305,AVAX-USD,0.6389,GeoWatch,0.6391,0.8034,31.63591313950882,121,408.8299865722656,0.0,0.0
2023-09-08,9.921845436096191,10.072172164916992,10.128877639770508,9.879311561584473,9.921845436096191,80027273.0,31940.718347276692,0,2.297888483051679,31938.42045879364,3219,-18.00083778648377,39000,GeoWatch,46.99862672428573,9.9295,10.1552,12.0002,12.745,15.2624,134.53103637695312,0.5703,AVAX-USD,0.6446,GeoWatch,0.6315,0.7901,31.85751564706931,121,409.3900146484375,0.0,0.0
2023-09-09,9.84569263458252,9.921124458312988,9.921124458312988,9.844941139221191,9.84569263458252,52604053.0,31695.582479204182,0,2.297888483051679,31693.28459072113,3219,-18.629391294361994,39000,GeoWatch,44.466286326190726,9.9384,10.1039,11.9433,12.7004,15.239,134.53103637695312,0.5615,AVAX-USD,0.6446,GeoWatch,0.6315,0.7901,31.85751564706931,121,409.3900146484375,0.0,0.0
2023-09-10,9.474143028259276,9.845917701721191,9.850462913513184,9.38098430633545,9.474143028259276,106234454.0,30499.56429644966,0,2.297888483051679,30497.266407966606,3219,-21.696104583476163,39000,GeoWatch,35.433867860326444,9.8503,10.0595,11.8841,12.6549,15.2119,134.53103637695312,0.3329,AVAX-USD,0.6446,GeoWatch,0.6315,0.7901,31.85751564706931,121,409.3900146484375,0.0,0.0
2023-09-11,9.230627059936523,9.474239349365234,9.500617027282717,9.112984657287598,9.230627059936523,108922513.0,29715.68639441872,0,2.297888483051679,29713.38850593567,3219,-23.706047922017028,39000,GeoWatch,27.806102126981614,9.7086,10.0145,11.8031,12.6065,15.1797,134.53103637695312,0.0541,AVAX-USD,0.6376,GeoWatch,0.6299,0.7794,32.92193464488517,121,412.0799865722656,0.0,0.0
2023-09-12,9.216546058654783,9.2301025390625,9.54032039642334,9.215669631958008,9.216546058654783,123809301.0,29670.359651292798,0,2.297888483051679,29668.061762809746,3219,-23.822270340288632,39000,GeoWatch,12.636646345934082,9.5378,9.9585,11.7126,12.5576,15.1482,134.53103637695312,-0.0963,AVAX-USD,0.6428,GeoWatch,0.6367,0.7712,32.04744340244565,121,409.8699951171875,0.0,0.0
2023-09-13,9.299893379211426,9.216913223266602,9.400882720947266,9.12117862701416,9.299893379211426,106423750.0,29938.65467616463,0,2.297888483051679,29936.35678768158,3219,-23.1343343790788,39000,GeoWatch,19.4159556790774,9.4134,9.9178,11.6203,12.5109,15.1172,134.53103637695312,-0.0932,AVAX-USD,0.6553,GeoWatch,0.6266,0.7576,32.23738323359484,121,410.3500061035156,0.0,0.0
2023-09-14,9.395648002624512,9.299424171447754,9.452430725097656,9.27592945098877,9.395648002624512,97449125.0,30246.888808931355,0,2.297888483051679,30244.590920448303,3219,-22.34399044890771,39000,GeoWatch,30.132916921799946,9.3234,9.885,11.5388,12.4628,15.0849,134.53103637695312,0.0167,AVAX-USD,0.6484,GeoWatch,0.6092,0.7573,33.6421095860814,121,413.8999938964844,0.0,0.0
2023-09-15,9.429611206054688,9.396166801452637,9.501872062683104,9.213397979736328,9.429611206054688,90591604.0,30356.21636077309,0,2.297888483051679,30353.91847229004,3219,-22.063663392903266,39000,GeoWatch,33.04789443919849,9.3145,9.8519,11.4556,12.4189,15.0584,134.53103637695312,0.1488,AVAX-USD,0.6233,GeoWatch,0.622,0.7629,31.600301685375758,121,408.739990234375,0.0,0.0
2023-09-16,9.388934135437012,9.429638862609863,9.59164333343506,9.380908966064451,9.388934135437012,83336169.0,30225.276870454793,0,2.297888483051679,30222.97898197174,3219,-22.399405675770687,39000,GeoWatch,32.430283071524414,9.3461,9.8114,11.3822,12.3748,15.03,134.53103637695312,0.2387,AVAX-USD,0.6233,GeoWatch,0.622,0.7629,31.600301685375758,121,408.739990234375,0.0,0.0
2023-09-17,9.106959342956545,9.388917922973633,9.388917922973633,9.045863151550291,9.106959342956545,89319200.0,29317.60001346017,0,2.297888483051679,29315.30212497712,3219,-24.726782232167153,39000,GeoWatch,27.685802567744176,9.3242,9.7483,11.3005,12.3287,14.995,134.53103637695312,0.1359,AVAX-USD,0.6233,GeoWatch,0.622,0.7629,31.600301685375758,121,408.739990234375,0.0,0.0
2023-09-18,9.113308906555176,9.10700225830078,9.30951976776123,8.863510131835938,9.113308906555176,130967401.0,29338.039258684163,0,2.297888483051679,29335.74137020111,3219,-24.674373911080004,39000,GeoWatch,29.350507207841005,9.2869,9.6635,11.2215,12.2854,14.9625,134.53103637695312,0.1072,AVAX-USD,0.6089,GeoWatch,0.6253,0.773,31.778371031813958,121,409.1900024414063,0.0,0.0
2023-09-19,9.218695640563965,9.113629341125488,9.293954849243164,9.064876556396484,9.218695640563965,113669978.0,29677.279155458455,0,2.297888483051679,29674.981266975403,3219,-23.804528021915146,39000,GeoWatch,29.01796883132718,9.2515,9.6038,11.1421,12.2399,14.9286,134.53103637695312,0.1941,AVAX-USD,0.6058,GeoWatch,0.626,0.7765,31.45389501534888,121,408.3699951171875,0.0,0.0
2023-09-20,9.047985076904297,9.21867561340332,9.226012229919434,8.92591381072998,9.047985076904297,133008251.0,29127.761851037983,0,2.297888483051679,29125.46396255493,3219,-25.213546751198415,39000,GeoWatch,25.317766156239628,9.1752,9.5569,11.0678,12.1927,14.8913,134.53103637695312,0.1628,AVAX-USD,0.5993,GeoWatch,0.6413,0.7803,29.94232222469031,121,404.5499877929688,0.0,0.0
2023-09-21,8.826976776123047,9.047728538513184,9.098311424255373,8.793109893798828,8.826976776123047,124242248.0,28416.33613082314,0,2.297888483051679,28414.038242340088,3219,-27.037715264569805,39000,RiskWatch,17.153190559220434,9.0628,9.502,10.9889,12.1483,14.8571,134.53103637695312,0.0224,AVAX-USD,0.5793,RiskWatch,0.6701,0.7651,27.31884849737172,121,397.9200134277344,0.0,0.0
2023-09-22,8.86332893371582,8.826608657836914,8.914636611938477,8.788034439086914,8.86332893371582,96087293.0,28533.353726114277,0,2.297888483051679,28531.055837631226,3219,-26.737670148438674,39000,RiskWatch,20.280143456241504,9.0141,9.4495,10.9182,12.1047,14.8199,134.53103637695312,-0.0051,AVAX-USD,0.5859,RiskWatch,0.6669,0.7532,26.938968835073343,121,396.9599914550781,0.0,0.0
2023-09-23,8.90028190612793,8.863269805908203,8.973388671875,8.845314979553223,8.90028190612793,78036617.0,28652.305344308857,0,2.297888483051679,28650.007455825806,3219,-26.432665999221804,39000,RiskWatch,22.85835535051814,8.9715,9.4003,10.8441,12.0594,14.7815,134.53103637695312,0.0416,AVAX-USD,0.5859,RiskWatch,0.6669,0.7532,26.938968835073343,121,396.9599914550781,0.0,0.0
2023-09-24,8.787721633911133,8.900065422058105,9.030484199523926,8.779019355773926,8.787721633911133,87114579.0,28289.97382804299,0,2.297888483051679,28287.675939559937,3219,-27.36172116913429,39000,RiskWatch,26.851294981844873,8.8853,9.3496,10.7695,12.0113,14.7296,134.53103637695312,0.0293,AVAX-USD,0.5859,RiskWatch,0.6669,0.7532,26.938968835073343,121,396.9599914550781,0.0,0.0
2023-09-25,8.943991661071777,8.787215232849121,8.948413848876953,8.701299667358398,8.943991661071777,101722179.0,28793.007045473103,0,2.297888483051679,28790.70915699005,3219,-26.07189240649297,39000,RiskWatch,39.729190914800796,8.8645,9.3011,10.6996,11.9614,14.681,134.53103637695312,0.1677,AVAX-USD,0.5875,RiskWatch,0.6603,0.7347,27.59186964572522,121,398.6099853515625,0.0,0.0
2023-09-26,9.043546676635742,8.944087028503418,9.04696559906006,8.906658172607422,9.043546676635742,94338370.0,29113.474640573506,0,2.297888483051679,29111.176752090454,3219,-25.250180624184246,39000,RiskWatch,44.158830806602595,8.9078,9.2563,10.6297,11.9161,14.6308,134.53103637695312,0.3551,AVAX-USD,0.5667,RiskWatch,0.6873,0.7169,25.277040596666087,121,392.760009765625,0.0,0.0
2023-09-27,8.922224044799805,9.042774200439451,9.168944358825684,8.847347259521484,8.922224044799805,100920765.0,28722.937088693623,0,2.297888483051679,28720.63920021057,3219,-26.251558962337796,39000,RiskWatch,37.56716147071138,8.9196,9.1989,10.5576,11.87,14.5858,134.53103637695312,0.4087,AVAX-USD,0.5572,RiskWatch,0.6762,0.6944,25.312652050799134,121,392.8500061035156,0.0,0.0
2023-09-28,9.262673377990724,8.922110557556152,9.347945213317873,8.912899017333984,9.262673377990724,114343600.0,29818.843492235195,0,2.297888483051679,29816.545603752144,3219,-23.441542543000423,39000,RiskWatch,46.22987911516241,8.992,9.1659,10.4932,11.8295,14.5417,134.53103637695312,0.698,AVAX-USD,0.577,RiskWatch,0.6646,0.679,26.21603607717684,121,393.6400146484375,1.493,0.0
2023-09-29,9.175294876098633,9.263232231140137,9.34690761566162,9.08790683746338,9.175294876098633,112441016.0,29537.57209464455,0,2.297888483051679,29535.2742061615,3219,-24.162751254771308,39000,RiskWatch,43.00155153663012,9.0695,9.1324,10.4323,11.7884,14.4925,134.53103637695312,0.8194,AVAX-USD,0.5634,RiskWatch,0.6675,0.6542,25.844078121867728,121,392.7000122070313,0.0,0.0
2023-09-30,9.243800163269045,9.175643920898438,9.286137580871582,9.128680229187012,9.243800163269045,81409313.0,29758.09061404611,0,2.297888483051679,29755.792725563057,3219,-23.59731915374168,39000,RiskWatch,46.06635276893783,9.1295,9.1209,10.3718,11.7447,14.4428,134.53103637695312,0.9362,AVAX-USD,0.5581,RiskWatch,0.6675,0.6419,25.844078121867728,121,392.7000122070313,0.0,0.0
2023-10-01,9.739897727966309,9.242929458618164,9.805808067321776,9.225641250610352,9.739897727966309,119548757.0,32354.035205238346,0,7.8348506622357945,32346.20035457611,3321,-19.01502758691789,40000,"cash_0%_Buy 100% of cash (102 shares - DCA Strategy) Monthly invest 2.5% of total investment ($1,000.00)",65.37079788337823,9.2688,9.1464,10.3252,11.7044,14.3944,134.53103637695312,1.3383,AVAX-USD,0.5607,RiskWatch,0.6676,0.6289,25.244838900171022,125,392.7000122070313,0.0,0.0
2023-10-02,9.32707977294922,9.74034595489502,9.80803394317627,9.237228393554688,9.32707977294922,115234648.0,30983.066776626598,0,7.8348506622357945,30975.231925964363,3321,-22.442448658447255,40000,RiskWatch,54.33547700788167,9.3497,9.1519,10.2732,11.659,14.3456,134.53103637695312,1.2647,AVAX-USD,0.5583,RiskWatch,0.6662,0.5958,25.232967042832225,125,392.6700134277344,0.0,0.0
2023-10-03,9.403885841369627,9.326217651367188,9.455167770385742,9.246231079101562,9.403885841369627,90799146.0,31238.139729850765,0,7.8348506622357945,31230.30487918853,3321,-21.804766275386832,40000,RiskWatch,53.79988540817074,9.378,9.1571,10.2233,11.6215,14.301,134.53103637695312,1.2328,AVAX-USD,0.5206,RiskWatch,0.6922,0.5668,23.143435611025364,125,387.3900146484375,0.0,0.0
2023-10-04,10.09360408782959,9.40508270263672,10.198348999023438,9.184606552124023,10.09360408782959,200728654.0,33528.6940263443,0,7.8348506622357945,33520.85917568207,3321,-16.07838053415299,40000,RiskWatch,67.68761443839483,9.5617,9.192,10.1842,11.5837,14.2615,134.53103637695312,1.6442,AVAX-USD,0.531,RiskWatch,0.6784,0.5059,24.271298289715528,125,390.239990234375,0.0,0.0
2023-10-05,10.132204055786133,10.09507942199707,10.295655250549316,9.848623275756836,10.132204055786133,182074688.0,33656.88451992798,0,7.8348506622357945,33649.04966926575,3321,-15.757904300193792,40000,RiskWatch,73.5312949390428,9.7393,9.2271,10.1435,11.5512,14.2168,134.53103637695312,1.8579,AVAX-USD,0.5245,RiskWatch,0.6776,0.4448,24.140707858989142,125,389.9100036621094,0.0,0.0
2023-10-06,10.65694808959961,10.132023811340332,10.803820610046388,10.132023811340332,10.65694808959961,183799431.0,35399.55945622254,0,7.8348506622357945,35391.7246055603,3321,-11.401216959457406,40000,RiskWatch,77.49450181888778,9.9227,9.2905,10.1137,11.5239,14.1776,134.53103637695312,2.2544,AVAX-USD,0.5378,RiskWatch,0.6626,0.4,25.98091820951274,125,394.55999755859375,0.0,0.0
2023-10-07,10.363143920898438,10.655688285827637,11.635235786437988,10.280364990234377,10.363143920898438,302644508.0,34423.835811965946,0,7.8348506622357945,34416.00096130371,3321,-13.84052607009888,40000,RiskWatch,70.78738599558211,10.13,9.3533,10.0749,11.4955,14.1463,134.53103637695312,2.1939,AVAX-USD,0.5378,RiskWatch,0.6626,0.4,25.98091820951274,125,394.55999755859375,0.0,0.0
2023-10-08,10.096406936645508,10.36264991760254,10.522347450256348,10.003174781799316,10.096406936645508,123132510.0,33538.00228726197,0,7.8348506622357945,33530.16743659973,3321,-16.055109881858833,40000,RiskWatch,67.81587945210032,10.2685,9.4025,10.0328,11.4823,14.1142,134.53103637695312,1.8703,AVAX-USD,0.5378,RiskWatch,0.6626,0.4,25.98091820951274,125,394.55999755859375,0.0,0.0
2023-10-09,9.538162231445312,10.096516609191896,10.096516609191896,9.38250732421875,9.538162231445312,158064218.0,31684.071621292118,0,7.8348506622357945,31676.236770629883,3321,-20.689936546783457,40000,RiskWatch,57.290829231142624,10.1574,9.4185,9.9838,11.4654,14.0788,134.53103637695312,1.2079,AVAX-USD,0.5404,RiskWatch,0.6657,0.4123,27.021728652498144,125,397.1900024414063,0.0,0.0
2023-10-10,9.53337574005127,9.537803649902344,9.820892333984377,9.453706741333008,9.53337574005127,129362925.0,31668.1756833725,0,7.8348506622357945,31660.340832710266,3321,-20.729676391582494,40000,RiskWatch,56.15361298910107,10.0376,9.4427,9.9353,11.4488,14.0445,134.53103637695312,0.7256,AVAX-USD,0.543,RiskWatch,0.66,0.4239,27.833000417375107,125,399.239990234375,0.0,0.0
2023-10-11,9.30406093597412,9.533278465270996,9.561269760131836,9.242897987365724,9.30406093597412,114999357.0,30906.621219032284,0,7.8348506622357945,30898.78636837005,3321,-22.63356255243304,40000,Neutral,54.670211681425485,9.767,9.4666,9.8839,11.4281,14.0098,134.53103637695312,0.232,AVAX-USD,0.5585,Neutral,0.6494,0.4389,28.50180989418696,125,400.9299926757813,0.0,0.0
2023-10-12,9.117600440979004,9.303346633911133,9.307398796081545,8.908488273620605,9.117600440979004,118916952.0,30287.385915153507,0,7.8348506622357945,30279.551064491272,3321,-24.181650812129988,40000,Neutral,48.15617216881762,9.5179,9.4793,9.8312,11.4094,13.9722,134.53103637695312,-0.2172,AVAX-USD,0.528,Neutral,0.6458,0.4528,27.548063764075568,125,398.5199890136719,0.0,0.0
2023-10-13,9.156827926635742,9.117470741271973,9.308734893798828,9.035423278808594,9.156827926635742,97829536.0,30417.660395019535,0,7.8348506622357945,30409.8255443573,3321,-23.85596461246491,40000,RiskWatch,49.76238298306788,9.33,9.4921,9.778,11.3907,13.9274,134.53103637695312,-0.4655,AVAX-USD,0.5208,RiskWatch,0.6832,0.521,26.717009596023704,125,396.4200134277344,0.0,0.0
2023-10-14,9.150793075561523,9.156593322753906,9.24372673034668,9.143729209899902,9.150793075561523,53224237.0,30397.618654602054,0,7.8348506622357945,30389.78380393982,3321,-23.90606896350861,40000,RiskWatch,48.783710336360656,9.2525,9.5103,9.7337,11.3707,13.8879,134.53103637695312,-0.6035,AVAX-USD,0.5208,RiskWatch,0.6832,0.521,26.717009596023704,125,396.4200134277344,0.0,0.0
2023-10-15,9.17321491241455,9.150744438171388,9.254611015319824,9.093852996826172,9.17321491241455,75965196.0,30472.08157479096,0,7.8348506622357945,30464.246724128723,3321,-23.71991166303635,40000,RiskWatch,41.541335723318916,9.1805,9.5217,9.6971,11.3503,13.845,134.53103637695312,-0.644,AVAX-USD,0.5208,RiskWatch,0.6832,0.521,26.717009596023704,125,396.4200134277344,0.0,0.0
2023-10-16,9.422463417053224,9.173584938049316,9.730790138244627,9.173584938049316,9.422463417053224,132269069.0,31299.835858695995,0,7.8348506622357945,31292.00100803376,3321,-21.650525953273757,40000,RiskWatch,51.49684862159184,9.2042,9.5407,9.6776,11.3343,13.8027,134.53103637695312,-0.4657,AVAX-USD,0.5413,RiskWatch,0.6528,0.5503,28.359347606121798,125,400.5700073242188,0.0,0.0
2023-10-17,9.112850189208984,9.421533584594728,9.421533584594728,9.069448471069336,9.112850189208984,131082243.0,30271.610329025272,0,7.8348506622357945,30263.775478363037,3321,-24.221089777450565,40000,RiskWatch,45.743793296299785,9.2032,9.5502,9.6495,11.3148,13.7581,134.53103637695312,-0.5367,AVAX-USD,0.5236,RiskWatch,0.6585,0.5746,28.363296840455224,125,400.5799865722656,0.0,0.0
2023-10-18,8.915651321411133,9.112895965576172,9.19953155517578,8.86563491821289,8.915651321411133,114796730.0,29616.712889068607,0,7.8348506622357945,29608.878038406372,3321,-25.858333377342234,40000,RiskWatch,29.873938885957784,9.155,9.5329,9.618,11.2882,13.7086,134.53103637695312,-0.6849,AVAX-USD,0.4997,RiskWatch,0.6745,0.6283,26.24211114813475,125,395.2200012207031,0.0,0.0
2023-10-19,9.065718650817873,8.915417671203613,9.087485313415527,8.717546463012695,9.065718650817873,120961089.0,30115.086490028392,0,7.8348506622357945,30107.251639366157,3321,-24.612399374942775,40000,RiskWatch,32.447018072355405,9.138,9.5274,9.5879,11.2561,13.6591,134.53103637695312,-0.6351,AVAX-USD,0.4716,RiskWatch,0.6999,0.6887,24.91636405184983,125,391.8699951171875,0.0,0.0
2023-10-20,9.221672058105469,9.065312385559082,9.36983585357666,9.0383939743042,9.221672058105469,143258749.0,30633.007755630497,0,7.8348506622357945,30625.17290496826,3321,-23.31759621093751,40000,RiskWatch,23.113241254723533,9.1477,9.5263,9.5689,11.2274,13.6129,134.53103637695312,-0.4568,AVAX-USD,0.4755,RiskWatch,0.7052,0.7117,22.985128076949568,125,386.989990234375,0.0,0.0
2023-10-21,9.639253616333008,9.220746994018556,9.789894104003906,9.195015907287598,9.639253616333008,172829844.0,32019.796110504154,0,7.8348506622357945,32011.96125984192,3321,-19.85062532375337,40000,RiskWatch,37.04048203928351,9.191,9.5212,9.5607,11.197,13.5709,134.53103637695312,-0.0263,AVAX-USD,0.4755,RiskWatch,0.7052,0.7117,22.985128076949568,125,386.989990234375,0.0,0.0
2023-10-22,10.063459396362305,9.639972686767578,10.063459396362305,9.56742000579834,10.063459396362305,196664825.0,33428.58350598145,0,7.8348506622357945,33420.748655319214,3321,-16.32865683506013,40000,RiskWatch,49.44163512921199,9.3812,9.5581,9.5562,11.1723,13.5363,134.53103637695312,0.5403,AVAX-USD,0.4755,RiskWatch,0.7052,0.7117,22.985128076949568,125,386.989990234375,0.0,0.0
2023-10-23,10.565308570861816,10.061647415161133,10.627039909362791,9.90204620361328,10.565308570861816,314309003.0,35095.22461449433,0,7.8348506622357945,35087.38976383209,3321,-12.162054063777928,40000,RiskWatch,67.74635768638484,9.7111,9.6161,9.5637,11.1484,13.5055,134.53103637695312,1.2047,AVAX-USD,0.4662,RiskWatch,0.6904,0.7085,22.71602459249147,125,386.30999755859375,0.0,0.0
2023-10-24,10.314806938171388,10.566506385803224,10.779651641845703,10.142497062683104,10.314806938171388,319493521.0,34263.30869232942,0,7.8348506622357945,34255.47384166718,3321,-14.241843869190207,40000,RiskWatch,62.44444430944491,9.9609,9.6272,9.5681,11.1247,13.4717,134.53103637695312,1.3873,AVAX-USD,0.4763,RiskWatch,0.6726,0.6921,23.85973251719229,125,389.2000122070313,0.0,0.0
2023-10-25,10.510028839111328,10.316444396972656,10.61783218383789,10.205357551574709,10.510028839111328,233131161.0,34911.640625350956,0,7.8348506622357945,34903.80577468872,3321,-12.621014036636359,40000,RiskWatch,69.41610831204481,10.2186,9.6461,9.575,11.1023,13.4407,134.53103637695312,1.5525,AVAX-USD,0.4593,RiskWatch,0.6857,0.6835,21.68708600684486,125,383.7099914550781,0.0,0.0
2023-10-26,11.052852630615234,10.512310981750488,11.428677558898926,10.43045425415039,11.052852630615234,412832401.0,36714.35843693543,0,7.8348506622357945,36706.52358627319,3321,-8.11421950767518,40000,RiskWatch,77.95032501707246,10.5013,9.6659,9.5893,11.0914,13.4156,134.53103637695312,1.9136,AVAX-USD,0.4521,RiskWatch,0.6946,0.6558,19.823131941643712,125,379.0,0.0,0.0
2023-10-27,10.598812103271484,11.05329132080078,11.054443359375,10.438931465148926,10.598812103271484,221756572.0,35206.489845626835,0,7.8348506622357945,35198.6549949646,3321,-11.883890985946666,40000,RiskWatch,68.59778897340274,10.6084,9.6777,9.5931,11.0741,13.3857,134.53103637695312,1.7334,AVAX-USD,0.4492,RiskWatch,0.7022,0.6512,19.158283776334574,125,377.3200073242188,0.0,0.0
2023-10-28,10.973055839538574,10.59812068939209,11.045543670654297,10.57365608215332,10.973055839538574,182810994.0,36449.35329376984,0,7.8348506622357945,36441.518443107605,3321,-8.776732365589146,40000,RiskWatch,71.46378203508063,10.6899,9.7215,9.5958,11.0571,13.3588,134.53103637695312,1.7492,AVAX-USD,0.4492,RiskWatch,0.7022,0.6512,19.158283776334574,125,377.3200073242188,0.0,0.0
2023-10-29,11.361387252807615,10.973465919494627,11.424348831176758,10.817594528198242,11.361387252807615,168871436.0,37739.001917236325,0,7.8348506622357945,37731.16706657409,3321,-5.552610806922942,40000,RiskWatch,73.72835484964503,10.8992,9.8127,9.6116,11.0435,13.3367,134.53103637695312,1.8839,AVAX-USD,0.4492,RiskWatch,0.7022,0.6512,19.158283776334574,125,377.3200073242188,0.0,0.0
2023-10-30,11.45251178741455,11.36221694946289,11.67316722869873,11.089471817016602,11.45251178741455,191351191.0,38041.62649666596,0,7.8348506622357945,38033.79164600372,3321,-4.796049358348853,40000,RiskWatch,72.79540994813938,11.0877,9.9086,9.6361,11.0296,13.3173,134.53103637695312,1.8934,AVAX-USD,0.4652,RiskWatch,0.6822,0.6397,20.95495593183654,125,381.8599853515625,0.0,0.0
2023-10-31,11.32440185546875,11.454302787780762,11.738853454589844,11.140323638916016,11.32440185546875,272866211.0,37616.173412673954,0,7.8348506622357945,37608.33856201172,3321,-5.859682068328864,40000,RiskWatch,75.88878910870797,11.142,10.0096,9.6594,11.0138,13.2971,134.53103637695312,1.6894,AVAX-USD,0.478,RiskWatch,0.6613,0.6226,21.86913725559818,125,384.1700134277344,0.0,0.0
2023-11-01,12.209151268005373,11.32482624053955,12.294732093811035,10.93268585205078,12.209151268005373,350918838.0,41553.4250613041,0,5.683296281818798,41547.741765022285,3403,1.449701622679167,41000,"cash_0%_Buy 100% of cash (82 shares - DCA Strategy) Monthly invest 2.4% of total investment ($1,000.00)",83.20861098647748,11.4641,10.1642,9.6977,11.0068,13.2792,134.53103637695312,1.96,AVAX-USD,0.4966,Neutral,0.6461,0.5942,22.97525438686534,127,388.3999938964844,0.0,0.0
2023-11-02,11.889124870300291,12.211411476135254,12.508054733276367,11.543806076049805,11.889124870300291,309909401.0,40464.375229913705,0,5.683296281818798,40458.69193363189,3403,-1.206517478273006,41000,Neutral,77.52521524208898,11.6473,10.3008,9.7311,11.0003,13.2613,134.53103637695312,1.79,AVAX-USD,0.5122,Neutral,0.6321,0.5963,25.88064578283573,127,395.7799987792969,0.0,0.0
2023-11-03,12.111170768737791,11.88907527923584,12.174741744995115,11.510381698608398,12.111170768737791,201311407.0,41219.99742229652,0,5.683296281818798,41214.3141260147,3403,0.6364634787582535,41000,Neutral,77.81115475636017,11.7973,10.4488,9.7696,10.9978,13.2487,134.53103637695312,1.6703,AVAX-USD,0.5238,Neutral,0.6246,0.5773,27.321531435076718,127,399.4400024414063,0.0,0.0
2023-11-04,12.2177734375,12.111001968383787,12.3189115524292,11.969423294067385,12.2177734375,141347218.0,41582.766304094315,0,5.683296281818798,41577.0830078125,3403,1.5212656294845806,41000,Neutral,76.39828896670177,11.9503,10.6011,9.808,10.9935,13.2396,134.53103637695312,1.5168,AVAX-USD,0.5238,Neutral,0.6246,0.5773,27.321531435076718,127,399.4400024414063,0.0,0.0
2023-11-05,12.366694450378418,12.21810817718506,12.641987800598145,12.144248008728027,12.366694450378418,207720703.0,42089.54451091957,0,5.683296281818798,42083.861214637756,3403,2.757310036375449,41000,Neutral,74.98848929706386,12.1588,10.7483,9.8484,10.9827,13.2293,134.53103637695312,1.3703,AVAX-USD,0.5238,Neutral,0.6246,0.5773,27.321531435076718,127,399.4400024414063,0.0,0.0
2023-11-06,13.081212997436523,12.366372108459473,13.14193630218506,12.285107612609863,13.081212997436523,240896569.0,44521.051126558305,0,5.683296281818798,44515.36783027649,3403,8.687813976957726,41000,Neutral,76.09176535701306,12.3332,10.9467,9.8986,10.9783,13.2229,134.53103637695312,1.5397,AVAX-USD,0.5193,Neutral,0.6217,0.5706,27.624663952038045,127,400.2099914550781,0.0,0.0
2023-11-07,12.82353973388672,13.07946491241455,13.07946491241455,12.360173225402832,12.82353973388672,245856300.0,43644.18901069833,0,5.683296281818798,43638.50571441651,3403,6.549125889494367,41000,Neutral,75.97874689979949,12.5201,11.1421,9.947,10.9736,13.2086,134.53103637695312,1.357,AVAX-USD,0.5262,Neutral,0.6239,0.5395,28.069529032218956,127,401.3399963378906,0.0,0.0
2023-11-08,13.021961212158203,12.822821617126465,13.126977920532228,12.70619297027588,13.021961212158203,209458240.0,44319.41730125618,0,5.683296281818798,44313.734004974365,3403,8.196024159147663,41000,Neutral,75.99465412268515,12.7022,11.3399,9.9999,10.9716,13.1941,134.53103637695312,1.2122,AVAX-USD,0.5377,Neutral,0.6204,0.4952,28.1994515496943,127,401.6700134277344,0.0,0.0
2023-11-09,12.972375869750977,13.0195951461792,13.936269760131836,12.380666732788086,12.972375869750977,465665899.0,44150.67838104439,0,5.683296281818798,44144.99508476257,3403,7.784465817167696,41000,Neutral,72.12250853788498,12.8532,11.5274,10.0582,10.9712,13.1765,134.53103637695312,0.9648,AVAX-USD,0.5225,Neutral,0.6291,0.4588,27.006588872371108,127,398.6400146484375,0.0,0.0
2023-11-10,14.748550415039062,12.972206115722656,14.810250282287598,12.93430233001709,14.748550415039062,582521599.0,50195.000358659745,0,5.683296281818798,50189.31706237793,3403,22.526714543058787,41000,Neutral,86.6550450560644,13.3295,11.7829,10.1502,10.9766,13.173,134.53103637695312,1.601,AVAX-USD,0.5237,Neutral,0.6134,0.4329,29.45529312812769,127,404.8599853515625,0.0,0.0
2023-11-11,16.78807258605957,14.748071670532228,16.950515747070312,14.04843521118164,16.78807258605957,877647789.0,57135.49430664253,0,5.683296281818798,57129.81101036072,3403,39.45474856252902,41000,Neutral,89.68857663019669,14.0709,12.1191,10.2764,10.9945,13.1768,134.53103637695312,2.8015,AVAX-USD,0.5237,Neutral,0.6134,0.4329,29.45529312812769,127,404.8599853515625,0.0,0.0
2023-11-12,18.845966339111328,16.790000915527344,19.62836647033692,16.131711959838867,18.845966339111328,1187221783.0,64138.506748277665,0,5.683296281818798,64132.82345199585,3403,56.5352667128586,41000,Neutral,91.60240186728026,15.2754,12.5332,10.4355,11.0279,13.1818,134.53103637695312,4.1716,AVAX-USD,0.5237,Neutral,0.6134,0.4329,29.45529312812769,127,404.8599853515625,0.0,0.0
2023-11-13,16.219932556152344,18.85940170288086,19.55293846130371,16.219932556152344,16.219932556152344,809097302.0,55202.11378486824,0,5.683296281818798,55196.430488586426,3403,34.73918631429905,41000,Neutral,70.67348542513949,15.915,12.8284,10.5492,11.044,13.1786,134.53103637695312,3.4338,AVAX-USD,0.5104,Neutral,0.6179,0.4258,29.293893174385932,127,404.4500122070313,0.0,0.0
2023-11-14,17.090946197509766,16.218246459960938,18.028573989868164,15.765192985534668,17.090946197509766,862325581.0,58166.17320640755,0,5.683296281818798,58160.48991012573,3403,41.968599537565645,41000,Neutral,73.49245852397988,16.7387,13.1575,10.6769,11.0662,13.1767,134.53103637695312,3.0487,AVAX-USD,0.5345,Neutral,0.61,0.4421,32.35281516503146,127,412.2200012207031,0.0,0.0
2023-11-15,20.73465347290039,17.09183120727539,20.91600799560547,17.060670852661133,20.73465347290039,1452314993.0,70565.70906456184,0,5.683296281818798,70560.02576828003,3403,72.21136992330781,41000,Neutral,78.3575802604448,17.9359,13.6416,10.866,11.1241,13.1937,134.53103637695312,4.0018,AVAX-USD,0.5386,Neutral,0.6052,0.4531,32.707128551647415,127,413.1199951171875,0.0,0.0
2023-11-16,21.76090240478516,20.734901428222656,23.951913833618164,20.31156539916992,21.76090240478516,1969218240.0,74058.03417976572,0,5.683296281818798,74052.3508834839,3403,80.72923605795141,41000,Neutral,81.36214981770746,18.9305,14.1997,11.0769,11.1887,13.2115,134.53103637695312,4.5208,AVAX-USD,0.5458,Neutral,0.6148,0.4397,32.93547212175436,127,413.7000122070313,0.0,0.0
2023-11-17,21.940824508666992,21.766765594482425,24.544189453125,20.17572593688965,21.940824508666992,1766426717.0,74670.30909927559,0,5.683296281818798,74664.62580299377,3403,82.22258952017062,41000,Neutral,81.31213165755082,19.5495,14.7481,11.2907,11.2561,13.233,134.53103637695312,4.411,AVAX-USD,0.5514,Neutral,0.6048,0.4501,33.17561372331683,127,414.30999755859375,0.0,0.0
2023-11-18,21.99535179138184,21.94016456604004,22.676776885986328,20.30858039855957,21.99535179138184,796404080.0,74855.86544235422,0,5.683296281818798,74850.1821460724,3403,82.67516596670386,41000,Neutral,81.24992456151496,20.7045,15.2798,11.5036,11.3228,13.2515,134.53103637695312,3.8952,AVAX-USD,0.5514,Neutral,0.6048,0.4501,33.17561372331683,127,414.30999755859375,0.0,0.0
2023-11-19,22.85964584350586,21.996801376342773,22.99551582336425,20.848360061645508,22.85964584350586,702412366.0,77797.05810173225,0,5.683296281818798,77791.37480545044,3403,89.84880659933322,41000,Neutral,82.06983157552455,21.8583,15.8501,11.7338,11.4008,13.276,134.53103637695312,3.4424,AVAX-USD,0.5514,Neutral,0.6048,0.4501,33.17561372331683,127,414.30999755859375,0.0,0.0
2023-11-20,20.86159896850586,22.86299133300781,23.178611755371094,20.78875541687012,20.86159896850586,724407341.0,70997.70458610725,0,5.683296281818798,70992.02128982544,3403,73.26501753683321,41000,Neutral,72.04941769485063,21.8837,16.327,11.9344,11.4616,13.2926,134.53103637695312,2.1102,AVAX-USD,0.5569,Neutral,0.5957,0.4639,34.40390653787277,127,417.4299926757813,0.0,0.0
2023-11-21,19.04480743408203,20.861114501953125,22.17806053161621,19.028366088867188,19.04480743408203,1103057165.0,64815.16299446297,0,5.683296281818798,64809.47969818115,3403,58.18564780111544,41000,Neutral,66.19937632816334,21.3404,16.6688,12.1041,11.5112,13.3005,134.53103637695312,0.4099,AVAX-USD,0.5601,Neutral,0.596,0.4833,33.9747921901137,127,416.3399963378906,0.0,0.0
2023-11-22,20.7967586517334,19.0477294921875,21.209226608276367,19.02922248840332,20.7967586517334,665175025.0,70777.05298813057,0,5.683296281818798,70771.36969184875,3403,72.72684290762179,41000,Neutral,68.72929545575889,21.1116,17.1141,12.3024,11.5733,13.3184,134.53103637695312,-0.2452,AVAX-USD,0.561,Neutral,0.586,0.4973,34.68343097763426,127,418.1400146484375,0.0,0.0
2023-11-23,20.67244911193848,20.79519271850586,21.44792938232422,20.498592376708984,20.67244911193848,403440858.0,70354.02762420847,0,5.683296281818798,70348.34432792665,3403,71.69507372732397,41000,Neutral,68.48274558681928,20.8471,17.5422,12.5004,11.635,13.3349,134.53103637695312,-0.8406,AVAX-USD,0.5582,Neutral,0.5846,0.5208,34.68343097763426,127,418.1400146484375,0.0,0.0
2023-11-24,20.88572883605957,20.67042350769043,21.82635498046875,20.4909610748291,20.88572883605957,488485749.0,71079.81852539253,0,5.683296281818798,71074.13522911072,3403,73.46529543752902,41000,Neutral,65.9262101453601,20.4523,17.9756,12.6995,11.6995,13.3498,134.53103637695312,-1.2525,AVAX-USD,0.561,Neutral,0.5745,0.5204,34.77397065691056,127,418.3699951171875,0.0,0.0
2023-11-25,21.32732391357422,20.886669158935547,21.45502281188965,20.693910598754883,21.32732391357422,301827799.0,72582.56657417488,0,5.683296281818798,72576.88327789307,3403,77.1305345809006,41000,Neutral,62.84479424419367,20.5454,18.4236,12.9042,11.7669,13.3668,134.53103637695312,-1.4532,AVAX-USD,0.561,Neutral,0.5745,0.5204,34.77397065691056,127,418.3699951171875,0.0,0.0
2023-11-26,21.11045837402344,21.324506759643555,21.46728706359864,20.349992752075195,21.11045837402344,375491357.0,71844.57314308359,0,5.683296281818798,71838.88984680177,3403,75.33055060262915,41000,Neutral,57.153171964219155,20.9585,18.8251,13.1073,11.8325,13.381,134.53103637695312,-1.718,AVAX-USD,0.561,Neutral,0.5745,0.5204,34.77397065691056,127,418.3699951171875,0.0,0.0
2023-11-27,20.358753204345703,21.10552978515625,21.266525268554688,19.90341186523437,20.358753204345703,385908219.0,69286.52045067024,0,5.683296281818798,69280.83715438843,3403,69.09139769430392,41000,Neutral,64.82995605552176,20.8709,19.2019,13.2923,11.8927,13.3922,134.53103637695312,-2.1677,AVAX-USD,0.5731,Neutral,0.5817,0.5122,34.4865888723711,127,417.6400146484375,0.0,0.0
2023-11-28,20.653627395629883,20.35867118835449,20.840356826782227,19.595123291015625,20.653627395629883,409866598.0,70289.9773236103,0,5.683296281818798,70284.29402732849,3403,71.5388534819626,41000,Neutral,63.315329783188936,20.8672,19.5834,13.4836,11.9579,13.4063,134.53103637695312,-2.3702,AVAX-USD,0.5809,Neutral,0.5831,0.5247,34.64798882611291,127,418.0499877929688,0.0,0.0
2023-11-29,21.086414337158203,20.656726837158203,21.53805160522461,20.582813262939453,21.086414337158203,490900529.0,71762.75128563118,0,5.683296281818798,71757.06798934937,3403,75.13098509664766,41000,Neutral,51.72988102518694,20.9073,19.9891,13.681,12.0264,13.4229,134.53103637695312,-2.3607,AVAX-USD,0.5864,Neutral,0.5831,0.5514,34.54169841441468,127,417.7799987792969,0.0,0.0
2023-11-30,21.38686180114746,21.0885066986084,21.480314254760746,20.869585037231445,21.38686180114746,389076494.0,72785.17400558662,0,5.683296281818798,72779.49070930481,3403,77.62469904775851,41000,Neutral,48.019145816039575,20.9192,20.3211,13.8751,12.1001,13.4385,134.53103637695312,-2.2578,AVAX-USD,0.583,Neutral,0.581,0.5573,35.179464913181135,127,419.3999938964844,0.0,0.0
2023-12-01,21.861373901367188,21.387300491333008,22.568714141845703,21.153488159179688,21.861373901367188,564612277.0,75398.9549208088,0,20.937708894733873,75378.01721191406,3448,79.6212056400072,42000,"cash_0%_Buy 100% of cash (45 shares - DCA Strategy) Monthly invest 2.4% of total investment ($1,000.00)",49.59197454932068,21.0694,20.5747,14.084,12.1786,13.4547,134.53103637695312,-2.045,AVAX-USD,0.5857,Neutral,0.5807,0.5541,35.4541558381644,130,421.8599853515625,0.0,0.0
2023-12-02,22.24107360839844,21.861385345458984,22.363954544067383,21.78599739074707,22.24107360839844,330816327.0,76708.15951065256,0,20.937708894733873,76687.22180175783,3448,82.7383594253495,42000,Neutral,51.22114069435795,21.4459,20.7445,14.2979,12.2606,13.4723,134.53103637695312,-1.8028,AVAX-USD,0.5857,Neutral,0.5807,0.5541,35.4541558381644,130,421.8599853515625,0.0,0.0
2023-12-03,21.968658447265625,22.241090774536133,22.697900772094727,21.649450302124023,21.968658447265625,363213096.0,75768.87203506661,0,20.937708894733873,75747.93432617188,3448,80.50196067395437,42000,Neutral,45.29537951468689,21.7089,21.0319,14.4958,12.34,13.4904,134.53103637695312,-1.7495,AVAX-USD,0.5857,Neutral,0.5807,0.5541,35.4541558381644,130,421.8599853515625,0.0,0.0
2023-12-04,22.632719039916992,21.967601776123047,23.17319297790528,21.309476852416992,22.632719039916992,692986140.0,78058.55295852853,0,20.937708894733873,78037.61524963379,3448,85.95358192029225,42000,Neutral,60.885409181248306,22.0181,21.309,14.7042,12.4239,13.512,134.53103637695312,-1.5286,AVAX-USD,0.585,Neutral,0.5815,0.5349,34.6216160890189,130,419.739990234375,0.0,0.0
2023-12-05,24.48477363586425,22.63799095153809,24.674280166625977,21.865402221679688,24.48477363586425,815582253.0,84444.43720535467,0,20.937708894733873,84423.49949645993,3448,101.15806822225926,42000,Neutral,83.29005713485341,22.6377,21.4965,14.9347,12.5242,13.5408,134.53103637695312,-0.8692,AVAX-USD,0.5904,Neutral,0.5817,0.5022,34.570562088164394,130,419.6099853515625,0.0,0.0
2023-12-06,26.217491149902344,24.4827938079834,27.555566787719727,24.4827938079834,26.217491149902344,1460209508.0,90418.84719375802,0,20.937708894733873,90397.90948486328,3448,115.38285390893392,42000,Neutral,83.25062867938604,23.5089,21.7193,15.1989,12.6369,13.5753,134.53103637695312,-0.0364,AVAX-USD,0.5904,Neutral,0.5838,0.4479,33.883322504831085,130,417.8599853515625,0.0,0.0
2023-12-07,26.30372428894043,26.225248336791992,27.769908905029297,25.82659339904785,26.30372428894043,1020594712.0,90716.17905716134,0,20.937708894733873,90695.2413482666,3448,116.09078691703706,42000,Neutral,84.70420186953498,24.3215,21.9375,15.469,12.7509,13.6092,134.53103637695312,0.3738,AVAX-USD,0.5945,Neutral,0.5826,0.4111,35.16748642491571,130,421.1300048828125,0.0,0.0
2023-12-08,30.636808395385746,26.303241729736328,30.7028865814209,26.108566284179688,30.636808395385746,1198193714.0,105656.65305618479,0,20.937708894733873,105635.71534729005,3448,151.66334405756908,42000,Neutral,89.8554674551526,26.0551,22.3696,15.8207,12.9022,13.6598,134.53103637695312,1.634,AVAX-USD,0.6011,Neutral,0.5673,0.3915,35.8704376972444,130,422.9200134277344,0.0,0.0
2023-12-09,31.81772422790528,30.62762451171875,34.11872863769531,30.50362014770508,31.81772422790528,1781367115.0,109728.45084671215,0,20.937708894733873,109707.51313781741,3448,161.35810070168185,42000,Neutral,90.43362412753284,27.8921,22.8175,16.1921,13.0637,13.7139,134.53103637695312,2.4296,AVAX-USD,0.6011,Neutral,0.5673,0.3915,35.8704376972444,130,422.9200134277344,0.0,0.0
2023-12-10,37.07502746582031,31.82539176940918,37.74287033081055,31.649328231811523,37.07502746582031,1655716991.0,127855.63241104317,0,20.937708894733873,127834.69470214844,3448,204.51805680723191,42000,Neutral,94.31448871758487,30.4102,23.6281,16.6549,13.2694,13.7881,134.53103637695312,3.8339,AVAX-USD,0.6011,Neutral,0.5673,0.3915,35.8704376972444,130,422.9200134277344,0.0,0.0
2023-12-11,38.1399040222168,37.08013916015625,39.29687881469727,33.7169075012207,38.1399040222168,3273088459.0,131527.32677749824,0,20.937708894733873,131506.38906860352,3448,213.26018625117254,42000,Neutral,98.51350299310205,32.7946,24.5829,17.1386,13.4849,13.8674,134.53103637695312,4.4319,AVAX-USD,0.5927,Neutral,0.5728,0.3741,36.51447313196729,130,424.55999755859375,0.0,0.0
2023-12-12,37.430912017822266,38.13610458374024,42.75495529174805,36.08676528930664,37.430912017822266,2639559669.0,129082.72234634591,0,20.937708894733873,129061.78463745117,3448,207.43969951033364,42000,Neutral,94.76306305545255,35.0201,25.4146,17.6099,13.6939,13.9392,134.53103637695312,4.1394,AVAX-USD,0.6025,Neutral,0.5643,0.3422,37.3430939472444,130,426.6700134277344,0.0,0.0
2023-12-13,39.05376815795898,37.43292617797852,41.2797737121582,34.27824401855469,39.05376815795898,2490212384.0,134678.33031753727,0,20.937708894733873,134657.39260864255,3448,220.76257563221785,42000,Neutral,95.07577077097577,36.7035,26.3337,18.1082,13.921,14.0165,134.53103637695312,3.8284,AVAX-USD,0.6077,Neutral,0.5683,0.3355,39.62472840515049,130,432.4800109863281,0.0,0.0
2023-12-14,39.30565643310547,39.04536056518555,40.28084182739258,37.60223388671875,39.30565643310547,1571510677.0,135546.84109024238,0,20.937708894733873,135525.90338134766,3448,222.83045842437286,42000,Neutral,95.06374374753504,38.2011,27.2547,18.6104,14.1538,14.0918,134.53103637695312,3.2392,AVAX-USD,0.6168,Neutral,0.5604,0.3684,40.12346367406121,130,433.75,0.0,0.0
2023-12-15,39.812110900878906,39.30233383178711,42.02362823486328,38.64199066162109,39.812110900878906,1987675065.0,137293.0960951252,0,20.937708894733873,137272.15838623047,3448,226.98820843599862,42000,Neutral,95.07166175818709,38.7485,28.1789,19.1169,14.3973,14.1785,134.53103637695312,2.5699,AVAX-USD,0.6195,Neutral,0.5596,0.3867,39.86427473592033,130,433.0899963378906,0.0,0.0
2023-12-16,42.08190536499024,39.80160140991211,45.20425033569336,38.727012634277344,42.08190536499024,2062984465.0,145119.34740738108,0,20.937708894733873,145098.40969848636,3448,245.62214013184595,42000,Neutral,95.49888508746528,39.5369,29.2275,19.6664,14.658,14.2775,134.53103637695312,2.2063,AVAX-USD,0.6195,Neutral,0.5596,0.3867,39.86427473592033,130,433.0899963378906,0.0,0.0
2023-12-17,40.66232299804688,42.08854675292969,43.86850357055664,40.440128326416016,40.66232299804688,1267591263.0,140224.62740616038,0,20.937708894733873,140203.68969726565,3448,233.96804489084428,42000,Neutral,90.7254948043836,40.1832,30.2426,20.1955,14.9068,14.3763,134.53103637695312,1.3827,AVAX-USD,0.6195,Neutral,0.5596,0.3867,39.86427473592033,130,433.0899963378906,0.0,0.0
2023-12-18,41.06120300292969,40.65172958374024,41.28627395629883,36.73610305786133,41.06120300292969,1569013140.0,141599.96566299628,0,20.937708894733873,141579.02795410156,3448,237.24265978807267,42000,Neutral,90.61708174970079,40.5846,31.263,20.7288,15.1583,14.4756,134.53103637695312,0.6628,AVAX-USD,0.6146,Neutral,0.5624,0.4151,40.8264149463899,130,435.5400085449219,0.0,0.0
2023-12-19,39.82133483886719,41.05990982055664,41.94941329956055,38.85555648803711,39.82133483886719,1162110260.0,137324.90023330878,0,20.937708894733873,137303.96252441406,3448,227.06393257453098,42000,Neutral,84.73984309646299,40.6878,32.1998,21.2388,15.4038,14.5712,134.53103637695312,-0.2263,AVAX-USD,0.6254,Neutral,0.5606,0.4649,41.86708963282186,130,438.1900024414063,0.0,0.0
2023-12-20,43.42633819580078,39.81120300292969,44.43490982055664,39.24809646606445,43.42633819580078,1501900736.0,149754.95180801582,0,20.937708894733873,149734.0140991211,3448,256.65929346669054,42000,Neutral,85.93301504007341,41.4106,33.3017,21.8019,15.6813,14.6816,134.53103637695312,-0.3495,AVAX-USD,0.603,Neutral,0.5762,0.5059,39.393417444253686,130,430.0899963378906,1.801,0.0
2023-12-21,45.96164321899414,43.42608642578125,46.81657028198242,43.15488815307617,45.96164321899414,1804875169.0,158496.68352798652,0,20.937708894733873,158475.7458190918,3448,277.47294041900176,42000,Neutral,87.23823622523834,42.1866,34.5068,22.4002,15.9782,14.7996,134.53103637695312,-0.2036,AVAX-USD,0.6063,Neutral,0.5735,0.52,41.038866319680935,130,434.2799987792969,0.0,0.0
2023-12-22,45.44339370727539,45.96060180664063,48.71824264526367,43.86941146850586,45.44339370727539,1716677537.0,156709.75921158027,0,20.937708894733873,156688.82150268555,3448,273.2183587132726,42000,Neutral,82.78699152681607,43.1428,35.6669,22.9815,16.2726,14.9173,134.53103637695312,-0.399,AVAX-USD,0.608,Neutral,0.5631,0.5289,41.435505571389925,130,435.2900085449219,0.0,0.0
2023-12-23,48.06705856323242,45.44181442260742,48.17335510253906,43.66390609741211,48.06705856323242,1256731782.0,165756.1556349201,0,20.937708894733873,165735.2179260254,3448,294.75739781646274,42000,Neutral,83.82076508736962,44.544,36.9718,23.6107,16.5894,15.0437,134.53103637695312,-0.2967,AVAX-USD,0.608,Neutral,0.5631,0.5289,41.435505571389925,130,435.2900085449219,0.0,0.0
2023-12-24,47.711238861083984,48.0566291809082,49.65569305419922,46.60761642456055,47.711238861083984,1711488144.0,164529.2893019123,0,20.937708894733873,164508.35159301758,3448,291.8362874997774,42000,Neutral,77.81256402721426,46.1219,38.2257,24.2307,16.9029,15.1693,134.53103637695312,-0.4799,AVAX-USD,0.608,Neutral,0.5631,0.5289,41.435505571389925,130,435.2900085449219,0.0,0.0
2023-12-25,48.3452033996582,47.71583938598633,48.81945037841797,46.11513137817383,48.3452033996582,1173301947.0,166715.1990309162,0,20.937708894733873,166694.26132202148,3448,297.0408344735963,42000,Neutral,77.3010248275558,47.1057,39.4187,24.8523,17.2208,15.2979,134.53103637695312,-0.6696,AVAX-USD,0.6022,Neutral,0.5626,0.5314,41.435505571389925,130,435.2900085449219,0.0,0.0
2023-12-26,44.426029205322266,48.32989501953125,48.32989501953125,42.7763671875,44.426029205322266,1272282582.0,153201.8864088459,0,20.937708894733873,153180.94869995117,3448,264.86628061152413,42000,Neutral,65.97021887496547,46.7986,40.3292,25.4161,17.5046,15.4115,134.53103637695312,-1.5043,AVAX-USD,0.6035,Neutral,0.5609,0.5442,42.14630669596268,130,437.1000061035156,0.0,0.0
2023-12-27,42.41041564941406,44.426544189453125,44.86298370361328,42.04249572753906,42.41041564941406,1041221252.0,146252.0508680744,0,20.937708894733873,146231.1131591797,3448,248.31905313349677,42000,Neutral,57.5283900106861,46.192,41.1345,25.94,17.7679,15.5188,134.53103637695312,-2.3968,AVAX-USD,0.6127,Neutral,0.555,0.5398,42.46046856882643,130,437.8999938964844,0.0,0.0
2023-12-28,39.90686798095703,42.41714859008789,43.31593322753906,39.35506439208984,39.90686798095703,1132807530.0,137619.81850723457,0,20.937708894733873,137598.88079833984,3448,227.76611894102095,42000,Neutral,51.22471676812287,44.56,41.598,26.4158,18.0137,15.6149,134.53103637695312,-3.3444,AVAX-USD,0.6089,Neutral,0.5519,0.5189,42.48796102844152,130,437.9700012207031,0.0,0.0
2023-12-29,40.21108627319336,39.90666198730469,42.10284805297852,38.81035232543945,40.21108627319336,1101215880.0,138668.76317886543,0,20.937708894733873,138647.8254699707,3448,230.26360625442774,42000,Neutral,50.819497440094,43.0599,42.0177,26.8951,18.2656,15.7107,134.53103637695312,-3.8539,AVAX-USD,0.6055,Neutral,0.5505,0.5007,42.028487005258356,130,436.7999877929688,0.0,0.0
2023-12-30,39.39484786987305,40.20987701416016,40.32802200317383,38.29671859741211,39.39484786987305,594951004.0,135854.373164217,0,20.937708894733873,135833.43545532227,3448,223.56267764812193,42000,Neutral,44.13027594859411,41.2698,42.1337,27.3629,18.5112,15.8043,134.53103637695312,-4.2236,AVAX-USD,0.6055,Neutral,0.5505,0.5007,42.028487005258356,130,436.7999877929688,0.0,0.0
2023-12-31,38.5449104309082,39.39030075073242,40.463134765625,38.2690544128418,38.5449104309082,578258573.0,132923.7888746662,0,20.937708894733873,132902.85116577148,3448,216.58509600633437,42000,Neutral,45.25658276930511,40.0936,42.1539,27.8019,18.7498,15.8925,134.53103637695312,-4.4844,AVAX-USD,0.6113,Neutral,0.5525,0.4851,42.028487005258356,130,436.7999877929688,0.0,0.0
2024-01-01,41.86446380615234,38.55867004394531,41.980567932128906,38.1713981628418,41.86446380615234,671490413.0,145368.60416537663,0,15.185830415730265,145353.4183349609,3472,238.16640571481562,43000,"cash_0%_Buy 100% of cash (24 shares - DCA Strategy) Monthly invest 2.3% of total investment ($1,000.00)",51.59123568212827,39.9844,42.3756,28.3014,19.0163,15.9976,134.53103637695312,-4.0098,AVAX-USD,0.6146,Neutral,0.5522,0.4628,41.28074952367983,134,436.7999877929688,0.0,0.0
2024-01-02,40.64521026611328,41.86973571777344,43.39170455932617,40.46870040893555,40.64521026611328,869881311.0,141135.35587436103,0,15.185830415730265,141120.1700439453,3472,228.32164224733748,43000,Neutral,51.633406704308115,40.1321,42.4552,28.777,19.2733,16.0984,134.53103637695312,-3.7928,AVAX-USD,0.5936,Neutral,0.5676,0.4409,40.18489217479531,134,434.010009765625,0.0,0.0
2024-01-03,36.7952766418457,40.64593124389648,41.40471649169922,34.124481201171875,36.7952766418457,1364836993.0,127768.38633090402,0,15.185830415730265,127753.20050048828,3472,197.2356665648793,43000,Neutral,36.97977891526133,39.4489,42.3296,29.1866,19.4973,16.1875,134.53103637695312,-4.151,AVAX-USD,0.5791,Neutral,0.5881,0.4416,38.92012880872531,134,430.7900085449219,0.0,0.0
2024-01-04,38.73783493041992,36.79512786865234,39.35528945922852,36.30217742919922,38.73783493041992,837720647.0,134512.9487088337,0,15.185830415730265,134497.76287841797,3472,212.92069535076226,43000,Neutral,35.477871537524535,39.3175,42.2759,29.6262,19.7373,16.285,134.53103637695312,-3.9378,AVAX-USD,0.5732,Neutral,0.5853,0.4421,38.38593700857835,134,429.4299926757813,0.0,0.0
2024-01-05,36.43484878540039,38.73728561401367,38.90220260620117,35.238311767578125,36.43484878540039,806375166.0,126516.98081332589,0,15.185830415730265,126501.79498291016,3472,194.32542117516275,43000,Neutral,33.10251305412035,38.8955,41.9936,30.0154,19.957,16.372,134.53103637695312,-4.041,AVAX-USD,0.5768,Neutral,0.5718,0.4559,38.601975128494175,134,429.9800109863281,0.0,0.0
2024-01-06,34.62417984008789,36.43449783325195,36.46504974365234,33.64159393310547,34.62417984008789,588059111.0,120230.33823520089,0,15.185830415730265,120215.15240478516,3472,179.7053221562674,43000,Neutral,23.991728059208427,37.4475,41.6917,30.3787,20.1628,16.4539,134.53103637695312,-4.2598,AVAX-USD,0.5768,Neutral,0.5718,0.4559,38.601975128494175,134,429.9800109863281,0.0,0.0
2024-01-07,33.62965393066406,34.62958526611328,35.7130126953125,33.283348083496094,33.62965393066406,626766433.0,116777.34427768136,0,15.185830415730265,116762.15844726562,3472,171.675103650408,43000,Neutral,23.413087284430745,36.0444,41.3201,30.7222,20.361,16.5307,134.53103637695312,-4.4061,AVAX-USD,0.5768,Neutral,0.5718,0.4559,38.601975128494175,134,429.9800109863281,0.0,0.0
2024-01-08,36.08260726928711,33.63080978393555,36.36847686767578,31.480796813964844,36.08260726928711,1051954159.0,125293.99826938058,0,15.185830415730265,125278.81243896484,3472,191.48127572412716,43000,Neutral,28.33552590787413,35.9018,41.1332,31.1074,20.5828,16.6188,134.53103637695312,-3.91,AVAX-USD,0.583,Neutral,0.5668,0.4482,41.01759128783493,134,436.1300048828125,0.0,0.0
2024-01-09,34.695011138916016,36.08619689941406,37.54158020019531,33.865211486816406,34.695011138916016,964444462.0,120476.26450473214,0,15.185830415730265,120461.0786743164,3472,180.2772437133168,43000,Neutral,31.119179458271674,35.0933,40.6966,31.4398,20.795,16.7008,134.53103637695312,-3.6695,AVAX-USD,0.5839,Neutral,0.5601,0.4564,40.60124173131514,134,435.0700073242188,0.0,0.0
2024-01-10,38.472389221191406,34.68918991088867,39.45473861694336,33.536705017089844,38.472389221191406,1016992295.0,133591.32120639228,0,15.185830415730265,133576.13537597656,3472,210.77737557764272,43000,Neutral,42.84810489640134,35.5008,40.3221,31.8012,21.0388,16.7982,134.53103637695312,-2.7132,AVAX-USD,0.5935,Neutral,0.5546,0.4412,41.72852847322075,134,437.9400024414063,0.0,0.0
2024-01-11,39.445777893066406,38.478946685791016,41.62960433959961,37.64054870605469,39.445777893066406,1199348855.0,136970.92667514228,0,15.185830415730265,136955.74084472656,3472,218.6369231793869,43000,Neutral,49.11332888110074,36.4651,40.0222,32.1445,21.29,16.9004,134.53103637695312,-1.8301,AVAX-USD,0.5899,Neutral,0.5544,0.4333,41.669613344807786,134,437.7900085449219,0.0,0.0
2024-01-12,35.87169647216797,39.40984344482422,39.51717758178711,35.04478073120117,35.87169647216797,838949726.0,124561.71598178292,0,15.185830415730265,124546.53015136719,3472,189.77829365994654,43000,Neutral,42.58757490814495,36.9135,39.4125,32.4721,21.5106,16.9867,134.53103637695312,-1.8044,AVAX-USD,0.5771,Neutral,0.555,0.4369,41.74816285375793,134,437.989990234375,0.0,0.0
2024-01-13,36.45083999633789,35.86818313598633,36.59554672241211,34.86716842651367,36.45083999633789,508938996.0,126572.50229770089,0,15.185830415730265,126557.31646728516,3472,194.45454090626743,43000,Neutral,44.930061155594515,36.9871,38.8495,32.7947,21.7358,17.0773,134.53103637695312,-1.6109,AVAX-USD,0.5771,Neutral,0.555,0.4369,41.74816285375793,134,437.989990234375,0.0,0.0
2024-01-14,35.33799743652344,36.45019912719727,37.78963851928711,35.33651351928711,35.33799743652344,612422802.0,122708.71293002511,0,15.185830415730265,122693.52709960938,3472,185.46898423725392,43000,Neutral,44.5268663516405,37.1157,38.1991,33.0381,21.9521,17.1634,134.53103637695312,-1.6076,AVAX-USD,0.5771,Neutral,0.555,0.4369,41.74816285375793,134,437.989990234375,0.0,0.0
2024-01-15,35.66428756713867,35.33125686645508,36.737552642822266,35.228878021240234,35.66428756713867,467302331.0,123841.5922635212,0,15.185830415730265,123826.40643310547,3472,188.10358733840764,43000,Neutral,38.21420610555172,36.5541,37.761,33.2698,22.1734,17.251,134.53103637695312,-1.474,AVAX-USD,0.5672,Neutral,0.5617,0.4586,41.74816285375793,134,437.989990234375,0.0,0.0
2024-01-16,35.59072494506836,35.653194427490234,36.49811172485352,34.85787582397461,35.59072494506836,480326505.0,123586.18283969308,0,15.185830415730265,123570.99700927734,3472,187.5096119341562,43000,Neutral,39.95448063266159,35.7831,37.42,33.4973,22.394,17.3397,134.53103637695312,-1.3307,AVAX-USD,0.56,Neutral,0.5682,0.4578,41.16291926685393,134,436.5,0.0,0.0
2024-01-17,36.00657653808594,35.58462142944336,36.434715270996094,35.33757400512695,36.00657653808594,542915389.0,125030.01957065011,0,15.185830415730265,125014.83374023438,3472,190.86737177359115,43000,Neutral,48.184711905008996,35.8101,37.225,33.7309,22.6172,17.4286,134.53103637695312,-1.1002,AVAX-USD,0.5516,Neutral,0.5821,0.4548,40.2084582261605,134,434.0700073242188,0.0,0.0
2024-01-18,33.52815246582031,36.010311126708984,36.07768249511719,32.92153549194336,33.52815246582031,565920717.0,116424.93119174386,0,15.185830415730265,116409.74536132812,3472,170.85553833427429,43000,Neutral,38.29794635872187,35.2255,36.8909,33.9087,22.8212,17.507,134.53103637695312,-1.3319,AVAX-USD,0.5526,Neutral,0.5695,0.4702,41.724596802392796,134,437.9299926757813,0.0,0.0
2024-01-19,32.643001556396484,33.53049850463867,33.68983840942383,31.31074905395508,32.643001556396484,541126328.0,113351.68723422433,0,15.185830415730265,113336.5014038086,3472,163.70845936329866,43000,Neutral,40.903288839820426,34.6865,36.5533,34.105,23.0197,17.584,134.53103637695312,-1.5667,AVAX-USD,0.5697,Neutral,0.5558,0.4711,43.829922623158296,134,443.2900085449219,0.0,0.0
2024-01-20,32.80842590332031,32.64551544189453,32.92415237426758,32.04904556274414,32.80842590332031,335959594.0,113926.04056674386,0,15.185830415730265,113910.85473632812,3472,165.04416478776264,43000,Neutral,45.27063991111776,34.1154,36.2664,34.3344,23.2193,17.662,134.53103637695312,-1.6018,AVAX-USD,0.5697,Neutral,0.5558,0.4711,43.829922623158296,134,443.2900085449219,0.0,0.0
2024-01-21,32.473045349121094,32.8138313293457,33.43380355834961,32.473045349121094,32.473045349121094,323246888.0,112761.59928256417,0,15.185830415730265,112746.41345214844,3472,162.33616180129826,43000,Neutral,46.88034907395556,33.4918,35.7969,34.529,23.4157,17.7375,134.53103637695312,-1.5953,AVAX-USD,0.5697,Neutral,0.5558,0.4711,43.829922623158296,134,443.2900085449219,0.0,0.0
2024-01-22,29.48309326171875,32.48581314086914,32.656776428222656,29.42544746398925,29.48309326171875,625350714.0,102380.48563510324,0,15.185830415730265,102365.2998046875,3472,138.19403703976124,43000,Neutral,32.70065918611783,32.1871,35.2388,34.6759,23.5882,17.7997,134.53103637695312,-2.0544,AVAX-USD,0.5792,Neutral,0.5535,0.4855,44.22662581233962,134,444.2999877929688,0.0,0.0
2024-01-23,30.59178352355957,29.482973098754883,30.599285125732425,27.378292083740234,30.59178352355957,785003146.0,106229.85822421456,0,15.185830415730265,106214.67239379883,3472,147.1460663167643,43000,Neutral,39.084583186992624,31.5999,34.9286,34.8376,23.7686,17.865,134.53103637695312,-2.025,AVAX-USD,0.5819,Neutral,0.544,0.496,44.745102915976034,134,445.6199951171875,0.0,0.0
2024-01-24,31.217866897583008,30.59920883178711,31.85946655273437,29.510068893432617,31.217866897583008,644903093.0,108403.61969882394,0,15.185830415730265,108388.4338684082,3472,152.20132556004194,43000,Neutral,26.814117504771033,31.3148,34.5526,35.0025,23.9533,17.9347,134.53103637695312,-1.766,AVAX-USD,0.5725,Neutral,0.5481,0.51,44.89043089499505,134,445.989990234375,0.0,0.0
2024-01-25,30.48063850402832,31.216732025146484,31.32682228088379,29.657167434692383,30.48063850402832,421239728.0,105843.96271640206,0,15.185830415730265,105828.77688598633,3472,146.24863490324685,43000,Neutral,20.907717417743996,30.8493,34.2549,35.1586,24.133,18.0015,134.53103637695312,-1.631,AVAX-USD,0.5744,Neutral,0.5536,0.5323,45.876321328709594,134,448.5,0.0,0.0
2024-01-26,32.27981948852539,30.48351287841797,33.016544342041016,30.16440963745117,32.27981948852539,539176077.0,112090.71909457589,0,15.185830415730265,112075.53326416016,3472,160.7759753176046,43000,Neutral,36.826733425427896,30.8106,34.1377,35.3573,24.3248,18.0772,134.53103637695312,-1.0847,AVAX-USD,0.5742,Neutral,0.5476,0.5589,45.77027409756633,134,448.2300109863281,0.0,0.0
2024-01-27,33.261962890625,32.276145935058594,33.2649040222168,31.912988662719727,33.261962890625,336041590.0,115500.72098666574,0,15.185830415730265,115485.53515625,3472,168.70621227595305,43000,Neutral,38.640529831849754,31.5664,34.1193,35.5675,24.5255,18.157,134.53103637695312,-0.4598,AVAX-USD,0.5742,Neutral,0.5476,0.5589,45.77027409756633,134,448.2300109863281,0.0,0.0
2024-01-28,34.79377365112305,33.26731491088867,36.62936401367188,33.266849517822266,34.79377365112305,966178090.0,120819.16794711495,0,15.185830415730265,120803.98211669922,3472,181.07469357932337,43000,Neutral,48.11754668428804,32.4068,34.0548,35.7959,24.7384,18.2416,134.53103637695312,0.2885,AVAX-USD,0.5742,Neutral,0.5476,0.5589,45.77027409756633,134,448.2300109863281,0.0,0.0
2024-01-29,36.073768615722656,34.79945755004883,36.46578598022461,34.414207458496094,36.073768615722656,693709649.0,125263.3104642048,0,15.185830415730265,125248.12463378906,3472,191.40990873534625,43000,Neutral,51.32871789857018,33.378,34.1238,36.0407,24.9579,18.3312,134.53103637695312,1.0215,AVAX-USD,0.5852,Neutral,0.5551,0.564,47.05074017334556,134,451.489990234375,0.0,0.0
2024-01-30,35.144779205322266,36.073768615722656,37.09964370727539,35.08681869506836,35.144779205322266,681955940.0,122037.85923129464,0,15.185830415730265,122022.6734008789,3472,183.9088593564854,43000,Neutral,48.62906611564432,34.3108,33.9574,36.2621,25.173,18.416,134.53103637695312,1.2823,AVAX-USD,0.5898,Neutral,0.5523,0.5839,46.92505856166507,134,451.1700134277344,0.0,0.0
2024-01-31,33.16189956665039,35.15542221069336,35.46770477294922,33.1399040222168,33.16189956665039,581078929.0,115153.30112582589,0,15.185830415730265,115138.11529541016,3472,167.89825911120926,43000,Neutral,42.02337552148661,34.4872,33.6432,36.4441,25.371,18.4963,134.53103637695312,1.0348,AVAX-USD,0.5759,Neutral,0.5759,0.5867,44.03809740141824,134,443.8200073242188,0.0,0.0
2024-02-01,33.82854080200195,33.16287612915039,33.90343475341797,32.340728759765625,33.82854080200195,476844022.0,118466.89846728326,0,33.17711947441569,118433.72134780884,3501,169.34283546199364,44000,"cash_0%_Buy 100% of cash (29 shares - DCA Strategy) Monthly invest 2.3% of total investment ($1,000.00)",50.93756794078433,34.6006,33.541,36.6418,25.5688,18.5762,134.53103637695312,0.9793,AVAX-USD,0.601,Neutral,0.5713,0.56,45.54879640507883,136,449.6600036621094,0.0,0.0
2024-02-02,36.707916259765625,33.82978057861328,36.84721374511719,33.8226203918457,36.707916259765625,721421678.0,128547.59194491387,0,33.17711947441569,128514.41482543945,3501,192.2535024566087,44000,Neutral,61.28279533937867,34.9834,33.5539,36.8764,25.7903,18.6707,134.53103637695312,1.4602,AVAX-USD,0.601,Neutral,0.5621,0.5148,47.35436592536742,136,454.2799987792969,0.0,0.0
2024-02-03,35.91640090942383,36.712059020996094,37.52816009521485,35.445926666259766,35.91640090942383,463062303.0,125776.49670336724,0,33.17711947441569,125743.31958389282,3501,185.9555587258209,44000,Neutral,58.3369028159995,34.9519,33.5828,37.0669,26.0008,18.7623,134.53103637695312,1.5566,AVAX-USD,0.601,Neutral,0.5621,0.5148,47.35436592536742,136,454.2799987792969,0.0,0.0
2024-02-04,34.844993591308594,35.922218322753906,36.494102478027344,34.83823013305664,34.844993591308594,374440909.0,122025.49968264581,0,33.17711947441569,121992.32256317139,3501,177.4305654969085,44000,Neutral,56.12087475493546,34.892,33.5419,37.2107,26.2048,18.8502,134.53103637695312,1.3552,AVAX-USD,0.601,Neutral,0.5621,0.5148,47.35436592536742,136,454.2799987792969,0.0,0.0
2024-02-05,34.50077438354492,34.84466552734375,35.849082946777344,34.15762710571289,34.50077438354492,430466400.0,120820.3882362652,0,33.17711947441569,120787.21111679077,3501,174.6916758460435,44000,Neutral,64.99591514351948,35.1597,33.4874,37.3473,26.4082,18.9452,134.53103637695312,1.1103,AVAX-USD,0.5922,Neutral,0.5573,0.4788,46.705609392114454,136,452.6199951171875,0.0,0.0
2024-02-06,34.1414680480957,34.49977111816406,34.682735443115234,33.80533218383789,34.1414680480957,371504176.0,119562.45675585748,0,33.17711947441569,119529.27963638306,3501,171.83274066329872,44000,Neutral,61.10610824406051,35.2223,33.3941,37.4057,26.6132,19.0393,134.53103637695312,0.8456,AVAX-USD,0.6057,Neutral,0.5516,0.4475,47.25666184373476,136,454.0299987792969,0.0,0.0
2024-02-07,35.27924728393555,34.140872955322266,35.47366714477539,33.742950439453125,35.27924728393555,434703122.0,123545.82186053277,0,33.17711947441569,123512.64474105835,3501,180.88584317392437,44000,Neutral,62.312831155553994,34.9366,33.4817,37.4634,26.8277,19.1383,134.53103637695312,0.8573,AVAX-USD,0.6103,Neutral,0.5439,0.4407,48.71441103533034,136,457.760009765625,0.0,0.0
2024-02-08,35.427764892578125,35.27921295166016,36.10142517089844,35.124412536621094,35.427764892578125,465036665.0,124065.78200839044,0,33.17711947441569,124032.60488891602,3501,182.0675707826918,44000,Neutral,65.55332231330424,34.8388,33.6209,37.4359,27.0454,19.2368,134.53103637695312,0.8563,AVAX-USD,0.6101,Neutral,0.5391,0.4665,48.835563142413434,136,458.0700073242188,0.0,0.0
2024-02-09,38.01095962524414,35.427825927734375,38.55329895019531,35.42193984985352,38.01095962524414,734324526.0,133109.54676745416,0,33.17711947441569,133076.36964797974,3501,202.62158159874568,44000,Neutral,67.17167283865953,35.472,33.881,37.4338,27.2862,19.3478,134.53103637695312,1.289,AVAX-USD,0.6122,Neutral,0.537,0.5015,49.85168797674655,136,460.6700134277344,0.0,0.0
2024-02-10,40.2883186340332,38.00907897949219,41.099517822265625,38.00907897949219,40.2883186340332,716869745.0,141082.58065722467,0,33.17711947441569,141049.40353775024,3501,220.74211316640594,44000,Neutral,69.53611618509703,36.6296,34.2718,37.4814,27.5456,19.4681,134.53103637695312,1.8966,AVAX-USD,0.6122,Neutral,0.537,0.5015,49.85168797674655,136,460.6700134277344,0.0,0.0
2024-02-11,39.732269287109375,40.27340316772461,41.1525993347168,39.44087219238281,39.732269287109375,506846339.0,139135.85189364434,0,33.17711947441569,139102.67477416992,3501,216.3177296128143,44000,Neutral,64.51881337976913,37.7477,34.7842,37.4927,27.8005,19.5856,134.53103637695312,2.0647,AVAX-USD,0.6122,Neutral,0.537,0.5015,49.85168797674655,136,460.6700134277344,0.0,0.0
2024-02-12,41.08818817138672,39.73163604736328,41.08818817138672,38.450008392333984,41.08818817138672,790355103.0,143882.92390749932,0,33.17711947441569,143849.7467880249,3501,227.1065296443029,44000,Neutral,64.67650504237596,38.9095,35.3091,37.5224,28.0664,19.7084,134.53103637695312,2.2808,AVAX-USD,0.6021,Neutral,0.5522,0.5279,49.76960796090232,136,460.4599914550781,0.0,0.0
2024-02-13,39.76535034179688,41.08097076416016,41.63744354248047,38.92075347900391,39.76535034179688,707780905.0,139251.6686661053,0,33.17711947441569,139218.4915466309,3501,216.5809495502256,44000,Neutral,63.219004468196076,39.777,35.7364,37.5217,28.3193,19.8268,134.53103637695312,2.0489,AVAX-USD,0.5673,Neutral,0.5745,0.5442,47.23321381828434,136,453.9700012207031,0.0,0.0
2024-02-14,42.26839065551758,39.76451873779297,42.41257858276367,39.194610595703125,42.26839065551758,792191831.0,148014.81280444146,0,33.17711947441569,147981.63568496704,3501,236.49718622826228,44000,Neutral,75.2997977043771,40.6285,36.3258,37.5248,28.5956,19.9552,134.53103637695312,2.1957,AVAX-USD,0.5833,Neutral,0.5558,0.5416,48.92154321132085,136,458.2900085449219,0.0,0.0
2024-02-15,41.596004486083984,42.26705932617188,43.491729736328125,41.054229736328125,41.596004486083984,822570663.0,145660.78882525445,0,33.17711947441569,145627.61170578003,3501,231.14713173011,44000,Neutral,71.5728042439707,40.89,36.7916,37.5403,28.8679,20.0781,134.53103637695312,2.0277,AVAX-USD,0.5986,Neutral,0.5499,0.5438,50.133076208919306,136,461.3900146484375,0.0,0.0
2024-02-16,40.312129974365234,41.59409713745117,41.79586791992188,39.71167755126953,40.312129974365234,569724888.0,141165.9441597271,0,33.17711947441569,141132.7670402527,3501,220.93157567209332,44000,Neutral,60.98349655890594,41.006,37.1441,37.5278,29.1283,20.1922,134.53103637695312,1.5744,AVAX-USD,0.5917,Neutral,0.5507,0.5579,49.21074347638783,136,459.0299987792969,0.0,0.0
2024-02-17,39.762489318847656,40.31004333496094,40.43075180053711,38.50971984863281,39.762489318847656,449295833.0,139241.65222476007,0,33.17711947441569,139208.47510528564,3501,216.55818491080456,44000,Neutral,61.89595433557427,40.7409,37.3926,37.5269,29.3828,20.3051,134.53103637695312,1.0882,AVAX-USD,0.5917,Neutral,0.5507,0.5579,49.21074347638783,136,459.0299987792969,0.0,0.0
2024-02-18,40.254661560058594,39.76359558105469,40.72416687011719,39.06589889526367,40.254661560058594,426847219.0,140964.74724123956,0,33.17711947441569,140931.57012176514,3501,220.47430994825797,44000,Neutral,67.35392405112862,40.8387,37.6016,37.474,29.638,20.4175,134.53103637695312,0.7756,AVAX-USD,0.5917,Neutral,0.5507,0.5579,49.21074347638783,136,459.0299987792969,0.0,0.0
2024-02-19,39.482234954833984,40.25530624389648,40.59480667114258,39.2391471862793,39.482234954833984,583708516.0,138260.4816963482,0,33.17711947441569,138227.30457687378,3501,214.3282518916867,44000,Neutral,65.5529660280136,40.2815,37.8185,37.366,29.8831,20.5277,134.53103637695312,0.3806,AVAX-USD,0.5983,Neutral,0.5568,0.5698,49.21074347638783,136,459.0299987792969,0.0,0.0
2024-02-20,38.52740478515625,39.48370742797852,39.66445159912109,37.06422424316406,38.52740478515625,665731631.0,134917.62127230645,0,33.17711947441569,134884.44415283203,3501,206.73084183704637,44000,Neutral,63.2026776788214,39.6678,38.0868,37.2507,30.1161,20.6322,134.53103637695312,-0.0748,AVAX-USD,0.5982,Neutral,0.5676,0.5748,48.22589062716709,136,456.510009765625,0.0,0.0
2024-02-21,37.63543701171875,38.52565383911133,38.53395080566406,36.015567779541016,37.63543701171875,522409643.0,131794.84209750177,0,33.17711947441569,131761.66497802734,3501,199.63361643976302,44000,Neutral,57.1992136661522,39.1324,38.2771,37.0769,30.3438,20.7343,134.53103637695312,-0.5344,AVAX-USD,0.5994,Neutral,0.5639,0.5819,48.40566279787619,136,456.9700012207031,0.0,0.0
2024-02-22,36.75072479248047,37.63346481323242,38.16510391235352,36.58136367797852,36.75072479248047,457923442.0,128697.46461794854,0,33.17711947441569,128664.28749847412,3501,192.59412216805111,44000,Neutral,53.86821094992606,38.5301,38.2793,36.8942,30.5625,20.8324,134.53103637695312,-0.9717,AVAX-USD,0.6089,Neutral,0.5475,0.5834,52.15750191792365,136,466.5700073242188,0.0,0.0
2024-02-23,35.92631912231445,36.746185302734375,36.90663528442383,35.261531829833984,35.92631912231445,474695416.0,125811.22036669732,0,33.17711947441569,125778.0432472229,3501,186.03447614248014,44000,Neutral,43.20593160030773,37.6644,38.2798,36.6872,30.7697,20.9306,134.53103637695312,-1.3627,AVAX-USD,0.6215,Neutral,0.5388,0.5645,52.239570007000054,136,466.7799987792969,0.0,0.0
2024-02-24,36.73804473876953,35.925933837890625,36.926849365234375,35.2357292175293,36.73804473876953,348541912.0,128653.07174990655,0,33.17711947441569,128619.89463043213,3501,192.49322928613748,44000,Neutral,37.20713114778884,37.1156,38.3744,36.5591,30.9876,21.0308,134.53103637695312,-1.4281,AVAX-USD,0.6215,Neutral,0.5388,0.5645,52.239570007000054,136,466.7799987792969,0.0,0.0
2024-02-25,37.44997024536133,36.73904800415039,37.464752197265625,36.51702880859375,37.44997024536133,348630081.0,131145.52294848443,0,33.17711947441569,131112.34582901,3501,198.15789110108724,44000,Neutral,41.867441792816315,36.9001,38.5219,36.4764,31.2082,21.1326,134.53103637695312,-1.2975,AVAX-USD,0.6215,Neutral,0.5388,0.5645,52.239570007000054,136,466.7799987792969,0.0,0.0
2024-02-26,39.33618927001953,37.45346832275391,39.34660339355469,36.348480224609375,39.33618927001953,556405127.0,137749.1757538128,0,33.17711947441569,137715.99863433838,3501,213.166192931379,44000,Neutral,43.98441445764952,37.2402,38.7816,36.4669,31.4413,21.2424,134.53103637695312,-0.8502,AVAX-USD,0.6093,Neutral,0.5375,0.5554,51.57127742812773,136,465.0700073242188,0.0,0.0
2024-02-27,39.268646240234375,39.33588409423828,39.93532180786133,38.53913497924805,39.268646240234375,507254829.0,137512.70760653497,0,33.17711947441569,137479.53048706055,3501,212.62876532392937,44000,Neutral,48.13365532251089,37.7438,38.9811,36.4512,31.6731,21.3514,134.53103637695312,-0.5556,AVAX-USD,0.6166,Neutral,0.5335,0.5651,51.90737374409552,136,465.9299926757813,0.0,0.0
2024-02-28,40.2947883605957,39.26774215698242,41.20718765258789,37.503448486328125,40.2947883605957,978077517.0,141105.23116991998,0,33.17711947441569,141072.05405044556,3501,220.79359160434984,44000,Neutral,41.658465423861294,38.6175,39.2244,36.4662,31.9146,21.4642,134.53103637695312,-0.189,AVAX-USD,0.6095,Neutral,0.542,0.5719,51.625985511922735,136,465.2099914550781,0.0,0.0
2024-02-29,40.93538665771485,40.29948806762695,44.59194946289063,39.7660026550293,40.93538665771485,1053380461.0,143347.96580813412,0,33.17711947441569,143314.7886886597,3501,225.89071578210925,44000,Neutral,47.20034091831317,39.457,39.3706,36.506,32.1539,21.5804,134.53103637695312,0.1372,AVAX-USD,0.609,Neutral,0.535,0.5765,52.29819007062612,136,466.9299926757813,0.0,0.0
2024-03-01,42.85532760620117,40.92544174194336,43.288875579833984,40.92544174194336,42.85532760620117,649269967.0,151068.65054092216,0,3.6207290630386524,151065.02981185913,3525,235.80799671314662,45000,"cash_0%_Buy 100% of cash (24 shares - DCA Strategy) Monthly invest 2.2% of total investment ($1,000.00)",60.22658245090448,40.5381,39.499,36.5226,32.412,21.7062,134.53103637695312,0.6258,AVAX-USD,0.6264,Neutral,0.5339,0.6154,53.20354557787965,138,471.4299926757813,0.0,0.0
2024-03-02,44.33390808105469,42.8487548828125,44.517086029052734,42.13771057128906,44.33390808105469,696365708.0,156280.6467147808,0,3.6207290630386524,156277.02598571777,3525,247.3902104328325,45000,Neutral,67.10451945145414,41.5376,39.7291,36.584,32.6805,21.8392,134.53103637695312,1.1075,AVAX-USD,0.6264,Neutral,0.5339,0.6154,53.20354557787965,138,471.4299926757813,0.0,0.0
2024-03-03,42.6048583984375,44.364845275878906,44.88861083984375,41.51360321044922,42.6048583984375,618511855.0,150185.7465835552,0,3.6207290630386524,150182.1258544922,3525,233.84598791899785,45000,Neutral,58.04858229779585,42.2049,39.8049,36.6809,32.9337,21.9636,134.53103637695312,1.0465,AVAX-USD,0.6264,Neutral,0.5339,0.6154,53.20354557787965,138,471.4299926757813,0.0,0.0
2024-03-04,43.08823776245117,42.60778427124024,43.96274948120117,41.5581169128418,43.08823776245117,832140642.0,151889.6588417034,0,3.6207290630386524,151886.03811264038,3525,237.6324596037716,45000,Neutral,62.59869259303093,42.7635,39.9711,36.7534,33.1898,22.0862,134.53103637695312,1.002,AVAX-USD,0.6212,Neutral,0.5355,0.6335,52.98576874953761,138,470.8699951171875,0.0,0.0
2024-03-05,39.50013732910156,43.0906867980957,44.857181549072266,35.19068908691406,39.50013732910156,1599003513.0,139241.60481414603,0,3.6207290630386524,139237.984085083,3525,209.52567287586632,45000,Neutral,52.87038446194869,42.4765,39.8326,36.8045,33.4099,22.1941,134.53103637695312,0.3339,AVAX-USD,0.6098,Neutral,0.5531,0.6374,51.15021271926416,138,466.1499938964844,0.0,0.0
2024-03-06,41.51433563232422,39.5008544921875,42.131126403808594,37.99665451049805,41.51433563232422,750303597.0,146341.6538330059,0,3.6207290630386524,146338.03310394287,3525,225.3035595844438,45000,Neutral,60.735046019556464,42.2083,39.8286,36.9193,33.649,22.3113,134.53103637695312,0.1878,AVAX-USD,0.614,Neutral,0.5529,0.6505,52.11076874953761,138,468.6199951171875,0.0,0.0
2024-03-07,43.29000473022461,41.51433563232422,44.49676513671875,41.512916564941406,43.29000473022461,881639513.0,152600.88740310477,0,3.6207290630386524,152597.26667404175,3525,239.21296751799684,45000,Neutral,67.24723110905147,41.9995,39.9775,37.0803,33.9012,22.4364,134.53103637695312,0.3354,AVAX-USD,0.6213,Neutral,0.5521,0.6593,53.91521889059665,138,473.260009765625,0.0,0.0
2024-03-08,42.74036407470703,43.29113006591797,43.98072814941406,41.2760124206543,42.74036407470703,693557709.0,150663.4040924053,0,3.6207290630386524,150659.78336334229,3525,234.90744904977583,45000,Neutral,68.23623023786737,42.0266,40.1263,37.1913,34.1493,22.5602,134.53103637695312,0.2948,AVAX-USD,0.6088,Neutral,0.5555,0.647,52.799109678357055,138,470.3900146484375,0.0,0.0
2024-03-09,43.000335693359375,42.74036407470703,43.59053421020508,42.493438720703125,43.000335693359375,430944940.0,151579.80404815482,0,3.6207290630386524,151576.1833190918,3525,236.94389339588585,45000,Neutral,67.26960804322057,42.009,40.2636,37.3297,34.3847,22.6807,134.53103637695312,0.2642,AVAX-USD,0.6088,Neutral,0.5555,0.647,52.799109678357055,138,470.3900146484375,0.0,0.0
2024-03-10,42.052711486816406,43.00034713745117,43.959617614746094,41.02603149414063,42.052711486816406,496784831.0,148239.42872009086,0,3.6207290630386524,148235.80799102783,3525,229.52083711129924,45000,Neutral,62.53015498963696,42.5196,40.3922,37.3894,34.5953,22.7949,134.53103637695312,0.0564,AVAX-USD,0.6088,Neutral,0.5555,0.647,52.799109678357055,138,470.3900146484375,0.0,0.0
2024-03-11,49.007232666015625,42.05349349975586,49.32368850708008,40.65077972412109,49.007232666015625,1729844746.0,172754.1158767681,0,3.6207290630386524,172750.49514770508,3525,283.9979196816932,45000,Neutral,70.63379591602866,44.0181,40.9161,37.5487,34.8466,22.9373,134.53103637695312,0.9439,AVAX-USD,0.6019,Neutral,0.5616,0.644,52.64743731507582,138,470.0,0.0,0.0
2024-03-12,55.59136962890625,49.00715255737305,57.29952621459961,46.59808349609375,55.59136962890625,2700412078.0,195963.19867095756,0,3.6207290630386524,195959.57794189453,3525,335.5736592243364,45000,Neutral,77.24854233903321,46.4784,41.8139,37.8774,35.1747,23.1094,134.53103637695312,2.3418,AVAX-USD,0.608,Neutral,0.5384,0.6411,54.60354795146904,138,475.0299987792969,0.0,0.0
2024-03-13,54.94824600219727,55.59136962890625,55.615718841552734,52.53631591796875,54.94824600219727,1263536738.0,193696.18788680842,0,3.6207290630386524,193692.5671577454,3525,330.5358574817828,45000,Neutral,74.77880239147058,48.92,42.7238,38.1857,35.4902,23.2782,134.53103637695312,2.8953,AVAX-USD,0.6011,Neutral,0.531,0.6517,54.32354747675116,138,474.30999755859375,0.0,0.0
2024-03-14,54.05936813354492,54.94715881347656,59.065731048583984,50.79115295410156,54.05936813354492,1860444499.0,190562.89339980888,0,3.6207290630386524,190559.27267074585,3525,323.57298084400594,45000,Neutral,72.00768547876686,51.1318,43.6305,38.4977,35.7679,23.446,134.53103637695312,2.879,AVAX-USD,0.5883,Neutral,0.5364,0.671,53.919099709281525,138,473.2699890136719,0.0,0.0
2024-03-15,58.48988723754883,54.05936813354492,58.600582122802734,49.03160095214844,58.48988723754883,2858368931.0,206180.47324142265,0,3.6207290630386524,206176.85251235962,3525,358.27871382536995,45000,Neutral,74.18159706750848,54.4192,44.7181,38.8781,36.074,23.6313,134.53103637695312,3.2153,AVAX-USD,0.5875,Neutral,0.5365,0.6866,52.65133000170776,138,470.010009765625,0.0,0.0
2024-03-16,53.49980545043945,58.48988723754883,61.348236083984375,52.13937377929688,53.49980545043945,2266775404.0,188590.4349418621,0,3.6207290630386524,188586.81421279907,3525,319.18973982634645,45000,Neutral,62.787639871671495,55.3177,45.5206,39.1766,36.337,23.7965,134.53103637695312,2.5139,AVAX-USD,0.5875,Neutral,0.5365,0.6866,52.65133000170776,138,470.010009765625,0.0,0.0
2024-03-17,58.115814208984375,53.49848937988281,58.32952499389648,50.31002807617188,58.115814208984375,1531363097.0,204861.86581573295,0,3.6207290630386524,204858.24508666992,3525,355.348475101615,45000,Neutral,70.0266161006723,55.8226,46.4595,39.5451,36.638,23.9804,134.53103637695312,2.4473,AVAX-USD,0.5875,Neutral,0.5365,0.6866,52.65133000170776,138,470.010009765625,0.0,0.0
2024-03-18,60.68994522094727,58.11303329467773,65.25045013427734,55.45546340942383,60.68994522094727,3107201148.0,213935.67763290217,0,3.6207290630386524,213932.05690383914,3525,375.51250136199104,45000,GeoWatch,71.5619447340649,56.971,47.5306,39.9978,36.9532,24.177,134.53103637695312,2.4891,AVAX-USD,0.5916,GeoWatch,0.5327,0.7138,53.79466428447688,138,472.9500122070313,0.0,0.0
2024-03-19,53.52589416503906,60.68994522094727,61.7707633972168,53.21659469604492,53.52589416503906,3043324575.0,188682.39766082572,0,3.6207290630386524,188678.7769317627,3525,319.3941014240434,45000,GeoWatch,65.79742004162154,56.8643,48.1922,40.3458,37.2254,24.3435,134.53103637695312,1.4153,AVAX-USD,0.5986,GeoWatch,0.5255,0.7437,54.82521746644299,138,475.6000061035156,0.0,0.0
2024-03-20,57.03071975708008,53.52589416503906,58.02031707763672,50.54281234741211,57.03071975708008,2192493076.0,201036.9078727703,0,3.6207290630386524,201033.28714370728,3525,346.848568561698,45000,GeoWatch,66.90857441731174,56.5724,48.9969,40.7495,37.542,24.5266,134.53103637695312,1.0103,AVAX-USD,0.6085,GeoWatch,0.5166,0.7387,56.43910398174248,138,479.75,0.0,0.0
2024-03-21,53.86556625366211,57.03071975708008,57.64848327636719,52.83373260498047,53.86556625366211,1155827899.0,189879.74177322196,0,3.6207290630386524,189876.12104415894,3525,322.05486611825734,45000,GeoWatch,61.18570435093041,56.6456,49.5474,41.1061,37.8175,24.6954,134.53103637695312,0.2382,AVAX-USD,0.6118,GeoWatch,0.5113,0.724,57.06132857755411,138,481.3500061035156,0.0,0.0
2024-03-22,53.267066955566406,53.86562347412109,57.49156951904297,51.74052810668945,53.267066955566406,1355173584.0,187770.0317474346,0,3.6207290630386524,187766.41101837158,3525,317.36662161650764,45000,GeoWatch,61.12253118769172,55.6758,49.9941,41.5025,38.0892,24.8621,134.53103637695312,-0.4095,AVAX-USD,0.6118,GeoWatch,0.5156,0.7075,56.817490022324094,138,479.1799926757813,1.543,0.0
2024-03-23,53.412357330322266,53.277957916259766,55.85826873779297,52.76692199707031,53.412357330322266,718419189.0,188282.180318449,0,3.6207290630386524,188278.559589386,3525,318.5047295520951,45000,GeoWatch,61.02808478810206,54.2203,50.5345,41.8828,38.3602,25.0299,134.53103637695312,-0.8548,AVAX-USD,0.6118,GeoWatch,0.5156,0.7075,57.41754557787968,138,479.1799926757813,1.543,0.0
2024-03-24,55.6641960144043,53.412357330322266,55.79951095581055,52.52367401123047,55.6641960144043,580230389.0,196219.91167983817,0,3.6207290630386524,196216.29095077515,3525,336.1441325774044,45000,GeoWatch,64.02925937118395,54.648,51.1633,42.2903,38.6464,25.2066,134.53103637695312,-0.8973,AVAX-USD,0.6118,GeoWatch,0.5156,0.7075,58.01760113343521,138,479.1799926757813,1.543,0.0
2024-03-25,57.823333740234375,55.66429138183594,59.18506240844727,54.98978042602539,57.823333740234375,962007743.0,203830.8721633892,0,3.6207290630386524,203827.25143432617,3525,353.0573780964067,45000,Neutral,60.083455194077516,54.8065,52.0794,42.746,38.9523,25.3924,134.53103637695312,-0.701,AVAX-USD,0.6093,Neutral,0.5173,0.6987,57.535382708956064,138,477.9400024414063,0.0,0.0
2024-03-26,55.81808853149414,57.82259750366211,59.25717926025391,55.447227478027344,55.81808853149414,907482590.0,196762.38280257987,0,3.6207290630386524,196758.76207351685,3525,337.3496239612748,45000,Neutral,50.28964938062609,55.197,52.7946,43.1383,39.2478,25.5703,134.53103637695312,-0.8564,AVAX-USD,0.6006,Neutral,0.5199,0.6855,57.01427302199855,138,476.6000061035156,0.0,0.0
2024-03-27,54.114627838134766,55.81808853149414,56.70896530151367,53.213008880615234,54.114627838134766,860804976.0,190757.68385848808,0,3.6207290630386524,190754.06312942505,3525,324.0058485299598,45000,Neutral,48.963087218387315,55.3665,53.3358,43.4858,39.5266,25.7423,134.53103637695312,-1.1808,AVAX-USD,0.6109,Neutral,0.5146,0.6825,58.632052223929975,138,480.760009765625,0.0,0.0
2024-03-28,54.621883392333984,54.11201858520508,55.01533889770508,53.23323059082031,54.621883392333984,484017125.0,192545.75968704032,0,3.6207290630386524,192542.1389579773,3525,327.97935037118697,45000,Neutral,50.70640238358349,55.6084,53.9299,43.8163,39.8061,25.9162,134.53103637695312,-1.3305,AVAX-USD,0.6075,Neutral,0.5157,0.6968,58.608719840032435,138,480.7000122070313,0.0,0.0
2024-03-29,53.4062385559082,54.621883392333984,54.6302604675293,52.6002311706543,53.4062385559082,454703288.0,188260.61163863944,0,3.6207290630386524,188256.99090957642,3525,318.4567991525184,45000,GeoWatch,43.05524317029706,55.1568,54.4502,44.1052,40.0729,26.0865,134.53103637695312,-1.5624,AVAX-USD,0.6069,GeoWatch,0.5156,0.713,58.608719840032435,138,480.7000122070313,0.0,0.0
2024-03-30,53.00242614746094,53.4062385559082,54.60572814941406,52.85735702514648,53.00242614746094,370817943.0,186837.17289886283,0,3.6207290630386524,186833.5521697998,3525,315.29360195301473,45000,GeoWatch,49.22319330258397,54.1927,54.9977,44.4028,40.3324,26.2555,134.53103637695312,-1.7344,AVAX-USD,0.6069,GeoWatch,0.5156,0.713,58.608719840032435,138,480.7000122070313,0.0,0.0
2024-03-31,54.11042785644531,53.00242614746094,54.24649810791016,52.9383544921875,54.11042785644531,343450748.0,190742.87892303275,0,3.6207290630386524,190739.25819396973,3525,323.97294867339235,45000,GeoWatch,42.974571136157316,53.8511,55.2529,44.7519,40.598,26.4293,134.53103637695312,-1.6774,AVAX-USD,0.6063,GeoWatch,0.5166,0.7201,58.608719840032435,138,480.7000122070313,0.0,0.0
2024-04-01,51.45050048828125,54.110496520996094,54.13008880615234,50.37531661987305,51.45050048828125,779113611.0,182365.65739074518,0,25.08366027641773,182340.57373046875,3544,296.5469656842149,46000,"cash_0%_Buy 100% of cash (19 shares - DCA Strategy) Monthly invest 2.2% of total investment ($1,000.00)",33.84268642351117,53.3183,55.0458,45.0456,40.8437,26.5919,134.53103637695312,-1.9226,AVAX-USD,0.5994,GeoWatch,0.5207,0.7347,57.47392705457794,144,480.0700073242188,0.0,0.0
2024-04-02,46.820255279541016,51.45036315917969,51.45104217529297,46.35421752929688,46.820255279541016,805544256.0,165956.0683709698,0,25.08366027641773,165930.98471069336,3544,260.87394607600754,46000,GeoWatch,37.13341034457873,51.758,54.6394,45.2142,41.0453,26.7346,134.53103637695312,-2.5831,AVAX-USD,0.5849,GeoWatch,0.5367,0.7602,56.24618132703888,144,476.9299926757813,0.0,0.0
2024-04-03,45.94569778442383,46.8206901550293,48.28740310668945,45.035606384277344,45.94569778442383,585412701.0,162856.63660827448,0,25.08366027641773,162831.55294799805,3544,254.13605093971339,46000,GeoWatch,26.342434651441792,50.2659,54.2337,45.3813,41.2241,26.8741,134.53103637695312,-3.0231,AVAX-USD,0.5873,GeoWatch,0.5328,0.7725,56.414308463269336,144,477.3599853515625,0.0,0.0
2024-04-04,46.506927490234375,45.94569778442383,48.137733459472656,45.53572463989258,46.506927490234375,459366516.0,164845.63468566706,0,25.08366027641773,164820.55102539062,3544,258.4599598036103,46000,GeoWatch,32.33147551944751,48.9668,53.6346,45.5757,41.3932,27.015,134.53103637695312,-3.1174,AVAX-USD,0.5777,GeoWatch,0.5613,0.7957,54.11523848646269,144,471.4800109863281,0.0,0.0
2024-04-05,45.38042449951172,46.50601959228516,46.56769561767578,44.054161071777344,45.38042449951172,447464945.0,160853.30808654596,0,25.08366027641773,160828.22442626953,3544,249.78098893595572,46000,GeoWatch,31.531971090543394,47.2208,53.2286,45.757,41.5522,27.1515,134.53103637695312,-3.1931,AVAX-USD,0.5862,GeoWatch,0.5525,0.8165,56.07414037244902,144,476.489990234375,0.0,0.0
2024-04-06,48.19573974609375,45.38042449951172,48.717166900634766,45.135780334472656,48.19573974609375,508811240.0,170830.78532043268,0,25.08366027641773,170805.70166015625,3544,271.47115683570945,46000,GeoWatch,39.14207889165923,46.5698,52.7326,45.9913,41.6985,27.3003,134.53103637695312,-2.7419,AVAX-USD,0.5862,GeoWatch,0.5525,0.8165,56.07414037244902,144,476.489990234375,0.0,0.0
2024-04-07,49.38721084594727,48.19573974609375,49.42846298217773,47.94411849975586,49.38721084594727,328806120.0,175053.35889831357,0,25.08366027641773,175028.27523803714,3544,280.6506646137114,46000,GeoWatch,36.33168308607315,47.0832,52.1675,46.2264,41.8449,27.4543,134.53103637695312,-2.1794,AVAX-USD,0.5862,GeoWatch,0.5525,0.8165,56.07414037244902,144,476.489990234375,0.0,0.0
2024-04-08,49.883567810058594,49.38671112060547,50.75939178466797,48.33984375,49.883567810058594,488704448.0,176812.4479791241,0,25.08366027641773,176787.36431884766,3544,284.47477131112555,46000,GeoWatch,31.361199925780156,47.8708,51.9854,46.4673,41.9516,27.6105,134.53103637695312,-1.6599,AVAX-USD,0.5795,GeoWatch,0.5384,0.8287,56.14843132703888,144,476.6799926757813,0.0,0.0
2024-04-09,46.47019577026367,49.883575439453125,49.94405746459961,46.39487838745117,46.47019577026367,437892500.0,164715.45747009089,0,25.08366027641773,164690.37380981445,3544,258.1769658567056,46000,GeoWatch,29.416414225581534,47.8634,51.4573,46.6083,42.021,27.753,134.53103637695312,-1.6944,AVAX-USD,0.5801,GeoWatch,0.5365,0.8239,56.37911989515409,144,477.2699890136719,0.0,0.0
2024-04-10,47.31169509887695,46.470481872558594,47.96779251098633,45.674949645996094,47.31169509887695,530754231.0,167697.73109069635,0,25.08366027641773,167672.64743041992,3544,264.66016937976093,46000,GeoWatch,34.42922187844556,48.2497,51.1296,46.7254,42.1034,27.8986,134.53103637695312,-1.5246,AVAX-USD,0.5548,GeoWatch,0.537,0.8286,54.572701804333775,144,472.6499938964844,0.0,0.0
2024-04-11,46.05759811401367,47.31169509887695,47.482181549072266,45.679466247558594,46.05759811401367,371204369.0,163253.21137634089,0,25.08366027641773,163228.12771606445,3544,254.9981700007273,46000,GeoWatch,31.045784742111508,47.8221,50.7692,46.8308,42.1618,28.0414,134.53103637695312,-1.5041,AVAX-USD,0.5694,GeoWatch,0.5262,0.8124,55.906013236218556,144,476.05999755859375,0.0,0.0
2024-04-12,39.41774368286133,46.057159423828125,46.87061309814453,36.225364685058594,39.41774368286133,966043351.0,139721.56727233698,0,25.08366027641773,139696.48361206055,3544,203.84242194854488,46000,GeoWatch,25.035027211616097,45.8282,50.0694,46.8029,42.1627,28.1582,134.53103637695312,-2.3003,AVAX-USD,0.5512,GeoWatch,0.5637,0.801,53.368427054577964,144,469.5700073242188,0.0,0.0
2024-04-13,34.07841110229492,39.41790771484375,39.418113708496094,29.727075576782227,34.07841110229492,1507323529.0,120798.97260680962,0,25.08366027641773,120773.8889465332,3544,162.70634658870281,46000,GeoWatch,21.285276970984498,42.6671,48.9901,46.7082,42.1149,28.2561,134.53103637695312,-3.4456,AVAX-USD,0.5512,GeoWatch,0.5637,0.801,53.368427054577964,144,469.5700073242188,0.0,0.0
2024-04-14,37.316444396972656,34.07841110229492,37.89003372192383,32.789520263671875,37.316444396972656,1185559416.0,132274.56260314753,0,25.08366027641773,132249.4789428711,3544,187.65328136335043,46000,GeoWatch,26.064532067805928,40.8364,47.9648,46.6256,42.0752,28.3666,134.53103637695312,-3.5659,AVAX-USD,0.5512,GeoWatch,0.5637,0.801,53.368427054577964,144,469.5700073242188,0.0,0.0
2024-04-15,35.157203674316406,37.316444396972656,38.5334587097168,34.287105560302734,35.157203674316406,931818442.0,124622.21348205376,0,25.08366027641773,124597.12982177734,3544,171.0177397957553,46000,GeoWatch,26.441910464489055,38.4055,46.9318,46.5183,42.0293,28.468,134.53103637695312,-3.7801,AVAX-USD,0.5291,GeoWatch,0.5863,0.7913,51.03805846326932,144,463.6099853515625,0.0,0.0
2024-04-16,34.76621627807617,35.156307220458984,35.86565399169922,32.79376983642578,34.76621627807617,697719424.0,123236.55414977837,0,25.08366027641773,123211.47048950195,3544,168.00543689950445,46000,GeoWatch,30.13628224725022,36.1472,45.9643,46.4259,41.9769,28.5676,134.53103637695312,-3.7841,AVAX-USD,0.5206,GeoWatch,0.5768,0.7872,50.713533713513456,144,462.7799987792969,0.0,0.0
2024-04-17,33.54623794555664,34.76619338989258,35.32106399536133,32.34681701660156,33.54623794555664,603455739.0,118912.95093932915,0,25.08366027641773,118887.86727905273,3544,158.60629948548439,46000,GeoWatch,29.797063428804137,34.9729,44.9106,46.3223,41.9246,28.6642,134.53103637695312,-3.7749,AVAX-USD,0.5218,GeoWatch,0.5784,0.7532,49.62264037244901,144,459.989990234375,0.0,0.0
2024-04-18,34.85084533691406,33.5467643737793,35.54486846923828,32.873191833496094,34.85084533691406,561597710.0,123536.47953429986,0,25.08366027641773,123511.39587402344,3544,168.65744860498592,46000,GeoWatch,31.457458568363833,35.1274,43.9828,46.2322,41.8531,28.7672,134.53103637695312,-3.3535,AVAX-USD,0.5223,GeoWatch,0.5722,0.7323,49.21209514539825,144,458.9400024414063,0.0,0.0
2024-04-19,34.72248077392578,34.85084533691406,35.98931884765625,32.009090423583984,34.72248077392578,630681834.0,123081.55552306939,0,25.08366027641773,123056.47186279297,3544,167.66848336318057,46000,GeoWatch,32.489213683141756,34.6086,43.0688,46.1529,41.7594,28.8688,134.53103637695312,-2.9011,AVAX-USD,0.5125,GeoWatch,0.5814,0.716,47.71065657728299,144,455.1000061035156,0.0,0.0
2024-04-20,38.301055908203125,34.72248077392578,38.48906326293945,34.22211837768555,38.301055908203125,432114532.0,135764.0257989483,0,25.08366027641773,135738.94213867188,3544,195.23907091943911,46000,GeoWatch,34.14098489272888,35.2374,42.2783,46.1491,41.6999,28.9863,134.53103637695312,-1.8352,AVAX-USD,0.5125,GeoWatch,0.5814,0.716,47.71065657728299,144,455.1000061035156,0.0,0.0
2024-04-21,37.11705017089844,38.301055908203125,38.67535781860352,36.501609802246094,37.11705017089844,351138122.0,131567.9094659405,0,25.08366027641773,131542.82580566406,3544,186.11707889116124,46000,GeoWatch,30.32890739982632,35.7075,41.5617,46.1405,41.6087,29.099,134.53103637695312,-1.1978,AVAX-USD,0.5125,GeoWatch,0.5814,0.716,47.71065657728299,144,455.1000061035156,0.0,0.0
2024-04-22,39.22599411010742,37.11677551269531,39.68306350708008,36.87324142456055,39.22599411010742,478316447.0,139042.00678649714,0,25.08366027641773,139016.9231262207,3544,202.36511654454526,46000,Neutral,33.75414037494896,36.8435,41.1819,46.1817,41.538,29.2204,134.53103637695312,-0.3223,AVAX-USD,0.5312,Neutral,0.5539,0.6933,49.255099417859185,144,459.0499877929688,0.0,0.0
2024-04-23,38.2866096496582,39.22599411010742,39.83196258544922,38.02662658691406,38.2866096496582,352913077.0,135712.8282586651,0,25.08366027641773,135687.74459838867,3544,195.12777191882344,46000,Neutral,36.507712688880126,37.5306,40.799,46.2211,41.4541,29.3375,134.53103637695312,0.1625,AVAX-USD,0.5498,Neutral,0.5339,0.6777,51.518992758923616,144,464.8399963378906,0.0,0.0
2024-04-24,36.3681869506836,38.28659439086914,39.795108795166016,36.055908203125,36.3681869506836,500406290.0,128913.9382134991,0,25.08366027641773,128888.85455322269,3544,180.34757616846258,46000,Neutral,32.576155581807086,37.8598,40.292,46.2149,41.387,29.4458,134.53103637695312,0.2123,AVAX-USD,0.5444,Neutral,0.5356,0.6717,51.386054190808395,144,464.5,0.0,0.0
2024-04-25,35.58365249633789,36.36940002441406,36.69063949584961,34.750816345214844,35.58365249633789,411675388.0,126133.5481072979,0,25.08366027641773,126108.46444702148,3544,174.30324985063388,46000,Neutral,33.07064096821992,37.3163,39.8022,46.1838,41.3301,29.549,134.53103637695312,0.1665,AVAX-USD,0.5455,Neutral,0.527,0.6738,50.635328940564236,144,462.5799865722656,0.0,0.0
2024-04-26,34.40515899658203,35.58365249633789,35.807857513427734,34.32506561279297,34.40515899658203,327221441.0,121956.96714416314,0,25.08366027641773,121931.88348388672,3544,165.2237260177322,46000,Neutral,40.16094779402504,36.7739,39.1127,46.1016,41.2843,29.649,134.53103637695312,-0.0075,AVAX-USD,0.5496,Neutral,0.52,0.6763,52.44566084974393,144,467.2099914550781,0.0,0.0
2024-04-27,34.43024826049805,34.40515899658203,35.06886672973633,33.31161117553711,34.43024826049805,331491157.0,122045.8834954815,0,25.08366027641773,122020.79983520508,3544,165.41702243364168,46000,Neutral,50.87266996589253,35.8148,38.3648,46.021,41.2361,29.7508,134.53103637695312,-0.0529,AVAX-USD,0.5496,Neutral,0.52,0.6763,52.44566084974393,144,467.2099914550781,0.0,0.0
2024-04-28,33.93898010253906,34.43024826049805,35.33513259887695,33.84305953979492,33.93898010253906,244157564.0,120304.82914367486,0,25.08366027641773,120279.74548339844,3544,161.63212166884463,46000,Neutral,40.3012735013224,34.9452,37.5676,45.915,41.1906,29.8509,134.53103637695312,-0.1024,AVAX-USD,0.5496,Neutral,0.52,0.6763,52.44566084974393,144,467.2099914550781,0.0,0.0
2024-04-29,35.364253997802734,33.93898010253906,35.781105041503906,32.91305923461914,35.364253997802734,442995634.0,125355.99982848931,0,25.08366027641773,125330.91616821289,3544,172.6129275053978,46000,Neutral,50.62073152015122,34.7445,37.0123,45.8222,41.1641,29.9569,134.53103637695312,0.1822,AVAX-USD,0.5523,Neutral,0.5151,0.6771,53.08299275892362,144,468.8399963378906,0.0,0.0
2024-04-30,32.706424713134766,35.35856246948242,35.65205764770508,31.989028930664062,32.706424713134766,518107123.0,115936.65284362603,0,25.08366027641773,115911.56918334961,3544,152.1360862339559,46000,Neutral,44.563693630093326,34.169,36.282,45.653,41.0878,30.052,134.53103637695312,-0.0487,AVAX-USD,0.5335,Neutral,0.5282,0.6567,50.18568132703889,144,461.4299926757813,0.0,0.0
2024-05-01,33.28810119628906,32.706424713134766,33.8548583984375,30.68022727966309,33.28810119628906,620506676.0,118997.11565688897,0,25.441981351857294,118971.67367553711,3574,153.28523686145218,47000,"cash_0%_Buy 100% of cash (30 shares - DCA Strategy) Monthly invest 2.1% of total investment ($1,000.00)",49.2949575645076,33.9456,35.6436,45.4689,41.0265,30.1499,134.53103637695312,-0.0295,AVAX-USD,0.5378,Neutral,0.5284,0.6185,48.80691899002586,146,459.9299926757813,0.0,0.0
2024-05-02,33.61256408691406,33.28810119628906,34.08602523803711,32.31461715698242,33.61256408691406,352653461.0,120156.74602798272,0,25.441981351857294,120131.30404663086,3574,155.75253552335374,47000,Neutral,46.426589919136795,33.7821,35.3533,45.3191,41.0,30.2486,134.53103637695312,0.1053,AVAX-USD,0.5551,Neutral,0.5169,0.5821,50.476199542653845,146,464.2200012207031,0.0,0.0
2024-05-03,35.584896087646484,33.61269760131836,35.86737823486328,33.367042541503906,35.584896087646484,314837755.0,127205.8605986004,0,25.441981351857294,127180.41861724854,3574,170.75065163105094,47000,Neutral,52.249353630583336,34.1112,35.4286,45.194,40.9737,30.3555,134.53103637695312,0.6061,AVAX-USD,0.5787,Neutral,0.4994,0.5426,52.71747066927823,146,469.9800109863281,0.0,0.0
2024-05-04,37.36183166503906,35.58477020263672,37.61781311035156,35.25322723388672,37.36183166503906,376360200.0,133556.62835220146,0,25.441981351857294,133531.1863708496,3574,184.2629234472234,47000,Neutral,47.29620863905991,34.5108,35.4309,45.1584,40.9814,30.4692,134.53103637695312,1.2766,AVAX-USD,0.5787,Neutral,0.4994,0.5426,52.71747066927823,146,469.9800109863281,0.0,0.0
2024-05-05,37.40193939208984,37.36183166503906,37.93486785888672,36.71491622924805,37.40193939208984,338713061.0,133699.97336868092,0,25.441981351857294,133674.53138732907,3574,184.56791284398818,47000,Neutral,50.87794617821498,35.4499,35.5431,45.0898,41.0046,30.5837,134.53103637695312,1.7044,AVAX-USD,0.5787,Neutral,0.4994,0.5426,52.71747066927823,146,469.9800109863281,0.0,0.0
2024-05-06,37.13836288452149,37.40188217163086,39.76741409301758,36.88583755493164,37.13836288452149,552983720.0,132757.95093063166,0,25.441981351857294,132732.5089492798,3574,182.56360978430894,47000,Neutral,42.740889302740186,36.2199,35.6617,44.9873,41.0338,30.6974,134.53103637695312,1.9001,AVAX-USD,0.5811,Neutral,0.4976,0.5236,54.56184310701029,146,474.7200012207031,0.0,0.0
2024-05-07,35.341732025146484,37.13836288452149,37.57884216308594,35.33201599121094,35.341732025146484,369709353.0,126336.7922392254,0,25.441981351857294,126311.35025787354,3574,168.90157001535943,47000,Neutral,40.336193152457355,36.5658,35.7515,44.864,41.0276,30.8052,134.53103637695312,1.6653,AVAX-USD,0.5774,Neutral,0.4958,0.5162,54.826434316497455,146,475.3999938964844,0.0,0.0
2024-05-08,34.04719924926758,35.341732025146484,35.489585876464844,33.69520568847656,34.04719924926758,408813425.0,121710.13209823419,0,25.441981351857294,121684.69011688232,3574,159.05761226856964,47000,Neutral,42.058343729760225,36.2582,35.7113,44.7148,41.0222,30.9086,134.53103637695312,1.2544,AVAX-USD,0.577,Neutral,0.4931,0.5289,54.834224094498694,146,475.4200134277344,0.0,0.0
2024-05-09,35.08065414428711,34.04719924926758,35.35547637939453,33.77986145019531,35.08065414428711,314300331.0,125403.69989303399,0,25.441981351857294,125378.25791168213,3574,166.9162671511224,47000,Neutral,48.307732033914654,35.802,35.7292,44.5986,40.994,31.0164,134.53103637695312,1.1642,AVAX-USD,0.5832,Neutral,0.4913,0.5467,55.896483821447944,146,478.1499938964844,0.0,0.0
2024-05-10,33.71251678466797,35.08065414428711,36.08312225341797,33.25651931762695,33.71251678466797,394839671.0,120513.97696975518,0,25.441981351857294,120488.53498840332,3574,156.51260135691217,47000,Neutral,47.69906300926853,35.0641,35.4998,44.3437,40.9462,31.1181,134.53103637695312,0.8493,AVAX-USD,0.5861,Neutral,0.4867,0.565,56.126056653914304,146,478.739990234375,0.0,0.0
2024-05-11,33.479148864746094,33.7125358581543,33.97713088989258,33.1314697265625,33.479148864746094,226017886.0,119679.9200239544,0,25.441981351857294,119654.47804260254,3574,154.7380121105275,47000,Neutral,46.883600331882654,34.3323,35.3179,43.9751,40.9263,31.2184,134.53103637695312,0.6085,AVAX-USD,0.5861,Neutral,0.4867,0.565,56.126056653914304,146,478.739990234375,0.0,0.0
2024-05-12,33.167240142822266,33.4791374206543,33.965999603271484,32.93456268310547,33.167240142822266,160171039.0,118565.15825179864,0,25.441981351857294,118539.71627044678,3574,152.3661785527493,47000,Neutral,47.44121900510246,33.8974,35.015,43.6121,40.8989,31.3173,134.53103637695312,0.4107,AVAX-USD,0.5861,Neutral,0.4867,0.565,56.126056653914304,146,478.739990234375,0.0,0.0
2024-05-13,32.421722412109375,33.167240142822266,33.761016845703125,31.97885704040528,32.421722412109375,377640764.0,115900.67788223077,0,25.441981351857294,115875.2359008789,3574,146.69707138345598,47000,Neutral,39.78321042374337,33.5723,34.7217,43.2515,40.8746,31.4133,134.53103637695312,0.1686,AVAX-USD,0.5737,Neutral,0.5016,0.5756,56.13772944625457,146,478.7699890136719,0.0,0.0
2024-05-14,31.568510055541992,32.421722412109375,33.14076232910156,31.50533103942871,31.568510055541992,414009522.0,112851.29691985894,0,25.441981351857294,112825.85493850708,3574,140.20902678266486,47000,Neutral,45.4829792598414,32.8698,34.4818,42.8028,40.8405,31.5069,134.53103637695312,-0.1125,AVAX-USD,0.5712,Neutral,0.4997,0.5797,57.021014273760755,146,481.0400085449219,0.0,0.0
2024-05-15,34.67960739135742,31.568510055541992,34.75374221801758,31.397022247314453,34.67960739135742,493195941.0,123970.35879806329,0,25.441981351857294,123944.91681671143,3574,163.8666052469294,47000,Neutral,54.59993694829761,33.0632,34.4366,42.4891,40.8329,31.6134,134.53103637695312,0.3379,AVAX-USD,0.59,Neutral,0.4888,0.5894,59.30118679174497,146,486.8999938964844,0.0,0.0
2024-05-16,34.46154022216797,34.67978286743164,35.00104904174805,33.79062271118164,34.46154022216797,363745936.0,123190.98673538018,0,25.441981351857294,123165.54475402832,3574,162.20836681568875,47000,Neutral,52.8263632020348,33.2597,34.4394,42.0949,40.82,31.7186,134.53103637695312,0.6064,AVAX-USD,0.5875,Neutral,0.4857,0.5971,58.93931835453503,146,485.9700012207031,0.0,0.0
2024-05-17,36.423484802246094,34.46154022216797,37.53593826293945,34.29845428466797,36.423484802246094,503901274.0,130202.9766645794,0,25.441981351857294,130177.53468322754,3574,177.12749432462329,47000,Neutral,52.793714190727606,33.911,34.539,41.6904,40.8441,31.8327,134.53103637695312,1.1496,AVAX-USD,0.5906,Neutral,0.4788,0.613,59.21947724536311,146,486.6900024414063,0.0,0.0
2024-05-18,37.268310546875,36.423484802246094,37.62953186035156,36.39566040039063,37.268310546875,312377541.0,133222.3838758831,0,25.441981351857294,133196.94189453125,3574,183.55176498697156,47000,Neutral,49.667808389017026,34.8803,34.7055,41.4195,40.8827,31.9512,134.53103637695312,1.6234,AVAX-USD,0.5906,Neutral,0.4788,0.613,59.21947724536311,146,486.6900024414063,0.0,0.0
2024-05-19,35.621829986572266,37.268333435058594,37.72692108154297,35.43242263793945,35.621829986572266,308506373.0,127337.86235336114,0,25.441981351857294,127312.42037200928,3574,171.03150642841422,47000,Neutral,44.32462771883226,35.691,34.7184,41.0627,40.9061,32.0627,134.53103637695312,1.5704,AVAX-USD,0.5906,Neutral,0.4788,0.613,59.21947724536311,146,486.6900024414063,0.0,0.0
2024-05-20,40.13941955566406,35.621829986572266,40.21567916870117,35.2384147644043,40.13941955566406,665621114.0,143483.7274732952,0,25.441981351857294,143458.28549194336,3574,205.38441093891225,47000,Neutral,57.52643742116798,36.7829,35.09,40.8339,40.97,32.1928,134.53103637695312,2.3004,AVAX-USD,0.5862,Neutral,0.4795,0.624,59.40625379746898,146,487.1700134277344,0.0,0.0
2024-05-21,41.16374206542969,40.13881301879883,41.3155403137207,39.73443984985352,41.16374206542969,775228484.0,147144.65612319755,0,25.441981351857294,147119.2141418457,3574,213.1736208323215,47000,Neutral,65.18960167584689,38.1234,35.4838,40.6322,41.0673,32.3277,134.53103637695312,2.8305,AVAX-USD,0.5899,Neutral,0.4762,0.6328,59.915985520763385,146,488.4800109863281,0.0,0.0
2024-05-22,39.99242782592773,41.16374206542969,41.68886947631836,39.332481384277344,39.99242782592773,569900149.0,142958.37903121754,0,25.441981351857294,142932.9370498657,3574,204.26664829619378,47000,Neutral,65.61145272197174,38.8371,35.8028,40.4085,41.1457,32.4571,134.53103637695312,2.8189,AVAX-USD,0.5792,Neutral,0.4829,0.6145,59.36344564244693,146,487.05999755859375,0.0,0.0
2024-05-23,38.508544921875,39.99242782592773,40.39580154418945,36.72113800048828,38.508544921875,738657009.0,137654.9815321331,0,25.441981351857294,137629.53955078125,3574,192.98282383005665,47000,Neutral,58.793220401344605,39.0852,35.949,40.1226,41.2064,32.5799,134.53103637695312,2.4188,AVAX-USD,0.5662,Neutral,0.4875,0.5795,57.954873284967064,146,483.4400024414063,0.0,0.0
2024-05-24,37.99346923828125,38.508544921875,38.947025299072266,36.9985580444336,37.99346923828125,387867841.0,135814.10103896903,0,25.441981351857294,135788.6590576172,3574,189.06605682332463,47000,Neutral,61.484099771612726,39.5595,35.9806,39.7921,41.269,32.701,134.53103637695312,1.9614,AVAX-USD,0.5753,Neutral,0.4767,0.5525,59.235044926703964,146,486.7300109863281,0.0,0.0
2024-05-25,38.287784576416016,37.99354553222656,38.68832015991211,37.7730598449707,38.287784576416016,231452356.0,136865.9840574627,0,25.441981351857294,136840.54207611084,3574,191.30410579884304,47000,Neutral,62.85762108994414,39.1892,36.0249,39.4999,41.3191,32.8219,134.53103637695312,1.6263,AVAX-USD,0.5753,Neutral,0.4767,0.5525,59.235044926703964,146,486.7300109863281,0.0,0.0
2024-05-26,36.752044677734375,38.28780364990234,38.289207458496094,36.51889801025391,36.752044677734375,246541312.0,131377.2496595745,0,25.441981351857294,131351.80767822266,3574,179.62594750546393,47000,Neutral,58.99647430227028,38.3069,36.0055,39.2105,41.3482,32.9369,134.53103637695312,1.0704,AVAX-USD,0.5753,Neutral,0.4767,0.5525,59.235044926703964,146,486.7300109863281,0.0,0.0
2024-05-27,38.234317779541016,36.752044677734375,38.86856460571289,36.68791961669922,38.234317779541016,369526478.0,136674.89372543144,0,25.441981351857294,136649.4517440796,3574,190.89753062430844,47000,Neutral,64.0671725568194,37.9552,36.1502,38.9374,41.3769,33.0576,134.53103637695312,0.9172,AVAX-USD,0.5656,Neutral,0.4827,0.5313,59.235044926703964,146,486.7300109863281,0.0,0.0
2024-05-28,36.99539566040039,38.234317779541016,38.332275390625,36.56013107299805,36.99539566040039,499550168.0,132246.98607162284,0,25.441981351857294,132221.544090271,3574,181.4764505098221,47000,Neutral,62.89300600946866,37.6526,36.2976,38.6639,41.3845,33.1712,134.53103637695312,0.5586,AVAX-USD,0.5609,Neutral,0.4867,0.5404,59.38679122712746,146,487.1199951171875,0.0,0.0
2024-05-29,36.13692474365234,36.99539566040039,37.41986083984375,36.1272087097168,36.13692474365234,386815665.0,129178.81101516531,0,25.441981351857294,129153.36903381345,3574,174.94841847480606,47000,Neutral,53.87724140982771,37.2813,36.3504,38.3828,41.3928,33.2829,134.53103637695312,0.1531,AVAX-USD,0.5428,Neutral,0.5044,0.5501,58.05215051268986,146,483.6900024414063,0.0,0.0
2024-05-30,35.98757553100586,36.13692474365234,37.05754470825195,35.33282470703125,35.98757553100586,400927205.0,128645.0369291668,0,25.441981351857294,128619.59494781494,3574,173.81272893012837,47000,Neutral,54.074968060617906,36.8213,36.4642,38.0808,41.4163,33.3937,134.53103637695312,-0.1405,AVAX-USD,0.5438,Neutral,0.5102,0.5571,56.787546552293804,146,480.4400024414063,0.0,0.0
2024-05-31,36.05586242675781,35.98757553100586,36.73426818847656,35.219242095947266,36.05586242675781,304849133.0,128889.09429458428,0,25.441981351857294,128863.65231323242,3574,174.33199992037834,47000,Neutral,48.907891152207135,36.682,36.593,37.8242,41.4349,33.5019,134.53103637695312,-0.3108,AVAX-USD,0.5631,Neutral,0.491,0.5453,58.41401894989974,146,484.6199951171875,0.0,0.0
2024-06-01,35.76011276245117,36.05585479736328,36.18375015258789,35.69512939453125,35.76011276245117,153306282.0,128831.083711195,0,23.15754084587593,128807.92617034912,3602,168.4979754649758,48000,"cash_0%_Buy 100% of cash (28 shares - DCA Strategy) Monthly invest 2.1% of total investment ($1,000.00)",45.36844721940486,36.1872,36.7226,37.6399,41.427,33.6086,134.53103637695312,-0.4571,AVAX-USD,0.561,Neutral,0.491,0.5356,57.5430555022364,148,484.6199951171875,0.0,0.0
2024-06-02,34.932491302490234,35.76012420654297,36.12911987304688,34.785152435302734,34.932491302490234,242436678.0,125849.9912124157,0,23.15754084587593,125826.83367156982,3602,162.28736609251894,48000,Neutral,47.770993533998926,35.7746,36.8482,37.4563,41.4188,33.7098,134.53103637695312,-0.673,AVAX-USD,0.561,Neutral,0.491,0.5356,57.5430555022364,148,484.6199951171875,0.0,0.0
2024-06-03,35.04046630859375,34.93251037597656,36.23768997192383,34.62831497192383,35.04046630859375,367614939.0,126238.91718440056,0,23.15754084587593,126215.75964355469,3602,163.0976285341541,48000,Neutral,26.93469945015731,35.5553,37.0218,37.2652,41.4204,33.8126,134.53103637695312,-0.7574,AVAX-USD,0.5706,Neutral,0.4958,0.4926,57.74830012755234,148,485.1499938964844,0.0,0.0
2024-06-04,36.07328796386719,35.04046630859375,36.2290153503418,34.57197570800781,36.07328796386719,331619265.0,129959.14078669548,0,23.15754084587593,129935.98324584961,3602,170.84809437226852,48000,Neutral,26.990837938274026,35.5724,37.0915,37.1101,41.4335,33.9208,134.53103637695312,-0.5894,AVAX-USD,0.576,Neutral,0.5003,0.4487,57.97677910153939,148,485.739990234375,0.0,0.0
2024-06-05,36.52158737182617,36.07328796386719,36.87636566162109,35.98094940185547,36.52158737182617,338905421.0,131573.91525416376,0,23.15754084587593,131550.75771331787,3602,174.21220784616077,48000,Neutral,33.21446361036807,35.6656,37.1945,36.9155,41.4534,34.0333,134.53103637695312,-0.3726,AVAX-USD,0.5823,Neutral,0.4939,0.4341,60.226729136485034,148,491.5499877929688,0.0,0.0
2024-06-06,35.91181564331055,36.52189636230469,37.14363861083984,35.78007125854492,35.91181564331055,288389895.0,129377.51748805046,0,23.15754084587593,129354.35994720459,3602,169.63637916675808,48000,Neutral,36.28199025676845,35.6959,37.1689,36.6909,41.4586,34.1432,134.53103637695312,-0.322,AVAX-USD,0.5827,Neutral,0.4931,0.4488,60.18413676994858,148,491.4400024414063,0.0,0.0
2024-06-07,33.507789611816406,35.91181945800781,36.82638549804688,31.625736236572266,33.507789611816406,639619595.0,120718.21572260857,0,23.15754084587593,120695.0581817627,3602,151.59616715542077,48000,Neutral,30.245601562216507,35.411,36.9808,36.418,41.4426,34.244,134.53103637695312,-0.6964,AVAX-USD,0.5753,Neutral,0.4818,0.4466,59.93628796001444,148,490.7999877929688,0.0,0.0
2024-06-08,32.29003143310547,33.506649017333984,33.69501876831055,31.99567604064941,32.29003143310547,283275581.0,116331.85076289177,0,23.15754084587593,116308.6932220459,3602,142.45790682267744,48000,Neutral,25.57334343371886,34.8609,36.8143,36.1816,41.395,34.3406,134.53103637695312,-1.1139,AVAX-USD,0.5753,Neutral,0.4818,0.4466,59.93628796001444,148,490.7999877929688,0.0,0.0
2024-06-09,32.96836853027344,32.29042053222656,33.000099182128906,32.09587478637695,32.96836853027344,225586790.0,118775.2209868908,0,23.15754084587593,118752.06344604492,3602,147.54826145600873,48000,Neutral,33.43350271713351,34.2399,36.4557,35.9426,41.334,34.4398,134.53103637695312,-1.1945,AVAX-USD,0.5753,Neutral,0.4818,0.4466,59.93628796001444,148,490.7999877929688,0.0,0.0
2024-06-10,32.274227142333984,32.96840286254883,33.427947998046875,32.06824493408203,32.274227142333984,339010385.0,116274.92370753289,0,23.15754084587593,116251.76616668701,3602,142.33930879067978,48000,Neutral,21.96974372369924,33.3904,36.0112,35.7129,41.2718,34.5362,134.53103637695312,-1.3045,AVAX-USD,0.5643,Neutral,0.4872,0.4797,60.55977449757377,148,492.4100036621094,0.0,0.0
2024-06-11,31.541475296020508,32.27455139160156,32.35134506225586,30.66936111450196,31.541475296020508,431914740.0,113635.55155711174,0,23.15754084587593,113612.39401626587,3602,136.8406168106357,48000,Neutral,23.068018810968226,32.5164,35.5887,35.5816,41.1923,34.6294,134.53103637695312,-1.4347,AVAX-USD,0.5672,Neutral,0.4917,0.5175,60.99349809687678,148,493.5299987792969,0.0,0.0
2024-06-12,33.27341079711914,31.541534423828125,33.94829177856445,30.86946487426757,33.27341079711914,393798586.0,119873.98323206902,0,23.15754084587593,119850.82569122314,3602,149.8373494667967,48000,Neutral,36.98263711139692,32.4695,35.3269,35.5682,41.1382,34.7287,134.53103637695312,-1.1065,AVAX-USD,0.5832,Neutral,0.4803,0.5526,62.58512188933811,148,497.6400146484375,0.0,0.0
2024-06-13,30.98321533203125,33.27122497558594,33.390506744384766,30.94081687927246,30.98321533203125,288165399.0,111624.69916682244,0,23.15754084587593,111601.54162597656,3602,132.651340997533,48000,Neutral,30.957057163245835,32.2081,34.9764,35.4626,41.0441,34.8199,134.53103637695312,-1.2578,AVAX-USD,0.5862,Neutral,0.4846,0.5631,62.94913062454606,148,498.5799865722656,0.0,0.0
2024-06-14,30.2910385131836,30.981414794921875,32.06368637084961,29.31273078918457,30.2910385131836,375634359.0,109131.47826533321,0,23.15754084587593,109108.32072448733,3602,127.45713078609708,48000,Neutral,29.05765880874216,31.6727,34.5766,35.3815,40.9499,34.9089,134.53103637695312,-1.4064,AVAX-USD,0.5823,Neutral,0.4981,0.5859,63.10404203979573,148,498.9800109863281,0.0,0.0
2024-06-15,29.987537384033203,30.28949546813965,30.605833053588867,29.937782287597656,29.987537384033203,160233357.0,108038.26719813347,0,23.15754084587593,108015.1096572876,3602,125.17960772943098,48000,Neutral,29.0413031115489,31.2153,34.2383,35.3019,40.8639,34.9961,134.53103637695312,-1.4701,AVAX-USD,0.5823,Neutral,0.4981,0.5859,63.10404203979573,148,498.9800109863281,0.0,0.0
2024-06-16,30.03886985778809,29.988563537597656,30.43521881103516,29.67672348022461,30.03886985778809,183019542.0,108223.16676859857,0,23.15754084587593,108200.0092277527,3602,125.56481516789995,48000,Neutral,31.171171567861208,30.9148,33.8286,35.2434,40.7828,35.0828,134.53103637695312,-1.4043,AVAX-USD,0.5823,Neutral,0.4981,0.5859,63.10404203979573,148,498.9800109863281,0.0,0.0
2024-06-17,28.480154037475582,30.042442321777344,30.30740547180176,27.425512313842773,28.480154037475582,322647281.0,102608.67238383292,0,23.15754084587593,102585.51484298705,3602,113.86795186630484,48000,Neutral,27.293301949459334,29.9562,33.4028,35.1372,40.6847,35.1613,134.53103637695312,-1.5775,AVAX-USD,0.5877,Neutral,0.496,0.6085,64.63756814249759,148,502.9400024414063,0.0,0.0
2024-06-18,26.61886405944824,28.476163864135746,28.494125366210938,25.382999420166016,26.61886405944824,449168310.0,95904.30588297843,0,23.15754084587593,95881.14834213255,3602,99.9005216561913,48000,Neutral,19.051067937863394,29.0833,32.9269,35.0022,40.5775,35.2303,134.53103637695312,-1.9639,AVAX-USD,0.5965,Neutral,0.4908,0.6425,65.15648829295522,148,504.2799987792969,0.0,0.0
2024-06-19,26.89194107055664,26.61778259277344,27.589130401611328,26.42009735107422,26.89194107055664,214897798.0,96887.9292769909,0,23.15754084587593,96864.77173614502,3602,101.94973706038395,48000,Neutral,18.11166426442894,28.4035,32.4721,34.812,40.4806,35.2983,134.53103637695312,-2.0331,AVAX-USD,0.5939,Neutral,0.493,0.6607,65.15648829295522,148,504.2799987792969,0.0,0.0
2024-06-20,27.544408798217773,26.89194107055664,28.84513664245605,26.717437744140625,27.544408798217773,295674926.0,99238.1180320263,0,23.15754084587593,99214.96049118042,3602,106.84596363337438,48000,Neutral,22.369670276238395,27.9148,32.0466,34.6525,40.3965,35.3701,134.53103637695312,-1.8068,AVAX-USD,0.5813,Neutral,0.5015,0.6911,64.61433379382646,148,502.8800048828125,0.0,0.0
2024-06-21,27.450439453125,27.54388427734375,27.98408889770508,26.97675132751465,27.450439453125,229113421.0,98899.64045100212,0,23.15754084587593,98876.48291015625,3602,106.14080200624065,48000,Neutral,26.39683804336842,27.3972,31.6311,34.4562,40.319,35.4407,134.53103637695312,-1.5538,AVAX-USD,0.5764,Neutral,0.4989,0.6894,64.18835103805324,148,501.7799987792969,0.0,0.0
2024-06-22,25.6173152923584,27.449893951416016,27.468799591064453,24.671510696411133,25.6173152923584,568500434.0,92296.72722392083,0,23.15754084587593,92273.56968307495,3602,92.38473278315465,48000,Neutral,25.188858782183388,26.8246,31.1653,34.2451,40.2331,35.5014,134.53103637695312,-1.6713,AVAX-USD,0.5764,Neutral,0.4989,0.6894,64.18835103805324,148,501.7799987792969,0.0,0.0
2024-06-23,25.05120277404785,25.61616516113281,25.97177124023437,24.1958122253418,25.05120277404785,388408327.0,90257.58993296624,0,23.15754084587593,90234.43239212036,3602,88.13653009366591,48000,Neutral,20.313874258343034,26.5111,30.6658,34.0565,40.1357,35.5616,134.53103637695312,-1.7492,AVAX-USD,0.5764,Neutral,0.4989,0.6894,64.18835103805324,148,501.7799987792969,0.0,0.0
2024-06-24,24.83131599426269,25.05338859558105,25.17954635620117,23.649463653564453,24.83131599426269,451738262.0,89465.55775218009,0,23.15754084587593,89442.40021133421,3602,86.48646305036144,48000,Neutral,21.06298363026272,26.0989,30.1038,33.8773,40.0305,35.6194,134.53103637695312,-1.7194,AVAX-USD,0.5696,Neutral,0.4996,0.6908,63.665554556789886,148,500.4299926757813,0.0,0.0
2024-06-25,25.399450302124023,24.83052444458008,25.72477531433105,24.630022048950195,25.399450302124023,240499666.0,91511.9775290966,0,23.15754084587593,91488.81998825073,3602,90.74983758560418,48000,Neutral,25.811026456368268,25.6699,29.5476,33.7272,39.9144,35.6779,134.53103637695312,-1.4369,AVAX-USD,0.5765,Neutral,0.4935,0.6705,64.47105137099405,148,502.510009765625,0.0,0.0
2024-06-26,25.803598403930664,25.39849090576172,26.602628707885746,25.309471130371094,25.803598403930664,341321541.0,92967.71899180413,0,23.15754084587593,92944.56145095825,3602,93.78263229957817,48000,Neutral,17.14582206059393,25.3406,29.0422,33.5834,39.8022,35.7377,134.53103637695312,-1.0364,AVAX-USD,0.5736,Neutral,0.4869,0.6508,64.68791317064557,148,503.0700073242188,0.0,0.0
2024-06-27,27.89529800415039,25.80181312561035,28.291244506835938,25.36954116821289,27.89529800415039,359682498.0,100502.02095179558,0,23.15754084587593,100478.8634109497,3602,109.47909471622705,48000,Neutral,36.17717985296034,25.7962,28.7616,33.4827,39.6988,35.8067,134.53103637695312,-0.1828,AVAX-USD,0.5726,Neutral,0.4843,0.6423,64.9899715214517,148,503.8500061035156,0.0,0.0
2024-06-28,27.89578628540039,27.89444160461425,28.929967880249023,27.693504333496094,27.89578628540039,328243749.0,100503.77974085808,0,23.15754084587593,100480.6222000122,3602,109.48275886010724,48000,Neutral,38.570031066019936,26.3651,28.5419,33.3582,39.5902,35.8721,134.53103637695312,0.4322,AVAX-USD,0.5649,Neutral,0.4838,0.6481,64.24024555853234,148,500.1300048828125,1.784,0.0
2024-06-29,27.72550773620605,27.89761734008789,28.58929252624512,27.57950019836425,27.72550773620605,191296681.0,99890.43640666007,0,23.15754084587593,99867.2788658142,3602,108.2049602471947,48000,Neutral,39.066747916288314,26.9439,28.2798,33.2752,39.4641,35.938,134.53103637695312,0.8249,AVAX-USD,0.5649,Neutral,0.4838,0.6481,64.93110830363035,148,500.1300048828125,1.784,0.0
2024-06-30,29.360876083374023,27.72542190551757,29.448894500732425,27.41143035888672,29.360876083374023,255192412.0,105781.0331931591,0,23.15754084587593,105757.87565231323,3602,120.47703688573436,48000,Neutral,47.15815497850531,27.7362,28.1341,33.2097,39.3393,36.0099,134.53103637695312,1.4704,AVAX-USD,0.5682,Neutral,0.4848,0.6454,65.62197104872843,148,500.1300048828125,1.784,0.0
2024-07-01,28.816137313842773,29.35049629211425,30.02854347229004,28.816137313842773,28.816137313842773,296949144.0,104817.87558050157,0,13.584170055394452,104804.29141044617,3637,114.01391619692825,49000,"cash_0%_Buy 100% of cash (35 shares - DCA Strategy) Monthly invest 2.0% of total investment ($1,000.00)",51.539120208161144,28.3387,27.9978,33.1298,39.2244,36.0791,134.53103637695312,1.7373,AVAX-USD,0.5643,Neutral,0.4778,0.6721,65.12852144824681,154,501.2799987792969,0.0,0.0
2024-07-02,28.64264297485352,28.81500244140625,28.850215911865234,28.081689834594727,28.64264297485352,250229605.0,104186.87666959765,0,13.584170055394452,104173.29249954225,3637,112.7261633175325,49000,Neutral,60.96662827985538,28.4882,27.7663,33.0141,39.104,36.1469,134.53103637695312,1.8342,AVAX-USD,0.5691,Neutral,0.4776,0.6879,66.39381271038273,154,504.5299987792969,0.0,0.0
2024-07-03,26.49129676818848,28.642305374145508,28.90276336669922,26.4475326538086,26.49129676818848,340094712.0,96362.4305159569,0,13.584170055394452,96348.8463459015,3637,96.75790586112278,49000,GeoWatch,48.19615025059458,28.2073,27.5417,32.8329,38.9956,36.2028,134.53103637695312,1.3649,AVAX-USD,0.5739,GeoWatch,0.4817,0.7238,67.28146272057499,154,506.80999755859375,0.0,0.0
2024-07-04,24.44641494750977,26.48984336853028,26.63045883178711,24.390846252441406,24.44641494750977,534573189.0,88925.19533414843,0,13.584170055394452,88911.61116409303,3637,81.5798748778402,49000,GeoWatch,37.60571542030767,27.5515,27.2495,32.617,38.8534,36.2512,134.53103637695312,0.5736,AVAX-USD,0.5729,GeoWatch,0.4836,0.7623,67.28146272057499,154,506.80999755859375,0.0,0.0
2024-07-05,25.134418487548828,24.43590545654297,25.4077262878418,22.12565994262696,25.134418487548828,610525789.0,91427.46420927049,0,13.584170055394452,91413.88003921509,3637,86.68654605155868,49000,GeoWatch,41.154624594103815,26.7062,27.0068,32.4169,38.7021,36.3017,134.53103637695312,0.2451,AVAX-USD,0.5819,GeoWatch,0.4893,0.7837,68.46110302202943,154,509.8399963378906,0.0,0.0
2024-07-06,27.44342613220215,25.12945938110352,27.56656074523925,24.97484016418457,27.44342613220215,251584025.0,99825.32501287461,0,13.584170055394452,99811.74084281921,3637,103.82503748748549,49000,GeoWatch,56.729680807453725,26.4316,26.877,32.2853,38.5746,36.362,134.53103637695312,0.6142,AVAX-USD,0.5819,GeoWatch,0.4893,0.7837,68.46110302202943,154,509.8399963378906,0.0,0.0
2024-07-07,25.70512962341309,27.44013786315918,27.453351974487305,25.51751708984375,25.70512962341309,246740619.0,93503.14061040881,0,13.584170055394452,93489.55644035341,3637,90.92262033959607,49000,GeoWatch,52.21823924421246,25.8441,26.7383,32.1462,38.4305,36.4076,134.53103637695312,0.453,AVAX-USD,0.5819,GeoWatch,0.4893,0.7837,68.46110302202943,154,509.8399963378906,0.0,0.0
2024-07-08,25.222187042236328,25.715274810791016,27.15577507019043,24.6664981842041,25.222187042236328,457966073.0,91746.67844266893,0,13.584170055394452,91733.09427261353,3637,87.33800367073917,49000,GeoWatch,51.30265784688481,25.5903,26.6684,31.9819,38.2902,36.4428,134.53103637695312,0.2569,AVAX-USD,0.5784,GeoWatch,0.4849,0.7639,68.65186621036376,154,510.3299865722656,0.0,0.0
2024-07-09,26.421600341796875,25.219947814941406,26.46960830688477,24.77920913696289,26.421600341796875,349286751.0,96108.94461317064,0,13.584170055394452,96095.36044311523,3637,96.24058769217123,49000,GeoWatch,53.26897468821579,25.9854,26.6449,31.8604,38.102,36.4743,134.53103637695312,0.4503,AVAX-USD,0.5758,GeoWatch,0.486,0.7442,68.86989655846563,154,510.8900146484375,0.0,0.0
2024-07-10,25.76766586303711,26.42434310913086,27.376235961914062,25.65686798095703,25.76766586303711,255672807.0,93730.58491392137,0,13.584170055394452,93717.00074386597,3637,91.38679238758087,49000,GeoWatch,49.886890012710545,26.112,26.5561,31.7319,37.8535,36.5141,134.53103637695312,0.4368,AVAX-USD,0.5762,GeoWatch,0.486,0.7285,70.78534621572065,154,515.8099975585938,0.0,0.0
2024-07-11,25.22551918029785,25.7673282623291,26.314916610717773,25.084890365600582,25.22551918029785,302646280.0,91758.79742879869,0,13.584170055394452,91745.21325874329,3637,87.36273629549379,49000,GeoWatch,40.687472780611024,25.6684,26.4448,31.5995,37.6058,36.548,134.53103637695312,0.3177,AVAX-USD,0.5817,GeoWatch,0.4888,0.7326,69.06455675264039,154,511.3900146484375,0.0,0.0
2024-07-12,25.974353790283203,25.222850799560547,26.07348251342773,24.8803653717041,25.974353790283203,245057056.0,94482.30890531541,0,13.584170055394452,94468.72473526001,3637,92.9209229822626,49000,GeoWatch,43.63033772771556,25.7223,26.4627,31.4921,37.3718,36.5698,134.53103637695312,0.4493,AVAX-USD,0.5893,GeoWatch,0.4831,0.731,70.29479872444335,154,514.5499877929688,0.0,0.0
2024-07-13,25.87324523925781,25.973613739013672,26.296735763549805,25.57195472717285,25.87324523925781,263193767.0,94114.57710523605,0,13.584170055394452,94100.99293518065,3637,92.17044992087615,49000,GeoWatch,43.83135060860148,25.8525,26.5038,31.3971,37.1,36.587,134.53103637695312,0.5265,AVAX-USD,0.5893,GeoWatch,0.4831,0.731,70.29479872444335,154,514.5499877929688,0.0,0.0
2024-07-14,26.36935806274414,25.87187385559082,26.63951873779297,25.65995216369629,26.36935806274414,251852910.0,95918.93944425584,0,13.584170055394452,95905.35527420044,3637,95.8528220413247,49000,GeoWatch,39.219181345784065,25.842,26.5807,31.2586,36.8739,36.6054,134.53103637695312,0.7095,AVAX-USD,0.5893,GeoWatch,0.4831,0.731,70.29479872444335,154,514.5499877929688,0.0,0.0
2024-07-15,27.85492706298828,26.37639236450196,27.874717712402344,26.31837654113769,27.85492706298828,358080889.0,101321.95389814378,0,13.584170055394452,101308.36972808838,3637,106.8793821513001,49000,GeoWatch,46.7559761180579,26.2595,26.7035,31.1485,36.6217,36.6298,134.53103637695312,1.1867,AVAX-USD,0.5886,GeoWatch,0.4877,0.7344,70.90213757977934,154,516.1099853515625,0.0,0.0
2024-07-16,28.03032875061035,27.849105834960938,29.207748413085938,26.536853790283203,28.03032875061035,474045817.0,101959.88983602525,0,13.584170055394452,101946.30566596985,3637,108.18129222860922,49000,GeoWatch,47.93374418716912,26.8204,26.8148,31.0086,36.3495,36.6514,134.53103637695312,1.5024,AVAX-USD,0.5906,GeoWatch,0.4885,0.7298,72.04284346617575,154,519.0399780273438,0.0,0.0
2024-07-17,27.25325393676757,28.03105926513672,28.995689392089844,27.25325393676757,27.25325393676757,364404918.0,99133.66873807905,0,13.584170055394452,99120.08456802365,3637,102.41349406953533,49000,GeoWatch,52.83408682435702,27.0762,26.7827,30.8417,36.1306,36.678,134.53103637695312,1.4702,AVAX-USD,0.5778,GeoWatch,0.506,0.7432,69.2202825317571,154,511.7900085449219,0.0,0.0
2024-07-18,27.138296127319336,27.251876831054688,27.91197204589844,26.711889266967773,27.138296127319336,270954780.0,98715.56718511583,0,13.584170055394452,98701.98301506042,3637,101.56022559410016,49000,GeoWatch,61.69081473320602,27.3292,26.7448,30.7003,35.8815,36.7117,134.53103637695312,1.377,AVAX-USD,0.5659,GeoWatch,0.5231,0.746,67.72139666038848,154,507.9400024414063,0.0,0.0
2024-07-19,28.1879940032959,27.13728904724121,28.40957832336425,26.707508087158203,28.1879940032959,337996220.0,102533.31836004258,0,13.584170055394452,102519.73418998718,3637,109.35155452252215,49000,GeoWatch,62.85770321108277,27.693,26.768,30.5011,35.6675,36.7425,134.53103637695312,1.5227,AVAX-USD,0.5553,GeoWatch,0.5288,0.7129,66.40159484094825,154,504.5499877929688,0.0,0.0
2024-07-20,29.130952835083008,28.1879940032959,29.167200088500977,27.87027931213379,29.130952835083008,247061759.0,105962.8596312523,0,13.584170055394452,105949.2754611969,3637,116.35061834131749,49000,GeoWatch,58.02938004383011,27.9482,26.7565,30.3006,35.4664,36.7778,134.53103637695312,1.778,AVAX-USD,0.5553,GeoWatch,0.5288,0.7129,66.40159484094825,154,504.5499877929688,0.0,0.0
2024-07-21,32.60565948486328,29.130979537963867,32.947845458984375,28.623668670654297,32.60565948486328,758424815.0,118600.36771650315,0,13.584170055394452,118586.78354644775,3637,142.14145116836005,49000,GeoWatch,78.17725165125009,28.8632,26.9459,30.1775,35.293,36.8266,134.53103637695312,2.6567,AVAX-USD,0.5553,GeoWatch,0.5288,0.7129,66.40159484094825,154,504.5499877929688,0.0,0.0
2024-07-22,31.858896255493164,32.60565948486328,32.889923095703125,31.40718460083008,31.858896255493164,499061368.0,115884.38985128404,0,13.584170055394452,115870.80568122864,3637,136.5986391985251,49000,Neutral,76.52841479252307,29.7844,27.1067,30.0666,35.0946,36.8705,134.53103637695312,2.8905,AVAX-USD,0.5718,Neutral,0.5055,0.6879,68.44164175505809,154,509.7900085449219,0.0,0.0
2024-07-23,29.841068267822266,31.858896255493164,32.60590744018555,29.53968048095703,29.841068267822266,474364433.0,108545.54946012498,0,13.584170055394452,108531.96529006958,3637,121.62141391044541,49000,Neutral,62.82900706373735,30.3249,27.2742,29.9308,34.8614,36.9069,134.53103637695312,2.4355,AVAX-USD,0.5694,Neutral,0.5017,0.6515,68.11071704873798,154,508.9400024414063,0.0,0.0
2024-07-24,28.39635467529297,29.841856002807617,30.490442276000977,28.31222915649414,28.39635467529297,447694427.0,103291.12612409593,0,13.584170055394452,103277.54195404053,3637,110.89810097977386,49000,Neutral,59.30978979258107,30.3666,27.4717,29.7659,34.6329,36.9404,134.53103637695312,1.7042,AVAX-USD,0.5376,Neutral,0.5456,0.6121,63.57513690068916,154,497.2900085449219,0.0,0.0
2024-07-25,27.257287979125977,28.39607620239257,28.55320167541504,26.349035263061523,27.257287979125977,400103089.0,99148.34055013658,0,13.584170055394452,99134.75638008118,3637,102.44343654312212,49000,Neutral,56.90383017554593,29.9919,27.5779,29.6077,34.4091,36.9679,134.53103637695312,0.9013,AVAX-USD,0.5377,Neutral,0.5506,0.5746,62.59793892397495,154,494.7799987792969,0.0,0.0
2024-07-26,28.708839416503903,27.25732040405273,28.83883476257324,27.20052719116211,28.708839416503903,345076408.0,104427.6331278801,0,13.584170055394452,104414.04895782469,3637,113.21750302831295,49000,Neutral,58.86811635368892,29.2125,27.6411,29.4489,34.1932,36.9996,134.53103637695312,0.671,AVAX-USD,0.5643,Neutral,0.5261,0.5552,64.75866232686862,154,500.3299865722656,0.0,0.0
2024-07-27,28.0848331451416,28.7092227935791,29.48973846435547,27.72916984558105,28.0848331451416,294617909.0,102158.1223189354,0,13.584170055394452,102144.53814888,3637,108.58584831618097,49000,Neutral,56.93704893827182,28.4577,27.7601,29.3004,33.9822,37.0275,134.53103637695312,0.3468,AVAX-USD,0.5643,Neutral,0.5261,0.5552,64.75866232686862,154,500.3299865722656,0.0,0.0
2024-07-28,27.40057373046875,28.0848331451416,28.15249824523925,27.162982940673828,27.40057373046875,186939609.0,99669.47082777024,0,13.584170055394452,99655.88665771484,3637,103.50696772196635,49000,Neutral,53.19686310608978,27.9696,27.8691,29.1548,33.7688,37.0506,134.53103637695312,-0.0343,AVAX-USD,0.5643,Neutral,0.5261,0.5552,64.75866232686862,154,500.3299865722656,0.0,0.0
2024-07-29,27.08311080932617,27.40055656433105,28.81195640563965,27.08311080932617,27.08311080932617,345660151.0,98514.85818357467,0,13.584170055394452,98501.27401351927,3637,101.15061538687335,49000,Neutral,47.42047767959136,27.7069,27.9021,29.0064,33.5436,37.0708,134.53103637695312,-0.3501,AVAX-USD,0.5638,Neutral,0.5301,0.5315,64.9027208506949,154,500.7000122070313,0.0,0.0
2024-07-30,26.339189529418945,27.08311080932617,27.28857040405273,26.11893081665039,26.339189529418945,233626464.0,95809.2164885521,0,13.584170055394452,95795.6323184967,3637,95.62889764192933,49000,Neutral,44.55488886039344,27.5233,27.9307,28.8444,33.3343,37.089,134.53103637695312,-0.7059,AVAX-USD,0.5499,Neutral,0.5471,0.5164,63.8826914530822,154,498.0799865722656,0.0,0.0
2024-07-31,25.71908950805664,26.339189529418945,26.82242584228516,25.469463348388672,25.71908950805664,274132420.0,93553.9127108574,0,13.584170055394452,93540.328540802,3637,91.02623687112381,49000,Neutral,45.00987176140218,26.9254,27.9554,28.6771,33.1585,37.1019,134.53103637695312,-1.0419,AVAX-USD,0.5704,Neutral,0.5325,0.5419,66.93885887784903,154,505.9299926757813,0.0,0.0
2024-08-01,25.723108291625977,25.71908950805664,25.88352394104004,24.13870048522949,25.723108291625977,296943609.0,94567.52582547569,0,9.379745458608113,94558.14608001709,3676,89.23493605093765,50000,"cash_0%_Buy 100% of cash (39 shares - DCA Strategy) Monthly invest 2.0% of total investment ($1,000.00)",45.36340103494631,26.453,27.9428,28.5236,32.99,37.107,134.53103637695312,-1.2029,AVAX-USD,0.5458,Neutral,0.568,0.5527,63.34216898516276,156,499.0299987792969,0.0,0.0
2024-08-02,23.59450340270996,25.723108291625977,25.85492897033692,23.431133270263672,23.59450340270996,325550807.0,86742.77425382042,0,9.379745458608113,86733.39450836182,3676,73.5854329076271,50000,Neutral,35.94399852641217,25.6918,27.8289,28.3328,32.799,37.0961,134.53103637695312,-1.7477,AVAX-USD,0.5116,Neutral,0.6429,0.5262,59.80817087725261,156,489.9100036621094,0.0,0.0
2024-08-03,22.68356704711914,23.59466552734375,24.07581329345703,22.25019264221192,22.68356704711914,270795273.0,83394.17221066856,0,9.379745458608113,83384.79246520996,3676,66.88822882132337,50000,Neutral,30.232371550271537,24.8119,27.6446,28.1097,32.6099,37.081,134.53103637695312,-2.2294,AVAX-USD,0.5116,Neutral,0.6429,0.5262,59.80817087725261,156,489.9100036621094,0.0,0.0
2024-08-04,21.22766876220703,22.68356704711914,22.92548370361328,20.66783905029297,21.22766876220703,270824417.0,78042.29011533165,0,9.379745458608113,78032.91036987305,3676,56.18446463064954,50000,Neutral,10.186555110910575,23.7896,27.3132,27.8548,32.3851,37.0418,134.53103637695312,-2.7879,AVAX-USD,0.5116,Neutral,0.6429,0.5262,59.80817087725261,156,489.9100036621094,0.0,0.0
2024-08-05,19.549341201782227,21.22766876220703,21.33831024169922,17.487194061279297,19.549341201782227,987178111.0,71872.75800321007,0,9.379745458608113,71863.37825775146,3676,43.84540040640639,50000,RiskWatch,9.56309927734587,22.5556,26.8892,27.5821,32.1365,36.9907,134.53103637695312,-3.4401,AVAX-USD,0.4026,RiskWatch,0.7895,0.5014,54.10804918840985,156,475.2000122070313,0.0,0.0
2024-08-06,20.87719345092773,19.54926109313965,21.448694229125977,19.545991897583008,20.87719345092773,352023957.0,76753.94287106894,0,9.379745458608113,76744.56312561034,3676,53.607770142124124,50000,RiskWatch,19.155434256699834,21.5865,26.5704,27.3716,31.8948,36.9232,134.53103637695312,-3.3413,AVAX-USD,0.4634,RiskWatch,0.6881,0.4824,55.94479540423016,156,479.9400024414063,0.0,0.0
2024-08-07,19.82934761047364,20.87719345092773,21.686050415039062,19.744291305541992,19.82934761047364,285635733.0,72902.0615615597,0,9.379745458608113,72892.6818161011,3676,45.90400752310566,50000,RiskWatch,19.69330419695312,20.8334,26.2049,27.1639,31.6728,36.8469,134.53103637695312,-3.3795,AVAX-USD,0.4474,RiskWatch,0.684,0.4682,54.65441378191569,156,476.6099853515625,0.0,0.0
2024-08-08,22.737106323242188,19.82934761047364,22.76522827148437,19.613391876220703,22.737106323242188,296564441.0,83590.98258969688,0,9.379745458608113,83581.60284423828,3676,67.28184957938002,50000,Neutral,35.78786623780974,20.8441,25.9324,26.9934,31.468,36.7857,134.53103637695312,-2.4202,AVAX-USD,0.4841,Neutral,0.6331,0.4851,58.963423715387364,156,487.7300109863281,0.0,0.0
2024-08-09,21.774154663085938,22.737106323242188,22.76107406616211,21.356245040893555,21.774154663085938,237335760.0,80051.17228696251,0,9.379745458608113,80041.7925415039,3676,60.202228973911275,50000,Neutral,27.50515817538313,20.9534,25.5645,26.8184,31.2656,36.7137,134.53103637695312,-1.9128,AVAX-USD,0.5119,Neutral,0.5929,0.5272,59.77329729632001,156,489.8200073242188,0.0,0.0
2024-08-10,21.58826065063477,21.774154663085938,22.02133178710937,21.439611434936523,21.58826065063477,133818907.0,79367.82589719201,0,9.379745458608113,79358.44615173341,3676,58.83553619437028,50000,Neutral,28.309811098280093,21.3612,25.0137,26.6525,31.117,36.6399,134.53103637695312,-1.5034,AVAX-USD,0.5119,Neutral,0.5929,0.5272,59.77329729632001,156,489.8200073242188,0.0,0.0
2024-08-11,20.42854690551757,21.58837509155273,22.344762802124023,20.42733383178711,20.42854690551757,189436264.0,75104.71817014119,0,9.379745458608113,75095.33842468259,3676,50.30932074026864,50000,Neutral,27.438684772255556,21.2715,24.4422,26.4384,31.0033,36.5591,134.53103637695312,-1.4472,AVAX-USD,0.5119,Neutral,0.5929,0.5272,59.77329729632001,156,489.8200073242188,0.0,0.0
2024-08-12,21.289514541625977,20.42854690551757,21.66364860534668,20.378995895385746,21.289514541625977,241874343.0,78269.63520047569,0,9.379745458608113,78260.25545501709,3676,56.639154800937646,50000,Neutral,31.88911547355154,21.5635,24.0146,26.2768,30.8697,36.4725,134.53103637695312,-1.0492,AVAX-USD,0.5099,Neutral,0.5988,0.6104,59.87017229632001,156,490.0700073242188,0.0,0.0
2024-08-13,21.40406036376953,21.289514541625977,21.60154914855957,20.64847755432129,21.40406036376953,189686139.0,78690.7056426754,0,9.379745458608113,78681.3258972168,3676,57.481295685337045,50000,Neutral,33.94078851247339,21.2969,23.665,26.1287,30.7551,36.3922,134.53103637695312,-0.6586,AVAX-USD,0.5379,Neutral,0.568,0.6601,63.02441614702798,156,498.2099914550781,0.0,0.0
2024-08-14,20.97269821166992,21.40406036376953,21.85294342041016,20.839977264404297,20.97269821166992,179944462.0,77105.01837155722,0,9.379745458608113,77095.63862609862,3676,54.309921143100695,50000,Neutral,34.36287773581584,21.1366,23.3507,25.9785,30.6402,36.3085,134.53103637695312,-0.4467,AVAX-USD,0.5581,Neutral,0.5416,0.6677,63.64053972796064,156,499.7999877929688,0.0,0.0
2024-08-15,20.141338348388672,20.97269821166992,21.141996383666992,19.898605346679688,20.141338348388672,241013187.0,74048.93951413536,0,9.379745458608113,74039.55976867676,3676,48.19776342825697,50000,Neutral,32.56134906262457,20.8472,22.9224,25.8135,30.5285,36.2265,134.53103637695312,-0.4764,AVAX-USD,0.5752,Neutral,0.5209,0.6787,66.96529635027505,156,508.3800048828125,0.0,0.0
2024-08-16,20.394376754760746,20.141498565673828,20.68081283569336,19.8572006225586,20.394376754760746,182512415.0,74979.1086959591,0,9.379745458608113,74969.7289505005,3676,50.05810179190446,50000,Neutral,38.67488603929759,20.8404,22.5378,25.6787,30.408,36.1306,134.53103637695312,-0.3433,AVAX-USD,0.5827,Neutral,0.5154,0.6652,67.37992418840986,156,509.4500122070313,0.0,0.0
2024-08-17,20.670944213867188,20.394376754760746,20.671018600463867,20.265108108520508,20.670944213867188,101104215.0,75995.77067563438,0,9.379745458608113,75986.39093017578,3676,52.09142575125503,50000,Neutral,42.54257301916976,20.7167,22.2014,25.5796,30.2909,36.0252,134.53103637695312,-0.1032,AVAX-USD,0.5827,Neutral,0.5154,0.6652,67.37992418840986,156,509.4500122070313,0.0,0.0
2024-08-18,20.819700241088867,20.670944213867188,21.49272346496582,20.566490173339844,20.819700241088867,151064030.0,76542.59783170128,0,9.379745458608113,76533.21808624268,3676,53.1850800633888,50000,Neutral,48.32620623911196,20.5998,21.8882,25.4784,30.1452,35.9226,134.53103637695312,0.1569,AVAX-USD,0.5827,Neutral,0.5154,0.6652,67.37992418840986,156,509.4500122070313,0.0,0.0
2024-08-19,21.2274112701416,20.819700241088867,21.235275268554688,20.44474983215332,21.2274112701416,165359094.0,78041.34357449913,0,9.379745458608113,78031.96382904053,3676,56.18257154898452,50000,Neutral,57.68605793372982,20.6508,21.6326,25.3731,30.0128,35.8107,134.53103637695312,0.4943,AVAX-USD,0.5903,Neutral,0.5108,0.603,69.27865999773599,156,514.3499755859375,0.0,0.0
2024-08-20,22.42511367797852,21.2274112701416,22.759679794311523,21.204805374145508,22.42511367797852,283519502.0,82444.09762570764,0,9.379745458608113,82434.71788024904,3676,64.98807965140152,50000,Neutral,57.17548277985284,21.1075,21.4679,25.2894,29.8728,35.7054,134.53103637695312,1.0973,AVAX-USD,0.5779,Neutral,0.5283,0.5617,68.94929445818522,156,513.5,0.0,0.0
2024-08-21,23.52741432189941,22.25629425048828,23.76346015930176,22.25629425048828,23.52741432189941,293546446.0,86496.15479276083,0,9.379745458608113,86486.77504730223,3676,73.09219398550793,50000,Neutral,67.05651265427684,21.7341,21.3581,25.2545,29.7498,35.602,134.53103637695312,1.801,AVAX-USD,0.5818,Neutral,0.5341,0.5178,69.64678972796061,156,515.2999877929688,0.0,0.0
2024-08-22,25.26703453063965,23.52741432189941,25.274473190307617,23.10200500488281,25.26703453063965,342253539.0,92890.99868008995,0,9.379745458608113,92881.61893463135,3676,85.88188176016615,50000,Neutral,63.07795576209122,22.6533,21.4417,25.2581,29.6573,35.5221,134.53103637695312,2.7002,AVAX-USD,0.5653,Neutral,0.5458,0.4816,68.03092135027507,156,511.1300048828125,0.0,0.0
2024-08-23,26.519519805908203,25.26689720153809,26.96738243103028,25.236099243164062,26.519519805908203,487111253.0,97495.13455197716,0,9.379745458608113,97485.75480651855,3676,95.09015350394057,50000,Neutral,73.81727254799469,23.7933,21.6335,25.2863,29.5818,35.4559,134.53103637695312,3.5083,AVAX-USD,0.5797,Neutral,0.5241,0.4856,70.17378405169106,156,516.6599731445312,0.0,0.0
2024-08-24,27.16584205627441,26.519620895385746,27.998321533203125,26.2342529296875,27.16584205627441,340043251.0,99871.01514432333,0,9.379745458608113,99861.63539886473,3676,99.84191468863293,50000,Neutral,76.75752745011447,24.981,21.9304,25.3157,29.5214,35.4028,134.53103637695312,4.026,AVAX-USD,0.5797,Neutral,0.5241,0.4856,70.17378405169106,156,516.6599731445312,0.0,0.0
2024-08-25,26.964920043945312,27.16584205627441,27.64244079589844,26.22050666809082,26.964920043945312,305158503.0,99132.42582700157,0,9.379745458608113,99123.04608154297,3676,98.36473605398939,50000,Neutral,84.53406141946972,25.8889,22.3012,25.3351,29.4592,35.3477,134.53103637695312,4.0952,AVAX-USD,0.5797,Neutral,0.5241,0.4856,70.17378405169106,156,516.6599731445312,0.0,0.0
2024-08-26,25.95624542236328,26.964920043945312,27.19650077819824,25.934551239013672,25.95624542236328,303438100.0,95424.53791806602,0,9.379745458608113,95415.15817260742,3676,90.9489602361183,50000,Neutral,74.27714136878924,26.3747,22.5552,25.3028,29.3927,35.2917,134.53103637695312,3.6678,AVAX-USD,0.5833,Neutral,0.5255,0.534,69.68167513445474,156,515.3900146484375,0.0,0.0
2024-08-27,24.101638793945312,25.95624542236328,26.78548240661621,23.80750846862793,24.101638793945312,321291989.0,88607.00395200157,0,9.379745458608113,88597.62420654297,3676,77.31389230398939,50000,Neutral,61.882109440136794,26.1416,22.7688,25.2395,29.2988,35.2315,134.53103637695312,2.7332,AVAX-USD,0.5857,Neutral,0.5152,0.5508,69.94905108049967,156,516.0800170898438,0.0,0.0
2024-08-28,23.46433448791504,24.101638793945312,24.80661392211914,23.233379364013672,23.46433448791504,333317595.0,86264.27332303429,0,9.379745458608113,86254.89357757568,3676,72.62843104605483,50000,Neutral,60.779424862993686,25.5306,22.8052,25.1685,29.2218,35.1548,134.53103637695312,1.845,AVAX-USD,0.5716,Neutral,0.5363,0.5618,68.80592135027506,156,513.1300048828125,0.0,0.0
2024-08-29,22.90632438659668,23.46433448791504,24.65316390991211,22.80751609802246,22.90632438659668,274417039.0,84213.028190588,0,9.379745458608113,84203.6484451294,3676,68.52594078116226,50000,Neutral,62.25177596572864,24.6787,22.8618,25.0609,29.1353,35.0809,134.53103637695312,1.0473,AVAX-USD,0.5861,Neutral,0.515,0.5864,68.8369279725895,156,513.2100219726562,0.0,0.0
2024-08-30,23.286901473999023,22.90677833557129,23.603702545166016,22.27901840209961,23.286901473999023,242434308.0,85612.02956387901,0,9.379745458608113,85602.64981842041,3676,71.32394352774428,50000,Neutral,62.6736603250841,23.9431,22.9467,24.9688,29.0493,35.0246,134.53103637695312,0.5944,AVAX-USD,0.6044,Neutral,0.504,0.5587,70.70853594378092,156,518.0399780273438,0.0,0.0
2024-08-31,22.79757499694824,23.286901473999023,23.347835540771484,22.54907417297364,22.79757499694824,120764897.0,83813.26543424033,0,9.379745458608113,83803.88568878172,3676,67.7264152684669,50000,Neutral,59.14733486356776,23.3114,23.0651,24.8713,28.9427,34.9582,134.53103637695312,0.148,AVAX-USD,0.6052,Neutral,0.5049,0.5187,70.70853594378092,156,518.0399780273438,0.0,0.0
2024-09-01,21.44817352294922,22.79757499694824,22.81773376464844,21.23562812805176,21.44817352294922,225766458.0,79851.85755166436,0,0.30752572441622306,79851.55002593994,3723,56.672154109132066,51000,"cash_0%_Buy 100% of cash (47 shares - DCA Strategy) Monthly invest 2.0% of total investment ($1,000.00)",52.450195011135534,22.7807,23.0731,24.7873,28.8101,34.8958,134.53103637695312,-0.5073,AVAX-USD,0.5965,Neutral,0.5011,0.4981,69.74530287090347,158,518.0399780273438,0.0,0.0
2024-09-02,22.36886215209961,21.44817352294922,22.52987289428711,21.401275634765625,22.36886215209961,184335608.0,83279.58131799127,0,0.30752572441622306,83279.27379226685,3723,63.39318110192991,51000,Neutral,54.27896174460952,22.5616,23.1213,24.7527,28.6848,34.8447,134.53103637695312,-0.6437,AVAX-USD,0.6022,Neutral,0.5075,0.4891,69.74530287090347,158,518.0399780273438,0.0,0.0
2024-09-03,21.383655548095703,22.36886215209961,22.69561004638672,21.383655548095703,21.383655548095703,173297593.0,79611.65713128472,0,0.30752572441622306,79611.3496055603,3723,56.20117289270139,51000,Neutral,46.032675367658904,22.257,23.1419,24.6902,28.5535,34.7937,134.53103637695312,-0.9671,AVAX-USD,0.5581,Neutral,0.5798,0.4314,65.70302469009992,158,507.55999755859375,0.0,0.0
2024-09-04,21.89966583251953,21.383655548095703,22.275537490844727,20.696475982666016,21.89966583251953,222847327.0,81532.76342019463,0,0.30752572441622306,81532.45589447021,3723,59.968047968995336,51000,Neutral,43.509337890996676,21.9796,23.2298,24.5978,28.4415,34.7346,134.53103637695312,-0.9751,AVAX-USD,0.5518,Neutral,0.5899,0.3888,65.21702092335887,158,506.2999877929688,0.0,0.0
2024-09-05,21.36656188964844,21.899694442749023,22.16934585571289,21.252456665039062,21.36656188964844,159690610.0,79548.01744088557,0,0.30752572441622306,79547.70991516115,3723,56.076389186036394,51000,Neutral,32.79097921474252,21.6934,23.2784,24.5255,28.3358,34.679,134.53103637695312,-1.0741,AVAX-USD,0.5626,Neutral,0.5701,0.3534,64.73487806621603,158,505.0499877929688,0.0,0.0
2024-09-06,21.14737129211425,21.36656188964844,22.134326934814453,20.547168731689453,21.14737129211425,305777164.0,78731.97084626577,0,0.30752572441622306,78731.66332054135,3723,54.47629782403678,51000,Neutral,23.91995070949544,21.6332,23.3022,24.4575,28.2197,34.6068,134.53103637695312,-1.1364,AVAX-USD,0.5345,Neutral,0.6038,0.3232,61.49103128189681,158,496.6400146484375,0.0,0.0
2024-09-07,21.797344207763672,21.147159576416016,21.97831344604492,21.066984176635746,21.797344207763672,138843987.0,81151.82001122857,0,0.30752572441622306,81151.51248550415,3723,59.22110010827757,51000,Neutral,23.946908188977034,21.5189,23.3511,24.3805,28.1204,34.5333,134.53103637695312,-0.9215,AVAX-USD,0.5345,Neutral,0.6038,0.3232,61.49103128189681,158,496.6400146484375,0.0,0.0
2024-09-08,23.215967178344727,21.797344207763672,23.466327667236328,21.749950408935547,23.215967178344727,236441927.0,86433.35333070184,0,0.30752572441622306,86433.04580497742,3723,69.57704779351926,51000,Neutral,33.729487101589825,21.8854,23.4505,24.3379,28.0349,34.4806,134.53103637695312,-0.3199,AVAX-USD,0.5345,Neutral,0.6038,0.3232,61.49103128189681,158,496.6400146484375,0.0,0.0
2024-09-09,23.859668731689453,23.215967178344727,24.30732536315918,23.18411064147949,23.859668731689453,284956740.0,88829.85421380425,0,0.30752572441622306,88829.54668807983,3723,74.27606913293576,51000,Neutral,40.60313444849998,22.2774,23.5223,24.3152,27.9573,34.4281,134.53103637695312,0.2702,AVAX-USD,0.5607,Neutral,0.5657,0.3056,63.64717272651177,158,502.2300109863281,0.0,0.0
2024-09-10,24.359909057617188,23.859668731689453,24.536733627319336,23.60438346862793,24.359909057617188,207002559.0,90692.24894723321,0,0.30752572441622306,90691.94142150879,3723,77.92782351220824,51000,Neutral,51.31752295409725,22.8761,23.5639,24.2883,27.8902,34.3824,134.53103637695312,0.778,AVAX-USD,0.564,Neutral,0.564,0.3173,64.44559235193033,158,504.2999877929688,0.0,0.0
2024-09-11,23.29693603515625,24.36018180847168,24.48965835571289,22.93328285217285,23.29693603515625,239140352.0,86734.80038461114,0,0.30752572441622306,86734.49285888672,3723,70.16812044824339,51000,Neutral,49.181587819408286,23.306,23.4654,24.2453,27.8212,34.3308,134.53103637695312,0.7704,AVAX-USD,0.5899,Neutral,0.5464,0.3299,66.4358794787439,158,509.4599914550781,0.0,0.0
2024-09-12,24.02888870239257,23.29693603515625,24.03182601928711,23.28524780273437,24.02888870239257,213390700.0,89459.86016473196,0,0.30752572441622306,89459.55263900754,3723,75.51137491906852,51000,Neutral,55.39644125555665,23.7523,23.3408,24.2063,27.7325,34.2827,134.53103637695312,0.9386,AVAX-USD,0.5907,Neutral,0.5344,0.3445,68.12532170460885,158,513.8400268554688,0.0,0.0
2024-09-13,24.952272415161133,24.02888870239257,25.09305953979492,23.682689666748047,24.952272415161133,258822734.0,92897.61772736932,0,0.30752572441622306,92897.3102016449,3723,82.25207602227903,51000,Neutral,57.60875892563034,24.0995,23.2302,24.1579,27.6532,34.2366,134.53103637695312,1.2548,AVAX-USD,0.5958,Neutral,0.5254,0.3588,69.17831417112671,158,516.5700073242188,0.0,0.0
2024-09-14,25.330501556396484,24.95267677307129,25.64888572692871,24.63634490966797,25.330501556396484,183882258.0,94305.76482018853,0,0.30752572441622306,94305.45729446411,3723,85.01314875329709,51000,Neutral,61.691137669662325,24.3937,23.1484,24.1129,27.5608,34.2025,134.53103637695312,1.4906,AVAX-USD,0.5958,Neutral,0.5254,0.3588,69.17831417112671,158,516.5700073242188,0.0,0.0
2024-09-15,23.837696075439453,25.330501556396484,25.363609313964844,23.735963821411133,23.837696075439453,194956670.0,88748.0500145855,0,0.30752572441622306,88747.74248886108,3723,74.11566874231077,51000,Neutral,60.88513453867042,24.2893,23.0425,24.056,27.4489,34.1658,134.53103637695312,1.1573,AVAX-USD,0.5958,Neutral,0.5254,0.3588,69.17831417112671,158,516.5700073242188,0.0,0.0
2024-09-16,23.51923179626465,23.837696075439453,24.211713790893555,23.25825881958008,23.51923179626465,233303180.0,87562.4075032177,0,0.30752572441622306,87562.09997749329,3723,71.7908795043347,51000,Neutral,55.544560663032456,24.3337,23.0134,23.9957,27.348,34.1271,134.53103637695312,0.8018,AVAX-USD,0.5868,Neutral,0.5312,0.3856,69.47915907207538,158,517.3499755859375,0.0,0.0
2024-09-17,23.75840187072754,23.51923179626465,24.46142196655273,23.17529487609864,23.75840187072754,225254583.0,88452.83769044305,0,0.30752572441622306,88452.53016471863,3723,73.53682104791379,51000,Neutral,62.33272996231389,24.2796,23.0281,23.9219,27.2115,34.0907,134.53103637695312,0.5997,AVAX-USD,0.5794,Neutral,0.5332,0.4243,69.57175027603743,158,517.5900268554688,0.0,0.0
2024-09-18,24.63865089416504,23.75840187072754,24.63865089416504,22.871198654174805,24.63865089416504,284771341.0,91730.00480470086,0,0.30752572441622306,91729.69727897644,3723,79.96263891900755,51000,Neutral,63.70580812057607,24.2169,23.1147,23.847,27.0738,34.0706,134.53103637695312,0.6747,AVAX-USD,0.5624,Neutral,0.5341,0.4582,68.92372955896153,158,515.9099731445312,0.0,0.0
2024-09-19,26.65570831298828,24.63865089416504,26.75040626525879,24.63788604736328,26.65570831298828,450224106.0,99239.50957497979,0,0.30752572441622306,99239.20204925537,3723,94.6871580764172,51000,Neutral,73.04435494593741,24.4819,23.2832,23.7478,26.9627,34.0542,134.53103637695312,1.2143,AVAX-USD,0.5796,Neutral,0.5029,0.4933,72.39515813039013,158,524.9099731445312,0.0,0.0
2024-09-20,27.599931716918945,26.655851364135746,28.65788650512696,26.49061393737793,27.599931716918945,526269388.0,102754.85330781365,0,0.30752572441622306,102754.54578208923,3723,101.57998892511104,51000,Neutral,76.44265266313391,25.2344,23.5233,23.6769,26.8718,34.0391,134.53103637695312,1.7137,AVAX-USD,0.5807,Neutral,0.5009,0.5242,71.99788465801286,158,523.8800048828125,0.0,0.0
2024-09-21,27.84765625,27.599931716918945,28.06106758117676,27.057910919189453,27.84765625,214929916.0,103677.13174447442,0,0.30752572441622306,103676.82421875,3723,103.38837801660277,51000,Neutral,75.63952804152883,26.1001,23.8432,23.6436,26.7872,34.0281,134.53103637695312,1.9715,AVAX-USD,0.5807,Neutral,0.5009,0.5242,71.99788465801286,158,523.8800048828125,0.0,0.0
2024-09-22,27.337196350097656,27.84765625,27.84765625,26.519569396972656,27.337196350097656,228253627.0,101776.689537138,0,0.30752572441622306,101776.38201141357,3723,99.66202074731565,51000,Neutral,68.92097819391789,26.8158,24.0917,23.626,26.696,34.0075,134.53103637695312,1.8718,AVAX-USD,0.5807,Neutral,0.5009,0.5242,71.99788465801286,158,523.8800048828125,0.0,0.0
2024-09-23,27.407100677490234,27.337196350097656,28.14179229736328,26.67772674560547,27.407100677490234,361459724.0,102036.94334802056,0,0.30752572441622306,102036.63582229614,3723,100.17232233728146,51000,Neutral,67.1924391115982,27.3695,24.3928,23.6285,26.6181,33.9831,134.53103637695312,1.7005,AVAX-USD,0.5843,Neutral,0.4955,0.518,72.4954476114169,158,525.1699829101562,0.0,0.0
2024-09-24,28.48176002502441,27.407100677490234,28.50322723388672,26.891525268554688,28.48176002502441,344591266.0,106037.9000988903,0,0.30752572441622306,106037.59257316588,3723,108.01733557428098,51000,Neutral,68.92275253473855,27.7347,24.7219,23.6247,26.5368,33.9568,134.53103637695312,1.7359,AVAX-USD,0.5811,Neutral,0.4909,0.5192,73.07787994958652,158,526.6799926757812,0.0,0.0
2024-09-25,27.290143966674805,28.481922149658203,28.482555389404297,27.19045639038086,27.290143966674805,377318861.0,101601.51351365472,0,0.30752572441622306,101601.2059879303,3723,99.31853834832884,51000,Neutral,68.118168769356,27.6728,25.0181,23.6114,26.4559,33.9202,134.53103637695312,1.3402,AVAX-USD,0.5772,Neutral,0.4885,0.5011,72.66516283881643,158,525.6099853515625,0.0,0.0
2024-09-26,29.15449905395508,27.290143966674805,29.399534225463867,26.99502944946289,29.15449905395508,481475077.0,108542.50750359919,0,0.30752572441622306,108542.19997787477,3723,112.92833048547486,51000,Neutral,71.08905144408388,27.9341,25.4185,23.6407,26.3977,33.8953,134.53103637695312,1.4343,AVAX-USD,0.5875,Neutral,0.4851,0.4555,73.47131605449724,158,527.7000122070312,0.0,0.0
2024-09-27,30.44928932189941,29.15449905395508,30.784746170043945,28.95863914489746,30.44928932189941,429836781.0,113363.01167115592,0,0.30752572441622306,113362.7041454315,3723,122.38029944146845,51000,Neutral,71.94644252310758,28.5566,25.8511,23.6968,26.3516,33.884,134.53103637695312,1.6745,AVAX-USD,0.5849,Neutral,0.5071,0.425,73.20864180087001,158,525.3800048828125,1.639,0.0
2024-09-28,29.33069229125977,30.44928932189941,30.73416519165039,29.10500144958496,29.33069229125977,278757607.0,109198.47492608454,0,0.30752572441622306,109198.16740036012,3723,114.2145411177991,51000,Neutral,65.07904005006478,28.9413,26.1568,23.7466,26.2955,33.8652,134.53103637695312,1.4222,AVAX-USD,0.5849,Neutral,0.5071,0.425,73.84082751515575,158,525.3800048828125,1.639,0.0
2024-09-29,29.069881439208984,29.33069229125977,29.451961517333984,28.3126220703125,29.069881439208984,284304343.0,108227.47612389947,0,0.30752572441622306,108227.16859817505,3723,112.31062189782834,51000,Neutral,71.74264410751846,29.0589,26.4173,23.8025,26.2398,33.8334,134.53103637695312,1.0812,AVAX-USD,0.5849,Neutral,0.5071,0.425,74.47301322944143,158,525.3800048828125,1.639,0.0
2024-09-30,27.738948822021484,29.069881439208984,29.069881439208984,27.61258125305176,27.738948822021484,397914811.0,103272.4139901104,0,0.30752572441622306,103272.10646438599,3723,102.59481379235957,51000,Neutral,66.17425301951238,29.1487,26.5863,23.8361,26.1798,33.7993,134.53103637695312,0.4586,AVAX-USD,0.5965,Neutral,0.4988,0.4167,75.35629046855973,158,527.6699829101562,0.0,0.0
2024-10-01,25.86651611328125,27.738948822021484,28.867998123168945,25.228439331054688,25.86651611328125,591569105.0,97300.36408785821,0,16.39698580742413,97283.96710205078,3761,87.21596918432897,52000,"cash_0%_Buy 100% of cash (38 shares - DCA Strategy) Monthly invest 1.9% of total investment ($1,000.00)",57.18129568556597,28.4911,26.7147,23.874,26.1034,33.7619,134.53103637695312,-0.432,AVAX-USD,0.568,Neutral,0.5295,0.4151,72.472687010592,164,522.739990234375,0.0,0.0
2024-10-02,25.381216049194336,25.86623954772949,26.7501163482666,25.108360290527344,25.381216049194336,387669295.0,95475.15054682732,0,16.39698580742413,95458.7535610199,3761,83.70594314388495,52000,Neutral,52.59949676389969,27.4775,26.7824,23.9189,26.0143,33.7239,134.53103637695312,-1.1265,AVAX-USD,0.5629,Neutral,0.5229,0.4257,72.50759364983506,164,522.8300170898438,0.0,0.0
2024-10-03,24.65347671508789,25.381216049194336,25.627880096435547,23.943479537963867,24.65347671508789,405957042.0,92738.12291125298,0,16.39698580742413,92721.72592544556,3761,78.44242846008814,52000,Neutral,42.29528386638404,26.542,26.7674,23.976,25.9154,33.6844,134.53103637695312,-1.7193,AVAX-USD,0.5571,Neutral,0.5403,0.4915,72.12373894575192,164,521.8400268554688,0.0,0.0
2024-10-04,26.24127960205078,24.65347671508789,26.4856014251709,24.465038299560547,26.24127960205078,333503580.0,98709.84956912042,0,16.39698580742413,98693.45258331299,3761,89.92651818675628,52000,Neutral,45.01855371514176,25.9763,26.813,24.0875,25.8348,33.6467,134.53103637695312,-1.6619,AVAX-USD,0.5756,Neutral,0.5157,0.5476,73.98874743309347,164,526.6500244140625,0.0,0.0
2024-10-05,25.690710067749023,26.24127960205078,26.3914737701416,25.13379669189453,25.690710067749023,203836787.0,96639.1575506115,0,16.39698580742413,96622.76056480408,3761,85.94441815116222,52000,Neutral,42.26344755511995,25.5666,26.9056,24.1678,25.7697,33.6062,134.53103637695312,-1.7045,AVAX-USD,0.5756,Neutral,0.5157,0.5476,73.98874743309347,164,526.6500244140625,0.0,0.0
2024-10-06,26.928571701049805,25.690710067749023,27.06745719909668,25.52190589904785,26.928571701049805,246688545.0,101294.75515345574,0,16.39698580742413,101278.35816764832,3761,94.8974904643242,52000,Neutral,48.607028389216175,25.7791,27.0761,24.2861,25.725,33.56,134.53103637695312,-1.3743,AVAX-USD,0.5756,Neutral,0.5157,0.5476,73.98874743309347,164,526.6500244140625,0.0,0.0
2024-10-07,26.556774139404297,26.928571701049805,27.674049377441406,26.556774139404297,26.556774139404297,342346769.0,99896.42452410699,0,16.39698580742413,99880.02753829956,3761,92.208393100192,52000,Neutral,47.15975854864156,26.0142,27.216,24.3497,25.6716,33.5028,134.53103637695312,-1.2113,AVAX-USD,0.548,Neutral,0.5611,0.6092,72.15085962952996,164,521.9099731445312,0.0,0.0
2024-10-08,26.33306884765625,26.556774139404297,27.14759063720703,26.074256896972656,26.33306884765625,279668835.0,99055.06892184258,0,16.39698580742413,99038.67193603516,3761,90.59040155737583,52000,Neutral,42.39040991421174,26.3501,27.3007,24.4257,25.622,33.4469,134.53103637695312,-1.1232,AVAX-USD,0.553,Neutral,0.5472,0.6035,74.06627567049028,164,526.8499755859375,0.0,0.0
2024-10-09,25.766281127929688,26.33306884765625,26.64926147460937,25.698360443115234,25.766281127929688,291046815.0,96923.38030795098,0,16.39698580742413,96906.98332214355,3761,86.49100037681505,52000,Neutral,44.35333751456469,26.2551,27.2562,24.4954,25.5739,33.3831,134.53103637695312,-1.167,AVAX-USD,0.5558,Neutral,0.5376,0.5964,75.46213892640493,164,530.4500122070312,0.0,0.0
2024-10-10,25.854782104492188,25.766281127929688,26.307537078857425,25.065065383911133,25.854782104492188,277816995.0,97256.23248080254,0,16.39698580742413,97239.83549499512,3761,87.13110070922193,52000,Neutral,35.919860168909366,26.2879,27.169,24.5858,25.5121,33.3251,134.53103637695312,-1.1309,AVAX-USD,0.5443,Neutral,0.5393,0.5988,75.1170483410202,164,529.5599975585938,0.0,0.0
2024-10-11,27.41640853881836,25.854717254638672,27.536771774291992,25.75602149963379,27.41640853881836,275196332.0,103129.50950030328,0,16.39698580742413,103113.11251449585,3761,98.42586420826179,52000,Neutral,37.34661550255909,26.3855,27.1474,24.6879,25.4824,33.2633,134.53103637695312,-0.6876,AVAX-USD,0.5396,Neutral,0.5332,0.6039,76.33842573175575,164,532.7100219726562,0.0,0.0
2024-10-12,28.627531051635746,27.41640853881836,29.335399627685547,27.41640853881836,28.627531051635746,382332550.0,107684.54127100947,0,16.39698580742413,107668.14428520204,3761,107.18554069038908,52000,Neutral,47.08883905593668,26.7996,27.2119,24.8083,25.4685,33.2092,134.53103637695312,-0.1006,AVAX-USD,0.5396,Neutral,0.5332,0.6039,76.33842573175575,164,532.7100219726562,0.0,0.0
2024-10-13,29.171485900878903,28.627531051635746,29.30599021911621,28.322559356689453,29.171485900878903,324930237.0,109730.35545901298,0,16.39698580742413,109713.95847320555,3761,111.11979874424196,52000,Neutral,50.411016824916224,27.3673,27.3002,24.945,25.4617,33.1628,134.53103637695312,0.3809,AVAX-USD,0.5396,Neutral,0.5332,0.6039,76.33842573175575,164,532.7100219726562,0.0,0.0
2024-10-14,29.062816619873047,29.171606063842773,29.79548454284668,28.69758415222168,29.062816619873047,383950328.0,109321.65029314996,0,16.39698580742413,109305.25330734253,3761,110.33382727142849,52000,Neutral,55.94309192026923,28.0266,27.3292,25.0936,25.4536,33.1182,134.53103637695312,0.6155,AVAX-USD,0.5421,Neutral,0.5224,0.5689,78.0289483539182,164,537.0700073242188,0.0,0.0
2024-10-15,28.191293716430664,29.062816619873047,29.498897552490234,27.613773345947266,28.191293716430664,525425043.0,106043.85265330315,0,16.39698580742413,106027.45566749573,3761,104.03037027172309,52000,Neutral,61.46683708748982,28.4939,27.3743,25.2236,25.4512,33.0679,134.53103637695312,0.5077,AVAX-USD,0.5336,Neutral,0.5347,0.5333,76.44309831844873,164,532.97998046875,0.0,0.0
2024-10-16,28.04302024841309,28.191293716430664,28.19452857971192,27.27511405944824,28.04302024841309,344052072.0,105486.19614008906,0,16.39698580742413,105469.79915428163,3761,102.95795390015749,52000,Neutral,63.58072459491928,28.6192,27.3187,25.3465,25.463,33.0203,134.53103637695312,0.3605,AVAX-USD,0.5424,Neutral,0.5201,0.5064,77.3116228338526,164,535.219970703125,0.0,0.0
2024-10-17,27.261091232299805,28.04302024841309,28.22910499572754,26.878782272338867,27.261091232299805,246289159.0,102545.36111048699,0,16.39698580742413,102528.96412467957,3761,97.30250192015355,52000,Neutral,63.23108222961487,28.3459,27.1593,25.4538,25.4661,32.9733,134.53103637695312,0.0498,AVAX-USD,0.5408,Neutral,0.5112,0.47,77.34264832812221,164,535.2999877929688,0.0,0.0
2024-10-18,28.100568771362305,27.2623233795166,28.13713836669922,27.111705780029297,28.100568771362305,182973906.0,105702.63613490105,0,16.39698580742413,105686.23914909363,3761,103.37418465941136,52000,Neutral,60.20936892092499,28.1318,27.0978,25.5684,25.4708,32.9336,134.53103637695312,0.028,AVAX-USD,0.5566,Neutral,0.4974,0.4213,78.14138323055808,164,537.3599853515625,0.0,0.0
2024-10-19,28.108549118041992,28.100568771362305,28.41972541809082,27.74331283569336,28.108549118041992,130507026.0,105732.65021876336,0,16.39698580742413,105716.25323295593,3761,103.43190405145424,52000,Neutral,64.11759831859851,27.9409,27.0497,25.6631,25.4762,32.8976,134.53103637695312,-0.0045,AVAX-USD,0.5566,Neutral,0.4974,0.4213,78.14138323055808,164,537.3599853515625,0.0,0.0
2024-10-20,28.93516731262207,28.108549118041992,28.96370506286621,27.77982711791992,28.93516731262207,170244986.0,108841.56124857903,0,16.39698580742413,108825.1642627716,3761,109.41057910879209,52000,Neutral,62.30743349638207,28.0897,27.1095,25.7532,25.5039,32.8685,134.53103637695312,0.1458,AVAX-USD,0.5566,Neutral,0.4974,0.4213,78.14138323055808,164,537.3599853515625,0.0,0.0
2024-10-21,27.74962615966797,28.93516731262207,29.278295516967773,27.405776977539062,27.74962615966797,307767782.0,104382.74097231866,0,16.39698580742413,104366.34398651123,3761,100.8359247313683,52000,Neutral,56.652301167464515,28.031,27.2037,25.7946,25.5264,32.831,134.53103637695312,-0.0595,AVAX-USD,0.5374,Neutral,0.4982,0.4095,77.81957951501417,164,536.530029296875,0.0,0.0
2024-10-22,27.603822708129883,27.74962615966797,28.186559677124023,27.27376747131348,27.603822708129883,287607240.0,103834.37419108392,0,16.39698580742413,103817.97720527649,3761,99.78137322899379,52000,Neutral,57.148859890325085,28.0995,27.3148,25.8127,25.5495,32.79,134.53103637695312,-0.2372,AVAX-USD,0.5357,Neutral,0.4964,0.437,77.67609547858656,164,536.1599731445312,0.0,0.0
2024-10-23,26.662872314453125,27.603822708129883,27.65413475036621,25.92408943176269,26.662872314453125,283121246.0,100295.45976046563,0,16.39698580742413,100279.0627746582,3761,92.97576855472785,52000,Neutral,54.84017512572231,27.812,27.4153,25.8043,25.56,32.7372,134.53103637695312,-0.5711,AVAX-USD,0.509,Neutral,0.5101,0.4475,75.78008516249352,164,531.27001953125,0.0,0.0
2024-10-24,26.83341217041016,26.75874328613281,27.20347595214844,26.422611236572266,26.83341217041016,220372770.0,100936.86015872004,0,16.39698580742413,100920.46317291261,3761,94.20923085906325,52000,Neutral,55.23667102678289,27.557,27.4449,25.8021,25.5686,32.6854,134.53103637695312,-0.7287,AVAX-USD,0.5119,Neutral,0.5085,0.4482,76.24534924894697,164,532.469970703125,0.0,0.0
2024-10-25,24.89298820495605,26.83341217041016,26.83984565734864,24.17648124694824,24.89298820495605,353648637.0,93638.92562464713,0,16.39698580742413,93622.5286388397,3761,80.1747413704615,52000,Neutral,37.02319015542952,26.7485,27.405,25.7844,25.5436,32.6212,134.53103637695312,-1.2591,AVAX-USD,0.5029,Neutral,0.5233,0.4764,76.16393986657665,164,532.260009765625,0.0,0.0
2024-10-26,25.386613845825195,24.89298820495605,25.61916160583496,24.59290885925293,25.386613845825195,185204600.0,95495.45165995599,0,16.39698580742413,95479.05467414856,3761,83.74498374605545,52000,Neutral,32.00552127176482,26.2759,27.3279,25.8058,25.5227,32.5564,134.53103637695312,-1.4272,AVAX-USD,0.5029,Neutral,0.5233,0.4764,76.16393986657665,164,532.260009765625,0.0,0.0
2024-10-27,25.73275184631348,25.386613845825195,25.878721237182617,25.23799705505371,25.73275184631348,113629702.0,96797.27667979243,0,16.39698580742413,96780.879693985,3761,86.24849339958706,52000,Neutral,30.478361023747368,25.9017,27.2867,25.8436,25.506,32.4851,134.53103637695312,-1.3875,AVAX-USD,0.5029,Neutral,0.5233,0.4764,76.16393986657665,164,532.260009765625,0.0,0.0
2024-10-28,26.25590133666992,25.73303604125977,26.47589492797852,25.05948257446289,26.25590133666992,252758395.0,98764.84191302299,0,16.39698580742413,98748.44492721556,3761,90.03227269426122,52000,Neutral,34.7813740312763,25.8203,27.2828,25.8994,25.4802,32.4097,134.53103637695312,-1.172,AVAX-USD,0.504,Neutral,0.5119,0.4439,76.80757096318264,164,533.9199829101562,0.0,0.0
2024-10-29,26.848377227783203,26.255765914916992,27.1206111907959,26.18859100341797,26.848377227783203,266070222.0,100993.14373950005,0,16.39698580742413,100976.74675369263,3761,94.31746851440943,52000,Neutral,42.4917391268183,25.8233,27.337,25.9588,25.4638,32.3441,134.53103637695312,-0.8372,AVAX-USD,0.503,Neutral,0.5075,0.4034,77.13716063419163,164,534.77001953125,0.0,0.0
2024-10-30,26.1982421875,26.848377227783203,26.865835189819336,26.02806854248047,26.1982421875,242724462.0,98547.98585299493,0,16.39698580742413,98531.5888671875,3761,89.61524180959188,52000,Neutral,40.23388314809052,26.0844,27.3541,26.0155,25.4434,32.2737,134.53103637695312,-0.7406,AVAX-USD,0.4958,Neutral,0.519,0.3908,76.51288793141673,164,533.1599731445312,0.0,0.0
2024-10-31,25.01712417602539,26.1982421875,26.199106216430664,24.685976028442383,25.01712417602539,228654285.0,94105.80101183892,0,16.39698580742413,94089.4040260315,3761,81.07257865352264,52000,Neutral,38.60233489934956,26.0105,27.2342,26.0749,25.4311,32.2134,134.53103637695312,-0.9263,AVAX-USD,0.46,Neutral,0.5571,0.3897,72.44554266129587,164,522.6699829101562,0.0,0.0
2024-11-01,24.79058074951172,25.01712417602539,25.67954444885254,24.431753158569336,24.79058074951172,258046918.0,94252.77956149101,0,23.782132596974975,94228.99742889404,3801,77.93531753487495,53000,"cash_0%_Buy 100% of cash (40 shares - DCA Strategy) Monthly invest 1.9% of total investment ($1,000.00)",32.071429678339186,25.822,27.0423,26.1153,25.434,32.1437,134.53103637695312,-1.0502,AVAX-USD,0.4595,Neutral,0.5334,0.3801,72.3560094216683,166,524.9400024414062,0.0,0.0
2024-11-02,24.08813095092773,24.79058074951172,25.0036678314209,24.00838851928711,24.08813095092773,136177246.0,91582.76787707327,0,23.782132596974975,91558.9857444763,3801,72.89755963974716,53000,Neutral,29.74704962328687,25.3885,26.7881,26.1604,25.4253,32.0637,134.53103637695312,-1.2446,AVAX-USD,0.4595,Neutral,0.5334,0.3801,72.3560094216683,166,524.9400024414062,0.0,0.0
2024-11-03,23.538249969482425,24.08813095092773,24.17119789123535,22.63079261779785,23.538249969482425,272834544.0,89492.67026659967,0,23.782132596974975,89468.8881340027,3801,68.95397924262714,53000,Neutral,22.033147799539748,24.7265,26.5119,26.1877,25.3927,31.9837,134.53103637695312,-1.4367,AVAX-USD,0.4595,Neutral,0.5334,0.3801,72.3560094216683,166,524.9400024414062,0.0,0.0
2024-11-04,22.70597267150879,23.538249969482425,23.88570976257324,22.3801498413086,22.70597267150879,257203289.0,86329.18425700188,0,23.782132596974975,86305.4021244049,3801,62.98513771508414,53000,Neutral,22.87048901975473,24.028,26.2377,26.21,25.3677,31.8991,134.53103637695312,-1.6895,AVAX-USD,0.4602,Neutral,0.5406,0.4188,71.91598507605643,166,523.7999877929688,0.0,0.0
2024-11-05,23.99547576904297,22.70597267150879,24.422250747680664,22.615318298339844,23.99547576904297,254877588.0,91230.5855307293,0,23.782132596974975,91206.80339813232,3801,72.2330646466453,53000,Neutral,32.71733861633324,23.8237,26.0353,26.2575,25.3575,31.8239,134.53103637695312,-1.4253,AVAX-USD,0.4799,Neutral,0.5213,0.458,74.3476626073612,166,530.0999755859375,0.0,0.0
2024-11-06,27.033344268798828,23.99547576904297,27.27164649963379,23.99547576904297,27.033344268798828,622787876.0,102777.52369830132,0,23.782132596974975,102753.74156570435,3801,94.01974043451705,53000,Neutral,51.47761703158382,24.2722,26.0239,26.3448,25.3626,31.7323,134.53103637695312,-0.3954,AVAX-USD,0.5162,Neutral,0.4574,0.4636,79.44262059007514,166,543.2999877929688,0.0,0.0
2024-11-07,27.38312149047852,27.033344268798828,27.99321174621582,26.610122680664062,27.38312149047852,480668334.0,104107.02691790582,0,23.782132596974975,104083.24478530885,3801,96.52823707528027,53000,Neutral,52.16159450051406,24.9312,25.988,26.4142,25.3761,31.6148,134.53103637695312,0.3739,AVAX-USD,0.5326,Neutral,0.4452,0.4791,81.0753375443866,166,547.530029296875,0.0,0.0
2024-11-08,28.77614021301269,27.38312149047852,28.776256561279297,27.177440643310547,28.77614021301269,437139762.0,109401.89108225821,0,23.782132596974975,109378.10894966124,3801,106.5185468193414,53000,Neutral,65.95646127386466,25.9788,26.0214,26.4961,25.4057,31.5057,134.53103637695312,1.1932,AVAX-USD,0.5377,Neutral,0.439,0.4657,82.00940571438149,166,549.9500122070312,0.0,0.0
2024-11-09,30.41794776916504,28.77614021301269,30.431133270263672,28.60061264038086,30.41794776916504,441332769.0,115642.40160319328,0,23.782132596974975,115618.61947059631,3801,118.29309497204905,53000,Neutral,68.89185896313884,27.5212,26.0955,26.5971,25.4427,31.4072,134.53103637695312,2.0434,AVAX-USD,0.5377,Neutral,0.439,0.4657,82.00940571438149,166,549.9500122070312,0.0,0.0
2024-11-10,31.9826717376709,30.417957305908203,33.229583740234375,29.7810115814209,31.9826717376709,968497492.0,121589.91740748406,0,23.782132596974975,121566.13527488708,3801,129.51482290467317,53000,Neutral,71.49995328319412,29.1186,26.3072,26.7419,25.4936,31.2968,134.53103637695312,2.8242,AVAX-USD,0.5377,Neutral,0.439,0.4657,82.00940571438149,166,549.9500122070312,0.0,0.0
2024-11-11,35.75919723510742,31.9826717376709,35.76188278198242,30.787403106689453,35.75919723510742,1369370972.0,135944.49082324028,0,23.782132596974975,135920.7086906433,3801,156.59892368911886,53000,Neutral,76.71250223834426,30.8638,26.715,26.9374,25.5719,31.2229,134.53103637695312,3.9859,AVAX-USD,0.5336,Neutral,0.4382,0.4054,82.18310201485244,166,550.4000244140625,0.0,0.0
2024-11-12,34.04673385620117,35.75919723510742,37.64361572265625,32.81562042236328,34.04673385620117,1838315195.0,129435.41752001763,0,23.782132596974975,129411.63538742065,3801,144.3176533056799,53000,Neutral,69.03512114953608,32.1965,27.0841,27.089,25.6234,31.1226,134.53103637695312,4.0602,AVAX-USD,0.5303,Neutral,0.4284,0.3616,81.54622343260216,166,548.75,0.0,0.0
2024-11-13,33.13338851928711,34.04597091674805,35.03453826904297,31.27214241027832,33.13338851928711,1511749059.0,125963.79189440727,0,23.782132596974975,125940.0097618103,3801,137.76741627622638,53000,Neutral,68.08731103409275,33.068,27.3991,27.219,25.666,31.0078,134.53103637695312,3.6543,AVAX-USD,0.5316,Neutral,0.419,0.33,81.65430950700345,166,549.030029296875,0.0,0.0
2024-11-14,31.160669326782227,33.13338851928711,34.677459716796875,30.800182342529297,31.160669326782227,852265512.0,118465.48624369621,0,23.782132596974975,118441.70411109924,3801,123.61966976545081,53000,Neutral,65.38740345093892,33.2165,27.7125,27.3411,25.6985,30.9146,134.53103637695312,2.7554,AVAX-USD,0.5302,Neutral,0.422,0.3021,80.30721495156753,166,545.5399780273438,0.0,0.0
2024-11-15,33.146217346191406,31.1600399017334,33.23571014404297,30.66400718688965,33.146217346191406,675943240.0,126012.5542654705,0,23.782132596974975,125988.77213287354,3801,137.8594207499306,53000,Neutral,69.2332008258129,33.4492,28.1005,27.5015,25.7486,30.8151,134.53103637695312,2.4308,AVAX-USD,0.5035,Neutral,0.4494,0.2861,77.58991502138721,166,538.5,0.0,0.0
2024-11-16,35.11469268798828,33.09737014770508,35.61139678955078,32.88078689575195,35.11469268798828,833850531.0,133494.72903964043,0,23.782132596974975,133470.94690704346,3801,151.97673164459084,53000,Neutral,73.98336815103644,33.3203,28.5696,27.6908,25.8063,30.7369,134.53103637695312,2.4563,AVAX-USD,0.5035,Neutral,0.4494,0.2861,77.58991502138721,166,538.5,0.0,0.0
2024-11-17,34.73808670043945,35.11469268798828,37.18247604370117,33.22418212890625,34.73808670043945,1172065142.0,132063.24968096733,0,23.782132596974975,132039.46754837036,3801,149.27582719426425,53000,Neutral,74.54526423715113,33.4586,28.9937,27.8591,25.8531,30.6597,134.53103637695312,2.2054,AVAX-USD,0.5035,Neutral,0.4494,0.2861,77.58991502138721,166,538.5,0.0,0.0
2024-11-18,35.448455810546875,34.73808670043945,36.10569763183594,34.25575256347656,35.448455810546875,890069195.0,134763.36266848564,0,23.782132596974975,134739.58053588867,3801,154.37038000090254,53000,Neutral,78.07610936616545,33.9216,29.4237,28.0056,25.8767,30.5849,134.53103637695312,2.0129,AVAX-USD,0.5083,Neutral,0.443,0.3107,78.45064580044678,166,540.72998046875,0.0,0.0
2024-11-19,34.27410888671875,35.447792053222656,35.61479187011719,33.637908935546875,34.27410888671875,664506765.0,130299.67001101494,0,23.782132596974975,130275.88787841797,3801,145.94831838303332,53000,Neutral,72.76290550049075,34.5443,29.8275,28.1169,25.8969,30.4957,134.53103637695312,1.4929,AVAX-USD,0.506,Neutral,0.453,0.3372,79.21104122840019,166,542.7000122070312,0.0,0.0
2024-11-20,33.58571243286133,34.27379608154297,35.6959342956543,32.864009857177734,33.58571243286133,768090737.0,127683.07508990288,0,23.782132596974975,127659.29295730591,3801,141.01134683376526,53000,Neutral,66.19618453382355,34.6322,30.2559,28.2125,25.9281,30.3948,134.53103637695312,0.8965,AVAX-USD,0.4967,Neutral,0.4617,0.3569,79.28824220176833,166,542.9000244140625,0.0,0.0
2024-11-21,35.82438659667969,33.58573913574219,36.15217208862305,32.43586730957031,35.82438659667969,919488029.0,136192.27558657646,0,23.782132596974975,136168.4934539795,3801,157.06644211050786,53000,Neutral,69.08318850938383,34.7742,30.8076,28.354,25.99,30.3114,134.53103637695312,0.8497,AVAX-USD,0.493,Neutral,0.4549,0.3905,80.34582721746635,166,545.6400146484375,0.0,0.0
2024-11-22,43.08974075317383,35.824562072753906,43.26362991333008,35.27197265625,43.08974075317383,1853305714.0,163807.8867354107,0,23.782132596974975,163784.10460281372,3801,209.17136880642153,53000,Neutral,75.56972194522969,36.4445,31.7577,28.6153,26.1219,30.2655,134.53103637695312,2.0604,AVAX-USD,0.5052,Neutral,0.4349,0.4471,81.05215604978963,166,547.469970703125,0.0,0.0
2024-11-23,41.48998641967773,43.0897216796875,45.04686737060547,40.9155158996582,41.48998641967773,1929765400.0,157727.220513792,0,23.782132596974975,157703.43838119504,3801,197.69841367129195,53000,Neutral,69.80877922338503,37.6528,32.6553,28.8321,26.2284,30.2108,134.53103637695312,2.2848,AVAX-USD,0.5052,Neutral,0.4349,0.4471,81.05215604978963,166,547.469970703125,0.0,0.0
2024-11-24,42.04306411743164,41.48998641967773,42.97882843017578,38.77802276611328,42.04306411743164,1401619979.0,159829.46884295464,0,23.782132596974975,159805.68671035767,3801,201.66491995273086,53000,Neutral,68.67486080800926,39.2066,33.6222,29.078,26.3447,30.1634,134.53103637695312,2.2931,AVAX-USD,0.5052,Neutral,0.4349,0.4471,81.05215604978963,166,547.469970703125,0.0,0.0
2024-11-25,41.39607620239258,42.04306411743164,47.63034057617188,40.27899932861328,41.39607620239258,2198820064.0,157370.26777789116,0,23.782132596974975,157346.4856452942,3801,197.02491794317712,53000,Neutral,61.83913934344138,40.7687,34.4922,29.2821,26.4614,30.1151,134.53103637695312,1.9602,AVAX-USD,0.5184,Neutral,0.4324,0.4346,81.73148692194212,166,549.22998046875,0.0,0.0
2024-11-26,42.77906036376953,41.39488983154297,43.26472091674805,38.65792465209961,42.77906036376953,1538218514.0,162626.99057528496,0,23.782132596974975,162603.208442688,3801,206.94326284392014,53000,Neutral,68.59790616581034,42.1596,35.2795,29.4876,26.5922,30.0679,134.53103637695312,1.7806,AVAX-USD,0.5187,Neutral,0.4259,0.4199,82.92031594820892,166,552.3099975585938,0.0,0.0
2024-11-27,43.91240692138672,42.77759552001953,44.36920166015625,42.08385467529297,43.91240692138672,1220290175.0,166934.8408407879,0,23.782132596974975,166911.05870819092,3801,215.0712822127936,53000,Neutral,72.74376957120586,42.3241,36.1059,29.7306,26.7386,30.0365,134.53103637695312,1.6519,AVAX-USD,0.5155,Neutral,0.428,0.4118,82.24098507605643,166,550.5499877929688,0.0,0.0
2024-11-28,42.84018325805664,43.91267776489258,44.15614318847656,41.619895935058594,42.84018325805664,709342516.0,162859.31869647026,0,23.782132596974975,162835.5365638733,3801,207.3816177895528,53000,Neutral,75.61730107193551,42.5942,36.8091,29.9601,26.8813,30.0199,134.53103637695312,1.2005,AVAX-USD,0.5253,Neutral,0.4255,0.3945,82.24098507605643,166,550.5499877929688,0.0,0.0
2024-11-29,44.924110412597656,42.84017562866211,45.03740692138672,42.60918045043945,44.924110412597656,755020169.0,170780.32581088066,0,23.782132596974975,170756.5436782837,3801,222.32691423183658,53000,Neutral,75.72207498522907,43.1704,37.5344,30.2465,27.0413,30.0156,134.53103637695312,1.0813,AVAX-USD,0.5274,Neutral,0.4233,0.3674,83.36034029382076,166,553.4500122070312,0.0,0.0
2024-11-30,44.89286804199219,44.924110412597656,46.19083023071289,43.76329040527344,44.89286804199219,738899863.0,170661.57356020928,0,23.782132596974975,170637.7914276123,3801,222.10285338151317,53000,Neutral,73.32881553627087,43.8697,38.18,30.5636,27.2188,30.0089,134.53103637695312,0.8315,AVAX-USD,0.5258,Neutral,0.424,0.3713,83.36034029382076,166,553.4500122070312,0.0,0.0
2024-12-01,45.09182357788086,44.8926887512207,45.69475173950195,43.87283706665039,45.09182357788086,737035871.0,172416.8115320034,0,30.76999376488277,172386.04153823853,3823,219.39027612591846,54000,"cash_0%_Buy 100% of cash (22 shares - DCA Strategy) Monthly invest 1.9% of total investment ($1,000.00)",74.91317650091108,44.3323,38.6466,30.8921,27.4055,30.0077,134.53103637695312,0.5523,AVAX-USD,0.5207,Neutral,0.4216,0.375,82.30716423819315,167,553.4500122070312,0.0,0.0
2024-12-02,52.31305694580078,45.09349060058594,52.33568954467773,45.0889892578125,52.31305694580078,3304021551.0,200023.58669756126,0,30.76999376488277,199992.8167037964,3823,270.5139338399145,54000,Neutral,80.89829497786005,46.0124,39.5599,31.3531,27.6646,30.0249,134.53103637695312,1.312,AVAX-USD,0.5207,Neutral,0.417,0.3729,82.90516330232076,167,555.010009765625,0.0,0.0
2024-12-03,50.999488830566406,52.314552307128906,53.75947570800781,48.54588317871094,50.999488830566406,2337355056.0,195001.81579302024,0,30.76999376488277,194971.04579925537,3823,261.2143580907645,54000,Neutral,80.48769090713378,47.6443,40.4532,31.7658,27.9266,30.0316,134.53103637695312,1.3679,AVAX-USD,0.5174,Neutral,0.4141,0.3909,82.95499850739888,167,555.1400146484375,0.0,0.0
2024-12-04,52.81734085083008,50.999488830566406,55.69744491577149,50.95130157470703,52.81734085083008,1899587373.0,201951.46406648826,0,30.76999376488277,201920.6940727234,3823,274.0840771157052,54000,Neutral,83.66978253732191,49.2229,41.536,32.2179,28.1928,30.0438,134.53103637695312,1.4455,AVAX-USD,0.5214,Neutral,0.4171,0.3947,84.29666517406555,167,558.6400146484375,0.0,0.0
2024-12-05,50.81978225708008,52.811988830566406,53.55107879638672,49.93457412719727,50.81978225708008,1436459355.0,194314.797562582,0,30.76999376488277,194284.02756881714,3823,259.94210210847143,54000,Neutral,76.47673017161516,50.4083,42.4197,32.616,28.4511,30.0619,134.53103637695312,1.0018,AVAX-USD,0.5203,Neutral,0.4177,0.3901,83.9401679816827,167,557.7100219726562,0.0,0.0
2024-12-06,52.58929061889648,50.453609466552734,53.47829818725586,49.927711486816406,52.58929061889648,1051746898.0,201079.6280298061,0,30.76999376488277,201048.85803604123,3823,272.46956593666425,54000,Neutral,70.81206370091937,51.9078,43.2935,33.0499,28.6998,30.0839,134.53103637695312,0.7846,AVAX-USD,0.526,Neutral,0.4082,0.3797,84.36566236644835,167,558.8200073242188,0.0,0.0
2024-12-07,51.6760368347168,52.58929061889648,53.04301834106445,51.33758163452149,51.6760368347168,597601547.0,197588.2588128872,0,30.76999376488277,197557.4888191223,3823,266.00406738681437,54000,Neutral,73.00817578436143,51.7804,44.1403,33.4723,28.949,30.1073,134.53103637695312,0.3562,AVAX-USD,0.526,Neutral,0.4082,0.3797,84.36566236644835,167,558.8200073242188,0.0,0.0
2024-12-08,53.933502197265625,51.74533462524414,54.33829879760742,50.4936408996582,53.933502197265625,814725035.0,206218.54889391136,0,30.76999376488277,206187.77890014648,3823,281.98608605537765,54000,Neutral,74.93788743845349,52.3672,45.0646,33.9418,29.2186,30.1678,134.53103637695312,0.2416,AVAX-USD,0.526,Neutral,0.4082,0.3797,84.36566236644835,167,558.8200073242188,0.0,0.0
2024-12-09,45.23026657104492,54.11126327514648,54.174991607666016,41.21001052856445,45.23026657104492,1930934570.0,172946.0790948696,0,30.76999376488277,172915.30910110474,3823,220.37040124233735,54000,Neutral,56.010389600449116,50.8498,45.6124,34.2647,29.4252,30.2143,134.53103637695312,-1.0987,AVAX-USD,0.5098,Neutral,0.4244,0.388,83.25014926423482,167,555.9099731445312,0.0,0.0
2024-12-10,44.63996505737305,45.230770111083984,46.40791320800781,41.44829940795898,44.63996505737305,1441194376.0,170689.35640810203,0,30.76999376488277,170658.58641433716,3823,216.19128515573075,54000,Neutral,52.99145498311735,49.6138,46.1651,34.5517,29.6198,30.2448,134.53103637695312,-2.0627,AVAX-USD,0.5094,Neutral,0.4232,0.3904,82.64449944327127,167,554.3300170898438,0.0,0.0
2024-12-11,48.37092590332031,44.64183044433594,48.3787727355957,42.932987213134766,48.37092590332031,865434227.0,184952.81972215843,0,30.76999376488277,184922.04972839355,3823,242.60510610768705,54000,Neutral,56.61476084345737,48.7701,46.7924,34.8808,29.8446,30.2998,134.53103637695312,-2.1588,AVAX-USD,0.5183,Neutral,0.4117,0.4261,84.25450412263326,167,558.530029296875,0.0,0.0
2024-12-12,53.11970138549805,48.3745346069336,55.19392013549805,48.326263427734375,53.11970138549805,1824782725.0,203107.3883905239,0,30.76999376488277,203076.61839675903,3823,276.22467771577124,54000,Neutral,63.750819523561866,49.0589,47.2939,35.2799,30.1124,30.3763,134.53103637695312,-1.5759,AVAX-USD,0.5093,Neutral,0.4137,0.4481,83.15050225088847,167,555.6500244140625,0.0,0.0
2024-12-13,52.70176315307617,53.12007522583008,53.9354248046875,50.96235656738281,52.70176315307617,948118176.0,201509.61052797508,0,30.76999376488277,201478.8405342102,3823,273.26582982216235,54000,Neutral,60.88945673768729,48.8125,47.8545,35.6739,30.3838,30.4561,134.53103637695312,-1.2899,AVAX-USD,0.5034,Neutral,0.4102,0.4801,83.13515394359678,167,555.6099853515625,0.0,0.0
2024-12-14,49.83277130126953,52.70176315307617,53.73722457885742,49.45987701416016,49.83277130126953,706207493.0,190541.4546785183,0,30.76999376488277,190510.68468475342,3823,252.95443010094604,54000,Neutral,56.40720451918185,49.733,48.244,36.0346,30.6291,30.5185,134.53103637695312,-1.5112,AVAX-USD,0.5034,Neutral,0.4102,0.4801,83.13515394359678,167,555.6099853515625,0.0,0.0
2024-12-15,50.754615783691406,49.83062362670898,51.267032623291016,48.164695739746094,50.754615783691406,755577878.0,194065.66613481712,0,30.76999376488277,194034.89614105225,3823,259.48074761261057,54000,Neutral,57.20961740145529,50.956,48.7119,36.4131,30.8798,30.5853,134.53103637695312,-1.5382,AVAX-USD,0.5034,Neutral,0.4102,0.4801,83.13515394359678,167,555.6099853515625,0.0,0.0
2024-12-16,48.99325942993164,50.75556945800781,51.91432571411133,48.47699737548828,48.99325942993164,862749862.0,187332.00079439353,0,30.76999376488277,187301.23080062866,3823,247.01099698219647,54000,Neutral,45.09088849635477,51.0804,49.0227,36.7753,31.1146,30.6299,134.53103637695312,-1.7851,AVAX-USD,0.4919,Neutral,0.4221,0.4884,83.97081780264625,167,557.7899780273438,0.0,0.0
2024-12-17,47.83877182006836,48.99325942993164,50.80573654174805,47.606895446777344,47.83877182006836,743674965.0,182918.3946618862,0,30.76999376488277,182887.62466812134,3823,238.83765229236812,54000,Neutral,45.30403348601479,50.0242,49.219,37.1043,31.3363,30.6746,134.53103637695312,-2.073,AVAX-USD,0.4831,Neutral,0.4401,0.4824,83.07383090485982,167,555.4500122070312,0.0,0.0
2024-12-18,42.80390930175781,47.83876037597656,48.16446304321289,42.76815414428711,42.80390930175781,1142828284.0,163670.115254385,0,30.76999376488277,163639.34526062012,3823,203.19269042662512,54000,Neutral,36.42082353419536,48.0447,49.2172,37.3492,31.5062,30.6895,134.53103637695312,-2.8782,AVAX-USD,0.3811,Neutral,0.5867,0.4663,76.82166517406556,167,539.1400146484375,0.0,0.0
2024-12-19,38.91089630126953,42.80350875854492,43.52767181396485,37.68978500366211,38.91089630126953,1306741716.0,148787.1265535183,0,30.76999376488277,148756.35655975342,3823,175.63160023983494,54000,Neutral,34.64003574790796,45.8603,48.9165,37.5155,31.6344,30.6921,134.53103637695312,-3.8346,AVAX-USD,0.3952,Neutral,0.5446,0.4439,76.74499382803693,167,538.9400024414062,0.0,0.0
2024-12-20,39.81724548339844,38.90713882446289,40.29148864746094,33.67742156982422,39.81724548339844,1322742516.0,152252.0994767971,0,30.76999376488277,152221.32948303223,3823,182.04821676442532,54000,Neutral,33.15159690503252,43.6728,48.6627,37.7166,31.7556,30.7065,134.53103637695312,-4.1887,AVAX-USD,0.44,Neutral,0.4698,0.4224,79.08331780264628,167,545.0399780273438,0.0,0.0
2024-12-21,37.40167617797852,39.81724548339844,42.29633712768555,36.98344039916992,37.40167617797852,676474348.0,143017.37802217677,0,30.76999376488277,142986.6080284119,3823,164.94688073735065,54000,Neutral,31.887697215363985,41.3545,48.2782,37.8799,31.8463,30.714,134.53103637695312,-4.5998,AVAX-USD,0.44,Neutral,0.4698,0.4224,79.08331780264628,167,545.0399780273438,0.0,0.0
2024-12-22,36.51603317260742,37.4013671875,38.474857330322266,35.5992317199707,36.51603317260742,512824679.0,139631.56481264305,0,30.76999376488277,139600.79481887817,3823,158.67685627525114,54000,Neutral,27.10236064259034,39.09,47.4884,38.0441,31.9242,30.7228,134.53103637695312,-4.81,AVAX-USD,0.44,Neutral,0.4698,0.4224,79.08331780264628,167,545.0399780273438,0.0,0.0
2024-12-23,39.02850341796875,36.51995468139648,39.562156677246094,35.69780731201172,39.02850341796875,789241250.0,149236.7385606594,0,30.76999376488277,149205.96856689453,3823,176.46421506787405,54000,Neutral,40.26183440299583,38.3349,46.8898,38.2474,32.0247,30.742,134.53103637695312,-4.3657,AVAX-USD,0.4497,Neutral,0.4462,0.4036,80.57411049470355,167,547.1900024414062,1.739,0.0
2024-12-24,41.21257781982422,39.02867889404297,41.89959716796875,37.72718048095703,41.21257781982422,650595703.0,157586.45499895286,0,30.76999376488277,157555.685005188,3823,191.92665291656562,54000,Neutral,44.87475663523722,38.7952,46.3096,38.5194,32.1519,30.7723,134.53103637695312,-3.555,AVAX-USD,0.4737,Neutral,0.4141,0.4037,82.73227903311502,167,552.8200073242188,0.0,0.0
2024-12-25,40.24849319458008,41.21100616455078,41.80654525756836,39.8733024597168,40.24849319458008,392462926.0,153900.7594766445,0,30.76999376488277,153869.98948287964,3823,185.10129083821684,54000,Neutral,36.7581094838625,38.8815,45.781,38.7671,32.2864,30.7926,134.53103637695312,-3.0166,AVAX-USD,0.4767,Neutral,0.4141,0.4012,82.73227903311502,167,552.8200073242188,0.0,0.0
2024-12-26,37.28079605102539,40.24665832519531,40.621952056884766,37.010440826416016,37.28079605102539,504900895.0,142555.25329683494,0,30.76999376488277,142524.48330307007,3823,164.09109420893984,54000,Neutral,22.586028948426204,38.8573,45.0156,38.9595,32.4016,30.8117,134.53103637695312,-2.9804,AVAX-USD,0.4697,Neutral,0.4209,0.406,82.72844195629212,167,552.8099975585938,0.0,0.0
2024-12-27,36.48052215576172,37.28119659423828,38.94218444824219,36.32023239135742,36.48052215576172,472646946.0,139495.80619524192,0,30.76999376488277,139465.03620147705,3823,158.42545142821206,54000,Neutral,22.29100904283942,38.8502,44.2558,39.13,32.5147,30.825,134.53103637695312,-2.9345,AVAX-USD,0.4435,Neutral,0.433,0.4156,80.53194944327126,167,547.0800170898438,0.0,0.0
2024-12-28,37.66184616088867,36.48117065429688,38.02265548706055,36.30048370361328,37.66184616088867,315276472.0,144012.00786684226,0,30.76999376488277,143981.2378730774,3823,166.78878785710154,54000,Neutral,27.937673244931943,38.5768,43.4422,39.3102,32.6345,30.8419,134.53103637695312,-2.5674,AVAX-USD,0.4435,Neutral,0.433,0.4156,80.53194944327126,167,547.0800170898438,0.0,0.0
2024-12-29,35.826663970947266,37.66184616088867,37.68271255493164,35.51964569091797,35.826663970947266,338847922.0,136996.10635469627,0,30.76999376488277,136965.3363609314,3823,153.7963776494238,54000,Neutral,23.807290797234913,37.4997,42.972,39.4707,32.7431,30.8429,134.53103637695312,-2.486,AVAX-USD,0.4435,Neutral,0.433,0.4156,80.53194944327126,167,547.0800170898438,0.0,0.0
2024-12-30,35.90605545043945,35.826637268066406,37.08730697631836,34.870948791503906,35.90605545043945,608777704.0,137299.6199807949,0,30.76999376488277,137268.84998703003,3823,154.3584399199768,54000,Neutral,25.59670746766365,36.6312,42.5354,39.6521,32.8635,30.8368,134.53103637695312,-2.2818,AVAX-USD,0.43,Neutral,0.4582,0.4285,78.19743914867489,167,540.989990234375,0.0,0.0
2024-12-31,35.6909294128418,35.90605545043945,37.14768600463867,34.9591064453125,35.6909294128418,342457823.0,136477.19313905906,0,30.76999376488277,136446.4231452942,3823,152.83542725009562,54000,Neutral,26.52596376348373,36.3132,41.9014,39.8338,32.9746,30.8297,134.53103637695312,-2.0518,AVAX-USD,0.4263,Neutral,0.4567,0.4447,77.36177528962541,167,538.8099975585938,0.0,0.0
2025-01-01,37.69343948364258,35.6909294128418,37.869911193847656,34.960540771484375,37.69343948364258,334807162.0,145131.7714168644,0,12.02940484047474,145119.74201202393,3850,163.9758324306488,55000,"cash_0%_Buy 100% of cash (27 shares - DCA Strategy) Monthly invest 1.8% of total investment ($1,000.00)",38.81378318489118,36.5558,41.13,40.0606,33.1105,30.832,134.53103637695312,-1.4439,AVAX-USD,0.4213,Neutral,0.4545,0.4575,76.37182457401634,171,538.8099975585938,0.0,0.0
2025-01-02,39.22916030883789,37.69344711303711,40.50159454345703,37.6899642944336,39.22916030883789,522067297.0,151044.29659386634,0,12.02940484047474,151032.26718902588,3850,174.72587820701597,55000,Neutral,50.77680629273524,36.8692,40.4564,40.3221,33.2549,30.8482,134.53103637695312,-0.6984,AVAX-USD,0.4137,Neutral,0.4607,0.4903,75.85412751445502,171,537.4600219726562,0.0,0.0
2025-01-03,41.88275146484375,39.22829818725586,42.13809967041016,38.90967178344727,41.88275146484375,617233780.0,161260.6225444889,0,12.02940484047474,161248.59313964844,3850,193.30101629905698,55000,Neutral,54.64520694188455,38.0805,40.0589,40.6417,33.4259,30.8808,134.53103637695312,0.2786,AVAX-USD,0.4313,Neutral,0.4331,0.5188,78.51552294611352,171,544.4000244140625,0.0,0.0
2025-01-04,42.68106842041016,41.88217926025391,42.82360458374024,40.99794769287109,42.68106842041016,451368108.0,164334.1428234196,0,12.02940484047474,164322.11341857913,3850,198.88923498802188,55000,Neutral,62.80448280551903,39.4355,39.6552,40.9531,33.6053,30.9125,134.53103637695312,1.0398,AVAX-USD,0.4313,Neutral,0.4331,0.5188,78.51552294611352,171,544.4000244140625,0.0,0.0
2025-01-05,43.0792350769043,42.68087768554688,43.1455192565918,41.28764724731445,43.0792350769043,394208895.0,165867.084450922,0,12.02940484047474,165855.05504608154,3850,201.67640158348078,55000,Neutral,66.30371828150017,40.9131,39.3595,41.2206,33.7827,30.9515,134.53103637695312,1.5569,AVAX-USD,0.4313,Neutral,0.4331,0.5188,78.51552294611352,171,544.4000244140625,0.0,0.0
2025-01-06,44.097415924072266,43.0792350769043,44.97941970825195,42.07746505737305,44.097415924072266,676573179.0,169787.08071251868,0,12.02940484047474,169775.05130767822,3850,208.8036675136566,55000,Neutral,63.60150895746451,42.1939,39.1725,41.4991,33.9567,30.9958,134.53103637695312,1.9866,AVAX-USD,0.4298,Neutral,0.4292,0.5345,79.7311677685404,171,547.5700073242188,0.0,0.0
2025-01-07,39.26634216308594,44.09754943847656,44.52291488647461,39.26327896118164,39.26634216308594,718791551.0,151187.44673272132,0,12.02940484047474,151175.41732788086,3850,174.98615118675227,55000,Neutral,45.427215326017745,42.2014,38.9956,41.674,34.0851,31.0212,134.53103637695312,1.4184,AVAX-USD,0.4086,Neutral,0.4519,0.5515,77.36887943174284,171,541.4099731445312,0.0,0.0
2025-01-08,37.42233276367188,39.26634216308594,39.87239074707031,36.38608932495117,37.42233276367188,692004532.0,144088.0105449772,0,12.02940484047474,144075.98114013675,3850,162.0780853908539,55000,Neutral,43.62344663923576,41.3093,38.9212,41.7907,34.1939,31.042,134.53103637695312,0.7174,AVAX-USD,0.4176,Neutral,0.4519,0.5574,77.64884030204817,171,542.1400146484375,0.0,0.0
2025-01-09,36.18815612792969,37.42233276367188,37.87865447998047,35.56924057006836,36.18815612792969,482489077.0,139336.43049736976,0,12.02940484047474,139324.4010925293,3850,153.43884894065854,55000,Neutral,47.32550650095698,40.0107,38.7397,41.8608,34.3013,31.0613,134.53103637695312,0.0582,AVAX-USD,0.4182,Neutral,0.4621,0.5611,77.64884030204817,171,542.1400146484375,0.0,0.0
2025-01-10,36.68634796142578,36.188175201416016,37.90095520019531,35.993896484375,36.68634796142578,504078948.0,141254.46905632972,0,12.02940484047474,141242.43965148926,3850,156.9261917751312,55000,Neutral,50.51136943057882,38.7321,38.7039,41.8762,34.4068,31.0696,134.53103637695312,-0.2634,AVAX-USD,0.3805,Neutral,0.4729,0.5956,74.48507883415824,171,533.8900146484375,0.0,0.0
2025-01-11,37.09521865844727,36.68634796142578,37.704891204833984,36.04962158203125,37.09521865844727,264638508.0,142828.62123986246,0,12.02940484047474,142816.591835022,3850,159.78828665428165,55000,Neutral,48.53603603603606,37.3317,38.7329,41.9271,34.508,31.0806,134.53103637695312,-0.3668,AVAX-USD,0.3805,Neutral,0.4729,0.5956,74.48507883415824,171,533.8900146484375,0.0,0.0
2025-01-12,36.55796432495117,37.09521865844727,37.508079528808594,36.12608337402344,36.55796432495117,241246915.0,140760.19205590247,0,12.02940484047474,140748.162651062,3850,156.02750631980894,55000,Neutral,52.025248790382214,36.79,38.6094,41.9841,34.6016,31.0812,134.53103637695312,-0.4811,AVAX-USD,0.3805,Neutral,0.4729,0.5956,74.48507883415824,171,533.8900146484375,0.0,0.0
2025-01-13,35.28932571411133,36.55796432495117,37.29485702514648,32.96311950683594,35.28932571411133,572190127.0,135875.93340416907,0,12.02940484047474,135863.9039993286,3850,147.14703604393003,55000,Neutral,48.39759079611803,36.3634,38.3132,42.0529,34.697,31.0729,134.53103637695312,-0.7194,AVAX-USD,0.3831,Neutral,0.4688,0.6493,74.74968527499112,171,534.5800170898438,0.0,0.0
2025-01-14,36.50234603881836,35.29032516479492,36.67301177978516,35.058380126953125,36.50234603881836,291606376.0,140546.06165429114,0,12.02940484047474,140534.03224945068,3850,155.63817831687925,55000,Neutral,52.004317176399276,36.4262,38.1259,42.1089,34.8052,31.0766,134.53103637695312,-0.6073,AVAX-USD,0.3866,Neutral,0.4608,0.6745,75.01045310845586,171,535.260009765625,0.0,0.0
2025-01-15,39.852821350097656,36.50262451171875,39.91694259643555,36.28029251098633,39.852821350097656,500173934.0,153445.39160271644,0,12.02940484047474,153433.36219787598,3850,179.09150549583433,55000,GeoWatch,55.000956780214594,37.0595,38.2545,42.1878,34.9393,31.0754,134.53103637695312,0.0841,AVAX-USD,0.4177,GeoWatch,0.4276,0.7264,78.76477495747392,171,545.0499877929688,0.0,0.0
2025-01-16,40.04843521118164,39.85343933105469,40.44487380981445,38.40142059326172,40.04843521118164,481653335.0,154198.50496788978,0,12.02940484047474,154186.47556304932,3850,180.46080252342222,55000,GeoWatch,52.022942912484694,37.6502,38.4329,42.2764,35.0677,31.0708,134.53103637695312,0.5719,AVAX-USD,0.415,GeoWatch,0.4357,0.759,78.45415204050863,171,544.239990234375,0.0,0.0
2025-01-17,41.39154052734375,40.047943115234375,41.79570770263672,40.04760360717773,41.39154052734375,432536419.0,159369.4604351139,0,12.02940484047474,159357.43103027344,3850,189.86253973655698,55000,GeoWatch,48.70318262477416,38.6169,38.6194,42.3754,35.1905,31.0766,134.53103637695312,1.0938,AVAX-USD,0.4222,GeoWatch,0.4237,0.7605,80.45596237684032,171,549.4600219726562,0.0,0.0
2025-01-18,39.24570846557617,41.39154052734375,41.62980270385742,38.38263702392578,39.24570846557617,500077820.0,151108.00699730872,0,12.02940484047474,151095.97759246826,3850,174.8417153041839,55000,GeoWatch,41.53293720793837,39.4082,38.7903,42.4583,35.2876,31.0797,134.53103637695312,1.033,AVAX-USD,0.4222,GeoWatch,0.4237,0.7605,80.45596237684032,171,549.4600219726562,0.0,0.0
2025-01-19,35.575374603271484,39.24538040161133,40.45109939575195,35.241050720214844,35.575374603271484,860313012.0,136977.22162743568,0,12.02940484047474,136965.19222259521,3850,149.14937826805112,55000,GeoWatch,34.0741721871462,39.2228,38.7738,42.4914,35.352,31.0696,134.53103637695312,0.3565,AVAX-USD,0.4222,GeoWatch,0.4237,0.7605,80.45596237684032,171,549.4600219726562,0.0,0.0
2025-01-20,35.95790481567383,35.57020950317383,39.31837463378906,34.549495697021484,35.95790481567383,1168790460.0,138449.9629451847,0,12.02940484047474,138437.93354034424,3850,151.82708975486753,55000,GeoWatch,32.24607099827597,38.4438,38.7871,42.4936,35.4238,31.0599,134.53103637695312,-0.0085,AVAX-USD,0.4235,GeoWatch,0.4215,0.7547,80.45596237684032,171,549.4600219726562,0.0,0.0
2025-01-21,36.922481536865234,35.957977294921875,37.557743072509766,34.59984588623047,36.922481536865234,514450441.0,142163.5833217716,0,12.02940484047474,142151.55391693115,3850,158.57912680320737,55000,GeoWatch,43.8502748729327,37.8186,38.7486,42.3909,35.5031,31.0606,134.53103637695312,-0.0581,AVAX-USD,0.4436,GeoWatch,0.4118,0.736,82.37339356950086,171,554.4600219726562,0.0,0.0
2025-01-22,36.75145721435547,36.922481536865234,37.7232551574707,36.59748077392578,36.75145721435547,306071928.0,141505.13968010902,0,12.02940484047474,141493.11027526855,3850,157.381956545639,55000,GeoWatch,48.070382868797076,36.8906,38.6247,42.3119,35.572,31.0544,134.53103637695312,-0.0959,AVAX-USD,0.441,GeoWatch,0.4113,0.7006,83.5813611771915,171,557.6099853515625,0.0,0.0
2025-01-23,35.59188461303711,36.75145721435547,36.86491012573242,34.751644134521484,35.59188461303711,459399067.0,137040.78516503333,0,12.02940484047474,137028.75576019287,3850,149.2649483364105,55000,Neutral,48.27757197251943,36.1598,38.3102,42.2044,35.6412,31.0486,134.53103637695312,-0.2925,AVAX-USD,0.438,Neutral,0.4093,0.6681,84.76634395295844,171,560.7000122070312,0.0,0.0
2025-01-24,35.33805084228516,35.59232711791992,36.74484634399414,34.636497497558594,35.33805084228516,561930582.0,136063.52514763834,0,12.02940484047474,136051.49574279788,3850,147.48811194114685,55000,Neutral,46.04945137975468,36.1124,37.943,42.1034,35.6927,31.0452,134.53103637695312,-0.4262,AVAX-USD,0.4404,Neutral,0.4067,0.6464,84.11825127359347,171,559.010009765625,0.0,0.0
2025-01-25,36.62107849121094,35.337703704833984,37.2052001953125,34.95508575439453,36.62107849121094,633077814.0,141003.18159600257,0,12.02940484047474,140991.1521911621,3850,156.4693054836273,55000,Neutral,48.678453582400536,36.245,37.6201,42.0008,35.7442,31.0479,134.53103637695312,-0.2477,AVAX-USD,0.4404,Neutral,0.4067,0.6464,84.11825127359347,171,559.010009765625,0.0,0.0
2025-01-26,35.85732650756836,36.621803283691406,38.1331901550293,35.85732650756836,35.85732650756836,351844441.0,138062.73645897864,0,12.02940484047474,138050.70705413818,3850,151.12304159812925,55000,Neutral,48.07149784100326,36.032,37.2081,41.8665,35.7985,31.047,134.53103637695312,-0.2324,AVAX-USD,0.4404,Neutral,0.4067,0.6464,84.11825127359347,171,559.010009765625,0.0,0.0
2025-01-27,34.19962310791016,35.855472564697266,35.97551727294922,32.91709899902344,34.19962310791016,686036211.0,131680.5783702946,0,12.02940484047474,131668.54896545413,3850,139.51911780052185,55000,Neutral,47.06349296093177,35.5216,36.9548,41.7225,35.8413,31.0405,134.53103637695312,-0.4776,AVAX-USD,0.4158,Neutral,0.453,0.6154,81.13471710286528,171,551.22998046875,0.0,0.0
2025-01-28,32.12329864501953,34.20404815673828,34.491546630859375,31.88039207458496,32.12329864501953,347595465.0,123686.72918816567,0,12.02940484047474,123674.6997833252,3850,124.98484656028745,55000,Neutral,38.72408641251336,34.8279,36.6898,41.5092,35.8778,31.0288,134.53103637695312,-0.9552,AVAX-USD,0.4325,Neutral,0.4317,0.6015,82.90642165239218,171,555.8499755859375,0.0,0.0
2025-01-29,32.775238037109375,32.12303924560547,33.74737548828125,31.9444522857666,32.775238037109375,406122843.0,126196.69584771157,0,12.02940484047474,126184.6664428711,3850,129.54842230491636,55000,Neutral,28.833926937617917,34.3153,36.5192,41.3072,35.9354,31.0194,134.53103637695312,-1.0744,AVAX-USD,0.4273,Neutral,0.4341,0.579,81.97071429412814,171,553.4099731445312,0.0,0.0
2025-01-30,34.310176849365234,32.77690124511719,34.64218521118164,32.50153350830078,34.310176849365234,314772918.0,132106.2102748966,0,12.02940484047474,132094.18087005615,3850,140.29299399070737,55000,Neutral,34.11202456481152,33.8531,36.4004,41.1275,36.0098,31.0121,134.53103637695312,-0.7937,AVAX-USD,0.426,Neutral,0.4253,0.5665,83.07899514096017,171,556.2999877929688,0.0,0.0
2025-01-31,34.39764404296875,34.30886459350586,36.104000091552734,33.83063125610352,34.39764404296875,408161766.0,132442.95897027015,0,12.02940484047474,132430.9295654297,3850,140.90526434593195,55000,Neutral,29.18837042041713,33.5612,36.2655,40.8289,36.091,31.0032,134.53103637695312,-0.5312,AVAX-USD,0.4154,Neutral,0.4314,0.5543,81.94005224746819,171,553.3300170898438,0.0,0.0
2025-02-01,32.1812629699707,34.39739227294922,35.066104888916016,31.931659698486328,32.1812629699707,298434498.0,124908.89422007561,0,13.412633619313851,124895.4815864563,3881,123.15148122154986,56000,"cash_0%_Buy 100% of cash (31 shares - DCA Strategy) Monthly invest 1.8% of total investment ($1,000.00)",29.06633158967294,33.1575,36.0466,40.5153,36.1405,30.9877,134.53103637695312,-0.7133,AVAX-USD,0.4172,Neutral,0.4313,0.5582,80.91893666599621,172,553.3300170898438,0.0,0.0
2025-02-02,27.576316833496094,32.1812629699707,32.56208419799805,26.41944694519043,27.576316833496094,826871839.0,107037.09826441765,0,13.412633619313851,107023.68563079834,3881,91.23755987216063,56000,Neutral,27.54085297214273,32.2481,35.661,40.0946,36.1562,30.9629,134.53103637695312,-1.6269,AVAX-USD,0.4172,Neutral,0.4313,0.5582,80.91893666599621,172,553.3300170898438,0.0,0.0
2025-02-03,28.41798210144043,27.57649803161621,28.78010940551757,22.202606201171875,28.41798210144043,1827441235.0,110303.60116930962,0,13.412633619313851,110290.18853569031,3881,97.07060077375343,56000,Neutral,29.36207464168467,31.3767,35.2568,39.7212,36.1686,30.9468,134.53103637695312,-1.954,AVAX-USD,0.3986,Neutral,0.4638,0.5629,79.53623480608856,172,549.7000122070312,0.0,0.0
2025-02-04,26.524229049682617,28.41794204711914,28.61758613586425,25.588348388671875,26.524229049682617,673184054.0,102953.94557543755,0,13.412633619313851,102940.53294181824,3881,83.94621578469616,56000,Neutral,22.916039249215416,29.8195,34.5904,39.2868,36.1684,30.92,134.53103637695312,-2.4152,AVAX-USD,0.4161,Neutral,0.4458,0.5683,80.9265390385992,172,553.3499755859375,0.0,0.0
2025-02-05,25.872116088867188,26.5241813659668,27.37262344360352,25.69465446472168,25.872116088867188,369790684.0,100423.09517451287,0,13.412633619313851,100409.68254089355,3881,79.42684006875925,56000,Neutral,22.355770302600618,28.1144,33.8815,38.8567,36.1645,30.8933,134.53103637695312,-2.7021,AVAX-USD,0.4309,Neutral,0.4288,0.5548,81.79121011459351,172,555.6199951171875,0.0,0.0
2025-02-06,24.50727844238281,25.87181854248047,26.807785034179688,24.373432159423828,24.50727844238281,359084186.0,95126.160268507,0,13.412633619313851,95112.74763488768,3881,69.96802773660589,56000,Neutral,22.124973571245192,26.5796,33.0373,38.3663,36.154,30.864,134.53103637695312,-3.0122,AVAX-USD,0.4296,Neutral,0.4234,0.5408,82.55302829641168,172,557.6199951171875,0.0,0.0
2025-02-07,24.45077514648437,24.506954193115234,26.18919944763184,23.771848678588867,24.45077514648437,374747957.0,94906.87097712516,0,13.412633619313851,94893.45834350584,3881,69.57643971628119,56000,Neutral,22.34675936754475,25.9545,32.2976,38.02,36.1423,30.8272,134.53103637695312,-3.0491,AVAX-USD,0.4156,Neutral,0.4363,0.5328,80.48850753336124,172,552.2000122070312,0.0,0.0
2025-02-08,24.59956741333008,24.45125961303711,24.79362869262696,23.964962005615234,24.59956741333008,191355666.0,95484.33376475336,0,13.412633619313851,95470.92113113405,3881,70.60762326561725,56000,Neutral,17.598956131360836,25.1908,31.7488,37.686,36.1189,30.8006,134.53103637695312,-2.8537,AVAX-USD,0.4156,Neutral,0.4363,0.5328,80.48850753336124,172,552.2000122070312,0.0,0.0
2025-02-09,24.912887573242188,24.599082946777344,25.478614807128903,23.755592346191406,24.912887573242188,277872000.0,96700.32930537224,0,13.412633619313851,96686.91667175293,3881,72.77904387386528,56000,Neutral,19.76788761863577,24.8685,31.1965,37.295,36.0879,30.7782,134.53103637695312,-2.4703,AVAX-USD,0.4156,Neutral,0.4363,0.5328,80.48850753336124,172,552.2000122070312,0.0,0.0
2025-02-10,25.63951873779297,24.912887573242188,25.945751190185547,23.940326690673828,25.63951873779297,320056403.0,99520.38485499383,0,13.412633619313851,99506.97222137451,3881,77.81485735533238,56000,Neutral,25.071935437070408,24.822,30.6324,36.837,36.0585,30.7601,134.53103637695312,-1.8798,AVAX-USD,0.4289,Neutral,0.4257,0.5366,81.99310309222135,172,556.1500244140625,0.0,0.0
2025-02-11,25.39145851135254,25.63951873779297,26.961986541748047,24.938663482666016,25.39145851135254,372729241.0,98557.66311617852,0,13.412633619313851,98544.2504825592,3881,76.09571139316218,56000,Neutral,28.059816356128124,24.9988,30.0644,36.3818,36.0279,30.7407,134.53103637695312,-1.3988,AVAX-USD,0.4214,Neutral,0.4265,0.5536,82.1835576376759,172,556.6500244140625,0.0,0.0
2025-02-12,26.493667602539062,25.391477584838867,27.020484924316406,24.43290138244629,26.493667602539062,452352647.0,102835.33659907342,0,13.412633619313851,102821.9239654541,3881,83.73441404118878,56000,Neutral,30.11106177823494,25.4074,29.6095,35.9929,36.0137,30.7325,134.53103637695312,-0.6945,AVAX-USD,0.4088,Neutral,0.4203,0.5565,81.48267468091099,172,554.8099975585938,0.0,0.0
2025-02-13,25.416154861450195,26.493667602539062,26.591665267944336,25.14626121520996,25.416154861450195,290056934.0,98653.50965090752,0,13.412633619313851,98640.09701728821,3881,76.26686591946397,56000,Neutral,20.999378944025736,25.5707,29.1134,35.5705,35.9918,30.7274,134.53103637695312,-0.3843,AVAX-USD,0.4292,Neutral,0.4135,0.561,83.71479637391525,172,560.6699829101562,0.0,0.0
2025-02-14,26.39476776123047,25.415891647338867,27.17354393005371,25.33290100097656,26.39476776123047,338474858.0,102451.50631495476,0,13.412633619313851,102438.09368133545,3881,83.04900281954832,56000,Neutral,25.33833720280954,25.8671,28.6021,35.1939,35.9846,30.7254,134.53103637695312,0.1403,AVAX-USD,0.4356,Neutral,0.41,0.552,83.72242199536413,172,560.6900024414062,0.0,0.0
2025-02-15,25.489839553833008,26.39493751525879,26.947673797607425,25.41757774353028,25.489839553833008,192755887.0,98939.47994204522,0,13.412633619313851,98926.0673084259,3881,76.77752715363842,56000,Neutral,27.5664645267382,25.8372,28.0837,34.8214,35.9629,30.7168,134.53103637695312,0.3339,AVAX-USD,0.4356,Neutral,0.41,0.552,83.72242199536413,172,560.6900024414062,0.0,0.0
2025-02-16,24.837257385253903,25.490110397338867,25.557722091674805,24.784574508666992,24.837257385253903,208197236.0,96406.80854578971,0,13.412633619313851,96393.3959121704,3881,72.25489966032501,56000,Neutral,37.50602488883754,25.7263,27.6156,34.522,35.9356,30.7059,134.53103637695312,0.3634,AVAX-USD,0.4356,Neutral,0.41,0.552,83.72242199536413,172,560.6900024414062,0.0,0.0
2025-02-17,25.0288143157959,24.83685302734375,25.92212104797364,24.49518775939941,25.0288143157959,330618844.0,97150.2409932232,0,13.412633619313851,97136.82835960388,3881,73.58245760217052,56000,Neutral,33.56593879193143,25.4334,27.2608,34.2906,35.9031,30.7035,134.53103637695312,0.4868,AVAX-USD,0.4252,Neutral,0.4178,0.5363,83.72242199536413,172,560.6900024414062,0.0,0.0
2025-02-18,23.48827362060547,25.02873039245605,25.10608291625977,22.9553337097168,23.48827362060547,381480791.0,91171.40255518914,0,13.412633619313851,91157.98992156982,3881,62.905960391395425,56000,Neutral,34.756505741754665,25.0478,26.7965,34.0185,35.8675,30.697,134.53103637695312,0.2427,AVAX-USD,0.4224,Neutral,0.4145,0.5327,84.33949286272917,172,562.3099975585938,0.0,0.0
2025-02-19,23.72795867919922,23.48853302001953,24.001558303833008,23.025333404541016,23.72795867919922,290366057.0,92101.62026759148,0,13.412633619313851,92088.20763397217,3881,64.56706344925676,56000,Neutral,38.769073441265824,24.5144,26.2674,33.7906,35.8352,30.6924,134.53103637695312,0.2058,AVAX-USD,0.4254,Neutral,0.4159,0.5432,84.85752364664252,172,563.6699829101562,0.0,0.0
2025-02-20,25.14973258972168,23.72795867919922,25.32773208618164,23.7272891998291,25.14973258972168,352566834.0,97619.52481432915,0,13.412633619313851,97606.11218070984,3881,74.42046442557402,56000,Neutral,53.345171449086685,24.4464,25.805,33.6011,35.8226,30.6913,134.53103637695312,0.6001,AVAX-USD,0.4253,Neutral,0.4212,0.554,83.95477096109565,172,561.2999877929688,0.0,0.0
2025-02-21,24.5191650390625,25.1494140625,26.47578811645508,23.81600379943848,24.5191650390625,601404830.0,95172.29215022088,0,13.412633619313851,95158.87951660156,3881,70.05040609680924,56000,Neutral,50.33600971594361,24.3828,25.4219,33.3593,35.8033,30.686,134.53103637695312,0.7405,AVAX-USD,0.3987,Neutral,0.4632,0.5458,80.317093792683,172,551.75,0.0,0.0
2025-02-22,25.816495895385746,24.5191650390625,26.33824157714844,24.483322143554688,25.816495895385746,393255920.0,100207.2332036114,0,13.412633619313851,100193.82056999208,3881,79.04137226357804,56000,Neutral,55.37260482760653,24.5403,25.3339,33.1027,35.811,30.6773,134.53103637695312,1.1924,AVAX-USD,0.3987,Neutral,0.4632,0.5458,80.317093792683,172,551.75,0.0,0.0
2025-02-23,24.88555335998535,25.816495895385746,25.95378875732422,24.43094825744629,24.88555335998535,256055664.0,96594.24522372246,0,13.412633619313851,96580.83259010315,3881,72.58960801377637,56000,Neutral,49.885563241101984,24.8198,25.1573,32.8467,35.8069,30.6648,134.53103637695312,1.2607,AVAX-USD,0.3987,Neutral,0.4632,0.5458,80.317093792683,172,551.75,0.0,0.0
2025-02-24,21.88091278076172,24.884260177612305,25.133350372314453,21.754867553710938,21.88091278076172,556184604.0,84933.23513575555,0,13.412633619313851,84919.82250213623,3881,51.766375713835444,56000,Neutral,36.784962720648316,24.4504,24.9251,32.59,35.7748,30.6404,134.53103637695312,0.5517,AVAX-USD,0.3892,Neutral,0.4745,0.5431,79.3229266451333,172,549.1400146484375,0.0,0.0
2025-02-25,21.931367874145508,21.880407333374023,22.28801918029785,20.43687629699707,21.931367874145508,955836926.0,85129.05135317803,0,13.412633619313851,85115.63871955872,3881,52.116047530661305,56000,Neutral,37.66309933207006,23.8067,24.7281,32.3475,35.7387,30.6095,134.53103637695312,0.1444,AVAX-USD,0.3841,Neutral,0.4868,0.5079,78.28302901773624,172,546.4099731445312,0.0,0.0
2025-02-26,21.797014236450195,21.931367874145508,22.47026252746582,21.06825256347656,21.797014236450195,528245201.0,84607.62488528252,0,13.412633619313851,84594.21225166321,3881,51.18492883799075,56000,Neutral,32.01271674560944,23.2623,24.5926,32.0831,35.6966,30.5802,134.53103637695312,-0.0967,AVAX-USD,0.3889,Neutral,0.4836,0.4745,78.41254833813755,172,546.75,0.0,0.0
2025-02-27,22.493072509765625,21.797014236450195,23.317138671875,21.66097640991211,22.493072509765625,413198029.0,87309.0270440197,0,13.412633619313851,87295.61441040039,3881,56.00886126430716,56000,Neutral,38.46821917936037,22.5976,24.4947,31.8609,35.6658,30.5546,134.53103637695312,0.0019,AVAX-USD,0.3657,Neutral,0.5105,0.4582,75.06815536050972,172,537.969970703125,0.0,0.0
2025-02-28,22.368793487548828,22.493072509765625,22.543922424316406,20.294767379760746,22.368793487548828,742484608.0,86826.70015879632,0,13.412633619313851,86813.287525177,3881,55.14756325497967,56000,Neutral,32.96921182186519,22.0942,24.3831,31.6352,35.6437,30.5374,134.53103637695312,0.0977,AVAX-USD,0.387,Neutral,0.494,0.4405,78.2525730296326,172,546.3300170898438,0.0,0.0
2025-03-01,21.871139526367188,22.36885452270508,22.456825256347656,21.08474922180176,21.871139526367188,266943722.0,85894.29906303216,0,6.334142988210488,85887.96492004395,3927,50.79163714214794,57000,"cash_0%_Buy 100% of cash (46 shares - DCA Strategy) Monthly invest 1.8% of total investment ($1,000.00)",34.14578178442174,22.0923,24.231,31.4049,35.6194,30.5267,134.53103637695312,0.0857,AVAX-USD,0.3879,Neutral,0.494,0.4237,77.27339133822906,174,546.3300170898438,0.0,0.0
2025-03-02,24.94097328186035,21.870954513549805,24.98056983947754,21.62153053283692,24.94097328186035,815445770.0,97949.53622085381,0,6.334142988210488,97943.2020778656,3927,71.94117601551926,57000,Neutral,50.374975985179994,22.6942,24.1961,31.1924,35.6265,30.5259,134.53103637695312,0.9722,AVAX-USD,0.3879,Neutral,0.494,0.4237,77.27339133822906,174,546.3300170898438,0.0,0.0
2025-03-03,20.9365177154541,24.94090461730957,25.076040267944336,20.641185760498047,20.9365177154541,607903958.0,82224.03921157647,0,6.334142988210488,82217.70506858826,3927,44.352584771173035,57000,Neutral,38.402209866863984,22.5221,23.9734,30.8875,35.6048,30.4988,134.53103637695312,0.4687,AVAX-USD,0.3563,Neutral,0.5436,0.4187,73.7043603565638,174,536.9199829101562,0.0,0.0
2025-03-04,20.008602142333984,20.936899185180664,21.072490692138672,18.98331451416016,20.008602142333984,762415239.0,78580.11475593377,0,6.334142988210488,78573.78061294556,3927,37.959734848992866,57000,Neutral,39.78366811534535,22.0252,23.6491,30.5229,35.5823,30.475,134.53103637695312,-0.0741,AVAX-USD,0.3424,Neutral,0.5545,0.4176,71.25043453132449,174,530.4500122070312,0.0,0.0
2025-03-05,21.728666305541992,20.00938415527344,22.39214515686035,19.71605110168457,21.728666305541992,558367629.0,85334.80672485162,0,6.334142988210488,85328.4725818634,3927,49.81007163656803,57000,Neutral,44.599520997005484,21.8972,23.4647,30.1737,35.5634,30.4605,134.53103637695312,0.1236,AVAX-USD,0.356,Neutral,0.5258,0.3989,73.50715087291022,174,536.4000244140625,0.0,0.0
2025-03-06,21.02910804748535,21.728666305541992,22.486928939819336,20.9456729888916,21.02910804748535,488753037.0,82587.64144546319,0,6.334142988210488,82581.30730247498,3927,44.99048342711465,57000,Neutral,38.417474329011554,21.7288,23.1965,29.8062,35.5134,30.438,134.53103637695312,0.1099,AVAX-USD,0.325,Neutral,0.5702,0.3877,69.81674774395118,174,526.6699829101562,0.0,0.0
2025-03-07,20.0969295501709,21.02910804748535,21.143627166748047,19.7777156829834,20.0969295501709,552573508.0,78926.97648650933,0,6.334142988210488,78920.64234352112,3927,38.568264200879824,57000,Neutral,37.77693755197447,20.76,22.9268,29.4062,35.4527,30.4144,134.53103637695312,-0.1089,AVAX-USD,0.3355,Neutral,0.5468,0.3802,70.89391108282716,174,529.510009765625,0.0,0.0
2025-03-08,20.471092224121094,20.0969295501709,21.01498031616211,19.48543167114257,20.471092224121094,308597153.0,80396.31330711175,0,6.334142988210488,80389.97916412354,3927,41.146048096673525,57000,Neutral,34.430758725039624,20.6669,22.7085,29.0929,35.3835,30.3946,134.53103637695312,-0.0743,AVAX-USD,0.3355,Neutral,0.5468,0.3802,70.89391108282716,174,529.510009765625,0.0,0.0
2025-03-09,17.957881927490234,20.471126556396484,20.659183502197266,17.836383819580078,17.957881927490234,320273559.0,70526.93647224236,0,6.334142988210488,70520.60232925415,3927,23.831351895148288,57000,Neutral,31.525046183633194,20.2567,22.355,28.7685,35.2796,30.3612,134.53103637695312,-0.7288,AVAX-USD,0.3355,Neutral,0.5468,0.3802,70.89391108282716,174,529.510009765625,0.0,0.0
2025-03-10,16.28597068786621,17.955759048461914,19.00004196166992,16.220285415649414,16.28597068786621,527953869.0,63961.34103423882,0,6.334142988210488,63955.00689125061,3927,12.312763407422777,57000,Neutral,33.93743346190202,19.1682,21.9948,28.4368,35.1488,30.3212,134.53103637695312,-1.5748,AVAX-USD,0.3017,Neutral,0.6207,0.3756,65.58400117291724,174,515.510009765625,0.0,0.0
2025-03-11,17.47471809387207,16.28557777404785,17.866758346557617,15.379907608032228,17.47471809387207,670199827.0,68629.55209762383,0,6.334142988210488,68623.21795463562,3927,20.502607378273673,57000,Neutral,37.99030411684403,18.4573,21.6822,28.1166,34.9964,30.2841,134.53103637695312,-1.629,AVAX-USD,0.2983,Neutral,0.6072,0.3749,63.97964565467929,174,511.2799987792969,0.0,0.0
2025-03-12,18.89916229248047,17.474838256835938,18.9338321685791,16.968788146972656,18.89916229248047,418884253.0,74223.34446555901,0,6.334142988210488,74217.0103225708,3927,30.31627819921259,57000,Neutral,42.69859179242574,18.2178,21.3697,27.8134,34.8702,30.2468,134.53103637695312,-1.0721,AVAX-USD,0.3202,Neutral,0.5677,0.3932,64.9202624341785,174,513.760009765625,0.0,0.0
2025-03-13,18.49971389770508,18.89916229248047,19.2808780670166,17.782907485961914,18.49971389770508,357447077.0,72654.71061927607,0,6.334142988210488,72648.37647628786,3927,27.56428899520742,57000,Neutral,39.78569010148595,17.8235,21.0687,27.5124,34.7483,30.2071,134.53103637695312,-0.72,AVAX-USD,0.3061,Neutral,0.5828,0.4016,62.375290136441336,174,507.0499877929688,0.0,0.0
2025-03-14,18.569934844970703,18.49971389770508,19.26436424255371,18.49861717224121,18.569934844970703,299117682.0,72930.46827918816,0,6.334142988210488,72924.13413619995,3927,28.04807436347425,57000,Neutral,40.25624126254554,17.9459,20.7064,27.2338,34.6433,30.1709,134.53103637695312,-0.3645,AVAX-USD,0.3328,Neutral,0.534,0.4123,66.32360039738585,174,517.4600219726562,0.0,0.0
2025-03-15,19.41447639465332,18.569812774658203,19.45633316040039,18.41266822814941,19.41447639465332,274731087.0,76246.9829447918,0,6.334142988210488,76240.64880180359,3927,33.86652114523503,57000,Neutral,43.80902876948487,18.5716,20.4328,26.949,34.5289,30.1388,134.53103637695312,0.2294,AVAX-USD,0.3328,Neutral,0.534,0.4123,66.32360039738585,174,517.4600219726562,0.0,0.0
2025-03-16,18.291139602661133,19.414430618286133,19.80494499206543,18.14929962158203,18.291139602661133,251537677.0,71835.63936263848,0,6.334142988210488,71829.30521965027,3927,26.127321878299384,57000,Neutral,31.419020323795905,18.7349,20.2533,26.5896,34.3887,30.0975,134.53103637695312,0.3075,AVAX-USD,0.3328,Neutral,0.534,0.4123,66.32360039738585,174,517.4600219726562,0.0,0.0
2025-03-17,18.832107543945312,18.29111862182617,19.06882095336914,18.255935668945312,18.832107543945312,264901613.0,73960.02046806146,0,6.334142988210488,73953.68632507324,3927,29.854306273778278,57000,Neutral,42.708569179366165,18.7215,20.0984,26.236,34.2562,30.0546,134.53103637695312,0.5943,AVAX-USD,0.344,Neutral,0.513,0.4324,67.82173503104293,174,521.4099731445312,0.0,0.0
2025-03-18,19.001611709594727,18.832040786743164,19.234115600585938,18.37550544738769,19.001611709594727,265141173.0,74625.6633265667,0,6.334142988210488,74619.32918357849,3927,31.022100762383985,57000,Neutral,46.31740567150482,18.8219,19.9586,25.8628,34.1191,29.9979,134.53103637695312,0.8787,AVAX-USD,0.3368,Neutral,0.5335,0.444,65.7356989950069,174,515.9099731445312,0.0,0.0
2025-03-19,19.74834632873535,19.001611709594727,20.058481216430664,18.865785598754883,19.74834632873535,361404418.0,77558.09017593194,0,6.334142988210488,77551.75603294373,3927,36.16670927004229,57000,Neutral,42.20283043522928,19.0575,19.8213,25.5379,33.9981,29.9475,134.53103637695312,1.3358,AVAX-USD,0.3518,Neutral,0.5066,0.4453,67.79140935624706,174,521.3300170898438,0.0,0.0
2025-03-20,18.73092460632324,19.748584747314453,19.832075119018555,18.44213104248047,18.73092460632324,236868273.0,73562.67507201957,0,6.334142988210488,73556.34092903136,3927,29.157209087739886,57000,Neutral,41.17226174609146,18.9208,19.6395,25.2571,33.8743,29.9012,134.53103637695312,1.2966,AVAX-USD,0.3592,Neutral,0.505,0.4666,67.33626959123791,174,520.1300048828125,0.0,0.0
2025-03-21,19.154340744018555,18.730789184570312,19.437374114990234,18.38875389099121,19.154340744018555,192050442.0,75225.43024474908,0,6.334142988210488,75219.09610176086,3927,32.07432342586183,57000,Neutral,46.23207676929716,19.0935,19.5036,24.9771,33.7354,29.8627,134.53103637695312,1.4162,AVAX-USD,0.3667,Neutral,0.4979,0.4801,67.38557774949383,174,520.260009765625,0.0,0.0
2025-03-22,19.42012405395508,19.154354095458984,19.71517372131348,19.11447525024414,19.42012405395508,150619021.0,76269.16130286982,0,6.334142988210488,76262.8271598816,3927,33.9054305453719,57000,Neutral,45.762118736048336,19.2111,19.2276,24.6854,33.5381,29.83,134.53103637695312,1.5757,AVAX-USD,0.3667,Neutral,0.4979,0.4801,67.38557774949383,174,520.260009765625,0.0,0.0
2025-03-23,19.81166076660156,19.42012405395508,19.812135696411133,19.33352851867676,19.81166076660156,160264018.0,77806.72597343253,0,6.334142988210488,77800.39183044432,3927,36.60291242355209,57000,Neutral,59.01817527242494,19.3731,19.1713,24.403,33.3575,29.7929,134.53103637695312,1.7902,AVAX-USD,0.3667,Neutral,0.4979,0.4801,67.38557774949383,174,520.260009765625,0.0,0.0
2025-03-24,21.46042823791504,19.81137466430664,22.08034896850586,19.81015586853028,21.46042823791504,502855575.0,84281.43583328057,0,6.334142988210488,84275.10169029236,3927,47.96205252854866,57000,Neutral,75.22926599542528,19.7155,19.2439,24.1675,33.1859,29.7653,134.53103637695312,2.4322,AVAX-USD,0.3844,Neutral,0.4612,0.4949,70.84839942126327,174,529.3900146484375,0.0,0.0
2025-03-25,22.924375534057617,21.4604434967041,23.43741798400879,21.33403587341309,22.924375534057617,368087459.0,90030.35686523248,0,6.334142988210488,90024.02272224426,3927,58.04787890039411,57000,Neutral,75.87664084306775,20.5542,19.3037,23.9606,33.032,29.7467,134.53103637695312,3.2266,AVAX-USD,0.3913,Neutral,0.4588,0.5084,71.32629501705436,174,530.6500244140625,0.0,0.0
2025-03-26,22.047786712646484,22.924375534057617,23.22555160522461,21.870479583740234,22.047786712646484,287117610.0,86587.99256355096,0,6.334142988210488,86581.65842056274,3927,52.00864328340897,57000,Neutral,65.77116973621759,21.1329,19.3546,23.7177,32.8592,29.7257,134.53103637695312,3.319,AVAX-USD,0.3748,Neutral,0.4788,0.5239,68.9785553523408,174,524.4600219726562,0.0,0.0
2025-03-27,22.000259399414062,22.047664642333984,22.35063362121582,21.66950035095215,22.000259399414062,231004333.0,86401.35280448724,0,6.334142988210488,86395.01866149902,3927,51.68120510961298,57000,Neutral,68.17465391495583,21.6489,19.4498,23.4868,32.6766,29.7076,134.53103637695312,3.227,AVAX-USD,0.3709,Neutral,0.4854,0.5322,68.4331517487372,174,521.2100219726562,1.812,0.0
2025-03-28,20.373674392700195,22.00030517578125,22.166343688964844,19.806549072265625,20.373674392700195,324964703.0,80013.75348312188,0,6.334142988210488,80007.41934013367,3927,40.4748905107264,57000,Neutral,58.06201194844493,21.7613,19.4449,23.2563,32.4894,29.6854,134.53103637695312,2.5328,AVAX-USD,0.3423,Neutral,0.5426,0.5327,64.48484148779269,174,510.7999877929688,0.0,0.0
2025-03-29,19.654756546020508,20.371074676513672,20.517507553100582,19.50424575805664,19.654756546020508,234283284.0,77190.56309921075,0,6.334142988210488,77184.22895622253,3927,35.52192492491739,57000,Neutral,51.08615580717786,21.4002,19.5298,23.0485,32.2788,29.6601,134.53103637695312,1.7718,AVAX-USD,0.3423,Neutral,0.5426,0.5327,64.48484148779269,174,510.7999877929688,0.0,0.0
2025-03-30,18.862831115722656,19.654523849487305,19.878585815429688,18.732824325561523,18.862831115722656,222561606.0,74080.67193443108,0,6.334142988210488,74074.33779144287,3927,30.065975513023233,57000,Neutral,52.66407995288523,20.5879,19.6586,22.8167,32.0619,29.6404,134.53103637695312,0.9775,AVAX-USD,0.3423,Neutral,0.5426,0.5327,64.48484148779269,174,510.7999877929688,0.0,0.0
2025-03-31,18.768949508666992,18.862812042236328,19.100217819213867,18.215557098388672,18.768949508666992,253348453.0,73711.99886352349,0,6.334142988210488,73705.66472053528,3927,29.419180651781843,57000,Neutral,49.692886918613226,19.9321,19.7233,22.5576,31.8426,29.624,134.53103637695312,0.417,AVAX-USD,0.3347,Neutral,0.5554,0.5535,65.6643944905024,174,513.9099731445312,0.0,0.0
2025-04-01,19.79265785217285,18.768938064575195,19.92537307739257,18.74103546142578,19.79265785217285,287419415.0,78731.11189557839,0,15.711617486959312,78715.40027809143,3977,35.843180771673126,58000,"cash_0%_Buy 100% of cash (50 shares - DCA Strategy) Monthly invest 1.7% of total investment ($1,000.00)",53.551515193034255,19.4906,19.768,22.3142,31.5716,29.6181,134.53103637695312,0.3897,AVAX-USD,0.3474,Neutral,0.5506,0.5694,65.5159263967601,178,515.7999877929688,0.0,0.0
2025-04-02,18.013551712036133,19.792430877685547,19.824604034423828,17.80935287475586,18.013551712036133,475338408.0,71655.60677625466,0,15.711617486959312,71639.8951587677,3977,23.64403401421842,58000,Neutral,42.87214033591845,19.0185,19.7437,22.0781,31.2967,29.6117,134.53103637695312,-0.1978,AVAX-USD,0.3524,Neutral,0.5417,0.5875,66.69605476677265,178,518.9099731445312,0.0,0.0
2025-04-03,18.1337947845459,18.013423919677734,18.96429443359375,17.62010955810547,18.1337947845459,333215974.0,72133.813475626,0,15.711617486959312,72118.10185813904,3977,24.468528323479347,58000,RiskWatch,47.351254031480245,18.7144,19.7219,21.9207,31.0077,29.6002,134.53103637695312,-0.5028,AVAX-USD,0.2729,RiskWatch,0.6878,0.5462,57.304325275675055,178,494.1600036621094,0.0,0.0
2025-04-04,18.181718826293945,18.133808135986328,18.74675941467285,17.67347526550293,18.181718826293945,346981298.0,72324.40738965798,0,15.711617486959312,72308.69577217102,3977,24.797138520086207,58000,RiskWatch,45.53697490965143,18.5781,19.6603,21.7501,30.7357,29.5934,134.53103637695312,-0.6345,AVAX-USD,0.2291,RiskWatch,0.7418,0.4949,46.43646257425904,178,465.5199890136719,0.0,0.0
2025-04-05,17.891618728637695,18.181718826293945,18.358247756958008,17.72951889038086,17.891618728637695,135715781.0,71170.67930127907,0,15.711617486959312,71154.96768379211,3977,22.807952160812242,58000,RiskWatch,43.00183578276109,18.4027,19.6403,21.6062,30.4465,29.5732,134.53103637695312,-0.7601,AVAX-USD,0.2291,RiskWatch,0.7418,0.4949,46.43646257425904,178,465.5199890136719,0.0,0.0
2025-04-06,15.994715690612791,17.89148712158203,17.89511489868164,15.652859687805176,15.994715690612791,354643328.0,63626.69591905403,0,15.711617486959312,63610.98430156707,3977,9.801084260424231,58000,RiskWatch,34.641451320160954,17.6431,19.4984,21.4416,30.1492,29.5491,134.53103637695312,-1.4217,AVAX-USD,0.2291,RiskWatch,0.7418,0.4949,46.43646257425904,178,465.5199890136719,0.0,0.0
2025-04-07,16.694761276245117,15.994580268859863,17.110872268676758,14.703357696533203,16.694761276245117,729973332.0,66410.77721311379,0,15.711617486959312,66395.06559562683,3977,14.601224422596237,58000,RiskWatch,29.23891539045097,17.3793,19.3831,21.3114,29.8389,29.5287,134.53103637695312,-1.5131,AVAX-USD,0.2211,RiskWatch,0.739,0.4249,45.692715816751715,178,463.55999755859375,0.0,0.0
2025-04-08,16.121753692626953,16.69478988647461,17.685020446777344,15.957785606384276,16.121753692626953,361405461.0,64131.92605306435,0,15.711617486959312,64116.21443557739,3977,10.672170698373074,58000,RiskWatch,17.871132950751274,16.9769,19.2017,21.1726,29.5963,29.5108,134.53103637695312,-1.6713,AVAX-USD,0.2128,RiskWatch,0.7343,0.3482,43.10476660890086,178,456.739990234375,0.0,0.0
2025-04-09,18.44510269165039,16.121753692626953,18.8276481628418,15.628395080566406,18.44510269165039,610138171.0,73371.88502218056,0,15.711617486959312,73356.1734046936,3977,26.603134438228594,58000,RiskWatch,35.03026292326287,17.0296,19.1874,21.07,29.378,29.4989,134.53103637695312,-0.8364,AVAX-USD,0.2407,RiskWatch,0.7154,0.3133,59.17887977353011,178,499.1000061035156,0.0,0.0
2025-04-10,18.330242156982425,18.445587158203125,18.445785522460938,17.6319637298584,18.330242156982425,282886888.0,72915.08467580607,0,15.711617486959312,72899.3730583191,3977,25.81554763413463,58000,RiskWatch,34.835337980009086,17.1173,19.1462,20.9603,29.1277,29.4861,134.53103637695312,-0.2697,AVAX-USD,0.2179,RiskWatch,0.7243,0.325,52.71280510246601,178,482.05999755859375,0.0,0.0
2025-04-11,19.16181945800781,18.329376220703125,19.54140853881836,18.31991004943848,19.16181945800781,331255925.0,76222.26760198401,0,15.711617486959312,76206.55598449706,3977,31.51758716202766,58000,RiskWatch,44.64044219319075,17.7507,19.1333,20.8523,28.8447,29.4786,134.53103637695312,0.4308,AVAX-USD,0.2167,RiskWatch,0.7155,0.3427,55.9344531824744,178,490.5499877929688,0.0,0.0
2025-04-12,20.4695053100586,19.16181945800781,20.99173164367676,18.860998153686523,20.4695053100586,330578712.0,81422.93423559002,0,15.711617486959312,81407.22261810306,3977,40.48425377169318,58000,RiskWatch,53.42494958345417,18.5057,19.1662,20.7703,28.5761,29.4799,134.53103637695312,1.3362,AVAX-USD,0.2167,RiskWatch,0.7155,0.3427,55.9344531824744,178,490.5499877929688,0.0,0.0
2025-04-13,19.586620330810547,20.470176696777344,20.627246856689453,19.378501892089844,19.586620330810547,270016996.0,77911.7006731205,0,15.711617486959312,77895.98905563354,3977,34.43040280191816,58000,RiskWatch,53.01949301824695,19.1987,19.0725,20.6552,28.324,29.4766,134.53103637695312,1.5635,AVAX-USD,0.2167,RiskWatch,0.7155,0.3427,55.9344531824744,178,490.5499877929688,0.0,0.0
2025-04-14,20.091869354248047,19.58663558959961,20.59693145751953,19.58130073547364,20.091869354248047,393253373.0,79921.07603933144,0,15.711617486959312,79905.36442184448,3977,37.89484308848874,58000,RiskWatch,55.33579806911764,19.528,18.9309,20.5664,28.0685,29.4741,134.53103637695312,1.8259,AVAX-USD,0.2454,RiskWatch,0.6719,0.3626,57.80522091209734,178,495.4800109863281,0.0,0.0
2025-04-15,19.03645896911621,20.09100914001465,20.251209259033203,18.9915714263916,19.03645896911621,269573528.0,75723.70893766213,0,15.711617486959312,75707.99732017517,3977,30.658003258024415,58000,RiskWatch,46.95776556073304,19.6693,18.7803,20.4438,27.8189,29.4667,134.53103637695312,1.5667,AVAX-USD,0.2519,RiskWatch,0.6628,0.3763,57.277759996395616,178,494.0899963378906,0.0,0.0
2025-04-16,18.75917625427246,19.03659439086914,19.25948715209961,18.567848205566406,18.75917625427246,246924498.0,74620.95558072854,0,15.711617486959312,74605.24396324158,3977,28.756704366759593,58000,RiskWatch,53.41199358661603,19.5887,18.6183,20.3316,27.5765,29.4564,134.53103637695312,1.2536,AVAX-USD,0.2318,RiskWatch,0.6971,0.3953,53.156783412097354,178,483.2300109863281,0.0,0.0
2025-04-17,19.038515090942383,18.758665084838867,19.542200088500977,18.710084915161133,19.038515090942383,192744228.0,75731.88613416482,0,15.711617486959312,75716.17451667786,3977,30.67210187268421,58000,RiskWatch,54.080603476531635,19.3025,18.5515,20.235,27.3785,29.4423,134.53103637695312,1.1075,AVAX-USD,0.2439,RiskWatch,0.6534,0.4331,53.41101799854057,178,483.8999938964844,0.0,0.0
2025-04-18,19.073871612548828,19.038515090942383,19.317546844482425,18.86557579040528,19.073871612548828,121725906.0,75872.49902059365,0,15.711617486959312,75856.78740310669,3977,30.91453788376841,58000,RiskWatch,54.0284865922954,19.2,18.5225,20.1357,27.2132,29.4238,134.53103637695312,0.9892,AVAX-USD,0.2435,RiskWatch,0.6531,0.4645,53.41101799854057,178,483.8999938964844,0.0,0.0
2025-04-19,19.89363670349121,19.073871612548828,20.333553314208984,19.043197631835938,19.89363670349121,175262077.0,79132.7047872715,0,15.711617486959312,79116.99316978455,3977,36.53558230907505,58000,RiskWatch,58.627367497018405,19.1603,18.574,20.0758,27.0471,29.4014,134.53103637695312,1.1549,AVAX-USD,0.2435,RiskWatch,0.6531,0.4645,53.41101799854057,178,483.8999938964844,0.0,0.0
2025-04-20,19.500951766967773,19.89335823059082,20.01644897460937,19.24933433532715,19.500951766967773,157114043.0,77570.9967947178,0,15.711617486959312,77555.28517723083,3977,33.842982321913475,58000,RiskWatch,67.36018542941038,19.2532,18.6106,20.0054,26.898,29.3721,134.53103637695312,1.0808,AVAX-USD,0.2435,RiskWatch,0.6531,0.4645,53.41101799854057,178,483.8999938964844,0.0,0.0
2025-04-21,19.92521095275879,19.500951766967773,20.901233673095703,19.500951766967773,19.92521095275879,347296926.0,79258.27557660866,0,15.711617486959312,79242.5639591217,3977,36.752083670001184,58000,RiskWatch,66.4437769057055,19.4864,18.6172,19.9183,26.7597,29.342,134.53103637695312,1.13,AVAX-USD,0.2079,RiskWatch,0.7039,0.4746,49.0357952474681,178,472.3699951171875,0.0,0.0
2025-04-22,22.08037757873535,19.92375564575196,22.268787384033203,19.520553588867188,22.08037757873535,456889464.0,87829.37324811745,0,15.711617486959312,87813.6616306305,3977,51.529838276050825,58000,RiskWatch,76.12315340056261,20.0948,18.8206,19.8777,26.6185,29.3216,134.53103637695312,1.814,AVAX-USD,0.23,RiskWatch,0.6599,0.4965,53.559014628528004,178,484.2900085449219,0.0,0.0
2025-04-23,22.33847045898437,22.08009910583496,23.050012588500977,21.93746757507324,22.33847045898437,443596592.0,88855.8086328678,0,15.711617486959312,88840.09701538084,3977,53.29955445665489,58000,Neutral,70.84329933456517,20.7477,19.0308,19.8197,26.4612,29.3065,134.53103637695312,2.219,AVAX-USD,0.2491,Neutral,0.6241,0.4831,56.51124630817195,178,492.0700073242188,0.0,0.0
2025-04-24,22.357967376708984,22.338478088378903,22.60797691345215,21.66159439086914,22.357967376708984,329239526.0,88933.34787465859,0,15.711617486959312,88917.63625717163,3977,53.43324280457003,58000,Neutral,71.78502677106863,21.2406,19.2396,19.7776,26.3121,29.2993,134.53103637695312,2.3481,AVAX-USD,0.2716,Neutral,0.601,0.4707,60.4349056328179,178,502.4100036621094,0.0,0.0
2025-04-25,22.18809509277344,22.357940673828125,22.831296920776367,21.81797218322754,22.18809509277344,377519228.0,88257.76580144693,0,15.711617486959312,88242.05418395998,3977,52.2684461266189,58000,Neutral,67.63040682921584,21.778,19.4545,19.7827,26.1863,29.294,134.53103637695312,2.237,AVAX-USD,0.2862,Neutral,0.5786,0.4561,61.83891654176219,178,506.1099853515625,0.0,0.0
2025-04-26,22.42249870300293,22.18766975402832,22.93927955627441,21.77387809753418,22.42249870300293,288849374.0,89189.98895932961,0,15.711617486959312,89174.27734184265,3977,53.87572743331317,58000,Neutral,63.00389355697469,22.2775,19.7758,19.7909,26.0692,29.2919,134.53103637695312,2.1038,AVAX-USD,0.2862,Neutral,0.5786,0.4561,61.83891654176219,178,506.1099853515625,0.0,0.0
2025-04-27,21.759990692138672,22.42240333557129,22.773181915283203,21.708871841430664,21.759990692138672,255674724.0,86555.19460012246,0,15.711617486959312,86539.4829826355,3977,49.332978538128415,58000,Neutral,64.90879440300031,22.2134,20.0291,19.7903,25.9367,29.2856,134.53103637695312,1.6875,AVAX-USD,0.2862,Neutral,0.5786,0.4561,61.83891654176219,178,506.1099853515625,0.0,0.0
2025-04-28,21.84221649169922,21.760122299194336,22.41843032836914,21.08994483947754,21.84221649169922,366359713.0,86882.20660497475,0,15.711617486959312,86866.4949874878,3977,49.896792339597894,58000,Neutral,62.74673652453407,22.1142,20.3151,19.7794,25.8201,29.2816,134.53103637695312,1.3418,AVAX-USD,0.2864,Neutral,0.5874,0.4479,61.95656112423811,178,506.4200134277344,0.0,0.0
2025-04-29,21.550371170043945,21.84221649169922,22.276966094970703,21.31342315673828,21.550371170043945,268553485.0,85721.53776075173,0,15.711617486959312,85705.82614326477,3977,47.89563915990303,58000,Neutral,70.5980754913011,21.9526,20.4704,19.7658,25.7005,29.282,134.53103637695312,0.9433,AVAX-USD,0.2981,Neutral,0.5766,0.4247,63.12150768032943,178,509.489990234375,0.0,0.0
2025-04-30,20.9094352722168,21.550233840942383,21.89655303955078,20.50130844116211,20.9094352722168,313894877.0,83172.53569509317,0,15.711617486959312,83156.82407760622,3977,43.500808012215856,58000,Neutral,66.62755186472302,21.6969,20.5994,19.7497,25.5773,29.2759,134.53103637695312,0.4267,AVAX-USD,0.2955,Neutral,0.5906,0.4172,63.216373751757985,178,509.739990234375,0.0,0.0
2025-05-01,21.64530372619629,20.9093074798584,21.85618019104004,20.83427619934082,21.64530372619629,331775588.0,87098.0888525982,0,19.031962110525,87079.05689048767,4023,47.723763811169654,59000,"cash_0%_Buy 100% of cash (46 shares - DCA Strategy) Monthly invest 1.7% of total investment ($1,000.00)",68.82842605914963,21.5415,20.7235,19.6948,25.4436,29.277,134.53103637695312,0.2773,AVAX-USD,0.2925,Neutral,0.5799,0.3908,63.745382645402145,180,513.3499755859375,0.0,0.0
2025-05-02,21.248334884643555,21.64569091796875,22.168426513671875,21.01156044006348,21.248334884643555,293075581.0,85501.08320303155,0,19.031962110525,85482.05124092102,4023,45.016974574616,59000,Neutral,64.9261069038899,21.4391,20.7625,19.7,25.2937,29.2743,134.53103637695312,0.0236,AVAX-USD,0.3063,Neutral,0.5428,0.3721,66.52656831542774,180,520.7100219726562,0.0,0.0
2025-05-03,20.548114776611328,21.24832534790039,21.27656555175781,20.541933059692383,20.548114776611328,166453714.0,82684.0977084179,0,19.031962110525,82665.06574630737,4023,40.242422888830156,59000,Neutral,54.56747580789222,21.1803,20.8105,19.709,25.116,29.2709,134.53103637695312,-0.3732,AVAX-USD,0.3063,Neutral,0.5428,0.3721,66.52656831542774,180,520.7100219726562,0.0,0.0
2025-05-04,19.901275634765625,20.548114776611328,20.629955291748047,19.811601638793945,19.901275634765625,184217043.0,80081.86384077264,0,19.031962110525,80062.83187866211,4023,35.831857011465296,59000,Neutral,52.69807177563809,20.8505,20.801,19.6785,24.9261,29.2657,134.53103637695312,-0.8239,AVAX-USD,0.3063,Neutral,0.5428,0.3721,66.52656831542774,180,520.7100219726562,0.0,0.0
2025-05-05,19.68511199951172,19.90121459960937,20.223373413085938,19.343711853027344,19.68511199951172,219716897.0,79212.23753614617,0,19.031962110525,79193.20557403564,4023,34.3579141222679,59000,Neutral,48.33509900315704,20.6056,20.8334,19.6561,24.7312,29.2569,134.53103637695312,-1.1543,AVAX-USD,0.2957,Neutral,0.5546,0.3653,65.49873331344003,180,517.989990234375,0.0,0.0
2025-05-06,20.028181076049805,19.68511390686035,20.10450935363769,19.30745887756348,20.028181076049805,221967592.0,80592.4044310589,0,19.031962110525,80573.37246894836,4023,36.69718004584879,59000,Neutral,30.992935915889504,20.2822,20.8969,19.655,24.5306,29.2436,134.53103637695312,-1.2172,AVAX-USD,0.291,Neutral,0.5742,0.3752,63.83230983316142,180,513.5800170898438,0.0,0.0
2025-05-07,19.529470443725582,20.027816772460938,20.217430114746094,19.1164608001709,19.529470443725582,269898840.0,78586.09155721855,0,19.031962110525,78567.05959510802,4023,33.29664975120412,59000,Neutral,25.093665642153752,19.9384,20.9214,19.6393,24.3661,29.2256,134.53103637695312,-1.3662,AVAX-USD,0.3052,Neutral,0.56,0.3799,64.70898516718036,180,515.9000244140625,0.0,0.0
2025-05-08,22.11012458801269,19.52960205078125,22.11761474609375,19.509828567504883,22.11012458801269,511566880.0,88968.06317968559,0,19.031962110525,88949.03121757506,4023,50.89321182318216,59000,Neutral,48.488815998656506,20.2508,21.0733,19.7085,24.2385,29.2162,134.53103637695312,-0.6022,AVAX-USD,0.304,Neutral,0.5332,0.3959,66.00887989503919,180,519.3400268554688,0.0,0.0
2025-05-09,23.25318145751953,22.109447479248047,23.94440078735352,21.969432830810547,23.25318145751953,645061542.0,93566.5809657116,0,19.031962110525,93547.54900360107,4023,58.68730976559915,59000,Neutral,55.80525372488844,20.9212,21.2412,19.8246,24.1307,29.216,134.53103637695312,0.2373,AVAX-USD,0.3063,Neutral,0.5255,0.4239,65.74814445921575,180,518.6500244140625,0.0,0.0
2025-05-10,25.888412475585938,23.253189086914062,25.94477081298828,23.0656681060791,25.888412475585938,641198524.0,104168.11535139276,0,19.031962110525,104149.08338928223,4023,76.65601211421126,59000,Neutral,64.97245917902399,22.1619,21.5606,19.9649,24.0407,29.2238,134.53103637695312,1.5031,AVAX-USD,0.3063,Neutral,0.5255,0.4239,65.74814445921575,180,518.6500244140625,0.0,0.0
2025-05-11,24.7523250579834,25.88687515258789,25.99054908752441,24.198917388916016,24.7523250579834,459372450.0,99597.63567037774,0,19.031962110525,99578.60370826721,4023,68.90943638367735,59000,Neutral,62.418513756782374,23.1067,21.802,20.0624,23.9379,29.2229,134.53103637695312,1.8351,AVAX-USD,0.3063,Neutral,0.5255,0.4239,65.74814445921575,180,518.6500244140625,0.0,0.0
2025-05-12,24.832002639770508,24.75249290466309,26.7470817565918,23.949138641357425,24.832002639770508,777042215.0,99918.17858190728,0,19.031962110525,99899.14661979675,4023,69.4527294540664,59000,Neutral,62.41056330411873,24.1672,21.9395,20.1679,23.8402,29.2209,134.53103637695312,1.931,AVAX-USD,0.3452,Neutral,0.4609,0.4402,72.27404912986357,180,535.9199829101562,0.0,0.0
2025-05-13,25.76876640319824,24.832002639770508,26.19868278503418,23.51791381835937,25.76876640319824,512615888.0,103686.77920217704,0,19.031962110525,103667.74724006651,4023,75.84018813248971,59000,Neutral,66.62061964630115,24.8989,22.1111,20.2879,23.7608,29.2289,134.53103637695312,2.1096,AVAX-USD,0.3462,Neutral,0.4541,0.4682,73.60418040406158,180,539.4400024414062,0.0,0.0
2025-05-14,24.986888885498047,25.76890754699707,26.516620635986328,24.78171157836914,24.986888885498047,486613592.0,100541.28594846917,0,19.031962110525,100522.25398635864,4023,70.50884363467975,59000,Neutral,65.88883877751908,25.2457,22.2425,20.3808,23.6649,29.235,134.53103637695312,1.8485,AVAX-USD,0.3357,Neutral,0.4583,0.4823,73.8573509373684,180,540.1099853515625,0.0,0.0
2025-05-15,23.43390464782715,24.98604202270508,25.098575592041016,23.027305603027344,23.43390464782715,582877002.0,94293.63036031915,0,19.031962110525,94274.59839820862,4023,59.919596875103444,59000,Neutral,56.55246587238434,24.7548,22.3048,20.4665,23.5281,29.2337,134.53103637695312,1.1239,AVAX-USD,0.3453,Neutral,0.4538,0.48,74.8587318442752,180,542.760009765625,0.0,0.0
2025-05-16,23.091123580932617,23.43501853942871,24.030256271362305,22.73342704772949,23.091123580932617,365753876.0,92914.62212820245,0,19.031962110525,92895.59016609192,4023,57.58229478677006,59000,Neutral,56.77789077162074,24.4225,22.3382,20.5375,23.3867,29.2272,134.53103637695312,0.48,AVAX-USD,0.3528,Neutral,0.4436,0.4721,76.18129821595663,180,546.260009765625,0.0,0.0
2025-05-17,22.1935977935791,23.090999603271484,23.10457229614257,21.99909782409668,22.1935977935791,298929781.0,89303.87588567926,0,19.031962110525,89284.84392356873,4023,51.46238590113752,59000,Neutral,55.96560322083257,23.8949,22.3599,20.5907,23.2268,29.2086,134.53103637695312,-0.2331,AVAX-USD,0.3528,Neutral,0.4436,0.4721,76.18129821595663,180,546.260009765625,0.0,0.0
2025-05-18,23.08956527709961,22.1935977935791,23.832250595092773,21.766780853271484,23.08956527709961,435356952.0,92908.35307188226,0,19.031962110525,92889.32110977173,4023,57.5716692675833,59000,Neutral,61.35386288167892,23.359,22.4223,20.6464,23.0921,29.1898,134.53103637695312,-0.4582,AVAX-USD,0.3528,Neutral,0.4436,0.4721,76.18129821595663,180,546.260009765625,0.0,0.0
2025-05-19,22.27279663085937,23.08956527709961,23.147705078125,21.303157806396484,22.27279663085937,364366343.0,89622.49280805778,0,19.031962110525,89603.46084594725,4023,52.002414583135035,59000,Neutral,58.83702340564618,22.8162,22.4584,20.7054,22.9813,29.1666,134.53103637695312,-0.8377,AVAX-USD,0.3425,Neutral,0.4561,0.4766,76.39290791287657,180,546.8200073242188,0.0,0.0
2025-05-20,22.58325386047364,22.27279663085937,22.80195617675781,21.797563552856445,22.58325386047364,357550193.0,90871.46224279598,0,19.031962110525,90852.43028068545,4023,54.11931193014894,59000,Neutral,58.74513192439203,22.6461,22.5421,20.7626,22.8698,29.1468,134.53103637695312,-0.9802,AVAX-USD,0.3398,Neutral,0.4551,0.4745,75.65982734430976,180,544.8800048828125,0.0,0.0
2025-05-21,23.188013076782227,22.58338165283203,23.76703643798828,22.245073318481445,23.188013076782227,546490909.0,93304.40857000543,0,19.031962110525,93285.3766078949,4023,58.242949772876806,59000,Neutral,62.43168223092483,22.6654,22.6192,20.8254,22.7554,29.1292,134.53103637695312,-0.8823,AVAX-USD,0.2994,Neutral,0.4884,0.4741,72.21738155217065,180,535.77001953125,0.0,0.0
2025-05-22,25.24054718017578,23.188627243041992,25.390092849731445,23.17403984069824,25.24054718017578,728718314.0,101561.7532679577,0,19.031962110525,101542.72130584717,4023,72.2384492609315,59000,Neutral,61.03312580324524,23.2748,22.8188,20.9158,22.6594,29.1157,134.53103637695312,-0.2401,AVAX-USD,0.3041,Neutral,0.4851,0.4736,72.31185057871936,180,536.02001953125,0.0,0.0
2025-05-23,23.029863357543945,25.240955352783203,25.952392578125,22.97102165222168,23.029863357543945,722455405.0,92668.17224950982,0,19.031962110525,92649.14028739929,4023,57.164583127968996,59000,Neutral,49.26800625342215,23.2629,22.9429,20.942,22.5548,29.098,134.53103637695312,-0.4661,AVAX-USD,0.2921,Neutral,0.519,0.4843,70.94394091939276,180,532.4000244140625,0.0,0.0
2025-05-24,22.97772026062012,23.031259536743164,23.45307922363281,22.785839080810547,22.97772026062012,331302370.0,92458.40057058528,0,19.031962110525,92439.36860847475,4023,56.80903790945282,59000,Neutral,38.51436471165735,23.4039,23.0967,20.9429,22.4517,29.0722,134.53103637695312,-0.6264,AVAX-USD,0.2921,Neutral,0.519,0.4843,70.94394091939276,180,532.4000244140625,0.0,0.0
2025-05-25,23.441709518432617,22.97772026062012,23.45167732238769,22.068702697753903,23.441709518432617,294646906.0,94325.02935476495,0,19.031962110525,94305.99739265442,4023,59.97281550975735,59000,Neutral,44.538607121477014,23.5756,23.2846,20.9661,22.3419,29.043,134.53103637695312,-0.5939,AVAX-USD,0.2921,Neutral,0.519,0.4843,70.94394091939276,180,532.4000244140625,0.0,0.0
2025-05-26,23.072145462036133,23.44112014770508,23.976015090942383,22.91959953308105,23.072145462036133,322936502.0,92838.27315588189,0,19.031962110525,92819.24119377136,4023,57.45288974893861,59000,Neutral,42.83958856844853,23.5524,23.4368,20.984,22.2354,29.017,134.53103637695312,-0.6703,AVAX-USD,0.2989,Neutral,0.4947,0.4886,70.94394091939276,180,532.4000244140625,0.0,0.0
2025-05-27,23.37348365783692,23.0721492767334,23.858348846435547,22.563859939575195,23.37348365783692,413600080.0,94050.55671758846,0,19.031962110525,94031.52475547793,4023,59.50760765013619,59000,Neutral,39.7227927153502,23.179,23.629,21.034,22.1452,28.9932,134.53103637695312,-0.6247,AVAX-USD,0.3228,Neutral,0.4688,0.4736,75.07790644371173,180,543.3400268554688,0.0,0.0
2025-05-28,23.554271697998047,23.37347984313965,23.75512886047364,22.82054901123047,23.554271697998047,350882679.0,94777.86700315667,0,19.031962110525,94758.83504104614,4023,60.740336947709416,59000,Neutral,43.51890904949108,23.2839,23.7012,21.099,22.0737,28.9758,134.53103637695312,-0.5372,AVAX-USD,0.3164,Neutral,0.4721,0.4737,73.90647667627188,180,540.239990234375,0.0,0.0
2025-05-29,22.247188568115234,23.554014205932617,24.30491828918457,22.23751449584961,22.247188568115234,552513610.0,89519.47157163812,0,19.031962110525,89500.43960952759,4023,51.82780231801696,59000,Neutral,44.50918931379009,23.1378,23.6509,21.1554,21.986,28.9607,134.53103637695312,-0.8356,AVAX-USD,0.3254,Neutral,0.4734,0.4712,74.69246543500046,180,542.3200073242188,0.0,0.0
2025-05-30,20.55556297302246,22.247116088867188,22.32855224609375,20.550596237182617,20.55556297302246,607428819.0,82714.06180257989,0,19.031962110525,82695.02984046936,4023,40.29320948910471,59000,Neutral,39.57008178457328,22.5605,23.3842,21.1852,21.8714,28.9406,134.53103637695312,-1.472,AVAX-USD,0.3296,Neutral,0.4687,0.4566,74.48085573808052,180,541.760009765625,0.0,0.0
2025-05-31,20.80081558227539,20.555707931518555,21.117164611816406,19.833385467529297,20.80081558227539,390994869.0,83700.71304960443,0,19.031962110525,83681.6810874939,4023,41.96549973829884,59000,Neutral,43.94598051588322,22.1063,23.1867,21.202,21.7581,28.9246,134.53103637695312,-1.7494,AVAX-USD,0.3309,Neutral,0.4691,0.4447,74.48085573808052,180,541.760009765625,0.0,0.0
2025-06-01,20.873411178588867,20.80081558227539,20.969884872436523,20.239288330078125,20.873411178588867,244389466.0,84991.76320983696,0,16.106301801687096,84975.65690803528,4071,41.752823083047865,60000,"cash_0%_Buy 100% of cash (48 shares - DCA Strategy) Monthly invest 1.7% of total investment ($1,000.00)",39.62434122014717,21.6062,22.9887,21.2496,21.6639,28.9022,134.53103637695312,-1.8291,AVAX-USD,0.3291,Neutral,0.4692,0.4433,73.56053524288073,182,541.760009765625,0.0,0.0
2025-06-02,21.18209648132324,20.873411178588867,21.268600463867188,20.276948928833008,21.18209648132324,323844039.0,86248.42107726859,0,16.106301801687096,86232.3147754669,4071,43.84725286210056,60000,Neutral,44.6384494434907,21.1318,22.7594,21.3004,21.6106,28.8834,134.53103637695312,-1.7064,AVAX-USD,0.3282,Neutral,0.4615,0.466,74.74591619862704,182,544.9099731445312,0.0,0.0
2025-06-03,21.149673461914062,21.182109832763672,21.68294143676757,20.96969413757324,21.149673461914062,342488538.0,86116.42696525384,0,16.106301801687096,86100.32066345215,4071,43.627262675409305,60000,Neutral,42.75491249801182,20.9123,22.5675,21.3499,21.55,28.8593,134.53103637695312,-1.5562,AVAX-USD,0.3363,Neutral,0.4493,0.4917,75.90874209423764,182,548.0,0.0,0.0
2025-06-04,20.1472110748291,21.14965057373047,21.619617462158203,20.13114356994629,20.1472110748291,327713101.0,82035.40258743096,0,16.106301801687096,82019.29628562927,4071,36.825555379037844,60000,Neutral,35.226157327094086,20.8306,22.4032,21.3875,21.4969,28.8326,134.53103637695312,-1.6775,AVAX-USD,0.3474,Neutral,0.4557,0.5118,75.77704075531904,182,547.6500244140625,0.0,0.0
2025-06-05,18.79662704467773,20.14665412902832,20.533674240112305,18.486703872680664,18.79662704467773,476076764.0,76537.17500068473,0,16.106301801687096,76521.06869888304,4071,27.661842734460798,60000,Neutral,16.4001796514856,20.4298,22.1885,21.4342,21.4379,28.8012,134.53103637695312,-2.0724,AVAX-USD,0.3366,Neutral,0.4639,0.5318,74.81367325300614,182,545.0900268554688,0.0,0.0
2025-06-06,19.6684627532959,18.79619026184082,19.92874526977539,18.717849731445312,19.6684627532959,307730766.0,80086.41817046929,0,16.106301801687096,80070.3118686676,4071,33.57724801743507,60000,Neutral,29.628788807024264,20.1888,22.0622,21.4837,21.3976,28.7758,134.53103637695312,-1.9544,AVAX-USD,0.3418,Neutral,0.4295,0.5582,76.90973198810072,182,550.6599731445312,0.0,0.0
2025-06-07,20.675182342529297,19.668466567993164,21.11813735961914,19.6050968170166,20.675182342529297,260705819.0,84184.77361823845,0,16.106301801687096,84168.66731643677,4071,40.40784043038368,60000,Neutral,37.492931579764175,20.0874,21.9415,21.5596,21.3661,28.7542,134.53103637695312,-1.4649,AVAX-USD,0.3418,Neutral,0.4295,0.5582,76.90973198810072,182,550.6599731445312,0.0,0.0
2025-06-08,21.055870056152344,20.675182342529297,21.47250938415528,20.176700592041016,21.055870056152344,311045653.0,85734.55330039788,0,16.106301801687096,85718.44699859619,4071,42.99080656731604,60000,Neutral,36.922098650271444,20.0687,21.8807,21.6031,21.3366,28.7277,134.53103637695312,-0.9508,AVAX-USD,0.3418,Neutral,0.4295,0.5582,76.90973198810072,182,550.6599731445312,0.0,0.0
2025-06-09,21.9520263671875,21.055870056152344,21.99348258972168,20.244644165039062,21.9520263671875,418466692.0,89382.805642622,0,16.106301801687096,89366.69934082031,4071,49.07122713768959,60000,Neutral,44.195213755978855,20.4296,21.8491,21.6635,21.3119,28.6999,134.53103637695312,-0.29,AVAX-USD,0.3398,Neutral,0.4382,0.572,77.1317684100271,182,551.25,0.0,0.0
2025-06-10,22.543359756469727,21.9520263671875,22.546127319335938,21.545150756835938,22.543359756469727,531852889.0,91790.12387038994,0,16.106301801687096,91774.01756858826,4071,53.0834241839695,60000,Neutral,45.82358378165914,21.179,21.8169,21.7199,21.2861,28.6723,134.53103637695312,0.3339,AVAX-USD,0.343,Neutral,0.4363,0.575,78.31340550141282,182,554.3900146484375,0.0,0.0
2025-06-11,21.59350204467773,22.543359756469727,22.72736358642578,21.36230659484864,21.59350204467773,467715657.0,87923.25312568473,0,16.106301801687096,87907.14682388304,4071,46.638639609460796,60000,Neutral,40.84377354726196,21.564,21.6345,21.7386,21.2545,28.6412,134.53103637695312,0.4399,AVAX-USD,0.3454,Neutral,0.4444,0.6114,77.73763131864142,182,552.8599853515625,0.0,0.0
2025-06-12,20.35604476928711,21.59350204467773,21.593692779541016,20.20121192932129,20.35604476928711,389684875.0,82885.56455756951,0,16.106301801687096,82869.45825576782,4071,38.24249199593544,60000,Neutral,41.1111047359556,21.5002,21.5008,21.7514,21.2033,28.6085,134.53103637695312,0.1294,AVAX-USD,0.3449,Neutral,0.4608,0.6446,78.52414142477835,182,554.9500122070312,0.0,0.0
2025-06-13,19.417818069458008,20.35604476928711,20.35604476928711,18.526824951171875,19.417818069458008,679579060.0,79066.04366256524,0,16.106301801687096,79049.93736076355,4071,31.876623837594977,60000,Neutral,44.24467331299709,21.1726,21.3228,21.7402,21.1533,28.5726,134.53103637695312,-0.3429,AVAX-USD,0.3138,Neutral,0.4957,0.6964,76.19851260205014,182,548.77001953125,0.0,0.0
2025-06-14,18.96038246154785,19.41777992248535,19.421146392822266,18.74554443359375,18.96038246154785,206828236.0,77203.82330276299,0,16.106301801687096,77187.7170009613,4071,28.772923237924573,60000,Neutral,40.88575075664221,20.5742,21.0988,21.7389,21.0914,28.538,134.53103637695312,-0.7519,AVAX-USD,0.3138,Neutral,0.4957,0.6964,76.19851260205014,182,548.77001953125,0.0,0.0
2025-06-15,19.114946365356445,18.96049690246582,19.278240203857425,18.78008079528809,19.114946365356445,190913480.0,77833.05295516778,0,16.106301801687096,77816.94665336609,4071,29.82163932526587,60000,Neutral,41.36180606203251,19.8885,20.9009,21.7449,21.0382,28.5006,134.53103637695312,-0.9108,AVAX-USD,0.3138,Neutral,0.4957,0.6964,76.19851260205014,182,548.77001953125,0.0,0.0
2025-06-16,19.078920364379883,19.114961624145508,19.96781539916992,18.937227249145508,19.078920364379883,337682963.0,77686.39110519219,0,16.106301801687096,77670.2848033905,4071,29.577202908639897,60000,GeoWatch,39.38408495581766,19.3856,20.6862,21.7455,20.9903,28.4629,134.53103637695312,-0.9594,AVAX-USD,0.3277,GeoWatch,0.467,0.7238,78.19298169256206,182,554.0700073242188,0.0,0.0
2025-06-17,18.622413635253903,19.07805633544922,19.46585464477539,18.171117782592773,18.622413635253903,379172704.0,75827.95221092032,0,16.106301801687096,75811.84590911864,4071,26.47980475152012,60000,GeoWatch,37.76720340306856,19.0389,20.4396,21.738,20.9369,28.42,134.53103637695312,-1.0671,AVAX-USD,0.3056,GeoWatch,0.5068,0.7604,76.41675922262989,182,549.3499755859375,0.0,0.0
2025-06-18,18.160785675048828,18.622413635253903,18.885967254638672,18.09580039978028,18.160785675048828,326360202.0,73948.66478492547,0,16.106301801687096,73932.55848312378,4071,23.347659041528694,60000,GeoWatch,39.853807237155536,18.7875,20.2353,21.7091,20.8925,28.38,134.53103637695312,-1.2093,AVAX-USD,0.3186,GeoWatch,0.4856,0.7918,76.37536999822612,182,549.239990234375,0.0,0.0
2025-06-19,18.06515884399414,18.16054344177246,18.37000274658203,17.664466857910156,18.06515884399414,315246811.0,73559.36795570183,0,16.106301801687096,73543.26165390015,4071,22.698830992822636,60000,GeoWatch,45.7144191747279,18.6084,20.1107,21.6852,20.8453,28.3403,134.53103637695312,-1.2476,AVAX-USD,0.3037,GeoWatch,0.5144,0.8131,76.37536999822612,182,549.239990234375,0.0,0.0
2025-06-20,17.368581771850586,18.065204620361328,18.394975662231445,16.979022979736328,17.368581771850586,326554009.0,70723.60269500542,0,16.106301801687096,70707.49639320374,4071,17.972555558328615,60000,GeoWatch,36.24276084902862,18.2592,19.9391,21.6426,20.7804,28.3015,134.53103637695312,-1.4144,AVAX-USD,0.3107,GeoWatch,0.4908,0.8083,75.80336264830835,182,547.719970703125,0.0,0.0
2025-06-21,16.790212631225586,17.368581771850586,17.631744384765625,16.506357192993164,16.790212631225586,326372168.0,68369.06192352105,0,16.106301801687096,68352.95562171936,4071,14.048320939187997,60000,GeoWatch,25.506001792757345,17.8014,19.735,21.5544,20.716,28.2597,134.53103637695312,-1.6188,AVAX-USD,0.3107,GeoWatch,0.4908,0.8083,75.80336264830835,182,547.719970703125,0.0,0.0
2025-06-22,16.499881744384766,16.79114532470703,17.086088180541992,15.70966911315918,16.499881744384766,443647758.0,67187.12488319207,0,16.106301801687096,67171.01858139038,4071,12.07842587197303,60000,GeoWatch,20.94430609847832,17.3769,19.5009,21.4571,20.6384,28.2247,134.53103637695312,-1.7411,AVAX-USD,0.3107,GeoWatch,0.4908,0.8083,75.80336264830835,182,547.719970703125,0.0,0.0
2025-06-23,18.09965133666992,16.499879837036133,18.175745010375977,16.322071075439453,18.09965133666992,519115911.0,73699.78689338492,0,16.106301801687096,73683.68059158324,4071,22.932862555627786,60000,GeoWatch,27.454902079848807,17.3647,19.3484,21.3861,20.5818,28.1944,134.53103637695312,-1.147,AVAX-USD,0.3187,GeoWatch,0.4803,0.7581,77.92578921337825,182,553.3599853515625,0.0,0.0
2025-06-24,18.2263298034668,18.09965133666992,18.47254180908203,17.9340877532959,18.2263298034668,355342749.0,74215.49493171503,0,16.106301801687096,74199.38862991334,4071,23.792375952844623,60000,Neutral,23.282577280864743,17.3969,19.2523,21.3201,20.5514,28.1631,134.53103637695312,-0.628,AVAX-USD,0.351,Neutral,0.4478,0.6643,80.2137956445563,182,559.4400024414062,0.0,0.0
2025-06-25,17.569374084472656,18.2263298034668,18.349748611450195,17.444421768188477,17.569374084472656,278415199.0,71541.02819968987,0,16.106301801687096,71524.92189788818,4071,19.334931399469355,60000,Neutral,24.15842884180195,17.4371,19.1909,21.2392,20.515,28.1269,134.53103637695312,-0.4528,AVAX-USD,0.3604,Neutral,0.4373,0.5936,80.31915212199256,182,559.719970703125,0.0,0.0
2025-06-26,17.227298736572266,17.569374084472656,17.986366271972656,17.13741111755371,17.227298736572266,235439480.0,70148.43945838738,0,16.106301801687096,70132.3331565857,4071,17.013950163965205,60000,Neutral,27.29755853438992,17.5245,19.0689,21.1637,20.477,28.0868,134.53103637695312,-0.3961,AVAX-USD,0.3735,Neutral,0.4377,0.5403,81.98625128163484,182,564.1500244140625,0.0,0.0
2025-06-27,17.57777214050293,17.227590560913086,17.732440948486328,17.10713005065918,17.57777214050293,210772393.0,71575.21668578911,0,16.106301801687096,71559.11038398743,4071,19.391912209634768,60000,Neutral,35.40345022508049,17.7401,18.914,21.0926,20.436,28.0509,134.53103637695312,-0.1737,AVAX-USD,0.3702,Neutral,0.4317,0.4934,83.03993089846256,182,566.9500122070312,0.0,0.0
2025-06-28,17.98171615600586,17.57777214050293,18.06293487548828,17.502666473388672,17.98171615600586,142224426.0,73219.67277290154,0,16.106301801687096,73203.56647109985,4071,22.132672354822148,60000,Neutral,42.17007456926507,17.7165,18.7603,21.0331,20.3994,28.0216,134.53103637695312,0.1633,AVAX-USD,0.3702,Neutral,0.4317,0.4934,83.03993089846256,182,566.9500122070312,0.0,0.0
2025-06-29,18.741649627685547,17.98171615600586,18.86417007446289,17.814878463745117,18.741649627685547,209495241.0,76313.36193610955,0,16.106301801687096,76297.25563430786,4071,27.288820960168827,60000,Neutral,47.27715189378562,17.8196,18.5998,20.997,20.3734,27.9964,134.53103637695312,0.6806,AVAX-USD,0.3702,Neutral,0.4317,0.4934,83.03993089846256,182,566.9500122070312,0.0,0.0
2025-06-30,17.974863052368164,18.741649627685547,18.839963912963867,17.7498722076416,17.974863052368164,282289662.0,73191.77378799248,0,16.106301801687096,73175.6674861908,4071,22.086174046640394,60000,Neutral,42.722729407694324,17.9007,18.3714,20.9358,20.3153,27.9709,134.53103637695312,0.747,AVAX-USD,0.3762,Neutral,0.438,0.4757,84.10302943490377,182,568.030029296875,1.745,0.0
2025-07-01,17.105613708496094,17.974628448486328,18.045793533325195,16.990581512451172,17.105613708496094,227124257.0,70652.05047788049,0,5.865861791616339,70646.18461608887,4130,15.922917970282136,61000,"cash_0%_Buy 100% of cash (59 shares - DCA Strategy) Monthly invest 1.6% of total investment ($1,000.00)",40.518101502719496,17.8763,18.147,20.8668,20.2834,27.9441,134.53103637695312,0.4866,AVAX-USD,0.3893,Neutral,0.4384,0.4885,83.00950675578365,185,567.77001953125,0.0,0.0
2025-07-02,18.5111026763916,17.10577964782715,18.8011474609375,17.01713752746582,18.5111026763916,384284559.0,76456.71991528894,0,5.865861791616339,76450.85405349731,4130,25.43876950701729,61000,Neutral,51.9587724299477,18.063,18.0547,20.8328,20.2709,27.9266,134.53103637695312,0.8353,AVAX-USD,0.392,Neutral,0.4319,0.515,83.95613464301188,185,570.2899780273438,0.0,0.0
2025-07-03,18.53913307189941,18.5111026763916,19.15391731262207,18.3768310546875,18.53913307189941,319916417.0,76572.48544873619,0,5.865861791616339,76566.61958694457,4130,25.628549070045572,61000,Neutral,52.67037892023409,18.1745,18.0108,20.8101,20.2443,27.9039,134.53103637695312,1.0616,AVAX-USD,0.3896,Neutral,0.4229,0.5294,85.80809710904448,185,575.219970703125,0.0,0.0
2025-07-04,17.795116424560547,18.540117263793945,18.864965438842773,17.53482437133789,17.795116424560547,274810097.0,73499.69669522668,0,5.865861791616339,73493.83083343506,4130,20.591190457734896,61000,Neutral,52.390326034883,17.9852,17.9525,20.7786,20.2174,27.8654,134.53103637695312,0.9255,AVAX-USD,0.3815,Neutral,0.4385,0.5406,85.80809710904448,185,575.219970703125,0.0,0.0
2025-07-05,17.9272518157959,17.795116424560547,17.990964889526367,17.647428512573242,17.9272518157959,113907263.0,74045.41586102868,0,5.865861791616339,74039.54999923706,4130,21.48581204101687,61000,Neutral,56.70750862550846,17.9756,17.8931,20.7436,20.1993,27.826,134.53103637695312,0.8744,AVAX-USD,0.3815,Neutral,0.4385,0.5406,85.80809710904448,185,575.219970703125,0.0,0.0
2025-07-06,18.2985897064209,17.9272518157959,18.58559226989746,17.765676498413086,18.2985897064209,183551796.0,75579.04134930993,0,5.865861791616339,75573.17548751831,4130,23.99995218574025,61000,Neutral,60.51030845912648,18.2142,17.8541,20.7231,20.1812,27.7823,134.53103637695312,0.9621,AVAX-USD,0.3815,Neutral,0.4385,0.5406,85.80809710904448,185,575.219970703125,0.0,0.0
2025-07-07,18.004047393798828,18.2985897064209,18.56276512145996,17.823976516723633,18.004047393798828,194097862.0,74362.58159818078,0,5.865861791616339,74356.71573638916,4130,22.005755872413758,61000,Neutral,49.340812298524575,18.1128,17.8232,20.6547,20.1816,27.7306,134.53103637695312,0.8957,AVAX-USD,0.3728,Neutral,0.4427,0.5618,84.07634609002274,185,570.6099853515625,0.0,0.0
2025-07-08,18.362350463867188,18.004047393798828,18.472251892089844,17.710115432739258,18.362350463867188,243240584.0,75842.3732775631,0,5.865861791616339,75836.50741577148,4130,24.431643871401178,61000,Neutral,50.908831393259376,18.0775,17.8333,20.5731,20.1989,27.6738,134.53103637695312,0.9638,AVAX-USD,0.3683,Neutral,0.4302,0.5747,83.93359642969666,185,570.22998046875,0.0,0.0
2025-07-09,19.5084285736084,18.362350463867188,19.59569358825684,18.11138916015625,19.5084285736084,443768517.0,80575.67587079431,0,5.865861791616339,80569.81000900269,4130,32.191156319321195,61000,Neutral,62.1610538799296,18.4201,17.9054,20.4668,20.2158,27.6061,134.53103637695312,1.3849,AVAX-USD,0.3912,Neutral,0.4228,0.5778,85.2033026117619,185,573.6099853515625,0.0,0.0
2025-07-10,20.68787384033203,19.5084285736084,20.750293731689453,19.3613395690918,20.68787384033203,541689104.0,85446.78482236291,0,5.865861791616339,85440.91896057129,4130,40.17658083008939,61000,Neutral,69.64056452098293,18.9723,18.0714,20.3991,20.2307,27.5505,134.53103637695312,2.003,AVAX-USD,0.4036,Neutral,0.4193,0.5691,85.83439551257712,185,575.2899780273438,0.0,0.0
2025-07-11,20.691051483154297,20.68787384033203,21.46589088439941,20.39887428283692,20.691051483154297,653443134.0,85459.90848721887,0,5.865861791616339,85454.04262542725,4130,40.19809503477128,61000,Neutral,68.39462753430368,19.4508,18.2665,20.3301,20.249,27.4986,134.53103637695312,2.2963,AVAX-USD,0.4061,Neutral,0.4252,0.5849,85.0567927612184,185,573.219970703125,0.0,0.0
2025-07-12,20.67218399047852,20.691051483154297,21.03922271728516,20.20783233642578,20.67218399047852,418609980.0,85381.9857424679,0,5.865861791616339,85376.11988067628,4130,40.070352830261506,61000,Neutral,66.65430897687779,19.9844,18.4751,20.2451,20.2665,27.4549,134.53103637695312,2.3605,AVAX-USD,0.4061,Neutral,0.4252,0.5849,85.0567927612184,185,573.219970703125,0.0,0.0
2025-07-13,21.19805335998535,20.67218399047852,21.730775833129883,20.671934127807617,21.19805335998535,543346177.0,87553.82623853112,0,5.865861791616339,87547.9603767395,4130,43.63074708610284,61000,Neutral,65.65919201160074,20.5515,18.63,20.182,20.2814,27.4051,134.53103637695312,2.4529,AVAX-USD,0.4061,Neutral,0.4252,0.5849,85.0567927612184,185,573.219970703125,0.0,0.0
2025-07-14,21.281078338623047,21.19805335998535,22.05086135864257,21.080928802490234,21.281078338623047,566212798.0,87896.7194003048,0,5.865861791616339,87890.85353851318,4130,44.19286702343675,61000,Neutral,73.08949229754845,20.906,18.7827,20.1461,20.3063,27.3475,134.53103637695312,2.4046,AVAX-USD,0.3943,Neutral,0.4351,0.5794,85.48128155197927,185,574.3499755859375,0.0,0.0
2025-07-15,22.51393699645996,21.281078338623047,22.556716918945312,20.44561004638672,22.51393699645996,857272986.0,92988.42565717126,0,5.865861791616339,92982.55979537964,4130,52.539926460922736,61000,Neutral,85.94441462653434,21.2713,19.03,20.1365,20.337,27.2966,134.53103637695312,2.6311,AVAX-USD,0.3894,Neutral,0.4342,0.5684,84.54591130741404,185,571.8599853515625,0.0,0.0
2025-07-16,22.66943359375,22.51393699645996,23.01098823547364,21.63014030456543,22.66943359375,678757694.0,93630.62660397912,0,5.865861791616339,93624.7607421875,4130,53.59271489831268,61000,Neutral,83.14370369919936,21.6669,19.3021,20.1444,20.3675,27.2433,134.53103637695312,2.6594,AVAX-USD,0.3816,Neutral,0.4347,0.561,85.25213922860969,185,573.739990234375,0.0,0.0
2025-07-17,23.859947204589844,22.66943359375,24.1716423034668,22.06570625305176,23.859947204589844,871888122.0,98547.44781674768,0,5.865861791616339,98541.58195495605,4130,61.65307754219556,61000,Neutral,85.77899672971006,22.3045,19.6162,20.1572,20.4018,27.1999,134.53103637695312,2.8721,AVAX-USD,0.3879,Neutral,0.4223,0.5692,86.54438362399014,185,577.1799926757812,0.0,0.0
2025-07-18,23.524816513061523,23.86026954650879,24.981237411499023,23.17329788208008,23.524816513061523,974862546.0,97163.35806073571,0,5.865861791616339,97157.49219894409,4130,59.38407794217595,61000,Neutral,90.77044681990537,22.7698,19.8933,20.1781,20.4418,27.158,134.53103637695312,2.7113,AVAX-USD,0.3908,Neutral,0.4231,0.5662,86.4467103902945,185,576.9199829101562,0.0,0.0
2025-07-19,24.51840591430664,23.52482795715332,25.107561111450195,23.073280334472656,24.51840591430664,638080409.0,101266.88228787805,0,5.865861791616339,101261.01642608643,4130,66.11116683913059,61000,Neutral,91.77838275293684,23.4173,20.1822,20.2103,20.4865,27.1109,134.53103637695312,2.7179,AVAX-USD,0.3908,Neutral,0.4231,0.5662,86.4467103902945,185,576.9199829101562,0.0,0.0
2025-07-20,25.07353782653809,24.51840591430664,25.485092163085938,24.34065055847168,25.07353782653809,701378743.0,103559.57708539393,0,5.865861791616339,103553.71122360231,4130,69.86968290063204,61000,Neutral,91.96558278364151,23.9292,20.5371,20.2418,20.5336,27.0358,134.53103637695312,2.6841,AVAX-USD,0.3908,Neutral,0.4231,0.5662,86.4467103902945,185,576.9199829101562,0.0,0.0
2025-07-21,25.453935623168945,25.07353782653809,26.33971405029297,24.693344116210938,25.453935623168945,868415767.0,105130.61998547937,0,5.865861791616339,105124.75412368774,4130,72.44516306470652,61000,Neutral,95.66066202627451,24.4861,20.9545,20.2453,20.5806,26.969,134.53103637695312,2.5674,AVAX-USD,0.3862,Neutral,0.4283,0.5753,86.83364313485973,185,577.9500122070312,0.0,0.0
2025-07-22,25.86503791809082,25.453935623168945,26.04902458190918,24.80433654785156,25.86503791809082,1243077434.0,106828.47246350671,0,5.865861791616339,106822.60660171509,4130,75.22852778278413,61000,Neutral,95.6885663624223,24.8871,21.3222,20.2926,20.6173,26.9016,134.53103637695312,2.4067,AVAX-USD,0.3894,Neutral,0.4292,0.5788,86.83364313485973,185,577.9500122070312,0.0,0.0
2025-07-23,23.95308494567871,25.86503791809082,26.00019645690918,23.203527450561523,23.95308494567871,906923526.0,98932.1066874447,0,5.865861791616339,98926.24082565308,4130,62.28366585481362,61000,Neutral,74.75701729298292,24.9728,21.5929,20.3088,20.6259,26.8289,134.53103637695312,1.5923,AVAX-USD,0.3893,Neutral,0.4078,0.5704,88.67808522045755,185,582.8599853515625,0.0,0.0
2025-07-24,23.654624938964844,23.953332901000977,24.4305362701416,22.63995742797852,23.654624938964844,682806176.0,97699.46685971643,0,5.865861791616339,97693.6009979248,4130,60.26294482575088,61000,Neutral,68.32329189532027,24.8,21.8859,20.3124,20.6393,26.7492,134.53103637695312,0.8621,AVAX-USD,0.3869,Neutral,0.4067,0.5634,88.82835526121842,185,583.260009765625,0.0,0.0
2025-07-25,24.0047664642334,23.654624938964844,24.021987915039062,22.91343688964844,24.0047664642334,590812697.0,99145.55135907556,0,5.865861791616339,99139.68549728394,4130,62.633575152569136,61000,Neutral,69.62511304534851,24.5863,22.1898,20.3279,20.656,26.6663,134.53103637695312,0.3986,AVAX-USD,0.3885,Neutral,0.4022,0.545,89.69987105605537,185,585.5800170898438,0.0,0.0
2025-07-26,24.94505500793457,24.0047664642334,25.71159553527832,23.86664581298828,24.94505500793457,540019054.0,103028.9430445614,0,5.865861791616339,103023.07718276978,4130,68.99979103041478,61000,Neutral,72.81551697342104,24.4845,22.5221,20.3541,20.6941,26.5917,134.53103637695312,0.283,AVAX-USD,0.3885,Neutral,0.4022,0.545,89.69987105605537,185,585.5800170898438,0.0,0.0
2025-07-27,25.98979949951172,24.94477653503418,26.374675750732425,24.775728225708008,25.98979949951172,538780547.0,107343.73779477502,0,5.865861791616339,107337.8719329834,4130,76.07322504715842,61000,Neutral,74.24277485206363,24.5095,22.9214,20.3947,20.7468,26.5128,134.53103637695312,0.4109,AVAX-USD,0.3885,Neutral,0.4022,0.545,89.69987105605537,185,585.5800170898438,0.0,0.0
2025-07-28,25.0874137878418,25.98979949951172,27.306808471679688,25.0325927734375,25.0874137878418,1099619833.0,103616.88480557826,0,5.865861791616339,103611.01894378664,4130,69.96362998290142,61000,Neutral,67.78296755391881,24.7363,23.2576,20.4421,20.7987,26.4303,134.53103637695312,0.1635,AVAX-USD,0.3848,Neutral,0.4002,0.5363,89.64727424899014,185,585.4400024414062,0.0,0.0
2025-07-29,24.35527610778809,25.088191986083984,25.483692169189453,23.93816375732422,24.35527610778809,780523121.0,100593.15618695643,0,5.865861791616339,100587.29032516481,4130,65.0066978212263,61000,Neutral,59.02486860826662,24.8765,23.5,20.5054,20.8453,26.3439,134.53103637695312,-0.2538,AVAX-USD,0.3817,Neutral,0.4207,0.5554,89.07627560768579,185,583.9199829101562,0.0,0.0
2025-07-30,23.30423355102539,24.35527610778809,24.47407341003418,22.539926528930664,23.30423355102539,661309834.0,96252.35042752649,0,5.865861791616339,96246.48456573486,4130,57.89062280576738,61000,Neutral,52.860227355151245,24.7364,23.6308,20.5471,20.8745,26.223,134.53103637695312,-0.8369,AVAX-USD,0.3844,Neutral,0.4118,0.5786,88.80957723812057,185,583.2100219726562,0.0,0.0
2025-07-31,22.499839782714844,23.30423355102539,24.084766387939453,22.4720401763916,22.499839782714844,585941325.0,92930.20416440393,0,5.865861791616339,92924.3383026123,4130,52.44448139081237,61000,Neutral,43.65082530865824,24.2473,23.7212,20.5742,20.9119,26.1043,134.53103637695312,-1.4282,AVAX-USD,0.3693,Neutral,0.4301,0.5897,87.98689806013147,185,581.02001953125,0.0,0.0
2025-08-01,21.558088302612305,22.49873161315918,22.559520721435547,21.14776611328125,21.558088302612305,765144788.0,90039.77887951852,0,13.202127809530339,90026.57675170898,4176,45.32533420566127,62000,"cash_0%_Buy 100% of cash (46 shares - DCA Strategy) Monthly invest 1.6% of total investment ($1,000.00)",41.311134480689766,23.361,23.7655,20.5805,20.9405,25.9741,134.53103637695312,-2.0321,AVAX-USD,0.3411,Neutral,0.5018,0.5964,83.40245247236987,186,571.4500122070312,0.0,0.0
2025-08-02,20.869081497192383,21.558349609375,21.79538345336914,20.70446014404297,20.869081497192383,350475266.0,87162.48646008493,0,13.202127809530339,87149.28433227539,4176,40.6845399807684,62000,Neutral,33.43164845008211,22.5173,23.7491,20.5758,20.9628,25.8493,134.53103637695312,-2.546,AVAX-USD,0.3411,Neutral,0.5018,0.5964,83.40245247236987,186,571.4500122070312,0.0,0.0
2025-08-03,21.37859535217285,20.869081497192383,21.52749824523925,20.682100296020508,21.37859535217285,268323585.0,89290.21631848336,0,13.202127809530339,89277.01419067383,4176,44.11636233302394,62000,Neutral,33.1547604761989,21.922,23.7539,20.5963,20.9919,25.7192,134.53103637695312,-2.641,AVAX-USD,0.3411,Neutral,0.5018,0.5964,83.40245247236987,186,571.4500122070312,0.0,0.0
2025-08-04,23.090251922607425,21.3786735534668,23.10201835632324,21.35606002807617,23.090251922607425,574414794.0,96438.09415661814,0,13.202127809530339,96424.89202880861,4176,55.64519755582196,62000,Neutral,40.39041891613785,21.8792,23.7828,20.6679,21.051,25.6001,134.53103637695312,-2.1207,AVAX-USD,0.3686,Neutral,0.4534,0.5925,86.64622062506722,186,580.1400146484375,0.0,0.0
2025-08-05,21.90344619750977,23.090240478515625,23.10856437683105,21.480941772460938,21.90344619750977,441314304.0,91481.99344861033,0,13.202127809530339,91468.7913208008,4176,47.65148673645452,62000,Neutral,34.8496773522475,21.7599,23.7445,20.7051,21.0944,25.4666,134.53103637695312,-2.0465,AVAX-USD,0.3673,Neutral,0.457,0.5704,85.60476638880641,186,577.3499755859375,0.0,0.0
2025-08-06,22.230154037475582,21.90344619750977,22.371213912963867,21.591041564941406,22.230154037475582,372181882.0,92846.32538830757,0,13.202127809530339,92833.12326049803,4176,49.852022123062966,62000,Neutral,42.50184774329614,21.8943,23.663,20.7311,21.1453,25.3708,134.53103637695312,-1.8278,AVAX-USD,0.3747,Neutral,0.4381,0.5445,87.20613441817063,186,581.6400146484375,0.0,0.0
2025-08-07,23.34622383117676,22.230154037475582,23.34873962402344,21.96993827819824,23.34622383117676,549785933.0,97507.03284680369,0,13.202127809530339,97493.83071899416,4176,57.36929221741156,62000,Neutral,48.74701401547095,22.3897,23.654,20.7692,21.1862,25.2821,134.53103637695312,-1.3029,AVAX-USD,0.3684,Neutral,0.4327,0.5256,87.07547419667618,186,581.2899780273438,0.0,0.0
2025-08-08,23.79742813110352,23.34620475769043,23.861433029174805,23.042217254638672,23.79742813110352,729617997.0,99391.26200329783,0,13.202127809530339,99378.0598754883,4176,60.40837150207952,62000,Neutral,49.164477781127246,22.8735,23.618,20.8,21.2317,25.1797,134.53103637695312,-0.7996,AVAX-USD,0.3783,Neutral,0.408,0.5158,88.7365563394732,186,585.739990234375,0.0,0.0
2025-08-09,24.247360229492188,23.79742813110352,24.778728485107425,23.76058578491211,24.247360229492188,727745169.0,101270.17844616891,0,13.202127809530339,101256.97631835938,4176,63.438881893807064,62000,Neutral,47.07277783335001,23.1049,23.5767,20.8284,21.2741,25.0594,134.53103637695312,-0.3369,AVAX-USD,0.3783,Neutral,0.408,0.5158,88.7365563394732,186,585.739990234375,0.0,0.0
2025-08-10,23.863525390625,24.247360229492188,24.517284393310547,23.306547164916992,23.863525390625,504053150.0,99667.28415905953,0,13.202127809530339,99654.08203125,4176,60.853568527501636,62000,Neutral,40.55530195278651,23.4969,23.4972,20.8662,21.3024,24.9392,134.53103637695312,-0.1541,AVAX-USD,0.3783,Neutral,0.408,0.5158,88.7365563394732,186,585.739990234375,0.0,0.0
2025-08-11,22.852481842041016,23.863525390625,24.578447341918945,22.68721389770508,22.852481842041016,672266231.0,95445.16630017282,0,13.202127809530339,95431.96417236328,4176,54.043701013168224,62000,Neutral,40.167566600532396,23.6214,23.3465,20.9078,21.3296,24.8268,134.53103637695312,-0.3265,AVAX-USD,0.3755,Neutral,0.4285,0.501,88.2886207484003,186,584.5399780273438,0.0,0.0
2025-08-12,24.666894912719727,22.852502822875977,24.84104347229004,22.792320251464844,24.666894912719727,723957827.0,103022.15528332711,0,13.202127809530339,103008.95315551758,4176,66.26465098599772,62000,Neutral,51.25174494062987,23.8855,23.3822,20.9953,21.3678,24.7181,134.53103637695312,0.0653,AVAX-USD,0.3899,Neutral,0.4028,0.4853,90.61788126538912,186,590.780029296875,0.0,0.0
2025-08-13,25.53123664855957,24.666894912719727,25.65337181091309,24.39668273925781,25.53123664855957,830742273.0,106631.6463721943,0,13.202127809530339,106618.44424438477,4176,72.08641080675125,62000,Neutral,59.08189402041808,24.2323,23.4761,21.1048,21.4219,24.6204,134.53103637695312,0.5213,AVAX-USD,0.4101,Neutral,0.4001,0.4727,91.38682862993319,186,592.8400268554688,0.0,0.0
2025-08-14,23.670026779174805,25.531145095825195,25.966611862182617,23.240381240844727,23.670026779174805,1194349911.0,98859.23395764352,0,13.202127809530339,98846.03182983398,4176,59.55026175102418,62000,Neutral,54.39342121488626,24.1168,23.4593,21.1807,21.4628,24.5197,134.53103637695312,0.2572,AVAX-USD,0.4032,Neutral,0.4017,0.466,91.39054225087537,186,592.8499755859375,0.0,0.0
2025-08-15,23.75663375854492,23.670026779174805,25.61908721923828,23.507732391357425,23.75663375854492,1228378186.0,99220.90470349311,0,13.202127809530339,99207.70257568358,4176,60.13360166368482,62000,Neutral,58.82075202418661,24.0955,23.3999,21.2587,21.5021,24.4403,134.53103637695312,0.0843,AVAX-USD,0.3978,Neutral,0.4032,0.4474,90.9127609945614,186,591.5700073242188,0.0,0.0
2025-08-16,24.31324958801269,23.75663375854492,24.365535736083984,23.61323356628418,24.31324958801269,447538373.0,101545.33240735054,0,13.202127809530339,101532.130279541,4176,63.882678605390346,62000,Neutral,63.96666815171225,24.3876,23.3161,21.3535,21.5458,24.3795,134.53103637695312,0.1035,AVAX-USD,0.3978,Neutral,0.4032,0.4474,90.9127609945614,186,591.5700073242188,0.0,0.0
2025-08-17,25.075254440307617,24.31339454650879,25.63945960998535,24.05924224853516,25.075254440307617,677983365.0,104727.46467053414,0,13.202127809530339,104714.26254272461,4176,69.01514999762198,62000,Neutral,64.68974625069694,24.4693,23.3155,21.4688,21.589,24.318,134.53103637695312,0.2948,AVAX-USD,0.3978,Neutral,0.4032,0.4474,90.9127609945614,186,591.5700073242188,0.0,0.0
2025-08-18,23.70053100585937,25.075254440307617,25.243305206298828,23.40926551818848,23.70053100585937,845916501.0,98986.61960827827,0,13.202127809530339,98973.41748046874,4176,59.755722477854434,62000,Neutral,52.49184757551816,24.1031,23.2827,21.5627,21.624,24.261,134.53103637695312,0.0128,AVAX-USD,0.4089,Neutral,0.4016,0.4459,90.83436486166471,186,591.3599853515625,0.0,0.0
2025-08-19,22.33147048950196,23.70067024230957,24.05135154724121,22.32782554626465,22.33147048950196,629987997.0,93269.42289196972,0,13.202127809530339,93256.22076416019,4176,50.53443745155031,62000,Neutral,51.72204802838671,23.8354,23.2341,21.6454,21.644,24.2019,134.53103637695312,-0.55,AVAX-USD,0.396,Neutral,0.4131,0.4363,89.62869111772613,186,588.1300048828125,0.0,0.0
2025-08-20,23.42913055419922,22.33147048950196,23.53995704650879,22.29598045349121,23.42913055419922,533017799.0,97853.25132214547,0,13.202127809530339,97840.04919433594,4176,57.92770911312411,62000,Neutral,54.54201783225875,23.7699,23.2806,21.7561,21.6552,24.1369,134.53103637695312,-0.5965,AVAX-USD,0.3912,Neutral,0.4173,0.4416,89.05011808810934,186,586.5800170898438,0.0,0.0
2025-08-21,22.77045440673828,23.42913055419922,23.55899429321289,22.72098159790039,22.77045440673828,402640962.0,95102.6197303486,0,13.202127809530339,95089.41760253906,4176,53.4912065457098,62000,Neutral,47.740543777249655,23.4614,23.3412,21.8606,21.6588,24.06,134.53103637695312,-0.7885,AVAX-USD,0.3731,Neutral,0.4311,0.4444,88.18785175804808,186,584.27001953125,0.0,0.0
2025-08-22,25.23882293701172,22.77067756652832,25.35968017578125,22.267305374145508,25.23882293701172,1050508414.0,105410.52671277047,0,13.202127809530339,105397.32458496094,4176,70.11686296897088,62000,Neutral,54.88327280716491,23.4941,23.5597,21.9796,21.6829,23.9975,134.53103637695312,-0.2146,AVAX-USD,0.4001,Neutral,0.3923,0.4582,91.52493887626265,186,593.2100219726562,0.0,0.0
2025-08-23,26.21869468688965,25.23869132995605,26.68696975708008,24.50441169738769,26.21869468688965,1233455583.0,109502.4711402607,0,13.202127809530339,109489.26901245117,4176,76.71677333589062,62000,Neutral,56.44714436617566,23.9977,23.8017,22.1128,21.7164,23.9514,134.53103637695312,0.3982,AVAX-USD,0.4001,Neutral,0.3923,0.4582,91.52493887626265,186,593.2100219726562,0.0,0.0
2025-08-24,25.72537612915039,26.21901512145996,26.51149559020996,24.962007522583008,25.72537612915039,898451908.0,107442.37284314157,0,13.202127809530339,107429.17071533203,4176,73.39403414698877,62000,Neutral,56.04578851179657,24.6765,23.9334,22.2487,21.744,23.9066,134.53103637695312,0.6091,AVAX-USD,0.4001,Neutral,0.3923,0.4582,91.52493887626265,186,593.2100219726562,0.0,0.0
2025-08-25,23.379615783691406,25.725385665893555,25.91446685791016,23.13333320617676,23.379615783691406,940439266.0,97646.47764050485,0,13.202127809530339,97633.27551269531,4176,57.594203174994064,62000,Neutral,51.57516746805266,24.6666,24.0072,22.3513,21.7575,23.8471,134.53103637695312,0.0757,AVAX-USD,0.39,Neutral,0.3976,0.4771,90.58801281719744,186,590.7000122070312,0.0,0.0
2025-08-26,24.180391311645508,23.37974166870117,24.343889236450195,23.144590377807617,24.180391311645508,618664019.0,100990.51624524118,0,13.202127809530339,100977.31411743164,4176,62.9878138277946,62000,Neutral,48.45249767026481,24.9486,24.1047,22.4613,21.7769,23.7985,134.53103637695312,-0.0676,AVAX-USD,0.3945,Neutral,0.395,0.4874,91.46893838377206,186,593.0599975585938,0.0,0.0
2025-08-27,24.42285919189453,24.180316925048828,25.302324295043945,23.90983009338379,24.42285919189453,776300691.0,102003.0621131611,0,13.202127809530339,101989.85998535156,4176,64.62095232443963,62000,Neutral,46.32917590991251,24.7854,24.1586,22.5686,21.8009,23.7507,134.53103637695312,-0.1058,AVAX-USD,0.3931,Neutral,0.3983,0.5,91.97658808827775,186,594.4199829101562,0.0,0.0
2025-08-28,24.89027976989746,24.423200607299805,24.94378662109375,24.166379928588867,24.89027976989746,632225259.0,103955.01044690133,0,13.202127809530339,103941.8083190918,4176,67.76925608853679,62000,Neutral,54.45239552079674,24.5197,24.2132,22.6711,21.8341,23.7057,134.53103637695312,-0.0172,AVAX-USD,0.405,Neutral,0.3931,0.5153,92.76048106839292,186,596.52001953125,0.0,0.0
2025-08-29,23.575597763061523,24.889982223510746,25.183988571166992,23.231481552124023,23.575597763061523,845036299.0,98464.89838635446,0,13.202127809530339,98451.69625854492,4176,58.91423663604183,62000,Neutral,49.39377445356671,24.0897,24.1796,22.7645,21.8501,23.6469,134.53103637695312,-0.3222,AVAX-USD,0.3774,Neutral,0.4079,0.5176,91.47641119155764,186,593.0800170898438,0.0,0.0
2025-08-30,23.78620147705078,23.575477600097656,23.91132545471192,23.15150260925293,23.78620147705078,319309453.0,99344.3794959736,0,13.202127809530339,99331.17736816406,4176,60.332754554782376,62000,Neutral,48.19323319489466,24.1711,24.1758,22.8758,21.8713,23.5825,134.53103637695312,-0.456,AVAX-USD,0.3774,Neutral,0.4079,0.5176,91.47641119155764,186,593.0800170898438,0.0,0.0
2025-08-31,23.406009674072266,23.78620147705078,24.187524795532227,23.405506134033203,23.406009674072266,293421664.0,97756.69852673532,0,13.202127809530339,97743.49639892578,4176,57.771978797946446,62000,Neutral,44.12385938757046,24.0162,24.2034,22.9574,21.8951,23.5055,134.53103637695312,-0.6305,AVAX-USD,0.3782,Neutral,0.4088,0.5154,91.47641119155764,186,593.0800170898438,0.0,0.0
2025-09-01,23.1831169128418,23.406009674072266,24.28577995300293,22.700660705566406,23.1831169128418,736005355.0,97824.90148180963,0,15.331226530080812,97809.57025527956,4219,55.37750579968408,63000,"cash_0%_Buy 100% of cash (43 shares - DCA Strategy) Monthly invest 1.6% of total investment ($1,000.00)",48.01783636003344,23.7682,24.1292,23.0348,21.9225,23.4243,134.53103637695312,-0.7792,AVAX-USD,0.3679,Neutral,0.42,0.5199,90.43433977354296,188,593.0800170898438,0.0,0.0
2025-09-02,24.452800750732425,23.18341445922852,24.469358444213867,23.06364631652832,24.452800750732425,744153049.0,103181.69759387018,0,15.331226530080812,103166.3663673401,4219,63.88035677120876,63000,Neutral,58.18896343774656,23.6807,24.0753,23.1458,21.9622,23.3467,134.53103637695312,-0.5039,AVAX-USD,0.347,Neutral,0.4368,0.5335,88.809597999204,188,588.7100219726562,0.0,0.0
2025-09-03,25.17866325378418,24.452800750732425,25.60994911193848,24.294931411743164,25.17866325378418,758957141.0,106244.11149424553,0,15.331226530080812,106228.78026771545,4219,68.741331216249,63000,Neutral,56.95330924240943,24.0014,24.1508,23.2666,22.0051,23.2679,134.53103637695312,-0.1226,AVAX-USD,0.3629,Neutral,0.425,0.5268,89.92868150155779,188,591.719970703125,0.0,0.0
2025-09-04,24.23689079284668,25.17866325378418,25.265544891357425,24.218673706054688,24.23689079284668,507788490.0,102270.77348155022,0,15.331226530080812,102255.44225502014,4219,62.434445481811984,63000,Neutral,55.69991351175346,24.0915,24.1748,23.3656,22.0443,23.2052,134.53103637695312,-0.1363,AVAX-USD,0.3756,Neutral,0.4072,0.5222,91.73934340435228,188,596.5900268554688,0.0,0.0
2025-09-05,24.47858238220215,24.23689079284668,25.06158828735352,23.89712905883789,24.47858238220215,658900687.0,103290.47029704094,0,15.331226530080812,103275.13907051086,4219,64.05301185560678,63000,Neutral,46.42643184350159,24.306,24.183,23.4735,22.0641,23.1513,134.53103637695312,-0.0829,AVAX-USD,0.3757,Neutral,0.4051,0.5083,91.13331594792197,188,594.9600219726562,0.0,0.0
2025-09-06,24.382219314575195,24.47858238220215,24.598846435546875,24.100549697875977,24.382219314575195,268495515.0,102883.91451472283,0,15.331226530080812,102868.58328819275,4219,63.407685217006616,63000,Neutral,40.58554421941647,24.5458,24.1484,23.5738,22.0735,23.1021,134.53103637695312,-0.0792,AVAX-USD,0.3757,Neutral,0.4051,0.5083,91.13331594792197,188,594.9600219726562,0.0,0.0
2025-09-07,24.69254875183105,24.382219314575195,24.914539337158203,24.28238296508789,24.69254875183105,334443925.0,104193.19441050528,0,15.331226530080812,104177.8631839752,4219,65.48590727380417,63000,Neutral,44.60410821936835,24.5938,24.198,23.6602,22.0635,23.0521,134.53103637695312,0.0003,AVAX-USD,0.3757,Neutral,0.4051,0.5083,91.13331594792197,188,594.9600219726562,0.0,0.0
2025-09-08,25.272720336914062,24.69254875183105,25.745943069458008,24.55193901062012,25.272720336914062,625453896.0,106640.9383279705,0,15.331226530080812,106625.60710144043,4219,69.3712150793045,63000,Neutral,62.127653335027695,24.6126,24.345,23.7366,22.0679,23.0029,134.53103637695312,0.1929,AVAX-USD,0.3805,Neutral,0.4081,0.5007,91.70587188116517,188,596.5,0.0,0.0
2025-09-09,25.93682289123535,25.271961212158203,26.26903533935547,24.926517486572266,25.93682289123535,907855023.0,109442.78700465203,0,15.331226530080812,109427.45577812195,4219,73.81859393117993,63000,Neutral,61.4526445864106,24.9526,24.4704,23.8241,22.0771,22.9586,134.53103637695312,0.4653,AVAX-USD,0.394,Neutral,0.4111,0.4918,92.24497898377935,188,597.9500122070312,0.0,0.0
2025-09-10,29.42766189575196,25.93682289123535,29.43243789672852,25.778902053833008,29.42766189575196,1786690378.0,124170.6367647076,0,15.331226530080812,124155.30553817752,4219,97.19613323285546,63000,Neutral,72.92288596764959,25.9424,24.8033,23.97,22.1076,22.9342,134.53103637695312,1.485,AVAX-USD,0.3967,Neutral,0.417,0.5016,92.88817685036588,188,599.6799926757812,0.0,0.0
2025-09-11,29.1755599975586,29.4266357421875,29.823442459106445,28.59536361694336,29.1755599975586,1099173268.0,123107.01885622981,0,15.331226530080812,123091.68762969974,4219,95.50785083844626,63000,Neutral,70.02226338668339,26.9011,25.0001,24.103,22.1425,22.9037,134.53103637695312,1.9409,AVAX-USD,0.4113,Neutral,0.4053,0.4983,94.70625921965674,188,604.5700073242188,0.0,0.0
2025-09-12,28.978519439697266,29.17462158203125,29.364749908447266,28.286624908447266,28.978519439697266,882384250.0,122275.70474261284,0,15.331226530080812,122260.37351608276,4219,94.18830462635583,63000,Neutral,78.18823462446991,27.7583,25.1381,24.2312,22.1887,22.8584,134.53103637695312,2.0394,AVAX-USD,0.3996,Neutral,0.4036,0.5009,94.65792407091877,188,604.4400024414062,0.0,0.0
2025-09-13,30.040700912475582,28.9786434173584,31.18433952331543,28.785850524902344,30.040700912475582,1504154570.0,126757.04837626456,0,15.331226530080812,126741.71714973448,4219,101.30154848929509,63000,Neutral,79.96820727525892,28.7119,25.3539,24.3567,22.2466,22.8167,134.53103637695312,2.21,AVAX-USD,0.3996,Neutral,0.4036,0.5009,94.65792407091877,188,604.4400024414062,0.0,0.0
2025-09-14,29.49125862121582,30.04094886779785,30.593812942504883,29.033689498901367,29.49125862121582,1011896647.0,124438.95134943962,0,15.331226530080812,124423.62012290955,4219,97.62202939909676,63000,Neutral,78.6918915593891,29.4227,25.6595,24.4704,22.3074,22.7671,134.53103637695312,2.0266,AVAX-USD,0.3996,Neutral,0.4036,0.5009,94.65792407091877,188,604.4400024414062,0.0,0.0
2025-09-15,29.844894409179688,29.491119384765625,30.35222244262696,28.34599494934082,29.844894409179688,1233415310.0,125930.94073885918,0,15.331226530080812,125915.6095123291,4219,99.99026652515954,63000,Neutral,81.02767669222891,29.5062,25.9427,24.5701,22.3637,22.7279,134.53103637695312,1.8442,AVAX-USD,0.4018,Neutral,0.4174,0.5053,95.82908699409585,188,607.5900268554688,0.0,0.0
2025-09-16,30.081283569335938,29.844764709472656,30.933374404907227,29.26094627380371,30.081283569335938,1106072756.0,126928.2666055584,0,15.331226530080812,126912.93537902832,4219,101.57332345642814,63000,Neutral,79.00704635432453,29.6873,26.2256,24.6794,22.4288,22.705,134.53103637695312,1.6403,AVAX-USD,0.3885,Neutral,0.4303,0.5161,95.53163294261348,188,606.7899780273438,0.0,0.0
2025-09-17,31.76580047607422,30.081283569335938,31.93281555175781,29.444862365722656,31.76580047607422,1189235928.0,134035.2434350872,0,15.331226530080812,134019.91220855713,4219,112.85423905885482,63000,Neutral,80.89484154567018,30.2448,26.5694,24.8002,22.5053,22.6875,134.53103637695312,1.7539,AVAX-USD,0.3814,Neutral,0.4153,0.5165,95.27139468640355,188,606.0900268554688,0.0,0.0
2025-09-18,35.23206329345703,31.76621627807617,35.3273811340332,31.70518112182617,35.23206329345703,2214636607.0,148659.4062616253,0,15.331226530080812,148644.07503509521,4219,136.0671959263756,63000,Neutral,91.6955467798523,31.2831,27.1522,24.9695,22.6056,22.6805,134.53103637695312,2.4218,AVAX-USD,0.3857,Neutral,0.4108,0.5153,96.33100099399569,188,608.9400024414062,0.0,0.0
2025-09-19,33.7672233581543,35.23181915283203,35.746768951416016,33.43669509887695,33.7672233581543,1550014612.0,142479.24657458306,0,15.331226530080812,142463.91534805298,4219,126.25741864535618,63000,Neutral,82.23383335175609,32.1383,27.6513,25.1081,22.6767,22.6681,134.53103637695312,2.305,AVAX-USD,0.3832,Neutral,0.405,0.5074,97.38690841461867,188,611.780029296875,0.0,0.0
2025-09-20,33.18632888793945,33.7672004699707,34.08803939819336,32.95680236816406,33.18632888793945,860272327.0,140028.45280474663,0,15.331226530080812,140013.12157821655,4219,122.36726980434601,63000,Neutral,79.5583784969664,32.8065,28.1403,25.2301,22.7613,22.658,134.53103637695312,1.9127,AVAX-USD,0.3832,Neutral,0.405,0.5074,97.38690841461867,188,611.780029296875,0.0,0.0
2025-09-21,33.04840087890625,33.18632888793945,33.59044647216797,32.670684814453125,33.04840087890625,722469169.0,139446.53453463555,0,15.331226530080812,139431.20330810547,4219,121.44359001051886,63000,Neutral,78.38198188812963,33.4,28.6335,25.3817,22.8453,22.6485,134.53103637695312,1.4658,AVAX-USD,0.3832,Neutral,0.405,0.5074,97.38690841461867,188,611.780029296875,0.0,0.0
2025-09-22,33.729732513427734,33.048301696777344,33.893272399902344,30.14652633666992,33.729732513427734,2109916174.0,142321.0727006817,0,15.331226530080812,142305.7414741516,4219,126.0063490042429,63000,Neutral,78.52952962768785,33.7927,29.0974,25.5496,22.931,22.6365,134.53103637695312,1.1753,AVAX-USD,0.3731,Neutral,0.4126,0.4987,98.49484987094884,188,614.760009765625,0.0,0.0
2025-09-23,33.65406036376953,33.73202896118164,35.910240173339844,32.82584381103516,33.65406036376953,2623574371.0,142001.81190127373,0,15.331226530080812,141986.48067474365,4219,125.49958583057945,63000,Neutral,77.11022347070198,33.4771,29.5212,25.7104,23.0192,22.6273,134.53103637695312,0.8402,AVAX-USD,0.372,Neutral,0.4238,0.4933,97.29765858363912,188,611.5399780273438,0.0,0.0
2025-09-24,32.34635925292969,33.65406036376953,34.7867431640625,32.30336380004883,32.34635925292969,1422529661.0,136484.62091464043,0,15.331226530080812,136469.28968811035,4219,116.74213982005043,63000,Neutral,62.11083952578476,33.193,29.9266,25.8338,23.0939,22.6196,134.53103637695312,0.2503,AVAX-USD,0.3698,Neutral,0.415,0.5048,96.5392052144985,188,609.5,0.0,0.0
2025-09-25,28.660615921020508,32.34635162353516,32.72183609008789,28.5954532623291,28.660615921020508,1693878830.0,120934.4697973156,0,15.331226530080812,120919.13857078552,4219,92.05936026874117,63000,Neutral,48.33712846558603,32.2878,30.1357,25.8783,23.1365,22.6051,134.53103637695312,-0.9438,AVAX-USD,0.3615,Neutral,0.4271,0.5197,95.45729212230098,188,606.5900268554688,0.0,0.0
2025-09-26,29.10633850097656,28.660615921020508,29.5327091217041,27.136812210083008,29.10633850097656,1647707011.0,122814.97336215018,0,15.331226530080812,122799.6421356201,4219,95.0442865621294,63000,Neutral,50.4062323144003,31.4994,30.3719,25.9453,23.1937,22.5898,134.53103637695312,-1.6191,AVAX-USD,0.3708,Neutral,0.4004,0.5399,96.78457984515754,188,610.1599731445312,0.0,0.0
2025-09-27,28.790525436401367,29.10633850097656,29.110143661499023,28.27399444580078,28.790525436401367,587957087.0,121482.55804270745,0,15.331226530080812,121467.22681617737,4219,92.929341610633,63000,Neutral,45.82882563201579,30.5116,30.5768,26.0192,23.2623,22.5668,134.53103637695312,-2.0859,AVAX-USD,0.3708,Neutral,0.4004,0.5399,96.78457984515754,188,610.1599731445312,0.0,0.0
2025-09-28,30.007946014404297,28.790525436401367,30.125532150268555,27.96393394470215,30.007946014404297,839460836.0,126618.8554613018,0,15.331226530080812,126603.52423477173,4219,101.08219465602085,63000,Neutral,51.65035017692527,29.7824,30.8136,26.1309,23.339,22.5485,134.53103637695312,-2.0726,AVAX-USD,0.3708,Neutral,0.4004,0.5399,96.78457984515754,188,610.1599731445312,0.0,0.0
2025-09-29,30.452417373657227,30.00808334350586,30.79118537902832,29.210912704467773,30.452417373657227,1273919331.0,128494.08012598992,0,15.331226530080812,128478.74889945984,4219,104.05874174282737,63000,Neutral,51.929292683337536,29.4036,31.0394,26.2635,23.4188,22.5413,134.53103637695312,-1.9146,AVAX-USD,0.3721,Neutral,0.4169,0.5378,97.42036087605699,188,610.1300048828125,1.74,0.0
2025-09-30,30.00381088256836,30.45297241210937,30.657634735107425,28.84609031677246,30.00381088256836,981285193.0,126601.40934008599,0,15.331226530080812,126586.07811355591,4219,101.05450240012273,63000,Neutral,49.757244301474636,29.6722,31.0682,26.4042,23.4923,22.5515,134.53103637695312,-1.857,AVAX-USD,0.3705,Neutral,0.4207,0.525,98.25689933759547,188,612.3800048828125,0.0,0.0
2025-10-01,30.70465469360352,30.00381088256836,31.077720642089844,29.648452758789062,30.70465469360352,1013650964.0,130557.25612523843,0,1.0643680362758232,130556.19175720216,4252,104.09559709567131,64000,"cash_0%_Buy 100% of cash (33 shares - DCA Strategy) Monthly invest 1.6% of total investment ($1,000.00)",46.45652851816035,29.9919,31.1446,26.5681,23.572,22.561,134.53103637695312,-1.6202,AVAX-USD,0.3797,Neutral,0.4224,0.5029,97.97297143207545,191,614.5700073242188,0.0,0.0
2025-10-02,31.023582458496094,30.70508003234864,31.3618106842041,29.62115859985352,31.023582458496094,1558734326.0,131913.33698156168,0,1.0643680362758232,131912.2726135254,4252,106.21447343367639,64000,Neutral,32.20653380398586,30.4385,31.2469,26.7289,23.6626,22.5797,134.53103637695312,-1.3604,AVAX-USD,0.3781,Neutral,0.4295,0.4743,98.22537549308576,191,615.25,0.0,0.0
2025-10-03,31.361156463623047,31.023441314697266,31.529491424560547,30.045366287231445,31.361156463623047,1167826177.0,133348.70165136148,0,1.0643680362758232,133347.6372833252,4252,108.45723073023854,64000,Neutral,38.75527840641063,30.7091,31.3129,26.8667,23.7673,22.6026,134.53103637695312,-1.0935,AVAX-USD,0.3764,Neutral,0.4283,0.4519,98.24393028403519,191,615.2999877929688,0.0,0.0
2025-10-04,30.14284324645996,31.361156463623047,31.40213966369629,29.905662536621094,30.14284324645996,675889608.0,128168.43385198402,0,1.0643680362758232,128167.36948394775,4252,100.36306229371128,64000,Neutral,36.576097883942836,30.6472,31.3455,27.0041,23.8546,22.6261,134.53103637695312,-1.1578,AVAX-USD,0.3764,Neutral,0.4283,0.4519,98.24393028403519,191,615.2999877929688,0.0,0.0
2025-10-05,30.085981369018555,30.14282417297364,31.152347564697266,29.6995906829834,30.085981369018555,788787448.0,127926.65714910316,0,1.0643680362758232,127925.5927810669,4252,99.98528619545995,64000,Neutral,36.83954363963372,30.6636,31.3576,27.135,23.933,22.6496,134.53103637695312,-1.181,AVAX-USD,0.3764,Neutral,0.4283,0.4519,98.24393028403519,191,615.2999877929688,0.0,0.0
2025-10-06,30.712078094482425,30.085981369018555,30.975526809692383,29.979013442993164,30.712078094482425,805717499.0,130588.82042577554,0,1.0643680362758232,130587.75605773927,4252,104.14491631526053,64000,Neutral,36.52804950489654,30.6651,31.3891,27.2578,24.0135,22.675,134.53103637695312,-1.0316,AVAX-USD,0.3761,Neutral,0.4197,0.4489,99.02343540271234,191,617.4000244140625,0.0,0.0
2025-10-07,27.952503204345703,30.711944580078125,30.711944580078125,27.92111015319824,27.952503204345703,1112567191.0,118855.1079929142,0,1.0643680362758232,118854.04362487793,4252,85.81099063891469,64000,Neutral,29.466679818580516,30.0509,31.1984,27.327,24.0635,22.6877,134.53103637695312,-1.4909,AVAX-USD,0.3665,Neutral,0.4382,0.451,98.20682070213634,191,615.2000122070312,0.0,0.0
2025-10-08,28.81521987915039,27.953298568725582,29.39192581176757,27.89792823791504,28.81521987915039,716426782.0,122523.37929418373,0,1.0643680362758232,122522.31492614746,4252,91.54266454714832,64000,Neutral,36.862036674064996,29.5417,30.8776,27.4031,24.1158,22.7009,134.53103637695312,-1.5444,AVAX-USD,0.3797,Neutral,0.4232,0.4633,99.53195901400737,191,618.77001953125,0.0,0.0
2025-10-09,28.384201049804688,28.81521987915039,28.85399436950684,27.66454124450684,28.384201049804688,602237170.0,120690.6872318058,0,1.0643680362758232,120689.62286376953,4252,88.67908319968281,64000,Neutral,48.642891269670784,29.19,30.6084,27.4785,24.1724,22.7134,134.53103637695312,-1.6104,AVAX-USD,0.387,Neutral,0.4298,0.4699,98.91206134617103,191,617.0999755859375,0.0,0.0
2025-10-10,20.73358154296875,28.3841495513916,28.600032806396484,10.638627052307127,20.73358154296875,2350323050.0,88160.2530887394,0,1.0643680362758232,88159.18872070312,4252,37.85027985114156,64000,Neutral,25.924938327938534,27.3195,29.9858,27.4432,24.1755,22.6894,134.53103637695312,-3.2718,AVAX-USD,0.3346,Neutral,0.5384,0.4516,92.75409098236011,191,600.510009765625,0.0,0.0
2025-10-11,21.47249221801757,20.734437942504883,23.346887588500977,20.56624221801757,21.47249221801757,1589010716.0,91302.10127904698,0,1.0643680362758232,91301.03691101071,4252,42.759417648497156,64000,Neutral,29.457525462877427,25.4716,29.407,27.3899,24.1926,22.673,134.53103637695312,-4.0534,AVAX-USD,0.3346,Neutral,0.5384,0.4516,92.75409098236011,191,600.510009765625,0.0,0.0
2025-10-12,22.583330154418945,21.47236442565918,23.327850341796875,20.71402740478516,22.583330154418945,1271748794.0,96025.38418462563,0,1.0643680362758232,96024.31981658936,4252,50.13954718846379,64000,Neutral,29.032874541553852,24.3978,28.8497,27.3408,24.2228,22.6571,134.53103637695312,-4.1162,AVAX-USD,0.3346,Neutral,0.5384,0.4516,92.75409098236011,191,600.510009765625,0.0,0.0
2025-10-13,23.838850021362305,22.583362579345703,24.05701446533203,21.945959091186523,23.838850021362305,1570962949.0,101363.85465886879,0,1.0643680362758232,101362.79029083252,4252,58.48090730446874,64000,Neutral,32.14134659698074,23.4025,28.3589,27.3436,24.2622,22.6502,134.53103637695312,-3.6539,AVAX-USD,0.3674,Neutral,0.4931,0.4385,96.13187853036067,191,609.6099853515625,0.0,0.0
2025-10-14,22.770381927490234,23.83871078491211,23.88927459716797,21.988725662231445,22.770381927490234,1229012211.0,96820.72832372475,0,1.0643680362758232,96819.66395568848,4252,51.38227240580618,64000,Neutral,31.100225617178012,22.2797,27.8801,27.3272,24.2929,22.6416,134.53103637695312,-3.4304,AVAX-USD,0.3481,Neutral,0.5228,0.4216,95.81266362867898,191,608.75,0.0,0.0
2025-10-15,21.916133880615234,22.770381927490234,23.23442840576172,21.63918876647949,21.916133880615234,728451123.0,93188.46562841225,0,1.0643680362758232,93187.40126037598,4252,45.706861944380385,64000,Neutral,27.219639937381785,22.5162,27.5429,27.2872,24.3204,22.6286,134.53103637695312,-3.3188,AVAX-USD,0.3367,Neutral,0.5117,0.4027,96.80744057104526,191,611.4299926757812,0.0,0.0
2025-10-16,20.959125518798828,21.91565322875977,22.34611701965332,20.67486572265625,20.959125518798828,808359413.0,89119.26607396889,0,1.0643680362758232,89118.20170593262,4252,39.34873764056264,64000,Neutral,24.74765718245503,22.4136,27.1355,27.2186,24.3437,22.6181,134.53103637695312,-3.3122,AVAX-USD,0.2978,Neutral,0.5991,0.3963,95.30785550665833,191,607.3900146484375,0.0,0.0
2025-10-17,19.956615447998047,20.960006713867188,21.22439956665039,19.092056274414062,19.956615447998047,925795295.0,84856.59325292397,0,1.0643680362758232,84855.5288848877,4252,32.68831135767996,64000,Neutral,22.309268885828658,21.8882,26.6938,27.1562,24.3595,22.6024,134.53103637695312,-3.3892,AVAX-USD,0.3277,Neutral,0.5189,0.4052,96.5587519993093,191,610.760009765625,0.0,0.0
2025-10-18,20.20686149597168,19.956371307373047,20.38936233520508,19.857419967651367,20.20686149597168,345603953.0,85920.63944890785,0,1.0643680362758232,85919.57508087158,4252,34.35088353890477,64000,Neutral,24.684929344670536,21.1618,26.2038,27.1208,24.3831,22.5818,134.53103637695312,-3.1818,AVAX-USD,0.3277,Neutral,0.5189,0.4052,96.5587519993093,191,610.760009765625,0.0,0.0
2025-10-19,20.594934463500977,20.20686149597168,20.832534790039062,19.774444580078125,20.594934463500977,448813688.0,87570.72570684242,0,1.0643680362758232,87569.66133880615,4252,36.92914331692754,64000,Neutral,26.219886582815093,20.7267,25.7109,27.0736,24.4148,22.5654,134.53103637695312,-2.7506,AVAX-USD,0.3277,Neutral,0.5189,0.4052,96.5587519993093,191,610.760009765625,0.0,0.0
2025-10-20,20.35658073425293,20.595199584960938,21.16146850585937,20.196622848510746,20.35658073425293,588464549.0,86557.24565007973,0,1.0643680362758232,86556.18128204346,4252,35.34558072823582,64000,Neutral,23.53985735705953,20.4148,25.2286,27.0333,24.447,22.5427,134.53103637695312,-2.3601,AVAX-USD,0.3533,Neutral,0.4718,0.4066,98.93804711566919,191,617.1699829101562,0.0,0.0
2025-10-21,19.557653427124023,20.362144470214844,20.836000442504883,19.49974822998047,19.557653427124023,656925336.0,83160.20674016762,0,1.0643680362758232,83159.14237213135,4252,30.037707431498163,64000,Neutral,26.161096841544477,20.1345,24.6712,26.9387,24.4591,22.5205,134.53103637695312,-2.1701,AVAX-USD,0.3594,Neutral,0.4655,0.4054,98.90836851231909,191,617.0900268554688,0.0,0.0
2025-10-22,19.01815414428711,19.55739974975586,19.69083976745605,18.55459976196289,19.01815414428711,571554469.0,80866.25578954506,0,1.0643680362758232,80865.19142150879,4252,26.45340907115041,64000,Neutral,21.658964104737194,19.9468,24.0709,26.8187,24.4657,22.5086,134.53103637695312,-2.0457,AVAX-USD,0.3504,Neutral,0.4807,0.4013,97.75024597441522,191,613.969970703125,0.0,0.0
2025-10-23,19.136430740356445,19.01815414428711,19.71156311035156,18.990253448486328,19.136430740356445,438896726.0,81369.16787603188,0,1.0643680362758232,81368.1035079956,4252,27.239209206286063,64000,Neutral,22.754997694413532,19.7328,23.4597,26.7088,24.4788,22.4969,134.53103637695312,-1.7749,AVAX-USD,0.3659,Neutral,0.4538,0.4284,99.0382747043874,191,617.4400024414062,0.0,0.0
2025-10-24,19.494314193725582,19.136306762695312,19.78515243530273,19.065479278564453,19.494314193725582,431746285.0,82890.88831975745,0,1.0643680362758232,82889.82395172118,4252,29.616897399607268,64000,Neutral,43.59800719643215,19.5126,22.9273,26.6441,24.4977,22.4873,134.53103637695312,-1.3442,AVAX-USD,0.3867,Neutral,0.4326,0.4474,100.93503197895045,191,622.5499877929688,0.0,0.0
2025-10-25,19.72544288635254,19.49456024169922,19.817333221435547,19.26627349853516,19.72544288635254,271459857.0,83873.64752080727,0,1.0643680362758232,83872.583152771,4252,31.152458651247606,64000,Neutral,40.47512236818712,19.3864,22.4092,26.5698,24.5156,22.4758,134.53103637695312,-0.8627,AVAX-USD,0.3867,Neutral,0.4326,0.4474,100.93503197895045,191,622.5499877929688,0.0,0.0
2025-10-26,20.83584785461425,19.72544288635254,20.89079666137696,19.359703063964844,20.83584785461425,549295335.0,88595.08944585607,0,1.0643680362758232,88594.0250778198,4252,38.529711659136346,64000,Neutral,40.47231202610307,19.642,21.9154,26.51,24.5393,22.4694,134.53103637695312,-0.1008,AVAX-USD,0.3867,Neutral,0.4326,0.4474,100.93503197895045,191,622.5499877929688,0.0,0.0
2025-10-27,20.326379776000977,20.834829330444336,21.068584442138672,20.23104858398437,20.326379776000977,501849682.0,86428.83117559242,0,1.0643680362758232,86427.76680755615,4252,35.14493311184941,64000,Neutral,29.15323141180319,19.9037,21.5341,26.434,24.5526,22.463,134.53103637695312,0.3131,AVAX-USD,0.3945,Neutral,0.4167,0.4507,103.70037549308576,191,630.0,0.0,0.0
2025-10-28,19.493608474731445,20.326379776000977,20.51136779785156,19.23989486694336,19.493608474731445,551989050.0,82887.88760259438,0,1.0643680362758232,82886.8232345581,4252,29.61220877903996,64000,Neutral,29.99234386504142,19.9751,21.068,26.366,24.5652,22.4403,134.53103637695312,0.3839,AVAX-USD,0.3894,Neutral,0.4294,0.4451,104.32768148404843,191,631.6900024414062,0.0,0.0
2025-10-29,19.655668258666992,19.49346351623535,20.15296745300293,19.36042022705078,19.655668258666992,478906964.0,83576.96580388832,0,1.0643680362758232,83575.90143585205,4252,30.688893468561766,64000,Neutral,34.92341586048991,20.0074,20.6316,26.2971,24.5865,22.4349,134.53103637695312,0.5354,AVAX-USD,0.38,Neutral,0.4315,0.4455,104.42419358349231,191,631.9500122070312,0.0,0.0
2025-10-30,18.13192367553711,19.655668258666992,19.95132064819336,17.581600189208984,18.13192367553711,654653081.0,77098.00383642006,0,1.0643680362758232,77096.93946838379,4252,20.565515394392598,64000,Neutral,32.46880674135825,19.6887,20.5015,26.2092,24.5833,22.4271,134.53103637695312,0.2041,AVAX-USD,0.3669,Neutral,0.435,0.4287,101.93352441059106,191,625.239990234375,0.0,0.0
2025-10-31,18.192686080932617,18.131881713867188,18.55245018005371,17.84819221496582,18.192686080932617,442323772.0,77356.36558416176,0,1.0643680362758232,77355.30121612549,4252,20.969205625239006,64000,Neutral,37.61563717519748,19.1601,20.3375,26.126,24.5804,22.4124,134.53103637695312,0.0704,AVAX-USD,0.3562,Neutral,0.4455,0.4188,102.6016554727269,191,627.0399780273438,0.0,0.0
2025-11-01,18.695375442504883,18.192686080932617,18.73081398010254,18.10299491882324,18.695375442504883,254645635.0,80492.80989466858,0,9.218614685064495,80483.59127998352,4305,23.934976545630214,65000,"cash_0%_Buy 100% of cash (53 shares - DCA Strategy) Monthly invest 1.5% of total investment ($1,000.00)",39.75130634780794,18.8339,20.1431,26.0301,24.5879,22.4026,134.53103637695312,0.2137,AVAX-USD,0.349,Neutral,0.4429,0.4191,101.48407826110277,192,627.0399780273438,0.0,0.0
2025-11-02,18.85947227478028,18.695375442504883,18.978822708129883,18.118486404418945,18.85947227478028,270439301.0,81199.24675761416,0,9.218614685064495,81190.0281429291,4305,25.021802488623422,65000,Neutral,37.86401344041422,18.707,19.8942,25.9248,24.5957,22.3975,134.53103637695312,0.4209,AVAX-USD,0.349,Neutral,0.4429,0.4191,101.48407826110277,192,627.0399780273438,0.0,0.0
2025-11-03,16.651477813720703,18.85919761657715,18.86596870422364,16.341041564941406,16.651477813720703,784853847.0,71693.83060275269,0,9.218614685064495,71684.61198806763,4305,10.398085327298068,65000,Neutral,29.686283359542784,18.1062,19.5882,25.7983,24.582,22.3816,134.53103637695312,-0.1184,AVAX-USD,0.3523,Neutral,0.4465,0.4296,101.93784987472868,192,628.27001953125,0.0,0.0
2025-11-04,16.02454948425293,16.651477813720703,16.98837661743164,15.124202728271484,16.02454948425293,853804280.0,68994.90414439392,0,9.218614685064495,68985.68552970886,4305,6.245890775976903,65000,Neutral,30.256933442701794,17.6847,19.2937,25.6574,24.5655,22.3735,134.53103637695312,-0.6071,AVAX-USD,0.3334,Neutral,0.4842,0.4264,99.25219200806642,192,620.989990234375,0.0,0.0
2025-11-05,16.648000717163086,16.024911880493164,16.972177505493164,15.345166206359863,16.648000717163086,523413640.0,71678.86170207214,0,9.218614685064495,71669.64308738708,4305,10.375056249328019,65000,Neutral,36.87863910874978,17.3758,19.0781,25.5285,24.5512,22.375,134.53103637695312,-0.6159,AVAX-USD,0.3385,Neutral,0.4591,0.4166,99.94204734961711,192,622.8599853515625,0.0,0.0
2025-11-06,16.100040435791016,16.64788246154785,16.6991024017334,15.666587829589844,16.100040435791016,418095695.0,69319.89269076538,0,9.218614685064495,69310.67407608032,4305,6.745873155009918,65000,Neutral,33.95370478073747,16.8567,18.8853,25.3853,24.5228,22.3693,134.53103637695312,-0.7136,AVAX-USD,0.3178,Neutral,0.4913,0.4054,97.49988108369665,192,616.239990234375,0.0,0.0
2025-11-07,17.701526641845703,16.100177764892578,18.012121200561523,16.07769012451172,17.701526641845703,815955060.0,76214.29080783081,0,9.218614685064495,76205.07219314575,4305,17.352639488956733,65000,Neutral,41.62635913745721,16.6251,18.76,25.2591,24.4979,22.3643,134.53103637695312,-0.1077,AVAX-USD,0.3211,Neutral,0.4846,0.4013,97.73968000619534,192,616.8900146484375,0.0,0.0
2025-11-08,17.475784301757812,17.701778411865234,18.37288475036621,17.058300018310547,17.475784301757812,503095108.0,75242.47003375244,0,9.218614685064495,75233.25141906738,4305,15.857530605759228,65000,Neutral,39.48714456567798,16.79,18.604,25.1181,24.4711,22.36,134.53103637695312,0.2822,AVAX-USD,0.3211,Neutral,0.4846,0.4013,97.73968000619534,192,616.8900146484375,0.0,0.0
2025-11-09,17.776567459106445,17.475730895996094,17.889820098876953,16.839134216308594,17.776567459106445,380789064.0,76537.3415261383,0,9.218614685064495,76528.12291145325,4305,17.84964059404519,65000,Neutral,34.533369744826445,17.1404,18.475,24.9239,24.447,22.3567,134.53103637695312,0.7006,AVAX-USD,0.3211,Neutral,0.4846,0.4013,97.73968000619534,192,616.8900146484375,0.0,0.0
2025-11-10,18.16765213012696,17.77644920349121,18.330656051635746,17.69976043701172,18.16765213012696,481673918.0,78220.96103488162,0,9.218614685064495,78211.74242019656,4305,20.43982445365029,65000,Neutral,38.95402186445776,17.4443,18.4055,24.7405,24.4217,22.3515,134.53103637695312,1.1475,AVAX-USD,0.3502,Neutral,0.4557,0.4124,101.27379824821874,192,626.469970703125,0.0,0.0
2025-11-11,17.014080047607422,18.167783737182617,18.537187576293945,17.009077072143555,17.014080047607422,463721186.0,73254.83321963501,0,9.218614685064495,73245.61460494995,4305,12.799627814809345,65000,Neutral,37.71580940112842,17.6271,18.3053,24.5411,24.3862,22.3462,134.53103637695312,1.0413,AVAX-USD,0.3517,Neutral,0.4496,0.4363,101.80502603962826,192,627.9099731445312,0.0,0.0
2025-11-12,16.82052993774414,17.013959884643555,17.744945526123047,16.667814254760742,16.82052993774414,405573955.0,72421.59999667358,0,9.218614685064495,72412.38138198853,4305,11.517730548714832,65000,Neutral,35.99772109443991,17.4509,18.1895,24.3207,24.3387,22.3378,134.53103637695312,0.9245,AVAX-USD,0.3547,Neutral,0.4567,0.4424,101.91938648351287,192,628.219970703125,0.0,0.0
2025-11-13,16.161346435546875,16.82052993774414,17.66943359375,15.805699348449709,16.161346435546875,584449657.0,69583.81501971436,0,9.218614685064495,69574.5964050293,4305,7.151907507239108,65000,Neutral,39.35891245541283,17.188,18.0229,24.0986,24.2845,22.326,134.53103637695312,0.6352,AVAX-USD,0.3155,Neutral,0.5016,0.4459,98.14546931899078,192,617.989990234375,0.0,0.0
2025-11-14,15.110730171203612,16.161457061767578,16.161457061767578,14.907024383544922,15.110730171203612,699471351.0,65060.91200171661,0,9.218614685064495,65051.69338703155,4305,0.19359517185795205,65000,Neutral,34.964805530398706,16.6549,17.7922,23.853,24.2116,22.3067,134.53103637695312,0.0983,AVAX-USD,0.3145,Neutral,0.4953,0.4511,98.08645401609228,192,617.8300170898438,0.0,0.0
2025-11-15,15.524422645568848,15.110730171203612,15.757521629333496,15.110730171203612,15.524422645568848,256109519.0,66841.85810385895,0,9.218614685064495,66832.63948917389,4305,2.933512252076942,65000,Neutral,34.395135352748085,16.1262,17.5266,23.6104,24.1449,22.2933,134.53103637695312,-0.0346,AVAX-USD,0.3145,Neutral,0.4953,0.4511,98.08645401609228,192,617.8300170898438,0.0,0.0
2025-11-16,15.158035278320312,15.524422645568848,15.831013679504396,14.671903610229492,15.158035278320312,443528413.0,65264.56048785401,0,9.218614685064495,65255.341873168945,4305,0.5069005351462597,65000,Neutral,32.14011524970371,15.755,17.2682,23.3336,24.0669,22.2767,134.53103637695312,-0.1925,AVAX-USD,0.3145,Neutral,0.4953,0.4511,98.08645401609228,192,617.8300170898438,0.0,0.0
2025-11-17,14.500166893005373,15.158035278320312,15.743045806884766,14.268872261047363,14.500166893005373,612990821.0,62432.437089073195,0,9.218614685064495,62423.21847438813,4305,-3.8502123860549853,65000,Neutral,37.79371243996322,15.2909,17.0185,22.988,23.9788,22.2562,134.53103637695312,-0.4747,AVAX-USD,0.2872,Neutral,0.5426,0.4421,95.95046481572462,192,612.0399780273438,0.0,0.0
2025-11-18,14.572903633117676,14.499895095825195,14.890884399414062,14.081185340881348,14.572903633117676,539333206.0,62745.56875525666,0,9.218614685064495,62736.350140571594,4305,-3.3684713611573547,65000,Neutral,41.210791544451666,14.9733,16.7644,22.6681,23.8881,22.2343,134.53103637695312,-0.5423,AVAX-USD,0.2695,Neutral,0.5859,0.4388,94.09117880395665,192,607.0,0.0,0.0
2025-11-19,14.265960693359377,14.572903633117676,14.661210060119627,13.745800971984863,14.265960693359377,481211738.0,61424.17939959718,0,9.218614685064495,61414.96078491212,4305,-5.401378062171935,65000,Neutral,35.002782388406075,14.8043,16.5711,22.3528,23.7914,22.2044,134.53103637695312,-0.6171,AVAX-USD,0.2807,Neutral,0.5662,0.4295,94.90277994587825,192,609.2000122070312,0.0,0.0
2025-11-20,13.80812168121338,14.266080856323242,14.456703186035156,13.506065368652344,13.80812168121338,524935761.0,59453.18245230867,0,9.218614685064495,59443.9638376236,4305,-8.433681058000408,65000,Neutral,35.404552890914616,14.461,16.3518,22.0321,23.7069,22.1664,134.53103637695312,-0.756,AVAX-USD,0.2501,Neutral,0.614,0.4172,91.49407766613821,192,599.9600219726562,0.0,0.0
2025-11-21,13.302087783813477,13.80797004699707,13.94300937652588,12.720542907714844,13.302087783813477,733078170.0,57274.70652400208,0,9.218614685064495,57265.48790931702,4305,-11.785182486164391,65000,Neutral,17.440664553611796,14.0898,16.0822,21.6917,23.6206,22.1299,134.53103637695312,-0.9537,AVAX-USD,0.28,Neutral,0.5649,0.3985,93.69644500955998,192,605.9299926757812,0.0,0.0
2025-11-22,13.22754955291748,13.302087783813477,13.361913681030272,13.05059814453125,13.22754955291748,347444456.0,56953.81943999482,0,9.218614685064495,56944.60082530975,4305,-12.278854923098647,65000,Neutral,17.83993306057981,13.8353,15.8006,21.3512,23.5308,22.0934,134.53103637695312,-1.0024,AVAX-USD,0.28,Neutral,0.5649,0.3985,93.69644500955998,192,605.9299926757812,0.0,0.0
2025-11-23,13.277552604675291,13.22754955291748,13.448928833007812,13.214639663696287,13.277552604675291,288716790.0,57169.082577812194,0,9.218614685064495,57159.86396312713,4305,-11.947680864918064,65000,Neutral,14.597258800219734,13.5763,15.6319,21.0334,23.4336,22.0638,134.53103637695312,-0.8964,AVAX-USD,0.28,Neutral,0.5649,0.3985,93.69644500955998,192,605.9299926757812,0.0,0.0
2025-11-24,13.890860557556152,13.277552604675291,14.03378677368164,13.17660140991211,13.890860557556152,433963981.0,59809.3733149643,0,9.218614685064495,59800.154700279236,4305,-7.885695115453284,65000,Neutral,17.483160934150305,13.5012,15.5252,20.7873,23.3328,22.0398,134.53103637695312,-0.447,AVAX-USD,0.3132,Neutral,0.5137,0.3949,97.02030575503004,192,614.9400024414062,0.0,0.0
2025-11-25,14.169899940490724,13.890860557556152,14.336000442504885,13.73542308807373,14.169899940490724,427957253.0,61010.637858497634,0,9.218614685064495,61001.41924381257,4305,-6.037595817709695,65000,Neutral,25.05866234956825,13.5736,15.4013,20.5383,23.2418,22.0203,134.53103637695312,0.0615,AVAX-USD,0.336,Neutral,0.4796,0.3841,99.13044620769547,192,620.6599731445312,0.0,0.0
2025-11-26,14.936302185058594,14.169899940490724,14.936302185058594,13.93129062652588,14.936302185058594,432999308.0,64309.99952136231,0,9.218614685064495,64300.780906677246,4305,-0.961654797917888,65000,Neutral,34.985255463047764,13.9004,15.3431,20.3074,23.1633,22.0043,134.53103637695312,0.7965,AVAX-USD,0.3588,Neutral,0.4527,0.3872,100.7130740635253,192,624.9500122070312,0.0,0.0
2025-11-27,15.023675918579102,14.935751914978027,15.14503002166748,14.891827583312988,15.023675918579102,393345152.0,64686.1434441681,0,9.218614685064495,64676.92482948303,4305,-0.3829718397551418,65000,Neutral,40.025301849560186,14.2597,15.2092,20.0577,23.0943,21.9844,134.53103637695312,1.3415,AVAX-USD,0.3819,Neutral,0.4532,0.3924,100.7130740635253,192,624.9500122070312,0.0,0.0
2025-11-28,14.85288906097412,15.023691177368164,15.244404792785645,14.836654663085938,14.85288906097412,409725334.0,63950.90602217865,0,9.218614685064495,63941.687407493584,4305,-1.5141063351235218,65000,Neutral,47.32693694890803,14.5747,15.0781,19.7977,23.0306,21.9712,134.53103637695312,1.6242,AVAX-USD,0.388,Neutral,0.4318,0.4019,101.98947982114085,192,628.4099731445312,0.0,0.0
2025-11-29,14.244832038879396,14.85288906097412,14.898616790771484,14.226229667663574,14.244832038879396,284565722.0,61333.220542060866,0,9.218614685064495,61324.0019273758,4305,-5.541314766073957,65000,Neutral,37.248257853298156,14.6455,14.9015,19.535,22.9696,21.955,134.53103637695312,1.534,AVAX-USD,0.388,Neutral,0.4318,0.4019,101.98947982114085,192,628.4099731445312,0.0,0.0
2025-11-30,13.774581909179688,14.244832038879396,14.326265335083008,13.774581909179688,13.774581909179688,340165721.0,59308.79373370362,0,9.218614685064495,59299.575119018555,4305,-8.655817548162025,65000,Neutral,36.492825067514644,14.5665,14.6818,19.2529,22.9105,21.9367,134.53103637695312,1.2659,AVAX-USD,0.38,Neutral,0.4305,0.4067,101.98947982114085,192,628.4099731445312,0.0,0.0
2025-12-01,12.777645111083984,13.774581909179688,13.78128433227539,12.577630996704102,12.777645111083984,467338828.0,56015.98416158295,0,11.56563970184925,56004.4185218811,4383,-15.027412324888067,66000,"cash_0%_Buy 100% of cash (78 shares - DCA Strategy) Monthly invest 1.5% of total investment ($1,000.00)",34.22670743177214,14.1347,14.47,18.9488,22.8388,21.9154,134.53103637695312,0.6579,AVAX-USD,0.3511,Neutral,0.4397,0.4191,99.82855585313392,194,625.52001953125,0.0,0.0
2025-12-02,13.643978118896484,12.777645111083984,13.735447883605955,12.738789558410645,13.643978118896484,508212904.0,59813.12173482514,0,11.56563970184925,59801.55609512329,4383,-9.274173577551425,66000,Neutral,42.573163997791276,13.8588,14.3112,18.6535,22.7601,21.9056,134.53103637695312,0.6873,AVAX-USD,0.3492,Neutral,0.4271,0.4147,100.2181049559171,194,626.5800170898438,0.0,0.0
2025-12-03,14.813850402832031,13.643978118896484,14.948444366455078,13.5969877243042,14.813850402832031,613390657.0,64940.67195531464,0,11.56563970184925,64929.10631561279,4383,-1.5051580919612673,66000,Neutral,53.84928437979983,13.851,14.2438,18.398,22.701,21.8977,134.53103637695312,1.2607,AVAX-USD,0.3556,Neutral,0.4167,0.4152,101.02293085313393,194,628.77001953125,0.0,0.0
2025-12-04,14.399070739746094,14.813897132873535,14.848408699035645,14.234698295593262,14.399070739746094,403986517.0,63122.692692008975,0,11.56563970184925,63111.12705230713,4383,-4.259672127272873,66000,Neutral,54.17707753750103,13.8818,14.2082,18.1365,22.6358,21.8906,134.53103637695312,1.4388,AVAX-USD,0.3528,Neutral,0.4071,0.4211,101.21769418931554,194,629.2999877929688,0.0,0.0
2025-12-05,13.234511375427246,14.398914337158203,14.518771171569824,13.158519744873049,13.234511375427246,450129031.0,58018.428998199466,0,11.56563970184925,58006.86335849762,4383,-11.993404996681223,66000,Neutral,49.56302177114721,13.7738,14.0937,17.8452,22.5515,21.8688,134.53103637695312,1.0194,AVAX-USD,0.3631,Neutral,0.3974,0.4298,101.65134149766517,194,630.47998046875,0.0,0.0
2025-12-06,13.412447929382324,13.234511375427246,13.471810340881348,13.16518497467041,13.412447929382324,263900773.0,58798.32491418457,0,11.56563970184925,58786.75927448273,4383,-10.81174451791591,66000,Neutral,51.17985526751703,13.9008,14.0064,17.6029,22.465,21.8484,134.53103637695312,0.8387,AVAX-USD,0.3631,Neutral,0.3974,0.4298,101.65134149766517,194,630.47998046875,0.0,0.0
2025-12-07,13.455828666687012,13.412447929382324,13.844263076782228,13.020153999328612,13.455828666687012,329002415.0,58988.46268579102,0,11.56563970184925,58976.89704608917,4383,-10.523656985178876,66000,Neutral,51.13855986575256,13.8631,13.9542,17.3469,22.375,21.8246,134.53103637695312,0.7575,AVAX-USD,0.3631,Neutral,0.3974,0.4298,101.65134149766517,194,630.47998046875,0.0,0.0
2025-12-08,13.641190528869627,13.45743465423584,13.884695053100586,13.393484115600586,13.641190528869627,302368259.0,59800.90372773742,0,11.56563970184925,59789.338088035576,4383,-9.292685709502502,66000,Neutral,48.31328415490379,13.6286,13.9076,17.1012,22.2898,21.7961,134.53103637695312,0.8074,AVAX-USD,0.3567,Neutral,0.4195,0.4189,100.96411829209877,194,628.6099853515625,0.0,0.0
2025-12-09,14.60524559020996,13.641319274902344,14.7138090133667,13.525362968444824,14.60524559020996,465188681.0,64026.3570615921,0,11.56563970184925,64014.79142189025,4383,-2.89048368851057,66000,Neutral,52.69194321180579,13.6698,13.9246,16.9991,22.2211,21.7754,134.53103637695312,1.2919,AVAX-USD,0.3575,Neutral,0.4242,0.4105,100.77668970323155,194,628.0999755859375,0.0,0.0
2025-12-10,14.141596794128418,14.605029106140137,14.772047996520996,14.141596794128418,14.141596794128418,438199900.0,61994.1843883667,0,11.56563970184925,61982.618748664856,4383,-5.969533193397536,66000,Neutral,44.89482522332219,13.8513,13.9413,16.8769,22.1334,21.7506,134.53103637695312,1.3724,AVAX-USD,0.3747,Neutral,0.4069,0.403,102.26873880601478,194,632.1599731445312,0.0,0.0
2025-12-11,13.430405616760254,14.14193344116211,14.14193344116211,12.912692070007324,13.430405616760254,480138909.0,58877.03345796204,0,11.56563970184925,58865.46781826019,4383,-10.692489148556117,66000,Neutral,40.52431304509595,13.8549,13.9477,16.7243,22.0326,21.7272,134.53103637695312,1.0786,AVAX-USD,0.3865,Neutral,0.3902,0.3932,102.8383817503507,194,633.7100219726562,0.0,0.0
2025-12-12,13.111257553100586,13.430405616760254,13.77920627593994,12.837848663330078,13.111257553100586,341829709.0,57478.207494941715,0,11.56563970184925,57466.64185523987,4383,-12.811922425859635,66000,Neutral,39.82158046786443,13.7859,13.9419,16.5455,21.9446,21.7037,134.53103637695312,0.7368,AVAX-USD,0.3514,Neutral,0.4012,0.3867,100.32467188096594,194,626.8699951171875,0.0,0.0
2025-12-13,13.386377334594728,13.111257553100586,13.460689544677734,13.110868453979492,13.386377334594728,217947611.0,58684.05749723054,0,11.56563970184925,58672.491857528694,4383,-10.984876967846269,66000,Neutral,44.77989021795773,13.735,13.9473,16.3891,21.8582,21.6801,134.53103637695312,0.6536,AVAX-USD,0.3514,Neutral,0.4012,0.3867,100.32467188096594,194,626.8699951171875,0.0,0.0
2025-12-14,12.890225410461426,13.386377334594728,13.394750595092772,12.82420539855957,12.890225410461426,216500422.0,56509.423613754276,0,11.56563970184925,56497.85797405243,4383,-14.27977679129515,66000,Neutral,44.63927277040885,13.392,13.8973,16.2387,21.763,21.6544,134.53103637695312,0.3796,AVAX-USD,0.3514,Neutral,0.4012,0.3867,100.32467188096594,194,626.8699951171875,0.0,0.0
2025-12-15,12.341089248657228,12.890321731567385,13.322931289672852,12.261528968811035,12.341089248657228,407488964.0,54102.55981656648,0,11.56563970184925,54090.99417686463,4383,-17.926540120367576,66000,Neutral,47.20180693432443,13.0319,13.8059,16.0951,21.6569,21.6229,134.53103637695312,-0.032,AVAX-USD,0.3423,Neutral,0.4156,0.3886,99.99025675035072,194,625.9600219726562,0.0,0.0
2025-12-16,12.34477710723877,12.341089248657228,12.371068954467772,11.970952033996582,12.34477710723877,371980854.0,54118.72370072937,0,11.56563970184925,54107.15806102753,4383,-17.902049386787425,66000,Neutral,40.63710343748792,12.8147,13.6763,15.9682,21.5622,21.5931,134.53103637695312,-0.2522,AVAX-USD,0.3519,Neutral,0.4211,0.3915,99.34713175035073,194,624.2100219726562,0.0,0.0
2025-12-17,11.83875560760498,12.34477710723877,12.582335472106934,11.73262882232666,11.83875560760498,404583727.0,51900.831467834476,0,11.56563970184925,51889.26582813263,4383,-21.2624921639009,66000,Neutral,26.29096149493695,12.5602,13.517,15.8287,21.4748,21.5594,134.53103637695312,-0.5857,AVAX-USD,0.3324,Neutral,0.4411,0.3925,96.82606470323158,194,617.3499755859375,0.0,0.0
2025-12-18,11.4349365234375,11.83875560760498,12.275270462036133,11.302732467651367,11.4349365234375,458277072.0,50130.89242192841,0,11.56563970184925,50119.32678222656,4383,-23.944217991031316,66000,Neutral,26.336970457376196,12.17,13.3461,15.6761,21.3748,21.515,134.53103637695312,-0.9306,AVAX-USD,0.3465,Neutral,0.4274,0.3918,98.53862726426674,194,622.010009765625,0.0,0.0
2025-12-19,12.24866008758545,11.4349365234375,12.381978034973145,11.278799057006836,12.24866008758545,432721224.0,53697.44280358887,0,11.56563970184925,53685.877163887024,4383,-18.540353776394248,66000,Neutral,41.66282500981517,12.0416,13.2463,15.5409,21.2871,21.473,134.53103637695312,-0.6597,AVAX-USD,0.3803,Neutral,0.3902,0.3919,100.5782477781827,194,627.5599975585938,0.0,0.0
2025-12-20,12.209091186523438,12.24866008758545,12.360774993896484,12.14052963256836,12.209091186523438,155014556.0,53524.01231023407,0,11.56563970184925,53512.44667053223,4383,-18.803127251174246,66000,Neutral,39.57954860960281,12.0152,13.168,15.4185,21.1786,21.4307,134.53103637695312,-0.4289,AVAX-USD,0.3803,Neutral,0.3902,0.3919,100.5782477781827,194,627.5599975585938,0.0,0.0
2025-12-21,12.138314247131348,12.209091186523438,12.314546585083008,11.97337245941162,12.138314247131348,189790825.0,53213.79698487854,0,11.56563970184925,53202.2313451767,4383,-19.273150471409892,66000,Neutral,38.64487886349663,11.974,13.1361,15.3038,21.0612,21.3888,134.53103637695312,-0.25,AVAX-USD,0.3803,Neutral,0.3902,0.3919,100.5782477781827,194,627.5599975585938,0.0,0.0
2025-12-22,12.404099464416504,12.138314247131348,12.425368309020996,12.066837310791016,12.404099464416504,362302026.0,54378.73359223938,0,11.56563970184925,54367.16795253754,4383,-17.508095005711652,66000,Neutral,39.48379826673477,12.087,13.0741,15.1916,20.9502,21.3471,134.53103637695312,0.0582,AVAX-USD,0.3909,Neutral,0.3751,0.4007,102.02655899766513,194,629.72998046875,1.771,0.0
2025-12-23,12.179388999938965,12.404099464416504,12.512313842773438,11.88480281829834,12.179388999938965,333331291.0,53393.82762643433,0,11.56563970184925,53382.26198673248,4383,-19.00037677208295,66000,Neutral,26.413596743944282,12.2359,12.9424,15.0697,20.8569,21.3072,134.53103637695312,0.1847,AVAX-USD,0.3975,Neutral,0.3727,0.4124,103.10700989488198,194,632.6699829101562,0.0,0.0
2025-12-24,12.104111671447754,12.178862571716309,12.200791358947754,11.909205436706545,12.104111671447754,222075714.0,53063.88709565735,0,11.56563970184925,53052.321455955505,4383,-19.500286667199582,66000,Neutral,28.57136552582982,12.207,12.8276,14.9427,20.7562,21.2666,134.53103637695312,0.2648,AVAX-USD,0.3928,Neutral,0.367,0.426,103.88245194200108,194,634.780029296875,0.0,0.0
2025-12-25,12.07955265045166,12.104111671447754,12.48828411102295,12.05418300628662,12.07955265045166,261744090.0,52956.24490663147,0,11.56563970184925,52944.67926692963,4383,-19.663380892996365,66000,Neutral,33.39449687554806,12.1811,12.7699,14.7967,20.6534,21.2271,134.53103637695312,0.3367,AVAX-USD,0.3948,Neutral,0.3672,0.4421,103.88245194200108,194,634.780029296875,0.0,0.0
2025-12-26,12.342768669128418,12.07955265045166,12.583709716796877,12.04055881500244,12.342768669128418,275491095.0,54109.9207164917,0,11.56563970184925,54098.355076789856,4383,-17.91538724169299,66000,Neutral,40.42155572233769,12.222,12.7164,14.6637,20.5488,21.1914,134.53103637695312,0.5472,AVAX-USD,0.3836,Neutral,0.3699,0.4389,103.90450104478431,194,634.8400268554688,0.0,0.0
2025-12-27,12.68642234802246,12.342768669128418,12.697290420532228,12.334590911865234,12.68642234802246,177638276.0,55616.154791084286,0,11.56563970184925,55604.58915138244,4383,-15.633214401401196,66000,Neutral,41.42230456056888,12.2784,12.6779,14.5502,20.4581,21.1541,134.53103637695312,0.8749,AVAX-USD,0.3836,Neutral,0.3699,0.4389,103.90450104478431,194,634.8400268554688,0.0,0.0
2025-12-28,12.636359214782717,12.68649959564209,12.837453842163086,12.530555725097656,12.636359214782717,215994295.0,55396.72807809449,0,11.56563970184925,55385.16243839265,4383,-15.965679118052401,66000,Neutral,46.507068319212806,12.3698,12.6277,14.4332,20.3652,21.1182,134.53103637695312,1.0558,AVAX-USD,0.3836,Neutral,0.3699,0.4389,103.90450104478431,194,634.8400268554688,0.0,0.0
2025-12-29,12.357568740844728,12.636212348937988,13.14291000366211,12.35096836090088,12.357568740844728,404455132.0,54174.78943082429,0,11.56563970184925,54163.223791122444,4383,-17.817101310886038,66000,Neutral,50.24496419950293,12.4205,12.5153,14.337,20.2731,21.0841,134.53103637695312,1.0158,AVAX-USD,0.377,Neutral,0.3812,0.4313,103.0812822032316,194,632.5999755859375,0.0,0.0
2025-12-30,12.56164264678955,12.357568740844728,12.61209201812744,12.332891464233398,12.56164264678955,233161887.0,55069.24536058045,0,11.56563970184925,55057.6797208786,4383,-16.461865053679738,66000,Neutral,53.0424123520336,12.517,12.4363,14.2431,20.1846,21.0535,134.53103637695312,1.0833,AVAX-USD,0.367,Neutral,0.3814,0.426,102.75788040879796,194,631.719970703125,0.0,0.0
2025-12-31,12.304884910583496,12.56164264678955,12.68423557281494,12.256731033325195,12.304884910583496,246120131.0,53943.87620278931,0,11.56563970184925,53932.31056308746,4383,-18.166969838211763,66000,Neutral,57.03108412063548,12.5094,12.38,14.1366,20.0834,21.0228,134.53103637695312,0.9771,AVAX-USD,0.3493,Neutral,0.389,0.4091,101.07106796983312,194,627.1300048828125,0.0,0.0
2026-01-01,13.549633026123049,12.304884910583496,13.645742416381836,12.219764709472656,13.549633026123049,452484845.0,60398.604520355235,0,7.890122924810612,60390.71439743043,4457,-9.75294467411042,67000,"cash_0%_Buy 100% of cash (74 shares - DCA Strategy) Monthly invest 1.5% of total investment ($1,000.00)",75.44329732245393,12.682,12.4019,14.0481,19.9864,20.9958,134.53103637695312,1.5295,AVAX-USD,0.3429,Neutral,0.388,0.3915,99.98357593938657,197,627.1300048828125,0.0,0.0
2026-01-02,13.79994010925293,13.549752235412598,13.941411018371582,13.112871170043944,13.79994010925293,454881886.0,61514.223189865115,0,7.890122924810612,61506.33306694031,4457,-8.087842182304628,67000,Neutral,71.59181020854118,12.9147,12.4226,14.0006,19.8995,20.9719,134.53103637695312,1.9505,AVAX-USD,0.3467,Neutral,0.3799,0.381,100.41289198245217,197,628.2999877929688,0.0,0.0
2026-01-03,13.98840045928955,13.799805641174316,14.337760925292969,13.703978538513184,13.98840045928955,385488926.0,62354.190969978335,0,7.890122924810612,62346.30084705353,4457,-6.8341589284043,67000,Neutral,73.78005771734311,13.2409,12.4775,13.9667,19.8121,20.9381,134.53103637695312,2.2291,AVAX-USD,0.3467,Neutral,0.3799,0.381,100.41289198245217,197,628.2999877929688,0.0,0.0
2026-01-04,14.22736930847168,13.98840045928955,14.455795288085938,13.909167289733888,14.22736930847168,329738307.0,63419.275130783084,0,7.890122924810612,63411.38500785828,4457,-5.244481076456909,67000,Neutral,76.71855472909469,13.574,12.5718,13.9263,19.7274,20.9005,134.53103637695312,2.4213,AVAX-USD,0.3467,Neutral,0.3799,0.381,100.41289198245217,197,628.2999877929688,0.0,0.0
2026-01-05,14.457419395446776,14.227408409118652,14.698128700256348,13.965072631835938,14.457419395446776,474422003.0,64444.60836843109,0,7.890122924810612,64436.71824550628,4457,-3.7141329605643647,67000,Neutral,76.50377837225943,14.0046,12.6775,13.8989,19.6421,20.8528,134.53103637695312,2.5367,AVAX-USD,0.3619,Neutral,0.3858,0.3985,101.9393838632631,197,632.4600219726562,0.0,0.0
2026-01-06,14.592727661132812,14.457419395446776,14.790550231933594,14.24998664855957,14.592727661132812,505830422.0,65047.67730859375,0,7.890122924810612,65039.787185668945,4457,-2.814030064799189,67000,Neutral,81.88675213082882,14.2132,12.8152,13.8471,19.5531,20.8105,134.53103637695312,2.5451,AVAX-USD,0.3601,Neutral,0.3821,0.4008,103.31541692111436,197,636.2100219726562,0.0,0.0
2026-01-07,14.109505653381348,14.592604637145996,14.592921257019045,13.89313793182373,14.109505653381348,366729942.0,62893.956820045474,0,7.890122924810612,62886.06669712067,4457,-6.028538256662297,67000,Neutral,73.91827869124704,14.2751,12.9489,13.791,19.4546,20.7658,134.53103637695312,2.1908,AVAX-USD,0.3592,Neutral,0.3947,0.397,102.56684060396559,197,634.1699829101562,0.0,0.0
2026-01-08,13.878828048706056,14.109505653381348,14.209395408630373,13.605966567993164,13.878828048706056,304474272.0,61865.8267360077,0,7.890122924810612,61857.93661308289,4457,-7.563060770151509,67000,Neutral,70.45422661872459,14.2532,13.0304,13.7261,19.325,20.7163,134.53103637695312,1.7464,AVAX-USD,0.3502,Neutral,0.3918,0.4079,102.52648234273109,197,634.0599975585938,0.0,0.0
2026-01-09,13.772605895996094,13.879074096679688,14.17433738708496,13.641915321350098,13.772605895996094,302368339.0,61392.3946013794,0,7.890122924810612,61384.50447845459,4457,-8.269675896462415,67000,Neutral,66.8561062156634,14.1622,13.1086,13.6528,19.1966,20.6695,134.53103637695312,1.3242,AVAX-USD,0.3701,Neutral,0.3759,0.4334,104.08598647496247,197,638.3099975585938,0.0,0.0
2026-01-10,13.719738960266112,13.772462844848633,13.917746543884276,13.635039329528809,13.719738960266112,133561469.0,61156.76666883087,0,7.890122924810612,61148.87654590606,4457,-8.621359377878123,67000,Neutral,63.07824634748266,14.0147,13.1876,13.5979,19.0695,20.6291,134.53103637695312,0.9604,AVAX-USD,0.3701,Neutral,0.3759,0.4334,104.08598647496247,197,638.3099975585938,0.0,0.0
2026-01-11,13.677188873291016,13.719738960266112,13.95007610321045,13.509325981140137,13.677188873291016,185389702.0,60967.120931182864,0,7.890122924810612,60959.23080825806,4457,-8.904412717651267,67000,Neutral,63.19843639157835,13.8316,13.2513,13.5455,18.9331,20.5898,134.53103637695312,0.6549,AVAX-USD,0.3701,Neutral,0.3759,0.4334,104.08598647496247,197,638.3099975585938,0.0,0.0
2026-01-12,13.501553535461426,13.677188873291016,14.18349266052246,13.443548202514648,13.501553535461426,521133495.0,60184.31423047638,0,7.890122924810612,60176.424107551575,4457,-10.07278092766094,67000,Neutral,64.89622297785127,13.71,13.3174,13.5012,18.7999,20.5536,134.53103637695312,0.3385,AVAX-USD,0.3667,Neutral,0.3869,0.4432,104.46394763844388,197,639.3400268554688,0.0,0.0
2026-01-13,14.737810134887695,13.501679420471191,14.809405326843262,13.46965503692627,14.737810134887695,599099026.0,65694.30989411927,0,7.890122924810612,65686.41977119446,4457,-1.8489068028208044,67000,Neutral,72.33326710637452,13.8818,13.4491,13.495,18.674,20.5188,134.53103637695312,0.688,AVAX-USD,0.3684,Neutral,0.4045,0.4722,103.98325431942273,197,638.030029296875,0.0,0.0
2026-01-14,14.619799613952637,14.737810134887695,14.910004615783691,14.41558074951172,14.619799613952637,464422551.0,65168.33700231171,0,7.890122924810612,65160.4468793869,4457,-2.633940969697768,67000,Neutral,74.45357921731267,14.0512,13.5761,13.4799,18.5451,20.4869,134.53103637695312,0.8003,AVAX-USD,0.3533,Neutral,0.4202,0.5163,102.70260740729721,197,634.5399780273438,0.0,0.0
2026-01-15,13.81952953338623,14.61968994140625,14.62001132965088,13.652315139770508,13.81952953338623,392082413.0,61601.53325322724,0,7.890122924810612,61593.64313030243,4457,-7.957528654898471,67000,Neutral,53.1465227114394,14.0712,13.6499,13.4576,18.3956,20.4504,134.53103637695312,0.447,AVAX-USD,0.3592,Neutral,0.4012,0.5186,103.46585334770266,197,636.6199951171875,0.0,0.0
2026-01-16,13.585149765014648,13.81952953338623,13.849106788635254,13.225909233093262,13.585149765014648,349728843.0,60556.902625595096,0,7.890122924810612,60549.01250267029,4457,-9.5166788453942,67000,Neutral,47.4865850169113,14.0528,13.6949,13.4423,18.2152,20.4104,134.53103637695312,0.0806,AVAX-USD,0.3496,Neutral,0.3944,0.5139,103.2713856549728,197,636.0900268554688,0.0,0.0
2026-01-17,13.733805656433104,13.585149765014648,13.913283348083496,13.532614707946776,13.733805656433104,201351135.0,61219.46193364715,0,7.890122924810612,61211.571810722344,4457,-8.527784355764267,67000,Neutral,46.99279068195641,14.0992,13.7498,13.4284,18.0482,20.3625,134.53103637695312,-0.0988,AVAX-USD,0.3496,Neutral,0.3944,0.5139,103.2713856549728,197,636.0900268554688,0.0,0.0
2026-01-18,12.995943069458008,13.733805656433104,13.806906700134276,12.9942626953125,12.995943069458008,228420639.0,57930.80838349915,0,7.890122924810612,57922.91826057434,4457,-13.436222490313531,67000,Neutral,36.98822288882242,13.7508,13.7817,13.4072,17.88,20.3207,134.53103637695312,-0.5618,AVAX-USD,0.3496,Neutral,0.3944,0.5139,103.2713856549728,197,636.0900268554688,0.0,0.0
2026-01-19,12.721200942993164,12.99648666381836,12.99648666381836,12.487961769104004,12.721200942993164,421741478.0,56706.28272584534,0,7.890122924810612,56698.39260292053,4457,-15.263872725617722,67000,Neutral,31.826020012015135,13.3711,13.7897,13.3891,17.7106,20.2779,134.53103637695312,-0.9664,AVAX-USD,0.3343,Neutral,0.4464,0.5081,103.2713856549728,197,636.0900268554688,0.0,0.0
2026-01-20,12.084134101867676,12.721335411071776,12.738021850585938,12.08247184753418,12.084134101867676,388882564.0,53866.87581494904,0,7.890122924810612,53858.98569202423,4457,-19.50179348814951,67000,Neutral,26.23726178777531,13.024,13.7786,13.3688,17.5302,20.2306,134.53103637695312,-1.4869,AVAX-USD,0.2957,Neutral,0.4702,0.5046,98.5231533541593,197,623.1500244140625,0.0,0.0
2026-01-21,12.402188301086426,12.08399486541748,12.681902885437012,11.920079231262209,12.402188301086426,413232612.0,55284.44338086701,0,7.890122924810612,55276.5532579422,4457,-17.38602100170479,67000,Neutral,33.304971322164576,12.7875,13.7212,13.355,17.3531,20.1861,134.53103637695312,-1.5976,AVAX-USD,0.3353,Neutral,0.4152,0.4983,101.16146829960091,197,630.3400268554688,0.0,0.0
2026-01-22,12.174766540527344,12.402188301086426,12.601247787475586,12.044275283813477,12.174766540527344,227345606.0,54270.82459405518,0,7.890122924810612,54262.93447113037,4457,-18.89888486261796,67000,Neutral,33.326191655509334,12.4756,13.64,13.3366,17.185,20.1395,134.53103637695312,-1.7018,AVAX-USD,0.3542,Neutral,0.3913,0.4955,102.34668427325794,197,633.5700073242188,0.0,0.0
2026-01-23,12.118390083312988,12.174766540527344,12.441986083984377,12.017367362976074,12.118390083312988,274474095.0,54019.5547242508,0,7.890122924810612,54011.66460132599,4457,-19.273914519042414,67000,Neutral,33.65447588943056,12.3001,13.5465,13.3071,17.0472,20.0918,134.53103637695312,-1.7107,AVAX-USD,0.341,Neutral,0.4014,0.5158,102.44209281535502,197,633.8300170898438,0.0,0.0
2026-01-24,12.03725814819336,12.118390083312988,12.16350555419922,11.980323791503906,12.03725814819336,122580321.0,53657.94968942261,0,7.890122924810612,53650.0595664978,4457,-19.813623526248655,67000,Neutral,33.46753282533568,12.1633,13.437,13.2716,16.9049,20.0493,134.53103637695312,-1.6675,AVAX-USD,0.341,Neutral,0.4014,0.5158,102.44209281535502,197,633.8300170898438,0.0,0.0
2026-01-25,11.484868049621582,12.037124633789062,12.056130409240724,11.266153335571287,11.484868049621582,296306322.0,51195.9470200882,0,7.890122924810612,51188.05689716339,4457,-23.488254376001514,67000,Neutral,30.419602755956134,12.0435,13.2883,13.214,16.7607,20.0115,134.53103637695312,-1.8281,AVAX-USD,0.341,Neutral,0.4014,0.5158,102.44209281535502,197,633.8300170898438,0.0,0.0
2026-01-26,11.71573257446289,11.484868049621582,11.888240814208984,11.469582557678224,11.71573257446289,289266761.0,52224.91020730591,0,7.890122924810612,52217.0200843811,4457,-21.95248842493031,67000,Neutral,34.20601213844486,11.9062,13.1445,13.1589,16.6083,19.9736,134.53103637695312,-1.7124,AVAX-USD,0.3466,Neutral,0.404,0.5325,103.63832780373313,197,637.0900268554688,0.0,0.0
2026-01-27,12.118824005126951,11.71573257446289,12.151863098144531,11.586762428283691,12.118824005126951,280947505.0,54021.48871377563,0,7.890122924810612,54013.59859085082,4457,-19.271027967512808,67000,Neutral,22.833887628178573,11.895,13.045,13.1133,16.4555,19.9372,134.53103637695312,-1.3318,AVAX-USD,0.3472,Neutral,0.4078,0.5624,104.59604143686848,197,639.7000122070312,0.0,0.0
2026-01-28,12.058091163635254,12.118824005126951,12.252229690551758,11.945100784301758,12.058091163635254,264337683.0,53750.802439247134,0,7.890122924810612,53742.91231632233,4457,-19.675037332480713,67000,Neutral,23.10847527535782,11.883,12.9539,13.0769,16.306,19.8992,134.53103637695312,-1.0368,AVAX-USD,0.3433,Neutral,0.4075,0.5854,104.59236843196148,197,639.6900024414062,0.0,0.0
2026-01-29,11.025457382202148,12.057953834533691,12.06356716156006,10.810211181640623,11.025457382202148,503367040.0,49148.35367539978,0,7.890122924810612,49140.463552474976,4457,-26.544363845685716,67000,Neutral,22.033573110355107,11.6806,12.8166,13.0311,16.142,19.857,134.53103637695312,-1.3146,AVAX-USD,0.3366,Neutral,0.4207,0.6307,104.07131685170576,197,638.27001953125,0.0,0.0
2026-01-30,10.864349365234377,11.025457382202148,11.05999755859375,10.65768337249756,10.864349365234377,475341331.0,48430.295243774424,0,7.890122924810612,48422.40512084962,4457,-27.616092848111627,67000,Neutral,22.361568850835923,11.5565,12.6738,12.9992,15.974,19.8183,134.53103637695312,-1.4926,AVAX-USD,0.3298,Neutral,0.4309,0.6378,103.31906752965001,197,636.219970703125,0.0,0.0
2026-01-31,10.10573387145996,10.864217758178713,10.871980667114258,9.531582832336426,10.10573387145996,680735625.0,45049.145988021846,0,7.890122924810612,45041.25586509704,4457,-32.66258427460801,67000,Neutral,17.208863093297666,11.2345,12.4952,12.9402,15.7968,19.7821,134.53103637695312,-1.9206,AVAX-USD,0.3445,Neutral,0.4354,0.6421,103.31906752965001,197,636.219970703125,0.0,0.0
2026-02-01,9.915943145751951,10.10573387145996,10.232443809509276,9.722569465637209,9.915943145751951,367689017.0,45202.24721328354,0,5.378354946142622,45196.868858337395,4558,-33.42622263930266,68000,"cash_0%_Buy 100% of cash (101 shares - DCA Strategy) Monthly invest 1.5% of total investment ($1,000.00)",19.101249798129516,10.7939,12.3159,12.8586,15.6283,19.7414,134.53103637695312,-2.1855,AVAX-USD,0.3494,Neutral,0.4354,0.6344,102.22308377358884,198,636.219970703125,0.0,0.0
2026-02-02,10.14255428314209,9.915943145751951,10.282588005065918,9.553112030029297,10.14255428314209,415599510.0,46235.14077750779,0,5.378354946142622,46229.762422561646,4558,-31.907261515443473,68000,Neutral,23.87860087273978,10.4108,12.0862,12.7876,15.4621,19.6976,134.53103637695312,-2.0959,AVAX-USD,0.3677,Neutral,0.4109,0.5837,103.48514096853314,198,639.6799926757812,0.0,0.0
2026-02-03,9.895763397216797,10.142677307128906,10.23259735107422,9.538772583007812,9.895763397216797,446830933.0,45110.267919460304,0,5.378354946142622,45104.88956451416,4558,-33.561486306689766,68000,Neutral,25.928762901976143,10.1849,11.85,12.732,15.2886,19.6511,134.53103637695312,-2.0447,AVAX-USD,0.346,Neutral,0.4429,0.5629,101.46806238126688,198,634.1500244140625,0.0,0.0
2026-02-04,9.711347579956056,9.896098136901855,10.138623237609863,9.573843002319336,9.711347579956056,395985187.0,44269.70062438585,0,5.378354946142622,44264.322269439705,4558,-34.79761468179927,68000,Neutral,19.50525809984717,9.9543,11.6446,12.6703,15.1366,19.6001,134.53103637695312,-1.9837,AVAX-USD,0.3519,Neutral,0.455,0.5836,100.28624040180667,198,630.9099731445312,0.0,0.0
2026-02-05,8.29923152923584,9.711347579956056,9.792799949645996,8.270049095153809,8.29923152923584,840304274.0,37833.2756652031,0,5.378354946142622,37827.89731025696,4558,-44.26294550412683,68000,Neutral,15.376415196097568,9.593,11.3803,12.5844,14.9656,19.5407,134.53103637695312,-2.6538,AVAX-USD,0.3023,Neutral,0.5198,0.5785,97.43751178412292,198,623.0999755859375,0.0,0.0
2026-02-06,9.274421691894531,8.298683166503906,9.44381046295166,7.700238227844238,9.274421691894531,659540562.0,42278.19242660142,0,5.378354946142622,42272.81407165527,4558,-37.72630320795284,68000,Neutral,28.175306159459794,9.4647,11.1573,12.5116,14.8064,19.4894,134.53103637695312,-2.3316,AVAX-USD,0.3351,Neutral,0.4898,0.582,101.86563188129885,198,635.239990234375,0.0,0.0
2026-02-07,9.22749137878418,9.274408340454102,9.3546142578125,8.9236478805542,9.22749137878418,385854139.0,42064.284059444435,0,5.378354946142622,42058.90570449829,4558,-38.04087433612487,68000,Neutral,28.323986818353305,9.2817,10.9689,12.4219,14.7105,19.443,134.53103637695312,-1.9924,AVAX-USD,0.3351,Neutral,0.4898,0.582,101.86563188129885,198,635.239990234375,0.0,0.0
2026-02-08,9.08948802947998,9.227439880371094,9.267217636108398,9.016945838928224,9.08948802947998,212700208.0,41435.264793315895,0,5.378354946142622,41429.88643836975,4558,-38.96590266866684,68000,Neutral,30.258598465794776,9.1204,10.7873,12.3377,14.6073,19.4,134.53103637695312,-1.7116,AVAX-USD,0.3351,Neutral,0.4898,0.582,101.86563188129885,198,635.239990234375,0.0,0.0
2026-02-09,9.0480318069458,9.08937644958496,9.182087898254396,8.727713584899902,9.0480318069458,246020295.0,41246.307331005104,0,5.378354946142622,41240.92897605896,4558,-39.24378128971213,68000,Neutral,27.305767605372125,8.9877,10.6355,12.2647,14.4945,19.3587,134.53103637695312,-1.4177,AVAX-USD,0.3846,Neutral,0.4351,0.6126,102.95624307334548,198,638.22998046875,0.0,0.0
2026-02-10,8.74378490447998,9.048044204711914,9.09626007080078,8.665162086486816,8.74378490447998,209951176.0,39859.549949565895,0,5.378354946142622,39854.17159461975,4558,-41.2831303800639,68000,Neutral,20.79729739765604,9.0766,10.4526,12.1919,14.3687,19.3155,134.53103637695312,-1.297,AVAX-USD,0.3946,Neutral,0.4464,0.6137,102.31427229817898,198,636.469970703125,0.0,0.0
2026-02-11,8.630200386047363,8.74378490447998,8.93873405456543,8.467348098754883,8.630200386047363,305260317.0,39341.831714550026,0,5.378354946142622,39336.45335960388,4558,-42.04448072567548,68000,Neutral,20.60880845115203,8.9478,10.2753,12.1126,14.2509,19.2719,134.53103637695312,-1.1699,AVAX-USD,0.3831,Neutral,0.4419,0.6133,102.28875910257831,198,636.4000244140625,0.0,0.0
2026-02-12,8.888179779052734,8.630200386047363,8.958531379699707,8.629966735839844,8.888179779052734,257716201.0,40517.70178786851,0,5.378354946142622,40512.32343292236,4558,-40.315260029618884,68000,Neutral,28.86745447413287,8.8799,10.1138,12.0459,14.1423,19.2314,134.53103637695312,-0.7941,AVAX-USD,0.3632,Neutral,0.5065,0.5993,98.67403352064314,198,626.489990234375,0.0,0.0
2026-02-13,9.146926879882812,8.888179779052734,9.23310661315918,8.738431930541992,9.146926879882812,230354164.0,41697.071073452,0,5.378354946142622,41691.69271850586,4558,-38.58089343317257,68000,Neutral,33.3404812185769,8.8914,9.9693,11.9927,14.0439,19.1938,134.53103637695312,-0.2704,AVAX-USD,0.363,Neutral,0.5065,0.5892,98.81994406511676,198,626.8900146484375,0.0,0.0
2026-02-14,9.587681770324709,9.14735984802246,9.70087718963623,9.13072395324707,9.587681770324709,222771436.0,43706.031864086166,0,5.378354946142622,43700.65350914002,4558,-35.6265393292988,68000,Neutral,44.64447928359734,8.9994,9.8745,11.9468,13.9575,19.1585,134.53103637695312,0.4474,AVAX-USD,0.363,Neutral,0.5065,0.5892,98.81994406511676,198,626.8900146484375,0.0,0.0
2026-02-15,9.28593635559082,9.587822914123535,9.71755599975586,9.155144691467283,9.28593635559082,256256263.0,42330.6762637291,0,5.378354946142622,42325.29790878296,4558,-37.649121094529775,68000,Neutral,43.63445889094413,9.1078,9.753,11.9042,13.8665,19.1248,134.53103637695312,0.7533,AVAX-USD,0.363,Neutral,0.5065,0.5892,98.81994406511676,198,626.8900146484375,0.0,0.0
2026-02-16,9.25940990447998,9.286070823669434,9.392230033874512,9.066706657409668,9.25940990447998,209062172.0,42209.768699565895,0,5.378354946142622,42204.39034461975,4558,-37.826926335946254,68000,Neutral,40.70078226203268,9.2336,9.61,11.868,13.772,19.0934,134.53103637695312,0.9657,AVAX-USD,0.388,Neutral,0.5165,0.5723,98.81994406511676,198,626.8900146484375,0.0,0.0
2026-02-17,9.138813018798828,9.25940990447998,9.287311553955078,9.022192001342772,9.138813018798828,180765143.0,41660.0880946312,0,5.378354946142622,41654.70973968506,4558,-38.635280166732564,68000,Neutral,41.81196106482882,9.2838,9.464,11.8161,13.6785,19.0628,134.53103637695312,1.0425,AVAX-USD,0.4061,Neutral,0.5003,0.548,99.22116466818413,198,627.989990234375,0.0,0.0
2026-02-18,8.853689193725586,9.138813018798828,9.193840980529783,8.816654205322266,8.853689193725586,199230788.0,40360.493699947365,0,5.378354946142622,40355.11534500122,4558,-40.546448394208795,68000,Neutral,40.92040951242885,9.2251,9.3554,11.7602,13.5893,19.0242,134.53103637695312,0.9142,AVAX-USD,0.4132,Neutral,0.4825,0.5576,100.39568444157358,198,631.2100219726562,0.0,0.0
2026-02-19,8.896183013916016,8.853689193725586,8.922937393188477,8.683076858520508,8.896183013916016,211363563.0,40554.18053237534,0,5.378354946142622,40548.8021774292,4558,-40.261614817108835,68000,Neutral,58.9007451924239,9.0868,9.257,11.7062,13.505,18.9854,134.53103637695312,0.8827,AVAX-USD,0.4203,Neutral,0.4942,0.5911,99.78290022786648,198,629.530029296875,0.0,0.0
2026-02-20,9.16845417022705,8.896183013916016,9.342061042785645,8.889575004577637,9.16845417022705,294637765.0,41795.19246284104,0,5.378354946142622,41789.8141078949,4558,-38.43659727230634,68000,Neutral,48.000959985377136,9.0633,9.2102,11.6522,13.4219,18.9503,134.53103637695312,1.0716,AVAX-USD,0.4135,Neutral,0.472,0.6171,101.43522471677208,198,634.0599975585938,0.0,0.0
2026-02-21,9.120891571044922,9.16845989227295,9.420015335083008,9.114572525024414,9.120891571044922,167932008.0,41578.4021357689,0,5.378354946142622,41573.023780822754,4558,-38.75540657682419,68000,Neutral,47.989511747303474,9.0356,9.1704,11.6013,13.3355,18.9166,134.53103637695312,1.169,AVAX-USD,0.4135,Neutral,0.472,0.6171,101.43522471677208,198,634.0599975585938,0.0,0.0
2026-02-22,8.871542930603027,9.12077808380127,9.120965957641602,8.796659469604492,8.871542930603027,177005672.0,40441.87103263474,0,5.378354946142622,40436.4926776886,4558,-40.42677584613913,68000,Neutral,46.055203536804555,8.9822,9.1069,11.5474,13.245,18.8803,134.53103637695312,1.0613,AVAX-USD,0.4135,Neutral,0.472,0.6171,101.43522471677208,198,634.0599975585938,0.0,0.0
2026-02-23,8.35697078704834,8.871423721313477,8.883260726928711,8.281825065612793,8.35697078704834,323517916.0,38096.45120231248,0,5.378354946142622,38091.07284736633,4558,-43.87592265543658,68000,Neutral,39.320823031876465,8.8828,9.0299,11.4853,13.141,18.8402,134.53103637695312,0.6388,AVAX-USD,0.3807,Neutral,0.5142,0.6414,99.08985853585189,198,627.6300048828125,0.0,0.0
2026-02-24,8.295060157775879,8.35697078704834,8.428787231445312,8.203877449035645,8.295060157775879,224549175.0,37814.2625540886,0,5.378354946142622,37808.884199142456,4558,-44.290905961648164,68000,Neutral,42.504307631134246,8.7626,8.9591,11.4179,13.0408,18.7967,134.53103637695312,0.3484,AVAX-USD,0.4133,Neutral,0.489,0.6648,100.76043853993427,198,632.2100219726562,0.0,0.0
2026-02-25,9.497387886047363,8.295060157775879,9.804553985595703,8.273338317871094,9.497387886047363,664889593.0,43294.472339550026,0,5.378354946142622,43289.09398460388,4558,-36.23177392420489,68000,Neutral,60.622193210390236,8.8284,9.019,11.3647,12.9575,18.7613,134.53103637695312,1.0556,AVAX-USD,0.4239,Neutral,0.4574,0.6669,102.68997970564568,198,637.5,0.0,0.0
2026-02-26,9.304420471191406,9.496817588806152,9.61368179321289,9.113187789916992,9.304420471191406,427275005.0,42414.926862636574,0,5.378354946142622,42409.54850769043,4558,-37.52522315495996,68000,Neutral,55.18105561248182,8.8651,9.0205,11.3092,12.8712,18.7288,134.53103637695312,1.3673,AVAX-USD,0.4161,Neutral,0.4739,0.6606,101.41699146441876,198,634.010009765625,0.0,0.0
2026-02-27,8.959959983825684,9.304420471191406,9.464689254760742,8.844846725463867,8.959959983825684,330920274.0,40844.87596122361,0,5.378354946142622,40839.497606277466,4558,-39.8341215393908,68000,Neutral,47.72139537554222,8.8828,9.0072,11.2526,12.7948,18.689,134.53103637695312,1.3057,AVAX-USD,0.4009,Neutral,0.5056,0.6707,100.36284677707884,198,631.1199951171875,0.0,0.0
2026-02-28,9.16455078125,8.959944725036621,9.244181632995604,8.4558687210083,9.16455078125,436042792.0,41777.400815883644,0,5.378354946142622,41772.0224609375,4558,-38.462761459008384,68000,Neutral,44.52823989836018,9.0443,9.0109,11.196,12.7195,18.65,134.53103637695312,1.3947,AVAX-USD,0.3809,Neutral,0.5067,0.6758,100.36284677707884,198,631.1199951171875,0.0,0.0
2026-03-01,9.030876159667969,9.16467571258545,9.39594841003418,8.857410430908203,9.030876159667969,365457588.0,42167.10946345902,0,1.9486739692750916,42165.160789489746,4669,-38.788362754420966,69000,"cash_0%_Buy 100% of cash (111 shares - DCA Strategy) Monthly invest 1.4% of total investment ($1,000.00)",46.551774820645875,9.1914,9.01,11.1414,12.639,18.6135,134.53103637695312,1.3335,AVAX-USD,0.3794,Neutral,0.5066,0.6821,99.2992988137549,200,631.1199951171875,0.0,0.0
2026-03-02,9.175148010253906,9.030876159667969,9.441410064697266,8.876260757446289,9.175148010253906,377731806.0,42840.71473384476,0,1.9486739692750916,42838.76605987549,4669,-37.812123232122794,69000,GeoWatch,48.89598947607013,9.127,9.0316,11.0685,12.5583,18.577,134.53103637695312,1.373,AVAX-USD,0.3749,GeoWatch,0.5247,0.7269,99.35745757661697,200,631.280029296875,0.0,0.0
2026-03-03,9.17881965637207,9.175148010253906,9.305727005004885,8.937459945678711,9.17881965637207,315535996.0,42857.85764957047,0,1.9486739692750916,42855.908975601196,4669,-37.78727842672321,69000,GeoWatch,50.54074023277481,9.1019,9.059,10.9915,12.496,18.539,134.53103637695312,1.372,AVAX-USD,0.3495,GeoWatch,0.5648,0.7882,97.31868462144357,200,625.6699829101562,0.0,0.0
2026-03-04,9.496273040771484,9.17881965637207,9.755741119384766,9.01451015472412,9.496273040771484,484398193.0,44340.04750133133,0,1.9486739692750916,44338.09882736206,4669,-35.63917719228717,69000,GeoWatch,58.6100844347919,9.2091,9.0894,10.9166,12.4416,18.5035,134.53103637695312,1.5616,AVAX-USD,0.4014,GeoWatch,0.5136,0.8304,98.95768817041458,200,630.1799926757812,0.0,0.0
2026-03-05,9.383824348449709,9.496273040771484,9.56273365020752,9.277374267578123,9.383824348449709,257825358.0,43815.02455688096,0,1.9486739692750916,43813.07588291169,4669,-36.400080010331195,69000,GeoWatch,56.4137479476042,9.253,9.1013,10.8359,12.3811,18.4661,134.53103637695312,1.557,AVAX-USD,0.3601,GeoWatch,0.5568,0.8637,97.73298262782693,200,626.8099975585938,0.0,0.0
2026-03-06,9.02619743347168,9.383824348449709,9.453386306762695,8.892889976501465,9.02619743347168,291152105.0,42145.264490848545,0,1.9486739692750916,42143.31581687927,4669,-38.82002213501586,69000,RiskWatch,48.1700430625731,9.2521,9.0732,10.7453,12.3221,18.4225,134.53103637695312,1.2578,AVAX-USD,0.2949,RiskWatch,0.6594,0.8979,94.7093702100011,200,618.489990234375,0.0,0.0
2026-03-07,8.906248092651367,9.02619743347168,9.062058448791504,8.886618614196777,8.906248092651367,160383639.0,41585.221018558506,0,1.9486739692750916,41583.27234458923,4669,-39.6316793412333,69000,RiskWatch,47.28935831968398,9.1983,9.0542,10.6506,12.2489,18.3734,134.53103637695312,0.9505,AVAX-USD,0.2949,RiskWatch,0.6594,0.8979,94.7093702100011,200,618.489990234375,0.0,0.0
2026-03-08,8.820452690124512,8.90584945678711,9.003469467163086,8.733743667602539,8.820452690124512,195317606.0,41184.64228416062,0,1.9486739692750916,41182.693610191345,4669,-40.21222823166502,69000,RiskWatch,49.32700217230614,9.1266,9.0323,10.5624,12.1767,18.3239,134.53103637695312,0.6751,AVAX-USD,0.2949,RiskWatch,0.6594,0.8979,94.7093702100011,200,618.489990234375,0.0,0.0
2026-03-09,9.250893592834473,8.820452690124512,9.485801696777344,8.817506790161133,9.250893592834473,361782674.0,43194.370858913426,0,1.9486739692750916,43192.42218494415,4669,-37.29957812332762,69000,GeoWatch,62.04231678025347,9.0775,9.0379,10.4853,12.1057,18.2763,134.53103637695312,0.7946,AVAX-USD,0.3272,GeoWatch,0.598,0.9015,96.6391010300754,200,623.7999877929688,0.0,0.0
2026-03-10,9.532014846801758,9.251029014587402,9.936638832092283,9.251029014587402,9.532014846801758,382074266.0,44506.92599368668,0,1.9486739692750916,44504.97731971741,4669,-35.397324304815655,69000,GeoWatch,65.73413238040314,9.1072,9.0718,10.4146,12.0337,18.2277,134.53103637695312,1.0487,AVAX-USD,0.3891,GeoWatch,0.5797,0.9173,96.24660701449807,200,622.719970703125,0.0,0.0
2026-03-11,9.549243927001951,9.532014846801758,9.83828830718994,9.498124122619627,9.549243927001951,273457129.0,44587.368569141385,0,1.9486739692750916,44585.41989517211,4669,-35.280740862127686,69000,GeoWatch,50.94431305588558,9.2118,9.1045,10.3451,11.9715,18.1788,134.53103637695312,1.1865,AVAX-USD,0.4656,GeoWatch,0.5654,0.9246,95.99587221076328,200,622.030029296875,0.0,0.0
2026-03-12,9.677624702453612,9.549243927001951,9.724467277526855,9.452698707580566,9.677624702453612,250162453.0,45186.778409725186,0,1.9486739692750916,45184.82973575591,4669,-34.41203094823811,69000,GeoWatch,56.959869500557176,9.366,9.1299,10.2784,11.912,18.1253,134.53103637695312,1.3178,AVAX-USD,0.4151,GeoWatch,0.618,0.926,92.53252010043555,200,612.5,0.0,0.0
2026-03-13,9.720892906188965,9.677624702453612,10.261666297912598,9.666507720947266,9.720892906188965,452727077.0,45388.79765296555,0,1.9486739692750916,45386.84897899628,4669,-34.11924943629556,69000,GeoWatch,65.98650386891762,9.5461,9.1599,10.2154,11.8583,18.0714,134.53103637695312,1.376,AVAX-USD,0.425,GeoWatch,0.6216,0.9186,91.29328595766688,200,609.0900268554688,0.0,0.0
2026-03-14,9.720721244812012,9.720887184143066,9.772276878356934,9.543548583984377,9.720721244812012,180951387.0,45387.996165996556,0,1.9486739692750916,45386.04749202728,4669,-34.12041101161295,69000,GeoWatch,62.78256745080728,9.6401,9.2024,10.1318,11.8134,18.0125,134.53103637695312,1.3524,AVAX-USD,0.425,GeoWatch,0.6216,0.9186,91.29328595766688,200,609.0900268554688,0.0,0.0
2026-03-15,9.93514347076416,9.72026538848877,10.020400047302246,9.669782638549805,9.93514347076416,235048383.0,46389.13353896714,0,1.9486739692750916,46387.184864997864,4669,-32.66948728267007,69000,GeoWatch,70.03915293059453,9.7207,9.2813,10.0537,11.7668,17.9559,134.53103637695312,1.4207,AVAX-USD,0.425,GeoWatch,0.6216,0.9186,91.29328595766688,200,609.0900268554688,0.0,0.0
2026-03-16,10.489087104797363,9.935133934020996,10.50347137451172,9.89835262298584,10.489087104797363,530768463.0,48975.49636626816,0,1.9486739692750916,48973.54769229889,4669,-28.9211353590454,69000,GeoWatch,74.6432293073356,9.9087,9.391,9.9982,11.7279,17.8974,134.53103637695312,1.7622,AVAX-USD,0.363,GeoWatch,0.5628,0.9108,93.51010635353198,200,615.1900024414062,0.0,0.0
2026-03-17,10.196188926696776,10.489087104797363,10.516104698181152,10.196160316467283,10.196188926696776,364998787.0,47607.95477271652,0,1.9486739692750916,47606.006098747246,4669,-30.90307969752604,69000,GeoWatch,67.21349831009721,10.0124,9.4259,9.9417,11.692,17.8354,134.53103637695312,1.6865,AVAX-USD,0.4209,GeoWatch,0.5408,0.8984,94.12791566779457,200,616.8900146484375,0.0,0.0
2026-03-18,9.675531387329102,10.196167945861816,10.345914840698242,9.511935234069824,9.675531387329102,419072470.0,45177.00472140885,0,1.9486739692750916,45175.056047439575,4669,-34.42619571391396,69000,GeoWatch,52.83784461137746,10.0033,9.4445,9.8741,11.6512,17.7697,134.53103637695312,1.2064,AVAX-USD,0.3568,GeoWatch,0.5825,0.8862,91.03525358223814,200,608.3800048828125,0.0,0.0
2026-03-19,9.470717430114746,9.675531387329102,9.733763694763184,9.350016593933104,9.470717430114746,249277705.0,44220.72835517502,0,1.9486739692750916,44218.77968120575,4669,-35.81210349106444,69000,GeoWatch,51.33652093248127,9.9533,9.47,9.8154,11.6113,17.7014,134.53103637695312,0.7042,AVAX-USD,0.3497,GeoWatch,0.5683,0.8598,90.45016134471908,200,606.77001953125,0.0,0.0
2026-03-20,9.56622314453125,9.470717430114746,9.638126373291016,9.431904792785645,9.56622314453125,246768714.0,44666.64453578568,0,1.9486739692750916,44664.695861816406,4669,-35.1658481568461,69000,GeoWatch,59.03476704750697,9.8795,9.4901,9.7628,11.5759,17.6414,134.53103637695312,0.4106,AVAX-USD,0.3072,GeoWatch,0.6054,0.8286,87.24120391450761,200,597.9400024414062,0.0,0.0
2026-03-21,9.204108238220217,9.566232681274414,9.626590728759766,9.194794654846191,9.204108238220217,168966995.0,42975.93003821946,0,1.9486739692750916,42973.98136425019,4669,-37.616159022884084,69000,GeoWatch,54.60974861713006,9.6226,9.4988,9.7148,11.5418,17.5812,134.53103637695312,-0.041,AVAX-USD,0.3072,GeoWatch,0.6054,0.8286,87.24120391450761,200,597.9400024414062,0.0,0.0
2026-03-22,9.018503189086914,9.20466423034668,9.338056564331056,8.893341064453125,9.018503189086914,231347138.0,42109.340063816075,0,1.9486739692750916,42107.3913898468,4669,-38.872086522019444,69000,GeoWatch,52.97321953441786,9.387,9.4909,9.6584,11.5067,17.5188,134.53103637695312,-0.4535,AVAX-USD,0.3072,GeoWatch,0.6054,0.8286,87.24120391450761,200,597.9400024414062,0.0,0.0
2026-03-23,9.548535346984863,9.018503189086914,9.733091354370115,8.932766914367676,9.548535346984863,397799974.0,44584.0602090416,0,1.9486739692750916,44582.11153507233,4669,-35.28553558690997,69000,GeoWatch,54.338593211498704,9.3616,9.5094,9.6146,11.4756,17.4546,134.53103637695312,-0.3384,AVAX-USD,0.3554,GeoWatch,0.5938,0.7744,89.5997613411463,200,604.4299926757812,0.0,0.0
2026-03-24,9.61177921295166,9.548535346984863,9.62961483001709,9.357160568237305,9.61177921295166,244191861.0,44879.345819240574,0,1.9486739692750916,44877.3971452713,4669,-34.85758542720132,69000,GeoWatch,51.24155107268387,9.3898,9.5152,9.5728,11.44,17.3864,134.53103637695312,-0.21,AVAX-USD,0.3397,GeoWatch,0.6035,0.7459,88.85476577736011,200,602.3800048828125,0.0,0.0
2026-03-25,9.671002388000488,9.611899375915527,9.781089782714844,9.566162109375,9.671002388000488,238616496.0,45155.85882354355,0,1.9486739692750916,45153.91014957428,4669,-34.45684194270425,69000,GeoWatch,51.87074286688897,9.4108,9.5296,9.5334,11.4025,17.3221,134.53103637695312,-0.0825,AVAX-USD,0.3649,GeoWatch,0.5783,0.7168,90.04675424320425,200,605.6599731445312,0.0,0.0
2026-03-26,9.100454330444336,9.671002388000488,9.67956256866455,8.994693756103516,9.100454330444336,266472050.0,42491.96994281388,0,1.9486739692750916,42490.021268844604,4669,-38.31755046550088,69000,Neutral,42.192906256361276,9.3901,9.5333,9.4937,11.3538,17.2586,134.53103637695312,-0.3839,AVAX-USD,0.3478,Neutral,0.61,0.6924,86.14368462144354,200,594.9199829101562,0.0,0.0
2026-03-27,8.787351608276367,9.100454330444336,9.132427215576172,8.674751281738281,8.787351608276367,238899610.0,41030.09333301163,0,1.9486739692750916,41028.14465904236,4669,-40.436212218837476,69000,RiskWatch,38.23153397649262,9.3438,9.5273,9.4448,11.3019,17.1981,134.53103637695312,-0.7693,AVAX-USD,0.2755,RiskWatch,0.6655,0.688,81.80451300249347,200,582.97998046875,0.0,0.0
2026-03-28,8.749664306640625,8.787351608276367,8.955367088317871,8.716221809387207,8.749664306640625,125047824.0,40854.13132167435,0,1.9486739692750916,40852.18264770508,4669,-40.691229626572664,69000,RiskWatch,37.87330404043363,9.1841,9.5238,9.3887,11.251,17.1408,134.53103637695312,-1.0012,AVAX-USD,0.2755,RiskWatch,0.6655,0.688,81.80451300249347,200,582.97998046875,0.0,0.0
2026-03-29,8.595704078674316,8.749661445617676,8.802715301513672,8.43107795715332,8.595704078674316,142000931.0,40135.291017299656,0,1.9486739692750916,40133.34234333038,4669,-41.733027169144684,69000,RiskWatch,33.01642027547058,8.9808,9.491,9.331,11.2039,17.0868,134.53103637695312,-1.2032,AVAX-USD,0.2755,RiskWatch,0.6655,0.688,81.80451300249347,200,582.97998046875,0.0,0.0
2026-03-30,8.78921890258789,8.595704078674316,9.02841091156006,8.573135375976562,8.78921890258789,201407189.0,41038.811730152134,0,1.9486739692750916,41036.86305618286,4669,-40.423576860662834,69000,RiskWatch,26.278090930650947,8.8045,9.4539,9.2937,11.1624,17.0364,134.53103637695312,-1.1317,AVAX-USD,0.262,RiskWatch,0.6726,0.7152,81.05951743870727,200,580.9299926757812,0.0,0.0
2026-03-31,8.909309387207031,8.78921890258789,9.044842720031738,8.69941520690918,8.909309387207031,207668535.0,41599.5142028389,0,1.9486739692750916,41597.56552886963,4669,-39.61096458140665,69000,GeoWatch,31.131351781123357,8.7662,9.4219,9.2611,11.1302,16.9845,134.53103637695312,-0.9383,AVAX-USD,0.3132,GeoWatch,0.5808,0.7362,87.19032054227054,200,597.7999877929688,0.0,0.0
2026-04-01,9.12394905090332,8.909309387207031,9.43727207183838,8.87165641784668,9.12394905090332,309605076.0,43600.67228219033,0,6.443716974264817,43594.228565216064,4778,-37.613440911170414,70000,"cash_0%_Buy 100% of cash (109 shares - DCA Strategy) Monthly invest 1.4% of total investment ($1,000.00)",41.1152102728653,8.8336,9.3942,9.2448,11.0925,16.9263,134.53103637695312,-0.6088,AVAX-USD,0.3214,GeoWatch,0.56,0.7635,87.86380353216916,202,602.2999877929688,0.0,0.0
2026-04-02,8.751992225646973,9.12394905090332,9.177820205688477,8.629694938659668,8.751992225646973,286740170.0,41823.4625711155,0,6.443716974264817,41817.018854141235,4778,-40.1523119269916,70000,GeoWatch,39.014433280623926,8.834,9.3458,9.2254,11.042,16.8715,134.53103637695312,-0.6212,AVAX-USD,0.3276,GeoWatch,0.5497,0.7755,88.14624962434402,202,603.0800170898438,0.0,0.0
2026-04-03,8.911928176879883,8.751992225646973,9.128812789916992,8.742300033569336,8.911928176879883,183731306.0,42587.63654610635,0,6.443716974264817,42581.19282913208,4778,-39.060634819861825,70000,GeoWatch,40.19240709863202,8.8973,9.3053,9.2049,10.9962,16.816,134.53103637695312,-0.473,AVAX-USD,0.3285,GeoWatch,0.55,0.7785,88.14624962434402,202,603.0800170898438,0.0,0.0
2026-04-04,8.98441219329834,8.911771774291992,9.087163925170898,8.849279403686523,8.98441219329834,115007066.0,42933.965176553735,0,6.443716974264817,42927.52145957947,4778,-38.565879633508416,70000,GeoWatch,46.393724710299445,8.9363,9.2578,9.1897,10.9608,16.7562,134.53103637695312,-0.2914,AVAX-USD,0.3285,GeoWatch,0.55,0.7785,88.14624962434402,202,603.0800170898438,0.0,0.0
2026-04-05,9.055030822753906,8.98441219329834,9.07558822631836,8.75501823425293,9.055030822753906,132606668.0,43271.38098809243,0,6.443716974264817,43264.937271118164,4778,-38.08385704559599,70000,GeoWatch,50.62311772958818,8.9655,9.1861,9.1787,10.9245,16.6947,134.53103637695312,-0.0988,AVAX-USD,0.3285,GeoWatch,0.55,0.7785,88.14624962434402,202,603.0800170898438,0.0,0.0
2026-04-06,8.906012535095215,9.055030822753906,9.62818717956543,8.841675758361816,8.906012535095215,370871336.0,42559.3716096592,0,6.443716974264817,42552.92789268494,4778,-39.1010133005006,70000,GeoWatch,37.40163222625878,8.9219,9.1216,9.1888,10.8866,16.6308,134.53103637695312,-0.0643,AVAX-USD,0.326,GeoWatch,0.5445,0.7885,89.12029083095001,202,605.77001953125,0.0,0.0
2026-04-07,9.474905967712402,8.906092643737793,9.578481674194336,8.487540245056152,9.474905967712402,606342194.0,45277.544430704125,0,6.443716974264817,45271.10071372986,4778,-35.21790927043643,70000,GeoWatch,47.760342510516196,9.0665,9.1115,9.1922,10.8519,16.5709,134.53103637695312,0.376,AVAX-USD,0.3062,GeoWatch,0.5746,0.8008,89.23616445076796,202,606.0900268554688,0.0,0.0
2026-04-08,9.055965423583984,9.47502326965332,9.545669555664062,9.049700736999512,9.055965423583984,355576360.0,43275.846510858544,0,6.443716974264817,43269.40279388428,4778,-38.07747772735868,70000,GeoWatch,40.99609722399455,9.0953,9.0908,9.1893,10.8056,16.5134,134.53103637695312,0.3505,AVAX-USD,0.3604,GeoWatch,0.4845,0.7619,94.75814025721954,202,621.3400268554688,0.0,0.0
2026-04-09,9.351433753967283,9.055965423583984,9.629572868347168,8.933769226074219,9.351433753967283,305775039.0,44687.59419342995,0,6.443716974264817,44681.15047645568,4778,-36.06069532368525,70000,GeoWatch,53.99609153758666,9.1687,9.0801,9.1937,10.7657,16.4496,134.53103637695312,0.5359,AVAX-USD,0.3871,GeoWatch,0.4547,0.7481,96.09065373417585,202,625.02001953125,0.0,0.0
2026-04-10,9.404664039611816,9.351433753967283,9.5463285446167,9.255537033081056,9.404664039611816,243563480.0,44941.928498239526,0,6.443716974264817,44935.48478126526,4778,-35.69736060252871,70000,GeoWatch,60.71559705319798,9.2386,9.0901,9.1996,10.7322,16.3824,134.53103637695312,0.6717,AVAX-USD,0.3944,GeoWatch,0.4521,0.7274,95.93855717655863,202,624.5999755859375,0.0,0.0
2026-04-11,9.376839637756348,9.404623985290527,9.592671394348145,9.21650505065918,9.376839637756348,188458014.0,44808.983506174096,0,6.443716974264817,44802.53978919983,4778,-35.88728201976504,70000,GeoWatch,60.924207404808676,9.3328,9.108,9.2102,10.7011,16.3228,134.53103637695312,0.7114,AVAX-USD,0.3944,GeoWatch,0.4521,0.7274,95.93855717655863,202,624.5999755859375,0.0,0.0
2026-04-12,9.03339672088623,9.376839637756348,9.377522468566896,8.957161903381348,9.03339672088623,228800379.0,43168.013249368676,0,6.443716974264817,43161.56953239441,4778,-38.23152524377278,70000,GeoWatch,57.15170361616403,9.2445,9.0823,9.2169,10.6648,16.2615,134.53103637695312,0.4683,AVAX-USD,0.3944,GeoWatch,0.4521,0.7274,95.93855717655863,202,624.5999755859375,0.0,0.0
2026-04-13,9.668937683105469,9.03339672088623,9.690828323364258,8.994375228881836,9.668937683105469,348127680.0,46204.6279668522,0,6.443716974264817,46198.18424987793,4778,-33.89350421879632,70000,GeoWatch,62.55992998206526,9.3671,9.0851,9.2299,10.6379,16.2005,134.53103637695312,0.7391,AVAX-USD,0.4049,GeoWatch,0.4524,0.7088,98.15458766657251,202,630.719970703125,0.0,0.0
2026-04-14,9.307276725769045,9.668937683105469,9.676411628723145,9.235523223876951,9.307276725769045,347228433.0,44476.61191269876,0,6.443716974264817,44470.168195724495,4778,-36.36209858187266,70000,Neutral,55.3152242500141,9.3582,9.0669,9.2326,10.6127,16.1348,134.53103637695312,0.6245,AVAX-USD,0.4266,Neutral,0.4337,0.6612,100.91738782171991,202,638.3499755859375,0.0,0.0
2026-04-15,9.432990074157717,9.307276725769045,9.537803649902344,9.26977825164795,9.432990074157717,264885681.0,45077.270291299836,0,6.443716974264817,45070.82657432557,4778,-35.504015183871125,70000,Neutral,54.22796098699961,9.3639,9.0835,9.23,10.5884,16.0753,134.53103637695312,0.6103,AVAX-USD,0.4364,Neutral,0.4296,0.6517,102.76409463048692,202,643.4500122070312,0.0,0.0
2026-04-16,9.72756290435791,9.432990074157717,9.852599143981934,9.280726432800291,9.72756290435791,412457311.0,46484.73927399636,0,6.443716974264817,46478.295557022095,4778,-33.49334520859037,70000,Neutral,63.63540149896646,9.434,9.1306,9.2374,10.5708,16.0228,134.53103637695312,0.7731,AVAX-USD,0.4003,Neutral,0.4246,0.648,103.27464135782124,202,644.8599853515625,0.0,0.0
2026-04-17,9.741255760192873,9.72756290435791,9.989710807800291,9.45725440979004,9.741255760192873,391454512.0,46550.16373917581,0,6.443716974264817,46543.720022201545,4778,-33.39988168690544,70000,Neutral,62.08544123569847,9.5756,9.1801,9.2454,10.5567,15.9658,134.53103637695312,0.8427,AVAX-USD,0.4157,Neutral,0.4173,0.629,106.14246372189002,202,652.780029296875,0.0,0.0
2026-04-18,9.341824531555176,9.741255760192873,9.778848648071287,9.322073936462402,9.341824531555176,260832134.0,44641.6813287449,0,6.443716974264817,44635.23761177063,4778,-36.126285130378186,70000,Neutral,54.755291072425514,9.5102,9.2174,9.2488,10.5325,15.9098,134.53103637695312,0.5689,AVAX-USD,0.4157,Neutral,0.4173,0.629,106.14246372189002,202,652.780029296875,0.0,0.0
2026-04-19,9.01020622253418,9.341686248779297,9.349774360656738,8.983798027038574,9.01020622253418,292178422.0,43057.20904824258,0,6.443716974264817,43050.76533126831,4778,-38.38981695966721,70000,Neutral,49.4423481317559,9.4508,9.2285,9.2514,10.5058,15.8422,134.53103637695312,0.1389,AVAX-USD,0.4157,Neutral,0.4173,0.629,106.14246372189002,202,652.780029296875,0.0,0.0
2026-04-20,9.2794771194458,9.010210990905762,9.427362442016602,9.003477096557617,9.2794771194458,330656829.0,44343.7853936863,0,6.443716974264817,44337.341676712036,4778,-36.551850751890456,70000,Neutral,54.51120318719225,9.4201,9.247,9.2578,10.482,15.7716,134.53103637695312,0.0428,AVAX-USD,0.3992,Neutral,0.4424,0.6224,105.69344515735814,202,651.5399780273438,0.0,0.0
2026-04-21,9.38675022125244,9.2794771194458,9.519012451171877,9.19261646270752,9.38675022125244,277126254.0,44856.336274118425,0,6.443716974264817,44849.89255714416,4778,-35.819635208416,70000,Neutral,48.80147643042809,9.3519,9.2601,9.2614,10.4568,15.7035,134.53103637695312,0.0508,AVAX-USD,0.3794,Neutral,0.4483,0.6246,104.14005795229578,202,647.25,0.0,0.0
2026-04-22,9.348435401916504,9.38675022125244,9.661038398742676,9.348435401916504,9.348435401916504,263297721.0,44673.26806733132,0,6.443716974264817,44666.824350357056,4778,-36.08116121811185,70000,Neutral,54.43532116765731,9.2733,9.29,9.2652,10.4332,15.6451,134.53103637695312,0.0238,AVAX-USD,0.3882,Neutral,0.4371,0.6323,106.54801034093616,202,653.9000244140625,0.0,0.0
2026-04-23,9.392234802246094,9.348342895507812,9.435771942138672,9.184799194335938,9.392234802246094,234090147.0,44882.5416021061,0,6.443716974264817,44876.097885131836,4778,-35.78219902557645,70000,Neutral,50.669882965027945,9.2834,9.314,9.2739,10.4106,15.5834,134.53103637695312,0.0325,AVAX-USD,0.3767,Neutral,0.4431,0.642,105.59206955291323,202,651.260009765625,0.0,0.0
2026-04-24,9.396146774291992,9.391737937927246,9.466665267944336,9.295269012451172,9.396146774291992,152314648.0,44901.233004541406,0,6.443716974264817,44894.78928756714,4778,-35.75549702209746,70000,Neutral,49.85785927893545,9.3606,9.3346,9.2912,10.3883,15.5208,134.53103637695312,0.0357,AVAX-USD,0.3966,Neutral,0.4334,0.6639,107.46047918347334,202,656.4199829101562,0.0,0.0
2026-04-25,9.365880012512209,9.396024703979492,9.48797607421875,9.297724723815918,9.365880012512209,121326224.0,44756.6184167576,0,6.443716974264817,44750.17469978333,4778,-35.96208929036003,70000,Neutral,49.81724883482618,9.3779,9.3501,9.3091,10.3635,15.4561,134.53103637695312,0.0119,AVAX-USD,0.3966,Neutral,0.4334,0.6639,107.46047918347334,202,656.4199829101562,0.0,0.0
2026-04-26,9.465227127075195,9.365880012512209,9.519061088562012,9.325299263000488,9.465227127075195,155677427.0,45231.29893013955,0,6.443716974264817,45224.85521316528,4778,-35.28397427124297,70000,Neutral,57.838878226778995,9.3936,9.3781,9.3085,10.3366,15.3974,134.53103637695312,0.0607,AVAX-USD,0.3966,Neutral,0.4334,0.6639,107.46047918347334,202,656.4199829101562,0.0,0.0
2026-04-27,9.26702117919922,9.465083122253418,9.550851821899414,9.112585067749023,9.26702117919922,210190702.0,44284.27091118814,0,6.443716974264817,44277.827194213874,4778,-36.63687144117355,70000,Neutral,41.3270887713952,9.3773,9.3677,9.3079,10.3085,15.3369,134.53103637695312,-0.0504,AVAX-USD,0.4216,Neutral,0.4183,0.6774,107.85154988777965,202,657.5,0.0,0.0
2026-04-28,9.17384147644043,9.267040252685549,9.267040252685549,9.124425888061523,9.17384147644043,152669491.0,43839.05829140664,0,6.443716974264817,43832.61457443237,4778,-37.27288946943283,70000,Neutral,46.74325488766637,9.3336,9.3736,9.3115,10.282,15.2776,134.53103637695312,-0.1844,AVAX-USD,0.4162,Neutral,0.4146,0.695,106.67835987549388,202,654.260009765625,0.0,0.0
2026-04-29,9.12057876586914,9.173713684082031,9.435897827148438,8.948552131652832,9.12057876586914,236947527.0,43584.56906029702,0,6.443716974264817,43578.125343322754,4778,-37.636445513875145,70000,GeoWatch,42.095446207569786,9.2785,9.362,9.3107,10.2533,15.219,134.53103637695312,-0.2985,AVAX-USD,0.4116,GeoWatch,0.4239,0.7294,106.67111086780737,202,654.239990234375,0.0,0.0
2026-04-30,9.088105201721191,9.12057876586914,9.209070205688477,9.066866874694824,9.088105201721191,143002322.0,43429.41037079812,0,6.443716974264817,43422.96665382385,4778,-37.85810078458786,70000,GeoWatch,31.346567926512364,9.223,9.3462,9.3117,10.2265,15.1549,134.53103637695312,-0.3793,AVAX-USD,0.4421,GeoWatch,0.3945,0.7499,108.96681414047309,202,660.5800170898438,0.0,0.0
2026-05-01,9.084211349487305,9.088105201721191,9.252734184265137,9.068154335021973,9.084211349487305,144681657.0,44409.806281576166,0,6.181205282217775,44403.625076293945,4888,-37.35109266821633,71000,"cash_0%_Buy 100% of cash (110 shares - DCA Strategy) Monthly invest 1.4% of total investment ($1,000.00)",30.723349011071292,9.1468,9.3316,9.3102,10.1893,15.0879,134.53103637695312,-0.4144,AVAX-USD,0.4224,GeoWatch,0.3901,0.7585,108.56673543382898,203,662.5700073242188,0.0,0.0
2026-05-02,9.180719375610352,9.084211349487305,9.21742343902588,9.070236206054688,9.180719375610352,105822323.0,44881.53751326562,0,6.181205282217775,44875.3563079834,4888,-36.68668248273823,71000,GeoWatch,44.25168963867488,9.1295,9.3389,9.3102,10.1508,15.0251,134.53103637695312,-0.3487,AVAX-USD,0.4224,GeoWatch,0.3901,0.7585,108.56673543382898,203,662.5700073242188,0.0,0.0
2026-05-03,9.08486557006836,9.180719375610352,9.18899631500244,8.996288299560547,9.08486557006836,155486086.0,44413.00411177636,0,6.181205282217775,44406.82290649414,4888,-37.346588682018876,71000,GeoWatch,53.20271973031798,9.1117,9.3097,9.3033,10.11,14.961,134.53103637695312,-0.3553,AVAX-USD,0.4224,GeoWatch,0.3901,0.7585,108.56673543382898,203,662.5700073242188,0.0,0.0
2026-05-04,9.170581817626951,9.08486557006836,9.346903800964355,9.007105827331543,9.170581817626951,282519680.0,44831.98512984276,0,6.181205282217775,44825.80392456054,4888,-36.756474572066196,71000,GeoWatch,44.4554723713203,9.1217,9.3029,9.2998,10.0678,14.8976,134.53103637695312,-0.2803,AVAX-USD,0.4091,GeoWatch,0.4084,0.773,107.68473103929777,203,660.1199951171875,0.0,0.0
2026-05-05,9.40404224395752,9.170581817626951,9.506245613098145,9.170366287231444,9.40404224395752,231050172.0,45973.139693746576,0,6.181205282217775,45966.958488464355,4888,-35.1492146229059,71000,GeoWatch,50.78018908354899,9.1849,9.3014,9.3061,10.0257,14.8339,134.53103637695312,-0.0552,AVAX-USD,0.426,GeoWatch,0.3943,0.7668,109.54952840257904,203,665.2999877929688,0.0,0.0
2026-05-06,9.612005233764648,9.404175758361816,9.769760131835938,9.375530242919922,9.612005233764648,322394511.0,46989.66278792382,0,6.181205282217775,46983.4815826416,4888,-33.71749195505061,71000,GeoWatch,60.313079561016956,9.2904,9.2957,9.3179,9.9842,14.7687,134.53103637695312,0.2336,AVAX-USD,0.4508,GeoWatch,0.3951,0.731,112.91912312914151,203,674.6599731445312,0.0,0.0
2026-05-07,9.502643585205078,9.612005233764648,9.692519187927246,9.390691757202148,9.502643585205078,251065462.0,46455.10304976464,0,6.181205282217775,46448.92184448242,4888,-34.47039299471144,71000,GeoWatch,54.10928952438557,9.3548,9.2837,9.3292,9.9458,14.7002,134.53103637695312,0.3278,AVAX-USD,0.444,GeoWatch,0.3911,0.7042,112.15592488695403,203,672.5399780273438,0.0,0.0
2026-05-08,9.896980285644531,9.502643585205078,9.99721336364746,9.44193172454834,9.896980285644531,286191846.0,48382.62084151269,0,6.181205282217775,48376.43963623047,4888,-31.755579203517,71000,Neutral,64.4429862292168,9.5173,9.3115,9.34,9.9126,14.6188,134.53103637695312,0.6382,AVAX-USD,0.4558,Neutral,0.3953,0.6913,114.150338949454,203,678.0800170898438,0.0,0.0
2026-05-09,9.951960563659668,9.896980285644531,10.107643127441406,9.810319900512695,9.951960563659668,207068724.0,48651.36444045068,0,6.181205282217775,48645.18323516846,4888,-31.377067092336738,71000,Neutral,66.6638105040982,9.6735,9.3586,9.347,9.8808,14.5387,134.53103637695312,0.8326,AVAX-USD,0.4558,Neutral,0.3953,0.6913,114.150338949454,203,678.0800170898438,0.0,0.0
2026-05-10,10.231649398803713,9.951960563659668,10.474573135375977,9.86799144744873,10.231649398803713,316777515.0,50018.48346663477,0,6.181205282217775,50012.302261352546,4888,-29.45154733714788,71000,Neutral,69.76451353324141,9.839,9.4062,9.3584,9.8517,14.4606,134.53103637695312,1.0916,AVAX-USD,0.4558,Neutral,0.3953,0.6913,114.150338949454,203,678.0800170898438,0.0,0.0
2026-05-11,10.136425971984863,10.231649398803713,10.25331687927246,9.99435806274414,10.136425971984863,255708282.0,49553.03135634423,0,6.181205282217775,49546.85015106201,4888,-30.10711368966976,71000,Neutral,73.67786220126601,9.9439,9.4437,9.366,9.8222,14.3777,134.53103637695312,1.1234,AVAX-USD,0.4407,Neutral,0.4094,0.6854,114.66873982836027,203,679.52001953125,0.0,0.0
2026-05-12,9.835984230041504,10.136425971984863,10.156912803649902,9.68714427947998,9.835984230041504,226226921.0,48084.47212172509,0,6.181205282217775,48078.29091644287,4888,-32.17550697786573,71000,Neutral,66.20385518571814,10.0106,9.4681,9.3679,9.7917,14.2958,134.53103637695312,0.8765,AVAX-USD,0.4295,Neutral,0.4025,0.699,114.36272664476651,203,678.6699829101562,0.0,0.0
2026-05-13,9.751030921936035,9.836103439331056,10.14125633239746,9.63876247406006,9.751030921936035,235692228.0,47669.22035170556,0,6.181205282217775,47663.03914642334,4888,-32.760368625780565,71000,GeoWatch,65.19268096833899,9.9814,9.486,9.3684,9.7501,14.2121,134.53103637695312,0.6098,AVAX-USD,0.4363,GeoWatch,0.3986,0.7163,115.7091231291415,203,682.4099731445312,0.0,0.0
2026-05-14,9.896735191345217,9.751030921936035,10.123697280883787,9.640856742858888,9.896735191345217,230900139.0,48381.42282057764,0,6.181205282217775,48375.24161529542,4888,-31.757266556946654,71000,GeoWatch,68.47802494275126,9.9704,9.511,9.3678,9.7108,14.128,134.53103637695312,0.4951,AVAX-USD,0.4616,GeoWatch,0.3822,0.7301,117.62432576586026,203,687.72998046875,0.0,0.0
2026-05-15,9.536874771118164,9.896985054016112,9.94783878326416,9.438372611999512,9.536874771118164,202868172.0,46622.42508650781,0,6.181205282217775,46616.243881225586,4888,-34.23472815422811,71000,GeoWatch,58.89650446538351,9.8314,9.5196,9.3519,9.6751,14.0353,134.53103637695312,0.1485,AVAX-USD,0.4103,GeoWatch,0.3968,0.7481,114.6399336760165,203,679.4400024414062,0.0,0.0
2026-05-16,9.290908813476562,9.536873817443848,9.558587074279783,9.20073127746582,9.290908813476562,151889414.0,45420.14348555566,0,6.181205282217775,45413.96228027344,4888,-35.92808252176634,71000,GeoWatch,52.04546178766795,9.6623,9.5109,9.3368,9.6393,13.9272,134.53103637695312,-0.2516,AVAX-USD,0.4103,GeoWatch,0.3968,0.7481,114.6399336760165,203,679.4400024414062,0.0,0.0
2026-05-17,9.18000030517578,9.290908813476562,9.399736404418944,9.014841079711914,9.18000030517578,154485208.0,44878.02269698143,0,6.181205282217775,44871.84149169921,4888,-36.69163292820892,71000,GeoWatch,51.75618350670527,9.5311,9.5065,9.3286,9.6013,13.8248,134.53103637695312,-0.5761,AVAX-USD,0.4103,GeoWatch,0.3968,0.7481,114.6399336760165,203,679.4400024414062,0.0,0.0
2026-05-18,9.233905792236328,9.180132865905762,9.258339881896973,9.025672912597656,9.233905792236328,188390992.0,45141.51271773339,0,6.181205282217775,45135.33151245117,4888,-36.320520222924465,71000,GeoWatch,51.182850098689634,9.4277,9.5095,9.3246,9.57,13.725,134.53103637695312,-0.7252,AVAX-USD,0.4083,GeoWatch,0.3867,0.7625,114.44912312914151,203,678.9099731445312,0.0,0.0
2026-05-19,9.09896183013916,9.23391056060791,9.288594245910645,9.035229682922363,9.09896183013916,131023139.0,44481.906631002435,0,6.181205282217775,44475.725425720215,4888,-37.249542880292005,71000,GeoWatch,44.08354719365205,9.2681,9.5084,9.3168,9.5398,13.6252,134.53103637695312,-0.8814,AVAX-USD,0.3879,GeoWatch,0.3908,0.7575,112.89394246507901,203,674.5900268554688,0.0,0.0
2026-05-20,9.283246040344238,9.09896183013916,9.369183540344238,9.067081451416016,9.283246040344238,219835755.0,45382.68785048486,0,6.181205282217775,45376.50664520264,4888,-35.980836937359015,71000,GeoWatch,43.565245017171,9.2174,9.5182,9.3182,9.5165,13.5233,134.53103637695312,-0.8168,AVAX-USD,0.4197,GeoWatch,0.3774,0.731,115.40673543382898,203,681.5700073242188,0.0,0.0
2026-05-21,9.441242218017578,9.28324031829834,9.497540473937988,9.256492614746094,9.441242218017578,359253730.0,46154.97316695214,0,6.181205282217775,46148.79196166992,4888,-34.89311113951777,71000,GeoWatch,48.82065293448308,9.2475,9.536,9.3252,9.4918,13.4225,134.53103637695312,-0.6319,AVAX-USD,0.4255,GeoWatch,0.3638,0.7033,115.86394246507903,203,682.8400268554688,0.0,0.0
2026-05-22,9.146641731262209,9.44117832183838,9.581271171569824,9.109031677246094,9.146641731262209,303929304.0,44714.965987691896,0,6.181205282217775,44708.784782409675,4888,-36.92129026523643,71000,Neutral,35.013952035473494,9.2408,9.5343,9.3185,9.4666,13.3258,134.53103637695312,-0.6863,AVAX-USD,0.4507,Neutral,0.3586,0.6762,116.839528402579,203,685.5499877929688,0.0,0.0
2026-05-23,9.384602546691896,9.146649360656738,9.54256534576416,8.841368675231934,9.384602546691896,375256688.0,45878.11845351221,0,6.181205282217775,45871.93724822999,4888,-35.28304735563036,71000,Neutral,39.44032767540886,9.2709,9.5493,9.3147,9.4438,13.2455,134.53103637695312,-0.5253,AVAX-USD,0.4507,Neutral,0.3586,0.6762,116.839528402579,203,685.5499877929688,0.0,0.0
2026-05-24,9.207113265991213,9.384660720825195,9.408839225769045,9.074263572692873,9.207113265991213,224585776.0,45010.55084944727,0,6.181205282217775,45004.369644165046,4888,-36.50497355853872,71000,Neutral,30.177210611970807,9.2926,9.5511,9.307,9.4202,13.1626,134.53103637695312,-0.5187,AVAX-USD,0.4507,Neutral,0.3586,0.6762,116.839528402579,203,685.5499877929688,0.0,0.0
2026-05-25,9.302559852600098,9.207138061523438,9.479945182800291,9.15329647064209,9.302559852600098,274457121.0,45477.0937647915,0,6.181205282217775,45470.91255950928,4888,-35.8478708608708,71000,Neutral,33.867699088267045,9.2964,9.5461,9.3104,9.402,13.0814,134.53103637695312,-0.4223,AVAX-USD,0.4408,Neutral,0.3553,0.6485,116.839528402579,203,685.5499877929688,0.0,0.0
2026-05-26,9.130167007446287,9.302559852600098,9.46950912475586,9.11620044708252,9.130167007446287,289611454.0,44634.437537679674,0,6.181205282217775,44628.256332397454,4888,-37.034710617366315,71000,Neutral,35.63316878483229,9.2342,9.522,9.3161,9.3805,12.9944,134.53103637695312,-0.4564,AVAX-USD,0.4636,Neutral,0.3609,0.6186,118.45952840257901,203,690.0499877929688,0.0,0.0
2026-05-27,9.037548065185549,9.130281448364258,9.260119438171388,8.994292259216309,9.037548065185549,286987107.0,44181.71614790918,0,6.181205282217775,44175.53494262696,4888,-37.67234637760646,71000,Neutral,35.5223156213801,9.2124,9.4987,9.3209,9.3548,12.9051,134.53103637695312,-0.5159,AVAX-USD,0.4733,Neutral,0.3474,0.5885,118.4271407072665,203,689.9600219726562,0.0,0.0
2026-05-28,8.912849426269531,9.037546157836914,9.051945686340332,8.725091934204102,8.912849426269531,320046519.0,43572.18920088769,0,6.181205282217775,43566.00799560547,4888,-38.530835035383205,71000,Neutral,29.86376094126389,9.118,9.4495,9.3262,9.3286,12.8173,134.53103637695312,-0.6097,AVAX-USD,0.4889,Neutral,0.3398,0.5702,119.84912312914152,203,693.9099731445312,0.0,0.0
2026-05-29,8.815866470336914,8.912854194641113,8.9808931350708,8.662437438964844,8.815866470336914,270031382.0,43098.13651228906,0,6.181205282217775,43091.955307006836,4888,-39.19851487847987,71000,Neutral,33.46459035037837,9.0398,9.3927,9.3266,9.3102,12.7261,134.53103637695312,-0.7007,AVAX-USD,0.4993,Neutral,0.3313,0.5573,120.41792928148526,203,695.489990234375,0.0,0.0
2026-05-30,8.923661231994629,8.815864562988281,9.02405834197998,8.808828353881836,8.923661231994629,216024239.0,43625.03730727197,0,6.181205282217775,43618.856101989746,4888,-38.456401082729286,71000,Neutral,41.00775400157948,8.964,9.3273,9.3268,9.294,12.634,134.53103637695312,-0.6412,AVAX-USD,0.4993,Neutral,0.3313,0.5573,120.41792928148526,203,695.489990234375,0.0,0.0
2026-05-31,8.959918975830078,8.923657417297363,9.0491943359375,8.798295021057129,8.959918975830078,219460937.0,43802.26515913964,0,6.181205282217775,43796.08395385742,4888,-38.20678438995791,71000,Neutral,44.4067205056861,8.93,9.2685,9.3241,9.2844,12.5406,134.53103637695312,-0.5378,AVAX-USD,0.4858,Neutral,0.3342,0.5489,120.41792928148526,203,695.489990234375,0.0,0.0
2026-06-01,8.915918350219727,8.959918975830078,9.05072784423828,8.672849655151367,8.915918350219727,296482697.0,44586.19151830101,0,6.599767202383873,44579.59175109863,5000,-37.974849602373446,72000,"cash_0%_Buy 100% of cash (112 shares - DCA Strategy) Monthly invest 1.4% of total investment ($1,000.00)",41.8775827578714,8.9056,9.2225,9.3268,9.2761,12.4522,134.53103637695312,-0.4671,AVAX-USD,0.4709,Neutral,0.3434,0.5536,119.88828682340703,205,697.3599853515625,0.0,0.0
2026-06-02,8.167613983154297,8.915918350219727,8.923687934875488,8.046332359313965,8.167613983154297,327514289.0,40844.669682973865,0,6.599767202383873,40838.069915771484,5000,-43.171407706994486,72000,Neutral,31.886231043484273,8.7566,9.1433,9.3144,9.2596,12.3609,134.53103637695312,-0.9192,AVAX-USD,0.4773,Neutral,0.3391,0.5738,120.21115272432469,205,698.260009765625,0.0,0.0
2026-06-03,8.050355911254883,8.167613983154297,8.352767944335938,7.918281078338623,8.050355911254883,452616239.0,40258.379323476795,0,6.599767202383873,40251.779556274414,5000,-43.98569987296265,72000,Neutral,25.379643006642326,8.6035,9.051,9.2989,9.2443,12.2664,134.53103637695312,-1.2359,AVAX-USD,0.4502,Neutral,0.3474,0.5933,118.45336618848641,205,693.3599853515625,0.0,0.0
2026-06-04,7.688270092010498,8.049553871154785,8.100123405456543,7.54578685760498,7.688270092010498,486183517.0,38447.95022725487,0,6.599767202383873,38441.35046005249,5000,-46.50018472882643,72000,Neutral,17.632162505826386,8.3564,8.9586,9.2761,9.2274,12.182,134.53103637695312,-1.6302,AVAX-USD,0.4559,Neutral,0.337,0.6023,119.42194199608808,205,696.0599975585938,0.0,0.0
2026-06-05,6.707765102386475,7.688276767730713,7.705728054046631,6.598412990570068,6.707765102386475,538532631.0,33545.42527913475,0,6.599767202383873,33538.82551193237,5000,-53.30924715677103,72000,Neutral,14.068607691083116,7.906,8.8294,9.2394,9.2141,12.0899,134.53103637695312,-2.5291,AVAX-USD,0.3622,Neutral,0.4339,0.5925,112.94327620522743,205,678.0,0.0,0.0
2026-06-06,6.670938968658447,6.707605838775635,6.919841766357422,6.251862049102783,6.670938968658447,299706702.0,33361.29461049462,0,6.599767202383873,33354.694843292236,5000,-53.564984196549005,72000,Neutral,7.5015491755129915,7.457,8.704,9.1927,9.1924,11.9994,134.53103637695312,-3.0104,AVAX-USD,0.3622,Neutral,0.4339,0.5925,112.94327620522743,205,678.0,0.0,0.0
2026-06-07,6.796093940734863,6.670845985412598,6.900132179260254,6.519411087036133,6.796093940734863,292133817.0,33987.0694708767,0,6.599767202383873,33980.46970367432,5000,-52.69585244601833,72000,Neutral,11.611975807137298,7.1827,8.5821,9.155,9.1722,11.9413,134.53103637695312,-3.0626,AVAX-USD,0.3622,Neutral,0.4339,0.5925,112.94327620522743,205,678.0,0.0,0.0
2026-06-08,6.757891178131104,6.796225070953369,6.871012210845947,6.550187110900879,6.757891178131104,294165996.0,33796.055657857905,0,6.599767202383873,33789.455890655525,5000,-52.961149408544436,72000,Neutral,8.731760468132208,6.9242,8.465,9.1118,9.1528,11.88,134.53103637695312,-2.9561,AVAX-USD,0.387,Neutral,0.39,0.5804,113.53875863485295,205,679.6599731445312,0.0,0.0
2026-06-09,6.63955020904541,6.757891178131104,6.782234191894531,6.468262195587158,6.63955020904541,257328807.0,33204.35081242943,0,6.599767202383873,33197.75104522705,5000,-53.782961693861765,72000,Neutral,8.88757528721699,6.7144,8.3328,9.0657,9.1327,11.8136,134.53103637695312,-2.813,AVAX-USD,0.3723,Neutral,0.4115,0.5514,112.83566153663865,205,677.7000122070312,0.0,0.0
2026-06-10,6.387330055236816,6.63955020904541,6.665478229522705,6.313790798187256,6.387330055236816,312041811.0,31943.250043386466,0,6.599767202383873,31936.650276184082,5000,-55.53449053975476,72000,Neutral,8.442723904479223,6.6504,8.1801,9.0159,9.113,11.7409,134.53103637695312,-2.764,AVAX-USD,0.3252,Neutral,0.4524,0.5221,109.01517658810197,205,667.0499877929688,0.0,0.0
2026-06-11,6.640157222747803,6.38710880279541,6.687233924865723,6.383356094360352,6.640157222747803,274658120.0,33207.385880941394,0,6.599767202383873,33200.786113739014,5000,-53.778746320928484,72000,Neutral,15.739288039698934,6.6442,8.0548,8.976,9.0965,11.6737,134.53103637695312,-2.3407,AVAX-USD,0.3725,Neutral,0.4078,0.4929,113.02577713528696,205,678.22998046875,0.0,0.0
2026-06-12,6.564854145050049,6.640110969543457,6.683919906616211,6.523918151855469,6.564854145050049,208442319.0,32830.870492452625,0,6.599767202383873,32824.270725250244,5000,-54.30168436049622,72000,Neutral,15.842844153940348,6.598,7.9138,8.9243,9.0771,11.6097,134.53103637695312,-1.9718,AVAX-USD,0.4031,Neutral,0.3689,0.4747,114.36026471124184,205,681.9500122070312,0.0,0.0
2026-06-13,6.715459823608398,6.564854145050049,6.760396957397461,6.563398838043213,6.715459823608398,170442264.0,33583.89888524437,0,6.599767202383873,33577.29911804199,5000,-53.25581159272989,72000,Neutral,16.922221326992812,6.5895,7.7892,8.8811,9.0568,11.5504,134.53103637695312,-1.4511,AVAX-USD,0.4031,Neutral,0.3689,0.4747,114.36026471124184,205,681.9500122070312,0.0,0.0
2026-06-14,6.77577018737793,6.715459823608398,6.776625156402588,6.382847785949707,6.77577018737793,226638541.0,33885.45070409203,0,6.599767202383873,33878.85093688965,5000,-52.836989622108156,72000,Neutral,17.516590998381673,6.6167,7.6629,8.8368,9.0334,11.4954,134.53103637695312,-0.9325,AVAX-USD,0.4031,Neutral,0.3689,0.4747,114.36026471124184,205,681.9500122070312,0.0,0.0
2026-06-15,6.837200164794922,6.7757768630981445,7.060857772827148,6.706292152404785,6.837200164794922,320384478.0,34192.60059117699,0,6.599767202383873,34186.00082397461,5000,-52.41039255671238,72000,Neutral,19.244039349451143,6.7067,7.5483,8.7886,9.013,11.4397,134.53103637695312,-0.4361,AVAX-USD,0.4407,Neutral,0.3408,0.4513,118.62198074856825,205,693.8300170898438,0.0,0.0
2026-06-16,6.869505882263184,6.837200164794922,7.030045032501221,6.728714942932129,6.869505882263184,284793721.0,34354.1291785183,0,6.599767202383873,34347.52941131592,5000,-52.186047296516115,72000,Neutral,25.63039969177356,6.7526,7.4398,8.7408,8.9931,11.3826,134.53103637695312,-0.0027,AVAX-USD,0.4265,Neutral,0.3536,0.4229,117.15835557030682,205,689.75,0.0,0.0
2026-06-17,6.751519203186035,6.869505882263184,7.004664897918701,6.675501823425293,6.751519203186035,328603242.0,33764.195783132556,0,6.599767202383873,33757.596015930176,5000,-53.00539923455186,72000,Neutral,25.623390021750367,6.7899,7.3318,8.6976,8.9732,11.3259,134.53103637695312,0.2336,AVAX-USD,0.3951,Neutral,0.3737,0.4137,114.16653641263072,205,681.4099731445312,0.0,0.0
2026-06-18,6.306979179382324,6.751520156860352,6.789755821228027,6.226487159729004,6.306979179382324,348578621.0,31541.495664114005,0,6.599767202383873,31534.89589691162,5000,-56.09248273318874,72000,Neutral,24.85415240511594,6.7082,7.2063,8.6525,8.952,11.2707,134.53103637695312,0.0315,AVAX-USD,0.4291,Neutral,0.3477,0.4024,116.57003285515303,205,688.1099853515625,0.0,0.0
2026-06-19,5.9057440757751465,6.30698299407959,6.312908172607422,5.693565845489502,5.9057440757751465,525364010.0,29535.320146078117,0,6.599767202383873,29528.720378875732,5000,-58.878837619349696,72000,Neutral,31.49713517797275,6.5342,7.0554,8.5963,8.9271,11.216,134.53103637695312,-0.4123,AVAX-USD,0.4244,Neutral,0.3537,0.3888,116.57003285515303,205,688.1099853515625,0.0,0.0
2026-06-20,6.2334418296813965,5.905619144439697,6.248308181762695,5.847898006439209,6.2334418296813965,414758597.0,31173.808915609367,0,6.599767202383873,31167.209148406982,5000,-56.603158772778514,72000,Neutral,41.101127108964725,6.4134,6.9191,8.5438,8.9026,11.1623,134.53103637695312,-0.3068,AVAX-USD,0.4244,Neutral,0.3537,0.3888,116.57003285515303,205,688.1099853515625,0.0,0.0
2026-06-21,6.105950832366943,6.233709812164307,6.33220100402832,6.097979068756104,6.105950832366943,232480606.0,30536.3539290371,0,6.599767202383873,30529.754161834717,5000,-57.48851292079555,72000,Neutral,35.97553117372266,6.2607,6.7786,8.4897,8.8775,11.1065,134.53103637695312,-0.2817,AVAX-USD,0.4244,Neutral,0.3537,0.3888,116.57003285515303,205,688.1099853515625,0.0,0.0
2026-06-22,6.232519149780273,6.105950832366943,6.454226016998291,6.105728149414063,6.232519149780273,250385169.0,31169.19551610375,0,6.599767202383873,31162.595748901367,5000,-56.60956627209187,72000,Neutral,39.693988290011255,6.1569,6.6819,8.4371,8.8555,11.0503,134.53103637695312,-0.0641,AVAX-USD,0.4182,Neutral,0.3585,0.3703,115.84898173288123,205,686.0999755859375,0.0,0.0
2026-06-23,6.485740184783936,6.232516765594482,6.511530876159668,6.040247917175293,6.485740184783936,345021498.0,32435.300691122065,0,6.599767202383873,32428.70092391968,5000,-54.85108686234421,72000,Neutral,47.134411176545335,6.1927,6.6036,8.3886,8.8399,10.9905,134.53103637695312,0.3917,AVAX-USD,0.3786,Neutral,0.4033,0.3539,112.34779377560194,205,676.3400268554688,0.0,0.0
2026-06-24,6.444726943969727,6.4857378005981445,6.527059078216553,6.006349086761475,6.444726943969727,327698660.0,32230.234487051017,0,6.599767202383873,32223.634719848633,5000,-55.13590103466511,72000,Neutral,51.160689042563156,6.3005,6.5415,8.3399,8.8245,10.9326,134.53103637695312,0.691,AVAX-USD,0.3835,Neutral,0.4015,0.3188,112.11461041436685,205,675.6900024414062,0.0,0.0
2026-06-25,6.221860885620117,6.444636821746826,6.6131439208984375,6.001936912536621,6.221860885620117,357528772.0,31115.90419530297,0,6.599767202383873,31109.304428100586,5000,-56.68358199542629,72000,Neutral,41.43738668750046,6.2982,6.5172,8.2858,8.7972,10.8773,134.53103637695312,0.6967,AVAX-USD,0.3806,Neutral,0.4088,0.3021,112.12179202398984,205,675.7100219726562,0.0,0.0
2026-06-26,6.580324172973633,6.221860885620117,6.590176105499268,5.968776226043701,6.580324172973633,323600308.0,32908.220632070545,0,6.599767202383873,32901.620864868164,5000,-54.19425361102687,72000,Neutral,50.2837772613968,6.393,6.5126,8.241,8.7745,10.8228,134.53103637695312,1.0829,AVAX-USD,0.38,Neutral,0.4084,0.2813,110.16670827988021,205,670.260009765625,0.0,0.0
2026-06-27,6.425015926361084,6.580324172973633,6.654132843017578,6.347898960113525,6.425015926361084,249601283.0,32131.679399007804,0,6.599767202383873,32125.07963180542,5000,-55.272783101391795,72000,Neutral,44.68136568764199,6.4315,6.4941,8.1952,8.7533,10.7741,134.53103637695312,1.1861,AVAX-USD,0.38,Neutral,0.4084,0.2813,110.16670827988021,205,670.260009765625,0.0,0.0
2026-06-28,6.442761898040772,6.425015926361084,6.465624809265137,6.272676944732666,6.442761898040772,198183419.0,32220.409257406245,0,6.599767202383873,32213.80949020386,5000,-55.14954718694952,72000,Neutral,43.80535534126434,6.4229,6.4783,8.1506,8.7307,10.7251,134.53103637695312,1.2718,AVAX-USD,0.38,Neutral,0.4084,0.2813,110.16670827988021,205,670.260009765625,0.0,0.0
2026-06-29,6.663013935089111,6.442605972290039,6.7926177978515625,6.376378059387207,6.663013935089111,322961053.0,33321.66944264794,0,6.599767202383873,33315.06967544556,5000,-53.62001915189162,72000,Neutral,46.94055277840639,6.4666,6.4795,8.1102,8.7109,10.675,134.53103637695312,1.5378,AVAX-USD,0.4023,Neutral,0.3929,0.2696,114.02305748622943,205,681.010009765625,0.0,0.0
2026-06-30,6.526597023010254,6.663013935089111,6.6668009757995605,6.384665966033936,6.526597023010254,243594956.0,32639.584882253654,0,6.599767202383873,32632.98511505127,5000,-54.567358819105905,72000,Neutral,44.18957230174161,6.5275,6.4865,8.0675,8.6889,10.6236,134.53103637695312,1.5517,AVAX-USD,0.416,Neutral,0.3676,0.2597,116.10368802783408,205,686.8099975585938,0.0,0.0
2026-07-01,6.662940979003906,6.526552200317383,6.7786359786987305,6.469252109527588,6.662940979003906,251548704.0,34320.30522107506,0,6.15917920494735,34314.14604187012,5150,-52.88599885881504,73000,"cash_0%_Buy 100% of cash (150 shares - DCA Strategy) Monthly invest 1.4% of total investment ($1,000.00)",48.508363704806946,6.5441,6.4876,8.0256,8.6679,10.582,134.53103637695312,1.6687,AVAX-USD,0.4043,Neutral,0.364,0.2606,114.46968441187234,206,685.4600219726562,0.0,0.0
2026-07-02,6.792920112609863,6.662943840026856,6.859148025512695,6.613213062286377,6.792920112609863,243368044.0,34989.69775914574,0,6.15917920494735,34983.538579940796,5150,-51.96902277926616,73000,Neutral,59.152801887660075,6.6176,6.499,7.9874,8.6454,10.5435,134.53103637695312,1.834,AVAX-USD,0.3991,Neutral,0.3567,0.2602,114.24853654723772,206,684.8400268554688,0.0,0.0
2026-07-03,6.946293830871582,6.792920112609863,6.998991012573242,6.780513763427734,6.946293830871582,255688604.0,35779.57240819359,0,6.15917920494735,35773.41322898865,5150,-50.88700271207732,73000,Neutral,71.61740502498265,6.7184,6.5105,7.9503,8.6251,10.5031,134.53103637695312,2.0379,AVAX-USD,0.4026,Neutral,0.3503,0.2625,114.24853654723772,206,684.8400268554688,0.0,0.0
2026-07-04,6.964107990264893,6.946149826049805,7.092820167541504,6.816091060638428,6.964107990264893,211412631.0,35871.31532906914,0,6.15917920494735,35865.1561498642,5150,-50.76132747800123,73000,Neutral,67.4228890160339,6.7786,6.52,7.9096,8.6079,10.465,134.53103637695312,2.1191,AVAX-USD,0.4026,Neutral,0.3503,0.2625,114.24853654723772,206,684.8400268554688,0.0,0.0
2026-07-05,6.917265892028809,6.964081764221191,6.985568046569824,6.759838104248047,6.917265892028809,223613955.0,35630.07852315331,0,6.15917920494735,35623.919343948364,5150,-51.09178885596812,73000,Neutral,70.11982371144869,6.8567,6.524,7.8647,8.5913,10.4201,134.53103637695312,2.0529,AVAX-USD,0.4026,Neutral,0.3503,0.2625,114.24853654723772,206,684.8400268554688,0.0,0.0
2026-07-06,6.922482967376709,6.917274951934815,7.022980213165283,6.718231201171875,6.922482967376709,242414014.0,35656.946461194995,0,6.15917920494735,35650.78728199005,5150,-51.054983461390464,73000,Neutral,68.20622461657005,6.9086,6.5266,7.8217,8.5755,10.3761,134.53103637695312,1.943,AVAX-USD,0.4206,Neutral,0.3456,0.2647,116.31021026578783,206,690.6199951171875,0.0,0.0
2026-07-07,6.689054012298584,6.922482967376709,6.934074878692627,6.674382209777832,6.689054012298584,231264598.0,34454.78734254265,0,6.15917920494735,34448.62816333771,5150,-52.70177677461285,73000,Neutral,55.42151455536407,6.8878,6.5235,7.7683,8.5541,10.3299,134.53103637695312,1.5818,AVAX-USD,0.414,Neutral,0.347,0.2752,115.04752518989274,206,687.0800170898438,0.0,0.0
2026-07-08,6.466151237487793,6.689054012298584,6.6903839111328125,6.32098388671875,6.466151237487793,253606064.0,33306.83805226708,0,6.15917920494735,33300.678873062134,5150,-54.27431004896296,73000,Neutral,50.5207770693963,6.7918,6.5314,7.7102,8.5286,10.2811,134.53103637695312,1.0872,AVAX-USD,0.4037,Neutral,0.361,0.2904,114.3983414750336,206,685.260009765625,0.0,0.0
2026-07-09,6.682907104492188,6.466146945953369,6.790258884429932,6.431013107299805,6.682907104492188,261873572.0,34423.13076733972,0,6.15917920494735,34416.97158813477,5150,-52.74514194612372,73000,Neutral,61.240400917754584,6.7356,6.5703,7.651,8.5047,10.2381,134.53103637695312,0.9495,AVAX-USD,0.4413,Neutral,0.3444,0.299,116.33518138222173,206,690.6900024414062,0.0,0.0
2026-07-10,6.7373881340026855,6.682638168334961,6.811292171478272,6.668801784515381,6.7373881340026855,185524717.0,34703.708069318775,0,6.15917920494735,34697.54889011383,5150,-52.36078947765926,73000,Neutral,54.495603170248685,6.6996,6.5955,7.5944,8.4802,10.1961,134.53103637695312,0.8872,AVAX-USD,0.4344,Neutral,0.3303,0.2992,117.46589182182863,206,693.8599853515625,0.0,0.0
2026-07-11,6.552605152130127,6.737372875213623,6.77729606628418,6.5519561767578125,6.552605152130127,170413938.0,33752.0757126751,0,6.15917920494735,33745.916533470154,5150,-53.664395445664304,73000,Neutral,53.59135821292972,6.6256,6.6178,7.5396,8.4538,10.156,134.53103637695312,0.6455,AVAX-USD,0.4344,Neutral,0.3303,0.2992,117.46589182182863,206,693.8599853515625,0.0,0.0
2026-07-12,6.401956081390381,6.552639007568359,6.552799224853516,6.2910261154174805,6.401956081390381,239437321.0,32976.232998365405,0,6.15917920494735,32970.07381916046,5150,-54.72719368444469,73000,Neutral,48.931359556999205,6.5682,6.6263,7.4838,8.4261,10.1198,134.53103637695312,0.3335,AVAX-USD,0.4344,Neutral,0.3303,0.2992,117.46589182182863,206,693.8599853515625,0.0,0.0
2026-07-13,6.444193840026856,6.401961803436279,6.662278175354004,6.35934591293335,6.444193840026856,262561955.0,33193.75745534326,0,6.15917920494735,33187.59827613831,5150,-54.42921497625586,73000,Neutral,43.68019659327566,6.5638,6.6242,7.4263,8.397,10.0819,134.53103637695312,0.1771,AVAX-USD,0.4127,Neutral,0.3627,0.3147,115.55402303107446,206,688.5,0.0,0.0
2026-07-14,6.697113037109375,6.444198131561279,6.6971211433410645,6.420734882354736,6.697113037109375,223443717.0,34496.291320318225,0,6.15917920494735,34490.13214111328,5150,-52.64492201053673,73000,Neutral,54.61420822789155,6.5667,6.6368,7.379,8.3654,10.0467,134.53103637695312,0.3303,AVAX-USD,0.4121,Neutral,0.3567,0.334,116.48141589755456,206,691.0999755859375,0.0,0.0
2026-07-15,6.696101188659668,6.697143077850342,6.753472805023193,6.60783576965332,6.696101188659668,213106585.0,34491.080300802234,0,6.15917920494735,34484.92112159729,5150,-52.65206039343535,73000,Neutral,50.96824029267473,6.5584,6.6606,7.3357,8.3363,10.0142,134.53103637695312,0.4245,AVAX-USD,0.4279,Neutral,0.3443,0.3483,117.4444911178578,206,693.7999877929688,0.0,0.0
2026-07-16,6.506521224975586,6.695992946624756,6.7232279777526855,6.485202789306641,6.506521224975586,231147672.0,33514.74348782921,0,6.15917920494735,33508.58430862427,5150,-53.989508082439485,73000,Neutral,41.91875130847927,6.5492,6.6569,7.2912,8.3099,9.9805,134.53103637695312,0.2945,AVAX-USD,0.4026,Neutral,0.3602,0.3545,116.13900463402108,206,690.1400146484375,0.0,0.0
2026-07-17,6.579824924468994,6.506528854370117,6.620159149169922,6.379158020019531,6.579824924468994,232943531.0,33892.257540220264,0,6.15917920494735,33886.09836101532,5150,-53.472365544917494,73000,Neutral,39.17007000961325,6.5848,6.6646,7.2469,8.2858,9.9485,134.53103637695312,0.2828,AVAX-USD,0.3798,Neutral,0.3976,0.3777,113.65284370690186,206,683.1699829101562,0.0,0.0
2026-07-18,6.539999961853027,6.5800395011901855,6.646555423736572,6.529377937316895,6.539999961853027,214271536.0,33687.158982748035,0,6.15917920494735,33680.99980354309,5150,-53.75332247296165,73000,Neutral,37.62766780538656,6.6039,6.6695,7.2043,8.2606,9.9182,134.53103637695312,0.2363,AVAX-USD,0.3798,Neutral,0.3976,0.3777,113.65284370690186,206,683.1699829101562,0.0,0.0
2026-07-19,6.420000076293945,6.571625709533691,6.624401569366455,6.395827293395996,6.420000076293945,241260224.0,33069.15957211876,0,6.15917920494735,33063.00039291382,5150,-54.59989700807024,73000,Neutral,36.0873149919553,6.5485,6.6573,7.1565,8.2374,9.8896,134.53103637695312,0.092,AVAX-USD,0.3798,Neutral,0.3976,0.3777,113.65284370690186,206,683.1699829101562,0.0,0.0
2026-07-20,6.610000133514404,6.456155300140381,6.63158130645752,6.45338249206543,6.610000133514404,296221760.0,34047.659866804126,0,6.15917920494735,34041.50068759918,5150,-53.259485645487544,73000,Neutral,42.07651726779593,6.5313,6.6615,7.1094,8.2173,9.862,134.53103637695312,0.194,AVAX-USD,0.3631,Neutral,0.3872,0.3868,113.31043244336841,206,682.2100219726562,0.0,0.0
2026-07-21,6.550000190734863,6.576100826263428,6.676914691925049,6.549869060516357,6.550000190734863,234768704.0,33738.66016148949,0,6.15917920494735,33732.500982284546,5150,-53.682772913041845,73000,Neutral,46.13406278096341,6.54,6.6558,7.0661,8.1923,9.834,134.53103637695312,0.2026,AVAX-USD,0.382,Neutral,0.3619,0.4005,115.32930475397679,206,687.8699951171875,0.0,0.0
2026-07-22,6.617033958435059,6.561363220214844,6.655401229858398,6.469194889068604,6.617033958435059,210195408.0,34083.884065145496,0,6.15917920494735,34077.72488594055,5150,-53.20986345597882,73000,Neutral,54.592857516097006,6.5474,6.6471,7.02,8.1673,9.8037,134.53103637695312,0.2749,AVAX-USD,0.383,Neutral,0.3538,0.4247,115.02969489838499,206,687.030029296875,0.0,0.0
2026-07-23,6.480000019073486,6.61663293838501,6.640694618225098,6.478211879730225,6.480000019073486,200899296.0,33378.1592774334,0,6.15917920494735,33372.000098228455,5150,-54.17660974051594,73000,Neutral,43.50846104301654,6.5354,6.6237,6.9745,8.1407,9.7716,134.53103637695312,0.1849,AVAX-USD,0.3525,Neutral,0.3999,0.4604,112.0263248926948,206,678.6099853515625,0.0,0.0
2026-07-24,6.25,6.2622785568237305,6.305023670196533,6.1647491455078125,6.25,253417872.0,32193.659179204948,0,6.15917920494735,32187.5,5150,-55.7992126148015,73000,Neutral,35.98151875074919,6.5014,6.588,6.9236,8.117,9.7354,134.53103637695312,-0.0944,AVAX-USD,0.3557,Neutral,0.4026,0.4712,112.21538258677698,206,679.1400146484375,0.0,0.0
2026-07-25,6.765277862548828,6.296842098236084,6.819269180297852,6.231369018554688,6.765277862548828,340634002.0,34847.34017133141,0,6.15917920494735,34841.180992126465,5150,-52.164033173532374,73000,Neutral,55.139822884022294,6.5325,6.5804,6.8842,8.1001,9.701,134.53103637695312,0.2493,AVAX-USD,0.3557,Neutral,0.4026,0.4712,112.21538258677698,206,679.1400146484375,0.0,0.0
2026-07-26,6.765277862548828,6.296842098236084,6.819269180297852,6.231369018554688,6.765277862548828,340634002.0,34847.34017133141,0,6.15917920494735,34841.180992126465,5150,-52.164033173532374,73000,Neutral,59.4702701224643,6.5755,6.5726,6.8463,8.0836,9.6673,134.53103637695312,0.4621,AVAX-USD,0.3557,Neutral,0.4026,0.4712,112.21538258677698,206,679.1400146484375,0.0,0.0
2026-07-27,6.71999979019165,6.734508991241455,6.734508991241455,6.71999979019165,6.71999979019165,230756288.0,34614.15809869194,0,6.15917920494735,34607.998919487,5150,-52.48346067029876,73000,Neutral,57.17772420747539,6.5961,6.5741,6.8098,8.068,9.636,134.53103637695312,0.5372,AVAX-USD,0.3634,Neutral,0.4089,0.4544,112.27601428622638,206,679.3099975585938,0.0,0.0
2026-07-28,6.53000020980835,6.396310329437256,6.616051197052002,6.36618709564209,6.53000020980835,238189520.0,33635.660259717944,0,6.15917920494735,33629.501080513,5150,-53.82386866889328,73000,Neutral,45.50371558869135,6.6061,6.5773,6.7717,8.0491,9.6058,134.53103637695312,0.3814,AVAX-USD,0.3708,Neutral,0.4061,0.4202,112.86456630163612,206,680.9600219726562,0.0,0.0
2026-07-29,6.389999866485596,6.5641961097717285,6.600071430206299,6.314396381378174,6.389999866485596,241946304.0,32914.65849160576,0,6.15917920494735,32908.49931240082,5150,-54.811542323841465,73000,Neutral,42.33724519893838,6.6341,6.5627,6.7295,8.0282,9.5792,134.53103637695312,0.1358,AVAX-USD,0.3282,Neutral,0.4447,0.4053,109.17992241053439,206,670.6300048828125,0.0,0.0
2026-07-30,6.449999809265137,6.420792102813721,6.5086517333984375,6.3880486488342285,6.449999809265137,200869520.0,33223.6581969204,0,6.15917920494735,33217.499017715454,5150,-54.38825505628717,73000,Neutral,48.48691332053429,6.5711,6.5483,6.6876,8.0059,9.5492,134.53103637695312,0.0401,AVAX-USD,0.3567,Neutral,0.381,0.388,113.1606057447648,206,681.7899780273438,0.0,0.0
2026-07-31,6.389999866485596,6.433990955352783,6.529890060424805,6.356187343597412,6.389999866485596,213980816.0,32914.65849160576,0,6.15917920494735,32908.49931240082,5150,-54.811542323841465,73000,Neutral,44.88189948213707,6.496,6.5402,6.6455,7.9862,9.5141,134.53103637695312,-0.0733,AVAX-USD,0.3713,Neutral,0.3616,0.3793,114.89414984963376,206,686.6500244140625,0.0,0.0
2026-08-01,6.184267044067383,6.378225803375244,6.440753936767578,6.059731960296631,6.184267044067383,197072902.0,32854.13260489083,0,3.3060668048924526,32850.82653808594,5312,-55.50263910691804,74000,"cash_0%_Buy 100% of cash (162 shares - DCA Strategy) Monthly invest 1.4% of total investment ($1,000.00)",41.19628208111695,6.3889,6.5293,6.6125,7.9635,9.4799,134.53103637695312,-0.3356,AVAX-USD,0.3713,Neutral,0.3616,0.3793,113.75853415770202,208,686.6500244140625,0.0,0.0
2026-08-02,6.650000095367432,6.184422969818115,6.651770114898682,6.1840925216674805,6.650000095367432,291525376.0,35328.10657339669,0,3.3060668048924526,35324.8005065918,5312,-52.15943104136957,74000,Neutral,54.86034095995424,6.4129,6.5396,6.5891,7.944,9.4524,134.53103637695312,-0.0169,AVAX-USD,0.3713,Neutral,0.3616,0.3793,113.75853415770202,208,686.6500244140625,0.0,0.0
2026-08-03,6.546999931335449,6.542132377624512,6.583428382873535,6.383692741394043,6.546999931335449,236318272.0,34780.9697020588,0,3.3060668048924526,34777.663635253906,5312,-52.89880519182618,74000,Neutral,48.61786464423674,6.4443,6.5321,6.5701,7.9231,9.4238,134.53103637695312,0.0912,AVAX-USD,0.3956,Neutral,0.3538,0.3681,117.23500725073485,208,696.4299926757812,0.0,0.0
2026-08-04,6.697000026702881,6.565217971801758,6.93204402923584,6.564256191253662,6.697000026702881,332581696.0,35577.770208650596,0,3.3060668048924526,35574.4641418457,5312,-51.82204775048591,74000,Neutral,53.10245411899063,6.4937,6.5321,6.5699,7.9047,9.3956,134.53103637695312,0.3093,AVAX-USD,0.4199,Neutral,0.3612,0.3548,121.69613572401674,208,708.97998046875,0.0,0.0
2026-08-05,6.656000137329102,6.682002067565918,6.700669288635254,6.561099529266357,6.656000137329102,220778864.0,35359.97879629708,0,3.3060668048924526,35356.67272949219,5312,-52.11636046988256,74000,Neutral,50.831524800640814,6.5469,6.5396,6.5697,7.8812,9.3665,134.53103637695312,0.3971,AVAX-USD,0.4191,Neutral,0.3539,0.3434,121.20558711332949,208,707.5999755859375,0.0,0.0
2026-08-06,6.461999893188477,6.655373573303223,6.691023826599121,6.394101619720459,6.461999893188477,264423728.0,34329.44949942208,0,3.3060668048924526,34326.14343261719,5312,-53.508967627821754,74000,Neutral,49.62500081955634,6.6024,6.5337,6.5641,7.8596,9.3326,134.53103637695312,0.2491,AVAX-USD,0.4264,Neutral,0.3417,0.3439,120.77904197020207,208,706.4000244140625,0.0,0.0
