Year,CAGR,CAGR_VOO,MDD,Alpha,Beta,Market Cap(B)
2015-2017,54.79,30.2,25.46,24.59,1.12,639.5116734008242
2016-2018,49.73,24.69,36.22,25.04,1.18,596.0915760915117
2017-2019,152.82,43.08,37.92,109.74,1.36,1109.6886115463203
2018-2020,208.12,39.1,37.92,169.02,1.19,2005.7154794586875
2019-2021,349.77,89.82,31.26,259.95,1.19,2684.1126371600626
2020-2022,73.04,17.73,31.26,55.3,1.2,1963.9957250799375
2021-2023,48.78,28.84,30.35,19.94,1.28,2910.2448692946564
2022-2024,24.7,25.2,30.35,-0.51,1.23,3438.542017507297
