Rank,Ticker,Sector,Divergence,Relative_Divergence,Delta_Previous_Relative_Divergence,1m,3m,6m,1y,2y,3y,5y,7y,max,Max_Divergence,Min_Divergence,Volatility_Adjustment,Expected_Return,Dynamic_Expected_Return,Total_Return,Total_Return_Rank,Total_Return_Rank,Divergence_Rank,Divergence_Rank,Penalty,Penalty,Average_Rank,Average_Rank,Delta_Previous_Rank,Delta_Previous_Dynamic_Expected_Return,Trend_State,Position_State,Momentum_State,Composite_State,DER_cap_monthly,DER_capped,F_trend,DER_capped_trend,Total_Return_Rank,Total_Return_Rank,Divergence_Rank,Divergence_Rank,Penalty,Penalty,Recent_Momentum_Rank,Recent_Weakness_Penalty,Coverage_Penalty,State_Adjustment,Durability_Adjustment,Average_Rank,Average_Rank,Market_Cap,Market_Cap_B,Market_Cap_Rank,Market_Cap_Bucket,Market_Cap_Asset_Type,Market_Cap_Source,High_52W,Pct_From_52W_High,At_52W_High
1,AVGO,Semiconductors,1468.9,99.6,-0.4,6.9,22.9,24.0,33.6,87.8,165.5,400.3,728.6,1468.9,1473.1,-16.4,1.2,937.0,150.06205898210328,1618.2,11.0,11.0,11.0,11.0,0.0,0.0,33.05,33.05,15,-12.55662488736894,STRONG_UP,OVEREXTENDED,MOMENTUM_UP,S1_LEADER,,,,,11.0,11.0,11.0,11.0,0.0,0.0,62.0,0.0,0.0,-6.0,0.0,33.05,33.05,,,,,,,495.0,-3.19,False
2,KLAC,Semiconductor Equipment,1169.0,100.0,5.6,14.3,20.7,37.0,70.1,115.1,150.9,264.7,498.5,1169.0,1166.5,-14.1,1.2,573.8,89.6,1318.3,16.0,16.0,16.0,16.0,4.44,4.44,42.59,42.59,5,-11.761386436244479,STRONG_UP,OVEREXTENDED,MOMENTUM_UP,S1_LEADER,,,,,16.0,16.0,16.0,16.0,4.44,4.44,39.0,0.0,0.0,-6.0,0.0,42.59,42.59,,,,,,,2145.4651,-0.95,False
3,SMCI,Computer Hardware,1036.0,28.4,0.7,36.0,51.0,48.6,17.2,2.3,-9.2,293.7,679.7,1036.0,3831.2,-73.1,1.4,3155.8,2852.1208403708547,1185.3,20.0,20.0,21.0,21.0,23.33,23.33,44.68,44.68,1,-766.7730535000933,STRONG_UP,MID_RANGE,NEUTRAL,S0_NEUTRAL,,,,,20.0,20.0,21.0,21.0,23.33,23.33,35.0,0.0,0.0,0.0,0.0,44.68,44.68,,,,,,,58.78,-19.33,False
4,NVDA,Semiconductors,3667.3,89.8,0.9,-0.1,4.6,4.9,6.6,24.1,94.5,413.3,1083.8,3667.3,4013.4,-12.1,1.1,3314.7,738.9089458274068,3816.6,1.0,1.0,1.0,1.0,4.93,4.93,51.28,51.28,2,16.45897284892328,EARLY_DOWN,OVEREXTENDED,MOMENTUM_DOWN,S5_TRASH,,,,,1.0,1.0,1.0,1.0,4.93,4.93,138.0,0.0,0.0,25.0,-12.0,51.28,51.28,,,,,,,236.54,-9.21,False
5,LRCX,Semiconductor Equipment,1231.9,100.0,1.9,19.1,28.8,50.7,122.1,208.7,240.9,343.3,522.0,1231.9,1218.7,-7.6,1.3,456.7,56.4,1381.2,14.0,14.0,15.0,15.0,11.44,11.44,51.29,51.29,8,-1.9496074155213066,STRONG_UP,OVEREXTENDED,MOMENTUM_UP,S1_LEADER,,,,,14.0,14.0,15.0,15.0,11.44,11.44,21.0,0.0,0.0,-6.0,0.0,51.29,51.29,,,,,,,346.18,-0.71,False
6,DELL,Computer Hardware & Services,1073.9,88.8,-11.2,43.3,98.6,155.3,179.1,210.8,284.1,483.6,725.8,1073.9,1206.8,-23.7,1.6,270.0,60.13985659705035,1210.9,18.0,18.0,19.0,19.0,5.0,5.0,52.6,52.6,5,13.939856597050344,STRONG_UP,OVEREXTENDED,NEUTRAL,S0_NEUTRAL,,,,,18.0,18.0,19.0,19.0,5.0,5.0,4.0,0.0,0.0,0.0,0.0,52.6,52.6,,,,,,,469.47,-10.31,False
7,MPWR,Semiconductors,694.8,100.0,8.5,6.1,21.5,39.2,62.8,86.8,102.7,146.0,275.4,694.8,693.2,-5.3,1.4,322.5,57.8,844.1,33.0,33.0,34.0,34.0,0.0,0.0,52.8,52.8,1,-4.6176928469762615,STRONG_UP,OVEREXTENDED,MOMENTUM_UP,S1_LEADER,,,,,33.0,33.0,34.0,34.0,0.0,0.0,41.0,0.0,0.0,-6.0,0.0,52.8,52.8,,,,,,,1714.0898,-1.41,False
8,AMD,Semiconductors,2340.7,100.0,0.4,26.3,89.1,107.8,163.0,224.1,230.7,297.7,449.1,2340.7,2340.5,-27.9,1.5,754.8,133.3,2490.0,4.0,4.0,4.0,4.0,15.89,15.89,57.19,57.19,-7,0.30000000000001137,STRONG_UP,OVEREXTENDED,MOMENTUM_DOWN,S3_LATE_EXHAUSTION,,,,,4.0,4.0,4.0,4.0,15.89,15.89,6.0,0.0,0.0,12.0,0.0,57.19,57.19,,,,,,,546.44,-0.72,False
9,JBL,Electronic Manufacturing Services,693.5,98.7,4.4,5.9,17.3,35.0,49.0,102.3,117.8,234.7,417.3,693.5,653.4,-28.8,1.1,331.6,48.8218807123667,842.8,34.0,34.0,35.0,35.0,0.0,0.0,57.3,57.3,6,-5.044598054572532,STRONG_UP,OVEREXTENDED,MOMENTUM_UP,S1_LEADER,,,,,34.0,34.0,35.0,35.0,0.0,0.0,50.0,0.0,0.0,-6.0,0.0,57.3,57.3,,,,,,,384.7,-1.47,False
10,SMH,Unknown,667.6,100.0,1.1,13.0,30.2,43.8,69.4,101.4,136.7,218.4,334.0,667.6,667.5,-5.3,1.2,284.3,46.6,816.9,37.0,37.0,37.0,37.0,0.0,0.0,57.85,57.85,12,-0.4881835322751087,STRONG_UP,OVEREXTENDED,MOMENTUM_UP,S1_LEADER,,,,,37.0,37.0,37.0,37.0,0.0,0.0,34.0,0.0,0.0,-6.0,0.0,57.85,57.85,,,,,,,642.77,-0.76,False
11,RGTI,Quantum Computing,941.1,35.6,-2.9,13.8,29.8,19.0,21.8,626.8,956.7,970.5,,941.1,2754.1,-93.0,1.5,2262.2,669.0374526297704,1003.5,27.0,27.0,26.0,26.0,12.5,12.5,58.5,58.5,-2,128.0355388280541,STRONG_UP,MID_RANGE,MOMENTUM_DOWN,S0_NEUTRAL,,,,,27.0,27.0,26.0,26.0,12.5,12.5,65.0,0.0,11.0,0.0,0.0,58.5,58.5,,,,,,,58.15,-58.56,False
12,QUBT,Quantum Computing,1025.0,12.5,-1.0,4.0,21.2,12.3,-15.2,376.5,572.7,445.9,333.5,1025.0,9187.6,-139.9,1.6,9803.2,4953.471367235379,1174.3,22.0,22.0,23.0,23.0,20.53,20.53,60.38,60.38,-10,343.352849957304,STRONG_UP,LOWER,MOMENTUM_DOWN,S0_NEUTRAL,,,,,22.0,22.0,23.0,23.0,20.53,20.53,117.0,10.0,0.0,0.0,0.0,60.38,60.38,,,,,,,25.84,-56.66,False
13,TSLA,Automobile Manufacturers,821.6,55.0,-2.3,3.1,-0.6,-6.0,-3.3,11.5,15.4,2.4,252.4,821.6,1535.1,-50.2,1.2,1399.2,525.0942393249472,970.9,29.0,29.0,29.0,29.0,25.52,25.52,60.47,60.47,-8,42.75137547369616,STRONG_UP,UPPER_RANGE,MOMENTUM_DOWN,S0_NEUTRAL,,,,,29.0,29.0,29.0,29.0,25.52,25.52,196.0,0.0,0.0,0.0,-22.0,60.47,60.47,,,,,,,498.83,-15.06,False
14,ANET,Networking Equipment,854.1,94.6,9.6,-0.5,11.1,15.1,20.8,37.2,75.5,208.9,411.4,854.1,904.1,-19.6,1.3,634.3,133.23332526265344,1003.4,28.0,28.0,28.0,28.0,9.68,9.68,62.53,62.53,4,-48.32425413975096,EARLY_UP,OVEREXTENDED,MOMENTUM_UP,S0_NEUTRAL,,,,,28.0,28.0,28.0,28.0,9.68,9.68,87.0,0.0,0.0,0.0,0.0,62.53,62.53,,,,,,,179.79,-3.01,False
15,FIX,Engineering & Construction,2801.3,89.2,0.5,-0.8,8.1,36.3,94.1,224.3,395.5,933.0,1745.7,2801.3,3095.3,-40.0,1.1,1470.7,209.4431396801744,2950.6,2.0,2.0,2.0,2.0,9.29,9.29,62.69,62.69,-1,7.972837664031118,EARLY_DOWN,OVEREXTENDED,MOMENTUM_DOWN,S5_TRASH,,,,,2.0,2.0,2.0,2.0,9.29,9.29,40.0,0.0,0.0,25.0,0.0,62.69,62.69,,,,,,,2073.9883,-10.8,False
16,APP,Software,1013.1,65.7,-6.5,6.5,16.6,4.7,5.6,122.5,500.4,1022.4,,1013.1,1542.2,-55.4,1.4,1400.3,346.35820229176096,1075.5,24.0,24.0,24.0,24.0,12.5,12.5,65.55,65.55,-6,27.734127547695778,STRONG_UP,UPPER_RANGE,NEUTRAL,S0_NEUTRAL,,,,,24.0,24.0,24.0,24.0,12.5,12.5,99.0,0.0,11.0,0.0,0.0,65.55,65.55,,,,,,,745.61,-23.44,False
17,STX,Data Storage,1868.6,100.0,0.2,13.7,63.8,120.9,269.8,561.2,760.5,949.0,1223.0,1868.6,1867.5,-36.7,1.2,417.2,26.5,2017.9,8.0,8.0,8.0,8.0,24.78,24.78,68.28,68.28,14,1.0,STRONG_UP,OVEREXTENDED,MOMENTUM_UP,S1_LEADER,,,,,8.0,8.0,8.0,8.0,24.78,24.78,8.0,0.0,0.0,-6.0,0.0,68.28,68.28,,,,,,,966.8,-2.7,False
18,PANW,Cybersecurity Software,347.8,90.3,-9.7,22.0,45.5,44.4,35.0,30.3,33.2,76.5,178.7,347.8,389.3,-34.6,1.2,226.2,61.68549028924003,497.1,57.0,57.0,57.0,57.0,0.0,0.0,70.2,70.2,16,9.398154570874595,STRONG_UP,OVEREXTENDED,NEUTRAL,S0_NEUTRAL,,,,,57.0,57.0,57.0,57.0,0.0,0.0,37.0,0.0,0.0,0.0,0.0,70.2,70.2,,,,,,,302.95,-7.43,False
19,CAT,Construction Machinery,523.1,97.9,7.2,3.5,8.4,24.2,58.0,93.4,121.2,193.1,296.0,523.1,533.7,-5.5,1.2,244.9,36.09728727545903,672.4,45.0,45.0,46.0,46.0,4.44,4.44,72.19,72.19,17,-4.568855118352602,STRONG_UP,OVEREXTENDED,MOMENTUM_UP,S1_LEADER,,,,,45.0,45.0,46.0,46.0,4.44,4.44,54.0,0.0,0.0,-6.0,0.0,72.19,72.19,,,,,,,936.71,-1.12,False
20,VRT,Electrical Equipment & Parts,1520.3,86.0,3.7,-0.3,8.1,38.4,77.1,143.3,314.7,962.4,1339.4,1520.3,1741.3,-60.9,1.3,868.3,165.81741817823155,1623.6,10.0,10.0,10.0,10.0,12.07,12.07,72.37,72.37,-1,-12.532616596524946,EARLY_DOWN,OVEREXTENDED,MOMENTUM_DOWN,S5_TRASH,,,,,10.0,10.0,10.0,10.0,12.07,12.07,46.0,0.0,0.0,25.0,0.0,72.37,72.37,,,,,,,379.93,-12.76,False
21,MU,Semiconductors,2329.6,100.0,0.0,49.6,107.3,169.3,424.9,692.6,863.8,1118.5,1360.3,2329.6,2328.6,-25.2,1.5,404.6,29.4,2478.9,5.0,5.0,5.0,5.0,27.33,27.33,73.98,73.98,-4,0.26585987337558237,STRONG_UP,OVEREXTENDED,NEUTRAL,S0_NEUTRAL,,,,,5.0,5.0,5.0,5.0,27.33,27.33,2.0,0.0,0.0,0.0,0.0,73.98,73.98,,,,,,,1089.29,-0.89,False
22,CDNS,Electronic Design Automation Software,330.6,90.2,12.3,7.0,17.5,19.9,12.7,11.4,3.1,23.0,74.4,330.6,367.1,-3.4,1.2,274.3,77.63299149398594,479.9,60.0,60.0,60.0,60.0,0.0,0.0,75.45,75.45,17,-28.51585767592816,STRONG_UP,OVEREXTENDED,NEUTRAL,S0_NEUTRAL,,,,,60.0,60.0,60.0,60.0,0.0,0.0,79.0,0.0,0.0,0.0,0.0,75.45,75.45,,,,,,,416.69,-2.09,False
23,MRVL,Semiconductors,895.7,100.0,2.7,58.1,135.9,183.3,234.1,246.8,275.5,322.7,447.1,895.7,811.2,-14.2,2.4,107.0,23.4,1045.0,25.0,25.0,27.0,27.0,15.89,15.89,76.09,76.09,12,-1.493114021726818,STRONG_UP,OVEREXTENDED,MOMENTUM_UP,S1_LEADER,,,,,25.0,25.0,27.0,27.0,15.89,15.89,1.0,0.0,0.0,-6.0,0.0,76.09,76.09,,,,,,,324.15,-6.94,False
24,QBTS,Quantum Computing,942.7,52.2,-6.2,12.4,36.9,25.8,26.6,699.7,1143.1,1030.3,,942.7,1840.5,-110.7,1.5,1283.0,237.4474903442524,1008.8,26.0,26.0,25.0,25.0,27.0,27.0,77.25,77.25,-1,34.24749034425241,STRONG_UP,UPPER_RANGE,MOMENTUM_DOWN,S0_NEUTRAL,,,,,26.0,26.0,25.0,25.0,27.0,27.0,51.0,0.0,11.0,0.0,0.0,77.25,77.25,,,,,,,46.75,-41.07,False
25,AMAT,Semiconductor Equipment & Materials,608.6,100.0,1.9,17.0,21.3,43.1,93.8,119.3,129.5,177.3,299.9,608.6,608.4,-21.2,1.6,217.2,35.2,757.9,39.0,39.0,39.0,39.0,15.89,15.89,78.19,78.19,2,-1.6993885798476782,STRONG_UP,OVEREXTENDED,MOMENTUM_UP,S1_LEADER,,,,,39.0,39.0,39.0,39.0,15.89,15.89,31.0,0.0,0.0,-6.0,0.0,78.19,78.19,,,,,,,508.2599,-1.47,False
26,SOXX,Semiconductor,546.1,100.0,0.7,17.9,41.8,60.9,93.1,121.7,138.8,186.9,269.7,546.1,544.4,-6.2,1.4,170.4,27.6,695.4,42.0,42.0,43.0,43.0,11.44,11.44,78.24,78.24,0,-0.09299822654404011,STRONG_UP,OVEREXTENDED,MOMENTUM_UP,S1_LEADER,,,,,42.0,42.0,43.0,43.0,11.44,11.44,24.0,0.0,0.0,-6.0,0.0,78.24,78.24,,,,,,,618.84,-0.51,False
27,TSM,Semiconductors,599.2,97.2,-0.6,3.0,6.4,17.7,39.2,76.5,135.9,199.2,292.0,599.2,616.9,-6.0,1.2,346.1,54.245585222139624,748.5,40.0,40.0,40.0,40.0,11.44,11.44,79.19,79.19,-7,4.145585222139623,STRONG_UP,OVEREXTENDED,NEUTRAL,S0_NEUTRAL,,,,,40.0,40.0,40.0,40.0,11.44,11.44,73.0,0.0,0.0,0.0,0.0,79.19,79.19,,,,,,,450.1636,-2.99,False
28,URI,Equipment Rental,335.4,93.1,8.0,6.7,14.8,18.1,12.8,14.2,23.4,66.0,171.6,335.4,362.9,-36.0,1.3,267.3,67.36108863661562,484.7,59.0,59.0,59.0,59.0,8.89,8.89,79.49,79.49,0,-18.170563332568946,STRONG_UP,OVEREXTENDED,MOMENTUM_UP,S1_LEADER,,,,,59.0,59.0,59.0,59.0,8.89,8.89,83.0,0.0,0.0,-6.0,0.0,79.49,79.49,,,,,,,1067.88,-1.06,False
29,CIEN,Communications Equipment,1340.8,98.9,3.2,10.4,30.7,87.4,272.2,549.9,742.2,833.5,915.4,1340.8,1355.9,-63.2,1.3,329.1,12.439530588279862,1490.1,13.0,13.0,13.0,13.0,27.33,27.33,79.93,79.93,15,-0.42139617740414437,STRONG_UP,OVEREXTENDED,MOMENTUM_UP,S1_LEADER,,,,,13.0,13.0,13.0,13.0,27.33,27.33,13.0,0.0,0.0,-6.0,0.0,79.93,79.93,,,,,,,637.51,-2.69,False
30,PWR,Construction & Engineering,1025.2,88.2,0.0,-1.8,6.6,24.9,43.1,78.0,111.5,223.5,543.3,1025.2,1124.7,-22.8,1.1,646.2,128.1,1174.5,21.0,21.0,22.0,22.0,9.29,9.29,82.14,82.14,-6,9.552202078392952,EARLY_DOWN,OVEREXTENDED,MOMENTUM_DOWN,S5_TRASH,,,,,21.0,21.0,22.0,22.0,9.29,9.29,70.0,0.0,0.0,25.0,0.0,82.14,82.14,,,,,,,788.72,-9.26,False
31,IONQ,Quantum Computing,465.3,68.5,-5.8,21.0,60.1,53.8,42.8,209.2,270.1,472.3,,465.3,660.4,-66.8,1.4,385.8,83.89759869454069,530.5,56.0,56.0,51.0,51.0,10.0,10.0,83.0,83.0,-10,4.617163014683143,STRONG_UP,UPPER_RANGE,MOMENTUM_DOWN,S0_NEUTRAL,,,,,56.0,56.0,51.0,51.0,10.0,10.0,30.0,0.0,11.0,0.0,0.0,83.0,83.0,,,,,,,84.64,-19.39,False
32,FTNT,Cybersecurity Software,537.8,98.1,-1.9,32.6,51.5,59.8,51.4,49.7,52.3,55.6,151.9,537.8,549.2,-20.2,1.4,308.5,72.41335894644182,687.1,43.0,43.0,44.0,44.0,11.44,11.44,83.09,83.09,0,-5.564846511608039,STRONG_UP,OVEREXTENDED,MOMENTUM_DOWN,S3_LATE_EXHAUSTION,,,,,43.0,43.0,44.0,44.0,11.44,11.44,26.0,0.0,0.0,12.0,0.0,83.09,83.09,,,,,,,149.03,-1.71,False
33,TRX-USD,Cryptocurrency,801.1,12.2,-0.6,-2.4,-1.5,2.5,-3.3,25.2,73.8,156.6,470.3,801.1,6637.4,-26.9,1.2,6251.4,1628.2600376346259,915.5,30.0,30.0,31.0,31.0,9.85,9.85,84.55,84.55,-30,225.52762950579495,EARLY_DOWN,LOWER,MOMENTUM_DOWN,S5_TRASH,,,,,30.0,30.0,31.0,31.0,9.85,9.85,186.0,0.0,0.0,25.0,0.0,84.55,84.55,,,,,,,0.3763,-11.34,False
34,LLY,Pharmaceuticals,531.0,87.8,-3.6,3.8,-0.5,-3.4,7.8,2.7,9.8,88.2,234.3,531.0,607.2,-21.4,1.2,511.6,135.87900714003607,680.3,44.0,44.0,45.0,45.0,1.84,1.84,85.19,85.19,-22,17.208337185061666,STRONG_UP,OVEREXTENDED,MOMENTUM_DOWN,S3_LATE_EXHAUSTION,,,,,44.0,44.0,45.0,45.0,1.84,1.84,159.0,0.0,0.0,12.0,0.0,85.19,85.19,,,,,,,1149.1,-6.12,False
35,AAPL,Consumer Electronics,257.7,97.7,-1.8,4.0,5.4,4.9,11.3,7.6,5.9,10.9,54.9,257.7,264.2,-12.6,1.2,203.0,46.77408835337825,407.0,67.0,67.0,70.0,70.0,0.0,0.0,86.15,86.15,-5,2.4740883533782494,STRONG_UP,OVEREXTENDED,MOMENTUM_DOWN,S3_LATE_EXHAUSTION,,,,,67.0,67.0,70.0,70.0,0.0,0.0,116.0,0.0,0.0,12.0,-18.0,86.15,86.15,,,,,,,316.94,-2.11,False
36,WSM,Specialty Retail,319.8,78.8,1.8,6.7,1.7,2.0,0.6,3.7,34.6,77.3,162.0,319.8,417.3,-40.6,1.2,378.4,108.37620461741365,469.1,61.0,61.0,62.0,62.0,4.44,4.44,86.49,86.49,-7,-2.8323751543772886,STRONG_UP,UPPER_RANGE,NEUTRAL,S0_NEUTRAL,,,,,61.0,61.0,62.0,62.0,4.44,4.44,154.0,0.0,0.0,0.0,0.0,86.49,86.49,,,,,,,222.0,-6.71,False
37,ASTS,Satellite Communications,1056.2,78.8,-5.4,24.9,22.3,29.7,72.8,250.6,1064.0,1145.8,,1056.2,1328.4,-128.2,1.3,717.0,96.46349653239731,1140.0,23.0,23.0,20.0,20.0,30.5,30.5,86.55,86.55,-12,41.463496532397315,STRONG_UP,UPPER_RANGE,MOMENTUM_DOWN,S0_NEUTRAL,,,,,23.0,23.0,20.0,20.0,30.5,30.5,38.0,0.0,11.0,0.0,0.0,86.55,86.55,,,,,,,133.8599,-19.52,False
38,TPL,Homebuilding,452.8,49.5,2.4,0.2,-13.5,2.5,3.7,-4.5,18.2,32.8,128.8,452.8,919.6,-5.5,1.4,949.2,453.9962857713355,602.1,51.0,51.0,53.0,53.0,19.74,19.74,90.99,90.99,14,-2.266014196082324,STRONG_DOWN,MID_RANGE,MOMENTUM_UP,S4_BOTTOMING,,,,,51.0,51.0,53.0,53.0,19.74,19.74,200.0,4.0,0.0,-2.0,0.0,90.99,90.99,,,,,,,547.2,-25.67,False
39,LITE,Communication Equipment,1345.5,87.2,7.9,-0.8,7.5,69.6,360.7,848.2,1140.1,1111.4,1089.8,1345.5,1558.0,-109.6,1.6,381.7,0.10216464059181285,1494.8,12.0,12.0,12.0,12.0,27.73,27.73,92.18,92.18,19,1.8496408885684938,EARLY_DOWN,OVEREXTENDED,MOMENTUM_UP,S0_NEUTRAL,,,,,12.0,12.0,12.0,12.0,27.73,27.73,19.0,0.0,0.0,0.0,0.0,92.18,92.18,,,,,,,1085.6801,-13.6,False
40,SNDK,Data Storage Devices,2261.3,100.0,0.0,27.1,95.4,287.1,1581.7,,,,,2261.3,2232.5,-4.5,1.5,430.0,429.9,2278.9,6.0,6.0,6.0,6.0,17.5,17.5,93.65,93.65,9,22.099999999999966,STRONG_UP,OVEREXTENDED,MOMENTUM_UP,S1_LEADER,,,,,6.0,6.0,6.0,6.0,17.5,17.5,5.0,0.0,60.0,-6.0,0.0,93.65,93.65,,,,,,,1860.9999,-1.59,False
41,ASML,Semi-Conductors,446.5,100.0,2.8,11.4,11.0,22.1,54.8,72.3,70.2,79.9,147.0,446.5,445.1,-5.8,1.7,207.5,36.5,595.8,52.0,52.0,54.0,54.0,22.89,22.89,94.24,94.24,4,-2.8752151821555785,STRONG_UP,OVEREXTENDED,MOMENTUM_UP,S1_LEADER,,,,,52.0,52.0,54.0,54.0,22.89,22.89,53.0,0.0,0.0,-6.0,0.0,94.24,94.24,,,,,,,1743.27,-0.97,False
42,IRM,Data Storage & Management,233.0,75.3,-0.6,-1.1,4.4,19.4,16.6,6.9,17.5,51.5,138.7,233.0,320.0,-29.9,1.2,219.2,81.75593789969274,382.3,69.0,69.0,72.0,72.0,15.05,15.05,97.65,97.65,-1,-2.0322482241235775,STRONG_UP,UPPER_RANGE,MOMENTUM_DOWN,S0_NEUTRAL,,,,,69.0,69.0,72.0,72.0,15.05,15.05,93.0,0.0,0.0,0.0,0.0,97.65,97.65,,,,,,,134.09,-4.58,False
43,STLD,Steel,423.9,100.0,0.5,10.5,22.3,34.4,60.0,71.6,74.3,120.7,298.1,423.9,424.3,-47.6,1.3,179.7,32.9,573.2,54.0,54.0,56.0,56.0,24.78,24.78,98.13,98.13,0,0.10000000000000142,STRONG_UP,OVEREXTENDED,MOMENTUM_UP,S1_LEADER,,,,,54.0,54.0,56.0,56.0,24.78,24.78,43.0,0.0,0.0,-6.0,0.0,98.13,98.13,,,,,,,277.79,-0.96,False
44,COHR,N/A,704.3,97.5,10.9,18.8,35.5,69.9,181.0,290.4,455.8,524.4,585.8,704.3,724.2,-81.6,1.6,155.3,6.673213214317462,853.6,32.0,32.0,33.0,33.0,29.22,29.22,98.82,98.82,11,-0.5140684542561313,STRONG_UP,OVEREXTENDED,MOMENTUM_UP,S1_LEADER,,,,,32.0,32.0,33.0,33.0,29.22,29.22,14.0,0.0,0.0,-6.0,0.0,98.82,98.82,,,,,,,439.77,-5.08,False
45,APH,Electronic Components,304.4,74.8,-1.4,0.3,-1.9,-2.9,6.4,43.6,78.6,133.5,194.9,304.4,384.6,-16.3,1.2,281.3,51.24101525384016,453.7,63.0,63.0,66.0,66.0,5.19,5.19,100.39,100.39,-5,-0.5047297035487119,EARLY_UP,UPPER_RANGE,NEUTRAL,S0_NEUTRAL,,,,,63.0,63.0,66.0,66.0,5.19,5.19,171.0,0.0,0.0,0.0,0.0,100.39,100.39,,,,,,,167.04,-11.63,False
46,RKLB,Aerospace & Defense,1278.3,73.6,-21.5,17.6,37.8,58.8,105.5,570.0,1109.0,1327.5,,1278.3,1719.1,-77.2,1.3,773.5,99.28488035405351,1345.4,15.0,15.0,14.0,14.0,27.0,27.0,101.45,101.45,-9,47.588340380643146,EARLY_DOWN,UPPER_RANGE,MOMENTUM_DOWN,S5_TRASH,,,,,15.0,15.0,14.0,14.0,27.0,27.0,20.0,0.0,11.0,25.0,0.0,101.45,101.45,,,,,,,150.9999,-24.04,False
47,IBKR,Capital Markets,343.3,96.8,-0.1,1.3,7.2,12.7,17.6,55.0,112.4,200.5,275.4,343.3,313.6,-46.8,1.2,205.0,28.79484836769123,492.6,58.0,58.0,58.0,58.0,13.33,13.33,102.03,102.03,16,-4.838025093245058,STRONG_UP,OVEREXTENDED,NEUTRAL,S0_NEUTRAL,,,,,58.0,58.0,58.0,58.0,13.33,13.33,94.0,0.0,0.0,0.0,0.0,102.03,102.03,,,,,,,91.02,-4.25,False
48,GWW,Industrial Distribution,170.6,77.6,5.9,5.5,3.5,9.5,9.7,1.6,-0.5,29.9,81.4,170.6,230.8,-40.3,1.2,175.7,65.31614239263834,319.9,96.0,96.0,99.0,99.0,3.0,3.0,104.0,104.0,27,-5.881712563185758,STRONG_UP,UPPER_RANGE,MOMENTUM_DOWN,S0_NEUTRAL,,,,,96.0,96.0,99.0,99.0,3.0,3.0,112.0,0.0,0.0,0.0,0.0,104.0,104.0,,,,,,,1296.03,-0.91,False
49,HWM,Aerospace & Defense,685.6,87.4,-5.0,-1.4,-7.2,1.1,8.5,52.9,135.6,292.2,504.5,685.6,755.5,-54.6,1.1,597.2,100.8857203470889,817.8,36.0,36.0,36.0,36.0,5.6,5.6,106.95,106.95,-11,13.637726192506591,EARLY_DOWN,OVEREXTENDED,MOMENTUM_DOWN,S5_TRASH,,,,,36.0,36.0,36.0,36.0,5.6,5.6,177.0,4.0,0.0,25.0,0.0,106.95,106.95,,,,,,,280.74,-11.44,False
50,EME,Construction & Engineering,611.4,84.5,1.2,-5.1,-2.1,7.5,15.1,41.1,92.6,248.9,415.5,611.4,717.4,-42.2,1.2,514.8,108.40597414372449,760.7,38.0,38.0,38.0,38.0,14.11,14.11,107.26,107.26,-4,6.594497640660634,STRONG_DOWN,OVEREXTENDED,MOMENTUM_DOWN,S5_TRASH,,,,,38.0,38.0,38.0,38.0,14.11,14.11,143.0,0.0,0.0,25.0,0.0,107.26,107.26,,,,,,,951.95,-11.81,False
51,PL,Aerospace & Defense,820.1,81.4,-18.0,2.8,24.9,75.5,274.9,815.1,1037.3,839.2,,820.1,1005.8,-88.8,1.2,277.9,4.251526281044968,882.5,31.0,31.0,30.0,30.0,12.5,12.5,108.1,108.1,-18,2.351526281044968,STRONG_UP,OVEREXTENDED,MOMENTUM_DOWN,S3_LATE_EXHAUSTION,,,,,31.0,31.0,30.0,30.0,12.5,12.5,15.0,0.0,11.0,12.0,0.0,108.1,108.1,,,,,,,51.75,-16.66,False
52,XLK,Technology,204.0,98.7,-1.3,8.7,19.8,22.7,26.4,34.8,38.5,56.7,84.5,204.0,206.1,-3.6,1.2,103.8,20.669585123481706,353.3,84.0,84.0,86.0,86.0,4.44,4.44,108.19,108.19,8,0.6695851234817063,STRONG_UP,OVEREXTENDED,NEUTRAL,S0_NEUTRAL,,,,,84.0,84.0,86.0,86.0,4.44,4.44,69.0,0.0,0.0,0.0,0.0,108.19,108.19,,,,,,,198.73,-1.26,False
53,TER,Semiconductors,514.8,93.8,10.5,12.7,14.9,48.5,142.7,186.3,201.4,200.9,237.2,514.8,539.1,-50.5,2.2,128.4,10.884348169454677,664.1,46.0,46.0,47.0,47.0,27.33,27.33,108.63,108.63,-6,-2.2898710728735026,EARLY_UP,OVEREXTENDED,MOMENTUM_UP,S0_NEUTRAL,,,,,46.0,46.0,47.0,47.0,27.33,27.33,22.0,0.0,0.0,0.0,0.0,108.63,108.63,,,,,,,422.11,-2.95,False
54,ORCL,Software,134.4,42.7,1.9,11.4,28.7,22.7,4.5,11.8,20.7,54.0,90.9,134.4,346.0,-22.8,1.8,280.2,131.12544852927599,283.7,107.0,107.0,109.0,109.0,17.78,17.78,108.68,108.68,3,-87.95886591178225,STRONG_UP,MID_RANGE,NEUTRAL,S0_NEUTRAL,,,,,107.0,107.0,109.0,109.0,17.78,17.78,71.0,0.0,0.0,0.0,0.0,108.68,108.68,,,,,,,322.54,-28.59,False
55,ADI,Semiconductors,180.1,99.9,12.1,7.3,12.3,26.5,46.6,57.4,63.0,78.7,105.0,180.1,180.5,-7.8,1.8,52.2,7.116298151559044,329.4,91.0,91.0,93.0,93.0,4.44,4.44,110.09,110.09,18,-1.8640825969510812,STRONG_UP,OVEREXTENDED,MOMENTUM_UP,S1_LEADER,,,,,91.0,91.0,93.0,93.0,4.44,4.44,58.0,0.0,0.0,-6.0,0.0,110.09,110.09,,,,,,,439.51,-0.42,True
56,AXON,Public Safety Technology,503.3,41.6,3.8,8.3,-1.5,-8.9,-29.9,-26.4,-5.6,47.0,122.6,503.3,1246.3,-25.7,1.4,1895.6,984.0033421036278,652.6,48.0,48.0,48.0,48.0,19.0,19.0,111.2,111.2,54,-228.04697692263858,STRONG_UP,MID_RANGE,NEUTRAL,S0_NEUTRAL,,,,,48.0,48.0,48.0,48.0,19.0,19.0,330.0,10.0,0.0,0.0,0.0,111.2,111.2,,,,,,,764.02,-36.98,False
57,MS,Investment Banking & Brokerage,220.4,96.4,-3.6,3.0,8.4,9.3,18.9,39.8,60.7,73.2,137.8,220.4,229.7,-20.8,1.1,138.7,20.964876092982152,369.7,78.0,78.0,80.0,80.0,8.89,8.89,111.69,111.69,-9,1.8648760929821506,STRONG_UP,OVEREXTENDED,NEUTRAL,S0_NEUTRAL,,,,,78.0,78.0,80.0,80.0,8.89,8.89,92.0,0.0,0.0,0.0,0.0,111.69,111.69,,,,,,,217.025,-3.17,False
58,ETN,Electrical Equipment,193.2,85.7,8.8,0.5,1.3,7.7,3.8,2.2,6.9,47.2,104.7,193.2,227.3,-11.6,1.2,185.4,55.410135082883045,342.5,87.0,87.0,89.0,89.0,8.89,8.89,112.54,112.54,4,-13.011256084155121,EARLY_UP,OVEREXTENDED,MOMENTUM_UP,S0_NEUTRAL,,,,,87.0,87.0,89.0,89.0,8.89,8.89,146.0,0.0,0.0,0.0,0.0,112.54,112.54,,,,,,,435.43,-3.27,False
59,WDC,Data Storage Devices,1154.6,100.0,0.0,21.2,57.3,120.6,352.6,702.4,938.8,1156.3,1211.2,1154.6,1155.0,-100.9,1.6,180.8,-5.3,1303.9,17.0,17.0,17.0,17.0,45.11,45.11,112.61,112.61,-8,0.7000000000000002,STRONG_UP,OVEREXTENDED,MOMENTUM_UP,S1_LEADER,,,,,17.0,17.0,17.0,17.0,45.11,45.11,9.0,0.0,0.0,-6.0,0.0,112.61,112.61,,,,,,,602.5399,-1.4,False
60,TRGP,Oil & Gas Midstream,501.0,92.3,2.9,0.3,-1.4,12.8,28.5,32.8,72.4,164.6,449.3,501.0,551.7,-93.5,1.2,372.6,81.62469486011688,650.3,49.0,49.0,49.0,49.0,18.2,18.2,113.5,113.5,-18,3.027861000359451,EARLY_DOWN,OVEREXTENDED,MOMENTUM_DOWN,S5_TRASH,,,,,49.0,49.0,49.0,49.0,18.2,18.2,95.0,0.0,0.0,25.0,0.0,113.5,113.5,,,,,,,280.0,-6.18,False
61,ON,Semiconductors,267.9,80.9,13.0,18.3,57.1,90.5,118.2,105.5,69.2,57.4,140.7,267.9,342.5,-46.0,2.2,13.7,16.41440840106505,417.2,66.0,66.0,69.0,69.0,27.78,27.78,114.78,114.78,-2,-5.717402507280124,STRONG_UP,OVEREXTENDED,MOMENTUM_UP,S1_LEADER,,,,,66.0,66.0,69.0,69.0,27.78,27.78,12.0,0.0,0.0,-6.0,0.0,114.78,114.78,,,,,,,134.92,-0.73,False
62,MPC,Oil & Gas Refining & Marketing,224.5,92.0,9.7,4.1,7.8,22.0,27.6,34.0,28.9,79.7,194.5,224.5,251.1,-77.8,1.4,127.1,30.160885337182748,373.8,74.0,74.0,77.0,77.0,24.78,24.78,114.88,114.88,16,-6.155956706650862,STRONG_UP,OVEREXTENDED,MOMENTUM_UP,S1_LEADER,,,,,74.0,74.0,77.0,77.0,24.78,24.78,76.0,0.0,0.0,-6.0,0.0,114.88,114.88,,,,,,,272.46,-1.93,False
63,GS,Investment Banking & Brokerage,218.3,96.6,-2.2,4.2,6.8,8.4,18.2,45.1,81.5,109.0,173.2,218.3,226.5,-35.7,1.1,135.4,17.729559331217914,367.6,79.0,79.0,81.0,81.0,13.33,13.33,118.78,118.78,-10,-0.10274253779810039,STRONG_UP,OVEREXTENDED,NEUTRAL,S0_NEUTRAL,,,,,79.0,79.0,81.0,81.0,13.33,13.33,96.0,0.0,0.0,0.0,0.0,118.78,118.78,,,,,,,1073.97,-3.07,False
64,TT,Building Products,226.6,77.5,4.6,-2.2,-5.0,-0.9,-5.5,-3.9,11.8,47.6,93.5,226.6,294.6,-7.0,1.2,288.5,87.59184291791064,375.9,72.0,72.0,76.0,76.0,17.53,17.53,118.83,118.83,31,-8.311022017352954,STRONG_DOWN,UPPER_RANGE,MOMENTUM_UP,S0_NEUTRAL,,,,,72.0,72.0,76.0,76.0,17.53,17.53,224.0,0.0,0.0,0.0,0.0,118.83,118.83,,,,,,,503.47,-7.47,False
65,FSLR,Solar Energy,178.4,71.7,4.7,25.6,36.8,28.6,36.7,38.1,30.6,62.8,118.6,178.4,269.7,-51.3,1.6,83.5,36.1956071667168,327.7,92.0,92.0,94.0,94.0,20.33,20.33,119.13,119.13,-15,-8.25115577863626,STRONG_UP,UPPER_RANGE,NEUTRAL,S0_NEUTRAL,,,,,92.0,92.0,94.0,94.0,20.33,20.33,42.0,0.0,0.0,0.0,0.0,119.13,119.13,,,,,,,320.95,-0.84,False
66,CRWD,Cybersecurity Software,285.5,93.4,-6.6,27.8,55.4,52.5,45.7,68.5,108.3,159.8,285.5,285.5,270.2,-38.3,1.3,122.0,24.750356248082962,375.7,73.0,73.0,67.0,67.0,30.5,30.5,119.7,119.7,11,3.2629159444392215,STRONG_UP,OVEREXTENDED,NEUTRAL,S0_NEUTRAL,,,,,73.0,73.0,67.0,67.0,30.5,30.5,29.0,0.0,0.0,0.0,0.0,119.7,119.7,,,,,,,785.66,-4.84,False
67,381180.KS,PHLX Semi,229.3,100.0,5.6,12.8,34.5,51.1,85.3,117.2,149.6,224.9,,229.3,207.8,-10.3,1.6,51.2,6.7,292.9,103.0,103.0,75.0,75.0,12.5,12.5,125.15,125.15,-2,-0.9118999759816004,STRONG_UP,OVEREXTENDED,MOMENTUM_UP,S1_LEADER,,,,,103.0,103.0,75.0,75.0,12.5,12.5,28.0,0.0,11.0,-6.0,0.0,125.15,125.15,,,,,,,51840.0,-0.16,True
68,GOOGL,Internet Conglomerates,217.9,78.5,-9.9,-7.8,-1.2,-0.0,25.6,48.8,64.2,85.5,128.8,217.9,281.0,-11.4,1.3,153.4,24.60408526407271,367.2,80.0,80.0,82.0,82.0,5.9,5.9,132.1,132.1,-14,7.507555342981302,EARLY_DOWN,UPPER_RANGE,MOMENTUM_DOWN,S5_TRASH,,,,,80.0,80.0,82.0,82.0,5.9,5.9,136.0,0.0,0.0,25.0,-8.0,132.1,132.1,,,,,,,408.61,-12.14,False
69,FCX,Copper Mining,166.9,78.5,10.5,13.1,5.1,15.7,32.9,33.8,26.3,18.4,107.9,166.9,208.6,-56.5,1.6,76.6,23.634706563038606,316.2,97.0,97.0,100.0,100.0,27.85,27.85,132.6,132.6,-3,-7.844666850313786,STRONG_UP,UPPER_RANGE,MOMENTUM_UP,S1_LEADER,,,,,97.0,97.0,100.0,100.0,27.85,27.85,74.0,0.0,0.0,-6.0,0.0,132.6,132.6,,,,,,,72.09,-2.01,False
70,GOOG,Internet Content & Information,217.4,78.4,-9.7,-7.9,-1.5,-0.7,24.1,46.3,60.9,81.8,124.6,217.4,280.7,-10.8,1.3,158.1,26.35309799357876,366.7,81.0,81.0,83.0,83.0,6.5,6.5,133.4,133.4,-14,7.9562201672885,EARLY_DOWN,UPPER_RANGE,MOMENTUM_DOWN,S5_TRASH,,,,,81.0,81.0,83.0,83.0,6.5,6.5,145.0,0.0,0.0,25.0,-8.0,133.4,133.4,,,,,,,404.44,-12.06,False
71,315960.KS,High Dividend,468.8,100.0,0.7,23.1,40.0,82.3,181.8,285.9,329.5,394.1,457.3,468.8,430.9,-74.4,1.6,45.2,-6.5,567.4,55.0,55.0,50.0,50.0,45.67,45.67,135.47,135.47,9,0.3177775845215489,STRONG_UP,OVEREXTENDED,MOMENTUM_UP,S1_LEADER,,,,,55.0,55.0,50.0,50.0,45.67,45.67,11.0,0.0,0.0,-6.0,0.0,135.47,135.47,,,,,,,103435.0,-0.43,True
72,CASY,Retail Specialty Group,221.7,77.5,1.0,-3.8,-3.7,8.4,21.0,41.3,67.5,118.0,151.0,221.7,297.0,-38.6,1.1,177.5,33.05525064644959,371.0,76.0,76.0,78.0,78.0,10.27,10.27,137.02,137.02,-5,3.0627492747581258,EARLY_DOWN,UPPER_RANGE,MOMENTUM_DOWN,S5_TRASH,,,,,76.0,76.0,78.0,78.0,10.27,10.27,127.0,0.0,0.0,25.0,0.0,137.02,137.02,,,,,,,901.0,-14.07,False
73,446770.KS,Semiconductors,329.8,99.4,0.4,15.6,30.3,52.7,108.0,177.7,256.7,,,329.8,278.9,-13.1,1.6,68.0,5.401671735924422,379.7,71.0,71.0,61.0,61.0,15.0,15.0,137.2,137.2,0,0.0,STRONG_UP,OVEREXTENDED,NEUTRAL,S0_NEUTRAL,,,,,71.0,71.0,61.0,61.0,15.0,15.0,25.0,0.0,26.0,0.0,0.0,137.2,137.2,,,,,,,94730.0,-0.94,False
74,^IRX,Government Bonds,2672.9,47.7,0.2,-1.3,-6.5,-7.8,-17.8,-35.7,-57.1,1678.0,3841.8,2672.9,5789.1,-166.0,1.1,6593.4,3979.045683939963,2822.2,3.0,3.0,3.0,3.0,74.78,74.78,140.83,140.83,7,-29.054316060036854,EARLY_UP,MID_RANGE,MOMENTUM_UP,S2_EARLY_BREAKOUT,,,,,3.0,3.0,3.0,3.0,74.78,74.78,334.0,14.0,0.0,-4.0,0.0,140.83,140.83,,,,,,,3.898,-7.05,False
75,CMI,Industrial Machinery,188.4,88.3,8.8,2.9,5.4,11.4,37.3,64.3,89.9,117.9,140.1,188.4,218.1,-35.6,1.2,86.4,8.175240187986056,337.7,89.0,89.0,91.0,91.0,29.22,29.22,141.07,141.07,14,-0.3921870074376361,EARLY_DOWN,OVEREXTENDED,MOMENTUM_UP,S0_NEUTRAL,,,,,89.0,89.0,91.0,91.0,29.22,29.22,80.0,0.0,0.0,0.0,0.0,141.07,141.07,,,,,,,718.08,-4.98,False
76,JCI,Building Products,166.3,89.9,16.3,3.5,-1.8,5.1,11.2,33.8,53.2,63.9,110.9,166.3,189.0,-32.8,1.1,122.1,17.930059010837116,315.6,98.0,98.0,101.0,101.0,20.91,20.91,141.41,141.41,35,-6.220705019784003,STRONG_DOWN,OVEREXTENDED,MOMENTUM_UP,S0_NEUTRAL,,,,,98.0,98.0,101.0,101.0,20.91,20.91,138.0,0.0,0.0,0.0,0.0,141.41,141.41,,,,,,,148.38,-0.96,False
77,GE,Aerospace & Defense,197.9,79.8,-3.8,1.3,-5.7,-5.6,-4.6,16.9,59.3,184.7,268.3,197.9,260.3,-96.0,1.1,219.3,40.840124021513205,347.2,85.0,85.0,87.0,87.0,19.35,19.35,141.7,141.7,-16,2.1182563775248937,STRONG_UP,UPPER_RANGE,NEUTRAL,S0_NEUTRAL,,,,,85.0,85.0,87.0,87.0,19.35,19.35,236.0,4.0,0.0,0.0,0.0,141.7,141.7,,,,,,,348.48,-9.71,False
78,VLO,Oil & Gas Refining & Marketing,135.7,87.6,9.8,2.9,4.5,20.2,39.8,51.6,48.1,74.9,128.0,135.7,167.2,-81.9,1.4,40.3,5.016106455595512,285.0,106.0,106.0,108.0,108.0,24.78,24.78,141.98,141.98,24,-1.3140942059757927,STRONG_UP,OVEREXTENDED,MOMENTUM_UP,S1_LEADER,,,,,106.0,106.0,108.0,108.0,24.78,24.78,72.0,0.0,0.0,-6.0,0.0,141.98,141.98,,,,,,,265.6101,-1.57,False
79,GLW,Electronic Components,555.7,94.9,12.0,18.5,21.9,61.4,126.7,236.7,344.6,404.5,472.2,555.7,588.8,-58.2,1.2,150.5,4.065411601791159,704.9,41.0,41.0,42.0,42.0,36.22,36.22,143.47,143.47,-5,-0.42705490395691115,EARLY_DOWN,OVEREXTENDED,MOMENTUM_DOWN,S5_TRASH,,,,,41.0,41.0,42.0,42.0,36.22,36.22,18.0,0.0,0.0,25.0,0.0,143.47,143.47,,,,,,,211.79,-5.21,False
80,NTAP,Diversified Technology,133.2,100.0,0.0,29.1,48.3,55.2,54.1,46.8,54.4,68.6,95.8,133.2,133.6,-39.4,1.6,9.3,7.1,282.5,108.0,108.0,110.0,110.0,29.22,29.22,146.57,146.57,6,-13.682900244678441,STRONG_UP,OVEREXTENDED,NEUTRAL,S0_NEUTRAL,,,,,108.0,108.0,110.0,110.0,29.22,29.22,27.0,0.0,0.0,0.0,0.0,146.57,146.57,,,,,,,192.83,-6.09,False
81,HLT,Lodging,96.2,80.4,2.7,-0.2,-2.9,0.2,3.9,6.6,14.2,29.7,48.9,96.2,125.4,-21.3,1.2,98.1,25.894894618146363,245.5,124.0,124.0,127.0,127.0,11.55,11.55,148.05,148.05,-10,2.915627956106075,STRONG_UP,OVEREXTENDED,NEUTRAL,S0_NEUTRAL,,,,,124.0,124.0,127.0,127.0,11.55,11.55,174.0,0.0,0.0,0.0,0.0,148.05,148.05,,,,,,,344.75,-3.88,False
82,BK,Asset Servicing,113.6,93.6,-0.3,-0.4,2.0,6.3,15.2,39.2,74.2,104.0,128.2,113.6,125.6,-53.4,1.1,64.4,4.596510481021867,264.7,114.0,114.0,118.0,118.0,14.15,14.15,148.15,148.15,-10,0.19763220689224337,STRONG_UP,OVEREXTENDED,NEUTRAL,S0_NEUTRAL,,,,,114.0,114.0,118.0,118.0,14.15,14.15,122.0,0.0,0.0,0.0,0.0,148.15,148.15,,,,,,,143.945,-1.85,False
83,TPR,Luxury Goods,221.5,75.7,-5.0,-2.8,-11.0,-4.3,9.8,73.1,131.1,174.8,277.4,221.5,323.5,-95.4,1.1,217.0,22.10571069832281,370.8,77.0,77.0,79.0,79.0,30.02,30.02,149.82,149.82,-13,3.0478755590867195,EARLY_UP,UPPER_RANGE,NEUTRAL,S0_NEUTRAL,,,,,77.0,77.0,79.0,79.0,30.02,30.02,201.0,4.0,0.0,0.0,0.0,149.82,149.82,,,,,,,161.97,-13.81,False
84,TKO,Entertainment,216.1,73.4,-4.9,-1.0,-9.9,-10.6,-8.9,5.6,22.4,68.8,95.4,216.1,307.5,-34.9,1.2,312.2,74.19048325494278,365.4,82.0,82.0,84.0,84.0,18.99,18.99,152.04,152.04,-16,1.140572086320816,STRONG_UP,UPPER_RANGE,NEUTRAL,S0_NEUTRAL,,,,,82.0,82.0,84.0,84.0,18.99,18.99,319.0,12.0,0.0,0.0,0.0,152.04,152.04,,,,,,,226.83,-12.46,False
85,NUE,Steel,142.9,88.0,5.2,6.2,20.4,30.7,50.8,52.2,32.5,31.1,113.8,142.9,169.7,-51.6,1.6,23.6,8.025156404299564,292.2,105.0,105.0,107.0,107.0,36.23,36.23,153.63,153.63,18,-1.6471282638712719,STRONG_UP,OVEREXTENDED,NEUTRAL,S0_NEUTRAL,,,,,105.0,105.0,107.0,107.0,36.23,36.23,49.0,0.0,0.0,0.0,0.0,153.63,153.63,,,,,,,261.42,-1.41,False
86,ODFL,Trucking,130.2,52.5,6.4,7.0,5.9,21.4,29.7,12.8,-7.5,-17.2,6.0,130.2,254.8,-15.5,1.6,112.1,93.60610521549638,279.5,109.0,109.0,111.0,111.0,61.67,61.67,155.97,155.97,4,-35.615979009246146,STRONG_UP,UPPER_RANGE,MOMENTUM_UP,S1_LEADER,,,,,109.0,109.0,111.0,111.0,61.67,61.67,75.0,0.0,0.0,-6.0,0.0,155.97,155.97,,,,,,,236.82,-0.32,True
87,BNB-USD,Cryptocurrency,2073.1,37.0,-1.5,-6.4,-9.2,-19.6,-29.8,-30.3,-5.4,-7.9,652.9,2073.1,5605.5,-25.2,1.3,7550.3,4065.684064290183,2187.6,7.0,7.0,7.0,7.0,38.21,38.21,156.31,156.31,26,266.81645243639423,STRONG_UP,MID_RANGE,MOMENTUM_DOWN,S0_NEUTRAL,,,,,7.0,7.0,7.0,7.0,38.21,38.21,471.0,40.0,0.0,0.0,0.0,156.31,156.31,,,,,,,1370.546,-54.48,False
88,HOOD,Capital Markets,310.7,40.6,-8.0,-0.1,0.5,-15.0,-25.1,59.5,217.5,,,310.7,820.7,-60.3,1.4,1045.0,318.98325797525507,371.2,75.0,75.0,65.0,65.0,13.3,13.3,161.15,161.15,-4,-0.30316151881055475,STRONG_UP,MID_RANGE,NEUTRAL,S0_NEUTRAL,,,,,75.0,75.0,65.0,65.0,13.3,13.3,362.0,18.0,26.0,0.0,0.0,161.15,161.15,,,,,,,153.86,-46.15,False
89,QQQ,Asset Management,90.6,100.0,0.0,3.3,7.9,9.0,10.5,14.6,16.9,25.9,36.8,90.6,90.5,-4.6,1.2,54.3,10.6,239.9,127.0,127.0,130.0,130.0,15.89,15.89,161.39,161.39,-6,0.0,STRONG_UP,OVEREXTENDED,MOMENTUM_DOWN,S3_LATE_EXHAUSTION,,,,,127.0,127.0,130.0,130.0,15.89,15.89,105.0,0.0,0.0,12.0,0.0,161.39,161.39,,,,,,,748.63,-0.59,False
90,MAR,Lodging,52.4,87.0,1.1,1.4,0.7,5.7,14.5,16.3,16.0,32.7,47.9,52.4,68.0,-49.0,1.3,22.6,5.42128301598842,201.7,147.0,147.0,151.0,151.0,13.33,13.33,163.53,163.53,-11,0.7415142974684859,STRONG_UP,OVEREXTENDED,NEUTRAL,S0_NEUTRAL,,,,,147.0,147.0,151.0,151.0,13.33,13.33,125.0,0.0,0.0,0.0,0.0,163.53,163.53,,,,,,,388.37,-2.99,False
91,ARES,Asset Management,231.1,37.0,-3.5,-2.5,-0.9,-14.0,-28.0,-40.7,-44.0,-29.2,21.8,231.1,631.0,-8.6,1.3,1081.3,703.5208790592344,380.4,70.0,70.0,74.0,74.0,41.44,41.44,164.24,164.24,10,37.937267575145825,STRONG_UP,MID_RANGE,MOMENTUM_DOWN,S0_NEUTRAL,,,,,70.0,70.0,74.0,74.0,41.44,41.44,388.0,18.0,0.0,0.0,0.0,164.24,164.24,,,,,,,181.19,-32.06,False
92,GRMN,Scientific & Technical Instruments,111.6,65.3,3.3,-2.7,-8.8,-0.6,-4.4,-3.6,13.0,28.6,34.1,111.6,174.5,-6.4,1.2,188.3,63.03938423432651,260.9,118.0,118.0,120.0,120.0,33.37,33.37,166.97,166.97,-4,1.4919132585709107,EARLY_UP,UPPER_RANGE,NEUTRAL,S0_NEUTRAL,,,,,118.0,118.0,120.0,120.0,33.37,33.37,240.0,4.0,0.0,0.0,0.0,166.97,166.97,,,,,,,273.24,-12.92,False
93,HPE,Hardware & Equipment,234.2,97.7,-2.3,53.1,92.0,111.2,127.5,148.9,166.0,197.7,237.9,234.2,238.4,-67.1,1.7,-24.5,-7.175555335660491,383.5,68.0,68.0,71.0,71.0,29.22,29.22,167.07,167.07,29,-0.3757703593423489,STRONG_UP,OVEREXTENDED,MOMENTUM_UP,S1_LEADER,,,,,68.0,68.0,71.0,71.0,29.22,29.22,7.0,0.0,0.0,-6.0,0.0,167.07,167.07,,,,,,,64.25,-14.16,False
94,WMB,Oil & Gas Midstream,159.8,79.8,0.4,-3.4,-8.5,-1.7,3.2,15.8,40.7,87.3,150.5,159.8,215.4,-57.9,1.1,173.4,36.26502532709367,309.1,99.0,99.0,102.0,102.0,16.03,16.03,167.88,167.88,-9,4.733711752620064,EARLY_DOWN,UPPER_RANGE,MOMENTUM_DOWN,S5_TRASH,,,,,99.0,99.0,102.0,102.0,16.03,16.03,204.0,4.0,0.0,25.0,0.0,167.88,167.88,,,,,,,80.08,-10.51,False
95,PH,Diversified Machinery,176.8,64.6,0.8,-1.8,-12.6,-12.9,-6.8,1.5,13.0,56.2,105.6,176.8,289.7,-29.7,1.1,287.5,86.91035851126418,326.1,94.0,94.0,96.0,96.0,19.37,19.37,168.32,168.32,25,4.17533966561966,STRONG_DOWN,UPPER_RANGE,MOMENTUM_UP,S0_NEUTRAL,,,,,94.0,94.0,96.0,96.0,19.37,19.37,343.0,20.0,0.0,0.0,0.0,168.32,168.32,,,,,,,1034.96,-17.8,False
96,HUBB,Electrical Components & Equipment,112.3,66.9,5.2,-1.5,-8.6,-5.4,-3.5,-3.1,-5.0,25.4,64.6,112.3,180.6,-24.9,1.3,163.4,61.681334813325485,261.6,117.0,117.0,119.0,119.0,38.33,38.33,170.38,170.38,54,-8.201558466851587,EARLY_UP,UPPER_RANGE,MOMENTUM_UP,S2_EARLY_BREAKOUT,,,,,117.0,117.0,119.0,119.0,38.33,38.33,250.0,4.0,0.0,-4.0,0.0,170.38,170.38,,,,,,,565.4999,-14.25,False
97,IBM,IT Consulting & Other Services,34.3,77.0,5.2,12.5,14.2,4.8,1.3,10.1,23.7,48.0,59.0,34.3,67.4,-74.9,1.2,39.7,6.846951520453521,183.6,164.0,164.0,172.0,172.0,17.78,17.78,171.13,171.13,74,-8.179129260505977,STRONG_UP,UPPER_RANGE,NEUTRAL,S0_NEUTRAL,,,,,164.0,164.0,172.0,172.0,17.78,17.78,101.0,0.0,0.0,0.0,0.0,171.13,171.13,,,,,,,332.41,-8.06,False
98,KEYS,Electronic Test & Measurement,197.5,88.0,6.2,0.8,2.9,27.5,57.1,75.8,72.8,52.1,58.2,197.5,226.7,-14.6,2.8,58.7,6.311652990976752,346.8,86.0,86.0,88.0,88.0,35.23,35.23,171.43,171.43,-2,-0.6525116808690914,EARLY_DOWN,OVEREXTENDED,MOMENTUM_DOWN,S5_TRASH,,,,,86.0,86.0,88.0,88.0,35.23,35.23,64.0,0.0,0.0,25.0,0.0,171.43,171.43,,,,,,,370.175,-5.32,False
99,C,Diversified Banks,89.4,85.7,6.2,-0.7,1.0,3.6,14.0,38.0,68.6,89.7,94.3,89.4,114.7,-58.5,1.2,50.3,1.0196587576011988,238.7,128.0,128.0,131.0,131.0,30.12,30.12,174.22,174.22,7,0.12949667393424247,EARLY_UP,OVEREXTENDED,MOMENTUM_UP,S0_NEUTRAL,,,,,128.0,128.0,131.0,131.0,30.12,30.12,134.0,0.0,0.0,0.0,0.0,174.22,174.22,,,,,,,135.28,-3.95,False
100,AMCR,Packaging & Containers,215.2,65.7,-2.3,-1.7,-14.2,86.9,194.6,225.5,242.0,221.7,219.2,215.2,398.6,-134.7,3.1,22.0,-38.38998338434483,364.5,83.0,83.0,85.0,85.0,52.71,52.71,175.51,175.51,-13,-2.4970502035227398,EARLY_UP,UPPER_RANGE,MOMENTUM_DOWN,S0_NEUTRAL,,,,,83.0,83.0,85.0,85.0,52.71,52.71,23.0,4.0,0.0,0.0,0.0,175.51,175.51,,,,,,,50.94,-25.64,False
101,VST,Independent Power Producers,439.4,57.9,-3.6,-2.8,-10.6,-13.1,-24.1,-11.7,77.5,271.2,367.1,439.4,796.7,-76.3,1.3,965.4,332.94531859094025,573.3,53.0,53.0,55.0,55.0,29.9,29.9,175.9,175.9,-25,29.52857666086362,EARLY_UP,UPPER_RANGE,NEUTRAL,S0_NEUTRAL,,,,,53.0,53.0,55.0,55.0,29.9,29.9,427.0,40.0,0.0,0.0,0.0,175.9,175.9,,,,,,,217.1,-29.16,False
102,WAB,Rail Equipment,49.1,77.2,1.6,-0.9,-5.9,1.5,7.2,9.8,23.7,55.5,81.4,49.1,82.8,-63.6,1.2,39.5,8.866348778267371,198.4,152.0,152.0,156.0,156.0,20.21,20.21,176.51,176.51,6,-0.12703102764146657,EARLY_UP,UPPER_RANGE,MOMENTUM_UP,S2_EARLY_BREAKOUT,,,,,152.0,152.0,156.0,156.0,20.21,20.21,172.0,4.0,0.0,-4.0,0.0,176.51,176.51,,,,,,,275.82,-4.73,False
103,DE,Agricultural & Construction Machinery,86.9,55.8,15.4,3.1,-5.5,1.6,2.5,5.3,-0.4,-10.4,15.4,86.9,162.8,-9.5,1.4,146.5,55.80650920098184,236.2,131.0,131.0,134.0,134.0,48.85,48.85,178.4,178.4,100,-39.88265411046192,EARLY_UP,UPPER_RANGE,MOMENTUM_UP,S2_EARLY_BREAKOUT,,,,,131.0,131.0,134.0,134.0,48.85,48.85,176.0,4.0,0.0,-4.0,0.0,178.4,178.4,,,,,,,674.19,-12.74,False
104,RL,Apparel Manufacturing,111.2,77.5,-2.0,-3.4,-7.7,-8.4,-2.5,21.6,53.6,101.6,129.6,111.2,164.2,-70.2,1.1,131.5,19.21969621034306,260.5,119.0,119.0,121.0,121.0,26.63,26.63,178.93,178.93,-22,3.18605350095158,EARLY_UP,UPPER_RANGE,MOMENTUM_DOWN,S0_NEUTRAL,,,,,119.0,119.0,121.0,121.0,26.63,26.63,265.0,4.0,0.0,0.0,0.0,178.93,178.93,,,,,,,393.41,-8.64,False
105,DECK,Footwear & Accessories,158.5,24.7,-3.3,-0.4,-6.9,-6.9,-9.9,-36.5,-46.9,-32.4,-3.8,158.5,734.1,-30.0,1.4,860.8,1063.3631208348465,307.8,100.0,100.0,103.0,103.0,75.89,75.89,180.74,180.74,-36,126.68396178718615,STRONG_UP,MID_RANGE,NEUTRAL,S0_NEUTRAL,,,,,100.0,100.0,103.0,103.0,75.89,75.89,287.0,4.0,0.0,0.0,0.0,180.74,180.74,,,,,,,122.2899,-12.21,False
106,RCL,Travel Services,82.0,58.2,0.7,1.4,-7.1,-8.5,-15.7,0.6,34.3,133.9,140.0,82.0,219.6,-108.0,1.3,199.2,55.34873184987521,231.3,133.0,133.0,137.0,137.0,19.95,19.95,183.85,183.85,35,-4.16551342219563,EARLY_UP,UPPER_RANGE,NEUTRAL,S0_NEUTRAL,,,,,133.0,133.0,137.0,137.0,19.95,19.95,315.0,14.0,0.0,0.0,0.0,183.85,183.85,,,,,,,356.39,-19.63,False
107,TJX,Apparel Retail,35.8,65.0,5.3,-0.0,-7.5,-6.8,-3.6,-1.6,1.7,19.3,23.9,35.8,77.3,-40.2,1.2,67.4,19.5215838471401,185.1,162.0,162.0,170.0,170.0,16.4,16.4,184.7,184.7,26,-1.3522105416884855,EARLY_UP,UPPER_RANGE,MOMENTUM_UP,S2_EARLY_BREAKOUT,,,,,162.0,162.0,170.0,170.0,16.4,16.4,246.0,4.0,0.0,-4.0,0.0,184.7,184.7,,,,,,,165.82,-4.78,False
108,META,Internet Content & Information,43.3,51.5,-1.6,1.0,-4.8,-10.2,-19.4,-21.4,-10.5,40.9,34.5,43.3,170.6,-91.5,1.2,201.5,90.8894234525538,192.6,156.0,156.0,161.0,161.0,32.33,32.33,186.28,186.28,24,4.341924640482063,EARLY_UP,UPPER_RANGE,MOMENTUM_UP,S2_EARLY_BREAKOUT,,,,,156.0,156.0,161.0,161.0,32.33,32.33,335.0,18.0,0.0,-4.0,-18.0,186.28,186.28,,,,,,,759.16,-17.94,False
109,ROK,Industrial Machinery,41.6,72.1,6.9,5.2,6.0,5.7,10.6,24.1,15.9,9.4,16.4,41.6,70.8,-33.7,1.6,12.3,-2.9854793831615414,190.9,157.0,157.0,163.0,163.0,27.45,27.45,186.65,186.65,3,-1.672517168797655,STRONG_UP,UPPER_RANGE,MOMENTUM_DOWN,S0_NEUTRAL,,,,,157.0,157.0,163.0,163.0,27.45,27.45,113.0,0.0,0.0,0.0,0.0,186.65,186.65,,,,,,,468.07,-1.35,False
110,APO,Asset Management,156.4,37.9,-3.4,-5.9,-1.3,-9.0,-16.5,-28.7,-27.4,-3.3,26.0,156.4,428.2,-9.1,1.3,620.1,405.2849811688292,305.7,102.0,102.0,105.0,105.0,41.44,41.44,188.24,188.24,-11,36.170129534021555,EARLY_DOWN,MID_RANGE,MOMENTUM_DOWN,S5_TRASH,,,,,102.0,102.0,105.0,105.0,41.44,41.44,316.0,10.0,0.0,25.0,0.0,188.24,188.24,,,,,,,153.29,-18.88,False
111,TDG,Aerospace & Defense,171.3,52.4,-4.7,-0.6,-7.5,-13.6,-21.3,-26.0,-19.1,18.2,43.1,171.3,343.7,-21.8,1.2,487.0,218.34466125637377,320.6,95.0,95.0,98.0,98.0,40.89,40.89,188.39,188.39,-14,26.661698566604315,STRONG_UP,UPPER_RANGE,NEUTRAL,S0_NEUTRAL,,,,,95.0,95.0,98.0,98.0,40.89,40.89,385.0,22.0,0.0,0.0,0.0,188.39,188.39,,,,,,,1463.03,-17.19,False
112,TXN,Semiconductors,101.0,88.4,1.9,5.5,22.2,38.5,46.1,42.8,40.7,33.0,42.2,101.0,121.7,-54.4,2.1,5.5,3.0190565380110628,250.3,122.0,122.0,124.0,124.0,34.83,34.83,189.38,189.38,-18,0.3560062994181412,EARLY_DOWN,OVEREXTENDED,MOMENTUM_DOWN,S5_TRASH,,,,,122.0,122.0,124.0,124.0,34.83,34.83,47.0,0.0,0.0,25.0,0.0,189.38,189.38,,,,,,,331.51,-6.91,False
113,SATS,Communication,190.0,80.4,-7.4,-5.5,-7.8,3.1,105.5,245.7,370.3,371.2,307.5,190.0,272.6,-145.8,1.6,52.1,-6.585109616088336,339.3,88.0,88.0,90.0,90.0,45.71,45.71,193.21,193.21,-4,16.35308105148007,EARLY_DOWN,OVEREXTENDED,MOMENTUM_DOWN,S5_TRASH,,,,,88.0,88.0,90.0,90.0,45.71,45.71,56.0,4.0,0.0,25.0,0.0,193.21,193.21,,,,,,,147.252,-17.88,False
114,LYV,Entertainment,34.5,41.2,-4.8,-2.0,-5.0,0.4,-4.5,0.9,5.5,-0.1,1.7,34.5,117.4,-22.9,1.3,114.1,42.9372301814997,183.8,163.0,163.0,171.0,171.0,42.19,42.19,195.94,195.94,-9,4.722634353312863,STRONG_UP,MID_RANGE,MOMENTUM_DOWN,S0_NEUTRAL,,,,,163.0,163.0,171.0,171.0,42.19,42.19,206.0,0.0,0.0,0.0,0.0,195.94,195.94,,,,,,,173.05,-5.09,False
115,PSX,Oil & Gas Refining & Marketing,49.2,68.5,8.0,1.6,0.8,10.9,19.3,17.7,10.9,37.0,58.6,49.2,106.9,-74.9,1.4,11.0,6.722270703149748,198.5,151.0,151.0,155.0,155.0,54.22,54.22,197.07,197.07,21,-1.453012535694393,STRONG_UP,UPPER_RANGE,MOMENTUM_UP,S1_LEADER,,,,,151.0,151.0,155.0,155.0,54.22,54.22,104.0,0.0,0.0,-6.0,0.0,197.07,197.07,,,,,,,190.61,-3.11,False
116,CF,Fertilizers & Agricultural Chemicals,79.7,49.1,4.4,-3.1,-5.7,11.0,14.7,17.1,11.7,5.2,47.9,79.7,221.2,-55.7,1.7,88.9,34.86843437274477,229.0,135.0,135.0,139.0,139.0,34.66,34.66,197.61,197.61,-2,2.2532496883232938,STRONG_DOWN,MID_RANGE,MOMENTUM_DOWN,S5_TRASH,,,,,135.0,135.0,139.0,139.0,34.66,34.66,142.0,4.0,0.0,25.0,0.0,197.61,197.61,,,,,,,141.96,-17.86,False
117,FAST,Industrial Distribution,48.1,50.6,11.1,2.5,-4.9,-1.5,-7.0,-3.7,-4.5,-0.8,7.3,48.1,108.3,-24.4,1.4,118.9,49.85733151950168,197.4,153.0,153.0,157.0,157.0,55.33,55.33,199.28,199.28,34,-14.245897805142754,EARLY_UP,UPPER_RANGE,MOMENTUM_UP,S2_EARLY_BREAKOUT,,,,,153.0,153.0,157.0,157.0,55.33,55.33,212.0,0.0,0.0,-4.0,0.0,199.28,199.28,,,,,,,49.67,-6.46,False
118,SNPS,Electronic Design Automation Software,94.0,31.4,5.0,-0.5,4.9,2.3,-9.4,-22.8,-38.4,-39.3,-20.1,94.0,309.4,-4.1,1.7,402.2,377.37620993696737,243.3,125.0,125.0,128.0,128.0,70.69,70.69,199.69,199.69,1,-36.17604638275816,EARLY_DOWN,MID_RANGE,MOMENTUM_DOWN,S5_TRASH,,,,,125.0,125.0,128.0,128.0,70.69,70.69,181.0,0.0,0.0,25.0,0.0,199.69,199.69,,,,,,,539.48,-7.69,False
119,ABBV,Biotechnology,53.9,56.3,-0.4,1.5,-6.8,-9.0,-9.2,-10.6,-9.5,-5.3,18.3,53.9,115.5,-24.8,1.2,135.8,53.25891518736715,203.2,145.0,145.0,150.0,150.0,43.89,43.89,201.89,201.89,11,2.4296789745914253,STRONG_UP,UPPER_RANGE,MOMENTUM_DOWN,S0_NEUTRAL,,,,,145.0,145.0,150.0,150.0,43.89,43.89,285.0,4.0,0.0,0.0,0.0,201.89,201.89,,,,,,,244.81,-11.31,False
120,CTAS,Commercial Services,63.8,29.2,2.7,-0.0,-9.1,-12.3,-22.6,-32.6,-34.5,-25.9,-14.1,63.8,229.6,-4.0,1.4,506.9,394.65527513275094,213.1,142.0,142.0,147.0,147.0,44.44,44.44,205.09,205.09,46,-9.620035862863062,EARLY_UP,MID_RANGE,MOMENTUM_UP,S2_EARLY_BREAKOUT,,,,,142.0,142.0,147.0,147.0,44.44,44.44,393.0,22.0,0.0,-4.0,0.0,205.09,205.09,,,,,,,209.08,-16.43,False
121,QCOM,Semiconductors,76.2,73.5,-0.6,23.2,48.6,46.8,43.8,32.9,31.6,20.9,26.1,76.2,125.7,-59.8,1.8,-10.5,7.576569878291269,225.5,137.0,137.0,141.0,141.0,35.71,35.71,205.31,205.31,3,-1.5170388747563388,STRONG_UP,UPPER_RANGE,MOMENTUM_DOWN,S0_NEUTRAL,,,,,137.0,137.0,141.0,141.0,35.71,35.71,33.0,0.0,0.0,0.0,0.0,205.31,205.31,,,,,,,259.92,-3.81,False
122,PLTR,Software,588.7,56.8,-7.8,-8.4,-10.3,-15.7,-21.4,82.3,260.3,581.7,,588.7,1018.1,-71.2,1.2,1200.4,296.31949628523387,658.5,47.0,47.0,41.0,41.0,34.0,34.0,207.0,207.0,-18,0.5932400415007919,STRONG_UP,UPPER_RANGE,NEUTRAL,S0_NEUTRAL,,,,,47.0,47.0,41.0,41.0,34.0,34.0,439.0,58.0,11.0,0.0,0.0,207.0,207.0,,,,,,,207.52,-31.48,False
123,FICO,Financial Technology,143.1,21.3,-3.7,0.4,-7.5,-20.7,-32.1,-50.1,-50.8,-11.7,2.6,143.1,694.1,-6.1,1.4,1581.5,1451.2843089947792,292.4,104.0,104.0,106.0,106.0,43.89,43.89,208.14,208.14,-31,360.9623191140381,STRONG_UP,MID_RANGE,MOMENTUM_DOWN,S0_NEUTRAL,,,,,104.0,104.0,106.0,106.0,43.89,43.89,451.0,40.0,0.0,0.0,0.0,208.14,208.14,,,,,,,1998.01,-41.21,False
124,MSFT,Software,67.7,37.4,-7.9,-4.0,-2.0,-8.9,-20.4,-25.7,-33.9,-34.6,-27.5,67.7,201.5,-12.1,1.4,347.1,216.13339609193375,217.0,139.0,139.0,144.0,144.0,58.05,58.05,208.5,208.5,3,-13.122695979181088,STRONG_UP,MID_RANGE,NEUTRAL,S0_NEUTRAL,,,,,139.0,139.0,144.0,144.0,58.05,58.05,338.0,10.0,0.0,0.0,0.0,208.5,208.5,,,,,,,553.72,-22.82,False
125,ARM,Semiconductors,232.4,100.0,0.0,45.8,113.7,170.9,168.2,174.3,,,,232.4,182.9,-70.9,2.2,-15.2,1.6,267.8,113.0,113.0,73.0,73.0,17.5,17.5,214.1,214.1,19,0.9734199074304807,STRONG_UP,OVEREXTENDED,NEUTRAL,S0_NEUTRAL,,,,,113.0,113.0,73.0,73.0,17.5,17.5,3.0,0.0,47.0,0.0,0.0,214.1,214.1,,,,,,,427.99,-3.78,False
126,MSCI,Financial Index & Analytics,64.7,24.6,-3.0,-2.3,-2.0,-2.4,-5.1,-11.9,-22.2,-38.5,-39.4,64.7,285.4,-7.2,1.3,304.6,259.67076825532337,214.0,141.0,141.0,146.0,146.0,93.74,93.74,214.24,214.24,-5,14.628120530324537,STRONG_UP,MID_RANGE,NEUTRAL,S0_NEUTRAL,,,,,141.0,141.0,146.0,146.0,93.74,93.74,207.0,0.0,0.0,0.0,0.0,214.24,214.24,,,,,,,644.68,-4.82,False
127,NRG,Independent Power Producers,311.5,57.1,-0.5,-6.8,-18.6,-21.7,-27.6,-6.7,40.6,109.2,152.5,311.5,554.2,-22.3,1.2,733.3,220.67587874703003,460.8,62.0,62.0,64.0,64.0,29.71,29.71,214.26,214.26,2,23.125086504576814,STRONG_DOWN,UPPER_RANGE,MOMENTUM_UP,S0_NEUTRAL,,,,,62.0,62.0,64.0,64.0,29.71,29.71,505.0,58.0,0.0,0.0,0.0,214.26,214.26,,,,,,,189.96,-29.59,False
128,GEV,Electrical Equipment,175.3,61.8,-3.5,-6.4,-5.2,13.4,30.5,132.5,,,,175.3,230.7,-7.2,1.3,173.3,39.57785806065673,202.0,146.0,146.0,97.0,97.0,20.5,20.5,214.45,214.45,-5,8.780501869908807,STRONG_DOWN,UPPER_RANGE,MOMENTUM_DOWN,S5_TRASH,,,,,146.0,146.0,97.0,97.0,20.5,20.5,103.0,4.0,47.0,25.0,0.0,214.45,214.45,,,,,,,1181.95,-18.83,False
129,GNRC,Electrical Equipment,101.7,21.9,1.2,5.9,14.2,42.3,50.0,55.1,58.1,14.7,4.9,101.7,673.8,-58.8,2.4,-17.6,-20.715784580807814,251.0,121.0,121.0,123.0,123.0,44.47,44.47,214.72,214.72,-1,-12.003872180745605,STRONG_UP,MID_RANGE,MOMENTUM_UP,S1_LEADER,,,,,121.0,121.0,123.0,123.0,44.47,44.47,48.0,0.0,0.0,-6.0,0.0,214.72,214.72,,,,,,,294.18,-3.02,False
130,EBAY,Internet Retail,54.2,79.4,0.5,-0.0,3.4,8.8,11.9,32.6,55.8,52.1,50.0,54.2,85.0,-62.2,1.4,26.5,-3.908839002338393,203.5,144.0,144.0,149.0,149.0,36.22,36.22,214.82,214.82,-13,-1.2353639691819858,EARLY_DOWN,UPPER_RANGE,MOMENTUM_DOWN,S5_TRASH,,,,,144.0,144.0,149.0,149.0,36.22,36.22,118.0,0.0,0.0,25.0,0.0,214.82,214.82,,,,,,,119.31,-8.79,False
131,BTC-USD,Cryptocurrency,1602.5,45.5,-6.6,-14.2,-15.2,-22.5,-39.7,-44.0,-27.6,-5.0,84.0,1602.5,3326.6,-9.6,1.3,5403.8,2567.5375508538227,1751.8,9.0,9.0,9.0,9.0,41.44,41.44,215.99,215.99,-31,534.3073351289304,STRONG_DOWN,MID_RANGE,MOMENTUM_DOWN,S5_TRASH,,,,,9.0,9.0,9.0,9.0,41.44,41.44,536.0,58.0,0.0,25.0,0.0,215.99,215.99,,,,,,,126198.0703,-48.18,False
132,CSCO,Communications Equipment,115.4,98.7,0.8,18.9,33.6,43.0,56.9,85.6,94.4,98.6,99.3,115.4,118.4,-66.9,1.5,-6.3,-7.306636517491393,264.7,114.0,114.0,116.0,116.0,36.22,36.22,216.52,216.52,8,0.7171187236292482,STRONG_UP,OVEREXTENDED,MOMENTUM_DOWN,S3_LATE_EXHAUSTION,,,,,114.0,114.0,116.0,116.0,36.22,36.22,36.0,0.0,0.0,12.0,0.0,216.52,216.52,,,,,,,129.4155,-2.25,False
133,COST,Hypermarkets & Super Centers,96.4,51.2,0.9,-3.7,-10.2,-7.3,-12.1,-19.4,-14.8,-2.8,19.3,96.4,205.0,-17.8,1.3,277.0,138.05897345594545,245.7,123.0,123.0,126.0,126.0,41.44,41.44,217.49,217.49,-8,28.547554594374148,EARLY_DOWN,UPPER_RANGE,MOMENTUM_DOWN,S5_TRASH,,,,,123.0,123.0,126.0,126.0,41.44,41.44,336.0,14.0,0.0,25.0,0.0,217.49,217.49,,,,,,,1096.5,-12.28,False
134,PCAR,Farm & Heavy Construction Machinery,27.0,45.0,6.7,-0.4,-9.3,-7.8,-2.3,-6.3,-11.6,9.3,16.7,27.0,112.5,-42.1,1.4,81.5,50.78177151949624,176.3,169.0,169.0,177.0,177.0,54.22,54.22,217.57,217.57,18,-6.191394239686062,EARLY_UP,MID_RANGE,MOMENTUM_UP,S2_EARLY_BREAKOUT,,,,,169.0,169.0,177.0,177.0,54.22,54.22,254.0,4.0,0.0,-4.0,0.0,217.57,217.57,,,,,,,131.88,-13.27,False
135,WELL,Healthcare REITs,66.3,70.1,-5.2,-5.3,-9.5,-8.0,-3.3,10.1,31.2,52.5,66.4,66.3,117.6,-51.9,1.1,98.8,15.209882389266848,215.6,140.0,140.0,145.0,145.0,23.09,23.09,217.89,217.89,-19,4.103014296486258,EARLY_DOWN,UPPER_RANGE,MOMENTUM_DOWN,S5_TRASH,,,,,140.0,140.0,145.0,145.0,23.09,23.09,294.0,4.0,0.0,25.0,0.0,217.89,217.89,,,,,,,221.68,-9.96,False
136,OKE,Oil & Gas Midstream,113.7,49.5,3.3,-3.0,-6.7,-1.1,-0.5,-15.0,-16.8,-6.8,49.5,113.7,292.4,-60.3,1.4,254.6,161.71290971063615,263.0,116.0,116.0,117.0,117.0,75.33,75.33,217.93,217.93,-2,13.024712179374433,EARLY_DOWN,MID_RANGE,MOMENTUM_DOWN,S5_TRASH,,,,,116.0,116.0,117.0,117.0,75.33,75.33,210.0,4.0,0.0,25.0,0.0,217.93,217.93,,,,,,,96.07,-9.7,False
137,PM,Tobacco,19.4,61.8,-1.3,1.8,-3.6,-2.7,-3.9,7.4,22.9,29.1,43.2,19.4,67.0,-56.2,1.3,51.8,2.777698516735622,168.7,175.0,175.0,182.0,182.0,20.23,20.23,220.23,220.23,5,0.7731831011303067,EARLY_DOWN,UPPER_RANGE,MOMENTUM_DOWN,S5_TRASH,,,,,175.0,175.0,182.0,182.0,20.23,20.23,199.0,0.0,0.0,25.0,0.0,220.23,220.23,,,,,,,193.045,-8.86,False
138,CAH,Healthcare Distribution,130.2,69.4,-0.7,-1.7,-12.6,-14.2,-6.0,14.5,23.9,89.0,134.7,130.2,224.4,-81.7,1.1,191.0,38.35129926922196,279.5,109.0,109.0,111.0,111.0,27.82,27.82,220.92,220.92,-23,3.724128586416363,STRONG_DOWN,UPPER_RANGE,MOMENTUM_DOWN,S5_TRASH,,,,,109.0,109.0,111.0,111.0,27.82,27.82,351.0,20.0,0.0,25.0,0.0,220.92,220.92,,,,,,,233.6,-16.16,False
139,NEM,Gold Mining,39.1,62.1,-2.5,-2.8,-13.2,-8.9,14.7,59.8,80.2,58.9,40.9,39.1,127.4,-105.8,1.6,10.5,-31.522925778752583,188.4,158.0,158.0,166.0,166.0,37.71,37.71,223.06,223.06,26,0.21907185277000707,EARLY_UP,UPPER_RANGE,NEUTRAL,S0_NEUTRAL,,,,,158.0,158.0,166.0,166.0,37.71,37.71,211.0,4.0,0.0,0.0,0.0,223.06,223.06,,,,,,,134.88,-20.32,False
140,BKR,Oil & Gas Equipment & Services,47.6,78.4,1.3,-4.3,-7.0,3.8,16.6,25.1,29.9,52.3,97.5,47.6,84.9,-85.4,1.3,15.1,-2.8167698409214643,196.9,154.0,154.0,158.0,158.0,31.5,31.5,223.75,223.75,-22,0.02174011937346565,EARLY_DOWN,UPPER_RANGE,MOMENTUM_DOWN,S5_TRASH,,,,,154.0,154.0,158.0,158.0,31.5,31.5,155.0,4.0,0.0,25.0,0.0,223.75,223.75,,,,,,,70.41,-8.72,False
141,BAESY,Aerospace & Defense,107.7,61.2,-8.8,-6.7,-16.7,-10.4,-13.1,3.1,11.6,57.0,105.1,107.7,218.5,-65.9,1.2,231.5,55.974398975515584,257.0,120.0,120.0,122.0,122.0,28.31,28.31,224.86,224.86,-48,11.494050271399956,EARLY_UP,UPPER_RANGE,MOMENTUM_DOWN,S0_NEUTRAL,,,,,120.0,120.0,122.0,122.0,28.31,28.31,413.0,40.0,0.0,0.0,0.0,224.86,224.86,,,,,,,126.0,-18.85,False
142,KMI,Oil & Gas Midstream,50.9,62.1,1.8,-3.0,-10.3,-5.3,-4.3,-0.8,10.2,28.5,53.4,50.9,118.9,-59.1,1.2,99.1,30.225851658723652,200.2,148.0,148.0,152.0,152.0,35.37,35.37,225.42,225.42,-7,4.377947616407109,EARLY_DOWN,UPPER_RANGE,MOMENTUM_DOWN,S5_TRASH,,,,,148.0,148.0,152.0,152.0,35.37,35.37,279.0,4.0,0.0,25.0,0.0,225.42,225.42,,,,,,,34.805,-9.87,False
143,AMZN,Internet Retail,29.5,31.9,-12.5,-7.6,-0.6,-1.9,-4.0,-6.0,-4.0,-1.9,-15.9,29.5,152.6,-27.7,1.2,118.6,76.47846898522798,178.8,167.0,167.0,175.0,175.0,51.05,51.05,226.85,226.85,-79,31.327153121485402,EARLY_DOWN,MID_RANGE,MOMENTUM_DOWN,S5_TRASH,,,,,167.0,167.0,175.0,175.0,51.05,51.05,215.0,0.0,0.0,25.0,0.0,226.85,226.85,,,,,,,278.56,-10.25,False
144,JPM,Diversified Banks,69.9,60.3,1.2,-3.2,-7.3,-10.0,-12.4,-4.7,8.6,27.3,40.6,69.9,131.1,-22.3,1.1,161.1,48.05797661968921,219.2,138.0,138.0,143.0,143.0,30.99,30.99,227.84,227.84,9,-1.021595616678617,STRONG_DOWN,UPPER_RANGE,MOMENTUM_DOWN,S5_TRASH,,,,,138.0,138.0,143.0,143.0,30.99,30.99,329.0,14.0,0.0,25.0,0.0,227.84,227.84,,,,,,,337.25,-10.79,False
145,KTOS,Aerospace & Defense,180.9,30.0,-5.2,-8.9,-22.2,-29.4,-23.7,33.7,80.9,120.8,96.0,180.9,761.1,-66.8,1.5,918.0,217.0639342072132,330.2,90.0,90.0,92.0,92.0,28.1,28.1,228.25,228.25,-54,44.41445124025512,EARLY_UP,MID_RANGE,NEUTRAL,S0_NEUTRAL,,,,,90.0,90.0,92.0,92.0,28.1,28.1,525.0,58.0,0.0,0.0,0.0,228.25,228.25,,,,,,,134.0,-56.4,False
146,NOW,Software,5.6,15.6,-3.3,6.0,2.4,-10.2,-31.8,-49.3,-58.9,-66.0,-75.7,5.6,347.6,-56.8,1.7,901.0,1076.7755492526244,154.9,192.0,192.0,202.0,202.0,60.86,60.86,228.41,228.41,71,-734.876135046198,STRONG_UP,LOWER,NEUTRAL,S0_NEUTRAL,,,,,192.0,192.0,202.0,202.0,60.86,60.86,333.0,18.0,0.0,0.0,0.0,228.41,228.41,,,,,,,192.966,-38.9,False
147,PHM,Residential Construction,81.0,37.3,-0.9,-3.1,-11.4,-12.9,-15.6,-24.5,-28.5,6.0,25.2,81.0,254.9,-29.3,1.3,324.4,228.06991411566514,230.3,134.0,134.0,138.0,138.0,45.33,45.33,229.98,229.98,2,5.171783663164689,EARLY_UP,MID_RANGE,NEUTRAL,S0_NEUTRAL,,,,,134.0,134.0,138.0,138.0,45.33,45.33,387.0,40.0,0.0,0.0,0.0,229.98,229.98,,,,,,,144.5,-18.89,False
148,STT,Custody Banks & Asset Management,37.0,91.2,4.2,-0.7,4.9,10.0,19.0,34.8,49.3,55.9,65.9,37.0,46.8,-60.4,1.5,-7.5,-7.686853259309723,186.3,160.0,160.0,168.0,168.0,30.43,30.43,230.73,230.73,-5,0.19019265511245376,STRONG_UP,OVEREXTENDED,NEUTRAL,S0_NEUTRAL,,,,,160.0,160.0,168.0,168.0,30.43,30.43,100.0,0.0,0.0,0.0,0.0,230.73,230.73,,,,,,,161.795,-2.42,False
149,ROST,Apparel Retail,16.4,79.8,1.7,0.7,-1.0,7.3,24.4,26.8,25.3,34.7,20.1,16.4,37.2,-63.8,2.3,-31.1,-11.08280341895175,165.7,180.0,180.0,187.0,187.0,21.13,21.13,232.23,232.23,9,1.4399082913297043,STRONG_UP,UPPER_RANGE,MOMENTUM_DOWN,S0_NEUTRAL,,,,,180.0,180.0,187.0,187.0,21.13,21.13,106.0,0.0,0.0,0.0,0.0,232.23,232.23,,,,,,,237.41,-2.02,False
150,SHOP,E-commerce Software,455.2,30.2,-2.6,-12.3,-15.2,-22.8,-27.2,-13.8,-9.6,-0.8,-16.7,455.2,1544.3,-16.5,1.3,2057.4,1067.7102114557556,604.5,50.0,50.0,52.0,52.0,65.55,65.55,232.6,232.6,-12,2.882903922901278,EARLY_UP,MID_RANGE,NEUTRAL,S0_NEUTRAL,,,,,50.0,50.0,52.0,52.0,65.55,65.55,509.0,58.0,0.0,0.0,0.0,232.6,232.6,,,,,,,182.19,-38.01,False
151,CBOE,Financial Data & Stock Exchanges,36.1,52.0,-26.5,-10.8,-12.1,-5.9,-2.2,4.7,8.6,29.7,38.4,36.1,121.0,-55.4,1.2,77.7,16.81603833101232,185.4,161.0,161.0,169.0,169.0,28.43,28.43,235.93,235.93,-53,10.385158340012369,EARLY_DOWN,UPPER_RANGE,MOMENTUM_DOWN,S5_TRASH,,,,,161.0,161.0,169.0,169.0,28.43,28.43,313.0,4.0,0.0,25.0,0.0,235.93,235.93,,,,,,,371.18,-23.19,False
152,AIZ,Insurance - Property & Casualty,13.1,40.8,0.2,1.5,0.3,-1.7,0.4,-2.6,-2.2,-3.7,-1.5,13.1,67.4,-23.8,1.4,36.8,25.63938586151236,162.4,187.0,187.0,195.0,195.0,43.33,43.33,236.93,236.93,-15,0.15627424923779998,EARLY_DOWN,MID_RANGE,MOMENTUM_DOWN,S5_TRASH,,,,,187.0,187.0,195.0,195.0,43.33,43.33,175.0,0.0,0.0,25.0,0.0,236.93,236.93,,,,,,,260.965,-4.81,False
153,491010.KS,Global AI Power Active,100.0,93.8,2.6,6.5,19.7,38.1,62.0,,,,,100.0,71.7,-15.5,1.6,15.0,0.7043786724713061,122.0,236.0,236.0,125.0,125.0,17.5,17.5,237.7,237.7,6,0.015524968472704015,STRONG_UP,OVEREXTENDED,MOMENTUM_DOWN,S3_LATE_EXHAUSTION,,,,,236.0,236.0,125.0,125.0,17.5,17.5,44.0,0.0,50.0,12.0,0.0,237.7,237.7,,,,,,,34865.0,-1.05,False
154,WMT,Hypermarkets & Super Centers,76.8,58.2,1.9,-6.6,-13.3,-10.8,-5.9,2.4,19.7,40.8,43.4,76.8,152.9,-28.0,1.2,155.8,42.40523789842626,226.1,136.0,136.0,140.0,140.0,30.55,30.55,237.7,237.7,-15,6.021842536384071,STRONG_DOWN,UPPER_RANGE,MOMENTUM_DOWN,S5_TRASH,,,,,136.0,136.0,140.0,140.0,30.55,30.55,357.0,20.0,0.0,25.0,0.0,237.7,237.7,,,,,,,135.155,-13.51,False
155,PGR,Property & Casualty Insurance,125.5,41.2,1.8,-3.3,-10.2,-10.8,-17.4,-26.9,-22.5,-2.3,18.1,125.5,319.6,-10.0,1.4,498.6,293.429763131805,274.8,112.0,112.0,114.0,114.0,45.89,45.89,239.99,239.99,6,21.64856698171127,STRONG_DOWN,MID_RANGE,MOMENTUM_DOWN,S5_TRASH,,,,,112.0,112.0,114.0,114.0,45.89,45.89,380.0,40.0,0.0,25.0,0.0,239.99,239.99,,,,,,,248.17,-22.05,False
156,ETR,Electric Utilities,23.5,63.8,-0.2,-3.6,-8.8,-2.6,1.1,14.6,31.9,34.4,25.1,23.5,72.9,-62.1,1.2,32.5,-4.194947072040084,172.8,173.0,173.0,180.0,180.0,27.76,27.76,240.31,240.31,-25,0.05470242463777186,STRONG_DOWN,UPPER_RANGE,MOMENTUM_DOWN,S5_TRASH,,,,,173.0,173.0,180.0,180.0,27.76,27.76,228.0,4.0,0.0,25.0,0.0,240.31,240.31,,,,,,,118.445,-8.26,False
157,NXPI,Semiconductors,14.4,66.8,0.8,4.2,22.4,30.2,31.1,21.4,10.0,3.4,12.6,14.4,56.6,-69.4,1.8,-52.2,-7.634916310045265,163.7,184.0,184.0,191.0,191.0,36.98,36.98,242.68,242.68,-12,-1.257663075063527,STRONG_UP,UPPER_RANGE,MOMENTUM_DOWN,S0_NEUTRAL,,,,,184.0,184.0,191.0,191.0,36.98,36.98,60.0,0.0,0.0,0.0,0.0,242.68,242.68,,,,,,,339.95,-5.32,False
158,PKG,Packaging & Containers,16.2,40.4,6.2,0.0,-5.1,-3.5,-4.1,-10.7,-9.3,-1.8,8.4,16.2,85.1,-30.1,1.3,67.7,57.7274304992756,165.5,183.0,183.0,190.0,190.0,82.22,82.22,242.77,242.77,19,-15.393870365705737,STRONG_UP,MID_RANGE,MOMENTUM_UP,S1_LEADER,,,,,183.0,183.0,190.0,190.0,82.22,82.22,220.0,4.0,0.0,-6.0,0.0,242.77,242.77,,,,,,,249.51,-10.07,False
159,MSI,Public Safety Technology,44.7,28.5,2.1,-5.6,-14.3,-10.0,-16.8,-27.2,-28.3,-22.3,-10.7,44.7,183.0,-10.2,1.3,346.8,288.21814159698397,194.0,155.0,155.0,159.0,159.0,75.89,75.89,245.09,245.09,28,19.260595827753264,EARLY_UP,MID_RANGE,NEUTRAL,S0_NEUTRAL,,,,,155.0,155.0,159.0,159.0,75.89,75.89,409.0,14.0,0.0,0.0,0.0,245.09,245.09,,,,,,,490.24,-16.7,False
160,MNST,Beverages - Non-Alcoholic,-9.0,61.7,3.0,5.7,3.3,3.7,11.4,22.3,11.1,5.2,0.8,-9.0,35.7,-79.6,1.4,0.0,-26.46129537137389,140.3,211.0,211.0,223.0,223.0,53.12,53.12,245.52,245.52,33,1.8749387633464316,STRONG_UP,UPPER_RANGE,MOMENTUM_DOWN,S0_NEUTRAL,,,,,211.0,211.0,223.0,223.0,53.12,53.12,121.0,0.0,0.0,0.0,0.0,245.52,245.52,,,,,,,89.86,-0.91,False
161,F,Auto Manufacturers,-23.0,36.2,-12.7,11.9,11.8,12.4,20.4,27.5,14.6,-2.3,14.0,-23.0,98.7,-91.2,1.4,0.0,-85.2751734274687,126.3,228.0,228.0,244.0,244.0,47.37,47.37,250.62,250.62,-15,-13.518281058435889,STRONG_UP,MID_RANGE,MOMENTUM_DOWN,S0_NEUTRAL,,,,,228.0,228.0,244.0,244.0,47.37,47.37,81.0,0.0,0.0,0.0,0.0,250.62,250.62,,,,,,,17.78,-11.64,False
162,MSTR,Enterprise Software,277.5,16.1,-6.4,-24.1,-18.1,-23.0,-50.1,-61.9,-12.6,72.8,189.5,277.5,2076.0,-66.6,1.6,5947.8,4365.059488952255,426.8,65.0,65.0,68.0,68.0,49.78,49.78,251.28,251.28,-55,898.9511956905039,STRONG_DOWN,LOWER,MOMENTUM_DOWN,S5_TRASH,,,,,65.0,65.0,68.0,68.0,49.78,49.78,567.0,58.0,0.0,25.0,0.0,251.28,251.28,,,,,,,365.21,-65.35,False
163,457480.KS,Tesla Value Chain,40.3,48.7,-7.1,0.4,1.4,2.5,15.1,35.6,40.0,,,40.3,24.9,-57.4,1.5,0.0,-27.340294435580685,81.8,315.0,315.0,164.0,164.0,17.5,17.5,251.95,251.95,0,-4.984950135316126,STRONG_UP,MID_RANGE,MOMENTUM_DOWN,S0_NEUTRAL,,,,,315.0,315.0,164.0,164.0,17.5,17.5,132.0,0.0,26.0,0.0,0.0,251.95,251.95,,,,,,,25895.0,-5.35,False
164,GM,Automobiles,-17.1,55.1,-3.0,1.3,-2.4,-4.3,10.2,24.8,38.7,27.2,19.0,-17.1,32.7,-83.2,1.9,0.0,-42.8605188100606,132.2,217.0,217.0,233.0,233.0,47.3,47.3,252.1,252.1,-9,-5.284196190932654,STRONG_UP,UPPER_RANGE,NEUTRAL,S0_NEUTRAL,,,,,217.0,217.0,233.0,233.0,47.3,47.3,163.0,0.0,0.0,0.0,0.0,252.1,252.1,,,,,,,87.6,-6.74,False
165,INTC,Semiconductors,84.9,81.5,-1.9,6.1,67.2,109.6,212.4,276.6,229.3,188.3,130.4,84.9,141.0,-158.8,2.4,-126.5,-45.2341993582933,234.2,132.0,132.0,136.0,136.0,47.82,47.82,253.82,253.82,-17,-8.722542800220822,EARLY_DOWN,OVEREXTENDED,MOMENTUM_DOWN,S5_TRASH,,,,,132.0,132.0,136.0,136.0,47.82,47.82,10.0,0.0,0.0,25.0,0.0,253.82,253.82,,,,,,,132.75,-15.1,False
166,DVA,Healthcare,-20.1,64.5,1.3,13.6,14.2,34.2,30.2,13.2,13.4,12.0,6.0,-20.1,29.9,-109.4,2.1,0.0,-16.122850858340918,129.2,223.0,223.0,240.0,240.0,41.92,41.92,254.42,254.42,6,-1.2979765993210197,EARLY_DOWN,UPPER_RANGE,MOMENTUM_DOWN,S5_TRASH,,,,,223.0,223.0,240.0,240.0,41.92,41.92,59.0,0.0,0.0,25.0,0.0,254.42,254.42,,,,,,,202.69,-3.78,False
167,DOGE-USD,Cryptocurrency,1074.4,5.0,-0.5,-14.3,-14.0,-22.6,-45.5,-61.5,-61.5,-81.6,683.5,1074.4,22199.9,-45.9,1.5,46987.2,4975.664692487651,1188.8,19.0,19.0,18.0,18.0,81.64,81.64,256.79,256.79,-20,-19.47500512665465,EARLY_DOWN,LOWER,MOMENTUM_DOWN,S5_TRASH,,,,,19.0,19.0,18.0,18.0,81.64,81.64,550.0,58.0,0.0,25.0,0.0,256.79,256.79,,,,,,,0.27,-65.91,False
168,NTRS,Custody Banks & Asset Management,-17.3,64.9,4.4,-0.8,2.6,6.6,12.9,34.6,50.8,34.5,20.3,-17.3,22.7,-90.2,1.5,0.0,-36.85401926008598,132.0,219.0,219.0,236.0,236.0,58.4,58.4,257.75,257.75,10,-0.6601599222478143,STRONG_UP,UPPER_RANGE,MOMENTUM_DOWN,S0_NEUTRAL,,,,,219.0,219.0,236.0,236.0,58.4,58.4,126.0,0.0,0.0,0.0,0.0,257.75,257.75,,,,,,,173.185,-2.73,False
169,DDOG,Software-Infrastructure,88.9,60.2,1.3,32.1,68.4,68.4,65.4,68.7,66.3,59.2,,88.9,147.3,-87.1,1.8,-63.5,-17.944712342737503,175.3,170.0,170.0,132.0,132.0,61.37,61.37,258.22,258.22,16,7.873783692612818,STRONG_UP,UPPER_RANGE,NEUTRAL,S0_NEUTRAL,,,,,170.0,170.0,132.0,132.0,61.37,61.37,17.0,0.0,11.0,0.0,0.0,258.22,258.22,,,,,,,278.705,-10.18,False
170,JBHT,Airlines,-11.7,67.6,2.6,4.6,9.2,21.2,47.4,45.7,27.1,6.5,4.4,-11.7,39.4,-116.6,2.5,0.0,-34.891903059428394,137.6,214.0,214.0,227.0,227.0,71.77,71.77,258.82,258.82,12,5.1474909233555195,STRONG_UP,UPPER_RANGE,NEUTRAL,S0_NEUTRAL,,,,,214.0,214.0,227.0,227.0,71.77,71.77,67.0,0.0,0.0,0.0,0.0,258.82,258.82,,,,,,,281.62,-0.56,False
171,MCK,Healthcare Distribution,125.7,51.9,-0.4,-6.2,-19.4,-20.3,-19.2,-14.6,-12.0,23.4,89.9,125.7,285.1,-46.0,1.1,360.3,132.63134301294568,275.0,111.0,111.0,113.0,113.0,49.78,49.78,259.43,259.43,-7,14.143944750863355,STRONG_DOWN,UPPER_RANGE,MOMENTUM_UP,S0_NEUTRAL,,,,,111.0,111.0,113.0,113.0,49.78,49.78,476.0,58.0,0.0,0.0,0.0,259.43,259.43,,,,,,,999.0,-25.97,False
172,TEL,Electronic Components,-7.0,40.3,6.8,3.1,-4.4,-7.6,-6.9,5.6,5.0,-1.7,-0.9,-7.0,51.0,-45.6,1.6,0.0,-25.0252035499492,142.3,208.0,208.0,220.0,220.0,55.96,55.96,259.96,259.96,71,13.950646623172833,EARLY_UP,MID_RANGE,MOMENTUM_UP,S2_EARLY_BREAKOUT,,,,,208.0,208.0,220.0,220.0,55.96,55.96,238.0,0.0,0.0,-4.0,0.0,259.96,259.96,,,,,,,252.56,-13.53,False
173,DHI,Residential Construction,24.9,20.8,-1.9,-4.7,-9.9,-11.5,-15.3,-25.5,-35.0,-27.7,-15.9,24.9,205.9,-22.5,1.5,306.2,340.84712542854896,174.2,172.0,172.0,179.0,179.0,80.37,80.37,260.17,260.17,17,29.301521709216217,EARLY_UP,MID_RANGE,NEUTRAL,S0_NEUTRAL,,,,,172.0,172.0,179.0,179.0,80.37,80.37,378.0,22.0,0.0,0.0,0.0,260.17,260.17,,,,,,,176.22,-18.0,False
174,FFIV,Enterprise Technology,2.0,78.1,13.1,12.0,21.4,33.0,26.2,34.5,46.9,44.5,37.1,2.0,27.0,-84.3,1.4,-43.8,-16.86576576142944,151.3,197.0,197.0,207.0,207.0,47.85,47.85,261.05,261.05,-20,5.963577274150559,STRONG_UP,UPPER_RANGE,MOMENTUM_DOWN,S0_NEUTRAL,,,,,197.0,197.0,207.0,207.0,47.85,47.85,57.0,0.0,0.0,0.0,0.0,261.05,261.05,,,,,,,411.515,-1.42,False
175,FANG,Oil & Gas E&P,16.3,60.9,12.0,1.6,2.6,12.2,20.7,6.2,-3.9,4.3,70.2,16.3,98.2,-109.7,1.3,-30.6,7.4214818303071635,165.6,181.0,181.0,188.0,188.0,61.67,61.67,261.97,261.97,34,4.697565734166245,EARLY_DOWN,UPPER_RANGE,MOMENTUM_UP,S0_NEUTRAL,,,,,181.0,181.0,188.0,188.0,61.67,61.67,97.0,0.0,0.0,0.0,0.0,261.97,261.97,,,,,,,214.51,-1.83,False
176,FER,Infrastructure,27.3,59.9,-4.3,-4.1,-11.2,-10.3,-3.4,12.0,20.4,41.4,35.8,27.3,84.6,-59.5,1.2,49.5,-1.0726335285697026,176.6,168.0,168.0,176.0,176.0,27.96,27.96,265.11,265.11,-50,0.12877789974728837,STRONG_DOWN,UPPER_RANGE,MOMENTUM_DOWN,S5_TRASH,,,,,168.0,168.0,176.0,176.0,27.96,27.96,311.0,20.0,0.0,25.0,0.0,265.11,265.11,,,,,,,74.79,-11.23,False
177,BX,Asset Management,156.9,28.7,-4.2,-11.2,-13.4,-22.4,-33.9,-45.3,-49.7,-51.8,-16.2,156.9,591.0,-17.7,1.3,1161.5,859.6943815224172,306.2,101.0,101.0,104.0,104.0,46.44,46.44,265.69,265.69,2,128.86716033142818,STRONG_DOWN,MID_RANGE,MOMENTUM_DOWN,S5_TRASH,,,,,101.0,101.0,104.0,104.0,46.44,46.44,516.0,58.0,0.0,25.0,0.0,265.69,265.69,,,,,,,178.29,-38.15,False
178,LIN,Industrial Gases,17.3,32.4,5.0,-1.0,-6.1,0.0,-3.8,-12.2,-21.3,-21.7,-16.6,17.3,97.5,-20.7,1.5,99.5,96.7034911568227,166.6,178.0,178.0,185.0,185.0,86.83,86.83,268.38,268.38,-10,-3.243953330123844,EARLY_DOWN,MID_RANGE,MOMENTUM_DOWN,S5_TRASH,,,,,178.0,178.0,185.0,185.0,86.83,86.83,209.0,4.0,0.0,25.0,0.0,268.38,268.38,,,,,,,521.28,-2.63,False
179,MELI,Internet Retail,93.1,18.4,-2.2,-10.4,-14.3,-21.5,-35.1,-41.7,-46.0,-45.7,-49.2,93.1,549.4,-11.6,1.4,1334.3,1051.2172087928338,242.4,126.0,126.0,129.0,129.0,66.17,66.17,270.22,270.22,1,125.59756645006985,EARLY_UP,LOWER,NEUTRAL,S0_NEUTRAL,,,,,126.0,126.0,129.0,129.0,66.17,66.17,517.0,58.0,0.0,0.0,0.0,270.22,270.22,,,,,,,2548.5,-35.71,False
180,AME,Electronic Instruments & Controls,6.3,41.0,5.0,-1.4,-7.0,-4.1,-0.3,-1.0,-8.7,-11.1,-11.3,6.3,46.1,-21.9,2.0,16.2,11.168060656241641,155.6,191.0,191.0,201.0,201.0,87.72,87.72,270.57,270.57,15,-2.0322428520565285,EARLY_UP,MID_RANGE,MOMENTUM_UP,S2_EARLY_BREAKOUT,,,,,191.0,191.0,201.0,201.0,87.72,87.72,222.0,4.0,0.0,-4.0,0.0,270.57,270.57,,,,,,,243.18,-6.15,False
181,MCHP,Semiconductors,-19.4,51.0,3.3,3.1,15.9,28.8,32.4,27.1,4.0,-13.5,-19.6,-19.4,64.3,-105.7,1.7,0.0,-42.509926241824175,129.9,222.0,222.0,238.0,238.0,78.04,78.04,270.64,270.64,11,0.8524844954207467,STRONG_UP,UPPER_RANGE,MOMENTUM_DOWN,S0_NEUTRAL,,,,,222.0,222.0,238.0,238.0,78.04,78.04,68.0,0.0,0.0,0.0,0.0,270.64,270.64,,,,,,,105.91,-8.84,False
182,SOL-USD,Cryptocurrency,763.0,6.7,-1.3,-14.4,-20.9,-32.8,-53.7,-71.2,-41.7,-21.5,,763.0,11126.9,-44.7,1.5,28340.8,4937.762109784788,840.2,35.0,35.0,32.0,32.0,74.0,74.0,270.85,270.85,-1,-47.85713599193423,STRONG_DOWN,LOWER,MOMENTUM_DOWN,S5_TRASH,,,,,35.0,35.0,32.0,32.0,74.0,74.0,570.0,58.0,11.0,25.0,0.0,270.85,270.85,,,,,,,237.3225,-69.67,False
183,BG,Food Products,-17.4,42.0,8.8,1.2,-2.8,8.2,23.6,21.8,4.8,-11.9,4.9,-17.4,82.2,-88.8,2.0,0.0,-60.61898410916055,131.9,220.0,220.0,237.0,237.0,77.86,77.86,274.51,274.51,54,20.28241420150931,EARLY_UP,MID_RANGE,MOMENTUM_UP,S2_EARLY_BREAKOUT,,,,,220.0,220.0,237.0,237.0,77.86,77.86,109.0,0.0,0.0,-4.0,0.0,274.51,274.51,,,,,,,134.865,-2.56,False
184,MO,Tobacco,-6.8,67.9,3.7,-3.7,-5.8,1.0,1.9,8.7,21.2,25.0,32.1,-6.8,23.0,-68.4,1.3,0.0,-12.642866794809672,142.5,207.0,207.0,219.0,219.0,48.16,48.16,276.11,276.11,-28,-2.4181967692578485,EARLY_DOWN,UPPER_RANGE,MOMENTUM_DOWN,S5_TRASH,,,,,207.0,207.0,219.0,219.0,48.16,48.16,194.0,4.0,0.0,25.0,0.0,276.11,276.11,,,,,,,74.555,-5.71,False
185,XOM,Integrated Oil & Gas,19.0,58.1,7.5,-1.1,-8.0,0.7,12.3,11.1,3.5,14.2,50.1,19.0,94.8,-84.9,1.5,-3.1,-3.321642504006952,168.3,176.0,176.0,183.0,183.0,32.14,32.14,276.14,276.14,57,0.20907465226205213,EARLY_DOWN,UPPER_RANGE,MOMENTUM_DOWN,S5_TRASH,,,,,176.0,176.0,183.0,183.0,32.14,32.14,168.0,4.0,0.0,25.0,0.0,276.14,276.14,,,,,,,176.395,-13.53,False
186,RSG,Environmental Services,11.2,12.7,3.5,-1.8,-11.7,-12.7,-20.9,-28.3,-31.6,-27.5,-18.8,11.2,149.9,-8.6,1.7,630.2,610.2122073052486,160.5,188.0,188.0,196.0,196.0,46.44,46.44,276.19,276.19,24,19.652571359033004,STRONG_DOWN,LOWER,MOMENTUM_DOWN,S5_TRASH,,,,,188.0,188.0,196.0,196.0,46.44,46.44,415.0,40.0,0.0,25.0,0.0,276.19,276.19,,,,,,,233.42,-12.52,False
187,KKR,Asset Management,88.2,21.4,-4.1,-10.7,-11.0,-21.5,-34.3,-48.3,-45.4,-38.3,-9.6,88.2,478.9,-17.5,1.4,1165.3,1026.4559201414468,237.5,129.0,129.0,133.0,133.0,46.44,46.44,276.19,276.19,-1,125.07252591903432,STRONG_DOWN,MID_RANGE,MOMENTUM_DOWN,S5_TRASH,,,,,129.0,129.0,133.0,133.0,46.44,46.44,508.0,58.0,0.0,25.0,0.0,276.19,276.19,,,,,,,144.84,-37.5,False
188,456680.KS,US AI Power,44.3,62.0,0.2,-5.0,-2.2,2.3,21.1,54.0,47.5,,,44.3,33.0,-88.2,1.4,0.0,-25.731678488565116,85.8,306.0,306.0,160.0,160.0,19.36,19.36,276.36,276.36,9,-0.6870002515865643,STRONG_DOWN,UPPER_RANGE,MOMENTUM_DOWN,S5_TRASH,,,,,306.0,306.0,160.0,160.0,19.36,19.36,140.0,0.0,26.0,25.0,0.0,276.36,276.36,,,,,,,12985.0,-11.82,False
189,INSM,Biotechnology,177.1,34.4,-1.8,-14.1,-30.1,-39.4,-33.8,-12.4,72.4,147.8,149.3,177.1,673.7,-82.7,1.2,960.2,318.3689061217638,326.4,93.0,93.0,95.0,95.0,48.77,48.77,277.57,277.57,-29,33.398319908998474,STRONG_DOWN,MID_RANGE,NEUTRAL,S5_TRASH,,,,,93.0,93.0,95.0,95.0,48.77,48.77,569.0,58.0,0.0,25.0,0.0,277.57,277.57,,,,,,,212.75,-51.18,False
190,CHRW,Trucking,2.0,65.2,2.6,-0.8,-5.4,-4.8,15.4,37.8,50.4,38.3,29.6,2.0,52.0,-90.7,1.7,-42.8,-33.18460283517465,151.3,197.0,197.0,207.0,207.0,43.05,43.05,278.95,278.95,-15,5.494628460554168,STRONG_UP,UPPER_RANGE,NEUTRAL,S0_NEUTRAL,,,,,197.0,197.0,207.0,207.0,43.05,43.05,165.0,4.0,0.0,0.0,0.0,278.95,278.95,,,,,,,203.34,-11.11,False
191,LII,HVAC Equipment,-29.1,14.2,4.3,-1.2,-6.5,-5.8,-15.3,-29.4,-31.6,-16.0,-24.0,-29.1,101.7,-50.5,1.7,0.0,219.22901665455183,120.2,240.0,240.0,258.0,258.0,73.67,73.67,281.47,281.47,49,-168.5737121093653,EARLY_UP,LOWER,MOMENTUM_UP,S4_BOTTOMING,,,,,240.0,240.0,258.0,258.0,73.67,73.67,310.0,14.0,0.0,-2.0,0.0,281.47,281.47,,,,,,,575.5,-10.46,False
192,RTX,Aerospace & Defense,-3.2,42.6,-7.0,-2.2,-13.1,-13.7,-9.4,5.2,19.7,21.4,23.6,-3.2,73.4,-59.3,1.2,0.0,-3.0481810518828407,146.1,204.0,204.0,216.0,216.0,41.88,41.88,282.43,282.43,-9,14.119575281057012,EARLY_UP,MID_RANGE,MOMENTUM_DOWN,S0_NEUTRAL,,,,,204.0,204.0,216.0,216.0,41.88,41.88,367.0,20.0,0.0,0.0,0.0,282.43,282.43,,,,,,,214.5,-19.56,False
193,COP,Oil & Gas,13.2,33.9,4.7,-2.2,-7.9,1.5,6.3,-4.1,-20.5,-22.6,13.7,13.2,179.6,-71.5,1.4,17.2,46.72513906579487,162.5,186.0,186.0,194.0,194.0,90.44,90.44,283.84,283.84,14,-7.665342252552527,STRONG_DOWN,MID_RANGE,MOMENTUM_DOWN,S5_TRASH,,,,,186.0,186.0,194.0,194.0,90.44,90.44,184.0,4.0,0.0,25.0,0.0,283.84,283.84,,,,,,,135.87,-12.38,False
194,CRH,Building Materials,50.0,49.6,-4.1,-6.6,-12.5,-17.3,-17.3,-15.7,-8.0,25.7,44.2,50.0,147.4,-45.2,1.2,196.2,77.85594095371079,199.3,150.0,150.0,154.0,154.0,54.22,54.22,284.27,284.27,-5,-1.0272458542330156,EARLY_UP,MID_RANGE,NEUTRAL,S0_NEUTRAL,,,,,150.0,150.0,154.0,154.0,54.22,54.22,435.0,58.0,0.0,0.0,0.0,284.27,284.27,,,,,,,131.55,-19.51,False
195,AFL,Insurance - Life,-0.4,42.8,4.6,0.0,-4.5,-5.1,-6.9,-14.2,-14.3,-4.0,6.6,-0.4,67.0,-50.0,1.4,52.3,39.812162750021805,148.9,200.0,200.0,212.0,212.0,82.78,82.78,286.73,286.73,34,-2.4379071373029575,EARLY_DOWN,MID_RANGE,MOMENTUM_DOWN,S5_TRASH,,,,,200.0,200.0,212.0,212.0,82.78,82.78,239.0,0.0,0.0,25.0,0.0,286.73,286.73,,,,,,,119.81,-4.43,False
196,IRDM,Satellite Communications,17.2,42.4,-3.9,11.2,43.4,95.8,96.9,72.1,36.5,-7.1,-24.2,17.2,235.3,-142.6,3.4,-185.8,-70.99560448643062,166.5,179.0,179.0,186.0,186.0,79.86,79.86,287.61,287.61,-23,-6.074259953156584,STRONG_UP,MID_RANGE,MOMENTUM_DOWN,S0_NEUTRAL,,,,,179.0,179.0,186.0,186.0,79.86,79.86,16.0,0.0,0.0,0.0,0.0,287.61,287.61,,,,,,,53.8299,-9.03,False
197,JOBY,Airports & Air Services,0.7,21.7,-2.6,7.5,10.4,-1.3,-13.7,20.9,17.7,14.0,,0.7,149.0,-87.6,1.7,0.0,-86.63046737630854,67.8,352.0,352.0,209.0,209.0,28.72,28.72,289.82,289.82,-28,-16.007683139611345,STRONG_UP,MID_RANGE,MOMENTUM_DOWN,S0_NEUTRAL,,,,,352.0,352.0,209.0,209.0,28.72,28.72,164.0,10.0,11.0,0.0,0.0,289.82,289.82,,,,,,,19.98,-42.79,False
198,DAL,Industrials,-61.6,34.7,-6.6,3.4,4.6,6.2,16.5,19.4,22.0,23.6,1.4,-61.6,13.2,-100.5,1.7,0.0,-120.67037056652572,87.7,304.0,304.0,332.0,332.0,45.67,45.67,291.22,291.22,-7,-21.870960016073965,STRONG_UP,MID_RANGE,NEUTRAL,S0_NEUTRAL,,,,,304.0,304.0,332.0,332.0,45.67,45.67,107.0,0.0,0.0,0.0,0.0,291.22,291.22,,,,,,,83.83,-6.02,False
199,UAL,Industrials,-60.4,37.9,-10.3,1.8,-3.0,-6.0,-3.4,11.5,28.1,34.5,12.2,-60.4,37.9,-119.5,1.3,0.0,-81.3456445002284,88.9,299.0,299.0,327.0,327.0,36.55,36.55,292.15,292.15,-25,-21.00777511944625,STRONG_UP,MID_RANGE,NEUTRAL,S0_NEUTRAL,,,,,299.0,299.0,327.0,327.0,36.55,36.55,205.0,0.0,0.0,0.0,0.0,292.15,292.15,,,,,,,119.21,-11.8,False
200,AMP,Asset Management,50.5,30.9,-1.2,-5.5,-10.3,-14.4,-21.6,-31.6,-35.1,-30.6,2.1,50.5,218.6,-24.3,1.3,408.4,310.2970195014968,199.8,149.0,149.0,153.0,153.0,75.33,75.33,293.78,293.78,30,4.445818516073643,STRONG_DOWN,MID_RANGE,MOMENTUM_DOWN,S5_TRASH,,,,,149.0,149.0,153.0,153.0,75.33,75.33,428.0,40.0,0.0,25.0,0.0,293.78,293.78,,,,,,,550.18,-19.86,False
201,ALL,Insurance - Property & Casualty,-10.7,39.0,5.6,-2.9,-7.3,-7.3,-10.0,-13.4,-6.3,-3.4,-4.8,-10.7,53.0,-50.7,1.4,0.0,26.774262331777845,138.6,212.0,212.0,225.0,225.0,64.78,64.78,294.58,294.58,24,-1.5286014434401949,STRONG_DOWN,MID_RANGE,MOMENTUM_DOWN,S5_TRASH,,,,,212.0,212.0,225.0,225.0,64.78,64.78,302.0,4.0,0.0,25.0,0.0,294.58,294.58,,,,,,,227.62,-8.03,False
202,SNA,Tools & Accessories,-13.0,40.8,6.8,-0.6,-6.0,-4.1,-2.2,-4.6,-9.2,-4.2,6.4,-13.0,29.6,-41.8,1.4,0.0,-0.0,136.3,215.0,215.0,229.0,229.0,93.67,93.67,295.77,295.77,16,-0.0,EARLY_UP,MID_RANGE,MOMENTUM_UP,S2_EARLY_BREAKOUT,,,,,215.0,215.0,229.0,229.0,93.67,93.67,223.0,4.0,0.0,-4.0,0.0,295.77,295.77,,,,,,,400.88,-5.86,False
203,EOG,Oil & Gas E&P,-31.7,38.1,7.9,0.7,-1.8,9.2,11.1,1.8,-10.1,-11.5,21.7,-31.7,74.9,-96.5,1.5,0.0,-38.34223696233596,117.5,247.0,247.0,265.0,265.0,84.65,84.65,296.05,296.05,70,7.100383811231211,EARLY_DOWN,MID_RANGE,MOMENTUM_UP,S4_BOTTOMING,,,,,247.0,247.0,265.0,265.0,84.65,84.65,133.0,0.0,0.0,-2.0,0.0,296.05,296.05,,,,,,,151.87,-6.83,False
204,DRI,Restaurants,-8.7,41.0,-5.0,-2.0,-7.3,-3.7,-8.6,-7.8,-13.8,-13.0,-7.6,-8.7,62.3,-57.3,1.4,0.0,16.130869170441166,140.6,210.0,210.0,222.0,222.0,94.37,94.37,296.62,296.62,-6,3.17213669754212,STRONG_UP,MID_RANGE,MOMENTUM_DOWN,S0_NEUTRAL,,,,,210.0,210.0,222.0,222.0,94.37,94.37,263.0,4.0,0.0,0.0,0.0,296.62,296.62,,,,,,,220.65,-10.14,False
205,ORLY,Auto Parts,37.3,42.5,1.1,-6.4,-12.5,-15.6,-21.9,-23.5,-27.8,-18.4,0.4,37.3,154.4,-48.4,1.2,247.6,125.53197935470999,186.6,159.0,159.0,167.0,167.0,41.44,41.44,297.04,297.04,6,18.59039218323703,STRONG_DOWN,MID_RANGE,MOMENTUM_DOWN,S5_TRASH,,,,,159.0,159.0,167.0,167.0,41.44,41.44,443.0,58.0,0.0,25.0,0.0,297.04,297.04,,,,,,,108.72,-19.63,False
206,DOV,Diversified Machinery,-4.3,35.3,4.4,-3.0,-7.9,-3.8,0.1,-6.8,-10.0,-19.2,-21.6,-4.3,62.8,-40.4,2.0,0.0,19.92161438414393,145.0,205.0,205.0,217.0,217.0,107.92,107.92,297.77,297.77,15,-2.7596814594411363,EARLY_UP,MID_RANGE,MOMENTUM_UP,S2_EARLY_BREAKOUT,,,,,205.0,205.0,217.0,217.0,107.92,107.92,234.0,4.0,0.0,-4.0,0.0,297.77,297.77,,,,,,,237.54,-10.12,False
207,160580.KS,Copper,-39.6,35.9,9.3,3.7,1.1,2.3,11.5,12.3,8.2,-5.4,-9.6,-39.6,32.3,-78.9,1.7,0.0,-88.63225979786569,111.5,259.0,259.0,285.0,285.0,72.13,72.13,300.03,300.03,67,34.377496919422555,STRONG_UP,MID_RANGE,MOMENTUM_DOWN,S0_NEUTRAL,,,,,259.0,259.0,285.0,285.0,72.13,72.13,135.0,0.0,0.0,0.0,0.0,300.03,300.03,,,,,,,17915.0,-2.93,False
208,GLD,Gold (ETF),5.1,45.2,-3.6,-4.3,-14.0,-12.5,-3.9,12.6,23.4,31.7,22.1,5.1,82.5,-58.5,1.4,29.7,-21.352816639261725,154.4,193.0,193.0,204.0,204.0,39.29,39.29,300.24,300.24,5,-0.7357940674137637,STRONG_DOWN,MID_RANGE,MOMENTUM_DOWN,S5_TRASH,,,,,193.0,193.0,204.0,204.0,39.29,39.29,350.0,20.0,0.0,25.0,0.0,300.24,300.24,,,,,,,509.7,-19.98,False
209,IVZ,Asset Management,-52.8,46.5,-8.7,-1.2,-3.5,-3.5,11.6,29.8,33.9,14.2,15.1,-52.8,8.3,-104.9,1.8,0.0,-84.37804260043039,96.5,281.0,281.0,306.0,306.0,60.45,60.45,301.9,301.9,-7,-12.543079411683976,STRONG_UP,MID_RANGE,MOMENTUM_DOWN,S0_NEUTRAL,,,,,281.0,281.0,306.0,306.0,60.45,60.45,166.0,0.0,0.0,0.0,0.0,301.9,301.9,,,,,,,29.61,-9.02,False
210,XRP-USD,Cryptocurrency,39.6,10.2,-2.5,-11.2,-17.5,-28.7,-48.5,-23.7,-1.2,10.8,55.8,39.6,898.4,-75.3,1.5,2789.5,1843.7938625764937,154.0,194.0,194.0,165.0,165.0,45.93,45.93,302.78,302.78,-11,361.83019891660524,STRONG_DOWN,LOWER,MOMENTUM_DOWN,S5_TRASH,,,,,194.0,194.0,165.0,165.0,45.93,45.93,561.0,58.0,0.0,25.0,0.0,302.78,302.78,,,,,,,3.0993,-60.96,False
211,Q,Technology,43.1,100.0,6.1,43.7,45.6,,,,,,,43.1,46.3,-16.0,1.7,5.3,5.3,43.4,428.0,428.0,162.0,162.0,17.5,17.5,303.45,303.45,9,0.0,,,,,,,,,428.0,428.0,162.0,162.0,17.5,17.5,63.0,0.0,71.0,0.0,0.0,303.45,303.45,32602489248.11,32.602,308.0,other,equity,data_raw,171.52,-9.63,False
212,BLDR,Building Materials,25.5,7.6,-0.9,-3.9,-17.4,-28.2,-42.5,-63.5,-82.2,-80.3,-43.7,25.5,761.1,-34.7,1.4,2967.8,4094.585812461208,174.8,171.0,171.0,178.0,178.0,80.4,80.4,303.55,303.55,4,325.9822022295034,EARLY_UP,LOWER,NEUTRAL,S0_NEUTRAL,,,,,171.0,171.0,178.0,178.0,80.4,80.4,546.0,58.0,0.0,0.0,0.0,303.55,303.55,,,,,,,131.5,-43.53,False
213,NDAQ,Financial Exchanges,3.6,17.8,-18.1,-7.7,-9.8,-13.3,-16.4,-13.5,-8.6,-18.9,-15.6,3.6,76.6,-11.7,1.4,232.5,126.4400975819589,152.9,195.0,195.0,205.0,205.0,73.8,73.8,304.1,304.1,-46,66.22692127058028,EARLY_DOWN,LOWER,MOMENTUM_DOWN,S5_TRASH,,,,,195.0,195.0,205.0,205.0,73.8,73.8,403.0,22.0,0.0,25.0,0.0,304.1,304.1,,,,,,,101.79,-14.72,False
214,WRB,Property & Casualty Insurance,14.0,24.8,5.6,-2.1,-9.5,-12.8,-19.6,-20.8,-19.7,-14.6,-7.8,14.0,107.3,-27.7,1.4,245.6,163.16586525925896,163.3,185.0,185.0,192.0,192.0,84.78,84.78,304.78,304.78,50,-9.650687724608474,STRONG_DOWN,MID_RANGE,MOMENTUM_DOWN,S5_TRASH,,,,,185.0,185.0,192.0,192.0,84.78,84.78,391.0,22.0,0.0,25.0,0.0,304.78,304.78,,,,,,,78.96,-17.31,False
215,ETH-USD,Cryptocurrency,121.9,11.7,-2.4,-17.2,-20.5,-29.6,-45.6,-56.0,-65.9,-81.4,56.1,121.9,1484.0,-71.9,1.7,3090.7,3031.9799024405243,236.3,130.0,130.0,115.0,115.0,75.15,75.15,305.15,305.15,-11,503.7377067404623,STRONG_DOWN,LOWER,MOMENTUM_DOWN,S5_TRASH,,,,,130.0,130.0,115.0,115.0,75.15,75.15,566.0,58.0,0.0,25.0,0.0,305.15,305.15,,,,,,,4755.2202,-61.81,False
216,VOO,Unknown,0.0,24.7,0.0,0.5,0.4,0.7,0.4,1.1,1.4,-0.3,-0.1,0.0,7.0,-2.3,1.6,-5.5,-4.6,126.4,227.0,227.0,210.0,210.0,71.04,71.04,305.19,305.19,3,0.0,,,,,,,,,227.0,227.0,210.0,210.0,71.04,71.04,170.0,0.0,0.0,0.0,0.0,305.19,305.19,1600156336128.0,1600.156,,etf,etf,data_raw,699.13,-0.83,False
217,EXPD,Air Freight & Logistics,-35.5,32.2,2.6,1.7,-0.3,-2.3,6.4,3.6,-8.0,-22.5,-29.3,-35.5,44.4,-72.8,1.9,0.0,-70.63142803053655,113.8,254.0,254.0,275.0,275.0,79.31,79.31,305.31,305.31,7,0.3381665330384038,STRONG_UP,MID_RANGE,MOMENTUM_DOWN,S0_NEUTRAL,,,,,254.0,254.0,275.0,275.0,79.31,79.31,160.0,0.0,0.0,0.0,0.0,305.31,305.31,,,,,,,167.19,-5.08,False
218,MCO,Credit Rating & Analytics,-20.9,5.3,-1.4,-4.5,-9.4,-14.4,-20.3,-27.9,-31.9,-37.9,-46.9,-20.9,88.4,-27.0,1.5,0.0,795.7217451190966,128.4,226.0,226.0,243.0,243.0,85.77,85.77,305.42,305.42,36,88.98297850751601,EARLY_UP,LOWER,NEUTRAL,S0_NEUTRAL,,,,,226.0,226.0,243.0,243.0,85.77,85.77,419.0,22.0,0.0,0.0,0.0,305.42,305.42,,,,,,,546.88,-18.01,False
219,CFG,Banks - Regional,-23.5,40.8,-1.5,-3.7,-7.1,-5.9,2.4,12.4,29.3,12.1,8.4,-23.5,47.4,-71.4,1.6,0.0,-55.460019228204125,125.8,229.0,229.0,245.0,245.0,56.21,56.21,306.71,306.71,-23,-5.394925312126176,STRONG_DOWN,MID_RANGE,MOMENTUM_DOWN,S5_TRASH,,,,,229.0,229.0,245.0,245.0,56.21,56.21,229.0,4.0,0.0,25.0,0.0,306.71,306.71,,,,,,,68.79,-10.55,False
220,BAC,Diversified Banks,-27.9,21.0,4.7,-2.0,-4.3,-7.8,-8.0,-4.1,4.2,-8.1,-15.0,-27.9,46.0,-47.9,1.3,0.0,-69.93090386437558,121.3,238.0,238.0,256.0,256.0,77.84,77.84,306.94,306.94,93,45.00334647300362,EARLY_UP,MID_RANGE,MOMENTUM_UP,S2_EARLY_BREAKOUT,,,,,238.0,238.0,256.0,256.0,77.84,77.84,262.0,0.0,0.0,-4.0,0.0,306.94,306.94,,,,,,,57.55,-8.95,False
221,SYF,Consumer Finance,10.0,44.4,-5.7,-8.2,-10.3,-14.8,-15.8,-10.2,6.3,11.4,23.7,10.0,104.4,-64.4,1.3,104.7,33.9144373283897,159.3,189.0,189.0,198.0,198.0,42.53,42.53,307.78,307.78,-51,6.6057929977629115,STRONG_DOWN,MID_RANGE,MOMENTUM_DOWN,S5_TRASH,,,,,189.0,189.0,198.0,198.0,42.53,42.53,418.0,40.0,0.0,25.0,0.0,307.78,307.78,,,,,,,88.77,-22.59,False
222,FOXA,Entertainment,-9.7,35.1,2.4,-3.2,-1.7,-9.0,-8.8,1.9,14.5,7.3,-6.0,-9.7,10.2,-73.0,1.4,0.0,-60.005826308905405,84.6,308.0,308.0,224.0,224.0,65.93,65.93,308.58,308.58,-10,-10.426312100247998,STRONG_UP,MID_RANGE,MOMENTUM_DOWN,S0_NEUTRAL,,,,,308.0,308.0,224.0,224.0,65.93,65.93,261.0,0.0,0.0,0.0,0.0,308.58,308.58,,,,,,,76.39,-15.85,False
223,AKAM,Technology,-50.1,48.0,7.5,27.2,32.7,47.4,67.0,53.6,30.4,5.9,-23.4,-50.1,51.4,-142.9,2.5,0.0,-96.93833796564132,99.2,276.0,276.0,299.0,299.0,88.72,88.72,308.82,308.82,66,42.35375334532654,STRONG_UP,MID_RANGE,MOMENTUM_DOWN,S0_NEUTRAL,,,,,276.0,276.0,299.0,299.0,88.72,88.72,32.0,0.0,0.0,0.0,0.0,308.82,308.82,,,,,,,165.45,-3.08,False
224,COR,Biotechnology,54.9,35.3,-2.5,-8.9,-22.2,-27.6,-29.0,-26.2,-28.4,-12.8,19.9,54.9,218.4,-33.7,1.2,422.2,199.83016289409423,204.2,143.0,143.0,148.0,148.0,54.78,54.78,308.83,308.83,-24,18.886596840935027,STRONG_DOWN,MID_RANGE,NEUTRAL,S5_TRASH,,,,,143.0,143.0,148.0,148.0,54.78,54.78,534.0,58.0,0.0,25.0,0.0,308.83,308.83,,,,,,,377.54,-30.17,False
225,GILD,Biotechnology,-20.1,50.4,-6.6,-3.8,-13.1,-11.1,-6.6,10.6,17.7,26.5,21.9,-20.1,46.8,-87.0,1.2,0.0,-28.75819455641777,129.2,223.0,223.0,240.0,240.0,33.07,33.07,311.32,311.32,-63,-6.329795718064329,STRONG_DOWN,UPPER_RANGE,MOMENTUM_DOWN,S5_TRASH,,,,,223.0,223.0,240.0,240.0,33.07,33.07,348.0,20.0,0.0,25.0,0.0,311.32,311.32,,,,,,,157.29,-17.99,False
226,PFG,Diversified Financial Services,-27.4,22.5,-2.0,-2.4,-2.4,0.7,5.0,0.3,-8.2,-18.8,-9.9,-27.4,75.3,-56.6,1.6,0.0,-69.97187460764778,121.9,237.0,237.0,254.0,254.0,93.61,93.61,312.76,312.76,-3,-8.636884035092308,STRONG_UP,MID_RANGE,MOMENTUM_DOWN,S0_NEUTRAL,,,,,237.0,237.0,254.0,254.0,93.61,93.61,172.0,0.0,0.0,0.0,0.0,312.76,312.76,,,,,,,105.0,-3.63,False
227,RJF,Investment Banking & Brokerage,3.1,26.9,4.5,-4.9,-9.2,-13.1,-19.1,-22.2,-23.8,-25.5,-4.8,3.1,106.2,-34.2,1.2,211.1,156.26563785981,152.4,196.0,196.0,206.0,206.0,84.78,84.78,313.13,313.13,67,-39.449965248646095,STRONG_DOWN,MID_RANGE,MOMENTUM_DOWN,S5_TRASH,,,,,196.0,196.0,206.0,206.0,84.78,84.78,399.0,22.0,0.0,25.0,0.0,313.13,313.13,,,,,,,177.31,-17.34,False
228,ADM,Farm Products,-53.8,27.4,5.6,5.3,6.3,15.3,23.8,25.4,4.9,-24.7,-28.1,-53.8,93.3,-108.6,1.6,0.0,-193.0378184018356,95.5,285.0,285.0,310.0,310.0,82.42,82.42,314.07,314.07,57,53.131251717736916,STRONG_UP,MID_RANGE,MOMENTUM_UP,S1_LEADER,,,,,285.0,285.0,310.0,310.0,82.42,82.42,86.0,0.0,0.0,-6.0,0.0,314.07,314.07,,,,,,,85.37,-1.48,False
229,XLI,Index,-16.5,23.3,5.6,-1.2,-5.8,-2.9,-2.6,-1.6,-3.4,-5.3,-8.6,-16.5,12.5,-24.8,1.8,0.0,-36.7947331814715,132.8,216.0,216.0,232.0,232.0,105.88,105.88,314.98,314.98,6,2.3914154044630394,STRONG_UP,MID_RANGE,MOMENTUM_UP,S1_LEADER,,,,,216.0,216.0,232.0,232.0,105.88,105.88,216.0,4.0,0.0,-6.0,0.0,314.98,314.98,,,,,,,179.31,-2.93,False
230,CSX,Industrials,-0.6,37.6,6.6,0.6,-0.2,8.6,15.3,16.3,6.0,-8.1,-18.0,-0.6,65.1,-59.9,2.6,0.0,-56.73008238743954,148.7,201.0,201.0,213.0,213.0,98.63,98.63,315.83,315.83,-16,8.230833636349402,EARLY_DOWN,MID_RANGE,MOMENTUM_DOWN,S5_TRASH,,,,,201.0,201.0,213.0,213.0,98.63,98.63,119.0,0.0,0.0,25.0,0.0,315.83,315.83,,,,,,,47.175,-1.56,False
231,LINK-USD,Cryptocurrency,318.6,4.9,-0.6,-9.9,-14.1,-23.3,-44.6,-60.5,-69.4,-87.5,-72.0,318.6,7258.0,-53.1,1.6,16224.8,4970.798962761912,433.0,64.0,64.0,63.0,63.0,121.36,121.36,315.96,315.96,-30,-14.633915574507228,STRONG_DOWN,LOWER,MOMENTUM_DOWN,S5_TRASH,,,,,64.0,64.0,63.0,63.0,121.36,121.36,542.0,58.0,0.0,25.0,0.0,315.96,315.96,,,,,,,23.6693,-64.73,False
232,SO,Electric Utilities,31.6,44.3,-2.9,-4.4,-11.9,-10.2,-15.1,-20.6,-21.3,-17.2,-7.8,31.6,116.9,-35.5,1.2,169.0,90.18959793460682,180.9,165.0,165.0,173.0,173.0,80.33,80.33,316.33,316.33,-27,14.103840493559574,STRONG_DOWN,MID_RANGE,MOMENTUM_DOWN,S5_TRASH,,,,,165.0,165.0,173.0,173.0,80.33,80.33,381.0,40.0,0.0,25.0,0.0,316.33,316.33,,,,,,,100.84,-10.26,False
233,DXCM,Healthcare,-67.4,7.2,-0.2,5.9,0.6,-0.6,-9.6,-25.4,-52.2,-81.7,-100.7,-67.4,399.3,-102.9,1.9,0.0,227.5608141230112,81.9,314.0,314.0,343.0,343.0,104.07,104.07,316.52,316.52,13,-34.86795885024969,STRONG_UP,LOWER,MOMENTUM_DOWN,S0_NEUTRAL,,,,,314.0,314.0,343.0,343.0,104.07,104.07,187.0,0.0,0.0,0.0,0.0,316.52,316.52,,,,,,,76.35,-4.69,False
234,AXP,Consumer Finance,23.2,33.7,-9.1,-7.1,-10.5,-17.4,-20.3,-19.9,-11.0,-4.4,7.1,23.2,125.3,-28.1,1.2,231.4,114.87160175999995,172.5,174.0,174.0,181.0,181.0,54.78,54.78,317.08,317.08,-50,30.707777671843743,STRONG_DOWN,MID_RANGE,MOMENTUM_DOWN,S5_TRASH,,,,,174.0,174.0,181.0,181.0,54.78,54.78,438.0,58.0,0.0,25.0,0.0,317.08,317.08,,,,,,,387.49,-22.43,False
235,^TNX,Index,-32.8,32.2,1.2,-0.6,-2.2,-2.3,-7.1,-17.6,-32.2,-15.6,35.8,-32.8,128.3,-108.5,1.3,0.0,30.395204091765493,116.5,249.0,249.0,267.0,267.0,89.22,89.22,317.92,317.92,16,-1.434390178025005,EARLY_DOWN,MID_RANGE,MOMENTUM_DOWN,S5_TRASH,,,,,249.0,249.0,267.0,267.0,89.22,89.22,213.0,0.0,0.0,25.0,0.0,317.92,317.92,,,,,,,4.687,-4.18,False
236,XLE,Index,-11.1,48.6,7.5,-0.9,-5.4,3.7,10.9,6.5,-3.3,-1.3,22.1,-11.1,63.6,-80.5,1.5,0.0,-19.695740981698926,138.2,213.0,213.0,226.0,226.0,92.39,92.39,319.24,319.24,8,1.7919400064773932,EARLY_DOWN,MID_RANGE,MOMENTUM_DOWN,S5_TRASH,,,,,213.0,213.0,226.0,226.0,92.39,92.39,158.0,4.0,0.0,25.0,0.0,319.24,319.24,,,,,,,63.46,-7.49,False
237,WST,Healthcare,-45.5,11.5,-1.0,0.6,6.4,8.9,10.0,-6.6,-31.6,-58.1,-68.2,-45.5,240.6,-82.2,1.5,0.0,-93.21934152478181,103.8,271.0,271.0,294.0,294.0,89.31,89.31,319.41,319.41,-10,-15.646809276931563,STRONG_UP,LOWER,MOMENTUM_DOWN,S0_NEUTRAL,,,,,271.0,271.0,294.0,294.0,89.31,89.31,115.0,0.0,0.0,0.0,0.0,319.41,319.41,,,,,,,330.88,-4.4,False
238,SPG,Retail REITs,-48.6,44.6,-0.2,-1.6,-5.0,-3.3,-0.7,-2.5,3.2,7.6,17.0,-48.6,9.3,-94.0,1.2,0.0,-44.33391888180386,100.7,274.0,274.0,297.0,297.0,81.54,81.54,319.59,319.59,-16,-4.039590573057815,STRONG_UP,MID_RANGE,MOMENTUM_DOWN,S0_NEUTRAL,,,,,274.0,274.0,297.0,297.0,81.54,81.54,203.0,0.0,0.0,0.0,0.0,319.59,319.59,,,,,,,208.79,-2.51,False
239,SYM,Industrial Machinery,86.9,19.2,0.9,-13.2,-19.7,-26.9,-22.1,13.0,-10.4,78.9,,86.9,420.8,-29.7,1.7,573.5,301.1063379707964,150.3,199.0,199.0,134.0,134.0,50.98,50.98,319.78,319.78,-51,52.83703150538378,STRONG_DOWN,LOWER,MOMENTUM_DOWN,S5_TRASH,,,,,199.0,199.0,134.0,134.0,50.98,50.98,519.0,58.0,11.0,25.0,0.0,319.78,319.78,,,,,,,87.88,-46.28,False
240,ALNY,Biotechnology,-1.9,20.3,-2.7,-3.1,-13.6,-22.9,-32.5,-24.0,-16.8,-21.3,-15.3,-1.9,206.0,-54.2,1.5,0.0,192.22855919503453,147.4,202.0,202.0,214.0,214.0,55.89,55.89,320.04,320.04,-34,38.29454295543471,EARLY_UP,MID_RANGE,MOMENTUM_DOWN,S0_NEUTRAL,,,,,202.0,202.0,214.0,214.0,55.89,55.89,493.0,58.0,0.0,0.0,0.0,320.04,320.04,,,,,,,495.55,-40.96,False
241,NFLX,Broadcasting & Cable TV,30.6,30.2,-4.2,-10.3,-18.9,-21.0,-34.7,-33.8,-22.5,6.1,-13.0,30.6,279.9,-76.6,1.4,523.0,280.5694526959199,179.9,166.0,166.0,174.0,174.0,61.78,61.78,321.38,321.38,-13,54.03356182756585,STRONG_DOWN,MID_RANGE,MOMENTUM_DOWN,S5_TRASH,,,,,166.0,166.0,174.0,174.0,61.78,61.78,524.0,58.0,0.0,25.0,0.0,321.38,321.38,,,,,,,124.86,-34.71,False
242,TDY,Aerospace & Defense,-4.7,18.8,0.0,-3.1,-10.1,-3.6,-3.3,-1.0,-6.9,-22.9,-38.2,-4.7,109.5,-31.1,1.7,0.0,-5.4,144.6,206.0,206.0,218.0,218.0,113.93,113.93,321.48,321.48,-27,-0.9354177478691392,STRONG_DOWN,LOWER,MOMENTUM_UP,S4_BOTTOMING,,,,,206.0,206.0,218.0,218.0,113.93,113.93,253.0,4.0,0.0,-2.0,0.0,321.48,321.48,,,,,,,693.38,-10.87,False
243,HIG,Insurance - Diversified,7.2,46.2,-0.4,-5.7,-13.0,-14.7,-16.8,-18.7,-13.7,-5.8,11.0,7.2,77.8,-52.8,1.2,110.8,50.6510799613216,156.5,190.0,190.0,200.0,200.0,59.22,59.22,322.17,322.17,-12,8.685364295977728,STRONG_DOWN,MID_RANGE,MOMENTUM_DOWN,S5_TRASH,,,,,190.0,190.0,200.0,200.0,59.22,59.22,425.0,40.0,0.0,25.0,0.0,322.17,322.17,,,,,,,144.5,-12.84,False
244,NDSN,Industrials,-51.0,17.7,2.2,0.5,-4.2,0.4,6.3,0.7,-15.1,-32.7,-44.4,-51.0,48.0,-72.0,2.5,0.0,-185.23768251182196,98.3,278.0,278.0,301.0,301.0,77.3,77.3,323.25,323.25,25,6.1673874186974444,STRONG_UP,LOWER,MOMENTUM_UP,S0_NEUTRAL,,,,,278.0,278.0,301.0,301.0,77.3,77.3,169.0,0.0,0.0,0.0,0.0,323.25,323.25,,,,,,,305.28,-5.19,False
245,EMR,Industrial Automation,-28.2,17.5,-6.0,-1.1,-6.8,-6.4,-7.9,-5.3,-5.6,-9.4,-10.0,-28.2,21.8,-38.3,1.7,0.0,-64.28934072150942,121.1,239.0,239.0,257.0,257.0,85.21,85.21,323.51,323.51,-13,-0.14176157442155102,EARLY_UP,LOWER,NEUTRAL,S0_NEUTRAL,,,,,239.0,239.0,257.0,257.0,85.21,85.21,271.0,4.0,0.0,0.0,0.0,323.51,323.51,,,,,,,165.15,-14.7,False
246,VTR,Healthcare REITs,-24.7,42.7,-14.3,-8.8,-13.4,-11.3,-5.8,-2.0,8.7,11.5,6.1,-24.7,33.5,-67.0,1.4,0.0,-26.20826108169853,124.6,231.0,231.0,247.0,247.0,40.43,40.43,324.03,324.03,-70,-12.023479689097158,EARLY_DOWN,MID_RANGE,MOMENTUM_DOWN,S5_TRASH,,,,,231.0,231.0,247.0,247.0,40.43,40.43,365.0,20.0,0.0,25.0,0.0,324.03,324.03,,,,,,,90.99,-13.13,False
247,0138Y0.KS,Korea ETF (My Portfolio),5.4,58.9,-9.0,6.5,0.7,0.7,0.7,0.7,0.7,0.7,0.7,0.7,10.0,-1.2,1.9,4.3,2.2087583570526382e-150,7.3,511.0,511.0,203.0,203.0,65.07,65.07,325.77,325.77,-9,-1.3122710050544564e-150,,,,,,,,,511.0,511.0,203.0,203.0,65.07,65.07,157.0,0.0,0.0,0.0,0.0,325.77,325.77,323.0,0.0,,etf,etf,data_raw,11250.0,-7.73,False
248,DVN,Oil & Gas E&P,16.3,29.8,2.6,-6.5,-8.8,0.4,11.6,3.5,-16.0,-28.9,70.3,16.3,286.9,-103.1,1.4,-19.4,8.114416426253975,165.6,181.0,181.0,188.0,188.0,84.27,84.27,325.97,325.97,10,-8.960892352995291,STRONG_DOWN,MID_RANGE,MOMENTUM_DOWN,S5_TRASH,,,,,181.0,181.0,188.0,188.0,84.27,84.27,185.0,4.0,0.0,25.0,0.0,325.97,325.97,,,,,,,52.7001,-12.37,False
249,HCA,Hospitals,18.2,21.8,-5.2,-11.1,-25.5,-29.7,-29.0,-28.3,-31.2,-31.2,-13.3,18.2,180.8,-26.7,1.3,465.9,267.044832927772,167.5,177.0,177.0,184.0,184.0,58.0,58.0,327.65,327.65,-10,89.51229463513073,STRONG_DOWN,MID_RANGE,MOMENTUM_DOWN,S5_TRASH,,,,,177.0,177.0,184.0,184.0,58.0,58.0,554.0,58.0,0.0,25.0,0.0,327.65,327.65,,,,,,,556.52,-34.73,False
250,HST,Hotel & Resort REITs,-64.0,37.6,6.5,5.8,8.3,15.3,24.7,23.2,12.1,-0.9,-13.4,-64.0,13.8,-111.1,2.4,0.0,-126.9645296972299,85.3,307.0,307.0,334.0,334.0,90.26,90.26,327.81,327.81,2,21.424645303726336,STRONG_UP,MID_RANGE,MOMENTUM_UP,S1_LEADER,,,,,307.0,307.0,334.0,334.0,90.26,90.26,82.0,0.0,0.0,-6.0,0.0,327.81,327.81,,,,,,,24.07,-0.91,False
251,CTRA,Oil & Gas E&P,-54.0,32.0,-13.8,-12.9,-4.9,5.7,10.2,3.8,-8.9,-8.1,-5.7,-54.0,47.1,-103.3,1.6,0.0,-2.723440498960309e-225,89.7,296.0,296.0,311.0,311.0,97.55,97.55,330.7,330.7,-4,2.7773949744567543e-225,STRONG_UP,MID_RANGE,NEUTRAL,S0_NEUTRAL,,,,,296.0,296.0,311.0,311.0,97.55,97.55,179.0,0.0,0.0,0.0,0.0,330.7,330.7,24724652557.46,24.725,364.0,other,equity,data_raw,36.88,-11.71,False
252,WFC,Diversified Banks,-47.8,40.5,3.9,-2.4,-8.9,-14.0,-15.6,-10.3,0.6,4.7,9.7,-47.8,15.8,-90.0,1.2,0.0,-34.332082319147894,101.5,273.0,273.0,296.0,296.0,49.64,49.64,333.24,333.24,81,7.562790087103615,EARLY_UP,MID_RANGE,NEUTRAL,S0_NEUTRAL,,,,,273.0,273.0,296.0,296.0,49.64,49.64,375.0,22.0,0.0,0.0,0.0,333.24,333.24,,,,,,,97.76,-19.52,False
253,GEN,Technology,-57.9,26.7,3.9,14.1,15.6,6.7,-7.4,-18.6,-20.8,-36.4,-44.0,-57.9,53.5,-105.8,2.0,0.0,-40.517289449339785,91.4,292.0,292.0,321.0,321.0,101.72,101.72,334.52,334.52,51,24.828546619400015,STRONG_UP,MID_RANGE,NEUTRAL,S0_NEUTRAL,,,,,292.0,292.0,321.0,321.0,101.72,101.72,110.0,0.0,0.0,0.0,0.0,334.52,334.52,,,,,,,28.99,-8.59,False
254,WM,Waste Management,-25.8,8.5,8.5,-3.1,-11.3,-10.4,-14.1,-20.8,-25.3,-30.4,-32.7,-25.8,60.4,-33.4,1.8,0.0,152.19204202967094,123.5,233.0,233.0,249.0,249.0,94.56,94.56,335.81,335.81,25,-1330.916154752213,STRONG_DOWN,LOWER,MOMENTUM_UP,S4_BOTTOMING,,,,,233.0,233.0,249.0,249.0,94.56,94.56,366.0,40.0,0.0,-2.0,0.0,335.81,335.81,,,,,,,248.12,-12.14,False
255,DD,Specialty Chemicals,-59.1,37.1,-0.5,0.2,-6.1,-0.7,18.5,19.3,15.5,9.8,1.4,-59.1,17.9,-103.7,2.4,0.0,-119.3255535817451,90.2,295.0,295.0,324.0,324.0,59.29,59.29,336.04,336.04,11,3.990116374181582,EARLY_DOWN,MID_RANGE,MOMENTUM_DOWN,S5_TRASH,,,,,295.0,295.0,324.0,324.0,59.29,59.29,150.0,4.0,0.0,25.0,0.0,336.04,336.04,,,,,,,52.66,-8.91,False
256,CEG,Electric Utilities,72.7,23.3,-7.8,-8.3,-16.2,-21.4,-29.0,-23.0,4.0,,,72.7,236.9,0.0,1.3,621.2,413.2516455065912,130.7,221.0,221.0,142.0,142.0,50.67,50.67,336.37,336.37,-62,128.3875526505596,STRONG_DOWN,MID_RANGE,MOMENTUM_DOWN,S5_TRASH,,,,,221.0,221.0,142.0,142.0,50.67,50.67,503.0,58.0,26.0,25.0,0.0,336.37,336.37,,,,,,,412.7,-35.25,False
257,NI,"Electric, Gas and Multi-Utilities",-37.0,37.4,-2.6,-4.2,-10.0,-7.3,-7.1,-2.8,4.3,5.0,-5.0,-37.0,17.0,-68.5,1.3,0.0,-44.49761556538633,112.3,257.0,257.0,278.0,278.0,61.49,61.49,336.59,336.59,-49,-10.38739048390238,STRONG_DOWN,MID_RANGE,MOMENTUM_DOWN,S5_TRASH,,,,,257.0,257.0,278.0,278.0,61.49,61.49,309.0,4.0,0.0,25.0,0.0,336.59,336.59,,,,,,,48.98,-7.04,False
258,ADP,Industrials,-73.3,9.1,3.9,-0.2,-0.8,-7.9,-21.8,-33.2,-41.5,-53.7,-62.9,-73.3,62.9,-86.5,2.4,0.0,78.41457116610171,76.0,337.0,337.0,363.0,363.0,81.75,81.75,341.9,341.9,26,-84.16037933401402,STRONG_UP,LOWER,NEUTRAL,S0_NEUTRAL,,,,,337.0,337.0,363.0,363.0,81.75,81.75,312.0,10.0,0.0,0.0,0.0,341.9,341.9,,,,,,,294.35,-22.63,False
259,CBRE,Real Estate Services,-30.7,3.3,3.3,-7.0,-15.0,-22.7,-27.8,-28.6,-25.5,-34.3,-32.4,-30.7,80.4,-34.0,1.3,0.0,1055.7742383369566,118.6,243.0,243.0,261.0,261.0,71.81,71.81,342.26,342.26,29,-2195.2741225346044,STRONG_DOWN,LOWER,MOMENTUM_UP,S4_BOTTOMING,,,,,243.0,243.0,261.0,261.0,71.81,71.81,492.0,58.0,0.0,-2.0,0.0,342.26,342.26,,,,,,,174.27,-27.68,False
260,EQIX,Data Center REITs,-35.0,35.1,2.0,-0.9,-1.8,12.2,14.2,4.9,-5.1,-15.8,-31.8,-35.0,57.8,-85.6,2.5,0.0,-56.27446811550861,114.3,251.0,251.0,272.0,272.0,100.75,100.75,342.65,342.65,-26,0.21114528497790985,STRONG_DOWN,MID_RANGE,MOMENTUM_DOWN,S5_TRASH,,,,,251.0,251.0,272.0,272.0,100.75,100.75,123.0,0.0,0.0,25.0,0.0,342.65,342.65,,,,,,,1128.6801,-4.58,False
261,CVX,Oil & Gas Integrated,-39.1,20.0,6.9,-1.2,-7.4,-0.6,3.7,1.1,-9.8,-17.8,-12.2,-39.1,68.2,-65.3,1.9,0.0,-137.11852672539877,110.2,262.0,262.0,282.0,282.0,102.91,102.91,344.66,344.66,70,53.50407499145729,EARLY_DOWN,MID_RANGE,MOMENTUM_UP,S4_BOTTOMING,,,,,262.0,262.0,282.0,282.0,102.91,102.91,193.0,4.0,0.0,-2.0,0.0,344.66,344.66,,,,,,,214.71,-11.64,False
262,FOX,Broadcasting & Cable TV,-19.5,29.2,1.5,-3.6,-3.0,-9.7,-10.2,-1.8,9.8,1.8,-15.5,-19.5,4.0,-76.2,1.4,0.0,-85.45293675680026,74.8,339.0,339.0,239.0,239.0,73.19,73.19,344.89,344.89,-36,-19.591940270542892,STRONG_UP,MID_RANGE,MOMENTUM_DOWN,S0_NEUTRAL,,,,,339.0,339.0,239.0,239.0,73.19,73.19,291.0,10.0,0.0,0.0,0.0,344.89,344.89,,,,,,,68.175,-15.75,False
263,FITB,Banks - Regional,-31.2,20.8,-0.9,-2.0,-5.8,-5.0,-2.1,-4.6,2.8,-11.9,-10.0,-31.2,50.1,-51.9,1.5,0.0,-69.24328395975925,118.1,245.0,245.0,263.0,263.0,110.16,110.16,346.16,346.16,-8,-5.563649173224363,EARLY_UP,MID_RANGE,NEUTRAL,S0_NEUTRAL,,,,,245.0,245.0,263.0,263.0,110.16,110.16,235.0,4.0,0.0,0.0,0.0,346.16,346.16,,,,,,,55.44,-10.73,False
264,UNP,Railroads,-35.4,22.5,2.4,-2.3,-4.9,0.1,2.0,-4.5,-14.2,-27.2,-38.2,-35.4,54.8,-61.2,2.1,0.0,-67.76228572417571,113.9,253.0,253.0,274.0,274.0,91.96,91.96,346.21,346.21,-28,-4.266158332813781,EARLY_DOWN,MID_RANGE,MOMENTUM_DOWN,S5_TRASH,,,,,253.0,253.0,274.0,274.0,91.96,91.96,190.0,0.0,0.0,25.0,0.0,346.21,346.21,,,,,,,279.68,-6.28,False
265,CCEP,Beverages - Non-Alcoholic,-17.2,36.1,4.9,-1.5,-11.1,-10.3,-11.8,-8.9,-8.0,0.3,-3.2,-17.2,51.9,-55.5,1.3,0.0,2.173309539044066,132.1,218.0,218.0,234.0,234.0,59.78,59.78,346.33,346.33,-24,0.6463130989569204,STRONG_DOWN,MID_RANGE,MOMENTUM_DOWN,S5_TRASH,,,,,218.0,218.0,234.0,234.0,59.78,59.78,349.0,40.0,0.0,25.0,0.0,346.33,346.33,,,,,,,110.9,-16.67,False
266,APA,Oil & Gas E&P,-75.0,30.4,5.0,-3.5,-3.3,16.1,42.0,39.3,10.9,-13.0,6.5,-75.0,62.8,-136.0,2.8,0.0,-220.0545197160539,74.3,340.0,340.0,365.0,365.0,84.26,84.26,346.91,346.91,49,31.250117473045293,STRONG_DOWN,MID_RANGE,MOMENTUM_UP,S4_BOTTOMING,,,,,340.0,340.0,365.0,365.0,84.26,84.26,85.0,0.0,0.0,-2.0,0.0,346.91,346.91,,,,,,,45.66,-16.05,False
267,AMGN,Biotechnology,-39.2,21.8,2.1,0.6,-10.2,-8.7,-3.3,-5.8,-9.5,-12.5,-23.5,-39.2,33.9,-59.1,1.8,0.0,-88.68133165376615,110.1,263.0,263.0,283.0,283.0,99.91,99.91,349.31,349.31,13,4.350847169544309,EARLY_UP,MID_RANGE,MOMENTUM_UP,S2_EARLY_BREAKOUT,,,,,263.0,263.0,283.0,283.0,99.91,99.91,273.0,4.0,0.0,-4.0,0.0,349.31,349.31,,,,,,,391.29,-13.56,False
268,PNC,Financials,-32.7,23.2,-2.2,-2.1,-5.1,-4.5,-2.9,-5.0,1.4,-10.5,-13.3,-32.7,32.0,-51.9,1.5,0.0,-60.83389862001255,116.6,248.0,248.0,266.0,266.0,114.57,114.57,350.52,350.52,2,-4.377162767908381,EARLY_UP,MID_RANGE,NEUTRAL,S0_NEUTRAL,,,,,248.0,248.0,266.0,266.0,114.57,114.57,231.0,4.0,0.0,0.0,0.0,350.52,350.52,,,,,,,243.94,-10.52,False
269,0019K0.KS,Nasdaq 100 + Bond,13.5,15.4,4.9,3.9,7.7,11.3,13.0,,,,,13.5,22.4,-24.4,2.5,0.0,0.0,31.6,462.0,462.0,193.0,193.0,65.04,65.04,352.94,352.94,0,0.0,STRONG_UP,LOWER,MOMENTUM_UP,S0_NEUTRAL,,,,,462.0,462.0,193.0,193.0,65.04,65.04,98.0,0.0,50.0,0.0,0.0,352.94,352.94,,,,,,,14795.0,-0.2,True
270,MLM,Building Materials,-26.9,12.8,1.6,-3.4,-12.0,-14.3,-16.6,-21.1,-29.8,-29.1,-24.4,-26.9,79.9,-42.2,1.3,0.0,133.92661629806452,122.4,235.0,235.0,252.0,252.0,101.49,101.49,353.04,353.04,28,-78.16761511930153,EARLY_UP,LOWER,NEUTRAL,S0_NEUTRAL,,,,,235.0,235.0,252.0,252.0,101.49,101.49,406.0,40.0,0.0,0.0,0.0,353.04,353.04,,,,,,,710.97,-17.98,False
271,VRTX,Biotechnology,-35.8,15.5,-5.5,-2.7,-12.1,-13.2,-16.0,-29.5,-38.3,-32.7,-43.1,-35.8,96.1,-59.6,1.8,0.0,146.68034984134056,113.5,255.0,255.0,276.0,276.0,94.83,94.83,353.58,353.58,-23,18.939433592311644,STRONG_UP,LOWER,MOMENTUM_DOWN,S0_NEUTRAL,,,,,255.0,255.0,276.0,276.0,94.83,94.83,394.0,40.0,0.0,0.0,0.0,353.58,353.58,,,,,,,507.92,-15.67,False
272,ISRG,Health Care Equipment,-24.4,2.4,1.6,-8.1,-18.2,-25.5,-31.2,-41.6,-43.8,-43.5,-48.9,-24.4,156.3,-28.7,1.6,0.0,3820.9896022208472,124.9,230.0,230.0,246.0,246.0,62.89,62.89,353.69,353.69,-13,-1002.8272447566856,STRONG_DOWN,LOWER,MOMENTUM_DOWN,S5_TRASH,,,,,230.0,230.0,246.0,246.0,62.89,62.89,520.0,58.0,0.0,25.0,0.0,353.69,353.69,,,,,,,603.88,-32.55,False
273,AEP,Electric Utilities,-42.7,24.9,0.6,-3.8,-9.5,-5.9,-3.2,1.9,5.5,-5.2,-21.2,-42.7,33.7,-67.3,1.6,0.0,-120.42174857971868,106.6,267.0,267.0,288.0,288.0,77.94,77.94,358.99,358.99,-24,-16.055215809573383,STRONG_DOWN,MID_RANGE,MOMENTUM_DOWN,S5_TRASH,,,,,267.0,267.0,288.0,288.0,77.94,77.94,272.0,4.0,0.0,25.0,0.0,358.99,358.99,,,,,,,139.44,-9.42,False
274,ACHR,Aerospace & Defense,-33.8,9.5,-1.9,1.3,-1.3,-10.1,-30.0,-16.0,-21.9,-22.0,,-33.8,137.3,-87.4,1.6,0.0,55.301089816553336,32.3,460.0,460.0,270.0,270.0,60.0,60.0,363.85,363.85,-3,13.059271548601714,STRONG_UP,LOWER,NEUTRAL,S0_NEUTRAL,,,,,460.0,460.0,270.0,270.0,60.0,60.0,369.0,18.0,11.0,0.0,0.0,363.85,363.85,,,,,,,14.62,-55.34,False
275,PLD,Industrial REITs,-37.0,13.7,-0.8,-0.9,-5.2,-3.0,2.7,-2.2,-14.7,-35.0,-45.3,-37.0,112.7,-60.3,1.8,0.0,-159.90670822994724,112.3,257.0,257.0,278.0,278.0,97.67,97.67,365.87,365.87,-42,-37.43668747041808,EARLY_DOWN,LOWER,MOMENTUM_DOWN,S5_TRASH,,,,,257.0,257.0,278.0,278.0,97.67,97.67,195.0,4.0,0.0,25.0,0.0,365.87,365.87,,,,,,,147.93,-4.13,False
276,AJG,Insurance Brokers,-25.5,3.1,1.0,-4.3,-12.8,-19.9,-34.0,-48.5,-58.2,-61.6,-55.7,-25.5,215.4,-33.0,2.0,0.0,4256.175792833379,123.8,232.0,232.0,248.0,248.0,81.21,81.21,366.61,366.61,-13,113.72106313793938,STRONG_DOWN,LOWER,NEUTRAL,S5_TRASH,,,,,232.0,232.0,248.0,248.0,81.21,81.21,486.0,58.0,0.0,25.0,0.0,366.61,366.61,,,,,,,313.55,-35.42,False
277,UNH,Managed Healthcare,-83.9,12.1,0.0,-1.3,9.9,10.7,8.7,-24.5,-46.1,-69.8,-79.4,-83.9,128.7,-112.7,1.7,0.0,-7.7,65.4,359.0,359.0,386.0,386.0,84.67,84.67,366.72,366.72,-15,-10.047740212617713,EARLY_DOWN,LOWER,MOMENTUM_DOWN,S5_TRASH,,,,,359.0,359.0,386.0,386.0,84.67,84.67,108.0,0.0,0.0,25.0,0.0,366.72,366.72,,,,,,,404.15,-6.72,False
278,CRCL,,11.2,21.3,8.0,21.2,41.0,35.7,,,,,,11.2,213.2,-73.3,2.1,0.0,0.0,20.2,485.0,485.0,196.0,196.0,69.34,69.34,368.69,368.69,5,0.0,STRONG_UP,MID_RANGE,MOMENTUM_UP,S1_LEADER,,,,,485.0,485.0,196.0,196.0,69.34,69.34,52.0,0.0,68.0,-6.0,0.0,368.69,368.69,27312098989.64,27.312,340.0,other,equity,data_raw,159.47,-25.05,False
279,VRSN,Technology,-59.7,20.3,5.0,2.6,7.2,8.6,0.9,7.1,-2.6,-21.2,-47.9,-59.7,78.8,-94.3,1.7,0.0,-211.56052276862107,89.6,297.0,297.0,325.0,325.0,92.07,92.07,369.17,369.17,-14,-8.743374080042258,EARLY_DOWN,MID_RANGE,MOMENTUM_DOWN,S5_TRASH,,,,,297.0,297.0,325.0,325.0,92.07,92.07,129.0,0.0,0.0,25.0,0.0,369.17,369.17,,,,,,,312.48,-4.93,False
280,AZO,Auto Parts,-2.1,24.1,5.7,-8.8,-17.9,-21.7,-30.4,-34.9,-41.6,-41.9,-28.0,-2.1,146.3,-48.7,1.3,0.0,286.6302919717906,147.2,203.0,203.0,215.0,215.0,81.08,81.08,370.58,370.58,16,-7.665807832232588,STRONG_DOWN,MID_RANGE,MOMENTUM_DOWN,S5_TRASH,,,,,203.0,203.0,215.0,215.0,81.08,81.08,515.0,58.0,0.0,25.0,0.0,370.58,370.58,,,,,,,4332.6802,-29.34,False
281,WBD,Entertainment,-98.5,22.8,0.5,-2.4,-8.9,-8.8,34.0,97.7,94.8,40.9,-17.3,-98.5,140.4,-168.4,1.8,0.0,-443.0353108861307,50.8,405.0,405.0,432.0,432.0,57.25,57.25,370.65,370.65,38,3.2219085943445407,EARLY_UP,MID_RANGE,NEUTRAL,S0_NEUTRAL,,,,,405.0,405.0,432.0,432.0,57.25,57.25,147.0,4.0,0.0,0.0,0.0,370.65,370.65,,,,,,,30.0,-10.0,False
282,HOLX,Healthcare,-80.8,18.9,-0.3,2.4,4.1,5.9,7.3,-6.0,-21.6,-39.3,-55.6,-80.8,38.3,-108.0,1.8,0.0,-6.847084685608376e-08,39.2,442.0,442.0,379.0,379.0,95.65,95.65,371.75,371.75,11,2.0672288965064024e-09,STRONG_UP,LOWER,MOMENTUM_UP,S0_NEUTRAL,,,,,442.0,442.0,379.0,379.0,95.65,95.65,130.0,0.0,0.0,0.0,0.0,371.75,371.75,16968845705.95,16.969,435.0,other,equity,data_raw,76.04,-0.04,True
283,GD,Aerospace & Defense,-44.5,26.5,-5.5,-3.6,-9.8,-9.7,-9.1,-7.0,-9.4,-11.3,-9.2,-44.5,19.3,-66.9,1.4,0.0,-70.8772900712076,104.8,269.0,269.0,292.0,292.0,110.24,110.24,372.24,372.24,-11,-19.64807748063155,STRONG_UP,MID_RANGE,MOMENTUM_DOWN,S0_NEUTRAL,,,,,269.0,269.0,292.0,292.0,110.24,110.24,323.0,4.0,0.0,0.0,0.0,372.24,372.24,,,,,,,369.7,-8.83,False
284,MGM,Resorts & Casinos,-87.9,27.2,11.1,8.3,13.5,19.4,19.3,9.5,-11.8,-35.3,-43.2,-87.9,24.1,-129.1,1.6,0.0,-210.56488456151058,61.4,374.0,374.0,399.0,399.0,94.26,94.26,372.41,372.41,64,246.180387790923,STRONG_UP,MID_RANGE,NEUTRAL,S0_NEUTRAL,,,,,374.0,374.0,399.0,399.0,94.26,94.26,77.0,0.0,0.0,0.0,0.0,372.41,372.41,,,,,,,51.59,-6.38,False
285,A,Healthcare,-77.9,13.9,1.8,8.5,6.3,-1.4,-4.8,-16.9,-30.6,-55.2,-67.6,-77.9,101.2,-106.3,2.8,0.0,-208.16403627947417,71.4,345.0,345.0,371.0,371.0,98.96,98.96,375.31,375.31,20,42.12665662113912,STRONG_UP,LOWER,NEUTRAL,S0_NEUTRAL,,,,,345.0,345.0,371.0,371.0,98.96,98.96,156.0,0.0,0.0,0.0,0.0,375.31,375.31,,,,,,,160.27,-14.27,False
286,EVRG,Utilities,-53.0,25.3,-1.2,-2.5,-8.7,-5.8,-3.8,3.7,7.7,-5.4,-21.6,-53.0,19.6,-76.9,1.5,0.0,-144.99186938592837,96.3,283.0,283.0,308.0,308.0,86.7,86.7,375.75,375.75,-26,-29.20332650443339,EARLY_DOWN,MID_RANGE,MOMENTUM_DOWN,S5_TRASH,,,,,283.0,283.0,308.0,308.0,86.7,86.7,256.0,4.0,0.0,25.0,0.0,375.75,375.75,,,,,,,85.27,-4.93,False
287,UBER,Internet Services & Infrastructure,-27.6,7.0,3.0,-5.7,-10.3,-16.0,-27.4,-30.0,-32.1,-10.1,-26.4,-27.6,67.6,-71.0,1.4,0.0,159.38804795954596,64.1,365.0,365.0,255.0,255.0,70.82,70.82,375.87,375.87,84,146.5089446784217,STRONG_DOWN,LOWER,MOMENTUM_UP,S4_BOTTOMING,,,,,365.0,365.0,255.0,255.0,70.82,70.82,446.0,58.0,0.0,-2.0,0.0,375.87,375.87,,,,,,,101.295,-29.23,False
288,TRV,Property & Casualty Insurance,-30.7,25.6,-0.5,-4.3,-9.9,-9.8,-10.3,-10.6,-9.9,-9.4,-9.3,-30.7,23.6,-48.7,1.4,0.0,-18.619456016316068,118.6,243.0,243.0,261.0,261.0,98.81,98.81,377.11,377.11,-21,-4.1298488905188435,STRONG_DOWN,MID_RANGE,MOMENTUM_DOWN,S5_TRASH,,,,,243.0,243.0,261.0,261.0,98.81,98.81,339.0,14.0,0.0,25.0,0.0,377.11,377.11,,,,,,,313.12,-7.4,False
289,COF,Diversified Banks,-29.9,15.9,-8.1,-7.6,-13.3,-21.2,-27.4,-25.8,-20.2,-22.5,-13.9,-29.9,92.5,-52.5,1.3,0.0,139.48540385036765,119.4,241.0,241.0,259.0,259.0,69.22,69.22,377.47,377.47,-32,54.59012134242231,STRONG_DOWN,LOWER,MOMENTUM_DOWN,S5_TRASH,,,,,241.0,241.0,259.0,259.0,69.22,69.22,482.0,58.0,0.0,25.0,0.0,377.47,377.47,,,,,,,259.64,-31.59,False
290,BLK,Asset Management,-35.2,0.0,0.0,-6.8,-10.5,-13.5,-18.8,-20.4,-20.8,-28.4,-29.7,-35.2,46.8,-35.5,1.6,0.0,765.957916666667,114.1,252.0,252.0,273.0,273.0,101.67,101.67,377.47,377.47,-40,-25.38301398832209,EARLY_DOWN,LOWER,MOMENTUM_DOWN,S5_TRASH,,,,,252.0,252.0,273.0,273.0,101.67,101.67,422.0,40.0,0.0,25.0,0.0,377.47,377.47,,,,,,,1219.9399,-18.78,False
291,NSC,Industrials,-33.1,17.6,1.0,-3.1,-6.3,-4.6,-3.5,-0.1,-5.3,-22.8,-37.2,-33.1,59.6,-52.6,1.4,0.0,-126.53241966517295,116.2,250.0,250.0,269.0,269.0,109.59,109.59,378.54,378.54,-30,-17.786516864227238,EARLY_DOWN,LOWER,MOMENTUM_DOWN,S5_TRASH,,,,,250.0,250.0,269.0,269.0,109.59,109.59,241.0,4.0,0.0,25.0,0.0,378.54,378.54,,,,,,,326.0,-6.41,False
292,CB,Insurance - Property & Casualty,-38.7,15.1,2.4,-3.6,-11.0,-9.2,-8.1,-13.4,-15.4,-16.7,-14.9,-38.7,25.9,-49.7,1.6,0.0,-55.772453865303454,110.6,261.0,261.0,281.0,281.0,98.96,98.96,378.81,378.81,10,-13.961499396019413,STRONG_DOWN,LOWER,MOMENTUM_DOWN,S5_TRASH,,,,,261.0,261.0,281.0,281.0,98.96,98.96,322.0,4.0,0.0,25.0,0.0,378.81,378.81,,,,,,,345.67,-9.52,False
293,V,Transaction Processing,-49.4,0.0,-0.3,-6.0,-8.7,-12.1,-20.2,-25.3,-31.6,-37.3,-53.1,-49.4,57.3,-49.1,2.2,0.0,61.428995345626234,99.9,275.0,275.0,298.0,298.0,94.89,94.89,379.24,379.24,-48,-149.17462649711,EARLY_DOWN,LOWER,MOMENTUM_DOWN,S5_TRASH,,,,,275.0,275.0,298.0,298.0,94.89,94.89,402.0,22.0,0.0,25.0,0.0,379.24,379.24,,,,,,,358.62,-12.89,False
294,IDXX,Veterinary Diagnostics,-30.1,3.6,0.0,-3.2,-11.6,-19.1,-20.4,-15.8,-29.3,-48.7,-61.2,-30.1,217.2,-38.9,1.7,0.0,173.372880358718,119.2,242.0,242.0,260.0,260.0,105.98,105.98,381.13,381.13,7,3.707246633463427,EARLY_UP,LOWER,NEUTRAL,S0_NEUTRAL,,,,,242.0,242.0,260.0,260.0,105.98,105.98,437.0,58.0,0.0,0.0,0.0,381.13,381.13,,,,,,,769.98,-27.18,False
295,EQT,Oil & Gas E&P,-7.4,47.1,-0.6,-6.3,-14.9,-14.9,-16.4,-9.5,-14.9,-3.0,67.0,-7.4,112.9,-116.6,1.2,0.0,16.428129644088514,141.9,209.0,209.0,221.0,221.0,93.67,93.67,381.72,381.72,-5,1.8898238923955102,STRONG_DOWN,MID_RANGE,MOMENTUM_DOWN,S5_TRASH,,,,,209.0,209.0,221.0,221.0,93.67,93.67,434.0,40.0,0.0,25.0,0.0,381.72,381.72,,,,,,,68.24,-20.18,False
296,KIM,Real Estate,-73.5,11.0,-0.9,-0.9,-5.0,-0.0,0.0,-5.0,-10.0,-27.0,-31.1,-73.5,15.2,-83.9,2.0,0.0,-429.8347818694208,75.8,338.0,338.0,364.0,364.0,96.19,96.19,381.79,381.79,-1,-89.39310176038663,STRONG_UP,LOWER,MOMENTUM_DOWN,S0_NEUTRAL,,,,,338.0,338.0,364.0,364.0,96.19,96.19,192.0,0.0,0.0,0.0,0.0,381.79,381.79,,,,,,,24.62,-3.45,False
297,CPAY,Software - Infrastructure,-91.9,15.2,-1.7,3.7,3.1,4.2,0.3,-12.3,-20.4,-27.3,-56.5,-91.9,47.1,-116.3,1.8,0.0,-288.57942536519226,57.4,390.0,390.0,414.0,414.0,87.47,87.47,386.02,386.02,15,15.727062249557264,STRONG_UP,LOWER,MOMENTUM_DOWN,S0_NEUTRAL,,,,,390.0,390.0,414.0,414.0,87.47,87.47,149.0,0.0,0.0,0.0,0.0,386.02,386.02,,,,,,,367.43,-4.13,False
298,HAL,Oil & Gas Equipment & Services,-84.0,31.0,5.9,-0.7,-1.0,12.8,37.2,26.3,0.8,-15.6,-4.3,-84.0,34.8,-138.6,2.6,0.0,-203.2372398642615,65.3,360.0,360.0,387.0,387.0,89.43,89.43,387.33,387.33,45,27.973726329002574,EARLY_DOWN,MID_RANGE,MOMENTUM_DOWN,S5_TRASH,,,,,360.0,360.0,387.0,387.0,89.43,89.43,88.0,0.0,0.0,25.0,0.0,387.33,387.33,,,,,,,43.59,-5.87,False
299,MRK,Pharmaceuticals,-61.5,22.1,-3.4,-1.1,-9.9,-6.3,6.5,-6.1,-24.5,-34.3,-47.3,-61.5,61.4,-95.8,2.3,0.0,-121.75105254318821,87.8,303.0,303.0,331.0,331.0,97.03,97.03,387.38,387.38,-43,-32.18272317927787,EARLY_DOWN,MID_RANGE,MOMENTUM_DOWN,S5_TRASH,,,,,303.0,303.0,331.0,331.0,97.03,97.03,214.0,4.0,0.0,25.0,0.0,387.38,387.38,,,,,,,125.14,-8.34,False
300,ACGL,Insurance - Diversified,-26.2,14.8,-1.7,-5.7,-14.1,-15.7,-18.6,-30.7,-39.3,-25.0,-16.9,-26.2,110.1,-49.5,1.4,0.0,259.1296891952293,123.1,234.0,234.0,250.0,250.0,94.22,94.22,387.42,387.42,-18,67.16747635582007,STRONG_DOWN,LOWER,MOMENTUM_DOWN,S5_TRASH,,,,,234.0,234.0,250.0,250.0,94.22,94.22,436.0,58.0,0.0,25.0,0.0,387.42,387.42,,,,,,,103.39,-14.99,False
301,LYB,Specialty Chemicals,-70.6,25.3,2.4,-6.6,-7.6,11.5,13.2,-13.6,-36.2,-49.3,-47.6,-70.6,80.7,-121.2,2.6,0.0,-53.761500470585375,78.7,330.0,330.0,356.0,356.0,101.48,101.48,387.68,387.68,-2,-6.181254790589364,STRONG_DOWN,MID_RANGE,MOMENTUM_DOWN,S5_TRASH,,,,,330.0,330.0,356.0,356.0,101.48,101.48,152.0,4.0,0.0,25.0,0.0,387.68,387.68,,,,,,,83.94,-19.82,False
302,NWS,Entertainment,-66.7,6.2,1.2,-4.4,-4.1,-6.8,-16.7,-25.2,-29.1,-33.4,-35.6,-66.7,36.0,-72.9,1.9,0.0,-138.88384612631287,82.6,313.0,313.0,341.0,341.0,94.89,94.89,387.99,387.99,7,-42.373614566701676,STRONG_UP,LOWER,NEUTRAL,S0_NEUTRAL,,,,,313.0,313.0,341.0,341.0,94.89,94.89,317.0,10.0,0.0,0.0,0.0,387.99,387.99,,,,,,,35.21,-15.31,False
303,VMC,Building Materials,-50.2,17.9,3.3,-3.0,-8.9,-10.1,-13.0,-17.3,-24.8,-24.4,-27.8,-50.2,23.2,-65.7,1.5,0.0,-53.163783815642425,99.1,277.0,277.0,300.0,300.0,106.02,106.02,389.07,389.07,66,49.66340058882677,EARLY_UP,LOWER,NEUTRAL,S0_NEUTRAL,,,,,277.0,277.0,300.0,300.0,106.02,106.02,342.0,22.0,0.0,0.0,0.0,389.07,389.07,,,,,,,331.09,-13.83,False
304,WAT,Healthcare,-87.4,15.8,-0.1,10.0,10.1,1.1,-0.7,-13.7,-22.4,-45.2,-58.3,-87.4,46.1,-111.9,1.9,0.0,-255.1656557402333,61.9,373.0,373.0,398.0,398.0,101.97,101.97,389.12,389.12,40,126.6812779412434,STRONG_UP,LOWER,NEUTRAL,S0_NEUTRAL,,,,,373.0,373.0,398.0,398.0,101.97,101.97,128.0,0.0,0.0,0.0,0.0,389.12,389.12,,,,,,,414.15,-8.3,False
305,TMUS,Telecommunication Services,-31.6,0.0,-0.2,-6.4,-15.6,-16.5,-26.6,-35.2,-35.2,-38.4,-42.3,-31.6,136.2,-31.2,1.9,0.0,4978.629036398888,117.7,246.0,246.0,264.0,264.0,101.45,101.45,389.75,389.75,-29,150.6972981894296,STRONG_DOWN,LOWER,MOMENTUM_DOWN,S5_TRASH,,,,,246.0,246.0,264.0,264.0,101.45,101.45,474.0,58.0,0.0,25.0,0.0,389.75,389.75,,,,,,,242.31,-25.12,False
306,ALB,Specialty Chemicals,-65.3,24.0,-2.2,-9.4,-13.7,-4.7,52.3,61.9,27.0,-27.2,-27.8,-65.3,194.3,-146.7,2.5,0.0,-309.6951645387121,84.0,311.0,311.0,337.0,337.0,101.77,101.77,391.02,391.02,-53,-31.84071227265241,STRONG_DOWN,MID_RANGE,MOMENTUM_DOWN,S5_TRASH,,,,,311.0,311.0,337.0,337.0,101.77,101.77,120.0,4.0,0.0,25.0,0.0,391.02,391.02,,,,,,,221.0,-23.83,False
307,KO,Soft Drinks,-51.0,16.0,0.8,-1.8,-6.6,-3.3,-2.6,-4.3,-8.1,-18.2,-28.4,-51.0,15.3,-63.0,1.8,0.0,-191.0862855009665,98.3,278.0,278.0,301.0,301.0,106.42,106.42,391.22,391.22,-30,-59.06292971462091,EARLY_DOWN,LOWER,MOMENTUM_DOWN,S5_TRASH,,,,,278.0,278.0,301.0,301.0,106.42,106.42,232.0,4.0,0.0,25.0,0.0,391.22,391.22,,,,,,,82.6635,-4.72,False
308,ELV,Healthcare,-91.7,9.9,0.3,-1.0,6.6,5.8,3.5,-19.9,-40.8,-65.2,-78.2,-91.7,105.9,-113.2,2.4,0.0,-304.9655587709998,57.6,389.0,389.0,413.0,413.0,93.84,93.84,391.74,391.74,-8,-11.80419828192288,STRONG_UP,LOWER,MOMENTUM_DOWN,S0_NEUTRAL,,,,,389.0,389.0,413.0,413.0,93.84,93.84,141.0,0.0,0.0,0.0,0.0,391.74,391.74,,,,,,,408.0,-4.1,False
309,OXY,Oil & Gas E&P,-86.4,18.0,4.6,-0.6,-4.5,9.9,13.8,-1.0,-23.3,-34.8,-10.6,-86.4,85.7,-124.0,1.8,0.0,-298.2061080283359,62.9,370.0,370.0,395.0,395.0,105.28,105.28,392.03,392.03,63,59.75003363705707,EARLY_DOWN,LOWER,MOMENTUM_UP,S4_BOTTOMING,,,,,370.0,370.0,395.0,395.0,105.28,105.28,137.0,0.0,0.0,-2.0,0.0,392.03,392.03,,,,,,,67.45,-11.58,False
310,LDOS,IT Consulting & Other Services,-70.0,0.0,-1.3,-11.7,-24.4,-32.4,-38.6,-44.3,-45.2,-51.7,-69.5,-70.0,102.6,-69.5,1.5,0.0,2283.068692083707,79.3,327.0,327.0,353.0,353.0,72.23,72.23,392.63,392.63,-4,1650.1553272340234,EARLY_UP,LOWER,NEUTRAL,S0_NEUTRAL,,,,,327.0,327.0,353.0,353.0,72.23,72.23,565.0,58.0,0.0,0.0,0.0,392.63,392.63,,,,,,,205.77,-39.57,False
311,CVNA,Auto & Truck Dealerships,-57.7,4.5,-1.9,-48.8,-70.8,-80.8,-90.1,-94.6,-66.0,-2.8,-59.7,-57.7,1079.9,-122.9,1.3,0.0,4908.86914471198,66.5,356.0,356.0,320.0,320.0,73.64,73.64,393.04,393.04,-36,-91.13085528802003,EARLY_UP,LOWER,NEUTRAL,S0_NEUTRAL,,,,,356.0,356.0,320.0,320.0,73.64,73.64,582.0,58.0,0.0,0.0,0.0,393.04,393.04,,,,,,,486.89,-86.93,False
312,ATO,Natural Gas Utilities,-20.7,34.1,-0.2,-7.1,-14.6,-12.8,-13.4,-11.7,-11.0,-8.2,-15.2,-20.7,44.9,-54.0,1.3,0.0,4.9918838093055715,128.6,225.0,225.0,242.0,242.0,94.22,94.22,393.12,393.12,-5,1.767233760999758,STRONG_DOWN,MID_RANGE,MOMENTUM_DOWN,S5_TRASH,,,,,225.0,225.0,242.0,242.0,94.22,94.22,417.0,40.0,0.0,25.0,0.0,393.12,393.12,,,,,,,192.5099,-12.58,False
313,RF,Regional Banks,-36.0,13.7,-1.4,-2.9,-6.3,-6.3,-5.0,-4.5,-3.6,-18.6,-16.5,-36.0,47.5,-51.4,1.4,0.0,-155.47226135051415,113.3,256.0,256.0,277.0,277.0,117.86,117.86,393.81,393.81,-27,-10.911113669814142,EARLY_UP,LOWER,MOMENTUM_DOWN,S5_TRASH,,,,,256.0,256.0,277.0,277.0,117.86,117.86,251.0,4.0,0.0,25.0,0.0,393.81,393.81,,,,,,,31.53,-13.1,False
314,EXPE,Travel Services,-68.2,24.5,0.8,-7.9,-9.3,-16.5,-9.7,2.5,7.6,-1.9,-15.0,-68.2,18.5,-95.4,1.6,0.0,-167.65354202422608,81.1,317.0,317.0,345.0,345.0,86.28,86.28,394.48,394.48,15,-1.0727380168889908,EARLY_UP,MID_RANGE,NEUTRAL,S0_NEUTRAL,,,,,317.0,317.0,345.0,345.0,86.28,86.28,383.0,12.0,0.0,0.0,0.0,394.48,394.48,,,,,,,303.8,-25.8,False
315,IEX,Industrials,-89.0,15.6,3.3,0.6,-1.4,3.5,8.0,-6.1,-23.9,-46.8,-67.2,-89.0,36.0,-111.7,2.5,0.0,-330.7292629580383,60.3,378.0,378.0,403.0,403.0,102.65,102.65,398.05,398.05,71,90.59767408671433,STRONG_UP,LOWER,MOMENTUM_UP,S0_NEUTRAL,,,,,378.0,378.0,403.0,403.0,102.65,102.65,152.0,0.0,0.0,0.0,0.0,398.05,398.05,,,,,,,223.845,-3.8,False
316,CDW,Technology,-99.7,14.7,5.8,-2.9,-1.4,-4.2,-19.2,-39.5,-59.8,-80.8,-98.1,-99.7,116.6,-136.4,2.4,0.0,26.45897620447258,49.6,409.0,409.0,436.0,436.0,96.45,96.45,398.2,398.2,123,-82.69233877545499,EARLY_UP,LOWER,NEUTRAL,S0_NEUTRAL,,,,,409.0,409.0,436.0,436.0,96.45,96.45,296.0,10.0,0.0,0.0,0.0,398.2,398.2,,,,,,,167.0,-17.78,False
317,MTB,Financials,-58.8,13.6,0.8,-1.7,-6.3,-5.1,-4.5,-6.3,-1.1,-12.5,-20.9,-58.8,29.4,-72.2,1.5,0.0,-251.65137763205925,90.5,293.0,293.0,322.0,322.0,126.42,126.42,399.42,399.42,23,38.8037071269932,EARLY_UP,LOWER,NEUTRAL,S0_NEUTRAL,,,,,293.0,293.0,322.0,322.0,126.42,126.42,243.0,4.0,0.0,0.0,0.0,399.42,399.42,,,,,,,239.0,-10.45,False
318,ONDO-USD,Decentralized Finance,-51.0,6.2,4.0,36.6,40.5,26.1,-17.5,-52.7,,,,-51.0,250.6,-121.4,2.3,0.0,521.7349710753925,-21.6,556.0,556.0,301.0,301.0,77.22,77.22,399.82,399.82,-10,-414.67639419345664,EARLY_DOWN,LOWER,MOMENTUM_DOWN,S5_TRASH,,,,,556.0,556.0,301.0,301.0,77.22,77.22,66.0,10.0,47.0,25.0,0.0,399.82,399.82,,,,,,,0.979,-57.22,False
319,GL,Insurance - Life,-68.4,40.7,-0.8,-2.8,-4.7,-2.7,-3.3,3.9,-6.8,-18.5,-34.6,-68.4,15.6,-125.1,1.2,0.0,-81.69528655812294,80.9,319.0,319.0,347.0,347.0,108.06,108.06,400.26,400.26,-28,-6.9465854584980775,EARLY_DOWN,MID_RANGE,MOMENTUM_DOWN,S5_TRASH,,,,,319.0,319.0,347.0,347.0,108.06,108.06,221.0,0.0,0.0,25.0,0.0,400.26,400.26,,,,,,,157.9151,-4.25,False
320,CARR,Industrials,-15.5,12.1,6.9,-0.2,-0.4,4.9,-4.5,-18.3,-25.0,-27.8,,-15.5,46.3,-102.3,2.2,0.0,-235.71935569800087,64.6,364.0,364.0,231.0,231.0,131.36,131.36,400.36,400.36,102,293.90870328862866,STRONG_UP,LOWER,MOMENTUM_UP,S0_NEUTRAL,,,,,364.0,364.0,231.0,231.0,131.36,131.36,178.0,0.0,11.0,0.0,0.0,400.36,400.36,,,,,,,69.83,-3.22,False
321,IR,Industrial Machinery,-55.1,0.0,-0.6,-7.7,-19.6,-21.5,-26.2,-41.1,-51.9,-54.3,-55.1,-55.1,89.2,-69.3,1.9,0.0,953.920681194316,67.7,353.0,353.0,318.0,318.0,86.81,86.81,401.06,401.06,2,-536.3117408543393,EARLY_UP,LOWER,NEUTRAL,S0_NEUTRAL,,,,,353.0,353.0,318.0,318.0,86.81,86.81,506.0,58.0,0.0,0.0,0.0,401.06,401.06,,,,,,,100.96,-30.6,False
322,NVO,Biotechnology,-96.4,0.0,-2.2,-6.5,-2.7,-14.5,-29.1,-59.3,-80.9,-92.2,-92.3,-96.4,389.4,-95.9,2.4,0.0,4892.6915271913595,52.9,401.0,401.0,427.0,427.0,87.25,87.25,401.1,401.1,-44,1038.4408240162825,EARLY_DOWN,LOWER,MOMENTUM_DOWN,S5_TRASH,,,,,401.0,401.0,427.0,427.0,87.25,87.25,426.0,18.0,0.0,25.0,0.0,401.1,401.1,,,,,,,64.16,-34.54,False
323,CL=F,Index,-86.6,37.2,5.3,-3.5,1.4,21.1,25.9,12.7,-7.2,-35.7,-38.7,-86.6,92.6,-192.0,1.3,0.0,-133.5362235736461,62.7,371.0,371.0,396.0,396.0,103.45,103.45,402.25,402.25,38,13.905746271039902,STRONG_DOWN,MID_RANGE,MOMENTUM_DOWN,S5_TRASH,,,,,371.0,371.0,396.0,396.0,103.45,103.45,89.0,0.0,0.0,25.0,0.0,402.25,402.25,,,,,,,119.48,-20.16,False
324,LHX,Aerospace & Defense,-38.0,26.6,-5.2,-4.6,-16.3,-13.2,-10.0,-3.2,-3.2,-18.7,-34.9,-38.0,63.3,-74.3,1.7,0.0,-76.57721766078711,111.3,260.0,260.0,280.0,280.0,117.76,117.76,402.61,402.61,-27,-15.63016230086393,EARLY_UP,MID_RANGE,NEUTRAL,S0_NEUTRAL,,,,,260.0,260.0,280.0,280.0,117.76,117.76,397.0,20.0,0.0,0.0,0.0,402.61,402.61,,,,,,,379.23,-19.98,False
325,DGX,Healthcare,-54.3,5.1,0.0,-1.4,-9.6,-6.8,-7.4,-7.1,-9.3,-21.5,-32.4,-54.3,24.3,-58.0,1.7,0.0,-672.3,95.0,287.0,287.0,313.0,313.0,117.97,117.97,403.02,403.02,-4,-233.56485717673377,EARLY_UP,LOWER,NEUTRAL,S0_NEUTRAL,,,,,287.0,287.0,313.0,313.0,117.97,117.97,292.0,4.0,0.0,0.0,0.0,403.02,403.02,,,,,,,213.5,-9.29,False
326,448540.KS,NVDA + Bond,8.5,3.1,3.1,-0.2,-2.2,-2.0,-3.9,-4.5,-0.2,,,8.5,22.5,-47.5,2.2,0.0,-381.16931488600744,58.3,386.0,386.0,199.0,199.0,113.19,113.19,403.29,403.29,0,0.0,STRONG_UP,LOWER,MOMENTUM_DOWN,S0_NEUTRAL,,,,,386.0,386.0,199.0,199.0,113.19,113.19,198.0,0.0,26.0,0.0,0.0,403.29,403.29,,,,,,,28100.0,-2.79,False
327,DTE,Electric Power Generation,-41.6,4.7,4.2,-3.7,-10.1,-6.9,-10.1,-13.1,-16.3,-27.5,-34.9,-41.6,45.4,-45.5,2.0,0.0,-270.5043470050323,107.7,266.0,266.0,287.0,287.0,97.53,97.53,403.63,403.63,-16,333.3836800581071,STRONG_DOWN,LOWER,MOMENTUM_DOWN,S5_TRASH,,,,,266.0,266.0,287.0,287.0,97.53,97.53,318.0,14.0,0.0,25.0,0.0,403.63,403.63,,,,,,,154.63,-8.29,False
328,SPGI,Financial Data & Exchanges,-68.2,2.0,-1.8,-5.2,-11.0,-18.9,-28.0,-38.8,-47.7,-61.0,-76.2,-68.2,95.4,-71.1,1.8,0.0,842.2767750393286,81.1,317.0,317.0,345.0,345.0,98.09,98.09,403.74,403.74,4,-197.42135971884386,EARLY_UP,LOWER,NEUTRAL,S0_NEUTRAL,,,,,317.0,317.0,345.0,345.0,98.09,98.09,466.0,58.0,0.0,0.0,0.0,403.74,403.74,,,,,,,552.25,-25.34,False
329,DLR,Real Estate,-53.0,16.1,-5.3,-6.7,-7.8,-1.0,-4.2,-6.5,-5.6,-9.7,-28.6,-53.0,38.9,-70.1,1.6,0.0,-161.33827903835865,96.3,283.0,283.0,308.0,308.0,115.07,115.07,403.77,403.77,-61,-59.96958910945193,STRONG_DOWN,LOWER,MOMENTUM_DOWN,S5_TRASH,,,,,283.0,283.0,308.0,308.0,115.07,115.07,247.0,4.0,0.0,25.0,0.0,403.77,403.77,,,,,,,208.14,-11.84,False
330,SLB,Oil & Gas Equipment & Services,-89.4,30.2,5.2,-0.2,-0.2,12.9,28.3,17.3,-6.3,-16.7,-8.5,-89.4,19.0,-135.4,2.3,0.0,-200.47811377961568,59.9,380.0,380.0,406.0,406.0,98.25,98.25,404.8,404.8,-14,21.911050509773673,EARLY_DOWN,MID_RANGE,MOMENTUM_DOWN,S5_TRASH,,,,,380.0,380.0,406.0,406.0,98.25,98.25,91.0,0.0,0.0,25.0,0.0,404.8,404.8,,,,,,,58.81,-3.33,False
331,PAYX,Industrials,-96.8,7.4,2.0,-0.5,-2.5,-9.0,-24.7,-40.3,-52.2,-69.8,-79.7,-96.8,70.8,-109.7,2.9,0.0,14.467735342169895,52.5,402.0,402.0,428.0,428.0,93.89,93.89,405.39,405.39,27,-19.64838399604367,STRONG_UP,LOWER,NEUTRAL,S0_NEUTRAL,,,,,402.0,402.0,428.0,428.0,93.89,93.89,354.0,10.0,0.0,0.0,0.0,405.39,405.39,,,,,,,130.32,-24.46,False
332,BRK-B,Diversified Financial Services,-54.9,3.5,3.5,-1.2,-8.5,-11.1,-16.3,-24.3,-29.6,-32.1,-34.4,-54.9,42.5,-58.1,2.7,0.0,-14.039882132300558,94.4,290.0,290.0,316.0,316.0,94.64,94.64,405.84,405.84,5,21.28499872981578,EARLY_DOWN,LOWER,MOMENTUM_DOWN,S5_TRASH,,,,,290.0,290.0,316.0,316.0,94.64,94.64,360.0,22.0,0.0,25.0,0.0,405.84,405.84,,,,,,,516.85,-8.03,False
333,EA,Electronic Gaming & Multimedia,-70.4,25.1,1.5,-1.7,-6.9,-8.4,-4.2,1.8,-3.3,-15.5,-34.5,-70.4,40.5,-106.9,1.3,0.0,-179.7776263441791,78.9,329.0,329.0,355.0,355.0,123.81,123.81,406.46,406.46,41,9.25349368060725,EARLY_UP,MID_RANGE,MOMENTUM_UP,S2_EARLY_BREAKOUT,,,,,329.0,329.0,355.0,355.0,123.81,123.81,258.0,4.0,0.0,-4.0,0.0,406.46,406.46,,,,,,,204.89,-1.1,False
334,SOLV,Healthcare,-14.9,10.1,9.9,8.4,4.8,-2.7,-6.9,-11.7,,,,-14.9,9.1,-56.0,2.3,0.0,-136.8401366408121,11.9,501.0,501.0,230.0,230.0,75.5,75.5,407.5,407.5,54,299.55375702102793,STRONG_UP,LOWER,MOMENTUM_DOWN,S0_NEUTRAL,,,,,501.0,501.0,230.0,230.0,75.5,75.5,167.0,0.0,47.0,0.0,0.0,407.5,407.5,,,,,,,88.2,-11.16,False
335,MAS,Industrials,-75.7,8.6,-0.3,-1.9,-3.3,-2.2,-6.8,-19.3,-27.7,-36.4,-51.2,-75.7,27.9,-84.9,2.3,0.0,-296.34799989378433,73.6,342.0,342.0,368.0,368.0,118.2,118.2,407.55,407.55,-9,-47.154409303865236,EARLY_UP,LOWER,NEUTRAL,S0_NEUTRAL,,,,,342.0,342.0,368.0,368.0,118.2,118.2,225.0,0.0,0.0,0.0,0.0,407.55,407.55,,,,,,,79.19,-12.16,False
336,FRT,Real Estate,-95.3,15.3,1.0,0.0,-0.6,4.7,7.4,-3.1,-11.1,-27.6,-41.6,-95.3,8.5,-113.5,2.2,0.0,-406.9924632991612,54.0,397.0,397.0,423.0,423.0,103.55,103.55,408.1,408.1,0,-37.070345179239155,STRONG_UP,LOWER,MOMENTUM_DOWN,S0_NEUTRAL,,,,,397.0,397.0,423.0,423.0,103.55,103.55,148.0,0.0,0.0,0.0,0.0,408.1,408.1,,,,,,,121.84,-1.99,False
337,JNJ,Pharmaceuticals,-55.0,29.2,-0.6,-3.0,-12.4,-9.3,0.9,6.9,-0.9,-15.7,-29.6,-55.0,20.1,-85.4,2.0,0.0,-130.63836363003128,94.3,291.0,291.0,317.0,317.0,114.52,114.52,411.17,411.17,-56,-33.77631554644276,STRONG_DOWN,MID_RANGE,MOMENTUM_DOWN,S5_TRASH,,,,,291.0,291.0,317.0,317.0,114.52,114.52,288.0,4.0,0.0,25.0,0.0,411.17,411.17,,,,,,,251.71,-11.31,False
338,MET,Financials,-62.6,3.4,-2.6,-1.8,-0.2,-2.2,-7.9,-17.6,-22.6,-35.1,-36.6,-62.6,42.0,-65.9,2.4,0.0,-584.0150816353571,86.7,305.0,305.0,333.0,333.0,111.03,111.03,411.98,411.98,-35,-214.09823384601378,EARLY_DOWN,LOWER,MOMENTUM_DOWN,S5_TRASH,,,,,305.0,305.0,333.0,333.0,111.03,111.03,208.0,0.0,0.0,25.0,0.0,411.98,411.98,,,,,,,85.29,-5.08,False
339,HPQ,Technology,-106.3,13.4,-1.8,4.8,14.8,12.5,-1.4,-25.5,-41.1,-63.9,-75.4,-106.3,74.5,-133.6,2.3,0.0,-250.7008834960443,42.9,432.0,432.0,458.0,458.0,102.72,102.72,412.32,412.32,18,90.03461048385833,STRONG_UP,LOWER,NEUTRAL,S0_NEUTRAL,,,,,432.0,432.0,458.0,458.0,102.72,102.72,102.0,0.0,0.0,0.0,0.0,412.32,412.32,,,,,,,29.65,-12.18,False
340,KR,Grocery Stores,-44.4,7.6,-1.7,-7.1,-15.6,-14.5,-19.5,-20.8,-22.8,-27.8,-21.1,-44.4,65.1,-52.7,1.5,0.0,29.41862107446234,104.9,268.0,268.0,291.0,291.0,98.89,98.89,412.54,412.54,2,16.934881188128998,STRONG_DOWN,LOWER,MOMENTUM_DOWN,S5_TRASH,,,,,268.0,268.0,291.0,291.0,98.89,98.89,445.0,40.0,0.0,25.0,0.0,412.54,412.54,,,,,,,76.58,-20.04,False
341,MA,Data Processing & Outsourced Services,-39.5,0.0,0.0,-6.8,-12.9,-17.8,-26.3,-33.3,-40.6,-46.9,-62.4,-39.5,99.1,-39.4,1.7,0.0,3093.7270833333328,109.8,264.0,264.0,284.0,284.0,113.56,113.56,413.66,413.66,-17,-147.84438966184825,STRONG_DOWN,LOWER,MOMENTUM_DOWN,S5_TRASH,,,,,264.0,264.0,284.0,284.0,113.56,113.56,468.0,58.0,0.0,25.0,0.0,413.66,413.66,,,,,,,589.67,-20.03,False
342,CVS,Healthcare,-96.0,30.7,1.5,4.0,5.9,6.9,9.9,18.5,5.0,-26.6,-42.7,-96.0,8.4,-141.5,1.3,0.0,-209.14999979597653,53.3,400.0,400.0,426.0,426.0,93.9,93.9,414.1,414.1,-1,-17.654279522901078,EARLY_DOWN,MID_RANGE,MOMENTUM_DOWN,S5_TRASH,,,,,400.0,400.0,426.0,426.0,93.9,93.9,114.0,0.0,0.0,25.0,0.0,414.1,414.1,,,,,,,98.43,-7.17,False
343,VEEV,Healthcare,-78.4,4.7,1.3,-2.6,-7.1,-16.7,-34.8,-42.1,-55.1,-77.2,-104.5,-78.4,331.9,-98.0,1.9,0.0,349.6819807744993,70.9,347.0,347.0,373.0,373.0,113.6,113.6,416.3,416.3,60,-936.647831891818,STRONG_UP,LOWER,NEUTRAL,S0_NEUTRAL,,,,,347.0,347.0,373.0,373.0,113.6,113.6,455.0,40.0,0.0,0.0,0.0,416.3,416.3,,,,,,,310.5,-42.44,False
344,DASH,Internet Retail,-26.9,2.5,-1.8,-11.2,-14.2,-24.1,-38.5,-34.7,-24.7,-17.8,,-26.9,94.7,-64.4,1.5,0.0,943.3178375653688,39.3,440.0,440.0,252.0,252.0,79.0,79.0,416.3,416.3,43,238.53054386445467,EARLY_UP,LOWER,NEUTRAL,S0_NEUTRAL,,,,,440.0,440.0,252.0,252.0,79.0,79.0,528.0,58.0,11.0,0.0,0.0,416.3,416.3,,,,,,,285.5,-45.86,False
345,TTWO,Electronic Gaming & Multimedia,-47.1,2.5,-3.9,-4.5,-5.8,-12.1,-19.7,-16.2,-19.0,-25.6,-49.7,-47.1,120.1,-50.9,1.5,0.0,-339.03968606410905,102.2,272.0,272.0,295.0,295.0,88.73,88.73,417.18,417.18,2,-81.85792991185008,EARLY_DOWN,LOWER,MOMENTUM_DOWN,S5_TRASH,,,,,272.0,272.0,295.0,295.0,88.73,88.73,377.0,22.0,0.0,25.0,0.0,417.18,417.18,,,,,,,264.79,-18.5,False
346,CTVA,Agricultural Inputs,-12.0,12.5,0.2,-3.7,-10.5,-4.5,-4.6,-2.9,-7.7,-21.2,-12.0,-12.0,72.0,-65.1,1.6,0.0,-209.29073471437462,79.8,324.0,324.0,228.0,228.0,126.89,126.89,417.74,417.74,-29,-61.93055535908431,STRONG_DOWN,LOWER,MOMENTUM_DOWN,S5_TRASH,,,,,324.0,324.0,228.0,228.0,126.89,126.89,281.0,4.0,0.0,25.0,0.0,417.74,417.74,,,,,,,85.63,-9.14,False
347,CPRT,Specialty Business Services,-69.0,0.0,0.0,-9.5,-18.1,-24.7,-38.6,-58.6,-74.5,-85.4,-98.4,-69.0,215.5,-68.5,2.5,0.0,5000.0,80.3,321.0,321.0,349.0,349.0,86.78,86.78,419.93,419.93,-55,106.98606304796704,STRONG_DOWN,LOWER,MOMENTUM_DOWN,S5_TRASH,,,,,321.0,321.0,349.0,349.0,86.78,86.78,540.0,58.0,0.0,25.0,0.0,419.93,419.93,,,,,,,45.89,-33.86,False
348,HUM,Healthcare,-130.0,17.1,4.2,17.9,41.9,38.5,25.4,3.9,-26.1,-62.6,-90.4,-130.0,63.6,-169.4,2.2,0.0,-505.11702478903464,19.3,486.0,486.0,505.0,505.0,89.91,89.91,420.26,420.26,19,129.67631948139672,STRONG_UP,LOWER,MOMENTUM_DOWN,S0_NEUTRAL,,,,,486.0,486.0,505.0,505.0,89.91,89.91,45.0,0.0,0.0,0.0,0.0,420.26,420.26,,,,,,,333.31,-1.73,False
349,NEE,Electric Utilities,-39.6,10.5,-3.8,-7.9,-14.8,-11.8,-6.3,-8.7,-11.2,-31.5,-47.6,-39.6,77.1,-52.8,1.9,0.0,-188.47343501587503,109.7,265.0,265.0,285.0,285.0,105.29,105.29,420.74,420.74,-31,-67.93874091881355,STRONG_DOWN,LOWER,MOMENTUM_DOWN,S5_TRASH,,,,,265.0,265.0,285.0,285.0,105.29,105.29,374.0,20.0,0.0,25.0,0.0,420.74,420.74,,,,,,,98.75,-14.35,False
350,APD,Specialty Chemicals,-69.5,9.4,2.3,-4.5,-8.5,-4.9,-9.0,-21.0,-32.1,-46.0,-64.6,-69.5,72.8,-84.0,2.0,0.0,-201.0956328654191,79.8,324.0,324.0,352.0,352.0,105.53,105.53,422.38,422.38,28,-17.234208897135517,STRONG_DOWN,LOWER,MOMENTUM_DOWN,S5_TRASH,,,,,324.0,324.0,352.0,352.0,105.53,105.53,297.0,4.0,0.0,25.0,0.0,422.38,422.38,,,,,,,307.96,-8.34,False
351,XLY,Index,-54.4,0.5,-2.3,-3.5,-6.4,-8.9,-12.0,-14.5,-19.8,-30.7,-44.0,-54.4,31.9,-54.3,1.8,0.0,-2069.7262491363144,94.9,288.0,288.0,314.0,314.0,108.99,108.99,422.39,422.39,-64,-1733.1729552126178,STRONG_UP,LOWER,MOMENTUM_DOWN,S0_NEUTRAL,,,,,288.0,288.0,314.0,314.0,108.99,108.99,314.0,14.0,0.0,0.0,0.0,422.39,422.39,,,,,,,125.01,-6.62,False
352,PNR,Industrials,-93.0,2.2,2.2,-6.4,-20.4,-29.3,-38.4,-45.5,-50.1,-52.1,-58.3,-93.0,34.9,-95.3,1.5,0.0,349.8714462101322,56.3,392.0,392.0,417.0,417.0,69.42,69.42,422.67,422.67,88,345.996420357323,STRONG_DOWN,LOWER,MOMENTUM_UP,S4_BOTTOMING,,,,,392.0,392.0,417.0,417.0,69.42,69.42,553.0,58.0,0.0,-2.0,0.0,422.67,422.67,,,,,,,113.95,-37.3,False
353,L,Financials,-51.8,11.5,3.9,-4.9,-10.5,-10.8,-9.7,-8.9,-10.3,-11.0,-12.6,-51.8,9.9,-65.1,1.4,0.0,-277.8451034359863,97.4,280.0,280.0,304.0,304.0,98.83,98.83,423.28,423.28,1,-27.995996251896088,STRONG_DOWN,LOWER,MOMENTUM_DOWN,S5_TRASH,,,,,280.0,280.0,304.0,304.0,98.83,98.83,353.0,20.0,0.0,25.0,0.0,423.28,423.28,,,,,,,114.9,-9.09,False
354,EXR,Real Estate,-80.9,2.6,1.0,-0.7,-5.9,-4.4,-10.2,-23.3,-32.1,-57.7,-66.6,-80.9,95.9,-85.1,2.0,0.0,-1054.3510377872224,68.4,351.0,351.0,380.0,380.0,98.67,98.67,423.42,423.42,-1,-169.65103778722232,STRONG_UP,LOWER,MOMENTUM_DOWN,S0_NEUTRAL,,,,,351.0,351.0,380.0,380.0,98.67,98.67,258.0,14.0,0.0,0.0,0.0,423.42,423.42,,,,,,,155.19,-7.83,False
355,MMM,Industrials,-95.4,12.2,0.1,2.5,-4.9,-8.1,-11.3,-8.6,6.4,-7.9,-35.1,-95.4,17.6,-110.5,1.3,0.0,-503.2711073807354,53.9,398.0,398.0,424.0,424.0,87.78,87.78,423.48,423.48,25,-7.401615018407199,STRONG_UP,LOWER,MOMENTUM_DOWN,S0_NEUTRAL,,,,,398.0,398.0,424.0,424.0,87.78,87.78,270.0,10.0,0.0,0.0,0.0,423.48,423.48,,,,,,,177.41,-14.52,False
356,HON,Industrials,-77.8,6.7,-9.7,-2.3,-10.0,-5.1,-6.2,-9.9,-17.8,-33.9,-51.5,-77.8,18.2,-84.2,2.1,0.0,-677.710399373667,71.5,344.0,344.0,370.0,370.0,113.9,113.9,423.8,423.8,-29,-348.4873353483737,STRONG_UP,LOWER,NEUTRAL,S0_NEUTRAL,,,,,344.0,344.0,370.0,370.0,113.9,113.9,284.0,4.0,0.0,0.0,0.0,423.8,423.8,,,,,,,248.18,-10.04,False
357,NVR,Residential Construction,-79.2,5.9,1.0,-2.3,-14.1,-20.2,-28.9,-43.8,-54.9,-60.3,-71.4,-79.2,92.0,-92.2,2.0,0.0,252.68442242348772,70.1,349.0,349.0,377.0,377.0,95.22,95.22,423.92,423.92,-1,-162.91973709220247,EARLY_UP,LOWER,NEUTRAL,S0_NEUTRAL,,,,,349.0,349.0,377.0,377.0,95.22,95.22,477.0,58.0,0.0,0.0,0.0,423.92,423.92,,,,,,,8200.0,-25.37,False
358,KEY,Financials,-61.3,19.5,-2.2,-4.3,-7.6,-7.1,-3.6,-1.8,8.5,-12.8,-24.4,-61.3,40.9,-88.1,1.4,0.0,-202.91597146217057,88.0,302.0,302.0,330.0,330.0,123.61,123.61,426.56,426.56,-48,-33.76441651497774,STRONG_DOWN,LOWER,MOMENTUM_DOWN,S5_TRASH,,,,,302.0,302.0,330.0,330.0,123.61,123.61,269.0,4.0,0.0,25.0,0.0,426.56,426.56,,,,,,,23.35,-10.58,False
359,CNP,Utilities,-68.4,14.2,-1.7,-3.6,-9.9,-7.0,-7.3,-3.3,-7.1,-17.4,-25.7,-68.4,21.8,-82.7,1.6,0.0,-311.09757875318644,80.9,319.0,319.0,347.0,347.0,106.22,106.22,427.57,427.57,-34,-53.3034662757434,STRONG_DOWN,LOWER,MOMENTUM_DOWN,S5_TRASH,,,,,319.0,319.0,347.0,347.0,106.22,106.22,306.0,4.0,0.0,25.0,0.0,427.57,427.57,,,,,,,44.465,-6.58,False
360,CMG,Restaurants,-71.1,0.0,-0.8,-11.4,-20.6,-25.4,-37.4,-60.1,-75.2,-86.7,-95.1,-71.1,293.4,-70.6,1.9,0.0,4960.132802150018,78.2,332.0,332.0,358.0,358.0,86.96,86.96,427.71,427.71,-46,43.03440767765551,STRONG_DOWN,LOWER,MOMENTUM_DOWN,S5_TRASH,,,,,332.0,332.0,358.0,358.0,86.96,86.96,551.0,58.0,0.0,25.0,0.0,427.71,427.71,,,,,,,42.82,-32.88,False
361,BEN,Asset Management,-103.0,16.9,-1.2,-2.1,3.5,8.7,11.4,17.8,1.8,-21.8,-40.4,-103.0,9.6,-125.3,1.5,0.0,-479.8328848036832,46.3,417.0,417.0,443.0,443.0,92.9,92.9,430.05,430.05,-10,-73.61981908540099,EARLY_DOWN,LOWER,MOMENTUM_DOWN,S5_TRASH,,,,,417.0,417.0,443.0,443.0,92.9,92.9,124.0,0.0,0.0,25.0,0.0,430.05,430.05,,,,,,,32.44,-6.38,False
362,KEI,Unknown,-17.2,10.0,-1.2,-0.6,-4.8,-7.3,-15.1,,,,,-17.2,11.8,-20.3,2.3,0.0,0.0,-4.1,530.0,530.0,234.0,234.0,81.21,81.21,433.21,433.21,-2,0.0,STRONG_DOWN,LOWER,MOMENTUM_UP,S4_BOTTOMING,,,,,530.0,530.0,234.0,234.0,81.21,81.21,304.0,10.0,50.0,-2.0,0.0,433.21,433.21,,,,unknown,equity,,24.53,-10.35,False
363,PSA,Real Estate,-82.9,4.4,0.4,-0.9,-4.8,-1.6,-7.1,-18.5,-27.7,-46.3,-52.7,-82.9,40.3,-88.1,2.1,0.0,-856.232923540551,66.4,357.0,357.0,384.0,384.0,102.55,102.55,434.2,434.2,-41,-340.4307937275847,STRONG_DOWN,LOWER,MOMENTUM_DOWN,S5_TRASH,,,,,357.0,357.0,384.0,384.0,102.55,102.55,230.0,0.0,0.0,25.0,0.0,434.2,434.2,,,,,,,313.51,-3.68,False
364,CNC,Healthcare,-136.9,15.6,0.8,1.8,21.7,27.9,35.4,-2.8,-30.0,-64.3,-91.9,-136.9,62.8,-173.0,2.0,0.0,-511.82191221217977,12.4,499.0,499.0,516.0,516.0,97.19,97.19,435.79,435.79,15,31.42614803594961,STRONG_UP,LOWER,MOMENTUM_DOWN,S0_NEUTRAL,,,,,499.0,499.0,516.0,516.0,97.19,97.19,61.0,0.0,0.0,0.0,0.0,435.79,435.79,,,,,,,62.1,-4.11,False
365,PNW,Utilities,-71.9,10.9,0.7,-3.1,-8.5,-4.6,-4.8,-8.7,-13.0,-18.3,-35.8,-71.9,15.7,-82.2,1.8,0.0,-398.30793379600345,77.3,333.0,333.0,359.0,359.0,115.08,115.08,435.98,435.98,-26,-88.15826491568032,STRONG_DOWN,LOWER,MOMENTUM_DOWN,S5_TRASH,,,,,333.0,333.0,359.0,359.0,115.08,115.08,257.0,4.0,0.0,25.0,0.0,435.98,435.98,,,,,,,104.92,-5.27,False
366,COIN,Financial Data & Stock Exchanges,-32.9,1.8,-7.1,-14.7,-16.8,-25.6,-44.5,-51.1,-39.8,-29.2,,-32.9,213.9,-58.5,1.7,0.0,4435.206409761908,29.5,467.0,467.0,268.0,268.0,67.83,67.83,437.38,437.38,-17,3545.706752093982,STRONG_DOWN,LOWER,MOMENTUM_DOWN,S5_TRASH,,,,,467.0,467.0,268.0,268.0,67.83,67.83,558.0,58.0,11.0,25.0,0.0,437.38,437.38,,,,,,,402.16,-59.41,False
367,LNT,Utilities,-61.1,5.8,-1.1,-3.4,-8.9,-5.7,-5.1,-4.4,-6.7,-21.0,-37.9,-61.1,29.7,-66.2,1.8,0.0,-752.431507398665,88.2,301.0,301.0,329.0,329.0,122.33,122.33,438.08,438.08,-33,-312.1003728126215,STRONG_DOWN,LOWER,MOMENTUM_DOWN,S5_TRASH,,,,,301.0,301.0,329.0,329.0,122.33,122.33,276.0,4.0,0.0,25.0,0.0,438.08,438.08,,,,,,,75.759,-6.56,False
368,KDP,Beverages - Non-Alcoholic,-103.1,4.5,2.8,1.1,-0.8,0.1,-5.9,-19.7,-32.2,-55.8,-77.1,-103.1,41.0,-109.3,2.2,0.0,-1246.4384330748944,46.2,418.0,418.0,444.0,444.0,107.65,107.65,440.1,440.1,47,1455.4099396506422,STRONG_UP,LOWER,MOMENTUM_UP,S0_NEUTRAL,,,,,418.0,418.0,444.0,444.0,107.65,107.65,191.0,0.0,0.0,0.0,0.0,440.1,440.1,,,,,,,31.33,-2.49,False
369,HBAN,Banks - Regional,-69.4,3.2,-3.5,-3.8,-9.4,-12.6,-16.4,-20.8,-18.8,-28.6,-37.4,-69.4,27.8,-74.2,1.4,0.0,-803.2093160087766,79.9,322.0,322.0,350.0,350.0,106.21,106.21,441.31,441.31,35,-229.81229672739164,EARLY_UP,LOWER,NEUTRAL,S0_NEUTRAL,,,,,322.0,322.0,350.0,350.0,106.21,106.21,382.0,22.0,0.0,0.0,0.0,441.31,441.31,,,,,,,19.46,-18.14,False
370,DOW,Chemicals,-66.8,22.8,5.8,-5.7,-7.0,13.9,28.3,2.5,-20.3,-46.8,-63.7,-66.8,31.9,-138.5,2.9,0.0,-256.7207023854536,27.5,470.0,470.0,342.0,342.0,114.65,114.65,441.5,441.5,36,47.988814627057934,STRONG_DOWN,MID_RANGE,MOMENTUM_DOWN,S5_TRASH,,,,,470.0,470.0,342.0,342.0,114.65,114.65,111.0,4.0,0.0,25.0,0.0,441.5,441.5,,,,,,,42.74,-17.17,False
371,EIX,Electric Utilities,-99.6,13.7,2.6,-0.1,-8.5,-1.1,5.9,-9.9,-24.2,-37.2,-54.3,-99.6,15.5,-117.3,2.3,0.0,-426.2200607581127,49.7,408.0,408.0,435.0,435.0,98.59,98.59,444.24,444.24,-16,41.019913145602914,STRONG_DOWN,LOWER,MOMENTUM_DOWN,S5_TRASH,,,,,408.0,408.0,435.0,435.0,98.59,98.59,189.0,4.0,0.0,25.0,0.0,444.24,444.24,,,,,,,76.18,-6.98,False
372,AON,Insurance Brokers,-75.4,0.8,0.8,-2.1,-9.2,-14.0,-21.8,-32.3,-44.1,-58.5,-68.3,-75.4,64.2,-76.2,2.9,0.0,-70.65669787192046,73.9,341.0,341.0,366.0,366.0,93.6,93.6,444.25,444.25,57,-34.836758709108494,STRONG_DOWN,LOWER,MOMENTUM_DOWN,S5_TRASH,,,,,341.0,341.0,366.0,366.0,93.6,93.6,410.0,22.0,0.0,25.0,0.0,444.25,444.25,,,,,,,370.31,-14.77,False
373,EQR,Real Estate,-93.9,3.6,2.5,-1.0,-2.8,-2.3,-7.2,-20.8,-28.7,-46.2,-61.5,-93.9,30.5,-98.0,2.4,0.0,-1302.7560810369946,55.4,395.0,395.0,420.0,420.0,118.33,118.33,445.23,445.23,17,191.94541973626178,STRONG_UP,LOWER,MOMENTUM_DOWN,S0_NEUTRAL,,,,,395.0,395.0,420.0,420.0,118.33,118.33,219.0,0.0,0.0,0.0,0.0,445.23,445.23,,,,,,,67.52,-2.04,False
374,VTRS,Healthcare,-117.9,21.8,-2.6,0.5,0.5,10.8,31.0,33.4,29.6,15.4,-25.2,-117.9,6.1,-151.9,2.4,0.0,-414.87405319907936,31.4,463.0,463.0,483.0,483.0,96.64,96.64,446.19,446.19,7,-55.02397508559204,EARLY_DOWN,MID_RANGE,MOMENTUM_DOWN,S5_TRASH,,,,,463.0,463.0,483.0,483.0,96.64,96.64,90.0,0.0,0.0,25.0,0.0,446.19,446.19,,,,,,,17.53,-11.24,False
375,SW,Packaging & Containers,-95.7,10.8,3.1,2.4,-6.4,-4.0,-11.5,-25.3,-31.8,-47.8,-64.4,-95.7,51.9,-113.0,2.0,0.0,-334.27168941833554,53.6,399.0,399.0,425.0,425.0,112.32,112.32,446.57,446.57,38,151.68171880714095,EARLY_UP,LOWER,NEUTRAL,S0_NEUTRAL,,,,,399.0,399.0,425.0,425.0,112.32,112.32,252.0,14.0,0.0,0.0,0.0,446.57,446.57,,,,,,,52.65,-20.0,False
376,BBY,Specialty Retail,-114.2,11.5,-4.2,5.5,3.3,-0.8,-8.1,-25.8,-38.1,-61.4,-87.9,-114.2,97.8,-141.2,2.2,0.0,-422.7046002257395,35.1,452.0,452.0,477.0,477.0,113.42,113.42,447.92,447.92,-14,-41.97319997438149,STRONG_UP,LOWER,NEUTRAL,S0_NEUTRAL,,,,,452.0,452.0,477.0,477.0,113.42,113.42,180.0,0.0,0.0,0.0,0.0,447.92,447.92,,,,,,,84.99,-15.6,False
377,FDX,Industrials,-60.6,25.0,-39.5,-12.9,-19.1,-10.5,4.9,-2.6,-12.7,-17.0,-21.6,-60.6,34.1,-91.7,2.9,0.0,-127.41626560673392,88.7,300.0,300.0,328.0,328.0,121.11,121.11,448.76,448.76,-220,-97.78054859975924,EARLY_DOWN,MID_RANGE,MOMENTUM_DOWN,S5_TRASH,,,,,300.0,300.0,328.0,328.0,121.11,121.11,361.0,20.0,0.0,25.0,0.0,448.76,448.76,,,,,,,413.87,-21.6,False
378,XLC,Index,-26.3,0.0,0.0,-5.5,-10.0,-11.9,-13.7,-13.0,-11.4,-10.5,-22.3,-26.3,14.6,-46.7,1.4,0.0,-1646.0,79.5,326.0,326.0,251.0,251.0,99.66,99.66,449.41,449.41,-19,-1.3359732748274382,STRONG_DOWN,LOWER,MOMENTUM_DOWN,S5_TRASH,,,,,326.0,326.0,251.0,251.0,99.66,99.66,373.0,22.0,0.0,25.0,0.0,449.41,449.41,,,,,,,120.405,-6.91,False
379,ROL,Business Services,-66.2,3.0,3.0,-10.8,-21.4,-27.6,-32.8,-37.1,-43.8,-50.5,-61.5,-66.2,76.9,-77.3,1.6,0.0,228.2682340400354,83.1,312.0,312.0,339.0,339.0,101.9,101.9,449.65,449.65,-14,-78.82453633413564,STRONG_DOWN,LOWER,MOMENTUM_DOWN,S5_TRASH,,,,,312.0,312.0,339.0,339.0,101.9,101.9,547.0,58.0,0.0,25.0,0.0,449.65,449.65,,,,,,,66.14,-30.77,False
380,DOC,Real Estate,-108.0,8.3,0.7,6.2,2.9,4.3,2.8,-8.1,-15.2,-43.3,-70.1,-108.0,38.1,-120.6,2.4,0.0,-898.6687290241427,41.3,435.0,435.0,462.0,462.0,95.59,95.59,449.84,449.84,-30,-164.3014172632379,EARLY_DOWN,LOWER,MOMENTUM_DOWN,S5_TRASH,,,,,435.0,435.0,462.0,462.0,95.59,95.59,144.0,0.0,0.0,25.0,0.0,449.84,449.84,,,,,,,20.27,-5.92,False
381,XYZ,Financials,-84.2,3.0,-1.4,-7.6,-3.3,-1.8,-11.1,-21.3,-33.8,-69.2,-103.3,-84.2,807.1,-111.5,1.7,0.0,-921.9419549045721,65.0,362.0,362.0,389.0,389.0,124.97,124.97,449.87,449.87,-61,-256.1444198329001,STRONG_UP,LOWER,NEUTRAL,S0_NEUTRAL,,,,,362.0,362.0,389.0,389.0,124.97,124.97,266.0,10.0,0.0,0.0,0.0,449.87,449.87,,,,,,,81.7,-14.57,False
382,LOW,Retail,-72.8,1.6,1.6,-7.5,-18.4,-22.2,-26.1,-36.5,-48.2,-63.2,-68.5,-72.8,92.6,-75.0,2.0,0.0,703.9561611816322,76.5,335.0,335.0,361.0,361.0,105.48,105.48,449.88,449.88,11,700.9052535763992,STRONG_DOWN,LOWER,MOMENTUM_DOWN,S5_TRASH,,,,,335.0,335.0,361.0,361.0,105.48,105.48,501.0,58.0,0.0,25.0,0.0,449.88,449.88,,,,,,,293.06,-29.14,False
383,MRSH,Financials,-93.0,0.0,0.0,-6.3,-15.4,-19.7,-29.7,-45.6,-58.5,-71.1,-79.6,-93.0,65.4,-92.6,3.1,0.0,1716.8,56.3,392.0,392.0,417.0,417.0,86.65,86.65,450.35,450.35,8,-10.646634307687236,STRONG_DOWN,LOWER,MOMENTUM_DOWN,S5_TRASH,,,,,392.0,392.0,417.0,417.0,86.65,86.65,488.0,58.0,0.0,25.0,0.0,450.35,450.35,,,,,,,207.83,-24.3,False
384,CINF,Insurance - Property & Casualty,-52.9,3.1,3.1,-2.9,-8.5,-10.6,-12.4,-14.5,-13.8,-23.5,-31.7,-52.9,38.9,-55.4,1.4,0.0,-733.524534694239,96.4,282.0,282.0,307.0,307.0,117.5,117.5,451.5,451.5,48,1388.849293587132,EARLY_DOWN,LOWER,MOMENTUM_DOWN,S5_TRASH,,,,,282.0,282.0,307.0,307.0,117.5,117.5,340.0,22.0,0.0,25.0,0.0,451.5,451.5,,,,,,,174.27,-9.33,False
385,TGT,Discount Stores,-103.3,9.0,-0.4,-2.7,-3.8,6.3,10.8,-11.2,-30.0,-65.3,-87.6,-103.3,164.8,-129.4,3.1,0.0,-629.0923556132276,46.0,420.0,420.0,446.0,446.0,107.38,107.38,451.73,451.73,-39,-88.57007729884458,EARLY_UP,LOWER,MOMENTUM_DOWN,S5_TRASH,,,,,420.0,420.0,446.0,446.0,107.38,107.38,151.0,0.0,0.0,25.0,0.0,451.73,451.73,,,,,,,133.09,-6.23,False
386,XEL,Utilities,-72.1,11.0,-2.7,-4.5,-10.5,-8.8,-9.6,-6.2,-8.8,-27.4,-49.1,-72.1,41.3,-85.6,1.4,0.0,-417.88417594295635,77.2,334.0,334.0,360.0,360.0,118.2,118.2,452.0,452.0,-34,-101.8494755440421,STRONG_DOWN,LOWER,MOMENTUM_DOWN,S5_TRASH,,,,,334.0,334.0,360.0,360.0,118.2,118.2,336.0,4.0,0.0,25.0,0.0,452.0,452.0,,,,,,,84.23,-8.12,False
387,LEN,Residential Construction,-105.2,3.3,0.5,-1.8,-11.4,-19.7,-30.4,-49.3,-64.7,-73.2,-80.5,-105.2,109.4,-112.6,2.2,0.0,542.2496603664497,44.1,426.0,426.0,453.0,453.0,95.7,95.7,452.4,452.4,11,-69.01993795415672,EARLY_UP,LOWER,NEUTRAL,S0_NEUTRAL,,,,,426.0,426.0,453.0,453.0,95.7,95.7,470.0,58.0,0.0,0.0,0.0,452.4,452.4,,,,,,,133.76,-33.12,False
388,ESS,Real Estate,-104.7,3.2,3.2,0.9,-0.0,-0.2,-5.5,-18.4,-23.2,-41.2,-62.4,-104.7,21.2,-108.5,2.7,0.0,-1979.8905794727586,44.6,425.0,425.0,451.0,451.0,111.2,111.2,452.75,452.75,23,2110.26594856664,STRONG_UP,LOWER,MOMENTUM_DOWN,S0_NEUTRAL,,,,,425.0,425.0,451.0,451.0,111.2,111.2,188.0,0.0,0.0,0.0,0.0,452.75,452.75,,,,,,,280.74,-1.05,False
389,D,Utilities,-103.3,8.0,1.1,1.4,-1.6,2.2,3.7,6.2,10.1,-18.0,-50.3,-103.3,18.5,-113.3,1.8,0.0,-1104.6620229054058,46.0,420.0,420.0,446.0,446.0,103.1,103.1,455.2,455.2,-16,131.91091485981497,EARLY_DOWN,LOWER,MOMENTUM_DOWN,S5_TRASH,,,,,420.0,420.0,446.0,446.0,103.1,103.1,160.0,0.0,0.0,25.0,0.0,455.2,455.2,,,,,,,68.97,-5.09,False
390,TRI,Technology,-112.5,2.6,-1.3,-13.1,-17.2,-28.1,-48.2,-65.8,-79.4,-91.4,-102.9,-112.5,146.3,-118.9,2.1,0.0,3024.8341704656928,36.8,447.0,447.0,473.0,473.0,82.21,82.21,455.36,455.36,41,316.65127156967856,EARLY_UP,LOWER,NEUTRAL,S0_NEUTRAL,,,,,447.0,447.0,473.0,473.0,82.21,82.21,562.0,58.0,0.0,0.0,0.0,455.36,455.36,,,,,,,164.3,-49.22,False
391,BR,Industrials,-106.1,4.3,0.3,-5.2,-14.5,-24.9,-38.6,-50.7,-61.0,-71.7,-88.3,-106.1,60.8,-113.1,2.2,0.0,289.54687731303227,43.2,430.0,430.0,456.0,456.0,86.23,86.23,456.18,456.18,14,-295.8217828224275,EARLY_UP,LOWER,NEUTRAL,S0_NEUTRAL,,,,,430.0,430.0,456.0,456.0,86.23,86.23,521.0,58.0,0.0,0.0,0.0,456.18,456.18,,,,,,,238.73,-36.08,False
392,0072R0.KS,Gold,-0.3,3.6,3.6,-2.5,-11.9,-12.2,-0.3,,,,,-0.3,34.7,-28.7,1.8,0.0,0.0,13.5,493.0,493.0,211.0,211.0,81.1,81.1,456.4,456.4,0,0.0,STRONG_DOWN,LOWER,MOMENTUM_DOWN,S5_TRASH,,,,,493.0,493.0,211.0,211.0,81.1,81.1,305.0,20.0,50.0,25.0,0.0,456.4,456.4,,,,,,,18095.0,-20.56,False
393,NWSA,Entertainment,-85.2,2.7,0.7,-3.8,-5.0,-7.5,-16.9,-28.0,-35.4,-44.7,-51.2,-85.2,56.8,-88.7,2.0,0.0,-867.1313301901793,64.1,365.0,365.0,391.0,391.0,122.68,122.68,456.88,456.88,2,-331.29428007862396,STRONG_UP,LOWER,NEUTRAL,S0_NEUTRAL,,,,,365.0,365.0,391.0,391.0,122.68,122.68,323.0,10.0,0.0,0.0,0.0,456.88,456.88,,,,,,,31.61,-17.59,False
394,XLF,Index,-54.2,0.0,-0.9,-3.6,-7.5,-10.6,-15.5,-19.6,-21.2,-29.7,-36.3,-54.2,15.4,-55.5,2.1,0.0,-1322.936329201918,95.1,286.0,286.0,312.0,312.0,110.65,110.65,456.95,456.95,-26,-48.723251829152105,STRONG_DOWN,LOWER,MOMENTUM_DOWN,S5_TRASH,,,,,286.0,286.0,312.0,312.0,110.65,110.65,358.0,22.0,0.0,25.0,0.0,456.95,456.95,,,,,,,56.52,-10.0,False
395,WEC,Utilities,-69.4,6.5,-0.2,-4.5,-11.3,-8.8,-10.2,-8.4,-11.4,-26.7,-48.5,-69.4,69.9,-78.6,1.5,0.0,-674.6929505092791,79.9,322.0,322.0,350.0,350.0,113.66,113.66,457.41,457.41,-20,-132.65381039576187,STRONG_DOWN,LOWER,MOMENTUM_DOWN,S5_TRASH,,,,,322.0,322.0,350.0,350.0,113.66,113.66,341.0,14.0,0.0,25.0,0.0,457.41,457.41,,,,,,,119.62,-8.0,False
396,MOH,Healthcare,-110.6,8.3,0.4,-11.2,-9.8,-13.6,-34.1,-54.8,-72.7,-91.0,-105.8,-110.6,210.5,-139.2,2.3,0.0,5000.0,1.9,518.0,518.0,469.0,469.0,97.75,97.75,458.85,458.85,-2,0.0,STRONG_DOWN,LOWER,MOMENTUM_DOWN,S5_TRASH,,,,,518.0,518.0,469.0,469.0,97.75,97.75,478.0,22.0,0.0,25.0,0.0,458.85,458.85,6981766450.6,6.982,524.0,other,equity,data_raw,206.89,-35.22,False
397,SHW,Household & Personal Care Products,-67.7,2.6,2.6,-4.6,-14.8,-17.8,-24.7,-35.4,-43.3,-54.5,-66.5,-67.7,77.6,-71.2,2.2,0.0,17.925336533864222,81.6,316.0,316.0,344.0,344.0,97.95,97.95,459.4,459.4,-62,-275.1986038765712,STRONG_DOWN,LOWER,MOMENTUM_DOWN,S5_TRASH,,,,,316.0,316.0,344.0,344.0,97.95,97.95,465.0,58.0,0.0,25.0,0.0,459.4,459.4,,,,,,,377.77,-21.52,False
398,CME,Financial Data & Stock Exchanges,-45.3,3.1,-13.2,-9.4,-19.9,-19.8,-22.3,-18.3,-20.6,-27.2,-41.8,-45.3,63.1,-48.4,1.4,0.0,-152.6525641180964,104.0,270.0,270.0,293.0,293.0,88.08,88.08,460.38,460.38,-70,-132.39013114280266,STRONG_DOWN,LOWER,MOMENTUM_DOWN,S5_TRASH,,,,,270.0,270.0,293.0,293.0,88.08,88.08,490.0,58.0,0.0,25.0,0.0,460.38,460.38,,,,,,,329.16,-23.25,False
399,SWKS,Technology,-148.7,8.0,2.4,9.5,20.2,20.6,7.5,-13.9,-37.1,-69.2,-99.7,-148.7,67.4,-166.8,2.0,0.0,-1238.785589769231,0.6,521.0,521.0,534.0,534.0,102.09,102.09,460.74,460.74,1,-22.123858306377088,STRONG_UP,LOWER,MOMENTUM_DOWN,S0_NEUTRAL,,,,,521.0,521.0,534.0,534.0,102.09,102.09,78.0,0.0,0.0,0.0,0.0,460.74,460.74,,,,,,,90.9,-11.27,False
400,TXT,Industrials,-85.6,3.9,2.4,-2.8,-8.8,-6.5,-5.4,-13.4,-26.5,-40.4,-40.2,-85.6,27.7,-91.6,1.9,0.0,-1346.8836679590765,63.7,369.0,369.0,394.0,394.0,106.74,106.74,461.19,461.19,-18,866.1364479888805,EARLY_UP,LOWER,MOMENTUM_DOWN,S5_TRASH,,,,,369.0,369.0,394.0,394.0,106.74,106.74,282.0,4.0,0.0,25.0,0.0,461.19,461.19,,,,,,,101.57,-10.03,False
401,PTC,Technology,-89.6,1.5,1.5,-2.7,-10.8,-17.7,-31.1,-43.1,-55.7,-65.1,-74.7,-89.6,82.2,-91.8,2.6,0.0,852.6650446801114,59.7,382.0,382.0,407.0,407.0,102.69,102.69,461.49,461.49,6,-435.05433453859087,EARLY_DOWN,LOWER,MOMENTUM_DOWN,S5_TRASH,,,,,382.0,382.0,407.0,407.0,102.69,102.69,464.0,58.0,0.0,25.0,0.0,461.49,461.49,,,,,,,206.82,-32.44,False
402,BRO,Insurance Brokers,-97.7,0.0,-0.1,-5.8,-18.5,-27.2,-43.0,-61.7,-72.4,-83.6,-94.2,-97.7,163.4,-101.8,2.8,0.0,4095.0785359854863,51.6,404.0,404.0,430.0,430.0,86.46,86.46,461.56,461.56,-36,-637.3267368383849,STRONG_DOWN,LOWER,NEUTRAL,S5_TRASH,,,,,404.0,404.0,430.0,430.0,86.46,86.46,552.0,58.0,0.0,25.0,0.0,461.56,461.56,,,,,,,96.55,-42.89,False
403,AES,Utilities,-110.1,9.2,0.9,-0.5,-9.3,-7.5,0.1,-5.6,-24.9,-59.1,-82.3,-110.1,86.7,-129.6,1.5,0.0,-843.0385987329457,39.2,442.0,442.0,468.0,468.0,111.41,111.41,461.96,461.96,6,31.261543520669306,STRONG_UP,LOWER,MOMENTUM_DOWN,S0_NEUTRAL,,,,,442.0,442.0,468.0,468.0,111.41,111.41,245.0,4.0,0.0,0.0,0.0,461.96,461.96,,,,,,,17.65,-16.66,False
404,J,Industrials,-70.6,13.6,2.4,-5.2,-12.7,-15.1,-22.8,-28.9,-36.9,-51.2,-63.1,-70.6,52.0,-89.3,2.2,0.0,-45.46397585722529,78.7,330.0,330.0,356.0,356.0,104.91,104.91,463.06,463.06,14,13.332553714850008,EARLY_UP,LOWER,NEUTRAL,S0_NEUTRAL,,,,,330.0,330.0,356.0,356.0,104.91,104.91,441.0,58.0,0.0,0.0,0.0,463.06,463.06,,,,,,,168.44,-28.0,False
405,FE,Utilities,-80.3,2.3,-1.5,-3.3,-13.3,-11.5,-9.8,-11.0,-16.2,-28.7,-46.5,-80.3,30.9,-82.4,2.0,0.0,-2347.485552541781,69.0,350.0,350.0,378.0,378.0,106.47,106.47,463.07,463.07,20,-900.0154273109438,EARLY_UP,LOWER,NEUTRAL,S0_NEUTRAL,,,,,350.0,350.0,378.0,378.0,106.47,106.47,364.0,20.0,0.0,0.0,0.0,463.07,463.07,,,,,,,52.34,-12.99,False
406,VZ,Integrated Telecommunication Services,-88.1,13.1,-2.1,-4.7,-9.6,-3.0,-1.8,-3.2,-4.3,-16.7,-45.0,-88.1,16.2,-103.2,2.1,0.0,-455.6100966503498,61.2,377.0,377.0,402.0,402.0,122.65,122.65,463.4,463.4,-61,-110.91576805068672,EARLY_DOWN,LOWER,MOMENTUM_DOWN,S5_TRASH,,,,,377.0,377.0,402.0,402.0,122.65,122.65,248.0,4.0,0.0,25.0,0.0,463.4,463.4,,,,,,,51.68,-9.73,False
407,IT,Technology,-154.4,4.3,1.1,0.1,-3.4,-18.4,-39.8,-68.9,-88.3,-108.4,-119.5,-154.4,136.5,-166.8,2.8,0.0,1065.8774645656124,-5.1,533.0,533.0,543.0,543.0,89.7,89.7,463.4,463.4,39,-422.725742048337,STRONG_UP,LOWER,NEUTRAL,S0_NEUTRAL,,,,,533.0,533.0,543.0,543.0,89.7,89.7,457.0,36.0,0.0,0.0,0.0,463.4,463.4,,,,,,,265.85,-38.03,False
408,FTV,Industrials,-107.0,6.2,4.6,0.9,-3.0,-0.3,1.2,-11.5,-27.5,-44.1,-67.5,-107.0,14.0,-127.8,2.2,0.0,-1301.6197504461036,31.8,461.0,461.0,460.0,460.0,120.47,120.47,464.12,464.12,29,1168.653446983795,EARLY_UP,LOWER,MOMENTUM_UP,S4_BOTTOMING,,,,,461.0,461.0,460.0,460.0,120.47,120.47,182.0,0.0,0.0,-2.0,0.0,464.12,464.12,,,,,,,62.65,-3.27,False
409,EW,Healthcare,-105.4,5.4,0.4,-2.1,-5.9,-6.7,-8.5,-12.3,-28.3,-58.9,-84.5,-105.4,81.2,-115.6,1.7,0.0,-1269.2146658617787,43.9,427.0,427.0,454.0,454.0,111.61,111.61,465.31,465.31,17,109.63666707193056,STRONG_UP,LOWER,NEUTRAL,S0_NEUTRAL,,,,,427.0,427.0,454.0,454.0,111.61,111.61,275.0,4.0,0.0,0.0,0.0,465.31,465.31,,,,,,,89.14,-3.52,False
410,ITW,Industrials,-81.6,3.9,3.9,-2.1,-11.8,-11.1,-14.6,-23.0,-35.3,-47.9,-61.8,-81.6,26.1,-85.6,2.5,0.0,-793.7881607430198,67.7,353.0,353.0,382.0,382.0,102.62,102.62,465.97,465.97,31,2288.265374034237,STRONG_DOWN,LOWER,MOMENTUM_UP,S4_BOTTOMING,,,,,353.0,353.0,382.0,382.0,102.62,102.62,372.0,40.0,0.0,-2.0,0.0,465.97,465.97,,,,,,,303.16,-17.45,False
411,UPS,Industrials,-112.9,6.2,2.1,-1.7,-5.9,-4.0,-1.2,-20.2,-42.2,-71.3,-85.3,-112.9,73.2,-124.6,2.2,0.0,-948.5940699697925,36.4,449.0,449.0,475.0,475.0,116.31,116.31,467.16,467.16,16,437.7796221392472,EARLY_UP,LOWER,NEUTRAL,S0_NEUTRAL,,,,,449.0,449.0,475.0,475.0,116.31,116.31,218.0,4.0,0.0,0.0,0.0,467.16,467.16,,,,,,,122.41,-11.22,False
412,DUK,Electric Utilities,-65.0,4.0,4.0,-4.5,-12.2,-9.5,-10.7,-10.0,-9.0,-20.2,-33.9,-65.0,12.9,-67.8,1.8,0.0,-1059.7446889518394,84.3,309.0,309.0,335.0,335.0,122.27,122.27,467.87,467.87,-23,586.2165361534376,STRONG_DOWN,LOWER,MOMENTUM_DOWN,S5_TRASH,,,,,309.0,309.0,335.0,335.0,122.27,122.27,359.0,14.0,0.0,25.0,0.0,467.87,467.87,,,,,,,134.49,-10.0,False
413,FDS,Financial Data & Stock Exchanges,-141.7,10.2,2.7,1.1,2.5,-4.9,-23.3,-47.6,-67.0,-90.1,-111.4,-141.7,60.9,-164.1,2.4,0.0,-291.61733015305896,7.6,510.0,510.0,526.0,526.0,88.58,88.58,469.28,469.28,59,181.72406120615034,STRONG_UP,LOWER,NEUTRAL,S0_NEUTRAL,,,,,510.0,510.0,526.0,526.0,88.58,88.58,278.0,10.0,0.0,0.0,0.0,469.28,469.28,,,,,,,306.1,-17.2,False
414,XLV,Index,-88.0,2.6,1.4,-1.3,-8.8,-11.2,-10.9,-21.0,-32.7,-49.5,-64.4,-88.0,23.0,-90.5,2.2,0.0,-1636.7849971116157,61.3,376.0,376.0,401.0,401.0,109.69,109.69,469.79,469.79,16,-329.1751613001636,STRONG_UP,LOWER,MOMENTUM_DOWN,S0_NEUTRAL,,,,,376.0,376.0,401.0,401.0,109.69,109.69,328.0,22.0,0.0,0.0,0.0,469.79,469.79,,,,,,,160.59,-8.12,False
415,SBUX,Restaurants,-94.7,7.6,-2.5,-7.1,-8.8,-3.8,-2.8,-9.9,-23.0,-44.1,-67.0,-94.7,47.2,-105.9,1.9,0.0,-756.6662556672659,54.6,396.0,396.0,421.0,421.0,114.48,114.48,470.78,470.78,-38,-321.3009629164432,EARLY_DOWN,LOWER,MOMENTUM_DOWN,S5_TRASH,,,,,396.0,396.0,421.0,421.0,114.48,114.48,264.0,4.0,0.0,25.0,0.0,470.78,470.78,,,,,,,108.88,-11.93,False
416,RVTY,Healthcare,-135.8,4.1,-0.8,6.5,1.6,-3.9,-6.1,-24.5,-40.5,-74.7,-99.8,-135.8,69.5,-147.1,2.1,0.0,-2019.4078211743151,13.5,493.0,493.0,511.0,511.0,101.24,101.24,471.44,471.44,12,386.78360996424385,STRONG_UP,LOWER,NEUTRAL,S0_NEUTRAL,,,,,493.0,493.0,511.0,511.0,101.24,101.24,183.0,0.0,0.0,0.0,0.0,471.44,471.44,,,,,,,118.3,-14.56,False
417,MRNA,Healthcare,-92.1,2.5,0.4,5.3,-6.2,17.9,38.8,4.7,-36.6,-88.3,-94.1,-92.1,1434.6,-168.2,2.9,0.0,-3312.0191584798877,6.8,516.0,516.0,415.0,415.0,122.78,122.78,471.68,471.68,56,378.1280895330833,STRONG_DOWN,LOWER,MOMENTUM_UP,S4_BOTTOMING,,,,,516.0,516.0,415.0,415.0,122.78,122.78,84.0,4.0,0.0,-2.0,0.0,471.68,471.68,,,,,,,59.55,-17.62,False
418,EXC,Utilities,-59.0,2.7,-0.7,-3.1,-11.8,-10.3,-12.8,-13.8,-20.6,-32.7,-36.9,-59.0,49.5,-61.5,1.7,0.0,-1024.5943876483884,90.3,294.0,294.0,323.0,323.0,106.56,106.56,472.21,472.21,-26,-314.7488702145688,EARLY_UP,LOWER,MOMENTUM_DOWN,S5_TRASH,,,,,294.0,294.0,323.0,323.0,106.56,106.56,363.0,40.0,0.0,25.0,0.0,472.21,472.21,,,,,,,50.65,-11.0,False
419,APTV,Auto Parts,-153.3,10.9,5.5,17.4,9.5,1.4,-6.7,-11.1,-34.7,-72.3,-102.0,-153.3,58.7,-178.6,1.6,0.0,-993.0964697554253,-4.0,529.0,529.0,540.0,540.0,104.99,104.99,472.59,472.59,129,2581.2707580618066,STRONG_UP,LOWER,MOMENTUM_UP,S0_NEUTRAL,,,,,529.0,529.0,540.0,540.0,104.99,104.99,131.0,0.0,0.0,0.0,0.0,472.59,472.59,,,,,,,88.93,-13.62,False
420,LH,Healthcare,-84.0,3.0,1.6,-0.6,-10.0,-10.1,-14.2,-16.1,-23.9,-41.4,-53.7,-84.0,17.6,-86.7,1.6,0.0,-1605.282053245925,65.3,360.0,360.0,387.0,387.0,118.5,118.5,474.6,474.6,28,-146.6401181444985,EARLY_UP,LOWER,NEUTRAL,S0_NEUTRAL,,,,,360.0,360.0,387.0,387.0,118.5,118.5,352.0,22.0,0.0,0.0,0.0,474.6,474.6,,,,,,,293.72,-11.85,False
421,TROW,Financials,-110.8,0.9,0.5,-1.7,-0.7,-4.3,-8.4,-16.8,-28.2,-55.2,-80.4,-110.8,82.7,-112.0,2.1,0.0,-5000.0,38.5,444.0,444.0,470.0,470.0,110.29,110.29,475.44,475.44,2,0.0,STRONG_UP,LOWER,MOMENTUM_DOWN,S0_NEUTRAL,,,,,444.0,444.0,470.0,470.0,110.29,110.29,227.0,0.0,0.0,0.0,0.0,475.44,475.44,,,,,,,109.46,-4.98,False
422,PDD,Technology,-57.3,0.9,0.6,-10.3,-19.8,-25.4,-34.5,-47.4,-60.8,-64.5,-70.7,-57.3,465.0,-81.1,1.5,0.0,889.3515153750051,47.2,414.0,414.0,319.0,319.0,115.76,115.76,475.51,475.51,16,-662.4735767314679,STRONG_DOWN,LOWER,MOMENTUM_DOWN,S5_TRASH,,,,,414.0,414.0,319.0,319.0,115.76,115.76,537.0,58.0,0.0,25.0,0.0,475.51,475.51,,,,,,,139.41,-38.74,False
423,AEE,Utilities,-76.0,3.7,-1.3,-4.7,-11.2,-8.9,-10.2,-9.6,-13.5,-31.3,-51.1,-76.0,38.4,-79.9,1.6,0.0,-1330.4593579689922,73.3,343.0,343.0,369.0,369.0,113.7,113.7,476.05,476.05,-60,-663.025811384067,STRONG_DOWN,LOWER,MOMENTUM_DOWN,S5_TRASH,,,,,343.0,343.0,369.0,369.0,113.7,113.7,346.0,14.0,0.0,25.0,0.0,476.05,476.05,,,,,,,115.585,-8.09,False
424,ZBRA,Technology,-108.2,3.6,1.2,2.7,3.0,-1.5,-17.7,-38.3,-50.4,-80.8,-105.6,-108.2,273.4,-121.9,2.4,0.0,-456.2741938641694,41.1,436.0,436.0,463.0,463.0,107.04,107.04,476.29,476.29,-23,36.50944759094921,EARLY_DOWN,LOWER,MOMENTUM_DOWN,S5_TRASH,,,,,436.0,436.0,463.0,463.0,107.04,107.04,217.0,10.0,0.0,25.0,0.0,476.29,476.29,,,,,,,320.88,-22.31,False
425,DLTR,Discount Stores,-136.0,11.8,-1.1,7.9,-4.2,-8.3,-7.6,-1.7,-28.4,-60.5,-85.3,-136.0,36.8,-158.6,1.5,0.0,-795.7461214048669,13.3,497.0,497.0,514.0,514.0,110.25,110.25,476.3,476.3,8,85.72837919413132,STRONG_UP,LOWER,NEUTRAL,S0_NEUTRAL,,,,,497.0,497.0,514.0,514.0,110.25,110.25,226.0,0.0,0.0,0.0,0.0,476.3,476.3,,,,,,,142.4,-21.0,False
426,ERIE,Insurance Brokers,-108.6,0.5,0.5,-4.9,-18.5,-26.8,-40.6,-61.6,-72.9,-77.6,-95.7,-108.6,196.4,-109.8,2.8,0.0,3168.9010653879945,40.7,437.0,437.0,464.0,464.0,86.36,86.36,476.86,476.86,-43,-674.8910401435965,STRONG_DOWN,LOWER,MOMENTUM_DOWN,S5_TRASH,,,,,437.0,437.0,464.0,464.0,86.36,86.36,545.0,58.0,0.0,25.0,0.0,476.86,476.86,,,,,,,330.54,-37.3,False
427,TSCO,Specialty Retail,-98.6,0.0,-3.3,-12.8,-32.0,-41.0,-52.3,-65.6,-77.1,-91.7,-96.4,-98.6,112.2,-110.0,1.4,0.0,3365.82492009146,50.7,406.0,406.0,433.0,433.0,98.4,98.4,479.1,479.1,-43,1440.7249200914603,STRONG_DOWN,LOWER,NEUTRAL,S5_TRASH,,,,,406.0,406.0,433.0,433.0,98.4,98.4,574.0,58.0,0.0,25.0,0.0,479.1,479.1,,,,,,,58.21,-49.94,False
428,BSX,Medical Devices,-127.2,0.8,0.8,-10.1,-26.5,-41.2,-55.8,-67.8,-74.4,-78.9,-96.5,-127.2,89.6,-128.5,1.7,0.0,2060.7581982063048,22.1,481.0,481.0,501.0,501.0,64.85,64.85,479.6,479.6,-9,-499.0494406584935,STRONG_DOWN,LOWER,MOMENTUM_DOWN,S5_TRASH,,,,,481.0,481.0,501.0,501.0,64.85,64.85,572.0,58.0,0.0,25.0,0.0,479.6,479.6,,,,,,,105.65,-54.86,False
429,CCL,Travel Services,-127.2,5.8,-1.4,-1.7,-10.0,-11.6,-15.8,-5.5,-0.2,6.0,-35.6,-127.2,18.9,-135.6,1.6,0.0,-1616.9539682747773,22.1,481.0,481.0,501.0,501.0,68.67,68.67,481.12,481.12,-5,-298.9377173312266,EARLY_UP,LOWER,NEUTRAL,S0_NEUTRAL,,,,,481.0,481.0,501.0,501.0,68.67,68.67,370.0,22.0,0.0,0.0,0.0,481.12,481.12,,,,,,,34.03,-20.16,False
430,TFC,Financials,-90.4,5.8,-1.0,-4.9,-9.3,-9.3,-5.3,-2.1,5.6,-19.3,-42.7,-90.4,23.0,-96.8,1.6,0.0,-1227.5320919808223,58.9,383.0,383.0,408.0,408.0,119.47,119.47,481.52,481.52,-31,-96.19002170845215,STRONG_DOWN,LOWER,NEUTRAL,S5_TRASH,,,,,383.0,383.0,408.0,408.0,119.47,119.47,308.0,4.0,0.0,25.0,0.0,481.52,481.52,,,,,,,56.2,-15.62,False
431,REG,Real Estate,-91.2,2.2,-0.1,-3.4,-8.7,-5.9,-7.8,-14.6,-21.4,-36.5,-45.6,-91.2,11.8,-93.0,2.1,0.0,-2598.8275085226446,58.1,387.0,387.0,411.0,411.0,110.98,110.98,482.98,482.98,-55,-1582.797521778608,STRONG_DOWN,LOWER,MOMENTUM_DOWN,S5_TRASH,,,,,387.0,387.0,411.0,411.0,110.98,110.98,293.0,4.0,0.0,25.0,0.0,482.98,482.98,,,,,,,81.655,-6.55,False
432,O,Real Estate,-85.5,1.6,1.1,-4.5,-11.4,-8.1,-7.5,-10.8,-18.6,-37.6,-56.0,-85.5,32.7,-87.0,2.1,0.0,-3731.0229715084847,63.8,368.0,368.0,393.0,393.0,114.01,114.01,485.26,485.26,-35,357.94212381261923,STRONG_DOWN,LOWER,MOMENTUM_DOWN,S5_TRASH,,,,,368.0,368.0,393.0,393.0,114.01,114.01,321.0,4.0,0.0,25.0,0.0,485.26,485.26,,,,,,,67.94,-12.1,False
433,LMT,Aerospace & Defense,-70.2,4.2,-3.2,-2.2,-16.8,-13.0,-10.2,-18.8,-28.1,-39.1,-54.2,-70.2,45.1,-75.0,2.5,0.0,-667.531479962102,79.1,328.0,328.0,354.0,354.0,106.59,106.59,485.44,485.44,-95,-403.1576398880262,STRONG_DOWN,LOWER,MOMENTUM_DOWN,S5_TRASH,,,,,328.0,328.0,354.0,354.0,106.59,106.59,389.0,40.0,0.0,25.0,0.0,485.44,485.44,,,,,,,692.0,-26.01,False
434,MAA,Real Estate,-114.0,3.4,3.4,1.2,-3.8,-7.4,-15.0,-29.1,-39.0,-65.8,-84.4,-114.0,56.2,-119.4,3.1,0.0,-1590.5322699806159,35.3,451.0,451.0,476.0,476.0,112.77,112.77,487.77,487.77,55,3409.4677300193844,STRONG_UP,LOWER,MOMENTUM_DOWN,S0_NEUTRAL,,,,,451.0,451.0,476.0,476.0,112.77,112.77,289.0,10.0,0.0,0.0,0.0,487.77,487.77,,,,,,,141.69,-6.46,False
435,YUM,Restaurants,-73.0,3.2,3.2,-4.6,-12.1,-12.1,-14.1,-19.2,-29.3,-41.3,-54.3,-73.0,45.1,-76.6,2.0,0.0,-992.0051009925932,76.3,336.0,336.0,362.0,362.0,102.29,102.29,489.09,489.09,-15,2077.626926197875,STRONG_DOWN,LOWER,MOMENTUM_DOWN,S5_TRASH,,,,,336.0,336.0,362.0,362.0,102.29,102.29,386.0,40.0,0.0,25.0,0.0,489.09,489.09,,,,,,,169.39,-12.37,False
436,IQV,Healthcare,-119.3,7.1,0.8,4.4,-2.2,-14.3,-15.8,-30.0,-48.6,-74.7,-95.3,-119.3,66.3,-132.9,2.3,0.0,-728.2540734502463,30.0,466.0,466.0,487.0,487.0,109.52,109.52,491.37,491.37,50,140.27938224928425,STRONG_UP,LOWER,NEUTRAL,S0_NEUTRAL,,,,,466.0,466.0,487.0,487.0,109.52,109.52,307.0,18.0,0.0,0.0,0.0,491.37,491.37,,,,,,,247.05,-26.31,False
437,CRL,Healthcare,-128.4,4.6,0.4,1.6,-4.5,-10.1,-8.8,-20.9,-42.3,-76.0,-100.0,-128.4,203.0,-143.8,2.1,0.0,-1668.2871095521298,20.9,484.0,484.0,504.0,504.0,106.66,106.66,491.81,491.81,12,66.35247920016559,EARLY_UP,LOWER,NEUTRAL,S0_NEUTRAL,,,,,484.0,484.0,504.0,504.0,106.66,106.66,267.0,8.0,0.0,0.0,0.0,491.81,491.81,,,,,,,228.88,-21.41,False
438,CPT,Real Estate,-116.0,3.1,2.9,1.4,-2.7,-5.6,-11.0,-23.7,-31.7,-59.5,-79.4,-116.0,43.3,-120.7,2.4,0.0,-2171.42587858341,33.3,458.0,458.0,481.0,481.0,116.98,116.98,492.38,492.38,30,1936.3568144359615,STRONG_UP,LOWER,MOMENTUM_DOWN,S0_NEUTRAL,,,,,458.0,458.0,481.0,481.0,116.98,116.98,244.0,10.0,0.0,0.0,0.0,492.38,492.38,,,,,,,112.5,-3.21,False
439,PRU,Financials,-87.9,1.5,1.5,-0.8,-5.3,-11.2,-15.9,-29.9,-37.7,-50.2,-53.9,-87.9,35.8,-89.3,2.3,0.0,-1586.4054871508822,61.4,374.0,374.0,399.0,399.0,110.97,110.97,494.42,494.42,19,653.5959729141616,EARLY_DOWN,LOWER,MOMENTUM_DOWN,S5_TRASH,,,,,374.0,374.0,399.0,399.0,110.97,110.97,331.0,22.0,0.0,25.0,0.0,494.42,494.42,,,,,,,119.76,-15.84,False
440,HII,Aerospace & Defense,-77.9,27.1,-5.8,-13.1,-27.8,-27.4,-18.0,-4.9,-13.6,-19.7,-33.9,-77.9,40.1,-121.3,1.8,0.0,-146.7121318991781,71.4,345.0,345.0,371.0,371.0,85.41,85.41,497.71,497.71,-110,-52.84550981484695,STRONG_DOWN,MID_RANGE,MOMENTUM_DOWN,S5_TRASH,,,,,345.0,345.0,371.0,371.0,85.41,85.41,529.0,58.0,0.0,25.0,0.0,497.71,497.71,,,,,,,460.0,-37.49,False
441,T,Telecom Services,-65.1,21.8,-7.0,-9.0,-17.6,-16.6,-22.1,-19.5,-10.5,-8.1,-24.8,-65.1,30.9,-91.2,1.4,0.0,-77.53652169862313,84.2,310.0,310.0,336.0,336.0,114.72,114.72,498.17,498.17,-71,-25.608708673397125,STRONG_DOWN,MID_RANGE,MOMENTUM_DOWN,S5_TRASH,,,,,310.0,310.0,336.0,336.0,114.72,114.72,475.0,58.0,0.0,25.0,0.0,498.17,498.17,,,,,,,29.435,-19.99,False
442,BMY,Healthcare,-107.7,13.1,-3.4,-5.2,-14.8,-10.0,-1.6,-3.4,-14.0,-40.1,-60.4,-107.7,16.3,-125.8,1.9,0.0,-541.40441348299,41.6,434.0,434.0,461.0,461.0,118.52,118.52,498.67,498.67,-25,-136.1092874322298,STRONG_DOWN,LOWER,MOMENTUM_DOWN,S5_TRASH,,,,,434.0,434.0,461.0,461.0,118.52,118.52,325.0,4.0,0.0,25.0,0.0,498.67,498.67,,,,,,,62.89,-12.99,False
443,INTU,Application Software,-118.5,0.8,-2.0,-19.0,-28.4,-40.7,-56.7,-69.8,-83.7,-99.9,-114.7,-118.5,209.6,-120.8,2.1,0.0,4238.546943025418,30.8,464.0,464.0,485.0,485.0,94.2,94.2,498.7,498.7,8,-731.614168317531,STRONG_DOWN,LOWER,NEUTRAL,S5_TRASH,,,,,464.0,464.0,485.0,485.0,94.2,94.2,576.0,58.0,0.0,25.0,0.0,498.7,498.7,,,,,,,703.96,-55.76,False
444,GDDY,Technology,-124.5,0.0,0.0,-8.5,-10.4,-22.2,-41.6,-62.6,-67.3,-74.9,-95.6,-124.5,129.1,-124.0,2.3,0.0,1070.16125,24.8,475.0,475.0,495.0,495.0,94.39,94.39,499.74,499.74,3,-612.6978735432758,EARLY_DOWN,LOWER,MOMENTUM_DOWN,S5_TRASH,,,,,475.0,475.0,495.0,495.0,94.39,94.39,518.0,58.0,0.0,25.0,0.0,499.74,499.74,,,,,,,143.335,-41.41,False
445,ECL,Specialty Chemicals,-89.3,3.6,2.3,-1.7,-12.7,-14.2,-18.2,-24.1,-27.4,-33.4,-58.9,-89.3,35.5,-93.5,1.8,0.0,-1112.9361369181495,60.0,379.0,379.0,404.0,404.0,113.42,113.42,500.17,500.17,7,-77.63188190424239,EARLY_UP,LOWER,NEUTRAL,S0_NEUTRAL,,,,,379.0,379.0,404.0,404.0,113.42,113.42,414.0,40.0,0.0,0.0,0.0,500.17,500.17,,,,,,,309.24,-17.32,False
446,XLP,Index,-91.6,2.1,2.1,-3.1,-9.6,-8.4,-11.2,-19.7,-29.6,-45.8,-63.4,-91.6,21.2,-93.5,2.2,0.0,-2356.7209887994827,57.7,388.0,388.0,412.0,412.0,114.05,114.05,500.6,500.6,10,2519.355918946861,EARLY_DOWN,LOWER,MOMENTUM_DOWN,S5_TRASH,,,,,388.0,388.0,412.0,412.0,114.05,114.05,327.0,14.0,0.0,25.0,0.0,500.6,500.6,,,,,,,90.14,-8.85,False
447,ZS,Technology,-75.5,1.5,-0.8,-10.8,-14.2,-29.3,-49.7,-57.0,-68.9,-88.3,-93.1,-75.5,408.1,-98.5,2.0,0.0,3127.6840041807704,34.1,454.0,454.0,367.0,367.0,123.42,123.42,501.07,501.07,19,-343.6526946687336,EARLY_DOWN,LOWER,MOMENTUM_DOWN,S5_TRASH,,,,,454.0,454.0,367.0,367.0,123.42,123.42,559.0,58.0,0.0,25.0,0.0,501.07,501.07,,,,,,,336.99,-60.13,False
448,PCG,Utilities,-149.8,3.3,3.3,1.3,-9.7,-6.9,-7.4,-24.0,-38.9,-44.9,-62.4,-149.8,11.7,-156.3,2.4,0.0,-3160.4168403678377,-0.5,524.0,524.0,536.0,536.0,97.47,97.47,501.82,501.82,68,1839.5831596321623,EARLY_UP,LOWER,MOMENTUM_UP,S4_BOTTOMING,,,,,524.0,524.0,536.0,536.0,97.47,97.47,283.0,4.0,0.0,-2.0,0.0,501.82,501.82,,,,,,,19.16,-12.06,False
449,AMT,Telecommunications Infrastructure,-116.6,3.7,-0.9,-3.3,-7.0,-6.5,-16.0,-27.1,-37.7,-63.5,-90.7,-116.6,77.9,-123.7,2.2,0.0,-1606.2479315341943,32.7,459.0,459.0,482.0,482.0,114.81,114.81,502.96,502.96,-7,-389.01320655460154,STRONG_UP,LOWER,MOMENTUM_DOWN,S0_NEUTRAL,,,,,459.0,459.0,482.0,482.0,114.81,114.81,326.0,14.0,0.0,0.0,0.0,502.96,502.96,,,,,,,197.41,-7.68,False
450,NOC,Aerospace & Defense,-54.4,0.0,-3.3,-6.7,-22.4,-22.1,-22.6,-23.5,-31.5,-40.0,-45.1,-54.4,77.9,-54.2,1.8,0.0,-711.3549849116932,94.9,288.0,288.0,314.0,314.0,106.07,106.07,503.17,503.17,-48,-432.84461279478205,STRONG_DOWN,LOWER,MOMENTUM_DOWN,S5_TRASH,,,,,288.0,288.0,314.0,314.0,106.07,106.07,504.0,58.0,0.0,25.0,0.0,503.17,503.17,,,,,,,774.0,-32.03,False
451,TTD,Advertising Agencies,-97.8,0.0,-0.4,-15.3,-18.9,-33.2,-57.5,-83.7,-103.4,-126.5,-147.9,-97.8,1126.9,-105.5,2.3,0.0,4980.016650016848,37.7,445.0,445.0,431.0,431.0,117.43,117.43,503.23,503.23,-30,24.782928912118223,STRONG_DOWN,LOWER,MOMENTUM_DOWN,S5_TRASH,,,,,445.0,445.0,431.0,431.0,117.43,117.43,571.0,58.0,0.0,25.0,0.0,503.23,503.23,,,,,,,56.39,-63.54,False
452,SUI-USD,Cryptocurrency,-94.8,5.9,0.3,-23.5,16.9,-0.9,-54.1,-91.4,,,,-94.8,287.9,-111.3,3.7,0.0,116.81849325009419,-68.9,580.0,580.0,422.0,422.0,84.67,84.67,503.52,503.52,5,-1.4210854715202004e-14,NO_TREND,LOWER,MOMENTUM_DOWN,S5_TRASH,,,,,580.0,580.0,422.0,422.0,84.67,84.67,429.0,10.0,47.0,25.0,0.0,503.52,503.52,,,,,,,0.0172,-98.25,False
453,LUV,Airlines,-139.2,7.8,-2.1,-1.5,-9.5,-9.3,0.1,3.8,-3.9,-36.0,-72.0,-139.2,28.4,-152.9,2.0,0.0,-1393.280998828253,10.1,504.0,504.0,520.0,520.0,119.26,119.26,504.21,504.21,-45,-394.5347784035855,STRONG_UP,LOWER,NEUTRAL,S0_NEUTRAL,,,,,504.0,504.0,520.0,520.0,119.26,119.26,255.0,4.0,0.0,0.0,0.0,504.21,504.21,,,,,,,55.11,-25.84,False
454,SPCE,Aerospace & Defense,-188.9,1.6,-1.8,7.4,34.2,29.0,19.1,-15.6,-62.4,-113.5,-155.9,-188.9,360.7,-212.4,2.6,0.0,-5000.0,-71.8,581.0,581.0,573.0,573.0,110.31,110.31,504.51,504.51,1,0.0,STRONG_UP,LOWER,NEUTRAL,S0_NEUTRAL,,,,,581.0,581.0,573.0,573.0,110.31,110.31,55.0,0.0,0.0,0.0,0.0,504.51,504.51,,,,,,,8.9,-51.8,False
455,INVH,Real Estate,-111.2,1.5,1.3,-1.5,-0.3,-2.0,-11.8,-28.4,-44.3,-68.2,-89.4,-111.2,20.8,-125.9,3.1,0.0,-4501.546614363906,16.0,489.0,489.0,471.0,471.0,119.04,119.04,505.34,505.34,-10,498.453385636094,STRONG_UP,LOWER,MOMENTUM_DOWN,S0_NEUTRAL,,,,,489.0,489.0,471.0,471.0,119.04,119.04,233.0,10.0,0.0,0.0,0.0,505.34,505.34,,,,,,,29.69,-2.39,False
456,BKNG,Travel Services,-239.9,0.8,0.8,-4.8,-56.6,-78.2,-95.7,-112.8,-129.8,-152.5,-181.6,-239.9,73.4,-240.0,1.5,0.0,2769.4200153051165,-90.6,582.0,582.0,582.0,582.0,74.18,74.18,506.13,506.13,13,2112.4126436892057,EARLY_UP,LOWER,NEUTRAL,S0_NEUTRAL,,,,,582.0,582.0,582.0,582.0,74.18,74.18,581.0,58.0,0.0,0.0,0.0,506.13,506.13,,,,,,,5624.8901,-97.07,False
457,MDLZ,Confectioners,-115.2,3.2,1.5,-1.9,-5.4,-3.3,-11.1,-23.9,-41.1,-58.9,-79.3,-115.2,19.9,-119.1,2.3,0.0,-1956.3276188469863,34.1,454.0,454.0,479.0,479.0,103.09,103.09,507.09,507.09,-43,-464.109901956557,EARLY_DOWN,LOWER,MOMENTUM_DOWN,S5_TRASH,,,,,454.0,454.0,479.0,479.0,103.09,103.09,260.0,14.0,0.0,25.0,0.0,507.09,507.09,,,,,,,64.95,-5.6,False
458,SRE,Utilities,-83.7,5.2,5.2,-3.4,-11.7,-10.7,-10.2,-14.3,-21.6,-35.3,-53.3,-83.7,21.9,-89.1,1.8,0.0,-995.7491623670763,65.6,358.0,358.0,385.0,385.0,115.36,115.36,508.01,508.01,5,4004.250837632924,STRONG_DOWN,LOWER,MOMENTUM_DOWN,S5_TRASH,,,,,358.0,358.0,385.0,385.0,115.36,115.36,355.0,40.0,0.0,25.0,0.0,508.01,508.01,,,,,,,101.039,-11.39,False
459,USB,Financials,-101.1,4.2,-2.6,-5.2,-9.1,-8.6,-4.5,-5.5,-5.2,-26.9,-49.5,-101.1,15.5,-105.7,2.0,0.0,-1795.92772731564,48.2,413.0,413.0,440.0,440.0,126.98,126.98,508.08,508.08,-49,-664.6749372652289,STRONG_DOWN,LOWER,MOMENTUM_DOWN,S5_TRASH,,,,,413.0,413.0,440.0,440.0,126.98,126.98,301.0,4.0,0.0,25.0,0.0,508.08,508.08,,,,,,,61.19,-13.16,False
460,PEG,Utilities,-84.5,3.6,3.6,-2.8,-11.1,-12.6,-17.9,-27.2,-29.6,-39.1,-54.5,-84.5,16.1,-87.7,2.1,0.0,-793.5539256057009,64.8,363.0,363.0,390.0,390.0,110.74,110.74,508.44,508.44,-10,1967.4392306706281,STRONG_DOWN,LOWER,MOMENTUM_DOWN,S5_TRASH,,,,,363.0,363.0,390.0,390.0,110.74,110.74,395.0,40.0,0.0,25.0,0.0,508.44,508.44,,,,,,,87.63,-11.27,False
461,SCHW,Investment Banking & Brokerage,-60.1,2.7,-0.5,-5.9,-13.0,-16.5,-19.8,-15.2,-16.3,-34.8,-34.4,-60.1,56.7,-63.4,1.3,0.0,-976.7650053102547,89.2,298.0,298.0,326.0,326.0,113.74,113.74,509.74,509.74,33,1615.6952779337585,STRONG_DOWN,LOWER,MOMENTUM_DOWN,S5_TRASH,,,,,298.0,298.0,326.0,326.0,113.74,113.74,440.0,58.0,0.0,25.0,0.0,509.74,509.74,,,,,,,107.49,-19.44,False
462,TMO,Life Sciences Tools & Services,-90.8,3.8,-2.3,-3.6,-11.3,-18.6,-18.6,-32.2,-47.7,-71.7,-87.3,-90.8,112.5,-98.5,2.2,0.0,-509.8537579736692,58.5,385.0,385.0,410.0,410.0,107.71,107.71,509.91,509.91,-8,-156.7540485523466,EARLY_UP,LOWER,NEUTRAL,S0_NEUTRAL,,,,,385.0,385.0,410.0,410.0,107.71,107.71,431.0,58.0,0.0,0.0,0.0,509.91,509.91,,,,,,,643.99,-26.4,False
463,UDR,Real Estate,-114.3,3.8,3.8,1.0,-2.6,-3.8,-10.1,-24.3,-34.0,-55.4,-74.3,-114.3,16.1,-118.9,2.7,0.0,-1645.4829778285155,35.0,453.0,453.0,478.0,478.0,116.58,116.58,510.88,510.88,-10,3354.5170221714843,EARLY_DOWN,LOWER,MOMENTUM_DOWN,S5_TRASH,,,,,453.0,453.0,478.0,478.0,116.58,116.58,237.0,10.0,0.0,25.0,0.0,510.88,510.88,,,,,,,40.17,-6.37,False
464,CHD,Household & Personal Products,-100.1,2.5,-2.0,-4.9,-11.5,-8.0,-12.0,-26.4,-40.3,-55.4,-75.7,-100.1,46.1,-103.4,2.5,0.0,-1616.802561284427,49.2,410.0,410.0,437.0,437.0,114.4,114.4,511.0,511.0,-79,-1076.640317471698,EARLY_DOWN,LOWER,MOMENTUM_DOWN,S5_TRASH,,,,,410.0,410.0,437.0,437.0,114.4,114.4,356.0,14.0,0.0,25.0,0.0,511.0,511.0,,,,,,,105.88,-12.27,False
465,PODD,Medical Devices,-115.4,0.7,0.3,-12.7,-30.8,-43.0,-56.9,-64.7,-75.1,-101.5,-125.8,-115.4,280.5,-117.5,1.7,0.0,3435.0227142029394,33.9,456.0,456.0,480.0,480.0,109.44,109.44,512.29,512.29,6,-468.84483730429656,STRONG_DOWN,LOWER,NEUTRAL,S5_TRASH,,,,,456.0,456.0,480.0,480.0,109.44,109.44,577.0,58.0,0.0,25.0,0.0,512.29,512.29,,,,,,,354.88,-59.62,False
466,ADA-USD,Cryptocurrency,-78.8,0.0,0.0,-17.3,-26.4,-36.5,-61.0,-77.6,-90.5,-118.6,-80.3,-78.8,3485.6,-94.2,1.8,0.0,5000.0,35.6,450.0,450.0,376.0,376.0,136.5,136.5,512.55,512.55,-31,4.999739599607892,STRONG_DOWN,LOWER,MOMENTUM_DOWN,S5_TRASH,,,,,450.0,450.0,376.0,376.0,136.5,136.5,575.0,58.0,0.0,25.0,0.0,512.55,512.55,,,,,,,0.891,-77.23,False
467,INCY,Healthcare,-124.7,4.7,3.3,-0.2,-6.2,-8.9,-1.7,4.7,1.7,-24.6,-60.1,-124.7,58.2,-133.2,1.8,0.0,-2345.8400215047204,24.6,476.0,476.0,496.0,496.0,112.64,112.64,514.84,514.84,17,2633.5663009370555,STRONG_DOWN,LOWER,MOMENTUM_DOWN,S5_TRASH,,,,,476.0,476.0,496.0,496.0,112.64,112.64,242.0,4.0,0.0,25.0,0.0,514.84,514.84,,,,,,,112.29,-12.74,False
468,SYK,Medical Devices,-92.2,2.0,-2.7,-2.7,-16.1,-21.6,-30.2,-40.9,-50.4,-58.3,-73.2,-92.2,37.3,-94.5,2.3,0.0,-61.27982275240893,57.1,391.0,391.0,416.0,416.0,95.27,95.27,514.87,514.87,-52,-47.8654938368114,STRONG_DOWN,LOWER,MOMENTUM_DOWN,S5_TRASH,,,,,391.0,391.0,416.0,416.0,95.27,95.27,489.0,58.0,0.0,25.0,0.0,514.87,514.87,,,,,,,392.55,-24.85,False
469,BIIB,Healthcare,-167.4,3.9,1.1,1.3,-3.4,-2.0,9.5,-3.5,-32.2,-66.0,-101.3,-167.4,14.3,-174.2,2.0,0.0,-3471.1016812117755,-18.1,551.0,551.0,556.0,556.0,121.02,121.02,516.77,516.77,5,700.8604688073024,STRONG_UP,LOWER,MOMENTUM_DOWN,S0_NEUTRAL,,,,,551.0,551.0,556.0,556.0,121.02,121.02,162.0,0.0,0.0,0.0,0.0,516.77,516.77,,,,,,,205.97,-4.86,False
470,VRSK,Industrials,-119.2,7.9,2.2,-4.3,-12.5,-19.6,-34.5,-51.3,-64.5,-77.2,-97.8,-119.2,50.5,-133.4,2.7,0.0,-15.8192460430702,30.1,465.0,465.0,486.0,486.0,98.26,98.26,517.16,517.16,20,-2.040538750429132,EARLY_UP,LOWER,NEUTRAL,S0_NEUTRAL,,,,,465.0,465.0,486.0,486.0,98.26,98.26,485.0,58.0,0.0,0.0,0.0,517.16,517.16,,,,,,,253.35,-29.61,False
471,CCI,Real Estate,-135.8,0.4,-1.0,-3.7,-5.0,-5.1,-13.8,-22.7,-34.0,-66.9,-96.7,-135.8,51.9,-136.0,2.5,0.0,-5000.0,13.5,493.0,493.0,511.0,511.0,111.73,111.73,517.98,517.98,-9,0.0,STRONG_UP,LOWER,MOMENTUM_DOWN,S0_NEUTRAL,,,,,493.0,493.0,511.0,511.0,111.73,111.73,298.0,10.0,0.0,0.0,0.0,517.98,517.98,,,,,,,100.5,-11.82,False
472,HD,N/A,-93.3,2.2,-0.3,-3.4,-13.6,-17.5,-26.2,-37.5,-47.9,-63.2,-77.7,-93.3,61.9,-96.4,2.2,0.0,-475.485788072479,56.0,394.0,394.0,419.0,419.0,109.89,109.89,519.39,519.39,-8,-241.39688512070038,EARLY_UP,LOWER,NEUTRAL,S0_NEUTRAL,,,,,394.0,394.0,419.0,419.0,109.89,109.89,458.0,58.0,0.0,0.0,0.0,519.39,519.39,,,,,,,411.41,-23.93,False
473,HSIC,Healthcare,-138.0,4.2,0.4,-1.2,-8.0,-8.3,-8.3,-17.9,-34.2,-59.5,-83.8,-138.0,10.2,-143.9,1.8,0.0,-2255.287947782354,11.3,503.0,503.0,519.0,519.0,123.27,123.27,519.57,519.57,-3,168.18534764713786,EARLY_UP,LOWER,NEUTRAL,S0_NEUTRAL,,,,,503.0,503.0,519.0,519.0,123.27,123.27,295.0,4.0,0.0,0.0,0.0,519.57,519.57,,,,,,,89.29,-15.18,False
474,CRM,Software,-122.8,5.7,0.5,-4.7,-8.5,-17.3,-29.9,-47.4,-61.6,-75.1,-98.9,-122.8,111.0,-136.5,2.6,0.0,-216.34401059910397,26.5,473.0,473.0,493.0,493.0,102.64,102.64,520.39,520.39,48,641.5519865726465,STRONG_UP,LOWER,NEUTRAL,S0_NEUTRAL,,,,,473.0,473.0,493.0,493.0,102.64,102.64,448.0,40.0,0.0,0.0,0.0,520.39,520.39,,,,,,,269.11,-29.17,False
475,PPG,Specialty Chemicals,-142.2,2.9,0.2,-0.5,-7.8,-6.4,-10.0,-24.2,-44.2,-69.0,-93.8,-142.2,10.8,-146.2,2.2,0.0,-3136.8686566661527,7.1,513.0,513.0,528.0,528.0,119.2,119.2,522.05,522.05,10,10.341086217742031,EARLY_UP,LOWER,NEUTRAL,S0_NEUTRAL,,,,,513.0,513.0,528.0,528.0,119.2,119.2,290.0,4.0,0.0,0.0,0.0,522.05,522.05,,,,,,,133.43,-16.52,False
476,DHR,Life Sciences Tools & Services,-103.2,3.9,-0.8,-1.7,-12.6,-20.3,-25.2,-41.0,-56.9,-81.6,-98.7,-103.2,142.7,-112.6,2.1,0.0,-288.7254243273151,46.1,419.0,419.0,445.0,445.0,107.99,107.99,523.79,523.79,4,-43.088840998079036,EARLY_UP,LOWER,NEUTRAL,S0_NEUTRAL,,,,,419.0,419.0,445.0,445.0,107.99,107.99,453.0,58.0,0.0,0.0,0.0,523.79,523.79,,,,,,,242.8,-26.66,False
477,MCD,Restaurants,-78.5,0.7,0.5,-4.2,-15.8,-18.0,-22.5,-29.4,-42.2,-55.4,-67.9,-78.5,53.8,-79.1,2.4,0.0,-1425.558444365473,70.8,348.0,348.0,375.0,375.0,98.05,98.05,525.0,525.0,-18,-72.05937094114142,STRONG_DOWN,LOWER,MOMENTUM_DOWN,S5_TRASH,,,,,348.0,348.0,375.0,375.0,98.05,98.05,459.0,58.0,0.0,25.0,0.0,525.0,525.0,,,,,,,341.75,-20.03,False
478,PFE,Pharmaceuticals,-126.4,3.9,-1.4,-2.1,-9.9,-6.7,-2.9,-5.1,-18.4,-53.2,-77.8,-126.4,23.6,-131.9,1.9,0.0,-2560.6324187663636,22.9,478.0,478.0,498.0,498.0,119.28,119.28,527.28,527.28,-44,-789.5015114405267,STRONG_DOWN,LOWER,MOMENTUM_DOWN,S5_TRASH,,,,,478.0,478.0,498.0,498.0,119.28,119.28,268.0,4.0,0.0,25.0,0.0,527.28,527.28,,,,,,,28.745,-11.85,False
479,ABNB,Travel Services,-66.6,1.6,1.6,-6.4,-8.1,-7.0,-10.8,-22.0,-38.9,-59.6,,-66.6,33.1,-102.6,2.0,0.0,-3643.5901495065464,-0.4,523.0,523.0,340.0,340.0,132.56,132.56,527.41,527.41,9,1356.4098504934536,EARLY_UP,LOWER,NEUTRAL,S0_NEUTRAL,,,,,523.0,523.0,340.0,340.0,132.56,132.56,320.0,14.0,11.0,0.0,0.0,527.41,527.41,,,,,,,147.25,-9.28,False
480,WY,Real Estate,-139.5,3.1,1.6,0.6,-5.7,-6.4,-11.5,-26.7,-44.0,-67.8,-87.2,-139.5,12.6,-143.8,2.6,0.0,-2755.4737809478042,9.8,505.0,505.0,521.0,521.0,121.49,121.49,527.99,527.99,19,1312.5372013197461,EARLY_UP,LOWER,NEUTRAL,S0_NEUTRAL,,,,,505.0,505.0,521.0,521.0,121.49,121.49,277.0,14.0,0.0,0.0,0.0,527.99,527.99,,,,,,,27.75,-11.82,False
481,IP,Packaging & Containers,-131.4,8.1,0.9,3.0,-9.8,-14.7,-25.9,-40.4,-43.6,-61.5,-80.9,-131.4,26.9,-144.8,2.2,0.0,-602.9360517086615,17.9,487.0,487.0,506.0,506.0,118.27,118.27,528.32,528.32,43,99.10730570869202,EARLY_UP,LOWER,NEUTRAL,S0_NEUTRAL,,,,,487.0,487.0,506.0,506.0,118.27,118.27,420.0,22.0,0.0,0.0,0.0,528.32,528.32,,,,,,,50.25,-33.53,False
482,MTCH,Internet Content & Information,-120.5,3.6,0.2,2.8,0.1,-3.5,-6.5,-15.6,-33.4,-70.8,-105.7,-120.5,469.7,-142.4,1.9,0.0,-5000.0,-8.0,536.0,536.0,488.0,488.0,116.76,116.76,529.01,529.01,5,0.0,STRONG_DOWN,LOWER,MOMENTUM_DOWN,S5_TRASH,,,,,536.0,536.0,488.0,488.0,116.76,116.76,197.0,0.0,0.0,25.0,0.0,529.01,529.01,6918846692.73,6.919,525.0,other,equity,data_raw,39.2,-24.13,False
483,CMS,Utilities,-82.6,0.5,0.5,-5.0,-12.6,-11.3,-13.4,-15.8,-18.7,-32.0,-53.2,-82.6,38.9,-82.7,2.0,0.0,-5000.0,66.7,355.0,355.0,383.0,383.0,118.0,118.0,532.05,532.05,-71,-171.17182799465172,STRONG_DOWN,LOWER,MOMENTUM_DOWN,S5_TRASH,,,,,355.0,355.0,383.0,383.0,118.0,118.0,384.0,40.0,0.0,25.0,0.0,532.05,532.05,,,,,,,80.355,-12.61,False
484,MTD,Healthcare,-103.6,7.1,0.1,-6.5,-15.1,-20.4,-23.0,-34.0,-47.0,-72.2,-87.7,-103.6,88.0,-118.0,2.0,0.0,-468.2508638921132,45.6,424.0,424.0,449.0,449.0,107.67,107.67,532.72,532.72,20,68.57452679373046,EARLY_UP,LOWER,NEUTRAL,S0_NEUTRAL,,,,,424.0,424.0,449.0,449.0,107.67,107.67,473.0,58.0,0.0,0.0,0.0,532.72,532.72,,,,,,,1525.17,-23.33,False
485,SYY,Food Distribution,-106.6,3.3,1.4,-0.2,-9.6,-10.6,-14.0,-18.0,-28.5,-48.6,-68.7,-106.6,22.5,-110.4,2.0,0.0,-2012.8629270257543,42.7,433.0,433.0,459.0,459.0,118.65,118.65,534.4,534.4,8,561.0766096611292,EARLY_DOWN,LOWER,MOMENTUM_DOWN,S5_TRASH,,,,,433.0,433.0,459.0,459.0,118.65,118.65,344.0,22.0,0.0,25.0,0.0,534.4,534.4,,,,,,,91.85,-18.08,False
486,ARE,Real Estate,-193.0,2.3,1.9,12.6,3.4,-2.7,-22.7,-50.7,-72.6,-105.9,-138.7,-193.0,27.8,-197.6,2.5,0.0,-5000.0,-43.7,574.0,574.0,576.0,576.0,110.23,110.23,535.33,535.33,27,0.0,STRONG_UP,LOWER,NEUTRAL,S0_NEUTRAL,,,,,574.0,574.0,576.0,576.0,110.23,110.23,202.0,10.0,0.0,0.0,0.0,535.33,535.33,,,,,,,85.78,-40.23,False
487,CI,Healthcare,-109.3,0.4,0.4,-4.8,-9.8,-10.2,-16.5,-32.3,-46.5,-59.8,-72.2,-109.3,48.1,-109.6,2.2,0.0,-3994.4693170800297,40.0,438.0,438.0,465.0,465.0,107.29,107.29,537.29,537.29,-27,-1917.689734510067,EARLY_DOWN,LOWER,MOMENTUM_DOWN,S5_TRASH,,,,,438.0,438.0,465.0,465.0,107.29,107.29,376.0,22.0,0.0,25.0,0.0,537.29,537.29,,,,,,,315.47,-14.18,False
488,TEAM,Technology,-155.2,0.5,0.5,-13.1,-33.7,-46.0,-64.7,-79.9,-96.8,-120.0,-146.3,-155.2,620.0,-158.3,2.5,0.0,1720.207134899571,-18.2,552.0,552.0,545.0,545.0,122.51,122.51,538.41,538.41,14,0.0,EARLY_UP,LOWER,MOMENTUM_UP,S4_BOTTOMING,,,,,552.0,552.0,545.0,545.0,122.51,122.51,580.0,58.0,0.0,-2.0,0.0,538.41,538.41,11740436040.58,11.74,486.0,other,equity,data_raw,184.0,-62.38,False
489,SWK,Industrials,-161.9,1.0,1.0,-1.7,-6.8,-5.8,-4.9,-20.7,-37.9,-66.7,-102.7,-161.9,21.3,-163.3,2.4,0.0,-5000.0,-12.6,540.0,540.0,547.0,547.0,128.19,128.19,540.04,540.04,11,0.0,STRONG_UP,LOWER,NEUTRAL,S0_NEUTRAL,,,,,540.0,540.0,547.0,547.0,128.19,128.19,249.0,4.0,0.0,0.0,0.0,540.04,540.04,,,,,,,93.37,-15.83,False
490,HRL,Packaged Foods,-163.4,5.0,0.8,1.7,-6.5,-9.1,-18.6,-36.6,-55.9,-85.3,-114.8,-163.4,42.7,-173.8,2.2,0.0,-1907.6107623970545,-14.2,545.0,545.0,551.0,551.0,114.23,114.23,540.78,540.78,11,-19.917386576923718,STRONG_UP,LOWER,NEUTRAL,S0_NEUTRAL,,,,,545.0,545.0,551.0,551.0,114.23,114.23,332.0,14.0,0.0,0.0,0.0,540.78,540.78,,,,,,,26.18,-11.65,False
491,AVB,Real Estate,-126.9,1.6,1.6,-2.0,-3.6,-5.3,-12.7,-28.4,-37.8,-58.3,-79.6,-126.9,8.8,-128.7,3.0,0.0,-4457.542634820296,22.4,479.0,479.0,499.0,499.0,122.88,122.88,543.23,543.23,-16,542.4573651797036,EARLY_DOWN,LOWER,MOMENTUM_DOWN,S5_TRASH,,,,,479.0,479.0,499.0,499.0,122.88,122.88,274.0,10.0,0.0,25.0,0.0,543.23,543.23,,,,,,,195.3,-6.2,False
492,ES,Utilities,-121.0,2.5,2.5,-2.9,-10.6,-9.4,-11.9,-14.6,-24.2,-51.7,-81.4,-121.0,49.7,-124.9,1.7,0.0,-3586.047532247535,28.3,469.0,469.0,489.0,489.0,114.57,114.57,543.57,543.57,15,1413.952467752465,STRONG_DOWN,LOWER,MOMENTUM_DOWN,S5_TRASH,,,,,469.0,469.0,489.0,489.0,114.57,114.57,347.0,14.0,0.0,25.0,0.0,543.57,543.57,,,,,,,76.41,-10.77,False
493,BXP,Real Estate,-162.7,2.3,2.3,0.7,0.4,-8.3,-18.0,-29.5,-36.8,-64.7,-98.3,-162.7,7.4,-166.1,2.4,0.0,-4896.502422415409,-13.4,542.0,542.0,549.0,549.0,120.44,120.44,544.54,544.54,24,103.49757758459145,STRONG_UP,LOWER,MOMENTUM_DOWN,S0_NEUTRAL,,,,,542.0,542.0,549.0,549.0,120.44,120.44,286.0,10.0,0.0,0.0,0.0,544.54,544.54,,,,,,,76.37,-20.26,False
494,IBIT,Index,-43.2,0.0,0.0,-14.7,-14.8,-23.0,-40.0,-44.3,,,,-43.2,35.4,-90.5,2.0,0.0,54.0,-13.8,543.0,543.0,289.0,289.0,89.76,89.76,545.06,545.06,-33,-22.799999999999997,STRONG_DOWN,LOWER,MOMENTUM_DOWN,S5_TRASH,,,,,543.0,543.0,289.0,289.0,89.76,89.76,539.0,58.0,47.0,25.0,0.0,545.06,545.06,,,,,,,71.82,-48.48,False
495,HSY,Confectioners,-90.7,0.6,-4.1,-2.7,-15.6,-14.2,-14.1,-18.3,-34.4,-56.0,-70.4,-90.7,80.2,-91.3,1.8,0.0,-5000.0,58.6,384.0,384.0,409.0,409.0,114.54,114.54,545.84,545.84,-131,-4283.769511323035,STRONG_DOWN,LOWER,MOMENTUM_DOWN,S5_TRASH,,,,,384.0,384.0,409.0,409.0,114.54,114.54,416.0,40.0,0.0,25.0,0.0,545.84,545.84,,,,,,,239.48,-23.5,False
496,STE,Healthcare,-87.0,1.4,-0.3,-3.2,-13.1,-20.0,-25.2,-32.6,-45.6,-63.3,-81.3,-87.0,69.5,-88.7,2.0,0.0,-1308.4922891103736,62.3,372.0,372.0,397.0,397.0,110.2,110.2,546.1,546.1,-29,-805.3862784244072,STRONG_DOWN,LOWER,MOMENTUM_DOWN,S5_TRASH,,,,,372.0,372.0,397.0,397.0,110.2,110.2,460.0,58.0,0.0,25.0,0.0,546.1,546.1,,,,,,,269.44,-21.99,False
497,HAS,Leisure,-111.6,8.0,-0.3,-8.1,-15.2,-13.0,-9.1,-1.7,-3.5,-27.1,-57.0,-111.6,23.8,-122.8,1.7,0.0,-1094.841986372568,37.7,445.0,445.0,472.0,472.0,127.21,127.21,546.26,546.26,6,-154.6316300214712,STRONG_DOWN,LOWER,MOMENTUM_DOWN,S5_TRASH,,,,,445.0,445.0,472.0,472.0,127.21,127.21,398.0,20.0,0.0,25.0,0.0,546.26,546.26,,,,,,,106.98,-21.36,False
498,ICE,Financial Data & Stock Exchanges,-85.3,0.0,0.0,-9.5,-18.0,-21.3,-28.9,-36.5,-41.3,-50.4,-67.2,-85.3,26.5,-84.8,2.0,0.0,-680.1,64.0,367.0,367.0,392.0,392.0,113.71,113.71,547.16,547.16,-2,-15.410962622124202,STRONG_DOWN,LOWER,MOMENTUM_DOWN,S5_TRASH,,,,,367.0,367.0,392.0,392.0,113.71,113.71,512.0,58.0,0.0,25.0,0.0,547.16,547.16,,,,,,,176.05,-21.36,False
499,OMC,Advertising Agencies,-122.6,2.6,2.6,-5.6,-12.9,-12.8,-14.7,-30.3,-43.9,-57.4,-72.7,-122.6,7.3,-125.6,2.3,0.0,-2416.3592766002093,26.6,472.0,472.0,492.0,492.0,111.31,111.31,547.36,547.36,9,1312.2455444639736,EARLY_UP,LOWER,NEUTRAL,S0_NEUTRAL,,,,,472.0,472.0,492.0,492.0,111.31,111.31,401.0,40.0,0.0,0.0,0.0,547.36,547.36,,,,,,,87.17,-15.41,False
500,LW,Packaged Foods,-121.8,11.6,3.8,-3.5,-5.0,-13.2,-18.6,-36.1,-58.9,-73.9,-98.2,-121.8,59.8,-155.8,1.8,0.0,-5000.0,-23.8,561.0,561.0,490.0,490.0,112.22,112.22,547.77,547.77,5,0.0,STRONG_DOWN,LOWER,MOMENTUM_UP,S4_BOTTOMING,,,,,561.0,561.0,490.0,490.0,112.22,112.22,368.0,18.0,0.0,-2.0,0.0,547.77,547.77,5777402962.49,5.777,533.0,other,equity,data_raw,67.07,-37.98,False
501,WDAY,Technology,-154.3,6.7,0.9,2.5,0.9,-15.1,-34.3,-53.6,-72.4,-91.7,-119.1,-154.3,88.9,-171.1,2.6,0.0,-608.3209059687954,-5.0,532.0,532.0,542.0,542.0,109.0,109.0,548.1,548.1,51,1503.580002052852,STRONG_UP,LOWER,NEUTRAL,S0_NEUTRAL,,,,,532.0,532.0,542.0,542.0,109.0,109.0,396.0,36.0,0.0,0.0,0.0,548.1,548.1,,,,,,,249.85,-41.2,False
502,ED,Electric Utilities,-100.9,1.0,1.0,-4.9,-12.6,-10.2,-12.0,-18.8,-27.9,-40.1,-58.3,-100.9,25.7,-101.7,2.3,0.0,-5000.0,48.4,412.0,412.0,439.0,439.0,111.19,111.19,548.74,548.74,-58,0.0,STRONG_DOWN,LOWER,MOMENTUM_DOWN,S5_TRASH,,,,,412.0,412.0,439.0,439.0,111.19,111.19,371.0,40.0,0.0,25.0,0.0,548.74,548.74,,,,,,,116.22,-10.96,False
503,XYL,Industrials,-102.5,2.2,2.2,-3.7,-14.3,-21.2,-29.8,-38.4,-48.1,-61.7,-77.4,-102.5,41.6,-105.3,1.8,0.0,-1113.2366127077205,46.8,415.0,415.0,441.0,441.0,118.49,118.49,550.19,550.19,17,1296.7016300140142,EARLY_UP,LOWER,NEUTRAL,S0_NEUTRAL,,,,,415.0,415.0,441.0,441.0,118.49,118.49,483.0,58.0,0.0,0.0,0.0,550.19,550.19,,,,,,,154.27,-28.9,False
504,SBAC,Real Estate,-137.0,0.8,0.3,-7.8,-5.2,-3.5,-11.9,-24.4,-40.3,-74.0,-104.4,-137.0,94.6,-138.4,2.1,0.0,-5000.0,12.3,500.0,500.0,517.0,517.0,112.12,112.12,550.47,550.47,-27,0.0,STRONG_DOWN,LOWER,MOMENTUM_DOWN,S5_TRASH,,,,,500.0,500.0,517.0,517.0,112.12,112.12,299.0,14.0,0.0,25.0,0.0,550.47,550.47,,,,,,,224.27,-12.35,False
505,AWK,Utilities,-122.0,2.2,2.0,-2.0,-11.5,-12.5,-19.9,-29.6,-42.2,-68.0,-93.2,-122.0,64.8,-125.7,2.4,0.0,-2989.1184907702186,27.3,471.0,471.0,491.0,491.0,116.07,116.07,552.07,552.07,41,2010.8815092297814,STRONG_DOWN,LOWER,MOMENTUM_UP,S4_BOTTOMING,,,,,471.0,471.0,491.0,491.0,116.07,116.07,405.0,40.0,0.0,-2.0,0.0,552.07,552.07,,,,,,,145.64,-14.99,False
506,WYNN,Resorts & Casinos,-135.9,4.4,2.8,-3.3,-8.0,-14.1,-18.9,-15.9,-29.2,-41.8,-72.4,-135.9,68.0,-144.8,1.5,0.0,-2251.624499338064,13.4,496.0,496.0,513.0,513.0,127.19,127.19,552.59,552.59,34,2536.7566536584927,EARLY_UP,LOWER,NEUTRAL,S0_NEUTRAL,,,,,496.0,496.0,513.0,513.0,127.19,127.19,390.0,22.0,0.0,0.0,0.0,552.59,552.59,,,,,,,134.72,-22.1,False
507,SJM,Packaged Foods,-133.8,1.7,1.3,0.5,-7.6,-7.4,-11.8,-20.1,-36.4,-60.1,-81.8,-133.8,15.9,-135.9,2.3,0.0,-5000.0,15.5,490.0,490.0,508.0,508.0,121.45,121.45,555.65,555.65,-25,0.0,EARLY_DOWN,LOWER,MOMENTUM_DOWN,S5_TRASH,,,,,490.0,490.0,508.0,508.0,121.45,121.45,300.0,14.0,0.0,25.0,0.0,555.65,555.65,,,,,,,119.005,-14.9,False
508,EXE,Oil & Gas E&P,-34.9,0.7,0.7,-7.1,-17.1,-22.8,-26.9,-28.6,-36.8,-40.9,,-34.9,97.5,-63.5,2.2,0.0,-128.89058680023393,29.3,468.0,468.0,271.0,271.0,127.9,127.9,556.05,556.05,6,-11.883676573188652,STRONG_DOWN,LOWER,MOMENTUM_DOWN,S5_TRASH,,,,,468.0,468.0,271.0,271.0,127.9,127.9,499.0,58.0,11.0,25.0,0.0,556.05,556.05,,,,,,,126.621,-28.08,False
509,KVUE,Household & Personal Products,-52.2,3.8,-0.1,-4.7,-11.8,-11.3,-18.5,-34.5,-50.3,,,-52.2,0.0,-115.3,2.3,0.0,-1375.2498790306126,-11.6,539.0,539.0,305.0,305.0,96.76,96.76,556.61,556.61,-73,-569.0151399598867,STRONG_DOWN,LOWER,MOMENTUM_DOWN,S5_TRASH,,,,,539.0,539.0,305.0,305.0,96.76,96.76,404.0,40.0,26.0,25.0,0.0,556.61,556.61,,,,,,,19.18,-12.25,False
510,VICI,Real Estate,-78.4,0.4,0.4,-5.2,-11.4,-12.2,-21.5,-30.3,-41.9,-58.9,-70.7,-78.4,40.0,-93.1,2.4,0.0,-3290.5728614914283,33.5,457.0,457.0,373.0,373.0,117.36,117.36,556.76,556.76,-34,-118.30161567333471,STRONG_DOWN,LOWER,MOMENTUM_DOWN,S5_TRASH,,,,,457.0,457.0,373.0,373.0,117.36,117.36,423.0,40.0,0.0,25.0,0.0,556.76,556.76,,,,,,,33.005,-17.35,False
511,AIG,Insurance - Diversified,-89.3,0.0,0.0,-6.6,-13.0,-15.1,-21.4,-29.2,-36.0,-41.5,-39.8,-89.3,9.9,-88.8,1.9,0.0,-2962.5,59.9,380.0,380.0,404.0,404.0,110.63,110.63,556.83,556.83,-2,-136.52969338819003,STRONG_DOWN,LOWER,MOMENTUM_DOWN,S5_TRASH,,,,,380.0,380.0,404.0,404.0,110.63,110.63,442.0,58.0,0.0,25.0,0.0,556.83,556.83,,,,,,,87.29,-16.89,False
512,RMD,Healthcare,-98.9,2.0,2.0,-6.6,-20.4,-26.7,-36.3,-43.9,-50.9,-75.1,-94.5,-98.9,134.7,-103.2,1.9,0.0,-242.92220226563316,50.4,407.0,407.0,434.0,434.0,111.76,111.76,559.26,559.26,-31,227.99078050431282,STRONG_DOWN,LOWER,MOMENTUM_DOWN,S5_TRASH,,,,,407.0,407.0,434.0,434.0,111.76,111.76,543.0,58.0,0.0,25.0,0.0,559.26,559.26,,,,,,,284.87,-34.55,False
513,PPL,Utilities,-103.4,3.0,3.0,-4.7,-13.3,-12.7,-15.9,-19.3,-21.8,-34.3,-55.2,-103.4,10.3,-106.4,1.9,0.0,-2153.124694053307,45.9,422.0,422.0,448.0,448.0,122.41,122.41,561.61,561.61,-7,2846.875305946693,STRONG_DOWN,LOWER,MOMENTUM_DOWN,S5_TRASH,,,,,422.0,422.0,448.0,448.0,122.41,122.41,408.0,40.0,0.0,25.0,0.0,561.61,561.61,,,,,,,40.105,-12.68,False
514,ALLE,Industrials,-102.8,1.5,1.5,-4.1,-15.3,-21.4,-28.6,-30.8,-37.1,-50.2,-71.7,-102.8,37.4,-104.4,1.8,0.0,-2896.8084845326457,46.5,416.0,416.0,442.0,442.0,118.15,118.15,562.05,562.05,5,1358.2659692227744,EARLY_UP,LOWER,NEUTRAL,S0_NEUTRAL,,,,,416.0,416.0,442.0,442.0,118.15,118.15,484.0,58.0,0.0,0.0,0.0,562.05,562.05,,,,,,,183.11,-28.94,False
515,PG,Household Products,-103.6,0.9,0.9,-4.5,-13.2,-14.0,-20.3,-32.5,-44.1,-59.4,-78.3,-103.6,37.7,-104.4,2.5,0.0,-3707.8885120781424,45.7,423.0,423.0,449.0,449.0,114.27,114.27,562.92,562.92,-36,-716.1964693618752,STRONG_DOWN,LOWER,MOMENTUM_DOWN,S5_TRASH,,,,,423.0,423.0,449.0,449.0,114.27,114.27,432.0,40.0,0.0,25.0,0.0,562.92,562.92,,,,,,,167.25,-16.18,False
516,EG,Insurance - Reinsurance,-109.4,0.4,0.4,-8.1,-11.6,-11.4,-16.9,-30.7,-46.7,-57.8,-71.2,-109.4,38.9,-109.5,2.3,0.0,-4614.934314304043,39.9,439.0,439.0,466.0,466.0,111.41,111.41,566.26,566.26,-38,-292.37057857272157,STRONG_DOWN,LOWER,MOMENTUM_DOWN,S5_TRASH,,,,,439.0,439.0,466.0,466.0,111.41,111.41,412.0,40.0,0.0,25.0,0.0,566.26,566.26,,,,,,,368.29,-13.62,False
517,BAX,Healthcare,-203.5,0.7,0.7,2.3,-4.6,-8.8,-23.8,-48.9,-71.0,-106.0,-143.0,-203.5,45.4,-205.0,3.0,0.0,-5000.0,-54.2,578.0,578.0,580.0,580.0,119.15,119.15,567.35,567.35,1,0.0,STRONG_UP,LOWER,MOMENTUM_DOWN,S0_NEUTRAL,,,,,578.0,578.0,580.0,580.0,119.15,119.15,344.0,10.0,0.0,0.0,0.0,567.35,567.35,,,,,,,24.27,-23.61,False
518,EFX,Industrials,-136.1,3.8,2.4,-4.1,-14.2,-20.3,-33.7,-50.5,-63.5,-83.2,-100.1,-136.1,48.7,-143.0,2.6,0.0,-852.2452234402517,13.2,498.0,498.0,515.0,515.0,103.14,103.14,568.64,568.64,14,2330.847371036549,EARLY_UP,LOWER,NEUTRAL,S0_NEUTRAL,,,,,498.0,498.0,515.0,515.0,103.14,103.14,494.0,58.0,0.0,0.0,0.0,568.64,568.64,,,,,,,258.4,-34.15,False
519,ADBE,Software,-149.1,2.2,0.2,-4.2,-7.4,-17.2,-31.8,-55.1,-77.0,-100.1,-127.0,-149.1,166.4,-155.8,2.4,0.0,-1246.8607583115509,0.2,522.0,522.0,535.0,535.0,113.12,113.12,568.82,568.82,46,1402.996851034768,STRONG_UP,LOWER,NEUTRAL,S0_NEUTRAL,,,,,522.0,522.0,535.0,535.0,113.12,113.12,450.0,40.0,0.0,0.0,0.0,568.82,568.82,,,,,,,363.7,-29.55,False
520,CL,Household & Personal Products,-106.0,0.0,-5.9,-5.4,-12.7,-10.4,-12.9,-25.2,-32.6,-44.3,-63.6,-106.0,8.1,-105.5,2.2,0.0,-5000.0,43.3,429.0,429.0,455.0,455.0,122.74,122.74,568.94,568.94,-124,-4454.729991736601,EARLY_DOWN,LOWER,MOMENTUM_DOWN,S5_TRASH,,,,,429.0,429.0,455.0,455.0,122.74,122.74,379.0,40.0,0.0,25.0,0.0,568.94,568.94,,,,,,,99.33,-14.56,False
521,IFF,Specialty Chemicals,-166.4,1.2,0.8,-0.6,-8.8,-6.2,-7.4,-27.0,-39.3,-72.5,-105.9,-166.4,12.2,-168.0,2.3,0.0,-5000.0,-17.1,549.0,549.0,555.0,555.0,128.01,128.01,573.36,573.36,-38,0.0,EARLY_DOWN,LOWER,MOMENTUM_DOWN,S5_TRASH,,,,,549.0,549.0,555.0,555.0,128.01,128.01,280.0,4.0,0.0,25.0,0.0,573.36,573.36,,,,,,,84.45,-12.9,False
522,PEP,Soft Drinks & Non-alcoholic Beverages,-110.0,1.8,1.8,-6.4,-15.4,-14.6,-13.4,-22.7,-38.2,-57.4,-75.8,-110.0,21.3,-111.9,2.4,0.0,-3583.8855004932575,39.3,440.0,440.0,467.0,467.0,118.72,118.72,573.42,573.42,3,1416.1144995067425,STRONG_DOWN,LOWER,MOMENTUM_DOWN,S5_TRASH,,,,,440.0,440.0,467.0,467.0,118.72,118.72,424.0,40.0,0.0,25.0,0.0,573.42,573.42,,,,,,,171.48,-16.88,False
523,DX-Y.NYB,Index,-148.2,1.5,1.5,-1.3,-6.4,-7.5,-12.4,-25.7,-41.8,-63.1,-90.6,-148.2,13.7,-150.2,2.8,0.0,-5000.0,1.1,519.0,519.0,532.0,532.0,127.46,127.46,574.16,574.16,-13,0.0,EARLY_DOWN,LOWER,MOMENTUM_DOWN,S5_TRASH,,,,,519.0,519.0,532.0,532.0,127.46,127.46,303.0,14.0,0.0,25.0,0.0,574.16,574.16,,,,,,,100.64,-1.17,False
524,ADSK,Technology,-100.2,0.2,0.2,-8.8,-13.2,-19.9,-31.1,-39.4,-48.7,-66.5,-90.2,-100.2,136.2,-100.2,1.8,0.0,-1443.4777178583824,49.1,411.0,411.0,438.0,438.0,114.72,114.72,575.02,575.02,-27,-69.58765362122517,EARLY_DOWN,LOWER,MOMENTUM_DOWN,S5_TRASH,,,,,411.0,411.0,438.0,438.0,114.72,114.72,491.0,58.0,0.0,25.0,0.0,575.02,575.02,,,,,,,326.2,-29.61,False
525,ABT,Medical Devices,-123.7,1.9,1.9,-3.9,-18.2,-26.6,-38.5,-48.7,-60.5,-81.0,-103.7,-123.7,74.9,-127.0,2.4,0.0,-1244.4716820793985,25.6,474.0,474.0,494.0,494.0,111.74,111.74,575.29,575.29,5,1064.482146875938,STRONG_DOWN,LOWER,MOMENTUM_UP,S4_BOTTOMING,,,,,474.0,474.0,494.0,494.0,111.74,111.74,533.0,58.0,0.0,-2.0,0.0,575.29,575.29,,,,,,,135.45,-35.78,False
526,WTW,Financials,-106.2,1.8,1.8,-4.3,-15.9,-22.8,-30.7,-39.9,-46.4,-58.5,-77.8,-106.2,22.9,-108.1,2.6,0.0,-1400.5451301436417,43.1,431.0,431.0,457.0,457.0,106.7,106.7,576.75,576.75,-11,766.5167476783797,STRONG_DOWN,LOWER,NEUTRAL,S5_TRASH,,,,,431.0,431.0,457.0,457.0,106.7,106.7,500.0,58.0,0.0,25.0,0.0,576.75,576.75,,,,,,,352.79,-28.86,False
527,TYL,Technology,-141.4,0.3,-0.7,-10.7,-17.4,-26.5,-43.6,-61.9,-73.2,-91.2,-113.6,-141.4,77.0,-141.6,2.8,0.0,-209.03245529628913,7.9,508.0,508.0,524.0,524.0,114.63,114.63,580.38,580.38,14,-62.798821803633956,EARLY_UP,LOWER,NEUTRAL,S0_NEUTRAL,,,,,508.0,508.0,524.0,524.0,114.63,114.63,555.0,58.0,0.0,0.0,0.0,580.38,580.38,,,,,,,531.94,-42.89,False
528,PAYC,Industrials,-118.3,4.1,-0.2,-1.8,-10.9,-22.4,-38.5,-44.9,-63.9,-90.4,-117.3,-118.3,389.7,-139.6,2.0,0.0,-9.486370746078828e-05,-5.7,535.0,535.0,484.0,484.0,122.02,122.02,580.77,580.77,-2,2.0675569196264423e-06,STRONG_DOWN,LOWER,MOMENTUM_DOWN,S5_TRASH,,,,,535.0,535.0,484.0,484.0,122.02,122.02,498.0,58.0,0.0,25.0,0.0,580.77,580.77,6223033319.69,6.223,531.0,other,equity,data_raw,248.95,-52.98,False
529,ROP,Technology,-144.6,2.6,1.9,-7.6,-13.0,-20.4,-36.3,-54.5,-70.5,-88.9,-112.1,-144.6,45.1,-149.2,3.1,0.0,-1235.327188318282,4.7,517.0,517.0,531.0,531.0,103.1,103.1,582.9,582.9,6,1910.9769924583902,EARLY_UP,LOWER,NEUTRAL,S0_NEUTRAL,,,,,517.0,517.0,531.0,531.0,103.1,103.1,511.0,58.0,0.0,0.0,0.0,582.9,582.9,,,,,,,521.28,-36.37,False
530,TECH,Healthcare,-140.7,3.5,0.1,-5.8,-13.8,-19.8,-22.7,-41.0,-59.5,-91.0,-115.2,-140.7,167.5,-157.7,2.3,0.0,-1942.0057466001376,8.6,506.0,506.0,522.0,522.0,108.37,108.37,583.07,583.07,-3,250.46045917870742,EARLY_UP,LOWER,NEUTRAL,S0_NEUTRAL,,,,,506.0,506.0,522.0,522.0,108.37,108.37,462.0,58.0,0.0,0.0,0.0,583.07,583.07,,,,,,,72.16,-29.53,False
531,AOS,Industrials,-134.8,2.1,2.1,-4.2,-18.3,-21.9,-27.5,-40.7,-56.7,-72.7,-88.0,-134.8,20.8,-137.6,2.4,0.0,-2800.7615872606198,14.5,492.0,492.0,510.0,510.0,107.35,107.35,583.45,583.45,2,2199.2384127393802,STRONG_DOWN,LOWER,MOMENTUM_UP,S4_BOTTOMING,,,,,492.0,492.0,510.0,510.0,107.35,107.35,496.0,58.0,0.0,-2.0,0.0,583.45,583.45,,,,,,,81.87,-30.71,False
532,ULTA,Specialty Retail,-97.6,0.0,-6.2,-10.7,-22.4,-26.2,-25.8,-19.2,-34.3,-52.1,-59.3,-97.6,50.1,-97.2,1.8,0.0,-5000.0,51.7,403.0,403.0,429.0,429.0,111.3,111.3,585.85,585.85,-67,-4448.850007952441,STRONG_DOWN,LOWER,MOMENTUM_DOWN,S5_TRASH,,,,,403.0,403.0,429.0,429.0,111.3,111.3,526.0,58.0,0.0,25.0,0.0,585.85,585.85,,,,,,,714.97,-34.09,False
533,ACN,IT Consulting & Other Services,-152.5,2.8,-1.4,-7.6,-16.3,-27.6,-39.4,-59.3,-77.3,-99.6,-120.3,-152.5,86.6,-159.0,2.2,0.0,-962.1713418547924,-3.2,528.0,528.0,539.0,539.0,100.27,100.27,586.32,586.32,-2,82.04089811054496,EARLY_UP,LOWER,NEUTRAL,S0_NEUTRAL,,,,,528.0,528.0,539.0,539.0,100.27,100.27,541.0,58.0,0.0,0.0,0.0,586.32,586.32,,,,,,,291.08,-39.04,False
534,VLTO,Industrials,-43.6,4.5,4.5,-3.1,-12.0,-17.7,-26.5,-38.5,,,,-43.6,0.0,-108.7,2.9,0.0,-839.0615338532034,-9.5,538.0,538.0,290.0,290.0,91.34,91.34,586.39,586.39,16,2909.597142476262,STRONG_DOWN,LOWER,MOMENTUM_DOWN,S5_TRASH,,,,,538.0,538.0,290.0,290.0,91.34,91.34,447.0,58.0,47.0,25.0,0.0,586.39,586.39,,,,,,,107.9,-21.53,False
535,LULU,Apparel Retail,-165.5,0.6,-0.3,-7.1,-22.9,-31.5,-44.0,-67.9,-91.1,-117.7,-145.0,-165.5,274.1,-167.6,3.1,0.0,-237.68728288292382,-16.2,548.0,548.0,554.0,554.0,102.31,102.31,587.01,587.01,-12,-183.7410094063003,EARLY_UP,LOWER,NEUTRAL,S0_NEUTRAL,,,,,548.0,548.0,554.0,554.0,102.31,102.31,564.0,58.0,0.0,0.0,0.0,587.01,587.01,,,,,,,225.98,-44.23,False
536,MOS,Agricultural Inputs,-153.4,1.4,-0.2,-1.3,-13.4,-14.8,-29.9,-37.3,-56.6,-88.0,-97.5,-153.4,156.0,-158.9,2.2,0.0,-5000.0,-4.1,530.0,530.0,541.0,541.0,113.94,113.94,588.54,588.54,3,-244.29795494758855,EARLY_UP,LOWER,NEUTRAL,S0_NEUTRAL,,,,,530.0,530.0,541.0,541.0,113.94,113.94,452.0,40.0,0.0,0.0,0.0,588.54,588.54,,,,,,,36.99,-37.01,False
537,AVY,Packaging & Containers,-112.5,1.0,1.0,-4.1,-15.8,-18.8,-22.7,-38.1,-53.5,-74.6,-89.8,-112.5,74.5,-113.8,2.1,0.0,-3278.7360609061293,36.8,447.0,447.0,473.0,473.0,107.85,107.85,588.55,588.55,-26,-86.4817069638957,STRONG_DOWN,LOWER,MOMENTUM_DOWN,S5_TRASH,,,,,447.0,447.0,473.0,473.0,107.85,107.85,463.0,58.0,0.0,25.0,0.0,588.55,588.55,,,,,,,199.54,-21.88,False
538,MDT,Healthcare,-141.6,4.7,4.7,-0.6,-13.9,-22.0,-26.0,-30.5,-40.0,-62.9,-92.9,-141.6,12.1,-148.7,1.9,0.0,-1860.8050952686417,7.7,509.0,509.0,525.0,525.0,114.27,114.27,588.97,588.97,11,3139.1949047313583,STRONG_DOWN,LOWER,MOMENTUM_UP,S4_BOTTOMING,,,,,509.0,509.0,525.0,525.0,114.27,114.27,469.0,58.0,0.0,-2.0,0.0,588.97,588.97,,,,,,,106.33,-26.69,False
539,KHC,Packaged Foods,-163.5,0.0,0.0,-3.3,-9.2,-12.6,-19.2,-33.2,-49.8,-73.0,-93.5,-163.5,10.3,-163.0,2.8,0.0,-5000.0,-14.2,545.0,545.0,552.0,552.0,111.67,111.67,590.07,590.07,-47,0.0,EARLY_DOWN,LOWER,MOMENTUM_DOWN,S5_TRASH,,,,,545.0,545.0,552.0,552.0,111.67,111.67,391.0,22.0,0.0,25.0,0.0,590.07,590.07,,,,,,,26.89,-15.36,False
540,BA,Aerospace & Defense,-142.2,0.0,-3.0,-8.8,-12.1,-11.3,-15.8,-14.0,-32.1,-51.2,-84.4,-142.2,110.6,-141.6,1.5,0.0,-5000.0,7.1,513.0,513.0,528.0,528.0,106.97,106.97,593.57,593.57,-97,-1045.852941488792,EARLY_UP,LOWER,MOMENTUM_DOWN,S5_TRASH,,,,,513.0,513.0,528.0,528.0,106.97,106.97,411.0,40.0,0.0,25.0,0.0,593.57,593.57,,,,,,,254.3499,-17.21,False
541,ALGN,Medical Devices,-167.8,0.5,-1.1,-9.2,-16.2,-11.8,-11.4,-34.3,-60.2,-94.8,-126.7,-167.8,236.6,-169.2,2.6,0.0,-5000.0,-18.5,553.0,553.0,557.0,557.0,115.03,115.03,593.93,593.93,-46,0.0,EARLY_UP,LOWER,NEUTRAL,S0_NEUTRAL,,,,,553.0,553.0,557.0,557.0,115.03,115.03,421.0,40.0,0.0,0.0,0.0,593.93,593.93,,,,,,,200.25,-19.25,False
542,GPC,Auto Parts,-134.7,1.3,0.7,-4.7,-14.6,-23.0,-31.1,-39.5,-56.3,-77.4,-91.7,-134.7,56.8,-136.8,1.9,0.0,-4769.657558098936,14.6,491.0,491.0,509.0,509.0,112.02,112.02,594.62,594.62,-5,230.34244190106438,EARLY_UP,LOWER,NEUTRAL,S0_NEUTRAL,,,,,491.0,491.0,509.0,509.0,112.02,112.02,497.0,58.0,0.0,0.0,0.0,594.62,594.62,,,,,,,151.57,-35.16,False
543,DIS,Entertainment,-154.8,0.0,0.0,-5.5,-9.8,-14.4,-23.0,-28.8,-39.3,-67.8,-102.0,-154.8,38.2,-154.2,2.2,0.0,-5000.0,-5.5,534.0,534.0,544.0,544.0,114.79,114.79,594.69,594.69,-5,0.0,STRONG_DOWN,LOWER,MOMENTUM_DOWN,S5_TRASH,,,,,534.0,534.0,544.0,544.0,114.79,114.79,430.0,22.0,0.0,25.0,0.0,594.69,594.69,,,,,,,117.09,-15.12,False
544,EL,Personal Products,-176.1,0.5,-1.2,-1.7,-8.8,-17.8,-18.5,-21.8,-49.4,-93.1,-128.0,-176.1,96.0,-176.9,1.6,0.0,-5000.0,-26.8,563.0,563.0,564.0,564.0,114.29,114.29,594.99,594.99,-46,0.0,STRONG_UP,LOWER,MOMENTUM_DOWN,S0_NEUTRAL,,,,,563.0,563.0,564.0,564.0,114.29,114.29,407.0,40.0,0.0,0.0,0.0,594.99,594.99,,,,,,,121.635,-32.54,False
545,REGN,Biotechnology,-126.2,2.8,2.8,-6.3,-19.6,-23.2,-16.8,-36.6,-56.0,-73.2,-85.6,-126.2,50.6,-130.6,2.3,0.0,-1677.6590056237167,23.1,477.0,477.0,497.0,497.0,107.45,107.45,596.6,596.6,2,2978.6409943762837,STRONG_DOWN,LOWER,MOMENTUM_DOWN,S5_TRASH,,,,,477.0,477.0,497.0,497.0,107.45,107.45,480.0,58.0,0.0,25.0,0.0,596.6,596.6,,,,,,,821.11,-24.62,False
546,ZBH,Healthcare,-171.7,2.4,2.4,0.4,-11.0,-13.1,-21.3,-37.9,-58.1,-84.4,-115.7,-171.7,13.8,-175.8,2.9,0.0,-4671.330592843685,-22.4,557.0,557.0,560.0,560.0,126.2,126.2,600.75,600.75,22,328.6694071563152,STRONG_DOWN,LOWER,MOMENTUM_UP,S4_BOTTOMING,,,,,557.0,557.0,560.0,560.0,126.2,126.2,400.0,40.0,0.0,-2.0,0.0,600.75,600.75,,,,,,,106.88,-20.49,False
547,TRMB,Technology,-128.0,1.2,-0.1,-13.7,-21.0,-27.7,-37.1,-41.6,-49.4,-74.0,-93.5,-128.0,80.8,-129.9,1.7,0.0,-4053.9666315546638,21.3,483.0,483.0,503.0,503.0,114.56,114.56,601.76,601.76,12,847.8786366796285,EARLY_UP,LOWER,NEUTRAL,S0_NEUTRAL,,,,,483.0,483.0,503.0,503.0,114.56,114.56,557.0,58.0,0.0,0.0,0.0,601.76,601.76,,,,,,,84.42,-34.23,False
548,TSN,Farm Products,-131.8,1.2,-3.4,-9.2,-16.3,-14.9,-12.0,-18.5,-24.3,-52.7,-80.0,-131.8,24.5,-133.3,2.0,0.0,-5000.0,17.5,488.0,488.0,507.0,507.0,123.2,123.2,602.65,602.65,-57,-3638.693704765497,STRONG_DOWN,LOWER,MOMENTUM_DOWN,S5_TRASH,,,,,488.0,488.0,507.0,507.0,123.2,123.2,433.0,40.0,0.0,25.0,0.0,602.65,602.65,,,,,,,69.4842,-17.84,False
549,DG,Discount Stores,-151.6,0.6,-1.3,-8.3,-21.1,-23.7,-20.8,-17.0,-41.1,-81.8,-114.2,-151.6,89.3,-152.4,1.6,0.0,-5000.0,-2.3,526.0,526.0,537.0,537.0,108.96,108.96,607.26,607.26,-15,0.0,EARLY_UP,LOWER,NEUTRAL,S0_NEUTRAL,,,,,526.0,526.0,537.0,537.0,108.96,108.96,502.0,58.0,0.0,0.0,0.0,607.26,607.26,,,,,,,158.23,-33.58,False
550,FISV,Financial Technology,-186.6,0.5,0.2,-11.1,-14.8,-19.1,-44.3,-73.8,-91.6,-111.8,-140.2,-186.6,66.3,-187.3,4.1,0.0,-1372.8327716117014,-37.3,569.0,569.0,570.0,570.0,103.13,103.13,609.48,609.48,-5,-127.45326475979596,EARLY_UP,LOWER,NEUTRAL,S0_NEUTRAL,,,,,569.0,569.0,570.0,570.0,103.13,103.13,532.0,58.0,0.0,0.0,0.0,609.48,609.48,,,,,,,130.77,-57.88,False
551,LVS,Resorts & Casinos,-141.3,1.4,1.4,-7.0,-13.9,-19.6,-19.3,-18.3,-34.0,-48.3,-81.2,-141.3,29.7,-143.3,2.1,0.0,-5000.0,8.0,507.0,507.0,523.0,523.0,127.14,127.14,609.94,609.94,-8,0.0,EARLY_UP,LOWER,NEUTRAL,S0_NEUTRAL,,,,,507.0,507.0,523.0,523.0,127.14,127.14,449.0,58.0,0.0,0.0,0.0,609.94,609.94,,,,,,,70.45,-27.81,False
552,BALL,Packaging Materials,-142.2,0.0,0.0,-9.6,-19.3,-15.0,-16.3,-29.2,-44.1,-71.9,-104.8,-142.2,78.1,-141.8,2.2,0.0,-5000.0,7.1,513.0,513.0,528.0,528.0,116.67,116.67,610.02,610.02,-31,0.0,STRONG_DOWN,LOWER,MOMENTUM_DOWN,S5_TRASH,,,,,513.0,513.0,528.0,528.0,116.67,116.67,456.0,40.0,0.0,25.0,0.0,610.02,610.02,,,,,,,68.29,-22.64,False
553,DPZ,Restaurants,-127.0,0.7,0.7,-7.7,-19.5,-26.3,-36.6,-49.7,-61.6,-80.5,-102.3,-127.0,80.2,-128.0,2.7,0.0,-2585.263223054067,22.3,480.0,480.0,500.0,500.0,110.27,110.27,613.87,613.87,-24,-109.37169761924542,STRONG_DOWN,LOWER,NEUTRAL,S5_TRASH,,,,,480.0,480.0,500.0,500.0,110.27,110.27,538.0,58.0,0.0,25.0,0.0,613.87,613.87,,,,,,,442.35,-30.65,False
554,CTSH,Technology,-162.1,6.0,-0.9,-4.2,-15.7,-27.8,-36.2,-49.2,-62.3,-82.1,-107.3,-162.1,16.0,-173.0,2.1,0.0,-1242.0133049713045,-12.8,541.0,541.0,548.0,548.0,127.66,127.66,619.06,619.06,1,93.96756114888626,EARLY_UP,LOWER,NEUTRAL,S0_NEUTRAL,,,,,541.0,541.0,548.0,548.0,127.66,127.66,523.0,58.0,0.0,0.0,0.0,619.06,619.06,,,,,,,87.03,-38.52,False
555,NCLH,Travel Services,-176.1,4.2,0.7,-3.5,-16.3,-19.2,-27.5,-36.3,-46.2,-63.5,-99.6,-176.1,12.0,-183.9,1.8,0.0,-2745.6362939763458,-26.8,563.0,563.0,564.0,564.0,115.37,115.37,619.37,619.37,-1,439.80708892702705,EARLY_UP,LOWER,NEUTRAL,S0_NEUTRAL,,,,,563.0,563.0,564.0,564.0,115.37,115.37,481.0,58.0,0.0,0.0,0.0,619.37,619.37,,,,,,,26.09,-30.43,False
556,UHS,Healthcare,-137.4,2.9,2.9,-7.9,-21.9,-31.1,-36.1,-47.6,-54.9,-64.5,-86.2,-137.4,9.9,-141.3,1.8,0.0,-1807.2767716957592,11.9,501.0,501.0,518.0,518.0,111.04,111.04,622.19,622.19,5,3192.723228304241,STRONG_DOWN,LOWER,MOMENTUM_DOWN,S5_TRASH,,,,,501.0,501.0,518.0,518.0,111.04,111.04,556.0,58.0,0.0,25.0,0.0,622.19,622.19,,,,,,,246.33,-40.74,False
557,KMB,Household & Personal Products,-148.3,0.0,0.0,-5.1,-13.3,-14.9,-27.1,-40.7,-52.8,-71.9,-99.1,-148.3,20.6,-147.8,2.7,0.0,-5000.0,1.0,520.0,520.0,533.0,533.0,127.62,127.62,623.42,623.42,-29,0.0,EARLY_DOWN,LOWER,MOMENTUM_DOWN,S5_TRASH,,,,,520.0,520.0,533.0,533.0,127.62,127.62,454.0,40.0,0.0,25.0,0.0,623.42,623.42,,,,,,,125.32,-24.39,False
558,GPN,Specialty Business Services,-181.7,0.0,-2.1,-10.2,-13.1,-15.7,-24.0,-43.9,-65.1,-93.9,-130.3,-181.7,72.1,-181.3,2.7,0.0,-5000.0,-32.4,567.0,567.0,568.0,568.0,116.39,116.39,624.99,624.99,-46,0.0,STRONG_UP,LOWER,MOMENTUM_DOWN,S0_NEUTRAL,,,,,567.0,567.0,568.0,568.0,116.39,116.39,461.0,58.0,0.0,0.0,0.0,624.99,624.99,,,,,,,89.58,-24.26,False
559,NKE,Footwear & Accessories,-184.1,1.0,-0.3,-4.6,-15.8,-26.2,-39.5,-56.5,-78.6,-109.1,-138.2,-184.1,81.7,-186.2,2.0,0.0,-5000.0,-34.8,568.0,568.0,569.0,569.0,109.13,109.13,628.08,628.08,-6,-387.55562601923157,STRONG_UP,LOWER,MOMENTUM_DOWN,S0_NEUTRAL,,,,,568.0,568.0,569.0,569.0,109.13,109.13,527.0,58.0,0.0,0.0,0.0,628.08,628.08,,,,,,,76.97,-43.08,False
560,ZTS,Healthcare,-170.6,1.0,1.0,-18.0,-33.9,-40.1,-52.9,-70.1,-87.9,-112.2,-138.2,-170.6,116.3,-173.1,2.6,0.0,-3774.5961625216373,-21.3,555.0,555.0,559.0,559.0,112.84,112.84,629.79,629.79,2,-163.1187651539285,STRONG_DOWN,LOWER,MOMENTUM_UP,S4_BOTTOMING,,,,,555.0,555.0,559.0,559.0,112.84,112.84,578.0,58.0,0.0,-2.0,0.0,629.79,629.79,,,,,,,148.79,-47.85,False
561,CSGP,Real Estate,-176.7,1.5,1.5,-4.6,-18.8,-36.1,-55.4,-72.6,-91.6,-114.7,-143.4,-176.7,138.6,-181.0,2.6,0.0,-2108.7807876403754,-27.4,565.0,565.0,566.0,566.0,117.49,117.49,630.84,630.84,15,943.8213425351264,STRONG_DOWN,LOWER,MOMENTUM_UP,S4_BOTTOMING,,,,,565.0,565.0,566.0,566.0,117.49,117.49,568.0,58.0,0.0,-2.0,0.0,630.84,630.84,,,,,,,85.24,-60.82,False
562,GEHC,Healthcare,-65.4,1.3,1.3,-1.7,-17.2,-23.8,-28.7,-43.1,-58.0,,,-65.4,20.1,-124.7,2.7,0.0,-4322.439494325911,-17.7,550.0,550.0,338.0,338.0,120.72,120.72,633.57,633.57,-11,677.5605056740887,STRONG_DOWN,LOWER,NEUTRAL,S5_TRASH,,,,,550.0,550.0,338.0,338.0,120.72,120.72,495.0,58.0,26.0,25.0,0.0,633.57,633.57,,,,,,,89.77,-30.9,False
563,TAP,Beverages - Brewers,-157.9,1.2,1.2,-5.0,-15.0,-19.1,-24.9,-39.4,-57.0,-72.5,-92.9,-157.9,11.2,-159.5,2.5,0.0,-5000.0,-8.6,537.0,537.0,546.0,546.0,111.35,111.35,634.7,634.7,4,0.0,STRONG_DOWN,LOWER,MOMENTUM_DOWN,S5_TRASH,,,,,537.0,537.0,546.0,546.0,111.35,111.35,472.0,58.0,0.0,25.0,0.0,634.7,634.7,,,,,,,54.82,-29.55,False
564,OTIS,Industrials,-80.9,1.5,1.5,-6.3,-17.9,-22.4,-30.5,-43.6,-56.0,-71.3,,-80.9,3.8,-151.8,3.0,0.0,-4850.337871677892,-0.9,525.0,525.0,380.0,380.0,132.62,132.62,636.52,636.52,5,149.6621283221084,STRONG_DOWN,LOWER,MOMENTUM_DOWN,S5_TRASH,,,,,525.0,525.0,380.0,380.0,132.62,132.62,513.0,58.0,11.0,25.0,0.0,636.52,636.52,,,,,,,94.565,-26.06,False
565,EH,Aerospace & Defense,-105.1,0.2,-0.1,-4.1,-14.2,-23.8,-41.4,-57.2,-73.2,-83.6,,-105.1,974.5,-140.9,2.6,0.0,-3878.821386652301,-22.6,558.0,558.0,452.0,452.0,135.54,135.54,636.64,636.64,-2,-39.474921756980166,EARLY_UP,LOWER,NEUTRAL,S0_NEUTRAL,,,,,558.0,558.0,452.0,452.0,135.54,135.54,522.0,58.0,11.0,0.0,0.0,636.64,636.64,,,,,,,20.2,-51.58,False
566,POOL,Industrial Distribution,-152.2,0.6,0.5,-9.0,-18.3,-25.6,-40.7,-60.4,-79.7,-106.4,-129.2,-152.2,205.6,-154.1,2.7,0.0,-2408.6319630460825,-2.9,527.0,527.0,538.0,538.0,114.17,114.17,638.17,638.17,-22,-143.9607776255407,STRONG_DOWN,LOWER,NEUTRAL,S5_TRASH,,,,,527.0,527.0,538.0,538.0,114.17,114.17,549.0,58.0,0.0,25.0,0.0,638.17,638.17,,,,,,,313.75,-42.41,False
567,PYPL,Financials,-191.0,0.0,0.0,-12.6,-15.6,-24.3,-39.7,-56.9,-71.6,-104.9,-141.6,-191.0,284.2,-190.5,2.4,0.0,-5000.0,-41.7,573.0,573.0,575.0,575.0,114.57,114.57,638.52,638.52,-1,0.0,EARLY_UP,LOWER,NEUTRAL,S0_NEUTRAL,,,,,573.0,573.0,575.0,575.0,114.57,114.57,544.0,58.0,0.0,0.0,0.0,638.52,638.52,,,,,,,79.215,-46.21,False
568,JKHY,Diversified Banks,-142.1,0.0,0.0,-11.1,-19.7,-26.2,-30.9,-42.9,-55.9,-78.4,-103.7,-142.1,58.9,-141.6,2.0,0.0,-5000.0,7.2,512.0,512.0,527.0,527.0,118.84,118.84,640.84,640.84,4,0.0,STRONG_DOWN,LOWER,NEUTRAL,S5_TRASH,,,,,512.0,512.0,527.0,527.0,118.84,118.84,530.0,58.0,0.0,25.0,0.0,640.84,640.84,,,,,,,193.39,-31.16,False
569,CPB,Packaged Foods,-190.0,1.3,0.9,-1.6,-14.1,-23.7,-36.3,-58.2,-76.9,-102.5,-132.1,-190.0,16.9,-192.2,3.1,0.0,-5000.0,-40.7,572.0,572.0,574.0,574.0,123.82,123.82,642.22,642.22,5,0.0,EARLY_UP,LOWER,NEUTRAL,S0_NEUTRAL,,,,,572.0,572.0,574.0,574.0,123.82,123.82,510.0,58.0,0.0,0.0,0.0,642.22,642.22,,,,,,,33.81,-37.92,False
570,EPAM,Technology,-187.2,0.7,-0.2,-14.0,-28.0,-42.5,-50.7,-67.7,-88.9,-120.6,-150.0,-187.2,383.6,-190.9,3.2,0.0,-5000.0,-37.9,570.0,570.0,571.0,571.0,115.83,115.83,642.58,642.58,3,0.0,EARLY_UP,LOWER,NEUTRAL,S0_NEUTRAL,,,,,570.0,570.0,571.0,571.0,115.83,115.83,573.0,58.0,0.0,0.0,0.0,642.58,642.58,,,,,,,222.53,-56.28,False
571,PSKY,Entertainment,-199.8,0.5,0.5,-7.3,-12.3,-20.3,-31.8,-35.0,-53.0,-92.4,-129.6,-199.8,104.5,-202.3,2.1,0.0,-5000.0,-50.5,577.0,577.0,579.0,579.0,129.49,129.49,646.54,646.54,0,0.0,EARLY_UP,LOWER,NEUTRAL,S0_NEUTRAL,,,,,577.0,577.0,579.0,579.0,129.49,129.49,486.0,58.0,0.0,0.0,0.0,646.54,646.54,,,,,,,20.09,-47.98,False
572,COO,Healthcare,-163.3,1.5,1.5,-3.5,-18.8,-25.8,-28.8,-49.1,-67.2,-91.3,-119.1,-163.3,37.1,-165.8,2.1,0.0,-5000.0,-14.0,544.0,544.0,550.0,550.0,115.9,115.9,648.1,648.1,-14,0.0,STRONG_DOWN,LOWER,MOMENTUM_DOWN,S5_TRASH,,,,,544.0,544.0,550.0,550.0,115.9,115.9,514.0,58.0,0.0,25.0,0.0,648.1,648.1,,,,,,,89.83,-32.83,False
573,BF-B,Beverages - Wineries & Distilleries,-187.3,0.6,0.6,-4.4,-13.4,-15.9,-22.5,-44.1,-69.8,-102.8,-135.5,-187.3,47.8,-188.1,2.9,0.0,-5000.0,-38.0,571.0,571.0,572.0,572.0,117.14,117.14,649.99,649.99,-37,0.0,STRONG_DOWN,LOWER,MOMENTUM_DOWN,S5_TRASH,,,,,571.0,571.0,572.0,572.0,117.14,117.14,444.0,58.0,0.0,25.0,0.0,649.99,649.99,,,,,,,31.92,-22.43,False
574,BDX,Healthcare,-175.7,1.2,1.2,-3.2,-13.9,-20.6,-28.6,-48.1,-68.3,-93.5,-123.3,-175.7,19.7,-177.6,2.6,0.0,-5000.0,-26.4,562.0,562.0,563.0,563.0,119.3,119.3,653.35,653.35,-17,0.0,STRONG_DOWN,LOWER,NEUTRAL,S5_TRASH,,,,,562.0,562.0,563.0,563.0,119.3,119.3,479.0,58.0,0.0,25.0,0.0,653.35,653.35,,,,,,,209.27,-30.42,False
575,MKC,Packaged Foods,-164.8,0.9,0.7,-6.3,-19.2,-27.7,-39.1,-55.7,-71.4,-95.7,-124.2,-164.8,54.6,-166.3,3.2,0.0,-5000.0,-15.5,547.0,547.0,553.0,553.0,116.13,116.13,654.78,654.78,-15,0.0,STRONG_DOWN,LOWER,NEUTRAL,S5_TRASH,,,,,547.0,547.0,553.0,553.0,116.13,116.13,548.0,58.0,0.0,25.0,0.0,654.78,654.78,,,,,,,72.41,-36.07,False
576,STZ,Beverages - Brewers,-172.7,0.5,0.5,-8.0,-16.4,-16.0,-22.8,-45.8,-67.7,-93.1,-119.0,-172.7,18.1,-173.1,2.4,0.0,-5000.0,-23.4,560.0,560.0,562.0,562.0,124.78,124.78,656.33,656.33,-34,0.0,STRONG_DOWN,LOWER,MOMENTUM_DOWN,S5_TRASH,,,,,560.0,560.0,562.0,562.0,124.78,124.78,467.0,58.0,0.0,25.0,0.0,656.33,656.33,,,,,,,168.6,-19.69,False
577,CLX,Household & Personal Products,-177.3,0.4,0.4,-1.5,-18.4,-21.8,-32.3,-52.0,-69.0,-93.1,-124.7,-177.3,47.4,-177.8,2.7,0.0,-5000.0,-28.0,566.0,566.0,567.0,567.0,120.33,120.33,660.23,660.23,-21,0.0,STRONG_DOWN,LOWER,MOMENTUM_DOWN,S5_TRASH,,,,,566.0,566.0,567.0,567.0,120.33,120.33,506.0,58.0,0.0,25.0,0.0,660.23,660.23,,,,,,,128.87,-31.3,False
578,GIS,Packaged Foods,-169.5,0.0,0.0,-7.9,-18.7,-26.0,-35.6,-54.9,-73.5,-96.7,-120.3,-169.5,35.2,-169.0,3.1,0.0,-5000.0,-20.2,554.0,554.0,558.0,558.0,123.81,123.81,663.11,663.11,-14,0.0,STRONG_DOWN,LOWER,MOMENTUM_DOWN,S5_TRASH,,,,,554.0,554.0,558.0,558.0,123.81,123.81,534.0,58.0,0.0,25.0,0.0,663.11,663.11,,,,,,,51.32,-37.31,False
579,CMCSA,Telecom Services,-172.3,0.0,0.0,-11.8,-22.2,-22.9,-30.9,-47.7,-66.6,-90.8,-120.6,-172.3,16.7,-171.8,2.3,0.0,-5000.0,-23.0,559.0,559.0,561.0,561.0,129.34,129.34,670.04,670.04,-9,0.0,STRONG_DOWN,LOWER,MOMENTUM_DOWN,S5_TRASH,,,,,559.0,559.0,561.0,561.0,129.34,129.34,531.0,58.0,0.0,25.0,0.0,670.04,670.04,,,,,,,32.86,-28.42,False
580,FIS,Information Technology Services,-196.4,0.0,-0.2,-11.3,-19.2,-30.0,-44.9,-62.7,-74.5,-102.8,-138.9,-196.4,38.7,-195.9,2.4,0.0,-5000.0,-47.1,576.0,576.0,578.0,578.0,119.35,119.35,672.05,672.05,-3,0.0,STRONG_DOWN,LOWER,MOMENTUM_DOWN,S5_TRASH,,,,,576.0,576.0,578.0,578.0,119.35,119.35,560.0,58.0,0.0,25.0,0.0,672.05,672.05,,,,,,,69.14,-40.9,False
581,CAG,Packaged Foods,-194.9,0.2,0.2,-9.3,-24.3,-30.5,-40.4,-62.4,-81.9,-108.5,-137.1,-194.9,8.8,-194.9,3.1,0.0,-5000.0,-45.6,575.0,575.0,577.0,577.0,125.06,125.06,677.76,677.76,-3,0.0,STRONG_DOWN,LOWER,MOMENTUM_DOWN,S5_TRASH,,,,,575.0,575.0,577.0,577.0,125.06,125.06,563.0,58.0,0.0,25.0,0.0,677.76,677.76,,,,,,,20.32,-38.09,False
582,CHTR,Telecom Services,-211.9,0.0,0.0,-19.2,-37.2,-41.3,-57.0,-76.7,-95.5,-124.2,-156.8,-211.9,60.3,-211.4,2.6,0.0,-5000.0,-62.6,579.0,579.0,581.0,581.0,126.24,126.24,683.14,683.14,-7,0.0,STRONG_DOWN,LOWER,NEUTRAL,S5_TRASH,,,,,579.0,579.0,581.0,581.0,126.24,126.24,579.0,58.0,0.0,25.0,0.0,683.14,683.14,,,,,,,285.82,-54.86,False
