Rank,Ticker,Sector,Divergence,Relative_Divergence,Delta_Previous_Relative_Divergence,1m,3m,6m,1y,2y,3y,5y,7y,max,Max_Divergence,Min_Divergence,Volatility_Adjustment,Expected_Return,Dynamic_Expected_Return,Total_Return,Total_Return_Rank,Total_Return_Rank,Divergence_Rank,Divergence_Rank,Penalty,Penalty,Average_Rank,Average_Rank,Delta_Previous_Rank,Delta_Previous_Dynamic_Expected_Return,Trend_State,Position_State,Momentum_State,Composite_State,DER_cap_monthly,DER_capped,F_trend,DER_capped_trend,Total_Return_Rank,Total_Return_Rank,Divergence_Rank,Divergence_Rank,Penalty,Penalty,Recent_Momentum_Rank,Recent_Weakness_Penalty,Coverage_Penalty,State_Adjustment,Durability_Adjustment,Average_Rank,Average_Rank,Market_Cap,Market_Cap_B,Market_Cap_Rank,Market_Cap_Bucket,Market_Cap_Asset_Type,Market_Cap_Source,High_52W,Pct_From_52W_High,At_52W_High
1,AVGO,Semiconductors,1362.6,100.0,6.8,14.0,20.8,16.5,30.6,81.7,159.0,376.4,684.9,1362.6,1360.4,-16.4,1.2,925.8,147.5,1513.9,12.0,12.0,12.0,12.0,0.0,0.0,35.15,35.15,19,141.0329462036148,STRONG_UP,OVEREXTENDED,MOMENTUM_UP,S1_LEADER,,,,,12.0,12.0,12.0,12.0,0.0,0.0,71.0,0.0,0.0,-6.0,0.0,35.15,35.15,,,,,,,448.9,-0.47,True
2,AMD,Semiconductors,2231.5,99.6,-0.4,84.0,106.0,109.6,179.6,214.8,222.6,281.9,436.5,2231.5,2241.5,-27.9,1.5,738.5,134.36602749630035,2382.8,5.0,5.0,5.0,5.0,15.89,15.89,38.89,38.89,1,-586.5175121190222,STRONG_UP,OVEREXTENDED,MOMENTUM_UP,S1_LEADER,,,,,5.0,5.0,5.0,5.0,15.89,15.89,1.0,0.0,0.0,-6.0,0.0,38.89,38.89,,,,,,,527.1999,-2.11,False
3,QUBT,Quantum Computing,1119.6,13.5,-0.5,44.7,35.3,15.0,-6.0,467.2,643.3,486.6,368.1,1119.6,9187.6,-139.9,1.6,9070.0,4771.138380426918,1270.9,17.0,17.0,18.0,18.0,20.53,20.53,41.88,41.88,6,-228.86161957308195,STRONG_UP,LOWER,NEUTRAL,S0_NEUTRAL,,,,,17.0,17.0,18.0,18.0,20.53,20.53,70.0,0.0,0.0,0.0,0.0,41.88,41.88,,,,,,,25.84,-53.72,False
4,SMCI,Computer Hardware,1007.2,27.7,7.3,77.1,58.8,40.8,13.6,-5.3,-6.6,297.6,674.9,1007.2,3831.2,-73.1,1.4,3227.1,3166.3956531694926,1158.5,24.0,24.0,27.0,27.0,26.33,26.33,43.63,43.63,12,-1379.6386121774162,STRONG_UP,MID_RANGE,MOMENTUM_UP,S1_LEADER,,,,,24.0,24.0,27.0,27.0,26.33,26.33,40.0,0.0,0.0,-6.0,0.0,43.63,43.63,,,,,,,58.78,-21.59,False
5,NVDA,Semiconductors,3629.6,88.9,-2.0,3.0,4.0,2.5,8.7,25.4,104.8,423.1,1113.8,3629.6,4013.4,-12.1,1.1,3333.3,746.4949374940483,3780.8,1.0,1.0,1.0,1.0,4.44,4.44,50.19,50.19,-4,524.0390039225306,EARLY_DOWN,OVEREXTENDED,MOMENTUM_DOWN,S5_TRASH,,,,,1.0,1.0,1.0,1.0,4.44,4.44,134.0,0.0,0.0,25.0,-12.0,50.19,50.19,,,,,,,236.54,-10.74,False
6,DELL,Computer Hardware & Services,1081.8,100.0,0.0,114.1,165.1,177.6,204.5,219.0,305.8,494.8,737.0,1081.8,1076.4,-23.7,1.5,229.8,46.2,1220.7,18.0,18.0,20.0,20.0,5.0,5.0,50.35,50.35,2,-189.45778946058107,STRONG_UP,OVEREXTENDED,MOMENTUM_UP,S1_LEADER,,,,,18.0,18.0,20.0,20.0,5.0,5.0,1.0,0.0,0.0,-6.0,0.0,50.35,50.35,,,,,,,429.15,-1.92,False
7,KLAC,Semiconductor Equipment,1040.7,94.4,-1.0,8.7,14.6,29.7,63.7,97.3,131.4,231.2,449.8,1040.7,1100.6,-14.1,1.2,599.7,102.35846079391291,1192.0,20.0,20.0,22.0,22.0,4.44,4.44,52.09,52.09,0,-313.4871906119189,STRONG_UP,OVEREXTENDED,NEUTRAL,S0_NEUTRAL,,,,,20.0,20.0,22.0,22.0,4.44,4.44,57.0,0.0,0.0,0.0,0.0,52.09,52.09,,,,,,,2060.0801,-6.72,False
8,TRX-USD,Cryptocurrency,838.0,12.7,-1.4,-3.4,4.0,6.0,-0.2,34.3,87.9,166.4,502.4,838.0,6637.4,-26.9,1.2,5992.9,1498.143022453539,954.2,30.0,30.0,30.0,30.0,9.1,9.1,53.6,53.6,-6,83.24016489276346,STRONG_UP,LOWER,MOMENTUM_DOWN,S0_NEUTRAL,,,,,30.0,30.0,30.0,30.0,9.1,9.1,150.0,0.0,0.0,0.0,0.0,53.6,53.6,,,,,,,0.3763,-8.76,False
9,APP,Software,1117.4,72.2,17.0,35.4,30.5,10.5,20.4,169.2,640.2,1123.6,,1117.4,1542.2,-55.4,1.4,1271.3,303.86618969854595,1181.3,21.0,21.0,19.0,19.0,12.5,12.5,53.9,53.9,39,303.0600587181714,STRONG_UP,UPPER_RANGE,MOMENTUM_UP,S1_LEADER,,,,,21.0,21.0,19.0,19.0,12.5,12.5,63.0,0.0,11.0,-6.0,0.0,53.9,53.9,,,,,,,745.61,-17.77,False
10,RGTI,Quantum Computing,1023.0,38.5,-1.5,57.3,45.5,18.6,40.5,743.1,1180.9,1038.8,,1023.0,2754.1,-93.0,1.5,2082.3,587.1921909907028,1086.9,26.0,26.0,24.0,24.0,12.5,12.5,55.5,55.5,111,587.1921909893999,STRONG_UP,MID_RANGE,NEUTRAL,S0_NEUTRAL,,,,,26.0,26.0,24.0,24.0,12.5,12.5,42.0,0.0,11.0,0.0,0.0,55.5,55.5,,,,,,,58.15,-56.08,False
11,TSLA,Automobile Manufacturers,858.2,57.3,1.3,2.7,-1.2,-6.4,0.6,18.2,21.3,6.3,293.7,858.2,1535.1,-50.2,1.2,1343.4,496.84897230426736,1009.4,28.0,28.0,29.0,29.0,24.55,24.55,57.6,57.6,23,106.22864619117769,STRONG_UP,UPPER_RANGE,NEUTRAL,S0_NEUTRAL,,,,,28.0,28.0,29.0,29.0,24.55,24.55,179.0,0.0,0.0,0.0,-22.0,57.6,57.6,,,,,,,498.83,-12.64,False
12,LRCX,Semiconductor Equipment,1130.0,98.1,-1.9,23.4,25.0,51.5,128.1,192.3,224.0,310.9,485.0,1130.0,1139.1,-7.6,1.3,455.2,58.449350334180316,1281.3,16.0,16.0,17.0,17.0,11.44,11.44,58.74,58.74,-2,3.349350334180315,STRONG_UP,OVEREXTENDED,NEUTRAL,S0_NEUTRAL,,,,,16.0,16.0,17.0,17.0,11.44,11.44,24.0,0.0,0.0,0.0,0.0,58.74,58.74,,,,,,,333.33,-4.55,False
13,FIX,Engineering & Construction,2786.7,88.7,-0.1,2.7,18.5,45.1,114.4,237.9,417.5,953.7,1762.4,2786.7,3095.3,-40.0,1.1,1454.0,209.12968009371932,2937.9,2.0,2.0,2.0,2.0,8.89,8.89,61.24,61.24,9,208.78563516723986,EARLY_DOWN,OVEREXTENDED,MOMENTUM_DOWN,S5_TRASH,,,,,2.0,2.0,2.0,2.0,8.89,8.89,35.0,0.0,0.0,25.0,0.0,61.24,61.24,,,,,,,2073.9883,-11.85,False
14,JBL,Electronic Manufacturing Services,662.0,94.3,-2.3,10.0,22.9,36.6,50.9,99.8,114.9,227.5,404.8,662.0,653.4,-28.8,1.1,342.6,53.61191950358359,813.3,33.0,33.0,34.0,34.0,0.0,0.0,62.0,62.0,-1,-219.16081318904884,STRONG_UP,OVEREXTENDED,NEUTRAL,S0_NEUTRAL,,,,,33.0,33.0,34.0,34.0,0.0,0.0,55.0,0.0,0.0,0.0,0.0,62.0,62.0,,,,,,,381.94,-4.55,False
15,LLY,Pharmaceuticals,553.5,91.4,4.1,5.0,0.7,1.0,10.7,4.9,15.5,101.4,253.2,553.5,607.2,-21.4,1.2,490.7,126.58606960721065,704.8,40.0,40.0,40.0,40.0,0.0,0.0,67.4,67.4,-11,-416.0673823548593,STRONG_UP,OVEREXTENDED,NEUTRAL,S0_NEUTRAL,,,,,40.0,40.0,40.0,40.0,0.0,0.0,138.0,0.0,0.0,0.0,0.0,67.4,67.4,,,,,,,1149.1,-3.84,False
16,STX,Data Storage,1744.6,99.8,2.8,54.2,80.1,139.8,310.6,553.9,741.5,891.9,1155.8,1744.6,1746.3,-36.7,1.3,399.4,25.730928760937257,1895.8,9.0,9.0,9.0,9.0,24.78,24.78,68.48,68.48,11,-9.937508161158423,STRONG_UP,OVEREXTENDED,MOMENTUM_UP,S1_LEADER,,,,,9.0,9.0,9.0,9.0,24.78,24.78,1.0,0.0,0.0,-6.0,0.0,68.48,68.48,,,,,,,905.39,-2.83,False
17,ANET,Networking Equipment,765.2,85.0,3.4,-0.2,3.0,3.7,13.0,27.0,62.5,186.9,365.6,765.2,904.1,-19.6,1.3,703.5,170.0880201285837,916.4,31.0,31.0,31.0,31.0,9.89,9.89,69.09,69.09,9,-559.5280656360245,EARLY_UP,OVEREXTENDED,MOMENTUM_UP,S0_NEUTRAL,,,,,31.0,31.0,31.0,31.0,9.89,9.89,131.0,0.0,0.0,0.0,0.0,69.09,69.09,,,,,,,179.79,-11.3,False
18,MU,Semiconductors,2086.1,100.0,7.5,111.2,118.0,188.0,456.7,639.8,800.7,1005.9,1229.4,2086.1,2085.3,-25.2,1.5,382.0,28.6,2237.4,6.0,6.0,7.0,7.0,27.33,27.33,69.18,69.18,-7,-198.03782219625393,STRONG_UP,OVEREXTENDED,MOMENTUM_UP,S1_LEADER,,,,,6.0,6.0,7.0,7.0,27.33,27.33,1.0,0.0,0.0,-6.0,0.0,69.18,69.18,,,,,,,981.0,-1.02,False
19,MPWR,Semiconductors,629.9,91.5,-2.4,9.2,18.8,34.3,59.1,74.4,88.6,127.1,249.9,629.9,687.5,-5.3,1.4,347.5,71.01419186874385,781.2,34.0,34.0,35.0,35.0,0.0,0.0,71.6,71.6,-1,-33.05858844187571,STRONG_UP,OVEREXTENDED,MOMENTUM_DOWN,S3_LATE_EXHAUSTION,,,,,34.0,34.0,35.0,35.0,0.0,0.0,54.0,0.0,0.0,12.0,0.0,71.6,71.6,,,,,,,1714.0898,-8.63,False
20,VRT,Electrical Equipment & Parts,1453.2,82.3,-3.6,-1.3,17.8,38.9,83.6,138.4,345.3,928.3,1299.6,1453.2,1741.3,-60.9,1.3,895.6,176.95111891475162,1558.3,11.0,11.0,11.0,11.0,12.07,12.07,73.17,73.17,-3,112.83146634995015,EARLY_DOWN,OVEREXTENDED,MOMENTUM_DOWN,S5_TRASH,,,,,11.0,11.0,11.0,11.0,12.07,12.07,45.0,0.0,0.0,25.0,0.0,73.17,73.17,,,,,,,379.93,-16.9,False
21,SMH,Unknown,615.7,98.9,-0.7,24.9,31.5,42.0,69.3,92.6,127.4,199.8,310.7,615.7,622.2,-5.3,1.2,282.7,47.56514260278837,766.9,35.0,35.0,36.0,36.0,0.0,0.0,75.05,75.05,0,0.0,STRONG_UP,OVEREXTENDED,MOMENTUM_DOWN,S3_LATE_EXHAUSTION,,,,,35.0,35.0,36.0,36.0,0.0,0.0,38.0,0.0,0.0,12.0,0.0,75.05,75.05,,,,,,,612.3,-2.18,False
22,IONQ,Quantum Computing,507.9,74.3,10.4,97.3,85.8,62.6,60.7,254.0,322.8,515.1,,507.9,660.4,-66.8,1.4,353.6,74.4127726944099,574.6,53.0,53.0,43.0,43.0,10.0,10.0,75.1,75.1,-7,-184.12024311757364,STRONG_UP,UPPER_RANGE,MOMENTUM_UP,S1_LEADER,,,,,53.0,53.0,43.0,43.0,10.0,10.0,21.0,0.0,11.0,-6.0,0.0,75.1,75.1,,,,,,,84.64,-14.85,False
23,QBTS,Quantum Computing,1062.3,58.4,1.4,73.3,57.4,33.3,61.8,855.8,1426.4,1143.5,,1062.3,1840.5,-110.7,1.5,1131.6,197.04572138359327,1129.9,25.0,25.0,21.0,21.0,27.0,27.0,75.7,75.7,5,-553.4519641449572,STRONG_UP,UPPER_RANGE,NEUTRAL,S0_NEUTRAL,,,,,25.0,25.0,21.0,21.0,27.0,27.0,33.0,0.0,11.0,0.0,0.0,75.7,75.7,,,,,,,46.75,-35.53,False
24,TSM,Semiconductors,567.5,97.8,3.5,3.7,6.7,16.8,41.1,74.4,132.9,186.8,280.9,567.5,580.7,-6.0,1.2,340.2,53.25883378701416,718.8,39.0,39.0,39.0,39.0,11.44,11.44,79.24,79.24,5,-78.96148452669351,STRONG_UP,OVEREXTENDED,NEUTRAL,S0_NEUTRAL,,,,,39.0,39.0,39.0,39.0,11.44,11.44,75.0,0.0,0.0,0.0,0.0,79.24,79.24,,,,,,,430.55,-2.81,False
25,AMAT,Semiconductor Equipment & Materials,525.1,98.1,2.0,11.4,16.0,39.4,85.5,97.6,107.8,145.1,259.4,525.1,535.4,-21.2,1.6,216.9,36.899388579847674,676.4,42.0,42.0,42.0,42.0,15.89,15.89,80.64,80.64,20,35.175367073758906,STRONG_UP,OVEREXTENDED,MOMENTUM_UP,S1_LEADER,,,,,42.0,42.0,42.0,42.0,15.89,15.89,43.0,0.0,0.0,-6.0,0.0,80.64,80.64,,,,,,,462.4,-2.67,False
26,PWR,Construction & Engineering,1025.6,88.2,-2.1,1.3,14.8,30.0,48.1,81.3,115.8,229.8,556.5,1025.6,1124.7,-22.8,1.1,639.2,126.50151286202154,1176.8,22.0,22.0,23.0,23.0,8.89,8.89,81.29,81.29,-2,115.84444530362467,EARLY_DOWN,OVEREXTENDED,MOMENTUM_DOWN,S5_TRASH,,,,,22.0,22.0,23.0,23.0,8.89,8.89,62.0,0.0,0.0,25.0,0.0,81.29,81.29,,,,,,,788.72,-9.76,False
27,URI,Equipment Rental,303.4,85.1,7.1,10.5,12.0,11.0,6.8,5.8,16.1,54.4,155.4,303.4,362.9,-36.0,1.3,291.6,83.59386863415094,454.7,64.0,64.0,65.0,65.0,8.89,8.89,81.64,81.64,27,37.88574327763943,STRONG_UP,OVEREXTENDED,MOMENTUM_UP,S1_LEADER,,,,,64.0,64.0,65.0,65.0,8.89,8.89,97.0,0.0,0.0,-6.0,0.0,81.64,81.64,,,,,,,1021.47,-2.53,False
28,AAPL,Consumer Electronics,261.9,99.5,-0.4,6.5,8.0,5.5,12.3,9.1,6.2,12.3,60.1,261.9,263.4,-12.6,1.2,198.8,44.78733919539361,413.2,67.0,67.0,68.0,68.0,0.0,0.0,84.9,84.9,-14,-165.53934356327562,STRONG_UP,OVEREXTENDED,MOMENTUM_DOWN,S3_LATE_EXHAUSTION,,,,,67.0,67.0,68.0,68.0,0.0,0.0,109.0,0.0,0.0,12.0,-18.0,84.9,84.9,,,,,,,315.0,-0.93,False
29,FTNT,Cybersecurity Software,495.3,100.0,0.0,54.7,58.5,57.5,41.6,41.9,41.6,44.8,136.8,495.3,495.7,-20.2,1.4,301.5,69.1,646.6,43.0,43.0,44.0,44.0,11.44,11.44,85.14,85.14,-24,-234.74398431141563,STRONG_UP,OVEREXTENDED,MOMENTUM_DOWN,S3_LATE_EXHAUSTION,,,,,43.0,43.0,44.0,44.0,11.44,11.44,31.0,0.0,0.0,12.0,0.0,85.14,85.14,,,,,,,138.11,-0.1,True
30,ASTS,Satellite Communications,1135.1,84.2,3.3,37.2,25.0,39.9,109.1,463.9,1186.8,1232.0,,1135.1,1328.4,-128.2,1.3,659.9,84.23339579298907,1220.5,19.0,19.0,16.0,16.0,30.5,30.5,85.15,85.15,-18,-445.1178901527172,STRONG_UP,OVEREXTENDED,NEUTRAL,S0_NEUTRAL,,,,,19.0,19.0,16.0,16.0,30.5,30.5,32.0,0.0,11.0,0.0,0.0,85.15,85.15,,,,,,,133.8599,-15.28,False
31,SOXX,Semiconductor,489.0,99.3,-0.7,34.9,44.1,58.5,90.6,107.6,123.4,163.7,241.0,489.0,490.8,-6.2,1.4,167.3,27.983643186140686,640.3,45.0,45.0,46.0,46.0,11.44,11.44,85.64,85.64,0,0.0,STRONG_UP,OVEREXTENDED,NEUTRAL,S0_NEUTRAL,,,,,45.0,45.0,46.0,46.0,11.44,11.44,23.0,0.0,0.0,0.0,0.0,85.64,85.64,,,,,,,584.5,-2.64,False
32,PANW,Cybersecurity Software,352.5,100.0,0.0,55.2,59.8,48.0,36.9,32.4,36.8,81.7,184.4,352.5,352.9,-34.6,1.2,203.0,49.2,503.8,58.0,58.0,60.0,60.0,0.0,0.0,86.1,86.1,-26,-138.80880873282257,STRONG_UP,OVEREXTENDED,MOMENTUM_DOWN,S3_LATE_EXHAUSTION,,,,,58.0,58.0,60.0,60.0,0.0,0.0,34.0,0.0,0.0,12.0,0.0,86.1,86.1,,,,,,,283.71,-0.71,False
33,PL,Aerospace & Defense,1018.0,99.4,-0.6,42.3,70.4,146.3,452.7,1098.6,1284.3,1029.5,,1018.0,1005.8,-88.8,1.2,218.2,2.0990258340732746,1081.9,27.0,27.0,25.0,25.0,12.5,12.5,88.2,88.2,-10,-1.4466562291880716,STRONG_UP,OVEREXTENDED,MOMENTUM_UP,S1_LEADER,,,,,27.0,27.0,25.0,25.0,12.5,12.5,9.0,0.0,11.0,-6.0,0.0,88.2,88.2,,,,,,,51.75,-1.18,False
34,MRVL,Semiconductors,532.4,97.3,-2.7,48.0,96.9,105.8,138.5,134.7,151.3,171.7,249.1,532.4,488.2,-14.2,2.3,105.9,24.893114021726817,683.6,41.0,41.0,41.0,41.0,15.89,15.89,89.44,89.44,-4,1.493114021726818,STRONG_UP,OVEREXTENDED,NEUTRAL,S0_NEUTRAL,,,,,41.0,41.0,41.0,41.0,15.89,15.89,10.0,0.0,0.0,0.0,0.0,89.44,89.44,,,,,,,218.2599,-6.08,False
35,RKLB,Aerospace & Defense,1664.7,95.1,-4.9,90.2,86.9,114.6,198.0,885.7,1515.9,1719.4,,1664.7,1719.1,-77.2,1.3,585.9,56.05285147077323,1733.4,10.0,10.0,10.0,10.0,27.0,27.0,90.55,90.55,-14,41.73023233192104,STRONG_UP,OVEREXTENDED,MOMENTUM_DOWN,S3_LATE_EXHAUSTION,,,,,10.0,10.0,10.0,10.0,27.0,27.0,1.0,0.0,11.0,12.0,0.0,90.55,90.55,,,,,,,150.9999,-4.98,False
36,CAT,Construction Machinery,484.3,90.7,-1.3,-1.0,7.4,22.2,59.3,85.8,113.1,177.4,275.8,484.3,533.7,-5.5,1.2,260.0,42.53219172026763,635.5,46.0,46.0,47.0,47.0,4.84,4.84,91.49,91.49,1,42.12983676702487,STRONG_UP,OVEREXTENDED,MOMENTUM_DOWN,S3_LATE_EXHAUSTION,,,,,46.0,46.0,47.0,47.0,4.84,4.84,67.0,0.0,0.0,12.0,0.0,91.49,91.49,,,,,,,931.35,-5.96,False
37,WSM,Specialty Retail,311.8,77.0,5.9,3.5,-2.9,-0.9,-1.7,1.2,36.5,74.1,162.6,311.8,417.3,-40.6,1.2,388.3,115.41383311358567,463.1,62.0,62.0,63.0,63.0,6.57,6.57,91.57,91.57,4,-116.23648069125016,EARLY_UP,UPPER_RANGE,NEUTRAL,S0_NEUTRAL,,,,,62.0,62.0,63.0,63.0,6.57,6.57,174.0,0.0,0.0,0.0,0.0,91.57,91.57,,,,,,,222.0,-8.3,False
38,APH,Electronic Components,310.3,76.2,14.2,0.3,-3.5,-3.3,11.0,48.3,85.5,139.6,201.4,310.3,384.6,-16.3,1.2,273.2,50.70189945595274,461.6,63.0,63.0,64.0,64.0,5.08,5.08,94.43,94.43,72,24.950350010091093,EARLY_UP,UPPER_RANGE,MOMENTUM_UP,S2_EARLY_BREAKOUT,,,,,63.0,63.0,64.0,64.0,5.08,5.08,158.0,0.0,0.0,-4.0,0.0,94.43,94.43,,,,,,,167.04,-10.94,False
39,SNDK,Data Storage Devices,2214.1,100.0,5.8,83.4,127.0,363.3,1844.4,,,,,2214.1,2185.4,-4.5,1.5,411.5,411.5,2233.1,7.0,7.0,6.0,6.0,17.5,17.5,94.5,94.5,1,-55.292375979549945,STRONG_UP,OVEREXTENDED,MOMENTUM_UP,S1_LEADER,,,,,7.0,7.0,6.0,6.0,17.5,17.5,1.0,0.0,60.0,-6.0,0.0,94.5,94.5,,,,,,,1708.825,-0.81,False
40,CDNS,Electronic Design Automation Software,285.2,77.9,-0.5,11.7,13.7,10.4,1.9,-0.4,-9.0,9.1,55.4,285.2,367.1,-3.4,1.2,316.9,105.65140228726062,436.5,66.0,66.0,66.0,66.0,17.44,17.44,94.69,94.69,2,-227.63985747372476,STRONG_UP,UPPER_RANGE,NEUTRAL,S0_NEUTRAL,,,,,66.0,66.0,66.0,66.0,17.44,17.44,99.0,0.0,0.0,0.0,0.0,94.69,94.69,,,,,,,383.8,-2.31,False
41,IRM,Data Storage & Management,235.3,75.9,0.9,3.7,11.4,21.2,16.9,7.5,19.1,54.6,144.0,235.3,320.0,-29.9,1.2,217.2,81.05505675296267,386.5,72.0,72.0,73.0,73.0,13.33,13.33,95.13,95.13,-5,-167.06303950037807,STRONG_UP,UPPER_RANGE,MOMENTUM_DOWN,S0_NEUTRAL,,,,,72.0,72.0,73.0,73.0,13.33,13.33,82.0,0.0,0.0,0.0,0.0,95.13,95.13,,,,,,,134.09,-4.36,False
42,HWM,Aerospace & Defense,726.7,92.4,0.3,-2.1,-0.2,6.9,15.7,68.7,156.6,319.5,546.2,726.7,755.5,-54.6,1.1,560.7,89.07357233653615,860.7,32.0,32.0,32.0,32.0,5.6,5.6,95.3,95.3,-17,24.437387356703454,EARLY_DOWN,OVEREXTENDED,MOMENTUM_DOWN,S5_TRASH,,,,,32.0,32.0,32.0,32.0,5.6,5.6,130.0,0.0,0.0,25.0,0.0,95.3,95.3,,,,,,,280.74,-8.01,False
43,CIEN,Communications Equipment,1247.0,95.7,-2.9,13.8,51.2,101.9,298.7,549.3,713.4,784.2,857.5,1247.0,1306.1,-63.2,1.3,326.7,12.427958658390093,1398.3,13.0,13.0,13.0,13.0,27.33,27.33,98.58,98.58,-12,-48.021428765651706,STRONG_UP,OVEREXTENDED,MOMENTUM_DOWN,S3_LATE_EXHAUSTION,,,,,13.0,13.0,13.0,13.0,27.33,27.33,14.0,0.0,0.0,12.0,0.0,98.58,98.58,,,,,,,605.61,-4.19,False
44,STLD,Steel,389.6,99.5,1.6,17.6,24.0,34.3,55.3,62.7,64.2,110.2,278.9,389.6,392.0,-47.6,1.3,177.8,33.23706857750945,540.8,56.0,56.0,57.0,57.0,24.78,24.78,99.73,99.73,13,-18.102331074024512,STRONG_UP,OVEREXTENDED,MOMENTUM_UP,S1_LEADER,,,,,56.0,56.0,57.0,57.0,24.78,24.78,49.0,0.0,0.0,-6.0,0.0,99.73,99.73,,,,,,,263.09,-1.12,False
45,ORCL,Software,127.1,40.8,14.4,33.2,34.8,17.5,4.1,10.9,18.9,51.4,86.8,127.1,346.0,-22.8,1.8,292.2,146.5716369744838,278.4,107.0,107.0,110.0,110.0,17.78,17.78,100.58,100.58,60,117.4616641069821,STRONG_UP,MID_RANGE,MOMENTUM_UP,S1_LEADER,,,,,107.0,107.0,110.0,110.0,17.78,17.78,65.0,0.0,0.0,-6.0,0.0,100.58,100.58,,,,,,,329.5,-31.48,False
46,XLK,Technology,192.7,100.0,0.0,19.6,22.6,21.5,25.9,32.0,35.2,51.8,79.4,192.7,192.1,-3.6,1.2,101.2,20.0,344.0,84.0,84.0,85.0,85.0,4.44,4.44,101.64,101.64,0,0.0,STRONG_UP,OVEREXTENDED,MOMENTUM_UP,S1_LEADER,,,,,84.0,84.0,85.0,85.0,4.44,4.44,64.0,0.0,0.0,-6.0,0.0,101.64,101.64,,,,,,,191.63,-0.32,True
47,HOOD,Capital Markets,381.6,48.6,13.2,21.0,10.4,-9.7,-8.5,100.7,289.9,,,381.6,820.7,-60.3,1.4,871.3,257.20967223228297,443.7,65.0,65.0,58.0,58.0,12.9,12.9,103.15,103.15,124,215.47056963496067,STRONG_UP,MID_RANGE,MOMENTUM_UP,S1_LEADER,,,,,65.0,65.0,58.0,58.0,12.9,12.9,144.0,0.0,26.0,-6.0,0.0,103.15,103.15,,,,,,,153.86,-38.71,False
48,ASML,Semi-Conductors,403.1,97.2,-2.8,5.6,4.0,19.1,51.6,60.5,57.9,64.5,130.6,403.1,413.7,-5.8,1.7,210.2,38.92393615841073,554.4,55.0,55.0,56.0,56.0,22.89,22.89,103.49,103.49,-10,-156.1409338326795,STRONG_UP,OVEREXTENDED,NEUTRAL,S0_NEUTRAL,,,,,55.0,55.0,56.0,56.0,22.89,22.89,73.0,0.0,0.0,0.0,0.0,103.49,103.49,,,,,,,1654.2,-2.51,False
49,EME,Construction & Engineering,602.3,83.3,-3.5,-10.0,-2.7,7.1,17.8,41.3,96.9,250.7,414.7,602.3,717.4,-42.2,1.2,518.6,109.21050306799627,753.6,36.0,36.0,37.0,37.0,14.01,14.01,106.71,106.71,2,109.17702189533335,EARLY_DOWN,OVEREXTENDED,MOMENTUM_DOWN,S5_TRASH,,,,,36.0,36.0,37.0,37.0,14.01,14.01,142.0,0.0,0.0,25.0,0.0,106.71,106.71,,,,,,,951.95,-13.14,False
50,MS,Investment Banking & Brokerage,216.6,100.0,0.0,7.0,8.3,10.5,21.1,41.4,60.5,72.4,137.4,216.6,216.9,-20.8,1.1,132.6,19.1,367.9,80.0,80.0,81.0,81.0,8.89,8.89,107.24,107.24,-17,0.3000000000000007,STRONG_UP,OVEREXTENDED,MOMENTUM_UP,S1_LEADER,,,,,80.0,80.0,81.0,81.0,8.89,8.89,89.0,0.0,0.0,-6.0,0.0,107.24,107.24,,,,,,,208.08,-0.04,True
51,TER,Semiconductors,451.6,83.3,4.4,3.9,15.2,48.0,148.9,166.1,177.5,170.9,205.6,451.6,539.1,-50.5,2.3,139.0,14.127449319577089,602.9,51.0,51.0,52.0,52.0,27.33,27.33,110.48,110.48,-2,-87.27159645730967,EARLY_UP,OVEREXTENDED,NEUTRAL,S0_NEUTRAL,,,,,51.0,51.0,52.0,52.0,27.33,27.33,28.0,0.0,0.0,0.0,0.0,110.48,110.48,,,,,,,422.11,-11.32,False
52,TRGP,Oil & Gas Midstream,482.3,89.4,-10.2,-8.0,-0.1,17.4,26.2,31.3,70.8,165.6,436.5,482.3,551.7,-93.5,1.2,383.6,85.06222671785409,633.6,47.0,47.0,48.0,48.0,19.08,19.08,113.48,113.48,-33,34.063568261942876,EARLY_DOWN,OVEREXTENDED,MOMENTUM_DOWN,S5_TRASH,,,,,47.0,47.0,48.0,48.0,19.08,19.08,101.0,0.0,0.0,25.0,0.0,113.48,113.48,,,,,,,280.0,-8.9,False
53,FSLR,Solar Energy,163.5,67.0,19.4,39.1,37.6,23.6,39.0,32.5,23.4,57.5,109.3,163.5,269.7,-51.3,1.6,87.2,42.75042072385743,314.8,96.0,96.0,99.0,99.0,20.33,20.33,114.43,114.43,2,-109.893393014783,STRONG_UP,UPPER_RANGE,MOMENTUM_UP,S1_LEADER,,,,,96.0,96.0,99.0,99.0,20.33,20.33,46.0,0.0,0.0,-6.0,0.0,114.43,114.43,,,,,,,313.75,-2.22,False
54,GS,Investment Banking & Brokerage,210.3,98.8,3.8,4.9,5.1,9.0,19.9,45.9,81.0,106.0,169.9,210.3,212.9,-35.7,1.1,131.1,16.664333510254213,361.6,83.0,83.0,84.0,84.0,13.33,13.33,115.08,115.08,-22,-89.52383895680497,STRONG_UP,OVEREXTENDED,MOMENTUM_UP,S1_LEADER,,,,,83.0,83.0,84.0,84.0,13.33,13.33,98.0,0.0,0.0,-6.0,0.0,115.08,115.08,,,,,,,1027.22,-0.16,True
55,WDC,Data Storage Devices,1013.2,100.0,7.1,40.5,65.9,131.0,385.8,648.3,875.0,1029.5,1075.7,1013.2,1014.2,-100.9,1.6,168.8,-5.9,1164.5,23.0,23.0,26.0,26.0,45.11,45.11,116.21,116.21,18,2.4683819495579726,STRONG_UP,OVEREXTENDED,MOMENTUM_UP,S1_LEADER,,,,,23.0,23.0,26.0,26.0,45.11,45.11,11.0,0.0,0.0,-6.0,0.0,116.21,116.21,,,,,,,553.5,-4.03,False
56,COHR,N/A,580.3,86.6,-5.3,17.5,31.4,68.9,170.9,254.8,399.1,437.6,489.1,580.3,683.2,-81.6,1.6,167.5,8.060715508899115,731.5,38.0,38.0,38.0,38.0,29.22,29.22,118.32,118.32,-17,6.846328520986178,STRONG_UP,OVEREXTENDED,MOMENTUM_DOWN,S3_LATE_EXHAUSTION,,,,,38.0,38.0,38.0,38.0,29.22,29.22,20.0,0.0,0.0,12.0,0.0,118.32,118.32,,,,,,,413.0,-12.48,False
57,GOOG,Internet Content & Information,245.8,88.1,-2.6,2.7,4.5,8.3,39.0,58.6,76.4,97.3,146.5,245.8,280.7,-10.8,1.3,138.7,20.52061240717573,397.0,70.0,70.0,71.0,71.0,4.44,4.44,118.99,118.99,-10,19.923521919654984,EARLY_DOWN,OVEREXTENDED,MOMENTUM_DOWN,S5_TRASH,,,,,70.0,70.0,71.0,71.0,4.44,4.44,81.0,0.0,0.0,25.0,-8.0,118.99,118.99,,,,,,,404.44,-6.93,False
58,LITE,Communication Equipment,1213.2,79.3,-9.7,-9.3,25.5,99.0,415.1,834.2,1069.2,1011.5,988.7,1213.2,1558.0,-109.6,1.6,401.9,-1.4542792007282765,1364.5,14.0,14.0,14.0,14.0,27.73,27.73,119.28,119.28,-2,0.41950768902083335,EARLY_DOWN,UPPER_RANGE,MOMENTUM_DOWN,S5_TRASH,,,,,14.0,14.0,14.0,14.0,27.73,27.73,19.0,0.0,0.0,25.0,0.0,119.28,119.28,,,,,,,1085.6801,-21.25,False
59,GOOGL,Internet Conglomerates,246.9,88.4,-2.4,3.0,5.3,9.4,41.0,61.8,80.3,101.8,151.3,246.9,281.0,-11.4,1.3,134.2,19.047601919056728,398.1,69.0,69.0,70.0,70.0,4.44,4.44,119.29,119.29,-15,18.29595637140318,EARLY_DOWN,OVEREXTENDED,MOMENTUM_DOWN,S5_TRASH,,,,,69.0,69.0,70.0,70.0,4.44,4.44,78.0,0.0,0.0,25.0,-8.0,119.29,119.29,,,,,,,408.61,-6.92,False
60,GE,Aerospace & Defense,211.8,83.6,7.2,1.6,-4.0,-3.8,-0.0,22.5,70.5,199.4,285.5,211.8,260.3,-96.0,1.1,208.2,37.85863244474238,363.1,82.0,82.0,83.0,83.0,18.65,18.65,122.8,122.8,8,-152.95244284695383,STRONG_UP,OVEREXTENDED,MOMENTUM_UP,S1_LEADER,,,,,82.0,82.0,83.0,83.0,18.65,18.65,187.0,0.0,0.0,-6.0,0.0,122.8,122.8,,,,,,,348.48,-7.09,False
61,381180.KS,Asset Management,226.5,99.4,-0.6,37.4,46.4,59.4,96.8,119.1,153.5,224.6,,226.5,206.5,-10.3,1.6,50.0,6.796845557951555,290.4,100.0,100.0,76.0,76.0,12.5,12.5,123.6,123.6,4,-6.028080420165808,STRONG_UP,OVEREXTENDED,MOMENTUM_UP,S1_LEADER,,,,,100.0,100.0,76.0,76.0,12.5,12.5,22.0,0.0,11.0,-6.0,0.0,123.6,123.6,,,,,,,51247.0,-0.82,False
62,ON,Semiconductors,217.4,67.9,3.4,45.2,63.4,88.9,107.7,83.0,47.0,37.0,110.0,217.4,342.5,-46.0,1.8,12.7,24.029085944729317,368.7,79.0,79.0,80.0,80.0,28.14,28.14,124.39,124.39,-3,23.108091615236674,STRONG_UP,UPPER_RANGE,MOMENTUM_DOWN,S0_NEUTRAL,,,,,79.0,79.0,80.0,80.0,28.14,28.14,16.0,0.0,0.0,0.0,0.0,124.39,124.39,,,,,,,129.13,-6.59,False
63,IBKR,Capital Markets,343.4,96.9,8.9,7.9,8.7,14.1,22.0,60.2,118.7,204.0,277.9,343.4,313.6,-46.8,1.2,203.6,28.620865565957473,494.7,59.0,59.0,61.0,61.0,13.33,13.33,126.03,126.03,-17,27.858731096283623,EARLY_DOWN,OVEREXTENDED,MOMENTUM_DOWN,S5_TRASH,,,,,59.0,59.0,61.0,61.0,13.33,13.33,85.0,0.0,0.0,25.0,0.0,126.03,126.03,,,,,,,88.44,-1.66,False
64,TPL,Homebuilding,430.6,47.1,-2.1,-20.1,-17.9,-0.7,-4.8,-7.0,13.5,26.1,119.7,430.6,919.6,-5.5,1.4,1002.8,477.9548052952454,581.8,52.0,52.0,54.0,54.0,33.35,33.35,126.25,126.25,-29,-441.75849455230735,EARLY_UP,MID_RANGE,NEUTRAL,S0_NEUTRAL,,,,,52.0,52.0,54.0,54.0,33.35,33.35,326.0,4.0,0.0,0.0,0.0,126.25,126.25,,,,,,,547.2,-28.18,False
65,CRWD,Cybersecurity Software,277.7,100.0,0.0,62.9,67.0,52.9,44.8,67.8,114.0,154.7,,277.7,241.6,-38.3,1.3,112.6,21.2,369.6,77.0,77.0,67.0,67.0,30.5,30.5,126.9,126.9,-13,-76.19418258511875,STRONG_UP,OVEREXTENDED,MOMENTUM_UP,S1_LEADER,,,,,77.0,77.0,67.0,67.0,30.5,30.5,29.0,0.0,11.0,-6.0,0.0,126.9,126.9,,,,,,,731.49,-0.07,True
66,TKO,Entertainment,232.6,78.3,8.4,-4.0,-8.7,-7.8,-6.4,12.0,27.6,79.4,104.2,232.6,307.5,-34.9,1.2,292.3,67.51127373217253,383.9,73.0,73.0,74.0,74.0,18.78,18.78,126.98,126.98,31,-42.00731287986255,EARLY_UP,UPPER_RANGE,MOMENTUM_UP,S2_EARLY_BREAKOUT,,,,,73.0,73.0,74.0,74.0,18.78,18.78,249.0,4.0,0.0,-4.0,0.0,126.98,126.98,,,,,,,226.83,-9.54,False
67,ETN,Electrical Equipment,172.1,76.9,2.6,-7.5,-3.0,0.8,-2.5,-5.3,1.0,38.5,93.0,172.1,227.3,-11.6,1.2,206.2,69.73190510215123,323.4,92.0,92.0,95.0,95.0,21.86,21.86,128.36,128.36,50,69.73102940023156,EARLY_UP,UPPER_RANGE,MOMENTUM_UP,S2_EARLY_BREAKOUT,,,,,92.0,92.0,95.0,95.0,21.86,21.86,196.0,0.0,0.0,-4.0,0.0,128.36,128.36,,,,,,,435.43,-8.0,False
68,PLTR,Software,674.3,64.6,9.4,-2.5,-0.9,-11.1,-12.4,124.9,349.3,664.0,,674.3,1018.1,-71.2,1.2,1054.4,247.04397521601553,745.7,37.0,37.0,33.0,33.0,34.0,34.0,131.3,131.3,48,-661.5660839485835,EARLY_UP,UPPER_RANGE,MOMENTUM_UP,S2_EARLY_BREAKOUT,,,,,37.0,37.0,33.0,33.0,34.0,34.0,243.0,18.0,11.0,-4.0,0.0,131.3,131.3,,,,,,,207.52,-24.57,False
69,ADI,Semiconductors,157.2,87.8,6.9,6.4,10.6,27.8,43.4,49.6,52.9,66.9,89.9,157.2,180.5,-7.8,1.8,57.6,9.787116647759026,308.5,98.0,98.0,102.0,102.0,4.44,4.44,131.64,131.64,3,9.787116617567037,STRONG_UP,OVEREXTENDED,MOMENTUM_DOWN,S3_LATE_EXHAUSTION,,,,,98.0,98.0,102.0,102.0,4.44,4.44,68.0,0.0,0.0,12.0,0.0,131.64,131.64,,,,,,,435.72,-5.02,False
70,FCX,Copper Mining,138.2,68.0,6.6,1.6,-2.7,13.6,26.0,21.6,14.1,5.2,90.4,138.2,208.6,-56.5,1.6,86.6,32.05392770188243,289.5,101.0,101.0,104.0,104.0,28.94,28.94,136.29,136.29,38,31.269043379729197,STRONG_UP,UPPER_RANGE,MOMENTUM_UP,S1_LEADER,,,,,101.0,101.0,104.0,104.0,28.94,28.94,100.0,0.0,0.0,-6.0,0.0,136.29,136.29,,,,,,,70.965,-7.41,False
71,AMZN,Internet Retail,52.1,44.4,0.6,4.5,7.8,5.9,4.8,2.9,8.6,10.0,-2.3,52.1,152.6,-27.7,1.2,85.9,48.716579401732666,203.4,149.0,149.0,154.0,154.0,20.89,20.89,137.49,137.49,11,-41.72292239812206,STRONG_UP,MID_RANGE,MOMENTUM_DOWN,S0_NEUTRAL,,,,,149.0,149.0,154.0,154.0,20.89,20.89,125.0,0.0,0.0,0.0,-18.0,137.49,137.49,,,,,,,278.56,-2.84,False
72,CASY,Retail Specialty Group,218.4,76.5,-11.6,-12.3,-1.4,12.1,21.7,42.8,69.0,117.6,151.2,218.4,297.0,-38.6,1.1,177.9,32.23980896864886,369.6,77.0,77.0,79.0,79.0,10.23,10.23,137.63,137.63,-11,32.215524014062524,EARLY_DOWN,UPPER_RANGE,MOMENTUM_DOWN,S5_TRASH,,,,,77.0,77.0,79.0,79.0,10.23,10.23,127.0,0.0,0.0,25.0,0.0,137.63,137.63,,,,,,,901.0,-14.86,False
73,TPR,Luxury Goods,242.3,80.7,4.8,-8.9,-7.3,2.3,20.1,90.7,147.7,191.1,300.1,242.3,323.5,-95.4,1.1,201.5,19.256734257021755,393.6,71.0,71.0,72.0,72.0,29.82,29.82,140.72,140.72,-15,-105.98205418779628,EARLY_UP,OVEREXTENDED,MOMENTUM_UP,S0_NEUTRAL,,,,,71.0,71.0,72.0,72.0,29.82,29.82,153.0,4.0,0.0,0.0,0.0,140.72,140.72,,,,,,,161.97,-10.19,False
74,NTAP,Diversified Technology,119.0,100.0,40.3,52.9,60.8,54.7,52.9,41.6,50.0,60.9,84.7,119.0,119.5,-39.4,1.6,8.5,7.2,270.3,112.0,112.0,114.0,114.0,29.22,29.22,142.17,142.17,26,-59.03179492326599,STRONG_UP,OVEREXTENDED,MOMENTUM_UP,S1_LEADER,,,,,112.0,112.0,114.0,114.0,29.22,29.22,25.0,0.0,0.0,-6.0,0.0,142.17,142.17,,,,,,,192.83,-9.61,False
75,ARES,Asset Management,253.4,40.5,1.9,4.5,-2.5,-13.7,-28.5,-39.6,-41.0,-22.5,34.9,253.4,631.0,-8.6,1.3,996.9,635.715959116456,404.7,68.0,68.0,69.0,69.0,39.44,39.44,145.14,145.14,38,-513.3637345040137,STRONG_UP,MID_RANGE,MOMENTUM_UP,S1_LEADER,,,,,68.0,68.0,69.0,69.0,39.44,39.44,320.0,18.0,0.0,-6.0,0.0,145.14,145.14,,,,,,,186.85,-31.23,False
76,GLW,Electronic Components,477.8,82.9,-8.4,10.8,24.8,57.3,124.2,218.4,307.8,352.6,410.6,477.8,588.8,-58.2,1.2,166.0,4.773268866291833,629.0,48.0,48.0,49.0,49.0,36.22,36.22,146.12,146.12,-14,1.856034208593079,EARLY_DOWN,OVEREXTENDED,MOMENTUM_DOWN,S5_TRASH,,,,,48.0,48.0,49.0,49.0,36.22,36.22,26.0,0.0,0.0,25.0,0.0,146.12,146.12,,,,,,,211.79,-14.46,False
77,BK,Asset Servicing,110.7,92.0,-1.6,-0.5,3.2,8.3,17.3,41.9,76.8,103.6,126.0,110.7,125.6,-53.4,1.1,64.7,4.579455969091151,262.0,115.0,115.0,117.0,117.0,14.1,14.1,146.7,146.7,-27,-36.41657350884807,STRONG_UP,OVEREXTENDED,NEUTRAL,S0_NEUTRAL,,,,,115.0,115.0,117.0,117.0,14.1,14.1,117.0,0.0,0.0,0.0,0.0,146.7,146.7,,,,,,,141.65,-1.57,False
78,HLT,Lodging,92.3,77.7,2.3,-5.6,-3.9,1.2,2.7,5.3,13.1,28.1,46.4,92.3,125.4,-21.3,1.2,101.4,27.79071858025811,243.6,125.0,125.0,128.0,128.0,11.57,11.57,148.32,148.32,-18,-57.070153471263104,EARLY_UP,UPPER_RANGE,NEUTRAL,S0_NEUTRAL,,,,,125.0,125.0,128.0,128.0,11.57,11.57,180.0,0.0,0.0,0.0,0.0,148.32,148.32,,,,,,,344.75,-4.96,False
79,VST,Independent Power Producers,470.8,61.5,1.6,-6.6,-9.8,-13.7,-22.4,-5.2,100.2,302.8,394.6,470.8,796.7,-76.3,1.3,911.9,304.5549118968993,606.6,49.0,49.0,50.0,50.0,29.0,29.0,149.15,149.15,30,-486.04374401188545,EARLY_UP,UPPER_RANGE,NEUTRAL,S0_NEUTRAL,,,,,49.0,49.0,50.0,50.0,29.0,29.0,382.0,22.0,0.0,0.0,0.0,149.15,149.15,,,,,,,219.82,-27.11,False
80,DECK,Footwear & Accessories,183.9,28.0,3.1,2.6,-5.4,2.5,-6.9,-34.6,-43.3,-25.1,8.5,183.9,734.1,-30.0,1.4,771.6,947.6701247854145,335.1,88.0,88.0,91.0,91.0,63.89,63.89,150.09,150.09,31,-413.9607091612314,EARLY_UP,MID_RANGE,NEUTRAL,S0_NEUTRAL,,,,,88.0,88.0,91.0,91.0,63.89,63.89,192.0,4.0,0.0,0.0,0.0,150.09,150.09,,,,,,,122.2899,-6.9,False
81,GWW,Industrial Distribution,154.7,71.7,-3.0,-0.8,0.3,6.8,3.2,-4.4,-6.4,24.0,73.4,154.7,230.8,-40.3,1.2,190.2,74.44702105846994,305.9,99.0,99.0,103.0,103.0,19.44,19.44,150.54,150.54,-17,74.26920136731663,EARLY_DOWN,UPPER_RANGE,MOMENTUM_DOWN,S5_TRASH,,,,,99.0,99.0,103.0,103.0,19.44,19.44,147.0,0.0,0.0,25.0,0.0,150.54,150.54,,,,,,,1286.0,-4.02,False
82,MPC,Oil & Gas Refining & Marketing,192.7,82.3,-4.3,-7.0,8.5,15.7,21.5,22.4,17.6,67.7,170.0,192.7,251.1,-77.8,1.4,140.4,37.765295189094445,343.9,85.0,85.0,85.0,85.0,26.5,26.5,151.8,151.8,-15,34.76186152526315,EARLY_DOWN,OVEREXTENDED,MOMENTUM_DOWN,S5_TRASH,,,,,85.0,85.0,85.0,85.0,26.5,26.5,93.0,0.0,0.0,25.0,0.0,151.8,151.8,,,,,,,264.14,-5.82,False
83,BNB-USD,Cryptocurrency,2277.4,40.6,0.7,-0.6,-6.2,-19.6,-25.2,-24.6,5.3,2.4,752.3,2277.4,5605.5,-25.2,1.3,6882.8,3564.57929716399,2393.6,4.0,4.0,4.0,4.0,26.0,26.0,153.85,153.85,-2,-125.82070283601024,EARLY_DOWN,MID_RANGE,MOMENTUM_DOWN,S5_TRASH,,,,,4.0,4.0,4.0,4.0,26.0,26.0,377.0,40.0,0.0,25.0,0.0,153.85,153.85,,,,,,,1370.546,-50.84,False
84,315960.KS,Dividend,434.5,100.0,4.0,46.8,51.3,94.6,194.6,275.0,313.9,367.6,426.3,434.5,396.8,-74.4,1.6,41.2,-6.6,533.5,57.0,57.0,53.0,53.0,45.67,45.67,154.02,154.02,2,12.418421314572365,STRONG_UP,OVEREXTENDED,MOMENTUM_DOWN,S3_LATE_EXHAUSTION,,,,,57.0,57.0,53.0,53.0,45.67,45.67,12.0,0.0,0.0,12.0,0.0,154.02,154.02,,,,,,,96980.0,-0.15,True
85,^IRX,Government Bonds,2665.0,47.5,-0.1,-10.3,-9.8,-11.2,-22.9,-40.5,-61.5,3615.1,3800.6,2665.0,5789.1,-166.0,1.1,6643.2,4016.1880370491267,2816.3,3.0,3.0,3.0,3.0,74.78,74.78,156.08,156.08,0,0.0,EARLY_UP,MID_RANGE,MOMENTUM_UP,S2_EARLY_BREAKOUT,,,,,3.0,3.0,3.0,3.0,74.78,74.78,389.0,22.0,0.0,-4.0,0.0,156.08,156.08,,,,,,,3.898,-7.95,False
86,MSTR,Enterprise Software,415.5,22.5,-0.4,-0.5,2.1,-9.8,-42.0,-46.7,28.1,133.1,296.3,415.5,2076.0,-66.6,1.6,4302.0,3257.000005549401,566.8,54.0,54.0,55.0,55.0,36.88,36.88,156.43,156.43,-11,3195.52176757852,EARLY_DOWN,MID_RANGE,MOMENTUM_DOWN,S5_TRASH,,,,,54.0,54.0,55.0,55.0,36.88,36.88,365.0,10.0,0.0,25.0,0.0,156.43,156.43,,,,,,,365.21,-56.44,False
87,RL,Apparel Manufacturing,123.3,82.7,-4.3,-6.3,-6.1,-4.8,3.3,29.6,64.0,111.7,140.0,123.3,164.2,-70.2,1.1,122.4,15.513914587758354,274.0,110.0,110.0,112.0,112.0,19.73,19.73,159.83,159.83,-24,-66.43542626238376,EARLY_UP,OVEREXTENDED,NEUTRAL,S0_NEUTRAL,,,,,110.0,110.0,112.0,112.0,19.73,19.73,202.0,4.0,0.0,0.0,0.0,159.83,159.83,13953954490.43,13.954,460.0,other,equity,data_raw,393.41,-5.75,False
88,QQQ,Asset Management,87.8,100.0,0.3,7.7,9.1,8.7,10.5,13.9,16.3,24.3,35.7,87.8,87.8,-4.6,1.2,53.8,10.6,239.1,127.0,127.0,131.0,131.0,15.89,15.89,161.09,161.09,-11,-48.98964835238213,STRONG_UP,OVEREXTENDED,MOMENTUM_DOWN,S3_LATE_EXHAUSTION,,,,,127.0,127.0,131.0,131.0,15.89,15.89,103.0,0.0,0.0,12.0,0.0,161.09,161.09,,,,,,,741.63,-0.45,True
89,ODFL,Trucking,112.8,46.1,7.4,0.9,5.9,22.3,23.9,4.9,-15.3,-24.7,-1.7,112.8,254.8,-15.5,1.6,127.8,119.39748210514486,264.1,113.0,113.0,115.0,115.0,66.79,66.79,164.04,164.04,12,-113.24192212231424,EARLY_UP,MID_RANGE,MOMENTUM_UP,S2_EARLY_BREAKOUT,,,,,113.0,113.0,115.0,115.0,66.79,66.79,84.0,0.0,0.0,-4.0,0.0,164.04,164.04,,,,,,,233.79,-3.7,False
90,MAR,Lodging,51.2,85.9,1.8,-0.1,2.7,9.9,15.4,15.9,16.2,32.8,46.5,51.2,68.0,-49.0,1.3,22.7,5.5365595960552065,202.4,150.0,150.0,155.0,155.0,15.07,15.07,165.57,165.57,-19,-14.246476098556343,STRONG_UP,OVEREXTENDED,NEUTRAL,S0_NEUTRAL,,,,,150.0,150.0,155.0,155.0,15.07,15.07,118.0,0.0,0.0,0.0,0.0,165.57,165.57,,,,,,,388.37,-3.29,False
91,BAESY,Aerospace & Defense,132.6,70.0,2.3,-16.4,-14.4,-4.8,-8.3,11.9,22.4,75.6,128.2,132.6,218.5,-65.9,1.2,200.8,44.741964150957905,283.9,102.0,102.0,105.0,105.0,27.88,27.88,168.18,168.18,4,-107.2449386672161,EARLY_UP,UPPER_RANGE,MOMENTUM_UP,S2_EARLY_BREAKOUT,,,,,102.0,102.0,105.0,105.0,27.88,27.88,330.0,4.0,0.0,-4.0,0.0,168.18,168.18,,,,,,,126.0,-13.25,False
92,APO,Asset Management,171.2,41.3,-0.7,-2.5,-1.5,-6.9,-16.7,-27.0,-23.2,2.9,35.5,171.2,428.2,-9.1,1.3,574.1,360.9586775409096,322.5,93.0,93.0,96.0,96.0,36.44,36.44,170.14,170.14,-13,360.95701010024794,EARLY_DOWN,MID_RANGE,MOMENTUM_DOWN,S5_TRASH,,,,,93.0,93.0,96.0,96.0,36.44,36.44,247.0,10.0,0.0,25.0,0.0,170.14,170.14,,,,,,,153.29,-16.03,False
93,GRMN,Scientific & Technical Instruments,105.6,62.0,-7.7,-12.7,-8.5,-2.5,-7.0,-6.0,12.1,25.0,30.9,105.6,174.5,-6.4,1.2,198.8,65.69302687883412,256.8,117.0,117.0,119.0,119.0,33.4,33.4,170.2,170.2,-24,-92.04894776250977,EARLY_UP,UPPER_RANGE,NEUTRAL,S0_NEUTRAL,,,,,117.0,117.0,119.0,119.0,33.4,33.4,261.0,4.0,0.0,0.0,0.0,170.2,170.2,,,,,,,273.24,-14.39,False
94,AMCR,Packaging & Containers,227.7,68.0,0.3,-11.1,-18.2,146.1,224.9,244.8,256.8,234.2,230.9,227.7,398.6,-134.7,3.2,16.6,-36.86242241315103,379.0,74.0,74.0,75.0,75.0,52.71,52.71,170.66,170.66,36,4963.137577586849,EARLY_UP,UPPER_RANGE,NEUTRAL,S0_NEUTRAL,,,,,74.0,74.0,75.0,75.0,52.71,52.71,27.0,4.0,0.0,0.0,0.0,170.66,170.66,,,,,,,50.94,-23.79,False
95,WMB,Oil & Gas Midstream,158.7,79.4,-16.2,-13.3,-10.0,-0.2,2.0,17.8,43.0,90.2,150.6,158.7,215.4,-57.9,1.1,173.6,35.027095539153486,310.0,97.0,97.0,101.0,101.0,15.96,15.96,170.71,170.71,-52,11.618162392739542,EARLY_DOWN,UPPER_RANGE,MOMENTUM_DOWN,S5_TRASH,,,,,97.0,97.0,101.0,101.0,15.96,15.96,222.0,4.0,0.0,25.0,0.0,170.71,170.71,,,,,,,80.08,-10.85,False
96,CMI,Industrial Machinery,166.1,79.5,0.4,-2.3,-0.4,10.2,36.3,57.9,80.8,104.6,124.6,166.1,218.1,-35.6,1.2,94.1,9.917914736114316,317.3,95.0,95.0,98.0,98.0,30.28,30.28,171.33,171.33,-4,9.917908644217107,EARLY_DOWN,UPPER_RANGE,MOMENTUM_DOWN,S5_TRASH,,,,,95.0,95.0,98.0,98.0,30.28,30.28,92.0,0.0,0.0,25.0,0.0,171.33,171.33,,,,,,,718.08,-9.95,False
97,TT,Building Products,212.6,72.9,-1.1,-11.1,-9.2,-6.3,-10.8,-8.4,8.4,41.9,86.9,212.6,294.6,-7.0,1.2,306.3,97.04460470233073,363.9,81.0,81.0,82.0,82.0,17.66,17.66,171.66,171.66,-8,78.37473873705937,STRONG_DOWN,UPPER_RANGE,MOMENTUM_DOWN,S5_TRASH,,,,,81.0,81.0,82.0,82.0,17.66,17.66,301.0,14.0,0.0,25.0,0.0,171.66,171.66,,,,,,,503.47,-10.36,False
98,KEYS,Electronic Test & Measurement,182.6,81.8,-5.9,-3.8,9.8,32.6,58.0,71.4,66.0,44.7,50.1,182.6,226.7,-14.6,2.9,61.2,7.045771905209845,333.9,89.0,89.0,92.0,92.0,36.28,36.28,172.73,172.73,-8,7.01293104130751,EARLY_DOWN,OVEREXTENDED,MOMENTUM_DOWN,S5_TRASH,,,,,89.0,89.0,92.0,92.0,36.28,36.28,60.0,0.0,0.0,25.0,0.0,172.73,172.73,,,,,,,370.175,-8.6,False
99,IBM,IT Consulting & Other Services,26.9,71.8,25.8,17.3,10.0,0.9,-1.7,8.5,21.7,44.0,52.9,26.9,67.4,-74.9,1.2,42.5,7.817616444118538,178.2,173.0,173.0,180.0,180.0,18.6,18.6,174.35,174.35,68,-35.02015716789845,EARLY_UP,UPPER_RANGE,MOMENTUM_UP,S2_EARLY_BREAKOUT,,,,,173.0,173.0,180.0,180.0,18.6,18.6,122.0,0.0,0.0,-4.0,0.0,174.35,174.35,,,,,,,324.9,-8.34,False
100,C,Diversified Banks,78.7,79.5,-0.9,-6.2,-2.1,2.2,13.9,35.2,65.2,82.5,85.3,78.7,114.7,-58.5,1.2,53.2,0.8963479630658375,230.0,132.0,132.0,138.0,138.0,30.66,30.66,174.36,174.36,2,-18.28856432211948,EARLY_UP,UPPER_RANGE,MOMENTUM_UP,S2_EARLY_BREAKOUT,,,,,132.0,132.0,138.0,138.0,30.66,30.66,148.0,0.0,0.0,-4.0,0.0,174.36,174.36,,,,,,,135.28,-6.93,False
101,MSFT,Software,84.7,45.3,9.3,5.3,2.7,-7.1,-17.9,-22.4,-29.7,-28.5,-18.4,84.7,201.5,-12.1,1.4,287.5,174.91098899109153,235.9,128.0,128.0,133.0,133.0,50.92,50.92,175.07,175.07,35,139.53409080258388,STRONG_UP,MID_RANGE,MOMENTUM_UP,S1_LEADER,,,,,128.0,128.0,133.0,133.0,50.92,50.92,213.0,10.0,0.0,-6.0,0.0,175.07,175.07,,,,,,,553.72,-18.69,False
102,TDG,Aerospace & Defense,188.2,57.1,3.3,-2.1,-9.7,-12.7,-21.5,-23.9,-14.0,26.1,53.5,188.2,343.7,-21.8,1.2,448.3,195.92956696574004,339.5,87.0,87.0,88.0,88.0,40.89,40.89,175.14,175.14,12,-296.37906462361894,STRONG_UP,UPPER_RANGE,MOMENTUM_UP,S1_LEADER,,,,,87.0,87.0,88.0,88.0,40.89,40.89,354.0,22.0,0.0,-6.0,0.0,175.14,175.14,,,,,,,1463.03,-13.99,False
103,TXN,Semiconductors,97.7,86.5,-13.5,22.0,27.6,48.0,49.1,42.1,39.1,31.1,40.5,97.7,121.7,-54.4,2.1,4.4,3.1121637550055543,248.9,122.0,122.0,125.0,125.0,34.86,34.86,175.46,175.46,-16,1.445009503594232,STRONG_UP,OVEREXTENDED,MOMENTUM_DOWN,S3_LATE_EXHAUSTION,,,,,122.0,122.0,125.0,125.0,34.86,34.86,44.0,0.0,0.0,12.0,0.0,175.46,175.46,,,,,,,331.51,-7.79,False
104,NUE,Steel,131.4,82.8,10.8,17.0,24.1,34.3,51.3,46.5,26.5,27.1,106.8,131.4,169.7,-51.6,1.6,23.4,9.5696963505897,282.7,104.0,104.0,107.0,107.0,65.75,65.75,176.95,176.95,19,3.844645404853332,STRONG_UP,OVEREXTENDED,MOMENTUM_UP,S1_LEADER,,,,,104.0,104.0,107.0,107.0,65.75,65.75,52.0,0.0,0.0,-6.0,0.0,176.95,176.95,,,,,,,251.39,-0.55,False
105,BTC-USD,Cryptocurrency,1846.2,52.3,-3.0,-9.4,-8.5,-18.9,-35.8,-35.8,-12.5,12.6,129.9,1846.2,3326.6,-9.6,1.2,4718.9,2055.6754054610506,1997.5,8.0,8.0,8.0,8.0,36.44,36.44,178.44,178.44,-17,2006.6166038146341,EARLY_DOWN,UPPER_RANGE,MOMENTUM_DOWN,S5_TRASH,,,,,8.0,8.0,8.0,8.0,36.44,36.44,444.0,40.0,0.0,25.0,0.0,178.44,178.44,,,,,,,126198.0703,-41.74,False
106,LYV,Entertainment,41.2,46.0,1.0,-1.8,-0.9,3.2,-2.7,5.0,10.2,3.6,5.6,41.2,117.4,-22.9,1.3,102.8,36.86756187180124,192.5,157.0,157.0,164.0,164.0,31.01,31.01,178.66,178.66,-3,36.805148316429914,STRONG_UP,MID_RANGE,MOMENTUM_DOWN,S0_NEUTRAL,,,,,157.0,157.0,164.0,164.0,31.01,31.01,170.0,0.0,0.0,0.0,0.0,178.66,178.66,,,,,,,173.05,-2.68,False
107,VLO,Oil & Gas Refining & Marketing,111.4,77.8,-2.7,-9.4,4.5,17.2,36.4,40.6,36.9,62.9,108.1,111.4,167.2,-81.9,1.4,43.8,6.321538734797485,262.7,114.0,114.0,116.0,116.0,26.19,26.19,178.89,178.89,-37,3.5401757060067727,EARLY_DOWN,UPPER_RANGE,MOMENTUM_DOWN,S5_TRASH,,,,,114.0,114.0,116.0,116.0,26.19,26.19,86.0,0.0,0.0,25.0,0.0,178.89,178.89,,,,,,,263.75,-7.18,False
108,AXON,Public Safety Technology,455.0,37.8,7.5,-1.5,-11.7,-22.3,-40.4,-33.7,-14.6,34.1,105.5,455.0,1246.3,-25.7,1.4,2099.8,1163.0839775370273,606.3,50.0,50.0,51.0,51.0,25.0,25.0,179.1,179.1,31,682.0879546846245,STRONG_UP,MID_RANGE,MOMENTUM_UP,S1_LEADER,,,,,50.0,50.0,51.0,51.0,25.0,25.0,458.0,58.0,0.0,-6.0,0.0,179.1,179.1,,,,,,,792.16,-43.35,False
109,CBOE,Financial Data & Stock Exchanges,82.8,78.5,-15.1,0.5,5.0,12.8,16.1,26.5,33.9,63.0,76.3,82.8,121.0,-55.4,1.2,50.8,7.523638576593059,234.1,130.0,130.0,136.0,136.0,17.78,17.78,179.88,179.88,-35,7.520653033280245,EARLY_DOWN,UPPER_RANGE,MOMENTUM_DOWN,S5_TRASH,,,,,130.0,130.0,136.0,136.0,17.78,17.78,104.0,0.0,0.0,25.0,0.0,179.88,179.88,,,,,,,371.18,-10.14,False
110,WAB,Rail Equipment,46.8,75.6,1.4,-9.4,-6.2,2.7,6.2,8.9,24.4,55.8,79.9,46.8,82.8,-63.6,1.2,40.3,9.162296310822406,198.0,153.0,153.0,159.0,159.0,20.19,20.19,183.59,183.59,10,4.860390145165259,STRONG_DOWN,UPPER_RANGE,MOMENTUM_UP,S0_NEUTRAL,,,,,153.0,153.0,159.0,159.0,20.19,20.19,185.0,4.0,0.0,0.0,0.0,183.59,183.59,,,,,,,275.82,-5.32,False
111,SATS,Communication,221.0,87.8,3.5,-4.2,-0.5,18.9,152.6,296.3,420.1,412.4,342.1,221.0,272.6,-145.8,1.6,44.0,-23.87140989365387,372.3,76.0,76.0,78.0,78.0,45.71,45.71,184.66,184.66,-33,-21.978395967565582,EARLY_DOWN,OVEREXTENDED,MOMENTUM_DOWN,S5_TRASH,,,,,76.0,76.0,78.0,78.0,45.71,45.71,41.0,0.0,0.0,25.0,0.0,184.66,184.66,,,,,,,147.252,-12.27,False
112,HPE,Hardware & Equipment,128.4,100.0,0.0,54.8,72.6,73.5,85.3,94.2,102.8,120.8,144.3,128.4,126.3,-67.1,1.6,-26.0,-6.8,279.6,106.0,106.0,109.0,109.0,29.22,29.22,184.67,184.67,14,0.0,STRONG_UP,OVEREXTENDED,MOMENTUM_UP,S1_LEADER,,,,,106.0,106.0,109.0,109.0,29.22,29.22,17.0,0.0,0.0,-6.0,0.0,184.67,184.67,,,,,,,44.575,-3.44,False
113,JCI,Building Products,130.1,73.6,-7.1,-14.2,-10.7,-4.4,1.2,22.4,37.4,44.8,86.3,130.1,189.0,-32.8,1.1,147.9,26.114767182646645,281.4,105.0,105.0,108.0,108.0,23.14,23.14,188.69,188.69,-6,26.10749761306445,STRONG_DOWN,UPPER_RANGE,MOMENTUM_DOWN,S5_TRASH,,,,,105.0,105.0,108.0,108.0,23.14,23.14,246.0,4.0,0.0,25.0,0.0,188.69,188.69,,,,,,,147.32,-9.0,False
114,MSCI,Financial Index & Analytics,73.6,27.6,6.3,2.2,0.1,0.4,-3.4,-9.4,-20.5,-36.3,-35.3,73.6,285.4,-7.2,1.3,272.4,237.98760395137225,224.9,136.0,136.0,142.0,142.0,81.68,81.68,189.73,189.73,43,-191.45171022378946,STRONG_UP,MID_RANGE,MOMENTUM_UP,S1_LEADER,,,,,136.0,136.0,142.0,142.0,81.68,81.68,167.0,0.0,0.0,-6.0,0.0,189.73,189.73,,,,,,,640.27,-1.39,False
115,ROK,Industrial Machinery,34.4,65.2,-4.2,6.3,2.7,4.5,11.0,21.1,11.5,5.1,11.7,34.4,70.8,-33.7,1.6,12.5,-1.179550285704529,185.6,163.0,163.0,171.0,171.0,27.5,27.5,190.25,190.25,16,-1.1795502295965217,STRONG_UP,UPPER_RANGE,MOMENTUM_DOWN,S0_NEUTRAL,,,,,163.0,163.0,171.0,171.0,27.5,27.5,124.0,0.0,0.0,0.0,0.0,190.25,190.25,,,,,,,463.485,-2.68,False
116,KTOS,Aerospace & Defense,223.9,35.2,6.7,-11.2,-26.3,-28.0,-11.8,56.5,109.9,148.5,124.6,223.9,761.1,-66.8,1.5,777.9,180.62581073095683,375.1,75.0,75.0,77.0,77.0,27.33,27.33,191.78,191.78,21,-315.1603932474857,EARLY_UP,MID_RANGE,MOMENTUM_UP,S2_EARLY_BREAKOUT,,,,,75.0,75.0,77.0,77.0,27.33,27.33,468.0,40.0,0.0,-4.0,0.0,191.78,191.78,,,,,,,134.0,-52.14,False
117,FICO,Financial Technology,169.1,25.0,0.0,9.0,-6.8,-20.1,-32.7,-47.5,-46.2,-1.8,16.5,169.1,694.1,-6.1,1.4,1360.5,1208.9,320.4,94.0,94.0,97.0,97.0,43.89,43.89,195.54,195.54,-13,-472.8438822713399,STRONG_UP,MID_RANGE,NEUTRAL,S0_NEUTRAL,,,,,94.0,94.0,97.0,97.0,43.89,43.89,387.0,40.0,0.0,0.0,0.0,195.54,195.54,,,,,,,1998.01,-37.41,False
118,QCOM,Semiconductors,77.2,74.1,7.1,59.2,60.8,49.8,47.4,32.9,32.7,21.0,26.8,77.2,125.7,-59.8,1.8,-11.1,7.922630573786045,228.5,134.0,134.0,140.0,140.0,35.7,35.7,198.1,198.1,37,-4.790242624554703,STRONG_UP,UPPER_RANGE,MOMENTUM_UP,S1_LEADER,,,,,134.0,134.0,140.0,140.0,35.7,35.7,30.0,0.0,0.0,-6.0,0.0,198.1,198.1,,,,,,,259.92,-3.42,False
119,CAH,Healthcare Distribution,132.3,70.1,-3.6,-13.4,-17.2,-15.3,-5.9,16.4,26.1,93.1,139.1,132.3,224.4,-81.7,1.1,187.9,36.513442331366214,283.6,103.0,103.0,106.0,106.0,27.73,27.73,198.28,198.28,-25,-105.16656053366856,EARLY_UP,UPPER_RANGE,NEUTRAL,S0_NEUTRAL,,,,,103.0,103.0,106.0,106.0,27.73,27.73,376.0,20.0,0.0,0.0,0.0,198.28,198.28,,,,,,,233.6,-15.75,False
120,PH,Diversified Machinery,174.3,63.8,-4.6,-15.8,-18.9,-14.4,-7.7,0.3,13.7,55.7,105.8,174.3,289.7,-29.7,1.1,290.8,85.9965739211317,325.6,91.0,91.0,94.0,94.0,19.34,19.34,200.24,200.24,-36,9.796573921131696,STRONG_DOWN,UPPER_RANGE,NEUTRAL,S5_TRASH,,,,,91.0,91.0,94.0,94.0,19.34,19.34,399.0,20.0,0.0,25.0,0.0,200.24,200.24,,,,,,,1034.96,-18.39,False
121,CF,Fertilizers & Agricultural Chemicals,67.5,44.7,-10.8,-20.5,-6.2,10.5,10.7,11.8,5.4,0.1,39.5,67.5,221.2,-55.7,1.7,96.8,37.73046137866855,218.8,140.0,140.0,145.0,145.0,34.9,34.9,203.65,203.65,-38,37.729592549708585,STRONG_DOWN,MID_RANGE,MOMENTUM_DOWN,S5_TRASH,,,,,140.0,140.0,145.0,145.0,34.9,34.9,171.0,4.0,0.0,25.0,0.0,203.65,203.65,,,,,,,141.96,-20.86,False
122,NOW,Software,19.1,18.9,11.1,17.7,9.4,-10.2,-32.5,-47.9,-56.2,-62.4,-70.7,19.1,347.6,-56.8,1.7,757.4,929.7884811969811,170.3,179.0,179.0,185.0,185.0,60.77,60.77,205.57,205.57,149,-2734.564956965024,STRONG_UP,LOWER,MOMENTUM_UP,S0_NEUTRAL,,,,,179.0,179.0,185.0,185.0,60.77,60.77,209.0,18.0,0.0,0.0,0.0,205.57,205.57,,,,,,,194.726,-36.13,False
123,GEV,Electrical Equipment,184.2,65.3,-11.0,-10.6,0.9,21.7,40.3,153.8,,,,184.2,230.7,-7.2,1.3,162.7,34.41150866739503,212.4,141.0,141.0,90.0,90.0,19.5,19.5,206.0,206.0,-11,30.454328604957546,EARLY_DOWN,UPPER_RANGE,MOMENTUM_DOWN,S5_TRASH,,,,,141.0,141.0,90.0,90.0,19.5,19.5,83.0,0.0,47.0,25.0,0.0,206.0,206.0,,,,,,,1181.95,-18.07,False
124,WELL,Healthcare REITs,75.1,75.3,-12.2,-10.9,-8.1,-5.7,-0.7,16.3,37.9,59.9,73.8,75.1,117.6,-51.9,1.1,91.4,12.626256215618236,226.4,135.0,135.0,141.0,141.0,22.82,22.82,207.97,207.97,-48,2.766016632632372,EARLY_DOWN,UPPER_RANGE,MOMENTUM_DOWN,S5_TRASH,,,,,135.0,135.0,141.0,141.0,22.82,22.82,238.0,4.0,0.0,25.0,0.0,207.97,207.97,,,,,,,221.68,-7.38,False
125,SHOP,E-commerce Software,494.4,32.8,6.1,-13.6,-14.5,-24.3,-23.9,-7.9,-1.7,5.3,-6.2,494.4,1544.3,-16.5,1.3,1898.6,1001.9120056669633,645.6,44.0,44.0,45.0,45.0,59.35,59.35,212.85,212.85,26,-939.1742011303263,EARLY_UP,MID_RANGE,MOMENTUM_UP,S2_EARLY_BREAKOUT,,,,,44.0,44.0,45.0,45.0,59.35,59.35,456.0,58.0,0.0,-4.0,0.0,212.85,212.85,,,,,,,182.19,-34.84,False
126,EBAY,Internet Retail,53.4,78.9,-14.0,1.3,5.9,12.1,13.9,35.2,57.3,51.8,49.9,53.4,85.0,-62.2,1.4,25.6,-2.340587907428818,204.7,147.0,147.0,152.0,152.0,36.22,36.22,213.17,213.17,-30,-2.0579944800935888,EARLY_DOWN,UPPER_RANGE,MOMENTUM_DOWN,S5_TRASH,,,,,147.0,147.0,152.0,152.0,36.22,36.22,106.0,0.0,0.0,25.0,0.0,213.17,213.17,,,,,,,119.31,-8.42,False
127,TJX,Apparel Retail,29.6,59.7,-8.6,-13.1,-11.7,-9.5,-7.3,-4.0,-1.2,15.8,19.2,29.6,77.3,-40.2,1.2,73.4,21.403791313011787,180.9,170.0,170.0,177.0,177.0,29.44,29.44,214.99,214.99,-34,-37.298844589043,EARLY_UP,UPPER_RANGE,NEUTRAL,S0_NEUTRAL,,,,,170.0,170.0,177.0,177.0,29.44,29.44,319.0,4.0,0.0,0.0,0.0,214.99,214.99,,,,,,,165.82,-6.68,False
128,FER,Infrastructure,33.5,64.2,-1.0,-10.2,-12.1,-8.8,-0.8,16.2,25.3,46.9,41.1,33.5,84.6,-59.5,1.3,45.2,-1.1928571912892687,184.8,164.0,164.0,172.0,172.0,27.77,27.77,216.07,216.07,19,17.779093158601654,EARLY_UP,UPPER_RANGE,NEUTRAL,S0_NEUTRAL,,,,,164.0,164.0,172.0,172.0,27.77,27.77,276.0,4.0,0.0,0.0,0.0,216.07,216.07,,,,,,,74.79,-9.07,False
129,NRG,Independent Power Producers,314.6,57.6,-3.2,-21.8,-25.0,-27.1,-29.4,-5.6,46.8,113.8,154.9,314.6,554.2,-22.3,1.1,726.1,211.62682360889016,465.8,61.0,61.0,62.0,62.0,29.46,29.46,216.66,216.66,-11,-373.63742992627544,EARLY_UP,UPPER_RANGE,NEUTRAL,S0_NEUTRAL,,,,,61.0,61.0,62.0,62.0,29.46,29.46,523.0,58.0,0.0,0.0,0.0,216.66,216.66,,,,,,,189.96,-29.42,False
130,NEM,Gold Mining,45.0,64.6,1.3,-11.2,-14.8,-3.7,23.2,68.3,86.2,63.2,47.0,45.0,127.4,-105.8,1.6,8.0,-30.33078743617969,196.3,156.0,156.0,162.0,162.0,37.48,37.48,217.28,217.28,20,-22.23377434979894,STRONG_DOWN,UPPER_RANGE,MOMENTUM_UP,S0_NEUTRAL,,,,,156.0,156.0,162.0,162.0,37.48,37.48,186.0,4.0,0.0,0.0,0.0,217.28,217.28,,,,,,,134.88,-18.59,False
131,ARM,Semiconductors,185.6,100.0,14.6,87.3,141.8,146.6,141.9,140.7,,,,185.6,135.6,-70.9,2.2,-16.6,1.280266666666666,222.5,138.0,138.0,89.0,89.0,17.5,17.5,217.9,217.9,-33,-4998.719733333333,STRONG_UP,OVEREXTENDED,MOMENTUM_UP,S1_LEADER,,,,,138.0,138.0,89.0,89.0,17.5,17.5,8.0,0.0,47.0,-6.0,0.0,217.9,217.9,,,,,,,356.45,-0.89,False
132,RCL,Travel Services,79.8,57.5,9.1,-6.2,-13.2,-10.9,-17.0,1.9,39.6,133.9,136.7,79.8,219.6,-108.0,1.3,202.2,57.95914407833827,231.0,131.0,131.0,137.0,137.0,27.19,27.19,218.44,218.44,65,8.22917628610481,EARLY_UP,UPPER_RANGE,MOMENTUM_UP,S2_EARLY_BREAKOUT,,,,,131.0,131.0,137.0,137.0,27.19,27.19,360.0,40.0,0.0,-4.0,0.0,218.44,218.44,,,,,,,356.39,-20.14,False
133,AIZ,Insurance - Property & Casualty,12.9,40.6,-10.8,1.0,-1.1,-0.9,-0.1,-3.2,-1.6,-4.0,-0.9,12.9,67.4,-23.8,1.4,37.4,24.504207422952607,164.2,183.0,183.0,189.0,189.0,53.33,53.33,218.93,218.93,-48,12.811335584626866,STRONG_UP,MID_RANGE,MOMENTUM_DOWN,S0_NEUTRAL,,,,,183.0,183.0,189.0,189.0,53.33,53.33,169.0,0.0,0.0,0.0,0.0,218.93,218.93,,,,,,,260.965,-4.63,False
134,GNRC,Electrical Equipment,92.6,20.7,0.8,13.2,23.9,45.3,53.6,52.3,54.6,7.7,1.7,92.6,673.8,-58.8,2.5,-24.5,-8.335706452633156,243.8,124.0,124.0,127.0,127.0,44.56,44.56,219.11,219.11,39,-8.334485368487009,STRONG_UP,MID_RANGE,NEUTRAL,S0_NEUTRAL,,,,,124.0,124.0,127.0,127.0,44.56,44.56,47.0,0.0,0.0,0.0,0.0,219.11,219.11,,,,,,,287.09,-3.2,False
135,CSCO,Communications Equipment,97.9,97.9,-2.1,32.6,37.7,43.4,54.8,80.5,85.5,87.2,84.8,97.9,101.9,-66.9,1.5,-7.8,-7.577388744756966,249.2,121.0,121.0,124.0,124.0,36.22,36.22,219.22,219.22,-11,-4.924356902286963,STRONG_UP,OVEREXTENDED,MOMENTUM_DOWN,S3_LATE_EXHAUSTION,,,,,121.0,121.0,124.0,124.0,36.22,36.22,37.0,0.0,0.0,12.0,0.0,219.22,219.22,,,,,,,121.43,-0.83,False
136,BKR,Oil & Gas Equipment & Services,45.4,77.1,-8.0,-10.7,-7.1,5.7,18.6,26.0,29.8,53.7,96.3,45.4,84.9,-85.4,1.3,15.0,-3.0096156945958983,196.6,155.0,155.0,161.0,161.0,31.51,31.51,223.96,223.96,-17,5.998314945295857,EARLY_DOWN,UPPER_RANGE,MOMENTUM_DOWN,S5_TRASH,,,,,155.0,155.0,161.0,161.0,31.51,31.51,152.0,4.0,0.0,25.0,0.0,223.96,223.96,,,,,,,70.41,-9.27,False
137,COST,Hypermarkets & Super Centers,94.4,50.3,-13.2,-15.0,-13.3,-9.2,-16.2,-21.2,-15.7,-3.0,19.2,94.4,205.0,-17.8,1.3,284.1,133.99258392408186,245.7,123.0,123.0,126.0,126.0,41.44,41.44,225.44,225.44,-71,100.82103495673317,EARLY_DOWN,UPPER_RANGE,MOMENTUM_DOWN,S5_TRASH,,,,,123.0,123.0,126.0,126.0,41.44,41.44,385.0,14.0,0.0,25.0,0.0,225.44,225.44,,,,,,,1096.5,-12.78,False
138,SNPS,Electronic Design Automation Software,78.5,26.4,-12.0,-1.6,-1.4,-3.5,-16.7,-30.2,-45.0,-45.4,-27.1,78.5,309.4,-4.1,1.6,482.3,440.52108276255075,229.7,133.0,133.0,139.0,139.0,76.8,76.8,226.8,226.8,-32,113.12108276255077,EARLY_DOWN,MID_RANGE,MOMENTUM_DOWN,S5_TRASH,,,,,133.0,133.0,139.0,139.0,76.8,76.8,233.0,10.0,0.0,25.0,0.0,226.8,226.8,,,,,,,539.48,-11.84,False
139,DOGE-USD,Cryptocurrency,1206.6,5.6,-0.1,-9.6,-8.9,-23.1,-45.7,-59.2,-56.4,-77.5,808.6,1206.6,22199.9,-45.9,1.5,42370.7,4995.142269883545,1322.8,15.0,15.0,15.0,15.0,81.64,81.64,226.99,226.99,-5,4386.160515988972,EARLY_DOWN,LOWER,MOMENTUM_DOWN,S5_TRASH,,,,,15.0,15.0,15.0,15.0,81.64,81.64,486.0,40.0,0.0,25.0,0.0,226.99,226.99,,,,,,,0.27,-62.71,False
140,PHM,Residential Construction,83.6,38.2,0.4,-10.2,-14.8,-14.3,-16.8,-26.1,-28.2,7.1,27.8,83.6,254.9,-29.3,1.3,317.9,222.7978162623778,234.9,129.0,129.0,135.0,135.0,45.33,45.33,230.28,230.28,-5,-165.52826712287776,EARLY_UP,MID_RANGE,NEUTRAL,S0_NEUTRAL,,,,,129.0,129.0,135.0,135.0,45.33,45.33,398.0,40.0,0.0,0.0,0.0,230.28,230.28,,,,,,,144.5,-18.21,False
141,STT,Custody Banks & Asset Management,32.4,87.0,-0.5,1.7,5.9,12.1,20.4,35.1,48.2,53.3,62.4,32.4,46.8,-60.4,1.5,-8.6,-8.584516285353953,183.7,166.0,166.0,174.0,174.0,29.22,29.22,230.82,230.82,11,0.8284298916749133,STRONG_UP,OVEREXTENDED,NEUTRAL,S0_NEUTRAL,,,,,166.0,166.0,174.0,174.0,29.22,29.22,96.0,0.0,0.0,0.0,0.0,230.82,230.82,,,,,,,159.3065,-2.3,False
142,OKE,Oil & Gas Midstream,102.0,46.2,-13.0,-15.7,-10.5,-2.3,-6.3,-20.1,-22.2,-11.1,41.6,102.0,292.4,-60.3,1.4,274.9,168.9023426032094,253.2,119.0,119.0,122.0,122.0,75.33,75.33,231.63,231.63,-89,48.402342603209405,EARLY_DOWN,MID_RANGE,MOMENTUM_DOWN,S5_TRASH,,,,,119.0,119.0,122.0,122.0,75.33,75.33,285.0,4.0,0.0,25.0,0.0,231.63,231.63,,,,,,,96.07,-12.63,False
143,PM,Tobacco,21.0,63.1,-17.3,-0.5,-6.2,-0.2,-5.3,10.3,24.4,31.1,45.1,21.0,67.0,-56.2,1.3,50.4,2.0958808379489473,172.3,176.0,176.0,182.0,182.0,27.8,27.8,231.7,231.7,-52,1.8591168805756162,EARLY_DOWN,UPPER_RANGE,MOMENTUM_DOWN,S5_TRASH,,,,,176.0,176.0,182.0,182.0,27.8,27.8,200.0,4.0,0.0,25.0,0.0,231.7,231.7,,,,,,,193.045,-8.11,False
144,HUBB,Electrical Components & Equipment,101.8,61.7,-1.8,-16.0,-15.1,-10.2,-6.6,-7.8,-9.5,20.9,58.7,101.8,180.6,-24.9,1.3,177.0,69.72764378292244,253.0,120.0,120.0,123.0,123.0,38.33,38.33,232.08,232.08,30,69.72489297648599,STRONG_DOWN,UPPER_RANGE,NEUTRAL,S5_TRASH,,,,,120.0,120.0,123.0,123.0,38.33,38.33,355.0,20.0,0.0,25.0,0.0,232.08,232.08,,,,,,,565.4999,-16.25,False
145,KMI,Oil & Gas Midstream,47.7,60.3,-16.7,-15.2,-13.4,-5.3,-6.9,-1.3,9.0,27.9,51.3,47.7,118.9,-59.1,1.2,102.3,29.865174117958983,199.0,151.0,151.0,156.0,156.0,35.42,35.42,232.32,232.32,-65,25.401521553957707,EARLY_DOWN,UPPER_RANGE,MOMENTUM_DOWN,S5_TRASH,,,,,151.0,151.0,156.0,156.0,35.42,35.42,313.0,4.0,0.0,25.0,0.0,232.32,232.32,,,,,,,34.805,-10.7,False
146,KKR,Asset Management,108.5,25.5,0.7,-11.4,-12.2,-21.1,-34.0,-46.4,-40.4,-31.7,2.5,108.5,478.9,-17.5,1.4,990.3,844.1568901258097,259.7,116.0,116.0,118.0,118.0,41.44,41.44,232.54,232.54,45,825.6143446197466,STRONG_DOWN,MID_RANGE,MOMENTUM_UP,S4_BOTTOMING,,,,,116.0,116.0,118.0,118.0,41.44,41.44,462.0,58.0,0.0,-2.0,0.0,232.54,232.54,,,,,,,152.1,-36.92,False
147,ROST,Apparel Retail,14.7,78.1,-7.0,-6.9,0.9,11.1,25.7,26.8,25.1,33.3,18.3,14.7,37.2,-63.8,2.3,-32.4,-11.19694300857666,165.9,181.0,181.0,187.0,187.0,21.93,21.93,232.78,232.78,45,138.32607548702302,EARLY_UP,UPPER_RANGE,NEUTRAL,S0_NEUTRAL,,,,,181.0,181.0,187.0,187.0,21.93,21.93,110.0,0.0,0.0,0.0,0.0,232.78,232.78,,,,,,,237.41,-2.39,False
148,META,Internet Content & Information,47.4,53.1,2.7,-3.7,-10.2,-11.8,-20.8,-20.9,-7.3,43.3,37.7,47.4,170.6,-91.5,1.2,197.6,88.24491419844944,198.6,152.0,152.0,157.0,157.0,38.33,38.33,234.08,234.08,32,79.42272094467401,EARLY_UP,UPPER_RANGE,MOMENTUM_UP,S2_EARLY_BREAKOUT,,,,,152.0,152.0,157.0,157.0,38.33,38.33,357.0,40.0,0.0,-4.0,0.0,234.08,234.08,,,,,,,790.8,-20.02,False
149,JPM,Diversified Banks,68.0,59.1,-7.3,-11.6,-11.3,-13.1,-14.2,-5.2,8.6,26.4,39.5,68.0,131.1,-22.3,1.1,164.8,47.28545061150715,219.3,139.0,139.0,144.0,144.0,30.99,30.99,234.99,234.99,-21,-76.95644297482713,EARLY_UP,UPPER_RANGE,MOMENTUM_DOWN,S0_NEUTRAL,,,,,139.0,139.0,144.0,144.0,30.99,30.99,369.0,40.0,0.0,0.0,0.0,234.99,234.99,,,,,,,337.25,-11.25,False
150,INTC,Semiconductors,90.7,83.4,-6.3,66.7,102.9,137.4,251.0,292.0,240.5,194.4,135.1,90.7,141.0,-158.8,2.5,-126.6,-42.37276249282573,241.9,126.0,126.0,130.0,130.0,47.78,47.78,235.53,235.53,25,4957.627237507174,STRONG_UP,OVEREXTENDED,MOMENTUM_DOWN,S3_LATE_EXHAUSTION,,,,,126.0,126.0,130.0,130.0,47.78,47.78,1.0,0.0,0.0,12.0,0.0,235.53,235.53,,,,,,,132.75,-13.61,False
151,491010.KS,Infrastructure,102.5,97.1,-0.6,20.2,30.3,43.1,73.2,,,,,102.5,71.7,-15.5,1.7,13.9,0.5993880889939435,125.1,236.0,236.0,121.0,121.0,17.5,17.5,235.95,235.95,11,0.5993842326940734,STRONG_UP,OVEREXTENDED,MOMENTUM_DOWN,S3_LATE_EXHAUSTION,,,,,236.0,236.0,121.0,121.0,17.5,17.5,39.0,0.0,50.0,12.0,0.0,235.95,235.95,,,,,,,34865.0,-2.22,False
152,FFIV,Technology,-12.6,65.0,-8.9,13.9,22.2,31.1,19.0,28.5,38.9,32.9,23.6,-12.6,27.0,-84.3,1.4,0.0,-23.085673948207358,138.7,213.0,213.0,223.0,223.0,52.96,52.96,236.46,236.46,16,4976.914326051793,STRONG_UP,UPPER_RANGE,MOMENTUM_DOWN,S0_NEUTRAL,,,,,213.0,213.0,223.0,223.0,52.96,52.96,69.0,0.0,0.0,0.0,0.0,236.46,236.46,,,,,,,399.59,-4.04,False
153,INSM,Biotechnology,190.3,36.2,-0.1,-37.6,-38.7,-45.7,-31.0,0.9,87.2,158.3,159.5,190.3,673.7,-82.7,1.2,911.7,293.8651001468966,341.6,86.0,86.0,87.0,87.0,41.18,41.18,240.63,240.63,-9,-29.231007509688595,STRONG_DOWN,MID_RANGE,MOMENTUM_UP,S4_BOTTOMING,,,,,86.0,86.0,87.0,87.0,41.18,41.18,567.0,58.0,0.0,-2.0,0.0,240.63,240.63,,,,,,,212.75,-49.75,False
154,457480.KS,Automobile Manufacturers,46.9,57.1,1.0,4.9,6.6,6.2,23.3,43.3,46.9,,,46.9,24.9,-57.4,1.5,0.0,-21.640092009920327,89.0,307.0,307.0,158.0,158.0,17.5,17.5,241.05,241.05,24,-21.636460804301613,STRONG_UP,UPPER_RANGE,MOMENTUM_DOWN,S0_NEUTRAL,,,,,307.0,307.0,158.0,158.0,17.5,17.5,94.0,0.0,26.0,0.0,0.0,241.05,241.05,,,,,,,25895.0,-2.84,False
155,PSX,Oil & Gas Refining & Marketing,34.5,60.5,-3.5,-10.2,-0.9,7.9,15.7,9.8,3.8,28.9,46.6,34.5,106.9,-74.9,1.4,11.6,8.422036574904151,185.8,162.0,162.0,170.0,170.0,57.13,57.13,241.08,241.08,-30,7.168589631037471,EARLY_DOWN,UPPER_RANGE,MOMENTUM_DOWN,S5_TRASH,,,,,162.0,162.0,170.0,170.0,57.13,57.13,141.0,0.0,0.0,25.0,0.0,241.08,241.08,,,,,,,190.61,-7.73,False
156,ETR,Electric Utilities,23.9,64.0,-9.0,-15.4,-8.5,-2.6,0.8,17.0,32.9,35.3,25.3,23.9,72.9,-62.1,1.2,32.1,-4.325190968836416,175.2,174.0,174.0,181.0,181.0,27.72,27.72,241.22,241.22,-15,6.575389287302435,STRONG_DOWN,UPPER_RANGE,MOMENTUM_DOWN,S5_TRASH,,,,,174.0,174.0,181.0,181.0,27.72,27.72,236.0,4.0,0.0,25.0,0.0,241.22,241.22,,,,,,,118.445,-7.93,False
157,FDX,Industrials,-10.8,64.5,5.3,-0.6,3.6,19.9,39.6,29.1,20.4,20.5,22.9,-10.8,34.1,-91.7,3.0,0.0,-30.007297370974904,140.5,210.0,210.0,218.0,218.0,58.98,58.98,243.33,243.33,28,4969.992702629025,STRONG_UP,UPPER_RANGE,NEUTRAL,S0_NEUTRAL,,,,,210.0,210.0,218.0,218.0,58.98,58.98,77.0,0.0,0.0,0.0,0.0,243.33,243.33,,,,,,,413.87,-0.51,False
158,CHRW,Trucking,-1.7,62.6,1.8,-6.8,-11.3,-5.3,19.0,40.5,48.0,35.9,26.4,-1.7,52.0,-90.7,1.7,0.0,-36.08648546004478,149.6,198.0,198.0,207.0,207.0,48.13,48.13,243.63,243.63,50,4963.913514539955,EARLY_UP,UPPER_RANGE,MOMENTUM_UP,S2_EARLY_BREAKOUT,,,,,198.0,198.0,207.0,207.0,48.13,48.13,182.0,4.0,0.0,-4.0,0.0,243.63,243.63,,,,,,,203.34,-12.14,False
159,NDAQ,Financial Exchanges,19.6,35.9,0.9,-5.2,-7.2,-7.7,-11.3,-6.2,-0.7,-10.1,-4.1,19.6,76.6,-11.7,1.4,116.1,51.36594423681398,170.9,177.0,177.0,183.0,183.0,62.33,62.33,243.68,243.68,13,50.917808818324914,STRONG_UP,MID_RANGE,MOMENTUM_DOWN,S0_NEUTRAL,,,,,177.0,177.0,183.0,183.0,62.33,62.33,272.0,14.0,0.0,0.0,0.0,243.68,243.68,,,,,,,101.79,-9.11,False
160,ABBV,Biotechnology,54.4,56.7,-0.5,-6.9,-10.5,-10.6,-10.9,-11.2,-10.4,-4.6,19.6,54.4,115.5,-24.8,1.2,135.0,52.427163794179435,205.6,146.0,146.0,151.0,151.0,45.89,45.89,244.04,244.04,-33,-77.19360400077879,STRONG_UP,UPPER_RANGE,NEUTRAL,S0_NEUTRAL,,,,,146.0,146.0,151.0,151.0,45.89,45.89,311.0,40.0,0.0,0.0,0.0,244.04,244.04,,,,,,,244.81,-11.07,False
161,PGR,Property & Casualty Insurance,119.7,39.4,-6.5,-13.2,-16.3,-12.6,-23.3,-30.5,-25.1,-4.4,15.0,119.7,319.6,-10.0,1.4,524.3,297.8130096408952,271.0,111.0,111.0,113.0,113.0,45.89,45.89,244.74,244.74,-62,191.72967267380432,STRONG_DOWN,MID_RANGE,MOMENTUM_DOWN,S5_TRASH,,,,,111.0,111.0,113.0,113.0,45.89,45.89,416.0,40.0,0.0,25.0,0.0,244.74,244.74,,,,,,,248.17,-23.28,False
162,WMT,Hypermarkets & Super Centers,73.4,56.3,-9.0,-19.8,-17.9,-11.7,-8.6,2.7,19.0,39.5,41.6,73.4,152.9,-28.0,1.2,161.4,42.11681278680726,224.7,137.0,137.0,143.0,143.0,30.57,30.57,245.52,245.52,-40,27.316845000196714,STRONG_DOWN,UPPER_RANGE,MOMENTUM_DOWN,S5_TRASH,,,,,137.0,137.0,143.0,143.0,30.57,30.57,400.0,20.0,0.0,25.0,0.0,245.52,245.52,,,,,,,135.155,-14.36,False
163,IRDM,Satellite Communications,31.9,46.3,3.3,46.2,87.2,129.0,114.5,83.4,43.1,0.2,-16.5,31.9,235.3,-142.6,3.4,-171.9,-63.82884971306535,183.2,168.0,168.0,176.0,176.0,45.26,45.26,246.41,246.41,51,4936.171150286935,STRONG_UP,MID_RANGE,NEUTRAL,S0_NEUTRAL,,,,,168.0,168.0,176.0,176.0,45.26,45.26,13.0,0.0,0.0,0.0,0.0,246.41,246.41,,,,,,,52.25,-0.9,False
164,FAST,Industrial Distribution,33.1,39.5,-1.4,-13.6,-12.2,-7.6,-14.6,-10.6,-11.8,-9.1,-2.6,33.1,108.3,-24.4,1.4,152.4,70.8281787478738,184.4,165.0,165.0,173.0,173.0,62.4,62.4,247.0,247.0,-18,-59.13262387719146,EARLY_UP,MID_RANGE,NEUTRAL,S0_NEUTRAL,,,,,165.0,165.0,173.0,173.0,62.4,62.4,355.0,14.0,0.0,0.0,0.0,247.0,247.0,,,,,,,49.67,-11.01,False
165,GM,Automobiles,-13.6,58.1,7.8,0.2,-3.6,-1.4,16.2,28.8,43.6,29.6,21.7,-13.6,32.7,-83.2,1.9,0.0,-41.347598465181605,137.6,216.0,216.0,227.0,227.0,47.2,47.2,247.25,247.25,78,4958.652401534819,STRONG_UP,UPPER_RANGE,NEUTRAL,S0_NEUTRAL,,,,,216.0,216.0,227.0,227.0,47.2,47.2,145.0,0.0,0.0,0.0,0.0,247.25,247.25,,,,,,,87.6,-4.98,False
166,F,Auto Manufacturers,1.0,48.9,17.1,39.1,28.9,29.3,38.5,44.1,30.6,15.3,35.6,1.0,98.7,-91.2,1.4,-114.2,-58.375678499343714,152.3,196.0,196.0,205.0,205.0,37.2,37.2,249.2,249.2,91,4941.624321500656,STRONG_UP,MID_RANGE,MOMENTUM_UP,S1_LEADER,,,,,196.0,196.0,205.0,205.0,37.2,37.2,48.0,0.0,0.0,-6.0,0.0,249.2,249.2,,,,,,,17.78,-1.91,False
167,SYF,Consumer Finance,19.6,50.1,-3.0,-10.8,-9.5,-13.5,-12.1,-5.5,13.8,17.7,31.6,19.6,104.4,-64.4,1.3,93.6,27.628908438410416,170.9,177.0,177.0,183.0,183.0,42.23,42.23,249.68,249.68,-8,-5.837762832510617,EARLY_UP,UPPER_RANGE,NEUTRAL,S0_NEUTRAL,,,,,177.0,177.0,183.0,183.0,42.23,42.23,340.0,22.0,0.0,0.0,0.0,249.68,249.68,,,,,,,88.77,-19.52,False
168,JBHT,Airlines,-15.6,65.0,7.3,10.7,14.7,27.3,51.6,44.1,23.9,3.5,1.7,-15.6,39.4,-116.6,2.6,0.0,-38.26491514787839,135.7,217.0,217.0,228.0,228.0,71.8,71.8,252.25,252.25,20,-37.17811072158511,STRONG_UP,UPPER_RANGE,MOMENTUM_UP,S1_LEADER,,,,,217.0,217.0,228.0,228.0,71.8,71.8,58.0,0.0,0.0,-6.0,0.0,252.25,252.25,,,,,,,277.85,-0.51,False
169,PKG,Packaging & Containers,9.0,34.2,0.0,-8.2,-10.0,-5.8,-7.9,-14.5,-13.0,-6.2,3.4,9.0,85.1,-30.1,1.3,80.8,72.2,160.3,186.0,186.0,193.0,193.0,84.22,84.22,252.47,252.47,24,-60.839018795299026,STRONG_UP,MID_RANGE,MOMENTUM_UP,S1_LEADER,,,,,186.0,186.0,193.0,193.0,84.22,84.22,275.0,4.0,0.0,-6.0,0.0,252.47,252.47,,,,,,,249.51,-12.26,False
170,GILD,Biotechnology,-11.3,57.0,-2.6,-11.2,-13.4,-7.2,-2.7,19.1,24.1,35.2,30.2,-11.3,46.8,-87.0,1.2,0.0,-23.9980494473224,140.0,211.0,211.0,219.0,219.0,32.81,32.81,253.21,253.21,13,34.593100733619295,EARLY_UP,UPPER_RANGE,NEUTRAL,S0_NEUTRAL,,,,,211.0,211.0,219.0,219.0,32.81,32.81,293.0,4.0,0.0,0.0,0.0,253.21,253.21,,,,,,,157.29,-14.53,False
171,DVA,Healthcare,-21.9,63.2,-6.1,18.5,29.9,40.4,29.3,11.5,13.0,10.3,5.3,-21.9,29.9,-109.4,2.1,0.0,-15.985479309283985,129.4,226.0,226.0,242.0,242.0,41.94,41.94,253.94,253.94,-39,-15.562735686107347,EARLY_DOWN,UPPER_RANGE,MOMENTUM_DOWN,S5_TRASH,,,,,226.0,226.0,242.0,242.0,41.94,41.94,56.0,0.0,0.0,25.0,0.0,253.94,253.94,,,,,,,202.69,-4.11,False
172,UAL,Industrials,-44.2,48.2,14.8,12.2,6.3,4.2,8.4,26.2,44.8,52.1,28.2,-44.2,37.9,-119.5,1.3,0.0,-61.49480578612652,107.1,273.0,273.0,293.0,293.0,34.22,34.22,254.67,254.67,77,923.5694938274967,STRONG_UP,MID_RANGE,MOMENTUM_UP,S1_LEADER,,,,,273.0,273.0,293.0,293.0,34.22,34.22,114.0,0.0,0.0,-6.0,0.0,254.67,254.67,,,,,,,119.21,-3.7,False
173,MCK,Healthcare Distribution,127.0,52.3,-4.7,-22.0,-24.7,-23.3,-21.8,-15.3,-11.6,26.9,94.6,127.0,285.1,-46.0,1.1,357.5,126.78930163888664,278.2,108.0,108.0,111.0,111.0,42.78,42.78,254.88,254.88,-31,-88.01925009088815,EARLY_UP,UPPER_RANGE,NEUTRAL,S0_NEUTRAL,,,,,108.0,108.0,111.0,111.0,42.78,42.78,498.0,58.0,0.0,0.0,0.0,254.88,254.88,,,,,,,999.0,-25.68,False
174,BX,Asset Management,182.2,32.9,-1.5,-12.8,-14.7,-21.8,-33.0,-43.0,-45.8,-45.8,-3.3,182.2,591.0,-17.7,1.3,1022.5,719.7510113474572,333.4,90.0,90.0,93.0,93.0,46.44,46.44,255.54,255.54,-26,-290.9774513408272,STRONG_DOWN,MID_RANGE,MOMENTUM_DOWN,S5_TRASH,,,,,90.0,90.0,93.0,93.0,46.44,46.44,474.0,58.0,0.0,25.0,0.0,255.54,255.54,,,,,,,189.88,-38.4,False
175,CTAS,Commercial Services,57.3,26.5,-2.8,-10.0,-16.0,-16.8,-28.8,-36.7,-38.0,-28.8,-17.5,57.3,229.6,-4.0,1.4,563.1,433.26820820285025,208.6,145.0,145.0,150.0,150.0,46.44,46.44,256.14,256.14,-42,-186.40027980963566,EARLY_UP,MID_RANGE,NEUTRAL,S0_NEUTRAL,,,,,145.0,145.0,150.0,150.0,46.44,46.44,445.0,58.0,0.0,0.0,0.0,256.14,256.14,,,,,,,209.08,-18.09,False
176,PCAR,Farm & Heavy Construction Machinery,16.7,38.3,-0.7,-15.5,-18.1,-10.9,-7.2,-12.3,-16.9,3.5,9.3,16.7,112.5,-42.1,1.4,96.7,63.45009115492029,168.0,180.0,180.0,186.0,186.0,54.22,54.22,257.32,257.32,8,58.92106698139712,EARLY_UP,MID_RANGE,NEUTRAL,S0_NEUTRAL,,,,,180.0,180.0,186.0,186.0,54.22,54.22,374.0,20.0,0.0,0.0,0.0,257.32,257.32,,,,,,,131.88,-16.31,False
177,DDOG,Software-Infrastructure,86.3,58.9,10.4,81.9,89.1,73.3,71.1,68.0,68.7,57.7,,86.3,147.3,-87.1,1.9,-66.3,-19.10877878851219,174.3,175.0,175.0,132.0,132.0,61.39,61.39,258.74,258.74,28,4980.891221211487,STRONG_UP,UPPER_RANGE,MOMENTUM_DOWN,S0_NEUTRAL,,,,,175.0,175.0,132.0,132.0,61.39,61.39,18.0,0.0,11.0,0.0,0.0,258.74,258.74,,,,,,,249.807,-0.98,False
178,VTR,Healthcare REITs,-10.3,57.0,-14.2,-10.8,-8.3,-4.8,0.6,7.8,18.9,23.0,18.2,-10.3,33.5,-67.0,1.4,0.0,-16.15799171329491,141.0,209.0,209.0,217.0,217.0,26.17,26.17,259.37,259.37,-24,-4.352820609182313,EARLY_DOWN,UPPER_RANGE,MOMENTUM_DOWN,S5_TRASH,,,,,209.0,209.0,217.0,217.0,26.17,26.17,231.0,4.0,0.0,25.0,0.0,259.37,259.37,,,,,,,90.99,-7.22,False
179,AXP,Consumer Finance,37.1,42.8,0.5,-8.2,-10.9,-16.3,-17.1,-15.4,-4.2,3.8,17.0,37.1,125.3,-28.1,1.2,183.6,83.21308162300997,188.4,159.0,159.0,167.0,167.0,38.33,38.33,260.78,260.78,49,83.21035605402288,EARLY_UP,MID_RANGE,MOMENTUM_UP,S2_EARLY_BREAKOUT,,,,,159.0,159.0,167.0,167.0,38.33,38.33,380.0,58.0,0.0,-4.0,0.0,260.78,260.78,,,,,,,387.49,-18.33,False
180,RTX,Aerospace & Defense,6.1,49.6,0.9,-10.9,-15.1,-11.7,-4.8,11.6,26.0,29.3,31.1,6.1,73.4,-59.3,1.2,29.7,-16.80625453142868,157.3,189.0,189.0,197.0,197.0,36.63,36.63,260.93,260.93,15,381.700458118542,EARLY_UP,MID_RANGE,MOMENTUM_UP,S2_EARLY_BREAKOUT,,,,,189.0,189.0,197.0,197.0,36.63,36.63,329.0,20.0,0.0,-4.0,0.0,260.93,260.93,,,,,,,214.5,-16.24,False
181,NTRS,Custody Banks & Asset Management,-22.3,60.5,-6.0,-1.4,1.0,7.3,14.0,34.4,48.8,30.3,15.2,-22.3,22.7,-90.2,1.5,0.0,-40.17470604325458,128.9,228.0,228.0,243.0,243.0,58.47,58.47,261.92,261.92,-16,412.50785329452407,STRONG_UP,UPPER_RANGE,MOMENTUM_DOWN,S0_NEUTRAL,,,,,228.0,228.0,243.0,243.0,58.47,58.47,129.0,0.0,0.0,0.0,0.0,261.92,261.92,,,,,,,173.185,-4.47,False
182,SOL-USD,Cryptocurrency,909.7,8.0,-0.4,-11.5,-16.2,-32.1,-51.9,-67.9,-23.3,-2.5,,909.7,11126.9,-44.7,1.5,23965.7,4980.832644041881,988.5,29.0,29.0,28.0,28.0,74.0,74.0,263.05,263.05,-44,-19.167355958118605,EARLY_DOWN,LOWER,MOMENTUM_DOWN,S5_TRASH,,,,,29.0,29.0,28.0,28.0,74.0,74.0,540.0,58.0,11.0,25.0,0.0,263.05,263.05,,,,,,,241.8089,-65.95,False
183,GLD,Gold (ETF),10.1,48.8,-1.1,-13.3,-16.5,-10.6,-1.6,16.8,27.5,36.4,26.9,10.1,82.5,-58.5,1.4,26.6,-19.645129783289615,161.4,185.0,185.0,192.0,192.0,39.12,39.12,263.42,263.42,-68,-19.645129783289615,STRONG_DOWN,MID_RANGE,MOMENTUM_UP,S4_BOTTOMING,,,,,185.0,185.0,192.0,192.0,39.12,39.12,323.0,20.0,0.0,-2.0,0.0,263.42,263.42,,,,,,,509.7,-18.16,False
184,CRH,Building Materials,57.9,53.7,10.5,-11.9,-15.9,-18.3,-16.8,-13.5,-3.5,31.5,51.3,57.9,147.4,-45.2,1.2,182.0,72.35332724306764,209.1,144.0,144.0,149.0,149.0,42.78,42.78,263.68,263.68,76,72.35029045577245,EARLY_UP,UPPER_RANGE,MOMENTUM_UP,S2_EARLY_BREAKOUT,,,,,144.0,144.0,149.0,149.0,42.78,42.78,410.0,58.0,0.0,-4.0,0.0,263.68,263.68,,,,,,,131.55,-17.3,False
185,NXPI,Semiconductors,13.3,66.0,0.4,26.3,29.2,35.3,33.6,19.7,9.6,2.3,12.3,13.3,56.6,-69.4,1.8,-53.5,-7.517478292867443,164.6,182.0,182.0,188.0,188.0,61.99,61.99,264.04,264.04,24,574.1336486037153,STRONG_UP,UPPER_RANGE,MOMENTUM_DOWN,S0_NEUTRAL,,,,,182.0,182.0,188.0,188.0,61.99,61.99,53.0,0.0,0.0,0.0,0.0,264.04,264.04,,,,,,,339.95,-5.47,False
186,MELI,Internet Retail,105.1,20.6,0.6,-15.1,-18.5,-24.1,-37.4,-40.7,-44.7,-43.6,-44.2,105.1,549.4,-11.6,1.4,1199.2,930.7404378803942,256.4,118.0,118.0,120.0,120.0,66.06,66.06,265.01,265.01,-17,-334.6611502057192,EARLY_UP,MID_RANGE,NEUTRAL,S0_NEUTRAL,,,,,118.0,118.0,120.0,120.0,66.06,66.06,503.0,58.0,0.0,0.0,0.0,265.01,265.01,,,,,,,2548.5,-33.46,False
187,JOBY,Airports & Air Services,7.2,24.3,4.6,26.0,15.8,-3.3,-5.9,29.4,25.9,19.4,,7.2,149.0,-87.6,1.7,0.0,-80.40340133534012,75.9,341.0,341.0,195.0,195.0,28.59,28.59,265.69,265.69,85,-48.85229026483961,STRONG_UP,MID_RANGE,NEUTRAL,S0_NEUTRAL,,,,,341.0,341.0,195.0,195.0,28.59,28.59,113.0,0.0,11.0,0.0,0.0,265.69,265.69,,,,,,,19.98,-40.44,False
188,DHI,Residential Construction,29.2,22.7,1.2,-8.0,-11.2,-11.8,-15.3,-26.1,-34.9,-26.4,-12.4,29.2,205.9,-22.5,1.5,282.0,314.25680057705165,180.5,171.0,171.0,178.0,178.0,80.34,80.34,275.04,275.04,23,-113.57949552343274,EARLY_UP,MID_RANGE,NEUTRAL,S0_NEUTRAL,,,,,171.0,171.0,178.0,178.0,80.34,80.34,351.0,40.0,0.0,0.0,0.0,275.04,275.04,,,,,,,176.22,-16.53,False
189,MSI,Public Safety Technology,40.6,26.4,-2.2,-17.5,-17.7,-13.0,-21.6,-30.0,-31.4,-24.0,-13.2,40.6,183.0,-10.2,1.3,378.8,310.3780994496109,191.8,158.0,158.0,165.0,165.0,75.89,75.89,275.39,275.39,-7,-104.89192593198533,EARLY_UP,MID_RANGE,NEUTRAL,S0_NEUTRAL,,,,,158.0,158.0,165.0,165.0,75.89,75.89,434.0,40.0,0.0,0.0,0.0,275.39,275.39,,,,,,,490.24,-17.74,False
190,MNST,Beverages - Non-Alcoholic,-12.4,58.7,-0.1,7.4,1.9,5.2,10.7,20.7,8.0,2.6,-1.7,-12.4,35.7,-79.6,1.4,0.0,-28.581621145471097,138.9,212.0,212.0,222.0,222.0,83.15,83.15,275.5,275.5,-3,-27.73171645436411,STRONG_UP,UPPER_RANGE,MOMENTUM_DOWN,S0_NEUTRAL,,,,,212.0,212.0,222.0,222.0,83.15,83.15,123.0,0.0,0.0,0.0,0.0,275.5,275.5,,,,,,,89.85,-1.97,False
191,CFG,Banks - Regional,-21.7,42.3,-4.9,-10.5,-9.4,-3.6,5.8,15.1,32.4,13.1,9.5,-21.7,47.4,-71.4,1.6,0.0,-51.53190384158912,129.5,225.0,225.0,240.0,240.0,56.1,56.1,276.5,276.5,5,4948.468096158411,EARLY_UP,MID_RANGE,NEUTRAL,S0_NEUTRAL,,,,,225.0,225.0,240.0,240.0,56.1,56.1,211.0,4.0,0.0,0.0,0.0,276.5,276.5,,,,,,,68.79,-9.49,False
192,LIN,Industrial Gases,11.4,27.4,-11.9,-10.8,-8.6,-1.3,-8.2,-16.4,-25.5,-25.1,-20.3,11.4,97.5,-20.7,1.5,118.9,112.33327198038283,162.7,184.0,184.0,190.0,190.0,87.87,87.87,277.02,277.02,-52,-0.9687762642522131,EARLY_DOWN,MID_RANGE,MOMENTUM_DOWN,S5_TRASH,,,,,184.0,184.0,190.0,190.0,87.87,87.87,253.0,4.0,0.0,25.0,0.0,277.02,277.02,,,,,,,521.28,-4.53,False
193,CEG,Electric Utilities,91.5,31.1,-3.8,-12.0,-13.4,-21.2,-24.8,-15.9,19.6,,,91.5,236.9,0.0,1.3,469.8,281.5808576068484,151.0,197.0,197.0,129.0,129.0,29.72,29.72,277.22,277.22,14,-114.20938884274,EARLY_UP,MID_RANGE,NEUTRAL,S0_NEUTRAL,,,,,197.0,197.0,129.0,129.0,29.72,29.72,441.0,58.0,26.0,0.0,0.0,277.22,277.22,,,,,,,412.7,-30.28,False
194,MO,Tobacco,-10.1,64.2,-20.4,-10.4,-6.8,2.0,-0.4,8.4,19.4,23.2,29.2,-10.1,23.0,-68.4,1.3,0.0,-13.433262349101039,141.1,208.0,208.0,216.0,216.0,49.05,49.05,277.3,277.3,-18,3.4775442922623228,EARLY_DOWN,UPPER_RANGE,MOMENTUM_DOWN,S5_TRASH,,,,,208.0,208.0,216.0,216.0,49.05,49.05,205.0,4.0,0.0,25.0,0.0,277.3,277.3,,,,,,,74.555,-6.67,False
195,DAL,Industrials,-54.0,41.3,10.2,10.6,13.1,15.7,27.0,26.1,30.5,31.5,8.1,-54.0,13.2,-100.5,1.7,0.0,-101.03177325021421,97.3,287.0,287.0,310.0,310.0,45.67,45.67,277.32,277.32,31,4898.968226749786,STRONG_UP,MID_RANGE,NEUTRAL,S0_NEUTRAL,,,,,287.0,287.0,310.0,310.0,45.67,45.67,76.0,0.0,0.0,0.0,0.0,277.32,277.32,,,,,,,83.83,-1.61,False
196,AME,Electronic Instruments & Controls,2.8,36.0,-3.1,-9.6,-10.8,-5.5,-1.9,-3.7,-11.2,-13.5,-13.9,2.8,46.1,-21.9,2.0,18.5,13.181008607441111,154.1,194.0,194.0,203.0,203.0,87.75,87.75,277.45,277.45,31,13.18100860735873,STRONG_DOWN,MID_RANGE,MOMENTUM_UP,S4_BOTTOMING,,,,,194.0,194.0,203.0,203.0,87.75,87.75,250.0,4.0,0.0,-2.0,0.0,277.45,277.45,,,,,,,243.18,-7.13,False
197,IVZ,Asset Management,-42.9,55.2,5.9,3.3,0.7,3.9,24.6,41.2,43.8,22.6,25.2,-42.9,8.3,-104.9,1.8,0.0,-67.80464236991786,108.4,271.0,271.0,291.0,291.0,57.47,57.47,277.57,277.57,35,-65.33500025148238,STRONG_UP,UPPER_RANGE,MOMENTUM_UP,S1_LEADER,,,,,271.0,271.0,291.0,291.0,57.47,57.47,111.0,0.0,0.0,-6.0,0.0,277.57,277.57,,,,,,,29.61,-3.88,False
198,MCHP,Semiconductors,-25.1,47.7,0.2,14.9,16.6,31.5,35.1,21.9,-0.8,-17.9,-24.4,-25.1,64.3,-105.7,1.7,0.0,-46.16666398953824,126.2,235.0,235.0,250.0,250.0,81.09,81.09,278.49,278.49,21,-46.084141392343525,STRONG_UP,MID_RANGE,MOMENTUM_DOWN,S0_NEUTRAL,,,,,235.0,235.0,250.0,250.0,81.09,81.09,61.0,0.0,0.0,0.0,0.0,278.49,278.49,,,,,,,105.91,-10.63,False
199,XRP-USD,Cryptocurrency,66.8,13.0,-0.6,-11.7,-15.4,-29.2,-48.0,-9.4,15.6,26.8,83.2,66.8,898.4,-75.3,1.5,2210.6,1399.2399989390242,183.0,169.0,169.0,146.0,146.0,38.3,38.3,281.6,281.6,17,1398.5697761183435,STRONG_DOWN,LOWER,MOMENTUM_DOWN,S5_TRASH,,,,,169.0,169.0,146.0,146.0,38.3,38.3,527.0,58.0,0.0,25.0,0.0,281.6,281.6,,,,,,,3.0993,-56.78,False
200,DRI,Restaurants,-2.7,46.0,-2.6,-3.8,-6.2,-0.2,-8.0,-5.1,-11.5,-9.5,-3.6,-2.7,62.3,-57.3,1.4,0.0,13.447089987476058,148.6,199.0,199.0,208.0,208.0,94.33,94.33,284.18,284.18,-11,-12.412107889960701,STRONG_UP,MID_RANGE,NEUTRAL,S0_NEUTRAL,,,,,199.0,199.0,208.0,208.0,94.33,94.33,216.0,4.0,0.0,0.0,0.0,284.18,284.18,,,,,,,220.65,-7.59,False
201,456680.KS,Asset Management,40.6,59.2,-11.8,-14.4,-2.2,-1.6,22.1,52.1,40.6,,,40.6,33.0,-88.2,1.4,0.0,-26.99772341655419,82.6,326.0,326.0,165.0,165.0,20.2,20.2,285.1,285.1,-35,-26.997659632963373,EARLY_DOWN,UPPER_RANGE,MOMENTUM_DOWN,S5_TRASH,,,,,326.0,326.0,165.0,165.0,20.2,20.2,154.0,0.0,26.0,25.0,0.0,285.1,285.1,,,,,,,12985.0,-14.32,False
202,COR,Biotechnology,61.2,37.8,-4.0,-23.5,-29.6,-30.8,-30.9,-25.9,-27.1,-9.1,26.7,61.2,218.4,-33.7,1.2,395.3,177.27600001441226,212.4,141.0,141.0,147.0,147.0,54.78,54.78,285.98,285.98,-16,-172.27129507667178,EARLY_UP,MID_RANGE,NEUTRAL,S0_NEUTRAL,,,,,141.0,141.0,147.0,147.0,54.78,54.78,543.0,58.0,0.0,0.0,0.0,285.98,285.98,,,,,,,377.54,-28.65,False
203,DE,Agricultural & Construction Machinery,60.3,40.4,2.2,-15.7,-15.5,-6.4,-8.6,-5.7,-12.9,-23.4,-0.4,60.3,162.8,-9.5,1.4,202.5,93.62597272036511,211.5,143.0,143.0,148.0,148.0,104.48,104.48,286.08,286.08,21,93.625972622413,STRONG_DOWN,MID_RANGE,MOMENTUM_DOWN,S5_TRASH,,,,,143.0,143.0,148.0,148.0,104.48,104.48,343.0,4.0,0.0,25.0,0.0,286.08,286.08,,,,,,,674.19,-19.58,False
204,LINK-USD,Cryptocurrency,372.2,5.6,-0.4,-7.7,-9.0,-23.9,-44.2,-58.4,-64.9,-83.9,-42.2,372.2,7258.0,-53.1,1.6,14325.0,4980.584244617775,488.4,60.0,60.0,59.0,59.0,121.36,121.36,286.81,286.81,-41,-19.415755382225143,EARLY_DOWN,LOWER,MOMENTUM_DOWN,S5_TRASH,,,,,60.0,60.0,59.0,59.0,121.36,121.36,481.0,40.0,0.0,25.0,0.0,286.81,286.81,,,,,,,23.6693,-61.38,False
205,ETH-USD,Cryptocurrency,160.0,14.1,-1.4,-18.2,-16.6,-29.8,-40.6,-52.4,-60.5,-75.2,94.1,160.0,1484.0,-71.9,1.7,2579.4,2530.4739991565425,276.2,109.0,109.0,100.0,100.0,74.77,74.77,290.62,290.62,-11,2505.669709003498,STRONG_DOWN,LOWER,MOMENTUM_DOWN,S5_TRASH,,,,,109.0,109.0,100.0,100.0,74.77,74.77,526.0,58.0,0.0,25.0,0.0,290.62,290.62,,,,,,,4755.2202,-57.58,False
206,ALNY,Biotechnology,5.3,23.0,0.1,-13.3,-16.5,-27.3,-31.9,-19.5,-14.6,-17.1,-9.6,5.3,206.0,-54.2,1.4,378.2,164.44416515636118,156.5,193.0,193.0,202.0,202.0,50.89,50.89,295.94,295.94,-7,-118.2696433745154,EARLY_UP,MID_RANGE,MOMENTUM_UP,S2_EARLY_BREAKOUT,,,,,193.0,193.0,202.0,202.0,50.89,50.89,492.0,58.0,0.0,-4.0,0.0,295.94,295.94,,,,,,,495.55,-39.06,False
207,SYM,Industrial Machinery,83.7,18.3,-9.9,-28.4,-26.5,-35.7,-18.0,9.1,-13.4,78.4,,83.7,420.8,-29.7,1.7,599.5,298.4815234421362,148.5,200.0,200.0,134.0,134.0,51.0,51.0,297.3,297.3,-47,-60.984816995247,EARLY_UP,LOWER,NEUTRAL,S0_NEUTRAL,,,,,200.0,200.0,134.0,134.0,51.0,51.0,534.0,58.0,11.0,0.0,0.0,297.3,297.3,,,,,,,87.88,-47.17,False
208,FANG,Oil & Gas E&P,-8.7,48.9,-7.4,-13.9,-4.8,4.8,9.2,-7.9,-17.6,-9.7,45.4,-8.7,98.2,-109.7,1.3,0.0,2.4906009534766294,142.6,205.0,205.0,213.0,213.0,87.74,87.74,299.44,299.44,-27,2.4546958518333604,EARLY_DOWN,MID_RANGE,MOMENTUM_DOWN,S5_TRASH,,,,,205.0,205.0,213.0,213.0,87.74,87.74,173.0,0.0,0.0,25.0,0.0,299.44,299.44,,,,,,,214.51,-10.74,False
209,RSG,Environmental Services,5.7,9.2,-9.2,-16.3,-17.8,-16.8,-27.2,-32.3,-35.3,-30.2,-22.6,5.7,149.9,-8.6,1.6,879.6,807.5141725817648,157.0,191.0,191.0,199.0,199.0,46.44,46.44,299.89,299.89,-45,650.6487122883495,STRONG_DOWN,LOWER,MOMENTUM_DOWN,S5_TRASH,,,,,191.0,191.0,199.0,199.0,46.44,46.44,460.0,58.0,0.0,25.0,0.0,299.89,299.89,,,,,,,233.42,-14.13,False
210,CSX,Industrials,-9.2,31.0,-3.3,-5.1,-0.5,7.3,13.6,11.4,0.3,-14.1,-25.0,-9.2,65.1,-59.9,2.6,0.0,-70.52077867977528,142.1,207.0,207.0,215.0,215.0,100.73,100.73,300.38,300.38,-8,-14.820778679775273,STRONG_UP,MID_RANGE,MOMENTUM_DOWN,S0_NEUTRAL,,,,,207.0,207.0,215.0,215.0,100.73,100.73,140.0,0.0,0.0,0.0,0.0,300.38,300.38,,,,,,,47.175,-4.06,False
211,COP,Oil & Gas,1.3,29.2,-7.1,-19.5,-12.2,-0.7,0.4,-11.7,-27.7,-27.5,4.2,1.3,179.6,-71.5,1.4,20.2,56.846123611329595,152.5,195.0,195.0,204.0,204.0,95.52,95.52,302.57,302.57,-41,56.7801347011809,STRONG_DOWN,MID_RANGE,MOMENTUM_DOWN,S5_TRASH,,,,,195.0,195.0,204.0,204.0,95.52,95.52,266.0,4.0,0.0,25.0,0.0,302.57,302.57,,,,,,,135.87,-16.11,False
212,BLDR,Building Materials,32.4,8.5,0.5,-12.8,-26.3,-33.1,-46.3,-66.9,-84.2,-79.3,-37.6,32.4,761.1,-34.7,1.4,2703.7,3893.475560831077,183.6,167.0,167.0,174.0,174.0,80.35,80.35,302.65,302.65,1,-324.87744724235927,EARLY_UP,LOWER,NEUTRAL,S0_NEUTRAL,,,,,167.0,167.0,174.0,174.0,80.35,80.35,553.0,58.0,0.0,0.0,0.0,302.65,302.65,,,,,,,131.5,-42.01,False
213,EMR,Industrial Automation,-24.6,23.5,13.5,-3.6,-8.0,-5.6,-5.6,-3.5,-3.3,-7.0,-7.3,-24.6,21.8,-38.3,1.7,0.0,-49.112232859422534,126.7,232.0,232.0,248.0,248.0,80.75,80.75,303.75,303.75,186,4950.887767140577,EARLY_UP,MID_RANGE,MOMENTUM_UP,S2_EARLY_BREAKOUT,,,,,232.0,232.0,248.0,248.0,80.75,80.75,234.0,4.0,0.0,-4.0,0.0,303.75,303.75,,,,,,,165.15,-12.92,False
214,VOO,Unknown,0.0,24.7,0.0,0.5,0.4,0.7,0.4,1.1,1.4,-0.3,-0.1,0.0,7.0,-2.3,1.6,-5.5,-4.6,126.4,234.0,234.0,206.0,206.0,71.04,71.04,304.19,304.19,7,0.0,,,,,,,,,234.0,234.0,206.0,206.0,71.04,71.04,161.0,0.0,0.0,0.0,0.0,304.19,304.19,1600156336128.0,1600.156,,etf,etf,data_raw,697.0,-0.22,True
215,Q,Technology,43.1,100.0,6.1,43.7,45.6,,,,,,,43.1,46.3,-16.0,1.7,5.3,5.3,43.4,436.0,436.0,163.0,163.0,17.5,17.5,305.6,305.6,-15,0.0,,,,,,,,,436.0,436.0,163.0,163.0,17.5,17.5,66.0,0.0,71.0,0.0,0.0,305.6,305.6,33276561750.2,33.277,304.0,other,equity,data_raw,171.52,-9.05,False
216,PFG,Diversified Financial Services,-24.8,24.5,-3.1,-1.5,-1.1,3.9,7.1,1.1,-7.6,-17.1,-8.0,-24.8,75.3,-56.6,1.6,0.0,-61.188284700388806,126.5,233.0,233.0,249.0,249.0,93.59,93.59,306.09,306.09,-1,4938.811715299611,STRONG_UP,MID_RANGE,MOMENTUM_DOWN,S0_NEUTRAL,,,,,233.0,233.0,249.0,249.0,93.59,93.59,149.0,0.0,0.0,0.0,0.0,306.09,306.09,,,,,,,105.0,-1.31,False
217,DOV,Diversified Machinery,-8.9,30.9,-1.3,-12.2,-11.0,-4.9,-2.7,-10.2,-13.4,-22.4,-25.2,-8.9,62.8,-40.4,2.0,0.0,23.6439758336859,142.4,206.0,206.0,214.0,214.0,108.96,108.96,306.41,306.41,50,23.643894887728063,EARLY_UP,MID_RANGE,NEUTRAL,S0_NEUTRAL,,,,,206.0,206.0,214.0,214.0,108.96,108.96,267.0,4.0,0.0,0.0,0.0,306.41,306.41,,,,,,,237.54,-11.02,False
218,NI,"Electric, Gas and Multi-Utilities",-34.8,40.0,-13.1,-12.9,-10.6,-6.5,-7.1,-0.7,5.8,7.4,-3.7,-34.8,17.0,-68.5,1.3,0.0,-38.83299137177686,116.4,255.0,255.0,275.0,275.0,61.43,61.43,307.28,307.28,-14,4961.167008628223,EARLY_UP,MID_RANGE,MOMENTUM_DOWN,S0_NEUTRAL,,,,,255.0,255.0,275.0,275.0,61.43,61.43,300.0,4.0,0.0,0.0,0.0,307.28,307.28,,,,,,,48.98,-5.63,False
219,ORLY,Auto Parts,35.1,41.4,-9.7,-18.1,-18.7,-19.3,-26.2,-25.5,-30.3,-19.2,-0.7,35.1,154.4,-48.4,1.2,256.0,123.04839936268479,186.4,161.0,161.0,169.0,169.0,46.44,46.44,307.29,307.29,-76,-73.14810470921401,STRONG_DOWN,MID_RANGE,MOMENTUM_DOWN,S5_TRASH,,,,,161.0,161.0,169.0,169.0,46.44,46.44,472.0,58.0,0.0,25.0,0.0,307.29,307.29,,,,,,,108.72,-20.09,False
220,SNA,Tools & Accessories,-17.9,34.0,-1.0,-10.2,-10.2,-6.0,-5.5,-7.2,-12.8,-7.5,2.4,-17.9,29.6,-41.8,1.4,0.0,0.0,133.4,220.0,220.0,232.0,232.0,93.67,93.67,308.72,308.72,36,-0.8328148597120675,EARLY_UP,MID_RANGE,NEUTRAL,S0_NEUTRAL,,,,,220.0,220.0,232.0,232.0,93.67,93.67,273.0,4.0,0.0,0.0,0.0,308.72,308.72,,,,,,,400.88,-7.4,False
221,AMP,Asset Management,53.4,32.1,-3.3,-11.5,-15.7,-15.4,-24.1,-32.8,-35.4,-29.6,4.8,53.4,218.6,-24.3,1.3,397.4,289.1578843945288,204.7,147.0,147.0,152.0,152.0,75.33,75.33,311.53,311.53,15,289.15788387144534,EARLY_DOWN,MID_RANGE,MOMENTUM_DOWN,S5_TRASH,,,,,147.0,147.0,152.0,152.0,75.33,75.33,423.0,58.0,0.0,25.0,0.0,311.53,311.53,,,,,,,550.18,-18.99,False
222,WST,Healthcare,-42.4,12.5,0.2,7.3,15.4,11.1,13.3,-7.4,-32.7,-58.2,-66.6,-42.4,240.6,-82.2,1.5,0.0,-78.3462683325232,108.8,269.0,269.0,288.0,288.0,89.27,89.27,312.02,312.02,41,8.020442331880503,STRONG_UP,LOWER,MOMENTUM_UP,S0_NEUTRAL,,,,,269.0,269.0,288.0,288.0,89.27,89.27,88.0,0.0,0.0,0.0,0.0,312.02,312.02,,,,,,,330.88,-2.44,False
223,ALB,Specialty Chemicals,-57.8,26.2,0.5,-15.3,-11.6,9.6,73.1,70.6,32.2,-22.6,-20.8,-57.8,194.3,-146.7,2.6,0.0,-280.4981305671654,93.5,296.0,296.0,320.0,320.0,65.34,65.34,312.24,312.24,16,-280.4980065063486,STRONG_DOWN,MID_RANGE,MOMENTUM_UP,S4_BOTTOMING,,,,,296.0,296.0,320.0,320.0,65.34,65.34,80.0,4.0,0.0,-2.0,0.0,312.24,312.24,,,,,,,221.0,-20.17,False
224,TEL,Electronic Components,-13.5,33.5,9.2,-6.9,-10.5,-13.8,-8.8,2.5,1.1,-6.2,-6.2,-13.5,51.0,-45.6,1.6,0.0,-34.12849663494064,137.8,215.0,215.0,226.0,226.0,73.52,73.52,313.12,313.12,103,-29.192400893208564,EARLY_UP,MID_RANGE,MOMENTUM_UP,S2_EARLY_BREAKOUT,,,,,215.0,215.0,226.0,226.0,73.52,73.52,317.0,20.0,0.0,-4.0,0.0,313.12,313.12,,,,,,,252.56,-15.5,False
225,NFLX,Broadcasting & Cable TV,45.6,34.4,-3.5,-18.5,-16.0,-21.4,-35.4,-29.3,-14.5,14.3,-4.6,45.6,279.9,-76.6,1.4,463.1,231.0690863379006,196.9,154.0,154.0,160.0,160.0,61.78,61.78,313.13,313.13,-72,-137.4036631179346,STRONG_DOWN,MID_RANGE,NEUTRAL,S5_TRASH,,,,,154.0,154.0,160.0,160.0,61.78,61.78,495.0,58.0,0.0,25.0,0.0,313.13,313.13,,,,,,,124.86,-31.11,False
226,ALL,Insurance - Property & Casualty,-16.5,33.4,-14.9,-12.1,-10.8,-10.0,-14.6,-17.1,-9.2,-7.2,-9.5,-16.5,53.0,-50.7,1.4,0.0,30.571867763818084,134.8,219.0,219.0,230.0,230.0,64.78,64.78,313.83,313.83,-68,30.57185580453745,EARLY_DOWN,MID_RANGE,MOMENTUM_DOWN,S5_TRASH,,,,,219.0,219.0,230.0,230.0,64.78,64.78,352.0,14.0,0.0,25.0,0.0,313.83,313.83,,,,,,,227.62,-9.46,False
227,AFL,Insurance - Life,-5.7,38.2,-13.2,-8.6,-8.7,-8.1,-11.2,-17.3,-17.6,-6.8,2.1,-5.7,67.0,-50.0,1.4,0.0,43.689487877196626,145.5,203.0,203.0,211.0,211.0,84.78,84.78,314.68,314.68,-82,-8.8642334086542,EARLY_DOWN,MID_RANGE,MOMENTUM_DOWN,S5_TRASH,,,,,203.0,203.0,211.0,211.0,84.78,84.78,299.0,14.0,0.0,25.0,0.0,314.68,314.68,,,,,,,119.81,-6.17,False
228,EQIX,Data Center REITs,-37.9,33.1,-4.1,-6.9,2.1,13.0,11.9,3.5,-7.7,-18.1,-34.1,-37.9,57.8,-85.6,2.6,0.0,-58.05042746625212,113.4,259.0,259.0,279.0,279.0,93.77,93.77,315.22,315.22,50,4941.949572533748,STRONG_UP,MID_RANGE,MOMENTUM_DOWN,S0_NEUTRAL,,,,,259.0,259.0,279.0,279.0,93.77,93.77,128.0,0.0,0.0,0.0,0.0,315.22,315.22,,,,,,,1128.6801,-5.37,False
229,EXPD,Air Freight & Logistics,-38.6,29.6,-3.6,-1.8,-4.0,-0.8,5.7,1.6,-11.1,-25.0,-32.1,-38.6,44.4,-72.8,1.9,0.0,-75.49957871764298,112.7,261.0,261.0,281.0,281.0,85.33,85.33,316.28,316.28,6,651.532746801376,STRONG_UP,MID_RANGE,MOMENTUM_DOWN,S0_NEUTRAL,,,,,261.0,261.0,281.0,281.0,85.33,85.33,168.0,0.0,0.0,0.0,0.0,316.28,316.28,,,,,,,167.19,-5.5,False
230,DXCM,Healthcare,-66.2,7.4,0.1,9.0,-0.0,2.9,-10.9,-28.3,-54.9,-83.2,-100.6,-66.2,399.3,-102.9,1.9,0.0,237.22805060076996,85.0,316.0,316.0,338.0,338.0,99.06,99.06,317.26,317.26,-12,-4762.77194939923,STRONG_UP,LOWER,NEUTRAL,S0_NEUTRAL,,,,,316.0,316.0,338.0,338.0,99.06,99.06,166.0,10.0,0.0,0.0,0.0,317.26,317.26,,,,,,,75.98,-2.95,False
231,SO,Electric Utilities,35.9,47.2,-7.4,-15.1,-13.0,-11.2,-16.6,-20.2,-20.9,-15.0,-4.4,35.9,116.9,-35.5,1.2,159.3,79.19897300573,187.2,160.0,160.0,168.0,168.0,80.33,80.33,318.18,318.18,-82,-60.78036252310683,STRONG_DOWN,MID_RANGE,MOMENTUM_DOWN,S5_TRASH,,,,,160.0,160.0,168.0,168.0,80.33,80.33,395.0,40.0,0.0,25.0,0.0,318.18,318.18,,,,,,,100.84,-8.72,False
232,BG,Food Products,-32.7,33.2,0.7,-12.7,-8.6,4.2,17.1,11.6,-5.6,-22.1,-7.3,-32.7,82.2,-88.8,2.1,0.0,-83.17193849242138,118.6,249.0,249.0,266.0,266.0,94.01,94.01,321.16,321.16,34,-83.16614839507127,STRONG_DOWN,MID_RANGE,MOMENTUM_UP,S4_BOTTOMING,,,,,249.0,249.0,266.0,266.0,94.01,94.01,164.0,4.0,0.0,-2.0,0.0,321.16,321.16,,,,,,,133.93,-7.94,False
233,TDY,Aerospace & Defense,-4.8,18.8,-2.7,-11.7,-13.0,-3.0,-3.7,-0.8,-8.2,-24.0,-38.9,-4.8,109.5,-31.1,1.7,0.0,-4.191453640674394,146.4,202.0,202.0,210.0,210.0,113.93,113.93,322.18,322.18,51,-3.77319718099432,EARLY_UP,LOWER,NEUTRAL,S0_NEUTRAL,,,,,202.0,202.0,210.0,210.0,113.93,113.93,271.0,4.0,0.0,0.0,0.0,322.18,322.18,,,,,,,693.38,-10.61,False
234,LII,HVAC Equipment,-35.8,9.9,2.7,-8.5,-11.7,-10.6,-21.8,-34.0,-35.0,-20.8,-30.0,-35.8,101.7,-50.5,1.6,0.0,349.714732292677,115.5,258.0,258.0,278.0,278.0,73.67,73.67,322.72,322.72,86,349.71049853208467,EARLY_DOWN,LOWER,MOMENTUM_UP,S4_BOTTOMING,,,,,258.0,258.0,278.0,278.0,73.67,73.67,383.0,40.0,0.0,-2.0,0.0,322.72,322.72,,,,,,,575.5,-12.74,False
235,0138Y0.KS,Korea ETF (My Portfolio),5.4,58.9,-9.0,6.5,0.7,0.7,0.7,0.7,0.7,0.7,0.7,0.7,10.0,-1.2,1.9,4.3,3.234800983781929e-150,7.3,509.0,509.0,201.0,201.0,65.07,65.07,323.57,323.57,3,-1.1884457075437794e-129,,,,,,,,,509.0,509.0,201.0,201.0,65.07,65.07,151.0,0.0,0.0,0.0,0.0,323.57,323.57,323.0,0.0,,etf,etf,data_raw,11250.0,-8.09,False
236,SPG,Retail REITs,-48.5,44.8,-3.0,-5.1,-5.5,-2.2,-0.6,-1.9,4.3,8.6,16.4,-48.5,9.3,-94.0,1.2,0.0,-43.16067800827006,102.8,278.0,278.0,299.0,299.0,81.49,81.49,324.24,324.24,-11,273.68069412544025,STRONG_UP,MID_RANGE,NEUTRAL,S0_NEUTRAL,,,,,278.0,278.0,299.0,299.0,81.49,81.49,201.0,4.0,0.0,0.0,0.0,324.24,324.24,,,,,,,208.79,-1.86,False
237,UNP,Railroads,-38.3,20.1,-4.4,-6.3,-4.6,0.8,0.5,-7.0,-16.6,-29.6,-41.1,-38.3,54.8,-61.2,2.2,0.0,-73.18339327359385,113.0,260.0,260.0,280.0,280.0,91.98,91.98,326.18,326.18,-6,-62.124435616413805,STRONG_UP,MID_RANGE,MOMENTUM_DOWN,S0_NEUTRAL,,,,,260.0,260.0,280.0,280.0,91.98,91.98,194.0,0.0,0.0,0.0,0.0,326.18,326.18,,,,,,,279.68,-6.09,False
238,XLI,Index,-18.6,17.7,-4.6,-7.5,-7.9,-3.7,-3.9,-3.0,-5.0,-6.9,-10.6,-18.6,12.5,-24.8,1.8,0.0,-48.5977529880273,132.6,222.0,222.0,234.0,234.0,105.9,105.9,326.9,326.9,0,0.0,STRONG_UP,LOWER,NEUTRAL,S0_NEUTRAL,,,,,222.0,222.0,234.0,234.0,105.9,105.9,232.0,4.0,0.0,0.0,0.0,326.9,326.9,,,,,,,179.31,-3.45,False
239,V,Transaction Processing,-41.6,0.3,-4.6,-5.8,-6.9,-10.5,-19.6,-22.7,-28.6,-33.2,-48.6,-41.6,57.3,-41.6,2.1,0.0,212.4317639358409,109.6,267.0,267.0,287.0,287.0,94.83,94.83,327.43,327.43,-27,-46.12271379140694,STRONG_UP,LOWER,MOMENTUM_DOWN,S0_NEUTRAL,,,,,267.0,267.0,287.0,287.0,94.83,94.83,325.0,22.0,0.0,0.0,0.0,327.43,327.43,,,,,,,358.62,-9.0,False
240,HCA,Hospitals,28.9,27.0,-7.2,-26.6,-30.9,-31.2,-28.0,-26.1,-28.7,-26.3,-6.0,28.9,180.8,-26.7,1.3,377.2,197.05540232571167,180.2,172.0,172.0,179.0,179.0,57.92,57.92,328.12,328.12,22,197.05539439568085,STRONG_DOWN,MID_RANGE,MOMENTUM_DOWN,S5_TRASH,,,,,172.0,172.0,179.0,179.0,57.92,57.92,546.0,58.0,0.0,25.0,0.0,328.12,328.12,,,,,,,556.52,-31.98,False
241,CTRA,Oil & Gas E&P,-54.0,32.0,-13.8,-12.9,-4.9,5.7,10.2,3.8,-8.9,-8.1,-5.7,-54.0,47.1,-103.3,1.6,0.0,-4.8408052129803976e-225,89.7,306.0,306.0,310.0,310.0,97.55,97.55,330.1,330.1,13,4.87346607157281e-194,STRONG_UP,MID_RANGE,NEUTRAL,S0_NEUTRAL,,,,,306.0,306.0,310.0,310.0,97.55,97.55,165.0,0.0,0.0,0.0,0.0,330.1,330.1,24724652557.46,24.725,363.0,other,equity,data_raw,36.88,-11.71,False
242,VRTX,Biotechnology,-27.2,21.0,1.9,-7.4,-12.2,-10.5,-15.7,-27.6,-36.0,-27.4,-37.5,-27.2,96.1,-59.6,1.8,0.0,130.6281259056014,124.1,237.0,237.0,252.0,252.0,94.77,94.77,332.82,332.82,67,45.25136665332498,STRONG_UP,MID_RANGE,MOMENTUM_UP,S1_LEADER,,,,,237.0,237.0,252.0,252.0,94.77,94.77,350.0,40.0,0.0,-6.0,0.0,332.82,332.82,,,,,,,507.92,-11.89,False
243,XOM,Integrated Oil & Gas,5.5,50.6,-11.4,-17.5,-13.9,-1.6,6.9,3.6,-5.0,7.3,37.8,5.5,94.8,-84.9,1.5,-4.2,-3.704692473470503,156.8,192.0,192.0,200.0,200.0,71.67,71.67,333.42,333.42,-87,-3.1769229954489764,EARLY_DOWN,UPPER_RANGE,MOMENTUM_DOWN,S5_TRASH,,,,,192.0,192.0,200.0,200.0,71.67,71.67,241.0,4.0,0.0,25.0,0.0,333.42,333.42,,,,,,,176.395,-17.65,False
244,BLK,Asset Management,-24.1,0.0,-9.2,-6.2,-10.0,-10.8,-15.4,-15.3,-15.1,-22.1,-21.5,-24.1,46.8,-24.5,1.6,0.0,789.4542479385813,127.2,231.0,231.0,247.0,247.0,101.59,101.59,334.44,334.44,32,789.4542479379297,EARLY_DOWN,LOWER,MOMENTUM_DOWN,S5_TRASH,,,,,231.0,231.0,247.0,247.0,101.59,101.59,328.0,22.0,0.0,25.0,0.0,334.44,334.44,,,,,,,1219.9399,-14.19,False
245,DD,Specialty Chemicals,-58.5,37.6,-2.0,-5.5,-5.6,4.4,23.0,20.5,16.4,10.7,1.3,-58.5,17.9,-103.7,2.4,0.0,-115.38602301572625,92.7,299.0,299.0,322.0,322.0,60.14,60.14,336.24,336.24,2,-115.38602181214797,EARLY_DOWN,MID_RANGE,MOMENTUM_DOWN,S5_TRASH,,,,,299.0,299.0,322.0,322.0,60.14,60.14,139.0,4.0,0.0,25.0,0.0,336.24,336.24,,,,,,,52.66,-8.05,False
246,^TNX,Index,-35.7,31.0,-3.6,-7.8,-4.4,-3.9,-10.8,-21.3,-35.4,-16.1,31.9,-35.7,128.3,-108.5,1.3,0.0,31.880404415137306,115.6,257.0,257.0,277.0,277.0,89.22,89.22,336.47,336.47,0,0.0,EARLY_DOWN,MID_RANGE,MOMENTUM_DOWN,S5_TRASH,,,,,257.0,257.0,277.0,277.0,89.22,89.22,242.0,10.0,0.0,25.0,0.0,336.47,336.47,,,,,,,4.687,-4.99,False
247,COF,Diversified Banks,-18.1,24.0,-2.3,-10.3,-14.6,-20.5,-25.2,-21.2,-12.9,-15.6,-4.6,-18.1,92.5,-52.5,1.3,0.0,83.92941635816382,133.2,221.0,221.0,233.0,233.0,69.22,69.22,336.62,336.62,28,83.05368618036815,EARLY_UP,MID_RANGE,MOMENTUM_UP,S2_EARLY_BREAKOUT,,,,,221.0,221.0,233.0,233.0,69.22,69.22,439.0,58.0,0.0,-4.0,0.0,336.62,336.62,,,,,,,259.64,-27.62,False
248,MCO,Credit Rating & Analytics,-19.4,6.7,-1.3,-8.8,-13.5,-15.7,-22.1,-28.4,-32.2,-37.9,-46.4,-19.4,88.4,-27.0,1.5,0.0,619.1953685670123,131.9,223.0,223.0,235.0,235.0,85.76,85.76,336.86,336.86,37,-3560.538689444421,EARLY_UP,LOWER,MOMENTUM_UP,S4_BOTTOMING,,,,,223.0,223.0,235.0,235.0,85.76,85.76,407.0,58.0,0.0,-2.0,0.0,336.86,336.86,,,,,,,546.88,-17.12,False
249,160580.KS,Commodity,-44.9,31.0,-5.3,-1.6,-2.5,1.6,8.8,8.1,3.8,-9.8,-14.7,-44.9,32.3,-78.9,1.7,0.0,-100.85669461915866,106.4,274.0,274.0,294.0,294.0,100.08,100.08,336.93,336.93,24,4899.143305380841,STRONG_UP,MID_RANGE,MOMENTUM_DOWN,S0_NEUTRAL,,,,,274.0,274.0,294.0,294.0,100.08,100.08,155.0,0.0,0.0,0.0,0.0,336.93,336.93,,,,,,,17915.0,-5.67,False
250,PLD,Industrial REITs,-35.6,14.5,-4.2,-5.7,-5.1,-1.8,3.9,-1.6,-15.4,-34.9,-44.9,-35.6,112.7,-60.3,1.8,0.0,-143.49949582511547,115.7,256.0,256.0,276.0,276.0,97.66,97.66,338.46,338.46,-10,3078.529367517413,STRONG_UP,LOWER,MOMENTUM_DOWN,S0_NEUTRAL,,,,,256.0,256.0,276.0,276.0,97.66,97.66,190.0,4.0,0.0,0.0,0.0,338.46,338.46,,,,,,,147.93,-3.01,False
251,HIG,Insurance - Diversified,7.7,46.6,-16.6,-16.2,-16.7,-15.7,-19.0,-19.4,-13.6,-5.2,11.6,7.7,77.8,-52.8,1.2,110.4,47.07338129544421,159.0,187.0,187.0,194.0,194.0,59.22,59.22,338.47,338.47,-122,-29.454706925911395,STRONG_DOWN,MID_RANGE,MOMENTUM_DOWN,S5_TRASH,,,,,187.0,187.0,194.0,194.0,59.22,59.22,424.0,58.0,0.0,25.0,0.0,338.47,338.47,,,,,,,144.5,-12.02,False
252,AEP,Electric Utilities,-43.3,24.3,-11.2,-13.7,-10.5,-6.8,-4.2,2.2,4.6,-5.5,-22.4,-43.3,33.7,-67.3,1.6,0.0,-116.73390658175667,108.0,272.0,272.0,292.0,292.0,77.98,77.98,339.03,339.03,17,4883.266093418243,EARLY_UP,MID_RANGE,MOMENTUM_DOWN,S0_NEUTRAL,,,,,272.0,272.0,292.0,292.0,77.98,77.98,289.0,4.0,0.0,0.0,0.0,339.03,339.03,,,,,,,139.44,-9.16,False
253,CCEP,Beverages - Non-Alcoholic,-22.5,31.2,-11.4,-13.0,-16.1,-13.3,-16.3,-11.9,-11.7,-3.2,-8.1,-22.5,51.9,-55.5,1.3,0.0,1.975890675372193,128.8,229.0,229.0,244.0,244.0,64.78,64.78,339.23,339.23,-76,-8.053847634067196,EARLY_UP,MID_RANGE,NEUTRAL,S0_NEUTRAL,,,,,229.0,229.0,244.0,244.0,64.78,64.78,406.0,40.0,0.0,0.0,0.0,339.23,339.23,,,,,,,110.9,-18.22,False
254,XLE,Index,-21.8,41.1,-11.5,-14.7,-9.1,1.6,6.1,-0.3,-10.5,-7.2,12.3,-21.8,63.6,-80.5,1.5,0.0,-23.34546552186773,129.4,226.0,226.0,241.0,241.0,99.47,99.47,339.57,339.57,0,0.0,EARLY_DOWN,MID_RANGE,MOMENTUM_DOWN,S5_TRASH,,,,,226.0,226.0,241.0,241.0,99.47,99.47,206.0,4.0,0.0,25.0,0.0,339.57,339.57,,,,,,,63.46,-11.3,False
255,DVN,Oil & Gas E&P,5.9,27.2,-4.9,-20.4,-11.1,0.7,8.0,-3.6,-23.3,-32.0,60.1,5.9,286.9,-103.1,1.4,-22.4,17.10459959859667,157.1,190.0,190.0,198.0,198.0,91.35,91.35,340.1,340.1,-57,17.104074279985483,STRONG_DOWN,MID_RANGE,MOMENTUM_DOWN,S5_TRASH,,,,,190.0,190.0,198.0,198.0,91.35,91.35,223.0,4.0,0.0,25.0,0.0,340.1,340.1,,,,,,,52.7001,-15.58,False
256,FITB,Banks - Regional,-30.3,21.7,-1.5,-7.4,-8.5,-3.3,-1.2,-4.3,4.3,-11.8,-9.7,-30.3,50.1,-51.9,1.5,0.0,-65.03541139610242,121.0,243.0,243.0,260.0,260.0,110.09,110.09,343.14,343.14,36,4934.964588603898,EARLY_UP,MID_RANGE,NEUTRAL,S0_NEUTRAL,,,,,243.0,243.0,260.0,260.0,110.09,110.09,220.0,4.0,0.0,0.0,0.0,343.14,343.14,,,,,,,55.44,-9.94,False
257,ISRG,Health Care Equipment,-15.7,0.8,-3.8,-18.1,-21.8,-27.3,-32.4,-40.3,-41.7,-39.9,-44.0,-15.7,156.3,-16.9,1.6,0.0,4823.816846977533,135.6,218.0,218.0,229.0,229.0,62.89,62.89,343.74,343.74,-34,2470.2257374758547,STRONG_DOWN,LOWER,MOMENTUM_DOWN,S5_TRASH,,,,,218.0,218.0,229.0,229.0,62.89,62.89,511.0,58.0,0.0,25.0,0.0,343.74,343.74,,,,,,,603.88,-29.68,False
258,PNC,Financials,-30.9,25.4,-2.0,-6.9,-7.1,-2.1,-1.6,-4.0,3.4,-9.7,-12.2,-30.9,32.0,-51.9,1.5,0.0,-53.87261121819471,120.4,246.0,246.0,262.0,262.0,114.48,114.48,345.18,345.18,38,4946.127388781805,EARLY_UP,MID_RANGE,NEUTRAL,S0_NEUTRAL,,,,,246.0,246.0,262.0,262.0,114.48,114.48,214.0,4.0,0.0,0.0,0.0,345.18,345.18,,,,,,,243.94,-9.35,False
259,MRK,Pharmaceuticals,-56.2,25.5,-6.1,-8.2,-8.1,0.5,10.9,-4.9,-23.2,-30.5,-43.9,-56.2,61.4,-95.8,2.4,0.0,-96.901050878131,95.1,293.0,293.0,317.0,317.0,92.0,92.0,345.45,345.45,38,4903.098949121869,EARLY_UP,MID_RANGE,NEUTRAL,S0_NEUTRAL,,,,,293.0,293.0,317.0,317.0,92.0,92.0,178.0,4.0,0.0,0.0,0.0,345.45,345.45,,,,,,,125.14,-5.13,False
260,HST,Hotel & Resort REITs,-72.0,31.1,0.8,4.3,7.6,15.9,21.8,16.9,5.7,-7.8,-22.0,-72.0,13.8,-111.1,2.5,0.0,-162.87086280781241,79.2,333.0,333.0,356.0,356.0,90.31,90.31,347.51,347.51,21,4837.129137192188,STRONG_UP,MID_RANGE,NEUTRAL,S0_NEUTRAL,,,,,333.0,333.0,356.0,356.0,90.31,90.31,87.0,0.0,0.0,0.0,0.0,347.51,347.51,,,,,,,23.5375,-2.37,False
261,EVRG,Utilities,-51.8,26.5,-8.5,-10.7,-9.0,-5.4,-3.4,5.8,8.3,-4.4,-21.0,-51.8,19.6,-76.9,1.5,0.0,-130.46018303502743,99.5,281.0,281.0,303.0,303.0,86.66,86.66,347.86,347.86,-13,4869.5398169649725,STRONG_UP,MID_RANGE,MOMENTUM_DOWN,S0_NEUTRAL,,,,,281.0,281.0,303.0,303.0,86.66,86.66,251.0,4.0,0.0,0.0,0.0,347.86,347.86,,,,,,,85.27,-3.79,False
262,AJG,Insurance Brokers,-28.0,2.1,-3.1,-15.4,-20.4,-24.8,-40.3,-52.0,-61.6,-63.6,-57.4,-28.0,215.4,-33.0,1.9,0.0,4853.877679888539,123.2,239.0,239.0,254.0,254.0,81.23,81.23,347.88,347.88,-7,-146.1223201114608,EARLY_UP,LOWER,NEUTRAL,S0_NEUTRAL,,,,,239.0,239.0,254.0,254.0,81.23,81.23,516.0,58.0,0.0,0.0,0.0,347.88,347.88,,,,,,,313.55,-35.86,False
263,NDSN,Industrials,-53.6,15.5,-4.5,-5.7,-6.9,0.9,6.2,-2.4,-17.9,-35.1,-46.9,-53.6,48.0,-72.0,2.5,0.0,-204.24410421189248,97.6,286.0,286.0,309.0,309.0,92.31,92.31,348.11,348.11,49,4795.755895788107,STRONG_UP,LOWER,NEUTRAL,S0_NEUTRAL,,,,,286.0,286.0,309.0,309.0,92.31,92.31,184.0,4.0,0.0,0.0,0.0,348.11,348.11,,,,,,,305.28,-5.88,False
264,UNH,Managed Healthcare,-83.9,12.1,-3.0,10.7,16.6,11.6,6.4,-27.1,-48.7,-71.0,-80.0,-83.9,128.7,-112.7,1.7,0.0,0.7784974093858563,67.4,357.0,357.0,381.0,381.0,76.67,76.67,348.72,348.72,-42,-3.441683083199373,EARLY_DOWN,LOWER,MOMENTUM_DOWN,S5_TRASH,,,,,357.0,357.0,381.0,381.0,76.67,76.67,90.0,0.0,0.0,25.0,0.0,348.72,348.72,,,,,,,404.15,-5.9,False
265,ACHR,Aerospace & Defense,-29.1,11.4,2.5,13.1,-0.7,-13.4,-31.1,-11.2,-13.5,-18.7,,-29.1,137.3,-87.4,1.6,0.0,43.98017062586832,38.5,450.0,450.0,256.0,256.0,60.0,60.0,349.4,349.4,99,-62.64008760639488,STRONG_UP,LOWER,MOMENTUM_UP,S0_NEUTRAL,,,,,450.0,450.0,256.0,256.0,60.0,60.0,292.0,18.0,11.0,0.0,0.0,349.4,349.4,,,,,,,14.62,-53.42,False
266,BAC,Diversified Banks,-32.4,16.3,-4.8,-9.4,-9.4,-11.6,-10.1,-6.3,2.0,-11.7,-19.2,-32.4,46.0,-47.9,1.3,0.0,-90.30516592351297,118.9,248.0,248.0,265.0,265.0,82.4,82.4,350.2,350.2,-2,4909.694834076487,EARLY_UP,LOWER,MOMENTUM_UP,S4_BOTTOMING,,,,,248.0,248.0,265.0,265.0,82.4,82.4,314.0,22.0,0.0,-2.0,0.0,350.2,350.2,,,,,,,57.55,-10.34,False
267,FOXA,Entertainment,-11.4,32.7,-4.6,-5.1,-6.9,-11.0,-9.9,3.1,13.5,5.7,-8.9,-11.4,10.2,-73.0,1.4,0.0,-63.84843439126145,84.6,319.0,319.0,220.0,220.0,65.99,65.99,352.14,352.14,-64,-63.834269952567524,EARLY_DOWN,MID_RANGE,MOMENTUM_DOWN,S5_TRASH,,,,,319.0,319.0,220.0,220.0,65.99,65.99,282.0,12.0,0.0,25.0,0.0,352.14,352.14,,,,,,,76.39,-16.32,False
268,NSC,Industrials,-34.2,16.6,-9.2,-7.5,-7.2,-4.9,-3.1,-0.8,-6.5,-24.4,-39.1,-34.2,59.6,-52.6,1.4,0.0,-126.84050777756953,117.1,252.0,252.0,271.0,271.0,109.6,109.6,353.25,353.25,-35,-126.46302637648584,STRONG_UP,LOWER,MOMENTUM_DOWN,S0_NEUTRAL,,,,,252.0,252.0,271.0,271.0,109.6,109.6,229.0,4.0,0.0,0.0,0.0,353.25,353.25,,,,,,,326.0,-6.45,False
269,GEN,Technology,-64.2,22.8,2.0,25.2,13.8,2.8,-12.5,-22.2,-24.9,-41.0,-49.0,-64.2,53.5,-105.8,2.0,0.0,-48.92806721908473,87.0,309.0,309.0,332.0,332.0,101.76,101.76,353.51,353.51,45,4951.071932780916,STRONG_UP,MID_RANGE,MOMENTUM_DOWN,S0_NEUTRAL,,,,,309.0,309.0,332.0,332.0,101.76,101.76,120.0,10.0,0.0,0.0,0.0,353.51,353.51,,,,,,,29.25,-11.83,False
270,GD,Aerospace & Defense,-39.7,32.0,-1.4,-9.9,-10.2,-8.9,-6.8,-5.0,-6.5,-7.2,-5.1,-39.7,19.3,-66.9,1.4,0.0,-55.656588418076375,111.6,262.0,262.0,282.0,282.0,110.2,110.2,355.8,355.8,87,4944.343411581924,STRONG_UP,MID_RANGE,MOMENTUM_UP,S1_LEADER,,,,,262.0,262.0,282.0,282.0,110.2,110.2,296.0,4.0,0.0,-6.0,0.0,355.8,355.8,,,,,,,369.7,-6.19,False
271,AKAM,Technology,-64.8,40.5,-0.3,26.3,34.7,49.4,58.4,41.0,18.4,-6.9,-36.5,-64.8,51.4,-142.9,2.4,0.0,-122.31642581080933,86.5,311.0,311.0,334.0,334.0,93.83,93.83,356.68,356.68,-37,-122.31608383877477,EARLY_DOWN,MID_RANGE,MOMENTUM_DOWN,S5_TRASH,,,,,311.0,311.0,334.0,334.0,93.83,93.83,36.0,0.0,0.0,25.0,0.0,356.68,356.68,,,,,,,165.45,-9.62,False
272,DLR,Real Estate,-47.2,21.4,-5.3,-10.2,-3.4,2.5,-1.8,-2.7,-0.2,-5.6,-24.3,-47.2,38.9,-70.1,1.6,0.0,-112.09091675917583,104.0,276.0,276.0,296.0,296.0,114.03,114.03,358.68,358.68,19,4887.909083240824,EARLY_UP,MID_RANGE,NEUTRAL,S0_NEUTRAL,,,,,276.0,276.0,296.0,296.0,114.03,114.03,197.0,0.0,0.0,0.0,0.0,358.68,358.68,,,,,,,208.14,-8.72,False
273,CVNA,Auto & Truck Dealerships,-34.3,6.4,0.7,-88.9,-89.3,-90.0,-95.5,-93.7,-32.6,17.1,-43.4,-34.3,1079.9,-122.9,1.3,0.0,5000.0,91.8,300.0,300.0,272.0,272.0,68.64,68.64,359.49,359.49,103,4622.1122668022035,EARLY_UP,LOWER,MOMENTUM_UP,S4_BOTTOMING,,,,,300.0,300.0,272.0,272.0,68.64,68.64,577.0,58.0,0.0,-2.0,0.0,359.49,359.49,,,,,,,486.89,-85.01,False
274,WRB,Property & Casualty Insurance,6.2,19.2,-14.3,-13.7,-16.4,-18.5,-25.9,-25.0,-23.6,-18.7,-13.3,6.2,107.3,-27.7,1.4,0.0,204.38943706552357,157.5,188.0,188.0,196.0,196.0,84.78,84.78,360.08,360.08,-95,78.02189277029461,EARLY_DOWN,LOWER,MOMENTUM_DOWN,S5_TRASH,,,,,188.0,188.0,196.0,196.0,84.78,84.78,452.0,58.0,0.0,25.0,0.0,360.08,360.08,,,,,,,78.96,-19.53,False
275,EOG,Oil & Gas E&P,-45.3,30.2,-9.1,-14.4,-5.0,5.3,3.2,-7.3,-19.5,-19.5,8.1,-45.3,74.9,-96.5,1.5,0.0,-48.415912498008254,105.9,275.0,275.0,295.0,295.0,99.75,99.75,361.15,361.15,-69,-45.99626707782329,EARLY_DOWN,MID_RANGE,MOMENTUM_DOWN,S5_TRASH,,,,,275.0,275.0,295.0,295.0,99.75,99.75,193.0,0.0,0.0,25.0,0.0,361.15,361.15,,,,,,,151.87,-12.17,False
276,AMGN,Biotechnology,-41.2,19.7,-5.5,-11.5,-13.7,-8.9,-4.8,-7.3,-11.1,-13.9,-25.1,-41.2,33.9,-59.1,1.8,0.0,-94.76745745907192,110.0,266.0,266.0,286.0,286.0,101.92,101.92,361.72,361.72,25,4905.232542540928,EARLY_UP,LOWER,NEUTRAL,S0_NEUTRAL,,,,,266.0,266.0,286.0,286.0,101.92,101.92,308.0,4.0,0.0,0.0,0.0,361.72,361.72,,,,,,,391.29,-13.93,False
277,NVO,Biotechnology,-84.8,2.2,-0.2,4.2,-3.2,-10.1,-27.6,-59.1,-80.1,-87.9,-85.2,-84.8,389.4,-94.8,2.4,0.0,3993.53458767022,66.4,361.0,361.0,385.0,385.0,85.18,85.18,363.23,363.23,40,3683.738469762587,EARLY_DOWN,LOWER,MOMENTUM_DOWN,S5_TRASH,,,,,361.0,361.0,385.0,385.0,85.18,85.18,306.0,18.0,0.0,25.0,0.0,363.23,363.23,,,,,,,64.16,-28.96,False
278,ADP,Industrials,-79.2,5.2,-4.1,-3.3,-7.0,-13.3,-28.6,-37.9,-46.4,-57.8,-68.1,-79.2,62.9,-86.5,2.3,0.0,139.28499169039034,72.1,350.0,350.0,373.0,373.0,81.79,81.79,363.89,363.89,-20,-4860.715008309609,STRONG_UP,LOWER,MOMENTUM_DOWN,S0_NEUTRAL,,,,,350.0,350.0,373.0,373.0,81.79,81.79,378.0,22.0,0.0,0.0,0.0,363.89,363.89,,,,,,,294.46,-24.66,False
279,RF,Regional Banks,-34.4,15.1,-2.3,-7.4,-8.4,-4.7,-3.7,-3.6,-2.8,-18.1,-15.6,-34.4,47.5,-51.4,1.4,0.0,-137.21012109976704,116.8,253.0,253.0,273.0,273.0,117.85,117.85,364.15,364.15,25,4862.789878900233,EARLY_UP,LOWER,NEUTRAL,S0_NEUTRAL,,,,,253.0,253.0,273.0,273.0,117.85,117.85,237.0,4.0,0.0,0.0,0.0,364.15,364.15,,,,,,,31.53,-11.2,False
280,ADM,Farm Products,-65.1,21.8,0.8,-1.2,3.4,12.3,19.4,17.1,-5.0,-33.0,-37.8,-65.1,93.3,-108.6,1.6,0.0,-254.1796657162152,86.2,312.0,312.0,335.0,335.0,87.5,87.5,366.55,366.55,-34,-254.17963008748154,EARLY_DOWN,MID_RANGE,MOMENTUM_DOWN,S5_TRASH,,,,,312.0,312.0,335.0,335.0,87.5,87.5,105.0,0.0,0.0,25.0,0.0,366.55,366.55,,,,,,,83.1,-4.0,False
281,CRCL,,11.2,21.3,8.0,21.2,41.0,35.7,,,,,,11.2,213.2,-73.3,2.1,0.0,0.0,20.2,482.0,482.0,191.0,191.0,69.34,69.34,367.59,367.59,13,0.0,STRONG_UP,MID_RANGE,MOMENTUM_UP,S1_LEADER,,,,,482.0,482.0,191.0,191.0,69.34,69.34,59.0,0.0,68.0,-6.0,0.0,367.59,367.59,27312098989.64,27.312,342.0,other,equity,data_raw,159.47,-25.05,False
282,WM,Waste Management,-33.5,0.0,-7.3,-18.2,-17.7,-14.0,-20.6,-26.0,-30.6,-35.2,-38.7,-33.5,60.4,-33.2,1.8,0.0,1469.0005110823427,117.7,251.0,251.0,269.0,269.0,94.62,94.62,368.62,368.62,-53,1335.612819221278,STRONG_DOWN,LOWER,MOMENTUM_DOWN,S5_TRASH,,,,,251.0,251.0,269.0,269.0,94.62,94.62,437.0,40.0,0.0,25.0,0.0,368.62,368.62,,,,,,,248.12,-14.78,False
283,MET,Financials,-59.9,6.0,-6.2,0.2,0.7,-1.2,-7.9,-17.2,-21.8,-33.7,-34.7,-59.9,42.0,-65.9,2.4,0.0,-306.1502378355886,91.4,303.0,303.0,327.0,327.0,104.02,104.02,369.02,369.02,4,4693.849762164411,STRONG_UP,LOWER,MOMENTUM_DOWN,S0_NEUTRAL,,,,,303.0,303.0,327.0,327.0,104.02,104.02,189.0,0.0,0.0,0.0,0.0,369.02,369.02,,,,,,,85.29,-3.05,False
284,GL,Insurance - Life,-67.2,41.5,-5.1,-5.5,-3.9,-1.0,-2.5,6.9,-6.7,-17.7,-34.3,-67.2,15.6,-125.1,1.2,0.0,-76.9534660211771,84.0,321.0,321.0,344.0,344.0,108.05,108.05,371.3,371.3,-19,72.53652704691648,STRONG_UP,MID_RANGE,MOMENTUM_DOWN,S0_NEUTRAL,,,,,321.0,321.0,344.0,344.0,108.05,108.05,198.0,0.0,0.0,0.0,0.0,371.3,371.3,,,,,,,157.9151,-2.96,False
285,RJF,Investment Banking & Brokerage,-3.1,22.4,-12.5,-14.3,-17.0,-18.2,-23.8,-26.1,-27.2,-29.0,-9.4,-3.1,106.2,-34.2,1.2,0.0,181.29202804502034,148.2,201.0,201.0,209.0,209.0,89.78,89.78,371.43,371.43,-26,180.03847756738693,EARLY_DOWN,MID_RANGE,MOMENTUM_DOWN,S5_TRASH,,,,,201.0,201.0,209.0,209.0,89.78,89.78,450.0,58.0,0.0,25.0,0.0,371.43,371.43,,,,,,,177.66,-19.28,False
286,HOLX,Healthcare,-80.8,18.9,-0.3,2.4,4.1,5.9,7.3,-6.0,-21.6,-39.3,-55.6,-80.8,38.3,-108.0,1.8,0.0,-7.015762802349982e-08,39.2,448.0,448.0,374.0,374.0,95.65,95.65,371.75,371.75,14,1.3680772638508123e-06,STRONG_UP,LOWER,MOMENTUM_UP,S0_NEUTRAL,,,,,448.0,448.0,374.0,374.0,95.65,95.65,132.0,0.0,0.0,0.0,0.0,371.75,371.75,16968845705.95,16.969,436.0,other,equity,data_raw,76.04,-0.04,True
287,CPAY,Software - Infrastructure,-89.1,16.9,1.7,11.1,7.3,10.9,1.2,-11.0,-18.3,-25.4,-55.3,-89.1,47.1,-116.3,1.8,0.0,-259.60401195765587,62.1,377.0,377.0,401.0,401.0,87.45,87.45,372.85,372.85,36,4740.3959880423445,STRONG_UP,LOWER,MOMENTUM_UP,S0_NEUTRAL,,,,,377.0,377.0,401.0,401.0,87.45,87.45,115.0,0.0,0.0,0.0,0.0,372.85,372.85,,,,,,,364.24,-0.67,False
288,CBRE,Real Estate Services,-33.4,0.0,-10.5,-19.6,-25.2,-28.0,-31.6,-30.2,-27.6,-36.7,-34.9,-33.4,80.4,-32.9,1.3,0.0,3276.3492157027813,117.9,250.0,250.0,268.0,268.0,71.83,71.83,373.33,373.33,1,2657.8575320519158,STRONG_DOWN,LOWER,MOMENTUM_DOWN,S5_TRASH,,,,,250.0,250.0,268.0,268.0,71.83,71.83,530.0,58.0,0.0,25.0,0.0,373.33,373.33,,,,,,,174.27,-28.25,False
289,MLM,Building Materials,-28.8,11.2,11.2,-14.3,-18.2,-17.6,-19.4,-24.2,-31.6,-30.6,-25.8,-28.8,79.9,-42.2,1.3,0.0,179.63969062041411,122.5,240.0,240.0,255.0,255.0,101.5,101.5,373.4,373.4,107,179.51175505123427,EARLY_UP,LOWER,MOMENTUM_UP,S4_BOTTOMING,,,,,240.0,240.0,255.0,255.0,101.5,101.5,436.0,58.0,0.0,-2.0,0.0,373.4,373.4,,,,,,,710.97,-18.19,False
290,LHX,Aerospace & Defense,-30.9,31.8,-0.9,-15.4,-18.0,-10.4,-5.8,1.0,1.1,-14.2,-30.5,-30.9,63.3,-74.3,1.8,0.0,-61.44185963507802,120.4,246.0,246.0,262.0,262.0,107.67,107.67,375.07,375.07,41,181.19597036154323,EARLY_UP,MID_RANGE,MOMENTUM_UP,S2_EARLY_BREAKOUT,,,,,246.0,246.0,262.0,262.0,107.67,107.67,368.0,20.0,0.0,-4.0,0.0,375.07,375.07,,,,,,,379.23,-16.89,False
291,TRV,Property & Casualty Insurance,-30.2,26.1,-20.2,-12.1,-11.6,-9.9,-11.9,-10.9,-10.1,-8.8,-9.4,-30.2,23.6,-48.7,1.4,0.0,-17.15071111321259,121.0,243.0,243.0,259.0,259.0,98.81,98.81,375.36,375.36,-81,44.593482788380456,EARLY_DOWN,MID_RANGE,MOMENTUM_DOWN,S5_TRASH,,,,,243.0,243.0,259.0,259.0,98.81,98.81,338.0,14.0,0.0,25.0,0.0,375.36,375.36,,,,,,,313.12,-6.78,False
292,KIM,Real Estate,-72.6,11.9,-3.8,-5.1,-3.3,2.1,0.3,-4.0,-9.7,-26.5,-30.6,-72.6,15.2,-83.9,2.0,0.0,-381.10989555676696,78.7,334.0,334.0,357.0,357.0,96.18,96.18,375.83,375.83,15,4618.890104443233,STRONG_UP,LOWER,NEUTRAL,S0_NEUTRAL,,,,,334.0,334.0,357.0,357.0,96.18,96.18,183.0,0.0,0.0,0.0,0.0,375.83,375.83,,,,,,,24.62,-2.19,False
293,AZO,Auto Parts,-13.2,18.4,-21.4,-26.5,-28.8,-29.7,-38.4,-41.1,-48.3,-47.2,-35.4,-13.2,146.3,-48.7,1.3,0.0,363.8465610399807,138.1,214.0,214.0,224.0,224.0,81.16,81.16,379.11,379.11,-73,140.2943869541659,STRONG_DOWN,LOWER,MOMENTUM_DOWN,S5_TRASH,,,,,214.0,214.0,224.0,224.0,81.16,81.16,557.0,58.0,0.0,25.0,0.0,379.11,379.11,,,,,,,4332.6802,-32.25,False
294,A,Healthcare,-81.7,12.1,10.7,8.1,2.4,-5.8,-7.3,-21.1,-34.9,-58.6,-71.2,-81.7,101.2,-106.3,2.8,0.0,-253.44290371964016,69.6,354.0,354.0,378.0,378.0,98.98,98.98,380.43,380.43,185,4746.5570962803595,EARLY_UP,LOWER,MOMENTUM_UP,S4_BOTTOMING,,,,,354.0,354.0,378.0,378.0,98.98,98.98,175.0,0.0,0.0,-2.0,0.0,380.43,380.43,,,,,,,160.27,-15.44,False
295,IDXX,Veterinary Diagnostics,-30.0,3.6,-0.8,-10.7,-17.7,-22.0,-21.6,-17.0,-31.3,-50.2,-61.9,-30.0,217.2,-38.9,1.7,0.0,212.62233055426404,121.3,242.0,242.0,258.0,258.0,105.98,105.98,380.63,380.63,16,-53.38197201873274,EARLY_UP,LOWER,NEUTRAL,S0_NEUTRAL,,,,,242.0,242.0,258.0,258.0,105.98,105.98,447.0,58.0,0.0,0.0,0.0,380.63,380.63,,,,,,,769.98,-26.81,False
296,HON,Industrials,-67.9,16.4,3.9,-2.1,-5.0,2.7,-0.3,-3.4,-11.6,-27.2,-44.4,-67.9,18.2,-84.2,2.1,0.0,-263.6417624873859,83.4,322.0,322.0,345.0,345.0,112.83,112.83,381.58,381.58,57,4736.358237512614,EARLY_UP,LOWER,MOMENTUM_UP,S4_BOTTOMING,,,,,322.0,322.0,345.0,345.0,112.83,112.83,181.0,0.0,0.0,-2.0,0.0,381.58,381.58,,,,,,,248.18,-4.16,False
297,KEY,Financials,-58.5,21.7,-4.3,-9.0,-8.9,-4.0,-0.9,0.7,12.9,-11.1,-22.5,-58.5,40.9,-88.1,1.4,0.0,-173.74240691403287,92.8,298.0,298.0,322.0,322.0,116.41,116.41,383.91,383.91,50,4826.2575930859675,EARLY_UP,MID_RANGE,NEUTRAL,S0_NEUTRAL,,,,,298.0,298.0,322.0,322.0,116.41,116.41,230.0,4.0,0.0,0.0,0.0,383.91,383.91,,,,,,,23.35,-8.65,False
298,XLY,Index,-48.6,2.8,-0.8,-4.2,-6.1,-7.5,-10.0,-11.7,-16.7,-27.6,-40.3,-48.6,31.9,-50.5,1.8,0.0,-721.9795365580372,102.6,279.0,279.0,300.0,300.0,108.96,108.96,384.01,384.01,0,0.0,STRONG_UP,LOWER,NEUTRAL,S0_NEUTRAL,,,,,279.0,279.0,300.0,300.0,108.96,108.96,252.0,4.0,0.0,0.0,0.0,384.01,384.01,,,,,,,125.01,-3.31,False
299,JNJ,Pharmaceuticals,-54.4,29.8,-10.9,-14.5,-14.6,-7.6,2.5,7.7,-1.1,-15.3,-29.7,-54.4,20.1,-85.4,2.0,0.0,-120.09942142715829,96.9,289.0,289.0,313.0,313.0,114.52,114.52,384.27,384.27,3,4879.900578572841,EARLY_UP,MID_RANGE,MOMENTUM_DOWN,S0_NEUTRAL,,,,,289.0,289.0,313.0,313.0,114.52,114.52,288.0,4.0,0.0,0.0,0.0,384.27,384.27,,,,,,,251.71,-10.48,False
300,TMUS,Telecommunication Services,-27.7,0.2,-4.4,-16.0,-16.9,-17.5,-29.3,-34.8,-34.6,-36.8,-39.7,-27.7,136.2,-27.7,1.9,0.0,4799.992223812654,123.5,238.0,238.0,253.0,253.0,101.42,101.42,385.37,385.37,-49,-200.00777618734628,STRONG_DOWN,LOWER,NEUTRAL,S5_TRASH,,,,,238.0,238.0,253.0,253.0,101.42,101.42,465.0,58.0,0.0,25.0,0.0,385.37,385.37,,,,,,,242.37,-22.63,False
301,ACGL,Insurance - Diversified,-23.5,16.5,-13.4,-15.8,-17.2,-15.7,-20.3,-31.9,-40.0,-22.7,-14.8,-23.5,110.1,-49.5,1.4,0.0,227.83805515103884,127.7,230.0,230.0,246.0,246.0,94.22,94.22,385.67,385.67,-111,87.78639042451712,STRONG_DOWN,LOWER,MOMENTUM_DOWN,S5_TRASH,,,,,230.0,230.0,246.0,246.0,94.22,94.22,431.0,58.0,0.0,25.0,0.0,385.67,385.67,,,,,,,103.39,-13.59,False
302,LDOS,IT Consulting & Other Services,-66.3,1.3,-0.6,-26.4,-32.9,-37.0,-40.7,-45.0,-44.4,-50.2,-67.8,-66.3,102.6,-68.2,1.4,0.0,2434.5285386077594,85.0,316.0,316.0,339.0,339.0,72.21,72.21,386.06,386.06,20,1475.5184955173606,EARLY_UP,LOWER,NEUTRAL,S0_NEUTRAL,,,,,316.0,316.0,339.0,339.0,72.21,72.21,565.0,58.0,0.0,0.0,0.0,386.06,386.06,,,,,,,205.77,-37.89,False
303,COIN,Financial Data & Stock Exchanges,-13.2,8.9,-0.1,-6.2,-6.8,-21.3,-37.6,-42.8,-19.6,-11.1,,-13.2,213.9,-58.5,1.7,0.0,699.0210064085045,50.7,408.0,408.0,224.0,224.0,67.83,67.83,387.23,387.23,18,681.31201546217,EARLY_DOWN,LOWER,MOMENTUM_DOWN,S5_TRASH,,,,,408.0,408.0,224.0,224.0,67.83,67.83,442.0,40.0,11.0,25.0,0.0,387.23,387.23,,,,,,,402.16,-53.0,False
304,TTWO,Electronic Gaming & Multimedia,-40.3,6.4,-4.0,-1.8,-3.8,-12.0,-19.5,-12.3,-15.1,-22.0,-45.7,-40.3,120.1,-50.9,1.5,0.0,-128.53228645781343,111.0,263.0,263.0,283.0,283.0,88.69,88.69,387.94,387.94,-87,-118.06133750288299,EARLY_DOWN,LOWER,MOMENTUM_DOWN,S5_TRASH,,,,,263.0,263.0,283.0,283.0,88.69,88.69,304.0,18.0,0.0,25.0,0.0,387.94,387.94,,,,,,,264.79,-15.34,False
305,WAT,Healthcare,-87.2,15.9,8.9,16.2,9.1,1.4,-1.9,-14.4,-23.4,-45.7,-58.9,-87.2,46.1,-111.9,1.9,0.0,-266.5640461074843,64.0,373.0,373.0,397.0,397.0,101.97,101.97,388.02,388.02,117,831.6102576882902,STRONG_UP,LOWER,MOMENTUM_UP,S0_NEUTRAL,,,,,373.0,373.0,397.0,397.0,101.97,101.97,126.0,0.0,0.0,0.0,0.0,388.02,388.02,,,,,,,414.15,-7.38,False
306,XYZ,Financials,-71.6,4.4,1.6,6.1,9.2,5.3,-3.3,-14.8,-27.1,-64.7,-98.8,-71.6,807.1,-111.5,1.8,0.0,-621.6515950464701,79.7,332.0,332.0,355.0,355.0,112.76,112.76,388.91,388.91,100,212.90577886967628,STRONG_UP,LOWER,MOMENTUM_UP,S0_NEUTRAL,,,,,332.0,332.0,355.0,355.0,112.76,112.76,135.0,0.0,0.0,0.0,0.0,388.91,388.91,,,,,,,81.7,-7.32,False
307,KO,Soft Drinks,-51.5,15.2,-12.5,-8.0,-7.2,-2.4,-4.1,-4.7,-9.4,-18.5,-29.2,-51.5,15.3,-63.0,1.8,0.0,-188.37139008733595,99.7,280.0,280.0,301.0,301.0,106.42,106.42,390.02,390.02,-54,-154.47227499064695,EARLY_DOWN,LOWER,MOMENTUM_DOWN,S5_TRASH,,,,,280.0,280.0,301.0,301.0,106.42,106.42,226.0,4.0,0.0,25.0,0.0,390.02,390.02,,,,,,,82.6635,-4.42,False
308,APA,Oil & Gas E&P,-85.0,25.4,-7.2,-20.8,-0.8,17.3,41.6,29.8,1.0,-20.4,-5.6,-85.0,62.8,-136.0,2.8,0.0,-259.01286926760383,66.2,362.0,362.0,386.0,386.0,89.57,89.57,390.02,390.02,-67,-258.96719820538743,STRONG_DOWN,MID_RANGE,MOMENTUM_DOWN,S5_TRASH,,,,,362.0,362.0,386.0,386.0,89.57,89.57,95.0,0.0,0.0,25.0,0.0,390.02,390.02,,,,,,,45.66,-20.21,False
309,LYB,Specialty Chemicals,-75.4,22.9,-5.8,-22.3,-2.5,14.4,9.5,-19.3,-41.2,-53.0,-51.9,-75.4,80.7,-121.2,2.6,0.0,-54.42189937061515,75.8,343.0,343.0,365.0,365.0,101.52,101.52,390.22,390.22,-30,-54.42085738337087,STRONG_DOWN,MID_RANGE,MOMENTUM_DOWN,S5_TRASH,,,,,343.0,343.0,365.0,365.0,101.52,101.52,159.0,0.0,0.0,25.0,0.0,390.22,390.22,,,,,,,83.94,-20.6,False
310,HPQ,Technology,-102.4,15.2,3.0,26.0,28.5,16.1,1.1,-23.9,-40.1,-62.3,-72.9,-102.4,74.5,-133.6,2.3,0.0,-220.36808471454788,48.9,416.0,416.0,439.0,439.0,95.7,95.7,390.5,390.5,142,4779.631915285452,STRONG_UP,LOWER,MOMENTUM_UP,S0_NEUTRAL,,,,,416.0,416.0,439.0,439.0,95.7,95.7,74.0,0.0,0.0,0.0,0.0,390.5,390.5,,,,,,,28.99,-6.73,False
311,WFC,Diversified Banks,-51.9,36.6,-0.5,-14.1,-16.3,-18.6,-19.1,-12.7,-1.1,2.0,5.1,-51.9,15.8,-90.0,1.2,0.0,-39.44254920912124,99.4,282.0,282.0,304.0,304.0,63.67,63.67,391.32,391.32,29,37.376961336984564,EARLY_UP,MID_RANGE,MOMENTUM_UP,S2_EARLY_BREAKOUT,,,,,282.0,282.0,304.0,304.0,63.67,63.67,427.0,58.0,0.0,-4.0,0.0,391.32,391.32,,,,,,,97.76,-20.68,False
312,ATO,Natural Gas Utilities,-20.5,34.3,-15.5,-19.8,-16.7,-14.6,-15.6,-11.8,-11.5,-7.7,-15.5,-20.5,44.9,-54.0,1.3,0.0,4.220066027163716,130.8,224.0,224.0,237.0,237.0,94.22,94.22,391.67,391.67,-111,1.455228910995857,STRONG_DOWN,MID_RANGE,MOMENTUM_DOWN,S5_TRASH,,,,,224.0,224.0,237.0,237.0,94.22,94.22,417.0,40.0,0.0,25.0,0.0,391.67,391.67,,,,,,,192.5099,-12.14,False
313,FOX,Broadcasting & Cable TV,-20.4,27.7,-3.8,-5.5,-7.8,-11.4,-11.2,-0.2,9.4,0.8,-17.7,-20.4,4.0,-76.2,1.4,0.0,-88.94147437983966,75.6,345.0,345.0,236.0,236.0,81.22,81.22,391.72,391.72,-83,-88.75052332068563,EARLY_DOWN,MID_RANGE,MOMENTUM_DOWN,S5_TRASH,,,,,345.0,345.0,236.0,236.0,81.22,81.22,297.0,22.0,0.0,25.0,0.0,391.72,391.72,,,,,,,68.175,-15.82,False
314,DTE,Electric Power Generation,-41.1,0.5,-8.2,-13.6,-11.0,-7.5,-12.1,-13.6,-17.1,-27.6,-35.1,-41.1,45.4,-41.1,2.0,0.0,-1225.460416988724,110.2,265.0,265.0,285.0,285.0,97.53,97.53,392.23,392.23,-16,3774.5395830112757,EARLY_UP,LOWER,NEUTRAL,S0_NEUTRAL,,,,,265.0,265.0,285.0,285.0,97.53,97.53,333.0,14.0,0.0,0.0,0.0,392.23,392.23,,,,,,,154.63,-7.61,False
315,IR,Industrial Machinery,-52.5,0.6,-0.6,-19.5,-24.8,-22.5,-27.9,-42.8,-52.2,-53.3,-53.6,-52.5,89.2,-67.9,1.9,0.0,1503.2691439982345,72.1,350.0,350.0,305.0,305.0,86.79,86.79,392.89,392.89,54,-26.515141052010677,EARLY_UP,LOWER,MOMENTUM_UP,S4_BOTTOMING,,,,,350.0,350.0,305.0,305.0,86.79,86.79,502.0,58.0,0.0,-2.0,0.0,392.89,392.89,,,,,,,100.96,-29.04,False
316,WBD,Entertainment,-100.0,22.3,-1.2,-11.0,-11.9,-7.7,47.8,105.3,94.8,38.4,-20.3,-100.0,140.4,-168.4,1.8,0.0,-450.61871572243575,51.2,406.0,406.0,430.0,430.0,57.26,57.26,393.66,393.66,-39,-45.29191822649108,STRONG_DOWN,MID_RANGE,MOMENTUM_DOWN,S5_TRASH,,,,,406.0,406.0,430.0,430.0,57.26,57.26,136.0,4.0,0.0,25.0,0.0,393.66,393.66,,,,,,,30.0,-9.97,False
317,SLB,Oil & Gas Equipment & Services,-97.4,25.0,-7.3,-7.8,-4.0,13.6,24.5,9.8,-14.1,-22.7,-18.1,-97.4,19.0,-135.4,2.3,0.0,-238.34383713600127,53.9,401.0,401.0,424.0,424.0,98.31,98.31,393.71,393.71,-24,1087.9834772171691,STRONG_UP,MID_RANGE,MOMENTUM_DOWN,S0_NEUTRAL,,,,,401.0,401.0,424.0,424.0,98.31,98.31,119.0,0.0,0.0,0.0,0.0,393.71,393.71,,,,,,,58.81,-7.24,False
318,NEE,Electric Utilities,-34.7,14.3,-5.7,-18.5,-15.7,-10.0,-3.7,-6.4,-9.6,-29.3,-44.8,-34.7,77.1,-52.8,2.0,0.0,-129.06972020523096,116.6,254.0,254.0,274.0,274.0,105.26,105.26,394.01,394.01,-74,-129.06481050437515,STRONG_DOWN,LOWER,MOMENTUM_DOWN,S5_TRASH,,,,,254.0,254.0,274.0,274.0,105.26,105.26,353.0,4.0,0.0,25.0,0.0,394.01,394.01,,,,,,,98.75,-11.89,False
319,VRSN,Technology,-68.4,15.3,-11.2,-0.9,5.2,5.4,-6.2,2.2,-10.0,-28.3,-55.9,-68.4,78.8,-94.3,1.7,0.0,-272.5920617723162,82.9,324.0,324.0,348.0,348.0,101.13,101.13,394.83,394.83,-77,17.78526749610745,EARLY_DOWN,LOWER,MOMENTUM_DOWN,S5_TRASH,,,,,324.0,324.0,348.0,348.0,101.13,101.13,156.0,0.0,0.0,25.0,0.0,394.83,394.83,,,,,,,312.48,-8.67,False
320,CMG,Restaurants,-53.0,0.8,-2.9,-13.1,-19.5,-18.9,-35.5,-57.9,-71.9,-80.7,-86.2,-53.0,293.4,-55.3,1.8,0.0,4861.591299349336,98.3,284.0,284.0,307.0,307.0,86.83,86.83,395.93,395.93,-50,2861.4734391175894,STRONG_DOWN,LOWER,MOMENTUM_DOWN,S5_TRASH,,,,,284.0,284.0,307.0,307.0,86.83,86.83,488.0,58.0,0.0,25.0,0.0,395.93,395.93,,,,,,,42.82,-25.6,False
321,MA,Data Processing & Outsourced Services,-30.5,0.0,-3.6,-10.1,-13.1,-16.9,-26.0,-31.1,-38.0,-43.0,-57.9,-30.5,99.1,-30.4,1.7,0.0,3239.6941334972303,120.7,245.0,245.0,261.0,261.0,113.5,113.5,395.95,395.95,-76,-172.20416973226065,STRONG_DOWN,LOWER,MOMENTUM_DOWN,S5_TRASH,,,,,245.0,245.0,261.0,261.0,113.5,113.5,418.0,58.0,0.0,25.0,0.0,395.95,395.95,,,,,,,589.67,-16.23,False
322,CNP,Utilities,-66.6,15.9,-5.7,-12.1,-9.7,-5.9,-8.0,-1.9,-6.5,-15.5,-25.0,-66.6,21.8,-82.7,1.6,0.0,-263.22086197222137,84.6,319.0,319.0,341.0,341.0,106.21,106.21,396.31,396.31,-6,4736.779138027779,EARLY_UP,LOWER,NEUTRAL,S0_NEUTRAL,,,,,319.0,319.0,341.0,341.0,106.21,106.21,295.0,4.0,0.0,0.0,0.0,396.31,396.31,,,,,,,44.465,-4.96,False
323,EQT,Oil & Gas E&P,-6.1,47.7,-7.3,-18.4,-17.9,-15.6,-17.9,-9.3,-14.9,-0.3,68.7,-6.1,112.9,-116.6,1.2,0.0,15.139711735331813,145.1,204.0,204.0,212.0,212.0,93.67,93.67,396.57,396.57,-162,-18.822686987957475,STRONG_DOWN,MID_RANGE,MOMENTUM_DOWN,S5_TRASH,,,,,204.0,204.0,212.0,212.0,93.67,93.67,432.0,58.0,0.0,25.0,0.0,396.57,396.57,,,,,,,68.24,-19.5,False
324,CB,Insurance - Property & Casualty,-40.5,12.7,-19.2,-14.8,-13.8,-9.6,-10.7,-15.1,-17.0,-17.7,-16.6,-40.5,25.9,-49.7,1.6,0.0,-61.7030811267521,110.8,264.0,264.0,284.0,284.0,98.97,98.97,397.62,397.62,-56,4938.296918873248,STRONG_DOWN,LOWER,MOMENTUM_DOWN,S5_TRASH,,,,,264.0,264.0,284.0,284.0,98.97,98.97,361.0,14.0,0.0,25.0,0.0,397.62,397.62,,,,,,,345.67,-9.82,False
325,SPGI,Financial Data & Exchanges,-65.2,3.8,-0.2,-10.4,-15.9,-20.4,-30.1,-39.3,-47.9,-60.5,-75.1,-65.2,95.4,-71.1,1.8,0.0,622.8760004745292,86.1,314.0,314.0,336.0,336.0,98.07,98.07,399.42,399.42,8,-629.632220497928,EARLY_UP,LOWER,MOMENTUM_UP,S4_BOTTOMING,,,,,314.0,314.0,336.0,336.0,98.07,98.07,457.0,58.0,0.0,-2.0,0.0,399.42,399.42,,,,,,,552.25,-23.22,False
326,MTB,Financials,-59.6,12.8,-1.0,-8.6,-9.5,-4.3,-5.2,-6.5,-1.0,-13.1,-22.3,-59.6,29.4,-72.2,1.5,0.0,-266.20384143919824,91.7,301.0,301.0,325.0,325.0,126.43,126.43,400.18,400.18,20,4733.796158560802,EARLY_UP,LOWER,MOMENTUM_UP,S4_BOTTOMING,,,,,301.0,301.0,325.0,325.0,126.43,126.43,248.0,4.0,0.0,-2.0,0.0,400.18,400.18,,,,,,,239.0,-9.58,False
327,CPRT,Specialty Business Services,-55.8,0.0,-2.8,-11.3,-18.8,-23.6,-39.4,-57.7,-72.8,-81.4,-92.9,-55.8,215.5,-55.3,2.4,0.0,4865.449782265467,95.5,292.0,292.0,316.0,316.0,86.68,86.68,401.33,401.33,-47,-134.55021773453336,STRONG_DOWN,LOWER,MOMENTUM_DOWN,S5_TRASH,,,,,292.0,292.0,316.0,316.0,86.68,86.68,501.0,58.0,0.0,25.0,0.0,401.33,401.33,,,,,,,46.21,-29.08,False
328,MAS,Industrials,-75.4,8.9,4.1,-1.1,-3.4,-1.7,-7.3,-20.5,-28.3,-36.8,-51.5,-75.4,27.9,-84.9,2.2,0.0,-291.64306185405337,75.9,341.0,341.0,365.0,365.0,118.19,118.19,401.99,401.99,99,4708.3569381459465,STRONG_UP,LOWER,MOMENTUM_UP,S0_NEUTRAL,,,,,341.0,341.0,365.0,365.0,118.19,118.19,203.0,0.0,0.0,0.0,0.0,401.99,401.99,,,,,,,79.19,-11.29,False
329,CVX,Oil & Gas Integrated,-48.3,13.1,-10.2,-16.1,-12.7,-4.0,-0.8,-5.2,-16.9,-23.4,-20.3,-48.3,68.2,-65.3,1.9,0.0,-206.0634392662928,103.0,277.0,277.0,298.0,298.0,110.98,110.98,402.13,402.13,-77,-200.69984292423916,STRONG_DOWN,LOWER,MOMENTUM_DOWN,S5_TRASH,,,,,277.0,277.0,298.0,298.0,110.98,110.98,280.0,4.0,0.0,25.0,0.0,402.13,402.13,,,,,,,214.71,-15.02,False
330,ELV,Healthcare,-92.4,9.6,-1.9,8.4,8.5,8.4,1.0,-22.8,-43.5,-66.7,-79.7,-92.4,105.9,-113.2,2.4,0.0,-301.16311531407183,58.8,387.0,387.0,410.0,410.0,85.85,85.85,403.05,403.05,-47,-293.9935027880959,EARLY_DOWN,LOWER,MOMENTUM_DOWN,S5_TRASH,,,,,387.0,387.0,410.0,410.0,85.85,85.85,121.0,0.0,0.0,25.0,0.0,403.05,403.05,,,,,,,408.0,-3.63,False
331,DGX,Healthcare,-54.2,5.1,-4.7,-10.3,-11.0,-6.7,-9.0,-7.1,-10.0,-21.6,-32.6,-54.2,24.3,-58.0,1.7,0.0,-645.9730652550874,97.0,288.0,288.0,312.0,312.0,117.97,117.97,404.17,404.17,1,4354.026934744913,EARLY_UP,LOWER,NEUTRAL,S0_NEUTRAL,,,,,288.0,288.0,312.0,312.0,117.97,117.97,302.0,4.0,0.0,0.0,0.0,404.17,404.17,,,,,,,213.5,-8.71,False
332,CME,Financial Data & Stock Exchanges,-29.5,16.3,-16.2,-16.9,-18.3,-14.7,-18.4,-10.5,-11.8,-17.1,-31.0,-29.5,63.1,-47.0,1.4,0.0,-25.184476020338355,121.8,241.0,241.0,257.0,257.0,87.97,87.97,404.92,404.92,-95,-25.184476011597233,STRONG_DOWN,LOWER,MOMENTUM_DOWN,S5_TRASH,,,,,241.0,241.0,257.0,257.0,87.97,87.97,428.0,40.0,0.0,25.0,0.0,404.92,404.92,,,,,,,329.16,-16.9,False
333,SHW,Household & Personal Care Products,-64.6,0.0,-3.4,-14.8,-19.3,-19.4,-26.8,-35.8,-42.9,-53.7,-64.9,-64.6,77.6,-64.2,2.2,0.0,286.61406287910654,86.7,310.0,310.0,333.0,333.0,97.93,97.93,405.88,405.88,-9,-43.626767738108754,EARLY_UP,LOWER,NEUTRAL,S0_NEUTRAL,,,,,310.0,310.0,333.0,333.0,97.93,97.93,469.0,58.0,0.0,0.0,0.0,405.88,405.88,,,,,,,377.77,-19.57,False
334,EXPE,Travel Services,-69.2,23.7,4.8,-15.8,-15.2,-17.7,-9.2,2.9,8.8,-3.3,-16.7,-69.2,18.5,-95.4,1.6,0.0,-181.4638165744786,82.0,330.0,330.0,353.0,353.0,86.24,86.24,405.94,405.94,67,-161.92621541509135,EARLY_UP,MID_RANGE,MOMENTUM_UP,S2_EARLY_BREAKOUT,,,,,330.0,330.0,353.0,353.0,86.24,86.24,402.0,20.0,0.0,-4.0,0.0,405.94,405.94,,,,,,,303.8,-25.68,False
335,MGM,Resorts & Casinos,-104.8,16.1,9.1,5.9,10.2,12.3,7.6,-5.0,-26.7,-49.2,-59.2,-104.8,24.1,-129.1,1.7,0.0,-417.1710005517709,46.4,425.0,425.0,449.0,449.0,97.38,97.38,407.43,407.43,110,3505.258818674763,STRONG_UP,LOWER,MOMENTUM_UP,S0_NEUTRAL,,,,,425.0,425.0,449.0,449.0,97.38,97.38,102.0,0.0,0.0,0.0,0.0,407.43,407.43,,,,,,,44.28,-1.38,False
336,FRT,Real Estate,-96.6,14.3,-3.1,-2.0,1.2,6.9,6.9,-4.4,-12.5,-28.8,-43.6,-96.6,8.5,-113.5,2.3,0.0,-424.37026400127377,54.7,397.0,397.0,420.0,420.0,104.56,104.56,408.36,408.36,8,4575.629735998727,STRONG_UP,LOWER,NEUTRAL,S0_NEUTRAL,,,,,397.0,397.0,420.0,420.0,104.56,104.56,143.0,0.0,0.0,0.0,0.0,408.36,408.36,,,,,,,121.84,-1.81,False
337,PSA,Real Estate,-83.5,4.0,-3.5,-4.9,-5.1,-1.9,-9.5,-19.4,-29.5,-47.0,-53.6,-83.5,40.3,-88.1,2.1,0.0,-906.0946135522781,67.8,356.0,356.0,380.0,380.0,102.55,102.55,410.25,410.25,33,4093.905386447722,STRONG_UP,LOWER,NEUTRAL,S0_NEUTRAL,,,,,356.0,356.0,380.0,380.0,102.55,102.55,224.0,4.0,0.0,0.0,0.0,410.25,410.25,,,,,,,313.51,-3.13,False
338,DASH,Internet Retail,-23.4,4.3,-2.8,-12.0,-18.8,-28.3,-40.6,-33.6,-19.9,-15.4,,-23.4,94.7,-64.4,1.5,0.0,522.2792053100284,44.2,432.0,432.0,245.0,245.0,79.0,79.0,411.5,411.5,66,498.0847162993822,STRONG_DOWN,LOWER,MOMENTUM_UP,S4_BOTTOMING,,,,,432.0,432.0,245.0,245.0,79.0,79.0,512.0,58.0,11.0,-2.0,0.0,411.5,411.5,,,,,,,285.5,-44.21,False
339,BBY,Specialty Retail,-104.1,15.7,11.3,15.3,14.1,5.4,-0.7,-19.4,-31.7,-55.2,-81.5,-104.1,97.8,-141.2,2.2,0.0,-318.60944043804574,47.2,421.0,421.0,445.0,445.0,108.32,108.32,412.67,412.67,170,4681.390559561954,EARLY_UP,LOWER,MOMENTUM_UP,S4_BOTTOMING,,,,,421.0,421.0,445.0,445.0,108.32,108.32,108.0,0.0,0.0,-2.0,0.0,412.67,412.67,,,,,,,84.99,-8.28,False
340,IEX,Industrials,-93.9,12.3,-1.0,-4.8,-4.9,2.8,4.2,-11.1,-29.0,-51.2,-72.0,-93.9,36.0,-111.7,2.6,0.0,-420.84241214166764,57.3,390.0,390.0,413.0,413.0,108.69,108.69,413.49,413.49,39,-416.3843232751492,STRONG_UP,LOWER,MOMENTUM_UP,S0_NEUTRAL,,,,,390.0,390.0,413.0,413.0,108.69,108.69,172.0,0.0,0.0,0.0,0.0,413.49,413.49,,,,,,,223.845,-5.81,False
341,CVS,Healthcare,-98.2,29.2,-5.0,7.9,8.1,6.8,8.8,18.1,2.6,-28.5,-45.0,-98.2,8.4,-141.5,1.3,0.0,-213.71220045968116,53.0,403.0,403.0,427.0,427.0,93.92,93.92,413.57,413.57,-59,-213.7082236395642,EARLY_DOWN,MID_RANGE,MOMENTUM_DOWN,S5_TRASH,,,,,403.0,403.0,427.0,427.0,93.92,93.92,112.0,0.0,0.0,25.0,0.0,413.57,413.57,,,,,,,98.43,-7.57,False
342,HAL,Oil & Gas Equipment & Services,-94.3,25.1,-8.1,-12.5,-4.9,11.2,33.8,16.2,-8.8,-23.5,-16.3,-94.3,34.8,-138.6,2.6,0.0,-247.9011368460879,57.0,391.0,391.0,414.0,414.0,98.53,98.53,414.18,414.18,-81,-146.05508600248706,EARLY_DOWN,MID_RANGE,MOMENTUM_DOWN,S5_TRASH,,,,,391.0,391.0,414.0,414.0,98.53,98.53,116.0,0.0,0.0,25.0,0.0,414.18,414.18,,,,,,,43.59,-10.87,False
343,TGT,Discount Stores,-102.3,9.4,-0.6,-7.3,0.4,11.9,12.7,-12.4,-31.3,-66.3,-87.4,-102.3,164.8,-129.4,3.1,0.0,-590.5145575194729,49.0,415.0,415.0,438.0,438.0,102.37,102.37,415.17,415.17,-8,687.9616152085673,EARLY_UP,LOWER,NEUTRAL,S0_NEUTRAL,,,,,415.0,415.0,438.0,438.0,102.37,102.37,133.0,0.0,0.0,0.0,0.0,415.17,415.17,,,,,,,133.09,-4.52,False
344,XEL,Utilities,-68.6,13.7,-5.7,-12.2,-9.9,-8.5,-8.7,-2.9,-7.4,-25.3,-47.1,-68.6,41.3,-85.6,1.4,0.0,-315.843800549685,82.6,326.0,326.0,350.0,350.0,118.17,118.17,415.42,415.42,-25,-26.133666440392687,EARLY_UP,LOWER,NEUTRAL,S0_NEUTRAL,,,,,326.0,326.0,350.0,350.0,118.17,118.17,307.0,4.0,0.0,0.0,0.0,415.42,415.42,,,,,,,84.23,-5.62,False
345,PNW,Utilities,-72.7,10.2,-9.5,-12.9,-9.6,-4.4,-6.7,-9.2,-14.4,-18.9,-37.2,-72.7,15.7,-82.2,1.8,0.0,-400.13848765503593,78.6,336.0,336.0,359.0,359.0,115.08,115.08,415.53,415.53,-15,4599.8615123449645,EARLY_UP,LOWER,NEUTRAL,S0_NEUTRAL,,,,,336.0,336.0,359.0,359.0,115.08,115.08,281.0,4.0,0.0,0.0,0.0,415.53,415.53,,,,,,,104.92,-4.94,False
346,KR,Grocery Stores,-42.4,9.3,-17.5,-20.3,-17.0,-15.0,-22.0,-20.9,-22.8,-26.2,-19.0,-42.4,65.1,-52.7,1.5,0.0,20.458082222211274,108.9,268.0,268.0,288.0,288.0,98.87,98.87,415.72,415.72,-96,19.956414356205293,STRONG_DOWN,LOWER,MOMENTUM_DOWN,S5_TRASH,,,,,268.0,268.0,288.0,288.0,98.87,98.87,449.0,40.0,0.0,25.0,0.0,415.72,415.72,,,,,,,76.58,-18.84,False
347,CTVA,Agricultural Inputs,-12.1,12.3,-4.7,-15.1,-11.0,-2.1,-5.3,-3.2,-9.3,-21.6,-12.1,-12.1,72.0,-65.1,1.6,0.0,-204.47678929022675,81.4,331.0,331.0,221.0,221.0,126.89,126.89,415.79,415.79,-42,-204.47678809625404,STRONG_DOWN,LOWER,MOMENTUM_DOWN,S5_TRASH,,,,,331.0,331.0,221.0,221.0,126.89,126.89,279.0,4.0,0.0,25.0,0.0,415.79,415.79,,,,,,,85.63,-8.58,False
348,BEN,Asset Management,-101.5,18.1,-2.6,7.5,7.2,14.8,16.8,20.5,3.0,-20.3,-39.7,-101.5,9.6,-125.3,1.6,0.0,-434.0034895276353,49.8,412.0,412.0,435.0,435.0,90.91,90.91,418.86,418.86,-58,-434.00346401515577,EARLY_DOWN,LOWER,MOMENTUM_DOWN,S5_TRASH,,,,,412.0,412.0,435.0,435.0,90.91,90.91,91.0,0.0,0.0,25.0,0.0,418.86,418.86,,,,,,,32.44,-4.38,False
349,VMC,Building Materials,-53.1,14.6,13.7,-11.4,-13.8,-13.2,-16.3,-20.4,-26.9,-26.6,-30.3,-53.1,23.2,-65.7,1.5,0.0,-70.03709931043838,98.2,285.0,285.0,308.0,308.0,106.04,106.04,419.54,419.54,109,1088.4629006895616,EARLY_UP,LOWER,MOMENTUM_UP,S4_BOTTOMING,,,,,285.0,285.0,308.0,308.0,106.04,106.04,393.0,40.0,0.0,-2.0,0.0,419.54,419.54,,,,,,,331.09,-14.55,False
350,PAYX,Industrials,-100.5,5.4,-2.0,-3.5,-6.6,-13.5,-31.0,-44.3,-56.2,-72.7,-83.3,-100.5,70.8,-109.7,2.9,0.0,26.28926898944407,50.8,407.0,407.0,431.0,431.0,93.91,93.91,420.86,420.86,-14,-370.37825711131387,STRONG_UP,LOWER,MOMENTUM_UP,S0_NEUTRAL,,,,,407.0,407.0,431.0,431.0,93.91,93.91,394.0,22.0,0.0,0.0,0.0,420.86,420.86,,,,,,,131.96,-26.51,False
351,VZ,Integrated Telecommunication Services,-85.5,15.2,-4.6,-10.0,-6.9,1.3,-0.5,-0.8,-1.9,-14.5,-43.6,-85.5,16.2,-103.2,2.1,0.0,-372.77968927006737,65.8,364.0,364.0,388.0,388.0,121.63,121.63,422.18,422.18,-41,327.28818587003104,STRONG_UP,LOWER,NEUTRAL,S0_NEUTRAL,,,,,364.0,364.0,388.0,388.0,121.63,121.63,207.0,4.0,0.0,0.0,0.0,422.18,422.18,,,,,,,51.68,-7.49,False
352,NWS,Entertainment,-68.0,5.0,-2.4,-8.2,-7.2,-8.7,-20.0,-26.8,-30.0,-35.0,-36.6,-68.0,36.0,-72.9,1.9,0.0,-165.8452792657807,83.3,323.0,323.0,346.0,346.0,94.89,94.89,423.84,423.84,-13,110.55299595713436,EARLY_DOWN,LOWER,MOMENTUM_DOWN,S5_TRASH,,,,,323.0,323.0,346.0,346.0,94.89,94.89,334.0,14.0,0.0,25.0,0.0,423.84,423.84,,,,,,,35.21,-15.31,False
353,KEI,Unknown,-17.2,10.0,-1.2,-0.6,-4.8,-7.3,-15.1,,,,,-17.2,11.8,-20.3,2.3,0.0,0.0,-4.1,528.0,528.0,231.0,231.0,81.21,81.21,424.21,424.21,21,0.0,STRONG_DOWN,LOWER,MOMENTUM_UP,S4_BOTTOMING,,,,,528.0,528.0,231.0,231.0,81.21,81.21,254.0,10.0,50.0,-2.0,0.0,424.21,424.21,,,,unknown,equity,,24.53,-10.35,False
354,DOC,Real Estate,-109.1,7.6,-4.9,6.5,3.9,5.0,1.9,-8.9,-16.7,-44.9,-72.0,-109.1,38.1,-120.6,2.4,0.0,-941.1603373163746,42.2,441.0,441.0,461.0,461.0,95.6,95.6,424.3,424.3,-20,1954.5735008427534,STRONG_UP,LOWER,MOMENTUM_DOWN,S0_NEUTRAL,,,,,441.0,441.0,461.0,461.0,95.6,95.6,137.0,0.0,0.0,0.0,0.0,424.3,424.3,,,,,,,20.27,-5.53,False
355,NVR,Residential Construction,-81.0,4.9,-0.9,-14.8,-22.0,-24.6,-33.3,-47.4,-57.9,-62.3,-73.5,-81.0,92.0,-92.2,1.9,0.0,509.30944438474705,70.2,353.0,353.0,376.0,376.0,95.24,95.24,424.49,424.49,6,-299.7678632506389,EARLY_UP,LOWER,NEUTRAL,S0_NEUTRAL,,,,,353.0,353.0,376.0,376.0,95.24,95.24,506.0,58.0,0.0,0.0,0.0,424.49,424.49,,,,,,,8200.0098,-25.55,False
356,XLF,Index,-52.7,0.9,-4.0,-8.4,-9.6,-11.4,-16.7,-19.6,-20.8,-29.1,-35.7,-52.7,15.4,-54.6,2.0,0.0,-1266.5082160335703,98.6,283.0,283.0,306.0,306.0,110.65,110.65,424.75,424.75,0,0.0,STRONG_UP,LOWER,MOMENTUM_DOWN,S0_NEUTRAL,,,,,283.0,283.0,306.0,306.0,110.65,110.65,347.0,22.0,0.0,0.0,0.0,424.75,424.75,,,,,,,56.52,-8.74,False
357,ONDO-USD,Decentralized Finance,-67.0,1.8,-4.9,19.3,19.6,-5.9,-41.7,-69.7,,,,-67.0,250.6,-121.4,2.3,0.0,1828.1083340682221,-36.2,567.0,567.0,342.0,342.0,78.9,78.9,425.0,425.0,-71,-3171.891665931778,EARLY_DOWN,LOWER,MOMENTUM_DOWN,S5_TRASH,,,,,567.0,567.0,342.0,342.0,78.9,78.9,191.0,10.0,47.0,25.0,0.0,425.0,425.0,,,,,,,1.0232,-66.11,False
358,EXR,Real Estate,-80.8,1.6,-1.4,-4.9,-7.3,-4.6,-12.7,-24.5,-33.8,-58.6,-67.3,-80.8,95.9,-83.3,2.0,0.0,-1675.4457553920417,70.5,352.0,352.0,374.0,374.0,98.67,98.67,425.27,425.27,-13,3324.554244607958,STRONG_UP,LOWER,NEUTRAL,S0_NEUTRAL,,,,,352.0,352.0,374.0,374.0,98.67,98.67,262.0,14.0,0.0,0.0,0.0,425.27,425.27,,,,,,,155.19,-7.01,False
359,EIX,Electric Utilities,-103.1,11.1,-4.6,-12.6,-9.7,-0.6,3.7,-13.8,-28.4,-40.0,-58.0,-103.1,15.5,-117.3,2.3,0.0,-509.3468368832944,48.1,418.0,418.0,441.0,441.0,98.62,98.62,428.07,428.07,-4,4490.653163116705,EARLY_UP,LOWER,NEUTRAL,S0_NEUTRAL,,,,,418.0,418.0,441.0,441.0,98.62,98.62,215.0,4.0,0.0,0.0,0.0,428.07,428.07,,,,,,,76.18,-8.19,False
360,MMM,Industrials,-95.5,12.1,-1.6,-1.6,-6.1,-9.7,-12.1,-7.2,7.9,-8.1,-36.0,-95.5,17.6,-110.5,1.3,0.0,-501.5633149111282,55.8,393.0,393.0,416.0,416.0,93.62,93.62,428.97,428.97,35,4498.436685088872,STRONG_UP,LOWER,NEUTRAL,S0_NEUTRAL,,,,,393.0,393.0,416.0,416.0,93.62,93.62,264.0,14.0,0.0,0.0,0.0,428.97,428.97,,,,,,,177.41,-13.69,False
361,EA,Electronic Gaming & Multimedia,-72.6,23.6,-1.9,-10.7,-10.3,-10.7,-4.9,0.9,-5.2,-17.5,-36.8,-72.6,40.5,-106.9,1.3,0.0,-189.95208708622664,78.7,334.0,334.0,357.0,357.0,123.84,123.84,430.14,430.14,-23,-69.31873979843417,EARLY_UP,MID_RANGE,MOMENTUM_UP,S2_EARLY_BREAKOUT,,,,,334.0,334.0,357.0,357.0,123.84,123.84,298.0,20.0,0.0,-4.0,0.0,430.14,430.14,,,,,,,204.89,-1.55,False
362,LMT,Aerospace & Defense,-66.3,7.4,-3.8,-15.5,-21.3,-11.1,-9.5,-17.6,-27.2,-36.7,-51.9,-66.3,45.1,-75.0,2.5,0.0,-356.0512819416092,85.0,316.0,316.0,339.0,339.0,106.56,106.56,430.66,430.66,22,4643.948718058391,EARLY_UP,LOWER,NEUTRAL,S0_NEUTRAL,,,,,316.0,316.0,339.0,339.0,106.56,106.56,404.0,20.0,0.0,0.0,0.0,430.66,430.66,,,,,,,692.0,-23.35,False
363,HUM,Healthcare,-139.8,12.9,-1.9,41.4,45.0,29.1,15.1,-7.0,-37.5,-71.7,-99.6,-139.8,63.6,-169.4,2.1,0.0,-672.7820060257671,11.4,498.0,498.0,515.0,515.0,93.01,93.01,430.91,430.91,-21,-591.7476610761851,STRONG_UP,LOWER,MOMENTUM_DOWN,S0_NEUTRAL,,,,,498.0,498.0,515.0,515.0,93.01,93.01,50.0,0.0,0.0,0.0,0.0,430.91,430.91,,,,,,,315.66,-3.24,False
364,D,Utilities,-104.6,6.9,-2.8,-2.9,-0.6,3.5,3.5,6.6,9.1,-19.5,-52.5,-104.6,18.5,-113.3,1.8,0.0,-1255.2388340699674,46.6,424.0,424.0,448.0,448.0,104.97,104.97,431.82,431.82,-46,3744.761165930033,STRONG_UP,LOWER,NEUTRAL,S0_NEUTRAL,,,,,424.0,424.0,448.0,448.0,104.97,104.97,157.0,0.0,0.0,0.0,0.0,431.82,431.82,,,,,,,68.97,-2.94,False
365,CNC,Healthcare,-138.6,14.8,-1.1,33.4,29.4,36.4,32.6,-5.9,-33.1,-66.3,-94.4,-138.6,62.8,-173.0,2.0,0.0,-532.1756613831297,12.7,495.0,495.0,512.0,512.0,97.21,97.21,431.91,431.91,-22,-513.789282605039,STRONG_UP,LOWER,MOMENTUM_DOWN,S0_NEUTRAL,,,,,495.0,495.0,512.0,512.0,97.21,97.21,51.0,0.0,0.0,0.0,0.0,431.91,431.91,,,,,,,60.76,-1.91,False
366,BRO,Insurance Brokers,-96.2,0.1,-2.9,-17.7,-24.6,-31.6,-48.4,-64.3,-74.3,-84.0,-94.1,-96.2,163.4,-100.7,2.8,0.0,4688.2502604487845,55.1,396.0,396.0,419.0,419.0,86.45,86.45,432.15,432.15,-7,-262.55994307067067,EARLY_UP,LOWER,NEUTRAL,S0_NEUTRAL,,,,,396.0,396.0,419.0,419.0,86.45,86.45,556.0,58.0,0.0,0.0,0.0,432.15,432.15,,,,,,,96.55,-41.74,False
367,BRK-B,Diversified Financial Services,-56.4,0.0,-3.1,-10.5,-11.9,-13.5,-20.5,-26.4,-31.5,-33.3,-36.2,-56.4,42.5,-56.2,2.6,0.0,-37.55694750999732,94.8,294.0,294.0,318.0,318.0,94.65,94.65,434.0,434.0,-64,-37.556682152102596,EARLY_DOWN,LOWER,MOMENTUM_DOWN,S5_TRASH,,,,,294.0,294.0,318.0,318.0,94.65,94.65,397.0,40.0,0.0,25.0,0.0,434.0,434.0,,,,,,,516.85,-8.2,False
368,LNT,Utilities,-60.1,6.9,-10.2,-12.1,-9.0,-5.4,-5.4,-3.5,-6.8,-20.4,-37.8,-60.1,29.7,-66.2,1.8,0.0,-587.9470986176319,91.1,304.0,304.0,328.0,328.0,122.33,122.33,434.58,434.58,-53,4412.052901382368,EARLY_UP,LOWER,MOMENTUM_DOWN,S5_TRASH,,,,,304.0,304.0,328.0,328.0,122.33,122.33,269.0,4.0,0.0,25.0,0.0,434.58,434.58,,,,,,,75.759,-5.48,False
369,UBER,Internet Services & Infrastructure,-31.4,4.0,-4.9,-14.3,-16.7,-22.8,-32.8,-34.0,-33.7,-14.4,-31.4,-31.4,67.6,-71.0,1.4,0.0,15.161090919790079,62.0,379.0,379.0,264.0,264.0,70.85,70.85,435.65,435.65,-19,13.117673769171542,STRONG_DOWN,LOWER,MOMENTUM_DOWN,S5_TRASH,,,,,379.0,379.0,264.0,264.0,70.85,70.85,485.0,58.0,0.0,25.0,0.0,435.65,435.65,,,,,,,101.99,-30.97,False
370,VTRS,Healthcare,-113.8,24.4,-3.7,6.8,9.1,23.0,43.2,40.5,37.6,22.3,-21.0,-113.8,6.1,-151.9,2.5,0.0,-353.15601430635945,37.4,453.0,453.0,472.0,472.0,96.61,96.61,436.56,436.56,-3,-83.70608907048182,EARLY_DOWN,MID_RANGE,MOMENTUM_DOWN,S5_TRASH,,,,,453.0,453.0,472.0,472.0,96.61,96.61,72.0,0.0,0.0,25.0,0.0,436.56,436.56,,,,,,,17.53,-7.24,False
371,WEC,Utilities,-69.1,6.7,-5.0,-15.1,-12.8,-9.4,-11.9,-7.9,-12.1,-26.8,-49.0,-69.1,69.9,-78.6,1.5,0.0,-627.2165392895707,82.2,329.0,329.0,352.0,352.0,113.66,113.66,436.71,436.71,-43,-27.887981230266973,EARLY_UP,LOWER,NEUTRAL,S0_NEUTRAL,,,,,329.0,329.0,352.0,352.0,113.66,113.66,362.0,14.0,0.0,0.0,0.0,436.71,436.71,,,,,,,119.62,-7.16,False
372,T,Telecom Services,-56.5,28.8,-5.9,-17.5,-16.4,-13.4,-20.7,-13.9,-4.2,-0.7,-17.3,-56.5,30.9,-91.2,1.4,0.0,-54.01045945402871,94.7,295.0,295.0,319.0,319.0,114.66,114.66,436.86,436.86,-47,1395.47116205413,EARLY_UP,MID_RANGE,NEUTRAL,S0_NEUTRAL,,,,,295.0,295.0,319.0,319.0,114.66,114.66,425.0,40.0,0.0,0.0,0.0,436.86,436.86,,,,,,,29.435,-15.75,False
373,TSCO,Specialty Retail,-87.6,3.3,0.0,-27.6,-37.7,-43.2,-53.2,-65.1,-75.7,-88.1,-90.3,-87.6,112.2,-107.5,1.4,0.0,1922.5,63.6,375.0,375.0,399.0,399.0,98.33,98.33,438.33,438.33,8,-2468.381447871745,EARLY_UP,LOWER,MOMENTUM_UP,S4_BOTTOMING,,,,,375.0,375.0,399.0,399.0,98.33,98.33,569.0,58.0,0.0,-2.0,0.0,438.33,438.33,,,,,,,60.15,-47.58,False
374,HSY,Confectioners,-82.8,4.7,-2.5,-9.2,-14.0,-9.0,-10.0,-14.4,-31.7,-51.2,-65.0,-82.8,80.2,-90.4,1.8,0.0,-1017.2686137187521,68.4,355.0,355.0,379.0,379.0,114.48,114.48,438.38,438.38,13,3982.731386281248,EARLY_UP,LOWER,NEUTRAL,S0_NEUTRAL,,,,,355.0,355.0,379.0,379.0,114.48,114.48,327.0,4.0,0.0,0.0,0.0,438.38,438.38,,,,,,,239.48,-18.98,False
375,VEEV,Healthcare,-83.9,3.4,2.4,-9.0,-14.0,-25.6,-41.3,-46.9,-60.0,-81.9,-109.1,-83.9,331.9,-98.0,1.9,0.0,890.746020381939,67.4,357.0,357.0,381.0,381.0,113.65,113.65,438.4,438.4,71,-200.40157246394972,EARLY_UP,LOWER,MOMENTUM_UP,S4_BOTTOMING,,,,,357.0,357.0,381.0,381.0,113.65,113.65,496.0,58.0,0.0,-2.0,0.0,438.4,438.4,,,,,,,310.5,-43.85,False
376,OXY,Oil & Gas E&P,-96.1,13.4,-4.5,-16.5,-5.3,8.0,7.8,-10.0,-32.1,-40.9,-22.3,-96.1,85.7,-124.0,1.8,0.0,-394.1496466575682,55.2,395.0,395.0,418.0,418.0,105.35,105.35,440.75,440.75,-68,-363.2017260413456,STRONG_DOWN,LOWER,MOMENTUM_DOWN,S5_TRASH,,,,,395.0,395.0,418.0,418.0,105.35,105.35,177.0,4.0,0.0,25.0,0.0,440.75,440.75,,,,,,,67.45,-16.04,False
377,AEE,Utilities,-74.5,5.0,-7.6,-13.9,-11.9,-8.7,-10.9,-8.4,-13.7,-30.6,-50.8,-74.5,38.4,-79.9,1.6,0.0,-922.8099549116021,76.8,339.0,339.0,362.0,362.0,113.69,113.69,440.89,440.89,-26,4077.1900450883977,EARLY_UP,LOWER,NEUTRAL,S0_NEUTRAL,,,,,339.0,339.0,362.0,362.0,113.69,113.69,337.0,14.0,0.0,0.0,0.0,440.89,440.89,,,,,,,115.585,-6.59,False
378,TXT,Industrials,-86.4,1.5,-3.2,-10.2,-10.6,-6.4,-6.0,-15.3,-28.0,-41.3,-41.6,-86.4,27.7,-89.6,1.9,0.0,-3414.6847060381715,64.8,369.0,369.0,393.0,393.0,106.75,106.75,441.15,441.15,20,-504.42912676709784,STRONG_UP,LOWER,NEUTRAL,S0_NEUTRAL,,,,,369.0,369.0,393.0,393.0,106.75,106.75,283.0,4.0,0.0,0.0,0.0,441.15,441.15,,,,,,,101.57,-9.66,False
379,HBAN,Banks - Regional,-65.8,6.7,1.4,-9.5,-11.9,-11.4,-16.1,-19.6,-16.4,-26.3,-35.2,-65.8,27.8,-74.2,1.5,0.0,-380.62796711489847,85.5,315.0,315.0,337.0,337.0,106.19,106.19,441.89,441.89,61,4619.372032885101,EARLY_UP,LOWER,MOMENTUM_UP,S4_BOTTOMING,,,,,315.0,315.0,337.0,337.0,106.19,106.19,363.0,40.0,0.0,-2.0,0.0,441.89,441.89,,,,,,,19.46,-15.93,False
380,LOW,Retail,-68.5,0.0,0.0,-18.8,-24.0,-23.2,-26.9,-36.6,-48.1,-61.9,-66.1,-68.5,92.6,-68.0,1.9,0.0,1175.3,82.8,325.0,325.0,349.0,349.0,105.45,105.45,442.05,442.05,25,1157.5179166666665,STRONG_DOWN,LOWER,NEUTRAL,S5_TRASH,,,,,325.0,325.0,349.0,349.0,105.45,105.45,499.0,58.0,0.0,25.0,0.0,442.05,442.05,,,,,,,293.06,-26.85,False
381,ROL,Business Services,-60.2,0.0,-1.2,-22.3,-27.7,-29.2,-34.1,-36.1,-42.5,-47.7,-58.0,-60.2,76.9,-67.0,1.6,0.0,275.8341569134327,91.0,305.0,305.0,329.0,329.0,101.86,101.86,443.96,443.96,-16,244.381607001742,STRONG_DOWN,LOWER,MOMENTUM_DOWN,S5_TRASH,,,,,305.0,305.0,329.0,329.0,101.86,101.86,541.0,58.0,0.0,25.0,0.0,443.96,443.96,,,,,,,66.14,-28.03,False
382,CL=F,Index,-101.8,31.9,-6.8,-23.7,-0.7,15.2,15.0,-0.8,-20.7,-47.7,-53.9,-101.8,92.6,-192.0,1.3,0.0,-154.4181746247674,49.4,414.0,414.0,437.0,437.0,117.56,117.56,444.66,444.66,0,0.0,EARLY_DOWN,MID_RANGE,MOMENTUM_DOWN,S5_TRASH,,,,,414.0,414.0,437.0,437.0,117.56,117.56,146.0,0.0,0.0,25.0,0.0,444.66,444.66,,,,,,,119.48,-26.88,False
383,APD,Specialty Chemicals,-73.2,7.1,-6.7,-15.8,-11.9,-5.8,-13.1,-24.0,-36.2,-49.2,-68.1,-73.2,72.8,-84.0,2.0,0.0,-251.7713703678906,78.1,337.0,337.0,360.0,360.0,105.56,105.56,444.86,444.86,-70,-251.77077559855263,STRONG_DOWN,LOWER,MOMENTUM_DOWN,S5_TRASH,,,,,337.0,337.0,360.0,360.0,105.56,105.56,341.0,14.0,0.0,25.0,0.0,444.86,444.86,,,,,,,307.96,-9.53,False
384,SBUX,Restaurants,-90.9,10.1,-6.6,-8.6,-6.2,1.5,0.0,-6.6,-21.9,-42.1,-64.9,-90.9,47.2,-105.9,2.0,0.0,-530.8301475671182,60.4,383.0,383.0,406.0,406.0,108.46,108.46,444.96,444.96,-96,-519.7135213173493,EARLY_DOWN,LOWER,MOMENTUM_DOWN,S5_TRASH,,,,,383.0,383.0,406.0,406.0,108.46,108.46,199.0,4.0,0.0,25.0,0.0,444.96,444.96,,,,,,,108.88,-8.93,False
385,REG,Real Estate,-90.6,2.3,-6.3,-10.2,-9.0,-4.8,-8.9,-14.2,-21.6,-36.2,-45.7,-90.6,11.8,-92.4,2.1,0.0,-2349.1698996260634,60.7,381.0,381.0,404.0,404.0,110.98,110.98,446.03,446.03,-17,2650.8301003739366,EARLY_UP,LOWER,NEUTRAL,S0_NEUTRAL,,,,,381.0,381.0,404.0,404.0,110.98,110.98,278.0,4.0,0.0,0.0,0.0,446.03,446.03,,,,,,,81.655,-5.27,False
386,ERIE,Insurance Brokers,-106.3,0.0,-2.7,-17.5,-25.0,-30.4,-44.7,-64.2,-74.1,-77.2,-95.5,-106.3,196.4,-105.9,2.7,0.0,3812.9116948063224,45.0,428.0,428.0,451.0,451.0,86.34,86.34,446.24,446.24,-14,-241.20233409082493,EARLY_UP,LOWER,NEUTRAL,S0_NEUTRAL,,,,,428.0,428.0,451.0,451.0,86.34,86.34,548.0,58.0,0.0,0.0,0.0,446.24,446.24,,,,,,,330.54,-35.54,False
387,EXC,Utilities,-57.9,3.4,-5.5,-14.4,-13.1,-11.3,-14.7,-13.8,-21.3,-31.8,-36.9,-57.9,49.5,-61.2,1.7,0.0,-774.0191671297011,93.4,297.0,297.0,321.0,321.0,106.55,106.55,446.5,446.5,-35,4225.980832870298,EARLY_UP,LOWER,NEUTRAL,S0_NEUTRAL,,,,,297.0,297.0,321.0,321.0,106.55,106.55,384.0,40.0,0.0,0.0,0.0,446.5,446.5,,,,,,,50.65,-9.89,False
388,TFC,Financials,-89.2,6.8,-3.4,-11.3,-11.6,-7.7,-3.5,-0.2,8.1,-18.8,-42.6,-89.2,23.0,-96.8,1.5,0.0,-1010.0090766553228,62.1,377.0,377.0,402.0,402.0,119.36,119.36,446.96,446.96,14,1062.41570821023,EARLY_UP,LOWER,NEUTRAL,S0_NEUTRAL,,,,,377.0,377.0,402.0,402.0,119.36,119.36,287.0,4.0,0.0,0.0,0.0,446.96,446.96,,,,,,,56.2,-14.22,False
389,TRI,Technology,-109.0,3.9,-1.0,-14.5,-19.8,-32.0,-52.4,-67.6,-80.6,-90.7,-101.6,-109.0,146.3,-118.9,2.1,0.0,1999.9042140371673,42.3,439.0,439.0,459.0,459.0,82.18,82.18,446.98,446.98,29,-2257.7883306629865,STRONG_DOWN,LOWER,MOMENTUM_UP,S4_BOTTOMING,,,,,439.0,439.0,459.0,459.0,82.18,82.18,549.0,58.0,0.0,-2.0,0.0,446.98,446.98,,,,,,,164.3,-47.35,False
390,MRSH,Financials,-91.9,0.0,-3.2,-15.5,-20.0,-21.3,-33.5,-47.5,-60.3,-71.2,-79.5,-91.9,65.4,-91.4,3.1,0.0,1717.071870619378,59.4,385.0,385.0,408.0,408.0,86.64,86.64,447.74,447.74,-61,-3282.928129380622,STRONG_DOWN,LOWER,MOMENTUM_DOWN,S5_TRASH,,,,,385.0,385.0,408.0,408.0,86.64,86.64,497.0,58.0,0.0,25.0,0.0,447.74,447.74,,,,,,,207.83,-23.03,False
391,PNR,Industrials,-95.8,0.0,-2.1,-24.2,-31.9,-36.5,-43.8,-49.0,-53.0,-54.8,-61.1,-95.8,34.9,-95.3,1.4,0.0,769.569115337013,55.4,394.0,394.0,417.0,417.0,69.44,69.44,448.64,448.64,-18,719.636353041495,STRONG_DOWN,LOWER,NEUTRAL,S5_TRASH,,,,,394.0,394.0,417.0,417.0,69.44,69.44,564.0,58.0,0.0,25.0,0.0,448.64,448.64,,,,,,,113.95,-37.83,False
392,XLC,Index,-21.4,0.0,0.0,-8.7,-10.5,-10.6,-12.0,-10.0,-7.5,-6.9,-18.1,-21.4,14.6,-42.1,1.3,0.0,-1649.7,86.2,312.0,312.0,239.0,239.0,99.63,99.63,449.03,449.03,0,0.0,EARLY_DOWN,LOWER,MOMENTUM_DOWN,S5_TRASH,,,,,312.0,312.0,239.0,239.0,99.63,99.63,322.0,40.0,0.0,25.0,0.0,449.03,449.03,,,,,,,120.405,-3.92,False
393,MOH,Healthcare,-110.6,8.3,0.4,-11.2,-9.8,-13.6,-34.1,-54.8,-72.7,-91.0,-105.8,-110.6,210.5,-139.2,2.3,0.0,5000.0,1.9,517.0,517.0,463.0,463.0,97.75,97.75,449.4,449.4,1,0.0,STRONG_DOWN,LOWER,MOMENTUM_DOWN,S5_TRASH,,,,,517.0,517.0,463.0,463.0,97.75,97.75,426.0,22.0,0.0,25.0,0.0,449.4,449.4,6981766450.6,6.982,525.0,other,equity,data_raw,206.89,-35.22,False
394,NOC,Aerospace & Defense,-42.6,3.3,-0.5,-20.2,-25.1,-19.3,-18.7,-18.8,-26.4,-32.5,-36.5,-42.6,77.9,-46.5,1.8,0.0,-210.26242914115863,108.7,270.0,270.0,290.0,290.0,106.0,106.0,451.0,451.0,22,4789.7375708588415,EARLY_UP,LOWER,MOMENTUM_UP,S4_BOTTOMING,,,,,270.0,270.0,290.0,290.0,106.0,106.0,480.0,58.0,0.0,-2.0,0.0,451.0,451.0,,,,,,,774.0,-27.17,False
395,O,Real Estate,-84.2,0.5,-4.2,-12.2,-12.6,-7.0,-7.7,-10.3,-18.8,-37.0,-55.9,-84.2,32.7,-84.4,2.1,0.0,-5000.0,67.1,360.0,360.0,384.0,384.0,114.0,114.0,452.6,452.6,-29,0.0,EARLY_UP,LOWER,NEUTRAL,S0_NEUTRAL,,,,,360.0,360.0,384.0,384.0,114.0,114.0,310.0,4.0,0.0,0.0,0.0,452.6,452.6,,,,,,,67.94,-9.8,False
396,FE,Utilities,-78.5,3.8,-2.9,-15.3,-14.7,-11.0,-9.9,-10.2,-15.7,-27.2,-46.0,-78.5,30.9,-82.3,2.0,0.0,-1370.0070835651222,72.7,349.0,349.0,371.0,371.0,106.46,106.46,452.91,452.91,-6,3629.9929164348778,EARLY_UP,LOWER,NEUTRAL,S0_NEUTRAL,,,,,349.0,349.0,371.0,371.0,106.46,106.46,370.0,20.0,0.0,0.0,0.0,452.91,452.91,,,,,,,52.34,-11.37,False
397,DUK,Electric Utilities,-63.7,0.0,-10.3,-15.6,-13.1,-9.8,-11.7,-9.1,-8.5,-19.2,-33.4,-63.7,12.9,-63.3,1.8,0.0,-4054.4188051095234,87.5,308.0,308.0,331.0,331.0,122.26,122.26,453.66,453.66,-48,945.5811948904766,EARLY_UP,LOWER,NEUTRAL,S0_NEUTRAL,,,,,308.0,308.0,331.0,331.0,122.26,122.26,366.0,14.0,0.0,0.0,0.0,453.66,453.66,,,,,,,134.49,-8.74,False
398,LEN,Residential Construction,-106.3,2.8,-1.0,-6.9,-18.1,-25.1,-34.4,-53.1,-67.6,-75.0,-81.8,-106.3,109.4,-112.6,2.2,0.0,670.6570578825731,45.0,428.0,428.0,451.0,451.0,95.71,95.71,453.86,453.86,-13,-4329.342942117427,EARLY_UP,LOWER,NEUTRAL,S0_NEUTRAL,,,,,428.0,428.0,451.0,451.0,95.71,95.71,483.0,58.0,0.0,0.0,0.0,453.86,453.86,,,,,,,133.76,-32.88,False
399,BR,Industrials,-106.6,4.0,-0.3,-12.7,-21.0,-29.9,-43.3,-53.3,-62.9,-73.0,-89.8,-106.6,60.8,-113.1,2.1,0.0,317.5642436149971,44.6,431.0,431.0,453.0,453.0,86.24,86.24,454.84,454.84,-13,-4682.435756385003,EARLY_UP,LOWER,MOMENTUM_UP,S4_BOTTOMING,,,,,431.0,431.0,453.0,453.0,86.24,86.24,537.0,58.0,0.0,-2.0,0.0,454.84,454.84,,,,,,,243.83,-36.96,False
400,L,Financials,-54.8,7.6,-17.9,-15.2,-14.4,-13.0,-12.2,-11.1,-12.3,-13.0,-15.8,-54.8,9.9,-65.1,1.4,0.0,-398.88010666534143,96.5,290.0,290.0,314.0,314.0,98.85,98.85,455.7,455.7,-105,4601.119893334659,EARLY_UP,LOWER,MOMENTUM_DOWN,S5_TRASH,,,,,290.0,290.0,314.0,314.0,98.85,98.85,391.0,40.0,0.0,25.0,0.0,455.7,455.7,,,,,,,114.9,-9.88,False
401,CL,Household & Personal Products,-98.7,5.9,-3.9,-5.8,-10.1,-4.0,-9.7,-21.5,-28.2,-38.5,-57.8,-98.7,8.1,-104.9,2.2,0.0,-828.5640008620431,52.6,404.0,404.0,428.0,428.0,122.68,122.68,457.53,457.53,-8,4171.435999137957,STRONG_UP,LOWER,MOMENTUM_DOWN,S0_NEUTRAL,,,,,404.0,404.0,428.0,428.0,122.68,122.68,265.0,4.0,0.0,0.0,0.0,457.53,457.53,,,,,,,99.33,-9.26,False
402,SOLV,Healthcare,-20.9,0.2,-9.5,4.3,-3.1,-7.9,-13.5,-18.6,,,,-20.9,9.1,-56.0,2.2,0.0,-1395.7616173194942,7.4,508.0,508.0,238.0,238.0,82.7,82.7,458.25,458.25,-48,835.5077335227816,STRONG_UP,LOWER,MOMENTUM_DOWN,S0_NEUTRAL,,,,,508.0,508.0,238.0,238.0,82.7,82.7,227.0,10.0,47.0,0.0,0.0,458.25,458.25,,,,,,,88.2,-15.02,False
403,RVTY,Healthcare,-133.7,4.9,2.1,9.7,0.7,-1.1,-4.8,-23.8,-40.7,-74.2,-99.5,-133.7,69.5,-147.1,2.1,0.0,-1706.9035985313717,17.5,487.0,487.0,505.0,505.0,101.22,101.22,458.67,458.67,64,2196.8175074757946,STRONG_UP,LOWER,MOMENTUM_UP,S0_NEUTRAL,,,,,487.0,487.0,505.0,505.0,101.22,101.22,160.0,0.0,0.0,0.0,0.0,458.67,458.67,,,,,,,118.3,-11.62,False
404,USB,Financials,-97.9,6.8,-3.0,-9.5,-9.6,-4.7,-1.1,-2.3,-1.2,-24.4,-47.3,-97.9,15.5,-105.7,2.0,0.0,-1062.2632044220775,53.4,402.0,402.0,425.0,425.0,126.96,126.96,459.01,459.01,5,610.9820387081097,EARLY_UP,LOWER,NEUTRAL,S0_NEUTRAL,,,,,402.0,402.0,425.0,425.0,126.96,126.96,239.0,4.0,0.0,0.0,0.0,459.01,459.01,,,,,,,61.19,-10.36,False
405,EW,Healthcare,-106.2,5.0,-1.2,-5.5,-6.1,-7.2,-9.8,-14.2,-30.7,-60.5,-86.3,-106.2,81.2,-115.6,1.7,0.0,-1351.7232383455707,45.1,427.0,427.0,450.0,450.0,111.62,111.62,459.72,459.72,25,3648.2767616544293,STRONG_UP,LOWER,NEUTRAL,S0_NEUTRAL,,,,,427.0,427.0,450.0,450.0,111.62,111.62,255.0,4.0,0.0,0.0,0.0,459.72,459.72,,,,,,,88.28,-2.05,False
406,HII,Aerospace & Defense,-68.6,32.9,-6.3,-27.9,-33.0,-25.2,-12.2,0.7,-6.8,-11.8,-26.3,-68.6,40.1,-121.3,1.8,0.0,-110.81438349018238,82.6,326.0,326.0,350.0,350.0,82.35,82.35,461.9,461.9,-58,-110.8143597435739,STRONG_DOWN,MID_RANGE,NEUTRAL,S5_TRASH,,,,,326.0,326.0,350.0,350.0,82.35,82.35,509.0,40.0,0.0,25.0,0.0,461.9,461.9,,,,,,,460.0,-33.01,False
407,SWKS,Technology,-154.2,5.6,-4.0,19.0,22.2,13.9,1.6,-20.8,-44.1,-75.4,-105.7,-154.2,67.4,-166.8,2.1,0.0,-1719.823529341719,-2.9,524.0,524.0,535.0,535.0,102.15,102.15,462.9,462.9,3,3280.176470658281,STRONG_UP,LOWER,NEUTRAL,S0_NEUTRAL,,,,,524.0,524.0,535.0,535.0,102.15,102.15,79.0,0.0,0.0,0.0,0.0,462.9,462.9,,,,,,,90.9,-14.36,False
408,CHD,Household & Personal Products,-97.2,4.5,-3.1,-8.9,-11.4,-5.4,-11.6,-26.4,-40.2,-54.0,-74.7,-97.2,46.1,-103.4,2.5,0.0,-854.0169762511462,54.1,399.0,399.0,422.0,422.0,114.37,114.37,462.97,462.97,-17,4145.983023748854,STRONG_UP,LOWER,NEUTRAL,S0_NEUTRAL,,,,,399.0,399.0,422.0,422.0,114.37,114.37,305.0,14.0,0.0,0.0,0.0,462.97,462.97,,,,,,,105.88,-9.68,False
409,AES,Utilities,-112.1,8.3,-1.7,-7.2,-12.2,-8.1,1.6,-8.5,-28.7,-61.9,-85.1,-112.1,86.7,-129.6,1.5,0.0,-919.4135973506602,39.1,449.0,449.0,469.0,469.0,111.43,111.43,463.38,463.38,-9,3584.8648809884944,STRONG_UP,LOWER,NEUTRAL,S0_NEUTRAL,,,,,449.0,449.0,469.0,469.0,111.43,111.43,244.0,4.0,0.0,0.0,0.0,463.38,463.38,,,,,,,17.65,-16.88,False
410,PTC,Technology,-92.2,0.0,-6.1,-10.7,-15.9,-24.0,-35.4,-46.9,-58.9,-67.8,-77.7,-92.2,82.2,-91.8,2.5,0.0,1277.0002418447273,59.1,386.0,386.0,409.0,409.0,102.71,102.71,463.91,463.91,-84,-1340.770543264655,EARLY_DOWN,LOWER,MOMENTUM_DOWN,S5_TRASH,,,,,386.0,386.0,409.0,409.0,102.71,102.71,484.0,58.0,0.0,25.0,0.0,463.91,463.91,,,,,,,208.0,-33.3,False
411,SW,Packaging & Containers,-100.8,7.7,4.7,-6.8,-11.7,-6.7,-16.5,-29.9,-36.2,-52.4,-69.1,-100.8,51.9,-113.0,2.0,0.0,-493.3430103114896,50.5,410.0,410.0,433.0,433.0,114.35,114.35,464.15,464.15,91,4506.65698968851,EARLY_UP,LOWER,MOMENTUM_UP,S4_BOTTOMING,,,,,410.0,410.0,433.0,433.0,114.35,114.35,324.0,14.0,0.0,-2.0,0.0,464.15,464.15,,,,,,,52.65,-21.84,False
412,DLTR,Discount Stores,-133.9,12.9,9.3,4.8,-4.7,-4.9,-4.1,-0.4,-28.2,-59.1,-84.5,-133.9,36.8,-158.6,1.5,0.0,-765.5597658644818,17.3,488.0,488.0,506.0,506.0,110.24,110.24,464.39,464.39,109,4234.440234135518,EARLY_UP,LOWER,MOMENTUM_UP,S4_BOTTOMING,,,,,488.0,488.0,506.0,506.0,110.24,110.24,195.0,0.0,0.0,-2.0,0.0,464.39,464.39,,,,,,,142.4,-18.23,False
413,NWSA,Entertainment,-86.3,2.0,-1.5,-7.7,-7.7,-9.1,-20.0,-30.0,-36.6,-46.5,-52.3,-86.3,56.8,-88.7,1.9,0.0,-1141.298888901576,64.9,368.0,368.0,392.0,392.0,122.69,122.69,464.64,464.64,8,-203.66566556540602,STRONG_UP,LOWER,NEUTRAL,S0_NEUTRAL,,,,,368.0,368.0,392.0,392.0,122.69,122.69,335.0,14.0,0.0,0.0,0.0,464.64,464.64,,,,,,,31.61,-17.43,False
414,LUV,Airlines,-135.5,9.9,1.1,1.4,-9.8,-0.0,6.9,10.7,1.5,-32.2,-69.0,-135.5,28.4,-152.9,2.0,0.0,-1095.6517387454435,15.8,492.0,492.0,509.0,509.0,103.22,103.22,465.37,465.37,22,3904.3482612545567,STRONG_UP,LOWER,NEUTRAL,S0_NEUTRAL,,,,,492.0,492.0,509.0,509.0,103.22,103.22,175.0,4.0,0.0,0.0,0.0,465.37,465.37,,,,,,,55.11,-22.06,False
415,DOW,Chemicals,-76.5,17.0,-6.0,-26.0,-8.1,12.4,19.1,-8.7,-30.9,-56.3,-74.5,-76.5,31.9,-138.5,3.0,0.0,-340.4738064267142,19.5,483.0,483.0,368.0,368.0,121.72,121.72,465.82,465.82,-55,-340.47379875176676,STRONG_DOWN,LOWER,MOMENTUM_DOWN,S5_TRASH,,,,,483.0,483.0,368.0,368.0,121.72,121.72,163.0,4.0,0.0,25.0,0.0,465.82,465.82,,,,,,,42.74,-21.03,False
416,BMY,Healthcare,-103.0,16.5,-6.7,-14.8,-13.4,-4.1,2.3,2.0,-11.0,-36.2,-56.3,-103.0,16.3,-125.8,1.8,0.0,-399.6492212948967,48.3,417.0,417.0,440.0,440.0,110.48,110.48,469.03,469.03,-60,4600.350778705103,EARLY_UP,LOWER,MOMENTUM_DOWN,S5_TRASH,,,,,417.0,417.0,440.0,440.0,110.48,110.48,260.0,4.0,0.0,25.0,0.0,469.03,469.03,,,,,,,62.89,-9.08,False
417,TROW,Financials,-111.8,0.4,-0.7,-1.5,-3.3,-5.3,-9.1,-18.3,-30.0,-57.1,-82.2,-111.8,82.7,-112.0,2.1,0.0,-5000.0,39.5,447.0,447.0,467.0,467.0,110.29,110.29,469.29,469.29,12,-1509.2478977560077,STRONG_UP,LOWER,MOMENTUM_DOWN,S0_NEUTRAL,,,,,447.0,447.0,467.0,467.0,110.29,110.29,217.0,0.0,0.0,0.0,0.0,469.29,469.29,,,,,,,109.46,-4.5,False
418,ZBRA,Technology,-113.1,2.4,-2.6,2.2,-0.7,-6.9,-23.0,-43.6,-55.7,-85.6,-110.2,-113.1,273.4,-121.9,2.4,0.0,-644.4000124193544,38.2,452.0,452.0,470.0,470.0,112.09,112.09,469.79,469.79,-26,-235.46144607474804,STRONG_UP,LOWER,MOMENTUM_DOWN,S0_NEUTRAL,,,,,452.0,452.0,470.0,470.0,112.09,112.09,256.0,10.0,0.0,0.0,0.0,469.79,469.79,,,,,,,323.02,-24.58,False
419,TTD,Advertising Agencies,-92.5,0.4,-0.7,-16.7,-22.8,-38.6,-62.0,-87.1,-106.1,-127.9,-148.7,-92.5,1126.9,-105.3,2.2,0.0,4965.158942071809,44.8,430.0,430.0,411.0,411.0,117.35,117.35,470.05,470.05,30,-34.84105792819082,EARLY_UP,LOWER,NEUTRAL,S0_NEUTRAL,,,,,430.0,430.0,411.0,411.0,117.35,117.35,566.0,58.0,0.0,0.0,0.0,470.05,470.05,,,,,,,56.39,-61.77,False
420,J,Industrials,-74.0,11.2,3.2,-15.9,-18.4,-20.9,-26.8,-32.2,-40.1,-54.3,-66.2,-74.0,52.0,-89.3,2.2,0.0,-56.06105510848105,77.3,338.0,338.0,361.0,361.0,104.93,104.93,470.08,470.08,72,4943.938944891519,EARLY_UP,LOWER,MOMENTUM_UP,S4_BOTTOMING,,,,,338.0,338.0,361.0,361.0,104.93,104.93,473.0,58.0,0.0,-2.0,0.0,470.08,470.08,,,,,,,168.44,-28.84,False
421,CARR,Industrials,-25.4,5.2,-1.3,-6.9,-6.7,-1.9,-14.0,-26.3,-32.4,-36.2,,-25.4,46.3,-102.3,2.2,0.0,-562.6505826557085,56.3,392.0,392.0,251.0,251.0,132.44,132.44,470.44,470.44,-24,-562.650577927175,EARLY_DOWN,LOWER,MOMENTUM_DOWN,S5_TRASH,,,,,392.0,392.0,251.0,251.0,132.44,132.44,258.0,14.0,11.0,25.0,0.0,470.44,470.44,,,,,,,69.04,-7.49,False
422,CCL,Travel Services,-125.0,7.2,3.7,-4.8,-11.2,-10.8,-11.8,-0.5,6.8,9.4,-34.0,-125.0,18.9,-135.6,1.5,0.0,-1337.0925510121815,26.3,471.0,471.0,491.0,491.0,61.39,61.39,471.04,471.04,40,3662.9074489878185,EARLY_UP,LOWER,MOMENTUM_UP,S4_BOTTOMING,,,,,471.0,471.0,491.0,491.0,61.39,61.39,312.0,40.0,0.0,-2.0,0.0,471.04,471.04,,,,,,,34.03,-17.54,False
423,KDP,Beverages - Non-Alcoholic,-107.2,1.7,0.5,-0.2,-2.8,-1.8,-11.3,-23.9,-36.7,-59.7,-81.4,-107.2,41.0,-109.3,2.2,0.0,-3348.697299183975,44.0,434.0,434.0,455.0,455.0,114.67,114.67,471.47,471.47,-20,-3168.591060644546,STRONG_UP,LOWER,MOMENTUM_UP,S0_NEUTRAL,,,,,434.0,434.0,455.0,455.0,114.67,114.67,208.0,10.0,0.0,0.0,0.0,471.47,471.47,,,,,,,31.33,-4.15,False
424,EQR,Real Estate,-97.1,1.1,-4.2,-5.0,-5.3,-3.4,-11.6,-24.0,-32.1,-49.0,-65.1,-97.1,30.5,-98.0,2.4,0.0,-4130.163531995624,54.2,398.0,398.0,421.0,421.0,118.35,118.35,471.55,471.55,-42,869.836468004376,STRONG_UP,LOWER,MOMENTUM_DOWN,S0_NEUTRAL,,,,,398.0,398.0,421.0,421.0,118.35,118.35,240.0,14.0,0.0,0.0,0.0,471.55,471.55,,,,,,,67.52,-3.07,False
425,UPS,Industrials,-117.0,4.1,1.8,-6.1,-9.8,-5.8,-4.8,-25.4,-47.5,-75.3,-89.1,-117.0,73.2,-124.6,2.2,0.0,-1459.2661599510334,34.2,457.0,457.0,476.0,476.0,116.35,116.35,474.65,474.65,80,2119.0892343653154,EARLY_UP,LOWER,MOMENTUM_UP,S4_BOTTOMING,,,,,457.0,457.0,476.0,476.0,116.35,116.35,245.0,4.0,0.0,-2.0,0.0,474.65,474.65,,,,,,,122.41,-12.84,False
426,SYK,Medical Devices,-88.3,4.7,-7.4,-12.1,-20.5,-22.8,-32.1,-41.0,-50.2,-56.5,-71.2,-88.3,37.3,-94.2,2.3,0.0,-18.956817687723102,62.9,376.0,376.0,400.0,400.0,95.24,95.24,475.39,475.39,-6,-3.225747947121535,EARLY_UP,LOWER,NEUTRAL,S0_NEUTRAL,,,,,376.0,376.0,400.0,400.0,95.24,95.24,491.0,58.0,0.0,0.0,0.0,475.39,475.39,,,,,,,392.55,-22.28,False
427,BSX,Medical Devices,-127.4,0.0,-5.8,-28.5,-40.5,-49.8,-62.4,-71.1,-76.8,-79.8,-97.8,-127.4,89.6,-126.9,1.6,0.0,2549.4324361294916,23.9,475.0,475.0,495.0,495.0,64.85,64.85,475.6,475.6,-65,-370.76676572583756,STRONG_DOWN,LOWER,MOMENTUM_DOWN,S5_TRASH,,,,,475.0,475.0,495.0,495.0,64.85,64.85,574.0,58.0,0.0,25.0,0.0,475.6,475.6,,,,,,,105.65,-54.27,False
428,CDW,Technology,-114.2,8.9,4.9,-12.4,-10.6,-16.5,-31.3,-50.6,-69.8,-90.1,-108.5,-114.2,116.6,-136.4,2.4,0.0,59.68838632217878,37.1,454.0,454.0,473.0,473.0,96.59,96.59,475.69,475.69,29,-4940.311613677821,EARLY_UP,LOWER,MOMENTUM_UP,S4_BOTTOMING,,,,,454.0,454.0,473.0,473.0,96.59,96.59,438.0,58.0,0.0,-2.0,0.0,475.69,475.69,,,,,,,167.0,-24.88,False
429,AON,Insurance Brokers,-76.5,0.0,-4.7,-10.3,-13.9,-16.7,-25.5,-34.2,-46.8,-59.9,-69.9,-76.5,64.2,-76.2,2.9,0.0,-41.087577274990196,74.7,346.0,346.0,368.0,368.0,93.61,93.61,478.71,478.71,-155,-983.8763435430918,EARLY_UP,LOWER,MOMENTUM_DOWN,S5_TRASH,,,,,346.0,346.0,368.0,368.0,93.61,93.61,422.0,58.0,0.0,25.0,0.0,478.71,478.71,,,,,,,370.31,-14.65,False
430,PFE,Pharmaceuticals,-124.2,5.3,-1.5,-9.9,-9.0,-2.5,0.5,-2.3,-17.4,-51.7,-76.9,-124.2,23.6,-131.9,1.9,0.0,-1840.5549613313322,27.1,467.0,467.0,488.0,488.0,118.26,118.26,478.86,478.86,-11,3129.725549031931,EARLY_UP,LOWER,MOMENTUM_UP,S4_BOTTOMING,,,,,467.0,467.0,488.0,488.0,118.26,118.26,221.0,4.0,0.0,-2.0,0.0,478.86,478.86,,,,,,,28.745,-8.92,False
431,PDD,Technology,-60.2,0.3,-2.1,-26.4,-26.8,-33.2,-39.9,-52.1,-63.9,-68.3,-71.9,-60.2,465.0,-81.1,1.4,0.0,1563.907204828745,46.0,426.0,426.0,329.0,329.0,115.79,115.79,480.89,480.89,-90,-154.56609746553477,STRONG_DOWN,LOWER,MOMENTUM_DOWN,S5_TRASH,,,,,426.0,426.0,329.0,329.0,115.79,115.79,558.0,58.0,0.0,25.0,0.0,480.89,480.89,,,,,,,139.41,-39.43,False
432,BA,Aerospace & Defense,-133.6,3.0,1.0,-3.6,-6.6,-2.1,-7.6,-4.7,-24.3,-42.6,-77.4,-133.6,110.6,-140.6,1.5,0.0,-3554.1855991278903,17.7,486.0,486.0,504.0,504.0,106.9,106.9,481.55,481.55,27,-3263.418595258207,EARLY_DOWN,LOWER,MOMENTUM_UP,S4_BOTTOMING,,,,,486.0,486.0,504.0,504.0,106.9,106.9,219.0,4.0,0.0,-2.0,0.0,481.55,481.55,,,,,,,254.3499,-9.12,False
433,ESS,Real Estate,-109.0,0.0,-3.9,-2.4,-2.3,-2.3,-10.5,-22.0,-27.0,-45.1,-67.2,-109.0,21.2,-108.5,2.7,0.0,-5000.0,42.3,439.0,439.0,459.0,459.0,118.23,118.23,482.73,482.73,-50,0.0,STRONG_UP,LOWER,MOMENTUM_DOWN,S0_NEUTRAL,,,,,439.0,439.0,459.0,459.0,118.23,118.23,211.0,10.0,0.0,0.0,0.0,482.73,482.73,,,,,,,279.4999,-2.45,False
434,ADA-USD,Cryptocurrency,-58.7,0.0,-0.1,-15.6,-21.3,-36.2,-61.2,-75.0,-86.9,-115.4,-63.1,-58.7,3485.6,-75.8,1.8,0.0,4995.000260400392,57.5,389.0,389.0,324.0,324.0,136.17,136.17,485.02,485.02,-9,2073.7691168734136,STRONG_DOWN,LOWER,MOMENTUM_DOWN,S5_TRASH,,,,,389.0,389.0,324.0,324.0,136.17,136.17,562.0,58.0,0.0,25.0,0.0,485.02,485.02,,,,,,,0.9023,-73.98,False
435,CINF,Insurance - Property & Casualty,-54.9,0.0,-15.2,-11.7,-12.3,-12.7,-14.9,-15.9,-15.5,-25.2,-34.1,-54.9,38.9,-54.5,1.4,0.0,-2141.875877069147,96.4,291.0,291.0,315.0,315.0,117.52,117.52,485.97,485.97,-129,2858.124122930853,EARLY_DOWN,LOWER,MOMENTUM_DOWN,S5_TRASH,,,,,291.0,291.0,315.0,315.0,117.52,117.52,372.0,40.0,0.0,25.0,0.0,485.97,485.97,,,,,,,174.27,-9.67,False
436,AMT,Telecommunications Infrastructure,-114.9,4.6,-0.6,-3.5,-5.7,-4.9,-17.6,-26.5,-37.7,-63.2,-90.7,-114.9,77.9,-123.7,2.2,0.0,-1272.711582913797,36.4,455.0,455.0,474.0,474.0,114.8,114.8,486.75,486.75,-1,3727.288417086203,STRONG_UP,LOWER,NEUTRAL,S0_NEUTRAL,,,,,455.0,455.0,474.0,474.0,114.8,114.8,274.0,14.0,0.0,0.0,0.0,486.75,486.75,,,,,,,197.41,-5.29,False
437,MDLZ,Confectioners,-117.2,1.7,-3.6,-6.8,-7.3,-4.3,-15.1,-27.0,-44.6,-61.0,-81.9,-117.2,19.9,-119.1,2.3,0.0,-3562.7490892789524,34.1,458.0,458.0,477.0,477.0,103.11,103.11,487.31,487.31,-29,1437.2509107210476,STRONG_UP,LOWER,MOMENTUM_DOWN,S0_NEUTRAL,,,,,458.0,458.0,477.0,477.0,103.11,103.11,284.0,14.0,0.0,0.0,0.0,487.31,487.31,,,,,,,64.95,-5.82,False
438,SPCE,Aerospace & Defense,-178.7,3.4,2.8,135.0,127.4,98.3,84.5,27.5,-33.5,-96.0,-144.5,-178.7,360.7,-212.4,2.6,0.0,-5000.0,-59.8,576.0,576.0,564.0,564.0,107.21,107.21,487.56,487.56,96,-3228.803090646848,STRONG_UP,LOWER,MOMENTUM_UP,S0_NEUTRAL,,,,,576.0,576.0,564.0,564.0,107.21,107.21,15.0,0.0,0.0,0.0,0.0,487.56,487.56,,,,,,,6.61,-6.51,False
439,ED,Electric Utilities,-99.4,0.0,-3.1,-15.2,-13.9,-9.0,-13.4,-18.6,-28.1,-38.7,-57.8,-99.4,25.7,-98.9,2.3,0.0,-5000.0,51.9,405.0,405.0,429.0,429.0,111.18,111.18,489.18,489.18,-51,0.0,EARLY_UP,LOWER,NEUTRAL,S0_NEUTRAL,,,,,405.0,405.0,429.0,429.0,111.18,111.18,371.0,14.0,0.0,0.0,0.0,489.18,489.18,,,,,,,116.22,-9.11,False
440,XLV,Index,-87.3,1.2,-3.7,-8.1,-11.3,-11.5,-12.0,-22.0,-33.9,-49.7,-64.6,-87.3,23.0,-88.2,2.2,0.0,-3421.546813447635,63.9,374.0,374.0,398.0,398.0,109.68,109.68,489.73,489.73,0,0.0,STRONG_UP,LOWER,NEUTRAL,S0_NEUTRAL,,,,,374.0,374.0,398.0,398.0,109.68,109.68,331.0,40.0,0.0,0.0,0.0,489.73,489.73,,,,,,,160.59,-6.92,False
441,TMO,Life Sciences Tools & Services,-86.1,6.1,5.6,-7.9,-13.8,-18.8,-16.6,-31.8,-47.3,-70.2,-85.2,-86.1,112.5,-98.5,2.2,0.0,-318.66161579181346,65.2,367.0,367.0,391.0,391.0,107.66,107.66,490.16,490.16,36,3207.9883788992147,EARLY_UP,LOWER,MOMENTUM_UP,S4_BOTTOMING,,,,,367.0,367.0,391.0,391.0,107.66,107.66,403.0,58.0,0.0,-2.0,0.0,490.16,490.16,,,,,,,643.99,-23.52,False
442,IT,Technology,-157.8,3.2,-0.7,-2.4,-10.9,-25.3,-48.1,-74.5,-93.0,-111.5,-123.4,-157.8,136.5,-166.8,2.8,0.0,1479.069154453369,-6.5,531.0,531.0,540.0,540.0,91.73,91.73,490.53,490.53,-8,-3520.9308455466307,STRONG_UP,LOWER,NEUTRAL,S0_NEUTRAL,,,,,531.0,531.0,540.0,540.0,91.73,91.73,489.0,58.0,0.0,0.0,0.0,490.53,490.53,,,,,,,265.85,-38.99,False
443,INTU,Application Software,-111.7,2.8,1.5,-29.7,-32.8,-44.5,-59.3,-70.6,-83.5,-98.3,-112.1,-111.7,209.6,-120.8,2.1,0.0,2824.695423709844,39.6,446.0,446.0,466.0,466.0,94.15,94.15,491.2,491.2,39,2823.264314694775,STRONG_DOWN,LOWER,MOMENTUM_DOWN,S5_TRASH,,,,,446.0,446.0,466.0,466.0,94.15,94.15,571.0,58.0,0.0,25.0,0.0,491.2,491.2,,,,,,,705.08,-52.98,False
444,GDDY,Technology,-123.5,0.0,-3.6,-7.6,-12.7,-26.2,-46.8,-64.8,-68.1,-75.0,-96.3,-123.5,129.1,-122.9,2.3,0.0,1680.1496028867869,27.8,466.0,466.0,487.0,487.0,94.39,94.39,492.19,492.19,-81,-149.17106096056273,EARLY_DOWN,LOWER,MOMENTUM_DOWN,S5_TRASH,,,,,466.0,466.0,487.0,487.0,94.39,94.39,500.0,58.0,0.0,25.0,0.0,492.19,492.19,,,,,,,148.19,-42.08,False
445,PEG,Utilities,-84.0,0.0,-4.7,-12.7,-14.5,-14.0,-20.0,-28.0,-30.3,-39.1,-55.0,-84.0,16.1,-83.6,2.1,0.0,-2779.3974184620406,67.2,359.0,359.0,383.0,383.0,110.73,110.73,492.58,492.58,-12,2220.6025815379594,EARLY_UP,LOWER,NEUTRAL,S0_NEUTRAL,,,,,359.0,359.0,383.0,383.0,110.73,110.73,408.0,40.0,0.0,0.0,0.0,492.58,492.58,,,,,,,87.63,-10.25,False
446,CMS,Utilities,-78.5,0.0,-4.0,-13.7,-12.0,-10.1,-12.9,-13.4,-16.5,-29.1,-50.6,-78.5,38.9,-78.0,2.0,0.0,-4828.635565879865,72.8,348.0,348.0,371.0,371.0,117.97,117.97,493.52,493.52,-75,171.36443412013523,EARLY_UP,LOWER,NEUTRAL,S0_NEUTRAL,,,,,348.0,348.0,371.0,371.0,117.97,117.97,359.0,40.0,0.0,0.0,0.0,493.52,493.52,,,,,,,80.355,-9.69,False
447,KVUE,Household & Personal Products,-51.7,3.9,-4.3,-9.7,-11.5,-7.1,-20.9,-34.7,-51.7,,,-51.7,0.0,-115.3,2.3,0.0,-1280.122814565524,-9.5,535.0,535.0,302.0,302.0,96.76,96.76,494.01,494.01,-24,356.0884923981191,EARLY_UP,LOWER,NEUTRAL,S0_NEUTRAL,,,,,535.0,535.0,302.0,302.0,96.76,96.76,364.0,14.0,26.0,0.0,0.0,494.01,494.01,,,,,,,19.18,-9.91,False
448,FDS,Financial Data & Stock Exchanges,-147.7,7.5,1.1,-1.2,-2.4,-10.2,-32.3,-54.3,-73.5,-95.2,-117.3,-147.7,60.9,-164.1,2.4,0.0,-397.03067123644234,3.5,511.0,511.0,526.0,526.0,95.64,95.64,494.19,494.19,46,4602.969328763557,EARLY_UP,LOWER,MOMENTUM_UP,S4_BOTTOMING,,,,,511.0,511.0,526.0,526.0,95.64,95.64,346.0,18.0,0.0,-2.0,0.0,494.19,494.19,,,,,,,306.1,-19.81,False
449,ZS,Technology,-71.4,2.3,-6.5,-9.1,-18.2,-34.9,-52.6,-57.3,-67.2,-87.7,-90.7,-71.4,408.1,-98.5,1.9,0.0,2267.6456344178896,40.0,444.0,444.0,354.0,354.0,123.38,123.38,494.28,494.28,-150,1713.3779902605734,EARLY_DOWN,LOWER,MOMENTUM_DOWN,S5_TRASH,,,,,444.0,444.0,354.0,354.0,123.38,123.38,544.0,58.0,0.0,25.0,0.0,494.28,494.28,,,,,,,336.99,-58.54,False
450,SUI-USD,Cryptocurrency,-94.8,5.9,0.3,-23.5,16.9,-0.9,-54.1,-91.4,,,,-94.8,287.9,-111.3,3.7,0.0,116.81849325009419,-68.9,577.0,577.0,415.0,415.0,84.67,84.67,494.92,494.92,1,-1.4210854715202004e-14,NO_TREND,LOWER,MOMENTUM_DOWN,S5_TRASH,,,,,577.0,577.0,415.0,415.0,84.67,84.67,386.0,10.0,47.0,25.0,0.0,494.92,494.92,,,,,,,0.0172,-98.25,False
451,INVH,Real Estate,-111.8,0.2,-2.5,-0.1,0.2,-2.3,-15.2,-30.5,-46.5,-69.5,-90.8,-111.8,20.8,-124.7,3.0,0.0,-5000.0,17.3,488.0,488.0,467.0,467.0,118.05,118.05,496.25,496.25,-34,0.0,STRONG_UP,LOWER,MOMENTUM_DOWN,S0_NEUTRAL,,,,,488.0,488.0,467.0,467.0,118.05,118.05,210.0,10.0,0.0,0.0,0.0,496.25,496.25,,,,,,,29.825,-1.93,False
452,MCD,Restaurants,-77.4,0.2,-3.9,-16.1,-20.3,-19.6,-25.2,-30.5,-43.7,-55.4,-68.0,-77.4,53.8,-77.3,2.3,0.0,-1356.0515381201903,73.9,347.0,347.0,370.0,370.0,98.04,98.04,496.59,496.59,-21,3643.9484618798097,EARLY_UP,LOWER,NEUTRAL,S0_NEUTRAL,,,,,347.0,347.0,370.0,370.0,98.04,98.04,470.0,58.0,0.0,0.0,0.0,496.59,496.59,,,,,,,341.75,-18.3,False
453,CCI,Real Estate,-133.9,1.4,-1.8,-2.4,-2.1,-2.8,-14.2,-21.0,-33.4,-66.4,-96.3,-133.9,51.9,-136.0,2.5,0.0,-5000.0,17.3,488.0,488.0,506.0,506.0,111.71,111.71,499.81,499.81,-40,0.0,STRONG_UP,LOWER,MOMENTUM_DOWN,S0_NEUTRAL,,,,,488.0,488.0,506.0,506.0,111.71,111.71,224.0,10.0,0.0,0.0,0.0,499.81,499.81,,,,,,,100.5,-8.96,False
454,XLP,Index,-91.7,0.0,-2.0,-10.1,-11.8,-8.2,-13.2,-20.8,-31.1,-46.3,-64.2,-91.7,21.2,-91.2,2.2,0.0,-4883.502852056071,59.6,384.0,384.0,407.0,407.0,114.05,114.05,500.95,500.95,0,0.0,EARLY_DOWN,LOWER,MOMENTUM_DOWN,S5_TRASH,,,,,384.0,384.0,407.0,407.0,114.05,114.05,332.0,14.0,0.0,25.0,0.0,500.95,500.95,,,,,,,90.14,-8.02,False
455,YUM,Restaurants,-75.0,0.0,-5.3,-14.9,-16.3,-13.3,-17.5,-21.6,-32.2,-43.1,-56.8,-75.0,45.1,-74.6,2.0,0.0,-3071.9206624390727,76.3,340.0,340.0,363.0,363.0,102.31,102.31,501.36,501.36,-118,-2421.2946132279467,STRONG_DOWN,LOWER,MOMENTUM_DOWN,S5_TRASH,,,,,340.0,340.0,363.0,363.0,102.31,102.31,409.0,40.0,0.0,25.0,0.0,501.36,501.36,,,,,,,169.39,-12.66,False
456,CRL,Healthcare,-129.6,4.2,2.9,-4.1,-10.1,-11.5,-7.2,-23.9,-44.9,-78.4,-102.1,-129.6,203.0,-143.8,2.1,0.0,-1865.5037669251271,21.7,481.0,481.0,501.0,501.0,108.67,108.67,501.52,501.52,77,3134.496233074873,EARLY_UP,LOWER,MOMENTUM_UP,S4_BOTTOMING,,,,,481.0,481.0,501.0,501.0,108.67,108.67,286.0,20.0,0.0,-2.0,0.0,501.52,501.52,,,,,,,228.88,-21.05,False
457,IBIT,Index,-34.0,0.0,0.0,-9.5,-9.7,-19.4,-36.0,-36.0,,,,-34.0,35.4,-81.9,2.0,0.0,73.1,-3.2,526.0,526.0,270.0,270.0,89.53,89.53,501.78,501.78,0,0.0,EARLY_DOWN,LOWER,MOMENTUM_DOWN,S5_TRASH,,,,,526.0,526.0,270.0,270.0,89.53,89.53,451.0,40.0,47.0,25.0,0.0,501.78,501.78,,,,,,,71.82,-42.04,False
458,LH,Healthcare,-85.7,1.4,-2.9,-11.4,-13.8,-11.7,-16.7,-17.5,-26.0,-43.3,-55.6,-85.7,17.6,-86.7,1.5,0.0,-3368.011919722224,65.6,365.0,365.0,389.0,389.0,118.52,118.52,502.07,502.07,-10,1631.9880802777761,EARLY_UP,LOWER,NEUTRAL,S0_NEUTRAL,,,,,365.0,365.0,389.0,389.0,118.52,118.52,388.0,40.0,0.0,0.0,0.0,502.07,502.07,,,,,,,293.72,-11.46,False
459,HSIC,Healthcare,-138.6,3.8,0.0,-6.0,-9.3,-6.2,-8.9,-18.9,-36.2,-60.5,-85.3,-138.6,10.2,-143.9,1.8,0.0,-2490.1,12.6,496.0,496.0,512.0,512.0,123.27,123.27,505.97,505.97,4,-12.400000000000091,EARLY_UP,LOWER,MOMENTUM_UP,S4_BOTTOMING,,,,,496.0,496.0,512.0,512.0,123.27,123.27,268.0,4.0,0.0,-2.0,0.0,505.97,505.97,,,,,,,89.29,-14.23,False
460,SCHW,Investment Banking & Brokerage,-59.6,3.2,-6.8,-15.2,-18.2,-18.3,-21.1,-15.8,-15.9,-35.2,-34.5,-59.6,56.7,-63.4,1.3,0.0,-782.3000120955002,91.6,302.0,302.0,325.0,325.0,113.73,113.73,508.38,508.38,-85,-750.6498458219983,STRONG_DOWN,LOWER,MOMENTUM_DOWN,S5_TRASH,,,,,302.0,302.0,325.0,325.0,113.73,113.73,447.0,58.0,0.0,25.0,0.0,508.38,508.38,,,,,,,107.49,-18.74,False
461,UDR,Real Estate,-118.6,0.0,-3.7,-5.0,-7.3,-6.2,-16.0,-28.5,-38.7,-59.3,-79.1,-118.6,16.1,-118.1,2.6,0.0,-5000.0,32.7,459.0,459.0,479.0,479.0,118.61,118.61,508.56,508.56,-46,-2297.8632048276913,STRONG_UP,LOWER,MOMENTUM_DOWN,S0_NEUTRAL,,,,,459.0,459.0,479.0,479.0,118.61,118.61,294.0,14.0,0.0,0.0,0.0,508.56,508.56,,,,,,,40.17,-8.14,False
462,BKNG,Travel Services,-242.5,0.0,-0.4,-58.8,-82.4,-93.3,-105.9,-119.0,-135.1,-156.0,-185.4,-242.5,73.4,-240.0,1.5,0.0,654.0118916009254,-91.2,578.0,578.0,578.0,578.0,74.2,74.2,509.7,509.7,4,474.03332609729955,EARLY_UP,LOWER,NEUTRAL,S0_NEUTRAL,,,,,578.0,578.0,578.0,578.0,74.2,74.2,578.0,58.0,0.0,0.0,0.0,509.7,509.7,,,,,,,5624.8901,-97.02,False
463,PODD,Medical Devices,-115.5,0.4,-1.3,-33.8,-42.9,-51.6,-62.5,-67.2,-78.7,-103.7,-127.1,-115.5,280.5,-116.6,1.6,0.0,3925.7799457745527,35.7,456.0,456.0,475.0,475.0,109.44,109.44,509.79,509.79,-51,-191.212246024656,STRONG_DOWN,LOWER,NEUTRAL,S5_TRASH,,,,,456.0,456.0,475.0,475.0,109.44,109.44,575.0,58.0,0.0,25.0,0.0,509.79,509.79,,,,,,,354.88,-59.16,False
464,ITW,Industrials,-85.1,0.0,-1.6,-14.4,-17.1,-14.0,-18.5,-26.5,-39.2,-51.0,-65.1,-85.1,26.1,-84.7,2.5,0.0,-3088.2540576158635,66.2,362.0,362.0,387.0,387.0,102.64,102.64,512.49,512.49,-50,1438.6315790250474,STRONG_DOWN,LOWER,NEUTRAL,S5_TRASH,,,,,362.0,362.0,387.0,387.0,102.64,102.64,411.0,40.0,0.0,25.0,0.0,512.49,512.49,,,,,,,303.16,-18.43,False
465,CPT,Real Estate,-120.6,0.2,-2.9,-5.0,-8.3,-8.7,-16.8,-27.8,-36.8,-63.7,-84.3,-120.6,43.3,-120.5,2.3,0.0,-5000.0,30.7,462.0,462.0,482.0,482.0,119.0,119.0,512.55,512.55,-22,0.0,STRONG_UP,LOWER,NEUTRAL,S0_NEUTRAL,,,,,462.0,462.0,482.0,482.0,119.0,119.0,309.0,14.0,0.0,0.0,0.0,512.55,512.55,,,,,,,112.5,-5.28,False
466,DHR,Life Sciences Tools & Services,-101.0,4.7,2.0,-10.2,-17.4,-22.3,-26.7,-42.6,-58.1,-81.9,-98.5,-101.0,142.7,-112.6,2.2,0.0,-227.3673462875571,50.3,411.0,411.0,434.0,434.0,107.97,107.97,514.47,514.47,27,4772.632653712443,EARLY_UP,LOWER,MOMENTUM_UP,S4_BOTTOMING,,,,,411.0,411.0,434.0,434.0,107.97,107.97,459.0,58.0,0.0,-2.0,0.0,514.47,514.47,,,,,,,242.8,-24.77,False
467,MRNA,Healthcare,-97.9,2.1,-0.2,-11.0,-11.6,21.3,35.4,-5.2,-45.2,-94.4,-99.8,-97.9,1434.6,-168.2,2.9,0.0,-3880.507288016643,2.7,514.0,514.0,425.0,425.0,137.88,137.88,515.53,515.53,-29,-2319.2887146213216,STRONG_DOWN,LOWER,MOMENTUM_DOWN,S5_TRASH,,,,,514.0,514.0,425.0,425.0,137.88,137.88,107.0,4.0,0.0,25.0,0.0,515.53,515.53,,,,,,,59.55,-20.76,False
468,CI,Healthcare,-107.4,0.0,-4.4,-9.3,-10.0,-7.8,-18.6,-33.5,-46.8,-59.1,-71.2,-107.4,48.1,-107.1,2.2,0.0,-3791.1636423957125,43.8,435.0,435.0,456.0,456.0,107.27,107.27,516.22,516.22,-61,-3790.6527097672124,EARLY_DOWN,LOWER,MOMENTUM_DOWN,S5_TRASH,,,,,435.0,435.0,456.0,456.0,107.27,107.27,342.0,14.0,0.0,25.0,0.0,516.22,516.22,,,,,,,315.47,-12.07,False
469,ULTA,Specialty Retail,-87.0,6.2,-3.8,-15.0,-24.1,-22.2,-19.9,-12.5,-29.1,-44.7,-51.2,-87.0,50.1,-95.6,1.8,0.0,-823.2898125202416,64.3,371.0,371.0,395.0,395.0,111.23,111.23,516.68,516.68,15,274.04511604129925,EARLY_UP,LOWER,NEUTRAL,S0_NEUTRAL,,,,,371.0,371.0,395.0,395.0,111.23,111.23,476.0,58.0,0.0,0.0,0.0,516.68,516.68,,,,,,,714.97,-28.83,False
470,VICI,Real Estate,-75.2,0.0,-3.0,-9.5,-11.1,-11.7,-22.1,-29.4,-41.5,-57.3,-68.6,-75.2,40.0,-89.6,2.4,0.0,-3177.322169140379,38.5,450.0,450.0,364.0,364.0,117.34,117.34,517.14,517.14,-33,-1836.5059160184496,STRONG_UP,LOWER,MOMENTUM_DOWN,S0_NEUTRAL,,,,,450.0,450.0,364.0,364.0,117.34,117.34,392.0,40.0,0.0,0.0,0.0,517.14,517.14,,,,,,,33.005,-14.5,False
471,HD,N/A,-92.8,2.5,-1.0,-13.1,-19.4,-20.8,-29.2,-39.0,-49.3,-63.9,-78.1,-92.8,61.9,-96.4,2.2,0.0,-399.5363791241311,58.5,388.0,388.0,412.0,412.0,109.88,109.88,517.23,517.23,3,4600.463620875869,EARLY_UP,LOWER,NEUTRAL,S0_NEUTRAL,,,,,388.0,388.0,412.0,412.0,109.88,109.88,479.0,58.0,0.0,0.0,0.0,517.23,517.23,,,,,,,418.58,-24.23,False
472,STE,Healthcare,-86.5,1.7,-4.1,-12.2,-19.7,-22.4,-27.7,-34.0,-47.1,-64.2,-82.1,-86.5,69.5,-88.7,2.0,0.0,-1019.9402296804507,64.8,369.0,369.0,394.0,394.0,110.19,110.19,517.44,517.44,-33,1057.3649871139478,EARLY_UP,LOWER,NEUTRAL,S0_NEUTRAL,,,,,369.0,369.0,394.0,394.0,110.19,110.19,478.0,58.0,0.0,0.0,0.0,517.44,517.44,,,,,,,269.44,-21.05,False
473,IQV,Healthcare,-120.9,6.3,6.3,0.4,-9.4,-18.1,-17.1,-33.3,-51.5,-77.1,-97.7,-120.9,66.3,-132.9,2.3,0.0,-855.9390637290888,30.4,463.0,463.0,483.0,483.0,109.54,109.54,518.39,518.39,41,-457.447872150137,STRONG_UP,LOWER,MOMENTUM_UP,S0_NEUTRAL,,,,,463.0,463.0,483.0,483.0,109.54,109.54,344.0,40.0,0.0,0.0,0.0,518.39,518.39,,,,,,,247.05,-26.25,False
474,VRSK,Industrials,-123.4,5.7,-0.4,-14.2,-20.4,-25.2,-41.8,-56.0,-68.8,-80.9,-102.0,-123.4,50.5,-133.4,2.6,0.0,-14.144888468356418,27.9,465.0,465.0,486.0,486.0,98.28,98.28,519.38,519.38,2,-10.604621690121188,EARLY_UP,LOWER,MOMENTUM_UP,S4_BOTTOMING,,,,,465.0,465.0,486.0,486.0,98.28,98.28,521.0,58.0,0.0,-2.0,0.0,519.38,519.38,,,,,,,253.35,-30.93,False
475,PPG,Specialty Chemicals,-142.6,2.7,1.0,-4.6,-9.8,-4.7,-11.3,-25.9,-46.2,-70.3,-95.2,-142.6,10.8,-146.2,2.2,0.0,-3387.720719219991,8.7,506.0,506.0,523.0,523.0,119.2,119.2,519.5,519.5,22,1612.2792807800088,EARLY_UP,LOWER,MOMENTUM_UP,S4_BOTTOMING,,,,,506.0,506.0,523.0,523.0,119.2,119.2,270.0,14.0,0.0,-2.0,0.0,519.5,519.5,,,,,,,133.43,-15.33,False
476,BIIB,Healthcare,-169.5,2.8,-1.4,-4.5,-4.3,-0.3,10.9,-6.6,-36.2,-68.6,-104.4,-169.5,14.3,-174.2,2.0,0.0,-4781.069344308289,-18.2,549.0,549.0,554.0,554.0,127.04,127.04,519.69,519.69,-12,-4772.923914074435,STRONG_UP,LOWER,MOMENTUM_UP,S0_NEUTRAL,,,,,549.0,549.0,554.0,554.0,127.04,127.04,162.0,0.0,0.0,0.0,0.0,519.69,519.69,,,,,,,205.97,-4.84,False
477,PRU,Financials,-89.6,0.0,-5.0,-7.8,-10.6,-13.7,-19.1,-32.8,-39.8,-51.9,-56.2,-89.6,35.8,-89.1,2.3,0.0,-2248.6021482649526,61.6,380.0,380.0,403.0,403.0,110.98,110.98,519.83,519.83,-100,1915.1747795385804,EARLY_DOWN,LOWER,MOMENTUM_DOWN,S5_TRASH,,,,,380.0,380.0,403.0,403.0,110.98,110.98,373.0,40.0,0.0,25.0,0.0,519.83,519.83,,,,,,,119.76,-15.97,False
478,MTCH,Internet Content & Information,-120.5,3.6,0.2,2.8,0.1,-3.5,-6.5,-15.6,-33.4,-70.8,-105.7,-120.5,469.7,-142.4,1.9,0.0,-5000.0,-8.0,532.0,532.0,481.0,481.0,116.76,116.76,520.46,520.46,-22,0.0,STRONG_DOWN,LOWER,MOMENTUM_DOWN,S5_TRASH,,,,,532.0,532.0,481.0,481.0,116.76,116.76,188.0,0.0,0.0,25.0,0.0,520.46,520.46,6918846692.73,6.919,526.0,other,equity,data_raw,39.2,-24.13,False
479,ALGN,Medical Devices,-163.3,1.6,0.5,-10.7,-10.4,-2.4,-6.6,-31.3,-58.0,-92.7,-125.0,-163.3,236.6,-169.2,2.6,0.0,-5000.0,-12.0,538.0,538.0,545.0,545.0,114.98,114.98,521.23,521.23,2,0.0,EARLY_UP,LOWER,MOMENTUM_UP,S4_BOTTOMING,,,,,538.0,538.0,545.0,545.0,114.98,114.98,263.0,4.0,0.0,-2.0,0.0,521.23,521.23,,,,,,,200.25,-12.63,False
480,AVB,Real Estate,-129.1,0.0,-1.6,-5.1,-6.0,-6.6,-16.9,-31.1,-40.7,-60.5,-82.7,-129.1,8.8,-128.7,2.9,0.0,-5000.0,22.1,480.0,480.0,500.0,500.0,122.9,122.9,521.85,521.85,-36,0.0,STRONG_UP,LOWER,MOMENTUM_DOWN,S0_NEUTRAL,,,,,480.0,480.0,500.0,500.0,122.9,122.9,291.0,14.0,0.0,0.0,0.0,521.85,521.85,,,,,,,195.3,-6.55,False
481,SJM,Packaged Foods,-133.5,0.4,-2.5,-3.0,-8.6,-6.8,-13.0,-20.4,-37.8,-60.2,-82.4,-133.5,15.9,-133.5,2.3,0.0,-5000.0,17.8,485.0,485.0,503.0,503.0,123.44,123.44,522.14,522.14,-27,-176.42073169609557,STRONG_UP,LOWER,MOMENTUM_DOWN,S0_NEUTRAL,,,,,485.0,485.0,503.0,503.0,123.44,123.44,277.0,14.0,0.0,0.0,0.0,522.14,522.14,,,,,,,119.005,-13.28,False
482,SBAC,Real Estate,-135.0,0.5,-1.8,-1.9,-0.5,-0.2,-12.4,-23.0,-40.3,-73.5,-104.3,-135.0,94.6,-135.6,2.1,0.0,-5000.0,16.2,491.0,491.0,508.0,508.0,112.11,112.11,523.36,523.36,-41,0.0,STRONG_DOWN,LOWER,MOMENTUM_DOWN,S5_TRASH,,,,,491.0,491.0,508.0,508.0,112.11,112.11,204.0,10.0,0.0,25.0,0.0,523.36,523.36,,,,,,,224.27,-9.41,False
483,INCY,Healthcare,-128.1,1.4,-2.2,-9.0,-11.3,-11.8,-2.0,3.7,-2.3,-28.2,-64.5,-128.1,58.2,-130.2,1.8,0.0,-5000.0,23.2,478.0,478.0,498.0,498.0,119.73,119.73,523.48,523.48,-36,0.0,STRONG_UP,LOWER,MOMENTUM_DOWN,S0_NEUTRAL,,,,,478.0,478.0,498.0,498.0,119.73,119.73,289.0,20.0,0.0,0.0,0.0,523.48,523.48,,,,,,,112.29,-13.85,False
484,ABNB,Travel Services,-68.3,0.0,0.0,-9.9,-9.4,-7.9,-13.4,-25.3,-41.7,-62.3,,-68.3,33.1,-102.6,2.0,0.0,-5000.0,-0.6,521.0,521.0,347.0,347.0,132.58,132.58,523.63,523.63,-12,-2983.8048143525675,STRONG_DOWN,LOWER,MOMENTUM_UP,S4_BOTTOMING,,,,,521.0,521.0,347.0,347.0,132.58,132.58,314.0,14.0,11.0,-2.0,0.0,523.63,523.63,,,,,,,147.25,-9.47,False
485,FTV,Industrials,-113.6,1.6,-3.7,-8.6,-6.8,-3.9,-4.9,-18.1,-33.9,-50.4,-74.9,-113.6,14.0,-127.8,2.2,0.0,-4992.710901252601,27.1,467.0,467.0,471.0,471.0,127.52,127.52,523.82,523.82,-53,-4590.725815638877,EARLY_UP,LOWER,MOMENTUM_DOWN,S5_TRASH,,,,,467.0,467.0,471.0,471.0,127.52,127.52,235.0,4.0,0.0,25.0,0.0,523.82,523.82,,,,,,,62.65,-6.91,False
486,PG,Household Products,-101.7,0.0,-1.9,-11.6,-15.6,-14.7,-21.9,-33.2,-44.7,-58.7,-77.7,-101.7,37.7,-101.2,2.4,0.0,-3619.3145719479876,49.6,413.0,413.0,436.0,436.0,114.26,114.26,524.41,524.41,-6,317.4899471230724,EARLY_UP,LOWER,NEUTRAL,S0_NEUTRAL,,,,,413.0,413.0,436.0,436.0,114.26,114.26,412.0,40.0,0.0,0.0,0.0,524.41,524.41,,,,,,,167.25,-14.16,False
487,ECL,Specialty Chemicals,-90.6,1.3,-1.5,-13.4,-18.1,-16.3,-21.3,-26.0,-28.7,-35.1,-61.0,-90.6,35.5,-91.8,1.8,0.0,-3067.2441382908964,60.7,381.0,381.0,404.0,404.0,113.43,113.43,527.63,527.63,-14,1932.7558617091036,EARLY_UP,LOWER,NEUTRAL,S0_NEUTRAL,,,,,381.0,381.0,404.0,404.0,113.43,113.43,435.0,58.0,0.0,0.0,0.0,527.63,527.63,,,,,,,309.24,-17.22,False
488,ICE,Financial Data & Stock Exchanges,-75.5,0.0,-0.9,-15.7,-18.9,-17.4,-27.4,-32.6,-36.6,-44.4,-60.5,-75.5,26.5,-75.1,2.0,0.0,-666.1755940441451,75.8,343.0,343.0,367.0,367.0,113.64,113.64,528.54,528.54,-62,-653.3658122204521,STRONG_DOWN,LOWER,MOMENTUM_DOWN,S5_TRASH,,,,,343.0,343.0,367.0,367.0,113.64,113.64,467.0,58.0,0.0,25.0,0.0,528.54,528.54,,,,,,,176.05,-16.02,False
489,SYY,Food Distribution,-107.1,1.9,-3.4,-6.5,-14.7,-11.7,-15.5,-19.2,-30.2,-49.7,-70.3,-107.1,22.5,-109.1,2.0,0.0,-3400.954050796966,44.2,432.0,432.0,454.0,454.0,118.65,118.65,529.4,529.4,-65,1599.045949203034,STRONG_UP,LOWER,NEUTRAL,S0_NEUTRAL,,,,,432.0,432.0,454.0,454.0,118.65,118.65,367.0,40.0,0.0,0.0,0.0,529.4,529.4,,,,,,,91.85,-17.46,False
490,MTD,Healthcare,-103.8,7.0,2.9,-17.3,-20.4,-23.8,-24.4,-36.0,-49.7,-73.6,-88.9,-103.8,88.0,-118.0,2.0,0.0,-482.08388156105576,47.4,420.0,420.0,443.0,443.0,107.67,107.67,529.47,529.47,13,4517.916118438944,EARLY_UP,LOWER,MOMENTUM_UP,S4_BOTTOMING,,,,,420.0,420.0,443.0,443.0,107.67,107.67,482.0,58.0,0.0,-2.0,0.0,529.47,529.47,,,,,,,1525.17,-22.59,False
491,SWK,Industrials,-163.1,0.0,-0.1,-3.9,-8.6,-4.3,-4.1,-22.5,-39.6,-68.7,-105.0,-163.1,21.3,-162.5,2.3,0.0,-5000.0,-11.8,537.0,537.0,544.0,544.0,128.2,128.2,530.75,530.75,8,-756.4928400574581,STRONG_UP,LOWER,MOMENTUM_UP,S0_NEUTRAL,,,,,537.0,537.0,544.0,544.0,128.2,128.2,228.0,4.0,0.0,0.0,0.0,530.75,530.75,,,,,,,93.37,-14.94,False
492,SRE,Utilities,-86.0,0.0,-2.4,-17.4,-14.8,-13.7,-12.4,-16.3,-24.4,-37.2,-55.9,-86.0,21.9,-85.5,1.8,0.0,-5000.0,65.3,366.0,366.0,390.0,390.0,115.38,115.38,531.33,531.33,-114,0.0,STRONG_DOWN,LOWER,MOMENTUM_DOWN,S5_TRASH,,,,,366.0,366.0,390.0,390.0,115.38,115.38,401.0,40.0,0.0,25.0,0.0,531.33,531.33,,,,,,,101.039,-11.79,False
493,IFF,Specialty Chemicals,-165.7,0.4,-1.5,-4.1,-6.6,-1.8,-7.1,-26.5,-39.2,-72.2,-106.3,-165.7,12.2,-165.9,2.3,0.0,-5000.0,-14.5,544.0,544.0,550.0,550.0,128.01,128.01,532.01,532.01,-2,0.0,STRONG_UP,LOWER,NEUTRAL,S0_NEUTRAL,,,,,544.0,544.0,550.0,550.0,128.01,128.01,218.0,4.0,0.0,0.0,0.0,532.01,532.01,,,,,,,84.45,-9.95,False
494,TSN,Farm Products,-126.6,4.6,-7.4,-14.8,-14.9,-8.2,-8.4,-14.0,-19.7,-48.2,-76.1,-126.6,24.5,-133.3,2.0,0.0,-1862.5191569571803,24.7,473.0,473.0,493.0,493.0,123.16,123.16,532.06,532.06,-83,-1294.680414357363,EARLY_DOWN,LOWER,MOMENTUM_DOWN,S5_TRASH,,,,,473.0,473.0,493.0,493.0,123.16,123.16,345.0,4.0,0.0,25.0,0.0,532.06,532.06,,,,,,,69.4842,-12.18,False
495,LW,Packaged Foods,-121.8,11.6,3.8,-3.5,-5.0,-13.2,-18.6,-36.1,-58.9,-73.9,-98.2,-121.8,59.8,-155.8,1.8,0.0,-5000.0,-23.8,556.0,556.0,484.0,484.0,112.22,112.22,532.72,532.72,-26,0.0,STRONG_DOWN,LOWER,MOMENTUM_UP,S4_BOTTOMING,,,,,556.0,556.0,484.0,484.0,112.22,112.22,316.0,18.0,0.0,-2.0,0.0,532.72,532.72,5777402962.49,5.777,533.0,other,equity,data_raw,67.07,-37.98,False
496,CRM,Software,-124.2,5.2,1.5,-6.9,-11.3,-21.6,-34.4,-50.7,-64.1,-77.2,-101.3,-124.2,111.0,-136.5,2.5,0.0,-228.85676539806937,27.1,467.0,467.0,488.0,488.0,102.66,102.66,533.26,533.26,21,562.2787801116117,EARLY_UP,LOWER,MOMENTUM_UP,S4_BOTTOMING,,,,,467.0,467.0,488.0,488.0,102.66,102.66,453.0,58.0,0.0,-2.0,0.0,533.26,533.26,,,,,,,269.11,-28.99,False
497,TEAM,Technology,-155.2,0.5,0.5,-13.1,-33.7,-46.0,-64.7,-79.9,-96.8,-120.0,-146.3,-155.2,620.0,-158.3,2.5,0.0,1720.207134899571,-18.2,549.0,549.0,538.0,538.0,122.51,122.51,534.06,534.06,-11,0.0,EARLY_UP,LOWER,MOMENTUM_UP,S4_BOTTOMING,,,,,549.0,549.0,538.0,538.0,122.51,122.51,568.0,58.0,0.0,-2.0,0.0,534.06,534.06,11740436040.58,11.74,491.0,other,equity,data_raw,184.0,-62.38,False
498,WY,Real Estate,-141.2,1.5,0.1,-8.5,-10.4,-7.3,-14.6,-29.5,-46.8,-70.1,-89.6,-141.2,12.6,-143.1,2.6,0.0,-5000.0,10.0,503.0,503.0,520.0,520.0,123.51,123.51,534.26,534.26,-23,0.0,EARLY_UP,LOWER,MOMENTUM_UP,S4_BOTTOMING,,,,,503.0,503.0,520.0,520.0,123.51,123.51,318.0,14.0,0.0,-2.0,0.0,534.26,534.26,,,,,,,27.75,-11.68,False
499,KHC,Packaged Foods,-160.9,0.0,-1.5,-2.9,-6.7,-9.3,-17.6,-31.4,-48.4,-70.5,-90.8,-160.9,10.3,-160.3,2.8,0.0,-5000.0,-9.6,536.0,536.0,543.0,543.0,111.65,111.65,535.0,535.0,-29,0.0,STRONG_UP,LOWER,NEUTRAL,S0_NEUTRAL,,,,,536.0,536.0,543.0,543.0,111.65,111.65,303.0,14.0,0.0,0.0,0.0,535.0,535.0,,,,,,,26.89,-10.71,False
500,GPN,Specialty Business Services,-176.3,2.1,-0.5,-0.3,-3.8,-7.4,-17.0,-38.6,-60.3,-89.5,-126.9,-176.3,72.1,-181.1,2.6,0.0,-5000.0,-25.0,557.0,557.0,559.0,559.0,116.34,116.34,537.24,537.24,-15,0.0,STRONG_UP,LOWER,MOMENTUM_UP,S0_NEUTRAL,,,,,557.0,557.0,559.0,559.0,116.34,116.34,257.0,10.0,0.0,0.0,0.0,537.24,537.24,,,,,,,89.58,-15.71,False
501,HAS,Leisure,-111.1,8.3,-4.6,-16.8,-17.5,-11.5,-7.1,-0.4,-2.5,-26.9,-57.5,-111.1,23.8,-122.8,1.7,0.0,-1012.3796896497504,40.2,443.0,443.0,464.0,464.0,127.21,127.21,538.86,538.86,-112,-1012.3794251423813,STRONG_DOWN,LOWER,MOMENTUM_DOWN,S5_TRASH,,,,,443.0,443.0,464.0,464.0,127.21,127.21,380.0,20.0,0.0,25.0,0.0,538.86,538.86,,,,,,,106.98,-19.45,False
502,HRL,Packaged Foods,-165.2,4.2,1.7,-3.0,-10.1,-9.3,-22.7,-40.0,-59.3,-87.6,-117.4,-165.2,42.7,-173.8,2.2,0.0,-2307.2124711552788,-13.9,543.0,543.0,549.0,549.0,116.25,116.25,538.9,538.9,30,2692.7875288447212,EARLY_UP,LOWER,MOMENTUM_UP,S4_BOTTOMING,,,,,543.0,543.0,549.0,549.0,116.25,116.25,348.0,14.0,0.0,-2.0,0.0,538.9,538.9,,,,,,,26.18,-11.27,False
503,PPL,Utilities,-103.5,0.0,-3.5,-17.0,-16.3,-14.3,-18.2,-19.7,-22.6,-34.3,-56.0,-103.5,10.3,-103.0,1.9,0.0,-5000.0,47.8,419.0,419.0,442.0,442.0,122.41,122.41,539.11,539.11,-42,0.0,EARLY_UP,LOWER,NEUTRAL,S0_NEUTRAL,,,,,419.0,419.0,442.0,442.0,122.41,122.41,415.0,40.0,0.0,0.0,0.0,539.11,539.11,,,,,,,40.105,-11.76,False
504,AIG,Insurance - Diversified,-87.1,0.0,-4.2,-14.0,-14.0,-15.9,-23.0,-29.5,-35.2,-39.7,-38.0,-87.1,9.9,-86.6,1.8,0.0,-2829.72006307472,64.2,372.0,372.0,396.0,396.0,110.61,110.61,543.46,543.46,-124,2170.27993692528,STRONG_DOWN,LOWER,MOMENTUM_DOWN,S5_TRASH,,,,,372.0,372.0,396.0,396.0,110.61,110.61,421.0,58.0,0.0,25.0,0.0,543.46,543.46,,,,,,,87.29,-14.96,False
505,MAA,Real Estate,-119.3,0.0,-2.8,-7.4,-10.4,-11.9,-22.2,-34.0,-44.7,-70.5,-89.4,-119.3,56.2,-118.7,3.0,0.0,-5000.0,32.0,461.0,461.0,480.0,480.0,114.81,114.81,543.61,543.61,-63,0.0,STRONG_UP,LOWER,NEUTRAL,S0_NEUTRAL,,,,,461.0,461.0,480.0,480.0,114.81,114.81,375.0,40.0,0.0,0.0,0.0,543.61,543.61,,,,,,,141.97,-9.09,False
506,ES,Utilities,-122.6,0.0,-2.3,-13.2,-13.8,-12.4,-13.5,-16.4,-27.0,-53.7,-83.8,-122.6,49.7,-122.1,1.7,0.0,-5000.0,28.7,464.0,464.0,485.0,485.0,114.58,114.58,545.73,545.73,-78,0.0,EARLY_UP,LOWER,NEUTRAL,S0_NEUTRAL,,,,,464.0,464.0,485.0,485.0,114.58,114.58,379.0,40.0,0.0,0.0,0.0,545.73,545.73,,,,,,,76.41,-10.65,False
507,EXE,Oil & Gas E&P,-33.2,0.0,-1.7,-19.9,-22.4,-24.4,-29.0,-28.8,-37.0,-37.8,,-33.2,97.5,-61.1,2.2,0.0,-118.67843751600306,32.4,460.0,460.0,267.0,267.0,127.89,127.89,553.84,553.84,-42,-50.348003979617104,STRONG_DOWN,LOWER,MOMENTUM_DOWN,S5_TRASH,,,,,460.0,460.0,267.0,267.0,127.89,127.89,507.0,58.0,11.0,25.0,0.0,553.84,553.84,,,,,,,126.621,-26.57,False
508,WDAY,Technology,-156.7,5.8,3.1,4.0,-4.7,-22.1,-40.5,-57.9,-76.0,-94.7,-122.6,-156.7,88.9,-171.1,2.6,0.0,-714.8206255515147,-5.4,529.0,529.0,539.0,539.0,114.02,114.02,555.32,555.32,36,1410.2928957026934,STRONG_UP,LOWER,MOMENTUM_UP,S0_NEUTRAL,,,,,529.0,529.0,539.0,539.0,114.02,114.02,413.0,36.0,0.0,0.0,0.0,555.32,555.32,,,,,,,249.85,-41.49,False
509,EG,Insurance - Reinsurance,-108.5,0.0,-6.2,-14.4,-12.6,-10.8,-18.4,-32.0,-48.1,-57.5,-71.2,-108.5,38.9,-108.0,2.3,0.0,-4332.8022848027085,42.8,437.0,437.0,457.0,457.0,111.4,111.4,556.35,556.35,-151,-800.051909389716,EARLY_DOWN,LOWER,MOMENTUM_DOWN,S5_TRASH,,,,,437.0,437.0,457.0,457.0,111.4,111.4,396.0,40.0,0.0,25.0,0.0,556.35,556.35,,,,,,,368.29,-12.02,False
510,ARE,Real Estate,-197.1,0.4,-1.0,7.2,-5.6,-10.0,-31.0,-57.7,-79.0,-110.8,-143.9,-197.1,27.8,-197.6,2.5,0.0,-5000.0,-45.9,572.0,572.0,574.0,574.0,115.27,115.27,556.52,556.52,-6,0.0,STRONG_UP,LOWER,NEUTRAL,S0_NEUTRAL,,,,,572.0,572.0,574.0,574.0,115.27,115.27,321.0,14.0,0.0,0.0,0.0,556.52,556.52,,,,,,,88.24,-43.7,False
511,AVY,Packaging & Containers,-111.4,0.0,-0.7,-15.5,-20.7,-20.5,-24.5,-40.1,-54.8,-75.3,-89.9,-111.4,74.5,-110.9,2.1,0.0,-3205.6600943778017,39.9,445.0,445.0,465.0,465.0,107.83,107.83,556.63,556.63,-1,1794.3399056221983,EARLY_UP,LOWER,NEUTRAL,S0_NEUTRAL,,,,,445.0,445.0,465.0,465.0,107.83,107.83,471.0,58.0,0.0,0.0,0.0,556.63,556.63,,,,,,,199.54,-20.28,False
512,DX-Y.NYB,Index,-150.7,0.0,-0.7,-10.2,-9.2,-10.1,-16.2,-29.2,-45.4,-65.6,-94.1,-150.7,13.7,-150.2,2.8,0.0,-5000.0,0.6,519.0,519.0,532.0,532.0,127.48,127.48,557.78,557.78,0,0.0,STRONG_UP,LOWER,MOMENTUM_DOWN,S0_NEUTRAL,,,,,519.0,519.0,532.0,532.0,127.48,127.48,339.0,22.0,0.0,0.0,0.0,557.78,557.78,,,,,,,100.64,-1.72,False
513,PCG,Utilities,-154.8,0.0,-0.8,-14.5,-14.1,-11.7,-14.0,-29.9,-45.0,-49.8,-69.5,-154.8,11.7,-155.8,2.4,0.0,-5000.0,-3.6,527.0,527.0,537.0,537.0,99.5,99.5,558.45,558.45,-58,0.0,EARLY_UP,LOWER,NEUTRAL,S0_NEUTRAL,,,,,527.0,527.0,537.0,537.0,99.5,99.5,390.0,40.0,0.0,0.0,0.0,558.45,558.45,,,,,,,19.16,-14.72,False
514,WTW,Financials,-108.5,0.0,-5.7,-18.1,-23.7,-27.6,-35.4,-42.8,-49.4,-61.0,-80.6,-108.5,22.9,-108.1,2.5,0.0,-2406.6528064091294,42.7,438.0,438.0,457.0,457.0,106.72,106.72,558.77,558.77,-43,-1933.8690571221216,EARLY_UP,LOWER,NEUTRAL,S0_NEUTRAL,,,,,438.0,438.0,457.0,457.0,106.72,106.72,531.0,58.0,0.0,0.0,0.0,558.77,558.77,,,,,,,352.79,-29.23,False
515,RMD,Healthcare,-97.2,0.0,-2.5,-21.0,-28.3,-30.4,-39.4,-45.2,-52.4,-75.3,-94.2,-97.2,134.7,-96.7,1.8,0.0,-472.1815009580954,54.1,399.0,399.0,422.0,422.0,111.74,111.74,561.39,561.39,-65,727.870145669545,STRONG_DOWN,LOWER,MOMENTUM_DOWN,S5_TRASH,,,,,399.0,399.0,422.0,422.0,111.74,111.74,552.0,58.0,0.0,25.0,0.0,561.39,561.39,,,,,,,284.87,-33.1,False
516,EL,Personal Products,-172.7,1.7,-1.0,9.2,-10.3,-14.2,-10.3,-17.8,-47.3,-91.2,-126.7,-172.7,96.0,-176.9,1.6,0.0,-5000.0,-21.5,554.0,554.0,557.0,557.0,112.26,112.26,562.31,562.31,30,-4769.950266882665,STRONG_UP,LOWER,NEUTRAL,S0_NEUTRAL,,,,,554.0,554.0,557.0,557.0,112.26,112.26,259.0,40.0,0.0,0.0,0.0,562.31,562.31,,,,,,,121.635,-26.87,False
517,XYL,Industrials,-104.3,0.0,-1.3,-17.6,-22.5,-27.3,-33.8,-41.8,-51.0,-63.9,-80.0,-104.3,41.6,-103.8,1.8,0.0,-2416.058344755352,47.0,422.0,422.0,446.0,446.0,118.5,118.5,562.9,562.9,-2,-84.26985346847596,EARLY_UP,LOWER,NEUTRAL,S0_NEUTRAL,,,,,422.0,422.0,446.0,446.0,118.5,118.5,520.0,58.0,0.0,0.0,0.0,562.9,562.9,,,,,,,154.27,-28.99,False
518,APTV,Auto Parts,-166.5,5.4,4.1,0.6,-9.0,-15.5,-20.7,-26.8,-50.6,-85.5,-115.3,-166.5,58.7,-178.6,1.6,0.0,-2153.98864376209,-15.2,546.0,546.0,552.0,552.0,115.13,115.13,564.33,564.33,32,2846.01135623791,EARLY_UP,LOWER,MOMENTUM_UP,S4_BOTTOMING,,,,,546.0,546.0,552.0,552.0,115.13,115.13,348.0,40.0,0.0,-2.0,0.0,564.33,564.33,,,,,,,88.93,-23.6,False
519,IP,Packaging & Containers,-132.9,7.2,3.1,-5.1,-15.2,-17.1,-29.7,-42.2,-45.5,-63.5,-83.1,-132.9,26.9,-144.8,2.2,0.0,-698.2167921061551,18.3,484.0,484.0,502.0,502.0,120.29,120.29,565.29,565.29,38,4301.7832078938445,EARLY_UP,LOWER,MOMENTUM_UP,S4_BOTTOMING,,,,,484.0,484.0,502.0,502.0,120.29,120.29,430.0,58.0,0.0,-2.0,0.0,565.29,565.29,,,,,,,50.25,-33.39,False
520,BAX,Healthcare,-205.4,0.0,-1.7,0.4,-8.2,-9.6,-28.9,-52.6,-74.7,-108.7,-146.2,-205.4,45.4,-205.0,3.0,0.0,-5000.0,-54.1,574.0,574.0,576.0,576.0,119.17,119.17,566.87,566.87,-32,0.0,STRONG_UP,LOWER,NEUTRAL,S0_NEUTRAL,,,,,574.0,574.0,576.0,576.0,119.17,119.17,358.0,14.0,0.0,0.0,0.0,566.87,566.87,,,,,,,24.27,-22.62,False
521,ALLE,Industrials,-104.5,0.0,-2.3,-17.1,-23.1,-26.3,-32.1,-32.9,-39.3,-52.2,-74.0,-104.5,37.4,-104.0,1.8,0.0,-4276.374402886421,46.8,423.0,423.0,447.0,447.0,118.16,118.16,567.51,567.51,-26,723.6255971135788,EARLY_UP,LOWER,NEUTRAL,S0_NEUTRAL,,,,,423.0,423.0,447.0,447.0,118.16,118.16,510.0,58.0,0.0,0.0,0.0,567.51,567.51,,,,,,,183.11,-28.97,False
522,BXP,Real Estate,-166.0,0.0,-1.6,-0.9,-6.1,-14.0,-22.9,-32.9,-40.2,-68.7,-103.0,-166.0,7.4,-165.5,2.4,0.0,-5000.0,-14.7,545.0,545.0,551.0,551.0,127.46,127.46,567.61,567.61,-35,0.0,STRONG_UP,LOWER,MOMENTUM_DOWN,S0_NEUTRAL,,,,,545.0,545.0,551.0,551.0,127.46,127.46,336.0,22.0,0.0,0.0,0.0,567.61,567.61,,,,,,,78.23,-23.29,False
523,ADSK,Technology,-100.6,0.0,-2.4,-14.3,-15.6,-23.6,-34.4,-40.8,-50.3,-68.2,-91.9,-100.6,136.2,-100.2,1.8,0.0,-1386.1255312326962,50.6,409.0,409.0,432.0,432.0,114.72,114.72,569.12,569.12,-70,2320.997863483313,EARLY_DOWN,LOWER,MOMENTUM_DOWN,S5_TRASH,,,,,409.0,409.0,432.0,432.0,114.72,114.72,487.0,58.0,0.0,25.0,0.0,569.12,569.12,,,,,,,326.54,-29.16,False
524,TYL,Technology,-139.9,1.0,-1.7,-16.6,-19.9,-30.2,-47.4,-63.7,-74.5,-91.5,-113.6,-139.9,77.0,-141.6,2.7,0.0,-155.2686438897499,11.3,499.0,499.0,516.0,516.0,114.62,114.62,569.37,569.37,4,-136.30067823387375,STRONG_DOWN,LOWER,MOMENTUM_UP,S4_BOTTOMING,,,,,499.0,499.0,516.0,516.0,114.62,114.62,542.0,58.0,0.0,-2.0,0.0,569.37,569.37,,,,,,,538.9,-41.89,False
525,ACN,IT Consulting & Other Services,-149.2,4.2,0.3,-10.7,-20.1,-28.1,-41.0,-59.7,-77.6,-98.8,-119.2,-149.2,86.6,-159.0,2.1,0.0,-619.8137982376303,2.1,515.0,515.0,529.0,529.0,100.24,100.24,569.74,569.74,-9,4380.18620176237,EARLY_UP,LOWER,MOMENTUM_UP,S4_BOTTOMING,,,,,515.0,515.0,529.0,529.0,100.24,100.24,515.0,58.0,0.0,-2.0,0.0,569.74,569.74,,,,,,,291.08,-35.73,False
526,OMC,Advertising Agencies,-126.2,0.0,-5.0,-14.6,-17.3,-15.5,-18.9,-34.7,-48.3,-60.7,-76.9,-126.2,7.3,-125.6,2.3,0.0,-5000.0,25.1,472.0,472.0,492.0,492.0,111.33,111.33,569.88,569.88,-25,0.0,EARLY_UP,LOWER,NEUTRAL,S0_NEUTRAL,,,,,472.0,472.0,492.0,492.0,111.33,111.33,419.0,58.0,0.0,0.0,0.0,569.88,569.88,,,,,,,87.17,-16.59,False
527,PAYC,Industrials,-118.3,4.1,-0.2,-1.8,-10.9,-22.4,-38.5,-44.9,-63.9,-90.4,-117.3,-118.3,389.7,-139.6,2.0,0.0,-9.655202162801499e-05,-5.7,530.0,530.0,478.0,478.0,122.02,122.02,570.92,570.92,-9,0.000765654048727485,STRONG_DOWN,LOWER,MOMENTUM_DOWN,S5_TRASH,,,,,530.0,530.0,478.0,478.0,122.02,122.02,454.0,58.0,0.0,25.0,0.0,570.92,570.92,6223033319.69,6.223,530.0,other,equity,data_raw,248.95,-52.98,False
528,PEP,Soft Drinks & Non-alcoholic Beverages,-110.0,0.0,-2.1,-17.8,-19.1,-15.5,-14.2,-24.3,-40.2,-57.8,-76.7,-110.0,21.3,-109.5,2.4,0.0,-5000.0,41.3,442.0,442.0,462.0,462.0,118.72,118.72,570.92,570.92,-68,-4344.8933829521175,STRONG_DOWN,LOWER,MOMENTUM_DOWN,S5_TRASH,,,,,442.0,442.0,462.0,462.0,118.72,118.72,420.0,40.0,0.0,25.0,0.0,570.92,570.92,,,,,,,171.48,-15.91,False
529,LULU,Apparel Retail,-164.2,0.9,-0.2,-19.8,-28.3,-33.5,-48.2,-70.7,-93.9,-119.0,-146.3,-164.2,274.1,-167.6,3.1,0.0,-84.2319963161437,-12.9,541.0,541.0,547.0,547.0,102.29,102.29,574.39,574.39,-61,-902.2507153678455,EARLY_UP,LOWER,NEUTRAL,S0_NEUTRAL,,,,,541.0,541.0,547.0,547.0,102.29,102.29,561.0,58.0,0.0,0.0,0.0,574.39,574.39,,,,,,,225.98,-41.95,False
530,TECH,Healthcare,-140.8,3.4,1.0,-14.9,-20.2,-23.0,-24.2,-43.5,-62.1,-92.9,-116.8,-140.8,167.5,-157.7,2.3,0.0,-1999.7636730492086,10.4,501.0,501.0,518.0,518.0,108.37,108.37,576.47,576.47,-7,3000.2363269507914,EARLY_UP,LOWER,MOMENTUM_UP,S4_BOTTOMING,,,,,501.0,501.0,518.0,518.0,108.37,108.37,477.0,58.0,0.0,-2.0,0.0,576.47,576.47,,,,,,,72.16,-28.38,False
531,ADBE,Software,-149.9,2.0,0.8,-4.8,-10.5,-20.7,-36.0,-58.5,-79.9,-102.2,-129.2,-149.9,166.4,-155.8,2.4,0.0,-1323.5654847971114,1.4,518.0,518.0,531.0,531.0,113.13,113.13,580.43,580.43,-19,-1289.78872921185,EARLY_DOWN,LOWER,MOMENTUM_UP,S4_BOTTOMING,,,,,518.0,518.0,531.0,531.0,113.13,113.13,446.0,58.0,0.0,-2.0,0.0,580.43,580.43,,,,,,,370.31,-30.0,False
532,EFX,Industrials,-140.8,1.4,-1.2,-16.4,-22.5,-26.9,-41.3,-55.7,-68.7,-87.7,-104.7,-140.8,48.7,-143.0,2.6,0.0,-2276.8491024039786,10.4,501.0,501.0,518.0,518.0,103.17,103.17,580.77,580.77,-19,2723.1508975960214,EARLY_UP,LOWER,MOMENTUM_UP,S4_BOTTOMING,,,,,501.0,501.0,518.0,518.0,103.17,103.17,535.0,58.0,0.0,-2.0,0.0,580.77,580.77,,,,,,,262.3,-36.79,False
533,DPZ,Restaurants,-127.2,0.0,-2.8,-21.3,-26.7,-30.0,-41.3,-52.8,-63.4,-81.9,-103.8,-127.2,80.2,-126.8,2.6,0.0,-2485.07713078991,24.0,474.0,474.0,494.0,494.0,110.28,110.28,582.13,582.13,-26,2514.92286921009,EARLY_UP,LOWER,NEUTRAL,S0_NEUTRAL,,,,,474.0,474.0,494.0,494.0,110.28,110.28,551.0,58.0,0.0,0.0,0.0,582.13,582.13,,,,,,,442.35,-29.79,False
534,ABT,Medical Devices,-127.5,0.0,-2.4,-20.6,-27.2,-34.0,-45.4,-53.1,-65.1,-84.7,-107.7,-127.5,74.9,-127.0,2.4,0.0,-2313.985772686375,23.8,476.0,476.0,496.0,496.0,111.78,111.78,585.08,585.08,-26,2686.014227313625,EARLY_UP,LOWER,NEUTRAL,S0_NEUTRAL,,,,,476.0,476.0,496.0,496.0,111.78,111.78,560.0,58.0,0.0,0.0,0.0,585.08,585.08,,,,,,,137.49,-37.74,False
535,DG,Discount Stores,-148.4,1.9,0.9,-14.7,-25.2,-19.5,-17.3,-14.7,-40.1,-80.5,-113.1,-148.4,89.3,-152.4,1.6,0.0,-5000.0,2.9,512.0,512.0,527.0,527.0,108.93,108.93,588.78,588.78,-15,0.0,EARLY_UP,LOWER,MOMENTUM_UP,S4_BOTTOMING,,,,,512.0,512.0,527.0,527.0,108.93,108.93,461.0,58.0,0.0,-2.0,0.0,588.78,588.78,,,,,,,158.23,-30.1,False
536,ROP,Technology,-148.4,0.7,-1.2,-19.0,-19.2,-27.0,-43.7,-59.6,-75.3,-92.6,-116.4,-148.4,45.1,-149.2,3.0,0.0,-3146.8018498966862,2.8,513.0,513.0,527.0,527.0,103.12,103.12,588.97,588.97,-6,-1714.4519182184433,STRONG_DOWN,LOWER,MOMENTUM_UP,S4_BOTTOMING,,,,,513.0,513.0,527.0,527.0,103.12,103.12,538.0,58.0,0.0,-2.0,0.0,588.97,588.97,,,,,,,521.28,-37.55,False
537,TRMB,Technology,-127.8,1.3,0.3,-25.6,-25.7,-32.1,-39.6,-43.0,-50.3,-75.2,-94.3,-127.8,80.8,-129.9,1.7,0.0,-3746.929097316779,23.5,477.0,477.0,497.0,497.0,114.56,114.56,590.76,590.76,4,1253.070902683221,STRONG_DOWN,LOWER,MOMENTUM_UP,S4_BOTTOMING,,,,,477.0,477.0,497.0,497.0,114.56,114.56,555.0,58.0,0.0,-2.0,0.0,590.76,590.76,,,,,,,84.42,-33.18,False
538,AOS,Industrials,-136.7,0.0,-0.2,-19.6,-27.2,-25.9,-31.8,-44.5,-60.0,-74.9,-90.6,-136.7,20.8,-136.2,2.4,0.0,-5000.0,14.6,494.0,494.0,511.0,511.0,107.36,107.36,592.16,592.16,-27,0.0,EARLY_UP,LOWER,NEUTRAL,S0_NEUTRAL,,,,,494.0,494.0,511.0,511.0,107.36,107.36,532.0,58.0,0.0,0.0,0.0,592.16,592.16,,,,,,,81.87,-30.72,False
539,GPC,Auto Parts,-136.0,0.6,-1.3,-16.3,-24.6,-27.7,-34.8,-42.8,-59.8,-79.2,-93.8,-136.0,56.8,-136.6,1.9,0.0,-5000.0,15.2,493.0,493.0,510.0,510.0,112.03,112.03,593.78,593.78,0,0.0,EARLY_UP,LOWER,MOMENTUM_UP,S4_BOTTOMING,,,,,493.0,493.0,510.0,510.0,112.03,112.03,528.0,58.0,0.0,-2.0,0.0,593.78,593.78,,,,,,,151.57,-34.88,False
540,BALL,Packaging Materials,-140.7,0.0,-2.5,-20.4,-20.5,-11.9,-16.0,-29.7,-43.9,-71.9,-105.0,-140.7,78.1,-140.4,2.2,0.0,-5000.0,10.5,500.0,500.0,517.0,517.0,116.66,116.66,595.71,595.71,-50,0.0,STRONG_DOWN,LOWER,NEUTRAL,S5_TRASH,,,,,500.0,500.0,517.0,517.0,116.66,116.66,429.0,40.0,0.0,25.0,0.0,595.71,595.71,,,,,,,68.29,-19.94,False
541,MOS,Agricultural Inputs,-153.0,1.6,0.7,-12.7,-17.3,-16.3,-32.5,-38.5,-58.6,-88.7,-98.0,-153.0,156.0,-158.9,2.2,0.0,-5000.0,-1.7,522.0,522.0,533.0,533.0,113.94,113.94,597.79,597.79,-10,0.0,EARLY_UP,LOWER,MOMENTUM_UP,S4_BOTTOMING,,,,,522.0,522.0,533.0,533.0,113.94,113.94,463.0,58.0,0.0,-2.0,0.0,597.79,597.79,,,,,,,36.99,-35.39,False
542,FISV,Financial Technology,-187.1,0.3,-1.7,-13.7,-16.8,-20.2,-50.6,-77.4,-94.6,-113.4,-142.2,-187.1,66.3,-187.3,3.9,0.0,-1262.133700377569,-35.8,565.0,565.0,568.0,568.0,103.14,103.14,599.44,599.44,-18,-926.4798118424103,EARLY_UP,LOWER,MOMENTUM_UP,S4_BOTTOMING,,,,,565.0,565.0,568.0,568.0,103.14,103.14,517.0,58.0,0.0,-2.0,0.0,599.44,599.44,,,,,,,133.37,-57.59,False
543,WYNN,Resorts & Casinos,-141.8,1.6,0.3,-13.1,-14.5,-20.8,-22.9,-21.6,-36.1,-48.3,-79.7,-141.8,68.0,-144.8,1.5,0.0,-5000.0,9.4,504.0,504.0,521.0,521.0,127.23,127.23,600.73,600.73,9,-444.78543323028225,EARLY_UP,LOWER,MOMENTUM_UP,S4_BOTTOMING,,,,,504.0,504.0,521.0,521.0,127.23,127.23,440.0,58.0,0.0,-2.0,0.0,600.73,600.73,,,,,,,134.72,-24.87,False
544,AWK,Utilities,-124.3,0.2,-0.6,-16.1,-15.9,-15.5,-24.7,-32.5,-45.8,-70.8,-96.1,-124.3,64.8,-124.2,2.4,0.0,-5000.0,27.0,470.0,470.0,490.0,490.0,116.09,116.09,602.34,602.34,-66,-1824.064198649423,STRONG_DOWN,LOWER,NEUTRAL,S5_TRASH,,,,,470.0,470.0,490.0,490.0,116.09,116.09,443.0,58.0,0.0,25.0,0.0,602.34,602.34,,,,,,,145.64,-15.36,False
545,LVS,Resorts & Casinos,-143.8,0.0,0.0,-16.6,-16.8,-23.4,-19.6,-20.7,-37.9,-51.2,-84.9,-143.8,29.7,-143.3,2.1,0.0,-5000.0,7.5,507.0,507.0,524.0,524.0,127.16,127.16,604.26,604.26,-10,-4967.834705053697,STRONG_DOWN,LOWER,MOMENTUM_UP,S4_BOTTOMING,,,,,507.0,507.0,524.0,524.0,127.16,127.16,455.0,58.0,0.0,-2.0,0.0,604.26,604.26,,,,,,,70.45,-28.22,False
546,KMB,Household & Personal Products,-147.2,0.0,-2.1,-10.2,-13.7,-16.2,-29.0,-41.3,-53.5,-71.4,-99.1,-147.2,20.6,-146.7,2.7,0.0,-5000.0,4.1,510.0,510.0,525.0,525.0,127.61,127.61,604.36,604.36,-40,0.0,STRONG_UP,LOWER,NEUTRAL,S0_NEUTRAL,,,,,510.0,510.0,525.0,525.0,127.61,127.61,433.0,58.0,0.0,0.0,0.0,604.36,604.36,,,,,,,126.55,-22.88,False
547,POOL,Industrial Distribution,-153.8,0.1,-1.5,-21.3,-27.7,-31.7,-46.5,-64.7,-83.6,-109.2,-131.8,-153.8,205.6,-153.9,2.7,0.0,-2290.348228963993,-2.5,523.0,523.0,534.0,534.0,114.19,114.19,606.29,606.29,-20,769.4758273672442,EARLY_UP,LOWER,NEUTRAL,S0_NEUTRAL,,,,,523.0,523.0,534.0,534.0,114.19,114.19,559.0,58.0,0.0,0.0,0.0,606.29,606.29,,,,,,,325.57,-44.28,False
548,REGN,Biotechnology,-128.8,0.0,0.0,-26.7,-27.8,-26.9,-20.4,-41.2,-60.2,-75.5,-88.3,-128.8,50.6,-128.2,2.3,0.0,-4675.6,22.4,479.0,479.0,499.0,499.0,107.47,107.47,607.82,607.82,-59,-4651.993456580345,STRONG_DOWN,LOWER,MOMENTUM_DOWN,S5_TRASH,,,,,479.0,479.0,499.0,499.0,107.47,107.47,518.0,58.0,0.0,25.0,0.0,607.82,607.82,,,,,,,821.11,-25.13,False
549,GEHC,Healthcare,-67.0,0.0,-2.0,-15.8,-24.5,-27.7,-32.0,-46.1,-61.1,,,-67.0,20.1,-124.7,2.6,0.0,-5000.0,-17.7,548.0,548.0,342.0,342.0,120.76,120.76,608.56,608.56,-24,0.0,EARLY_UP,LOWER,NEUTRAL,S0_NEUTRAL,,,,,548.0,548.0,342.0,342.0,120.76,120.76,514.0,58.0,26.0,0.0,0.0,608.56,608.56,,,,,,,89.77,-30.56,False
550,VLTO,Industrials,-48.1,0.0,-2.3,-16.6,-21.2,-24.4,-33.0,-44.0,,,,-48.1,0.0,-108.7,2.9,0.0,-3756.7728677529976,-12.4,539.0,539.0,297.0,297.0,91.54,91.54,609.94,609.94,-52,-2291.9318757019296,STRONG_DOWN,LOWER,MOMENTUM_DOWN,S5_TRASH,,,,,539.0,539.0,297.0,297.0,91.54,91.54,505.0,58.0,47.0,25.0,0.0,609.94,609.94,,,,,,,108.0,-23.86,False
551,CTSH,Technology,-160.5,6.9,0.7,-11.5,-22.0,-29.4,-37.9,-49.1,-62.0,-81.2,-106.8,-160.5,16.0,-173.0,2.1,0.0,-1077.6112840232695,-9.2,534.0,534.0,542.0,542.0,127.65,127.65,610.75,610.75,2,3922.3887159767305,EARLY_UP,LOWER,MOMENTUM_UP,S4_BOTTOMING,,,,,534.0,534.0,542.0,542.0,127.65,127.65,522.0,58.0,0.0,-2.0,0.0,610.75,610.75,,,,,,,87.03,-35.93,False
552,NCLH,Travel Services,-177.5,3.5,2.3,-14.1,-22.6,-23.0,-28.9,-37.6,-47.5,-65.3,-102.3,-177.5,12.0,-183.9,1.8,0.0,-3373.0823553846044,-26.2,560.0,560.0,562.0,562.0,115.38,115.38,614.23,614.23,-1,1626.9176446153956,EARLY_UP,LOWER,MOMENTUM_UP,S4_BOTTOMING,,,,,560.0,560.0,562.0,562.0,115.38,115.38,493.0,58.0,0.0,-2.0,0.0,614.23,614.23,,,,,,,26.09,-29.7,False
553,DIS,Entertainment,-154.4,0.0,0.0,-8.1,-12.3,-15.2,-22.8,-29.4,-39.7,-68.4,-103.0,-154.4,38.2,-153.9,2.2,0.0,-5000.0,-3.1,525.0,525.0,536.0,536.0,114.79,114.79,618.29,618.29,-57,-2576.466052773826,EARLY_DOWN,LOWER,MOMENTUM_DOWN,S5_TRASH,,,,,525.0,525.0,536.0,536.0,114.79,114.79,405.0,58.0,0.0,25.0,0.0,618.29,618.29,,,,,,,117.09,-13.03,False
554,NKE,Footwear & Accessories,-183.4,1.3,-0.5,-6.4,-20.4,-28.3,-40.5,-58.0,-80.4,-109.8,-139.1,-183.4,81.7,-186.2,2.0,0.0,-5000.0,-32.1,563.0,563.0,566.0,566.0,109.12,109.12,618.57,618.57,-12,0.0,EARLY_UP,LOWER,NEUTRAL,S0_NEUTRAL,,,,,563.0,563.0,566.0,566.0,109.12,109.12,508.0,58.0,0.0,0.0,0.0,618.57,618.57,,,,,,,76.97,-39.94,False
555,COO,Healthcare,-164.1,0.0,-2.0,-18.3,-26.9,-28.6,-32.8,-52.0,-70.1,-93.1,-121.2,-164.1,37.1,-163.7,2.1,0.0,-5000.0,-12.8,540.0,540.0,546.0,546.0,115.91,115.91,619.66,619.66,-26,0.0,EARLY_UP,LOWER,NEUTRAL,S0_NEUTRAL,,,,,540.0,540.0,546.0,546.0,115.91,115.91,535.0,58.0,0.0,0.0,0.0,619.66,619.66,,,,,,,89.83,-31.86,False
556,BF-B,Beverages - Wineries & Distilleries,-187.2,0.0,-0.5,-11.4,-14.4,-14.9,-23.9,-45.3,-71.6,-103.7,-136.8,-187.2,47.8,-186.7,2.9,0.0,-5000.0,-35.9,566.0,566.0,569.0,569.0,117.14,117.14,620.84,620.84,-34,-4906.859837022945,STRONG_DOWN,LOWER,MOMENTUM_DOWN,S5_TRASH,,,,,566.0,566.0,569.0,569.0,117.14,117.14,414.0,40.0,0.0,25.0,0.0,620.84,620.84,,,,,,,31.92,-19.42,False
557,MKC,Packaged Foods,-164.9,0.2,-1.2,-14.1,-26.1,-31.7,-43.4,-58.1,-73.9,-96.9,-125.8,-164.9,54.6,-164.8,3.2,0.0,-5000.0,-13.6,542.0,542.0,548.0,548.0,116.13,116.13,622.58,622.58,-21,-889.9419981796855,EARLY_UP,LOWER,NEUTRAL,S0_NEUTRAL,,,,,542.0,542.0,548.0,548.0,116.13,116.13,547.0,58.0,0.0,0.0,0.0,622.58,622.58,,,,,,,72.41,-34.58,False
558,BDX,Healthcare,-177.2,0.0,-1.2,-13.9,-18.0,-24.3,-31.9,-51.4,-71.7,-95.5,-125.9,-177.2,19.7,-176.7,2.5,0.0,-5000.0,-25.9,559.0,559.0,561.0,561.0,119.3,119.3,624.05,624.05,-15,0.0,EARLY_UP,LOWER,NEUTRAL,S0_NEUTRAL,,,,,559.0,559.0,561.0,561.0,119.3,119.3,490.0,58.0,0.0,0.0,0.0,624.05,624.05,,,,,,,209.27,-29.7,False
559,ZTS,Healthcare,-172.6,0.0,-2.3,-43.0,-46.0,-48.5,-59.7,-74.7,-92.2,-115.1,-141.2,-172.6,116.3,-172.2,2.6,0.0,-3630.954020017021,-21.4,553.0,553.0,556.0,556.0,112.86,112.86,624.81,624.81,-22,-2028.5160902019493,EARLY_UP,LOWER,NEUTRAL,S0_NEUTRAL,,,,,553.0,553.0,556.0,556.0,112.86,112.86,576.0,58.0,0.0,0.0,0.0,624.81,624.81,,,,,,,148.79,-47.79,False
560,PYPL,Financials,-190.4,0.0,0.0,-15.7,-17.1,-26.9,-41.5,-57.4,-72.2,-105.5,-142.7,-190.4,284.2,-189.8,2.4,0.0,-5000.0,-39.1,568.0,568.0,570.0,570.0,114.56,114.56,624.81,624.81,-1,-1501.1750750659116,STRONG_DOWN,LOWER,MOMENTUM_UP,S4_BOTTOMING,,,,,568.0,568.0,570.0,570.0,114.56,114.56,513.0,58.0,0.0,-2.0,0.0,624.81,624.81,,,,,,,79.215,-43.51,False
561,GIS,Packaged Foods,-167.6,0.0,-1.0,-13.7,-22.8,-26.7,-37.1,-55.8,-74.4,-95.9,-119.7,-167.6,35.2,-167.0,3.1,0.0,-5000.0,-16.3,547.0,547.0,553.0,553.0,123.8,123.8,626.3,626.3,-13,0.0,EARLY_UP,LOWER,MOMENTUM_UP,S4_BOTTOMING,,,,,547.0,547.0,553.0,553.0,123.8,123.8,519.0,58.0,0.0,-2.0,0.0,626.3,626.3,,,,,,,51.33,-34.13,False
562,UHS,Healthcare,-139.2,0.0,0.0,-25.4,-31.6,-37.8,-40.5,-50.7,-57.8,-66.6,-88.8,-139.2,9.9,-138.7,1.8,0.0,-5000.0,12.1,497.0,497.0,514.0,514.0,111.05,111.05,626.85,626.85,-36,-1984.2928532556457,STRONG_DOWN,LOWER,MOMENTUM_DOWN,S5_TRASH,,,,,497.0,497.0,514.0,514.0,111.05,111.05,563.0,58.0,0.0,25.0,0.0,626.85,626.85,,,,,,,246.33,-40.69,False
563,EH,Aerospace & Defense,-104.0,0.3,0.1,-9.9,-19.2,-29.3,-45.2,-59.1,-73.9,-83.8,,-104.0,974.5,-140.9,2.6,0.0,-3847.838029773699,-19.9,552.0,552.0,444.0,444.0,135.53,135.53,627.58,627.58,-1,1152.161970226301,EARLY_UP,LOWER,MOMENTUM_UP,S4_BOTTOMING,,,,,552.0,552.0,444.0,444.0,135.53,135.53,529.0,58.0,11.0,-2.0,0.0,627.58,627.58,,,,,,,20.2,-49.7,False
564,CLX,Household & Personal Products,-178.3,0.0,-1.8,-15.4,-24.9,-25.2,-36.8,-54.7,-71.8,-94.7,-126.8,-178.3,47.4,-177.8,2.6,0.0,-5000.0,-27.0,561.0,561.0,563.0,563.0,120.34,120.34,631.09,631.09,-26,0.0,EARLY_UP,LOWER,NEUTRAL,S0_NEUTRAL,,,,,561.0,561.0,563.0,563.0,120.34,120.34,524.0,58.0,0.0,0.0,0.0,631.09,631.09,,,,,,,128.87,-30.15,False
565,TAP,Beverages - Brewers,-160.0,0.0,-2.8,-16.1,-21.7,-21.8,-29.9,-42.8,-60.5,-74.8,-95.9,-160.0,11.2,-159.5,2.5,0.0,-5000.0,-8.7,533.0,533.0,541.0,541.0,111.37,111.37,631.22,631.22,-65,0.0,STRONG_DOWN,LOWER,MOMENTUM_DOWN,S5_TRASH,,,,,533.0,533.0,541.0,541.0,111.37,111.37,494.0,58.0,0.0,25.0,0.0,631.22,631.22,,,,,,,54.82,-27.89,False
566,STZ,Beverages - Brewers,-172.9,0.0,-3.1,-18.8,-20.2,-15.0,-25.7,-48.2,-69.9,-94.1,-120.4,-172.9,18.1,-172.3,2.4,0.0,-5000.0,-21.6,555.0,555.0,558.0,558.0,124.79,124.79,631.34,631.34,-83,0.0,STRONG_DOWN,LOWER,MOMENTUM_DOWN,S5_TRASH,,,,,555.0,555.0,558.0,558.0,124.79,124.79,466.0,40.0,0.0,25.0,0.0,631.34,631.34,,,,,,,168.6,-17.66,False
567,OTIS,Industrials,-81.3,0.0,-0.5,-18.5,-23.9,-26.5,-34.4,-45.9,-58.1,-72.2,,-81.3,3.8,-150.2,3.0,0.0,-5000.0,0.4,520.0,520.0,377.0,377.0,132.63,132.63,632.08,632.08,-18,-701.0524624729351,STRONG_DOWN,LOWER,NEUTRAL,S5_TRASH,,,,,520.0,520.0,377.0,377.0,132.63,132.63,525.0,58.0,11.0,25.0,0.0,632.08,632.08,,,,,,,94.565,-25.09,False
568,CMCSA,Telecom Services,-170.0,0.0,-0.5,-20.1,-24.0,-20.3,-30.7,-47.0,-66.2,-89.6,-119.8,-170.0,16.7,-169.5,2.3,0.0,-5000.0,-18.7,551.0,551.0,555.0,555.0,129.32,129.32,632.97,632.97,-23,-1660.2993380124276,EARLY_UP,LOWER,NEUTRAL,S0_NEUTRAL,,,,,551.0,551.0,555.0,555.0,129.32,129.32,504.0,58.0,0.0,0.0,0.0,632.97,632.97,,,,,,,32.86,-24.32,False
569,JKHY,Diversified Banks,-141.9,0.0,-2.9,-22.2,-25.8,-27.2,-33.7,-44.4,-57.4,-79.0,-104.7,-141.9,58.9,-141.4,2.0,0.0,-5000.0,9.3,505.0,505.0,522.0,522.0,118.84,118.84,634.64,634.64,-22,0.0,STRONG_DOWN,LOWER,NEUTRAL,S5_TRASH,,,,,505.0,505.0,522.0,522.0,118.84,118.84,539.0,58.0,0.0,25.0,0.0,634.64,634.64,,,,,,,193.39,-29.51,False
570,EPAM,Technology,-186.1,0.9,-0.7,-26.7,-37.7,-45.4,-52.8,-69.4,-90.7,-121.7,-151.2,-186.1,383.6,-190.9,3.2,0.0,-5000.0,-34.8,564.0,564.0,567.0,567.0,115.82,115.82,635.02,635.02,-15,0.0,EARLY_UP,LOWER,NEUTRAL,S0_NEUTRAL,,,,,564.0,564.0,567.0,567.0,115.82,115.82,570.0,58.0,0.0,0.0,0.0,635.02,635.02,,,,,,,222.53,-53.96,False
571,MDT,Healthcare,-149.3,0.0,-2.3,-21.2,-28.6,-31.2,-34.4,-37.8,-48.3,-70.7,-100.8,-149.3,12.1,-148.7,1.9,0.0,-5000.0,2.0,516.0,516.0,530.0,530.0,114.32,114.32,635.37,635.37,-52,0.0,STRONG_DOWN,LOWER,MOMENTUM_DOWN,S5_TRASH,,,,,516.0,516.0,530.0,530.0,114.32,114.32,545.0,58.0,0.0,25.0,0.0,635.37,635.37,,,,,,,106.33,-30.58,False
572,FIS,Information Technology Services,-195.9,0.2,-1.1,-16.4,-22.5,-32.1,-47.7,-63.5,-74.5,-103.0,-139.8,-195.9,38.7,-195.8,2.4,0.0,-5000.0,-44.7,571.0,571.0,573.0,573.0,119.35,119.35,636.5,636.5,-16,0.0,STRONG_DOWN,LOWER,MOMENTUM_UP,S4_BOTTOMING,,,,,571.0,571.0,573.0,573.0,119.35,119.35,550.0,58.0,0.0,-2.0,0.0,636.5,636.5,,,,,,,69.14,-37.82,False
573,PSKY,Entertainment,-201.4,0.0,-0.8,-5.0,-14.1,-24.8,-34.1,-36.6,-55.9,-94.6,-132.4,-201.4,104.5,-202.3,2.1,0.0,-5000.0,-50.1,573.0,573.0,575.0,575.0,129.51,129.51,636.66,636.66,-10,0.0,EARLY_UP,LOWER,NEUTRAL,S0_NEUTRAL,,,,,573.0,573.0,575.0,575.0,129.51,129.51,464.0,58.0,0.0,0.0,0.0,636.66,636.66,,,,,,,20.86,-49.14,False
574,CPB,Packaged Foods,-192.0,0.4,-0.6,-12.1,-22.5,-29.4,-41.8,-62.4,-80.9,-105.0,-135.1,-192.0,16.9,-192.2,3.1,0.0,-5000.0,-40.7,569.0,569.0,571.0,571.0,123.83,123.83,637.53,637.53,-13,-4515.659912773486,EARLY_UP,LOWER,MOMENTUM_UP,S4_BOTTOMING,,,,,569.0,569.0,571.0,571.0,123.83,123.83,533.0,58.0,0.0,-2.0,0.0,637.53,637.53,,,,,,,34.17,-38.22,False
575,CHTR,Telecom Services,-210.0,0.0,0.0,-34.9,-39.5,-41.1,-58.5,-75.7,-95.0,-123.3,-156.5,-210.0,60.3,-209.5,2.5,0.0,-5000.0,-58.8,575.0,575.0,577.0,577.0,126.22,126.22,650.62,650.62,-17,0.0,EARLY_UP,LOWER,NEUTRAL,S0_NEUTRAL,,,,,575.0,575.0,577.0,577.0,126.22,126.22,573.0,58.0,0.0,0.0,0.0,650.62,650.62,,,,,,,285.82,-49.6,False
576,CSGP,Real Estate,-181.5,0.0,-1.7,-23.2,-35.3,-47.5,-64.7,-79.5,-97.7,-119.4,-148.4,-181.5,138.6,-181.0,2.5,0.0,-3066.269323891098,-30.2,562.0,562.0,565.0,565.0,117.53,117.53,654.53,654.53,-22,1933.7306761089021,STRONG_DOWN,LOWER,NEUTRAL,S5_TRASH,,,,,562.0,562.0,565.0,565.0,117.53,117.53,572.0,58.0,0.0,25.0,0.0,654.53,654.53,,,,,,,89.8,-64.14,False
577,ZBH,Healthcare,-176.3,0.0,-1.8,-15.3,-17.9,-20.5,-28.7,-44.4,-64.6,-89.7,-121.2,-176.3,13.8,-175.8,2.9,0.0,-5000.0,-25.0,557.0,557.0,559.0,559.0,128.24,128.24,654.84,654.84,-37,-240.75949272536582,STRONG_DOWN,LOWER,MOMENTUM_DOWN,S5_TRASH,,,,,557.0,557.0,559.0,559.0,128.24,128.24,475.0,58.0,0.0,25.0,0.0,654.84,654.84,,,,,,,106.88,-22.97,False
578,CAG,Packaged Foods,-193.2,0.0,-0.2,-19.3,-28.9,-30.5,-42.0,-63.0,-82.5,-107.8,-136.6,-193.2,8.8,-192.7,3.1,0.0,-4980.024157294881,-42.5,570.0,570.0,572.0,572.0,125.04,125.04,668.94,668.94,-18,-4729.676191437385,STRONG_DOWN,LOWER,MOMENTUM_DOWN,S5_TRASH,,,,,570.0,570.0,572.0,572.0,125.04,125.04,554.0,58.0,0.0,25.0,0.0,668.94,668.94,6401489202.03,6.401,529.0,other,equity,data_raw,20.32,-34.15,False
