Rank,Ticker,Sector,Divergence,Relative_Divergence,Delta_Previous_Relative_Divergence,5d,1m,3m,6m,1y,3y,5y,7y,max,Max_Divergence,Min_Divergence,Volatility_Adjustment,Expected_Return,Dynamic_Expected_Return,Total_Return,Total_Return_Rank,Total_Return_Rank,Divergence_Rank,Divergence_Rank,Penalty,Penalty,Average_Rank,Average_Rank,Delta_Previous_Rank,Delta_Previous_Dynamic_Expected_Return,Trend_State,Position_State,Momentum_State,Composite_State,DER_cap_monthly,DER_capped,F_trend,DER_capped_trend,Total_Return_Rank,Total_Return_Rank,Divergence_Rank,Divergence_Rank,Penalty,Penalty,Recent_Momentum_Rank,Recent_Weakness_Penalty,Coverage_Penalty,State_Adjustment,Durability_Adjustment,Average_Rank,Average_Rank,Market_Cap,Market_Cap_B,Market_Cap_Rank,Market_Cap_Bucket,Market_Cap_Asset_Type,Market_Cap_Source,Interval_Dice,Alpha_Dice,Grid_Score,Max_Divergence_Score,Y3_Beat_VOO_Score,Y3_Premium_Score,Y3_Premium_Wins,Y3_Premium_Total,Y3_Confidence,Beat_Score
1,AMD,Semiconductors,2249.0,94.3,-3.8,-0.3,24.8,85.1,103.1,156.1,221.1,285.4,430.8,2249.0,2386.6,-27.9,1.5,892.8,155.6,2390.0,7.0,7.0,7.0,7.0,0.0,0.0,1.0,1.0,1,14.253390840681504,STRONG_UP,OVEREXTENDED,MOMENTUM_DOWN,S3_LATE_EXHAUSTION,,,,,7.0,7.0,7.0,7.0,0.0,0.0,,0.0,0.0,0.0,0.0,1.0,1.0,,,,,,,011111111,111101011,184.7,190.0,155.6,155.6,7.0,9.0,1.0,530.3
2,NVDA,Semiconductors,3270.4,80.1,-7.9,-6.0,-7.2,-3.4,-3.2,-2.1,74.9,359.3,958.3,3270.4,4013.4,-12.1,1.1,3773.6,972.8,3411.4,1.0,1.0,1.0,1.0,0.0,0.0,2.0,2.0,-1,184.78926403798403,STRONG_DOWN,OVEREXTENDED,MOMENTUM_DOWN,S5_TRASH,,,,,1.0,1.0,1.0,1.0,0.0,0.0,,0.0,0.0,0.0,0.0,2.0,2.0,,,,,,,000001111,101111111,151.3,218.0,177.8,155.6,7.0,9.0,1.0,524.9
3,FTNT,Cybersecurity Software,572.3,100.0,4.1,7.2,40.5,60.3,69.0,60.6,63.3,68.1,169.7,572.3,572.6,-20.2,1.4,306.9,69.6,713.3,43.0,43.0,43.0,43.0,0.0,0.0,3.0,3.0,7,-7.123998275058682,STRONG_UP,OVEREXTENDED,MOMENTUM_DOWN,S3_LATE_EXHAUSTION,,,,,43.0,43.0,43.0,43.0,0.0,0.0,,0.0,0.0,0.0,0.0,3.0,3.0,,,,,,,111111111,111111101,206.9,110.0,177.8,177.8,8.0,9.0,1.0,494.7
4,PWR,Construction & Engineering,984.0,84.7,-1.6,0.5,-2.3,5.7,23.3,40.8,106.4,213.9,521.1,984.0,1124.7,-22.8,1.1,709.1,144.4,1125.0,18.0,18.0,18.0,18.0,0.0,0.0,4.0,4.0,8,7.804828655337673,EARLY_UP,OVEREXTENDED,MOMENTUM_DOWN,S3_LATE_EXHAUSTION,,,,,18.0,18.0,18.0,18.0,0.0,0.0,,0.0,0.0,0.0,0.0,4.0,4.0,,,,,,,101111111,001111111,184.7,150.0,155.6,155.6,7.0,9.0,1.0,490.3
5,FIX,Engineering & Construction,2816.5,89.2,-6.1,-3.2,2.9,11.9,40.3,98.4,401.4,940.9,1756.4,2816.5,3110.6,-40.0,1.1,1597.1,222.1,2957.5,3.0,3.0,3.0,3.0,0.0,0.0,5.0,5.0,0,34.75798853764658,STRONG_UP,OVEREXTENDED,MOMENTUM_DOWN,S3_LATE_EXHAUSTION,,,,,3.0,3.0,3.0,3.0,0.0,0.0,,0.0,0.0,0.0,0.0,5.0,5.0,,,,,,,011111111,100111111,184.7,190.0,155.6,111.1,5.0,9.0,1.0,485.8
6,BNB-USD,Cryptocurrency,1828.5,32.7,-1.4,-3.0,-13.5,-16.4,-25.8,-35.2,-15.4,-19.4,566.4,1828.5,5605.5,-25.2,1.3,8446.2,5017.5,1935.8,8.0,8.0,8.0,8.0,0.0,0.0,6.0,6.0,3,399.0473477041314,STRONG_DOWN,MID_RANGE,MOMENTUM_DOWN,S5_TRASH,,,,,8.0,8.0,8.0,8.0,0.0,0.0,,0.0,0.0,0.0,0.0,6.0,6.0,,,,,,,000000011,--0111111,123.9,190.0,171.4,171.4,6.0,7.0,1.0,485.3
7,LLY,Pharmaceuticals,632.8,100.0,9.7,12.6,19.9,15.9,12.8,26.1,32.3,123.5,291.6,632.8,631.9,-21.4,1.2,453.3,100.5,773.8,34.0,34.0,36.0,36.0,0.0,0.0,7.0,7.0,8,-26.693749276516726,STRONG_UP,OVEREXTENDED,MOMENTUM_UP,S1_LEADER,,,,,34.0,34.0,36.0,36.0,0.0,0.0,,0.0,0.0,0.0,0.0,7.0,7.0,,,,,,,111111111,111111111,218.0,110.0,200.0,155.6,7.0,9.0,1.0,483.6
8,ANET,Networking Equipment,756.3,84.0,-7.6,-4.5,-6.8,3.3,6.8,11.7,59.5,178.7,359.9,756.3,904.1,-19.6,1.3,729.5,176.0,897.3,24.0,24.0,28.0,28.0,0.0,0.0,8.0,8.0,-1,31.20112742466995,STRONG_UP,OVEREXTENDED,MOMENTUM_DOWN,S3_LATE_EXHAUSTION,,,,,24.0,24.0,28.0,28.0,0.0,0.0,,0.0,0.0,0.0,0.0,8.0,8.0,,,,,,,001111111,100111111,173.6,150.0,155.6,155.6,7.0,9.0,1.0,479.2
9,AVGO,Semiconductors,1067.7,72.7,-10.7,-8.7,-15.6,-4.5,-3.9,2.3,97.5,271.9,516.0,1067.7,1473.1,-16.4,1.2,1315.8,318.8,1208.7,15.0,15.0,15.0,15.0,0.0,0.0,9.0,9.0,-5,79.58203412914278,STRONG_DOWN,UPPER_RANGE,MOMENTUM_DOWN,S5_TRASH,,,,,15.0,15.0,15.0,15.0,0.0,0.0,,0.0,0.0,0.0,0.0,9.0,9.0,,,,,,,000011111,111111111,173.6,150.0,200.0,155.6,7.0,9.0,1.0,479.2
10,LRCX,Semiconductor Equipment,1392.6,91.8,-8.2,0.0,34.9,46.3,70.7,150.1,284.6,400.6,601.7,1392.6,1502.3,-7.6,1.3,556.0,72.9,1533.6,11.0,11.0,11.0,11.0,0.0,0.0,10.0,10.0,-2,14.700000000000003,STRONG_UP,OVEREXTENDED,MOMENTUM_DOWN,S3_LATE_EXHAUSTION,,,,,11.0,11.0,11.0,11.0,0.0,0.0,,0.0,0.0,0.0,0.0,10.0,10.0,,,,,,,011111111,111111011,195.8,150.0,177.8,133.3,6.0,9.0,1.0,479.1
11,TRX-USD,Cryptocurrency,776.0,11.8,-0.3,-0.9,-2.2,-1.3,2.6,-3.1,71.7,151.9,455.7,776.0,6637.4,-26.9,1.2,6511.5,4426.3,883.3,26.0,26.0,24.0,24.0,0.0,0.0,11.0,11.0,3,2707.2856486047576,EARLY_UP,LOWER,NEUTRAL,S0_NEUTRAL,,,,,26.0,26.0,24.0,24.0,0.0,0.0,,0.0,0.0,0.0,0.0,11.0,11.0,,,,,,,000101111,--0111111,157.3,150.0,171.4,171.4,6.0,7.0,1.0,478.7
12,HWM,Aerospace & Defense,768.1,94.3,-3.0,-0.6,10.2,4.5,13.6,22.1,162.6,334.5,567.4,768.1,783.4,-54.6,1.1,573.4,90.1,892.5,25.0,25.0,26.0,26.0,0.0,0.0,12.0,12.0,-1,7.710473014222885,STRONG_UP,OVEREXTENDED,MOMENTUM_DOWN,S3_LATE_EXHAUSTION,,,,,25.0,25.0,26.0,26.0,0.0,0.0,,0.0,0.0,0.0,0.0,12.0,12.0,,,,,,,011111111,-01111111,193.4,150.0,175.0,125.0,5.0,8.0,1.0,468.4
13,AXON,Public Safety Technology,485.6,40.2,5.6,12.4,7.9,-1.6,-8.7,-29.0,-5.6,45.2,118.1,485.6,1246.3,-25.7,1.5,1916.2,1030.1,626.6,49.0,49.0,50.0,50.0,0.0,0.0,13.0,13.0,11,-239.9046724672744,STRONG_UP,MID_RANGE,MOMENTUM_UP,S1_LEADER,,,,,49.0,49.0,50.0,50.0,0.0,0.0,,0.0,0.0,0.0,0.0,13.0,13.0,,,,,,,110000111,111111111,173.6,110.0,200.0,177.8,8.0,9.0,1.0,461.4
14,PANW,Cybersecurity Software,406.7,100.0,5.6,8.3,35.9,62.0,61.0,51.4,52.4,102.0,216.3,406.7,407.0,-34.6,1.2,209.3,49.0,547.7,55.0,55.0,58.0,58.0,0.0,0.0,14.0,14.0,2,-7.951274662124881,STRONG_UP,OVEREXTENDED,MOMENTUM_DOWN,S3_LATE_EXHAUSTION,,,,,55.0,55.0,58.0,58.0,0.0,0.0,,0.0,0.0,0.0,0.0,14.0,14.0,,,,,,,111111111,111111111,218.0,110.0,200.0,133.3,6.0,9.0,1.0,461.3
15,VRT,Electrical Equipment & Parts,1384.1,78.6,-8.0,-6.1,-5.3,2.1,29.9,65.1,281.7,874.6,1218.8,1384.1,1741.3,-60.9,1.2,1008.2,207.0,1480.7,12.0,12.0,12.0,12.0,0.0,0.0,15.0,15.0,-12,38.60827750175278,EARLY_UP,UPPER_RANGE,NEUTRAL,S0_NEUTRAL,,,,,12.0,12.0,12.0,12.0,0.0,0.0,,0.0,0.0,0.0,0.0,15.0,15.0,,,,,,,001111111,---101111,176.1,150.0,166.7,133.3,4.0,6.0,1.0,459.4
16,BTC-USD,Cryptocurrency,1458.7,41.5,-2.0,-3.3,-18.0,-19.2,-25.9,-42.0,-32.2,-12.5,67.8,1458.7,3326.6,-9.6,1.3,5777.4,3145.8,1599.7,10.0,10.0,10.0,10.0,0.0,0.0,16.0,16.0,-10,265.0,STRONG_DOWN,MID_RANGE,MOMENTUM_DOWN,S5_TRASH,,,,,10.0,10.0,10.0,10.0,0.0,0.0,,0.0,0.0,0.0,0.0,16.0,16.0,,,,,,,000000011,111110111,129.1,150.0,177.8,177.8,8.0,9.0,1.0,456.9
17,DELL,Computer Hardware & Services,1014.6,84.0,-2.0,0.1,39.2,91.6,145.4,167.9,267.0,455.9,685.2,1014.6,1206.8,-23.7,1.7,333.4,70.8,1143.7,16.0,16.0,16.0,16.0,0.0,0.0,17.0,17.0,2,3.1979152669416067,STRONG_UP,OVEREXTENDED,MOMENTUM_DOWN,S3_LATE_EXHAUSTION,,,,,16.0,16.0,16.0,16.0,0.0,0.0,,0.0,0.0,0.0,0.0,17.0,17.0,,,,,,,111111111,-01111111,204.5,150.0,175.0,100.0,4.0,8.0,1.0,454.5
18,JBL,Electronic Manufacturing Services,651.0,91.7,-3.6,-1.0,3.5,14.2,30.9,44.1,108.6,218.7,390.8,651.0,662.0,-28.8,1.1,378.4,60.4,792.0,31.0,31.0,32.0,32.0,0.0,0.0,18.0,18.0,2,6.597337223299348,EARLY_DOWN,OVEREXTENDED,MOMENTUM_DOWN,S5_TRASH,,,,,31.0,31.0,32.0,32.0,0.0,0.0,,0.0,0.0,0.0,0.0,18.0,18.0,,,,,,,011111111,111111111,206.9,110.0,200.0,133.3,6.0,9.0,1.0,450.2
19,MU,Semiconductors,2464.0,92.8,-7.2,2.4,60.4,121.3,186.5,455.0,917.5,1186.5,1442.5,2464.0,2654.8,-25.2,1.4,547.9,40.0,2605.0,6.0,6.0,6.0,6.0,0.0,0.0,19.0,19.0,3,8.2,STRONG_UP,OVEREXTENDED,MOMENTUM_DOWN,S3_LATE_EXHAUSTION,,,,,6.0,6.0,6.0,6.0,0.0,0.0,,0.0,0.0,0.0,0.0,19.0,19.0,,,,,,,111111111,111100011,184.7,190.0,133.3,66.7,3.0,9.0,1.0,441.4
20,URI,Equipment Rental,379.8,98.1,1.7,6.8,16.8,25.8,29.5,24.4,38.1,85.4,200.2,379.8,387.6,-36.0,1.3,260.8,58.5,520.8,58.0,58.0,61.0,61.0,0.0,0.0,20.0,20.0,14,-2.4768569487956853,STRONG_UP,OVEREXTENDED,MOMENTUM_UP,S1_LEADER,,,,,58.0,58.0,61.0,61.0,0.0,0.0,,0.0,0.0,0.0,0.0,20.0,20.0,,,,,,,111111111,100111111,195.8,110.0,155.6,133.3,6.0,9.0,1.0,439.1
21,AMAT,Semiconductor Equipment & Materials,832.8,92.6,-7.4,4.2,50.4,57.3,84.9,149.7,201.7,267.9,429.7,832.8,900.9,-21.2,1.6,266.2,43.1,973.8,19.0,19.0,20.0,20.0,0.0,0.0,21.0,21.0,6,7.600000000000001,STRONG_UP,OVEREXTENDED,MOMENTUM_DOWN,S3_LATE_EXHAUSTION,,,,,19.0,19.0,20.0,20.0,0.0,0.0,,0.0,0.0,0.0,0.0,21.0,21.0,,,,,,,111111111,011111011,195.8,150.0,155.6,88.9,4.0,9.0,1.0,434.7
22,000660.KS,Memory,3218.1,91.2,-8.8,-0.7,61.8,114.0,191.3,477.4,1215.1,1753.8,2105.7,3218.1,3531.1,-22.7,1.2,760.5,54.3,3359.1,2.0,2.0,2.0,2.0,0.0,0.0,22.0,22.0,-1,13.099999999999994,STRONG_UP,OVEREXTENDED,NEUTRAL,S0_NEUTRAL,,,,,2.0,2.0,2.0,2.0,0.0,0.0,,0.0,0.0,0.0,0.0,22.0,22.0,,,,,,,011111111,101-00111,168.4,218.0,111.1,44.4,2.0,9.0,1.0,430.8
23,CAT,Construction Machinery,590.9,92.6,-7.4,3.8,15.0,20.8,38.0,75.0,145.9,225.7,339.8,590.9,637.4,-5.5,1.2,281.6,42.5,731.9,38.0,38.0,39.0,39.0,0.0,0.0,23.0,23.0,7,7.700000000000003,STRONG_UP,OVEREXTENDED,NEUTRAL,S0_NEUTRAL,,,,,38.0,38.0,39.0,39.0,0.0,0.0,,0.0,0.0,0.0,0.0,23.0,23.0,,,,,,,111111111,110111111,206.9,110.0,177.8,111.1,5.0,9.0,1.0,428.0
24,SMH,Unknown,638.1,89.4,-10.6,-4.7,11.6,28.1,41.1,65.7,129.9,208.2,318.7,638.1,714.6,-5.3,1.2,343.0,62.6,779.1,33.0,33.0,35.0,35.0,0.0,0.0,24.0,24.0,-11,15.300000000000004,STRONG_UP,OVEREXTENDED,MOMENTUM_DOWN,S3_LATE_EXHAUSTION,,,,,33.0,33.0,35.0,35.0,0.0,0.0,,0.0,0.0,0.0,0.0,24.0,24.0,,,,,,,011111111,111111111,206.9,110.0,200.0,111.1,5.0,9.0,1.0,428.0
25,WSM,Specialty Retail,416.3,99.8,8.7,8.0,26.9,22.1,22.7,22.1,66.2,119.6,222.9,416.3,417.3,-40.6,1.2,298.3,62.7,557.3,54.0,54.0,57.0,57.0,0.0,0.0,25.0,25.0,7,-15.566957100531255,STRONG_UP,OVEREXTENDED,MOMENTUM_UP,S1_LEADER,,,,,54.0,54.0,57.0,57.0,0.0,0.0,,0.0,0.0,0.0,0.0,25.0,25.0,,,,,,,111111111,011111111,206.9,110.0,177.8,111.1,5.0,9.0,1.0,428.0
26,MPWR,Semiconductors,492.7,71.2,-19.0,-13.4,-14.6,-3.6,9.9,27.3,53.5,82.9,178.0,492.7,693.2,-5.3,1.3,480.2,126.5,633.7,47.0,47.0,47.0,47.0,0.0,0.0,26.0,26.0,-3,52.12408554639033,STRONG_DOWN,UPPER_RANGE,MOMENTUM_DOWN,S5_TRASH,,,,,47.0,47.0,47.0,47.0,0.0,0.0,,0.0,0.0,0.0,0.0,26.0,26.0,,,,,,,000111111,111111111,184.7,110.0,200.0,133.3,6.0,9.0,1.0,428.0
27,QUBT,Quantum Computing,803.5,10.1,-1.9,-12.1,-11.7,1.6,-5.8,-29.1,449.0,341.8,245.3,803.5,9187.6,-139.9,1.6,12212.3,7270.8,944.5,21.0,21.0,23.0,23.0,0.0,0.0,27.0,27.0,-9,2270.8,STRONG_DOWN,LOWER,MOMENTUM_DOWN,S5_TRASH,,,,,21.0,21.0,23.0,23.0,0.0,0.0,,0.0,0.0,0.0,0.0,27.0,27.0,,,,,,,001001111,111000111,140.3,150.0,133.3,133.3,6.0,9.0,1.0,423.6
28,TT,Building Products,250.4,85.4,0.3,1.5,4.4,1.9,6.2,1.8,21.4,59.8,109.1,250.4,294.6,-7.0,1.2,264.8,69.9,391.4,74.0,74.0,78.0,78.0,0.0,0.0,28.0,28.0,7,-1.9158600771048242,STRONG_UP,OVEREXTENDED,NEUTRAL,S0_NEUTRAL,,,,,74.0,74.0,78.0,78.0,0.0,0.0,,0.0,0.0,0.0,0.0,28.0,28.0,,,,,,,111111111,111111111,218.0,70.0,200.0,133.3,6.0,9.0,1.0,421.3
29,STX,Data Storage,1785.0,80.9,-19.1,-13.3,12.1,60.0,114.6,256.9,726.1,906.3,1168.1,1785.0,2215.0,-36.7,1.2,627.2,51.0,1926.0,9.0,9.0,9.0,9.0,0.0,0.0,29.0,29.0,0,21.7,STRONG_UP,OVEREXTENDED,MOMENTUM_DOWN,S3_LATE_EXHAUSTION,,,,,9.0,9.0,9.0,9.0,0.0,0.0,,0.0,0.0,0.0,0.0,29.0,29.0,,,,,,,011111111,100101011,162.5,190.0,111.1,66.7,3.0,9.0,1.0,419.2
30,TSM,Semiconductors,599.0,90.6,-9.4,-3.8,5.3,8.9,20.1,41.4,137.8,201.0,293.5,599.0,662.0,-6.0,1.1,392.1,66.8,740.0,37.0,37.0,38.0,38.0,0.0,0.0,30.0,30.0,1,14.899999999999999,STRONG_UP,OVEREXTENDED,MOMENTUM_DOWN,S3_LATE_EXHAUSTION,,,,,37.0,37.0,38.0,38.0,0.0,0.0,,0.0,0.0,0.0,0.0,30.0,30.0,,,,,,,011111111,111110111,195.8,110.0,177.8,111.1,5.0,9.0,1.0,416.9
31,SNDK,Data Storage Devices,2601.9,89.2,-10.8,-1.7,48.7,127.6,346.7,1825.4,,,,2601.9,2887.5,-4.5,1.5,604.4,36.0,2615.5,5.0,5.0,5.0,5.0,0.0,0.0,31.0,31.0,-3,10.600000000000001,STRONG_UP,OVEREXTENDED,MOMENTUM_DOWN,S3_LATE_EXHAUSTION,,,,,5.0,5.0,5.0,5.0,0.0,0.0,,0.0,0.0,0.0,0.0,31.0,31.0,,,,,,,01111---1,--------1,190.3,190.0,200.0,33.3,1.0,1.0,0.167,413.6
32,QBTS,Quantum Computing,755.5,42.8,-3.6,-5.2,-4.1,15.4,6.1,6.0,924.8,828.5,,755.5,1840.5,-110.7,1.5,1634.8,388.5,816.1,30.0,30.0,29.0,29.0,0.0,0.0,32.0,32.0,-7,56.096823380170406,STRONG_DOWN,MID_RANGE,MOMENTUM_DOWN,S5_TRASH,,,,,30.0,30.0,29.0,29.0,0.0,0.0,,0.0,0.0,0.0,0.0,32.0,32.0,,,,,,,0011111-1,-----0111,162.0,150.0,150.0,100.0,3.0,4.0,0.667,412.0
33,RKLB,Aerospace & Defense,903.8,52.9,-15.6,-18.6,-10.5,3.2,18.5,51.7,785.5,941.4,,903.8,1719.1,-77.2,1.3,1157.0,220.1,965.4,20.0,20.0,19.0,19.0,0.0,0.0,33.0,33.0,-7,88.43063489495964,STRONG_DOWN,UPPER_RANGE,MOMENTUM_DOWN,S5_TRASH,,,,,20.0,20.0,19.0,19.0,0.0,0.0,,0.0,0.0,0.0,0.0,33.0,33.0,,,,,,,0011111-1,-----0111,162.0,150.0,150.0,100.0,3.0,4.0,0.667,412.0
34,APP,Software,825.5,54.1,1.3,4.2,-7.9,-0.1,-10.3,-10.2,400.0,833.4,,825.5,1542.2,-55.4,1.4,1691.1,542.3,882.5,27.0,27.0,21.0,21.0,0.0,0.0,34.0,34.0,10,-2.3701867335151974,STRONG_DOWN,UPPER_RANGE,MOMENTUM_DOWN,S5_TRASH,,,,,27.0,27.0,21.0,21.0,0.0,0.0,,0.0,0.0,0.0,0.0,34.0,34.0,,,,,,,1000011-1,------111,161.0,150.0,200.0,100.0,3.0,3.0,0.5,411.0
35,^IRX,Government Bonds,2713.4,48.4,0.2,2.7,3.2,-1.8,-3.1,-12.9,-51.6,1703.6,3892.7,2713.4,5789.1,-166.0,1.2,6403.0,3800.0,2854.4,4.0,4.0,4.0,4.0,0.0,0.0,35.0,35.0,5,-67.14849995475379,STRONG_UP,MID_RANGE,NEUTRAL,S0_NEUTRAL,,,,,4.0,4.0,4.0,4.0,0.0,0.0,,0.0,0.0,0.0,0.0,35.0,35.0,,,,,,,110000111,110011100,129.2,190.0,111.1,88.9,4.0,9.0,1.0,408.1
36,ASML,Semi-Conductors,482.3,91.0,-9.0,-4.4,19.3,19.2,30.8,65.2,83.2,94.8,166.7,482.3,529.2,-5.8,1.6,247.6,46.2,623.3,50.0,50.0,51.0,51.0,0.0,0.0,36.0,36.0,1,9.600000000000001,EARLY_DOWN,OVEREXTENDED,MOMENTUM_DOWN,S5_TRASH,,,,,50.0,50.0,51.0,51.0,0.0,0.0,,0.0,0.0,0.0,0.0,36.0,36.0,,,,,,,011111111,111110011,184.7,110.0,155.6,111.1,5.0,9.0,1.0,405.8
37,TER,Semiconductors,573.8,90.7,-9.3,2.4,23.7,26.6,62.5,163.5,228.6,230.3,272.0,573.8,623.0,-50.5,2.1,158.7,12.7,714.8,42.0,42.0,42.0,42.0,0.0,0.0,37.0,37.0,5,3.0,STRONG_UP,OVEREXTENDED,NEUTRAL,S0_NEUTRAL,,,,,42.0,42.0,42.0,42.0,0.0,0.0,,0.0,0.0,0.0,0.0,37.0,37.0,,,,,,,111111111,111100011,184.7,110.0,133.3,111.1,5.0,9.0,1.0,405.8
38,TPL,Homebuilding,442.2,48.4,8.3,14.0,0.8,-12.5,3.2,4.3,18.5,33.0,126.5,442.2,919.6,-5.5,1.4,944.9,469.4,583.2,53.0,53.0,54.0,54.0,0.0,0.0,38.0,38.0,31,-149.18989725696736,EARLY_UP,MID_RANGE,MOMENTUM_UP,S2_EARLY_BREAKOUT,,,,,53.0,53.0,54.0,54.0,0.0,0.0,,0.0,0.0,0.0,0.0,38.0,38.0,,,,,,,110111111,110111101,184.7,110.0,155.6,111.1,5.0,9.0,1.0,405.8
39,MRVL,Semiconductors,771.6,81.2,-16.8,-11.5,43.0,111.3,153.2,197.7,232.2,272.1,379.7,771.6,862.2,-14.2,2.4,166.0,38.2,912.6,23.0,23.0,25.0,25.0,0.0,0.0,39.0,39.0,-1,13.347460039458284,EARLY_DOWN,OVEREXTENDED,MOMENTUM_DOWN,S5_TRASH,,,,,23.0,23.0,25.0,25.0,0.0,0.0,,0.0,0.0,0.0,0.0,39.0,39.0,,,,,,,011111111,011110111,184.7,150.0,155.6,66.7,3.0,9.0,1.0,401.4
40,SOXX,Semiconductor,521.1,87.1,-12.9,-5.1,16.3,39.2,57.5,88.2,131.8,177.7,256.8,521.1,597.7,-6.2,1.3,219.1,39.2,662.1,46.0,46.0,46.0,46.0,0.0,0.0,40.0,40.0,1,11.300000000000004,STRONG_UP,OVEREXTENDED,MOMENTUM_DOWN,S3_LATE_EXHAUSTION,,,,,46.0,46.0,46.0,46.0,0.0,0.0,,0.0,0.0,0.0,0.0,40.0,40.0,,,,,,,011111111,111111011,195.8,110.0,177.8,88.9,4.0,9.0,1.0,394.7
41,TRGP,Oil & Gas Midstream,537.6,98.0,7.2,8.0,7.6,6.2,21.0,37.6,85.0,182.3,479.8,537.6,551.7,-93.5,1.2,356.2,71.4,678.6,44.0,44.0,44.0,44.0,0.0,0.0,41.0,41.0,18,-12.511217802429698,STRONG_UP,OVEREXTENDED,MOMENTUM_UP,S1_LEADER,,,,,44.0,44.0,44.0,44.0,0.0,0.0,,0.0,0.0,0.0,0.0,41.0,41.0,,,,,,,111111111,000011111,173.6,110.0,111.1,111.1,5.0,9.0,1.0,394.7
42,APH,Electronic Components,374.0,91.6,1.6,2.4,15.0,13.3,12.4,23.5,107.4,171.5,244.0,374.0,384.6,-16.3,1.2,243.2,34.8,515.0,60.0,60.0,62.0,62.0,0.0,0.0,42.0,42.0,3,-1.4106898552875435,STRONG_UP,OVEREXTENDED,MOMENTUM_DOWN,S3_LATE_EXHAUSTION,,,,,60.0,60.0,62.0,62.0,0.0,0.0,,0.0,0.0,0.0,0.0,42.0,42.0,,,,,,,111111111,11-111111,217.0,110.0,177.8,66.7,3.0,9.0,1.0,393.7
43,HOOD,Capital Markets,406.1,51.7,-5.4,-6.2,22.7,24.7,6.5,-4.5,290.3,,,406.1,820.7,-60.3,1.4,830.6,237.9,461.3,65.0,65.0,59.0,59.0,0.0,0.0,43.0,43.0,-7,35.29614139533561,STRONG_UP,UPPER_RANGE,MOMENTUM_DOWN,S0_NEUTRAL,,,,,65.0,65.0,59.0,59.0,0.0,0.0,,0.0,0.0,0.0,0.0,43.0,43.0,,,,,,,011101--1,------111,181.4,110.0,200.0,100.0,3.0,3.0,0.5,391.4
44,CIEN,Communications Equipment,988.0,74.1,9.7,14.6,-11.7,3.0,46.6,188.4,546.7,613.0,670.6,988.0,1355.9,-63.2,1.3,497.4,31.9,1129.0,17.0,17.0,17.0,17.0,0.0,0.0,44.0,44.0,10,-5.980340400053947,EARLY_UP,UPPER_RANGE,MOMENTUM_UP,S2_EARLY_BREAKOUT,,,,,17.0,17.0,17.0,17.0,0.0,0.0,,0.0,0.0,0.0,0.0,44.0,44.0,,,,,,,101111111,111100011,173.60000000000002,150.0,133.3,66.7,3.0,9.0,1.0,390.3
45,TSLA,Automobile Manufacturers,718.7,48.5,-2.9,-2.6,-4.4,-8.1,-13.0,-10.9,4.0,-9.2,212.8,718.7,1535.1,-50.2,1.2,1589.3,676.5,859.7,28.0,28.0,30.0,30.0,0.0,0.0,45.0,45.0,1,73.03405168558857,STRONG_DOWN,MID_RANGE,MOMENTUM_DOWN,S5_TRASH,,,,,28.0,28.0,30.0,30.0,0.0,0.0,,0.0,0.0,0.0,0.0,45.0,45.0,,,,,,,000001011,111110011,129.1,150.0,155.6,111.1,5.0,9.0,1.0,390.2
46,CDNS,Electronic Design Automation Software,295.3,80.7,-2.1,-0.0,2.2,11.7,13.8,7.0,-2.9,14.5,60.8,295.3,367.1,-3.4,1.2,311.4,97.1,436.3,67.0,67.0,69.0,69.0,0.0,0.0,46.0,46.0,-13,5.085712829467212,EARLY_DOWN,OVEREXTENDED,MOMENTUM_DOWN,S5_TRASH,,,,,67.0,67.0,69.0,69.0,0.0,0.0,,0.0,0.0,0.0,0.0,46.0,46.0,,,,,,,011110111,111111110,184.7,70.0,177.8,133.3,6.0,9.0,1.0,388.0
47,TKO,Entertainment,264.9,87.7,13.6,11.2,11.2,2.2,1.5,4.0,41.1,94.3,126.7,264.9,307.5,-34.9,1.2,262.6,53.2,405.9,70.0,70.0,72.0,72.0,0.0,0.0,47.0,47.0,43,-21.72623338650287,STRONG_UP,OVEREXTENDED,MOMENTUM_UP,S1_LEADER,,,,,70.0,70.0,72.0,72.0,0.0,0.0,,0.0,0.0,0.0,0.0,47.0,47.0,,,,,,,111111111,110011111,195.8,70.0,155.6,111.1,5.0,9.0,1.0,376.9
48,IRM,Data Storage & Management,258.3,82.5,6.8,6.2,5.8,11.9,27.5,24.9,27.7,64.3,156.6,258.3,320.0,-29.9,1.3,203.8,66.8,399.3,72.0,72.0,75.0,75.0,0.0,0.0,48.0,48.0,19,-13.900000000000006,STRONG_UP,OVEREXTENDED,MOMENTUM_UP,S1_LEADER,,,,,72.0,72.0,75.0,75.0,0.0,0.0,,0.0,0.0,0.0,0.0,48.0,48.0,,,,,,,111111111,0011111-1,192.0,70.0,133.3,111.1,5.0,9.0,1.0,373.1
49,STLD,Steel,359.7,82.4,-0.9,0.8,1.8,12.0,22.6,45.1,56.0,95.7,251.8,359.7,447.0,-47.6,1.4,233.0,52.5,500.7,63.0,63.0,64.0,64.0,0.0,0.0,49.0,49.0,9,3.116823542845353,EARLY_DOWN,OVEREXTENDED,MOMENTUM_DOWN,S5_TRASH,,,,,63.0,63.0,64.0,64.0,0.0,0.0,,0.0,0.0,0.0,0.0,49.0,49.0,,,,,,,111111111,000111101,173.6,110.0,111.1,88.9,4.0,9.0,1.0,372.5
50,EME,Construction & Engineering,577.2,80.1,-4.3,-2.0,-6.4,-3.8,5.4,12.6,85.8,234.1,391.9,577.2,717.4,-42.2,1.2,562.8,125.3,718.2,41.0,41.0,41.0,41.0,0.0,0.0,50.0,50.0,-1,14.35407659299399,EARLY_UP,OVEREXTENDED,NEUTRAL,S0_NEUTRAL,,,,,41.0,41.0,41.0,41.0,0.0,0.0,,0.0,0.0,0.0,0.0,50.0,50.0,,,,,,,000111111,000111111,151.4,110.0,133.3,111.1,5.0,9.0,1.0,372.5
51,446770.KS,Semiconductors,357.1,91.4,-8.6,-1.5,24.9,40.8,64.3,122.4,279.9,,,357.1,338.6,-13.1,1.5,89.5,7.4,400.9,71.0,71.0,65.0,65.0,0.0,0.0,51.0,51.0,-3,1.7000000000000002,STRONG_UP,OVEREXTENDED,MOMENTUM_DOWN,S3_LATE_EXHAUSTION,,,,,71.0,71.0,65.0,65.0,0.0,0.0,,0.0,0.0,0.0,0.0,51.0,51.0,,,,,,,011111--1,-------11,194.7,110.0,200.0,66.7,2.0,2.0,0.333,371.4
52,RGTI,Quantum Computing,683.8,26.7,-4.6,-11.5,-10.4,0.8,-7.7,-6.6,700.5,706.5,,683.8,2754.1,-93.0,1.6,3069.8,1135.1,740.8,36.0,36.0,31.0,31.0,0.0,0.0,52.0,52.0,-35,252.44027328722166,STRONG_DOWN,MID_RANGE,MOMENTUM_DOWN,S5_TRASH,,,,,36.0,36.0,31.0,31.0,0.0,0.0,,0.0,0.0,0.0,0.0,52.0,52.0,,,,,,,0010011-1,------111,161.0,110.0,200.0,100.0,3.0,3.0,0.5,371.0
53,WMB,Oil & Gas Midstream,212.8,99.2,12.4,9.2,10.7,5.8,13.6,19.7,64.9,119.9,194.2,212.8,215.4,-57.9,1.1,142.9,22.8,353.8,84.0,84.0,87.0,87.0,0.0,0.0,53.0,53.0,12,-8.361634324685582,EARLY_UP,OVEREXTENDED,MOMENTUM_UP,S0_NEUTRAL,,,,,84.0,84.0,87.0,87.0,0.0,0.0,,0.0,0.0,0.0,0.0,53.0,53.0,,,,,,,111111111,100011111,184.7,70.0,133.3,111.1,5.0,9.0,1.0,365.8
54,DOGE-USD,Cryptocurrency,825.2,3.9,-0.3,-5.6,-28.3,-29.0,-36.0,-55.2,-72.3,-92.1,516.0,825.2,22199.9,-45.9,1.5,56552.4,73495.2,932.5,22.0,22.0,22.0,22.0,0.0,0.0,54.0,54.0,6,68509.85941691634,STRONG_DOWN,LOWER,MOMENTUM_DOWN,S5_TRASH,,,,,22.0,22.0,22.0,22.0,0.0,0.0,,0.0,0.0,0.0,0.0,54.0,54.0,,,,,,,000000011,--0111100,95.3,150.0,114.3,114.3,4.0,7.0,1.0,359.6
55,IONQ,Quantum Computing,295.9,45.6,-8.3,-10.2,-9.7,17.3,12.5,3.3,161.3,302.0,,295.9,660.4,-66.8,1.4,592.2,194.6,355.6,83.0,83.0,68.0,68.0,0.0,0.0,55.0,55.0,-16,54.10197648329148,EARLY_DOWN,MID_RANGE,MOMENTUM_DOWN,S5_TRASH,,,,,83.0,83.0,68.0,68.0,0.0,0.0,,0.0,0.0,0.0,0.0,55.0,55.0,,,,,,,0011111-1,-----1111,187.0,70.0,200.0,100.0,3.0,4.0,0.667,357.0
56,VST,Independent Power Producers,489.6,63.7,0.6,2.4,6.8,-0.9,-3.5,-14.7,95.8,303.8,408.6,489.6,796.7,-76.3,1.3,869.1,291.6,615.7,51.0,51.0,48.0,48.0,0.0,0.0,56.0,56.0,5,-13.280295792457196,STRONG_UP,UPPER_RANGE,NEUTRAL,S0_NEUTRAL,,,,,51.0,51.0,48.0,48.0,0.0,0.0,,0.0,0.0,0.0,0.0,56.0,56.0,,,,,,,110001111,-00011111,146.2,110.0,125.0,100.0,4.0,8.0,1.0,356.2
57,GWW,Industrial Distribution,201.5,89.0,1.0,1.7,14.7,13.1,19.5,20.2,11.7,45.6,102.4,201.5,230.8,-40.3,1.2,155.1,46.4,342.5,87.0,87.0,90.0,90.0,0.0,0.0,57.0,57.0,5,-2.146048809139103,STRONG_UP,OVEREXTENDED,MOMENTUM_DOWN,S3_LATE_EXHAUSTION,,,,,87.0,87.0,90.0,90.0,0.0,0.0,,0.0,0.0,0.0,0.0,57.0,57.0,,,,,,,111111111,111111111,218.0,70.0,200.0,66.7,3.0,9.0,1.0,354.7
58,PH,Diversified Machinery,244.3,85.7,4.5,4.2,15.5,4.1,3.9,11.8,38.8,91.8,153.1,244.3,289.7,-29.7,1.1,220.3,48.5,385.3,75.0,75.0,79.0,79.0,0.0,0.0,58.0,58.0,23,-7.240053146227318,STRONG_UP,OVEREXTENDED,NEUTRAL,S0_NEUTRAL,,,,,75.0,75.0,79.0,79.0,0.0,0.0,,0.0,0.0,0.0,0.0,58.0,58.0,,,,,,,111111111,001111111,195.8,70.0,155.6,88.9,4.0,9.0,1.0,354.7
59,XLK,Technology,177.3,86.0,-8.3,-2.8,3.6,13.6,16.2,19.5,29.5,45.3,69.7,177.3,206.1,-3.6,1.2,124.8,29.0,318.3,98.0,98.0,101.0,101.0,0.0,0.0,59.0,59.0,-4,5.512052400920862,EARLY_DOWN,OVEREXTENDED,MOMENTUM_DOWN,S5_TRASH,,,,,98.0,98.0,101.0,101.0,0.0,0.0,,0.0,0.0,0.0,0.0,59.0,59.0,,,,,,,011111111,111101111,195.8,70.0,177.8,88.9,4.0,9.0,1.0,354.7
60,TDG,Aerospace & Defense,218.8,65.4,1.4,2.3,12.2,5.4,-1.1,-8.9,-3.3,40.3,71.2,218.8,343.7,-21.8,1.3,385.0,149.0,359.8,81.0,81.0,85.0,85.0,0.0,0.0,60.0,60.0,4,-11.144073845195976,STRONG_UP,UPPER_RANGE,NEUTRAL,S0_NEUTRAL,,,,,81.0,81.0,85.0,85.0,0.0,0.0,,0.0,0.0,0.0,0.0,60.0,60.0,,,,,,,111000111,111101111,173.60000000000002,70.0,177.8,111.1,5.0,9.0,1.0,354.7
61,CAH,Healthcare Distribution,220.0,98.7,12.3,9.9,23.2,11.2,9.7,20.9,63.5,148.1,210.9,220.0,224.4,-81.7,1.1,140.4,18.5,361.0,80.0,80.0,84.0,84.0,0.0,0.0,61.0,61.0,21,-6.2200794926027285,STRONG_UP,OVEREXTENDED,MOMENTUM_UP,S1_LEADER,,,,,80.0,80.0,84.0,84.0,0.0,0.0,,0.0,0.0,0.0,0.0,61.0,61.0,,,,,,,111111111,000011111,173.6,70.0,111.1,111.1,5.0,9.0,1.0,354.7
62,ETN,Electrical Equipment,182.0,81.0,-5.7,-1.9,-0.6,0.1,6.2,2.4,5.1,43.4,98.0,182.0,227.3,-11.6,1.2,199.0,61.3,323.0,96.0,96.0,98.0,98.0,0.0,0.0,62.0,62.0,-12,7.297684258103317,STRONG_UP,OVEREXTENDED,MOMENTUM_DOWN,S3_LATE_EXHAUSTION,,,,,96.0,96.0,98.0,98.0,0.0,0.0,,0.0,0.0,0.0,0.0,62.0,62.0,,,,,,,001111111,001111111,173.6,70.0,155.6,111.1,5.0,9.0,1.0,354.7
63,KEYS,Electronic Test & Measurement,178.0,79.0,-16.7,-7.0,-2.2,-0.4,22.7,50.3,64.2,44.2,49.0,178.0,229.4,-14.6,2.6,75.6,8.5,319.0,97.0,97.0,100.0,100.0,0.0,0.0,63.0,63.0,-16,3.1448169881011774,STRONG_UP,UPPER_RANGE,MOMENTUM_DOWN,S0_NEUTRAL,,,,,97.0,97.0,100.0,100.0,0.0,0.0,,0.0,0.0,0.0,0.0,63.0,63.0,,,,,,,000111111,111110001,151.4,70.0,133.3,133.3,6.0,9.0,1.0,354.7
64,ARES,Asset Management,184.9,29.9,-11.2,-13.0,-10.4,-9.4,-21.1,-33.9,-50.1,-38.8,4.0,184.9,631.0,-8.6,1.3,1291.1,989.0,325.9,92.0,92.0,95.0,95.0,0.0,0.0,64.0,64.0,-13,395.6705688307161,EARLY_DOWN,MID_RANGE,MOMENTUM_DOWN,S5_TRASH,,,,,92.0,92.0,95.0,95.0,0.0,0.0,,0.0,0.0,0.0,0.0,64.0,64.0,,,,,,,000000011,111111110,129.1,70.0,177.8,155.6,7.0,9.0,1.0,354.7
65,PGR,Property & Casualty Insurance,193.6,61.8,13.3,12.1,15.8,8.8,8.4,1.7,0.8,28.5,57.7,193.6,319.6,-10.0,1.4,323.6,142.0,334.6,91.0,91.0,94.0,94.0,0.0,0.0,65.0,65.0,48,-79.43328758445105,STRONG_UP,UPPER_RANGE,MOMENTUM_UP,S1_LEADER,,,,,91.0,91.0,94.0,94.0,0.0,0.0,,0.0,0.0,0.0,0.0,65.0,65.0,,,,,,,111111111,111-11111,217.0,70.0,177.8,66.7,3.0,9.0,1.0,353.7
66,IBKR,Capital Markets,369.7,90.7,-9.3,-3.8,7.9,14.2,20.0,25.4,124.7,216.9,296.0,369.7,365.7,-46.8,1.2,227.0,35.8,510.7,61.0,61.0,63.0,63.0,0.0,0.0,66.0,66.0,-9,8.199999999999996,STRONG_UP,OVEREXTENDED,MOMENTUM_DOWN,S3_LATE_EXHAUSTION,,,,,61.0,61.0,63.0,63.0,0.0,0.0,,0.0,0.0,0.0,0.0,66.0,66.0,,,,,,,011111111,100011111,173.60000000000002,110.0,133.3,66.7,3.0,9.0,1.0,350.3
67,NRG,Independent Power Producers,385.2,69.7,11.4,13.2,7.7,-4.7,-8.0,-13.8,66.2,146.1,198.9,385.2,554.2,-22.3,1.2,602.8,156.3,526.2,57.0,57.0,60.0,60.0,0.0,0.0,67.0,67.0,6,-69.98067724395972,EARLY_UP,UPPER_RANGE,MOMENTUM_UP,S2_EARLY_BREAKOUT,,,,,57.0,57.0,60.0,60.0,0.0,0.0,,0.0,0.0,0.0,0.0,67.0,67.0,,,,,,,110001111,110001111,151.4,110.0,133.3,88.9,4.0,9.0,1.0,350.3
68,PL,Aerospace & Defense,459.6,48.7,-1.8,-1.5,-32.8,-20.7,10.6,134.1,603.9,472.1,,459.6,1005.8,-88.8,1.3,515.4,26.1,516.6,59.0,59.0,53.0,53.0,0.0,0.0,68.0,68.0,0,7.032178277709534,STRONG_DOWN,MID_RANGE,MOMENTUM_DOWN,S5_TRASH,,,,,59.0,59.0,53.0,53.0,0.0,0.0,,0.0,0.0,0.0,0.0,68.0,68.0,,,,,,,0001111-1,------111,173.5,110.0,200.0,66.7,2.0,3.0,0.5,350.2
69,SMCI,Computer Hardware,589.2,17.0,0.2,2.5,-9.4,-1.4,-3.4,-25.3,-50.6,138.0,378.0,589.2,3831.2,-73.1,1.4,5115.0,5571.3,730.2,39.0,39.0,40.0,40.0,0.0,0.0,69.0,69.0,6,848.7913649736993,EARLY_UP,LOWER,NEUTRAL,S0_NEUTRAL,,,,,39.0,39.0,40.0,40.0,0.0,0.0,,0.0,0.0,0.0,0.0,69.0,69.0,,,,,,,100000111,001111110,129.1,110.0,133.3,111.1,5.0,9.0,1.0,350.2
70,LITE,Communication Equipment,1148.0,75.4,-3.0,-1.3,-10.5,-3.8,50.3,303.3,979.7,952.6,931.0,1148.0,1558.0,-109.6,1.5,524.9,9.3,1289.0,13.0,13.0,13.0,13.0,0.0,0.0,70.0,70.0,0,3.9489232665310583,STRONG_DOWN,UPPER_RANGE,MOMENTUM_DOWN,S5_TRASH,,,,,13.0,13.0,13.0,13.0,0.0,0.0,,0.0,0.0,0.0,0.0,70.0,70.0,,,,,,,000111111,111100011,151.4,150.0,133.3,44.4,2.0,9.0,1.0,345.8
71,HUBB,Electrical Components & Equipment,144.6,82.5,0.7,1.3,8.5,1.5,5.0,7.6,8.5,43.1,87.9,144.6,180.6,-24.9,1.3,135.0,38.5,285.6,109.0,109.0,112.0,112.0,0.0,0.0,71.0,71.0,8,-1.988541279479243,STRONG_UP,OVEREXTENDED,NEUTRAL,S0_NEUTRAL,,,,,109.0,109.0,112.0,112.0,0.0,0.0,,0.0,0.0,0.0,0.0,71.0,71.0,,,,,,,111111111,000111111,184.7,70.0,133.3,88.9,4.0,9.0,1.0,343.6
72,MS,Investment Banking & Brokerage,233.0,89.7,-8.0,-2.4,7.3,13.0,14.0,23.9,67.1,80.7,147.1,233.0,262.3,-20.8,1.1,156.3,26.3,374.0,76.0,76.0,80.0,80.0,0.0,0.0,72.0,72.0,-9,5.219163921738495,STRONG_UP,OVEREXTENDED,MOMENTUM_DOWN,S3_LATE_EXHAUSTION,,,,,76.0,76.0,80.0,80.0,0.0,0.0,,0.0,0.0,0.0,0.0,72.0,72.0,,,,,,,011111111,100111111,184.7,70.0,155.6,88.9,4.0,9.0,1.0,343.6
73,GRMN,Scientific & Technical Instruments,111.7,65.4,2.2,1.9,-1.6,-7.4,0.6,-3.1,14.2,29.7,35.4,111.7,174.5,-6.4,1.3,186.1,63.0,252.7,125.0,125.0,128.0,128.0,0.0,0.0,73.0,73.0,16,-2.244743206981042,EARLY_UP,UPPER_RANGE,NEUTRAL,S0_NEUTRAL,,,,,125.0,125.0,128.0,128.0,0.0,0.0,,0.0,0.0,0.0,0.0,73.0,73.0,,,,,,,100101111,111100111,162.5,70.0,155.6,111.1,5.0,9.0,1.0,343.6
74,DECK,Footwear & Accessories,156.2,24.4,-1.4,-1.6,0.4,-6.0,-5.9,-8.8,-44.7,-30.4,-2.3,156.2,734.1,-30.0,1.3,822.5,1071.8,297.2,103.0,103.0,106.0,106.0,0.0,0.0,74.0,74.0,-8,88.7385546927743,EARLY_DOWN,MID_RANGE,MOMENTUM_DOWN,S5_TRASH,,,,,103.0,103.0,106.0,106.0,0.0,0.0,,0.0,0.0,0.0,0.0,74.0,74.0,,,,,,,010000001,111111100,118.0,70.0,155.6,155.6,7.0,9.0,1.0,343.6
75,COHR,N/A,628.4,88.0,-1.9,0.3,11.5,26.5,57.8,158.8,407.9,469.2,523.6,628.4,725.3,-81.6,1.5,207.1,11.0,769.3,35.0,35.0,37.0,37.0,0.0,0.0,75.0,75.0,-1,1.3696486383092115,STRONG_UP,OVEREXTENDED,MOMENTUM_DOWN,S3_LATE_EXHAUSTION,,,,,35.0,35.0,37.0,37.0,0.0,0.0,,0.0,0.0,0.0,0.0,75.0,75.0,,,,,,,111111111,001000111,162.4,110.0,88.9,66.7,3.0,9.0,1.0,339.1
76,SHOP,E-commerce Software,488.0,32.3,3.6,10.0,-5.8,-8.4,-16.2,-20.4,-0.4,10.1,-4.3,488.0,1544.3,-16.5,1.3,1896.5,1007.1,628.9,48.0,48.0,49.0,49.0,0.0,0.0,76.0,76.0,25,-182.7037624445535,EARLY_UP,MID_RANGE,MOMENTUM_UP,S2_EARLY_BREAKOUT,,,,,48.0,48.0,49.0,49.0,0.0,0.0,,0.0,0.0,0.0,0.0,76.0,76.0,,,,,,,100000101,111100011,118.0,110.0,133.3,111.1,5.0,9.0,1.0,339.1
77,PLTR,Software,438.2,43.2,-7.0,-9.5,-24.3,-26.6,-31.2,-36.5,182.7,434.1,,438.2,1018.1,-71.2,1.3,1573.2,530.3,502.4,62.0,62.0,56.0,56.0,0.0,0.0,77.0,77.0,-1,128.19999999999993,STRONG_DOWN,MID_RANGE,MOMENTUM_DOWN,S5_TRASH,,,,,62.0,62.0,56.0,56.0,0.0,0.0,,0.0,0.0,0.0,0.0,77.0,77.0,,,,,,,0000011-1,-----0111,124.5,110.0,150.0,100.0,3.0,4.0,0.667,334.5
78,ASTS,Satellite Communications,644.7,50.7,-6.9,-8.8,-14.4,-17.7,-13.2,13.9,663.5,711.0,,644.7,1328.4,-128.2,1.3,1164.6,257.6,722.4,40.0,40.0,34.0,34.0,0.0,0.0,78.0,78.0,-25,61.70964406193653,STRONG_DOWN,UPPER_RANGE,MOMENTUM_DOWN,S5_TRASH,,,,,40.0,40.0,34.0,34.0,0.0,0.0,,0.0,0.0,0.0,0.0,78.0,78.0,,,,,,,0000111-1,----00111,123.0,110.0,120.0,100.0,3.0,5.0,0.833,333.0
79,GE,Aerospace & Defense,283.5,99.6,2.5,5.8,22.6,15.4,15.8,18.0,98.2,249.8,353.9,283.5,273.4,-96.0,1.1,182.1,26.1,424.5,69.0,69.0,71.0,71.0,0.0,0.0,79.0,79.0,1,-1.4851874262926792,STRONG_UP,OVEREXTENDED,NEUTRAL,S0_NEUTRAL,,,,,69.0,69.0,71.0,71.0,0.0,0.0,,0.0,0.0,0.0,0.0,79.0,79.0,,,,,,,111111111,001001111,173.6,70.0,111.1,88.9,4.0,9.0,1.0,332.5
80,GNRC,Electrical Equipment,101.8,22.0,0.8,2.4,6.8,14.9,42.4,49.9,58.1,15.9,6.7,101.8,673.8,-58.8,2.6,7.1,-20.8,242.8,132.0,132.0,136.0,136.0,0.0,0.0,80.0,80.0,27,1.4686363470530388,STRONG_UP,MID_RANGE,NEUTRAL,S0_NEUTRAL,,,,,132.0,132.0,136.0,136.0,0.0,0.0,,0.0,0.0,0.0,0.0,80.0,80.0,,,,,,,111111111,111100001,173.6,70.0,111.1,88.9,4.0,9.0,1.0,332.5
81,WDC,Data Storage Devices,1145.8,77.1,-22.9,-18.8,23.1,58.9,121.4,350.7,930.4,1145.7,1200.5,1145.8,1517.4,-100.9,1.5,315.1,-4.3,1286.8,14.0,14.0,14.0,14.0,0.0,0.0,81.0,81.0,-29,-0.7999999999999998,STRONG_UP,UPPER_RANGE,MOMENTUM_DOWN,S0_NEUTRAL,,,,,14.0,14.0,14.0,14.0,0.0,0.0,,0.0,0.0,0.0,0.0,81.0,81.0,,,,,,,011111111,000000011,129.1,150.0,44.4,44.4,2.0,9.0,1.0,323.5
82,CASY,Retail Specialty Group,232.7,76.3,-9.0,-5.0,0.2,0.5,12.7,25.5,73.3,124.9,159.3,232.7,316.8,-38.6,1.1,192.2,35.9,373.7,77.0,77.0,81.0,81.0,0.0,0.0,82.0,82.0,2,9.10636430275817,EARLY_DOWN,UPPER_RANGE,MOMENTUM_DOWN,S5_TRASH,,,,,77.0,77.0,81.0,81.0,0.0,0.0,,0.0,0.0,0.0,0.0,82.0,82.0,,,,,,,011111111,011011111,184.7,70.0,155.6,66.7,3.0,9.0,1.0,321.4
83,JPM,Diversified Banks,108.1,85.2,6.8,3.8,9.5,5.6,2.9,0.9,27.1,50.4,68.7,108.1,131.1,-22.3,1.2,114.5,24.1,249.1,130.0,130.0,134.0,134.0,0.0,0.0,83.0,83.0,45,-4.823402830652338,STRONG_UP,OVEREXTENDED,NEUTRAL,S0_NEUTRAL,,,,,130.0,130.0,134.0,134.0,0.0,0.0,,0.0,0.0,0.0,0.0,83.0,83.0,,,,,,,111111111,110001111,184.7,70.0,133.3,66.7,3.0,9.0,1.0,321.4
84,JCI,Building Products,150.4,82.8,-5.3,-1.8,0.7,-4.3,2.1,7.7,46.7,56.2,99.7,150.4,189.0,-32.8,1.1,138.7,22.6,291.4,105.0,105.0,108.0,108.0,0.0,0.0,84.0,84.0,3,3.478888870806756,EARLY_DOWN,OVEREXTENDED,MOMENTUM_DOWN,S5_TRASH,,,,,105.0,105.0,108.0,108.0,0.0,0.0,,0.0,0.0,0.0,0.0,84.0,84.0,,,,,,,010111111,001111011,162.5,70.0,133.3,88.9,4.0,9.0,1.0,321.4
85,RCL,Travel Services,126.9,71.9,4.0,4.4,16.3,7.5,6.2,-1.2,58.2,172.0,182.9,126.9,219.6,-108.0,1.3,161.4,38.5,267.9,118.0,118.0,122.0,122.0,0.0,0.0,85.0,85.0,3,-5.179382394553521,STRONG_UP,UPPER_RANGE,NEUTRAL,S0_NEUTRAL,,,,,118.0,118.0,122.0,122.0,0.0,0.0,,0.0,0.0,0.0,0.0,85.0,85.0,,,,,,,111101111,100001111,162.5,70.0,111.1,88.9,4.0,9.0,1.0,321.4
86,AAPL,Consumer Electronics,222.7,85.1,-6.1,-2.2,-1.7,-0.6,-1.2,4.4,-1.8,1.6,40.3,222.7,264.2,-12.6,1.2,233.9,65.0,363.7,79.0,79.0,82.0,82.0,0.0,0.0,86.0,86.0,-43,9.086469881268712,STRONG_DOWN,OVEREXTENDED,MOMENTUM_DOWN,S5_TRASH,,,,,79.0,79.0,82.0,82.0,0.0,0.0,,0.0,0.0,0.0,0.0,86.0,86.0,,,,,,,000010111,111111111,162.4,70.0,200.0,88.9,4.0,9.0,1.0,321.3
87,FICO,Financial Technology,154.2,22.9,5.1,10.5,4.5,-3.3,-16.4,-27.8,-45.6,-5.3,10.3,154.2,694.1,-6.1,1.5,1404.3,1345.8,295.1,104.0,104.0,107.0,107.0,0.0,0.0,87.0,87.0,24,-463.66682090618656,EARLY_DOWN,MID_RANGE,MOMENTUM_UP,S4_BOTTOMING,,,,,104.0,104.0,107.0,107.0,0.0,0.0,,0.0,0.0,0.0,0.0,87.0,87.0,,,,,,,110000011,111011110,140.2,70.0,155.6,111.1,5.0,9.0,1.0,321.3
88,BX,Asset Management,184.0,33.2,-4.0,-4.2,-3.6,-5.5,-14.8,-26.4,-40.9,-41.4,-1.7,184.0,591.0,-17.7,1.3,970.3,713.1,325.0,94.0,94.0,96.0,96.0,0.0,0.0,88.0,88.0,-16,111.14765605540595,EARLY_DOWN,MID_RANGE,MOMENTUM_DOWN,S5_TRASH,,,,,94.0,94.0,96.0,96.0,0.0,0.0,,0.0,0.0,0.0,0.0,88.0,88.0,,,,,,,000000001,111111110,118.0,70.0,177.8,133.3,6.0,9.0,1.0,321.3
89,GLW,Electronic Components,645.3,96.5,4.9,16.0,34.0,38.6,82.1,154.7,398.1,467.0,545.5,645.3,671.6,-58.2,1.2,173.5,6.1,786.3,32.0,32.0,33.0,33.0,0.0,0.0,89.0,89.0,3,-0.014892520888922789,STRONG_UP,OVEREXTENDED,MOMENTUM_UP,S1_LEADER,,,,,32.0,32.0,33.0,33.0,0.0,0.0,,0.0,0.0,0.0,0.0,89.0,89.0,,,,,,,111111111,100010011,162.4,110.0,88.9,44.4,2.0,9.0,1.0,316.8
90,315960.KS,High Dividend,438.8,91.3,-8.7,-5.0,20.0,36.0,75.8,169.6,308.4,369.0,428.1,438.8,448.6,-74.4,1.5,75.1,-6.8,529.5,56.0,56.0,55.0,55.0,0.0,0.0,90.0,90.0,-7,-1.0,STRONG_UP,OVEREXTENDED,MOMENTUM_DOWN,S3_LATE_EXHAUSTION,,,,,56.0,56.0,55.0,55.0,0.0,0.0,,0.0,0.0,0.0,0.0,90.0,90.0,,,,,,,011111111,---000011,137.2,110.0,66.7,66.7,2.0,6.0,1.0,313.9
91,CRWD,Cybersecurity Software,262.2,86.5,5.5,5.0,23.1,48.8,46.1,39.5,97.6,145.2,262.2,262.2,270.2,-38.3,1.3,136.9,30.7,346.1,86.0,86.0,73.0,73.0,0.0,0.0,91.0,91.0,12,-4.653730180164576,STRONG_UP,OVEREXTENDED,MOMENTUM_DOWN,S3_LATE_EXHAUSTION,,,,,86.0,86.0,73.0,73.0,0.0,0.0,,0.0,0.0,0.0,0.0,91.0,91.0,,,,,,,111111111,----00111,174.0,70.0,120.0,66.7,2.0,5.0,0.833,310.7
92,GS,Investment Banking & Brokerage,217.0,88.4,-10.4,-4.4,5.4,8.0,9.6,19.3,81.6,108.8,172.1,217.0,249.6,-35.7,1.1,156.0,23.5,358.0,82.0,82.0,86.0,86.0,0.0,0.0,92.0,92.0,-7,5.865870302926339,STRONG_UP,OVEREXTENDED,MOMENTUM_DOWN,S3_LATE_EXHAUSTION,,,,,82.0,82.0,86.0,86.0,0.0,0.0,,0.0,0.0,0.0,0.0,92.0,92.0,,,,,,,011111111,000111111,173.60000000000002,70.0,133.3,66.7,3.0,9.0,1.0,310.3
93,PHM,Residential Construction,147.5,60.4,12.6,11.0,17.7,9.0,7.6,5.4,-4.3,40.8,69.5,147.5,254.9,-29.3,1.3,199.9,98.6,288.5,106.0,106.0,109.0,109.0,0.0,0.0,93.0,93.0,24,-56.12488306812625,STRONG_UP,UPPER_RANGE,MOMENTUM_UP,S1_LEADER,,,,,106.0,106.0,109.0,109.0,0.0,0.0,,0.0,0.0,0.0,0.0,93.0,93.0,,,,,,,111110111,110101110,173.60000000000002,70.0,133.3,66.7,3.0,9.0,1.0,310.3
94,MPC,Oil & Gas Refining & Marketing,209.5,87.4,7.9,7.2,2.3,5.7,19.2,24.4,25.3,73.2,181.9,209.5,251.1,-77.8,1.4,140.7,33.2,350.5,85.0,85.0,88.0,88.0,0.0,0.0,94.0,94.0,22,-6.559380701673852,EARLY_DOWN,OVEREXTENDED,MOMENTUM_DOWN,S5_TRASH,,,,,85.0,85.0,88.0,88.0,0.0,0.0,,0.0,0.0,0.0,0.0,94.0,94.0,,,,,,,111111111,100011101,173.6,70.0,111.1,66.7,3.0,9.0,1.0,310.3
95,OKE,Oil & Gas Midstream,132.3,54.7,6.7,7.5,3.2,-0.3,5.6,6.5,-8.7,3.0,62.7,132.3,292.4,-60.3,1.3,223.1,130.5,273.3,114.0,114.0,117.0,117.0,0.0,0.0,95.0,95.0,39,-27.969410719540633,EARLY_UP,UPPER_RANGE,MOMENTUM_UP,S2_EARLY_BREAKOUT,,,,,114.0,114.0,117.0,117.0,0.0,0.0,,0.0,0.0,0.0,0.0,95.0,95.0,,,,,,,110110111,110111101,173.6,70.0,155.6,66.7,3.0,9.0,1.0,310.3
96,RL,Apparel Manufacturing,172.3,100.0,0.0,2.1,14.5,10.5,9.8,17.6,86.5,145.5,182.9,172.3,172.8,-70.2,1.1,105.4,11.8,313.3,100.0,100.0,102.0,102.0,0.0,0.0,96.0,96.0,2,0.40000000000000036,STRONG_UP,OVEREXTENDED,MOMENTUM_DOWN,S3_LATE_EXHAUSTION,,,,,100.0,100.0,102.0,102.0,0.0,0.0,,0.0,0.0,0.0,0.0,96.0,96.0,,,,,,,111111111,010001111,173.6,70.0,111.1,66.7,3.0,9.0,1.0,310.3
97,VLO,Oil & Gas Refining & Marketing,141.0,89.7,16.2,12.4,5.5,7.2,22.8,42.4,51.2,78.4,131.8,141.0,167.2,-81.9,1.4,46.2,4.8,281.9,111.0,111.0,114.0,114.0,0.0,0.0,97.0,97.0,21,-2.3126867012592953,EARLY_DOWN,OVEREXTENDED,MOMENTUM_UP,S0_NEUTRAL,,,,,111.0,111.0,114.0,114.0,0.0,0.0,,0.0,0.0,0.0,0.0,97.0,97.0,,,,,,,111111111,100011101,173.6,70.0,111.1,66.7,3.0,9.0,1.0,310.3
98,005930.KS,Consumer Electronics,537.1,93.2,-3.9,-1.5,27.0,43.1,98.1,223.6,338.0,359.4,395.8,537.1,583.6,-95.4,1.8,84.8,-8.1,678.0,45.0,45.0,45.0,45.0,0.0,0.0,98.0,98.0,-12,-0.8999999999999995,STRONG_UP,OVEREXTENDED,MOMENTUM_DOWN,S3_LATE_EXHAUSTION,,,,,45.0,45.0,45.0,45.0,0.0,0.0,,0.0,0.0,0.0,0.0,98.0,98.0,,,,,,,011111111,-01100011,155.9,110.0,88.9,44.4,2.0,9.0,1.0,310.3
99,TPR,Luxury Goods,255.4,83.8,3.5,4.3,5.9,-2.2,5.0,20.3,150.4,198.4,309.1,255.4,323.5,-95.4,1.1,204.8,21.2,396.4,73.0,73.0,77.0,77.0,0.0,0.0,99.0,99.0,6,-0.5609066079372056,STRONG_UP,OVEREXTENDED,MOMENTUM_DOWN,S3_LATE_EXHAUSTION,,,,,73.0,73.0,77.0,77.0,0.0,0.0,,0.0,0.0,0.0,0.0,99.0,99.0,,,,,,,110111111,000010111,151.3,70.0,88.9,88.9,4.0,9.0,1.0,310.2
100,APO,Asset Management,145.0,35.3,-12.9,-11.4,-7.2,-2.9,-10.2,-17.5,-28.2,-5.6,21.8,145.0,428.2,-9.1,1.2,645.0,461.6,285.9,108.0,108.0,111.0,111.0,0.0,0.0,100.0,100.0,-44,178.08734910727105,EARLY_DOWN,MID_RANGE,MOMENTUM_DOWN,S5_TRASH,,,,,108.0,108.0,111.0,111.0,0.0,0.0,,0.0,0.0,0.0,0.0,100.0,100.0,,,,,,,000000011,111111110,129.1,70.0,177.8,111.1,5.0,9.0,1.0,310.2
101,032830.KS,Insurance,462.9,85.1,-14.9,-10.4,40.7,61.0,102.7,160.3,361.6,474.6,541.0,462.9,561.6,-98.3,1.2,81.6,-8.0,603.9,52.0,52.0,52.0,52.0,0.0,0.0,101.0,101.0,-10,-1.621102205821141,STRONG_UP,OVEREXTENDED,MOMENTUM_DOWN,S3_LATE_EXHAUSTION,,,,,52.0,52.0,52.0,52.0,0.0,0.0,,0.0,0.0,0.0,0.0,101.0,101.0,,,,,,,011111111,000010111,151.3,110.0,88.9,44.4,2.0,9.0,1.0,305.7
102,SOL-USD,Cryptocurrency,767.1,6.8,0.3,4.1,-11.2,-17.5,-29.3,-50.0,-37.2,-16.4,,767.1,11126.9,-44.7,1.5,26464.8,33076.4,838.4,29.0,29.0,27.0,27.0,0.0,0.0,102.0,102.0,0,28076.4,STRONG_DOWN,LOWER,MOMENTUM_UP,S4_BOTTOMING,,,,,29.0,29.0,27.0,27.0,0.0,0.0,,0.0,0.0,0.0,0.0,102.0,102.0,,,,,,,1000000-1,-----1010,87.0,150.0,100.0,66.7,2.0,4.0,0.667,303.7
103,381180.KS,PHLX Semi,256.5,92.7,-7.3,-1.2,23.0,46.4,63.9,100.4,170.4,251.8,,256.5,258.2,-10.3,1.5,66.5,8.4,313.5,99.0,99.0,76.0,76.0,0.0,0.0,103.0,103.0,-10,1.2654920939832062,STRONG_UP,OVEREXTENDED,MOMENTUM_DOWN,S3_LATE_EXHAUSTION,,,,,99.0,99.0,76.0,76.0,0.0,0.0,,0.0,0.0,0.0,0.0,103.0,103.0,,,,,,,0111111-1,------111,198.5,70.0,200.0,33.3,1.0,3.0,0.5,301.8
104,GOOG,Internet Content & Information,198.4,71.9,-12.6,-6.3,-10.0,-4.1,-3.4,19.8,53.9,72.9,112.6,198.4,280.7,-10.8,1.3,184.2,34.3,339.4,89.0,89.0,92.0,92.0,0.0,0.0,104.0,104.0,-27,10.191484802215129,STRONG_DOWN,UPPER_RANGE,MOMENTUM_DOWN,S5_TRASH,,,,,89.0,89.0,92.0,92.0,0.0,0.0,,0.0,0.0,0.0,0.0,104.0,104.0,,,,,,,000011111,111101111,162.5,70.0,177.8,66.7,3.0,9.0,1.0,299.2
105,GOOGL,Internet Conglomerates,198.4,71.8,-11.5,-5.7,-10.0,-3.9,-2.9,21.1,56.7,76.2,116.1,198.4,281.0,-11.4,1.3,179.8,32.4,339.4,89.0,89.0,92.0,92.0,0.0,0.0,105.0,105.0,-27,9.029369601246149,STRONG_DOWN,UPPER_RANGE,MOMENTUM_DOWN,S5_TRASH,,,,,89.0,89.0,92.0,92.0,0.0,0.0,,0.0,0.0,0.0,0.0,105.0,105.0,,,,,,,000011111,111101111,162.5,70.0,177.8,66.7,3.0,9.0,1.0,299.2
106,MCK,Healthcare Distribution,146.1,58.0,3.8,4.3,0.3,-12.9,-13.8,-12.4,-3.3,34.8,105.3,146.1,285.1,-46.0,1.2,323.8,110.8,287.1,107.0,107.0,110.0,110.0,0.0,0.0,106.0,106.0,16,-9.766552873121142,EARLY_DOWN,UPPER_RANGE,MOMENTUM_DOWN,S5_TRASH,,,,,107.0,107.0,110.0,110.0,0.0,0.0,,0.0,0.0,0.0,0.0,106.0,106.0,,,,,,,110000111,000111111,140.3,70.0,133.3,88.9,4.0,9.0,1.0,299.2
107,ABBV,Biotechnology,112.8,98.2,41.2,19.6,22.1,13.5,11.2,12.0,16.7,26.0,59.4,112.8,115.5,-24.8,1.2,77.6,16.5,253.8,123.0,123.0,126.0,126.0,0.0,0.0,107.0,107.0,90,-33.55677532026461,STRONG_UP,OVEREXTENDED,MOMENTUM_UP,S1_LEADER,,,,,123.0,123.0,126.0,126.0,0.0,0.0,,0.0,0.0,0.0,0.0,107.0,107.0,,,,,,,111111111,110111111,206.9,70.0,177.8,22.2,1.0,9.0,1.0,299.1
108,BK,Asset Servicing,129.6,96.1,0.8,2.5,5.4,8.1,12.5,21.8,83.3,114.8,141.1,129.6,137.5,-53.4,1.1,68.0,5.3,270.6,116.0,116.0,119.0,119.0,0.0,0.0,108.0,108.0,-4,1.0,STRONG_UP,OVEREXTENDED,MOMENTUM_DOWN,S3_LATE_EXHAUSTION,,,,,116.0,116.0,119.0,119.0,0.0,0.0,,0.0,0.0,0.0,0.0,108.0,108.0,,,,,,,111111111,100011111,184.7,70.0,133.3,44.4,2.0,9.0,1.0,299.1
109,WELL,Healthcare REITs,118.5,100.0,22.2,12.6,11.5,7.6,9.5,15.7,59.4,87.6,108.5,118.5,119.0,-51.9,1.1,71.5,7.8,259.5,121.0,121.0,124.0,124.0,0.0,0.0,109.0,109.0,52,-5.2075938637001995,EARLY_UP,OVEREXTENDED,MOMENTUM_UP,S0_NEUTRAL,,,,,121.0,121.0,124.0,124.0,0.0,0.0,,0.0,0.0,0.0,0.0,109.0,109.0,,,,,,,111111111,110001111,184.7,70.0,133.3,44.4,2.0,9.0,1.0,299.1
110,491010.KS,Global AI Power Active,113.2,90.2,-9.8,-0.8,14.6,28.8,48.0,73.1,,,,113.2,95.6,-15.5,1.6,20.3,1.0,130.4,238.0,238.0,125.0,125.0,0.0,0.0,110.0,110.0,-16,0.30000000000000004,STRONG_UP,OVEREXTENDED,NEUTRAL,S0_NEUTRAL,,,,,238.0,238.0,125.0,125.0,0.0,0.0,,0.0,0.0,0.0,0.0,110.0,110.0,,,,,,,01111---1,--------1,190.3,70.0,200.0,33.3,1.0,1.0,0.167,293.6
111,ARM,Semiconductors,167.7,68.8,-31.2,-21.3,21.4,75.7,121.9,119.0,,,,167.7,209.4,-70.9,2.6,-11.8,2.6,198.5,160.0,160.0,104.0,104.0,0.0,0.0,111.0,111.0,-16,1.3,EARLY_DOWN,UPPER_RANGE,MOMENTUM_DOWN,S5_TRASH,,,,,160.0,160.0,104.0,104.0,0.0,0.0,,0.0,0.0,0.0,0.0,111.0,111.0,,,,,,,01111---1,--------1,190.3,70.0,200.0,33.3,1.0,1.0,0.167,293.6
112,GEV,Electrical Equipment,206.5,76.5,-5.8,-3.2,5.5,7.5,27.9,47.1,,,,206.5,230.7,-7.2,1.3,146.7,27.7,229.1,138.0,138.0,89.0,89.0,0.0,0.0,112.0,112.0,-16,3.72691201149431,EARLY_UP,UPPER_RANGE,NEUTRAL,S0_NEUTRAL,,,,,138.0,138.0,89.0,89.0,0.0,0.0,,0.0,0.0,0.0,0.0,112.0,112.0,,,,,,,01111---1,--------1,190.3,70.0,200.0,33.3,1.0,1.0,0.167,293.6
113,BLDR,Building Materials,88.8,15.6,4.8,13.2,19.1,4.1,-8.6,-24.5,-66.2,-58.7,-8.0,88.8,761.1,-34.7,1.4,1341.5,1955.8,229.8,137.0,137.0,141.0,141.0,0.0,0.0,113.0,113.0,2,-922.6601374973031,STRONG_UP,LOWER,MOMENTUM_UP,S0_NEUTRAL,,,,,137.0,137.0,141.0,141.0,0.0,0.0,,0.0,0.0,0.0,0.0,113.0,113.0,,,,,,,111000001,011111100,129.1,30.0,133.3,133.3,6.0,9.0,1.0,292.4
114,ODFL,Trucking,110.7,45.4,1.0,1.6,2.4,1.2,15.5,23.0,-12.5,-22.4,-2.1,110.7,254.8,-15.5,1.7,130.4,110.5,251.7,126.0,126.0,130.0,130.0,0.0,0.0,114.0,114.0,10,0.46413794859107327,EARLY_DOWN,MID_RANGE,MOMENTUM_DOWN,S5_TRASH,,,,,126.0,126.0,130.0,130.0,0.0,0.0,,0.0,0.0,0.0,0.0,114.0,114.0,,,,,,,111110001,111111000,151.4,70.0,133.3,66.7,3.0,9.0,1.0,288.1
115,COST,Hypermarkets & Super Centers,101.4,53.4,3.0,2.7,-1.2,-7.5,-4.7,-9.3,-11.4,1.0,23.6,101.4,205.0,-17.8,1.3,257.1,127.4,242.4,134.0,134.0,138.0,138.0,0.0,0.0,115.0,115.0,34,-8.806893398428542,STRONG_DOWN,UPPER_RANGE,MOMENTUM_DOWN,S5_TRASH,,,,,134.0,134.0,138.0,138.0,0.0,0.0,,0.0,0.0,0.0,0.0,115.0,115.0,,,,,,,100000111,111111110,151.3,70.0,177.8,66.7,3.0,9.0,1.0,288.0
116,KTOS,Aerospace & Defense,180.0,29.9,-0.8,-1.9,-8.3,-21.4,-28.5,-22.9,80.6,120.2,95.8,180.0,761.1,-66.8,1.5,930.9,219.71083596851344,325.2,93.0,93.0,99.0,99.0,0.0,0.0,116.0,116.0,-6,0.0,STRONG_DOWN,MID_RANGE,MOMENTUM_DOWN,S5_TRASH,,,,,93.0,93.0,99.0,99.0,0.0,0.0,,0.0,0.0,0.0,0.0,116.0,116.0,10829279076.0,10.829,499.0,other,equity,data_raw,000001111,111000111,129.1,70.0,133.3,88.9,4.0,9.0,1.0,288.0
117,ADI,Semiconductors,138.6,74.0,-25.3,-8.4,-1.9,2.0,14.4,31.8,44.2,56.2,77.1,138.6,190.7,-7.8,1.7,79.5,14.5,279.6,113.0,113.0,116.0,116.0,0.0,0.0,117.0,117.0,-17,7.164132571451107,EARLY_DOWN,UPPER_RANGE,MOMENTUM_DOWN,S5_TRASH,,,,,113.0,113.0,116.0,116.0,0.0,0.0,,0.0,0.0,0.0,0.0,117.0,117.0,,,,,,,001111111,111-11111,194.8,70.0,177.8,22.2,1.0,9.0,1.0,287.0
118,C,Diversified Banks,128.5,96.7,-1.0,1.7,11.9,14.5,17.5,29.3,92.2,117.9,126.5,128.5,135.4,-58.5,1.2,49.8,1.5,269.5,117.0,117.0,120.0,120.0,0.0,0.0,118.0,118.0,-4,0.30407411072325163,STRONG_UP,OVEREXTENDED,MOMENTUM_DOWN,S3_LATE_EXHAUSTION,,,,,117.0,117.0,120.0,120.0,0.0,0.0,,0.0,0.0,0.0,0.0,118.0,118.0,,,,,,,111111111,-10000111,167.0,70.0,88.9,44.4,2.0,9.0,1.0,281.4
119,NET,Information Technology,221.4,45.2,6.0,8.5,-0.3,8.8,12.8,8.0,92.5,110.7,,221.4,451.4,-29.0,1.3,326.1,94.8,301.6,102.0,102.0,83.0,83.0,0.0,0.0,119.0,119.0,17,-20.117069100880045,EARLY_DOWN,MID_RANGE,MOMENTUM_DOWN,S5_TRASH,,,,,102.0,102.0,83.0,83.0,0.0,0.0,,0.0,0.0,0.0,0.0,119.0,119.0,,,,,,,1011111-1,----00011,140.5,70.0,80.0,66.7,2.0,5.0,0.833,277.2
120,ON,Semiconductors,109.1,40.1,-29.1,-22.9,-17.1,7.6,29.8,47.1,6.5,-7.9,40.0,109.1,342.5,-46.0,3.1,52.8,52.4,250.1,128.0,128.0,132.0,132.0,0.0,0.0,120.0,120.0,-49,31.555205448938356,EARLY_DOWN,MID_RANGE,MOMENTUM_DOWN,S5_TRASH,,,,,128.0,128.0,132.0,132.0,0.0,0.0,,0.0,0.0,0.0,0.0,120.0,120.0,,,,,,,001111011,110111000,140.3,70.0,111.1,66.7,3.0,9.0,1.0,277.0
121,FCX,Copper Mining,127.0,64.1,-10.9,-6.5,3.2,-4.3,4.9,19.7,11.8,3.0,79.7,127.0,208.6,-56.5,1.6,102.1,34.2,267.9,118.0,118.0,121.0,121.0,0.0,0.0,121.0,121.0,-24,9.224994792968424,EARLY_DOWN,UPPER_RANGE,MOMENTUM_DOWN,S5_TRASH,,,,,118.0,118.0,121.0,121.0,0.0,0.0,,0.0,0.0,0.0,0.0,121.0,121.0,,,,,,,010111111,101111001,162.5,70.0,133.3,44.4,2.0,9.0,1.0,276.9
122,BAESY,Aerospace & Defense,111.7,62.6,-1.0,-1.0,-5.0,-15.0,-8.6,-11.3,13.8,59.6,108.2,111.7,218.5,-65.9,1.2,229.4,52.88213420767205,256.9,122.0,122.0,128.0,128.0,0.0,0.0,122.0,122.0,-1,0.0,STRONG_DOWN,UPPER_RANGE,NEUTRAL,S5_TRASH,,,,,122.0,122.0,128.0,128.0,0.0,0.0,,0.0,0.0,0.0,0.0,122.0,122.0,74978064439.82,74.978,166.0,large,equity,data_raw,000001111,000011111,118.0,70.0,111.1,88.9,4.0,9.0,1.0,276.9
123,DD,Specialty Chemicals,303.1,97.9,60.1,190.2,193.7,185.5,203.4,267.6,307.7,333.5,364.7,303.1,312.5,-103.7,2.2,-71.2,-18.3,444.1,66.0,66.0,67.0,67.0,0.0,0.0,123.0,123.0,208,95.19621070315506,STRONG_UP,OVEREXTENDED,NEUTRAL,S0_NEUTRAL,,,,,66.0,66.0,67.0,67.0,0.0,0.0,,0.0,0.0,0.0,0.0,123.0,123.0,,,,,,,111111111,000010001,140.2,110.0,44.4,22.2,1.0,9.0,1.0,272.4
124,487230.KS,US AI Power Infrastructure,73.9,88.4,11.1,3.1,8.8,17.1,30.7,39.4,,,,73.9,59.1,-7.9,1.6,21.9,3.4,92.5,316.0,316.0,154.0,154.0,0.0,0.0,124.0,124.0,13,-1.5885403856415024,EARLY_UP,OVEREXTENDED,NEUTRAL,S0_NEUTRAL,,,,,316.0,316.0,154.0,154.0,0.0,0.0,,0.0,0.0,0.0,0.0,124.0,124.0,,,,,,,11111---1,--------1,207.0,30.0,200.0,33.3,1.0,1.0,0.167,270.3
125,SYF,Consumer Finance,55.8,71.5,11.4,7.1,8.8,7.3,2.4,2.1,31.9,41.7,61.0,55.8,104.4,-64.4,1.3,64.6,15.5,196.8,162.0,162.0,169.0,169.0,0.0,0.0,125.0,125.0,13,-6.2756970391188,STRONG_UP,UPPER_RANGE,MOMENTUM_UP,S1_LEADER,,,,,162.0,162.0,169.0,169.0,0.0,0.0,,0.0,0.0,0.0,0.0,125.0,125.0,,,,,,,111111111,000110111,173.6,30.0,111.1,66.7,3.0,9.0,1.0,270.3
126,DE,Agricultural & Construction Machinery,109.5,68.9,11.7,6.7,11.0,2.3,9.9,11.2,10.1,1.4,30.5,109.5,162.8,-9.5,1.3,119.0,35.9,250.5,127.0,127.0,131.0,131.0,0.0,0.0,126.0,126.0,43,-16.141473457258854,STRONG_UP,UPPER_RANGE,NEUTRAL,S0_NEUTRAL,,,,,127.0,127.0,131.0,131.0,0.0,0.0,,0.0,0.0,0.0,0.0,126.0,126.0,,,,,,,111111111,101110001,173.6,70.0,111.1,22.2,1.0,9.0,1.0,265.8
127,105560.KS,Banks,171.0,76.2,-6.4,-3.1,-2.7,-6.7,1.1,12.5,72.7,111.0,156.2,171.0,239.4,-46.2,1.2,162.7,26.3,312.0,101.0,101.0,103.0,103.0,0.0,0.0,127.0,127.0,-18,7.326373967200762,EARLY_DOWN,UPPER_RANGE,MOMENTUM_DOWN,S5_TRASH,,,,,101.0,101.0,103.0,103.0,0.0,0.0,,0.0,0.0,0.0,0.0,127.0,127.0,,,,,,,000111111,100011111,151.4,70.0,133.3,44.4,2.0,9.0,1.0,265.8
128,CMI,Industrial Machinery,199.0,90.4,-7.4,-1.7,6.8,9.6,15.7,41.9,95.7,124.8,148.2,199.0,223.8,-35.6,1.2,92.9,8.6,340.0,88.0,88.0,91.0,91.0,0.0,0.0,128.0,128.0,-5,1.724523488843662,STRONG_UP,OVEREXTENDED,MOMENTUM_DOWN,S3_LATE_EXHAUSTION,,,,,88.0,88.0,91.0,91.0,0.0,0.0,,0.0,0.0,0.0,0.0,128.0,128.0,,,,,,,011111111,000010111,151.3,70.0,88.9,44.4,2.0,9.0,1.0,265.7
129,NUE,Steel,123.9,79.4,0.1,0.9,2.1,15.0,24.7,43.1,25.1,23.1,99.0,123.9,169.7,-51.6,2.0,34.0,9.2,264.9,120.0,120.0,123.0,123.0,0.0,0.0,129.0,129.0,2,0.03477892398386295,EARLY_DOWN,UPPER_RANGE,MOMENTUM_DOWN,S5_TRASH,,,,,120.0,120.0,123.0,123.0,0.0,0.0,,0.0,0.0,0.0,0.0,129.0,129.0,,,,,,,111111111,000111000,151.3,70.0,66.7,44.4,2.0,9.0,1.0,265.7
130,487240.KS,Korea AI Power,160.8,43.9,-16.2,-16.3,-25.4,-10.5,15.3,63.1,,,,160.8,341.8,-21.3,1.2,197.6,27.1,179.4,174.0,174.0,105.0,105.0,0.0,0.0,130.0,130.0,-24,11.881597407346973,STRONG_DOWN,MID_RANGE,MOMENTUM_DOWN,S5_TRASH,,,,,174.0,174.0,105.0,105.0,0.0,0.0,,0.0,0.0,0.0,0.0,130.0,130.0,,,,,,,00011---1,--------1,157.0,70.0,200.0,33.3,1.0,1.0,0.167,260.3
131,LYV,Entertainment,69.0,65.9,14.7,7.4,10.7,8.0,14.1,9.3,23.5,20.2,25.8,69.0,117.4,-22.9,1.3,69.8,20.1,210.0,149.0,149.0,156.0,156.0,0.0,0.0,131.0,131.0,16,-10.945929770639381,STRONG_UP,UPPER_RANGE,MOMENTUM_UP,S1_LEADER,,,,,149.0,149.0,156.0,156.0,0.0,0.0,,0.0,0.0,0.0,0.0,131.0,131.0,,,,,,,111111111,111100011,184.7,30.0,133.3,44.4,2.0,9.0,1.0,259.1
132,ROK,Industrial Machinery,59.4,89.1,8.0,3.2,12.1,13.2,13.0,18.4,25.6,20.4,29.5,59.4,70.8,-33.7,1.6,13.2,-1.6,200.4,159.0,159.0,167.0,167.0,0.0,0.0,132.0,132.0,-2,0.5495028587069841,STRONG_UP,OVEREXTENDED,MOMENTUM_UP,S1_LEADER,,,,,159.0,159.0,167.0,167.0,0.0,0.0,,0.0,0.0,0.0,0.0,132.0,132.0,,,,,,,111111111,101111001,184.7,30.0,133.3,44.4,2.0,9.0,1.0,259.1
133,CTAS,Commercial Services,67.1,30.6,3.5,3.2,1.7,-7.1,-10.3,-20.3,-31.6,-22.7,-10.6,67.1,229.6,-4.0,1.4,465.6,358.9,208.1,151.0,151.0,158.0,158.0,0.0,0.0,133.0,133.0,8,-52.635207758157605,EARLY_DOWN,MID_RANGE,MOMENTUM_DOWN,S5_TRASH,,,,,151.0,151.0,158.0,158.0,0.0,0.0,,0.0,0.0,0.0,0.0,133.0,133.0,,,,,,,110000001,111111110,140.2,30.0,177.8,88.9,4.0,9.0,1.0,259.1
134,KKR,Asset Management,95.0,22.8,-3.8,-4.5,-7.7,-7.9,-18.2,-30.9,-41.2,-33.4,-4.1,95.0,478.9,-17.5,1.4,1042.6,968.1,236.0,135.0,135.0,139.0,139.0,0.0,0.0,134.0,134.0,-35,181.02629632546314,STRONG_DOWN,MID_RANGE,MOMENTUM_DOWN,S5_TRASH,,,,,135.0,135.0,139.0,139.0,0.0,0.0,,0.0,0.0,0.0,0.0,134.0,134.0,,,,,,,000000001,111111110,118.0,30.0,177.8,111.1,5.0,9.0,1.0,259.1
135,HLT,Lodging,106.1,87.0,-7.0,-2.0,3.6,1.1,4.3,8.2,19.5,35.9,56.3,106.1,125.4,-21.3,1.2,92.1,21.7,247.1,131.0,131.0,135.0,135.0,0.0,0.0,135.0,135.0,-16,3.6779832524921794,EARLY_DOWN,OVEREXTENDED,MOMENTUM_DOWN,S5_TRASH,,,,,131.0,131.0,135.0,135.0,0.0,0.0,,0.0,0.0,0.0,0.0,135.0,135.0,,,,,,,011111111,110101111,184.7,70.0,155.6,0.0,0.0,9.0,1.0,254.7
136,MSTR,Enterprise Software,101.7,7.9,-5.6,-24.3,-47.9,-45.6,-49.3,-68.4,-52.2,-3.6,63.1,101.7,2076.0,-66.6,1.7,11534.4,11773.0,242.7,133.0,133.0,137.0,137.0,0.0,0.0,136.0,136.0,-24,6877.10359369557,STRONG_DOWN,LOWER,MOMENTUM_DOWN,S5_TRASH,,,,,133.0,133.0,137.0,137.0,0.0,0.0,,0.0,0.0,0.0,0.0,136.0,136.0,,,,,,,000000011,001100111,95.8,70.0,111.1,88.9,4.0,9.0,1.0,254.7
137,KLAC,Semiconductor Equipment,-75.1,1.0,-0.1,-1.6,-84.9,-88.6,-87.8,-88.1,-100.5,-106.0,-103.5,-75.1,1362.7,-89.2,1.2,0.0,40645.4,65.9,383.0,383.0,415.0,415.0,0.0,0.0,137.0,137.0,-12,35645.4,STRONG_DOWN,LOWER,MOMENTUM_DOWN,S5_TRASH,,,,,383.0,383.0,415.0,415.0,0.0,0.0,,0.0,0.0,0.0,0.0,137.0,137.0,,,,,,,000000000,011111110,95.8,0.0,155.6,155.6,7.0,9.0,1.0,251.4
138,006800.KS,Securities,339.7,40.8,-10.9,-14.8,-34.5,-42.3,-4.8,39.7,282.2,337.4,355.6,339.7,974.3,-97.4,1.3,639.8,21.8,480.7,64.0,64.0,66.0,66.0,0.0,0.0,138.0,138.0,-12,13.138640478014148,STRONG_DOWN,MID_RANGE,MOMENTUM_DOWN,S5_TRASH,,,,,64.0,64.0,66.0,66.0,0.0,0.0,,0.0,0.0,0.0,0.0,138.0,138.0,,,,,,,000011111,000000011,95.8,110.0,44.4,44.4,2.0,9.0,1.0,250.2
139,HPE,Hardware & Equipment,142.2,67.9,-8.4,-5.2,24.3,54.2,69.3,81.3,107.4,128.6,155.4,142.2,238.4,-67.1,1.9,-20.9,-16.0,283.2,110.0,110.0,113.0,113.0,0.0,0.0,139.0,139.0,-7,-3.57048346723,EARLY_DOWN,UPPER_RANGE,MOMENTUM_DOWN,S5_TRASH,,,,,110.0,110.0,113.0,113.0,0.0,0.0,,0.0,0.0,0.0,0.0,139.0,139.0,,,,,,,011111111,-00011101,155.9,70.0,88.9,22.2,1.0,9.0,1.0,248.1
140,WAB,Rail Equipment,65.0,88.1,1.1,1.0,5.1,0.3,8.0,14.0,32.5,66.4,94.7,65.0,82.8,-63.6,1.2,36.8,6.8,206.0,153.0,153.0,160.0,160.0,0.0,0.0,140.0,140.0,0,-0.2120906761035224,STRONG_UP,OVEREXTENDED,NEUTRAL,S0_NEUTRAL,,,,,153.0,153.0,160.0,160.0,0.0,0.0,,0.0,0.0,0.0,0.0,140.0,140.0,,,,,,,111111111,000011111,173.6,30.0,111.1,44.4,2.0,9.0,1.0,248.0
141,MELI,Internet Retail,109.0,21.3,2.6,5.0,-5.0,-8.7,-16.0,-29.5,-39.2,-37.7,-39.7,109.0,549.4,-11.6,1.4,1110.7,887.7,250.0,129.0,129.0,133.0,133.0,0.0,0.0,141.0,141.0,30,-175.71447095146505,EARLY_UP,MID_RANGE,MOMENTUM_UP,S2_EARLY_BREAKOUT,,,,,129.0,129.0,133.0,133.0,0.0,0.0,,0.0,0.0,0.0,0.0,141.0,141.0,,,,,,,100000001,111100110,106.9,70.0,133.3,66.7,3.0,9.0,1.0,243.6
142,INSM,Biotechnology,183.4,35.2,4.9,10.5,-11.1,-26.9,-36.1,-30.4,76.0,151.8,154.1,183.4,673.7,-82.7,1.3,938.6,334.0,324.4,95.0,95.0,97.0,97.0,0.0,0.0,142.0,142.0,3,-69.3781845714235,EARLY_UP,MID_RANGE,NEUTRAL,S0_NEUTRAL,,,,,95.0,95.0,97.0,97.0,0.0,0.0,,0.0,0.0,0.0,0.0,142.0,142.0,,,,,,,100001111,000000111,106.89999999999999,70.0,66.7,66.7,3.0,9.0,1.0,243.6
143,ETH-USD,Cryptocurrency,85.3,9.4,-0.9,-4.2,-24.8,-28.2,-36.2,-50.6,-70.8,-86.4,30.4,85.3,1484.0,-71.9,1.7,3701.0,4045.4,192.6,164.0,164.0,143.0,143.0,0.0,0.0,143.0,143.0,-35,584.229427535241,STRONG_DOWN,LOWER,MOMENTUM_DOWN,S5_TRASH,,,,,164.0,164.0,143.0,143.0,0.0,0.0,,0.0,0.0,0.0,0.0,143.0,143.0,,,,,,,000000011,--1110010,95.3,30.0,114.3,114.3,4.0,7.0,1.0,239.6
144,CF,Fertilizers & Agricultural Chemicals,57.3,41.0,5.2,5.3,-8.9,-11.6,3.4,6.5,2.2,-5.0,32.0,57.3,221.2,-55.7,1.6,110.8,46.1,198.3,161.0,161.0,168.0,168.0,0.0,0.0,144.0,144.0,45,-8.122631545350806,STRONG_DOWN,MID_RANGE,MOMENTUM_UP,S4_BOTTOMING,,,,,161.0,161.0,168.0,168.0,0.0,0.0,,0.0,0.0,0.0,0.0,144.0,144.0,,,,,,,100111011,100111001,140.3,30.0,111.1,66.7,3.0,9.0,1.0,237.0
145,CRH,Building Materials,76.5,63.4,4.9,3.6,2.6,-3.2,-8.1,-7.7,4.6,42.4,64.8,76.5,147.4,-45.2,1.2,150.4,51.8,217.5,146.0,146.0,151.0,151.0,0.0,0.0,145.0,145.0,18,-10.140754500812761,STRONG_UP,UPPER_RANGE,NEUTRAL,S0_NEUTRAL,,,,,146.0,146.0,151.0,151.0,0.0,0.0,,0.0,0.0,0.0,0.0,145.0,145.0,,,,,,,110001111,000101111,140.3,30.0,111.1,66.7,3.0,9.0,1.0,237.0
146,FSLR,Solar Energy,80.3,41.1,-5.8,-4.6,-2.7,4.5,-1.9,3.2,-7.0,12.4,48.0,80.3,269.7,-51.3,1.6,156.9,95.3,221.3,144.0,144.0,149.0,149.0,0.0,0.0,146.0,146.0,-19,20.516956970369037,EARLY_DOWN,MID_RANGE,MOMENTUM_DOWN,S5_TRASH,,,,,144.0,144.0,149.0,149.0,0.0,0.0,,0.0,0.0,0.0,0.0,146.0,146.0,,,,,,,001010111,011011101,140.3,30.0,133.3,66.7,3.0,9.0,1.0,237.0
147,WMT,Hypermarkets & Super Centers,81.7,60.9,1.3,1.3,-4.2,-10.7,-8.1,-3.2,22.7,44.1,47.3,81.7,152.9,-28.0,1.2,149.0,40.6,222.7,141.0,141.0,146.0,146.0,0.0,0.0,147.0,147.0,4,0.6115496815206996,STRONG_DOWN,UPPER_RANGE,MOMENTUM_DOWN,S5_TRASH,,,,,141.0,141.0,146.0,146.0,0.0,0.0,,0.0,0.0,0.0,0.0,147.0,147.0,,,,,,,100001111,110010111,140.3,30.0,133.3,66.7,3.0,9.0,1.0,237.0
148,AXP,Consumer Finance,67.6,62.6,5.6,3.3,8.9,5.8,-1.7,-4.3,10.5,21.7,39.6,67.6,125.3,-28.1,1.3,122.5,43.3,208.6,150.0,150.0,157.0,157.0,0.0,0.0,148.0,148.0,-9,-9.70929556579594,STRONG_UP,UPPER_RANGE,NEUTRAL,S0_NEUTRAL,,,,,150.0,150.0,157.0,157.0,0.0,0.0,,0.0,0.0,0.0,0.0,148.0,148.0,,,,,,,111001111,110001111,162.5,30.0,133.3,44.4,2.0,9.0,1.0,236.9
149,DHI,Residential Construction,74.5,42.5,9.8,8.0,13.4,8.3,6.8,3.2,-14.7,-2.1,16.8,74.5,205.9,-22.5,1.5,149.7,118.4,215.5,147.0,147.0,153.0,153.0,0.0,0.0,149.0,149.0,27,-64.93671959380649,STRONG_UP,MID_RANGE,MOMENTUM_UP,S1_LEADER,,,,,147.0,147.0,153.0,153.0,0.0,0.0,,0.0,0.0,0.0,0.0,149.0,149.0,,,,,,,111110011,011111100,162.5,30.0,133.3,44.4,2.0,9.0,1.0,236.9
150,KMI,Oil & Gas Midstream,76.6,76.5,12.2,7.7,6.2,-1.1,4.3,5.8,23.5,44.9,73.9,76.6,118.9,-59.1,1.2,80.7,20.3,217.6,145.0,145.0,150.0,150.0,0.0,0.0,150.0,150.0,36,-7.893509605077572,EARLY_UP,UPPER_RANGE,MOMENTUM_UP,S2_EARLY_BREAKOUT,,,,,145.0,145.0,150.0,150.0,0.0,0.0,,0.0,0.0,0.0,0.0,150.0,150.0,,,,,,,110111111,000011111,162.5,30.0,111.1,44.4,2.0,9.0,1.0,236.9
151,AJG,Insurance Brokers,8.7,16.9,7.8,8.2,10.5,1.8,-6.0,-21.0,-44.2,-44.7,-33.7,8.7,215.4,-33.0,2.1,529.4,619.8,149.7,205.0,205.0,215.0,215.0,0.0,0.0,151.0,151.0,49,-646.5308938825315,STRONG_UP,LOWER,MOMENTUM_UP,S0_NEUTRAL,,,,,205.0,205.0,215.0,215.0,0.0,0.0,,0.0,0.0,0.0,0.0,151.0,151.0,,,,,,,111000001,111111100,140.2,30.0,155.6,66.7,3.0,9.0,1.0,236.9
152,ORLY,Auto Parts,52.7,50.1,7.5,5.7,-0.6,-6.5,-9.7,-15.9,-20.4,-9.5,11.5,52.7,154.4,-48.4,1.3,204.2,95.1,193.7,163.0,163.0,170.0,170.0,0.0,0.0,152.0,152.0,-2,-24.02012551972153,STRONG_DOWN,UPPER_RANGE,MOMENTUM_UP,S0_NEUTRAL,,,,,163.0,163.0,170.0,170.0,0.0,0.0,,0.0,0.0,0.0,0.0,152.0,152.0,,,,,,,100000011,111111110,140.2,30.0,177.8,66.7,3.0,9.0,1.0,236.9
153,AMP,Asset Management,66.9,37.6,-1.5,-0.5,0.5,-4.1,-8.2,-15.4,-27.7,-21.7,13.6,66.9,218.6,-24.3,1.3,320.8,230.9,207.9,152.0,152.0,159.0,159.0,0.0,0.0,153.0,153.0,-20,10.744448819727495,STRONG_UP,MID_RANGE,MOMENTUM_DOWN,S0_NEUTRAL,,,,,152.0,152.0,159.0,159.0,0.0,0.0,,0.0,0.0,0.0,0.0,153.0,153.0,,,,,,,010000011,011111100,118.0,30.0,133.3,88.9,4.0,9.0,1.0,236.9
154,MSFT,Software,35.7,22.5,0.8,0.9,-13.0,-11.8,-18.0,-28.5,-42.6,-45.3,-41.9,35.7,201.5,-12.1,1.4,561.5,467.0,176.7,177.0,177.0,183.0,183.0,0.0,0.0,154.0,154.0,-2,-5.891472802605847,STRONG_DOWN,MID_RANGE,MOMENTUM_DOWN,S5_TRASH,,,,,177.0,177.0,183.0,183.0,0.0,0.0,,0.0,0.0,0.0,0.0,154.0,154.0,,,,,,,100000001,111111010,118.0,30.0,155.6,88.9,4.0,9.0,1.0,236.9
155,SNPS,Electronic Design Automation Software,72.2,24.4,1.8,2.3,-6.0,-1.3,-3.8,-14.7,-42.6,-44.6,-28.7,72.2,309.4,-4.1,1.7,500.0,504.4,213.2,148.0,148.0,155.0,155.0,0.0,0.0,155.0,155.0,-2,-59.211259256037806,EARLY_UP,MID_RANGE,NEUTRAL,S0_NEUTRAL,,,,,148.0,148.0,155.0,155.0,0.0,0.0,,0.0,0.0,0.0,0.0,155.0,155.0,,,,,,,100000001,111111100,118.0,30.0,155.6,88.9,4.0,9.0,1.0,236.9
156,UAL,Airlines,3.6,78.5,24.4,17.6,35.8,31.3,27.8,32.7,82.0,97.5,78.2,3.6,37.9,-119.5,1.3,-60.8,-22.0,144.6,216.0,216.0,232.0,232.0,0.0,0.0,156.0,156.0,26,25.057684325786965,STRONG_UP,UPPER_RANGE,MOMENTUM_UP,S1_LEADER,,,,,216.0,216.0,232.0,232.0,0.0,0.0,,0.0,0.0,0.0,0.0,156.0,156.0,,,,,,,111111111,100000111,162.4,30.0,88.9,44.4,2.0,9.0,1.0,236.8
157,DASH,Internet Retail,4.4,23.8,9.5,8.1,9.0,6.5,-4.9,-21.0,1.0,14.0,,4.4,94.7,-64.4,1.6,0.0,76.9,64.9,384.0,384.0,230.0,230.0,0.0,0.0,157.0,157.0,53,-78.11812198405013,STRONG_UP,MID_RANGE,MOMENTUM_UP,S1_LEADER,,,,,384.0,384.0,230.0,230.0,0.0,0.0,,0.0,0.0,0.0,0.0,157.0,157.0,,,,,,,1110011-1,-----0110,137.0,30.0,100.0,66.7,2.0,4.0,0.667,233.7
158,005380.KS,Automobiles,132.0,49.3,-24.5,-19.0,-21.2,-22.3,5.8,54.1,85.8,99.4,128.0,132.0,331.7,-61.2,2.2,92.4,-16.7,273.0,115.0,115.0,118.0,118.0,0.0,0.0,158.0,158.0,-14,-7.983309558223773,STRONG_DOWN,MID_RANGE,MOMENTUM_DOWN,S5_TRASH,,,,,115.0,115.0,118.0,118.0,0.0,0.0,,0.0,0.0,0.0,0.0,158.0,158.0,,,,,,,000111111,001110011,140.3,70.0,111.1,22.2,1.0,9.0,1.0,232.5
159,AMCR,Packaging & Containers,286.6,79.1,5.7,7.3,15.4,2.0,117.1,240.2,298.5,279.1,281.2,286.6,398.6,-134.7,2.8,38.6,-24.7,427.6,68.0,68.0,70.0,70.0,0.0,0.0,159.0,159.0,-3,-24.461569824301147,STRONG_UP,UPPER_RANGE,MOMENTUM_UP,S1_LEADER,,,,,68.0,68.0,70.0,70.0,0.0,0.0,,0.0,0.0,0.0,0.0,159.0,159.0,,,,,,,111111111,000010001,140.2,70.0,44.4,22.2,1.0,9.0,1.0,232.4
160,INTC,Semiconductors,139.5,90.4,-9.6,-1.6,24.4,94.9,143.4,261.3,284.9,242.1,181.2,139.5,171.8,-158.8,2.9,-100.4,-35.9,280.5,112.0,112.0,115.0,115.0,0.0,0.0,160.0,160.0,-25,-7.699999999999999,STRONG_UP,OVEREXTENDED,NEUTRAL,S0_NEUTRAL,,,,,112.0,112.0,115.0,115.0,0.0,0.0,,0.0,0.0,0.0,0.0,160.0,160.0,,,,,,,011111111,110000001,140.2,70.0,66.7,22.2,1.0,9.0,1.0,232.4
161,COR,Biotechnology,89.1,48.9,9.1,7.9,2.5,-11.4,-17.1,-18.0,-14.3,5.2,44.2,89.1,218.4,-33.7,1.2,303.0,122.2,230.1,136.0,136.0,140.0,140.0,0.0,0.0,161.0,161.0,17,-42.556140633967075,STRONG_UP,MID_RANGE,MOMENTUM_UP,S1_LEADER,,,,,136.0,136.0,140.0,140.0,0.0,0.0,,0.0,0.0,0.0,0.0,161.0,161.0,,,,,,,110000111,00-111110,135.1,30.0,111.1,66.7,3.0,9.0,1.0,231.8
162,IRDM,Satellite Communications,-4.2,36.8,0.2,0.2,2.0,30.2,76.7,77.3,21.6,-18.9,-36.4,-4.2,235.3,-142.6,3.4,0.0,-95.5,136.8,230.0,230.0,247.0,247.0,0.0,0.0,162.0,162.0,-5,-3.5852018704352986,EARLY_DOWN,MID_RANGE,MOMENTUM_DOWN,S5_TRASH,,,,,230.0,230.0,247.0,247.0,0.0,0.0,,0.0,0.0,0.0,0.0,162.0,162.0,,,,,,,111111000,111110000,140.3,0.0,111.1,88.9,4.0,9.0,1.0,229.2
163,CPRT,Specialty Business Services,-59.5,4.2,3.6,3.7,-5.5,-13.9,-20.6,-34.3,-69.4,-79.5,-91.5,-59.5,215.5,-71.0,2.8,0.0,2868.2,81.5,334.0,334.0,363.0,363.0,0.0,0.0,163.0,163.0,-5,-2048.308340011603,STRONG_DOWN,LOWER,MOMENTUM_UP,S4_BOTTOMING,,,,,334.0,334.0,363.0,363.0,0.0,0.0,,0.0,0.0,0.0,0.0,163.0,163.0,,,,,,,100000000,111101100,95.80000000000001,0.0,133.3,133.3,6.0,9.0,1.0,229.1
164,AIZ,Insurance - Property & Casualty,38.4,68.4,12.3,4.4,11.6,10.8,8.8,11.6,11.3,11.8,17.0,38.4,67.4,-23.8,1.4,22.5,9.9,179.3,175.0,175.0,181.0,181.0,0.0,0.0,164.0,164.0,-4,-4.357765605859045,STRONG_UP,UPPER_RANGE,MOMENTUM_DOWN,S0_NEUTRAL,,,,,175.0,175.0,181.0,181.0,0.0,0.0,,0.0,0.0,0.0,0.0,164.0,164.0,,,,,,,111111111,011101111,195.8,30.0,155.6,0.0,0.0,9.0,1.0,225.8
165,MAR,Lodging,61.2,87.4,-6.8,-2.2,5.0,4.4,9.5,18.5,20.9,38.4,54.6,61.2,77.5,-49.0,1.4,24.7,5.3,202.2,155.0,155.0,162.0,162.0,0.0,0.0,165.0,165.0,-17,0.9525588865064254,EARLY_DOWN,OVEREXTENDED,MOMENTUM_DOWN,S5_TRASH,,,,,155.0,155.0,162.0,162.0,0.0,0.0,,0.0,0.0,0.0,0.0,165.0,165.0,,,,,,,011111111,110001111,173.60000000000002,30.0,133.3,22.2,1.0,9.0,1.0,225.8
166,TXN,Semiconductors,83.0,74.3,-24.3,-9.0,0.8,16.0,31.1,37.9,31.9,23.8,31.1,83.0,130.7,-54.4,2.4,12.4,4.1,224.0,140.0,140.0,145.0,145.0,0.0,0.0,166.0,166.0,-46,1.8808462581777134,STRONG_UP,UPPER_RANGE,MOMENTUM_DOWN,S0_NEUTRAL,,,,,140.0,140.0,145.0,145.0,0.0,0.0,,0.0,0.0,0.0,0.0,166.0,166.0,,,,,,,011111111,111110001,173.60000000000002,30.0,133.3,22.2,1.0,9.0,1.0,225.8
167,ETR,Electric Utilities,50.0,83.4,13.7,6.9,6.3,1.4,8.1,12.5,47.9,52.8,45.8,50.0,72.9,-62.1,1.2,26.3,-1.5,191.0,166.0,166.0,172.0,172.0,0.0,0.0,167.0,167.0,18,1.1765324412905804,EARLY_UP,OVEREXTENDED,MOMENTUM_UP,S0_NEUTRAL,,,,,166.0,166.0,172.0,172.0,0.0,0.0,,0.0,0.0,0.0,0.0,167.0,167.0,,,,,,,111111111,110000111,173.6,30.0,111.1,22.2,1.0,9.0,1.0,225.8
168,PKG,Packaging & Containers,44.8,65.2,18.4,8.1,11.2,6.3,8.1,8.0,5.2,15.7,30.0,44.8,85.1,-30.1,1.3,40.8,23.2,185.8,170.0,170.0,177.0,177.0,0.0,0.0,168.0,168.0,56,-19.357956892303125,STRONG_UP,UPPER_RANGE,MOMENTUM_UP,S1_LEADER,,,,,170.0,170.0,177.0,177.0,0.0,0.0,,0.0,0.0,0.0,0.0,168.0,168.0,,,,,,,111111111,100011101,173.6,30.0,111.1,22.2,1.0,9.0,1.0,225.8
169,PM,Tobacco,35.1,74.4,8.1,3.9,8.0,2.8,3.8,2.9,31.9,39.7,55.9,35.1,67.0,-56.2,1.3,43.8,3.2,176.1,178.0,178.0,184.0,184.0,0.0,0.0,169.0,169.0,26,-0.16775836708965164,EARLY_DOWN,UPPER_RANGE,MOMENTUM_DOWN,S5_TRASH,,,,,178.0,178.0,184.0,184.0,0.0,0.0,,0.0,0.0,0.0,0.0,169.0,169.0,,,,,,,111111111,000011111,173.6,30.0,111.1,22.2,1.0,9.0,1.0,225.8
170,VTR,Healthcare REITs,12.0,79.2,27.5,11.7,6.4,2.0,4.6,11.6,32.1,38.7,37.4,12.0,33.5,-67.0,1.4,-8.8,-8.1,153.0,201.0,201.0,210.0,210.0,0.0,0.0,170.0,170.0,142,10.16695478093648,EARLY_UP,UPPER_RANGE,MOMENTUM_UP,S2_EARLY_BREAKOUT,,,,,201.0,201.0,210.0,210.0,0.0,0.0,,0.0,0.0,0.0,0.0,170.0,170.0,,,,,,,111111111,100001111,173.6,30.0,111.1,22.2,1.0,9.0,1.0,225.8
171,IBM,IT Consulting & Other Services,11.1,60.7,19.2,11.6,3.2,4.3,-4.2,-7.7,10.2,30.1,37.6,11.1,67.4,-74.9,1.3,48.2,12.0,152.1,203.0,203.0,213.0,213.0,0.0,0.0,171.0,171.0,101,-9.25902529766336,EARLY_DOWN,UPPER_RANGE,MOMENTUM_DOWN,S5_TRASH,,,,,203.0,203.0,213.0,213.0,0.0,0.0,,0.0,0.0,0.0,0.0,171.0,171.0,,,,,,,111001111,000011111,151.39999999999998,30.0,111.1,44.4,2.0,9.0,1.0,225.8
172,NTAP,Diversified Technology,81.0,69.8,-5.2,-2.0,11.8,27.3,32.9,31.4,28.4,37.7,56.9,81.0,133.6,-39.4,1.6,17.2,15.1,222.0,143.0,143.0,148.0,148.0,0.0,0.0,172.0,172.0,-18,2.024450270793002,EARLY_DOWN,UPPER_RANGE,MOMENTUM_DOWN,S5_TRASH,,,,,143.0,143.0,148.0,148.0,0.0,0.0,,0.0,0.0,0.0,0.0,172.0,172.0,,,,,,,011111111,100001101,151.3,30.0,88.9,44.4,2.0,9.0,1.0,225.7
173,XRP-USD,Cryptocurrency,13.3,7.6,-1.1,-4.4,-19.8,-25.8,-35.6,-53.3,-14.8,-6.5,29.7,13.3,898.4,-75.3,1.6,0.0,2765.7,120.5,263.0,263.0,208.0,208.0,0.0,0.0,173.0,173.0,-31,526.5234868848729,STRONG_DOWN,LOWER,MOMENTUM_DOWN,S5_TRASH,,,,,263.0,263.0,208.0,208.0,0.0,0.0,,0.0,0.0,0.0,0.0,173.0,173.0,,,,,,,000000011,--0110111,109.60000000000001,30.0,142.9,85.7,3.0,7.0,1.0,225.3
174,NVO,Biotechnology,-66.0,6.3,5.0,13.9,10.7,16.0,2.7,-13.1,-67.9,-76.9,-71.7,-66.0,389.4,-95.9,2.4,0.0,1835.4,75.0,357.0,357.0,387.0,387.0,0.0,0.0,174.0,174.0,19,-3115.183174764926,EARLY_UP,LOWER,MOMENTUM_UP,S4_BOTTOMING,,,,,357.0,357.0,387.0,387.0,0.0,0.0,,0.0,0.0,0.0,0.0,174.0,174.0,,,,,,,111100000,011111100,129.1,0.0,133.3,88.9,4.0,9.0,1.0,218.0
175,Q,Electronic Components,47.0,83.9,-5.4,-3.8,8.7,14.6,43.2,,,,,47.0,56.6,-16.0,1.4,25.6,25.6,52.3,422.0,422.0,176.0,176.0,0.0,0.0,175.0,175.0,-32,20.3,STRONG_UP,OVEREXTENDED,NEUTRAL,S0_NEUTRAL,,,,,422.0,422.0,176.0,176.0,0.0,0.0,,0.0,0.0,0.0,0.0,175.0,175.0,,,,,,,0111----1,--------1,186.0,30.0,200.0,0.0,0.0,1.0,0.167,216.0
176,ALL,Insurance - Property & Casualty,32.1,80.1,26.4,10.9,14.8,10.7,10.9,8.8,17.5,24.8,28.4,32.1,53.0,-50.7,1.4,19.8,6.9,173.1,180.0,180.0,186.0,186.0,0.0,0.0,176.0,176.0,42,-8.030888083461154,STRONG_UP,OVEREXTENDED,MOMENTUM_UP,S1_LEADER,,,,,180.0,180.0,186.0,186.0,0.0,0.0,,0.0,0.0,0.0,0.0,176.0,176.0,,,,,,,111111111,010011111,184.7,30.0,133.3,0.0,0.0,9.0,1.0,214.7
177,AME,Electronic Instruments & Controls,25.0,68.5,9.7,2.6,6.1,0.6,3.8,8.1,1.2,0.4,2.4,25.0,46.1,-21.9,2.0,10.0,4.0,166.0,184.0,184.0,191.0,191.0,0.0,0.0,177.0,177.0,28,-1.7637352598737728,STRONG_UP,UPPER_RANGE,NEUTRAL,S0_NEUTRAL,,,,,184.0,184.0,191.0,191.0,0.0,0.0,,0.0,0.0,0.0,0.0,177.0,177.0,,,,,,,111111111,111111000,184.7,30.0,133.3,0.0,0.0,9.0,1.0,214.7
178,CCEP,Beverages - Non-Alcoholic,14.2,65.3,16.9,7.4,11.9,2.1,3.0,2.0,9.6,21.7,21.8,14.2,51.9,-55.5,1.3,17.8,1.3,155.1,197.0,197.0,205.0,205.0,0.0,0.0,178.0,178.0,129,-0.6143300820116329,STRONG_UP,UPPER_RANGE,MOMENTUM_UP,S1_LEADER,,,,,197.0,197.0,205.0,205.0,0.0,0.0,,0.0,0.0,0.0,0.0,178.0,178.0,,,,,,,111111111,110001111,184.7,30.0,133.3,0.0,0.0,9.0,1.0,214.7
179,QQQ,Asset Management,81.7,90.5,-9.5,-2.0,1.3,5.6,6.6,8.0,13.6,21.8,31.6,81.7,90.8,-4.6,1.2,61.9,13.6,222.7,141.0,141.0,146.0,146.0,0.0,0.0,179.0,179.0,-33,2.9000000000000004,EARLY_DOWN,OVEREXTENDED,MOMENTUM_DOWN,S5_TRASH,,,,,141.0,141.0,146.0,146.0,0.0,0.0,,0.0,0.0,0.0,0.0,179.0,179.0,,,,,,,011111111,111100111,184.7,30.0,155.6,0.0,0.0,9.0,1.0,214.7
180,AFL,Insurance - Life,20.2,60.3,14.1,6.6,8.4,4.1,3.7,2.2,-3.5,9.1,22.7,20.2,67.0,-50.0,1.4,35.6,20.8,161.2,187.0,187.0,193.0,193.0,0.0,0.0,180.0,180.0,42,-11.614982365232972,STRONG_UP,UPPER_RANGE,MOMENTUM_UP,S1_LEADER,,,,,187.0,187.0,193.0,193.0,0.0,0.0,,0.0,0.0,0.0,0.0,180.0,180.0,,,,,,,111110111,110011100,162.5,30.0,111.1,22.2,1.0,9.0,1.0,214.7
181,AZO,Auto Parts,11.6,31.1,6.0,4.7,-3.3,-12.4,-16.2,-24.8,-34.9,-33.9,-18.1,11.6,146.3,-48.7,1.3,282.0,192.2,152.6,202.0,202.0,211.0,211.0,0.0,0.0,181.0,181.0,31,-61.15798885360417,STRONG_DOWN,MID_RANGE,MOMENTUM_UP,S4_BOTTOMING,,,,,202.0,202.0,211.0,211.0,0.0,0.0,,0.0,0.0,0.0,0.0,181.0,181.0,,,,,,,100000001,111111100,118.0,30.0,155.6,66.7,3.0,9.0,1.0,214.7
182,BKR,Oil & Gas Equipment & Services,20.3,62.4,-1.3,-0.6,-12.7,-15.4,-6.0,4.8,14.2,32.1,69.3,20.3,84.9,-85.4,1.3,20.9,-3.7,161.3,186.0,186.0,192.0,192.0,0.0,0.0,182.0,182.0,-20,0.023041749667637834,STRONG_DOWN,UPPER_RANGE,MOMENTUM_DOWN,S5_TRASH,,,,,186.0,186.0,192.0,192.0,0.0,0.0,,0.0,0.0,0.0,0.0,182.0,182.0,,,,,,,000011111,000011101,118.0,30.0,88.9,66.7,3.0,9.0,1.0,214.7
183,MSI,Public Safety Technology,49.0,30.8,6.2,4.5,-3.5,-12.0,-7.8,-14.3,-25.2,-18.8,-6.7,49.0,183.0,-10.2,1.4,307.9,250.8,190.0,167.0,167.0,173.0,173.0,0.0,0.0,183.0,183.0,-11,-77.366479641316,STRONG_DOWN,MID_RANGE,MOMENTUM_DOWN,S5_TRASH,,,,,167.0,167.0,173.0,173.0,0.0,0.0,,0.0,0.0,0.0,0.0,183.0,183.0,,,,,,,100000001,111111100,118.0,30.0,155.6,66.7,3.0,9.0,1.0,214.7
184,EBAY,Internet Retail,59.9,83.2,3.6,2.3,2.5,6.0,11.4,14.6,58.8,55.6,54.3,59.9,85.0,-62.2,1.3,29.5,-2.5,200.8,158.0,158.0,166.0,166.0,0.0,0.0,184.0,184.0,-10,0.668980908646021,STRONG_DOWN,OVEREXTENDED,NEUTRAL,S0_NEUTRAL,,,,,158.0,158.0,166.0,166.0,0.0,0.0,,0.0,0.0,0.0,0.0,184.0,184.0,,,,,,,111111111,000110011,162.4,30.0,88.9,22.2,1.0,9.0,1.0,214.6
185,STT,Custody Banks & Asset Management,63.8,94.0,-0.1,2.5,9.3,15.7,21.3,31.4,66.1,75.3,88.8,63.8,72.3,-60.4,1.5,-3.0,-6.7,204.8,154.0,154.0,161.0,161.0,0.0,0.0,185.0,185.0,-10,0.01706645651385763,STRONG_UP,OVEREXTENDED,MOMENTUM_DOWN,S3_LATE_EXHAUSTION,,,,,154.0,154.0,161.0,161.0,0.0,0.0,,0.0,0.0,0.0,0.0,185.0,185.0,,,,,,,111111111,000011011,162.4,30.0,88.9,22.2,1.0,9.0,1.0,214.6
186,PCAR,Farm & Heavy Construction Machinery,50.6,60.2,6.8,4.0,8.6,-0.3,1.4,7.6,0.0,24.0,34.5,50.6,112.5,-42.1,1.4,60.1,28.4,191.6,165.0,165.0,171.0,171.0,0.0,0.0,186.0,186.0,2,-7.129841818900971,STRONG_UP,UPPER_RANGE,MOMENTUM_DOWN,S0_NEUTRAL,,,,,165.0,165.0,171.0,171.0,0.0,0.0,,0.0,0.0,0.0,0.0,186.0,186.0,,,,,,,110110111,000011110,140.2,30.0,88.9,44.4,2.0,9.0,1.0,214.6
187,SATS,Communication,112.8,61.9,-8.7,-8.2,-20.9,-23.5,-15.0,66.7,275.8,272.9,217.0,112.8,272.6,-145.8,1.6,87.9,-43.1,253.8,123.0,123.0,126.0,126.0,0.0,0.0,187.0,187.0,-22,-37.6337911685479,STRONG_DOWN,UPPER_RANGE,MOMENTUM_DOWN,S5_TRASH,,,,,123.0,123.0,126.0,126.0,0.0,0.0,,0.0,0.0,0.0,0.0,187.0,187.0,,,,,,,000011111,000000011,95.8,70.0,44.4,44.4,2.0,9.0,1.0,210.2
188,XYZ,Financials,-57.0,6.0,1.5,6.7,6.7,12.2,14.0,4.5,-17.0,-53.3,-87.0,-57.0,807.1,-111.5,1.7,0.0,-487.7,84.0,333.0,333.0,361.0,361.0,0.0,0.0,188.0,188.0,6,164.59443024861645,STRONG_UP,LOWER,MOMENTUM_UP,S0_NEUTRAL,,,,,333.0,333.0,361.0,361.0,0.0,0.0,,0.0,0.0,0.0,0.0,188.0,188.0,,,,,,,111110000,111100000,118.0,0.0,88.9,88.9,4.0,9.0,1.0,206.9
189,DXCM,Healthcare,-65.6,7.5,0.1,-0.6,5.4,0.3,-0.9,-9.5,-50.7,-79.2,-97.6,-65.6,399.3,-102.9,1.9,0.0,146.2,75.3,355.0,355.0,384.0,384.0,0.0,0.0,189.0,189.0,-22,-24.38255307758169,EARLY_DOWN,LOWER,MOMENTUM_DOWN,S5_TRASH,,,,,355.0,355.0,384.0,384.0,0.0,0.0,,0.0,0.0,0.0,0.0,189.0,189.0,,,,,,,011000000,111110000,95.8,0.0,111.1,111.1,5.0,9.0,1.0,206.9
190,FAST,Industrial Distribution,60.5,59.8,10.5,5.2,7.3,0.1,3.6,-1.8,2.0,6.8,16.4,60.5,108.3,-24.4,1.4,101.4,35.6,201.5,157.0,157.0,165.0,165.0,0.0,0.0,190.0,190.0,42,-13.135906433512815,STRONG_UP,UPPER_RANGE,MOMENTUM_UP,S1_LEADER,,,,,157.0,157.0,165.0,165.0,0.0,0.0,,0.0,0.0,0.0,0.0,190.0,190.0,,,,,,,111101111,011111010,173.60000000000002,30.0,133.3,0.0,0.0,9.0,1.0,203.6
191,COF,Diversified Banks,11.0,44.1,6.6,3.8,9.8,4.2,-4.7,-10.8,2.1,3.5,18.6,11.0,92.5,-52.5,1.4,86.7,36.7,152.0,204.0,204.0,214.0,214.0,0.0,0.0,191.0,191.0,16,-12.9282224724086,STRONG_UP,MID_RANGE,NEUTRAL,S0_NEUTRAL,,,,,204.0,204.0,214.0,214.0,0.0,0.0,,0.0,0.0,0.0,0.0,191.0,191.0,,,,,,,111001111,000101111,151.39999999999998,30.0,111.1,22.2,1.0,9.0,1.0,203.6
192,FER,Infrastructure,43.8,71.3,2.0,1.4,2.2,-4.8,-3.8,3.6,29.8,52.8,48.9,43.8,84.6,-59.5,1.2,45.3,0.3,184.8,171.0,171.0,178.0,178.0,0.0,0.0,192.0,192.0,-22,0.3,STRONG_UP,UPPER_RANGE,NEUTRAL,S0_NEUTRAL,,,,,171.0,171.0,178.0,178.0,0.0,0.0,,0.0,0.0,0.0,0.0,192.0,192.0,,,,,,,110011111,010001111,151.39999999999998,30.0,111.1,22.2,1.0,9.0,1.0,203.6
193,SO,Electric Utilities,60.6,63.3,12.4,7.0,6.2,-1.3,0.6,-4.1,-8.0,-1.3,12.1,60.6,116.9,-35.5,1.3,115.8,48.6,201.6,156.0,156.0,164.0,164.0,0.0,0.0,193.0,193.0,41,-22.551574172814334,STRONG_UP,UPPER_RANGE,MOMENTUM_UP,S1_LEADER,,,,,156.0,156.0,164.0,164.0,0.0,0.0,,0.0,0.0,0.0,0.0,193.0,193.0,,,,,,,110100011,011111101,151.39999999999998,30.0,155.6,22.2,1.0,9.0,1.0,203.6
194,WRB,Property & Casualty Insurance,48.8,50.0,18.3,8.7,11.3,3.9,0.4,-6.4,-3.0,5.6,17.0,48.8,107.3,-27.7,1.4,119.6,54.0,189.8,168.0,168.0,174.0,174.0,0.0,0.0,194.0,194.0,41,-53.6374121443328,STRONG_UP,UPPER_RANGE,MOMENTUM_UP,S1_LEADER,,,,,168.0,168.0,174.0,174.0,0.0,0.0,,0.0,0.0,0.0,0.0,194.0,194.0,,,,,,,111100111,110011100,151.39999999999998,30.0,111.1,22.2,1.0,9.0,1.0,203.6
195,CFG,Banks - Regional,17.4,75.2,15.7,7.5,13.9,10.9,12.5,22.8,58.2,42.4,43.5,17.4,47.4,-71.4,1.6,-32.5,-17.6,158.4,193.0,193.0,199.0,199.0,0.0,0.0,195.0,195.0,33,10.287831667149135,STRONG_UP,UPPER_RANGE,MOMENTUM_UP,S1_LEADER,,,,,193.0,193.0,199.0,199.0,0.0,0.0,,0.0,0.0,0.0,0.0,195.0,195.0,,,,,,,111111111,100010001,151.3,30.0,66.7,22.2,1.0,9.0,1.0,203.5
196,CSCO,Communications Equipment,87.0,80.5,-5.3,-2.2,10.2,23.0,31.3,43.6,75.5,77.8,76.5,87.0,125.0,-66.9,1.6,-0.1,-11.1,228.0,139.0,139.0,142.0,142.0,0.0,0.0,196.0,196.0,-23,-1.3228324525550441,EARLY_DOWN,OVEREXTENDED,MOMENTUM_DOWN,S5_TRASH,,,,,139.0,139.0,142.0,142.0,0.0,0.0,,0.0,0.0,0.0,0.0,196.0,196.0,,,,,,,011111111,110000011,151.3,30.0,88.9,22.2,1.0,9.0,1.0,203.5
197,FFIV,Enterprise Technology,3.4,79.3,10.7,4.9,12.2,21.4,32.7,26.1,46.4,44.2,37.2,3.4,27.0,-84.3,1.4,-42.5,-15.4,144.4,218.0,218.0,234.0,234.0,0.0,0.0,197.0,197.0,59,4.9846343334266425,EARLY_DOWN,UPPER_RANGE,MOMENTUM_DOWN,S5_TRASH,,,,,218.0,218.0,234.0,234.0,0.0,0.0,,0.0,0.0,0.0,0.0,197.0,197.0,,,,,,,111111111,100010001,151.3,30.0,66.7,22.2,1.0,9.0,1.0,203.5
198,MO,Tobacco,13.6,90.2,24.7,9.4,4.6,2.8,10.0,11.4,33.8,39.6,49.5,13.6,23.0,-68.4,1.3,-7.6,-6.2,154.6,199.0,199.0,207.0,207.0,0.0,0.0,198.0,198.0,148,5.9467259918550885,EARLY_UP,OVEREXTENDED,MOMENTUM_UP,S0_NEUTRAL,,,,,199.0,199.0,207.0,207.0,0.0,0.0,,0.0,0.0,0.0,0.0,198.0,198.0,,,,,,,111111111,000010101,151.3,30.0,66.7,22.2,1.0,9.0,1.0,203.5
199,VRTX,Biotechnology,4.0,41.0,16.9,11.4,15.3,5.5,4.4,2.1,-18.9,-8.4,-15.0,4.0,96.1,-59.6,1.9,20.7,47.0,145.0,215.0,215.0,231.0,231.0,0.0,0.0,199.0,199.0,75,-46.5454929488518,STRONG_UP,MID_RANGE,MOMENTUM_UP,S1_LEADER,,,,,215.0,215.0,231.0,231.0,0.0,0.0,,0.0,0.0,0.0,0.0,199.0,199.0,,,,,,,111110001,110001100,129.1,30.0,88.9,44.4,2.0,9.0,1.0,203.5
200,CEG,Electric Utilities,75.2,25.7,-0.9,-1.1,-6.1,-13.7,-18.8,-26.3,6.9,,,75.2,236.9,0.0,1.3,541.3,384.0,127.9,244.0,244.0,152.0,152.0,0.0,0.0,200.0,200.0,-41,2.0743046674824086,EARLY_UP,MID_RANGE,NEUTRAL,S0_NEUTRAL,,,,,244.0,244.0,152.0,152.0,0.0,0.0,,0.0,0.0,0.0,0.0,200.0,200.0,,,,,,,000001--1,------110,105.30000000000001,30.0,133.3,66.7,2.0,3.0,0.5,202.0
201,NOW,Software,-28.4,7.1,3.3,6.1,-8.5,-12.2,-22.9,-41.5,-67.6,-76.4,-88.4,-28.4,347.6,-56.8,1.8,0.0,2711.0,112.6,277.0,277.0,294.0,294.0,0.0,0.0,201.0,201.0,-11,-2092.632710055411,STRONG_DOWN,LOWER,MOMENTUM_DOWN,S5_TRASH,,,,,277.0,277.0,294.0,294.0,0.0,0.0,,0.0,0.0,0.0,0.0,201.0,201.0,,,,,,,100000000,1111001-0,90.6,0.0,111.1,111.1,5.0,9.0,1.0,201.7
202,LINK-USD,Cryptocurrency,258.5,4.1,-0.2,-3.4,-18.1,-22.3,-30.4,-49.5,-73.6,-91.4,-80.5,258.5,7258.0,-53.1,1.7,18361.9,22735.9,365.8,78.0,78.0,74.0,74.0,0.0,0.0,202.0,202.0,-22,17735.9,STRONG_DOWN,LOWER,MOMENTUM_DOWN,S5_TRASH,,,,,78.0,78.0,74.0,74.0,0.0,0.0,,0.0,0.0,0.0,0.0,202.0,202.0,,,,,,,000000001,--1100010,70.0,70.0,85.7,57.1,2.0,7.0,1.0,197.1
203,CMG,Restaurants,-34.3,11.2,3.2,5.2,6.5,-3.2,-8.5,-21.4,-60.3,-69.5,-73.5,-34.3,293.4,-75.0,2.0,0.0,1060.7,106.7,292.0,292.0,313.0,313.0,0.0,0.0,203.0,203.0,-11,-523.7552812726697,EARLY_UP,LOWER,MOMENTUM_UP,S4_BOTTOMING,,,,,292.0,292.0,313.0,313.0,0.0,0.0,,0.0,0.0,0.0,0.0,203.0,203.0,,,,,,,110000000,011111100,106.9,0.0,133.3,88.9,4.0,9.0,1.0,195.8
204,MOH,Unknown,-110.6,8.3,0.4,-1.4,-11.2,-9.8,-13.6,-34.1,-72.7,-91.0,-105.8,-110.6,210.5,-139.2,2.3,0.0,488.6690467440614,1.9,537.0,537.0,507.0,507.0,0.0,0.0,204.0,204.0,-23,0.0,STRONG_DOWN,LOWER,MOMENTUM_DOWN,S5_TRASH,,,,,537.0,537.0,507.0,507.0,0.0,0.0,,0.0,0.0,0.0,0.0,204.0,204.0,6981766450.6,6.982,527.0,other,equity,data_raw,000000000,111111000,84.7,0.0,133.3,111.1,5.0,9.0,1.0,195.8
205,ZBRA,Technology,-98.6,6.0,3.8,9.2,7.1,7.6,3.0,-13.1,-44.9,-74.7,-98.5,-98.6,273.4,-121.9,2.2,0.0,-312.0,42.4,449.0,449.0,480.0,480.0,0.0,0.0,205.0,205.0,12,541.6258609650263,EARLY_UP,LOWER,MOMENTUM_UP,S4_BOTTOMING,,,,,449.0,449.0,480.0,480.0,0.0,0.0,,0.0,0.0,0.0,0.0,205.0,205.0,,,,,,,111100000,111100000,106.8,0.0,88.9,88.9,4.0,9.0,1.0,195.7
206,CTVA,Agricultural Inputs,5.5,26.6,11.4,7.7,5.7,-0.9,5.6,5.9,5.0,-7.1,5.4,5.5,72.0,-65.1,1.6,0.0,-79.5,90.9,319.0,319.0,226.0,226.0,0.0,0.0,206.0,206.0,193,89.17957989374872,EARLY_UP,MID_RANGE,MOMENTUM_UP,S2_EARLY_BREAKOUT,,,,,319.0,319.0,226.0,226.0,0.0,0.0,,0.0,0.0,0.0,0.0,206.0,206.0,,,,,,,110111011,----10001,131.8,30.0,80.0,33.3,1.0,5.0,0.833,195.1
207,TJX,Apparel Retail,39.7,68.3,-7.4,-2.5,1.8,-5.5,-4.8,-1.5,4.2,21.9,26.9,39.7,77.3,-40.2,1.2,65.6,17.7,180.7,173.0,173.0,180.0,180.0,0.0,0.0,207.0,207.0,-39,3.9532017548865497,EARLY_DOWN,UPPER_RANGE,MOMENTUM_DOWN,S5_TRASH,,,,,173.0,173.0,180.0,180.0,0.0,0.0,,0.0,0.0,0.0,0.0,207.0,207.0,,,,,,,010001111,111011111,162.5,30.0,177.8,0.0,0.0,9.0,1.0,192.5
208,DRI,Restaurants,18.4,63.5,5.6,2.7,9.1,4.1,8.0,3.4,0.6,3.9,13.0,18.4,62.3,-57.3,1.5,28.3,8.1,159.3,190.0,190.0,196.0,196.0,0.0,0.0,208.0,208.0,12,-1.412325489726733,STRONG_UP,UPPER_RANGE,MOMENTUM_DOWN,S0_NEUTRAL,,,,,190.0,190.0,196.0,196.0,0.0,0.0,,0.0,0.0,0.0,0.0,208.0,208.0,,,,,,,111111111,100011100,162.4,30.0,88.9,0.0,0.0,9.0,1.0,192.4
209,DVA,Medical Specialities,14.1,89.0,12.3,7.0,30.1,31.5,53.9,50.2,35.3,36.9,34.5,14.1,29.9,-109.4,2.3,-55.8,-8.5,155.1,197.0,197.0,206.0,206.0,0.0,0.0,209.0,209.0,32,3.0787929637383247,STRONG_UP,OVEREXTENDED,MOMENTUM_UP,S1_LEADER,,,,,197.0,197.0,206.0,206.0,0.0,0.0,,0.0,0.0,0.0,0.0,209.0,209.0,,,,,,,111111111,001100101,162.4,30.0,88.9,0.0,0.0,9.0,1.0,192.4
210,FITB,Banks - Regional,7.2,58.4,21.7,9.4,15.2,11.7,12.9,17.1,26.9,14.1,21.2,7.2,50.1,-51.9,1.5,-38.3,-14.3,148.2,208.0,208.0,219.0,219.0,0.0,0.0,210.0,210.0,47,15.258698033981066,STRONG_UP,UPPER_RANGE,MOMENTUM_UP,S1_LEADER,,,,,208.0,208.0,219.0,219.0,0.0,0.0,,0.0,0.0,0.0,0.0,210.0,210.0,,,,,,,111111111,100110001,162.4,30.0,88.9,0.0,0.0,9.0,1.0,192.4
211,MNST,Beverages - Non-Alcoholic,19.2,86.0,17.3,8.1,17.9,15.9,16.6,25.5,28.1,24.2,22.9,19.2,35.7,-79.6,1.4,-29.9,-12.8,160.1,188.0,188.0,194.0,194.0,0.0,0.0,211.0,211.0,32,7.549728257541091,STRONG_UP,OVEREXTENDED,MOMENTUM_UP,S1_LEADER,,,,,188.0,188.0,194.0,194.0,0.0,0.0,,0.0,0.0,0.0,0.0,211.0,211.0,,,,,,,111111111,011010001,162.4,30.0,88.9,0.0,0.0,9.0,1.0,192.4
212,TRV,Property & Casualty Insurance,5.8,76.1,29.4,8.9,11.7,6.2,6.6,6.8,11.4,15.6,20.5,5.8,23.6,-48.7,1.4,-6.1,-2.8,146.8,212.0,212.0,223.0,223.0,0.0,0.0,212.0,212.0,139,4.521300252653303,STRONG_UP,UPPER_RANGE,MOMENTUM_UP,S1_LEADER,,,,,212.0,212.0,223.0,223.0,0.0,0.0,,0.0,0.0,0.0,0.0,212.0,212.0,,,,,,,111111111,000011101,162.4,30.0,88.9,0.0,0.0,9.0,1.0,192.4
213,XLI,Industrials,1.4,71.0,17.9,2.8,6.3,2.0,5.1,5.8,6.8,6.5,5.3,1.4,12.5,-24.8,1.8,-13.0,-5.6,142.4,224.0,224.0,240.0,240.0,0.0,0.0,213.0,213.0,47,4.78165517292582,STRONG_UP,UPPER_RANGE,NEUTRAL,S0_NEUTRAL,,,,,224.0,224.0,240.0,240.0,0.0,0.0,,0.0,0.0,0.0,0.0,213.0,213.0,,,,,,,111111111,100011001,162.4,30.0,88.9,0.0,0.0,9.0,1.0,192.4
214,NTRS,Custody Banks & Asset Management,1.8,81.8,7.8,3.6,7.3,11.2,15.6,22.5,64.3,49.0,36.4,1.8,22.7,-90.2,1.4,-47.1,-21.6,142.8,221.0,221.0,237.0,237.0,0.0,0.0,214.0,214.0,30,4.91620795661963,STRONG_UP,OVEREXTENDED,MOMENTUM_DOWN,S3_LATE_EXHAUSTION,,,,,221.0,221.0,237.0,237.0,0.0,0.0,,0.0,0.0,0.0,0.0,214.0,214.0,,,,,,,111111111,100000001,140.2,30.0,44.4,22.2,1.0,9.0,1.0,192.4
215,PSX,Oil & Gas Refining & Marketing,36.4,61.5,8.4,5.9,-2.3,-3.3,6.1,13.7,4.9,28.4,47.4,36.4,106.9,-74.9,1.4,14.9,7.2,177.4,176.0,176.0,182.0,182.0,0.0,0.0,215.0,215.0,10,-2.19810154282903,STRONG_DOWN,UPPER_RANGE,MOMENTUM_DOWN,S5_TRASH,,,,,176.0,176.0,182.0,182.0,0.0,0.0,,0.0,0.0,0.0,0.0,215.0,215.0,,,,,,,100111111,010011100,140.2,30.0,88.9,22.2,1.0,9.0,1.0,192.4
216,RSG,Environmental Services,35.1,27.7,13.3,8.2,7.6,-2.4,-3.4,-11.6,-20.6,-14.1,-2.2,35.1,149.9,-8.6,1.8,274.5,216.3,176.1,178.0,178.0,184.0,184.0,0.0,0.0,216.0,216.0,-8,-269.7541423554751,STRONG_UP,MID_RANGE,MOMENTUM_UP,S1_LEADER,,,,,178.0,178.0,184.0,184.0,0.0,0.0,,0.0,0.0,0.0,0.0,216.0,216.0,,,,,,,110000001,111111110,140.2,30.0,177.8,22.2,1.0,9.0,1.0,192.4
217,ALNY,Biotechnology,5.3,23.1,6.8,7.4,-0.2,-10.4,-19.7,-29.1,-12.7,-16.5,-9.7,5.3,206.0,-54.2,1.5,369.7,176.8,146.3,214.0,214.0,228.0,228.0,0.0,0.0,217.0,217.0,44,-88.91128940287769,EARLY_UP,MID_RANGE,MOMENTUM_UP,S2_EARLY_BREAKOUT,,,,,214.0,214.0,228.0,228.0,0.0,0.0,,0.0,0.0,0.0,0.0,217.0,217.0,,,,,,,100000001,110110111,118.0,30.0,155.6,44.4,2.0,9.0,1.0,192.4
218,NEM,Gold Mining,17.0,52.7,-6.0,-4.8,-9.8,-19.6,-15.8,5.0,61.7,41.0,22.8,17.0,127.4,-105.8,1.5,22.3,-40.0,158.0,195.0,195.0,201.0,201.0,0.0,0.0,218.0,218.0,-41,-5.456527586217462,STRONG_DOWN,UPPER_RANGE,MOMENTUM_DOWN,S5_TRASH,,,,,195.0,195.0,201.0,201.0,0.0,0.0,,0.0,0.0,0.0,0.0,218.0,218.0,,,,,,,000011111,001100011,118.0,30.0,88.9,44.4,2.0,9.0,1.0,192.4
219,QCOM,Semiconductors,5.6,35.5,-22.2,-13.6,-3.8,14.4,12.8,9.5,-5.1,-17.9,-20.1,5.6,125.7,-59.8,2.3,-19.2,24.2,146.5,213.0,213.0,225.0,225.0,0.0,0.0,219.0,219.0,-90,12.77325619577168,STRONG_DOWN,MID_RANGE,MOMENTUM_DOWN,S5_TRASH,,,,,213.0,213.0,225.0,225.0,0.0,0.0,,0.0,0.0,0.0,0.0,219.0,219.0,,,,,,,001110001,111110000,118.0,30.0,111.1,44.4,2.0,9.0,1.0,192.4
220,DVN,Oil & Gas E&P,1.8,26.1,1.7,2.8,-11.3,-13.7,-5.3,4.7,-21.9,-34.9,54.3,1.8,286.9,-103.1,1.4,0.0,19.4,142.7,222.0,222.0,237.0,237.0,0.0,0.0,220.0,220.0,28,13.569381981137367,STRONG_DOWN,MID_RANGE,NEUTRAL,S5_TRASH,,,,,222.0,222.0,237.0,237.0,0.0,0.0,,0.0,0.0,0.0,0.0,220.0,220.0,,,,,,,100010011,000111000,95.69999999999999,30.0,66.7,66.7,3.0,9.0,1.0,192.4
221,RTX,Aerospace & Defense,27.1,65.4,7.4,3.9,10.2,-1.2,-1.6,3.7,38.5,43.1,49.1,27.1,73.4,-59.3,1.2,26.4,-8.1,168.1,183.0,183.0,189.0,189.0,0.0,0.0,221.0,221.0,-22,-4.446849765383615,STRONG_UP,UPPER_RANGE,MOMENTUM_UP,S1_LEADER,,,,,183.0,183.0,189.0,189.0,0.0,0.0,,0.0,0.0,0.0,0.0,221.0,221.0,,,,,,,110011111,00001--11,136.7,30.0,66.7,22.2,1.0,9.0,1.0,188.9
222,CVNA,Auto & Truck Dealerships,-53.6,4.9,-0.4,-3.7,-46.5,-67.9,-77.7,-86.8,-62.9,-0.7,-56.0,-53.6,1079.9,-122.9,1.3,0.0,9891.6,63.1,390.0,390.0,353.0,353.0,0.0,0.0,222.0,222.0,-56,4891.6,STRONG_DOWN,LOWER,NEUTRAL,S5_TRASH,,,,,390.0,390.0,353.0,353.0,0.0,0.0,,0.0,0.0,0.0,0.0,222.0,222.0,,,,,,,000000000,--1100110,73.1,0.0,114.3,114.3,4.0,7.0,1.0,187.4
223,MSCI,Financial Index & Analytics,42.9,17.2,-2.3,-1.9,-8.4,-8.5,-8.9,-11.6,-28.7,-44.9,-47.5,42.9,285.4,-7.2,1.3,424.8,417.6,183.9,172.0,172.0,179.0,179.0,0.0,0.0,223.0,223.0,-32,71.02713839657378,STRONG_DOWN,LOWER,MOMENTUM_DOWN,S5_TRASH,,,,,172.0,172.0,179.0,179.0,0.0,0.0,,0.0,0.0,0.0,0.0,223.0,223.0,,,,,,,000000001,11111-000,90.6,30.0,111.1,66.7,3.0,9.0,1.0,187.3
224,META,Internet Content & Information,17.5,41.7,-2.3,-2.1,-7.6,-13.2,-18.0,-26.6,-20.9,22.7,14.6,17.5,170.6,-91.5,1.3,235.1,133.0,158.5,192.0,192.0,198.0,198.0,0.0,0.0,224.0,224.0,-45,10.785805018226156,STRONG_DOWN,MID_RANGE,MOMENTUM_DOWN,S5_TRASH,,,,,192.0,192.0,198.0,198.0,0.0,0.0,,0.0,0.0,0.0,0.0,224.0,224.0,,,,,,,000000111,0-1101110,112.8,30.0,111.1,44.4,2.0,9.0,1.0,187.2
225,TGT,Discount Stores,-76.7,18.0,6.0,10.0,13.1,12.7,24.2,30.1,-11.7,-48.0,-68.4,-76.7,164.8,-129.4,2.8,0.0,-291.0,64.2,386.0,386.0,417.0,417.0,0.0,0.0,225.0,225.0,-23,166.9474432164971,STRONG_UP,LOWER,MOMENTUM_UP,S0_NEUTRAL,,,,,386.0,386.0,417.0,417.0,0.0,0.0,,0.0,0.0,0.0,0.0,225.0,225.0,,,,,,,111110000,011110000,118.0,0.0,88.9,66.7,3.0,9.0,1.0,184.7
226,PNC,Banking,2.2,64.7,23.0,8.2,13.5,11.0,11.9,14.4,23.2,13.3,14.7,2.2,32.0,-51.9,1.5,-35.1,-12.0,143.2,220.0,220.0,236.0,236.0,0.0,0.0,226.0,226.0,51,12.884715593946435,STRONG_UP,UPPER_RANGE,MOMENTUM_UP,S1_LEADER,,,,,220.0,220.0,236.0,236.0,0.0,0.0,,0.0,0.0,0.0,0.0,226.0,226.0,,,,,,,111111111,-00110001,154.5,30.0,66.7,0.0,0.0,9.0,1.0,184.5
227,MRNA,Healthcare,-45.8,5.5,0.8,7.8,48.5,34.9,68.4,99.1,6.1,-55.9,-52.0,-45.8,1434.6,-168.2,2.7,0.0,-1534.4,46.4,437.0,437.0,334.0,334.0,0.0,0.0,227.0,227.0,-23,272.90189986278824,STRONG_UP,LOWER,MOMENTUM_UP,S0_NEUTRAL,,,,,437.0,437.0,334.0,334.0,0.0,0.0,,0.0,0.0,0.0,0.0,227.0,227.0,,,,,,,111111000,---110000,115.0,0.0,66.7,66.7,2.0,6.0,1.0,181.7
228,ROST,Apparel Retail,2.6,66.1,-15.8,-5.8,-4.4,-6.3,1.3,16.7,16.3,23.8,8.9,2.6,37.2,-63.8,2.1,-32.9,-16.5,143.5,219.0,219.0,235.0,235.0,0.0,0.0,228.0,228.0,-44,-6.307954346761884,EARLY_DOWN,UPPER_RANGE,MOMENTUM_DOWN,S5_TRASH,,,,,219.0,219.0,235.0,235.0,0.0,0.0,,0.0,0.0,0.0,0.0,228.0,228.0,,,,,,,000111111,111001101,151.4,30.0,133.3,0.0,0.0,9.0,1.0,181.4
229,DOV,Diversified Machinery,18.3,57.1,8.8,3.7,6.2,1.4,5.9,10.4,2.2,-5.5,-5.5,18.3,62.8,-40.4,2.0,1.9,7.9,159.3,190.0,190.0,197.0,197.0,0.0,0.0,229.0,229.0,-10,-3.434148998224167,STRONG_UP,UPPER_RANGE,NEUTRAL,S0_NEUTRAL,,,,,190.0,190.0,197.0,197.0,0.0,0.0,,0.0,0.0,0.0,0.0,229.0,229.0,,,,,,,111111001,111100001,151.39999999999998,30.0,111.1,0.0,0.0,9.0,1.0,181.4
230,NFLX,Broadcasting & Cable TV,12.4,25.1,-1.7,-2.0,-15.5,-23.6,-25.6,-38.4,-28.9,-4.4,-23.4,12.4,279.9,-76.6,1.4,601.0,387.0,153.4,200.0,200.0,209.0,209.0,0.0,0.0,230.0,230.0,-34,46.41504789666976,STRONG_DOWN,MID_RANGE,MOMENTUM_DOWN,S5_TRASH,,,,,200.0,200.0,209.0,209.0,0.0,0.0,,0.0,0.0,0.0,0.0,230.0,230.0,,,,,,,000000001,111000110,84.69999999999999,30.0,111.1,66.7,3.0,9.0,1.0,181.4
231,BAC,Diversified Banks,3.5,54.4,14.4,5.6,11.9,10.0,6.4,6.8,23.8,13.2,9.6,3.5,46.0,-47.9,1.3,-21.3,-15.1,144.5,217.0,217.0,233.0,233.0,0.0,0.0,231.0,231.0,47,10.4832196576008,STRONG_UP,UPPER_RANGE,NEUTRAL,S0_NEUTRAL,,,,,217.0,217.0,233.0,233.0,0.0,0.0,,0.0,0.0,0.0,0.0,231.0,231.0,,,,,,,111111111,100000011,151.3,30.0,66.7,0.0,0.0,9.0,1.0,181.3
232,SNA,Tools & Accessories,7.6,69.6,17.6,5.1,8.1,2.8,5.0,7.4,2.2,9.3,23.0,7.6,29.6,-41.8,1.4,-4.1,-0.1,148.6,207.0,207.0,217.0,217.0,0.0,0.0,232.0,232.0,117,-0.0021648880246974006,STRONG_UP,UPPER_RANGE,MOMENTUM_UP,S1_LEADER,,,,,207.0,207.0,217.0,217.0,0.0,0.0,,0.0,0.0,0.0,0.0,232.0,232.0,,,,,,,111111111,000011100,151.3,30.0,66.7,0.0,0.0,9.0,1.0,181.3
233,HCA,Hospitals,48.0,36.1,8.9,7.0,-0.4,-15.4,-19.8,-18.5,-17.9,-15.4,7.3,48.0,180.8,-26.7,1.3,280.3,137.5,189.0,169.0,169.0,175.0,175.0,0.0,0.0,233.0,233.0,-12,-62.119285758663466,EARLY_UP,MID_RANGE,MOMENTUM_UP,S2_EARLY_BREAKOUT,,,,,169.0,169.0,175.0,175.0,0.0,0.0,,0.0,0.0,0.0,0.0,233.0,233.0,,,,,,,100000011,111111010,129.1,30.0,155.6,22.2,1.0,9.0,1.0,181.3
234,ACGL,Insurance - Diversified,6.6,35.4,14.2,9.6,8.3,-0.3,-1.9,-4.4,-23.8,-4.7,8.5,6.6,110.1,-49.5,1.4,62.3,81.4,147.5,209.0,209.0,220.0,220.0,0.0,0.0,234.0,234.0,84,-86.1460192088511,EARLY_UP,MID_RANGE,MOMENTUM_UP,S2_EARLY_BREAKOUT,,,,,209.0,209.0,220.0,220.0,0.0,0.0,,0.0,0.0,0.0,0.0,234.0,234.0,,,,,,,110000011,010011100,106.8,30.0,88.9,44.4,2.0,9.0,1.0,181.2
235,457480.KS,Tesla Value Chain,27.0,37.8,-11.5,-6.3,-6.3,-5.7,-4.8,6.1,26.8,,,27.0,24.9,-57.4,1.5,0.0,-42.3,62.8,391.0,391.0,190.0,190.0,0.0,0.0,235.0,235.0,-80,-13.455636555499929,STRONG_DOWN,MID_RANGE,MOMENTUM_DOWN,S5_TRASH,,,,,391.0,391.0,190.0,190.0,0.0,0.0,,0.0,0.0,0.0,0.0,235.0,235.0,,,,,,,000011--1,--------1,150.9,30.0,200.0,0.0,0.0,1.0,0.167,180.9
236,SYM,Industrial Machinery,60.7,14.0,0.9,1.5,-21.0,-27.2,-33.6,-29.9,-22.1,53.9,,60.7,420.8,-29.7,1.6,796.5,442.9,118.7,267.0,267.0,163.0,163.0,0.0,0.0,236.0,236.0,-25,-34.7138981999895,STRONG_DOWN,LOWER,MOMENTUM_UP,S4_BOTTOMING,,,,,267.0,267.0,163.0,163.0,0.0,0.0,,0.0,0.0,0.0,0.0,236.0,236.0,,,,,,,1000001-1,------110,115.2,30.0,133.3,33.3,1.0,3.0,0.5,178.5
237,TTD,Advertising Agencies,-104.6,0.7,0.7,1.8,-21.2,-24.8,-37.6,-59.7,-102.5,-124.8,-146.1,-104.6,1126.9,-120.8,2.5,0.0,39037.1,23.0,498.0,498.0,495.0,495.0,0.0,0.0,237.0,237.0,-28,34042.09973959961,STRONG_DOWN,LOWER,MOMENTUM_DOWN,S5_TRASH,,,,,498.0,498.0,495.0,495.0,0.0,0.0,,0.0,0.0,0.0,0.0,237.0,237.0,,,,,,,100000000,-11100100,78.1,0.0,100.0,100.0,4.0,8.0,1.0,178.1
238,CRL,Healthcare,-95.9,13.9,7.8,19.2,25.7,19.5,13.1,15.9,-18.4,-53.6,-75.6,-95.9,203.0,-143.8,2.0,0.0,-495.8,45.1,443.0,443.0,473.0,473.0,0.0,0.0,238.0,238.0,25,744.4184941359401,STRONG_UP,LOWER,MOMENTUM_UP,S0_NEUTRAL,,,,,443.0,443.0,473.0,473.0,0.0,0.0,,0.0,0.0,0.0,0.0,238.0,238.0,,,,,,,111110000,111110000,129.2,0.0,111.1,44.4,2.0,9.0,1.0,173.6
239,TECH,Healthcare,-89.4,18.5,10.0,25.1,35.7,26.8,18.9,17.0,-23.3,-57.9,-79.0,-89.4,167.5,-157.7,2.1,0.0,-306.5,51.6,424.0,424.0,454.0,454.0,0.0,0.0,239.0,239.0,8,469.6234376386775,STRONG_UP,LOWER,MOMENTUM_UP,S0_NEUTRAL,,,,,424.0,424.0,454.0,454.0,0.0,0.0,,0.0,0.0,0.0,0.0,239.0,239.0,,,,,,,111110000,111110000,129.2,0.0,111.1,44.4,2.0,9.0,1.0,173.6
240,WST,Healthcare,-14.9,21.0,6.6,9.6,15.2,22.4,25.3,27.2,-15.2,-41.5,-48.5,-14.9,240.6,-82.2,1.5,0.0,-61.1,126.0,251.0,251.0,268.0,268.0,0.0,0.0,240.0,240.0,-25,27.657877431985604,STRONG_UP,MID_RANGE,MOMENTUM_UP,S1_LEADER,,,,,251.0,251.0,268.0,268.0,0.0,0.0,,0.0,0.0,0.0,0.0,240.0,240.0,,,,,,,111110000,111110000,129.2,0.0,111.1,44.4,2.0,9.0,1.0,173.6
241,ISRG,Health Care Equipment,-17.5,6.2,2.9,2.1,-5.3,-15.2,-22.5,-27.9,-39.8,-38.9,-43.5,-17.5,156.3,-28.7,1.6,0.0,1363.8,123.5,255.0,255.0,273.0,273.0,0.0,0.0,241.0,241.0,-28,-1258.6264748265492,STRONG_DOWN,LOWER,MOMENTUM_UP,S4_BOTTOMING,,,,,255.0,255.0,273.0,273.0,0.0,0.0,,0.0,0.0,0.0,0.0,241.0,241.0,,,,,,,100000000,111110110,106.9,0.0,155.6,66.7,3.0,9.0,1.0,173.6
242,PODD,Medical Devices,-93.1,6.2,4.5,11.2,-0.0,-19.2,-32.6,-47.2,-63.7,-89.9,-112.7,-93.1,280.5,-117.5,1.8,0.0,795.1,47.9,433.0,433.0,462.0,462.0,0.0,0.0,242.0,242.0,-28,-2123.2380984670926,STRONG_DOWN,LOWER,MOMENTUM_UP,S4_BOTTOMING,,,,,433.0,433.0,462.0,462.0,0.0,0.0,,0.0,0.0,0.0,0.0,242.0,242.0,,,,,,,100000000,111110000,84.69999999999999,0.0,111.1,88.9,4.0,9.0,1.0,173.6
243,ALGN,Medical Devices,-151.1,4.6,1.1,0.6,3.8,-3.2,1.8,2.9,-47.4,-82.6,-113.8,-151.1,236.6,-169.2,2.5,0.0,-2211.3,-10.1,555.0,555.0,562.0,562.0,0.0,0.0,243.0,243.0,-42,723.4771837158582,EARLY_DOWN,LOWER,MOMENTUM_DOWN,S5_TRASH,,,,,555.0,555.0,562.0,562.0,0.0,0.0,,0.0,0.0,0.0,0.0,243.0,243.0,,,,,,,110110000,111100000,106.8,0.0,88.9,66.7,3.0,9.0,1.0,173.5
244,MTCH,Internet Content & Information,-120.5,3.6,0.2,-1.7,2.8,0.1,-3.5,-6.5,-33.4,-70.8,-105.7,-120.5,469.7,-142.4,1.9,0.0,-2834.162309166747,-8.0,553.0,553.0,523.0,523.0,0.0,0.0,244.0,244.0,-41,0.0,STRONG_DOWN,LOWER,MOMENTUM_DOWN,S5_TRASH,,,,,553.0,553.0,523.0,523.0,0.0,0.0,,0.0,0.0,0.0,0.0,244.0,244.0,6918846692.73,6.919,529.0,other,equity,data_raw,011000000,111100000,84.6,0.0,88.9,88.9,4.0,9.0,1.0,173.5
245,LIN,Industrial Gases,31.9,44.8,8.8,4.1,4.7,-0.1,6.2,2.6,-13.9,-13.1,-6.1,31.9,97.5,-20.7,1.5,69.6,54.2,172.9,181.0,181.0,187.0,187.0,0.0,0.0,245.0,245.0,-12,-20.095113216878772,STRONG_UP,MID_RANGE,MOMENTUM_UP,S1_LEADER,,,,,181.0,181.0,187.0,187.0,0.0,0.0,,0.0,0.0,0.0,0.0,245.0,245.0,,,,,,,110110001,111111000,140.3,30.0,133.3,0.0,0.0,9.0,1.0,170.3
246,CHRW,Trucking,8.4,69.7,-1.1,-0.5,1.8,-2.7,-2.0,18.2,53.6,42.1,34.2,8.4,52.0,-90.7,1.6,-34.1,-27.6,149.4,206.0,206.0,216.0,216.0,0.0,0.0,246.0,246.0,-40,-1.49378352988888,EARLY_DOWN,UPPER_RANGE,MOMENTUM_DOWN,S5_TRASH,,,,,206.0,206.0,216.0,216.0,0.0,0.0,,0.0,0.0,0.0,0.0,246.0,246.0,,,,,,,010011111,000010011,118.0,30.0,66.7,22.2,1.0,9.0,1.0,170.2
247,AMZN,Internet Retail,18.5,25.8,-3.7,-2.2,-10.7,-4.4,-5.7,-7.8,-8.7,-7.5,-21.7,18.5,152.6,-27.7,1.2,140.5,109.8,159.5,189.0,189.0,195.0,195.0,0.0,0.0,247.0,247.0,-49,17.019322686211524,STRONG_DOWN,MID_RANGE,MOMENTUM_DOWN,S5_TRASH,,,,,189.0,189.0,195.0,195.0,0.0,0.0,,0.0,0.0,0.0,0.0,247.0,247.0,,,,,,,000000001,111100110,95.80000000000001,30.0,133.3,44.4,2.0,9.0,1.0,170.2
248,456680.KS,China EV Leverage,5.8,33.8,-11.7,-10.1,-24.0,-23.0,-19.8,-6.5,8.6,,,5.8,33.0,-88.2,1.4,0.0,-68.5,41.6,451.0,451.0,223.0,223.0,0.0,0.0,248.0,248.0,-65,-28.985627764053056,STRONG_DOWN,MID_RANGE,MOMENTUM_DOWN,S5_TRASH,,,,,451.0,451.0,223.0,223.0,0.0,0.0,,0.0,0.0,0.0,0.0,248.0,248.0,,,,,,,000001--1,--------1,136.6,30.0,200.0,0.0,0.0,1.0,0.167,166.6
249,DDOG,Software-Infrastructure,83.5,58.7,10.6,10.1,29.8,64.6,64.6,61.6,62.2,55.3,,83.5,147.3,-87.1,3.0,-59.6,-19.6,163.7,185.0,185.0,144.0,144.0,0.0,0.0,249.0,249.0,-18,7.2340084948540735,EARLY_DOWN,UPPER_RANGE,MOMENTUM_DOWN,S5_TRASH,,,,,185.0,185.0,144.0,144.0,0.0,0.0,,0.0,0.0,0.0,0.0,249.0,249.0,,,,,,,1111111-1,----00001,133.0,30.0,40.0,0.0,0.0,5.0,0.833,163.0
250,UNH,Managed Healthcare,-53.2,24.8,7.6,9.3,15.7,29.3,30.4,29.0,-28.9,-52.1,-58.1,-53.2,128.7,-112.7,1.6,0.0,-19.0,87.8,327.0,327.0,352.0,352.0,0.0,0.0,250.0,250.0,-21,2.3559219311655717,STRONG_UP,MID_RANGE,MOMENTUM_UP,S1_LEADER,,,,,327.0,327.0,352.0,352.0,0.0,0.0,,0.0,0.0,0.0,0.0,250.0,250.0,,,,,,,111110000,111111000,140.3,0.0,133.3,22.2,1.0,9.0,1.0,162.5
251,CDW,Technology,-95.8,16.2,4.6,6.4,-2.4,-0.9,-3.6,-18.2,-57.4,-77.8,-94.4,-95.8,116.6,-136.4,2.7,0.0,-4.1,45.2,442.0,442.0,472.0,472.0,0.0,0.0,251.0,251.0,-25,-11.722402396163272,EARLY_DOWN,LOWER,MOMENTUM_DOWN,S5_TRASH,,,,,442.0,442.0,472.0,472.0,0.0,0.0,,0.0,0.0,0.0,0.0,251.0,251.0,,,,,,,100000000,111111000,95.80000000000001,0.0,133.3,66.7,3.0,9.0,1.0,162.5
252,INTU,Application Software,-128.6,2.8,2.8,2.9,-27.2,-35.9,-46.6,-60.9,-86.8,-103.2,-119.0,-128.6,209.6,-138.1,2.2,0.0,2655.8,12.4,514.0,514.0,536.0,536.0,0.0,0.0,252.0,252.0,-25,-1597.3620833333334,STRONG_DOWN,LOWER,MOMENTUM_UP,S4_BOTTOMING,,,,,514.0,514.0,536.0,536.0,0.0,0.0,,0.0,0.0,0.0,0.0,252.0,252.0,,,,,,,100000000,111111000,95.80000000000001,0.0,133.3,66.7,3.0,9.0,1.0,162.5
253,DAL,Industrials,-20.4,70.9,23.2,12.6,25.2,27.7,29.9,43.0,54.8,61.3,41.4,-20.4,13.2,-100.5,1.6,0.0,-36.0,120.6,262.0,262.0,280.0,280.0,0.0,0.0,253.0,253.0,-13,39.97337056823936,STRONG_UP,UPPER_RANGE,MOMENTUM_UP,S1_LEADER,,,,,262.0,262.0,280.0,280.0,0.0,0.0,,0.0,0.0,0.0,0.0,253.0,253.0,,,,,,,111111110,100000101,140.2,0.0,66.7,22.2,1.0,9.0,1.0,162.4
254,EW,Healthcare,-89.1,13.7,6.2,6.5,6.9,3.2,2.5,1.1,-17.6,-47.8,-72.3,-89.1,81.2,-115.6,1.7,0.0,-448.6,51.9,423.0,423.0,453.0,453.0,0.0,0.0,254.0,254.0,17,450.7994090596643,STRONG_UP,LOWER,MOMENTUM_UP,S0_NEUTRAL,,,,,423.0,423.0,453.0,453.0,0.0,0.0,,0.0,0.0,0.0,0.0,254.0,254.0,,,,,,,111110000,111100000,118.0,0.0,88.9,44.4,2.0,9.0,1.0,162.4
255,^TNX,Index,-30.2,33.3,1.1,0.8,0.1,-1.4,-1.5,-6.2,-30.4,-14.1,36.1,-30.2,128.3,-108.5,1.3,0.0,24.5,110.8,283.0,283.0,301.0,301.0,0.0,0.0,255.0,255.0,-6,-2.3248856743154,STRONG_DOWN,MID_RANGE,MOMENTUM_DOWN,S5_TRASH,,,,,283.0,283.0,301.0,301.0,0.0,0.0,,0.0,0.0,0.0,0.0,255.0,255.0,,,,,,,110000010,100011100,95.69999999999999,0.0,88.9,66.7,3.0,9.0,1.0,162.4
256,TEAM,Unknown,-155.2,0.5,0.5,9.8,-13.1,-33.7,-46.0,-64.7,-96.8,-120.0,-146.3,-155.2,620.0,-158.3,2.5,0.0,1720.207134899571,-18.2,564.0,564.0,566.0,566.0,0.0,0.0,256.0,256.0,-40,0.0,EARLY_UP,LOWER,MOMENTUM_UP,S4_BOTTOMING,,,,,564.0,564.0,566.0,566.0,0.0,0.0,,0.0,0.0,0.0,0.0,256.0,256.0,11740436040.58,11.74,489.0,other,equity,data_raw,100000000,111100000,73.5,0.0,88.9,88.9,4.0,9.0,1.0,162.4
257,HIG,Insurance - Diversified,31.7,65.0,13.7,7.0,3.8,-3.5,-5.1,-6.9,-1.1,9.4,30.0,31.7,77.8,-52.8,1.2,77.6,27.7,172.7,182.0,182.0,188.0,188.0,0.0,0.0,257.0,257.0,45,-14.043311971578053,EARLY_UP,UPPER_RANGE,MOMENTUM_UP,S2_EARLY_BREAKOUT,,,,,182.0,182.0,188.0,188.0,0.0,0.0,,0.0,0.0,0.0,0.0,257.0,257.0,,,,,,,110000111,000011111,129.2,30.0,111.1,0.0,0.0,9.0,1.0,159.2
258,RJF,Investment Banking & Brokerage,17.2,36.9,-2.7,-1.2,0.8,-3.4,-7.3,-13.2,-16.5,-17.0,5.9,17.2,106.2,-34.2,1.2,146.5,95.1,158.2,194.0,194.0,200.0,200.0,0.0,0.0,258.0,258.0,-35,9.967907875297541,EARLY_DOWN,MID_RANGE,MOMENTUM_DOWN,S5_TRASH,,,,,194.0,194.0,200.0,200.0,0.0,0.0,,0.0,0.0,0.0,0.0,258.0,258.0,,,,,,,010000011,100111100,106.89999999999999,30.0,111.1,22.2,1.0,9.0,1.0,159.1
259,TDY,Aerospace & Defense,6.1,26.5,5.9,3.4,1.3,-5.5,1.1,1.6,-1.0,-16.2,-30.3,6.1,109.5,-31.1,1.7,21.3,-2.5,147.0,211.0,211.0,222.0,222.0,0.0,0.0,259.0,259.0,179,1.3856200210588128,STRONG_DOWN,MID_RANGE,MOMENTUM_UP,S4_BOTTOMING,,,,,211.0,211.0,222.0,222.0,0.0,0.0,,0.0,0.0,0.0,0.0,259.0,259.0,,,,,,,110110001,111000000,106.89999999999999,30.0,66.7,22.2,1.0,9.0,1.0,159.1
260,IT,Technology,-163.2,3.5,3.5,8.5,-15.0,-18.6,-31.1,-49.4,-92.9,-112.6,-126.0,-163.2,136.5,-173.7,3.3,0.0,1097.2,-22.2,571.0,571.0,576.0,576.0,0.0,0.0,260.0,260.0,-22,-3126.7704098933737,STRONG_DOWN,LOWER,MOMENTUM_DOWN,S5_TRASH,,,,,571.0,571.0,576.0,576.0,0.0,0.0,,0.0,0.0,0.0,0.0,260.0,260.0,,,,,,,100000000,100111100,84.69999999999999,0.0,111.1,66.7,3.0,9.0,1.0,151.4
261,LULU,Apparel Retail,-162.8,3.1,3.1,7.8,-10.1,-25.0,-33.0,-44.9,-89.7,-115.3,-141.7,-162.8,274.1,-176.1,3.2,0.0,-298.7,-21.8,570.0,570.0,575.0,575.0,0.0,0.0,261.0,261.0,-22,412.0479762904046,STRONG_DOWN,LOWER,MOMENTUM_UP,S4_BOTTOMING,,,,,570.0,570.0,575.0,575.0,0.0,0.0,,0.0,0.0,0.0,0.0,261.0,261.0,,,,,,,100000000,111101000,84.69999999999999,0.0,111.1,66.7,3.0,9.0,1.0,151.4
262,SPG,Retail REITs,-17.3,74.9,21.0,10.0,13.4,10.3,12.4,16.0,24.1,32.3,47.2,-17.3,9.3,-94.0,1.2,0.0,-16.8,123.7,254.0,254.0,272.0,272.0,0.0,0.0,262.0,262.0,-3,13.75766926491156,STRONG_UP,UPPER_RANGE,MOMENTUM_UP,S1_LEADER,,,,,254.0,254.0,272.0,272.0,0.0,0.0,,0.0,0.0,0.0,0.0,262.0,262.0,,,,,,,111111110,000011101,151.3,0.0,88.9,0.0,0.0,9.0,1.0,151.3
263,EXPE,Travel Services,-29.9,58.2,21.1,11.7,11.1,10.5,2.4,11.3,36.6,29.9,20.4,-29.9,18.5,-95.4,1.7,0.0,-41.5,111.1,281.0,281.0,299.0,299.0,0.0,0.0,263.0,263.0,126,53.11070469015664,STRONG_UP,UPPER_RANGE,MOMENTUM_UP,S1_LEADER,,,,,281.0,281.0,299.0,299.0,0.0,0.0,,0.0,0.0,0.0,0.0,263.0,263.0,,,,,,,111111110,000000011,129.1,0.0,44.4,22.2,1.0,9.0,1.0,151.3
264,NEE,Electric Utilities,-16.8,28.0,8.4,4.7,2.0,-4.9,-1.5,4.9,2.2,-17.2,-31.4,-16.8,77.1,-52.8,1.9,0.0,-56.3,124.2,253.0,253.0,270.0,270.0,0.0,0.0,264.0,264.0,49,34.65478862722968,EARLY_UP,MID_RANGE,MOMENTUM_UP,S2_EARLY_BREAKOUT,,,,,253.0,253.0,270.0,270.0,0.0,0.0,,0.0,0.0,0.0,0.0,264.0,264.0,,,,,,,110011000,111110001,129.1,0.0,133.3,22.2,1.0,9.0,1.0,151.3
265,PFG,Diversified Financial Services,-4.7,39.7,1.8,0.9,7.4,7.9,11.4,16.5,4.9,-4.2,8.2,-4.7,75.3,-56.6,1.7,0.0,-32.6,136.3,231.0,231.0,248.0,248.0,0.0,0.0,265.0,265.0,-20,0.9287870074791087,EARLY_DOWN,MID_RANGE,MOMENTUM_DOWN,S5_TRASH,,,,,231.0,231.0,248.0,248.0,0.0,0.0,,0.0,0.0,0.0,0.0,265.0,265.0,,,,,,,111111010,000111000,129.1,0.0,66.7,22.2,1.0,9.0,1.0,151.3
266,ERIE,Insurance Brokers,-79.0,10.2,6.0,10.5,13.3,-1.4,-10.8,-25.7,-58.2,-59.5,-74.9,-79.0,196.4,-109.8,3.1,0.0,564.3,62.0,393.0,393.0,422.0,422.0,0.0,0.0,266.0,266.0,-20,-472.94583029225237,STRONG_UP,LOWER,MOMENTUM_UP,S0_NEUTRAL,,,,,393.0,393.0,422.0,422.0,0.0,0.0,,0.0,0.0,0.0,0.0,266.0,266.0,,,,,,,110000000,111011100,106.9,0.0,133.3,44.4,2.0,9.0,1.0,151.3
267,DHR,Life Sciences Tools & Services,-79.7,13.0,8.7,13.3,12.1,0.8,-7.5,-12.3,-43.8,-67.9,-82.8,-79.7,142.7,-112.6,2.1,0.0,-98.8,61.3,396.0,396.0,425.0,425.0,0.0,0.0,267.0,267.0,21,208.87789180681762,STRONG_UP,LOWER,MOMENTUM_UP,S0_NEUTRAL,,,,,396.0,396.0,425.0,425.0,0.0,0.0,,0.0,0.0,0.0,0.0,267.0,267.0,,,,,,,111000000,111110000,106.89999999999999,0.0,111.1,44.4,2.0,9.0,1.0,151.3
268,TMO,Life Sciences Tools & Services,-69.5,13.9,10.6,13.0,7.9,0.2,-7.6,-7.0,-35.5,-58.9,-72.4,-69.5,112.5,-98.5,2.2,0.0,-139.5,71.5,367.0,367.0,397.0,397.0,0.0,0.0,268.0,268.0,23,509.1380465759737,STRONG_UP,LOWER,MOMENTUM_UP,S0_NEUTRAL,,,,,367.0,367.0,397.0,397.0,0.0,0.0,,0.0,0.0,0.0,0.0,268.0,268.0,,,,,,,111000000,111110000,106.89999999999999,0.0,111.1,44.4,2.0,9.0,1.0,151.3
269,RMD,Healthcare,-79.5,10.1,6.6,8.8,3.9,-10.4,-17.0,-26.8,-39.7,-63.3,-81.0,-79.5,134.7,-103.2,1.9,0.0,-45.7,61.5,394.0,394.0,423.0,423.0,0.0,0.0,269.0,269.0,-1,90.9403633140253,EARLY_UP,LOWER,MOMENTUM_UP,S4_BOTTOMING,,,,,394.0,394.0,423.0,423.0,0.0,0.0,,0.0,0.0,0.0,0.0,269.0,269.0,,,,,,,110000000,111100000,84.6,0.0,88.9,66.7,3.0,9.0,1.0,151.3
270,PAYC,Unknown,-118.3,4.1,-0.2,-3.7,-1.8,-10.9,-22.4,-38.5,-63.9,-90.4,-117.3,-118.3,389.7,-139.6,2.0,0.0,-809.1010678528172,-5.7,549.0,549.0,522.0,522.0,0.0,0.0,270.0,270.0,-40,0.0,STRONG_DOWN,LOWER,MOMENTUM_DOWN,S5_TRASH,,,,,549.0,549.0,522.0,522.0,0.0,0.0,,0.0,0.0,0.0,0.0,270.0,270.0,6223033319.69,6.223,533.0,other,equity,data_raw,000000000,111100000,62.4,0.0,88.9,88.9,4.0,9.0,1.0,151.3
271,CSX,Railroads,14.3,49.2,13.4,7.0,6.7,6.1,15.2,22.5,14.5,1.3,-7.2,14.3,65.1,-59.9,2.4,-75.6,-35.8,155.2,196.0,196.0,204.0,204.0,0.0,0.0,271.0,271.0,173,20.709799441677788,STRONG_UP,MID_RANGE,MOMENTUM_UP,S1_LEADER,,,,,196.0,196.0,204.0,204.0,0.0,0.0,,0.0,0.0,0.0,0.0,271.0,271.0,,,,,,,111111101,10-000000,118.4,30.0,22.2,0.0,0.0,9.0,1.0,148.4
272,CBOE,Financial Data & Stock Exchanges,1.5,32.4,-0.3,-0.2,-21.1,-22.8,-17.7,-15.2,-9.0,6.3,10.3,1.5,121.0,-55.4,1.2,127.4,40.9,142.5,223.0,223.0,239.0,239.0,0.0,0.0,272.0,272.0,-36,3.9865876612085174,STRONG_DOWN,MID_RANGE,MOMENTUM_DOWN,S5_TRASH,,,,,223.0,223.0,239.0,239.0,0.0,0.0,,0.0,0.0,0.0,0.0,272.0,272.0,,,,,,,000000111,100001110,95.69999999999999,30.0,88.9,22.2,1.0,9.0,1.0,147.9
273,ORCL,Software,6.4,8.1,-14.4,-16.8,-25.5,-16.0,-20.3,-33.6,-31.4,-17.1,-2.7,6.4,346.0,-22.8,1.8,1460.4,1172.2,147.4,210.0,210.0,221.0,221.0,0.0,0.0,273.0,273.0,-86,836.283204249492,STRONG_DOWN,LOWER,MOMENTUM_DOWN,S5_TRASH,,,,,210.0,210.0,221.0,221.0,0.0,0.0,,0.0,0.0,0.0,0.0,273.0,273.0,,,,,,,000000001,000011110,73.5,30.0,88.9,44.4,2.0,9.0,1.0,147.9
274,EXR,Real Estate,-65.3,11.2,6.1,5.3,7.1,2.0,3.7,-2.0,-22.8,-47.9,-54.9,-65.3,95.9,-85.1,2.0,0.0,-226.8,75.7,354.0,354.0,383.0,383.0,0.0,0.0,274.0,274.0,29,285.3184713563042,EARLY_DOWN,LOWER,MOMENTUM_DOWN,S5_TRASH,,,,,354.0,354.0,383.0,383.0,0.0,0.0,,0.0,0.0,0.0,0.0,274.0,274.0,,,,,,,111100000,-11111000,123.9,0.0,111.1,22.2,1.0,9.0,1.0,146.1
275,SHW,Household & Personal Care Products,-30.3,27.8,14.0,9.9,14.4,3.6,0.4,-6.7,-23.3,-32.0,-40.2,-30.3,77.6,-71.2,2.4,0.0,30.7,110.7,284.0,284.0,302.0,302.0,0.0,0.0,275.0,275.0,0,21.724518342927972,STRONG_UP,MID_RANGE,MOMENTUM_UP,S1_LEADER,,,,,284.0,284.0,302.0,302.0,0.0,0.0,,0.0,0.0,0.0,0.0,275.0,275.0,,,,,,,111100000,1111-1000,123.9,0.0,111.1,22.2,1.0,9.0,1.0,146.1
276,EXPD,Air Freight & Logistics,-24.5,41.6,4.8,2.2,6.4,4.7,2.6,11.7,-1.7,-15.3,-20.9,-24.5,44.4,-72.8,1.8,0.0,-47.7,116.5,271.0,271.0,288.0,288.0,0.0,0.0,276.0,276.0,-21,7.014905256068538,EARLY_DOWN,MID_RANGE,MOMENTUM_DOWN,S5_TRASH,,,,,271.0,271.0,288.0,288.0,0.0,0.0,,0.0,0.0,0.0,0.0,276.0,276.0,,,,,,,111110000,111111000,140.3,0.0,133.3,0.0,0.0,9.0,1.0,140.3
277,AVAV,Unknown,-32.3,6.1,-8.6,-16.1,-27.5,-35.6,-43.1,-51.8,-50.4,-41.7,-45.5,-32.3,423.8,-61.5,1.7,0.0,1861.4,108.7,289.0,289.0,308.0,308.0,0.0,0.0,277.0,277.0,0,0.0,STRONG_DOWN,LOWER,MOMENTUM_DOWN,S5_TRASH,,,,,289.0,289.0,308.0,308.0,0.0,0.0,,0.0,0.0,0.0,0.0,277.0,277.0,6980969390.02,6.981,528.0,other,equity,data_raw,000000000,111000110,73.6,0.0,111.1,66.7,3.0,9.0,1.0,140.3
278,AEP,Electric Utilities,-14.1,53.1,24.2,11.2,9.2,3.7,7.7,11.4,24.3,15.5,1.7,-14.1,33.7,-67.3,1.5,0.0,-36.0,126.9,247.0,247.0,265.0,265.0,0.0,0.0,278.0,278.0,167,56.42577640625407,EARLY_UP,UPPER_RANGE,MOMENTUM_UP,S2_EARLY_BREAKOUT,,,,,247.0,247.0,265.0,265.0,0.0,0.0,,0.0,0.0,0.0,0.0,278.0,278.0,,,,,,,111111110,110000001,140.2,0.0,66.7,0.0,0.0,9.0,1.0,140.2
279,CB,Insurance - Property & Casualty,-11.1,51.6,24.6,8.2,8.8,1.4,3.5,5.4,0.6,1.9,7.6,-11.1,25.9,-49.7,1.6,0.0,-9.6,129.9,239.0,239.0,258.0,258.0,0.0,0.0,279.0,279.0,170,15.32823485033966,STRONG_UP,UPPER_RANGE,MOMENTUM_UP,S1_LEADER,,,,,239.0,239.0,258.0,258.0,0.0,0.0,,0.0,0.0,0.0,0.0,279.0,279.0,,,,,,,111111110,000011100,140.2,0.0,66.7,0.0,0.0,9.0,1.0,140.2
280,CINF,Insurance - Property & Casualty,-11.1,47.4,26.3,10.7,17.4,11.9,9.7,8.7,12.2,5.4,1.7,-11.1,38.9,-55.4,1.4,0.0,-23.8,129.9,239.0,239.0,258.0,258.0,0.0,0.0,280.0,280.0,214,55.20694281673455,STRONG_UP,MID_RANGE,MOMENTUM_UP,S1_LEADER,,,,,239.0,239.0,258.0,258.0,0.0,0.0,,0.0,0.0,0.0,0.0,280.0,280.0,,,,,,,111111110,110000001,140.2,0.0,66.7,0.0,0.0,9.0,1.0,140.2
281,CNP,Utilities,-44.9,36.7,15.5,7.8,8.1,1.9,5.1,5.4,8.7,0.1,-5.5,-44.9,21.8,-82.7,1.6,0.0,-86.4,96.1,307.0,307.0,332.0,332.0,0.0,0.0,281.0,281.0,170,98.92845302147495,STRONG_UP,MID_RANGE,MOMENTUM_UP,S1_LEADER,,,,,307.0,307.0,332.0,332.0,0.0,0.0,,0.0,0.0,0.0,0.0,281.0,281.0,,,,,,,111111100,100011001,140.2,0.0,88.9,0.0,0.0,9.0,1.0,140.2
282,JBHT,Airlines,-3.2,73.0,9.0,5.9,8.1,12.8,25.0,51.4,31.9,12.0,10.9,-3.2,39.4,-116.6,2.4,0.0,-30.0,137.8,229.0,229.0,246.0,246.0,0.0,0.0,282.0,282.0,0,7.241881882448467,EARLY_DOWN,UPPER_RANGE,MOMENTUM_DOWN,S5_TRASH,,,,,229.0,229.0,246.0,246.0,0.0,0.0,,0.0,0.0,0.0,0.0,282.0,282.0,,,,,,,111111110,000111000,140.2,0.0,66.7,0.0,0.0,9.0,1.0,140.2
283,L,Financials,-26.9,44.1,23.2,8.2,6.6,1.3,1.0,2.8,5.2,7.0,8.7,-26.9,9.9,-65.1,1.4,0.0,-42.8,114.1,276.0,276.0,293.0,293.0,0.0,0.0,283.0,283.0,224,80.2451647393512,STRONG_UP,MID_RANGE,MOMENTUM_UP,S1_LEADER,,,,,276.0,276.0,293.0,293.0,0.0,0.0,,0.0,0.0,0.0,0.0,283.0,283.0,,,,,,,111111110,000011100,140.2,0.0,66.7,0.0,0.0,9.0,1.0,140.2
284,NI,"Electric, Gas and Multi-Utilities",-12.1,66.5,17.4,6.4,6.8,1.1,4.2,5.0,20.1,23.3,15.8,-12.1,17.0,-68.5,1.3,0.0,-15.8,128.9,242.0,242.0,261.0,261.0,0.0,0.0,284.0,284.0,63,11.931124787051985,STRONG_UP,UPPER_RANGE,MOMENTUM_UP,S1_LEADER,,,,,242.0,242.0,261.0,261.0,0.0,0.0,,0.0,0.0,0.0,0.0,284.0,284.0,,,,,,,111111110,000001101,140.2,0.0,66.7,0.0,0.0,9.0,1.0,140.2
285,RF,Regional Banks,-7.0,42.7,17.7,7.6,10.2,7.1,7.2,9.3,14.2,0.6,6.8,-7.0,47.5,-51.4,1.4,0.0,-32.5,134.0,235.0,235.0,252.0,252.0,0.0,0.0,285.0,285.0,96,36.46676993253763,STRONG_UP,MID_RANGE,MOMENTUM_UP,S1_LEADER,,,,,235.0,235.0,252.0,252.0,0.0,0.0,,0.0,0.0,0.0,0.0,285.0,285.0,,,,,,,111111110,100010001,140.2,0.0,66.7,0.0,0.0,9.0,1.0,140.2
286,A,Healthcare,-71.4,17.1,8.5,9.6,10.7,8.7,1.1,-2.2,-27.0,-50.9,-62.5,-71.4,101.2,-106.3,2.7,0.0,-170.2,69.6,371.0,371.0,402.0,402.0,0.0,0.0,286.0,286.0,28,195.76422216897203,STRONG_UP,LOWER,MOMENTUM_UP,S0_NEUTRAL,,,,,371.0,371.0,402.0,402.0,0.0,0.0,,0.0,0.0,0.0,0.0,286.0,286.0,,,,,,,111100000,111110000,118.0,0.0,111.1,22.2,1.0,9.0,1.0,140.2
287,ELV,Healthcare,-81.9,14.5,4.2,4.3,3.4,11.3,10.6,8.5,-35.2,-58.9,-70.7,-81.9,105.9,-113.2,2.3,0.0,-216.8,59.1,408.0,408.0,438.0,438.0,0.0,0.0,287.0,287.0,6,85.9056266069581,EARLY_DOWN,LOWER,MOMENTUM_DOWN,S5_TRASH,,,,,408.0,408.0,438.0,438.0,0.0,0.0,,0.0,0.0,0.0,0.0,287.0,287.0,,,,,,,111110000,110011000,118.0,0.0,88.9,22.2,1.0,9.0,1.0,140.2
288,F,Auto Manufacturers,-37.4,28.6,3.9,3.1,3.8,3.4,3.9,10.7,3.8,-12.9,-0.2,-37.4,98.7,-91.2,1.4,0.0,-129.7,103.6,299.0,299.0,321.0,321.0,0.0,0.0,288.0,288.0,6,21.27125432836891,EARLY_DOWN,MID_RANGE,MOMENTUM_DOWN,S5_TRASH,,,,,299.0,299.0,321.0,321.0,0.0,0.0,,0.0,0.0,0.0,0.0,288.0,288.0,,,,,,,111111000,000111000,118.0,0.0,66.7,22.2,1.0,9.0,1.0,140.2
289,MCO,Credit Rating & Analytics,-11.8,13.2,5.2,2.4,-0.8,-5.5,-10.5,-16.1,-26.8,-32.1,-40.0,-11.8,88.4,-27.0,1.6,0.0,282.0,129.2,241.0,241.0,260.0,260.0,0.0,0.0,289.0,289.0,-27,-221.50524946855012,EARLY_DOWN,LOWER,MOMENTUM_DOWN,S5_TRASH,,,,,241.0,241.0,260.0,260.0,0.0,0.0,,0.0,0.0,0.0,0.0,289.0,289.0,,,,,,,100000000,111101100,95.80000000000001,0.0,133.3,44.4,2.0,9.0,1.0,140.2
290,DG,Discount Stores,-129.9,9.9,4.9,7.9,7.9,-5.8,-8.5,-4.3,-23.0,-65.5,-97.3,-129.9,89.3,-153.4,1.6,0.0,-997.9,11.1,516.0,516.0,538.0,538.0,0.0,0.0,290.0,290.0,-3,1092.7727082640417,STRONG_UP,LOWER,MOMENTUM_UP,S0_NEUTRAL,,,,,516.0,516.0,538.0,538.0,0.0,0.0,,0.0,0.0,0.0,0.0,290.0,290.0,,,,,,,110000000,111110000,95.8,0.0,111.1,44.4,2.0,9.0,1.0,140.2
291,LOW,Retail,-51.9,14.0,3.9,2.7,2.6,-8.5,-12.4,-16.1,-37.1,-50.8,-53.5,-51.9,92.6,-75.0,2.0,0.0,54.8,89.1,324.0,324.0,349.0,349.0,0.0,0.0,291.0,291.0,-1,-30.910531072608947,STRONG_DOWN,LOWER,MOMENTUM_UP,S4_BOTTOMING,,,,,324.0,324.0,349.0,349.0,0.0,0.0,,0.0,0.0,0.0,0.0,291.0,291.0,,,,,,,110000000,111110000,95.8,0.0,111.1,44.4,2.0,9.0,1.0,140.2
292,MTD,Healthcare,-83.6,16.8,10.2,13.0,4.6,-4.1,-9.6,-11.9,-35.0,-59.7,-73.0,-83.6,88.0,-118.0,2.1,0.0,-180.6,57.4,409.0,409.0,440.0,440.0,0.0,0.0,292.0,292.0,-28,343.8844865277564,STRONG_UP,LOWER,MOMENTUM_UP,S0_NEUTRAL,,,,,409.0,409.0,440.0,440.0,0.0,0.0,,0.0,0.0,0.0,0.0,292.0,292.0,,,,,,,110000000,111110000,95.8,0.0,111.1,44.4,2.0,9.0,1.0,140.2
293,ADBE,Software,-161.7,2.8,2.8,6.5,-21.2,-24.6,-32.6,-45.0,-85.3,-107.5,-133.9,-161.7,166.4,-170.6,2.4,0.0,-1163.3,-20.7,566.0,566.0,572.0,572.0,0.0,0.0,293.0,293.0,-28,2035.6000000000001,STRONG_DOWN,LOWER,MOMENTUM_UP,S4_BOTTOMING,,,,,566.0,566.0,572.0,572.0,0.0,0.0,,0.0,0.0,0.0,0.0,293.0,293.0,,,,,,,100000000,111100000,73.5,0.0,88.9,66.7,3.0,9.0,1.0,140.2
294,EPAM,Technology,-189.5,1.5,1.5,7.9,-25.6,-37.9,-50.1,-57.6,-92.8,-122.1,-150.6,-189.5,383.6,-198.0,3.4,0.0,-5250.2,-48.5,591.0,591.0,594.0,594.0,0.0,0.0,294.0,294.0,-28,-250.19999999999982,STRONG_DOWN,LOWER,MOMENTUM_DOWN,S5_TRASH,,,,,591.0,591.0,594.0,594.0,0.0,0.0,,0.0,0.0,0.0,0.0,294.0,294.0,,,,,,,100000000,111100000,73.5,0.0,88.9,66.7,3.0,9.0,1.0,140.2
295,EQT,Oil & Gas E&P,-6.9,47.4,6.6,6.5,-6.0,-14.4,-14.3,-15.8,-14.3,-2.8,65.0,-6.9,112.9,-116.6,1.2,0.0,18.0,134.1,233.0,233.0,250.0,250.0,0.0,0.0,295.0,295.0,-28,-3.7638571287596534,EARLY_UP,MID_RANGE,MOMENTUM_UP,S2_EARLY_BREAKOUT,,,,,233.0,233.0,250.0,250.0,0.0,0.0,,0.0,0.0,0.0,0.0,295.0,295.0,,,,,,,100000010,000011100,73.5,0.0,66.7,66.7,3.0,9.0,1.0,140.2
296,VEEV,Healthcare,-77.1,5.5,5.5,14.4,-3.3,-7.7,-16.9,-34.3,-54.0,-75.3,-101.7,-77.1,331.9,-100.3,2.0,0.0,503.4,63.9,387.0,387.0,418.0,418.0,0.0,0.0,296.0,296.0,-27,-384.2101610349439,EARLY_UP,LOWER,MOMENTUM_UP,S4_BOTTOMING,,,,,387.0,387.0,418.0,418.0,0.0,0.0,,0.0,0.0,0.0,0.0,296.0,296.0,,,,,,,100000000,111100000,73.5,0.0,88.9,66.7,3.0,9.0,1.0,140.2
297,POOL,Industrial Distribution,-127.2,7.6,3.7,8.9,10.3,0.5,-7.8,-24.5,-64.9,-91.6,-112.4,-127.2,205.6,-154.1,2.7,0.0,-333.5,13.7,510.0,510.0,532.0,532.0,0.0,0.0,297.0,297.0,-24,317.5,STRONG_UP,LOWER,MOMENTUM_UP,S0_NEUTRAL,,,,,510.0,510.0,532.0,532.0,0.0,0.0,,0.0,0.0,0.0,0.0,297.0,297.0,,,,,,,111000000,111100000,95.69999999999999,0.0,88.9,44.4,2.0,9.0,1.0,140.1
298,XOM,Integrated Oil & Gas,-0.8,47.0,2.3,1.7,-8.2,-14.9,-7.1,2.9,-6.8,1.2,31.2,-0.8,94.8,-84.9,1.5,0.0,-5.0,140.2,226.0,226.0,243.0,243.0,0.0,0.0,298.0,298.0,3,0.030369377982461643,STRONG_DOWN,MID_RANGE,MOMENTUM_DOWN,S5_TRASH,,,,,226.0,226.0,243.0,243.0,0.0,0.0,,0.0,0.0,0.0,0.0,298.0,298.0,,,,,,,100010110,000011100,95.69999999999999,0.0,66.7,44.4,2.0,9.0,1.0,140.1
299,0138Y0.KS,Korea ETF (My Portfolio),5.4,58.9,-9.0,,6.5,0.7,0.7,0.7,0.7,0.7,0.7,0.7,10.0,-1.2,1.9,4.3,4.663839083883558e-152,7.3,523.0,523.0,227.0,227.0,0.0,0.0,299.0,299.0,-49,0.0,,,,,,,,,523.0,523.0,227.0,227.0,0.0,0.0,,0.0,0.0,0.0,0.0,299.0,299.0,323.0,0.0,,etf,etf,data_raw,-11111111,--------0,109.0,30.0,0.0,0.0,0.0,1.0,0.167,139.0
300,LII,HVAC Equipment,-0.0,33.2,13.0,8.5,11.7,6.5,7.5,-2.3,-16.8,3.1,-2.0,-0.0,101.7,-50.5,1.8,42.1,91.0,141.0,225.0,225.0,241.0,241.0,0.0,0.0,300.0,300.0,22,-64.38691601541899,STRONG_UP,MID_RANGE,MOMENTUM_UP,S1_LEADER,,,,,225.0,225.0,241.0,241.0,0.0,0.0,,0.0,0.0,0.0,0.0,300.0,300.0,,,,,,,111100100,1-00011-0,114.5,0.0,66.7,22.2,1.0,9.0,1.0,136.7
301,CRCL,,11.2,21.3,8.0,24.2,21.2,41.0,35.7,,,,,11.2,213.2,-73.3,2.1,0.0,0.0,20.2,501.0,501.0,212.0,212.0,0.0,0.0,301.0,301.0,-49,0.0,STRONG_UP,MID_RANGE,MOMENTUM_UP,S1_LEADER,,,,,501.0,501.0,212.0,212.0,0.0,0.0,,0.0,0.0,0.0,0.0,301.0,301.0,27312098989.64,27.312,348.0,other,equity,data_raw,1111----1,--------0,106.0,30.0,0.0,0.0,0.0,1.0,0.167,136.0
302,PLD,Industrial REITs,-29.9,17.8,3.2,2.2,2.0,-2.2,0.0,5.8,-10.8,-30.3,-39.8,-29.9,112.7,-60.3,1.8,0.0,-122.5,111.1,281.0,281.0,299.0,299.0,0.0,0.0,302.0,302.0,2,23.303315744260374,EARLY_DOWN,LOWER,MOMENTUM_DOWN,S5_TRASH,,,,,281.0,281.0,299.0,299.0,0.0,0.0,,0.0,0.0,0.0,0.0,302.0,302.0,,,,,,,110010000,1111-1000,112.8,0.0,111.1,22.2,1.0,9.0,1.0,135.0
303,DTE,Electric Power Generation,-14.8,34.2,18.1,7.2,8.5,2.2,5.8,2.9,-0.8,-10.2,-14.7,-14.8,45.4,-45.5,2.0,0.0,-22.9,126.2,250.0,250.0,267.0,267.0,0.0,0.0,303.0,303.0,67,39.841871604911056,STRONG_UP,MID_RANGE,MOMENTUM_UP,S1_LEADER,,,,,250.0,250.0,267.0,267.0,0.0,0.0,,0.0,0.0,0.0,0.0,303.0,303.0,,,,,,,111110000,111011000,129.2,0.0,111.1,0.0,0.0,9.0,1.0,129.2
304,MRK,Pharmaceuticals,-30.3,41.9,19.4,15.6,14.6,5.5,9.8,24.9,-5.9,-13.5,-23.6,-30.3,61.4,-95.8,2.2,0.0,-52.9,110.7,284.0,284.0,302.0,302.0,0.0,0.0,304.0,304.0,68,69.44102071922984,STRONG_UP,MID_RANGE,MOMENTUM_UP,S1_LEADER,,,,,284.0,284.0,302.0,302.0,0.0,0.0,,0.0,0.0,0.0,0.0,304.0,304.0,,,,,,,111110000,111011000,129.2,0.0,111.1,0.0,0.0,9.0,1.0,129.2
305,NDSN,Industrials,-34.4,31.5,8.5,4.5,8.2,3.7,8.6,15.0,-5.3,-22.0,-32.0,-34.4,48.0,-72.0,2.3,0.0,-86.9,106.6,293.0,293.0,314.0,314.0,0.0,0.0,305.0,305.0,-22,49.23628470867092,STRONG_UP,MID_RANGE,MOMENTUM_UP,S1_LEADER,,,,,293.0,293.0,314.0,314.0,0.0,0.0,,0.0,0.0,0.0,0.0,305.0,305.0,,,,,,,111110000,101111000,129.2,0.0,111.1,0.0,0.0,9.0,1.0,129.2
306,RVTY,Healthcare,-114.1,13.9,9.5,15.6,22.8,18.0,12.1,10.4,-24.3,-59.1,-82.7,-114.1,69.5,-147.1,2.0,0.0,-531.5,26.9,487.0,487.0,512.0,512.0,0.0,0.0,306.0,306.0,26,1372.8370399453984,STRONG_UP,LOWER,MOMENTUM_UP,S0_NEUTRAL,,,,,487.0,487.0,512.0,512.0,0.0,0.0,,0.0,0.0,0.0,0.0,306.0,306.0,,,,,,,111110000,111110000,129.2,0.0,111.1,0.0,0.0,9.0,1.0,129.2
307,UNP,Railroads,-22.0,34.1,13.7,7.1,3.5,1.1,6.3,8.5,-6.6,-18.6,-28.2,-22.0,54.8,-61.2,2.1,0.0,-39.2,118.9,266.0,266.0,284.0,284.0,0.0,0.0,307.0,307.0,66,34.30212883364216,STRONG_DOWN,MID_RANGE,MOMENTUM_UP,S4_BOTTOMING,,,,,266.0,266.0,284.0,284.0,0.0,0.0,,0.0,0.0,0.0,0.0,307.0,307.0,,,,,,,111110000,111011000,129.2,0.0,111.1,0.0,0.0,9.0,1.0,129.2
308,ADP,Industrials,-68.2,12.4,6.8,4.9,1.4,0.8,-6.2,-19.8,-38.7,-50.3,-58.9,-68.2,62.9,-86.5,2.6,0.0,45.3,72.8,366.0,366.0,396.0,396.0,0.0,0.0,308.0,308.0,21,-67.39998891437484,EARLY_DOWN,LOWER,MOMENTUM_DOWN,S5_TRASH,,,,,366.0,366.0,396.0,396.0,0.0,0.0,,0.0,0.0,0.0,0.0,308.0,308.0,,,,,,,111000000,111111100,129.1,0.0,155.6,0.0,0.0,9.0,1.0,129.1
309,AEE,Utilities,-47.9,27.4,18.7,11.5,9.7,3.3,6.0,5.3,5.4,-11.1,-28.9,-47.9,38.4,-79.9,1.7,0.0,-126.7,93.1,314.0,314.0,340.0,340.0,0.0,0.0,309.0,309.0,182,391.3758141200536,STRONG_UP,MID_RANGE,MOMENTUM_UP,S1_LEADER,,,,,314.0,314.0,340.0,340.0,0.0,0.0,,0.0,0.0,0.0,0.0,309.0,309.0,,,,,,,111111000,111000001,129.1,0.0,88.9,0.0,0.0,9.0,1.0,129.1
310,AMGN,Biotechnology,-18.4,44.1,20.7,8.7,10.1,-0.9,0.8,7.0,2.9,1.7,-7.3,-18.4,33.9,-59.1,1.8,0.0,-31.4,122.6,257.0,257.0,275.0,275.0,0.0,0.0,310.0,310.0,101,43.41252931386614,STRONG_UP,MID_RANGE,MOMENTUM_UP,S1_LEADER,,,,,257.0,257.0,275.0,275.0,0.0,0.0,,0.0,0.0,0.0,0.0,310.0,310.0,,,,,,,110111100,110011000,129.1,0.0,88.9,0.0,0.0,9.0,1.0,129.1
311,GL,Insurance - Life,-26.4,70.4,11.8,7.6,19.0,17.9,20.5,21.0,22.5,13.4,0.7,-26.4,15.6,-125.1,1.2,0.0,-30.4,114.6,275.0,275.0,292.0,292.0,0.0,0.0,311.0,311.0,-31,13.696610391201894,STRONG_UP,UPPER_RANGE,MOMENTUM_UP,S1_LEADER,,,,,275.0,275.0,292.0,292.0,0.0,0.0,,0.0,0.0,0.0,0.0,311.0,311.0,,,,,,,111111110,000011000,129.1,0.0,44.4,0.0,0.0,9.0,1.0,129.1
312,KIM,Real Estate,-49.6,35.1,17.6,8.8,11.5,7.7,13.2,13.9,6.2,-9.6,-10.5,-49.6,15.2,-83.9,1.9,0.0,-95.8,91.4,317.0,317.0,343.0,343.0,0.0,0.0,312.0,312.0,33,136.4618265357688,STRONG_UP,MID_RANGE,MOMENTUM_UP,S1_LEADER,,,,,317.0,317.0,343.0,343.0,0.0,0.0,,0.0,0.0,0.0,0.0,312.0,312.0,,,,,,,111111000,011011000,129.1,0.0,88.9,0.0,0.0,9.0,1.0,129.1
313,WFC,Diversified Banks,-26.2,60.8,10.0,4.6,7.6,1.2,-4.2,-5.4,14.4,21.0,29.2,-26.2,15.8,-90.0,1.2,0.0,-15.5,114.8,274.0,274.0,291.0,291.0,0.0,0.0,313.0,313.0,3,5.744179918740521,STRONG_UP,UPPER_RANGE,MOMENTUM_DOWN,S0_NEUTRAL,,,,,274.0,274.0,291.0,291.0,0.0,0.0,,0.0,0.0,0.0,0.0,313.0,313.0,,,,,,,111001110,000001111,129.1,0.0,88.9,0.0,0.0,9.0,1.0,129.1
314,BRO,Insurance Brokers,-64.4,12.2,7.5,11.3,13.4,-0.4,-10.3,-27.7,-56.8,-65.4,-72.0,-64.4,163.4,-101.8,3.1,0.0,523.8,76.6,351.0,351.0,380.0,380.0,0.0,0.0,314.0,314.0,-29,-429.77608648516764,STRONG_UP,LOWER,MOMENTUM_UP,S0_NEUTRAL,,,,,351.0,351.0,380.0,380.0,0.0,0.0,,0.0,0.0,0.0,0.0,314.0,314.0,,,,,,,110000000,111101100,106.9,0.0,133.3,22.2,1.0,9.0,1.0,129.1
315,TRI,Technology,-103.5,6.6,6.3,9.3,-9.3,-13.1,-24.0,-44.1,-74.5,-85.7,-96.1,-103.5,146.3,-120.7,2.3,0.0,1089.3,37.5,463.0,463.0,491.0,491.0,0.0,0.0,315.0,315.0,-29,-2716.2108184677536,STRONG_DOWN,LOWER,MOMENTUM_UP,S4_BOTTOMING,,,,,463.0,463.0,491.0,491.0,0.0,0.0,,0.0,0.0,0.0,0.0,315.0,315.0,,,,,,,100000000,111111100,106.9,0.0,155.6,22.2,1.0,9.0,1.0,129.1
316,SBUX,Restaurants,-72.3,22.3,8.4,6.5,4.9,3.7,9.3,11.0,-7.8,-28.1,-49.4,-72.3,47.2,-105.9,1.7,0.0,-215.1,68.7,375.0,375.0,407.0,407.0,0.0,0.0,316.0,316.0,39,160.8454868668317,EARLY_UP,MID_RANGE,MOMENTUM_UP,S2_EARLY_BREAKOUT,,,,,375.0,375.0,407.0,407.0,0.0,0.0,,0.0,0.0,0.0,0.0,316.0,316.0,,,,,,,111110000,111000000,106.89999999999999,0.0,66.7,22.2,1.0,9.0,1.0,129.1
317,IDXX,Veterinary Diagnostics,-25.4,5.4,0.9,0.7,-1.4,-9.6,-17.0,-18.2,-26.5,-45.2,-57.0,-25.4,217.2,-38.9,1.7,0.0,132.1,115.6,272.0,272.0,289.0,289.0,0.0,0.0,317.0,317.0,-28,22.425594230785677,EARLY_DOWN,LOWER,MOMENTUM_DOWN,S5_TRASH,,,,,272.0,272.0,289.0,289.0,0.0,0.0,,0.0,0.0,0.0,0.0,317.0,317.0,,,,,,,100000000,111110000,84.69999999999999,0.0,111.1,44.4,2.0,9.0,1.0,129.1
318,TSCO,Specialty Retail,-79.5,8.2,5.0,5.8,-3.1,-23.1,-32.6,-44.2,-68.1,-81.4,-83.4,-79.5,112.2,-110.0,1.6,0.0,688.9,61.5,394.0,394.0,423.0,423.0,0.0,0.0,318.0,318.0,-26,-1181.8299867586002,STRONG_DOWN,LOWER,MOMENTUM_UP,S4_BOTTOMING,,,,,394.0,394.0,423.0,423.0,0.0,0.0,,0.0,0.0,0.0,0.0,318.0,318.0,,,,,,,100000000,011111000,84.69999999999999,0.0,111.1,44.4,2.0,9.0,1.0,129.1
319,ZTS,Healthcare,-163.8,3.4,1.3,-0.7,-16.2,-31.7,-37.8,-50.2,-84.2,-107.8,-132.8,-163.8,116.3,-173.1,2.7,0.0,-1165.4,-22.8,572.0,572.0,577.0,577.0,0.0,0.0,319.0,319.0,-49,679.3610793260407,STRONG_DOWN,LOWER,NEUTRAL,S5_TRASH,,,,,572.0,572.0,577.0,577.0,0.0,0.0,,0.0,0.0,0.0,0.0,319.0,319.0,,,,,,,000000000,111100000,62.4,0.0,88.9,66.7,3.0,9.0,1.0,129.1
320,EOG,Oil & Gas E&P,-37.1,34.9,6.0,4.6,-2.4,-4.9,5.4,7.1,-13.6,-15.5,14.7,-37.1,74.9,-96.5,1.5,0.0,-44.7,103.9,298.0,298.0,320.0,320.0,0.0,0.0,320.0,320.0,-22,10.283639231657958,STRONG_DOWN,MID_RANGE,NEUTRAL,S5_TRASH,,,,,298.0,298.0,320.0,320.0,0.0,0.0,,0.0,0.0,0.0,0.0,320.0,320.0,,,,,,,100110010,000011000,84.6,0.0,44.4,44.4,2.0,9.0,1.0,129.0
321,FANG,Oil & Gas E&P,-14.1,46.3,0.9,0.6,-10.1,-9.8,-1.8,5.0,-18.9,-14.5,38.6,-14.1,98.2,-109.7,1.3,0.0,8.1,126.9,247.0,247.0,265.0,265.0,0.0,0.0,321.0,321.0,-22,-1.1271650604260088,STRONG_DOWN,MID_RANGE,MOMENTUM_DOWN,S5_TRASH,,,,,247.0,247.0,265.0,265.0,0.0,0.0,,0.0,0.0,0.0,0.0,321.0,321.0,,,,,,,100010010,000011100,84.6,0.0,66.7,44.4,2.0,9.0,1.0,129.0
322,UPS,Industrials,-105.2,10.0,5.3,5.7,1.2,-2.8,-0.9,2.1,-38.0,-66.3,-79.5,-105.2,73.2,-124.6,2.2,0.0,-573.7,35.8,469.0,469.0,498.0,498.0,0.0,0.0,322.0,322.0,39,686.2695879057387,STRONG_UP,LOWER,MOMENTUM_DOWN,S0_NEUTRAL,,,,,469.0,469.0,498.0,498.0,0.0,0.0,,0.0,0.0,0.0,0.0,322.0,322.0,,,,,,,110010000,001110000,84.6,0.0,66.7,44.4,2.0,9.0,1.0,129.0
323,JOBY,Airports & Air Services,-31.9,9.1,-4.5,-9.1,-14.0,-12.7,-22.1,-32.6,-13.3,-20.5,,-31.9,149.0,-87.6,1.7,0.0,-232.3,29.7,482.0,482.0,307.0,307.0,0.0,0.0,323.0,323.0,-86,-76.51129632760785,STRONG_DOWN,LOWER,MOMENTUM_DOWN,S5_TRASH,,,,,482.0,482.0,307.0,307.0,0.0,0.0,,0.0,0.0,0.0,0.0,323.0,323.0,,,,,,,0000000-0,-----0110,62.0,0.0,100.0,66.7,2.0,4.0,0.667,128.7
324,KO,Soft Drinks,-32.9,39.0,18.7,6.7,6.5,1.9,5.5,6.6,2.9,-5.8,-14.1,-32.9,15.3,-63.0,1.8,0.0,-55.2,108.1,291.0,291.0,310.0,310.0,0.0,0.0,324.0,324.0,154,75.77566221254774,EARLY_DOWN,MID_RANGE,MOMENTUM_UP,S4_BOTTOMING,,,,,291.0,291.0,310.0,310.0,0.0,0.0,,0.0,0.0,0.0,0.0,324.0,324.0,,,,,,,111111000,-1101-000,125.6,0.0,66.7,0.0,0.0,9.0,1.0,125.6
325,TTWO,Electronic Gaming & Multimedia,-17.5,19.8,3.4,2.3,9.1,8.5,1.6,-6.1,-1.7,-6.0,-28.5,-17.5,120.1,-50.9,1.5,0.0,-29.9,123.5,255.0,255.0,273.0,273.0,0.0,0.0,325.0,325.0,-20,12.738942049314531,STRONG_UP,LOWER,NEUTRAL,S0_NEUTRAL,,,,,255.0,255.0,273.0,273.0,0.0,0.0,,0.0,0.0,0.0,0.0,325.0,325.0,,,,,,,111100000,11-000010,98.9,0.0,66.7,22.2,1.0,9.0,1.0,121.1
326,0019K0.KS,Nasdaq 100 + Bond,16.7,33.8,4.1,-0.8,6.8,10.7,14.3,16.1,,,,16.7,22.4,-24.4,2.4,0.0,0.0,30.1,481.0,481.0,202.0,202.0,0.0,0.0,326.0,326.0,-75,0.0,STRONG_UP,MID_RANGE,MOMENTUM_DOWN,S0_NEUTRAL,,,,,481.0,481.0,202.0,202.0,0.0,0.0,,0.0,0.0,0.0,0.0,326.0,326.0,,,,,,,01111---1,--------0,90.3,30.0,0.0,0.0,0.0,1.0,0.167,120.3
327,ACHR,Aerospace & Defense,-61.9,1.5,-1.9,-10.0,-21.5,-24.7,-31.5,-47.4,-47.1,-52.0,,-61.9,137.3,-95.0,1.7,0.0,491.9,-1.3,541.0,541.0,369.0,369.0,0.0,0.0,327.0,327.0,-74,286.8297520772122,STRONG_DOWN,LOWER,MOMENTUM_DOWN,S5_TRASH,,,,,541.0,541.0,369.0,369.0,0.0,0.0,,0.0,0.0,0.0,0.0,327.0,327.0,,,,,,,0000000-0,-----1110,87.0,0.0,150.0,33.3,1.0,4.0,0.667,120.3
328,DGX,Healthcare,-29.6,35.0,26.0,10.2,10.4,2.1,5.3,5.3,6.2,-4.4,-12.8,-29.6,24.3,-58.0,1.8,0.0,-61.9,111.4,278.0,278.0,296.0,296.0,0.0,0.0,328.0,328.0,170,270.0558040437982,STRONG_UP,MID_RANGE,MOMENTUM_UP,S1_LEADER,,,,,278.0,278.0,296.0,296.0,0.0,0.0,,0.0,0.0,0.0,0.0,328.0,328.0,,,,,,,111111000,000110001,118.0,0.0,66.7,0.0,0.0,9.0,1.0,118.0
329,DOC,Real Estate,-81.4,25.0,13.3,12.8,23.7,20.8,22.6,21.7,5.5,-22.6,-48.1,-81.4,38.1,-120.6,2.2,0.0,-233.7,59.6,406.0,406.0,436.0,436.0,0.0,0.0,329.0,329.0,12,341.97158764950774,STRONG_UP,MID_RANGE,MOMENTUM_UP,S1_LEADER,,,,,406.0,406.0,436.0,436.0,0.0,0.0,,0.0,0.0,0.0,0.0,329.0,329.0,,,,,,,111111000,111000000,118.0,0.0,66.7,0.0,0.0,9.0,1.0,118.0
330,EQIX,Data Center REITs,-23.9,42.9,4.3,2.5,3.8,3.2,17.4,19.7,1.3,-8.5,-23.4,-23.9,57.8,-85.6,2.4,0.0,-42.0,117.1,270.0,270.0,287.0,287.0,0.0,0.0,330.0,330.0,-22,8.366774855142019,STRONG_UP,MID_RANGE,NEUTRAL,S0_NEUTRAL,,,,,270.0,270.0,287.0,287.0,0.0,0.0,,0.0,0.0,0.0,0.0,330.0,330.0,,,,,,,111111000,011100000,118.0,0.0,66.7,0.0,0.0,9.0,1.0,118.0
331,GILD,Biotechnology,-13.7,55.1,10.3,5.9,-1.3,-10.4,-8.3,-3.8,21.0,30.3,26.4,-13.7,46.8,-87.0,1.2,0.0,-23.5,127.3,245.0,245.0,263.0,263.0,0.0,0.0,331.0,331.0,-22,10.303952671127199,EARLY_UP,UPPER_RANGE,MOMENTUM_UP,S2_EARLY_BREAKOUT,,,,,245.0,245.0,263.0,263.0,0.0,0.0,,0.0,0.0,0.0,0.0,331.0,331.0,,,,,,,100001110,000011111,118.0,0.0,111.1,0.0,0.0,9.0,1.0,118.0
332,GM,Automobiles,-19.1,53.6,2.7,1.1,0.1,-3.5,-5.3,8.6,35.5,24.3,16.1,-19.1,32.7,-83.2,1.8,0.0,-44.9,121.9,259.0,259.0,277.0,277.0,0.0,0.0,332.0,332.0,11,2.6916099099884576,EARLY_DOWN,UPPER_RANGE,MOMENTUM_DOWN,S5_TRASH,,,,,259.0,259.0,277.0,277.0,0.0,0.0,,0.0,0.0,0.0,0.0,332.0,332.0,,,,,,,110011110,100000011,118.0,0.0,66.7,0.0,0.0,9.0,1.0,118.0
333,HST,Hotel & Resort REITs,-46.2,51.7,5.3,2.8,14.7,17.8,25.2,35.4,24.4,12.6,1.9,-46.2,13.8,-111.1,2.2,0.0,-72.8,94.7,311.0,311.0,336.0,336.0,0.0,0.0,333.0,333.0,-7,14.026531525114024,STRONG_UP,UPPER_RANGE,MOMENTUM_DOWN,S0_NEUTRAL,,,,,311.0,311.0,336.0,336.0,0.0,0.0,,0.0,0.0,0.0,0.0,333.0,333.0,,,,,,,111111110,000001000,118.0,0.0,22.2,0.0,0.0,9.0,1.0,118.0
334,HUM,Healthcare,-100.8,29.6,6.5,9.0,42.2,71.5,67.7,53.3,-1.7,-40.0,-66.6,-100.8,63.6,-169.4,2.2,0.0,-239.8,40.2,453.0,453.0,483.0,483.0,0.0,0.0,334.0,334.0,-19,85.67894444111721,STRONG_UP,MID_RANGE,MOMENTUM_DOWN,S0_NEUTRAL,,,,,453.0,453.0,483.0,483.0,0.0,0.0,,0.0,0.0,0.0,0.0,334.0,334.0,,,,,,,111110000,111010000,118.0,0.0,88.9,0.0,0.0,9.0,1.0,118.0
335,INCY,Healthcare,-96.4,19.5,13.6,18.4,19.5,13.6,10.7,20.1,29.0,2.8,-32.8,-96.4,58.2,-133.2,1.8,0.0,-439.4,44.6,444.0,444.0,474.0,474.0,0.0,0.0,335.0,335.0,170,1237.1644692217787,STRONG_UP,LOWER,MOMENTUM_UP,S0_NEUTRAL,,,,,444.0,444.0,474.0,474.0,0.0,0.0,,0.0,0.0,0.0,0.0,335.0,335.0,,,,,,,111111100,000010001,118.0,0.0,44.4,0.0,0.0,9.0,1.0,118.0
336,JNJ,Pharmaceuticals,-19.3,62.9,27.6,14.1,14.4,4.5,8.2,20.8,23.1,10.2,-0.7,-19.3,20.1,-85.4,1.9,0.0,-36.6,121.7,260.0,260.0,278.0,278.0,0.0,0.0,336.0,336.0,123,56.49783534325824,STRONG_UP,UPPER_RANGE,MOMENTUM_UP,S1_LEADER,,,,,260.0,260.0,278.0,278.0,0.0,0.0,,0.0,0.0,0.0,0.0,336.0,336.0,,,,,,,111111100,000010001,118.0,0.0,44.4,0.0,0.0,9.0,1.0,118.0
337,KEY,Financials,-31.6,42.4,9.5,5.6,10.2,7.3,8.1,12.7,29.9,9.4,0.9,-31.6,40.9,-88.1,1.4,0.0,-67.3,109.4,287.0,287.0,305.0,305.0,0.0,0.0,337.0,337.0,-10,30.88907073069194,STRONG_UP,MID_RANGE,NEUTRAL,S0_NEUTRAL,,,,,287.0,287.0,305.0,305.0,0.0,0.0,,0.0,0.0,0.0,0.0,337.0,337.0,,,,,,,111111110,000000001,118.0,0.0,22.2,0.0,0.0,9.0,1.0,118.0
338,MTB,Financials,-29.8,42.0,16.9,8.0,12.6,8.2,9.7,11.1,18.5,9.0,3.9,-29.8,29.4,-72.2,1.5,0.0,-52.8,111.2,279.0,279.0,297.0,297.0,0.0,0.0,338.0,338.0,85,54.958400966710485,STRONG_UP,MID_RANGE,MOMENTUM_UP,S1_LEADER,,,,,279.0,279.0,297.0,297.0,0.0,0.0,,0.0,0.0,0.0,0.0,338.0,338.0,,,,,,,111111110,000000001,118.0,0.0,22.2,0.0,0.0,9.0,1.0,118.0
339,NSC,Industrials,-19.3,29.9,13.8,6.8,2.8,-0.2,1.7,3.0,2.7,-13.9,-27.0,-19.3,59.6,-52.6,1.3,0.0,-61.5,121.7,260.0,260.0,278.0,278.0,0.0,0.0,339.0,339.0,123,70.0318971174726,STRONG_DOWN,MID_RANGE,MOMENTUM_UP,S4_BOTTOMING,,,,,260.0,260.0,278.0,278.0,0.0,0.0,,0.0,0.0,0.0,0.0,339.0,339.0,,,,,,,110111000,111100000,118.0,0.0,88.9,0.0,0.0,9.0,1.0,118.0
340,PAYX,Industrials,-86.2,13.2,4.9,4.3,4.4,2.6,-4.0,-19.6,-46.3,-63.1,-71.7,-86.2,70.8,-109.7,3.2,0.0,-4.8,54.8,418.0,418.0,449.0,449.0,0.0,0.0,340.0,340.0,-12,-4.120945827726235,EARLY_DOWN,LOWER,MOMENTUM_DOWN,S5_TRASH,,,,,418.0,418.0,449.0,449.0,0.0,0.0,,0.0,0.0,0.0,0.0,340.0,340.0,,,,,,,111000000,111111000,118.0,0.0,133.3,0.0,0.0,9.0,1.0,118.0
341,PSA,Real Estate,-62.3,20.5,7.7,4.6,10.0,6.4,9.9,4.6,-14.8,-32.4,-36.1,-62.3,40.3,-88.1,2.0,0.0,-149.1,78.7,341.0,341.0,370.0,370.0,0.0,0.0,341.0,341.0,7,104.63315214219051,STRONG_UP,MID_RANGE,MOMENTUM_DOWN,S0_NEUTRAL,,,,,341.0,341.0,370.0,370.0,0.0,0.0,,0.0,0.0,0.0,0.0,341.0,341.0,,,,,,,111110000,001111000,118.0,0.0,88.9,0.0,0.0,9.0,1.0,118.0
342,TROW,Financials,-94.2,9.4,5.1,5.0,7.7,9.3,5.6,1.7,-16.9,-43.4,-67.4,-94.2,82.7,-112.0,2.0,0.0,-693.0,46.8,434.0,434.0,463.0,463.0,0.0,0.0,342.0,342.0,8,893.210212259188,EARLY_DOWN,LOWER,MOMENTUM_DOWN,S5_TRASH,,,,,434.0,434.0,463.0,463.0,0.0,0.0,,0.0,0.0,0.0,0.0,342.0,342.0,,,,,,,111110000,111100000,118.0,0.0,88.9,0.0,0.0,9.0,1.0,118.0
343,USO,Unknown,-57.0,49.5,-8.6,-6.3,-10.1,3.1,29.0,40.7,28.1,20.0,25.0,-57.0,18.6,-129.8,3.3,0.0,-52.85624559912563,88.2,326.0,326.0,361.0,361.0,0.0,0.0,343.0,343.0,-59,0.0,EARLY_DOWN,MID_RANGE,MOMENTUM_DOWN,S5_TRASH,,,,,326.0,326.0,361.0,361.0,0.0,0.0,,0.0,0.0,0.0,0.0,343.0,343.0,1705716992.0,1.706,543.0,other,equity,data_raw,001111110,000011001,118.0,0.0,66.7,0.0,0.0,9.0,1.0,118.0
344,WEC,Utilities,-46.7,21.8,11.7,8.5,6.7,-0.1,2.8,1.8,3.5,-10.6,-30.8,-46.7,69.9,-78.6,1.6,0.0,-158.5,94.3,312.0,312.0,338.0,338.0,0.0,0.0,344.0,344.0,174,240.01403164671336,STRONG_UP,MID_RANGE,MOMENTUM_UP,S1_LEADER,,,,,312.0,312.0,338.0,338.0,0.0,0.0,,0.0,0.0,0.0,0.0,344.0,344.0,,,,,,,110111000,111000001,118.0,0.0,88.9,0.0,0.0,9.0,1.0,118.0
345,XLV,Index,-65.7,22.3,16.2,9.9,10.8,3.3,0.8,1.7,-18.9,-34.5,-47.2,-65.7,23.0,-90.5,2.2,0.0,-145.4,75.3,355.0,355.0,385.0,385.0,0.0,0.0,345.0,345.0,83,490.3712660574297,STRONG_UP,MID_RANGE,MOMENTUM_UP,S1_LEADER,,,,,355.0,355.0,385.0,385.0,0.0,0.0,,0.0,0.0,0.0,0.0,345.0,345.0,,,,,,,111110000,111010000,118.0,0.0,88.9,0.0,0.0,9.0,1.0,118.0
346,CBRE,Real Estate Services,-2.6,27.8,14.4,7.0,4.9,-3.1,-11.4,-16.3,-10.6,-17.5,-11.8,-2.6,80.4,-34.0,1.4,0.0,87.2,138.4,227.0,227.0,244.0,244.0,0.0,0.0,346.0,346.0,-11,-126.07201226668779,EARLY_UP,MID_RANGE,MOMENTUM_UP,S2_EARLY_BREAKOUT,,,,,227.0,227.0,244.0,244.0,0.0,0.0,,0.0,0.0,0.0,0.0,346.0,346.0,,,,,,,110000000,110101010,95.8,0.0,111.1,22.2,1.0,9.0,1.0,118.0
347,VRSK,Industrials,-108.1,14.0,6.8,7.4,1.2,-6.8,-14.0,-29.0,-58.2,-70.0,-89.4,-108.1,50.5,-133.4,2.8,0.0,-22.0,32.9,474.0,474.0,501.0,501.0,0.0,0.0,347.0,347.0,-8,12.915779698462899,EARLY_DOWN,LOWER,MOMENTUM_UP,S4_BOTTOMING,,,,,474.0,474.0,501.0,501.0,0.0,0.0,,0.0,0.0,0.0,0.0,347.0,347.0,,,,,,,110000000,111100100,95.8,0.0,111.1,22.2,1.0,9.0,1.0,118.0
348,AES,Utilities,-102.2,12.9,3.1,2.9,2.6,-6.0,-4.1,3.6,-20.6,-54.0,-76.2,-102.2,86.7,-129.6,1.5,0.0,-575.9,38.8,458.0,458.0,486.0,486.0,0.0,0.0,348.0,348.0,5,203.87812488351403,STRONG_UP,LOWER,MOMENTUM_DOWN,S0_NEUTRAL,,,,,458.0,458.0,486.0,486.0,0.0,0.0,,0.0,0.0,0.0,0.0,348.0,348.0,,,,,,,110010000,111010000,95.69999999999999,0.0,88.9,22.2,1.0,9.0,1.0,117.9
349,BALL,Packaging Materials,-115.7,12.5,6.6,9.6,9.4,-0.8,4.4,3.9,-23.3,-51.4,-83.9,-115.7,78.1,-143.0,2.1,0.0,-617.0,25.3,493.0,493.0,517.0,517.0,0.0,0.0,349.0,349.0,36,811.233447389191,STRONG_UP,LOWER,MOMENTUM_UP,S0_NEUTRAL,,,,,493.0,493.0,517.0,517.0,0.0,0.0,,0.0,0.0,0.0,0.0,349.0,349.0,,,,,,,110110000,111000000,95.69999999999999,0.0,66.7,22.2,1.0,9.0,1.0,117.9
350,MAA,Real Estate,-97.3,12.9,8.5,8.8,11.0,6.1,2.4,-5.1,-28.2,-54.6,-71.5,-97.3,56.2,-119.4,3.2,0.0,-361.2,43.6,446.0,446.0,476.0,476.0,0.0,0.0,350.0,350.0,43,779.6639359074215,EARLY_DOWN,LOWER,MOMENTUM_UP,S4_BOTTOMING,,,,,446.0,446.0,476.0,476.0,0.0,0.0,,0.0,0.0,0.0,0.0,350.0,350.0,,,,,,,111100000,011100000,95.69999999999999,0.0,66.7,22.2,1.0,9.0,1.0,117.9
351,NXPI,Semiconductors,-14.0,44.3,-18.4,-9.0,-7.2,7.9,14.5,14.8,-6.1,-14.2,-9.3,-14.0,56.6,-69.4,2.8,0.0,-18.8,127.0,246.0,246.0,264.0,264.0,0.0,0.0,351.0,351.0,-187,-8.99731594290468,EARLY_DOWN,MID_RANGE,MOMENTUM_DOWN,S5_TRASH,,,,,246.0,246.0,264.0,264.0,0.0,0.0,,0.0,0.0,0.0,0.0,351.0,351.0,,,,,,,001110000,001111000,95.69999999999999,0.0,88.9,22.2,1.0,9.0,1.0,117.9
352,APA,Oil & Gas E&P,-90.9,22.5,3.1,2.5,-13.8,-14.1,2.4,24.2,-5.3,-28.2,-14.5,-90.9,62.8,-136.0,2.6,0.0,-328.4,50.1,428.0,428.0,457.0,457.0,0.0,0.0,352.0,352.0,5,44.032066069953885,STRONG_DOWN,MID_RANGE,MOMENTUM_DOWN,S5_TRASH,,,,,428.0,428.0,457.0,457.0,0.0,0.0,,0.0,0.0,0.0,0.0,352.0,352.0,,,,,,,100110000,000011000,73.5,0.0,44.4,44.4,2.0,9.0,1.0,117.9
353,BKNG,Travel Services,-230.7,3.8,2.3,8.2,8.4,-47.9,-71.5,-90.1,-124.2,-146.2,-174.3,-230.7,73.4,-240.0,1.6,0.0,666.6,-89.7,598.0,598.0,598.0,598.0,0.0,0.0,353.0,353.0,-57,-1098.8440070376423,STRONG_UP,LOWER,MOMENTUM_UP,S0_NEUTRAL,,,,,598.0,598.0,598.0,598.0,0.0,0.0,,0.0,0.0,0.0,0.0,353.0,353.0,,,,,,,110000000,000001110,73.5,0.0,66.7,44.4,2.0,9.0,1.0,117.9
354,PYPL,Financials,-180.4,2.4,1.9,6.8,-5.7,-8.4,-17.4,-33.1,-64.3,-97.3,-133.3,-180.4,284.2,-191.3,2.5,0.0,-4610.5,-39.4,585.0,585.0,588.0,588.0,0.0,0.0,354.0,354.0,-54,389.5,EARLY_UP,LOWER,MOMENTUM_UP,S4_BOTTOMING,,,,,585.0,585.0,588.0,588.0,0.0,0.0,,0.0,0.0,0.0,0.0,354.0,354.0,,,,,,,100000000,111100000,73.5,0.0,88.9,44.4,2.0,9.0,1.0,117.9
355,TMUS,Telecommunication Services,-21.8,9.3,4.4,3.2,-2.4,-11.4,-12.3,-22.3,-29.9,-32.2,-34.9,-21.8,136.2,-37.5,2.0,0.0,573.9,119.2,265.0,265.0,283.0,283.0,0.0,0.0,355.0,355.0,-35,-528.566229968097,STRONG_DOWN,LOWER,MOMENTUM_UP,S4_BOTTOMING,,,,,265.0,265.0,283.0,283.0,0.0,0.0,,0.0,0.0,0.0,0.0,355.0,355.0,,,,,,,100000000,101010100,73.5,0.0,88.9,44.4,2.0,9.0,1.0,117.9
356,XLE,Index,-22.5,40.6,4.7,2.7,-5.9,-10.3,-2.0,4.4,-9.9,-9.2,10.9,-22.5,63.6,-80.5,1.5,0.0,-27.0,118.5,268.0,268.0,285.0,285.0,0.0,0.0,356.0,356.0,-35,3.324104510558019,STRONG_DOWN,MID_RANGE,MOMENTUM_DOWN,S5_TRASH,,,,,268.0,268.0,285.0,285.0,0.0,0.0,,0.0,0.0,0.0,0.0,356.0,356.0,,,,,,,100010010,000011000,73.5,0.0,44.4,44.4,2.0,9.0,1.0,117.9
357,CARR,Industrials,5.2,27.5,7.2,5.1,12.3,12.7,18.6,9.0,-10.2,-10.6,,5.2,46.3,-102.3,2.1,0.0,-83.4,79.2,340.0,340.0,229.0,229.0,0.0,0.0,357.0,357.0,45,41.435281945482615,STRONG_UP,MID_RANGE,NEUTRAL,S0_NEUTRAL,,,,,340.0,340.0,229.0,229.0,0.0,0.0,,0.0,0.0,0.0,0.0,357.0,357.0,,,,,,,1111100-1,-----0000,87.0,30.0,0.0,0.0,0.0,4.0,0.667,117.0
358,MRSH,Financials,-73.1,12.7,8.3,6.7,4.2,-5.0,-9.4,-19.7,-47.9,-59.0,-65.0,-73.1,65.4,-92.6,3.5,0.0,94.8,67.9,378.0,378.0,410.0,410.0,0.0,0.0,358.0,358.0,5,-219.94162545192262,EARLY_DOWN,LOWER,MOMENTUM_UP,S4_BOTTOMING,,,,,378.0,378.0,410.0,410.0,0.0,0.0,,0.0,0.0,0.0,0.0,358.0,358.0,,,,,,,110000000,111111-00,114.2,0.0,133.3,0.0,0.0,9.0,1.0,114.2
359,COIN,Financial Data & Stock Exchanges,-38.8,2.6,0.1,-6.1,-18.8,-21.0,-29.1,-46.7,-43.7,-35.2,,-38.8,213.9,-63.7,1.8,0.0,3163.3,18.3,504.0,504.0,324.0,324.0,0.0,0.0,359.0,359.0,-83,-158.74622413468023,STRONG_DOWN,LOWER,MOMENTUM_DOWN,S5_TRASH,,,,,504.0,504.0,324.0,324.0,0.0,0.0,,0.0,0.0,0.0,0.0,359.0,359.0,,,,,,,0000000-0,------110,77.7,0.0,133.3,33.3,1.0,3.0,0.5,111.0
360,TYL,Technology,-136.4,5.5,5.5,8.1,-10.1,-16.6,-25.5,-41.9,-70.6,-88.0,-109.6,-136.4,77.0,-148.4,2.8,0.0,-79.1,4.6,530.0,530.0,548.0,548.0,0.0,0.0,360.0,360.0,-36,292.5766135209693,STRONG_DOWN,LOWER,MOMENTUM_UP,S4_BOTTOMING,,,,,530.0,530.0,548.0,548.0,0.0,0.0,,0.0,0.0,0.0,0.0,360.0,360.0,,,,,,,100000000,-11100000,65.6,0.0,66.7,44.4,2.0,9.0,1.0,110.0
361,IR,Industrial Machinery,-20.6,22.2,9.2,7.0,10.9,-1.9,-3.9,-8.3,-33.2,-31.7,-26.9,-20.6,89.2,-69.3,2.0,0.0,96.7,94.8,310.0,310.0,281.0,281.0,0.0,0.0,361.0,361.0,-55,3.3462207831394437,STRONG_UP,MID_RANGE,MOMENTUM_UP,S1_LEADER,,,,,310.0,310.0,281.0,281.0,0.0,0.0,,0.0,0.0,0.0,0.0,361.0,361.0,,,,,,,110000000,--1111100,109.60000000000001,0.0,142.9,0.0,0.0,7.0,1.0,109.6
362,DLR,Real Estate,-34.6,33.0,10.6,5.2,1.6,1.0,8.1,5.3,6.0,3.5,-13.9,-34.6,38.9,-70.1,1.6,0.0,-64.3,106.4,294.0,294.0,315.0,315.0,0.0,0.0,362.0,362.0,128,48.22782504077078,EARLY_UP,MID_RANGE,NEUTRAL,S0_NEUTRAL,,,,,294.0,294.0,315.0,315.0,0.0,0.0,,0.0,0.0,0.0,0.0,362.0,362.0,,,,,,,111111100,00-000100,107.3,0.0,22.2,0.0,0.0,9.0,1.0,107.3
363,UBER,Internet Services & Infrastructure,-10.9,20.4,12.2,9.0,3.7,-0.7,-6.6,-18.3,-20.7,4.8,-9.7,-10.9,67.6,-71.0,1.5,0.0,41.1,74.5,359.0,359.0,257.0,257.0,0.0,0.0,363.0,363.0,1,-87.84723926937482,EARLY_UP,MID_RANGE,MOMENTUM_UP,S2_EARLY_BREAKOUT,,,,,359.0,359.0,257.0,257.0,0.0,0.0,,0.0,0.0,0.0,0.0,363.0,363.0,,,,,,,110000100,----01110,107.3,0.0,120.0,0.0,0.0,5.0,0.833,107.3
364,AON,Insurance Brokers,-59.9,11.8,8.8,6.0,5.4,-1.6,-6.5,-14.2,-35.5,-48.9,-56.9,-59.9,64.2,-76.2,3.1,0.0,-14.7,81.1,336.0,336.0,365.0,365.0,0.0,0.0,364.0,364.0,1,32.576289920290506,EARLY_DOWN,LOWER,MOMENTUM_DOWN,S5_TRASH,,,,,336.0,336.0,365.0,365.0,0.0,0.0,,0.0,0.0,0.0,0.0,364.0,364.0,,,,,,,110000000,111111000,106.9,0.0,133.3,0.0,0.0,9.0,1.0,106.9
365,CMS,Utilities,-53.9,24.1,15.9,10.0,10.3,2.5,4.1,2.6,0.7,-10.8,-30.1,-53.9,38.9,-82.7,2.0,0.0,-144.8,87.1,328.0,328.0,354.0,354.0,0.0,0.0,365.0,365.0,131,384.2918961778162,STRONG_UP,MID_RANGE,MOMENTUM_UP,S1_LEADER,,,,,328.0,328.0,354.0,354.0,0.0,0.0,,0.0,0.0,0.0,0.0,365.0,365.0,,,,,,,111111000,011000000,106.9,0.0,44.4,0.0,0.0,9.0,1.0,106.9
366,CVS,Healthcare,-66.0,50.8,11.0,8.7,22.5,25.5,26.8,31.2,30.1,-2.1,-15.4,-66.0,8.4,-141.5,1.3,0.0,-92.6,75.0,357.0,357.0,387.0,387.0,0.0,0.0,366.0,366.0,-36,41.543467887540885,STRONG_UP,UPPER_RANGE,MOMENTUM_UP,S1_LEADER,,,,,357.0,357.0,387.0,387.0,0.0,0.0,,0.0,0.0,0.0,0.0,366.0,366.0,,,,,,,111111000,000110000,106.9,0.0,44.4,0.0,0.0,9.0,1.0,106.9
367,EVRG,Utilities,-29.8,49.3,18.4,8.3,8.4,2.4,5.6,8.3,23.4,11.7,-2.4,-29.8,19.6,-76.9,1.5,0.0,-51.4,111.2,279.0,279.0,297.0,297.0,0.0,0.0,367.0,367.0,172,53.066159177095564,STRONG_UP,MID_RANGE,MOMENTUM_UP,S1_LEADER,,,,,279.0,279.0,297.0,297.0,0.0,0.0,,0.0,0.0,0.0,0.0,367.0,367.0,,,,,,,111111100,000000001,106.9,0.0,22.2,0.0,0.0,9.0,1.0,106.9
368,LNT,Utilities,-35.6,32.4,18.4,8.4,9.0,3.7,7.3,8.5,10.1,-2.8,-17.6,-35.6,29.7,-66.2,1.8,0.0,-90.9,105.4,296.0,296.0,318.0,318.0,0.0,0.0,368.0,368.0,180,180.33045584356123,STRONG_UP,MID_RANGE,MOMENTUM_UP,S1_LEADER,,,,,296.0,296.0,318.0,318.0,0.0,0.0,,0.0,0.0,0.0,0.0,368.0,368.0,,,,,,,111111000,010000001,106.9,0.0,44.4,0.0,0.0,9.0,1.0,106.9
369,LUV,Airlines,-101.2,28.8,9.4,10.8,29.0,20.4,21.1,34.5,37.3,3.1,-33.7,-101.2,28.4,-152.9,1.9,0.0,-281.5,39.8,454.0,454.0,484.0,484.0,0.0,0.0,369.0,369.0,-1,209.8553521430494,STRONG_UP,MID_RANGE,NEUTRAL,S0_NEUTRAL,,,,,454.0,454.0,484.0,484.0,0.0,0.0,,0.0,0.0,0.0,0.0,369.0,369.0,,,,,,,111111100,000000001,106.9,0.0,22.2,0.0,0.0,9.0,1.0,106.9
370,MMM,Industrials,-74.6,28.4,7.7,4.7,14.4,7.0,3.7,0.8,22.9,10.0,-16.1,-74.6,17.6,-110.5,1.3,0.0,-167.3,66.4,382.0,382.0,414.0,414.0,0.0,0.0,370.0,370.0,1,91.73045081426238,STRONG_UP,MID_RANGE,NEUTRAL,S0_NEUTRAL,,,,,382.0,382.0,414.0,414.0,0.0,0.0,,0.0,0.0,0.0,0.0,370.0,370.0,,,,,,,111111100,000000001,106.9,0.0,22.2,0.0,0.0,9.0,1.0,106.9
371,PNW,Utilities,-48.1,35.2,17.0,8.2,9.0,3.7,8.1,8.5,2.6,-0.4,-15.9,-48.1,15.7,-82.2,1.8,0.0,-85.4,92.9,315.0,315.0,341.0,341.0,0.0,0.0,371.0,371.0,180,119.9350467954952,STRONG_UP,MID_RANGE,MOMENTUM_UP,S1_LEADER,,,,,315.0,315.0,341.0,341.0,0.0,0.0,,0.0,0.0,0.0,0.0,371.0,371.0,,,,,,,111111000,000000101,106.9,0.0,44.4,0.0,0.0,9.0,1.0,106.9
372,TFC,Financials,-71.8,21.3,11.5,7.1,4.8,0.6,0.7,5.5,19.6,-4.8,-26.8,-71.8,23.0,-96.8,1.6,0.0,-266.6,69.2,373.0,373.0,405.0,405.0,0.0,0.0,372.0,372.0,182,376.42538309790064,STRONG_UP,MID_RANGE,MOMENTUM_UP,S1_LEADER,,,,,373.0,373.0,405.0,405.0,0.0,0.0,,0.0,0.0,0.0,0.0,372.0,372.0,,,,,,,111111000,100000001,106.9,0.0,44.4,0.0,0.0,9.0,1.0,106.9
373,ATO,Natural Gas Utilities,-3.0,51.9,13.4,5.6,0.2,-7.2,-5.2,-5.6,-1.1,3.4,-1.7,-3.0,44.9,-54.0,1.3,0.0,3.5,138.0,228.0,228.0,245.0,245.0,0.0,0.0,373.0,373.0,73,-1.620098898318906,EARLY_UP,UPPER_RANGE,MOMENTUM_UP,S2_EARLY_BREAKOUT,,,,,228.0,228.0,245.0,245.0,0.0,0.0,,0.0,0.0,0.0,0.0,373.0,373.0,,,,,,,110000100,110001101,106.89999999999999,0.0,111.1,0.0,0.0,9.0,1.0,106.9
374,CNC,Healthcare,-116.9,24.0,6.5,10.3,16.0,38.6,45.6,54.6,-14.0,-48.9,-75.3,-116.9,62.8,-173.0,2.0,0.0,-301.9,24.1,497.0,497.0,521.0,521.0,0.0,0.0,374.0,374.0,-34,132.909811121257,STRONG_UP,MID_RANGE,MOMENTUM_UP,S1_LEADER,,,,,497.0,497.0,521.0,521.0,0.0,0.0,,0.0,0.0,0.0,0.0,374.0,374.0,,,,,,,111110000,110010000,106.89999999999999,0.0,66.7,0.0,0.0,9.0,1.0,106.9
375,EIX,Electric Utilities,-81.1,27.6,10.8,7.9,10.3,1.8,9.8,17.8,-11.8,-23.4,-38.7,-81.1,15.5,-117.3,2.2,0.0,-173.8,59.9,404.0,404.0,435.0,435.0,0.0,0.0,375.0,375.0,0,148.64016122014152,STRONG_UP,MID_RANGE,MOMENTUM_UP,S1_LEADER,,,,,404.0,404.0,435.0,435.0,0.0,0.0,,0.0,0.0,0.0,0.0,375.0,375.0,,,,,,,111110000,001001100,106.89999999999999,0.0,66.7,0.0,0.0,9.0,1.0,106.9
376,IEX,Industrials,-71.9,27.1,5.4,3.6,9.7,8.0,13.3,18.5,-12.9,-35.1,-54.0,-71.9,36.0,-111.7,2.3,0.0,-161.6,69.1,374.0,374.0,406.0,406.0,0.0,0.0,376.0,376.0,-66,57.8041767879476,STRONG_UP,MID_RANGE,MOMENTUM_UP,S1_LEADER,,,,,374.0,374.0,406.0,406.0,0.0,0.0,,0.0,0.0,0.0,0.0,376.0,376.0,,,,,,,111110000,110010000,106.89999999999999,0.0,66.7,0.0,0.0,9.0,1.0,106.9
377,KDP,Beverages - Non-Alcoholic,-80.1,19.8,13.5,11.2,14.8,13.5,14.6,8.7,-16.8,-39.8,-59.3,-80.1,41.0,-109.3,2.2,0.0,-225.6,60.9,398.0,398.0,427.0,427.0,0.0,0.0,377.0,377.0,1,600.3505223829213,STRONG_UP,LOWER,MOMENTUM_UP,S0_NEUTRAL,,,,,398.0,398.0,427.0,427.0,0.0,0.0,,0.0,0.0,0.0,0.0,377.0,377.0,,,,,,,111110000,110010000,106.89999999999999,0.0,66.7,0.0,0.0,9.0,1.0,106.9
378,SW,Packaging & Containers,-69.7,26.6,10.0,8.9,17.9,8.8,11.7,4.0,-14.8,-29.3,-43.5,-69.7,51.9,-113.0,1.8,0.0,-108.2,71.3,368.0,368.0,398.0,398.0,0.0,0.0,378.0,378.0,4,91.76698814859519,STRONG_UP,MID_RANGE,MOMENTUM_UP,S1_LEADER,,,,,368.0,368.0,398.0,398.0,0.0,0.0,,0.0,0.0,0.0,0.0,378.0,378.0,,,,,,,111110000,011100000,106.89999999999999,0.0,66.7,0.0,0.0,9.0,1.0,106.9
379,WAT,Healthcare,-81.4,19.6,9.2,7.9,11.8,12.0,3.2,1.5,-19.4,-41.5,-53.8,-81.4,46.1,-111.9,1.9,0.0,-200.7,59.6,406.0,406.0,436.0,436.0,0.0,0.0,379.0,379.0,47,223.06696995026283,STRONG_UP,LOWER,MOMENTUM_UP,S0_NEUTRAL,,,,,406.0,406.0,436.0,436.0,0.0,0.0,,0.0,0.0,0.0,0.0,379.0,379.0,,,,,,,111110000,110010000,106.89999999999999,0.0,66.7,0.0,0.0,9.0,1.0,106.9
380,ACN,IT Consulting & Other Services,-170.6,3.0,3.0,3.4,-29.9,-37.5,-46.1,-55.8,-89.6,-111.0,-133.1,-170.6,86.6,-178.1,2.3,0.0,-1036.8,-29.6,577.0,577.0,581.0,581.0,0.0,0.0,380.0,380.0,-47,1985.9855818201602,STRONG_DOWN,LOWER,MOMENTUM_DOWN,S5_TRASH,,,,,577.0,577.0,581.0,581.0,0.0,0.0,,0.0,0.0,0.0,0.0,380.0,380.0,,,,,,,100000000,011111000,84.69999999999999,0.0,111.1,22.2,1.0,9.0,1.0,106.9
381,BSX,Medical Devices,-127.7,2.5,2.5,0.3,-13.4,-28.8,-42.5,-56.2,-74.5,-79.5,-97.0,-127.7,89.6,-132.7,1.8,0.0,1679.4,13.3,512.0,512.0,533.0,533.0,0.0,0.0,381.0,381.0,-47,-311.4952387858575,STRONG_DOWN,LOWER,MOMENTUM_UP,S4_BOTTOMING,,,,,512.0,512.0,533.0,533.0,0.0,0.0,,0.0,0.0,0.0,0.0,381.0,381.0,,,,,,,100000000,110001110,84.69999999999999,0.0,111.1,22.2,1.0,9.0,1.0,106.9
382,SPGI,Financial Data & Exchanges,-61.7,5.9,3.1,1.9,-2.8,-8.3,-16.2,-25.1,-44.0,-56.6,-71.0,-61.7,95.4,-71.1,1.9,0.0,359.4,79.3,339.0,339.0,368.0,368.0,0.0,0.0,382.0,382.0,-44,-428.5559293755733,STRONG_DOWN,LOWER,MOMENTUM_DOWN,S5_TRASH,,,,,339.0,339.0,368.0,368.0,0.0,0.0,,0.0,0.0,0.0,0.0,382.0,382.0,,,,,,,100000000,111101000,84.69999999999999,0.0,111.1,22.2,1.0,9.0,1.0,106.9
383,ABT,Medical Devices,-105.1,11.1,7.3,9.1,7.6,-7.4,-16.3,-28.6,-49.5,-69.1,-90.2,-105.1,74.9,-127.0,2.6,0.0,-190.1,35.9,468.0,468.0,497.0,497.0,0.0,0.0,383.0,383.0,0,413.84896602654646,STRONG_UP,LOWER,MOMENTUM_UP,S0_NEUTRAL,,,,,468.0,468.0,497.0,497.0,0.0,0.0,,0.0,0.0,0.0,0.0,383.0,383.0,,,,,,,110000000,111100000,84.6,0.0,88.9,22.2,1.0,9.0,1.0,106.8
384,ADM,Farm Products,-62.5,23.1,5.2,4.8,-0.6,-0.0,8.2,15.6,-3.0,-31.2,-35.9,-62.5,93.3,-108.6,1.6,0.0,-238.3,78.5,342.0,342.0,371.0,371.0,0.0,0.0,384.0,384.0,-32,75.56616076276026,STRONG_DOWN,MID_RANGE,MOMENTUM_DOWN,S5_TRASH,,,,,342.0,342.0,371.0,371.0,0.0,0.0,,0.0,0.0,0.0,0.0,384.0,384.0,,,,,,,100110000,001011000,84.6,0.0,66.7,22.2,1.0,9.0,1.0,106.8
385,LEN,Residential Construction,-90.3,10.0,5.6,6.8,6.1,-3.5,-12.0,-22.9,-56.6,-63.8,-69.2,-90.3,109.4,-112.6,2.3,0.0,118.1,50.7,427.0,427.0,456.0,456.0,0.0,0.0,385.0,385.0,7,-206.5405340574924,STRONG_UP,LOWER,MOMENTUM_UP,S0_NEUTRAL,,,,,427.0,427.0,456.0,456.0,0.0,0.0,,0.0,0.0,0.0,0.0,385.0,385.0,,,,,,,110000000,000111100,84.6,0.0,88.9,22.2,1.0,9.0,1.0,106.8
386,MLM,Building Materials,-6.0,29.8,7.4,3.7,5.5,-3.0,-5.3,-7.4,-19.0,-16.3,-8.7,-6.0,79.9,-42.2,1.3,0.0,44.3,135.0,232.0,232.0,249.0,249.0,0.0,0.0,386.0,386.0,-69,-25.594028096357107,STRONG_UP,MID_RANGE,NEUTRAL,S0_NEUTRAL,,,,,232.0,232.0,249.0,249.0,0.0,0.0,,0.0,0.0,0.0,0.0,386.0,386.0,,,,,,,110000000,001111000,84.6,0.0,88.9,22.2,1.0,9.0,1.0,106.8
387,STE,Healthcare,-74.0,10.9,10.8,9.0,3.0,-6.8,-13.9,-18.8,-38.2,-55.1,-71.8,-74.0,69.5,-91.0,2.0,0.0,-156.3,67.0,380.0,380.0,412.0,412.0,0.0,0.0,387.0,387.0,9,1747.2110340923064,EARLY_UP,LOWER,MOMENTUM_UP,S4_BOTTOMING,,,,,380.0,380.0,412.0,412.0,0.0,0.0,,0.0,0.0,0.0,0.0,387.0,387.0,,,,,,,110000000,111100000,84.6,0.0,88.9,22.2,1.0,9.0,1.0,106.8
388,ADSK,Technology,-113.6,4.3,4.3,3.9,-18.9,-23.2,-29.2,-39.3,-57.2,-74.9,-98.4,-113.6,136.2,-124.4,2.0,0.0,-343.8,27.4,485.0,485.0,510.0,510.0,0.0,0.0,388.0,388.0,-32,1184.6000000000001,STRONG_DOWN,LOWER,MOMENTUM_UP,S4_BOTTOMING,,,,,485.0,485.0,510.0,510.0,0.0,0.0,,0.0,0.0,0.0,0.0,388.0,388.0,,,,,,,100000000,111000000,62.4,0.0,66.7,44.4,2.0,9.0,1.0,106.8
389,ALB,Specialty Chemicals,-94.9,15.3,-6.7,-14.0,-25.1,-29.3,-22.4,22.0,-2.6,-49.4,-54.9,-94.9,194.3,-146.7,2.3,0.0,-567.2,46.1,440.0,440.0,470.0,470.0,0.0,0.0,389.0,389.0,-94,-222.38126502914542,STRONG_DOWN,LOWER,MOMENTUM_DOWN,S5_TRASH,,,,,440.0,440.0,470.0,470.0,0.0,0.0,,0.0,0.0,0.0,0.0,389.0,389.0,,,,,,,000010000,001110000,62.4,0.0,66.7,44.4,2.0,9.0,1.0,106.8
390,COP,Oil & Gas,-7.4,25.7,1.0,0.9,-9.8,-15.3,-6.9,-3.1,-28.9,-32.5,-2.4,-7.4,179.6,-71.5,1.4,0.0,62.5,133.6,236.0,236.0,254.0,254.0,0.0,0.0,390.0,390.0,-32,5.619816051074686,STRONG_DOWN,MID_RANGE,MOMENTUM_DOWN,S5_TRASH,,,,,236.0,236.0,254.0,254.0,0.0,0.0,,0.0,0.0,0.0,0.0,390.0,390.0,,,,,,,100000000,100011000,62.4,0.0,66.7,44.4,2.0,9.0,1.0,106.8
391,CSGP,Real Estate,-175.3,2.5,2.5,3.0,-10.4,-23.5,-39.3,-57.1,-91.5,-113.7,-141.5,-175.3,138.6,-182.7,2.6,0.0,-1355.7,-34.3,580.0,580.0,584.0,584.0,0.0,0.0,391.0,391.0,-32,1966.9186898960745,STRONG_DOWN,LOWER,MOMENTUM_DOWN,S5_TRASH,,,,,580.0,580.0,584.0,584.0,0.0,0.0,,0.0,0.0,0.0,0.0,391.0,391.0,,,,,,,100000000,111000000,62.4,0.0,66.7,44.4,2.0,9.0,1.0,106.8
392,EL,Personal Products,-169.1,3.0,0.9,-2.4,-0.2,-7.0,-15.8,-16.4,-46.4,-88.9,-122.8,-169.1,96.0,-176.9,1.6,0.0,-4407.6,-28.1,576.0,576.0,580.0,580.0,0.0,0.0,392.0,392.0,-95,592.3999999999996,EARLY_DOWN,LOWER,MOMENTUM_DOWN,S5_TRASH,,,,,576.0,576.0,580.0,580.0,0.0,0.0,,0.0,0.0,0.0,0.0,392.0,392.0,,,,,,,000000000,111100000,62.4,0.0,88.9,44.4,2.0,9.0,1.0,106.8
393,SLB,Oil & Gas Equipment & Services,-108.8,17.6,2.2,0.3,-14.4,-15.2,-4.5,7.5,-24.7,-36.4,-33.7,-108.8,19.0,-135.4,2.2,0.0,-409.1,32.2,476.0,476.0,503.0,503.0,0.0,0.0,393.0,393.0,-33,36.51129734324803,STRONG_DOWN,LOWER,MOMENTUM_DOWN,S5_TRASH,,,,,476.0,476.0,503.0,503.0,0.0,0.0,,0.0,0.0,0.0,0.0,393.0,393.0,,,,,,,100010000,000011000,62.4,0.0,44.4,44.4,2.0,9.0,1.0,106.8
394,ADA-USD,Cryptocurrency,-110.5,0.1,0.1,-3.5,-38.2,-46.0,-53.5,-72.2,-99.8,-125.5,-105.6,-110.5,3485.6,-128.6,1.9,0.0,28169.2,-3.3,545.0,545.0,506.0,506.0,0.0,0.0,394.0,394.0,-71,23179.197917187368,STRONG_DOWN,LOWER,MOMENTUM_DOWN,S5_TRASH,,,,,545.0,545.0,506.0,506.0,0.0,0.0,,0.0,0.0,0.0,0.0,394.0,394.0,,,,,,,000000000,--0110000,44.6,0.0,57.1,57.1,2.0,7.0,1.0,101.7
395,IQV,Healthcare,-104.5,14.5,11.6,16.5,13.1,6.6,-6.0,-7.1,-39.4,-65.0,-84.2,-104.5,66.3,-132.9,2.2,0.0,-333.8,36.5,466.0,466.0,494.0,494.0,0.0,0.0,395.0,395.0,45,1519.5139705883225,STRONG_UP,LOWER,MOMENTUM_UP,S0_NEUTRAL,,,,,466.0,466.0,494.0,494.0,0.0,0.0,,0.0,0.0,0.0,0.0,395.0,395.0,,,,,,,111000000,1111-0000,100.3,0.0,88.9,0.0,0.0,9.0,1.0,100.3
396,V,Transaction Processing,-25.9,22.1,11.4,5.3,4.7,2.4,-1.1,-9.3,-18.8,-22.5,-36.3,-25.9,57.3,-49.1,2.3,0.0,33.1,115.1,273.0,273.0,290.0,290.0,0.0,0.0,396.0,396.0,4,4.157500665142745,STRONG_UP,MID_RANGE,MOMENTUM_UP,S1_LEADER,,,,,273.0,273.0,290.0,290.0,0.0,0.0,,0.0,0.0,0.0,0.0,396.0,396.0,,,,,,,111000000,11100-100,100.3,0.0,88.9,0.0,0.0,9.0,1.0,100.3
397,160580.KS,Copper,-39.8,35.6,2.1,0.6,2.6,0.1,1.2,10.0,6.5,-6.6,-10.8,-39.8,32.3,-78.9,1.6,0.0,-85.6,101.2,301.0,301.0,325.0,325.0,0.0,0.0,397.0,397.0,12,4.550595311601299,EARLY_DOWN,MID_RANGE,MOMENTUM_DOWN,S5_TRASH,,,,,301.0,301.0,325.0,325.0,0.0,0.0,,0.0,0.0,0.0,0.0,397.0,397.0,,,,,,,111111000,00001000-,96.2,0.0,22.2,0.0,0.0,9.0,1.0,96.2
398,BEN,Asset Management,-81.0,33.2,5.3,3.1,10.7,17.4,23.3,26.9,19.6,-3.4,-20.0,-81.0,9.6,-125.3,1.5,0.0,-194.6,59.9,404.0,404.0,432.0,432.0,0.0,0.0,398.0,398.0,-73,59.259658875648256,STRONG_UP,MID_RANGE,MOMENTUM_DOWN,S0_NEUTRAL,,,,,404.0,404.0,432.0,432.0,0.0,0.0,,0.0,0.0,0.0,0.0,398.0,398.0,,,,,,,111111000,00001-000,96.2,0.0,22.2,0.0,0.0,9.0,1.0,96.2
399,BR,Industrials,-111.6,4.1,4.1,2.8,-11.1,-19.8,-29.3,-42.0,-63.9,-75.0,-91.8,-111.6,60.8,-118.4,2.4,0.0,269.4,29.4,483.0,483.0,508.0,508.0,0.0,0.0,399.0,399.0,-33,-930.9109409558858,STRONG_DOWN,LOWER,MOMENTUM_DOWN,S5_TRASH,,,,,483.0,483.0,508.0,508.0,0.0,0.0,,0.0,0.0,0.0,0.0,399.0,399.0,,,,,,,100000000,111101100,95.80000000000001,0.0,133.3,0.0,0.0,9.0,1.0,95.8
400,D,Utilities,-86.2,20.9,6.6,4.0,11.0,8.3,12.5,14.5,23.7,-4.0,-35.6,-86.2,18.5,-113.3,1.7,0.0,-344.6,54.8,418.0,418.0,449.0,449.0,0.0,0.0,400.0,400.0,-31,206.985367540859,STRONG_UP,MID_RANGE,MOMENTUM_UP,S1_LEADER,,,,,418.0,418.0,449.0,449.0,0.0,0.0,,0.0,0.0,0.0,0.0,400.0,400.0,,,,,,,111111000,000000001,95.80000000000001,0.0,22.2,0.0,0.0,9.0,1.0,95.8
401,FDS,Financial Data & Stock Exchanges,-142.6,9.8,4.8,7.3,-4.3,-3.4,-10.2,-27.2,-68.6,-90.9,-111.8,-142.6,60.9,-164.1,2.5,0.0,-333.1,-1.6,542.0,542.0,554.0,554.0,0.0,0.0,401.0,401.0,-34,314.6802226239,EARLY_DOWN,LOWER,MOMENTUM_DOWN,S5_TRASH,,,,,542.0,542.0,554.0,554.0,0.0,0.0,,0.0,0.0,0.0,0.0,401.0,401.0,,,,,,,100000000,111111000,95.80000000000001,0.0,133.3,0.0,0.0,9.0,1.0,95.8
402,BBY,Specialty Retail,-94.6,19.7,5.0,6.6,17.9,16.1,11.8,4.4,-25.0,-47.7,-73.0,-94.6,97.8,-141.2,2.2,0.0,-235.3,46.4,437.0,437.0,467.0,467.0,0.0,0.0,402.0,402.0,11,88.89306394271688,STRONG_UP,LOWER,MOMENTUM_DOWN,S0_NEUTRAL,,,,,437.0,437.0,467.0,467.0,0.0,0.0,,0.0,0.0,0.0,0.0,402.0,402.0,,,,,,,111110000,110000000,95.8,0.0,44.4,0.0,0.0,9.0,1.0,95.8
403,DLTR,Discount Stores,-116.3,21.9,9.6,13.5,22.4,9.8,5.5,6.9,-12.5,-44.9,-68.4,-116.3,36.8,-158.6,1.4,0.0,-376.8,24.7,495.0,495.0,519.0,519.0,0.0,0.0,403.0,403.0,96,378.05784841440726,STRONG_UP,MID_RANGE,MOMENTUM_UP,S1_LEADER,,,,,495.0,495.0,519.0,519.0,0.0,0.0,,0.0,0.0,0.0,0.0,403.0,403.0,,,,,,,111110000,000011000,95.8,0.0,44.4,0.0,0.0,9.0,1.0,95.8
404,EQR,Real Estate,-80.4,14.1,12.9,9.3,5.8,4.3,4.9,0.2,-20.3,-37.0,-50.8,-80.4,30.5,-98.0,2.4,0.0,-286.3,60.6,401.0,401.0,430.0,430.0,0.0,0.0,404.0,404.0,134,3512.922780605395,STRONG_UP,LOWER,MOMENTUM_UP,S0_NEUTRAL,,,,,401.0,401.0,430.0,430.0,0.0,0.0,,0.0,0.0,0.0,0.0,404.0,404.0,,,,,,,111110000,110000000,95.8,0.0,44.4,0.0,0.0,9.0,1.0,95.8
405,ESS,Real Estate,-87.2,16.7,13.6,10.5,10.7,10.3,10.3,5.1,-11.2,-28.2,-48.0,-87.2,21.2,-108.5,2.7,0.0,-306.5,53.8,421.0,421.0,452.0,452.0,0.0,0.0,405.0,405.0,95,1608.11228899954,STRONG_UP,LOWER,MOMENTUM_UP,S0_NEUTRAL,,,,,421.0,421.0,452.0,452.0,0.0,0.0,,0.0,0.0,0.0,0.0,405.0,405.0,,,,,,,111110000,110000000,95.8,0.0,44.4,0.0,0.0,9.0,1.0,95.8
406,J,Industrials,-55.8,24.0,9.4,6.5,1.8,-5.7,-8.1,-15.8,-28.5,-41.8,-52.1,-55.8,52.0,-89.3,2.1,0.0,-24.3,85.2,331.0,331.0,360.0,360.0,0.0,0.0,406.0,406.0,-2,17.446311590264333,EARLY_DOWN,MID_RANGE,MOMENTUM_DOWN,S5_TRASH,,,,,331.0,331.0,360.0,360.0,0.0,0.0,,0.0,0.0,0.0,0.0,406.0,406.0,,,,,,,110000000,111110000,95.8,0.0,111.1,0.0,0.0,9.0,1.0,95.8
407,MAS,Industrials,-41.4,38.9,18.0,10.1,16.5,15.8,17.3,12.9,-6.4,-12.3,-24.0,-41.4,27.9,-84.9,2.2,0.0,-44.7,99.6,304.0,304.0,328.0,328.0,0.0,0.0,407.0,407.0,-28,60.671818744180044,STRONG_UP,MID_RANGE,MOMENTUM_UP,S1_LEADER,,,,,304.0,304.0,328.0,328.0,0.0,0.0,,0.0,0.0,0.0,0.0,407.0,407.0,,,,,,,111110000,010100000,95.8,0.0,44.4,0.0,0.0,9.0,1.0,95.8
408,MET,Financials,-42.8,21.8,6.7,3.0,7.8,10.0,8.0,2.4,-10.8,-21.9,-20.8,-42.8,42.0,-65.9,2.5,0.0,-74.9,98.2,305.0,305.0,329.0,329.0,0.0,0.0,408.0,408.0,13,35.40235415304076,EARLY_DOWN,MID_RANGE,MOMENTUM_DOWN,S5_TRASH,,,,,305.0,305.0,329.0,329.0,0.0,0.0,,0.0,0.0,0.0,0.0,408.0,408.0,,,,,,,111110000,000011000,95.8,0.0,44.4,0.0,0.0,9.0,1.0,95.8
409,PPG,Specialty Chemicals,-122.5,15.4,7.1,6.8,13.6,6.4,8.0,4.8,-29.5,-53.9,-77.2,-122.5,10.8,-146.2,2.1,0.0,-500.4,18.5,503.0,503.0,527.0,527.0,0.0,0.0,409.0,409.0,57,504.0562440006572,STRONG_UP,LOWER,MOMENTUM_UP,S0_NEUTRAL,,,,,503.0,503.0,527.0,527.0,0.0,0.0,,0.0,0.0,0.0,0.0,409.0,409.0,,,,,,,111110000,011000000,95.8,0.0,44.4,0.0,0.0,9.0,1.0,95.8
410,REG,Real Estate,-71.5,21.0,15.8,9.0,7.1,1.9,5.1,3.6,-8.3,-22.1,-28.8,-71.5,11.8,-93.0,2.2,0.0,-208.1,69.5,372.0,372.0,403.0,403.0,0.0,0.0,410.0,410.0,142,786.8372334876148,STRONG_UP,MID_RANGE,MOMENTUM_UP,S1_LEADER,,,,,372.0,372.0,403.0,403.0,0.0,0.0,,0.0,0.0,0.0,0.0,410.0,410.0,,,,,,,111110000,000011000,95.8,0.0,44.4,0.0,0.0,9.0,1.0,95.8
411,UDR,Real Estate,-97.5,16.2,11.2,9.0,10.9,7.6,6.4,0.2,-22.7,-43.3,-60.7,-97.5,16.1,-118.9,2.7,0.0,-316.9,43.5,447.0,447.0,477.0,477.0,0.0,0.0,411.0,411.0,105,824.2267754380467,STRONG_UP,LOWER,MOMENTUM_UP,S0_NEUTRAL,,,,,447.0,447.0,477.0,477.0,0.0,0.0,,0.0,0.0,0.0,0.0,411.0,411.0,,,,,,,111110000,110000000,95.8,0.0,44.4,0.0,0.0,9.0,1.0,95.8
412,VTRS,Healthcare,-103.1,31.2,9.2,8.8,8.9,9.4,20.3,42.0,42.5,29.5,-10.7,-103.1,6.1,-151.9,2.2,0.0,-258.8,37.9,461.0,461.0,489.0,489.0,0.0,0.0,412.0,412.0,61,140.25324499446322,STRONG_DOWN,MID_RANGE,MOMENTUM_UP,S4_BOTTOMING,,,,,461.0,461.0,489.0,489.0,0.0,0.0,,0.0,0.0,0.0,0.0,412.0,412.0,,,,,,,111111100,000000000,95.8,0.0,0.0,0.0,0.0,9.0,1.0,95.8
413,XEL,Utilities,-52.7,26.2,13.7,8.8,5.0,-0.9,1.0,0.6,3.9,-13.7,-34.0,-52.7,41.3,-85.6,1.4,0.0,-142.0,88.3,325.0,325.0,351.0,351.0,0.0,0.0,413.0,413.0,144,209.38520441210062,EARLY_UP,MID_RANGE,MOMENTUM_UP,S2_EARLY_BREAKOUT,,,,,325.0,325.0,351.0,351.0,0.0,0.0,,0.0,0.0,0.0,0.0,413.0,413.0,,,,,,,110111000,011000000,95.8,0.0,44.4,0.0,0.0,9.0,1.0,95.8
414,NDAQ,Financial Exchanges,-12.2,5.0,0.1,-1.9,-13.3,-15.5,-18.7,-21.8,-16.3,-27.0,-25.9,-12.2,76.6,-16.3,1.5,0.0,611.2,128.8,243.0,243.0,262.0,262.0,0.0,0.0,414.0,414.0,-78,42.68897127272476,STRONG_DOWN,LOWER,MOMENTUM_DOWN,S5_TRASH,,,,,243.0,243.0,262.0,262.0,0.0,0.0,,0.0,0.0,0.0,0.0,414.0,414.0,,,,,,,000000000,011110010,73.6,0.0,111.1,22.2,1.0,9.0,1.0,95.8
415,NKE,Footwear & Accessories,-180.4,2.4,0.0,-7.3,-8.0,-18.6,-28.3,-40.9,-78.2,-107.3,-135.5,-180.4,81.7,-186.2,2.0,0.0,-4163.6,-39.4,585.0,585.0,588.0,588.0,0.0,0.0,415.0,415.0,-78,-71.62208588271233,STRONG_DOWN,LOWER,MOMENTUM_DOWN,S5_TRASH,,,,,585.0,585.0,588.0,588.0,0.0,0.0,,0.0,0.0,0.0,0.0,415.0,415.0,,,,,,,000000000,111110000,73.6,0.0,111.1,22.2,1.0,9.0,1.0,95.8
416,HOLX,Unknown,-80.8,18.9,-0.3,-0.0,2.4,4.1,5.9,7.3,-21.6,-39.3,-55.6,-80.8,38.3,-108.0,1.8,0.0,-249.52090614471595,39.2,457.0,457.0,431.0,431.0,0.0,0.0,416.0,416.0,-72,0.0,STRONG_UP,LOWER,MOMENTUM_UP,S0_NEUTRAL,,,,,457.0,457.0,431.0,431.0,0.0,0.0,,0.0,0.0,0.0,0.0,416.0,416.0,16968845705.95,16.969,437.0,other,equity,data_raw,011110000,101010000,95.7,0.0,66.7,0.0,0.0,9.0,1.0,95.7
417,ARE,Real Estate,-180.4,7.9,4.9,10.8,24.8,15.5,9.0,-11.9,-62.8,-96.3,-128.4,-180.4,27.8,-197.6,2.4,0.0,-1364.1,-39.4,585.0,585.0,588.0,588.0,0.0,0.0,417.0,417.0,-5,2392.971842066188,STRONG_UP,LOWER,MOMENTUM_UP,S0_NEUTRAL,,,,,585.0,585.0,588.0,588.0,0.0,0.0,,0.0,0.0,0.0,0.0,417.0,417.0,,,,,,,111100000,111000000,95.69999999999999,0.0,66.7,0.0,0.0,9.0,1.0,95.7
418,CCL,Travel Services,-110.4,16.7,-1.1,-3.2,8.7,0.4,-1.2,-5.2,14.1,23.1,-18.4,-110.4,18.9,-135.6,1.6,0.0,-481.7,30.6,480.0,480.0,505.0,505.0,0.0,0.0,418.0,418.0,-139,-23.41597524289358,EARLY_DOWN,LOWER,MOMENTUM_DOWN,S5_TRASH,,,,,480.0,480.0,505.0,505.0,0.0,0.0,,0.0,0.0,0.0,0.0,418.0,418.0,,,,,,,011001100,000001110,95.69999999999999,0.0,66.7,0.0,0.0,9.0,1.0,95.7
419,ES,Utilities,-102.7,12.9,7.8,8.2,8.2,0.5,1.9,-0.2,-10.7,-37.9,-66.5,-102.7,49.7,-124.9,1.7,0.0,-584.6,38.3,459.0,459.0,487.0,487.0,0.0,0.0,419.0,419.0,37,1068.9555983737132,STRONG_UP,LOWER,MOMENTUM_UP,S0_NEUTRAL,,,,,459.0,459.0,487.0,487.0,0.0,0.0,,0.0,0.0,0.0,0.0,419.0,419.0,,,,,,,111100000,111000000,95.69999999999999,0.0,66.7,0.0,0.0,9.0,1.0,95.7
420,GEN,Technology,-64.4,22.9,5.2,3.7,8.5,9.6,1.4,-11.8,-25.3,-40.7,-48.9,-64.4,53.5,-105.8,2.1,0.0,-51.9,76.6,351.0,351.0,380.0,380.0,0.0,0.0,420.0,420.0,-2,17.73974619107843,EARLY_DOWN,MID_RANGE,MOMENTUM_DOWN,S5_TRASH,,,,,351.0,351.0,380.0,380.0,0.0,0.0,,0.0,0.0,0.0,0.0,420.0,420.0,,,,,,,111100000,001110000,95.69999999999999,0.0,66.7,0.0,0.0,9.0,1.0,95.7
421,GLD,Gold (ETF),-8.0,36.0,-1.4,-0.9,-9.1,-18.2,-16.9,-9.3,14.4,20.8,10.6,-8.0,82.5,-58.5,1.4,0.0,-27.4,133.0,237.0,237.0,255.0,255.0,0.0,0.0,421.0,421.0,-79,-0.4773320785598756,STRONG_DOWN,MID_RANGE,MOMENTUM_DOWN,S5_TRASH,,,,,237.0,237.0,255.0,255.0,0.0,0.0,,0.0,0.0,0.0,0.0,421.0,421.0,,,,,,,000001110,001000111,95.69999999999999,0.0,88.9,0.0,0.0,9.0,1.0,95.7
422,HBAN,Banks - Regional,-40.0,31.7,16.4,8.1,11.0,5.6,2.2,-1.3,-0.1,-7.7,-13.2,-40.0,27.8,-74.2,1.5,0.0,-55.2,101.0,302.0,302.0,326.0,326.0,0.0,0.0,422.0,422.0,35,81.68372030984132,STRONG_UP,MID_RANGE,MOMENTUM_UP,S1_LEADER,,,,,302.0,302.0,326.0,326.0,0.0,0.0,,0.0,0.0,0.0,0.0,422.0,422.0,,,,,,,111100000,100010100,95.69999999999999,0.0,66.7,0.0,0.0,9.0,1.0,95.7
423,HD,N/A,-67.1,18.7,8.7,7.0,11.4,0.7,-3.4,-12.5,-32.8,-46.6,-58.4,-67.1,61.9,-96.4,2.2,0.0,-51.1,73.9,361.0,361.0,391.0,391.0,0.0,0.0,423.0,423.0,-47,52.59166960180524,STRONG_UP,LOWER,MOMENTUM_UP,S0_NEUTRAL,,,,,361.0,361.0,391.0,391.0,0.0,0.0,,0.0,0.0,0.0,0.0,423.0,423.0,,,,,,,111000000,110110000,95.69999999999999,0.0,88.9,0.0,0.0,9.0,1.0,95.7
424,HON,Industrials,-62.6,21.6,8.7,4.0,5.1,-2.6,2.6,1.9,-8.3,-23.4,-39.6,-62.6,18.2,-84.2,2.0,0.0,-182.1,78.4,344.0,344.0,373.0,373.0,0.0,0.0,424.0,424.0,-5,176.48275409823205,STRONG_UP,MID_RANGE,MOMENTUM_UP,S1_LEADER,,,,,344.0,344.0,373.0,373.0,0.0,0.0,,0.0,0.0,0.0,0.0,424.0,424.0,,,,,,,110110000,011010000,95.69999999999999,0.0,66.7,0.0,0.0,9.0,1.0,95.7
425,HRL,Packaged Foods,-142.6,14.6,6.9,12.3,20.3,11.7,9.0,-0.9,-39.1,-68.8,-97.4,-142.6,42.7,-173.8,2.1,0.0,-573.3,-1.6,542.0,542.0,554.0,554.0,0.0,0.0,425.0,425.0,33,600.9713951838057,STRONG_UP,LOWER,MOMENTUM_UP,S0_NEUTRAL,,,,,542.0,542.0,554.0,554.0,0.0,0.0,,0.0,0.0,0.0,0.0,425.0,425.0,,,,,,,111100000,111000000,95.69999999999999,0.0,66.7,0.0,0.0,9.0,1.0,95.7
426,MCHP,Semiconductors,-31.6,43.8,-12.8,-9.3,-2.9,8.5,20.1,23.2,-4.1,-21.3,-28.5,-31.6,64.3,-105.7,2.0,0.0,-57.3,109.4,287.0,287.0,305.0,305.0,0.0,0.0,426.0,426.0,-168,-20.350677589723546,EARLY_DOWN,MID_RANGE,MOMENTUM_DOWN,S5_TRASH,,,,,287.0,287.0,305.0,305.0,0.0,0.0,,0.0,0.0,0.0,0.0,426.0,426.0,,,,,,,001110000,001111000,95.69999999999999,0.0,88.9,0.0,0.0,9.0,1.0,95.7
427,NVR,Residential Construction,-51.2,20.7,8.4,7.8,12.6,0.3,-6.4,-15.3,-40.5,-43.2,-51.3,-51.2,92.0,-92.2,2.0,0.0,82.2,89.8,321.0,321.0,346.0,346.0,0.0,0.0,427.0,427.0,-47,42.591131542541554,STRONG_UP,MID_RANGE,MOMENTUM_UP,S1_LEADER,,,,,321.0,321.0,346.0,346.0,0.0,0.0,,0.0,0.0,0.0,0.0,427.0,427.0,,,,,,,111000000,010101100,95.69999999999999,0.0,88.9,0.0,0.0,9.0,1.0,95.7
428,O,Real Estate,-67.9,16.3,11.9,7.4,4.5,-2.4,1.2,2.3,-7.1,-25.2,-42.0,-67.9,32.7,-87.0,2.1,0.0,-293.3,73.1,364.0,364.0,394.0,394.0,0.0,0.0,428.0,428.0,83,927.2478487309111,EARLY_UP,LOWER,MOMENTUM_UP,S4_BOTTOMING,,,,,364.0,364.0,394.0,394.0,0.0,0.0,,0.0,0.0,0.0,0.0,428.0,428.0,,,,,,,110110000,111000000,95.69999999999999,0.0,66.7,0.0,0.0,9.0,1.0,95.7
429,VMC,Building Materials,-23.7,47.6,13.9,5.4,9.4,3.7,2.5,-0.0,-9.8,-6.6,-6.6,-23.7,23.2,-65.7,1.6,0.0,-13.4,117.2,269.0,269.0,286.0,286.0,0.0,0.0,429.0,429.0,-4,10.674990390413564,STRONG_UP,MID_RANGE,NEUTRAL,S0_NEUTRAL,,,,,269.0,269.0,286.0,286.0,0.0,0.0,,0.0,0.0,0.0,0.0,429.0,429.0,,,,,,,111100000,000111000,95.69999999999999,0.0,66.7,0.0,0.0,9.0,1.0,95.7
430,BG,Food Products,-45.9,25.4,1.7,0.8,-11.7,-15.8,-6.7,5.7,-13.4,-30.3,-19.7,-45.9,82.2,-88.8,1.9,0.0,-126.7,95.1,309.0,309.0,335.0,335.0,0.0,0.0,430.0,430.0,-44,1.877758250449702,STRONG_DOWN,MID_RANGE,MOMENTUM_DOWN,S5_TRASH,,,,,309.0,309.0,335.0,335.0,0.0,0.0,,0.0,0.0,0.0,0.0,430.0,430.0,,,,,,,100010000,000111000,73.5,0.0,66.7,22.2,1.0,9.0,1.0,95.7
431,CI,Healthcare,-94.7,9.6,5.2,3.9,2.9,-1.9,-2.2,-8.5,-37.7,-49.9,-60.6,-94.7,48.1,-109.6,2.3,0.0,-382.7,46.3,439.0,439.0,468.0,468.0,0.0,0.0,431.0,431.0,0,451.18282136533975,EARLY_DOWN,LOWER,MOMENTUM_DOWN,S5_TRASH,,,,,439.0,439.0,468.0,468.0,0.0,0.0,,0.0,0.0,0.0,0.0,431.0,431.0,,,,,,,110000000,100011000,73.5,0.0,66.7,22.2,1.0,9.0,1.0,95.7
432,EFX,Industrials,-135.5,4.9,4.9,5.5,-7.4,-17.0,-22.8,-35.4,-64.1,-83.2,-99.9,-135.5,48.7,-144.6,2.6,0.0,-687.8,5.5,526.0,526.0,545.0,545.0,0.0,0.0,432.0,432.0,-44,2716.831836666929,STRONG_DOWN,LOWER,MOMENTUM_DOWN,S5_TRASH,,,,,526.0,526.0,545.0,545.0,0.0,0.0,,0.0,0.0,0.0,0.0,432.0,432.0,,,,,,,100000000,001111000,73.5,0.0,88.9,22.2,1.0,9.0,1.0,95.7
433,FISV,Financial Technology,-184.7,3.9,3.1,5.9,-17.0,-20.7,-24.6,-47.6,-91.8,-111.5,-139.0,-184.7,66.3,-194.4,5.0,0.0,-445.4,-43.7,589.0,589.0,591.0,591.0,0.0,0.0,433.0,433.0,-43,1196.303308102183,STRONG_DOWN,LOWER,MOMENTUM_UP,S4_BOTTOMING,,,,,589.0,589.0,591.0,591.0,0.0,0.0,,0.0,0.0,0.0,0.0,433.0,433.0,,,,,,,100000000,111000100,73.5,0.0,88.9,22.2,1.0,9.0,1.0,95.7
434,GDDY,Technology,-115.4,7.5,7.0,12.3,-4.4,-6.2,-18.0,-37.3,-62.2,-68.9,-88.6,-115.4,129.1,-134.7,2.6,0.0,540.9,25.6,489.0,489.0,514.0,514.0,0.0,0.0,434.0,434.0,-80,-498.27263348704207,EARLY_UP,LOWER,MOMENTUM_UP,S4_BOTTOMING,,,,,489.0,489.0,514.0,514.0,0.0,0.0,,0.0,0.0,0.0,0.0,434.0,434.0,,,,,,,100000000,110001100,73.5,0.0,88.9,22.2,1.0,9.0,1.0,95.7
435,GPC,Auto Parts,-105.7,16.3,7.7,9.3,16.2,5.7,-4.0,-12.5,-36.8,-56.9,-67.5,-105.7,56.8,-136.8,1.9,0.0,-309.6,35.3,470.0,470.0,499.0,499.0,0.0,0.0,435.0,435.0,-44,354.2479674589043,STRONG_UP,LOWER,MOMENTUM_UP,S0_NEUTRAL,,,,,470.0,470.0,499.0,499.0,0.0,0.0,,0.0,0.0,0.0,0.0,435.0,435.0,,,,,,,111000000,000011000,73.5,0.0,44.4,22.2,1.0,9.0,1.0,95.7
436,MA,Data Processing & Outsourced Services,-19.0,14.8,7.6,4.5,2.1,-3.8,-8.9,-17.4,-30.3,-34.9,-48.6,-19.0,99.1,-39.4,1.8,0.0,230.2,122.0,258.0,258.0,276.0,276.0,0.0,0.0,436.0,436.0,-1,-294.49550332544703,EARLY_UP,LOWER,MOMENTUM_UP,S4_BOTTOMING,,,,,258.0,258.0,276.0,276.0,0.0,0.0,,0.0,0.0,0.0,0.0,436.0,436.0,,,,,,,110000000,111000000,73.5,0.0,66.7,22.2,1.0,9.0,1.0,95.7
437,PTC,Technology,-108.7,4.8,3.8,3.4,-16.4,-23.8,-29.7,-41.5,-65.4,-76.3,-88.3,-108.7,82.2,-117.8,2.6,0.0,197.6,32.3,475.0,475.0,502.0,502.0,0.0,0.0,437.0,437.0,-43,-911.2684146106479,STRONG_DOWN,LOWER,MOMENTUM_UP,S4_BOTTOMING,,,,,475.0,475.0,502.0,502.0,0.0,0.0,,0.0,0.0,0.0,0.0,437.0,437.0,,,,,,,100000000,101010100,73.5,0.0,88.9,22.2,1.0,9.0,1.0,95.7
438,SCHW,Investment Banking & Brokerage,-42.8,17.1,3.4,1.5,2.0,-5.0,-8.6,-11.6,-5.9,-23.5,-20.7,-42.8,56.7,-63.4,1.3,0.0,-121.4,98.2,305.0,305.0,329.0,329.0,0.0,0.0,438.0,438.0,-43,38.55570563641626,STRONG_UP,LOWER,MOMENTUM_DOWN,S0_NEUTRAL,,,,,305.0,305.0,329.0,329.0,0.0,0.0,,0.0,0.0,0.0,0.0,438.0,438.0,,,,,,,110000000,100110000,73.5,0.0,66.7,22.2,1.0,9.0,1.0,95.7
439,LYB,Specialty Chemicals,-93.0,14.2,-2.5,-4.6,-19.6,-21.1,-5.5,-4.8,-49.3,-63.2,-65.8,-93.0,80.7,-121.2,2.6,0.0,-139.7,48.0,432.0,432.0,461.0,461.0,0.0,0.0,439.0,439.0,-120,-38.91188266169975,STRONG_DOWN,LOWER,MOMENTUM_DOWN,S5_TRASH,,,,,432.0,432.0,461.0,461.0,0.0,0.0,,0.0,0.0,0.0,0.0,439.0,439.0,,,,,,,000000000,100011000,51.3,0.0,66.7,44.4,2.0,9.0,1.0,95.7
440,ZS,Theme (User Picks),-70.6,2.7,2.7,8.5,-8.9,-12.1,-27.0,-47.0,-65.4,-84.0,-88.3,-70.6,408.1,-98.7,2.0,0.0,1993.4,32.0,477.0,477.0,400.0,400.0,0.0,0.0,440.0,440.0,-42,-1087.3133532244674,STRONG_DOWN,LOWER,MOMENTUM_UP,S4_BOTTOMING,,,,,477.0,477.0,400.0,400.0,0.0,0.0,,0.0,0.0,0.0,0.0,440.0,440.0,,,,,,,100000000,---110000,59.4,0.0,66.7,33.3,1.0,6.0,1.0,92.7
441,SPCE,Aerospace & Defense,-187.8,1.9,-0.8,-11.3,-0.6,23.4,18.7,9.3,-66.9,-115.1,-155.8,-187.8,360.7,-212.4,2.5,0.0,-4582.398073028932,-74.3,597.0,597.0,593.0,593.0,0.0,0.0,441.0,441.0,-79,0.0,EARLY_DOWN,LOWER,MOMENTUM_DOWN,S5_TRASH,,,,,597.0,597.0,593.0,593.0,0.0,0.0,,0.0,0.0,0.0,0.0,441.0,441.0,434740921.48,0.435,545.0,other,equity,data_raw,001110000,--1000000,63.6,0.0,28.6,28.6,1.0,7.0,1.0,92.2
442,WM,Waste Management,-6.9,28.7,18.8,7.7,5.0,-3.2,-2.1,-5.6,-15.3,-18.9,-18.9,-6.9,60.4,-33.4,1.9,0.0,50.1,134.1,233.0,233.0,250.0,250.0,0.0,0.0,442.0,442.0,-1,-66.28245673171236,EARLY_UP,MID_RANGE,MOMENTUM_UP,S2_EARLY_BREAKOUT,,,,,233.0,233.0,250.0,250.0,0.0,0.0,,0.0,0.0,0.0,0.0,442.0,442.0,,,,,,,110000000,110011-00,89.2,0.0,88.9,0.0,0.0,9.0,1.0,89.2
443,INVH,Real Estate,-97.7,11.2,10.0,9.8,7.1,8.7,7.1,-2.8,-34.9,-58.1,-77.9,-97.7,20.8,-125.9,3.1,0.0,-531.0,22.0,499.0,499.0,478.0,478.0,0.0,0.0,443.0,443.0,83,4469.0,STRONG_UP,LOWER,MOMENTUM_UP,S0_NEUTRAL,,,,,499.0,499.0,478.0,478.0,0.0,0.0,,0.0,0.0,0.0,0.0,443.0,443.0,,,,,,,111100000,--1100000,89.0,0.0,57.1,0.0,0.0,7.0,1.0,89.0
444,USB,Financials,-71.1,29.0,11.7,7.4,12.3,8.8,9.6,15.2,19.0,-1.9,-22.5,-71.1,15.5,-105.7,1.9,0.0,-184.7,69.9,370.0,370.0,401.0,401.0,0.0,0.0,444.0,444.0,-36,172.11845987196472,STRONG_UP,MID_RANGE,MOMENTUM_UP,S1_LEADER,,,,,370.0,370.0,401.0,401.0,0.0,0.0,,0.0,0.0,0.0,0.0,444.0,444.0,,,,,,,111111000,000000000,84.7,0.0,0.0,0.0,0.0,9.0,1.0,84.7
445,APD,Specialty Chemicals,-64.0,12.9,3.1,1.7,-2.7,-6.5,-2.9,-6.9,-29.1,-42.5,-60.3,-64.0,72.8,-84.0,2.1,0.0,-145.9,77.0,350.0,350.0,379.0,379.0,0.0,0.0,445.0,445.0,-42,46.84525889201248,STRONG_DOWN,LOWER,NEUTRAL,S5_TRASH,,,,,350.0,350.0,379.0,379.0,0.0,0.0,,0.0,0.0,0.0,0.0,445.0,445.0,,,,,,,100000000,111110000,84.69999999999999,0.0,111.1,0.0,0.0,9.0,1.0,84.7
446,FRT,Real Estate,-79.7,28.1,10.1,6.5,8.2,8.0,13.6,16.9,-0.4,-15.9,-28.1,-79.7,8.5,-113.5,2.2,0.0,-184.5,61.3,396.0,396.0,425.0,425.0,0.0,0.0,446.0,446.0,-29,130.88627408340045,STRONG_UP,MID_RANGE,MOMENTUM_UP,S1_LEADER,,,,,396.0,396.0,425.0,425.0,0.0,0.0,,0.0,0.0,0.0,0.0,446.0,446.0,,,,,,,111110000,000001000,84.69999999999999,0.0,22.2,0.0,0.0,9.0,1.0,84.7
447,HSIC,Healthcare,-116.1,18.3,9.0,8.9,14.4,7.7,7.5,8.2,-16.8,-41.8,-64.5,-116.1,10.2,-143.9,1.8,0.0,-423.2,24.8,494.0,494.0,518.0,518.0,0.0,0.0,447.0,447.0,96,501.08909286320824,STRONG_UP,LOWER,MOMENTUM_UP,S0_NEUTRAL,,,,,494.0,494.0,518.0,518.0,0.0,0.0,,0.0,0.0,0.0,0.0,447.0,447.0,,,,,,,111110000,000010000,84.69999999999999,0.0,22.2,0.0,0.0,9.0,1.0,84.7
448,MGM,Resorts & Casinos,-76.6,34.5,9.2,7.6,13.8,19.3,25.4,25.5,-4.8,-27.6,-34.2,-76.6,24.1,-129.1,1.9,0.0,-144.4,64.4,385.0,385.0,416.0,416.0,0.0,0.0,448.0,448.0,-26,69.66713746766754,EARLY_DOWN,MID_RANGE,MOMENTUM_DOWN,S5_TRASH,,,,,385.0,385.0,416.0,416.0,0.0,0.0,,0.0,0.0,0.0,0.0,448.0,448.0,,,,,,,111110000,000001000,84.69999999999999,0.0,22.2,0.0,0.0,9.0,1.0,84.7
449,SJM,Packaged Foods,-109.1,18.0,7.8,6.9,18.4,10.1,10.6,6.4,-17.2,-40.4,-60.0,-109.1,15.9,-135.9,2.2,0.0,-404.4,31.8,479.0,479.0,504.0,504.0,0.0,0.0,449.0,449.0,22,357.32429493112124,EARLY_DOWN,LOWER,MOMENTUM_DOWN,S5_TRASH,,,,,479.0,479.0,504.0,504.0,0.0,0.0,,0.0,0.0,0.0,0.0,449.0,449.0,,,,,,,111110000,000010000,84.69999999999999,0.0,22.2,0.0,0.0,9.0,1.0,84.7
450,BAX,Healthcare,-186.5,7.5,4.7,13.4,25.4,18.3,13.6,-3.2,-53.6,-90.3,-127.7,-186.5,45.4,-205.0,3.1,0.0,-1729.8,-45.5,590.0,590.0,592.0,592.0,0.0,0.0,450.0,450.0,-3,3130.1737792205167,STRONG_UP,LOWER,MOMENTUM_UP,S0_NEUTRAL,,,,,590.0,590.0,592.0,592.0,0.0,0.0,,0.0,0.0,0.0,0.0,450.0,450.0,,,,,,,111100000,110000000,84.6,0.0,44.4,0.0,0.0,9.0,1.0,84.6
451,BF-B,Beverages - Wineries & Distilleries,-171.0,7.5,4.2,7.5,11.6,2.2,-0.3,-6.9,-56.2,-89.9,-122.1,-171.0,47.8,-188.1,2.8,0.0,-1510.9,-30.0,578.0,578.0,582.0,582.0,0.0,0.0,451.0,451.0,-3,2067.755440859029,STRONG_UP,LOWER,MOMENTUM_UP,S0_NEUTRAL,,,,,578.0,578.0,582.0,582.0,0.0,0.0,,0.0,0.0,0.0,0.0,451.0,451.0,,,,,,,111000000,111000000,84.6,0.0,66.7,0.0,0.0,9.0,1.0,84.6
452,BRK-B,Diversified Financial Services,-37.0,21.2,10.2,4.5,7.1,-0.1,-2.7,-7.7,-19.6,-20.4,-20.4,-37.0,42.5,-58.1,2.9,0.0,-3.7,104.0,297.0,297.0,319.0,319.0,0.0,0.0,452.0,452.0,-37,2.864345621556607,STRONG_UP,MID_RANGE,MOMENTUM_UP,S1_LEADER,,,,,297.0,297.0,319.0,319.0,0.0,0.0,,0.0,0.0,0.0,0.0,452.0,452.0,,,,,,,110000000,100011100,84.6,0.0,88.9,0.0,0.0,9.0,1.0,84.6
453,CHD,Household & Personal Products,-81.0,15.3,8.5,6.7,5.5,-1.1,2.8,-0.9,-28.6,-42.4,-61.1,-81.0,46.1,-103.4,2.5,0.0,-233.4,60.0,402.0,402.0,432.0,432.0,0.0,0.0,453.0,453.0,40,334.5540819395055,STRONG_UP,LOWER,MOMENTUM_UP,S0_NEUTRAL,,,,,402.0,402.0,432.0,432.0,0.0,0.0,,0.0,0.0,0.0,0.0,453.0,453.0,,,,,,,110100000,111000000,84.6,0.0,66.7,0.0,0.0,9.0,1.0,84.6
454,COO,Healthcare,-139.7,13.1,6.8,10.3,17.3,0.4,-7.5,-10.1,-49.8,-73.5,-100.2,-139.7,37.1,-165.8,2.0,0.0,-521.9,1.3,538.0,538.0,552.0,552.0,0.0,0.0,454.0,454.0,-2,636.68895548525,STRONG_UP,LOWER,MOMENTUM_UP,S0_NEUTRAL,,,,,538.0,538.0,552.0,552.0,0.0,0.0,,0.0,0.0,0.0,0.0,454.0,454.0,,,,,,,111000000,111000000,84.6,0.0,66.7,0.0,0.0,9.0,1.0,84.6
455,CPAY,Software - Infrastructure,-92.5,14.8,0.4,-1.1,1.1,0.5,1.5,-2.3,-22.5,-29.5,-57.6,-92.5,47.1,-116.3,1.8,0.0,-310.3,48.5,431.0,431.0,460.0,460.0,0.0,0.0,455.0,455.0,-81,-3.762572904320109,EARLY_DOWN,LOWER,MOMENTUM_DOWN,S5_TRASH,,,,,431.0,431.0,460.0,460.0,0.0,0.0,,0.0,0.0,0.0,0.0,455.0,455.0,,,,,,,011100000,110000100,84.6,0.0,66.7,0.0,0.0,9.0,1.0,84.6
456,CPT,Real Estate,-98.6,13.7,9.3,9.3,11.9,8.0,5.0,-0.3,-19.8,-47.2,-65.5,-98.6,43.3,-120.7,2.4,0.0,-415.3,42.4,449.0,449.0,480.0,480.0,0.0,0.0,456.0,456.0,41,990.4515955611876,EARLY_DOWN,LOWER,MOMENTUM_UP,S4_BOTTOMING,,,,,449.0,449.0,480.0,480.0,0.0,0.0,,0.0,0.0,0.0,0.0,456.0,456.0,,,,,,,111100000,010100000,84.6,0.0,44.4,0.0,0.0,9.0,1.0,84.6
457,ECL,Specialty Chemicals,-63.4,23.6,12.0,8.0,12.6,1.3,-0.3,-4.1,-10.5,-14.1,-38.1,-63.4,35.5,-93.5,1.9,0.0,-124.8,77.6,346.0,346.0,375.0,375.0,0.0,0.0,457.0,457.0,-41,177.5,STRONG_UP,MID_RANGE,MOMENTUM_UP,S1_LEADER,,,,,346.0,346.0,375.0,375.0,0.0,0.0,,0.0,0.0,0.0,0.0,457.0,457.0,,,,,,,111000000,111000000,84.6,0.0,66.7,0.0,0.0,9.0,1.0,84.6
458,ED,Electric Utilities,-80.3,17.2,11.5,8.0,6.6,-1.2,1.6,0.2,-14.0,-24.7,-41.0,-80.3,25.7,-101.7,2.3,0.0,-285.0,60.7,400.0,400.0,429.0,429.0,0.0,0.0,458.0,458.0,78,702.1099619132096,STRONG_UP,LOWER,MOMENTUM_UP,S0_NEUTRAL,,,,,400.0,400.0,429.0,429.0,0.0,0.0,,0.0,0.0,0.0,0.0,458.0,458.0,,,,,,,110110000,000011000,84.6,0.0,44.4,0.0,0.0,9.0,1.0,84.6
459,EG,Insurance - Reinsurance,-84.7,17.0,10.2,8.5,6.4,3.2,3.6,-1.8,-31.2,-40.2,-50.8,-84.7,38.9,-109.5,2.3,0.0,-221.8,56.3,413.0,413.0,444.0,444.0,0.0,0.0,459.0,459.0,78,397.8972365782783,EARLY_UP,LOWER,MOMENTUM_UP,S4_BOTTOMING,,,,,413.0,413.0,444.0,444.0,0.0,0.0,,0.0,0.0,0.0,0.0,459.0,459.0,,,,,,,111100000,000011000,84.6,0.0,44.4,0.0,0.0,9.0,1.0,84.6
460,FE,Utilities,-61.1,19.2,12.2,6.9,6.4,-3.7,-1.6,0.6,-3.7,-14.8,-30.9,-61.1,30.9,-82.4,2.0,0.0,-222.5,79.9,337.0,337.0,366.0,366.0,0.0,0.0,460.0,460.0,42,484.23606363436033,STRONG_UP,LOWER,MOMENTUM_UP,S0_NEUTRAL,,,,,337.0,337.0,366.0,366.0,0.0,0.0,,0.0,0.0,0.0,0.0,460.0,460.0,,,,,,,110010000,110001000,84.6,0.0,66.7,0.0,0.0,9.0,1.0,84.6
461,ITW,Industrials,-61.6,21.8,7.9,4.0,8.2,-1.5,-0.7,-3.9,-23.4,-34.6,-46.5,-61.6,26.1,-85.6,2.5,0.0,-109.7,79.4,338.0,338.0,367.0,367.0,0.0,0.0,461.0,461.0,-84,84.46708217085246,STRONG_UP,MID_RANGE,NEUTRAL,S0_NEUTRAL,,,,,338.0,338.0,367.0,367.0,0.0,0.0,,0.0,0.0,0.0,0.0,461.0,461.0,,,,,,,110000000,010111000,84.6,0.0,88.9,0.0,0.0,9.0,1.0,84.6
462,IVZ,Asset Management,-50.2,48.8,-7.0,-4.4,-0.8,-3.0,-2.9,11.8,33.6,14.5,15.5,-50.2,8.3,-104.9,1.7,0.0,-80.5,90.8,320.0,320.0,345.0,345.0,0.0,0.0,462.0,462.0,-181,-19.18481654891027,EARLY_DOWN,MID_RANGE,MOMENTUM_DOWN,S5_TRASH,,,,,320.0,320.0,345.0,345.0,0.0,0.0,,0.0,0.0,0.0,0.0,462.0,462.0,,,,,,,000011110,000010001,84.6,0.0,44.4,0.0,0.0,9.0,1.0,84.6
463,MDLZ,Confectioners,-108.0,8.3,5.6,3.7,0.7,-2.7,-0.6,-8.2,-37.3,-54.4,-73.9,-108.0,19.9,-119.1,2.4,0.0,-710.3,33.0,473.0,473.0,500.0,500.0,0.0,0.0,463.0,463.0,-3,1520.3532199416848,EARLY_DOWN,LOWER,MOMENTUM_DOWN,S5_TRASH,,,,,473.0,473.0,500.0,500.0,0.0,0.0,,0.0,0.0,0.0,0.0,463.0,463.0,,,,,,,110000000,011011000,84.6,0.0,88.9,0.0,0.0,9.0,1.0,84.6
464,PNR,Industrials,-73.8,16.9,8.5,5.4,3.6,-10.8,-20.1,-29.5,-39.3,-39.1,-42.8,-73.8,34.9,-95.3,1.5,0.0,33.7,67.2,379.0,379.0,411.0,411.0,0.0,0.0,464.0,464.0,1,-44.59789747686504,EARLY_UP,LOWER,MOMENTUM_UP,S4_BOTTOMING,,,,,379.0,379.0,411.0,411.0,0.0,0.0,,0.0,0.0,0.0,0.0,464.0,464.0,,,,,,,110000000,000101110,84.6,0.0,88.9,0.0,0.0,9.0,1.0,84.6
465,SYK,Medical Devices,-63.8,23.5,14.9,10.7,13.3,-0.9,-6.9,-15.8,-34.5,-39.7,-51.9,-63.8,37.3,-94.5,2.5,0.0,-8.1,77.2,348.0,348.0,377.0,377.0,0.0,0.0,465.0,465.0,-41,13.691745451103879,STRONG_UP,MID_RANGE,MOMENTUM_UP,S1_LEADER,,,,,348.0,348.0,377.0,377.0,0.0,0.0,,0.0,0.0,0.0,0.0,465.0,465.0,,,,,,,110000000,011001100,84.6,0.0,88.9,0.0,0.0,9.0,1.0,84.6
466,SYY,Food Distribution,-83.9,20.3,10.7,7.8,13.4,3.8,2.8,-0.2,-12.7,-31.9,-50.1,-83.9,22.5,-110.4,2.0,0.0,-253.2,57.1,412.0,412.0,443.0,443.0,0.0,0.0,466.0,466.0,47,358.92899835096676,STRONG_UP,MID_RANGE,MOMENTUM_UP,S1_LEADER,,,,,412.0,412.0,443.0,443.0,0.0,0.0,,0.0,0.0,0.0,0.0,466.0,466.0,,,,,,,111100000,110000000,84.6,0.0,44.4,0.0,0.0,9.0,1.0,84.6
467,WBD,Entertainment,-91.7,25.0,3.0,4.7,0.0,-6.3,-6.1,36.3,97.2,44.3,-12.6,-91.7,140.4,-168.4,1.7,0.0,-384.9,49.3,429.0,429.0,458.0,458.0,0.0,0.0,467.0,467.0,-40,66.17010120311409,EARLY_UP,MID_RANGE,NEUTRAL,S0_NEUTRAL,,,,,429.0,429.0,458.0,458.0,0.0,0.0,,0.0,0.0,0.0,0.0,467.0,467.0,,,,,,,100011100,000000011,84.6,0.0,44.4,0.0,0.0,9.0,1.0,84.6
468,YUM,Restaurants,-55.3,17.8,9.6,5.5,4.0,-3.4,-3.4,-5.0,-18.8,-29.5,-40.7,-55.3,45.1,-76.6,2.1,0.0,-141.6,85.7,329.0,329.0,356.0,356.0,0.0,0.0,468.0,468.0,7,198.34271415882867,EARLY_DOWN,LOWER,MOMENTUM_UP,S4_BOTTOMING,,,,,329.0,329.0,356.0,356.0,0.0,0.0,,0.0,0.0,0.0,0.0,468.0,468.0,,,,,,,110000000,110011000,84.6,0.0,88.9,0.0,0.0,9.0,1.0,84.6
469,AMT,Telecommunications Infrastructure,-113.2,5.4,3.0,2.3,-3.5,-7.1,-6.6,-15.8,-36.7,-61.7,-88.0,-113.2,77.9,-123.7,2.3,0.0,-1104.8,27.8,484.0,484.0,509.0,509.0,0.0,0.0,469.0,469.0,-39,1362.1753874693075,EARLY_DOWN,LOWER,MOMENTUM_DOWN,S5_TRASH,,,,,484.0,484.0,509.0,509.0,0.0,0.0,,0.0,0.0,0.0,0.0,469.0,469.0,,,,,,,100000000,111000000,62.4,0.0,66.7,22.2,1.0,9.0,1.0,84.6
470,BA,Aerospace & Defense,-130.5,4.6,1.4,0.1,-2.4,-5.5,-4.6,-8.9,-24.0,-42.3,-74.7,-130.5,110.6,-141.6,1.5,0.0,-2259.6,10.5,518.0,518.0,540.0,540.0,0.0,0.0,470.0,470.0,-86,1046.9437569657766,STRONG_DOWN,LOWER,MOMENTUM_DOWN,S5_TRASH,,,,,518.0,518.0,540.0,540.0,0.0,0.0,,0.0,0.0,0.0,0.0,470.0,470.0,,,,,,,100000000,110001000,62.4,0.0,66.7,22.2,1.0,9.0,1.0,84.6
471,CTRA,Oil & Gas E&P,-54.0,32.0,-13.8,-9.8,-12.9,-4.9,5.7,10.2,-8.9,-8.1,-5.7,-54.0,47.1,-103.3,1.6,0.0,-26.338711635267,89.7,322.0,322.0,355.0,355.0,0.0,0.0,471.0,471.0,-84,0.0,STRONG_UP,MID_RANGE,NEUTRAL,S0_NEUTRAL,,,,,322.0,322.0,355.0,355.0,0.0,0.0,,0.0,0.0,0.0,0.0,471.0,471.0,24724652557.46,24.725,372.0,other,equity,data_raw,000110000,000011000,62.4,0.0,44.4,22.2,1.0,9.0,1.0,84.6
472,GPN,Specialty Business Services,-171.5,4.4,3.6,7.0,-4.2,-6.8,-9.4,-17.6,-58.3,-86.6,-122.2,-171.5,72.1,-182.3,2.7,0.0,-2532.7,-30.5,579.0,579.0,583.0,583.0,0.0,0.0,472.0,472.0,-39,2467.3,EARLY_UP,LOWER,MOMENTUM_UP,S4_BOTTOMING,,,,,579.0,579.0,583.0,583.0,0.0,0.0,,0.0,0.0,0.0,0.0,472.0,472.0,,,,,,,100000000,111000000,62.4,0.0,66.7,22.2,1.0,9.0,1.0,84.6
473,HAL,Oil & Gas Equipment & Services,-103.2,20.0,2.0,0.5,-14.1,-15.0,-3.7,15.9,-17.9,-34.4,-28.9,-103.2,34.8,-138.6,2.4,0.0,-365.0,37.8,462.0,462.0,490.0,490.0,0.0,0.0,473.0,473.0,-39,22.507404252867616,STRONG_DOWN,MID_RANGE,MOMENTUM_DOWN,S5_TRASH,,,,,462.0,462.0,490.0,490.0,0.0,0.0,,0.0,0.0,0.0,0.0,473.0,473.0,,,,,,,100010000,000011000,62.4,0.0,44.4,22.2,1.0,9.0,1.0,84.6
474,REGN,Biotechnology,-115.1,8.9,6.1,6.4,-0.8,-14.1,-17.7,-10.8,-49.5,-65.9,-76.9,-115.1,50.6,-130.6,2.3,0.0,-512.3,25.9,488.0,488.0,513.0,513.0,0.0,0.0,474.0,474.0,-37,1194.8749922495315,EARLY_UP,LOWER,MOMENTUM_UP,S4_BOTTOMING,,,,,488.0,488.0,513.0,513.0,0.0,0.0,,0.0,0.0,0.0,0.0,474.0,474.0,,,,,,,100000000,001011000,62.4,0.0,66.7,22.2,1.0,9.0,1.0,84.6
475,WDAY,Technology,-160.6,4.9,4.9,8.8,-10.2,-12.2,-25.9,-42.8,-78.0,-97.1,-123.8,-160.6,88.9,-173.0,2.8,0.0,-911.2,-19.6,565.0,565.0,571.0,571.0,0.0,0.0,475.0,475.0,-36,3590.3146855758932,STRONG_DOWN,LOWER,MOMENTUM_DOWN,S5_TRASH,,,,,565.0,565.0,571.0,571.0,0.0,0.0,,0.0,0.0,0.0,0.0,475.0,475.0,,,,,,,100000000,111000000,62.4,0.0,66.7,22.2,1.0,9.0,1.0,84.6
476,OXY,Oil & Gas E&P,-104.4,9.4,0.6,-0.9,-13.6,-17.5,-5.6,-3.0,-37.4,-49.9,-33.3,-104.4,85.7,-124.0,1.9,0.0,-652.9,36.6,465.0,465.0,493.0,493.0,0.0,0.0,476.0,476.0,-79,3.3522951508507504,STRONG_DOWN,LOWER,MOMENTUM_DOWN,S5_TRASH,,,,,465.0,465.0,493.0,493.0,0.0,0.0,,0.0,0.0,0.0,0.0,476.0,476.0,,,,,,,000000000,000011000,40.2,0.0,44.4,44.4,2.0,9.0,1.0,84.6
477,SPCX,Aerospace and Defense,15.9,36.4,-37.5,-13.9,,,,,,,,15.9,42.6,0.0,1.4,67.4,67.3,15.5,509.0,509.0,203.0,203.0,0.0,0.0,477.0,477.0,-223,58.9,NO_TREND,MID_RANGE,NEUTRAL,S0_NEUTRAL,,,,,509.0,509.0,203.0,203.0,0.0,0.0,,0.0,0.0,0.0,0.0,477.0,477.0,1160165112799.74,1160.165,12.0,cap100,equity,data_raw,0-------1,---------,52.0,30.0,0.0,0.0,0.0,0.0,0.0,82.0
478,AVY,Packaging & Containers,-95.5,10.6,6.6,7.1,5.5,-6.5,-9.6,-13.2,-43.4,-63.7,-77.1,-95.5,74.5,-115.3,2.1,0.0,-290.2,45.5,441.0,441.0,471.0,471.0,0.0,0.0,478.0,478.0,5,522.1178518174027,EARLY_UP,LOWER,MOMENTUM_UP,S4_BOTTOMING,,,,,441.0,441.0,471.0,471.0,0.0,0.0,,0.0,0.0,0.0,0.0,478.0,478.0,,,,,,,110000000,01011-000,76.7,0.0,66.7,0.0,0.0,9.0,1.0,76.7
479,AWK,Utilities,-104.6,11.3,7.4,8.7,8.6,-1.1,-2.0,-9.4,-30.6,-56.0,-79.9,-104.6,64.8,-125.7,2.5,0.0,-506.4,36.4,467.0,467.0,495.0,495.0,0.0,0.0,479.0,479.0,5,1095.5100796042966,STRONG_UP,LOWER,MOMENTUM_UP,S0_NEUTRAL,,,,,467.0,467.0,495.0,495.0,0.0,0.0,,0.0,0.0,0.0,0.0,479.0,479.0,,,,,,,110000000,-11100000,76.7,0.0,66.7,0.0,0.0,9.0,1.0,76.7
480,VOO,Unknown,0.0,24.7,0.0,,0.5,0.4,0.7,0.4,1.4,-0.3,-0.1,0.0,7.0,-2.3,1.6,-5.5,-4.6,126.4,249.0,249.0,241.0,241.0,0.0,0.0,480.0,480.0,-79,0.0,,,,,,,,,249.0,249.0,241.0,241.0,0.0,0.0,,0.0,0.0,0.0,0.0,480.0,480.0,1701513003008.0,1701.513,,etf,etf,data_raw,-11111000,-0--0000-,75.5,0.0,0.0,0.0,0.0,8.0,1.0,75.5
481,XLF,Index,-35.5,26.2,9.0,2.6,5.0,1.4,-1.8,-6.5,-10.3,-17.4,-21.8,-35.5,15.4,-55.5,2.2,0.0,-34.8,105.5,295.0,295.0,316.0,316.0,0.0,0.0,481.0,481.0,8,24.627070773225498,STRONG_UP,MID_RANGE,MOMENTUM_DOWN,S0_NEUTRAL,,,,,295.0,295.0,316.0,316.0,0.0,0.0,,0.0,0.0,0.0,0.0,481.0,481.0,,,,,,,111000000,1000-1000,75.3,0.0,44.4,0.0,0.0,9.0,1.0,75.3
482,MOS,Agricultural Inputs,-148.9,3.1,1.4,0.3,-1.9,-13.6,-14.9,-29.4,-55.2,-85.6,-94.9,-148.9,156.0,-159.7,2.2,0.0,-2890.5,-7.9,552.0,552.0,560.0,560.0,0.0,0.0,482.0,482.0,-40,2109.5,STRONG_DOWN,LOWER,MOMENTUM_DOWN,S5_TRASH,,,,,552.0,552.0,560.0,560.0,0.0,0.0,,0.0,0.0,0.0,0.0,482.0,482.0,,,,,,,100000000,10001-000,53.1,0.0,44.4,22.2,1.0,9.0,1.0,75.3
483,ULTA,Specialty Retail,-83.8,11.6,11.1,9.7,-4.0,-15.7,-19.6,-18.8,-25.9,-42.8,-48.2,-83.8,50.1,-101.0,1.8,0.0,-423.1,57.2,411.0,411.0,442.0,442.0,0.0,0.0,483.0,483.0,-40,4576.9,EARLY_UP,LOWER,MOMENTUM_UP,S4_BOTTOMING,,,,,411.0,411.0,442.0,442.0,0.0,0.0,,0.0,0.0,0.0,0.0,483.0,483.0,,,,,,,100000000,00-011000,53.1,0.0,44.4,22.2,1.0,9.0,1.0,75.3
484,ABNB,Travel Services,-52.1,14.3,6.5,4.8,5.5,4.4,5.7,2.2,-25.3,-45.1,,-52.1,33.1,-102.6,2.1,0.0,-341.7,8.5,520.0,520.0,350.0,350.0,0.0,0.0,484.0,484.0,40,365.64744195051964,STRONG_UP,LOWER,MOMENTUM_UP,S0_NEUTRAL,,,,,520.0,520.0,350.0,350.0,0.0,0.0,,0.0,0.0,0.0,0.0,484.0,484.0,,,,,,,1111100-0,-----0000,74.5,0.0,0.0,0.0,0.0,4.0,0.667,74.5
485,DUK,Electric Utilities,-45.5,28.1,16.5,6.3,4.8,-2.9,0.1,-0.7,3.6,-6.2,-18.0,-45.5,12.9,-67.8,1.8,0.0,-100.4,95.5,308.0,308.0,333.0,333.0,0.0,0.0,485.0,485.0,86,199.2688104958364,STRONG_UP,MID_RANGE,MOMENTUM_UP,S1_LEADER,,,,,308.0,308.0,333.0,333.0,0.0,0.0,,0.0,0.0,0.0,0.0,485.0,485.0,,,,,,,110101000,00001000-,73.9,0.0,22.2,0.0,0.0,9.0,1.0,73.9
486,SOLV,Healthcare,-9.0,25.3,18.7,8.0,13.5,10.0,2.5,-1.5,,,,-9.0,9.1,-56.0,2.4,0.0,-42.5,13.6,511.0,511.0,256.0,256.0,0.0,0.0,486.0,486.0,43,155.5918604247906,EARLY_DOWN,MID_RANGE,MOMENTUM_UP,S4_BOTTOMING,,,,,511.0,511.0,256.0,256.0,0.0,0.0,,0.0,0.0,0.0,0.0,486.0,486.0,,,,,,,11110---0,--------0,73.7,0.0,0.0,0.0,0.0,1.0,0.167,73.7
487,LDOS,IT Consulting & Other Services,-94.3,2.2,2.2,-2.4,-24.7,-35.9,-42.6,-48.4,-57.6,-66.2,-85.1,-94.3,102.6,-98.3,1.5,0.0,1417.2,46.7,436.0,436.0,465.0,465.0,0.0,0.0,487.0,487.0,-82,-780.1785121903906,STRONG_DOWN,LOWER,MOMENTUM_DOWN,S5_TRASH,,,,,436.0,436.0,465.0,465.0,0.0,0.0,,0.0,0.0,0.0,0.0,487.0,487.0,,,,,,,000000000,111000110,73.6,0.0,111.1,0.0,0.0,9.0,1.0,73.6
488,MCD,Restaurants,-72.4,5.6,0.7,-0.6,-2.1,-13.4,-15.5,-19.9,-38.8,-51.4,-63.2,-72.4,53.8,-79.5,2.5,0.0,-252.7,68.6,376.0,376.0,408.0,408.0,0.0,0.0,488.0,488.0,-82,20.772199412073064,STRONG_DOWN,LOWER,MOMENTUM_DOWN,S5_TRASH,,,,,376.0,376.0,408.0,408.0,0.0,0.0,,0.0,0.0,0.0,0.0,488.0,488.0,,,,,,,000000000,111011000,73.6,0.0,111.1,0.0,0.0,9.0,1.0,73.6
489,SWK,Industrials,-137.8,14.1,6.6,8.6,19.8,15.0,16.4,18.5,-15.0,-44.2,-80.5,-137.8,21.3,-163.3,2.3,0.0,-711.7,3.2,533.0,533.0,549.0,549.0,0.0,0.0,489.0,489.0,-82,767.5673960961169,STRONG_UP,LOWER,MOMENTUM_UP,S0_NEUTRAL,,,,,533.0,533.0,549.0,549.0,0.0,0.0,,0.0,0.0,0.0,0.0,489.0,489.0,,,,,,,111110000,000000000,73.6,0.0,0.0,0.0,0.0,9.0,1.0,73.6
490,AOS,Industrials,-116.4,13.7,8.5,8.6,7.8,-7.0,-10.7,-16.2,-44.8,-59.5,-72.6,-116.4,20.8,-137.6,2.4,0.0,-368.8,24.6,496.0,496.0,520.0,520.0,0.0,0.0,490.0,490.0,2,694.6099338283445,STRONG_UP,LOWER,MOMENTUM_UP,S0_NEUTRAL,,,,,496.0,496.0,520.0,520.0,0.0,0.0,,0.0,0.0,0.0,0.0,490.0,490.0,,,,,,,110000000,000111000,73.5,0.0,66.7,0.0,0.0,9.0,1.0,73.5
491,AVB,Real Estate,-113.9,11.1,11.0,9.8,5.2,3.8,2.2,-5.1,-29.3,-49.0,-69.1,-113.9,8.8,-128.7,3.1,0.0,-561.2,27.0,486.0,486.0,511.0,511.0,0.0,0.0,491.0,491.0,76,4438.8,EARLY_UP,LOWER,MOMENTUM_UP,S4_BOTTOMING,,,,,486.0,486.0,511.0,511.0,0.0,0.0,,0.0,0.0,0.0,0.0,491.0,491.0,,,,,,,111100000,010000000,73.5,0.0,22.2,0.0,0.0,9.0,1.0,73.5
492,BMY,Healthcare,-92.2,24.0,10.9,9.1,3.1,-6.5,-1.4,7.9,-2.9,-28.5,-47.4,-92.2,16.3,-125.8,1.9,0.0,-259.6,48.8,430.0,430.0,459.0,459.0,0.0,0.0,492.0,492.0,41,269.9175640641706,STRONG_DOWN,MID_RANGE,MOMENTUM_UP,S4_BOTTOMING,,,,,430.0,430.0,459.0,459.0,0.0,0.0,,0.0,0.0,0.0,0.0,492.0,492.0,,,,,,,110010000,010010000,73.5,0.0,44.4,0.0,0.0,9.0,1.0,73.5
493,CCI,Real Estate,-135.2,3.7,3.7,3.3,-7.0,-8.3,-8.5,-16.8,-36.5,-67.9,-96.7,-135.2,51.9,-141.8,2.6,0.0,-2398.7,5.8,525.0,525.0,544.0,544.0,0.0,0.0,493.0,493.0,-43,2601.3,STRONG_DOWN,LOWER,MOMENTUM_DOWN,S5_TRASH,,,,,525.0,525.0,544.0,544.0,0.0,0.0,,0.0,0.0,0.0,0.0,493.0,493.0,,,,,,,100000000,111100000,73.5,0.0,88.9,0.0,0.0,9.0,1.0,73.5
494,CRM,Software,-135.9,4.3,4.3,6.9,-17.8,-21.7,-29.1,-40.2,-70.1,-84.3,-108.1,-135.9,111.0,-146.5,2.8,0.0,-365.3,5.1,528.0,528.0,546.0,546.0,0.0,0.0,494.0,494.0,-41,1176.0116669400963,STRONG_DOWN,LOWER,MOMENTUM_DOWN,S5_TRASH,,,,,528.0,528.0,546.0,546.0,0.0,0.0,,0.0,0.0,0.0,0.0,494.0,494.0,,,,,,,100000000,111000100,73.5,0.0,88.9,0.0,0.0,9.0,1.0,73.5
495,EMR,Industrial Automation,-15.8,38.1,-8.0,-2.2,4.2,-1.4,-0.9,-2.1,1.5,-1.2,-0.3,-15.8,21.8,-38.3,1.7,0.0,-22.4,125.1,252.0,252.0,269.0,269.0,0.0,0.0,495.0,495.0,-253,-4.964915862060828,EARLY_DOWN,MID_RANGE,MOMENTUM_DOWN,S5_TRASH,,,,,252.0,252.0,269.0,269.0,0.0,0.0,,0.0,0.0,0.0,0.0,495.0,495.0,,,,,,,010001000,000010101,73.5,0.0,66.7,0.0,0.0,9.0,1.0,73.5
496,EXC,Utilities,-40.9,19.0,11.8,6.1,5.3,-3.3,-1.7,-3.8,-9.8,-20.7,-22.7,-40.9,49.5,-61.5,1.8,0.0,-113.9,100.1,303.0,303.0,327.0,327.0,0.0,0.0,496.0,496.0,5,234.3909841759631,STRONG_UP,LOWER,MOMENTUM_UP,S0_NEUTRAL,,,,,303.0,303.0,327.0,327.0,0.0,0.0,,0.0,0.0,0.0,0.0,496.0,496.0,,,,,,,110000000,100011000,73.5,0.0,66.7,0.0,0.0,9.0,1.0,73.5
497,GD,Aerospace & Defense,-30.3,42.8,5.1,1.7,2.6,-3.4,-3.3,-2.3,-1.1,-1.7,2.4,-30.3,19.3,-66.9,1.3,0.0,-35.9,110.7,284.0,284.0,302.0,302.0,0.0,0.0,497.0,497.0,6,5.773333793686739,EARLY_DOWN,MID_RANGE,MOMENTUM_DOWN,S5_TRASH,,,,,284.0,284.0,302.0,302.0,0.0,0.0,,0.0,0.0,0.0,0.0,497.0,497.0,,,,,,,110000010,000011000,73.5,0.0,44.4,0.0,0.0,9.0,1.0,73.5
498,HPQ,Technology,-115.4,9.0,1.5,-0.0,-4.7,3.6,1.4,-11.2,-48.4,-70.4,-83.0,-115.4,74.5,-133.6,2.3,0.0,-440.2,25.6,489.0,489.0,514.0,514.0,0.0,0.0,498.0,498.0,-78,60.25948258871529,EARLY_DOWN,LOWER,MOMENTUM_DOWN,S5_TRASH,,,,,489.0,489.0,514.0,514.0,0.0,0.0,,0.0,0.0,0.0,0.0,498.0,498.0,,,,,,,001100000,100110000,73.5,0.0,66.7,0.0,0.0,9.0,1.0,73.5
499,LMT,Aerospace & Defense,-63.5,9.7,4.3,1.9,0.3,-14.0,-10.2,-7.4,-24.5,-34.8,-49.1,-63.5,45.1,-75.0,2.5,0.0,-285.9,77.5,347.0,347.0,376.0,376.0,0.0,0.0,499.0,499.0,9,218.07921152407738,EARLY_DOWN,LOWER,MOMENTUM_DOWN,S5_TRASH,,,,,347.0,347.0,376.0,376.0,0.0,0.0,,0.0,0.0,0.0,0.0,499.0,499.0,,,,,,,110000000,010011000,73.5,0.0,66.7,0.0,0.0,9.0,1.0,73.5
500,MDT,Healthcare,-128.1,13.1,6.0,4.7,7.6,-5.9,-14.2,-18.0,-30.6,-52.8,-81.8,-128.1,12.1,-148.7,1.9,0.0,-568.5,12.9,513.0,513.0,535.0,535.0,0.0,0.0,500.0,500.0,-39,554.2344392213306,STRONG_UP,LOWER,MOMENTUM_UP,S0_NEUTRAL,,,,,513.0,513.0,535.0,535.0,0.0,0.0,,0.0,0.0,0.0,0.0,500.0,500.0,,,,,,,110000000,111000000,73.5,0.0,66.7,0.0,0.0,9.0,1.0,73.5
501,MKC,Packaged Foods,-147.8,8.6,6.5,12.0,7.0,-6.5,-15.8,-27.6,-59.8,-83.6,-111.0,-147.8,54.6,-166.3,3.2,0.0,-750.9,-6.8,551.0,551.0,559.0,559.0,0.0,0.0,501.0,501.0,8,2513.491556991925,STRONG_UP,LOWER,MOMENTUM_UP,S0_NEUTRAL,,,,,551.0,551.0,559.0,559.0,0.0,0.0,,0.0,0.0,0.0,0.0,501.0,501.0,,,,,,,110000000,111000000,73.5,0.0,66.7,0.0,0.0,9.0,1.0,73.5
502,NWS,Entertainment,-65.1,9.5,7.7,2.5,-4.6,-4.3,-6.9,-16.4,-28.5,-32.7,-34.9,-65.1,36.0,-75.2,2.0,0.0,-94.4,75.9,353.0,353.0,382.0,382.0,0.0,0.0,502.0,502.0,-39,421.46561321414356,STRONG_DOWN,LOWER,MOMENTUM_DOWN,S5_TRASH,,,,,353.0,353.0,382.0,382.0,0.0,0.0,,0.0,0.0,0.0,0.0,502.0,502.0,,,,,,,100000000,000111100,73.5,0.0,88.9,0.0,0.0,9.0,1.0,73.5
503,PCG,Utilities,-138.4,10.1,7.0,8.1,8.0,-3.0,-0.1,-0.3,-31.1,-35.9,-52.1,-138.4,11.7,-156.3,2.4,0.0,-921.3,2.6,535.0,535.0,551.0,551.0,0.0,0.0,503.0,503.0,9,2298.4962538225936,STRONG_UP,LOWER,MOMENTUM_UP,S0_NEUTRAL,,,,,535.0,535.0,551.0,551.0,0.0,0.0,,0.0,0.0,0.0,0.0,503.0,503.0,,,,,,,110000000,000011100,73.5,0.0,66.7,0.0,0.0,9.0,1.0,73.5
504,PG,Household Products,-86.1,13.2,3.5,1.7,5.1,-3.7,-4.5,-10.7,-33.5,-47.6,-64.9,-86.1,37.7,-104.4,2.5,0.0,-242.2,54.9,417.0,417.0,448.0,448.0,0.0,0.0,504.0,504.0,-40,96.56692156031414,STRONG_UP,LOWER,MOMENTUM_DOWN,S0_NEUTRAL,,,,,417.0,417.0,448.0,448.0,0.0,0.0,,0.0,0.0,0.0,0.0,504.0,504.0,,,,,,,110000000,011010000,73.5,0.0,66.7,0.0,0.0,9.0,1.0,73.5
505,PRU,Financials,-67.7,17.7,7.3,4.2,10.1,5.8,-0.4,-4.9,-25.6,-36.6,-37.4,-67.7,35.8,-89.3,2.4,0.0,-113.1,73.3,362.0,362.0,392.0,392.0,0.0,0.0,505.0,505.0,-38,87.89324372785887,STRONG_UP,LOWER,MOMENTUM_DOWN,S0_NEUTRAL,,,,,362.0,362.0,392.0,392.0,0.0,0.0,,0.0,0.0,0.0,0.0,505.0,505.0,,,,,,,111000000,000011000,73.5,0.0,44.4,0.0,0.0,9.0,1.0,73.5
506,ROP,Technology,-134.2,8.0,4.7,5.0,-2.3,-7.6,-15.0,-31.0,-64.5,-82.1,-104.2,-134.2,45.1,-149.2,3.3,0.0,-395.8,6.8,524.0,524.0,543.0,543.0,0.0,0.0,506.0,506.0,-37,585.663344506667,STRONG_DOWN,LOWER,MOMENTUM_UP,S4_BOTTOMING,,,,,524.0,524.0,543.0,543.0,0.0,0.0,,0.0,0.0,0.0,0.0,506.0,506.0,,,,,,,100000000,111001000,73.5,0.0,88.9,0.0,0.0,9.0,1.0,73.5
507,SBAC,Real Estate,-136.0,2.0,2.0,0.9,-10.5,-8.3,-6.7,-14.7,-42.1,-74.3,-103.7,-136.0,94.6,-140.1,2.2,0.0,-4402.3,5.0,529.0,529.0,547.0,547.0,0.0,0.0,507.0,507.0,-37,597.6999999999998,STRONG_DOWN,LOWER,MOMENTUM_DOWN,S5_TRASH,,,,,529.0,529.0,547.0,547.0,0.0,0.0,,0.0,0.0,0.0,0.0,507.0,507.0,,,,,,,100000000,111100000,73.5,0.0,88.9,0.0,0.0,9.0,1.0,73.5
508,TXT,Industrials,-77.5,11.1,8.4,4.6,0.5,-5.3,-3.0,-1.8,-22.0,-35.2,-34.0,-77.5,27.7,-92.2,1.9,0.0,-429.8,63.5,388.0,388.0,419.0,419.0,0.0,0.0,508.0,508.0,7,1443.262503441913,STRONG_DOWN,LOWER,MOMENTUM_DOWN,S5_TRASH,,,,,388.0,388.0,419.0,419.0,0.0,0.0,,0.0,0.0,0.0,0.0,508.0,508.0,,,,,,,110000000,100011000,73.5,0.0,66.7,0.0,0.0,9.0,1.0,73.5
509,WTW,Financials,-89.6,14.4,9.4,6.6,4.8,-7.1,-14.2,-22.1,-36.4,-47.2,-65.0,-89.6,22.9,-108.1,2.7,0.0,-146.8,51.4,425.0,425.0,455.0,455.0,0.0,0.0,509.0,509.0,10,314.2049558100428,EARLY_DOWN,LOWER,MOMENTUM_UP,S4_BOTTOMING,,,,,425.0,425.0,455.0,455.0,0.0,0.0,,0.0,0.0,0.0,0.0,509.0,509.0,,,,,,,110000000,110000100,73.5,0.0,66.7,0.0,0.0,9.0,1.0,73.5
510,WY,Real Estate,-124.6,12.6,6.9,6.7,10.1,3.9,3.3,-1.6,-33.6,-56.8,-74.6,-124.6,12.6,-143.8,2.5,0.0,-592.9,16.4,508.0,508.0,531.0,531.0,0.0,0.0,510.0,510.0,46,809.7920659378943,STRONG_UP,LOWER,MOMENTUM_UP,S0_NEUTRAL,,,,,508.0,508.0,531.0,531.0,0.0,0.0,,0.0,0.0,0.0,0.0,510.0,510.0,,,,,,,111100000,000010000,73.5,0.0,22.2,0.0,0.0,9.0,1.0,73.5
511,XLP,Index,-78.4,13.6,7.9,4.3,3.3,-3.1,-1.7,-4.3,-21.6,-36.9,-53.1,-78.4,21.2,-93.5,2.2,0.0,-306.9,62.6,392.0,392.0,421.0,421.0,0.0,0.0,511.0,511.0,9,470.3626803546214,EARLY_DOWN,LOWER,MOMENTUM_UP,S4_BOTTOMING,,,,,392.0,392.0,421.0,421.0,0.0,0.0,,0.0,0.0,0.0,0.0,511.0,511.0,,,,,,,110000000,011010000,73.5,0.0,66.7,0.0,0.0,9.0,1.0,73.5
512,XLY,Index,-50.0,5.5,2.0,0.2,-2.0,-4.8,-7.3,-10.2,-17.6,-28.0,-40.6,-50.0,31.9,-54.3,1.8,0.0,-364.1,91.0,318.0,318.0,344.0,344.0,0.0,0.0,512.0,512.0,-38,213.33029221724405,STRONG_DOWN,LOWER,MOMENTUM_DOWN,S5_TRASH,,,,,318.0,318.0,344.0,344.0,0.0,0.0,,0.0,0.0,0.0,0.0,512.0,512.0,,,,,,,100000000,111100000,73.5,0.0,88.9,0.0,0.0,9.0,1.0,73.5
513,CME,Financial Data & Stock Exchanges,-62.5,0.0,-0.3,-7.7,-17.6,-27.2,-27.3,-29.9,-30.8,-38.6,-54.1,-62.5,63.1,-62.2,1.5,0.0,-401.3,78.5,342.0,342.0,371.0,371.0,0.0,0.0,513.0,513.0,-81,8.902454883453743,STRONG_DOWN,LOWER,MOMENTUM_DOWN,S5_TRASH,,,,,342.0,342.0,371.0,371.0,0.0,0.0,,0.0,0.0,0.0,0.0,513.0,513.0,,,,,,,000000000,110000010,51.3,0.0,66.7,22.2,1.0,9.0,1.0,73.5
514,CVX,Oil & Gas Integrated,-51.4,10.7,2.6,1.1,-7.7,-13.7,-7.6,-4.0,-17.9,-26.5,-23.4,-51.4,68.2,-65.3,1.9,0.0,-286.0,89.5,323.0,323.0,347.0,347.0,0.0,0.0,514.0,514.0,-38,76.74918677119297,STRONG_DOWN,LOWER,MOMENTUM_DOWN,S5_TRASH,,,,,323.0,323.0,347.0,347.0,0.0,0.0,,0.0,0.0,0.0,0.0,514.0,514.0,,,,,,,100000000,000011000,51.3,0.0,44.4,22.2,1.0,9.0,1.0,73.5
515,GIS,Packaged Foods,-151.7,9.1,6.2,10.3,6.8,-4.6,-12.5,-22.5,-61.0,-83.7,-105.6,-151.7,35.2,-169.9,3.1,0.0,-781.1,-10.7,556.0,556.0,563.0,563.0,0.0,0.0,515.0,515.0,7,1813.6129111286627,STRONG_UP,LOWER,MOMENTUM_UP,S0_NEUTRAL,,,,,556.0,556.0,563.0,563.0,0.0,0.0,,0.0,0.0,0.0,0.0,515.0,515.0,,,,,,,110000000,000010000,51.3,0.0,22.2,22.2,1.0,9.0,1.0,73.5
516,NOC,Aerospace & Defense,-55.7,2.2,2.0,-1.5,-8.1,-23.0,-22.7,-23.3,-32.1,-40.6,-45.9,-55.7,77.9,-58.5,1.8,0.0,-322.6,85.2,331.0,331.0,358.0,358.0,0.0,0.0,516.0,516.0,-80,361.43567004368083,STRONG_DOWN,LOWER,MOMENTUM_DOWN,S5_TRASH,,,,,331.0,331.0,358.0,358.0,0.0,0.0,,0.0,0.0,0.0,0.0,516.0,516.0,,,,,,,000000000,010011000,51.3,0.0,66.7,22.2,1.0,9.0,1.0,73.5
517,BIIB,Healthcare,-150.7,12.8,7.7,12.5,15.3,10.8,12.6,25.8,-16.6,-50.9,-85.9,-150.7,14.3,-174.2,2.0,0.0,-928.5,-9.7,554.0,554.0,561.0,561.0,0.0,0.0,517.0,517.0,41,1627.5992787636937,STRONG_UP,LOWER,MOMENTUM_UP,S0_NEUTRAL,,,,,554.0,554.0,561.0,561.0,0.0,0.0,,0.0,0.0,0.0,0.0,517.0,517.0,,,,,,,111110000,0000-0000,72.6,0.0,0.0,0.0,0.0,9.0,1.0,72.6
518,FTV,Industrials,-97.1,13.3,5.1,3.3,5.8,2.1,4.8,6.6,-21.2,-37.0,-59.4,-97.1,14.0,-127.8,2.2,0.0,-535.9,33.8,471.0,471.0,475.0,475.0,0.0,0.0,518.0,518.0,-41,393.6157714909856,STRONG_UP,LOWER,MOMENTUM_UP,S0_NEUTRAL,,,,,471.0,471.0,475.0,475.0,0.0,0.0,,0.0,0.0,0.0,0.0,518.0,518.0,,,,,,,111110000,-00000000,72.6,0.0,0.0,0.0,0.0,8.0,1.0,72.6
519,448540.KS,NVDA + Bond,7.4,7.4,4.0,0.3,-0.6,-2.6,-2.4,-4.2,-0.8,,,7.4,22.5,-47.5,2.2,0.0,-158.7,51.3,426.0,426.0,218.0,218.0,0.0,0.0,519.0,519.0,-33,253.494488554087,STRONG_DOWN,LOWER,MOMENTUM_DOWN,S5_TRASH,,,,,426.0,426.0,218.0,218.0,0.0,0.0,,0.0,0.0,0.0,0.0,519.0,519.0,,,,,,,100000--1,-------00,37.6,30.0,0.0,0.0,0.0,2.0,0.333,67.6
520,HSY,Confectioners,-86.0,7.2,7.2,6.3,-1.5,-14.1,-12.7,-12.5,-32.1,-53.0,-66.7,-86.0,80.2,-98.3,1.8,0.0,-672.0,55.0,416.0,416.0,447.0,447.0,0.0,0.0,520.0,520.0,-35,4328.0,STRONG_DOWN,LOWER,MOMENTUM_UP,S4_BOTTOMING,,,,,416.0,416.0,447.0,447.0,0.0,0.0,,0.0,0.0,0.0,0.0,520.0,520.0,,,,,,,100000000,011-10000,65.6,0.0,66.7,0.0,0.0,9.0,1.0,65.6
521,KVUE,Household & Personal Products,-35.5,21.4,10.1,8.2,12.0,4.8,5.6,-1.7,-33.5,,,-35.5,0.0,-115.3,2.4,0.0,-192.9,0.4,539.0,539.0,316.0,316.0,0.0,0.0,521.0,521.0,63,220.33116725449693,STRONG_UP,MID_RANGE,MOMENTUM_UP,S1_LEADER,,,,,539.0,539.0,316.0,316.0,0.0,0.0,,0.0,0.0,0.0,0.0,521.0,521.0,,,,,,,111100--0,--------0,65.1,0.0,0.0,0.0,0.0,1.0,0.167,65.1
522,PEG,Utilities,-63.8,23.4,13.7,7.2,8.0,-0.4,-1.8,-7.0,-16.8,-24.6,-38.0,-63.8,16.1,-87.7,2.2,0.0,-90.3,77.2,348.0,348.0,377.0,377.0,0.0,0.0,522.0,522.0,-34,170.0455816908172,STRONG_UP,MID_RANGE,MOMENTUM_UP,S1_LEADER,,,,,348.0,348.0,377.0,377.0,0.0,0.0,,0.0,0.0,0.0,0.0,522.0,522.0,,,,,,,110000000,-10000100,64.2,0.0,44.4,0.0,0.0,9.0,1.0,64.2
523,CL,Household & Personal Products,-85.5,18.5,9.5,5.5,6.2,-1.1,1.5,-0.6,-19.0,-29.0,-46.5,-85.5,8.1,-106.1,2.2,0.0,-234.4,55.5,415.0,415.0,446.0,446.0,0.0,0.0,523.0,523.0,5,306.1092950021218,STRONG_UP,LOWER,MOMENTUM_UP,S0_NEUTRAL,,,,,415.0,415.0,446.0,446.0,0.0,0.0,,0.0,0.0,0.0,0.0,523.0,523.0,,,,,,,110100000,00-010000,62.8,0.0,22.2,0.0,0.0,9.0,1.0,62.8
524,VZ,Integrated Telecommunication Services,-80.1,19.7,8.7,5.2,-1.5,-6.3,0.4,1.7,-0.0,-11.6,-39.0,-80.1,16.2,-103.2,2.1,0.0,-280.8,60.9,398.0,398.0,427.0,427.0,0.0,0.0,524.0,524.0,42,255.0761141966837,STRONG_DOWN,LOWER,MOMENTUM_UP,S4_BOTTOMING,,,,,398.0,398.0,427.0,427.0,0.0,0.0,,0.0,0.0,0.0,0.0,524.0,524.0,,,,,,,100110000,-10000000,62.8,0.0,22.2,0.0,0.0,9.0,1.0,62.8
525,AIG,Insurance - Diversified,-74.4,15.2,10.0,4.7,0.8,-5.5,-7.6,-13.8,-27.1,-31.2,-27.2,-74.4,9.9,-88.8,1.9,0.0,-159.9,66.6,381.0,381.0,413.0,413.0,0.0,0.0,525.0,525.0,5,350.913118256542,EARLY_UP,LOWER,NEUTRAL,S0_NEUTRAL,,,,,381.0,381.0,413.0,413.0,0.0,0.0,,0.0,0.0,0.0,0.0,525.0,525.0,,,,,,,110000000,000011000,62.4,0.0,44.4,0.0,0.0,9.0,1.0,62.4
526,AKAM,Technology,-100.2,22.2,-4.2,-6.7,-7.3,-4.8,5.3,17.9,-14.7,-37.8,-66.1,-100.2,51.4,-142.9,2.6,0.0,-303.3,40.8,452.0,452.0,482.0,482.0,0.0,0.0,526.0,526.0,-116,-76.64149180471574,STRONG_DOWN,MID_RANGE,MOMENTUM_DOWN,S5_TRASH,,,,,452.0,452.0,482.0,482.0,0.0,0.0,,0.0,0.0,0.0,0.0,526.0,526.0,,,,,,,000110000,101000000,62.4,0.0,44.4,0.0,0.0,9.0,1.0,62.4
527,ALLE,Industrials,-83.7,14.9,9.4,7.2,6.6,-4.9,-11.4,-18.6,-24.9,-36.6,-56.6,-83.7,37.4,-104.4,1.8,0.0,-236.5,57.3,410.0,410.0,441.0,441.0,0.0,0.0,527.0,527.0,4,486.15595571080974,STRONG_UP,LOWER,MOMENTUM_UP,S0_NEUTRAL,,,,,410.0,410.0,441.0,441.0,0.0,0.0,,0.0,0.0,0.0,0.0,527.0,527.0,,,,,,,110000000,110000000,62.4,0.0,44.4,0.0,0.0,9.0,1.0,62.4
528,BDX,Healthcare,-162.2,8.0,6.3,10.9,7.2,-3.7,-10.7,-18.9,-58.6,-83.3,-112.2,-162.2,19.7,-177.6,2.6,0.0,-1156.6,-21.2,569.0,569.0,574.0,574.0,0.0,0.0,528.0,528.0,4,3843.4,EARLY_UP,LOWER,MOMENTUM_UP,S4_BOTTOMING,,,,,569.0,569.0,574.0,574.0,0.0,0.0,,0.0,0.0,0.0,0.0,528.0,528.0,,,,,,,110000000,110000000,62.4,0.0,44.4,0.0,0.0,9.0,1.0,62.4
529,BLK,Asset Management,-32.5,3.2,-14.5,-5.5,-5.9,-9.5,-12.4,-17.5,-19.3,-26.5,-27.6,-32.5,46.8,-35.5,1.7,0.0,292.6,108.4,290.0,290.0,309.0,309.0,0.0,0.0,529.0,529.0,-115,249.64989124490143,STRONG_DOWN,LOWER,MOMENTUM_DOWN,S5_TRASH,,,,,290.0,290.0,309.0,309.0,0.0,0.0,,0.0,0.0,0.0,0.0,529.0,529.0,,,,,,,000000000,001110100,62.4,0.0,88.9,0.0,0.0,9.0,1.0,62.4
530,BXP,Real Estate,-145.1,12.4,5.9,6.8,15.1,15.5,6.0,-4.1,-21.3,-49.0,-82.1,-145.1,7.4,-166.1,2.3,0.0,-771.4,-4.1,546.0,546.0,557.0,557.0,0.0,0.0,530.0,530.0,4,793.1844089893037,STRONG_UP,LOWER,MOMENTUM_DOWN,S0_NEUTRAL,,,,,546.0,546.0,557.0,557.0,0.0,0.0,,0.0,0.0,0.0,0.0,530.0,530.0,,,,,,,111100000,000000000,62.4,0.0,0.0,0.0,0.0,9.0,1.0,62.4
531,CLX,Household & Personal Products,-161.7,7.4,3.5,4.4,12.1,-5.7,-9.4,-20.3,-57.2,-80.8,-111.6,-161.7,47.4,-177.8,2.6,0.0,-1206.5,-20.7,566.0,566.0,572.0,572.0,0.0,0.0,531.0,531.0,-36,1155.4793907241733,EARLY_DOWN,LOWER,MOMENTUM_DOWN,S5_TRASH,,,,,566.0,566.0,572.0,572.0,0.0,0.0,,0.0,0.0,0.0,0.0,531.0,531.0,,,,,,,110000000,101000000,62.4,0.0,44.4,0.0,0.0,9.0,1.0,62.4
532,DPZ,Restaurants,-122.1,3.9,1.2,-2.0,-7.0,-18.4,-25.0,-35.0,-59.2,-77.4,-98.5,-122.1,80.2,-129.9,2.9,0.0,-675.6,18.9,502.0,502.0,526.0,526.0,0.0,0.0,532.0,532.0,-77,263.4736859417766,STRONG_DOWN,LOWER,MOMENTUM_DOWN,S5_TRASH,,,,,502.0,502.0,526.0,526.0,0.0,0.0,,0.0,0.0,0.0,0.0,532.0,532.0,,,,,,,000000000,111100000,62.4,0.0,88.9,0.0,0.0,9.0,1.0,62.4
533,EA,Electronic Gaming & Multimedia,-59.8,32.3,6.2,4.1,3.0,-2.0,-3.5,0.9,3.1,-8.3,-26.2,-59.8,40.5,-106.9,1.3,0.0,-123.7,81.2,335.0,335.0,364.0,364.0,0.0,0.0,533.0,533.0,54,41.4331788561844,STRONG_UP,MID_RANGE,MOMENTUM_UP,S1_LEADER,,,,,335.0,335.0,364.0,364.0,0.0,0.0,,0.0,0.0,0.0,0.0,533.0,533.0,,,,,,,110011000,000000000,62.4,0.0,0.0,0.0,0.0,9.0,1.0,62.4
534,IFF,Specialty Chemicals,-155.0,7.5,3.3,2.1,6.7,-1.5,1.3,0.4,-30.9,-63.8,-96.3,-155.0,12.2,-168.0,2.3,0.0,-1466.8,-14.0,559.0,559.0,565.0,565.0,0.0,0.0,534.0,534.0,39,1213.3914231580763,EARLY_DOWN,LOWER,MOMENTUM_DOWN,S5_TRASH,,,,,559.0,559.0,565.0,565.0,0.0,0.0,,0.0,0.0,0.0,0.0,534.0,534.0,,,,,,,110110000,000000000,62.4,0.0,0.0,0.0,0.0,9.0,1.0,62.4
535,KHC,Packaged Foods,-151.7,7.9,5.6,6.5,4.2,-1.6,-5.0,-11.6,-41.5,-64.0,-83.2,-151.7,10.3,-165.0,2.8,0.0,-1267.3,-10.7,556.0,556.0,563.0,563.0,0.0,0.0,535.0,535.0,10,3244.2905485020274,EARLY_DOWN,LOWER,MOMENTUM_UP,S4_BOTTOMING,,,,,556.0,556.0,563.0,563.0,0.0,0.0,,0.0,0.0,0.0,0.0,535.0,535.0,,,,,,,110000000,000011000,62.4,0.0,44.4,0.0,0.0,9.0,1.0,62.4
536,KMB,Household & Personal Products,-124.4,14.8,8.1,9.2,13.2,4.8,3.1,-10.0,-34.9,-52.8,-78.6,-124.4,20.6,-149.0,2.8,0.0,-434.0,16.6,507.0,507.0,530.0,530.0,0.0,0.0,536.0,536.0,38,629.1265084255836,STRONG_UP,LOWER,MOMENTUM_UP,S0_NEUTRAL,,,,,507.0,507.0,530.0,530.0,0.0,0.0,,0.0,0.0,0.0,0.0,536.0,536.0,,,,,,,111100000,000000000,62.4,0.0,0.0,0.0,0.0,9.0,1.0,62.4
537,KR,Grocery Stores,-47.8,9.9,9.9,4.6,-9.1,-17.3,-16.2,-21.1,-24.8,-30.0,-24.4,-47.8,65.1,-59.5,1.6,0.0,28.9,93.2,313.0,313.0,339.0,339.0,0.0,0.0,537.0,537.0,-31,-253.25035520125456,STRONG_DOWN,LOWER,MOMENTUM_DOWN,S5_TRASH,,,,,313.0,313.0,339.0,339.0,0.0,0.0,,0.0,0.0,0.0,0.0,537.0,537.0,,,,,,,100000000,000011100,62.4,0.0,66.7,0.0,0.0,9.0,1.0,62.4
538,LH,Healthcare,-67.7,18.6,15.7,8.7,7.7,-1.8,-1.7,-5.6,-13.7,-30.2,-40.8,-67.7,17.6,-86.7,1.6,0.0,-203.3,73.3,362.0,362.0,392.0,392.0,0.0,0.0,538.0,538.0,8,1341.2554708816128,STRONG_UP,LOWER,MOMENTUM_UP,S0_NEUTRAL,,,,,362.0,362.0,392.0,392.0,0.0,0.0,,0.0,0.0,0.0,0.0,538.0,538.0,,,,,,,110000000,000110000,62.4,0.0,44.4,0.0,0.0,9.0,1.0,62.4
539,NCLH,Travel Services,-155.3,14.9,4.9,6.5,16.6,2.8,-0.3,-9.0,-25.8,-41.5,-77.7,-155.3,12.0,-183.9,1.8,0.0,-661.0,-14.3,560.0,560.0,567.0,567.0,0.0,0.0,539.0,539.0,-29,405.37001719813725,STRONG_UP,LOWER,MOMENTUM_UP,S0_NEUTRAL,,,,,560.0,560.0,567.0,567.0,0.0,0.0,,0.0,0.0,0.0,0.0,539.0,539.0,,,,,,,111000000,000000100,62.4,0.0,22.2,0.0,0.0,9.0,1.0,62.4
540,ROL,Business Services,-68.0,2.4,0.3,-1.2,-12.4,-22.6,-28.4,-33.5,-44.4,-51.3,-62.2,-68.0,76.9,-77.8,1.6,0.0,278.4,73.0,365.0,365.0,395.0,395.0,0.0,0.0,540.0,540.0,-72,-24.714512255926138,STRONG_DOWN,LOWER,MOMENTUM_DOWN,S5_TRASH,,,,,365.0,365.0,395.0,395.0,0.0,0.0,,0.0,0.0,0.0,0.0,540.0,540.0,,,,,,,000000000,101010100,62.4,0.0,88.9,0.0,0.0,9.0,1.0,62.4
541,SWKS,Technology,-156.1,4.8,0.4,-3.5,-4.6,3.8,4.0,-7.7,-48.5,-78.2,-107.6,-156.1,67.4,-166.8,2.0,0.0,-2174.9,-15.2,562.0,562.0,569.0,569.0,0.0,0.0,541.0,541.0,-69,152.15756858565464,STRONG_DOWN,LOWER,MOMENTUM_DOWN,S5_TRASH,,,,,562.0,562.0,569.0,569.0,0.0,0.0,,0.0,0.0,0.0,0.0,541.0,541.0,,,,,,,001100000,001100000,62.4,0.0,44.4,0.0,0.0,9.0,1.0,62.4
542,TAP,Beverages - Brewers,-142.8,10.1,6.6,7.9,5.5,-4.6,-8.8,-14.6,-46.3,-60.6,-79.3,-142.8,11.2,-159.5,2.6,0.0,-794.5,-1.8,544.0,544.0,556.0,556.0,0.0,0.0,542.0,542.0,11,1624.456878236515,EARLY_UP,LOWER,MOMENTUM_UP,S4_BOTTOMING,,,,,544.0,544.0,556.0,556.0,0.0,0.0,,0.0,0.0,0.0,0.0,542.0,542.0,,,,,,,110000000,000011000,62.4,0.0,44.4,0.0,0.0,9.0,1.0,62.4
543,TEL,Electronic Components,-21.6,25.2,-16.1,-6.5,-3.4,-10.6,-13.5,-13.2,-4.0,-11.4,-12.5,-21.6,51.0,-45.6,1.6,0.0,-44.4,119.3,264.0,264.0,282.0,282.0,0.0,0.0,543.0,543.0,-232,-21.64743256811819,EARLY_DOWN,MID_RANGE,MOMENTUM_DOWN,S5_TRASH,,,,,264.0,264.0,282.0,282.0,0.0,0.0,,0.0,0.0,0.0,0.0,543.0,543.0,,,,,,,000000000,100110010,62.4,0.0,88.9,0.0,0.0,9.0,1.0,62.4
544,TRMB,Technology,-130.2,4.4,4.4,5.7,-18.0,-24.9,-31.1,-40.0,-52.6,-76.2,-95.5,-130.2,80.8,-139.4,1.8,0.0,-1063.1,10.8,517.0,517.0,539.0,539.0,0.0,0.0,544.0,544.0,-30,3917.7999999999997,STRONG_DOWN,LOWER,MOMENTUM_UP,S4_BOTTOMING,,,,,517.0,517.0,539.0,539.0,0.0,0.0,,0.0,0.0,0.0,0.0,544.0,544.0,,,,,,,100000000,101100000,62.4,0.0,66.7,0.0,0.0,9.0,1.0,62.4
545,XYL,Industrials,-85.1,14.0,8.9,7.1,5.8,-5.1,-12.2,-20.9,-37.9,-50.2,-64.1,-85.1,41.6,-105.3,1.9,0.0,-152.2,55.9,414.0,414.0,445.0,445.0,0.0,0.0,545.0,545.0,-24,314.23349548916,EARLY_UP,LOWER,MOMENTUM_UP,S4_BOTTOMING,,,,,414.0,414.0,445.0,445.0,0.0,0.0,,0.0,0.0,0.0,0.0,545.0,545.0,,,,,,,110000000,100010000,62.4,0.0,44.4,0.0,0.0,9.0,1.0,62.4
546,005490.KS,Steel,-102.9,2.4,-6.8,-11.9,-28.5,-28.0,-20.3,-12.5,-42.6,-52.7,-60.0,-102.9,139.8,-108.4,1.7,0.0,-2660.9,38.1,460.0,460.0,488.0,488.0,0.0,0.0,546.0,546.0,-117,-2174.5321275319056,STRONG_DOWN,LOWER,MOMENTUM_DOWN,S5_TRASH,,,,,460.0,460.0,488.0,488.0,0.0,0.0,,0.0,0.0,0.0,0.0,546.0,546.0,,,,,,,000000000,000011000,40.2,0.0,44.4,22.2,1.0,9.0,1.0,62.4
547,IP,Packaging & Containers,-104.2,23.9,7.7,7.9,23.2,9.4,3.9,-8.1,-23.7,-40.1,-57.0,-104.2,26.9,-144.8,2.2,0.0,-163.2,36.8,464.0,464.0,492.0,492.0,0.0,0.0,547.0,547.0,-24,105.34559530674528,STRONG_UP,MID_RANGE,MOMENTUM_UP,S1_LEADER,,,,,464.0,464.0,492.0,492.0,0.0,0.0,,0.0,0.0,0.0,0.0,547.0,547.0,,,,,,,111100000,000000-00,61.4,0.0,0.0,0.0,0.0,9.0,1.0,61.4
548,SLDP,Unknown,-51.5,13.6,-2.4,-5.3,-18.3,-20.9,-31.8,-26.5,9.7,-49.6,,-51.5,174.4,-111.1,1.9,0.0,-302.4848222630871,7.7,522.0,522.0,348.0,348.0,0.0,0.0,548.0,548.0,-68,0.0,STRONG_DOWN,LOWER,MOMENTUM_DOWN,S5_TRASH,,,,,522.0,522.0,348.0,348.0,0.0,0.0,,0.0,0.0,0.0,0.0,548.0,548.0,629954326.87,0.63,544.0,other,equity,data_raw,0000010-0,------010,56.8,0.0,66.7,0.0,0.0,3.0,0.5,56.8
549,APTV,Auto Parts,-165.6,5.7,0.9,-2.7,-4.8,-12.0,-18.6,-25.8,-52.5,-86.0,-114.6,-165.6,58.7,-178.6,1.6,0.0,-1986.7,-24.6,575.0,575.0,579.0,579.0,0.0,0.0,549.0,549.0,-67,324.85003611797515,EARLY_DOWN,LOWER,MOMENTUM_DOWN,S5_TRASH,,,,,575.0,575.0,579.0,579.0,0.0,0.0,,0.0,0.0,0.0,0.0,549.0,549.0,,,,,,,000000000,-11100000,54.5,0.0,66.7,0.0,0.0,9.0,1.0,54.5
550,LW,Packaged Foods,-121.8,11.6,3.8,6.5,-3.5,-5.0,-13.2,-18.6,-58.9,-73.9,-98.2,-121.8,59.8,-155.8,1.8,0.0,-1182.1036116935582,-23.8,573.0,573.0,525.0,525.0,0.0,0.0,550.0,550.0,-63,0.0,STRONG_DOWN,LOWER,MOMENTUM_UP,S4_BOTTOMING,,,,,573.0,573.0,525.0,525.0,0.0,0.0,,0.0,0.0,0.0,0.0,550.0,550.0,5777402962.49,5.777,535.0,other,equity,data_raw,100000000,-10001000,53.1,0.0,50.0,0.0,0.0,8.0,1.0,53.1
551,PEP,Soft Drinks & Non-alcoholic Beverages,-98.4,10.4,4.2,2.2,-0.8,-9.7,-8.8,-7.3,-31.2,-49.6,-66.8,-98.4,21.3,-111.9,2.4,0.0,-549.6,42.6,448.0,448.0,479.0,479.0,0.0,0.0,551.0,551.0,-24,394.341706793673,STRONG_DOWN,LOWER,MOMENTUM_DOWN,S5_TRASH,,,,,448.0,448.0,479.0,479.0,0.0,0.0,,0.0,0.0,0.0,0.0,551.0,551.0,,,,,,,100000000,01-010000,53.1,0.0,44.4,0.0,0.0,9.0,1.0,53.1
552,CPB,Packaged Foods,-176.8,7.6,5.2,10.1,10.1,-2.8,-13.1,-26.1,-67.1,-92.3,-121.0,-176.8,16.9,-192.2,3.0,0.0,-1292.2,-35.8,582.0,582.0,586.0,586.0,0.0,0.0,552.0,552.0,11,2957.240258190249,EARLY_DOWN,LOWER,MOMENTUM_UP,S4_BOTTOMING,,,,,582.0,582.0,586.0,586.0,0.0,0.0,,0.0,0.0,0.0,0.0,552.0,552.0,,,,,,,110000000,00-010000,51.7,0.0,22.2,0.0,0.0,9.0,1.0,51.7
553,SRE,Utilities,-66.7,20.6,11.7,6.5,5.2,-3.1,-1.9,-1.0,-10.7,-23.2,-39.7,-66.7,21.9,-89.1,1.8,0.0,-194.1,74.3,360.0,360.0,389.0,389.0,0.0,0.0,553.0,553.0,12,317.3925404605925,EARLY_UP,MID_RANGE,MOMENTUM_UP,S2_EARLY_BREAKOUT,,,,,360.0,360.0,389.0,389.0,0.0,0.0,,0.0,0.0,0.0,0.0,553.0,553.0,,,,,,,110000000,01000-000,51.7,0.0,22.2,0.0,0.0,9.0,1.0,51.7
554,CAG,Packaged Foods,-180.1,7.5,5.0,9.3,5.1,-10.8,-17.5,-27.9,-70.4,-96.8,-124.4,-180.1,8.8,-194.9,3.1,0.0,-1334.8,-39.1,584.0,584.0,587.0,587.0,0.0,0.0,554.0,554.0,14,2852.052394632243,EARLY_UP,LOWER,MOMENTUM_UP,S4_BOTTOMING,,,,,584.0,584.0,587.0,587.0,0.0,0.0,,0.0,0.0,0.0,0.0,554.0,554.0,,,,,,,110000000,000010000,51.3,0.0,22.2,0.0,0.0,9.0,1.0,51.3
555,DIS,Entertainment,-147.0,4.5,0.8,-2.3,-2.7,-6.8,-11.4,-19.7,-35.3,-63.0,-96.2,-147.0,38.2,-155.2,2.3,0.0,-2229.8,-6.0,550.0,550.0,558.0,558.0,0.0,0.0,555.0,555.0,-101,526.600118654253,STRONG_DOWN,LOWER,MOMENTUM_DOWN,S5_TRASH,,,,,550.0,550.0,558.0,558.0,0.0,0.0,,0.0,0.0,0.0,0.0,555.0,555.0,,,,,,,000000000,111000000,51.3,0.0,66.7,0.0,0.0,9.0,1.0,51.3
556,FDX,Industrials,-55.7,28.9,1.6,0.2,-11.1,-17.1,-8.6,6.5,-10.4,-14.3,-18.3,-55.7,34.1,-91.7,2.8,0.0,-114.5,85.3,330.0,330.0,358.0,358.0,0.0,0.0,556.0,556.0,-16,2.4849748592042005,STRONG_DOWN,MID_RANGE,NEUTRAL,S5_TRASH,,,,,330.0,330.0,358.0,358.0,0.0,0.0,,0.0,0.0,0.0,0.0,556.0,556.0,,,,,,,100010000,000010000,51.3,0.0,22.2,0.0,0.0,9.0,1.0,51.3
557,FIS,Information Technology Services,-191.0,3.4,2.9,3.5,-13.0,-20.6,-30.8,-44.9,-73.4,-100.7,-135.4,-191.0,38.7,-198.5,2.5,0.0,-3243.5,-50.0,592.0,592.0,595.0,595.0,0.0,0.0,557.0,557.0,-16,1756.5,STRONG_DOWN,LOWER,MOMENTUM_UP,S4_BOTTOMING,,,,,592.0,592.0,595.0,595.0,0.0,0.0,,0.0,0.0,0.0,0.0,557.0,557.0,,,,,,,100000000,110000000,51.3,0.0,44.4,0.0,0.0,9.0,1.0,51.3
558,HII,Aerospace & Defense,-72.9,30.2,2.6,1.4,-11.4,-25.8,-25.4,-16.1,-11.4,-17.0,-30.6,-72.9,40.1,-121.3,1.8,0.0,-130.1,68.1,377.0,377.0,409.0,409.0,0.0,0.0,558.0,558.0,-16,12.055592935748564,STRONG_DOWN,MID_RANGE,MOMENTUM_DOWN,S5_TRASH,,,,,377.0,377.0,409.0,409.0,0.0,0.0,,0.0,0.0,0.0,0.0,558.0,558.0,,,,,,,100000000,000001010,51.3,0.0,44.4,0.0,0.0,9.0,1.0,51.3
559,ICE,Financial Data & Stock Exchanges,-94.2,1.0,1.0,-4.9,-15.9,-23.8,-26.9,-34.0,-47.0,-56.7,-73.8,-94.2,26.5,-95.0,2.1,0.0,-717.5,46.8,434.0,434.0,463.0,463.0,0.0,0.0,559.0,559.0,-55,-43.57118232616665,STRONG_DOWN,LOWER,MOMENTUM_DOWN,S5_TRASH,,,,,434.0,434.0,463.0,463.0,0.0,0.0,,0.0,0.0,0.0,0.0,559.0,559.0,,,,,,,000000000,111000000,51.3,0.0,66.7,0.0,0.0,9.0,1.0,51.3
560,JKHY,Diversified Banks,-132.3,7.2,7.2,9.5,-6.5,-14.9,-21.4,-25.9,-50.1,-71.9,-96.1,-132.3,58.9,-146.8,2.0,0.0,-853.5,8.7,519.0,519.0,541.0,541.0,0.0,0.0,560.0,560.0,-16,4146.5,EARLY_UP,LOWER,MOMENTUM_UP,S4_BOTTOMING,,,,,519.0,519.0,541.0,541.0,0.0,0.0,,0.0,0.0,0.0,0.0,560.0,560.0,,,,,,,100000000,110000000,51.3,0.0,44.4,0.0,0.0,9.0,1.0,51.3
561,LHX,Aerospace & Defense,-38.2,26.5,3.0,1.4,-5.1,-16.4,-13.4,-10.4,-4.1,-19.1,-34.8,-38.2,63.3,-74.3,1.7,0.0,-78.5,102.8,300.0,300.0,322.0,322.0,0.0,0.0,561.0,561.0,-14,9.728144569241351,STRONG_DOWN,MID_RANGE,MOMENTUM_DOWN,S5_TRASH,,,,,300.0,300.0,322.0,322.0,0.0,0.0,,0.0,0.0,0.0,0.0,561.0,561.0,,,,,,,100000000,110000000,51.3,0.0,44.4,0.0,0.0,9.0,1.0,51.3
562,OMC,Advertising Agencies,-115.5,8.1,7.1,5.0,-3.0,-10.2,-10.1,-11.8,-40.1,-52.9,-67.4,-115.5,7.3,-125.6,2.3,0.0,-723.3,25.5,492.0,492.0,516.0,516.0,0.0,0.0,562.0,562.0,-13,4276.7,STRONG_DOWN,LOWER,MOMENTUM_DOWN,S5_TRASH,,,,,492.0,492.0,516.0,516.0,0.0,0.0,,0.0,0.0,0.0,0.0,562.0,562.0,,,,,,,100000000,000011000,51.3,0.0,44.4,0.0,0.0,9.0,1.0,51.3
563,PPL,Utilities,-86.8,17.2,11.3,7.2,4.2,-4.4,-3.6,-6.5,-10.5,-21.7,-41.1,-86.8,10.3,-106.4,2.0,0.0,-295.6,54.2,420.0,420.0,451.0,451.0,0.0,0.0,563.0,563.0,12,692.2089000458676,EARLY_UP,LOWER,MOMENTUM_UP,S4_BOTTOMING,,,,,420.0,420.0,451.0,451.0,0.0,0.0,,0.0,0.0,0.0,0.0,563.0,563.0,,,,,,,110000000,010000000,51.3,0.0,22.2,0.0,0.0,9.0,1.0,51.3
564,STZ,Beverages - Brewers,-158.2,8.1,4.9,6.2,2.9,-5.5,-5.0,-11.8,-57.3,-82.2,-106.9,-158.2,18.1,-173.1,2.4,0.0,-1105.6,-17.2,563.0,563.0,570.0,570.0,0.0,0.0,564.0,564.0,12,1779.8767712541467,EARLY_UP,LOWER,MOMENTUM_UP,S4_BOTTOMING,,,,,563.0,563.0,570.0,570.0,0.0,0.0,,0.0,0.0,0.0,0.0,564.0,564.0,,,,,,,110000000,000010000,51.3,0.0,22.2,0.0,0.0,9.0,1.0,51.3
565,UHS,Healthcare,-129.2,8.3,6.4,5.8,-4.5,-18.4,-27.5,-32.3,-50.4,-59.2,-80.0,-129.2,9.9,-141.3,1.9,0.0,-582.1,11.8,515.0,515.0,537.0,537.0,0.0,0.0,565.0,565.0,-10,2087.1187564044244,EARLY_UP,LOWER,MOMENTUM_UP,S4_BOTTOMING,,,,,515.0,515.0,537.0,537.0,0.0,0.0,,0.0,0.0,0.0,0.0,565.0,565.0,,,,,,,100000000,010000100,51.3,0.0,44.4,0.0,0.0,9.0,1.0,51.3
566,VRSN,Technology,-77.8,9.8,0.3,-0.8,-8.6,-5.2,-4.1,-11.2,-17.0,-35.4,-61.5,-77.8,78.8,-94.3,1.7,0.0,-488.9,63.2,389.0,389.0,420.0,420.0,0.0,0.0,566.0,566.0,-49,-7.333516757923576,STRONG_DOWN,LOWER,MOMENTUM_DOWN,S5_TRASH,,,,,389.0,389.0,420.0,420.0,0.0,0.0,,0.0,0.0,0.0,0.0,566.0,566.0,,,,,,,000000000,111000000,51.3,0.0,66.7,0.0,0.0,9.0,1.0,51.3
567,ZBH,Healthcare,-156.0,10.7,5.8,8.4,13.6,1.7,-0.4,-8.7,-45.7,-71.7,-102.2,-156.0,13.8,-175.8,2.8,0.0,-920.9,-15.0,561.0,561.0,568.0,568.0,0.0,0.0,567.0,567.0,12,1229.735932793265,STRONG_UP,LOWER,MOMENTUM_UP,S0_NEUTRAL,,,,,561.0,561.0,568.0,568.0,0.0,0.0,,0.0,0.0,0.0,0.0,567.0,567.0,,,,,,,111000000,000000000,51.3,0.0,0.0,0.0,0.0,9.0,1.0,51.3
568,PDD,Technology,-65.8,1.4,1.4,-1.2,-16.4,-25.3,-30.4,-38.9,-64.3,-69.2,-76.8,-65.8,465.0,-90.7,1.5,0.0,2689.6,31.9,478.0,478.0,386.0,386.0,0.0,0.0,568.0,568.0,-43,1842.9930194832605,STRONG_DOWN,LOWER,MOMENTUM_DOWN,S5_TRASH,,,,,478.0,478.0,386.0,386.0,0.0,0.0,,0.0,0.0,0.0,0.0,568.0,568.0,,,,,,,000000000,---010100,48.3,0.0,66.7,0.0,0.0,6.0,1.0,48.3
569,DOW,Chemicals,-83.2,14.3,-1.9,-5.9,-19.6,-21.5,-4.4,6.6,-37.0,-62.0,-80.2,-83.2,31.9,-138.5,2.8,0.0,-462.0,4.6,530.0,530.0,439.0,439.0,0.0,0.0,569.0,569.0,-88,-87.95811489836024,STRONG_DOWN,LOWER,MOMENTUM_DOWN,S5_TRASH,,,,,530.0,530.0,439.0,439.0,0.0,0.0,,0.0,0.0,0.0,0.0,569.0,569.0,,,,,,,000010000,----10000,45.1,0.0,40.0,0.0,0.0,5.0,0.833,45.1
570,FOX,Broadcasting & Cable TV,-48.1,9.4,9.4,0.4,-19.9,-20.3,-25.9,-27.2,-15.5,-25.5,-44.3,-48.1,4.0,-88.3,1.4,0.0,-340.9,39.7,455.0,455.0,341.0,341.0,0.0,0.0,570.0,570.0,-11,3093.119798653599,STRONG_DOWN,LOWER,MOMENTUM_DOWN,S5_TRASH,,,,,455.0,455.0,341.0,341.0,0.0,0.0,,0.0,0.0,0.0,0.0,570.0,570.0,,,,,,,100000000,----00010,45.1,0.0,40.0,0.0,0.0,5.0,0.833,45.1
571,VICI,Real Estate,-71.6,8.2,8.2,6.1,-2.0,-8.1,-8.8,-18.0,-37.5,-53.8,-64.7,-71.6,40.0,-95.8,2.4,0.0,-368.5,33.2,472.0,472.0,404.0,404.0,0.0,0.0,571.0,571.0,-10,2793.1198683829707,STRONG_DOWN,LOWER,MOMENTUM_DOWN,S5_TRASH,,,,,472.0,472.0,404.0,404.0,0.0,0.0,,0.0,0.0,0.0,0.0,571.0,571.0,,,,,,,100000000,--001-000,42.8,0.0,28.6,0.0,0.0,7.0,1.0,42.8
572,NWSA,Entertainment,-81.0,7.2,6.5,3.1,-2.8,-3.9,-6.3,-15.5,-33.3,-42.2,-48.3,-81.0,56.8,-91.2,2.1,0.0,-322.2,60.0,402.0,402.0,432.0,432.0,0.0,0.0,572.0,572.0,-8,2100.0521139660423,STRONG_DOWN,LOWER,MOMENTUM_DOWN,S5_TRASH,,,,,402.0,402.0,432.0,432.0,0.0,0.0,,0.0,0.0,0.0,0.0,572.0,572.0,,,,,,,100000000,000-10000,40.6,0.0,22.2,0.0,0.0,9.0,1.0,40.6
573,ONDO-USD,Decentralized Finance,-66.9,3.0,0.4,-0.3,4.2,5.9,-5.1,-38.5,,,,-66.9,250.6,-121.4,2.4,0.0,872.7,-41.9,588.0,588.0,390.0,390.0,0.0,0.0,573.0,573.0,-94,129.19359734872137,STRONG_DOWN,LOWER,MOMENTUM_DOWN,S5_TRASH,,,,,588.0,588.0,390.0,390.0,0.0,0.0,,0.0,0.0,0.0,0.0,573.0,573.0,,,,,,,01100---0,--------0,40.3,0.0,0.0,0.0,0.0,1.0,0.167,40.3
574,VLTO,Industrials,-33.8,17.1,11.5,9.4,6.2,-2.7,-8.6,-17.5,,,,-33.8,0.0,-108.7,2.9,0.0,-184.5,-4.1,546.0,546.0,312.0,312.0,0.0,0.0,574.0,574.0,23,465.0345284096669,EARLY_UP,LOWER,MOMENTUM_UP,S4_BOTTOMING,,,,,546.0,546.0,312.0,312.0,0.0,0.0,,0.0,0.0,0.0,0.0,574.0,574.0,,,,,,,11000---0,--------0,40.3,0.0,0.0,0.0,0.0,1.0,0.167,40.3
575,CHTR,Telecom Services,-202.3,3.9,3.2,8.5,-12.9,-31.1,-35.3,-51.3,-89.3,-117.5,-149.2,-202.3,60.3,-212.3,2.6,0.0,-2879.5,-61.3,595.0,595.0,597.0,597.0,0.0,0.0,575.0,575.0,-6,2120.5,STRONG_DOWN,LOWER,MOMENTUM_UP,S4_BOTTOMING,,,,,595.0,595.0,597.0,597.0,0.0,0.0,,0.0,0.0,0.0,0.0,575.0,575.0,,,,,,,100000000,001000000,40.2,0.0,22.2,0.0,0.0,9.0,1.0,40.2
576,DX-Y.NYB,Index,-138.0,7.8,4.3,3.1,4.1,-1.0,-2.0,-6.7,-35.3,-55.9,-82.4,-138.0,13.7,-150.2,2.8,0.0,-1176.3,3.0,534.0,534.0,550.0,550.0,0.0,0.0,576.0,576.0,-41,1582.2228509559875,STRONG_UP,LOWER,NEUTRAL,S0_NEUTRAL,,,,,534.0,534.0,550.0,550.0,0.0,0.0,,0.0,0.0,0.0,0.0,576.0,576.0,,,,,,,110000000,000000000,40.2,0.0,0.0,0.0,0.0,9.0,1.0,40.2
577,HAS,Leisure,-101.3,14.9,4.9,3.3,-3.3,-10.4,-8.0,-3.8,3.1,-19.8,-48.7,-101.3,23.8,-122.8,1.7,0.0,-529.6,39.7,455.0,455.0,485.0,485.0,0.0,0.0,577.0,577.0,-5,316.7714427684057,EARLY_UP,LOWER,MOMENTUM_UP,S4_BOTTOMING,,,,,455.0,455.0,485.0,485.0,0.0,0.0,,0.0,0.0,0.0,0.0,577.0,577.0,,,,,,,100001000,000000000,40.2,0.0,0.0,0.0,0.0,9.0,1.0,40.2
578,PFE,Pharmaceuticals,-123.2,5.9,1.2,-1.1,-2.8,-10.4,-7.3,-3.7,-18.7,-52.3,-76.1,-123.2,23.6,-131.9,1.9,0.0,-1676.4,17.8,506.0,506.0,529.0,529.0,0.0,0.0,578.0,578.0,-28,374.84184219962617,STRONG_DOWN,LOWER,MOMENTUM_DOWN,S5_TRASH,,,,,506.0,506.0,529.0,529.0,0.0,0.0,,0.0,0.0,0.0,0.0,578.0,578.0,,,,,,,000000000,100010000,40.2,0.0,44.4,0.0,0.0,9.0,1.0,40.2
579,T,Telecom Services,-63.3,23.3,9.8,5.8,-8.9,-17.2,-16.2,-21.5,-10.4,-8.1,-24.3,-63.3,30.9,-91.2,1.5,0.0,-70.1,77.7,345.0,345.0,374.0,374.0,0.0,0.0,579.0,579.0,-2,63.5051589150097,STRONG_DOWN,MID_RANGE,MOMENTUM_UP,S4_BOTTOMING,,,,,345.0,345.0,374.0,374.0,0.0,0.0,,0.0,0.0,0.0,0.0,579.0,579.0,,,,,,,100000000,000000100,40.2,0.0,22.2,0.0,0.0,9.0,1.0,40.2
580,TSN,Farm Products,-120.5,8.4,8.1,8.2,-3.4,-10.4,-8.9,-5.6,-16.7,-44.5,-70.8,-120.5,24.5,-133.3,2.0,0.0,-1030.5,20.5,500.0,500.0,523.0,523.0,0.0,0.0,580.0,580.0,-2,3969.5,EARLY_UP,LOWER,MOMENTUM_UP,S4_BOTTOMING,,,,,500.0,500.0,523.0,523.0,0.0,0.0,,0.0,0.0,0.0,0.0,580.0,580.0,,,,,,,100000000,010000000,40.2,0.0,22.2,0.0,0.0,9.0,1.0,40.2
581,449170.KS,KOFR Rate,-38.2,9.8,6.2,2.6,1.6,-3.2,-4.1,-8.2,-29.9,,,-38.2,11.6,-93.8,2.9,0.0,-458.5,5.5,526.0,526.0,322.0,322.0,0.0,0.0,581.0,581.0,12,871.929939706698,STRONG_UP,LOWER,MOMENTUM_DOWN,S0_NEUTRAL,,,,,526.0,526.0,322.0,322.0,0.0,0.0,,0.0,0.0,0.0,0.0,581.0,581.0,,,,,,,110000--0,-------00,37.6,0.0,0.0,0.0,0.0,2.0,0.333,37.6
582,GEHC,Healthcare,-55.5,10.4,8.2,9.4,7.7,-8.2,-15.1,-19.8,-48.4,,,-55.5,20.1,-124.7,2.3,0.0,-482.3,-12.7,558.0,558.0,357.0,357.0,0.0,0.0,582.0,582.0,12,1956.0981914493061,STRONG_UP,LOWER,MOMENTUM_UP,S0_NEUTRAL,,,,,558.0,558.0,357.0,357.0,0.0,0.0,,0.0,0.0,0.0,0.0,582.0,582.0,,,,,,,110000--0,-------00,37.6,0.0,0.0,0.0,0.0,2.0,0.333,37.6
583,OTIS,Industrials,-70.3,9.8,4.1,2.5,1.6,-10.2,-14.7,-22.8,-47.5,-61.7,,-70.3,3.8,-151.8,3.1,0.0,-661.5,3.8,532.0,532.0,399.0,399.0,0.0,0.0,583.0,583.0,-2,548.4393106104417,EARLY_UP,LOWER,NEUTRAL,S0_NEUTRAL,,,,,532.0,532.0,399.0,399.0,0.0,0.0,,0.0,0.0,0.0,0.0,583.0,583.0,,,,,,,1100000-0,-----0000,37.0,0.0,0.0,0.0,0.0,4.0,0.667,37.0
584,FOXA,Entertainment,-43.9,8.3,8.0,-1.5,-21.6,-21.4,-27.3,-28.1,-14.7,-24.5,-40.3,-43.9,10.2,-84.0,1.4,0.0,-355.8,43.9,445.0,445.0,331.0,331.0,0.0,0.0,584.0,584.0,-24,2755.2248892679877,STRONG_DOWN,LOWER,MOMENTUM_DOWN,S5_TRASH,,,,,445.0,445.0,331.0,331.0,0.0,0.0,,0.0,0.0,0.0,0.0,584.0,584.0,,,,,,,000000000,----00010,34.0,0.0,40.0,0.0,0.0,5.0,0.833,34.0
585,XLC,Index,-28.9,6.9,6.9,-0.4,-7.2,-11.6,-13.4,-15.2,-13.4,-13.1,-24.9,-28.9,14.6,-52.5,1.4,0.0,-213.5,70.1,369.0,369.0,295.0,295.0,0.0,0.0,585.0,585.0,-23,1345.3036901628825,STRONG_DOWN,LOWER,MOMENTUM_DOWN,S5_TRASH,,,,,369.0,369.0,295.0,295.0,0.0,0.0,,0.0,0.0,0.0,0.0,585.0,585.0,,,,,,,000000000,---000010,31.7,0.0,33.3,0.0,0.0,6.0,1.0,31.7
586,CL=F,Index,-122.9,24.5,-1.4,-5.6,-27.1,-24.8,-10.8,-8.5,-38.7,-64.7,-73.9,-122.9,92.6,-192.0,1.4,0.0,-242.3,18.1,505.0,505.0,528.0,528.0,0.0,0.0,586.0,586.0,-16,-29.454266687075943,STRONG_DOWN,MID_RANGE,MOMENTUM_DOWN,S5_TRASH,,,,,505.0,505.0,528.0,528.0,0.0,0.0,,0.0,0.0,0.0,0.0,586.0,586.0,,,,,,,000000000,000010000,29.1,0.0,22.2,0.0,0.0,9.0,1.0,29.1
587,CMCSA,Telecom Services,-165.1,4.6,4.6,5.9,-9.8,-19.9,-20.5,-28.3,-63.1,-86.5,-115.3,-165.1,16.7,-173.4,2.3,0.0,-2063.8,-24.1,574.0,574.0,578.0,578.0,0.0,0.0,587.0,587.0,-2,2936.2,STRONG_DOWN,LOWER,MOMENTUM_UP,S4_BOTTOMING,,,,,574.0,574.0,578.0,578.0,0.0,0.0,,0.0,0.0,0.0,0.0,587.0,587.0,,,,,,,100000000,000000000,29.1,0.0,0.0,0.0,0.0,9.0,1.0,29.1
588,SUI-USD,Cryptocurrency,-94.8,5.9,0.3,-1.1,-23.5,16.9,-0.9,-54.1,,,,-94.8,287.9,-111.3,3.7,0.0,479.8,-68.9,596.0,596.0,469.0,469.0,0.0,0.0,588.0,588.0,-5,362.9815067499058,NO_TREND,LOWER,MOMENTUM_DOWN,S5_TRASH,,,,,596.0,596.0,469.0,469.0,0.0,0.0,,0.0,0.0,0.0,0.0,588.0,588.0,,,,,,,00100---0,--------0,23.7,0.0,0.0,0.0,0.0,1.0,0.167,23.7
589,EXE,Oil & Gas E&P,-33.1,5.6,5.2,4.3,-6.4,-16.1,-21.6,-25.6,-35.1,-39.0,,-33.1,97.5,-67.0,2.4,0.0,-28.3,25.6,489.0,489.0,311.0,311.0,0.0,0.0,589.0,589.0,2,126.35942938059863,EARLY_UP,LOWER,MOMENTUM_UP,S4_BOTTOMING,,,,,489.0,489.0,311.0,311.0,0.0,0.0,,0.0,0.0,0.0,0.0,589.0,589.0,,,,,,,1000000-0,------000,23.5,0.0,0.0,0.0,0.0,3.0,0.5,23.5
590,PATH,Theme (User Picks),-94.4,8.9,5.5,5.1,-9.1,-10.5,-19.9,-25.5,-59.9,-91.6,,-94.4,20.3,-123.3,2.1,0.0,-684.2,-37.4,583.0,583.0,466.0,466.0,0.0,0.0,590.0,590.0,2,1193.4227361158803,STRONG_DOWN,LOWER,MOMENTUM_DOWN,S5_TRASH,,,,,583.0,583.0,466.0,466.0,0.0,0.0,,0.0,0.0,0.0,0.0,590.0,590.0,,,,,,,1000000-0,------000,23.5,0.0,0.0,0.0,0.0,3.0,0.5,23.5
591,CTSH,Technology,-175.8,1.7,1.7,-5.8,-25.4,-35.2,-44.5,-51.9,-77.0,-96.6,-121.9,-175.8,16.0,-178.7,2.2,0.0,-4811.6,-34.8,581.0,581.0,585.0,585.0,0.0,0.0,591.0,591.0,-5,188.39999999999964,STRONG_DOWN,LOWER,MOMENTUM_DOWN,S5_TRASH,,,,,581.0,581.0,585.0,585.0,0.0,0.0,,0.0,0.0,0.0,0.0,591.0,591.0,,,,,,,000000000,000000000,18.0,0.0,0.0,0.0,0.0,9.0,1.0,18.0
592,LVS,Resorts & Casinos,-141.0,2.4,2.3,-0.7,-10.6,-17.2,-22.5,-22.4,-37.1,-51.2,-82.9,-141.0,29.7,-144.7,2.1,0.0,-4287.7,0.0,540.0,540.0,553.0,553.0,0.0,0.0,592.0,592.0,-4,712.3000000000002,STRONG_DOWN,LOWER,MOMENTUM_DOWN,S5_TRASH,,,,,540.0,540.0,553.0,553.0,0.0,0.0,,0.0,0.0,0.0,0.0,592.0,592.0,,,,,,,000000000,000000000,18.0,0.0,0.0,0.0,0.0,9.0,1.0,18.0
593,PSKY,Entertainment,-195.3,2.0,1.6,-0.4,-11.3,-16.1,-23.5,-34.4,-55.0,-92.4,-128.0,-195.3,104.5,-202.3,2.1,0.0,-7663.2,-54.3,594.0,594.0,596.0,596.0,0.0,0.0,593.0,593.0,-4,-2663.2,STRONG_DOWN,LOWER,MOMENTUM_DOWN,S5_TRASH,,,,,594.0,594.0,596.0,596.0,0.0,0.0,,0.0,0.0,0.0,0.0,593.0,593.0,,,,,,,000000000,000000000,18.0,0.0,0.0,0.0,0.0,9.0,1.0,18.0
594,WYNN,Resorts & Casinos,-132.5,6.0,0.4,-2.2,-4.1,-8.7,-14.6,-19.2,-29.3,-41.5,-71.1,-132.5,68.0,-144.8,1.5,0.0,-1578.8,8.5,520.0,520.0,542.0,542.0,0.0,0.0,594.0,594.0,-4,89.21621581977956,EARLY_DOWN,LOWER,MOMENTUM_DOWN,S5_TRASH,,,,,520.0,520.0,542.0,542.0,0.0,0.0,,0.0,0.0,0.0,0.0,594.0,594.0,,,,,,,000000000,000000000,18.0,0.0,0.0,0.0,0.0,9.0,1.0,18.0
595,EH,Aerospace & Defense,-127.9,0.1,0.0,-10.2,-37.2,-45.3,-51.8,-64.5,-93.1,-107.2,,-127.9,974.5,-159.6,2.5,0.0,-4062.2,-51.5,593.0,593.0,534.0,534.0,0.0,0.0,595.0,595.0,-15,-61.60560683896847,STRONG_DOWN,LOWER,MOMENTUM_DOWN,S5_TRASH,,,,,593.0,593.0,534.0,534.0,0.0,0.0,,0.0,0.0,0.0,0.0,595.0,595.0,,,,,,,0000000-0,----00000,13.0,0.0,0.0,0.0,0.0,5.0,0.833,13.0
596,0072R0.KS,Gold,-7.0,5.0,5.0,-0.4,-8.3,-17.0,-17.4,-7.0,,,,-7.0,34.7,-30.8,1.9,0.0,0.0,2.3,536.0,536.0,252.0,252.0,0.0,0.0,596.0,596.0,-14,0.0,STRONG_DOWN,LOWER,MOMENTUM_DOWN,S5_TRASH,,,,,536.0,536.0,252.0,252.0,0.0,0.0,,0.0,0.0,0.0,0.0,596.0,596.0,,,,,,,00000---0,--------0,7.0,0.0,0.0,0.0,0.0,1.0,0.167,7.0
597,IBIT,Index,-46.2,3.3,1.8,-2.4,-18.8,-19.1,-26.7,-42.4,,,,-46.2,35.4,-93.7,2.2,0.0,-13.9,-21.1,568.0,568.0,336.0,336.0,0.0,0.0,597.0,597.0,-2,-7.458627477285995,STRONG_DOWN,LOWER,MOMENTUM_DOWN,S5_TRASH,,,,,568.0,568.0,336.0,336.0,0.0,0.0,,0.0,0.0,0.0,0.0,597.0,597.0,,,,,,,00000---0,--------0,7.0,0.0,0.0,0.0,0.0,1.0,0.167,7.0
598,KEI,Unknown,-17.2,10.0,-1.2,-0.3,-0.6,-4.8,-7.3,-15.1,,,,-17.2,11.8,-20.3,2.3,0.0,0.0,-4.1,546.0,546.0,271.0,271.0,0.0,0.0,598.0,598.0,-2,0.0,STRONG_DOWN,LOWER,MOMENTUM_UP,S4_BOTTOMING,,,,,546.0,546.0,271.0,271.0,0.0,0.0,,0.0,0.0,0.0,0.0,598.0,598.0,,,,unknown,equity,,00000---0,--------0,7.0,0.0,0.0,0.0,0.0,1.0,0.167,7.0
