Rank,Ticker,Sector,Divergence,Relative_Divergence,Delta_Previous_Relative_Divergence,1m,3m,6m,1y,2y,3y,5y,7y,max,Max_Divergence,Min_Divergence,Volatility_Adjustment,Expected_Return,Dynamic_Expected_Return,Total_Return,Total_Return_Rank,Divergence_Rank,Penalty,Average_Rank,Delta_Previous_Rank,Delta_Previous_Dynamic_Expected_Return,Trend_State,Position_State,Momentum_State,Composite_State,DER_cap_monthly,DER_capped,F_trend,DER_capped_trend
1,NVDA,Semiconductors,3710.5,97.9,7.9,8.0,9.0,7.4,14.0,31.5,113.1,438.5,1143.8,3710.5,3723.3,-12.1,1.1,2973.4,1670.2006275499898,3855.5,1.0,1.0,4.44,18.84,1,956.9006275499898,STRONG_UP,OVEREXTENDED,MOMENTUM_DOWN,S3_LATE_EXHAUSTION,,,,
2,BNB-USD,Cryptocurrency,2198.4,39.2,1.3,-1.6,-6.9,-19.9,-25.4,-24.9,3.9,0.9,725.2,2198.4,5605.5,-25.2,1.3,7184.1,5000.0,2309.2,3.0,3.0,26.06,28.66,3,1050.0,STRONG_UP,MID_RANGE,MOMENTUM_UP,S1_LEADER,,,,
3,QUBT,Quantum Computing,855.4,10.7,0.4,16.9,9.4,-7.0,-24.9,353.2,491.9,362.4,262.1,855.4,9187.6,-139.9,1.6,11488.8,5000.0,1000.4,20.0,21.0,20.73,30.13,1,-1046.1000000000004,STRONG_UP,LOWER,NEUTRAL,S0_NEUTRAL,,,,
4,TRX-USD,Cryptocurrency,865.4,13.2,0.4,1.6,9.1,11.1,5.1,40.8,96.2,177.3,521.7,865.4,6637.4,-26.9,1.2,5703.0,1476.9137416824206,976.1,22.0,20.0,8.21,31.01,-3,-2267.1862583175794,STRONG_UP,LOWER,NEUTRAL,S0_NEUTRAL,,,,
5,AVGO,Semiconductors,1308.3,99.7,2.0,12.1,18.6,14.5,27.9,77.0,151.3,360.2,656.8,1308.3,1310.8,-16.4,1.2,903.5,228.31264186715472,1453.3,10.0,11.0,0.0,37.0,3,78.71264186715473,STRONG_UP,OVEREXTENDED,MOMENTUM_DOWN,S3_LATE_EXHAUSTION,,,,
6,KLAC,Semiconductor Equipment,1011.7,94.4,8.3,8.2,13.9,28.7,61.7,94.3,127.5,224.6,437.1,1011.7,1070.1,-14.1,1.2,569.1,512.8038797312438,1156.7,18.0,18.0,4.44,38.84,8,389.2038797312438,EARLY_DOWN,OVEREXTENDED,MOMENTUM_DOWN,S5_TRASH,,,,
7,BTC-USD,Cryptocurrency,2056.4,58.1,-0.5,3.2,4.2,-7.3,-25.1,-23.9,3.7,33.8,166.2,2056.4,3326.6,-9.6,1.2,4325.4,464.1838846147843,2201.4,4.0,4.0,16.39,39.19,-4,-1246.0161153852157,STRONG_UP,UPPER_RANGE,MOMENTUM_DOWN,S0_NEUTRAL,,,,
8,RGTI,Quantum Computing,720.4,27.9,2.1,16.8,8.1,-11.9,2.8,521.5,842.6,732.3,,720.4,2754.1,-93.0,1.5,2837.6,1592.024359102623,780.2,32.0,28.0,12.7,39.3,-2,640.5243591026231,STRONG_UP,MID_RANGE,MOMENTUM_UP,S1_LEADER,,,,
9,APP,Software,819.4,53.7,0.8,3.9,0.1,-15.2,-9.0,102.7,459.3,824.3,,819.4,1542.2,-55.4,1.3,1705.3,1412.3043488727733,879.2,24.0,23.0,12.9,39.5,0,915.1043488727732,STRONG_UP,UPPER_RANGE,NEUTRAL,S0_NEUTRAL,,,,
10,HWM,Aerospace & Defense,777.4,98.8,13.3,5.7,7.7,15.1,24.8,81.0,174.1,346.1,585.5,777.4,753.8,-54.6,1.0,506.4,439.83931918932706,905.6,23.0,24.0,5.0,43.8,13,339.83931918932706,STRONG_UP,OVEREXTENDED,MOMENTUM_UP,S1_LEADER,,,,
11,SMCI,Computer Hardware,720.8,20.3,5.6,36.3,22.3,8.4,-13.8,-30.3,-34.6,194.5,477.8,720.8,3831.2,-73.1,1.4,4410.0,4360.674991490083,865.8,25.0,27.0,27.33,44.33,1,-2789.1250085099173,STRONG_UP,MID_RANGE,MOMENTUM_UP,S1_LEADER,,,,
12,TSLA,Automobile Manufacturers,847.5,56.7,5.8,4.4,0.6,-4.5,2.4,19.9,23.2,8.8,291.8,847.5,1535.1,-50.2,1.2,1367.0,1240.4285070445537,990.5,21.0,22.0,23.7,50.3,14,642.1285070445538,STRONG_UP,UPPER_RANGE,MOMENTUM_UP,S1_LEADER,,,,
13,MSTR,Enterprise Software,541.2,28.4,1.8,21.9,24.9,11.0,-25.7,-29.2,62.1,190.3,388.9,541.2,2076.0,-66.6,1.5,3566.6,2669.7125078874806,686.2,36.0,37.0,28.28,53.08,-2,131.71250788748057,STRONG_UP,MID_RANGE,MOMENTUM_DOWN,S0_NEUTRAL,,,,
14,SNDK,Data Storage Devices,2034.5,100.0,0.0,71.0,111.2,329.0,1693.9,,,,,2034.5,2010.1,-4.5,1.5,341.7,341.7,2050.6,6.0,5.0,17.5,55.5,-1,21.5,STRONG_UP,OVEREXTENDED,MOMENTUM_UP,S1_LEADER,,,,
15,SOL-USD,Cryptocurrency,1103.3,9.8,1.4,8.4,2.8,-15.7,-37.8,-54.6,0.9,29.5,,1103.3,11126.9,-44.7,1.5,20748.6,5000.0,1177.6,16.0,15.0,48.99,55.99,10,-21844.2,STRONG_UP,LOWER,MOMENTUM_UP,S0_NEUTRAL,,,,
16,AMD,Semiconductors,1944.8,100.0,0.0,63.9,83.3,86.4,147.5,177.7,183.1,233.5,367.0,1944.8,1944.7,-27.9,1.5,668.9,132.8,2089.7,5.0,6.0,15.89,56.29,3,0.0,STRONG_UP,OVEREXTENDED,MOMENTUM_UP,S1_LEADER,,,,
17,QBTS,Quantum Computing,757.6,42.8,4.0,30.0,18.1,-0.0,19.9,612.2,1036.1,819.4,,757.6,1840.5,-110.7,1.5,1476.2,836.5995757922939,821.0,27.0,25.0,27.0,56.8,4,500.49957579229385,STRONG_UP,MID_RANGE,NEUTRAL,S0_NEUTRAL,,,,
18,FIX,Engineering & Construction,2999.3,96.8,-3.2,13.1,29.9,58.4,133.0,265.8,459.0,1033.7,1900.0,2999.3,3049.5,-40.0,1.1,1232.9,35.94690366076578,3144.2,2.0,2.0,8.89,56.89,-8,-110.15309633923422,STRONG_UP,OVEREXTENDED,NEUTRAL,S0_NEUTRAL,,,,
19,LRCX,Semiconductor Equipment,1031.6,98.6,7.4,16.0,17.5,42.0,112.5,171.3,199.8,279.1,438.4,1031.6,1035.0,-7.6,1.4,414.2,185.67348955610123,1176.6,17.0,17.0,11.44,58.64,15,118.97348955610123,STRONG_UP,OVEREXTENDED,MOMENTUM_UP,S1_LEADER,,,,
20,TSM,Semiconductors,567.4,98.3,1.9,6.1,9.1,19.1,43.3,76.5,134.8,188.6,282.4,567.4,577.1,-6.0,1.2,324.0,294.01142673558337,710.3,35.0,36.0,11.44,65.24,27,241.61142673558336,STRONG_UP,OVEREXTENDED,MOMENTUM_UP,S1_LEADER,,,,
21,PWR,Construction & Engineering,1091.2,93.8,-6.2,9.2,23.4,39.3,58.7,94.1,131.4,252.1,596.2,1091.2,1124.7,-22.8,1.1,572.3,41.1051741967798,1236.2,15.0,16.0,8.89,65.29,1,-50.3948258032202,STRONG_UP,OVEREXTENDED,NEUTRAL,S0_NEUTRAL,,,,
22,MPWR,Semiconductors,655.7,95.5,0.6,14.6,24.4,40.2,65.9,82.0,97.2,137.6,264.6,655.7,685.0,-5.3,1.4,311.9,77.35040961957544,800.6,30.0,32.0,0.0,65.6,9,12.450409619575439,STRONG_UP,OVEREXTENDED,MOMENTUM_DOWN,S3_LATE_EXHAUSTION,,,,
23,FTNT,Cybersecurity Software,372.3,79.9,29.5,28.9,32.1,31.2,17.1,15.9,13.4,12.9,84.5,372.3,471.6,-20.2,1.4,374.1,360.55320351559317,517.2,52.0,52.0,11.44,66.04,54,74.65320351559319,STRONG_UP,UPPER_RANGE,MOMENTUM_UP,S1_LEADER,,,,
24,ASTS,Satellite Communications,693.1,55.7,3.0,-9.8,-17.8,-8.2,35.7,267.4,740.9,764.1,,693.1,1284.2,-128.2,1.3,935.8,667.9858437004249,773.9,33.0,30.0,31.3,66.7,8,480.38584370042486,STRONG_DOWN,UPPER_RANGE,MOMENTUM_DOWN,S5_TRASH,,,,
25,AXON,Public Safety Technology,390.2,32.7,-0.3,-9.7,-18.9,-28.4,-45.2,-39.9,-23.8,18.3,80.3,390.2,1246.3,-25.7,1.4,2494.9,473.87312940135484,535.1,51.0,51.0,25.0,66.8,-10,-857.7268705986451,STRONG_DOWN,MID_RANGE,NEUTRAL,S5_TRASH,,,,
26,HOOD,Capital Markets,286.1,38.0,1.6,-0.2,-8.9,-25.4,-25.4,62.3,214.4,,,286.1,820.7,-60.3,1.3,1109.0,815.204497414615,344.1,75.0,58.0,19.5,66.9,2,458.40449741461504,EARLY_DOWN,MID_RANGE,MOMENTUM_DOWN,S5_TRASH,,,,
27,IONQ,Quantum Computing,298.3,45.8,3.2,34.4,26.6,10.6,7.4,136.6,179.1,304.3,,298.3,660.4,-66.8,1.4,568.9,316.29334346005186,360.9,71.0,57.0,10.0,68.6,2,131.09334346005187,STRONG_UP,MID_RANGE,MOMENTUM_DOWN,S0_NEUTRAL,,,,
28,AAPL,Consumer Electronics,237.4,91.5,5.8,2.3,3.6,1.3,7.5,4.2,0.8,5.8,49.7,237.4,260.7,-12.6,1.2,214.0,222.87421810974644,382.4,67.0,69.0,0.0,72.0,25,158.77421810974644,STRONG_UP,OVEREXTENDED,MOMENTUM_UP,S1_LEADER,,,,
29,TPL,Homebuilding,438.9,48.0,-8.0,-17.1,-14.9,2.4,-1.5,-3.5,17.5,30.8,125.5,438.9,919.6,-5.5,1.4,1003.9,323.62426873457986,583.9,46.0,46.0,28.33,75.93,-12,-27.07573126542013,STRONG_DOWN,MID_RANGE,MOMENTUM_DOWN,S5_TRASH,,,,
30,DELL,Computer Hardware & Services,584.3,100.0,8.2,31.4,63.0,70.6,85.0,90.5,138.7,248.0,387.2,584.3,579.5,-23.7,1.4,210.2,46.1,717.3,34.0,34.0,5.0,77.4,16,-10.699999999999996,STRONG_UP,OVEREXTENDED,MOMENTUM_UP,S1_LEADER,,,,
31,CDNS,Electronic Design Automation Software,274.0,74.9,6.9,10.4,12.4,9.2,1.0,-1.3,-9.8,7.5,52.1,274.0,367.1,-3.4,1.2,329.7,327.0576233622702,419.0,61.0,63.0,17.44,79.84,13,184.9576233622702,STRONG_UP,UPPER_RANGE,MOMENTUM_UP,S1_LEADER,,,,
32,RKLB,Aerospace & Defense,1183.3,100.0,25.0,39.9,37.5,57.8,117.6,620.7,1080.2,1224.7,,1183.3,1151.4,-77.2,1.3,505.6,44.8,1247.7,14.0,13.0,27.0,82.8,7,-38.8,STRONG_UP,OVEREXTENDED,MOMENTUM_UP,S1_LEADER,,,,
33,APO,Asset Management,192.3,46.1,0.8,4.0,5.1,-0.6,-10.3,-20.4,-15.5,12.8,48.4,192.3,428.2,-9.1,1.3,533.8,561.8515946598088,337.2,79.0,81.0,25.44,84.24,10,249.7515946598088,STRONG_UP,MID_RANGE,MOMENTUM_DOWN,S0_NEUTRAL,,,,
34,WSM,Specialty Retail,258.7,65.5,0.1,-5.8,-11.4,-9.7,-10.9,-9.1,21.2,53.1,129.9,258.7,417.3,-40.6,1.2,465.1,208.3904665634647,403.7,62.0,64.0,21.6,84.8,8,53.690466563464724,EARLY_DOWN,UPPER_RANGE,MOMENTUM_DOWN,S5_TRASH,,,,
35,ARES,Asset Management,250.9,40.1,3.5,5.2,-1.6,-12.6,-27.1,-38.0,-39.2,-20.8,35.7,250.9,631.0,-8.6,1.3,1047.2,1127.551350953797,395.8,63.0,65.0,39.44,85.04,1,391.05135095379705,STRONG_UP,MID_RANGE,MOMENTUM_UP,S1_LEADER,,,,
36,TRGP,Oil & Gas Midstream,468.6,92.1,-3.8,-8.0,-0.3,16.7,25.2,30.2,68.5,160.7,424.2,468.6,518.1,-93.5,1.2,367.5,74.96735224828433,613.6,42.0,43.0,19.13,86.73,13,3.2673522482843254,STRONG_UP,OVEREXTENDED,NEUTRAL,S0_NEUTRAL,,,,
37,EME,Construction & Engineering,706.5,96.9,-3.1,4.2,12.4,23.3,36.1,63.7,127.9,302.3,489.3,706.5,717.4,-42.2,1.2,432.0,15.153518233924226,851.5,26.0,29.0,13.33,86.73,-2,-54.04648176607578,STRONG_UP,OVEREXTENDED,NEUTRAL,S0_NEUTRAL,,,,
38,VRT,Electrical Equipment & Parts,1585.7,94.2,-4.7,9.8,30.4,53.2,101.9,161.9,386.3,1016.3,1419.2,1585.7,1655.6,-60.9,1.3,738.3,0.6183054276260174,1685.7,8.0,7.0,11.67,86.87,-22,-111.38169457237399,STRONG_UP,OVEREXTENDED,NEUTRAL,S0_NEUTRAL,,,,
39,JBL,Electronic Manufacturing Services,644.7,93.7,-5.5,9.7,22.3,35.6,49.5,97.1,111.8,221.5,394.2,644.7,640.2,-28.8,1.1,327.3,4.377541992380075,789.7,31.0,33.0,0.0,87.0,-1,-41.22245800761993,STRONG_UP,OVEREXTENDED,MOMENTUM_DOWN,S3_LATE_EXHAUSTION,,,,
40,STX,Data Storage Devices,1530.5,99.4,-0.6,38.8,61.8,114.9,266.3,481.9,647.5,779.5,1011.6,1530.5,1539.5,-36.7,1.3,332.7,22.47439485648506,1675.4,9.0,9.0,24.78,88.78,24,0.9743948564850591,STRONG_UP,OVEREXTENDED,NEUTRAL,S0_NEUTRAL,,,,
41,PANW,Cybersecurity Software,200.6,69.3,15.2,14.6,18.1,9.3,-0.4,-6.1,-6.5,21.6,90.3,200.6,305.2,-34.6,1.2,289.5,275.54342730522444,345.6,74.0,77.0,18.44,90.04,18,93.94342730522445,STRONG_UP,UPPER_RANGE,MOMENTUM_UP,S1_LEADER,,,,
42,DOGE-USD,Cryptocurrency,1324.6,6.1,-0.3,1.1,1.9,-13.4,-37.2,-50.7,-46.1,-66.6,892.7,1324.6,22199.9,-45.9,1.5,41744.9,1925.1068375175519,1435.4,12.0,10.0,74.64,90.04,-35,-41737.19316248245,STRONG_UP,LOWER,MOMENTUM_DOWN,S0_NEUTRAL,,,,
43,MU,Semiconductors,1552.7,100.0,0.0,62.9,68.2,121.9,327.2,466.0,586.6,740.0,905.7,1552.7,1552.2,-25.2,1.6,312.8,26.1,1697.7,7.0,8.0,27.33,90.33,23,0.7000000000000028,STRONG_UP,OVEREXTENDED,MOMENTUM_UP,S1_LEADER,,,,
44,IRM,Data Storage & Management,243.8,78.3,0.2,7.0,14.7,24.6,20.4,11.3,23.4,59.7,150.4,243.8,320.0,-29.9,1.2,209.6,92.51218210041142,388.8,65.0,67.0,13.33,92.73,14,16.212182100411425,STRONG_UP,UPPER_RANGE,NEUTRAL,S0_NEUTRAL,,,,
45,PLTR,Software,577.3,55.9,-3.6,-12.6,-11.2,-20.2,-22.0,97.9,294.0,569.0,,577.3,1018.1,-71.2,1.2,1203.9,39.8573552772017,644.4,41.0,35.0,34.0,95.8,-12,-214.94264472279832,STRONG_DOWN,UPPER_RANGE,MOMENTUM_DOWN,S5_TRASH,,,,
46,AMAT,Semiconductor Equipment & Materials,505.3,100.0,10.7,10.0,14.5,37.2,81.6,93.2,102.9,138.8,249.0,505.3,505.3,-21.2,1.6,196.7,34.8,650.3,40.0,41.0,15.89,95.89,16,-10.900000000000006,STRONG_UP,OVEREXTENDED,MOMENTUM_UP,S1_LEADER,,,,
47,FICO,Financial Technology,133.5,19.9,3.5,-0.1,-14.3,-26.3,-38.2,-52.2,-52.2,-13.8,0.4,133.5,694.1,-6.1,1.4,1784.7,2040.779904643374,278.5,96.0,99.0,45.89,97.89,8,-71.42009535662578,EARLY_UP,LOWER,MOMENTUM_UP,S4_BOTTOMING,,,,
48,CAT,Construction Machinery,508.7,95.2,-3.8,4.4,13.0,28.3,66.6,94.2,123.0,189.9,292.2,508.7,533.7,-5.5,1.2,231.3,1.706815562890017,653.6,38.0,39.0,4.44,98.44,8,-31.493184437109985,STRONG_UP,OVEREXTENDED,NEUTRAL,S0_NEUTRAL,,,,
49,LLY,Pharmaceuticals,445.8,74.2,-2.7,-8.5,-12.2,-12.0,-4.4,-10.5,-3.3,68.0,194.7,445.8,607.2,-21.4,1.2,598.5,18.454956311666354,590.8,45.0,45.0,25.0,99.2,-22,-166.64504368833363,EARLY_UP,UPPER_RANGE,NEUTRAL,S0_NEUTRAL,,,,
50,TKO,Entertainment,195.6,67.4,-1.1,-10.8,-15.0,-14.2,-13.3,2.8,16.0,61.7,82.3,195.6,307.5,-34.9,1.2,337.6,80.7432798758472,340.5,77.0,79.0,19.25,100.65,11,-1.856720124152801,EARLY_UP,UPPER_RANGE,NEUTRAL,S0_NEUTRAL,,,,
51,GWW,Industrial Distribution,160.8,74.0,8.2,1.9,3.0,9.5,6.1,-1.3,-2.9,28.0,78.1,160.8,230.8,-40.3,1.2,185.4,204.70257573235503,305.8,91.0,93.0,17.44,103.44,25,113.70257573235503,STRONG_UP,UPPER_RANGE,MOMENTUM_UP,S1_LEADER,,,,
52,IBKR,Capital Markets,332.3,95.0,-0.9,7.1,8.0,13.2,20.9,57.9,114.6,197.4,268.9,332.3,310.5,-46.8,1.2,201.2,17.588425299977263,477.3,55.0,56.0,13.33,104.53,22,-9.111574700022736,STRONG_UP,OVEREXTENDED,NEUTRAL,S0_NEUTRAL,,,,
53,ASML,Semi-Conductors,401.0,100.0,14.5,6.9,5.3,20.2,52.3,61.3,58.9,65.7,131.2,401.0,399.8,-5.8,1.7,192.3,36.4,546.0,50.0,50.0,22.89,106.09,14,-16.5,STRONG_UP,OVEREXTENDED,MOMENTUM_UP,S1_LEADER,,,,
54,GE,Aerospace & Defense,180.0,74.9,2.6,-4.8,-9.9,-9.8,-6.7,13.5,56.6,173.6,251.0,180.0,260.3,-96.0,1.1,227.2,190.90806296152462,325.0,84.0,85.0,26.51,106.71,33,143.80806296152463,EARLY_UP,UPPER_RANGE,NEUTRAL,S0_NEUTRAL,,,,
55,GOOG,Internet Content & Information,279.3,100.0,0.4,11.7,13.6,17.5,50.4,71.9,92.0,115.7,170.0,279.3,279.6,-10.8,1.3,113.9,14.6,424.3,59.0,61.0,4.44,107.84,27,0.0,STRONG_UP,OVEREXTENDED,NEUTRAL,S0_NEUTRAL,,,,
56,TDG,Aerospace & Defense,179.4,54.7,4.2,-3.1,-10.4,-13.3,-21.9,-24.3,-14.9,23.7,49.8,179.4,343.7,-21.8,1.2,476.2,335.5254112606399,324.4,85.0,86.0,40.89,107.89,7,98.22541126063987,EARLY_UP,UPPER_RANGE,MOMENTUM_UP,S2_EARLY_BREAKOUT,,,,
57,ORCL,Software,83.4,28.9,9.4,17.0,18.4,3.4,-9.0,-4.1,1.2,27.1,54.6,83.4,346.0,-22.8,1.7,414.8,294.08616944822245,228.4,125.0,129.0,21.77,107.97,14,-92.41383055177755,STRONG_UP,MID_RANGE,MOMENTUM_UP,S1_LEADER,,,,
58,GOOGL,Internet Conglomerates,279.9,100.0,0.6,11.9,14.3,18.6,52.4,75.1,95.8,120.1,174.7,279.9,280.1,-11.4,1.3,110.1,13.6,424.9,58.0,60.0,4.44,108.04,30,0.0,STRONG_UP,OVEREXTENDED,NEUTRAL,S0_NEUTRAL,,,,
59,MRVL,Semiconductors,405.4,97.8,0.3,23.9,64.5,71.8,98.0,93.5,105.0,118.8,178.7,405.4,365.9,-14.2,2.2,97.9,26.43992956323348,550.3,49.0,49.0,15.89,108.09,26,1.4399295632334805,STRONG_UP,OVEREXTENDED,MOMENTUM_DOWN,S3_LATE_EXHAUSTION,,,,
60,PH,Diversified Machinery,195.7,70.5,-1.9,-9.7,-12.9,-8.2,-0.9,8.0,22.8,67.6,121.2,195.7,289.7,-29.7,1.1,260.9,27.427925522433025,340.7,76.0,78.0,18.98,110.58,0,-38.97207447756698,EARLY_DOWN,UPPER_RANGE,MOMENTUM_DOWN,S5_TRASH,,,,
61,STLD,Steel,334.1,95.5,-4.0,8.1,13.9,23.1,41.7,47.7,47.9,87.9,238.3,334.1,352.4,-47.6,1.3,175.2,28.225597864888478,479.1,54.0,55.0,24.78,111.98,25,-4.774402135111522,STRONG_UP,OVEREXTENDED,MOMENTUM_DOWN,S3_LATE_EXHAUSTION,,,,
62,MS,Investment Banking & Brokerage,189.4,95.1,0.4,1.4,2.6,4.6,14.1,32.6,49.5,59.6,118.5,189.4,200.4,-20.8,1.1,135.2,23.490356114305015,334.4,82.0,83.0,8.89,112.69,30,2.890356114305014,STRONG_UP,OVEREXTENDED,MOMENTUM_DOWN,S3_LATE_EXHAUSTION,,,,
63,CASY,Retail Specialty Group,281.2,98.1,-1.9,2.2,14.4,29.7,41.3,66.3,97.9,155.5,197.6,281.2,287.2,-38.6,1.1,129.4,6.49491005912339,426.2,57.0,59.0,8.89,114.69,20,-10.405089940876609,STRONG_UP,OVEREXTENDED,NEUTRAL,S0_NEUTRAL,,,,
64,NRG,Independent Power Producers,337.8,61.6,-12.0,-16.4,-19.7,-21.8,-23.9,1.2,56.0,126.2,170.2,337.8,554.2,-22.3,1.1,675.8,0.5880798399474108,482.8,53.0,54.0,22.09,116.29,-27,-125.3119201600526,STRONG_DOWN,UPPER_RANGE,MOMENTUM_DOWN,S5_TRASH,,,,
65,XRP-USD,Cryptocurrency,89.7,15.4,-0.4,-2.8,-6.9,-21.4,-40.9,1.0,28.9,42.6,105.1,89.7,898.4,-75.3,1.5,2000.4,174.81908025387074,200.5,143.0,122.0,30.77,116.57,-14,-870.4809197461292,STRONG_UP,LOWER,MOMENTUM_UP,S0_NEUTRAL,,,,
66,CIEN,Communications Equipment,1170.4,94.3,-5.7,9.7,45.0,92.9,278.6,515.0,669.6,735.8,804.2,1170.4,1245.5,-63.2,1.4,276.4,0.10890215656294673,1315.3,13.0,14.0,27.33,118.13,14,-7.091097843437053,STRONG_UP,OVEREXTENDED,MOMENTUM_DOWN,S3_LATE_EXHAUSTION,,,,
67,GS,Investment Banking & Brokerage,176.5,85.2,0.1,-2.3,-2.1,1.4,11.0,34.1,65.2,86.7,143.2,176.5,212.9,-35.7,1.1,146.4,24.339867413395094,321.5,87.0,88.0,14.77,119.57,31,2.639867413395095,EARLY_DOWN,OVEREXTENDED,MOMENTUM_DOWN,S5_TRASH,,,,
68,ADI,Semiconductors,166.2,99.8,6.4,9.9,14.2,31.5,47.3,53.9,57.8,72.5,96.6,166.2,166.8,-7.8,1.8,44.3,21.14780574502186,311.1,90.0,92.0,4.44,119.84,41,13.04780574502186,STRONG_UP,OVEREXTENDED,MOMENTUM_DOWN,S3_LATE_EXHAUSTION,,,,
69,COHR,,526.3,92.6,1.1,11.0,23.9,58.7,153.0,230.3,363.4,398.1,444.4,526.3,574.7,-81.6,1.6,129.0,15.758837071744733,671.3,37.0,38.0,29.22,120.22,39,10.858837071744732,STRONG_UP,OVEREXTENDED,MOMENTUM_DOWN,S3_LATE_EXHAUSTION,,,,
70,URI,Equipment Rental,276.0,78.2,-3.1,5.9,7.4,6.4,2.2,0.9,10.1,45.3,139.0,276.0,362.9,-36.0,1.3,315.9,0.061870957039979885,420.9,60.0,62.0,8.89,120.29,-30,-90.33812904296002,STRONG_UP,UPPER_RANGE,MOMENTUM_DOWN,S0_NEUTRAL,,,,
71,TER,Semiconductors,430.4,79.7,3.5,2.2,13.1,44.6,141.4,157.8,168.5,161.9,194.8,430.4,539.1,-50.5,2.4,125.1,17.959439539026484,575.4,47.0,47.0,27.33,121.13,29,2.359439539026484,EARLY_DOWN,UPPER_RANGE,MOMENTUM_DOWN,S5_TRASH,,,,
72,ANET,Networking Equipment,658.6,73.5,-21.9,-9.6,-6.8,-6.2,1.5,13.1,43.3,152.1,308.4,658.6,904.1,-19.6,1.3,810.3,1.8278814897167809e-06,803.6,28.0,31.0,11.5,121.3,-54,-125.2999981721185,EARLY_DOWN,UPPER_RANGE,MOMENTUM_DOWN,S5_TRASH,,,,
73,SHOP,E-commerce Software,449.1,29.9,-7.2,-17.5,-18.3,-27.5,-27.4,-12.9,-7.8,-2.2,-14.3,449.1,1544.3,-16.5,1.3,2105.0,97.00696179551916,594.1,43.0,44.0,70.06,123.86,-49,-678.0930382044809,EARLY_DOWN,MID_RANGE,MOMENTUM_DOWN,S5_TRASH,,,,
74,381180.KS,Asset Management,173.9,98.7,9.1,18.7,26.5,37.5,68.8,86.6,114.2,172.4,,173.9,157.0,-10.3,1.6,43.6,43.940035392003104,233.8,118.0,89.0,12.5,127.3,53,35.74003539200311,STRONG_UP,OVEREXTENDED,MOMENTUM_UP,S1_LEADER,,,,
75,CRWD,Cybersecurity Software,151.9,72.9,19.1,17.5,20.6,10.2,2.8,16.9,46.4,70.4,,151.9,175.3,-38.3,1.3,149.4,130.06207710190773,239.0,115.0,95.0,30.5,127.5,41,53.36207710190773,STRONG_UP,UPPER_RANGE,MOMENTUM_UP,S1_LEADER,,,,
76,TPR,Luxury Goods,208.0,72.5,-8.9,-14.5,-13.0,-4.3,11.8,76.0,127.4,166.0,264.3,208.0,323.5,-95.4,1.1,214.4,15.64656009912599,353.0,73.0,76.0,30.02,128.42,30,1.14656009912599,STRONG_DOWN,UPPER_RANGE,MOMENTUM_DOWN,S5_TRASH,,,,
77,RCL,Travel Services,75.0,56.0,1.7,-6.9,-13.6,-11.4,-17.4,0.8,37.1,128.1,130.5,75.0,219.6,-108.0,1.3,210.4,117.23880558650501,220.0,131.0,135.0,27.29,131.09,35,60.63880558650501,EARLY_UP,UPPER_RANGE,NEUTRAL,S0_NEUTRAL,,,,
78,KKR,Asset Management,139.4,31.7,-2.0,-1.9,-2.8,-12.2,-25.5,-37.7,-29.9,-18.6,20.8,139.4,478.9,-17.5,1.3,843.5,25.147964884180045,284.4,94.0,97.0,41.44,131.84,-30,-537.95203511582,EARLY_DOWN,MID_RANGE,MOMENTUM_DOWN,S5_TRASH,,,,
79,LINK-USD,Cryptocurrency,480.6,7.1,1.1,12.9,11.4,-6.1,-28.6,-43.3,-47.9,-65.9,-10.9,480.6,7258.0,-53.1,1.6,12003.0,5000.0,591.4,44.0,42.0,114.36,132.56,12,-10887.6,STRONG_UP,LOWER,MOMENTUM_UP,S0_NEUTRAL,,,,
80,ETH-USD,Cryptocurrency,224.3,18.3,-0.8,-1.0,0.8,-14.4,-25.7,-37.7,-44.1,-57.3,143.9,224.3,1484.0,-71.9,1.6,2059.5,217.31984872675758,335.1,81.0,71.0,73.11,133.71,-23,-1540.0801512732426,EARLY_DOWN,LOWER,MOMENTUM_DOWN,S5_TRASH,,,,
81,KTOS,Aerospace & Defense,183.9,30.3,-4.4,-18.0,-31.7,-33.2,-19.1,41.9,89.0,122.2,98.5,183.9,761.1,-66.8,1.5,888.5,0.29835613068553096,328.9,83.0,84.0,27.77,134.97,-31,-148.60164386931447,STRONG_DOWN,MID_RANGE,MOMENTUM_DOWN,S5_TRASH,,,,
82,VST,Independent Power Producers,421.6,55.9,-4.5,-11.9,-14.9,-18.5,-26.9,-11.5,84.8,270.5,353.5,421.6,796.7,-76.3,1.2,1021.6,0.00022645447519398836,551.4,48.0,48.0,29.61,138.61,-52,-299.59977354552484,EARLY_DOWN,UPPER_RANGE,MOMENTUM_DOWN,S5_TRASH,,,,
83,MPC,Oil & Gas Refining & Marketing,190.2,81.6,-2.4,-6.3,9.0,16.0,21.7,22.7,18.1,67.3,167.7,190.2,251.1,-77.8,1.3,134.8,8.840045331496972,335.2,80.0,82.0,26.49,139.49,18,-28.35995466850303,STRONG_UP,OVEREXTENDED,NEUTRAL,S0_NEUTRAL,,,,
84,FCX,Copper Mining,120.4,61.6,8.8,-2.6,-6.6,8.7,20.1,15.6,8.0,-1.1,77.7,120.4,208.6,-56.5,1.7,89.1,98.83630749923238,265.4,104.0,107.0,35.98,139.98,46,47.03630749923238,EARLY_DOWN,UPPER_RANGE,MOMENTUM_UP,S0_NEUTRAL,,,,
85,GLW,Electronic Components,506.1,100.0,15.4,17.2,31.7,65.1,134.4,232.1,325.0,372.3,433.7,506.1,506.5,-58.2,1.2,114.6,1.5,651.1,39.0,40.0,36.22,140.42,40,0.0,STRONG_UP,OVEREXTENDED,MOMENTUM_UP,S1_LEADER,,,,
86,SNPS,Electronic Design Automation Software,113.1,37.4,4.3,10.4,10.7,8.4,-5.2,-18.8,-33.1,-31.1,-8.0,113.1,309.4,-4.1,1.6,350.2,429.05713446949545,258.1,108.0,112.0,64.55,141.95,10,77.85713446949546,STRONG_UP,MID_RANGE,MOMENTUM_DOWN,S0_NEUTRAL,,,,
87,BX,Asset Management,213.7,38.1,-2.4,-4.3,-6.4,-13.9,-25.2,-34.9,-36.7,-34.9,12.5,213.7,591.0,-17.7,1.3,918.4,0.3430921448313687,358.6,72.0,74.0,41.44,143.64,-46,-529.7569078551686,EARLY_DOWN,MID_RANGE,MOMENTUM_DOWN,S5_TRASH,,,,
88,PGR,Property & Casualty Insurance,133.1,43.5,-4.8,-8.6,-11.8,-8.0,-18.7,-25.5,-19.3,2.7,23.8,133.1,319.6,-10.0,1.4,483.7,12.045006430927797,278.0,97.0,100.0,40.89,144.49,-23,-208.4549935690722,STRONG_DOWN,MID_RANGE,MOMENTUM_DOWN,S5_TRASH,,,,
89,TT,Building Products,236.2,80.7,-8.1,-4.2,-2.3,0.8,-3.5,-0.3,18.0,54.1,102.5,236.2,294.6,-7.0,1.2,276.1,8.205003471863436e-06,379.2,68.0,70.0,12.42,146.02,-44,-62.29999179499652,EARLY_DOWN,OVEREXTENDED,MOMENTUM_DOWN,S5_TRASH,,,,
90,RL,Apparel Manufacturing,116.6,79.9,-3.9,-7.2,-7.0,-5.7,2.0,27.3,60.5,106.4,133.4,116.6,164.2,-70.2,1.1,123.8,5.804955472646482,261.6,106.0,110.0,19.84,147.24,33,-8.095044527353519,EARLY_DOWN,UPPER_RANGE,MOMENTUM_DOWN,S5_TRASH,,,,
91,QQQ,Asset Management,54.9,82.8,5.1,1.1,0.5,-0.3,1.1,2.7,3.8,8.5,16.5,54.9,67.3,-4.6,1.1,62.0,59.589648352382135,181.8,160.0,150.0,16.86,148.66,52,43.38964835238214,EARLY_UP,OVEREXTENDED,MOMENTUM_UP,S0_NEUTRAL,,,,
92,ETN,Electrical Equipment,177.1,78.9,-12.4,-5.1,-0.6,3.2,0.1,-2.5,4.1,41.9,97.0,177.1,227.3,-11.6,1.2,201.4,0.0025659136543207564,322.1,86.0,87.0,14.79,148.99,-24,-46.897434086345676,EARLY_DOWN,UPPER_RANGE,MOMENTUM_DOWN,S5_TRASH,,,,
93,APH,Electronic Components,238.4,59.0,-14.3,-12.3,-15.5,-15.5,-3.9,27.1,57.3,101.5,151.2,238.4,384.6,-16.3,1.2,341.6,2.282315537498372e-08,383.3,66.0,68.0,13.15,149.15,-41,-49.29999997717684,EARLY_DOWN,UPPER_RANGE,MOMENTUM_DOWN,S5_TRASH,,,,
94,SYM,Industrial Machinery,119.2,26.7,-9.1,-15.4,-13.3,-23.5,-2.7,29.4,6.4,113.0,,119.2,420.8,-29.7,1.7,403.3,51.72961708325706,179.9,164.0,109.0,43.58,149.38,-15,-74.57038291674294,EARLY_DOWN,MID_RANGE,MOMENTUM_DOWN,S5_TRASH,,,,
95,GRMN,Scientific & Technical Instruments,121.3,70.7,-5.0,-7.4,-3.1,3.1,-1.2,0.3,19.7,34.0,41.7,121.3,174.5,-6.4,1.2,175.5,0.11211406272674997,266.3,101.0,104.0,19.26,150.26,-1,-43.987885937273255,EARLY_DOWN,UPPER_RANGE,MOMENTUM_DOWN,S5_TRASH,,,,
96,BLDR,Building Materials,42.9,9.8,0.1,-8.5,-22.3,-29.2,-42.3,-62.8,-79.8,-74.0,-30.5,42.9,761.1,-34.7,1.4,2544.3,3326.437528691053,187.9,150.0,158.0,80.33,151.93,7,-433.5624713089469,STRONG_DOWN,LOWER,MOMENTUM_DOWN,S5_TRASH,,,,
97,COST,Hypermarkets & Super Centers,119.7,61.6,-2.9,-7.0,-5.2,-0.9,-7.7,-12.3,-5.2,9.9,35.7,119.7,205.0,-17.8,1.3,234.4,0.18028485438358016,264.7,105.0,108.0,25.0,152.4,-25,-88.41971514561641,STRONG_UP,UPPER_RANGE,MOMENTUM_DOWN,S0_NEUTRAL,,,,
98,AMZN,Internet Retail,60.7,49.2,-0.3,8.1,11.5,9.6,8.6,7.1,13.3,15.4,4.0,60.7,152.6,-27.7,1.3,79.0,15.607133454929551,205.7,136.0,143.0,15.89,152.49,20,-24.59286654507045,STRONG_UP,MID_RANGE,MOMENTUM_DOWN,S0_NEUTRAL,,,,
99,ON,Semiconductors,156.0,52.1,-1.3,25.6,41.1,62.9,78.2,55.9,23.3,12.2,71.0,156.0,342.5,-46.0,1.7,1.4,16.348765993421285,301.0,92.0,94.0,28.58,152.98,82,-27.251234006578716,STRONG_UP,UPPER_RANGE,MOMENTUM_DOWN,S0_NEUTRAL,,,,
100,DECK,Footwear & Accessories,138.8,22.2,-0.9,-7.9,-15.0,-8.0,-16.9,-42.3,-51.4,-37.3,-10.4,138.8,734.1,-30.0,1.5,1076.0,89.4609076854613,283.8,95.0,98.0,75.89,154.29,-22,-1161.0390923145387,EARLY_DOWN,MID_RANGE,MOMENTUM_DOWN,S5_TRASH,,,,
101,GEV,Electrical Equipment,210.6,77.6,-5.3,-0.4,11.8,34.2,54.9,177.8,,,,210.6,230.7,-7.2,1.3,131.4,0.06921509012581624,235.6,117.0,75.0,19.5,154.3,6,-20.130784909874183,EARLY_DOWN,UPPER_RANGE,MOMENTUM_DOWN,S5_TRASH,,,,
102,CBOE,Financial Data & Stock Exchanges,103.3,100.0,0.0,8.0,12.7,20.8,24.7,36.2,45.0,76.8,92.7,103.3,103.6,-55.4,1.2,35.1,4.2,248.3,111.0,116.0,17.78,156.18,45,0.10000000000000053,STRONG_UP,OVEREXTENDED,NEUTRAL,S0_NEUTRAL,,,,
103,HLT,Lodging,87.2,74.2,-5.1,-6.4,-4.7,0.3,1.6,4.1,11.5,25.8,43.3,87.2,125.4,-21.3,1.2,105.2,0.11027635990819631,232.2,121.0,125.0,11.61,157.61,8,-25.689723640091806,EARLY_DOWN,UPPER_RANGE,MOMENTUM_DOWN,S5_TRASH,,,,
104,LYV,Entertainment,38.6,44.1,2.2,-2.4,-1.5,2.5,-3.3,4.2,9.1,2.6,4.4,38.6,117.4,-22.9,1.3,108.2,84.83047792315584,183.6,156.0,164.0,31.05,157.65,42,44.93047792315584,STRONG_UP,MID_RANGE,NEUTRAL,S0_NEUTRAL,,,,
105,JCI,Building Products,151.9,83.5,-9.6,-7.6,-3.9,2.7,8.9,31.6,48.3,57.4,102.5,151.9,189.0,-32.8,1.1,124.4,0.06702216349104964,296.9,93.0,95.0,22.17,157.77,8,-14.53297783650895,EARLY_DOWN,OVEREXTENDED,MOMENTUM_DOWN,S5_TRASH,,,,
106,PHM,Residential Construction,88.1,39.8,-3.6,-8.0,-12.6,-12.1,-14.4,-23.4,-25.2,10.3,31.4,88.1,254.9,-29.3,1.2,312.3,18.37440568908217,233.1,120.0,124.0,45.33,157.93,-16,-165.8255943109178,EARLY_DOWN,MID_RANGE,MOMENTUM_DOWN,S5_TRASH,,,,
107,KEYS,Electronic Test & Measurement,217.1,96.1,-3.9,5.8,20.3,44.6,72.2,87.4,83.1,62.3,70.7,217.1,226.7,-14.6,3.1,44.0,1.1522597023230987,362.1,70.0,73.0,35.08,158.48,34,-3.147740297676901,STRONG_UP,OVEREXTENDED,MOMENTUM_DOWN,S3_LATE_EXHAUSTION,,,,
108,WMB,Oil & Gas Midstream,168.3,82.9,-9.6,-9.7,-6.4,3.5,5.8,22.1,48.0,96.3,158.2,168.3,215.4,-57.9,1.1,162.1,2.2596417112268745e-05,313.2,89.0,91.0,15.18,161.78,-15,-24.09997740358289,STRONG_UP,OVEREXTENDED,MOMENTUM_DOWN,S3_LATE_EXHAUSTION,,,,
109,CMI,Industrial Machinery,193.6,90.3,-4.9,6.0,7.9,19.1,46.9,70.4,95.7,122.4,145.7,193.6,218.1,-35.6,1.2,75.0,0.03985286238956216,338.6,78.0,80.0,29.22,163.22,27,-5.460147137610438,STRONG_UP,OVEREXTENDED,MOMENTUM_DOWN,S3_LATE_EXHAUSTION,,,,
110,MCK,Healthcare Distribution,130.0,53.2,-13.6,-20.0,-22.7,-21.3,-19.7,-13.1,-9.1,29.4,97.0,130.0,285.1,-46.0,1.1,350.2,0.02368269943459555,275.0,98.0,101.0,38.33,165.13,-40,-80.1763173005654,STRONG_DOWN,UPPER_RANGE,MOMENTUM_DOWN,S5_TRASH,,,,
111,HUBB,Electrical Components & Equipment,121.1,71.1,-8.4,-9.8,-8.9,-3.7,0.4,-0.3,-1.0,31.8,72.8,121.1,180.6,-24.9,1.3,154.6,0.018409950385648216,266.1,102.0,105.0,33.33,172.33,-16,-41.981590049614354,EARLY_DOWN,UPPER_RANGE,MOMENTUM_DOWN,S5_TRASH,,,,
112,WMT,Hypermarkets & Super Centers,120.8,82.5,-4.9,-5.6,-3.5,3.6,8.0,22.3,43.0,69.3,76.2,120.8,152.9,-28.0,1.2,108.2,0.0017360532858494706,265.8,103.0,106.0,22.3,173.5,10,-16.49826394671415,STRONG_UP,OVEREXTENDED,MOMENTUM_DOWN,S3_LATE_EXHAUSTION,,,,
113,META,Internet Content & Information,42.9,51.3,-2.0,-4.8,-11.1,-12.6,-21.3,-21.5,-8.6,39.9,34.2,42.9,170.6,-91.5,1.2,211.2,10.45546355491327,187.8,151.0,158.0,38.33,173.73,4,-73.74453644508674,EARLY_DOWN,UPPER_RANGE,MOMENTUM_DOWN,S5_TRASH,,,,
114,WELL,Healthcare REITs,95.0,87.0,-5.4,-4.0,-1.1,1.4,7.0,25.4,49.0,73.3,89.8,95.0,117.6,-51.9,1.1,75.1,0.0014007397870245176,240.0,114.0,119.0,15.16,174.36,15,-7.098599260212975,STRONG_UP,OVEREXTENDED,MOMENTUM_DOWN,S3_LATE_EXHAUSTION,,,,
115,MSFT,Software,64.1,35.7,-2.4,-1.2,-3.6,-12.6,-22.9,-27.5,-35.2,-35.2,-27.5,64.1,201.5,-12.1,1.3,373.7,17.244120095697024,209.1,134.0,140.0,58.07,174.87,-13,-206.055879904303,EARLY_DOWN,MID_RANGE,MOMENTUM_DOWN,S5_TRASH,,,,
116,INSM,Biotechnology,173.7,34.0,-18.1,-38.7,-39.7,-46.3,-32.6,-2.6,78.9,145.7,146.0,173.7,673.7,-82.7,1.2,962.4,0.0001305299388591541,318.6,88.0,90.0,48.51,175.11,-62,-146.49986947006113,STRONG_DOWN,MID_RANGE,MOMENTUM_DOWN,S5_TRASH,,,,
117,TJX,Apparel Retail,33.4,63.0,-10.0,-11.2,-9.8,-7.6,-5.4,-1.9,1.1,18.2,22.1,33.4,77.3,-40.2,1.2,69.3,11.758178881183033,178.4,166.0,173.0,22.4,175.2,31,-2.641821118816967,STRONG_DOWN,UPPER_RANGE,MOMENTUM_DOWN,S5_TRASH,,,,
118,RSG,Environmental Services,11.5,12.8,-8.8,-13.7,-15.3,-14.3,-24.5,-29.3,-31.9,-26.4,-18.1,11.5,149.9,-8.6,1.6,654.4,18.53450892552049,156.4,183.0,189.0,46.44,176.44,-13,-285.3654910744795,STRONG_DOWN,LOWER,MOMENTUM_DOWN,S5_TRASH,,,,
119,BAESY,Aerospace & Defense,127.7,68.2,-8.0,-16.4,-14.4,-5.2,-8.5,11.0,21.1,72.7,123.6,127.7,218.5,-65.9,1.2,199.3,1.684906880126168e-05,272.6,99.0,102.0,27.93,176.73,-20,-34.8999831509312,STRONG_DOWN,UPPER_RANGE,MOMENTUM_DOWN,S5_TRASH,,,,
120,BK,Asset Servicing,93.8,82.5,-7.9,-4.7,-1.3,3.5,11.6,34.3,66.3,90.6,110.4,93.8,125.6,-53.4,1.1,67.3,0.00011800321262368266,238.8,116.0,120.0,14.74,178.34,12,-3.4998819967873764,EARLY_DOWN,OVEREXTENDED,MOMENTUM_DOWN,S5_TRASH,,,,
121,CEG,Electric Utilities,109.3,39.6,-3.8,-3.8,-5.3,-13.5,-16.8,-6.6,32.0,,,109.3,236.9,0.0,1.3,382.9,0.004207034098246273,164.9,176.0,115.0,29.22,178.42,-48,-170.39579296590176,STRONG_UP,MID_RANGE,MOMENTUM_DOWN,S0_NEUTRAL,,,,
122,NFLX,Broadcasting & Cable TV,57.0,37.6,-6.0,-14.1,-11.6,-17.2,-31.1,-24.5,-8.8,21.4,3.4,57.0,279.9,-76.6,1.4,433.7,0.9765164789474136,201.9,139.0,146.0,49.78,180.98,-38,-155.4234835210526,STRONG_DOWN,MID_RANGE,MOMENTUM_DOWN,S5_TRASH,,,,
123,ORLY,Auto Parts,61.5,54.4,-8.8,-8.9,-9.6,-10.2,-17.0,-15.3,-18.9,-5.0,17.6,61.5,154.4,-48.4,1.2,197.9,0.7094932744929728,206.5,135.0,141.0,41.44,181.44,-8,-59.69050672550703,STRONG_UP,UPPER_RANGE,MOMENTUM_DOWN,S0_NEUTRAL,,,,
124,491010.KS,Infrastructure,92.5,93.3,6.5,15.5,25.0,37.0,65.2,,,,,92.5,68.0,-15.5,1.7,11.7,12.270391923788733,112.1,252.0,121.0,17.5,182.1,47,11.770391923788733,STRONG_UP,OVEREXTENDED,NEUTRAL,S0_NEUTRAL,,,,
125,CAH,Healthcare Distribution,113.0,63.8,-9.2,-17.1,-20.6,-18.8,-10.3,10.1,18.4,80.1,121.7,113.0,224.4,-81.7,1.1,201.1,4.890789362009744e-06,258.0,109.0,113.0,28.04,182.84,-15,-31.899995109210636,STRONG_DOWN,UPPER_RANGE,MOMENTUM_DOWN,S5_TRASH,,,,
126,JPM,Diversified Banks,77.3,65.1,-10.8,-8.0,-7.6,-9.4,-10.4,-0.9,13.6,32.3,46.6,77.3,131.1,-22.3,1.1,150.1,0.007785733812603405,222.2,128.0,132.0,30.79,184.99,-7,-28.092214266187398,EARLY_DOWN,UPPER_RANGE,MOMENTUM_DOWN,S5_TRASH,,,,
127,HCA,Hospitals,77.1,50.2,-1.9,-11.4,-16.4,-16.6,-11.8,-7.9,-8.2,-1.7,26.9,77.1,180.8,-26.7,1.3,202.0,2.9850240199457634,222.1,129.0,133.0,52.89,185.09,-7,-69.41497598005424,STRONG_DOWN,UPPER_RANGE,MOMENTUM_UP,S0_NEUTRAL,,,,
128,MELI,Internet Retail,98.1,19.3,-9.1,-15.8,-19.2,-24.5,-37.4,-40.8,-44.8,-44.0,-44.9,98.1,549.4,-11.6,1.3,1308.9,0.06943234528296761,243.1,113.0,118.0,66.12,187.32,-53,-594.5305676547171,EARLY_DOWN,LOWER,MOMENTUM_DOWN,S5_TRASH,,,,
129,WAB,Rail Equipment,56.8,82.5,-3.2,-5.4,-2.2,6.8,10.7,13.8,30.0,62.7,88.2,56.8,82.8,-63.6,1.2,36.2,0.009888289302342963,201.8,140.0,147.0,20.06,187.46,20,-6.490111710697657,STRONG_UP,OVEREXTENDED,MOMENTUM_DOWN,S3_LATE_EXHAUSTION,,,,
130,CBRE,Real Estate Services,10.0,36.8,2.1,-1.5,-8.0,-11.2,-14.2,-10.6,-4.6,-11.0,-3.1,10.0,80.4,-30.4,1.3,125.9,118.33381672517054,154.9,185.0,192.0,55.33,188.13,30,61.53381672517054,EARLY_DOWN,MID_RANGE,MOMENTUM_DOWN,S5_TRASH,,,,
131,LITE,Communication Equipment,1303.1,89.8,-10.2,-0.8,36.0,113.7,448.4,892.2,1141.9,1082.7,1061.1,1303.1,1463.0,-109.6,1.6,286.3,-0.11064133681891503,1448.1,11.0,12.0,27.73,188.73,-34,5.4893586631810845,STRONG_UP,OVEREXTENDED,MOMENTUM_DOWN,S3_LATE_EXHAUSTION,,,,
132,KMI,Oil & Gas Midstream,57.2,65.6,-9.2,-11.4,-9.6,-1.4,-2.8,3.2,14.2,34.1,58.7,57.2,118.9,-59.1,1.2,94.6,0.013451901270107522,202.2,138.0,145.0,28.21,189.21,2,-19.28654809872989,STRONG_DOWN,UPPER_RANGE,MOMENTUM_DOWN,S5_TRASH,,,,
133,SYF,Consumer Finance,32.4,57.6,-9.2,-5.7,-4.4,-8.4,-6.7,0.5,21.0,26.1,41.8,32.4,104.4,-64.4,1.3,84.4,6.8703882595579895,177.3,168.0,175.0,34.94,189.34,19,-8.02961174044201,EARLY_DOWN,UPPER_RANGE,MOMENTUM_DOWN,S5_TRASH,,,,
134,FSLR,Solar Energy,52.4,32.5,1.8,-0.4,-1.4,-11.5,-2.1,-9.4,-19.9,-0.9,28.4,52.4,269.7,-51.3,1.6,174.3,198.23784635994951,197.4,145.0,152.0,79.78,189.58,16,38.537846359949526,STRONG_UP,MID_RANGE,NEUTRAL,S0_NEUTRAL,,,,
135,VLO,Oil & Gas Refining & Marketing,110.4,77.4,-5.7,-8.7,5.0,17.4,36.2,40.4,36.9,62.4,106.9,110.4,167.2,-81.9,1.5,37.3,2.7387203140971808e-05,255.4,110.0,114.0,26.19,191.19,10,-5.699972612796859,STRONG_UP,UPPER_RANGE,MOMENTUM_DOWN,S0_NEUTRAL,,,,
136,CRH,Building Materials,78.3,64.3,-5.4,-4.6,-8.9,-11.3,-9.4,-5.2,6.4,44.5,67.3,78.3,147.4,-45.2,1.2,154.4,0.0018276511519385082,223.2,127.0,131.0,35.52,191.72,-10,-40.798172348848055,EARLY_DOWN,UPPER_RANGE,MOMENTUM_DOWN,S5_TRASH,,,,
137,CTAS,Commercial Services,55.9,25.8,-4.4,-9.7,-15.6,-16.4,-28.0,-35.8,-37.0,-28.1,-17.0,55.9,229.6,-4.0,1.3,597.3,0.002131545715437202,200.9,142.0,149.0,46.44,193.84,-56,-369.19786845428456,STRONG_DOWN,MID_RANGE,MOMENTUM_DOWN,S5_TRASH,,,,
138,PM,Tobacco,17.5,60.1,1.2,-1.7,-7.2,-1.5,-6.4,8.6,22.0,28.1,41.3,17.5,67.0,-56.2,1.3,48.5,1.151747348052457,162.4,178.0,184.0,27.9,194.9,36,1.0517473480524568,STRONG_UP,UPPER_RANGE,NEUTRAL,S0_NEUTRAL,,,,
139,PL,Aerospace & Defense,742.5,94.9,5.1,9.0,30.5,88.3,320.9,811.9,950.4,751.4,,742.5,769.7,-88.8,1.3,189.6,-1.4922657349883741,802.3,29.0,26.0,12.5,195.3,-50,0.20773426501162584,STRONG_UP,OVEREXTENDED,MOMENTUM_DOWN,S3_LATE_EXHAUSTION,,,,
140,OKE,Oil & Gas Midstream,113.4,49.4,-7.8,-11.6,-6.3,2.0,-1.8,-15.4,-16.9,-4.8,49.9,113.4,292.4,-60.3,1.4,265.4,1.2088194648833395,258.4,107.0,111.0,74.33,196.93,-71,-122.79118053511667,STRONG_DOWN,MID_RANGE,MOMENTUM_DOWN,S5_TRASH,,,,
141,MAR,Lodging,37.2,73.9,-6.1,-4.8,-2.0,4.7,9.5,9.6,9.2,23.7,35.3,37.2,68.0,-49.0,1.3,25.5,0.09161887414452573,182.2,159.0,168.0,27.56,197.16,12,-6.508381125855474,EARLY_DOWN,UPPER_RANGE,MOMENTUM_DOWN,S5_TRASH,,,,
142,AIZ,Insurance - Property & Casualty,9.5,36.8,3.4,-0.3,-2.4,-2.2,-1.5,-4.6,-3.2,-5.8,-3.1,9.5,67.4,-23.8,1.4,42.2,44.82484385931526,154.4,186.0,193.0,55.33,203.93,36,9.124843859315256,STRONG_UP,MID_RANGE,MOMENTUM_UP,S1_LEADER,,,,
143,NUE,Steel,103.3,70.1,-1.6,8.3,14.8,24.1,39.1,34.1,14.9,14.0,84.6,103.3,169.7,-51.6,1.6,20.3,5.112844369372138,248.3,111.0,116.0,65.95,205.55,29,-9.287155630627861,STRONG_UP,UPPER_RANGE,MOMENTUM_DOWN,S0_NEUTRAL,,,,
144,DE,Agricultural & Construction Machinery,85.3,54.9,-4.1,-7.3,-7.1,2.7,0.8,4.8,-1.6,-10.9,16.0,85.3,162.8,-9.5,1.3,149.4,0.008898374983958738,230.3,122.0,127.0,56.86,208.06,-11,-46.79110162501604,EARLY_UP,UPPER_RANGE,NEUTRAL,S0_NEUTRAL,,,,
145,CF,Fertilizers & Agricultural Chemicals,81.4,49.7,-9.9,-15.6,-1.0,16.1,16.6,18.3,12.5,8.1,49.9,81.4,221.2,-55.7,1.7,82.8,2.0424618090227766e-07,226.4,126.0,130.0,34.63,209.43,-10,-23.99999979575382,STRONG_DOWN,MID_RANGE,MOMENTUM_DOWN,S5_TRASH,,,,
146,AXP,Consumer Finance,43.0,46.6,-5.8,-5.6,-8.3,-13.7,-14.3,-12.3,-0.8,7.6,21.6,43.0,125.3,-28.1,1.2,173.8,9.987179659528974e-06,188.0,149.0,157.0,38.33,210.53,-25,-56.59999001282034,EARLY_DOWN,MID_RANGE,MOMENTUM_DOWN,S5_TRASH,,,,
147,PKG,Packaging & Containers,22.0,45.5,1.9,-2.8,-4.6,-0.3,-2.2,-8.4,-6.1,1.9,13.4,22.0,85.1,-30.1,1.2,66.2,91.37173363293117,167.0,174.0,181.0,79.22,215.42,37,41.171733632931165,STRONG_UP,MID_RANGE,NEUTRAL,S0_NEUTRAL,,,,
148,ISRG,Health Care Equipment,4.7,9.1,-5.9,-9.8,-13.8,-19.6,-24.5,-31.9,-32.2,-28.4,-30.2,4.7,156.3,-10.3,1.6,875.6,0.026056303887199983,149.7,191.0,200.0,57.89,216.09,-34,-498.77394369611284,STRONG_DOWN,LOWER,MOMENTUM_DOWN,S5_TRASH,,,,
149,MSCI,Financial Index & Analytics,56.3,21.7,-2.5,-3.2,-5.2,-4.9,-8.7,-14.8,-25.8,-41.5,-42.0,56.3,285.4,-7.2,1.3,358.1,14.854153900538808,201.2,141.0,148.0,93.81,216.41,-5,-264.6458460994612,EARLY_DOWN,MID_RANGE,MOMENTUM_DOWN,S5_TRASH,,,,
150,PCAR,Farm & Heavy Construction Machinery,31.7,48.0,-6.4,-9.6,-12.3,-4.9,-0.7,-5.4,-9.3,12.9,20.7,31.7,112.5,-42.1,1.4,80.7,0.8354910511467396,176.7,169.0,176.0,54.22,216.62,11,-35.36450894885326,EARLY_DOWN,MID_RANGE,MOMENTUM_DOWN,S5_TRASH,,,,
151,AMP,Asset Management,73.3,40.3,-2.7,-4.3,-8.8,-8.4,-17.1,-25.4,-27.1,-19.6,18.5,73.3,218.6,-24.3,1.3,330.7,0.02255172854714603,218.3,132.0,136.0,75.33,217.53,-27,-189.07744827145285,STRONG_UP,MID_RANGE,MOMENTUM_DOWN,S0_NEUTRAL,,,,
152,ALNY,Biotechnology,5.7,23.2,-2.5,-12.8,-15.9,-26.4,-30.9,-18.8,-13.9,-16.3,-8.9,5.7,206.0,-54.2,1.4,380.8,0.008590502408772092,150.6,190.0,196.0,50.89,218.09,-21,-129.19140949759122,STRONG_DOWN,MID_RANGE,MOMENTUM_DOWN,S5_TRASH,,,,
153,COR,Biotechnology,57.9,36.5,-21.9,-23.4,-29.4,-30.5,-30.6,-25.9,-27.0,-9.7,24.8,57.9,218.4,-33.7,1.2,413.6,9.604709615441612e-09,202.8,137.0,144.0,54.78,218.78,-49,-84.79999999039529,STRONG_DOWN,MID_RANGE,MOMENTUM_DOWN,S5_TRASH,,,,
154,ODFL,Trucking,75.7,32.6,-6.5,-9.6,-5.2,9.2,10.1,-7.6,-26.8,-37.1,-19.7,75.7,254.8,-15.5,1.7,184.8,1.2730977117367075,220.7,130.0,134.0,83.05,219.25,-16,-157.92690228826328,EARLY_DOWN,MID_RANGE,MOMENTUM_DOWN,S5_TRASH,,,,
155,NTAP,Diversified Technology,5.7,30.8,4.7,3.0,8.4,4.1,1.1,-9.5,-8.5,-7.4,-0.3,5.7,108.6,-39.4,1.6,30.9,84.33706516139428,150.7,189.0,196.0,74.67,220.67,46,-4.062934838605727,STRONG_UP,MID_RANGE,MOMENTUM_UP,S1_LEADER,,,,
156,COIN,Financial Data & Stock Exchanges,0.6,14.7,0.8,3.3,2.6,-12.9,-29.6,-34.3,-8.2,2.8,,0.6,213.9,-58.5,1.6,0.0,405.0958621153451,60.4,373.0,206.0,46.83,221.43,33,-108.10413788465496,STRONG_UP,LOWER,MOMENTUM_DOWN,S0_NEUTRAL,,,,
157,SO,Electric Utilities,41.4,50.7,-13.7,-12.6,-10.6,-8.7,-13.9,-17.4,-17.7,-11.3,-0.1,41.4,116.9,-35.5,1.2,150.0,7.943950190264223,186.4,154.0,162.0,80.33,223.13,-18,-38.75604980973578,STRONG_DOWN,UPPER_RANGE,MOMENTUM_DOWN,S5_TRASH,,,,
158,HIG,Insurance - Diversified,23.9,59.0,-10.2,-9.8,-10.3,-9.3,-12.3,-12.1,-5.1,5.0,24.3,23.9,77.8,-52.8,1.2,87.6,0.0005752468606732842,168.9,172.0,179.0,42.78,225.38,-1,-23.399424753139325,EARLY_DOWN,UPPER_RANGE,MOMENTUM_DOWN,S5_TRASH,,,,
159,AJG,Insurance Brokers,-24.2,0.4,-0.2,-13.7,-18.6,-23.0,-38.2,-49.7,-59.0,-60.6,-54.1,-24.2,215.4,-24.8,1.8,0.0,1986.8663207397983,120.7,234.0,253.0,81.2,226.6,-3,-11777.033679260201,STRONG_DOWN,LOWER,MOMENTUM_DOWN,S5_TRASH,,,,
160,PSX,Oil & Gas Refining & Marketing,33.7,60.0,-7.3,-9.9,-0.8,7.7,15.3,9.6,3.8,28.2,45.5,33.7,106.9,-74.9,1.4,8.2,0.5726391015555288,178.7,165.0,172.0,57.13,226.73,28,-7.427360898444471,EARLY_UP,UPPER_RANGE,NEUTRAL,S0_NEUTRAL,,,,
161,Q,Technology,43.1,100.0,6.1,43.7,45.6,,,,,,,43.1,46.3,-16.0,1.7,5.3,5.3,43.4,421.0,156.0,17.5,228.5,41,0.0,,,,,,,,
162,MSI,Public Safety Technology,32.9,22.5,-22.2,-19.2,-19.3,-14.9,-23.2,-31.4,-33.1,-26.6,-17.0,32.9,183.0,-10.2,1.3,466.0,0.015580981082383736,177.9,167.0,174.0,75.89,229.89,-34,-142.8844190189176,STRONG_DOWN,MID_RANGE,MOMENTUM_DOWN,S5_TRASH,,,,
163,ABBV,Biotechnology,38.0,45.0,-9.0,-11.8,-15.1,-15.3,-15.8,-16.6,-16.6,-12.3,8.6,38.0,115.5,-24.8,1.2,169.4,4.33169048301423e-09,182.9,158.0,167.0,45.89,230.49,-23,-56.89999999566831,EARLY_UP,MID_RANGE,NEUTRAL,S0_NEUTRAL,,,,
164,FAST,Industrial Distribution,39.2,44.1,-7.7,-10.9,-9.5,-4.9,-11.7,-7.5,-8.3,-5.2,2.1,39.2,108.3,-24.4,1.4,136.9,0.00012739960928743855,184.2,155.0,163.0,57.35,230.95,-10,-44.39987260039071,STRONG_DOWN,MID_RANGE,MOMENTUM_DOWN,S5_TRASH,,,,
165,RJF,Investment Banking & Brokerage,22.1,40.4,-6.3,-4.2,-7.1,-8.4,-13.8,-15.3,-14.9,-14.7,9.5,22.1,106.2,-34.2,1.2,152.1,5.737987088221109,167.1,173.0,180.0,79.78,231.58,3,-58.062012911778886,STRONG_UP,MID_RANGE,MOMENTUM_DOWN,S0_NEUTRAL,,,,
166,C,Diversified Banks,84.1,82.6,-6.1,-3.8,0.4,4.7,16.4,37.9,68.1,85.9,89.4,84.1,114.7,-58.5,1.2,47.5,-3.432581177650158e-05,229.1,123.0,128.0,30.13,232.73,-11,0.39996567418822354,EARLY_DOWN,OVEREXTENDED,MOMENTUM_DOWN,S5_TRASH,,,,
167,GLD,Gold (ETF),65.8,88.2,-4.6,1.7,10.0,19.1,29.4,52.4,64.6,77.9,73.2,65.8,82.5,-58.5,1.5,1.3,-1.7192159888745393e-08,190.8,148.0,139.0,29.22,233.22,2,8.199999982807839,EARLY_DOWN,OVEREXTENDED,MOMENTUM_DOWN,S5_TRASH,,,,
168,CPRT,Specialty Business Services,-42.5,0.8,0.6,-5.1,-12.8,-17.8,-33.7,-52.1,-66.7,-74.4,-84.4,-42.5,215.5,-44.1,2.2,0.0,5000.0,102.4,267.0,288.0,86.59,235.59,15,-9096.0,STRONG_UP,LOWER,MOMENTUM_UP,S0_NEUTRAL,,,,
169,NDAQ,Financial Exchanges,15.3,31.0,-14.4,-6.6,-8.5,-8.9,-12.5,-7.8,-2.6,-12.0,-6.7,15.3,76.6,-11.7,1.4,136.7,0.010048372838329852,160.3,180.0,186.0,62.33,236.93,-3,-32.88995162716167,EARLY_DOWN,MID_RANGE,MOMENTUM_DOWN,S5_TRASH,,,,
170,NOW,Software,-46.8,1.2,-1.3,-13.6,-19.7,-34.2,-52.0,-65.7,-75.6,-85.2,-98.6,-46.8,347.6,-50.9,1.6,0.0,985.162116384338,98.2,275.0,297.0,73.24,240.44,-3,-7613.437883615662,STRONG_DOWN,LOWER,NEUTRAL,S5_TRASH,,,,
171,WDC,Data Storage Devices,897.6,99.1,0.7,28.7,51.7,110.5,340.3,576.8,780.6,918.6,958.2,897.6,906.8,-100.9,1.8,125.9,-11.501790586476524,1042.6,19.0,19.0,45.11,240.91,-34,-2.501790586476524,STRONG_UP,OVEREXTENDED,MOMENTUM_UP,S1_LEADER,,,,
172,ACHR,Aerospace & Defense,-31.6,11.2,3.0,9.9,-3.3,-15.3,-32.3,-13.6,-16.2,-21.6,,-31.6,137.3,-87.4,1.5,0.0,5000.0,31.8,447.0,271.0,60.0,241.6,96,4962.1,STRONG_UP,LOWER,MOMENTUM_UP,S0_NEUTRAL,,,,
173,BKR,Oil & Gas Equipment & Services,51.7,80.9,-16.8,-7.9,-4.3,8.4,21.6,29.2,33.4,57.8,101.2,51.7,84.9,-85.4,1.3,11.9,-2.0651371382406164e-06,196.7,146.0,153.0,31.42,242.42,-11,2.099997934862862,EARLY_DOWN,OVEREXTENDED,MOMENTUM_DOWN,S5_TRASH,,,,
174,DHI,Residential Construction,36.6,25.9,-4.4,-4.8,-8.0,-8.7,-12.0,-22.6,-31.0,-21.8,-6.9,36.6,205.9,-22.5,1.4,256.5,0.0021860577370912096,181.5,162.0,169.0,80.33,243.93,-32,-216.29781394226293,EARLY_DOWN,MID_RANGE,MOMENTUM_DOWN,S5_TRASH,,,,
175,TXN,Semiconductors,85.5,98.6,3.0,17.9,23.2,42.4,43.2,36.4,33.2,25.1,33.2,85.5,87.8,-54.4,2.1,-0.5,12.313168129252084,228.5,124.0,126.0,34.96,247.56,53,9.513168129252083,STRONG_UP,OVEREXTENDED,MOMENTUM_DOWN,S3_LATE_EXHAUSTION,,,,
176,ETR,Electric Utilities,36.6,73.4,-13.2,-10.4,-3.4,2.7,6.5,23.5,40.5,44.0,35.2,36.6,72.9,-62.1,1.2,25.9,-4.2620948710606916e-05,181.6,161.0,169.0,26.81,248.01,-12,3.399957379051289,EARLY_DOWN,UPPER_RANGE,MOMENTUM_DOWN,S5_TRASH,,,,
177,TMUS,Telecommunication Services,-15.4,7.7,-5.2,-10.7,-11.6,-12.2,-24.1,-29.2,-28.2,-29.3,-30.8,-15.4,136.2,-27.7,1.8,0.0,465.3005590346284,129.6,217.0,233.0,101.34,248.14,17,82.10055903462842,EARLY_UP,LOWER,NEUTRAL,S0_NEUTRAL,,,,
178,AZO,Auto Parts,38.6,44.9,-6.9,-7.8,-10.5,-11.5,-20.6,-21.7,-26.8,-20.9,-0.4,38.6,146.3,-48.7,1.2,212.8,1.601749505369121e-06,183.6,156.0,164.0,75.89,249.29,-27,-83.8999983982505,EARLY_DOWN,MID_RANGE,MOMENTUM_DOWN,S5_TRASH,,,,
179,EQT,Oil & Gas E&P,4.8,52.4,-7.6,-13.9,-13.5,-11.1,-13.2,-4.0,-9.0,6.9,78.4,4.8,112.9,-116.6,1.2,66.7,4.121120124566003e-05,149.7,191.0,199.0,54.22,249.62,-6,-9.099958788798753,STRONG_DOWN,UPPER_RANGE,MOMENTUM_DOWN,S5_TRASH,,,,
180,MA,Data Processing & Outsourced Services,-23.6,0.2,0.2,-7.1,-10.1,-13.8,-22.8,-27.6,-34.1,-38.6,-52.7,-23.6,99.1,-23.8,1.6,0.0,3388.514928290792,121.4,232.0,250.0,113.45,254.65,15,-981.6850717092079,EARLY_DOWN,LOWER,MOMENTUM_DOWN,S5_TRASH,,,,
181,ATO,Natural Gas Utilities,1.8,56.8,-16.2,-10.7,-7.5,-5.1,-5.7,-0.7,1.2,7.2,1.7,1.8,44.9,-54.0,1.3,24.2,1.9007733706324203e-10,146.8,196.0,204.0,42.73,255.33,-6,-0.5999999998099227,STRONG_DOWN,UPPER_RANGE,MOMENTUM_DOWN,S5_TRASH,,,,
182,IR,Industrial Machinery,-37.0,0.0,0.0,-11.5,-17.1,-14.7,-19.9,-34.9,-43.5,-42.9,-40.8,-37.0,89.2,-50.8,1.8,0.0,1579.34125,82.0,314.0,282.0,86.68,256.28,4,-2206.9587500000002,STRONG_DOWN,LOWER,MOMENTUM_DOWN,S5_TRASH,,,,
183,315960.KS,Dividend,346.4,100.0,3.8,26.5,30.4,67.3,151.8,219.2,250.5,293.7,340.1,346.4,310.0,-74.4,1.7,23.4,-7.3,440.4,56.0,53.0,45.67,261.07,-25,0.7000000000000002,STRONG_UP,OVEREXTENDED,MOMENTUM_UP,S1_LEADER,,,,
184,QCOM,Semiconductors,41.7,54.9,26.6,40.5,41.8,32.2,29.5,15.8,14.0,1.7,3.6,41.7,125.7,-59.8,2.0,-16.9,12.277182905097735,186.7,153.0,161.0,35.95,263.35,28,-34.42281709490227,STRONG_UP,UPPER_RANGE,MOMENTUM_UP,S1_LEADER,,,,
185,FER,Infrastructure,49.9,75.5,0.3,-3.9,-5.9,-2.4,6.2,24.5,34.8,58.4,54.3,49.9,84.6,-59.5,1.3,34.8,-2.5789627258805603,194.9,147.0,154.0,20.66,268.06,-26,-0.5789627258805603,STRONG_UP,UPPER_RANGE,MOMENTUM_UP,S1_LEADER,,,,
186,CCEP,Beverages - Non-Alcoholic,-6.4,46.1,-4.3,-6.1,-9.4,-6.4,-9.1,-3.8,-2.5,7.7,4.6,-6.4,51.9,-55.5,1.3,0.0,1.0717200924587987e-06,138.6,205.0,217.0,54.78,268.78,13,0.20000107172009246,EARLY_DOWN,MID_RANGE,MOMENTUM_DOWN,S5_TRASH,,,,
187,LIN,Industrial Gases,15.3,30.7,-11.3,-9.0,-6.7,0.5,-6.3,-14.3,-23.0,-22.3,-17.0,15.3,97.5,-20.7,1.5,108.2,0.0015918907451583904,160.3,180.0,186.0,86.84,269.84,-5,-65.29840810925484,EARLY_DOWN,MID_RANGE,MOMENTUM_DOWN,S5_TRASH,,,,
188,WRB,Property & Casualty Insurance,21.2,30.1,-6.1,-7.7,-10.5,-12.7,-19.9,-18.4,-16.1,-9.8,-2.4,21.2,107.3,-27.7,1.4,206.6,2.838703118672734e-08,166.1,175.0,182.0,84.78,270.18,-25,-88.29999997161296,EARLY_DOWN,MID_RANGE,MOMENTUM_DOWN,S5_TRASH,,,,
189,NVO,Biotechnology,-76.8,3.8,0.5,8.2,0.7,-6.2,-23.8,-55.3,-75.9,-83.0,-79.2,-76.8,389.4,-94.8,2.4,0.0,2088.2248852007415,68.2,348.0,370.0,80.12,270.52,28,-2512.4751147992583,STRONG_UP,LOWER,NEUTRAL,S0_NEUTRAL,,,,
190,ALL,Insurance - Property & Casualty,-2.2,47.2,-9.1,-6.0,-4.6,-3.8,-8.2,-10.1,-1.1,2.2,1.7,-2.2,53.0,-50.7,1.3,0.0,4.247000737316283e-09,142.8,198.0,209.0,54.78,271.38,-13,-13.399999995753,STRONG_UP,MID_RANGE,MOMENTUM_DOWN,S0_NEUTRAL,,,,
191,AME,Electronic Instruments & Controls,16.5,56.0,-5.0,-3.9,-5.2,0.3,4.3,3.0,-3.8,-5.1,-3.9,16.5,46.1,-21.9,2.0,11.8,9.438718265807808e-06,161.5,179.0,185.0,74.65,272.45,19,-5.999990561281734,STRONG_UP,UPPER_RANGE,MOMENTUM_DOWN,S0_NEUTRAL,,,,
192,UNH,Managed Healthcare,-75.7,15.5,0.6,14.3,20.1,15.1,10.2,-23.0,-44.0,-65.7,-73.7,-75.7,128.7,-112.7,1.7,0.0,643.726203946533,67.3,351.0,365.0,76.61,274.61,96,606.126203946533,STRONG_UP,LOWER,MOMENTUM_DOWN,S0_NEUTRAL,,,,
193,LII,HVAC Equipment,-21.3,19.3,-5.1,-1.9,-5.3,-4.0,-15.3,-27.3,-27.4,-11.3,-18.9,-21.3,101.7,-50.5,1.6,0.0,0.09184881807831703,123.7,225.0,244.0,73.67,274.67,-13,-153.7081511819217,STRONG_UP,LOWER,NEUTRAL,S0_NEUTRAL,,,,
194,SATS,Communication,219.9,90.0,2.2,-3.1,0.5,19.7,151.3,292.8,414.8,407.4,338.5,219.9,260.9,-145.8,1.7,26.5,-34.634041744975555,364.8,69.0,72.0,45.51,274.71,-29,-8.334041744975554,EARLY_DOWN,OVEREXTENDED,MOMENTUM_UP,S0_NEUTRAL,,,,
195,AON,Insurance Brokers,-72.1,0.9,0.9,-8.6,-12.1,-14.9,-23.5,-32.0,-44.2,-56.9,-66.3,-72.1,64.2,-73.0,2.7,0.0,3645.9223720762193,72.9,335.0,356.0,93.58,276.18,65,3538.9223720762193,STRONG_DOWN,LOWER,MOMENTUM_DOWN,S5_TRASH,,,,
196,ROL,Business Services,-28.9,0.0,-2.8,-8.0,-14.1,-15.8,-20.4,-21.1,-26.0,-28.5,-35.5,-28.9,76.9,-36.7,1.6,0.0,81.08983158762926,116.0,246.0,265.0,101.64,277.44,8,-153.81016841237073,EARLY_DOWN,LOWER,MOMENTUM_DOWN,S5_TRASH,,,,
197,ROK,Industrial Machinery,42.4,72.9,22.8,9.7,6.1,8.0,14.7,25.1,16.0,10.2,17.8,42.4,70.8,-33.7,1.6,7.6,-1.5678334855669862,187.4,152.0,160.0,27.45,277.45,-7,4.632166514433014,STRONG_UP,UPPER_RANGE,MOMENTUM_UP,S1_LEADER,,,,
198,COF,Diversified Banks,-9.9,29.7,-5.9,-6.7,-11.0,-17.0,-21.5,-17.2,-8.3,-10.3,1.8,-9.9,92.5,-52.5,1.3,0.0,7.978950223384043e-06,135.1,208.0,221.0,64.22,277.62,-5,-44.49999202104978,EARLY_DOWN,MID_RANGE,MOMENTUM_DOWN,S5_TRASH,,,,
199,SHW,Household & Personal Care Products,-52.3,0.0,0.0,-9.0,-13.7,-13.8,-21.1,-29.7,-36.2,-46.2,-55.9,-52.3,77.6,-52.0,2.0,0.0,346.97500000000014,92.7,290.0,312.0,97.84,277.84,6,-1322.225,EARLY_DOWN,LOWER,MOMENTUM_DOWN,S5_TRASH,,,,
200,AFL,Insurance - Life,0.7,43.7,-4.3,-5.8,-5.9,-5.3,-8.2,-14.1,-13.9,-2.6,7.0,0.7,67.0,-50.0,1.4,54.7,3.4265157336304383e-05,145.7,197.0,205.0,79.78,278.58,-3,-32.29996573484266,EARLY_DOWN,MID_RANGE,MOMENTUM_DOWN,S5_TRASH,,,,
201,BRK-B,Diversified Financial Services,-49.6,1.4,0.9,-7.4,-8.9,-10.4,-17.3,-22.9,-27.6,-28.8,-30.9,-49.6,42.5,-50.6,2.5,0.0,164.21837326057556,95.4,283.0,306.0,94.6,280.0,82,143.81837326057556,STRONG_DOWN,LOWER,MOMENTUM_UP,S4_BOTTOMING,,,,
202,ADA-USD,Cryptocurrency,-24.0,0.9,0.2,4.7,-2.1,-19.6,-48.0,-62.2,-73.1,-102.4,-34.0,-24.0,3485.6,-69.7,1.7,0.0,5000.0,86.8,301.0,252.0,133.59,282.19,36,-23776.4,EARLY_UP,LOWER,MOMENTUM_UP,S4_BOTTOMING,,,,
203,MCO,Credit Rating & Analytics,-14.1,5.3,-7.2,-6.5,-11.1,-13.4,-19.6,-25.6,-29.1,-34.3,-42.2,-14.1,88.4,-19.7,1.4,0.0,0.07524898169342012,130.9,216.0,230.0,85.72,282.92,-24,-312.82475101830653,EARLY_DOWN,LOWER,MOMENTUM_DOWN,S5_TRASH,,,,
204,BLK,Asset Management,-9.6,17.0,-0.8,0.3,-3.6,-4.4,-8.9,-8.1,-7.0,-12.9,-10.4,-9.6,46.8,-21.6,1.5,0.0,2.1037576413134738,135.4,207.0,220.0,99.48,283.28,31,-36.696242358686526,STRONG_UP,LOWER,MOMENTUM_DOWN,S0_NEUTRAL,,,,
205,ONDO-USD,Decentralized Finance,-49.5,7.3,4.3,51.1,51.4,20.3,-22.0,-53.7,,,,-49.5,250.6,-121.4,2.2,0.0,5000.0,-21.9,538.0,304.0,77.06,283.46,56,3791.4,STRONG_UP,LOWER,MOMENTUM_UP,S0_NEUTRAL,,,,
206,EBAY,Internet Retail,54.5,91.3,2.7,2.1,6.7,12.7,14.5,35.6,57.4,52.2,50.6,54.5,66.0,-62.2,1.4,17.7,-2.4856142599260895,199.4,144.0,151.0,36.22,283.82,-30,1.7143857400739106,STRONG_UP,OVEREXTENDED,MOMENTUM_UP,S1_LEADER,,,,
207,MRSH,Financials,-82.3,0.0,0.0,-10.8,-15.4,-16.7,-28.9,-42.7,-55.0,-65.2,-72.3,-82.3,65.4,-81.9,2.9,0.0,1990.1,62.7,364.0,386.0,86.58,284.18,14,-70.80000000000018,STRONG_DOWN,LOWER,MOMENTUM_DOWN,S5_TRASH,,,,
208,CHRW,Trucking,-5.5,60.0,-9.7,-8.3,-12.5,-6.9,16.4,36.9,43.8,31.9,22.3,-5.5,52.0,-90.7,1.8,0.0,-2.613787053502751e-06,139.5,200.0,212.0,48.27,284.27,96,29.799997386212947,EARLY_DOWN,UPPER_RANGE,MOMENTUM_DOWN,S5_TRASH,,,,
209,PTC,Technology,-76.8,6.0,5.8,-2.3,-7.8,-16.3,-27.9,-39.2,-50.6,-58.2,-66.3,-76.8,82.2,-86.5,2.3,0.0,5000.0,68.1,349.0,370.0,102.6,284.4,46,3356.9,EARLY_UP,LOWER,MOMENTUM_UP,S4_BOTTOMING,,,,
210,BRO,Insurance Brokers,-89.3,0.0,0.0,-14.6,-21.5,-28.5,-45.2,-60.9,-70.5,-79.6,-88.9,-89.3,163.4,-93.6,2.5,0.0,4850.548333333333,55.7,382.0,402.0,86.4,285.6,6,-3413.3516666666665,STRONG_DOWN,LOWER,MOMENTUM_DOWN,S5_TRASH,,,,
211,PNR,Industrials,-76.4,0.0,0.0,-14.2,-22.6,-27.5,-34.7,-39.3,-41.9,-41.5,-45.1,-76.4,34.9,-76.0,1.4,0.0,77.78833333333353,68.5,346.0,368.0,69.3,286.9,-11,-719.7116666666665,STRONG_DOWN,LOWER,MOMENTUM_DOWN,S5_TRASH,,,,
212,BSX,Medical Devices,-106.7,0.0,0.0,-16.2,-29.6,-40.0,-53.1,-61.4,-65.6,-65.9,-81.8,-106.7,89.6,-106.2,1.6,0.0,2768.638333333333,38.3,433.0,450.0,64.78,286.98,-1,-1581.4616666666675,STRONG_DOWN,LOWER,MOMENTUM_DOWN,S5_TRASH,,,,
213,IBM,IT Consulting & Other Services,-32.4,30.2,-4.4,-10.0,-15.5,-22.5,-25.9,-20.1,-13.4,-0.8,-0.3,-32.4,67.4,-74.9,1.2,0.0,0.012226997595608819,112.6,251.0,273.0,69.22,288.02,0,-23.087773002404393,STRONG_DOWN,MID_RANGE,MOMENTUM_DOWN,S5_TRASH,,,,
214,TRI,Technology,-93.2,1.4,-3.3,-5.5,-11.1,-24.1,-45.2,-60.5,-73.0,-81.8,-90.7,-93.2,146.3,-96.3,2.0,0.0,4198.381632331421,51.7,398.0,415.0,82.07,288.27,17,2473.6816323314215,STRONG_UP,LOWER,NEUTRAL,S0_NEUTRAL,,,,
215,ARM,Semiconductors,61.2,43.4,-1.9,11.8,44.8,47.5,42.4,38.0,,,,61.2,125.1,-70.9,2.3,-42.0,0.02426590967984799,94.7,286.0,142.0,17.5,288.7,26,-11.475734090320152,STRONG_UP,MID_RANGE,MOMENTUM_DOWN,S0_NEUTRAL,,,,
216,SPGI,Financial Data & Exchanges,-61.0,0.0,-4.6,-8.7,-14.2,-18.6,-28.2,-37.1,-45.4,-57.6,-71.6,-61.0,95.4,-60.6,1.7,0.0,269.0950554360706,84.0,309.0,330.0,98.04,289.44,8,-272.70494456392936,EARLY_DOWN,LOWER,MOMENTUM_DOWN,S5_TRASH,,,,
217,GILD,Biotechnology,-10.5,57.5,-4.6,-10.8,-12.9,-6.8,-2.4,18.9,23.8,34.7,29.9,-10.5,46.8,-87.0,1.2,0.0,-0.019308579835540064,134.5,210.0,223.0,32.83,290.23,-19,22.580691420164463,EARLY_UP,UPPER_RANGE,NEUTRAL,S0_NEUTRAL,,,,
218,DRI,Restaurants,-5.7,43.4,-3.2,-5.1,-7.4,-1.6,-9.2,-6.5,-12.9,-11.3,-5.9,-5.7,62.3,-57.3,1.4,0.0,0.007947313373166884,139.3,201.0,213.0,94.35,293.15,22,-12.392052686626833,STRONG_DOWN,MID_RANGE,MOMENTUM_DOWN,S5_TRASH,,,,
219,SNA,Tools & Accessories,-11.3,43.0,-13.4,-7.3,-7.4,-3.1,-2.5,-4.0,-9.1,-3.3,7.5,-11.3,29.6,-41.8,1.4,0.0,0.015618465973270497,133.6,213.0,226.0,93.67,294.27,8,-0.08438153402672952,EARLY_DOWN,MID_RANGE,MOMENTUM_DOWN,S5_TRASH,,,,
220,NVR,Residential Construction,-78.4,0.0,0.0,-14.1,-21.1,-23.6,-32.2,-45.9,-56.1,-60.4,-71.3,-78.4,92.0,-80.5,1.9,0.0,767.9316666666667,66.6,354.0,376.0,95.22,295.22,0,-2301.568333333333,STRONG_DOWN,LOWER,MOMENTUM_DOWN,S5_TRASH,,,,
221,TSCO,Specialty Retail,-85.1,0.0,0.0,-26.8,-36.6,-42.0,-51.6,-63.0,-73.3,-85.4,-87.6,-85.1,112.2,-97.2,1.4,0.0,4299.041250000001,57.9,380.0,394.0,98.32,296.32,-12,-2584.5587499999992,STRONG_DOWN,LOWER,MOMENTUM_DOWN,S5_TRASH,,,,
222,COP,Oil & Gas,7.3,31.5,-10.5,-16.9,-9.5,1.9,3.2,-8.6,-24.3,-23.5,8.9,7.3,179.6,-71.5,1.4,19.1,2.6766622646215795e-08,152.3,187.0,194.0,90.48,297.08,-31,-38.99999997323338,STRONG_DOWN,MID_RANGE,MOMENTUM_DOWN,S5_TRASH,,,,
223,ERIE,Insurance Brokers,-98.1,0.1,0.1,-13.5,-21.1,-26.6,-40.9,-60.3,-69.6,-72.0,-89.3,-98.1,196.4,-98.0,2.5,0.0,3952.842548668942,46.9,410.0,428.0,86.28,297.88,10,-3916.457451331058,STRONG_DOWN,LOWER,MOMENTUM_DOWN,S5_TRASH,,,,
224,CFG,Banks - Regional,-10.0,52.1,-6.8,-5.4,-4.2,1.7,11.6,21.6,40.1,21.4,19.2,-10.0,47.4,-71.4,1.7,0.0,-1.1966116968522247e-05,134.9,209.0,222.0,55.1,298.1,8,30.89998803388303,EARLY_DOWN,UPPER_RANGE,MOMENTUM_DOWN,S5_TRASH,,,,
225,LOW,Retail,-49.5,0.0,0.0,-9.8,-15.3,-14.4,-17.7,-27.2,-38.0,-50.8,-52.5,-49.5,92.6,-49.1,1.9,0.0,66.77625000000023,95.5,282.0,304.0,105.31,298.51,-19,-1315.42375,EARLY_DOWN,LOWER,MOMENTUM_DOWN,S5_TRASH,,,,
226,LDOS,IT Consulting & Other Services,-56.7,0.0,-5.0,-22.1,-28.7,-32.9,-36.4,-40.4,-39.0,-44.0,-60.7,-56.7,102.6,-56.3,1.4,0.0,0.5759174399440632,88.3,298.0,321.0,72.13,299.13,-56,-601.124082560056,STRONG_DOWN,LOWER,MOMENTUM_DOWN,S5_TRASH,,,,
227,ACGL,Insurance - Diversified,-5.9,27.6,-3.5,-8.3,-9.8,-8.2,-12.6,-24.1,-31.4,-11.6,-1.1,-5.9,110.1,-49.5,1.4,0.0,0.00016685680544802601,139.1,202.0,214.0,94.22,299.82,-42,-109.49983314319455,EARLY_DOWN,MID_RANGE,MOMENTUM_DOWN,S5_TRASH,,,,
228,PDD,Technology,-30.3,4.3,-1.3,-9.4,-10.0,-17.3,-23.9,-36.3,-47.1,-48.0,-46.4,-30.3,465.0,-71.0,1.4,0.0,285.3082035838028,70.8,339.0,269.0,115.48,299.88,2,-497.49179641619713,STRONG_DOWN,LOWER,NEUTRAL,S5_TRASH,,,,
229,MO,Tobacco,-8.9,65.5,-30.6,-9.7,-6.2,2.4,0.1,8.7,19.6,23.4,29.4,-8.9,23.0,-68.4,1.3,0.0,-0.01005016363670508,136.1,206.0,218.0,48.2,301.4,49,6.289949836363295,STRONG_UP,UPPER_RANGE,MOMENTUM_DOWN,S0_NEUTRAL,,,,
230,FANG,Oil & Gas E&P,-5.9,50.3,-14.2,-12.5,-3.6,5.9,10.3,-6.5,-15.9,-7.9,46.8,-5.9,98.2,-109.7,1.4,0.0,4.164584378426127e-07,139.1,202.0,214.0,87.72,301.72,55,-9.099999583541562,STRONG_UP,UPPER_RANGE,MOMENTUM_DOWN,S0_NEUTRAL,,,,
231,CMG,Restaurants,-42.8,3.7,-2.5,-8.4,-15.0,-14.3,-30.9,-53.4,-67.0,-75.0,-79.3,-42.8,293.4,-55.3,1.7,0.0,0.38522850838655526,102.2,268.0,289.0,86.76,302.16,-44,-2316.814771491613,EARLY_DOWN,LOWER,MOMENTUM_DOWN,S5_TRASH,,,,
232,CVNA,Auto & Truck Dealerships,-15.7,8.0,-67.0,-84.7,-85.1,-85.8,-91.2,-88.3,-21.6,33.3,-28.4,-15.7,1079.9,-122.9,1.2,0.0,4.650495923020712e-09,104.7,265.0,234.0,68.64,302.84,-212,-202.1999999953495,EARLY_DOWN,LOWER,MOMENTUM_DOWN,S5_TRASH,,,,
233,DOV,Diversified Machinery,6.5,45.7,-12.1,-5.8,-4.5,1.8,4.5,-2.6,-5.0,-13.1,-14.0,6.5,62.8,-40.4,2.0,7.3,2.135639187868233e-07,151.5,188.0,195.0,97.84,305.04,-41,-9.19999978643608,EARLY_DOWN,MID_RANGE,MOMENTUM_DOWN,S5_TRASH,,,,
234,VRTX,Biotechnology,-29.8,19.3,-1.8,-8.7,-13.4,-11.7,-16.8,-28.3,-36.6,-28.7,-38.8,-29.8,96.1,-59.6,1.7,0.0,0.03381457541525642,115.2,247.0,268.0,94.79,308.19,-20,-140.66618542458474,STRONG_DOWN,LOWER,MOMENTUM_UP,S4_BOTTOMING,,,,
235,UBER,Internet Services & Infrastructure,-15.0,16.9,-3.4,-4.6,-7.2,-13.8,-23.9,-24.2,-22.4,0.4,-15.0,-15.0,67.6,-71.0,1.4,0.0,2.548541254488383e-07,73.6,332.0,231.0,65.72,309.52,-16,-46.49999974514587,STRONG_UP,LOWER,NEUTRAL,S0_NEUTRAL,,,,
236,AEP,Electric Utilities,-34.5,33.0,-14.7,-9.8,-6.5,-2.7,0.1,6.9,10.0,0.5,-15.4,-34.5,33.7,-67.3,1.6,0.0,-7.559588653493422e-12,110.5,256.0,277.0,61.78,309.98,29,45.59999999999244,EARLY_DOWN,MID_RANGE,MOMENTUM_DOWN,S5_TRASH,,,,
237,IDXX,Veterinary Diagnostics,-25.0,4.9,-3.3,-8.5,-15.5,-19.8,-19.3,-14.5,-28.4,-46.8,-57.8,-25.0,217.2,-37.2,1.7,0.0,0.11834866973512956,120.0,238.0,258.0,105.95,310.75,-14,-94.38165133026487,STRONG_DOWN,LOWER,NEUTRAL,S5_TRASH,,,,
238,RTX,Aerospace & Defense,3.2,47.4,-2.0,-11.6,-15.7,-12.5,-5.8,9.9,23.6,26.5,28.0,3.2,73.4,-59.3,1.2,27.7,-9.375646513406425,148.1,194.0,202.0,36.72,311.12,-42,10.624353486593575,STRONG_DOWN,MID_RANGE,MOMENTUM_UP,S4_BOTTOMING,,,,
239,MLM,Building Materials,-19.2,16.0,-12.6,-10.1,-14.0,-13.4,-15.1,-19.5,-26.3,-24.5,-18.5,-19.2,79.9,-37.7,1.2,0.0,0.0020914880858693644,125.8,222.0,240.0,101.44,312.64,-14,-54.49790851191413,EARLY_DOWN,LOWER,MOMENTUM_DOWN,S5_TRASH,,,,
240,INTU,Application Software,-78.1,0.7,-1.9,-11.3,-15.0,-28.9,-45.2,-56.5,-68.5,-81.5,-91.4,-78.1,209.6,-79.9,2.0,0.0,79.13898655006852,66.8,353.0,375.0,93.91,313.91,-18,-3051.2610134499314,EARLY_UP,LOWER,NEUTRAL,S0_NEUTRAL,,,,
241,ZS,Technology,-53.7,3.2,1.3,2.6,-7.3,-25.5,-44.0,-48.0,-57.0,-76.9,-76.8,-53.7,408.1,-84.4,1.9,0.0,1127.9676751939783,52.4,391.0,315.0,121.19,314.39,31,-1824.6323248060216,EARLY_UP,LOWER,MOMENTUM_UP,S4_BOTTOMING,,,,
242,LEN,Residential Construction,-102.2,0.0,0.0,-5.8,-16.8,-23.7,-32.7,-51.1,-65.2,-72.3,-78.7,-102.2,109.4,-102.3,2.2,0.0,2416.9,42.7,423.0,441.0,95.68,314.88,16,-142.69999999999982,EARLY_DOWN,LOWER,MOMENTUM_DOWN,S5_TRASH,,,,
243,FDX,Industrials,-23.9,54.1,-11.5,-6.7,-2.8,12.2,29.9,19.7,10.9,9.8,10.3,-23.9,34.1,-91.7,3.3,0.0,-3.1543614612458786e-05,121.1,233.0,251.0,60.14,314.94,-6,27.19996845638539,EARLY_DOWN,UPPER_RANGE,MOMENTUM_DOWN,S5_TRASH,,,,
244,NEE,Electric Utilities,-13.2,30.8,-11.7,-9.3,-6.3,-0.2,7.1,5.2,3.2,-15.8,-29.5,-13.2,77.1,-52.8,2.0,0.0,-0.014298861839444574,131.8,215.0,228.0,60.56,318.76,71,29.585701138160555,EARLY_DOWN,MID_RANGE,MOMENTUM_DOWN,S5_TRASH,,,,
245,GDDY,Technology,-109.4,3.1,1.1,1.3,-4.1,-18.4,-39.7,-57.9,-60.1,-65.5,-85.6,-109.4,129.1,-116.4,2.1,0.0,1816.4872643503188,35.5,439.0,456.0,92.29,320.09,30,-671.0127356496812,STRONG_UP,LOWER,MOMENTUM_UP,S0_NEUTRAL,,,,
246,BAC,Diversified Banks,-27.3,21.7,-14.6,-7.2,-7.2,-9.4,-7.8,-3.8,4.7,-8.5,-15.4,-27.3,46.0,-47.9,1.3,0.0,-1.049375906445841e-11,117.7,242.0,262.0,77.81,320.61,3,32.999999999989505,EARLY_DOWN,MID_RANGE,MOMENTUM_DOWN,S5_TRASH,,,,
247,WFC,Diversified Banks,-50.5,37.9,-17.8,-13.7,-15.9,-18.1,-18.6,-12.3,-1.0,2.0,5.1,-50.5,15.8,-90.0,1.2,0.0,-3.7572517969060087e-13,94.5,287.0,309.0,63.67,322.47,-8,20.999999999999623,EARLY_DOWN,MID_RANGE,MOMENTUM_DOWN,S5_TRASH,,,,
248,NI,"Electric, Gas and Multi-Utilities",-26.2,50.1,-13.9,-9.1,-6.8,-2.6,-3.0,3.8,10.9,13.3,3.2,-26.2,17.0,-68.5,1.3,0.0,-0.025648178886487957,118.8,240.0,260.0,49.23,323.23,-30,18.774351821113513,EARLY_DOWN,UPPER_RANGE,MOMENTUM_DOWN,S5_TRASH,,,,
249,CME,Financial Data & Stock Exchanges,-16.9,27.6,-11.2,-11.5,-12.9,-9.2,-12.7,-4.0,-4.6,-8.9,-21.6,-16.9,63.1,-47.0,1.4,0.0,-1.3140945631005416e-09,128.1,218.0,235.0,87.87,323.27,-13,10.499999998685906,EARLY_UP,MID_RANGE,NEUTRAL,S0_NEUTRAL,,,,
250,VTR,Healthcare REITs,4.1,71.3,-7.7,-4.7,-2.1,1.5,7.5,15.5,27.9,33.4,30.1,4.1,33.5,-67.0,1.4,-13.1,-5.760725400406885e-07,149.1,193.0,201.0,20.11,323.51,6,9.49999942392746,STRONG_UP,UPPER_RANGE,NEUTRAL,S0_NEUTRAL,,,,
251,WM,Waste Management,-23.2,7.4,-21.6,-13.8,-13.2,-9.5,-15.9,-21.0,-24.9,-28.8,-31.0,-23.2,60.4,-29.6,1.7,0.0,9.449026104634335e-16,121.8,230.0,248.0,94.54,326.54,-36,-52.2,STRONG_DOWN,LOWER,MOMENTUM_DOWN,S5_TRASH,,,,
252,KR,Grocery Stores,-24.4,24.4,-10.9,-12.5,-9.1,-6.9,-13.8,-11.9,-12.6,-14.4,-4.4,-24.4,65.1,-52.7,1.5,0.0,5.096557090600647e-07,120.6,235.0,254.0,98.75,326.55,-26,-2.199999490344291,STRONG_DOWN,MID_RANGE,MOMENTUM_DOWN,S5_TRASH,,,,
253,MOH,Healthcare,-110.6,8.3,0.4,-11.2,-9.8,-13.6,-34.1,-54.8,-72.7,-91.0,-105.8,-110.6,210.5,-139.2,2.3,0.0,5000.0,1.9,503.0,459.0,97.75,328.15,57,4549.0,STRONG_DOWN,LOWER,MOMENTUM_DOWN,S5_TRASH,,,,
254,XOM,Integrated Oil & Gas,10.6,53.4,-11.2,-15.2,-11.7,0.6,9.2,6.2,-2.1,10.6,41.5,10.6,94.8,-84.9,1.5,-7.5,-6.230152281414786e-11,155.6,184.0,191.0,39.67,330.07,-4,1.9999999999376985,STRONG_DOWN,UPPER_RANGE,MOMENTUM_DOWN,S5_TRASH,,,,
255,NTRS,Custody Banks & Asset Management,-23.0,59.9,-9.9,-2.0,0.4,6.4,13.0,32.7,46.6,28.5,13.7,-23.0,22.7,-90.2,1.4,0.0,-0.20851262376164792,122.0,228.0,247.0,58.51,332.31,-13,31.991487376238354,EARLY_DOWN,UPPER_RANGE,MOMENTUM_DOWN,S5_TRASH,,,,
256,FOXA,Entertainment,-9.3,36.8,-8.2,-3.9,-5.7,-9.8,-8.6,4.2,14.7,7.2,-6.9,-9.3,10.2,-73.0,1.4,0.0,-6.198511160152969e-05,81.8,315.0,219.0,65.92,332.72,26,42.1999380148884,EARLY_DOWN,MID_RANGE,MOMENTUM_DOWN,S5_TRASH,,,,
257,NXPI,Semiconductors,-2.3,53.6,-4.7,17.8,20.4,26.0,24.0,10.8,0.6,-7.3,0.1,-2.3,56.6,-69.4,1.7,0.0,-0.3201950658454689,142.7,199.0,210.0,72.09,334.29,64,6.979804934154531,STRONG_UP,UPPER_RANGE,NEUTRAL,S0_NEUTRAL,,,,
258,PAYX,Industrials,-100.7,1.6,-0.6,-5.3,-8.3,-14.9,-31.8,-44.7,-56.3,-72.6,-83.2,-100.7,70.8,-102.9,2.7,0.0,102.85396054507625,44.3,419.0,438.0,93.92,335.72,36,-54.84603945492374,STRONG_UP,LOWER,MOMENTUM_UP,S0_NEUTRAL,,,,
259,456680.KS,Asset Management,66.5,82.8,-5.2,0.1,13.7,14.5,42.0,77.2,66.5,,,66.5,33.0,-88.2,1.4,-23.1,-0.0013702721972423558,105.0,263.0,138.0,17.5,336.9,3,12.398629727802758,STRONG_UP,OVEREXTENDED,MOMENTUM_DOWN,S3_LATE_EXHAUSTION,,,,
260,IT,Technology,-153.6,1.1,1.1,-2.0,-10.4,-24.4,-46.7,-72.5,-90.6,-108.5,-120.1,-153.6,136.5,-156.1,3.0,0.0,5000.0,-8.6,516.0,522.0,91.69,337.29,43,-855.3999999999996,EARLY_UP,LOWER,MOMENTUM_UP,S4_BOTTOMING,,,,
261,BR,Industrials,-104.3,0.0,-0.8,-12.6,-20.7,-29.3,-42.4,-52.1,-61.5,-71.4,-87.8,-104.3,60.8,-103.9,2.0,0.0,56.10591550018386,40.7,428.0,447.0,86.23,338.03,-15,-1415.6940844998162,STRONG_DOWN,LOWER,MOMENTUM_DOWN,S5_TRASH,,,,
262,CRCL,,11.2,21.3,8.0,21.2,41.0,35.7,,,,,,11.2,213.2,-73.3,2.1,0.0,0.0,20.2,470.0,190.0,69.34,338.54,122,46.0,STRONG_UP,MID_RANGE,MOMENTUM_UP,S1_LEADER,,,,
263,0138Y0.KS,Korea ETF (My Portfolio),5.4,58.9,-9.0,6.5,0.7,0.7,0.7,0.7,0.7,0.7,0.7,0.7,10.0,-1.2,1.9,4.3,1.0561161678793968e-25,7.3,490.0,198.0,64.87,338.67,4,-4.3,,,,,,,,
264,PODD,Medical Devices,-100.6,0.4,-2.8,-26.2,-35.9,-45.1,-56.1,-60.3,-71.1,-95.8,-118.1,-100.6,280.5,-101.6,1.6,0.0,421.66508939890423,44.4,418.0,437.0,109.3,338.7,-16,-1121.8349106010958,STRONG_DOWN,LOWER,MOMENTUM_DOWN,S5_TRASH,,,,
265,FOX,Broadcasting & Cable TV,-17.9,32.4,-8.2,-4.2,-6.4,-10.0,-9.7,1.2,10.8,2.6,-15.3,-17.9,4.0,-76.2,1.3,0.0,-4.758967741726942e-05,73.1,333.0,237.0,66.13,339.33,34,53.79995241032258,EARLY_DOWN,MID_RANGE,MOMENTUM_DOWN,S5_TRASH,,,,
266,DASH,Internet Retail,-15.0,10.9,-10.3,-6.4,-13.4,-23.2,-35.5,-27.7,-12.7,-7.0,,-15.0,94.7,-64.4,1.4,0.0,1.996938417102057e-08,48.4,408.0,231.0,79.0,340.4,-58,-77.39999998003063,EARLY_DOWN,LOWER,MOMENTUM_DOWN,S5_TRASH,,,,
267,V,Transaction Processing,-40.2,0.0,-10.7,-5.5,-6.6,-10.1,-19.0,-21.9,-27.7,-32.1,-47.1,-40.2,57.3,-39.9,2.0,0.0,5.782323368521845e-15,104.8,264.0,286.0,94.82,340.82,-38,-84.6,STRONG_UP,LOWER,MOMENTUM_DOWN,S0_NEUTRAL,,,,
268,CSX,Industrials,-5.9,33.7,-5.5,-3.7,0.9,8.6,14.9,12.8,2.0,-11.8,-22.3,-5.9,65.1,-59.9,2.8,0.0,-5.655354358203306e-05,139.0,204.0,214.0,99.68,342.88,28,48.49994344645642,STRONG_UP,MID_RANGE,MOMENTUM_DOWN,S0_NEUTRAL,,,,
269,DLR,Real Estate,-35.2,32.4,-10.4,-4.7,2.3,8.4,4.3,3.9,7.3,2.9,-14.7,-35.2,38.9,-70.1,1.6,0.0,-2.6609170602473327e-07,109.7,257.0,278.0,86.83,343.43,-6,41.9999997339083,EARLY_DOWN,MID_RANGE,MOMENTUM_DOWN,S5_TRASH,,,,
270,CB,Insurance - Property & Casualty,-28.9,28.0,-13.3,-9.6,-8.6,-4.3,-5.1,-9.2,-10.2,-9.9,-7.2,-28.9,25.9,-49.7,1.6,0.0,-1.571942329889035e-10,116.1,244.0,265.0,98.9,344.3,19,12.599999999842806,STRONG_DOWN,MID_RANGE,MOMENTUM_DOWN,S5_TRASH,,,,
271,UNP,Railroads,-29.5,27.7,-4.2,-2.5,-0.8,4.7,4.6,-2.5,-11.6,-23.8,-34.3,-29.5,54.8,-61.2,2.2,0.0,-2.1492037981233214e-07,113.5,249.0,267.0,91.93,344.33,19,36.79999978507962,STRONG_UP,MID_RANGE,MOMENTUM_DOWN,S0_NEUTRAL,,,,
272,457480.KS,Automobile Manufacturers,46.7,60.1,9.8,5.3,7.0,6.6,23.4,43.0,46.7,,,46.7,24.9,-57.4,1.5,0.0,-5000.0,85.2,305.0,155.0,17.5,348.3,-69,-4974.2,STRONG_UP,UPPER_RANGE,MOMENTUM_UP,S1_LEADER,,,,
273,SYK,Medical Devices,-92.5,0.0,0.0,-15.7,-23.5,-25.7,-34.6,-43.3,-52.6,-59.3,-74.2,-92.5,37.3,-92.2,2.1,0.0,5.6,52.5,390.0,409.0,95.27,351.07,43,-32.0,STRONG_DOWN,LOWER,MOMENTUM_DOWN,S5_TRASH,,,,
274,SUI-USD,Cryptocurrency,-94.8,5.9,0.3,-23.5,16.9,-0.9,-54.1,-91.4,,,,-94.8,287.9,-111.3,3.7,0.0,116.81849325009419,-68.9,561.0,422.0,84.67,351.27,26,-362.9815067499058,NO_TREND,LOWER,MOMENTUM_DOWN,S5_TRASH,,,,
275,DTE,Electric Power Generation,-38.2,3.8,-20.4,-12.4,-9.8,-6.4,-10.8,-12.2,-15.6,-25.6,-32.8,-38.2,45.4,-41.1,2.0,0.0,-1.577018368496535e-09,106.8,262.0,284.0,97.51,351.91,36,37.99999999842298,STRONG_DOWN,LOWER,MOMENTUM_DOWN,S5_TRASH,,,,
276,BG,Food Products,-23.5,38.5,-2.9,-8.6,-4.5,8.5,21.8,16.6,-0.3,-16.1,-0.0,-23.5,82.2,-88.8,2.2,0.0,-0.00659747030453516,121.5,231.0,249.0,88.95,352.55,21,55.393402529695464,STRONG_UP,MID_RANGE,MOMENTUM_DOWN,S0_NEUTRAL,,,,
277,EXPE,Travel Services,-59.6,32.1,-20.4,-11.3,-10.7,-13.2,-4.3,8.5,15.1,3.8,-8.6,-59.6,18.5,-95.4,1.6,0.0,-3.8281192675262564e-07,85.4,304.0,326.0,76.95,353.35,0,52.499999617188074,EARLY_DOWN,MID_RANGE,MOMENTUM_DOWN,S5_TRASH,,,,
278,DXCM,Healthcare,-92.9,0.0,-1.5,-9.5,-16.8,-14.5,-26.8,-42.6,-66.9,-93.4,-112.3,-92.9,399.3,-92.4,1.9,0.0,21.349050608905717,52.1,393.0,411.0,111.33,356.53,-8,-1729.9509493910941,STRONG_DOWN,LOWER,MOMENTUM_UP,S4_BOTTOMING,,,,
279,CTVA,Agricultural Inputs,-0.6,21.7,-3.5,-8.9,-4.7,4.6,1.7,4.5,-0.9,-12.4,-0.6,-0.6,72.0,-65.1,1.7,0.0,-0.003558186683458462,88.0,300.0,208.0,88.79,356.79,8,85.39644181331654,EARLY_UP,MID_RANGE,NEUTRAL,S0_NEUTRAL,,,,
280,CTRA,Oil & Gas E&P,-54.0,32.0,-13.8,-12.9,-4.9,5.7,10.2,3.8,-8.9,-8.1,-5.7,-54.0,47.1,-103.3,1.6,0.0,-2.48614588517071e-37,89.7,293.0,316.0,97.55,357.35,32,57.0,STRONG_UP,MID_RANGE,NEUTRAL,S0_NEUTRAL,,,,
281,ADP,Industrials,-79.8,3.8,-4.4,-4.8,-8.3,-14.4,-29.1,-38.2,-46.6,-58.0,-68.3,-79.8,62.9,-85.0,2.2,0.0,1.4778185305892174e-06,65.2,355.0,378.0,81.8,357.6,-29,-99.29999852218147,STRONG_UP,LOWER,NEUTRAL,S0_NEUTRAL,,,,
282,EVRG,Utilities,-46.2,32.3,-7.9,-8.3,-6.5,-3.0,-0.8,8.5,11.4,-0.8,-16.7,-46.2,19.6,-76.9,1.5,0.0,-3.0273923693917174e-05,98.8,274.0,295.0,86.5,357.9,27,75.5999697260763,EARLY_UP,MID_RANGE,NEUTRAL,S0_NEUTRAL,,,,
283,FITB,Banks - Regional,-26.7,25.3,-10.2,-5.9,-6.9,-1.8,0.4,-2.6,6.1,-9.6,-7.1,-26.7,50.1,-51.9,1.4,0.0,-2.6474063246418828e-06,118.3,241.0,261.0,105.05,359.45,-38,32.69999735259368,EARLY_DOWN,MID_RANGE,MOMENTUM_DOWN,S5_TRASH,,,,
284,DVN,Oil & Gas E&P,18.6,30.4,-8.7,-15.4,-5.9,6.3,14.1,2.7,-16.7,-24.6,71.3,18.6,286.9,-103.1,1.4,-24.0,4.5612469751064745e-07,163.6,177.0,183.0,84.26,360.46,-8,-20.799999543875302,EARLY_DOWN,MID_RANGE,MOMENTUM_DOWN,S5_TRASH,,,,
285,EQIX,Data Center REITs,-31.8,37.4,-5.6,-4.2,4.7,15.6,14.7,6.5,-4.2,-14.1,-29.4,-31.8,57.8,-85.6,2.7,0.0,-0.00033795368367174204,113.2,250.0,272.0,93.73,360.53,21,37.59966204631633,EARLY_DOWN,MID_RANGE,MOMENTUM_DOWN,S5_TRASH,,,,
286,ROST,Apparel Retail,14.2,77.6,-8.9,-6.8,0.8,10.8,25.0,26.1,24.4,32.3,17.7,14.2,37.2,-63.8,2.4,-35.0,-1.9701387279562088,159.1,182.0,188.0,21.94,360.54,-32,6.929861272043792,EARLY_DOWN,UPPER_RANGE,MOMENTUM_DOWN,S5_TRASH,,,,
287,VMC,Building Materials,-47.7,0.0,-15.0,-9.1,-11.5,-10.8,-13.8,-17.7,-23.9,-23.1,-26.2,-47.7,23.2,-47.3,1.4,0.0,-9.483615138959204e-16,97.3,280.0,302.0,106.0,360.8,55,57.6,EARLY_DOWN,LOWER,MOMENTUM_DOWN,S5_TRASH,,,,
288,TTD,Advertising Agencies,-76.4,0.1,-1.1,-7.3,-13.9,-30.8,-55.3,-81.2,-100.1,-121.3,-140.7,-76.4,1126.9,-85.3,2.0,0.0,7.912917808485958,55.1,384.0,368.0,117.07,361.47,-54,-36341.687082191514,STRONG_UP,LOWER,MOMENTUM_DOWN,S0_NEUTRAL,,,,
289,EOG,Oil & Gas E&P,-44.2,30.9,-11.2,-14.0,-4.9,5.2,3.1,-7.1,-19.0,-19.1,7.9,-44.2,74.9,-96.5,1.5,0.0,-3.993852173313039e-07,100.8,272.0,293.0,99.74,363.54,6,28.099999600614783,EARLY_UP,MID_RANGE,MOMENTUM_DOWN,S0_NEUTRAL,,,,
290,STT,Custody Banks & Asset Management,27.5,82.5,-9.4,-0.0,4.1,10.0,17.9,31.9,44.2,48.8,57.1,27.5,46.8,-60.4,1.5,-12.2,-4.159904867699424,172.5,171.0,178.0,29.22,364.62,-37,3.9400951323005753,EARLY_DOWN,OVEREXTENDED,MOMENTUM_DOWN,S5_TRASH,,,,
291,HII,Aerospace & Defense,-58.4,39.2,-19.7,-23.4,-28.6,-20.6,-7.0,6.6,-0.3,-4.4,-17.8,-58.4,40.1,-121.3,1.9,0.0,-1.785295499280906e-05,86.6,302.0,324.0,82.27,364.67,-44,43.89998214704501,STRONG_DOWN,MID_RANGE,MOMENTUM_DOWN,S5_TRASH,,,,
292,GNRC,Electrical Equipment,88.3,20.1,0.9,12.1,22.5,43.3,51.3,50.0,52.1,6.6,0.5,88.3,673.8,-58.8,2.3,-44.5,-7.708774389027072,233.3,119.0,123.0,44.6,364.8,-21,14.191225610972927,STRONG_UP,MID_RANGE,NEUTRAL,S0_NEUTRAL,,,,
293,AMGN,Biotechnology,-38.1,23.0,-4.7,-10.2,-12.4,-7.6,-3.5,-6.0,-9.5,-12.0,-22.8,-38.1,33.9,-59.1,1.9,0.0,-3.1507273751654387e-06,106.9,261.0,283.0,101.9,365.5,46,60.59999684927263,STRONG_DOWN,MID_RANGE,MOMENTUM_DOWN,S5_TRASH,,,,
294,INTC,Semiconductors,127.5,100.0,0.0,85.2,124.7,162.3,286.7,332.5,278.2,230.4,169.2,127.5,128.0,-158.8,1.9,-116.8,-28.0,272.5,100.0,103.0,47.67,366.07,-14,-0.10000000000000142,STRONG_UP,OVEREXTENDED,MOMENTUM_UP,S1_LEADER,,,,
295,TDY,Aerospace & Defense,2.1,23.7,-9.3,-8.7,-10.0,0.1,-0.5,2.6,-4.3,-19.6,-33.7,2.1,109.5,-31.1,1.7,25.1,-1.5772568164554717,147.0,195.0,203.0,100.88,366.48,-88,1.7227431835445282,EARLY_DOWN,MID_RANGE,MOMENTUM_DOWN,S5_TRASH,,,,
296,KEY,Financials,-49.8,28.4,-6.3,-5.0,-4.9,0.2,3.4,5.5,18.4,-5.1,-15.5,-49.8,40.9,-88.1,1.4,0.0,-0.013954754659826048,95.2,284.0,307.0,79.42,366.82,21,93.08604524534017,EARLY_DOWN,MID_RANGE,MOMENTUM_DOWN,S5_TRASH,,,,
297,DVA,Healthcare,-10.5,71.4,35.9,24.1,35.7,46.5,35.4,17.7,20.0,18.2,14.5,-10.5,29.9,-109.4,2.1,0.0,-5000.0,134.5,210.0,223.0,41.86,367.26,48,-4958.7,STRONG_UP,UPPER_RANGE,MOMENTUM_UP,S1_LEADER,,,,
298,KEI,Unknown,-17.2,10.0,-1.2,-0.6,-4.8,-7.3,-15.1,,,,,-17.2,11.8,-20.3,2.3,0.0,0.0,-4.1,509.0,236.0,81.21,367.41,25,0.0,STRONG_DOWN,LOWER,MOMENTUM_UP,S4_BOTTOMING,,,,
299,BKNG,Travel Services,-236.3,0.0,-0.4,-56.5,-79.9,-90.7,-103.1,-115.9,-131.6,-152.0,-180.6,-236.3,73.4,-233.9,1.4,0.0,130.5312327761253,-91.3,563.0,563.0,74.15,367.75,2,-2654.868767223875,STRONG_DOWN,LOWER,MOMENTUM_UP,S4_BOTTOMING,,,,
300,CVX,Oil & Gas Integrated,-42.9,17.2,-11.6,-13.8,-10.4,-1.8,1.5,-2.6,-13.9,-19.9,-16.3,-42.9,68.2,-65.3,1.9,0.0,-1.2179678171193517e-08,102.1,269.0,290.0,109.94,368.14,32,76.69999998782032,STRONG_DOWN,LOWER,MOMENTUM_DOWN,S5_TRASH,,,,
301,LULU,Apparel Retail,-157.9,0.0,0.0,-17.0,-25.5,-30.7,-45.3,-67.6,-90.3,-115.0,-141.5,-157.9,274.1,-157.4,3.2,0.0,545.3,-12.9,523.0,529.0,102.23,368.23,23,-204.20000000000005,STRONG_DOWN,LOWER,MOMENTUM_DOWN,S5_TRASH,,,,
302,JBHT,Airlines,-36.4,51.7,-5.2,-0.4,3.1,14.2,35.1,27.7,8.4,-11.6,-15.9,-36.4,39.4,-116.6,2.8,0.0,-0.06682694973416946,108.6,259.0,281.0,83.81,369.01,6,46.03317305026583,EARLY_DOWN,UPPER_RANGE,MOMENTUM_DOWN,S5_TRASH,,,,
303,YUM,Restaurants,-64.8,1.6,-11.9,-10.0,-11.5,-8.4,-12.4,-16.1,-26.3,-36.4,-49.0,-64.8,45.1,-66.3,2.0,0.0,-2.334221129449199e-13,80.1,318.0,340.0,102.24,373.04,61,190.29999999999978,STRONG_DOWN,LOWER,MOMENTUM_DOWN,S5_TRASH,,,,
304,L,Financials,-46.8,18.3,-25.2,-11.7,-10.8,-9.4,-8.4,-6.9,-7.7,-7.6,-9.4,-46.8,9.9,-65.1,1.4,0.0,-0.00011999188242600026,98.2,275.0,297.0,98.8,374.0,-18,44.09988000811757,EARLY_DOWN,LOWER,MOMENTUM_DOWN,S5_TRASH,,,,
305,APD,Specialty Chemicals,-56.1,18.0,-5.8,-7.4,-3.3,3.3,-3.9,-14.7,-26.2,-38.3,-55.8,-56.1,72.8,-84.0,2.0,0.0,-1.2033925724169914e-07,88.8,297.0,320.0,104.43,376.23,38,56.59999987966074,EARLY_DOWN,LOWER,MOMENTUM_DOWN,S5_TRASH,,,,
306,GM,Automobiles,-20.0,52.6,2.5,-3.0,-6.5,-4.4,12.0,23.7,37.2,23.4,15.0,-20.0,32.7,-83.2,2.0,0.0,-3462.3770210562993,125.0,224.0,243.0,48.75,376.95,-49,-3409.077021056299,EARLY_DOWN,UPPER_RANGE,MOMENTUM_UP,S0_NEUTRAL,,,,
307,TEL,Electronic Components,-18.5,28.4,-7.1,-9.0,-12.5,-15.7,-11.0,-0.5,-2.1,-9.6,-10.3,-18.5,51.0,-45.6,1.6,0.0,-19.912823711829997,126.4,220.0,239.0,83.6,377.0,-43,12.087176288170003,EARLY_DOWN,MID_RANGE,MOMENTUM_DOWN,S5_TRASH,,,,
308,NSC,Industrials,-24.9,24.9,-6.6,-3.3,-3.0,-0.6,1.4,4.1,-1.0,-18.3,-32.1,-24.9,59.6,-52.6,1.4,0.0,-0.2024390181397139,120.1,237.0,257.0,101.54,378.74,-6,56.297560981860286,STRONG_UP,MID_RANGE,MOMENTUM_DOWN,S0_NEUTRAL,,,,
309,GD,Aerospace & Defense,-33.6,39.1,-6.0,-7.2,-7.5,-6.2,-4.0,-1.9,-3.0,-3.3,-0.4,-33.6,19.3,-66.9,1.4,0.0,-0.0008028148559259518,111.4,253.0,274.0,110.16,378.76,5,32.49919718514408,EARLY_UP,MID_RANGE,NEUTRAL,S0_NEUTRAL,,,,
310,CINF,Insurance - Property & Casualty,-43.5,9.1,-7.0,-6.4,-7.0,-7.4,-9.3,-9.9,-8.7,-17.5,-25.1,-43.5,38.9,-51.3,1.4,0.0,-1.9553722372366858e-07,101.5,271.0,292.0,117.43,378.83,47,114.29999980446277,EARLY_DOWN,LOWER,MOMENTUM_DOWN,S5_TRASH,,,,
311,PFG,Diversified Financial Services,-25.3,24.0,-5.3,-2.0,-1.6,3.3,6.3,0.4,-8.1,-17.4,-8.8,-25.3,75.3,-56.6,1.7,0.0,-1.1694212026868342,119.6,239.0,259.0,93.6,379.6,-13,44.63057879731316,STRONG_UP,MID_RANGE,MOMENTUM_DOWN,S0_NEUTRAL,,,,
312,WEC,Utilities,-61.8,11.6,-10.2,-11.9,-9.5,-6.1,-8.4,-4.1,-7.9,-22.0,-43.3,-61.8,69.9,-78.6,1.5,0.0,-6.676504004514074e-13,83.2,310.0,331.0,113.61,381.81,19,162.49999999999935,STRONG_DOWN,LOWER,MOMENTUM_DOWN,S5_TRASH,,,,
313,EXC,Utilities,-58.9,0.0,-14.1,-15.3,-14.1,-12.3,-15.7,-14.9,-22.4,-32.6,-38.0,-58.9,49.5,-58.4,1.7,0.0,-3.071194463331923e-07,86.1,303.0,325.0,106.56,382.16,46,168.09999969288054,STRONG_DOWN,LOWER,MOMENTUM_DOWN,S5_TRASH,,,,
314,APA,Oil & Gas E&P,-82.7,26.6,-13.2,-20.1,-0.6,17.0,40.7,29.3,1.1,-19.8,-5.2,-82.7,62.8,-136.0,3.1,0.0,-5.184369647385688e-11,62.3,365.0,387.0,89.56,382.36,32,136.29999999994817,EARLY_UP,MID_RANGE,MOMENTUM_DOWN,S0_NEUTRAL,,,,
315,CNP,Utilities,-63.7,18.7,-12.0,-11.1,-8.8,-5.0,-7.0,-1.0,-5.4,-14.1,-23.2,-63.7,21.8,-82.7,1.6,0.0,-3.4232160008245635e-09,81.3,317.0,339.0,106.19,382.99,35,115.3999999965768,STRONG_DOWN,LOWER,MOMENTUM_DOWN,S5_TRASH,,,,
316,NEM,Gold Mining,68.6,74.7,6.7,-2.6,-6.5,5.3,34.3,82.9,103.1,80.6,65.9,68.6,127.4,-105.8,1.7,-1.6,-836.3395832742611,213.6,133.0,137.0,36.82,383.22,-50,-806.8395832742611,EARLY_DOWN,UPPER_RANGE,MOMENTUM_UP,S0_NEUTRAL,,,,
317,TEAM,Technology,-155.2,0.5,0.5,-13.1,-33.7,-46.0,-64.7,-79.9,-96.8,-120.0,-146.3,-155.2,620.0,-158.3,2.5,0.0,1720.207134899571,-18.2,535.0,527.0,122.51,384.11,18,-4609.2928651004295,EARLY_UP,LOWER,MOMENTUM_UP,S4_BOTTOMING,,,,
318,VEEV,Healthcare,-85.3,1.0,-2.5,-10.8,-15.7,-26.7,-41.8,-47.4,-60.2,-81.5,-108.1,-85.3,331.9,-89.2,1.8,0.0,0.0030639531157709717,59.7,374.0,395.0,113.67,384.67,0,0.0,EARLY_UP,LOWER,NEUTRAL,S0_NEUTRAL,,,,
319,XEL,Utilities,-62.6,18.4,-10.3,-9.6,-7.3,-5.9,-6.0,0.1,-4.0,-21.4,-42.5,-62.6,41.3,-85.6,1.4,0.0,-3.252025871869572e-12,82.4,313.0,336.0,115.13,385.73,34,127.29999999999674,STRONG_UP,LOWER,MOMENTUM_DOWN,S0_NEUTRAL,,,,
320,ALB,Specialty Chemicals,-21.8,36.8,1.5,2.0,6.2,30.8,105.1,104.1,62.5,3.1,10.6,-21.8,194.3,-146.7,2.8,0.0,-5000.0,123.2,226.0,245.0,52.75,385.75,-15,-4821.5,STRONG_UP,MID_RANGE,MOMENTUM_UP,S1_LEADER,,,,
321,LYB,Specialty Chemicals,-55.7,32.7,-7.0,-12.8,8.5,26.7,22.1,-7.9,-29.9,-40.4,-36.2,-55.7,80.7,-121.2,2.6,0.0,-0.007864844066585264,89.3,296.0,319.0,96.38,387.38,-14,16.792135155933416,EARLY_UP,MID_RANGE,NEUTRAL,S0_NEUTRAL,,,,
322,KO,Soft Drinks,-46.7,21.3,-7.7,-6.0,-5.2,-0.5,-2.0,-2.5,-6.9,-15.5,-25.6,-46.7,15.3,-63.0,1.8,0.0,-0.003853707174141341,98.2,275.0,296.0,106.39,387.39,16,85.69614629282586,STRONG_UP,MID_RANGE,NEUTRAL,S0_NEUTRAL,,,,
323,DGX,Healthcare,-55.5,1.1,-13.6,-11.4,-12.1,-8.0,-10.2,-8.6,-11.6,-23.0,-34.0,-55.5,24.3,-56.0,1.7,0.0,-1.8757544556959158e-08,89.4,295.0,318.0,117.98,387.78,53,204.69999998124246,STRONG_DOWN,LOWER,MOMENTUM_DOWN,S5_TRASH,,,,
324,HPE,Hardware & Equipment,31.5,95.3,18.4,12.8,25.8,26.3,33.4,37.4,39.8,47.8,57.4,31.5,35.0,-67.1,1.6,-30.5,-426.9300249743463,176.5,170.0,177.0,29.22,387.82,-50,-414.4300249743463,STRONG_UP,OVEREXTENDED,MOMENTUM_UP,S1_LEADER,,,,
325,AEE,Utilities,-66.4,11.7,-11.0,-10.2,-8.1,-4.9,-6.9,-4.0,-8.8,-25.1,-44.5,-66.4,38.4,-79.9,1.6,0.0,-4.702665206154369e-12,78.6,322.0,343.0,113.63,387.83,15,166.6999999999953,EARLY_DOWN,LOWER,MOMENTUM_DOWN,S5_TRASH,,,,
326,EMR,Industrial Automation,-22.3,27.3,0.8,-2.7,-7.0,-4.7,-4.7,-2.5,-2.1,-5.6,-5.7,-22.3,21.8,-38.3,1.6,0.0,-304.99340756146194,122.7,227.0,246.0,80.72,388.52,-33,-265.09340756146196,EARLY_DOWN,MID_RANGE,MOMENTUM_UP,S4_BOTTOMING,,,,
327,JOBY,Airports & Air Services,-3.8,20.5,7.8,17.0,7.7,-9.8,-12.6,19.0,14.9,7.7,,-3.8,149.0,-87.6,1.7,0.0,-5000.0,60.6,372.0,211.0,33.76,389.16,24,-4804.8,STRONG_UP,MID_RANGE,MOMENTUM_UP,S1_LEADER,,,,
328,SPG,Retail REITs,-44.9,48.2,-5.7,-3.8,-4.2,-0.9,0.7,-0.4,5.8,10.4,18.3,-44.9,9.3,-94.0,1.2,0.0,-10.310295352306573,100.0,273.0,294.0,76.48,389.48,-84,21.589704647693424,EARLY_DOWN,MID_RANGE,MOMENTUM_DOWN,S5_TRASH,,,,
329,TRV,Property & Casualty Insurance,-19.3,41.4,-14.6,-7.3,-6.8,-5.1,-6.8,-5.3,-3.8,-1.4,-0.6,-19.3,23.6,-48.7,1.4,0.0,-8.516203466914279,125.7,223.0,241.0,98.73,389.53,-86,-2.716203466914279,EARLY_DOWN,MID_RANGE,MOMENTUM_DOWN,S5_TRASH,,,,
330,LHX,Aerospace & Defense,-35.5,28.4,-11.1,-17.3,-19.7,-12.6,-8.3,-2.1,-2.4,-17.4,-33.7,-35.5,63.3,-74.3,1.8,0.0,-0.0008823232742128807,109.5,258.0,279.0,117.75,389.55,-39,45.09911767672579,STRONG_DOWN,MID_RANGE,MOMENTUM_DOWN,S5_TRASH,,,,
331,AMCR,Packaging & Containers,247.7,71.8,4.0,-5.5,-12.8,156.2,237.6,258.6,271.7,249.6,247.8,247.7,398.6,-134.7,3.5,-3.8,-5000.0,392.7,64.0,66.0,52.71,389.71,-80,-4960.7,STRONG_DOWN,UPPER_RANGE,MOMENTUM_UP,S0_NEUTRAL,,,,
332,FFIV,Technology,-24.6,54.2,12.2,7.2,14.8,23.0,11.5,19.8,28.5,21.9,11.8,-24.6,27.0,-84.3,1.4,0.0,-5000.0,120.4,236.0,255.0,53.05,390.05,-40,-4945.9,STRONG_UP,UPPER_RANGE,MOMENTUM_UP,S1_LEADER,,,,
333,DUK,Electric Utilities,-55.2,10.8,-16.2,-11.7,-9.2,-5.8,-7.5,-4.6,-3.4,-13.4,-26.7,-55.2,12.9,-63.0,1.8,0.0,-8.776298377003508e-09,89.7,293.0,317.0,122.2,390.2,-5,108.7999999912237,STRONG_DOWN,LOWER,MOMENTUM_DOWN,S5_TRASH,,,,
334,NOC,Aerospace & Defense,-41.5,4.2,-9.9,-19.7,-24.5,-18.8,-18.3,-18.3,-25.8,-31.7,-35.6,-41.5,77.9,-46.5,1.8,0.0,-0.02714366439279095,103.5,266.0,287.0,105.99,390.99,-4,41.172856335607214,STRONG_DOWN,LOWER,MOMENTUM_DOWN,S5_TRASH,,,,
335,AIG,Insurance - Diversified,-76.1,3.9,-12.3,-8.5,-8.5,-10.4,-17.4,-23.6,-28.6,-32.1,-28.7,-76.1,9.9,-79.1,1.8,0.0,-7.783899964148482e-13,68.9,345.0,367.0,110.53,393.33,44,137.29999999999924,STRONG_UP,LOWER,NEUTRAL,S0_NEUTRAL,,,,
336,MCHP,Semiconductors,-12.6,55.0,3.8,21.0,22.8,38.1,42.1,29.1,6.6,-9.8,-15.0,-12.6,64.3,-105.7,1.8,0.0,-1564.3572175322167,132.3,214.0,227.0,77.99,393.39,-55,-1527.3572175322167,STRONG_UP,UPPER_RANGE,NEUTRAL,S0_NEUTRAL,,,,
337,TXT,Industrials,-79.5,7.5,-8.7,-7.4,-7.8,-3.6,-3.0,-12.0,-24.2,-37.0,-36.5,-79.5,27.7,-89.6,1.9,0.0,-5.81271878606621e-14,63.5,363.0,377.0,106.71,393.51,50,249.29999999999995,STRONG_UP,LOWER,NEUTRAL,S0_NEUTRAL,,,,
338,PLD,Industrial REITs,-28.4,18.7,-0.8,-2.5,-1.9,1.4,7.3,2.1,-11.3,-30.2,-39.4,-28.4,112.7,-60.3,1.8,0.0,-54.19364692613049,116.6,243.0,263.0,85.61,393.61,-18,41.606353073869506,EARLY_DOWN,LOWER,MOMENTUM_DOWN,S5_TRASH,,,,
339,CARR,Industrials,-13.6,14.3,-5.1,0.7,0.8,5.9,-6.3,-18.5,-23.7,-26.2,,-13.6,46.3,-102.3,2.2,0.0,-7.664842847615995e-06,63.6,362.0,229.0,120.34,394.94,24,113.59999233515714,STRONG_UP,LOWER,NEUTRAL,S0_NEUTRAL,,,,
340,PNC,Financials,-28.8,27.8,-11.2,-6.1,-6.4,-1.5,-0.9,-3.2,4.2,-8.6,-10.9,-28.8,32.0,-51.9,1.5,0.0,-0.2325764932315013,116.1,244.0,264.0,114.43,395.23,-81,28.967423506768498,EARLY_DOWN,MID_RANGE,MOMENTUM_DOWN,S5_TRASH,,,,
341,HBAN,Banks - Regional,-62.2,0.0,-10.3,-8.2,-10.6,-10.1,-14.7,-18.0,-14.6,-24.2,-32.7,-62.2,27.8,-63.9,1.4,0.0,-6.470069296663018e-05,82.7,312.0,335.0,106.16,395.96,29,230.89993529930703,EARLY_DOWN,LOWER,MOMENTUM_DOWN,S5_TRASH,,,,
342,NDSN,Industrials,-50.0,18.6,-4.4,-4.4,-5.5,2.2,7.5,-0.9,-16.0,-32.7,-44.0,-50.0,48.0,-72.0,2.6,0.0,-1.2049298645697946,95.0,285.0,308.0,92.29,397.69,-1,118.3950701354302,STRONG_UP,LOWER,MOMENTUM_DOWN,S0_NEUTRAL,,,,
343,JNJ,Pharmaceuticals,-51.6,32.4,-10.2,-13.4,-13.6,-6.7,3.3,8.5,-0.1,-13.8,-27.8,-51.6,20.1,-85.4,2.1,0.0,-0.0008389545873657394,93.4,289.0,311.0,114.5,398.5,6,73.59916104541263,STRONG_DOWN,MID_RANGE,MOMENTUM_DOWN,S5_TRASH,,,,
344,IRDM,Satellite Communications,-18.3,33.0,1.4,17.8,50.6,84.0,71.4,44.7,9.7,-28.3,-46.9,-18.3,235.3,-142.6,2.6,0.0,-1150.8137152723846,126.7,219.0,238.0,85.22,400.22,-26,-1044.2137152723847,STRONG_UP,MID_RANGE,MOMENTUM_DOWN,S0_NEUTRAL,,,,
345,WBD,Entertainment,-93.2,24.5,-1.6,-7.9,-8.8,-4.6,51.4,109.3,99.2,43.2,-14.8,-93.2,140.4,-168.4,1.9,0.0,-0.33807964588461636,51.8,397.0,415.0,57.07,400.27,24,371.26192035411543,EARLY_UP,MID_RANGE,MOMENTUM_UP,S2_EARLY_BREAKOUT,,,,
346,ULTA,Specialty Retail,-74.6,14.7,-4.7,-8.9,-18.3,-16.3,-13.6,-5.5,-21.6,-36.3,-41.3,-74.6,50.1,-95.6,1.8,0.0,-3.209856662616534e-08,68.4,347.0,361.0,111.15,400.35,44,221.29999996790144,EARLY_DOWN,LOWER,MOMENTUM_DOWN,S5_TRASH,,,,
347,GL,Insurance - Life,-63.5,44.1,-5.4,-4.2,-2.7,0.2,-1.2,8.2,-5.0,-15.7,-31.7,-63.5,15.6,-125.1,1.2,0.0,-0.0065151137775563365,81.5,316.0,338.0,103.03,401.03,0,59.293484886222444,STRONG_UP,MID_RANGE,MOMENTUM_DOWN,S0_NEUTRAL,,,,
348,VZ,Integrated Telecommunication Services,-81.3,18.8,-7.2,-8.5,-5.5,2.7,1.0,0.8,-0.1,-12.3,-40.6,-81.3,16.2,-103.2,2.2,0.0,-3.888009815225996e-10,63.7,361.0,385.0,109.61,402.81,33,191.59999999961119,EARLY_UP,LOWER,NEUTRAL,S0_NEUTRAL,,,,
349,VRSK,Industrials,-119.3,0.0,-2.2,-13.2,-19.3,-24.0,-40.3,-54.1,-66.6,-78.2,-98.8,-119.3,50.5,-118.9,2.5,0.0,0.00128833967084436,25.6,459.0,475.0,98.26,405.86,-22,-75.29871166032915,STRONG_DOWN,LOWER,MOMENTUM_DOWN,S5_TRASH,,,,
350,HAL,Oil & Gas Equipment & Services,-84.0,31.0,-7.4,-7.2,0.5,17.0,40.5,23.0,-1.9,-15.9,-7.0,-84.0,34.8,-138.6,2.7,0.0,-0.0008178633036656568,60.9,370.0,392.0,91.45,407.45,8,135.49918213669633,STRONG_UP,MID_RANGE,MOMENTUM_DOWN,S0_NEUTRAL,,,,
351,FE,Utilities,-79.9,0.0,-12.4,-16.7,-16.2,-12.6,-11.7,-12.2,-17.8,-29.2,-47.7,-79.9,30.9,-79.4,2.0,0.0,-2.7216738255324266e-06,65.1,356.0,379.0,106.47,407.87,41,376.5999972783262,STRONG_DOWN,LOWER,MOMENTUM_DOWN,S5_TRASH,,,,
352,IVZ,Asset Management,-43.0,55.1,6.0,2.5,0.1,3.2,23.2,39.2,41.7,21.0,23.3,-43.0,8.3,-104.9,1.9,0.0,-5000.0,102.0,270.0,291.0,57.47,408.47,-39,-4918.3,STRONG_UP,UPPER_RANGE,MOMENTUM_UP,S1_LEADER,,,,
353,LNT,Utilities,-53.5,13.8,-12.2,-9.1,-6.1,-2.4,-2.2,-0.1,-2.9,-16.0,-32.6,-53.5,29.7,-66.2,1.8,0.0,-0.0011956269349463569,91.5,292.0,314.0,122.28,408.68,-31,125.99880437306506,EARLY_DOWN,LOWER,MOMENTUM_DOWN,S5_TRASH,,,,
354,MRK,Pharmaceuticals,-61.9,21.8,-4.4,-11.7,-11.6,-3.6,5.9,-9.2,-27.0,-34.6,-48.3,-61.9,61.4,-95.8,2.5,0.0,-0.5777998649484475,83.1,311.0,333.0,97.03,409.03,-2,86.92220013505155,EARLY_UP,MID_RANGE,NEUTRAL,S0_NEUTRAL,,,,
355,MNST,Beverages - Non-Alcoholic,-11.0,59.9,16.7,7.8,2.4,5.6,11.0,20.8,8.5,3.3,-0.8,-11.0,35.7,-79.6,1.4,0.0,-5000.0,134.0,212.0,225.0,83.14,409.34,-19,-4951.1,STRONG_UP,UPPER_RANGE,MOMENTUM_UP,S1_LEADER,,,,
356,KIM,Real Estate,-70.8,13.7,-5.0,-4.9,-3.2,2.1,0.3,-3.9,-9.4,-25.8,-29.8,-70.8,15.2,-83.9,1.9,0.0,-0.0824850523196725,74.2,330.0,352.0,96.17,410.17,19,222.71751494768034,EARLY_DOWN,LOWER,MOMENTUM_DOWN,S5_TRASH,,,,
357,CMS,Utilities,-74.8,0.0,-7.5,-12.4,-10.7,-8.8,-11.5,-11.9,-14.8,-27.0,-47.9,-74.8,38.9,-74.3,2.0,0.0,-8.895635849996387e-07,70.2,341.0,362.0,117.95,410.95,51,597.8999991104364,STRONG_DOWN,LOWER,MOMENTUM_DOWN,S5_TRASH,,,,
358,RF,Regional Banks,-31.0,18.6,-9.9,-6.0,-7.0,-3.3,-2.3,-2.0,-1.1,-15.9,-13.1,-31.0,47.5,-51.4,1.4,0.0,-1.708572839990643,114.0,248.0,270.0,117.83,411.03,-74,59.49142716000936,EARLY_DOWN,LOWER,MOMENTUM_DOWN,S5_TRASH,,,,
359,DD,Specialty Chemicals,-46.9,47.1,6.9,0.2,0.0,10.4,29.8,27.8,24.4,19.6,11.5,-46.9,17.9,-103.7,2.6,0.0,-5000.0,98.1,278.0,299.0,57.45,411.65,-40,-4895.3,STRONG_UP,MID_RANGE,MOMENTUM_UP,S1_LEADER,,,,
360,TTWO,Electronic Gaming & Multimedia,-35.5,9.2,0.3,0.1,-2.0,-10.0,-17.3,-10.0,-12.5,-19.0,-41.7,-35.5,120.1,-50.9,1.4,0.0,-529.0912570452012,107.5,260.0,279.0,86.67,411.67,-26,-422.29125704520123,STRONG_UP,LOWER,NEUTRAL,S0_NEUTRAL,,,,
361,USB,Financials,-89.7,13.6,-6.4,-5.5,-5.6,-0.6,3.3,2.4,4.1,-18.6,-40.7,-89.7,15.5,-105.7,2.0,0.0,-1.0843887413055698e-09,55.3,383.0,403.0,111.77,413.37,42,302.8999999989156,EARLY_DOWN,LOWER,MOMENTUM_DOWN,S5_TRASH,,,,
362,CDW,Technology,-130.5,0.0,-4.2,-25.8,-24.2,-29.2,-42.4,-59.9,-78.2,-98.0,-117.6,-130.5,116.6,-130.0,2.8,0.0,0.00026855598354761745,14.5,481.0,496.0,96.75,413.75,-93,-276.8997314440164,EARLY_DOWN,LOWER,MOMENTUM_DOWN,S5_TRASH,,,,
363,UAL,Industrials,-63.3,36.0,5.8,-0.4,-5.5,-7.3,-4.4,10.1,24.7,29.0,5.2,-63.3,37.9,-119.5,1.3,0.0,-5000.0,79.7,320.0,337.0,44.23,414.43,-34,-4873.5,STRONG_UP,MID_RANGE,MOMENTUM_UP,S1_LEADER,,,,
364,CSCO,Communications Equipment,35.1,89.5,7.1,7.1,11.2,15.7,23.8,42.7,44.0,41.7,34.5,35.1,47.5,-66.9,1.5,-14.3,-5000.0,180.0,163.0,171.0,36.22,415.02,-91,-4988.0,STRONG_UP,OVEREXTENDED,MOMENTUM_UP,S1_LEADER,,,,
365,DOW,Chemicals,-61.9,26.3,-10.4,-16.4,2.9,25.1,33.0,4.1,-18.3,-43.5,-60.0,-61.9,31.9,-138.5,3.3,0.0,-4.4637377015149233e-07,29.2,451.0,333.0,107.61,415.61,18,117.19999955362623,STRONG_UP,MID_RANGE,MOMENTUM_DOWN,S0_NEUTRAL,,,,
366,CCL,Travel Services,-126.2,3.1,-4.7,-8.4,-14.4,-14.0,-15.1,-4.8,1.4,3.1,-38.7,-126.2,18.9,-130.4,1.5,0.0,-0.0002139369113771522,18.7,472.0,489.0,61.61,415.81,54,1190.3997860630886,EARLY_DOWN,LOWER,MOMENTUM_DOWN,S5_TRASH,,,,
367,EXPD,Air Freight & Logistics,-34.0,33.4,6.1,0.0,-2.1,1.1,7.7,3.7,-8.6,-22.0,-28.6,-34.0,44.4,-72.8,2.0,0.0,-5000.0,110.9,254.0,275.0,72.3,416.9,-30,-4916.4,STRONG_UP,MID_RANGE,MOMENTUM_UP,S1_LEADER,,,,
368,LMT,Aerospace & Defense,-68.4,5.7,-6.5,-17.1,-22.6,-12.9,-11.4,-19.4,-28.9,-38.3,-53.4,-68.4,45.1,-75.0,2.5,0.0,-0.03418778744919505,76.6,327.0,349.0,106.57,417.37,9,196.26581221255083,STRONG_DOWN,LOWER,MOMENTUM_UP,S4_BOTTOMING,,,,
369,NWS,Entertainment,-52.6,19.1,-0.1,-0.4,0.7,-0.9,-12.2,-18.6,-20.9,-24.5,-23.9,-52.6,36.0,-72.9,1.8,0.0,-29.79249252675001,92.4,291.0,313.0,93.79,417.79,-36,2.20750747324999,EARLY_DOWN,LOWER,MOMENTUM_DOWN,S5_TRASH,,,,
370,T,Telecom Services,-47.4,36.3,-10.7,-13.4,-12.3,-9.2,-16.4,-9.1,1.3,5.7,-9.9,-47.4,30.9,-91.2,1.4,0.0,-12.778903286616897,97.6,279.0,300.0,102.54,419.14,-91,15.721096713383103,STRONG_DOWN,MID_RANGE,MOMENTUM_DOWN,S5_TRASH,,,,
371,MET,Financials,-65.6,0.0,-9.3,-3.9,-3.4,-5.3,-11.8,-20.8,-25.8,-37.7,-39.8,-65.6,42.0,-65.1,2.4,0.0,-0.04336548412141166,79.4,321.0,342.0,111.05,420.45,-9,185.15663451587858,STRONG_UP,LOWER,MOMENTUM_DOWN,S0_NEUTRAL,,,,
372,VOO,Unknown,0.0,24.7,0.0,0.5,0.4,0.7,0.4,1.1,1.4,-0.3,-0.1,0.0,7.0,-2.3,1.6,-5.5,-4.6,126.4,220.0,207.0,71.04,422.04,-46,0.0,,,,,,,,
373,EA,Electronic Gaming & Multimedia,-67.6,27.0,-4.8,-8.6,-8.2,-8.6,-2.8,3.2,-2.6,-14.5,-33.1,-67.6,40.5,-106.9,1.4,0.0,-0.0010948615017624761,77.4,325.0,347.0,123.8,423.0,-2,126.29890513849824,EARLY_DOWN,MID_RANGE,MOMENTUM_DOWN,S5_TRASH,,,,
374,EIX,Electric Utilities,-98.9,14.2,-5.7,-11.3,-8.4,0.6,4.9,-12.2,-26.5,-37.6,-55.1,-98.9,15.5,-117.3,2.4,0.0,-0.0002042455715279291,46.0,412.0,431.0,93.59,423.79,23,246.59979575442847,STRONG_DOWN,LOWER,MOMENTUM_UP,S4_BOTTOMING,,,,
375,160580.KS,Commodity,-48.2,28.1,-0.4,-3.9,-4.7,-0.8,5.9,5.0,0.6,-12.9,-18.1,-48.2,32.3,-78.9,1.8,0.0,-22.93238281822002,96.8,281.0,303.0,107.18,426.38,-14,92.76761718177998,EARLY_DOWN,MID_RANGE,MOMENTUM_UP,S4_BOTTOMING,,,,
376,MTB,Financials,-56.8,15.6,-9.2,-7.7,-8.6,-3.5,-4.3,-5.5,-0.1,-11.8,-20.6,-56.8,29.4,-72.2,1.4,0.0,-0.040861579698286715,88.2,299.0,322.0,126.41,427.01,-32,116.25913842030171,EARLY_DOWN,LOWER,MOMENTUM_DOWN,S5_TRASH,,,,
377,DAL,Industrials,-69.6,27.6,4.2,-0.1,2.2,4.5,14.0,12.3,14.9,14.0,-9.4,-69.6,13.2,-100.5,1.6,0.0,-5000.0,75.4,329.0,351.0,52.43,427.23,-29,-4778.8,STRONG_UP,MID_RANGE,MOMENTUM_UP,S1_LEADER,,,,
378,ED,Electric Utilities,-93.4,1.7,-9.6,-12.7,-11.3,-6.4,-10.7,-15.6,-24.7,-34.9,-53.3,-93.4,25.7,-95.0,2.2,0.0,-1.5523153203428487e-06,51.6,400.0,418.0,111.13,427.53,39,459.9999984476847,STRONG_DOWN,LOWER,MOMENTUM_DOWN,S5_TRASH,,,,
379,BMY,Healthcare,-99.3,19.0,-7.7,-13.7,-12.3,-3.3,3.1,2.8,-9.8,-34.4,-53.9,-99.3,16.3,-125.8,1.8,0.0,-5.579560887662242e-08,45.7,414.0,433.0,110.46,427.86,25,221.9999999442044,STRONG_DOWN,LOWER,MOMENTUM_DOWN,S5_TRASH,,,,
380,EXR,Real Estate,-75.7,3.2,-2.3,-2.9,-5.3,-2.5,-10.5,-22.0,-31.0,-55.3,-63.4,-75.7,95.9,-81.0,2.0,0.0,-1.2530750903046177,69.3,344.0,365.0,98.63,428.03,13,429.7469249096954,EARLY_DOWN,LOWER,MOMENTUM_DOWN,S5_TRASH,,,,
381,MAS,Industrials,-68.6,9.7,-4.1,2.0,-0.3,1.4,-4.0,-17.0,-24.4,-32.4,-46.2,-68.6,27.9,-78.5,2.2,0.0,-0.5559024082855978,76.4,328.0,350.0,111.15,429.55,-7,154.24409759171442,EARLY_DOWN,LOWER,MOMENTUM_DOWN,S5_TRASH,,,,
382,CHD,Household & Personal Products,-94.4,6.3,-6.5,-8.5,-10.9,-5.1,-11.1,-25.5,-38.9,-52.4,-72.5,-94.4,46.1,-103.4,2.5,0.0,-7.782533037379268e-07,50.5,402.0,420.0,114.35,430.75,32,256.5999992217467,STRONG_DOWN,LOWER,MOMENTUM_DOWN,S5_TRASH,,,,
383,SCHW,Investment Banking & Brokerage,-50.6,9.4,-10.1,-11.1,-14.2,-14.2,-16.8,-11.0,-10.5,-29.3,-27.4,-50.6,56.7,-61.7,1.3,0.0,-9.228696226276167,94.4,288.0,310.0,113.67,432.07,-29,101.07130377372383,STRONG_DOWN,LOWER,MOMENTUM_DOWN,S5_TRASH,,,,
384,J,Industrials,-71.9,0.0,-2.9,-15.4,-17.8,-20.2,-26.0,-31.3,-38.9,-52.8,-64.4,-71.9,52.0,-71.4,2.0,0.0,-1.7776377226917188,73.1,333.0,355.0,104.92,432.52,-19,202.5223622773083,STRONG_DOWN,LOWER,MOMENTUM_DOWN,S5_TRASH,,,,
385,PNW,Utilities,-67.3,15.7,-13.5,-10.6,-7.3,-2.2,-4.3,-6.6,-11.5,-15.6,-33.2,-67.3,15.7,-82.2,1.8,0.0,-0.6508215815465527,77.7,323.0,345.0,115.04,432.64,-29,110.94917841845344,EARLY_DOWN,LOWER,MOMENTUM_DOWN,S5_TRASH,,,,
386,TYL,Technology,-127.6,1.1,-2.2,-9.5,-13.0,-23.6,-41.0,-57.2,-67.4,-83.5,-104.3,-127.6,77.0,-129.2,2.5,0.0,0.00010859527987798792,15.4,479.0,492.0,114.55,432.75,-18,-27.19989140472012,STRONG_DOWN,LOWER,MOMENTUM_DOWN,S5_TRASH,,,,
387,EG,Insurance - Reinsurance,-90.1,7.8,-4.6,-3.5,-1.5,0.4,-7.2,-20.8,-36.6,-44.4,-56.0,-90.1,38.9,-100.4,2.3,0.0,-0.001458729335946411,54.9,385.0,404.0,110.28,434.08,19,285.39854127066405,STRONG_UP,LOWER,MOMENTUM_DOWN,S0_NEUTRAL,,,,
388,WST,Healthcare,-34.1,15.0,3.3,11.2,19.4,15.1,17.5,-3.0,-28.1,-53.1,-60.5,-34.1,240.6,-82.2,1.5,0.0,-5000.0,110.8,255.0,276.0,89.19,434.19,-63,-4959.2,STRONG_UP,LOWER,MOMENTUM_UP,S0_NEUTRAL,,,,
389,HAS,Leisure,-85.9,25.5,-1.0,-1.4,-2.3,4.6,10.5,19.8,19.8,-4.4,-34.4,-85.9,23.8,-122.8,1.7,0.0,-31.301945262565855,59.1,378.0,399.0,75.11,434.51,-11,220.69805473743415,STRONG_UP,MID_RANGE,MOMENTUM_UP,S1_LEADER,,,,
390,ITW,Industrials,-73.8,0.0,-3.1,-8.7,-11.6,-8.3,-12.7,-20.3,-32.6,-43.5,-56.4,-73.8,26.1,-73.4,2.4,0.0,-5.375380155134085,71.2,338.0,359.0,102.57,435.97,15,906.124619844866,STRONG_DOWN,LOWER,MOMENTUM_DOWN,S5_TRASH,,,,
391,HON,Industrials,-80.6,3.9,-5.0,-10.6,-13.2,-6.3,-9.5,-13.0,-21.6,-37.2,-55.1,-80.6,18.2,-84.2,2.1,0.0,-0.02832321715349455,64.3,359.0,382.0,113.92,436.92,27,517.0716767828466,STRONG_DOWN,LOWER,MOMENTUM_UP,S4_BOTTOMING,,,,
392,SBUX,Restaurants,-75.3,20.3,-4.7,0.1,2.6,10.8,9.7,3.6,-11.4,-31.0,-52.6,-75.3,47.2,-105.9,1.9,0.0,-33.14713074660792,69.7,343.0,364.0,92.35,438.15,-25,144.15286925339208,STRONG_UP,MID_RANGE,NEUTRAL,S0_NEUTRAL,,,,
393,EXE,Oil & Gas E&P,-24.8,0.0,-2.9,-14.3,-16.8,-18.9,-23.3,-22.5,-30.1,-29.7,,-24.8,97.5,-50.7,2.1,0.0,-0.023096944728149188,36.7,437.0,256.0,127.79,439.19,-33,25.17690305527185,EARLY_UP,LOWER,NEUTRAL,S0_NEUTRAL,,,,
394,O,Real Estate,-76.9,6.7,-9.2,-8.9,-9.2,-3.6,-4.1,-6.4,-14.5,-32.2,-50.2,-76.9,32.7,-84.4,2.1,0.0,-0.4732089975771445,68.1,349.0,372.0,113.95,440.15,-8,294.62679100242286,EARLY_DOWN,LOWER,MOMENTUM_DOWN,S5_TRASH,,,,
395,PSA,Real Estate,-73.1,12.1,-0.2,0.4,0.2,3.5,-4.0,-13.6,-23.2,-40.1,-45.3,-73.1,40.3,-88.1,2.1,0.0,-228.74554958416917,71.9,336.0,357.0,90.48,440.28,-4,27.95445041583082,EARLY_DOWN,LOWER,MOMENTUM_UP,S4_BOTTOMING,,,,
396,FRT,Real Estate,-95.4,15.2,-4.3,-2.8,0.3,5.8,5.7,-5.3,-13.2,-29.1,-43.7,-95.4,8.5,-113.5,2.4,0.0,-0.017662687045617978,49.6,406.0,425.0,104.55,441.15,17,289.2823373129544,STRONG_UP,LOWER,NEUTRAL,S0_NEUTRAL,,,,
397,ADSK,Technology,-85.7,0.3,-2.4,-6.0,-7.5,-15.9,-26.7,-32.7,-41.5,-58.6,-81.3,-85.7,136.2,-86.0,1.7,0.0,-0.02106380704806511,59.2,377.0,398.0,114.62,441.22,22,459.8789361929519,STRONG_UP,LOWER,NEUTRAL,S0_NEUTRAL,,,,
398,KVUE,Household & Personal Products,-47.6,9.8,-4.2,-6.4,-8.1,-3.8,-17.4,-31.0,-47.6,,,-47.6,0.0,-115.3,2.3,0.0,-0.4124478852510035,-9.0,518.0,301.0,96.56,441.56,9,307.887552114749,STRONG_UP,LOWER,MOMENTUM_UP,S0_NEUTRAL,,,,
399,ELV,Healthcare,-92.3,9.7,-1.6,6.6,6.7,6.6,-0.6,-23.7,-43.8,-66.3,-79.2,-92.3,105.9,-113.2,2.5,0.0,-2.506862199599155,52.7,388.0,407.0,92.84,443.04,-11,212.09313780040083,STRONG_UP,LOWER,MOMENTUM_DOWN,S0_NEUTRAL,,,,
400,ADM,Farm Products,-64.9,21.9,0.4,-2.0,2.5,11.0,17.9,15.5,-5.9,-33.2,-38.1,-64.9,93.3,-108.6,1.7,0.0,-1294.1091989028087,80.1,318.0,341.0,87.5,443.3,-34,-1044.1091989028087,STRONG_UP,MID_RANGE,NEUTRAL,S0_NEUTRAL,,,,
401,UPS,Industrials,-118.2,3.1,-7.2,-9.1,-12.6,-8.9,-8.1,-27.8,-49.2,-76.1,-90.1,-118.2,73.2,-123.9,2.2,0.0,-7.032582341120628e-11,26.8,458.0,473.0,116.37,445.77,37,485.0999999999297,EARLY_DOWN,LOWER,MOMENTUM_DOWN,S5_TRASH,,,,
402,IEX,Industrials,-85.3,18.1,-2.8,-0.5,-0.6,7.2,8.9,-6.2,-23.7,-45.5,-65.4,-85.3,36.0,-111.7,2.6,0.0,-0.9701565117316708,59.7,374.0,395.0,108.63,447.63,-13,208.22984348826833,STRONG_UP,LOWER,NEUTRAL,S0_NEUTRAL,,,,
403,EQR,Real Estate,-90.6,6.1,-3.7,-2.1,-2.4,-0.4,-8.5,-20.7,-28.3,-44.7,-60.1,-90.6,30.5,-98.0,2.4,0.0,-0.02293280076334906,54.4,386.0,405.0,118.31,448.91,22,407.2770671992367,STRONG_UP,LOWER,NEUTRAL,S0_NEUTRAL,,,,
404,ABNB,Travel Services,-58.0,4.9,-4.4,-1.0,-0.5,1.1,-4.1,-16.0,-32.0,-52.0,,-58.0,33.1,-96.5,2.0,0.0,-5.573224350815406e-06,5.5,494.0,323.0,131.49,450.49,36,525.7999944267756,EARLY_DOWN,LOWER,MOMENTUM_DOWN,S5_TRASH,,,,
405,CL,Household & Personal Products,-96.7,7.6,-4.5,-6.0,-10.2,-4.3,-9.8,-21.3,-27.9,-38.0,-56.9,-96.7,8.1,-104.9,2.2,0.0,-0.00017918965009000676,48.2,409.0,427.0,122.68,451.08,27,368.5998208103499,EARLY_UP,LOWER,NEUTRAL,S0_NEUTRAL,,,,
406,HOLX,Healthcare,-80.8,18.9,-0.3,2.4,4.1,5.9,7.3,-6.0,-21.6,-39.3,-55.6,-80.8,38.3,-108.0,1.8,0.0,-6.141014358269706,39.2,432.0,383.0,95.65,453.45,-5,257.9589856417303,STRONG_UP,LOWER,MOMENTUM_UP,S0_NEUTRAL,,,,
407,CI,Healthcare,-95.6,6.7,-1.9,-2.7,-3.4,-1.1,-11.9,-26.7,-39.6,-51.0,-61.6,-95.6,48.1,-105.6,2.2,0.0,-0.5024175463299491,49.4,407.0,426.0,107.2,456.2,14,372.19758245367007,STRONG_UP,LOWER,MOMENTUM_DOWN,S0_NEUTRAL,,,,
408,SOLV,Healthcare,-19.9,6.3,6.3,4.6,-2.6,-7.3,-12.8,-17.7,,,,-19.9,9.1,-56.0,2.1,0.0,-1455.9662280150903,5.1,498.0,242.0,82.59,456.59,8,-13.466228015090337,STRONG_UP,LOWER,MOMENTUM_UP,S0_NEUTRAL,,,,
409,OXY,Oil & Gas E&P,-99.7,11.7,-10.0,-19.7,-9.2,3.2,2.8,-14.3,-35.5,-44.6,-28.3,-99.7,85.7,-124.0,1.8,0.0,-0.4557390386972582,45.3,416.0,435.0,105.38,457.18,-27,210.14426096130273,STRONG_DOWN,LOWER,MOMENTUM_DOWN,S5_TRASH,,,,
410,VRSN,Technology,-60.3,19.9,2.6,2.9,9.0,9.3,-2.2,6.6,-5.1,-22.8,-49.7,-60.3,78.8,-94.3,1.8,0.0,-5000.0,84.7,307.0,328.0,93.07,458.87,-30,-4747.8,STRONG_UP,LOWER,MOMENTUM_UP,S0_NEUTRAL,,,,
411,AKAM,Technology,-60.7,42.5,25.3,27.4,35.7,50.3,59.2,42.2,20.0,-4.7,-33.6,-60.7,51.4,-142.9,2.2,0.0,-5000.0,84.2,308.0,329.0,93.8,460.0,33,-4604.4,EARLY_UP,MID_RANGE,MOMENTUM_UP,S2_EARLY_BREAKOUT,,,,
412,MCD,Restaurants,-73.3,0.0,0.0,-14.5,-18.6,-18.0,-23.4,-28.5,-41.4,-52.6,-64.7,-73.3,53.8,-73.0,2.3,0.0,-1318.2,71.7,337.0,358.0,98.01,461.41,-16,-31.100000000000136,STRONG_DOWN,LOWER,MOMENTUM_DOWN,S5_TRASH,,,,
413,AES,Utilities,-109.1,9.7,-2.4,-6.8,-11.7,-7.7,1.8,-8.1,-27.7,-60.2,-82.8,-109.1,86.7,-129.6,1.6,0.0,-0.02247879544327544,35.9,438.0,455.0,111.4,462.0,32,587.3775212045567,EARLY_DOWN,LOWER,MOMENTUM_DOWN,S5_TRASH,,,,
414,D,Utilities,-110.8,2.3,-7.6,-9.2,-7.1,-3.3,-3.7,-1.5,-0.1,-27.5,-59.6,-110.8,18.5,-113.3,1.8,0.0,-4.0908207417771905e-06,34.2,441.0,460.0,127.23,462.63,28,858.7999959091792,EARLY_DOWN,LOWER,MOMENTUM_DOWN,S5_TRASH,,,,
415,REG,Real Estate,-83.8,8.7,-7.5,-7.2,-5.9,-1.7,-5.6,-10.7,-17.7,-31.7,-40.4,-83.8,11.8,-92.4,2.1,0.0,-11.591992875973517,61.2,369.0,391.0,110.93,463.33,-15,269.60800712402647,EARLY_DOWN,LOWER,MOMENTUM_DOWN,S5_TRASH,,,,
416,VLTO,Industrials,-39.8,0.0,-0.5,-8.6,-13.5,-16.8,-25.4,-36.2,,,,-39.8,0.0,-97.5,2.8,0.0,-265.03820848235625,-7.5,514.0,285.0,91.06,463.66,21,3322.0617915176435,STRONG_DOWN,LOWER,MOMENTUM_DOWN,S5_TRASH,,,,
417,TFC,Financials,-79.9,14.5,-9.8,-6.7,-7.1,-3.0,1.5,5.3,14.4,-12.0,-34.9,-79.9,23.0,-96.8,1.5,0.0,-177.7839894425079,65.1,356.0,379.0,107.16,464.16,-62,47.6160105574921,EARLY_DOWN,LOWER,MOMENTUM_DOWN,S5_TRASH,,,,
418,SLB,Oil & Gas Equipment & Services,-94.7,26.7,-10.3,-7.4,-3.7,13.4,24.1,9.8,-13.5,-21.9,-17.4,-94.7,19.0,-135.4,2.5,0.0,-13.774095292034492,50.3,403.0,421.0,98.3,464.3,-46,123.4259047079655,EARLY_DOWN,MID_RANGE,MOMENTUM_DOWN,S5_TRASH,,,,
419,F,Auto Manufacturers,-68.3,12.4,0.4,-2.9,-9.9,-9.8,-5.0,-3.9,-17.6,-34.1,-28.2,-68.3,98.7,-91.2,1.5,0.0,-1089.1178995241044,76.7,326.0,348.0,107.14,465.14,-24,-705.0178995241043,EARLY_DOWN,LOWER,MOMENTUM_DOWN,S5_TRASH,,,,
420,BALL,Packaging Materials,-126.7,5.6,-5.2,-11.3,-11.5,-2.2,-6.0,-19.7,-33.5,-61.4,-93.9,-126.7,78.1,-138.5,2.2,0.0,-6.807624654077629e-06,18.3,474.0,491.0,116.52,465.52,35,693.1999931923754,EARLY_DOWN,LOWER,MOMENTUM_DOWN,S5_TRASH,,,,
421,HST,Hotel & Resort REITs,-71.3,31.8,2.7,3.5,6.7,14.8,20.4,15.6,4.7,-8.5,-22.5,-71.3,13.8,-111.1,2.6,0.0,-5000.0,73.7,331.0,354.0,90.31,466.11,-48,-4825.5,STRONG_UP,MID_RANGE,MOMENTUM_UP,S1_LEADER,,,,
422,SRE,Utilities,-75.2,0.9,-11.7,-12.1,-9.5,-8.4,-6.6,-10.2,-17.7,-29.7,-47.4,-75.2,21.9,-75.7,1.7,0.0,-386.18971863035046,69.8,342.0,363.0,115.3,470.3,-28,-42.689718630350455,STRONG_DOWN,LOWER,MOMENTUM_DOWN,S5_TRASH,,,,
423,ESS,Real Estate,-107.4,0.7,-4.3,-3.2,-3.1,-3.1,-11.1,-22.3,-27.3,-45.0,-66.6,-107.4,21.2,-107.9,2.6,0.0,-0.033913774538470116,37.6,436.0,453.0,118.21,471.21,41,1166.9660862254616,STRONG_UP,LOWER,NEUTRAL,S0_NEUTRAL,,,,
424,XYZ,Financials,-67.4,4.9,0.2,7.5,10.6,6.7,-1.7,-12.9,-24.8,-61.7,-95.1,-67.4,807.1,-111.5,1.9,0.0,-1320.4408419016277,77.6,324.0,346.0,112.69,471.49,-15,-806.2408419016276,STRONG_UP,LOWER,MOMENTUM_DOWN,S0_NEUTRAL,,,,
425,NWSA,Entertainment,-74.2,10.3,-0.4,-1.3,-1.4,-2.8,-13.7,-23.4,-29.4,-38.3,-42.5,-74.2,56.8,-88.7,1.8,0.0,-120.50860444922169,70.7,340.0,360.0,122.61,471.81,-27,55.0913955507783,STRONG_UP,LOWER,MOMENTUM_UP,S0_NEUTRAL,,,,
426,HSY,Confectioners,-83.6,4.3,-1.4,-10.6,-15.3,-10.5,-11.5,-15.9,-32.7,-51.8,-65.6,-83.6,80.2,-90.4,1.8,0.0,-45.904010696211785,61.4,367.0,389.0,114.49,472.09,1,774.0959893037882,STRONG_DOWN,LOWER,MOMENTUM_UP,S4_BOTTOMING,,,,
427,AMT,Telecommunications Infrastructure,-116.2,0.0,-2.8,-6.7,-8.8,-8.0,-20.2,-28.9,-39.9,-64.7,-91.6,-116.2,77.9,-115.8,2.2,0.0,-0.024632561102024303,28.8,453.0,468.0,114.81,472.21,52,2105.575367438898,EARLY_DOWN,LOWER,MOMENTUM_DOWN,S5_TRASH,,,,
428,PRU,Financials,-83.1,2.9,-1.7,-4.9,-7.7,-10.8,-16.0,-29.5,-36.1,-47.7,-51.1,-83.1,35.8,-86.1,2.2,0.0,-192.25923153933655,61.9,366.0,388.0,110.93,472.53,-13,235.64076846066342,STRONG_UP,LOWER,MOMENTUM_UP,S0_NEUTRAL,,,,
429,RMD,Healthcare,-77.8,0.0,0.0,-10.6,-18.6,-20.8,-29.9,-35.2,-41.2,-63.7,-81.0,-77.8,134.7,-77.4,1.8,0.0,-466.3,67.2,352.0,374.0,111.54,473.14,-19,-1.6999999999999886,STRONG_DOWN,LOWER,MOMENTUM_DOWN,S5_TRASH,,,,
430,ES,Utilities,-119.6,0.0,-4.5,-12.9,-13.6,-12.2,-13.3,-16.0,-26.4,-52.5,-81.8,-119.6,49.7,-119.1,1.7,0.0,-0.01957281387238517,25.3,461.0,477.0,114.56,473.36,45,1867.6804271861276,STRONG_DOWN,LOWER,MOMENTUM_DOWN,S5_TRASH,,,,
431,AVB,Real Estate,-121.8,0.7,-4.0,-1.5,-2.4,-3.0,-13.2,-27.2,-36.3,-55.5,-76.9,-121.8,8.8,-122.3,2.8,0.0,-0.00047102601759678724,23.2,463.0,480.0,122.85,474.25,54,1381.6995289739825,STRONG_UP,LOWER,NEUTRAL,S0_NEUTRAL,,,,
432,MDLZ,Confectioners,-110.1,6.8,-3.8,-3.4,-3.9,-0.9,-11.5,-23.3,-40.4,-56.2,-76.4,-110.1,19.9,-119.1,2.3,0.0,-3.0761996530488576,34.9,440.0,457.0,103.06,474.46,-1,493.12380034695116,STRONG_UP,LOWER,NEUTRAL,S0_NEUTRAL,,,,
433,BEN,Asset Management,-95.0,22.8,0.2,10.4,10.1,17.7,19.9,23.8,6.7,-16.1,-34.7,-95.0,9.6,-125.3,1.6,0.0,-678.8039428551867,49.9,404.0,423.0,90.87,474.67,-31,-350.0039428551867,STRONG_UP,MID_RANGE,NEUTRAL,S0_NEUTRAL,,,,
434,KDP,Beverages - Non-Alcoholic,-106.7,2.1,-4.5,-1.8,-4.3,-3.3,-12.6,-24.8,-37.3,-59.7,-81.1,-106.7,41.0,-109.3,2.1,0.0,-0.662256117312538,38.3,433.0,450.0,114.67,475.67,7,768.9377438826875,STRONG_UP,LOWER,MOMENTUM_DOWN,S0_NEUTRAL,,,,
435,ICE,Financial Data & Stock Exchanges,-59.7,1.8,1.1,-7.8,-11.3,-9.7,-19.7,-24.4,-27.3,-34.0,-48.5,-59.7,26.5,-61.0,1.9,0.0,-4070.704183623085,85.2,305.0,327.0,113.52,475.92,-36,-3439.704183623085,STRONG_DOWN,LOWER,MOMENTUM_DOWN,S5_TRASH,,,,
436,CRM,Software,-124.1,0.0,-2.1,-9.2,-13.3,-23.1,-35.4,-51.2,-64.4,-77.2,-100.9,-124.1,111.0,-123.6,2.3,0.0,-0.6333947361889081,20.9,467.0,485.0,102.66,476.66,3,422.6666052638111,EARLY_UP,LOWER,NEUTRAL,S0_NEUTRAL,,,,
437,EW,Healthcare,-110.8,0.0,-3.0,-10.6,-11.1,-12.2,-14.9,-19.5,-35.5,-64.2,-89.5,-110.8,81.2,-110.4,1.7,0.0,-0.9945521505762309,34.1,442.0,460.0,111.67,477.67,29,2287.005447849424,EARLY_DOWN,LOWER,MOMENTUM_DOWN,S5_TRASH,,,,
438,PEP,Soft Drinks & Non-alcoholic Beverages,-93.5,3.5,-7.0,-8.3,-9.7,-5.9,-3.8,-13.7,-29.3,-46.1,-63.4,-93.5,21.3,-97.1,2.4,0.0,-6.476800186471873,51.5,401.0,419.0,118.6,478.6,-10,502.6231998135282,EARLY_DOWN,LOWER,MOMENTUM_DOWN,S5_TRASH,,,,
439,PEG,Utilities,-81.0,0.0,-1.1,-11.9,-13.6,-13.1,-19.0,-26.7,-28.9,-37.4,-52.8,-81.0,16.1,-80.5,2.1,0.0,-956.1544368872106,64.0,360.0,384.0,110.71,481.51,-9,1565.7455631127896,STRONG_DOWN,LOWER,MOMENTUM_DOWN,S5_TRASH,,,,
440,A,Healthcare,-100.3,0.0,-0.9,-6.5,-11.3,-18.4,-20.5,-33.4,-47.1,-69.9,-84.3,-100.3,101.2,-99.9,2.8,0.0,-42.15068226810741,44.7,417.0,436.0,107.05,483.25,25,3075.549317731892,EARLY_DOWN,LOWER,NEUTRAL,S5_TRASH,,,,
441,UDR,Real Estate,-110.3,4.3,-1.3,-1.3,-3.7,-2.5,-12.1,-24.3,-34.0,-53.8,-72.6,-110.3,16.1,-115.4,2.6,0.0,-0.8665379041378967,32.7,444.0,458.0,118.57,483.77,30,1016.1334620958621,STRONG_UP,LOWER,NEUTRAL,S0_NEUTRAL,,,,
442,TGT,Discount Stores,-99.4,10.4,-3.3,-6.9,0.6,11.8,12.7,-11.9,-30.3,-64.4,-85.0,-99.4,164.8,-129.4,3.2,0.0,-339.84309575886846,45.6,415.0,434.0,102.34,485.74,-30,16.456904241131554,EARLY_DOWN,LOWER,MOMENTUM_DOWN,S5_TRASH,,,,
443,DDOG,Software-Infrastructure,38.6,39.2,25.8,48.0,53.9,41.0,38.2,34.0,32.0,19.7,,38.6,147.3,-87.1,1.9,-103.4,-5000.0,121.9,229.0,164.0,94.72,486.92,-58,-4851.7,STRONG_UP,MID_RANGE,MOMENTUM_UP,S1_LEADER,,,,
444,HD,,-86.3,0.0,0.0,-10.3,-16.6,-18.0,-26.2,-35.8,-45.6,-59.7,-73.1,-86.3,61.9,-86.0,2.2,0.0,-903.6,58.7,379.0,400.0,109.84,487.24,-21,-44.30000000000007,STRONG_DOWN,LOWER,MOMENTUM_DOWN,S5_TRASH,,,,
445,DG,Discount Stores,-139.6,4.8,-2.8,-9.6,-20.4,-14.6,-12.0,-8.9,-34.1,-74.4,-106.3,-139.6,89.3,-150.6,1.6,0.0,-0.2840999948965744,5.4,496.0,508.0,108.84,489.64,39,1307.1159000051034,STRONG_DOWN,LOWER,MOMENTUM_DOWN,S5_TRASH,,,,
446,FDS,Financial Data & Stock Exchanges,-151.1,1.8,-2.6,-8.6,-9.7,-16.8,-37.2,-57.9,-76.3,-97.5,-119.5,-151.1,60.9,-154.4,2.3,0.0,-1.2404336324011624,-6.1,513.0,521.0,95.68,489.68,14,602.6595663675988,EARLY_DOWN,LOWER,MOMENTUM_DOWN,S5_TRASH,,,,
447,PPL,Utilities,-95.1,0.0,-9.5,-12.9,-12.2,-10.2,-13.8,-14.9,-17.4,-28.4,-49.2,-95.1,10.3,-94.6,1.9,0.0,-21.991708732088206,49.9,404.0,424.0,122.35,489.95,-12,577.0082912679118,STRONG_DOWN,LOWER,MOMENTUM_DOWN,S5_TRASH,,,,
448,REGN,Biotechnology,-102.8,8.1,-1.7,-10.5,-11.8,-10.7,-2.0,-24.3,-43.5,-57.3,-66.5,-102.8,50.6,-115.7,2.3,0.0,-157.61136326610398,42.1,424.0,442.0,107.28,490.08,-24,205.68863673389603,STRONG_DOWN,LOWER,MOMENTUM_DOWN,S5_TRASH,,,,
449,CPT,Real Estate,-117.7,0.0,-2.4,-5.0,-8.3,-8.6,-16.5,-27.2,-36.0,-62.2,-82.3,-117.7,43.3,-117.3,2.3,0.0,-1.1038724150114878,27.2,457.0,472.0,118.99,490.79,45,2689.1961275849885,STRONG_UP,LOWER,MOMENTUM_DOWN,S0_NEUTRAL,,,,
450,CPAY,Software - Infrastructure,-90.8,15.9,6.7,7.9,4.2,7.7,-1.7,-13.5,-20.8,-28.1,-57.2,-90.8,47.1,-116.3,1.9,0.0,-5000.0,54.1,387.0,406.0,94.46,491.86,-14,-4487.0,EARLY_DOWN,LOWER,MOMENTUM_UP,S4_BOTTOMING,,,,
451,STE,Healthcare,-84.3,0.0,0.0,-11.9,-19.1,-21.9,-26.9,-33.1,-45.9,-62.6,-80.0,-84.3,69.5,-83.8,1.9,0.0,-1725.8,60.7,371.0,393.0,110.18,492.18,-25,-41.899999999999864,STRONG_DOWN,LOWER,MOMENTUM_DOWN,S5_TRASH,,,,
452,PG,Household Products,-92.4,0.0,-1.7,-6.9,-11.0,-10.0,-17.1,-28.2,-39.2,-52.5,-70.6,-92.4,37.7,-91.9,2.4,0.0,-710.6717474143751,52.6,389.0,408.0,114.2,492.4,-4,1288.3282525856248,EARLY_DOWN,LOWER,MOMENTUM_DOWN,S5_TRASH,,,,
453,INVH,Real Estate,-108.1,0.6,-3.3,0.7,1.0,-1.5,-14.0,-29.0,-44.6,-67.1,-87.8,-108.1,20.8,-121.1,3.0,0.0,-4.88428783994902,15.2,480.0,454.0,112.02,492.42,16,1567.5157121600512,STRONG_UP,LOWER,NEUTRAL,S0_NEUTRAL,,,,
454,CVS,Healthcare,-92.7,33.0,5.8,10.1,10.3,9.0,11.2,20.6,5.5,-25.1,-40.8,-92.7,8.4,-141.5,1.3,0.0,-5000.0,52.3,392.0,410.0,93.88,493.08,-43,-4755.9,STRONG_UP,MID_RANGE,MOMENTUM_UP,S1_LEADER,,,,
455,MMM,Industrials,-102.1,6.9,-3.7,-7.9,-11.9,-15.3,-17.9,-13.9,-1.0,-16.9,-44.2,-102.1,17.6,-110.5,1.2,0.0,-5.441893089199015,42.8,422.0,440.0,126.43,493.23,-33,598.858106910801,STRONG_DOWN,LOWER,MOMENTUM_DOWN,S5_TRASH,,,,
456,WY,Real Estate,-139.4,0.0,-2.6,-9.8,-11.6,-8.7,-15.7,-30.2,-47.1,-69.7,-88.9,-139.4,12.6,-138.8,2.4,0.0,-0.015318883098930203,5.6,493.0,506.0,123.49,493.29,65,3146.084681116901,EARLY_DOWN,LOWER,MOMENTUM_DOWN,S5_TRASH,,,,
457,GEN,Technology,-80.5,13.0,12.1,11.7,1.6,-8.1,-22.1,-31.6,-35.4,-51.6,-61.5,-80.5,53.5,-105.8,2.0,0.0,-5000.0,64.5,358.0,381.0,106.87,493.47,2,-3582.4,STRONG_UP,LOWER,MOMENTUM_UP,S0_NEUTRAL,,,,
458,TMO,Life Sciences Tools & Services,-89.0,0.0,0.0,-10.9,-16.4,-21.2,-19.3,-33.9,-49.0,-71.3,-86.4,-89.0,112.5,-88.6,2.1,0.0,-1777.0,56.0,381.0,401.0,107.69,493.69,-24,-84.29999999999995,STRONG_DOWN,LOWER,MOMENTUM_DOWN,S5_TRASH,,,,
459,ZBRA,Technology,-116.8,0.0,-1.1,-3.2,-5.8,-11.6,-26.9,-46.4,-58.3,-87.1,-111.4,-116.8,273.4,-116.3,2.3,0.0,-6.217712431472534,28.2,454.0,469.0,114.12,493.92,9,1146.4822875685275,EARLY_DOWN,LOWER,MOMENTUM_DOWN,S5_TRASH,,,,
460,CCI,Real Estate,-128.8,2.1,-2.1,-0.7,-0.5,-1.1,-12.3,-18.9,-31.0,-63.3,-92.5,-128.8,51.9,-132.2,2.6,0.0,-1.4106564830207438,16.1,478.0,495.0,111.66,494.26,23,2036.2893435169792,STRONG_UP,LOWER,NEUTRAL,S0_NEUTRAL,,,,
461,HSIC,Healthcare,-140.8,1.6,-6.6,-11.1,-14.1,-11.3,-14.1,-23.8,-40.6,-64.1,-88.6,-140.8,10.2,-142.7,1.8,0.0,-0.01138570260805345,4.2,500.0,511.0,123.29,494.29,37,1061.0886142973918,EARLY_DOWN,LOWER,MOMENTUM_DOWN,S5_TRASH,,,,
462,SW,Packaging & Containers,-93.0,6.7,1.5,-3.0,-8.0,-2.9,-12.6,-25.8,-31.7,-47.3,-63.1,-93.0,51.9,-102.8,2.2,0.0,-799.483132254439,51.9,395.0,412.0,114.3,494.9,-19,-98.38313225443903,STRONG_UP,LOWER,MOMENTUM_UP,S0_NEUTRAL,,,,
463,FTV,Industrials,-103.0,9.1,-1.9,-2.2,-0.3,2.7,2.0,-11.0,-26.4,-42.2,-65.7,-103.0,14.0,-127.8,2.1,0.0,-6.378158667740857,31.7,448.0,443.0,121.44,495.24,-1,628.8218413322592,EARLY_DOWN,LOWER,MOMENTUM_DOWN,S5_TRASH,,,,
464,MGM,Resorts & Casinos,-114.9,9.5,-3.1,-4.3,-0.5,1.4,-3.3,-15.4,-36.0,-57.8,-69.4,-114.9,24.1,-129.1,1.7,0.0,-8.391098091935099,30.1,450.0,466.0,115.46,496.26,-18,501.5089019080649,EARLY_DOWN,LOWER,MOMENTUM_DOWN,S5_TRASH,,,,
465,DLTR,Discount Stores,-150.0,1.1,-3.1,-14.3,-22.0,-22.2,-22.6,-21.3,-46.4,-74.9,-100.4,-150.0,36.8,-151.5,1.5,0.0,-0.27488357144050846,-5.0,510.0,519.0,112.35,497.75,47,2479.5251164285596,STRONG_DOWN,LOWER,MOMENTUM_DOWN,S5_TRASH,,,,
466,OMC,Advertising Agencies,-112.4,1.7,-4.5,-6.1,-9.0,-7.1,-10.1,-26.0,-39.1,-50.5,-65.1,-112.4,7.3,-114.0,2.2,0.0,-35.82727652655214,32.6,445.0,463.0,111.24,498.04,-12,850.7727234734479,STRONG_UP,LOWER,MOMENTUM_UP,S0_NEUTRAL,,,,
467,INCY,Healthcare,-119.5,5.9,-1.9,-4.3,-6.7,-7.2,3.0,9.3,3.9,-21.6,-57.2,-119.5,58.2,-130.2,1.8,0.0,-29.802056900748692,25.5,460.0,476.0,107.55,498.35,0,1278.2979430992511,STRONG_UP,LOWER,MOMENTUM_UP,S0_NEUTRAL,,,,
468,WYNN,Resorts & Casinos,-134.2,0.0,-2.5,-9.2,-10.6,-17.0,-18.9,-17.2,-31.3,-42.9,-73.6,-134.2,68.0,-133.8,1.5,0.0,-0.024942296637724206,10.7,487.0,502.0,127.17,498.57,55,3936.9750577033624,EARLY_DOWN,LOWER,MOMENTUM_DOWN,S5_TRASH,,,,
469,BA,Aerospace & Defense,-124.1,6.8,-0.2,2.0,-1.0,3.6,-1.8,1.8,-17.5,-35.3,-69.5,-124.1,110.6,-140.6,1.5,0.0,-640.62292571745,20.8,468.0,485.0,92.84,501.44,4,766.1770742825499,STRONG_UP,LOWER,MOMENTUM_DOWN,S0_NEUTRAL,,,,
470,DHR,Life Sciences Tools & Services,-104.2,0.0,0.0,-13.7,-20.5,-25.1,-29.4,-44.7,-59.8,-83.0,-99.6,-104.2,142.7,-103.7,2.1,0.0,-801.6,40.8,427.0,446.0,108.0,502.2,-37,-105.70000000000005,STRONG_DOWN,LOWER,MOMENTUM_DOWN,S5_TRASH,,,,
471,ALGN,Medical Devices,-160.1,2.4,-2.6,-11.4,-11.1,-3.5,-7.6,-31.5,-57.4,-91.1,-122.5,-160.1,236.6,-169.2,2.6,0.0,-0.03999664482462178,-15.1,526.0,532.0,114.95,502.55,35,1868.6600033551754,EARLY_DOWN,LOWER,MOMENTUM_DOWN,S5_TRASH,,,,
472,DOC,Real Estate,-99.1,13.8,11.5,12.3,9.5,10.7,7.9,-2.7,-9.9,-37.8,-64.0,-99.1,38.1,-120.6,2.5,0.0,-5000.0,45.8,413.0,432.0,95.53,503.33,32,-1543.8000000000002,STRONG_UP,LOWER,MOMENTUM_UP,S0_NEUTRAL,,,,
473,VICI,Real Estate,-66.8,0.0,0.0,-4.5,-6.2,-6.8,-17.1,-24.1,-35.8,-50.9,-61.0,-66.8,40.0,-80.3,2.3,0.0,-3160.8,41.6,425.0,344.0,117.27,504.27,-16,-37.40000000000009,EARLY_DOWN,LOWER,MOMENTUM_DOWN,S5_TRASH,,,,
474,ECL,Specialty Chemicals,-85.4,0.0,0.0,-11.3,-16.0,-14.2,-19.1,-23.6,-25.9,-31.9,-57.1,-85.4,35.5,-85.0,1.8,0.0,-4084.0,59.6,376.0,397.0,113.4,504.4,-24,-13.300000000000182,STRONG_DOWN,LOWER,MOMENTUM_DOWN,S5_TRASH,,,,
475,SBAC,Real Estate,-123.2,5.4,-2.6,6.0,7.4,7.8,-4.5,-14.9,-31.9,-65.2,-95.2,-123.2,94.6,-135.2,2.2,0.0,-411.5164276184825,21.8,466.0,484.0,99.99,504.79,-24,549.5835723815176,EARLY_DOWN,LOWER,MOMENTUM_DOWN,S5_TRASH,,,,
476,CNC,Healthcare,-139.2,14.5,-0.3,27.4,23.6,30.2,26.4,-10.1,-36.2,-68.2,-95.6,-139.2,62.8,-173.0,2.0,0.0,-190.33019950392,5.8,492.0,505.0,97.21,507.01,-24,321.8698004960801,STRONG_UP,LOWER,NEUTRAL,S0_NEUTRAL,,,,
477,WAT,Healthcare,-93.1,12.2,9.5,9.6,3.0,-4.1,-7.5,-19.6,-28.7,-50.4,-64.0,-93.1,46.1,-111.9,2.0,0.0,-5000.0,51.9,395.0,414.0,107.01,507.61,-1,-3256.0,STRONG_UP,LOWER,MOMENTUM_UP,S0_NEUTRAL,,,,
478,LH,Healthcare,-83.6,0.0,0.0,-11.2,-13.6,-11.5,-16.4,-17.1,-25.4,-42.3,-54.3,-83.6,17.6,-83.2,1.5,0.0,-4917.1,61.4,367.0,389.0,118.5,508.1,-17,-11.700000000000728,STRONG_DOWN,LOWER,MOMENTUM_DOWN,S5_TRASH,,,,
479,VTRS,Healthcare,-104.0,30.6,7.5,12.6,14.9,29.2,50.2,47.9,45.8,31.2,-11.7,-104.0,6.1,-151.9,2.7,0.0,-5000.0,41.0,426.0,445.0,96.54,509.54,-50,-4611.0,STRONG_UP,MID_RANGE,MOMENTUM_UP,S1_LEADER,,,,
480,MTD,Healthcare,-104.6,0.0,-0.6,-18.9,-21.9,-25.2,-25.9,-37.1,-50.5,-73.8,-89.0,-104.6,88.0,-104.2,1.9,0.0,-1523.916071186771,40.4,430.0,449.0,107.68,510.28,-33,1856.7839288132288,EARLY_DOWN,LOWER,MOMENTUM_DOWN,S5_TRASH,,,,
481,XYL,Industrials,-93.0,0.0,0.0,-11.7,-16.8,-21.7,-28.1,-35.7,-44.3,-56.4,-71.3,-93.0,41.6,-92.5,1.8,0.0,-2322.6,52.0,394.0,412.0,118.43,510.43,-23,-40.29999999999973,STRONG_DOWN,LOWER,MOMENTUM_DOWN,S5_TRASH,,,,
482,AVY,Packaging & Containers,-101.2,0.0,0.0,-10.1,-15.4,-15.2,-19.0,-34.5,-48.9,-68.8,-82.2,-101.2,74.5,-100.7,2.1,0.0,-2945.3,43.8,420.0,439.0,107.76,511.96,-19,-93.90000000000009,STRONG_DOWN,LOWER,NEUTRAL,S5_TRASH,,,,
483,WTW,Financials,-98.4,0.8,0.7,-12.9,-18.6,-22.6,-30.3,-37.4,-43.4,-54.2,-72.7,-98.4,22.9,-99.1,2.4,0.0,-5000.0,46.6,411.0,430.0,106.65,513.65,-30,-2537.3,STRONG_DOWN,LOWER,MOMENTUM_DOWN,S5_TRASH,,,,
484,MAA,Real Estate,-112.7,0.0,-1.4,-4.4,-7.5,-8.9,-19.1,-30.7,-40.9,-66.2,-84.4,-112.7,56.2,-112.2,3.0,0.0,-486.1825557534169,32.2,446.0,465.0,114.77,513.77,7,3243.617444246583,STRONG_UP,LOWER,NEUTRAL,S0_NEUTRAL,,,,
485,TROW,Financials,-104.4,1.7,-1.6,2.1,0.3,-1.8,-5.4,-14.3,-25.6,-52.2,-76.5,-104.4,82.7,-107.2,2.0,0.0,-3938.3847752783013,40.5,429.0,448.0,103.24,514.24,-29,-1873.8847752783013,STRONG_UP,LOWER,NEUTRAL,S0_NEUTRAL,,,,
486,ADBE,Software,-146.0,0.0,-1.2,-4.6,-10.1,-20.1,-35.0,-57.0,-77.8,-99.6,-125.9,-146.0,166.4,-145.5,2.3,0.0,-7.569086552422954,-1.0,506.0,516.0,113.09,514.29,13,1644.130913447577,STRONG_UP,LOWER,NEUTRAL,S0_NEUTRAL,,,,
487,EFX,Industrials,-127.8,0.3,-0.5,-7.9,-14.5,-19.1,-33.8,-48.3,-60.7,-79.0,-94.5,-127.8,48.7,-128.0,2.4,0.0,-635.0914105970227,17.1,476.0,493.0,103.08,514.48,-1,2321.908589402977,STRONG_DOWN,LOWER,MOMENTUM_UP,S4_BOTTOMING,,,,
488,TSN,Farm Products,-103.3,19.3,3.8,0.3,0.2,7.8,8.5,3.7,-0.3,-28.9,-55.6,-103.3,24.5,-133.3,2.0,0.0,-5000.0,39.7,431.0,444.0,101.01,514.81,-39,-4506.9,STRONG_UP,LOWER,MOMENTUM_UP,S0_NEUTRAL,,,,
489,PFE,Pharmaceuticals,-124.2,5.3,-4.2,-12.1,-11.3,-5.0,-2.4,-5.3,-20.0,-53.1,-77.8,-124.2,23.6,-131.9,1.9,0.0,-45.543936409164715,20.8,468.0,487.0,119.26,516.26,-8,923.0560635908353,STRONG_DOWN,LOWER,MOMENTUM_DOWN,S5_TRASH,,,,
490,PCG,Utilities,-150.1,0.0,-3.1,-13.3,-13.0,-10.5,-12.8,-28.3,-43.0,-47.6,-66.7,-150.1,11.7,-151.1,2.3,0.0,-249.40331408877398,-5.2,511.0,520.0,99.47,517.67,11,2934.696685911226,STRONG_DOWN,LOWER,MOMENTUM_DOWN,S5_TRASH,,,,
491,ALLE,Industrials,-93.3,0.0,0.0,-11.3,-17.5,-20.8,-26.4,-26.7,-32.3,-44.4,-65.2,-93.3,37.4,-92.9,1.8,0.0,-4354.1,51.7,398.0,417.0,118.08,518.68,-14,-6.100000000000364,STRONG_DOWN,LOWER,MOMENTUM_DOWN,S5_TRASH,,,,
492,ROP,Technology,-136.5,0.0,-2.2,-11.3,-11.5,-19.7,-36.8,-52.8,-68.1,-84.7,-107.4,-136.5,45.1,-136.1,2.9,0.0,-843.9741328193237,8.5,489.0,504.0,103.04,522.44,-20,427.0258671806763,EARLY_DOWN,LOWER,MOMENTUM_DOWN,S5_TRASH,,,,
493,DPZ,Restaurants,-115.8,0.0,0.0,-14.8,-20.4,-23.9,-35.2,-46.6,-56.5,-74.4,-95.2,-115.8,80.2,-115.4,2.6,0.0,-2390.9,29.2,451.0,467.0,110.19,524.99,-19,-52.5,STRONG_DOWN,LOWER,MOMENTUM_DOWN,S5_TRASH,,,,
494,PAYC,Industrials,-118.3,4.1,-0.2,-1.8,-10.9,-22.4,-38.5,-44.9,-63.9,-90.4,-117.3,-118.3,389.7,-139.6,2.0,0.0,-55.180551588120395,-5.7,512.0,474.0,122.02,526.42,-4,787.9194484118797,STRONG_DOWN,LOWER,MOMENTUM_DOWN,S5_TRASH,,,,
495,GEHC,Healthcare,-61.8,0.7,-0.1,-11.4,-20.2,-23.4,-27.5,-41.5,-56.0,,,-61.8,20.1,-118.0,2.4,0.0,-3842.9722343997405,-16.2,529.0,331.0,120.6,527.8,2,1469.0277656002595,STRONG_DOWN,LOWER,MOMENTUM_DOWN,S5_TRASH,,,,
496,WDAY,Technology,-162.3,0.9,-1.2,-7.6,-15.2,-30.5,-47.1,-63.4,-80.8,-99.2,-126.7,-162.3,88.9,-163.9,2.5,0.0,-9.030664598761835,-17.3,534.0,539.0,116.08,529.08,20,1844.9693354012381,EARLY_UP,LOWER,NEUTRAL,S0_NEUTRAL,,,,
497,MRNA,Healthcare,-77.3,3.5,0.9,6.7,6.1,44.0,61.4,16.3,-27.0,-79.9,-80.8,-77.3,1434.6,-168.2,3.1,0.0,-5000.0,18.3,474.0,373.0,121.53,529.73,22,-2179.3,STRONG_DOWN,LOWER,MOMENTUM_UP,S4_BOTTOMING,,,,
498,BIIB,Healthcare,-164.3,5.6,-1.6,-3.1,-3.0,1.0,12.2,-5.0,-34.0,-65.7,-100.7,-164.3,14.3,-174.2,2.1,0.0,-3.7450878177405085,-19.3,537.0,540.0,122.0,529.8,29,1726.5549121822594,STRONG_UP,LOWER,MOMENTUM_UP,S0_NEUTRAL,,,,
499,ABT,Medical Devices,-123.0,0.0,0.0,-19.1,-25.7,-32.3,-43.5,-51.1,-62.7,-81.8,-104.1,-123.0,74.9,-122.6,2.3,0.0,-2297.4,22.0,465.0,483.0,111.73,531.73,-19,-21.200000000000273,STRONG_DOWN,LOWER,MOMENTUM_DOWN,S5_TRASH,,,,
500,UHS,Healthcare,-112.6,1.5,0.4,-7.9,-15.2,-22.3,-24.2,-34.2,-39.4,-45.4,-65.4,-112.6,9.9,-114.0,1.7,0.0,-5000.0,30.4,449.0,464.0,110.88,532.28,-5,-401.10000000000036,STRONG_DOWN,LOWER,MOMENTUM_UP,S4_BOTTOMING,,,,
501,IQV,Healthcare,-117.1,4.9,4.9,1.0,-8.6,-17.1,-16.1,-31.9,-49.7,-74.6,-94.7,-117.1,66.3,-126.0,2.2,0.0,-5000.0,27.9,455.0,470.0,109.5,533.3,13,262.3000000000002,EARLY_UP,LOWER,MOMENTUM_UP,S4_BOTTOMING,,,,
502,TRMB,Technology,-111.9,0.0,-1.4,-16.3,-16.4,-23.2,-30.7,-33.3,-39.6,-64.3,-81.8,-111.9,80.8,-111.3,1.6,0.0,-4669.142325546263,33.1,443.0,462.0,114.45,533.45,-32,-1217.1423255462632,EARLY_DOWN,LOWER,MOMENTUM_DOWN,S5_TRASH,,,,
503,IP,Packaging & Containers,-134.3,2.1,-0.8,-9.1,-18.6,-20.4,-32.4,-44.5,-48.2,-65.9,-85.5,-134.3,26.9,-137.3,2.1,0.0,-440.43290184686504,10.6,488.0,503.0,120.29,534.09,6,1324.267098153135,STRONG_DOWN,LOWER,MOMENTUM_UP,S4_BOTTOMING,,,,
504,HPQ,Technology,-120.1,6.3,2.2,6.8,8.9,-1.5,-14.9,-37.3,-52.9,-74.5,-87.5,-120.1,74.5,-132.6,2.2,0.0,-5000.0,24.9,462.0,478.0,107.82,534.62,-26,-4155.2,STRONG_UP,LOWER,MOMENTUM_UP,S0_NEUTRAL,,,,
505,SYY,Food Distribution,-107.2,0.0,0.0,-8.4,-16.2,-13.3,-17.0,-20.8,-31.6,-50.7,-70.9,-107.2,22.5,-106.7,2.0,0.0,-5000.0,37.7,435.0,452.0,118.66,534.86,-9,1759.1999999999998,STRONG_DOWN,LOWER,MOMENTUM_DOWN,S5_TRASH,,,,
506,LVS,Resorts & Casinos,-132.1,0.0,-1.8,-9.2,-9.4,-16.2,-11.8,-12.2,-29.1,-41.5,-74.6,-132.1,29.7,-131.6,2.1,0.0,-235.80144196118647,12.9,484.0,499.0,127.08,535.28,20,5411.498558038814,EARLY_DOWN,LOWER,MOMENTUM_DOWN,S5_TRASH,,,,
507,HUM,Healthcare,-144.7,10.8,4.1,29.0,32.3,18.0,4.9,-15.7,-44.4,-76.8,-104.1,-144.7,63.6,-169.4,2.0,0.0,-5000.0,0.3,505.0,515.0,93.06,535.86,-20,-3605.7,STRONG_UP,LOWER,MOMENTUM_UP,S0_NEUTRAL,,,,
508,FISV,Financial Technology,-182.0,0.0,-0.3,-12.8,-15.9,-19.2,-49.0,-75.2,-91.9,-110.3,-138.3,-182.0,66.3,-181.5,3.4,0.0,-408.77706491973237,-37.1,552.0,553.0,103.1,538.5,-20,420.72293508026763,EARLY_DOWN,LOWER,MOMENTUM_DOWN,S5_TRASH,,,,
509,AOS,Industrials,-126.6,0.0,0.0,-13.9,-21.7,-20.4,-26.1,-38.6,-53.7,-67.9,-82.3,-126.6,20.8,-126.1,2.4,0.0,-5000.0,18.4,473.0,490.0,107.29,538.69,-9,576.8000000000002,STRONG_DOWN,LOWER,MOMENTUM_DOWN,S5_TRASH,,,,
510,CRL,Healthcare,-125.4,0.8,0.7,-3.1,-9.1,-10.4,-6.2,-22.5,-43.0,-75.8,-98.8,-125.4,203.0,-127.6,2.1,0.0,-5000.0,19.6,471.0,488.0,108.63,539.23,7,2728.7,STRONG_UP,LOWER,NEUTRAL,S0_NEUTRAL,,,,
511,PPG,Specialty Chemicals,-139.5,1.5,-2.3,-5.0,-10.1,-5.1,-11.6,-25.7,-45.5,-69.0,-93.3,-139.5,10.8,-141.3,2.1,0.0,-828.5745040915843,5.5,494.0,507.0,119.18,539.38,0,1444.7254959084157,EARLY_DOWN,LOWER,MOMENTUM_UP,S4_BOTTOMING,,,,
512,AWK,Utilities,-117.1,0.0,0.0,-12.7,-12.5,-12.0,-21.1,-28.7,-41.6,-66.0,-90.6,-117.1,64.8,-116.6,2.4,0.0,-5000.0,27.9,455.0,470.0,116.02,539.82,-5,1500.3999999999996,STRONG_DOWN,LOWER,MOMENTUM_DOWN,S5_TRASH,,,,
513,GPC,Auto Parts,-122.7,0.0,0.0,-7.8,-16.6,-19.9,-26.9,-34.6,-51.2,-69.9,-82.9,-122.7,56.8,-122.3,1.8,0.0,-5000.0,22.2,464.0,482.0,111.93,539.93,-5,1033.6999999999998,EARLY_DOWN,LOWER,MOMENTUM_DOWN,S5_TRASH,,,,
514,OTIS,Industrials,-71.1,0.0,0.0,-10.6,-16.3,-19.1,-26.9,-38.2,-49.9,-63.0,,-71.1,3.8,-138.3,3.0,0.0,-5000.0,6.0,491.0,353.0,132.54,540.14,-4,2091.6000000000004,STRONG_DOWN,LOWER,MOMENTUM_DOWN,S5_TRASH,,,,
515,RVTY,Healthcare,-131.4,6.0,4.6,8.4,-0.3,-2.0,-5.7,-24.1,-40.6,-73.2,-97.8,-131.4,69.5,-147.1,2.1,0.0,-5000.0,13.5,482.0,497.0,106.2,540.8,5,983.8000000000002,STRONG_UP,LOWER,MOMENTUM_UP,S0_NEUTRAL,,,,
516,BBY,Specialty Retail,-132.8,0.0,-0.3,-11.8,-12.6,-19.4,-25.4,-41.7,-54.4,-76.9,-103.3,-132.8,97.8,-132.4,2.2,0.0,-1420.685202205341,12.2,485.0,500.0,120.6,543.2,6,4223.814797794659,STRONG_DOWN,LOWER,MOMENTUM_DOWN,S5_TRASH,,,,
517,ACN,IT Consulting & Other Services,-146.5,0.8,0.4,-11.5,-20.5,-28.3,-40.8,-58.9,-76.3,-97.0,-117.0,-146.5,86.6,-148.0,2.7,0.0,-5000.0,-1.5,507.0,517.0,100.21,543.81,-28,-2695.5,STRONG_DOWN,LOWER,MOMENTUM_UP,S4_BOTTOMING,,,,
518,GPN,Specialty Business Services,-176.3,0.0,-1.5,-6.7,-9.9,-13.3,-22.4,-42.8,-63.5,-91.6,-127.6,-176.3,72.1,-175.8,2.6,0.0,-115.92001993274582,-31.3,548.0,549.0,116.34,544.54,23,7216.679980067254,EARLY_DOWN,LOWER,MOMENTUM_DOWN,S5_TRASH,,,,
519,JKHY,Diversified Banks,-128.0,0.6,-0.3,-13.3,-17.2,-18.7,-25.0,-35.5,-48.0,-69.0,-93.7,-128.0,58.9,-128.7,2.0,0.0,-2714.612095976185,17.0,477.0,494.0,118.74,544.94,-4,3672.887904023815,STRONG_DOWN,LOWER,MOMENTUM_DOWN,S5_TRASH,,,,
520,BXP,Real Estate,-160.5,0.0,-1.1,0.8,-4.3,-12.1,-20.9,-30.7,-37.6,-65.5,-99.0,-160.5,7.4,-160.0,2.3,0.0,-61.59867963803083,-15.6,527.0,533.0,125.42,545.02,32,9994.10132036197,STRONG_UP,LOWER,MOMENTUM_DOWN,S0_NEUTRAL,,,,
521,POOL,Industrial Distribution,-144.1,0.0,0.0,-15.4,-22.1,-26.2,-41.2,-59.4,-78.0,-103.2,-124.8,-144.1,205.6,-143.7,2.5,0.0,-1957.3,0.9,504.0,514.0,114.09,547.69,-28,-121.0,EARLY_DOWN,LOWER,MOMENTUM_DOWN,S5_TRASH,,,,
522,TECH,Healthcare,-141.6,0.2,-1.2,-18.3,-23.2,-25.9,-27.2,-45.6,-63.6,-93.3,-116.8,-141.6,167.5,-147.7,2.2,0.0,-4128.499417511768,3.3,501.0,512.0,108.37,547.77,-19,556.7005824882317,EARLY_DOWN,LOWER,MOMENTUM_DOWN,S5_TRASH,,,,
523,LUV,Airlines,-133.6,10.9,0.7,-0.1,-10.9,-1.5,5.1,8.7,-0.4,-33.1,-68.9,-133.6,28.4,-152.9,2.0,0.0,-3014.7322145400617,11.4,486.0,501.0,119.21,549.41,-31,-1970.9322145400618,STRONG_UP,LOWER,MOMENTUM_UP,S0_NEUTRAL,,,,
524,NCLH,Travel Services,-176.3,0.0,-1.8,-18.0,-25.8,-26.2,-32.0,-40.5,-50.4,-67.9,-103.8,-176.3,12.0,-175.8,1.8,0.0,-456.6152186260893,-31.3,548.0,549.0,115.38,550.78,14,6062.08478137391,STRONG_DOWN,LOWER,MOMENTUM_DOWN,S5_TRASH,,,,
525,EH,Aerospace & Defense,-98.3,0.1,-0.4,-5.8,-15.2,-25.5,-41.3,-55.0,-69.4,-78.6,,-98.3,974.5,-131.1,2.4,0.0,-1066.9845554991462,-18.8,536.0,429.0,135.45,551.25,5,2585.815444500854,STRONG_DOWN,LOWER,MOMENTUM_UP,S4_BOTTOMING,,,,
526,CMCSA,Telecom Services,-162.0,0.0,-1.1,-15.5,-19.4,-15.6,-26.0,-42.1,-61.0,-83.9,-113.4,-162.0,16.7,-161.5,2.3,0.0,-81.9751674130001,-17.0,533.0,538.0,129.24,551.84,20,8487.324832586999,STRONG_DOWN,LOWER,MOMENTUM_DOWN,S5_TRASH,,,,
527,MDT,Healthcare,-139.7,0.0,0.0,-15.6,-23.3,-25.9,-28.9,-31.9,-41.7,-63.7,-93.0,-139.7,12.1,-139.2,1.8,0.0,-5000.0,5.2,497.0,509.0,114.25,554.25,-2,3946.2999999999993,STRONG_DOWN,LOWER,MOMENTUM_DOWN,S5_TRASH,,,,
528,MTCH,Internet Content & Information,-120.5,3.6,0.2,2.8,0.1,-3.5,-6.5,-15.6,-33.4,-70.8,-105.7,-120.5,469.7,-142.4,1.9,0.0,-5000.0,-8.0,515.0,479.0,116.76,554.36,-15,-2280.2,STRONG_DOWN,LOWER,MOMENTUM_DOWN,S5_TRASH,,,,
529,DIS,Entertainment,-142.2,1.4,1.4,0.9,-3.7,-6.7,-14.2,-20.3,-30.0,-58.5,-92.6,-142.2,38.2,-144.3,2.1,0.0,-5000.0,2.7,502.0,513.0,112.7,554.5,6,5478.9,STRONG_UP,LOWER,MOMENTUM_UP,S0_NEUTRAL,,,,
530,LW,Packaged Foods,-121.8,11.6,3.8,-3.5,-5.0,-13.2,-18.6,-36.1,-58.9,-73.9,-98.2,-121.8,59.8,-155.8,1.8,0.0,-5000.0,-23.8,539.0,480.0,112.22,554.82,-48,-4405.4,STRONG_DOWN,LOWER,MOMENTUM_UP,S4_BOTTOMING,,,,
531,TAP,Beverages - Brewers,-148.2,0.0,0.0,-7.7,-13.6,-13.7,-21.8,-34.6,-52.1,-65.3,-85.2,-148.2,11.2,-147.7,2.5,0.0,-5000.0,-3.3,508.0,518.0,111.28,555.28,-3,3898.1000000000004,STRONG_DOWN,LOWER,MOMENTUM_UP,S4_BOTTOMING,,,,
532,IFF,Specialty Chemicals,-153.8,7.1,3.3,5.6,3.0,8.1,3.0,-16.8,-28.9,-62.2,-95.7,-153.8,12.2,-165.9,2.4,0.0,-5000.0,-8.8,517.0,523.0,108.92,555.72,5,-2053.2,STRONG_UP,LOWER,MOMENTUM_UP,S0_NEUTRAL,,,,
533,SWKS,Technology,-161.7,2.4,-3.8,3.4,6.1,-1.0,-12.3,-32.7,-54.5,-83.8,-113.4,-161.7,67.4,-166.8,2.1,0.0,-1687.924116671533,-16.7,532.0,537.0,114.22,556.42,-31,-144.92411667153306,STRONG_UP,LOWER,MOMENTUM_DOWN,S0_NEUTRAL,,,,
534,APTV,Auto Parts,-172.7,0.0,-0.4,-12.9,-21.1,-26.7,-31.9,-38.3,-60.5,-92.9,-122.0,-172.7,58.7,-172.3,1.5,0.0,-865.3587976665051,-27.7,545.0,546.0,117.19,556.59,17,11040.341202333495,STRONG_DOWN,LOWER,MOMENTUM_DOWN,S5_TRASH,,,,
535,SWK,Industrials,-154.9,3.1,-1.5,1.1,-3.7,0.7,1.2,-17.2,-33.9,-62.6,-98.4,-154.9,21.3,-160.1,2.2,0.0,-2482.7353500976656,-10.0,521.0,526.0,116.14,557.14,-11,-61.53535009766574,STRONG_UP,LOWER,MOMENTUM_UP,S0_NEUTRAL,,,,
536,ZBH,Healthcare,-170.0,0.0,-0.6,-12.6,-15.1,-17.7,-25.8,-41.3,-61.0,-85.6,-116.3,-170.0,13.8,-169.5,2.8,0.0,-261.8742078508894,-25.0,543.0,544.0,128.19,557.99,21,10696.62579214911,STRONG_DOWN,LOWER,MOMENTUM_DOWN,S5_TRASH,,,,
537,CHTR,Telecom Services,-200.7,0.0,-1.1,-26.5,-31.5,-33.1,-51.3,-68.7,-87.9,-116.2,-148.9,-200.7,60.3,-200.1,2.5,0.0,-76.74345251979284,-55.7,559.0,561.0,126.13,558.13,22,10099.256547480207,STRONG_DOWN,LOWER,MOMENTUM_DOWN,S5_TRASH,,,,
538,SJM,Packaged Foods,-131.7,1.1,0.4,-4.3,-9.7,-8.0,-14.1,-21.2,-38.3,-60.1,-81.8,-131.7,15.9,-132.7,2.3,0.0,-5000.0,13.3,483.0,498.0,123.43,558.43,-4,4128.9,EARLY_UP,LOWER,MOMENTUM_UP,S4_BOTTOMING,,,,
539,CSGP,Real Estate,-174.0,0.0,-0.3,-18.9,-31.3,-43.7,-60.9,-75.5,-93.4,-114.6,-142.7,-174.0,138.6,-173.5,2.5,0.0,-984.0559938788891,-29.0,546.0,547.0,117.46,558.46,-10,1742.4440061211108,STRONG_DOWN,LOWER,MOMENTUM_DOWN,S5_TRASH,,,,
540,KHC,Packaged Foods,-154.8,1.3,0.4,-0.4,-4.1,-6.7,-14.9,-28.5,-45.0,-66.6,-86.2,-154.8,10.3,-156.4,2.8,0.0,-5000.0,-9.8,520.0,525.0,111.6,559.4,0,5680.799999999999,STRONG_UP,LOWER,MOMENTUM_UP,S0_NEUTRAL,,,,
541,ZTS,Healthcare,-161.1,0.0,0.0,-35.8,-39.0,-41.7,-53.0,-68.1,-85.4,-107.9,-132.9,-161.1,116.3,-160.7,2.6,0.0,-3385.3,-16.2,529.0,535.0,112.74,559.54,-36,-107.5,STRONG_DOWN,LOWER,MOMENTUM_DOWN,S5_TRASH,,,,
542,PYPL,Financials,-183.2,0.0,-1.8,-11.6,-13.1,-23.0,-37.6,-53.3,-67.7,-100.7,-137.2,-183.2,284.2,-182.7,2.2,0.0,-1381.8976521084348,-38.3,553.0,554.0,114.49,561.09,-6,4586.402347891565,EARLY_DOWN,LOWER,MOMENTUM_DOWN,S5_TRASH,,,,
543,MOS,Agricultural Inputs,-154.5,0.0,0.0,-17.7,-21.9,-21.0,-36.3,-42.3,-61.7,-90.6,-100.8,-154.5,156.0,-155.5,2.1,0.0,-5000.0,-9.6,519.0,524.0,113.95,561.35,-11,4026.5,STRONG_DOWN,LOWER,MOMENTUM_DOWN,S5_TRASH,,,,
544,STZ,Beverages - Brewers,-161.3,1.1,-4.5,-9.9,-11.3,-5.8,-16.6,-39.7,-61.4,-85.3,-110.7,-161.3,18.1,-162.7,2.4,0.0,-1504.7617326890258,-16.3,531.0,536.0,123.78,563.58,-26,16.538267310974106,EARLY_DOWN,LOWER,MOMENTUM_DOWN,S5_TRASH,,,,
545,NKE,Footwear & Accessories,-180.1,0.0,-0.3,-8.3,-21.7,-29.2,-41.1,-57.9,-79.6,-108.1,-136.8,-180.1,81.7,-179.6,2.0,0.0,-3414.5451664526513,-35.2,550.0,551.0,109.09,563.69,-2,6137.854833547348,STRONG_DOWN,LOWER,MOMENTUM_UP,S4_BOTTOMING,,,,
546,MKC,Packaged Foods,-156.9,0.0,0.0,-9.4,-21.7,-27.4,-39.0,-53.6,-69.0,-91.5,-119.6,-156.9,54.6,-156.4,3.1,0.0,-5000.0,-11.9,522.0,528.0,116.05,564.85,-15,1878.1000000000004,STRONG_DOWN,LOWER,MOMENTUM_DOWN,S5_TRASH,,,,
547,COO,Healthcare,-159.5,0.0,0.0,-17.3,-25.8,-27.4,-31.5,-50.3,-68.0,-90.4,-117.8,-159.5,37.1,-159.1,2.0,0.0,-5000.0,-14.6,525.0,531.0,114.95,564.95,-14,2599.3999999999996,STRONG_DOWN,LOWER,MOMENTUM_DOWN,S5_TRASH,,,,
548,EL,Personal Products,-169.2,1.3,0.2,7.8,-11.0,-14.8,-11.1,-18.4,-47.0,-89.6,-124.2,-169.2,96.0,-172.0,1.6,0.0,-5000.0,-24.2,540.0,541.0,112.22,567.22,2,6958.299999999999,STRONG_UP,LOWER,MOMENTUM_UP,S0_NEUTRAL,,,,
549,KMB,Household & Personal Products,-140.1,0.0,0.0,-6.7,-10.2,-12.8,-25.5,-37.5,-49.3,-66.6,-93.6,-140.1,20.6,-139.6,2.7,0.0,-5000.0,4.8,499.0,510.0,127.56,568.16,-10,2665.0,EARLY_UP,LOWER,NEUTRAL,S0_NEUTRAL,,,,
550,FIS,Information Technology Services,-189.0,0.0,-0.4,-12.6,-18.8,-28.4,-44.0,-59.6,-70.2,-98.2,-134.3,-189.0,38.7,-188.5,2.4,0.0,-1648.9555692585375,-44.0,556.0,557.0,119.3,569.9,4,9466.444430741461,STRONG_DOWN,LOWER,MOMENTUM_DOWN,S5_TRASH,,,,
551,HRL,Packaged Foods,-169.2,0.0,0.0,-13.1,-19.3,-18.7,-31.0,-47.2,-65.7,-92.6,-121.7,-169.2,42.7,-168.7,2.2,0.0,-5000.0,-24.2,540.0,541.0,116.29,571.29,-6,4886.799999999999,STRONG_DOWN,LOWER,MOMENTUM_DOWN,S5_TRASH,,,,
552,ARE,Real Estate,-194.6,0.7,-0.1,1.9,-10.0,-14.2,-34.0,-59.3,-79.8,-110.4,-142.5,-194.6,27.8,-195.6,2.4,0.0,-3234.1808645196247,-49.6,558.0,560.0,115.25,572.45,3,8002.419135480375,STRONG_DOWN,LOWER,MOMENTUM_UP,S4_BOTTOMING,,,,
553,GIS,Packaged Foods,-159.1,0.0,0.0,-8.5,-17.8,-21.8,-32.2,-50.8,-69.1,-90.1,-112.9,-159.1,35.2,-158.6,3.1,0.0,-5000.0,-14.1,524.0,530.0,123.73,573.33,-9,2430.8,STRONG_DOWN,LOWER,NEUTRAL,S5_TRASH,,,,
554,CPB,Packaged Foods,-186.4,0.0,-0.3,-10.6,-20.8,-27.6,-39.9,-60.0,-78.2,-101.7,-131.0,-186.4,16.9,-185.9,3.0,0.0,-1701.185314563726,-41.5,555.0,556.0,123.79,574.79,2,8584.214685436273,EARLY_UP,LOWER,NEUTRAL,S0_NEUTRAL,,,,
555,BF-B,Beverages - Wineries & Distilleries,-176.0,0.5,0.4,-1.1,-4.4,-4.8,-13.9,-36.0,-62.7,-95.0,-127.7,-176.0,47.8,-176.6,2.9,0.0,-5000.0,-31.0,547.0,548.0,117.03,574.83,-2,6918.5,EARLY_DOWN,LOWER,MOMENTUM_UP,S4_BOTTOMING,,,,
556,BDX,Healthcare,-169.7,0.6,0.2,-9.6,-13.8,-20.1,-27.7,-47.0,-67.0,-90.4,-120.0,-169.7,19.7,-170.4,2.4,0.0,-5000.0,-24.7,542.0,543.0,119.25,575.05,-8,4749.6,STRONG_DOWN,LOWER,MOMENTUM_UP,S4_BOTTOMING,,,,
557,EPAM,Technology,-181.8,0.0,0.0,-26.5,-37.3,-44.7,-51.9,-68.1,-88.8,-118.9,-147.7,-181.8,383.6,-181.4,2.9,0.0,-5000.0,-36.9,551.0,552.0,115.78,575.18,-15,2136.8,STRONG_DOWN,LOWER,MOMENTUM_DOWN,S5_TRASH,,,,
558,CLX,Household & Personal Products,-170.3,0.2,0.2,-10.3,-20.1,-20.4,-32.0,-49.8,-66.6,-89.0,-120.4,-170.3,47.4,-170.3,2.5,0.0,-5000.0,-25.3,544.0,545.0,119.36,575.96,-9,4411.9,STRONG_DOWN,LOWER,MOMENTUM_DOWN,S5_TRASH,,,,
559,PSKY,Entertainment,-192.8,0.0,-1.5,2.5,-7.0,-18.2,-27.5,-29.3,-48.5,-87.4,-124.8,-192.8,104.5,-193.9,2.1,0.0,-1606.688178137301,-47.8,557.0,558.0,127.42,578.02,2,8547.0118218627,EARLY_DOWN,LOWER,MOMENTUM_DOWN,S5_TRASH,,,,
560,CTSH,Technology,-160.8,0.0,0.0,-16.0,-25.7,-32.5,-40.7,-51.6,-64.3,-83.1,-108.3,-160.8,16.0,-160.3,2.0,0.0,-5000.0,-15.9,528.0,534.0,127.65,578.85,-13,3012.6000000000004,STRONG_DOWN,LOWER,MOMENTUM_DOWN,S5_TRASH,,,,
561,SPCE,Aerospace & Defense,-194.3,0.1,-0.4,9.3,5.7,-8.4,-18.0,-50.0,-86.8,-127.2,-165.3,-194.3,360.7,-208.8,2.6,0.0,-4311.729410818069,-80.9,562.0,559.0,122.35,583.75,1,12964.670589181933,EARLY_DOWN,LOWER,MOMENTUM_UP,S4_BOTTOMING,,,,
562,BAX,Healthcare,-201.0,0.5,0.5,-1.6,-9.8,-11.1,-29.7,-52.6,-74.0,-107.0,-143.4,-201.0,45.4,-201.9,2.9,0.0,-5000.0,-56.0,560.0,562.0,121.12,584.32,-2,8997.7,EARLY_DOWN,LOWER,MOMENTUM_DOWN,S5_TRASH,,,,
563,CAG,Packaged Foods,-184.2,0.0,0.0,-11.7,-21.9,-23.5,-35.2,-56.6,-75.9,-101.0,-129.0,-184.2,8.8,-183.7,3.0,0.0,-5000.0,-39.3,554.0,555.0,124.95,585.55,-5,5507.200000000001,STRONG_DOWN,LOWER,MOMENTUM_UP,S4_BOTTOMING,,,,
