Rank,Ticker,Sector,Divergence,Relative_Divergence,Delta_Previous_Relative_Divergence,1m,3m,6m,1y,2y,3y,5y,7y,max,Max_Divergence,Min_Divergence,Volatility_Adjustment,Expected_Return,Dynamic_Expected_Return,Total_Return,Total_Return_Rank,Divergence_Rank,Penalty,Average_Rank,Delta_Previous_Rank,Delta_Previous_Dynamic_Expected_Return,Trend_State,Position_State,Momentum_State,Composite_State,DER_cap_monthly,DER_capped,F_trend,DER_capped_trend,Total_Return_Rank,Divergence_Rank,Penalty,Recent_Momentum_Rank,Recent_Weakness_Penalty,Coverage_Penalty,State_Adjustment,Durability_Adjustment,Average_Rank,Market_Cap,Market_Cap_B,Market_Cap_Rank,Market_Cap_Bucket,Market_Cap_Asset_Type,Market_Cap_Source
1,QUBT,Quantum Computing,1163.3,14.0,2.2,50.8,41.1,20.2,-1.1,486.4,668.3,507.9,387.3,1163.3,9187.6,-139.9,1.6,8743.8,5000.0,1311.0,15.0,15.0,20.53,35.68,7,0.0,STRONG_UP,LOWER,MOMENTUM_UP,S0_NEUTRAL,,,,,15.0,15.0,20.53,52.0,0.0,0.0,0.0,0.0,35.68,2776335784.61,2.776,538.0,other,equity,data_raw
2,NVDA,Semiconductors,3710.2,90.9,-4.5,6.9,7.9,6.3,12.8,30.2,111.7,437.1,1142.5,3710.2,4013.4,-12.1,1.1,3238.7,79.25986834918646,3857.9,1.0,1.0,4.44,37.19,-1,-165.39082527011303,STRONG_UP,OVEREXTENDED,MOMENTUM_DOWN,S3_LATE_EXHAUSTION,,,,,1.0,1.0,4.44,110.0,0.0,0.0,12.0,-22.0,37.19,5215507974349.98,5215.508,1.0,cap10,equity,data_raw
3,RGTI,Quantum Computing,1066.2,40.0,13.9,64.6,52.5,24.7,47.6,774.8,1228.5,1082.6,,1066.2,2754.1,-93.0,1.5,1989.9,1184.2086741609987,1127.8,20.0,17.0,12.5,41.35,38,1039.9124139567216,STRONG_UP,MID_RANGE,MOMENTUM_UP,S1_LEADER,,,,,20.0,17.0,12.5,31.0,0.0,11.0,-6.0,0.0,41.35,8781976506.3,8.782,513.0,other,equity,data_raw
4,TRX-USD,Cryptocurrency,900.4,13.7,0.4,4.2,12.0,14.1,8.0,45.1,102.8,187.2,544.3,900.4,6637.4,-26.9,1.2,5531.1,1423.5008212442722,1013.6,23.0,24.0,8.21,42.71,-1,-33.52704319527152,STRONG_UP,LOWER,NEUTRAL,S0_NEUTRAL,,,,,23.0,24.0,8.21,101.0,0.0,0.0,0.0,0.0,42.71,34382158750.88,34.382,,crypto,crypto,data_raw
5,DELL,Computer Hardware & Services,690.7,100.0,9.7,48.7,84.5,93.1,110.3,117.6,174.1,300.6,461.9,690.7,685.7,-23.7,1.5,220.9,46.2,826.3,31.0,31.0,5.0,52.25,32,46.18660659086848,STRONG_UP,OVEREXTENDED,MOMENTUM_UP,S1_LEADER,,,,,31.0,31.0,5.0,10.0,0.0,0.0,-6.0,0.0,52.25,95946842749.26,95.947,127.0,large,equity,data_raw
6,LLY,Pharmaceuticals,528.0,87.3,6.6,2.4,-1.7,-1.4,7.7,2.0,11.8,94.2,239.8,528.0,607.2,-21.4,1.2,511.9,529.9715285912929,675.7,40.0,41.0,1.81,55.56,23,-43.62032867000937,STRONG_UP,OVEREXTENDED,MOMENTUM_UP,S1_LEADER,,,,,40.0,41.0,1.81,163.0,0.0,0.0,-6.0,0.0,55.56,949704597390.0,949.705,12.0,cap100,equity,data_raw
7,AMD,Semiconductors,2001.3,100.0,8.4,67.3,87.3,90.5,153.4,184.4,190.3,242.3,380.0,2001.3,2001.3,-27.9,1.5,710.8,132.9,2149.0,4.0,4.0,15.89,55.64,13,132.88643850122676,STRONG_UP,OVEREXTENDED,MOMENTUM_DOWN,S3_LATE_EXHAUSTION,,,,,4.0,4.0,15.89,5.0,0.0,0.0,12.0,0.0,55.64,762322120662.72,762.322,15.0,cap100,equity,data_raw
8,AAPL,Consumer Electronics,260.2,99.9,4.4,6.9,8.3,5.9,12.6,9.5,6.7,12.8,60.3,260.2,260.7,-12.6,1.2,197.3,85.41013508919615,407.9,63.0,64.0,0.0,56.1,-1,-127.10293961181863,STRONG_UP,OVEREXTENDED,MOMENTUM_UP,S1_LEADER,,,,,63.0,64.0,0.0,111.0,0.0,0.0,-6.0,-18.0,56.1,4535749387493.41,4535.749,2.0,cap10,equity,data_raw
9,QBTS,Quantum Computing,1034.5,57.0,18.8,70.3,54.8,31.3,59.1,833.5,1390.0,1113.8,,1034.5,1840.5,-110.7,1.5,1137.6,660.106442310357,1099.7,21.0,20.0,27.0,59.3,50,655.5762151316458,STRONG_UP,UPPER_RANGE,MOMENTUM_UP,S1_LEADER,,,,,21.0,20.0,27.0,27.0,0.0,11.0,-6.0,0.0,59.3,10797710635.5,10.798,496.0,other,equity,data_raw
10,ANET,Networking Equipment,734.1,81.6,8.0,-2.4,0.7,1.4,10.2,23.6,57.5,177.3,349.3,734.1,904.1,-19.6,1.3,730.1,703.2782092932578,881.8,28.0,28.0,9.97,61.12,37,407.56131534956654,STRONG_DOWN,OVEREXTENDED,MOMENTUM_UP,S0_NEUTRAL,,,,,28.0,28.0,9.97,159.0,0.0,0.0,0.0,0.0,61.12,193949866998.07,193.95,59.0,cap100,equity,data_raw
11,KLAC,Semiconductor Equipment,1021.9,95.4,5.0,8.2,14.0,28.9,62.3,95.2,128.7,226.7,441.4,1021.9,1070.1,-14.1,1.2,582.6,510.60804637371314,1169.6,18.0,21.0,4.44,62.44,4,504.74181423157813,EARLY_DOWN,OVEREXTENDED,MOMENTUM_DOWN,S5_TRASH,,,,,18.0,21.0,4.44,50.0,0.0,0.0,25.0,0.0,62.44,246674398743.81,246.674,46.0,cap100,equity,data_raw
12,SMCI,Computer Hardware,723.8,20.4,3.1,36.0,21.9,7.9,-14.4,-31.1,-35.5,194.9,479.7,723.8,3831.2,-73.1,1.4,4371.3,4274.3424818845515,871.5,29.0,29.0,27.33,63.08,32,3976.3261475354698,STRONG_UP,MID_RANGE,MOMENTUM_UP,S1_LEADER,,,,,29.0,29.0,27.33,90.0,10.0,0.0,-6.0,0.0,63.08,21398470690.79,21.398,398.0,other,equity,data_raw
13,PANW,Cybersecurity Software,310.9,100.0,8.8,44.4,48.6,37.7,27.1,22.3,25.4,65.7,158.9,310.9,311.2,-34.6,1.2,201.8,49.2,458.5,58.0,58.0,0.0,63.9,-8,-166.70257393452448,STRONG_UP,OVEREXTENDED,MOMENTUM_UP,S1_LEADER,,,,,58.0,58.0,0.0,38.0,0.0,0.0,-6.0,0.0,63.9,211330369110.11,211.33,54.0,cap100,equity,data_raw
14,IONQ,Quantum Computing,431.3,63.9,14.7,74.7,64.5,44.0,41.6,211.3,270.5,438.1,,431.3,660.4,-66.8,1.4,408.3,237.2557262056061,495.7,54.0,48.0,10.0,64.75,4,-58.48398671687727,STRONG_UP,UPPER_RANGE,MOMENTUM_UP,S1_LEADER,,,,,54.0,48.0,10.0,23.0,0.0,11.0,-6.0,0.0,64.75,23754899262.89,23.755,369.0,other,equity,data_raw
15,LRCX,Semiconductor Equipment,1077.9,100.0,5.6,19.6,21.1,46.6,119.9,181.3,211.2,294.1,460.4,1077.9,1066.2,-7.6,1.3,432.9,55.2,1225.6,16.0,16.0,11.44,66.09,-3,47.967327107783966,STRONG_UP,OVEREXTENDED,MOMENTUM_DOWN,S3_LATE_EXHAUSTION,,,,,16.0,16.0,11.44,21.0,0.0,0.0,12.0,0.0,66.09,381861862482.88,381.862,27.0,cap100,equity,data_raw
16,MU,Semiconductors,1560.1,92.5,3.5,62.6,68.0,122.0,328.4,468.0,589.1,743.3,909.8,1560.1,1687.4,-25.2,1.6,385.0,187.7403330880336,1707.8,8.0,9.0,27.33,68.63,3,187.40108996865112,STRONG_UP,OVEREXTENDED,MOMENTUM_DOWN,S3_LATE_EXHAUSTION,,,,,8.0,9.0,27.33,4.0,0.0,0.0,12.0,0.0,68.63,846928272301.0,846.928,13.0,cap100,equity,data_raw
17,FTNT,Cybersecurity Software,477.0,100.0,10.6,51.4,55.2,54.1,38.6,38.8,38.3,41.1,129.9,477.0,477.4,-20.2,1.4,300.4,68.9,624.7,45.0,45.0,11.44,69.24,-7,-250.56611984008336,STRONG_UP,OVEREXTENDED,NEUTRAL,S0_NEUTRAL,,,,,45.0,45.0,11.44,25.0,0.0,0.0,0.0,0.0,69.24,98123593640.55,98.124,123.0,large,equity,data_raw
18,JBL,Electronic Manufacturing Services,665.1,96.6,8.4,11.5,24.4,38.1,52.5,101.5,116.8,229.6,407.2,665.1,640.2,-28.8,1.1,328.3,273.37329554930676,812.7,32.0,32.0,0.0,70.3,4,272.63595642743377,EARLY_DOWN,OVEREXTENDED,MOMENTUM_DOWN,S5_TRASH,,,,,32.0,32.0,0.0,46.0,0.0,0.0,25.0,0.0,70.3,38439880969.64,38.44,276.0,large,equity,data_raw
19,MPWR,Semiconductors,646.8,93.9,2.9,12.5,22.3,38.0,63.4,79.3,94.1,133.8,259.4,646.8,687.5,-5.3,1.4,331.2,270.896525271414,794.4,33.0,33.0,0.0,70.4,-2,265.39529041448895,EARLY_DOWN,OVEREXTENDED,MOMENTUM_DOWN,S5_TRASH,,,,,33.0,33.0,0.0,43.0,0.0,0.0,25.0,0.0,70.4,78107368178.71,78.107,161.0,large,equity,data_raw
20,SMH,Unknown,586.5,99.6,4.5,21.4,27.7,37.9,63.9,86.2,119.2,188.5,294.4,586.5,588.7,-5.3,1.2,274.4,47.71351456962086,734.2,36.0,36.0,0.0,70.75,0,0.0,STRONG_UP,OVEREXTENDED,MOMENTUM_DOWN,S3_LATE_EXHAUSTION,,,,,36.0,36.0,0.0,39.0,0.0,0.0,12.0,0.0,70.75,58790612992.0,58.791,,etf,etf,data_raw
21,ASTS,Satellite Communications,1049.9,80.9,18.1,29.0,17.6,31.5,95.7,426.4,1100.4,1141.5,,1049.9,1284.2,-128.2,1.3,668.0,482.2080282827538,1132.6,19.0,19.0,30.5,72.0,3,-125.03140636588006,EARLY_UP,OVEREXTENDED,MOMENTUM_UP,S0_NEUTRAL,,,,,19.0,19.0,30.5,33.0,0.0,11.0,0.0,0.0,72.0,31625292286.72,31.625,310.0,other,equity,data_raw
22,RKLB,Aerospace & Defense,1568.5,100.0,6.1,81.0,77.9,104.1,182.8,833.1,1428.7,1620.4,,1568.5,1535.8,-77.2,1.3,538.0,48.2,1634.7,9.0,8.0,27.0,74.5,1,37.08468876213291,STRONG_UP,OVEREXTENDED,NEUTRAL,S0_NEUTRAL,,,,,9.0,8.0,27.0,1.0,0.0,11.0,0.0,0.0,74.5,78571231223.23,78.571,158.0,large,equity,data_raw
23,MRVL,Semiconductors,502.8,100.0,4.1,42.9,89.7,98.3,129.3,125.5,141.0,159.8,233.1,502.8,447.6,-14.2,2.2,99.4,23.4,650.5,41.0,42.0,15.89,75.59,17,11.429380115532547,STRONG_UP,OVEREXTENDED,MOMENTUM_UP,S1_LEADER,,,,,41.0,42.0,15.89,7.0,0.0,0.0,-6.0,0.0,75.59,171897356058.28,171.897,68.0,cap100,equity,data_raw
24,TRGP,Oil & Gas Midstream,548.2,99.6,-0.4,2.3,10.8,29.8,40.0,46.6,90.9,195.9,492.8,548.2,551.7,-93.5,1.2,342.5,65.31610936615532,695.9,37.0,38.0,17.78,77.08,-10,-0.1838906338446833,STRONG_UP,OVEREXTENDED,NEUTRAL,S0_NEUTRAL,,,,,37.0,38.0,17.78,65.0,0.0,0.0,0.0,0.0,77.08,59402700155.25,59.403,204.0,large,equity,data_raw
25,CIEN,Communications Equipment,1259.7,98.6,5.5,16.1,53.7,104.7,302.8,555.2,720.6,792.2,866.6,1259.7,1279.0,-63.2,1.3,298.9,113.58392301570328,1407.4,12.0,12.0,27.33,77.28,13,110.83840024641323,STRONG_UP,OVEREXTENDED,MOMENTUM_DOWN,S3_LATE_EXHAUSTION,,,,,12.0,12.0,27.33,11.0,0.0,0.0,12.0,0.0,77.28,82539916396.14,82.54,152.0,large,equity,data_raw
26,VRT,Electrical Equipment & Parts,1517.8,85.9,-12.7,4.3,24.2,46.1,92.7,150.0,365.5,971.3,1357.9,1517.8,1741.3,-60.9,1.3,841.9,45.715113341244475,1620.0,10.0,10.0,11.67,78.47,-24,-88.69691607822405,EARLY_DOWN,OVEREXTENDED,MOMENTUM_DOWN,S5_TRASH,,,,,10.0,10.0,11.67,34.0,0.0,0.0,25.0,0.0,78.47,125780269605.18,125.78,93.0,cap100,equity,data_raw
27,PL,Aerospace & Defense,863.4,100.0,3.3,23.6,48.0,113.8,378.7,937.7,1097.0,873.5,,863.4,845.8,-88.8,1.2,203.5,1.2,925.0,26.0,25.0,12.5,80.8,7,0.7128432602868154,STRONG_UP,OVEREXTENDED,MOMENTUM_UP,S1_LEADER,,,,,26.0,25.0,12.5,12.0,0.0,11.0,-6.0,0.0,80.8,14764087882.04,14.764,452.0,other,equity,data_raw
28,FIX,Engineering & Construction,2790.3,88.8,-8.7,4.3,20.0,46.7,116.0,239.7,419.5,956.1,1765.2,2790.3,3095.3,-40.0,1.1,1416.4,0.19916734477813477,2938.0,2.0,2.0,8.89,83.39,-24,-233.05703568412514,EARLY_DOWN,OVEREXTENDED,MOMENTUM_DOWN,S5_TRASH,,,,,2.0,2.0,8.89,28.0,0.0,0.0,25.0,0.0,83.39,64325087667.75,64.325,198.0,large,equity,data_raw
29,AVGO,Semiconductors,1248.3,93.2,-3.1,6.6,12.8,8.8,21.5,68.3,139.1,339.3,623.5,1248.3,1338.0,-16.4,1.2,983.6,4.509260468038308,1396.0,13.0,13.0,0.0,84.75,-16,-3.01930678623507,EARLY_DOWN,OVEREXTENDED,MOMENTUM_DOWN,S5_TRASH,,,,,13.0,13.0,0.0,86.0,0.0,0.0,25.0,0.0,84.75,1960815551077.25,1960.816,8.0,cap10,equity,data_raw
30,PWR,Construction & Engineering,1050.2,90.3,-7.2,4.7,18.4,33.9,52.5,86.5,122.1,238.6,571.6,1050.2,1124.7,-22.8,1.1,614.0,10.717400846681793,1197.8,17.0,18.0,8.89,87.89,-24,-195.5118899857357,EARLY_DOWN,OVEREXTENDED,MOMENTUM_DOWN,S5_TRASH,,,,,17.0,18.0,8.89,51.0,0.0,0.0,25.0,0.0,87.89,108559514558.92,108.56,111.0,large,equity,data_raw
31,TER,Semiconductors,425.4,78.9,6.1,0.7,11.5,42.9,139.3,155.5,166.0,159.1,191.5,425.4,539.1,-50.5,2.3,139.1,102.10613456503395,573.1,48.0,49.0,27.33,88.63,37,100.20945063983234,EARLY_DOWN,UPPER_RANGE,MOMENTUM_UP,S0_NEUTRAL,,,,,48.0,49.0,27.33,26.0,0.0,0.0,0.0,0.0,88.63,56110972929.46,56.111,219.0,large,equity,data_raw
32,ASML,Semi-Conductors,414.9,100.0,9.1,8.6,7.0,22.3,55.3,64.6,62.4,69.7,137.4,414.9,413.7,-5.8,1.7,200.0,36.4,562.6,50.0,51.0,22.89,89.74,24,36.397542978802925,STRONG_UP,OVEREXTENDED,MOMENTUM_UP,S1_LEADER,,,,,50.0,51.0,22.89,61.0,0.0,0.0,-6.0,0.0,89.74,629348514588.11,629.349,18.0,cap100,equity,data_raw
33,STX,Data Storage Devices,1596.0,97.0,2.2,43.3,67.1,122.3,279.7,503.8,676.1,813.8,1055.7,1596.0,1645.6,-36.7,1.3,386.3,38.11820092044375,1743.7,7.0,7.0,24.78,89.93,-12,26.9907042441099,EARLY_DOWN,OVEREXTENDED,MOMENTUM_DOWN,S5_TRASH,,,,,7.0,7.0,24.78,6.0,0.0,0.0,25.0,0.0,89.93,182237624288.69,182.238,63.0,cap100,equity,data_raw
34,TSLA,Automobile Manufacturers,836.9,56.0,0.5,1.7,-2.0,-7.1,-0.4,16.8,19.7,4.8,285.5,836.9,1535.1,-50.2,1.2,1376.6,646.9885942740966,984.6,25.0,27.0,25.42,94.17,-25,299.9263296941628,EARLY_DOWN,UPPER_RANGE,MOMENTUM_DOWN,S5_TRASH,,,,,25.0,27.0,25.42,202.0,0.0,0.0,25.0,-12.0,94.17,1599975962961.7,1599.976,9.0,cap10,equity,data_raw
35,GS,Investment Banking & Brokerage,200.9,95.0,7.8,3.2,3.4,7.2,17.8,42.8,76.7,100.7,162.4,200.9,212.9,-35.7,1.1,134.5,106.30197608032063,348.6,79.0,83.0,13.33,96.88,14,-5.1172785353504935,STRONG_UP,OVEREXTENDED,MOMENTUM_UP,S1_LEADER,,,,,79.0,83.0,13.33,116.0,0.0,0.0,-6.0,0.0,96.88,294042740971.47,294.043,42.0,cap100,equity,data_raw
36,MS,Investment Banking & Brokerage,204.5,100.0,5.7,4.7,5.9,8.1,18.1,37.6,55.7,66.8,129.1,204.5,204.8,-20.8,1.1,131.2,18.8,352.2,75.0,79.0,8.89,99.49,24,4.292296687542219,STRONG_UP,OVEREXTENDED,MOMENTUM_UP,S1_LEADER,,,,,75.0,79.0,8.89,105.0,0.0,0.0,-6.0,0.0,99.49,317081564836.11,317.082,36.0,cap100,equity,data_raw
37,HWM,Aerospace & Defense,723.7,92.1,-2.0,-1.3,0.6,7.7,16.5,69.2,156.7,318.7,544.1,723.7,755.5,-54.6,1.1,556.4,18.811751796918994,854.4,30.0,30.0,5.4,100.6,-21,14.956253716181976,EARLY_DOWN,OVEREXTENDED,MOMENTUM_DOWN,S5_TRASH,,,,,30.0,30.0,5.4,130.0,0.0,0.0,25.0,0.0,100.6,102647569879.53,102.648,118.0,large,equity,data_raw
38,TSM,Semiconductors,543.8,94.3,-0.3,1.4,4.4,14.1,37.5,69.5,125.8,177.5,267.9,543.8,577.1,-6.0,1.2,347.7,39.45578722138997,691.5,38.0,39.0,11.44,102.54,-5,-0.3288272373398726,EARLY_DOWN,OVEREXTENDED,MOMENTUM_DOWN,S5_TRASH,,,,,38.0,39.0,11.44,80.0,0.0,0.0,25.0,0.0,102.54,2098032405499.69,2098.032,6.0,cap10,equity,data_raw
39,CAT,Construction Machinery,491.2,92.0,-1.7,1.0,9.5,24.4,61.8,88.5,116.3,181.3,280.7,491.2,533.7,-5.5,1.2,250.6,5.08625892612787,638.9,44.0,44.0,4.44,103.99,-7,-1.9825206128179245,EARLY_DOWN,OVEREXTENDED,MOMENTUM_DOWN,S5_TRASH,,,,,44.0,44.0,4.44,55.0,0.0,0.0,25.0,0.0,103.99,405270286668.82,405.27,26.0,cap100,equity,data_raw
40,CDNS,Electronic Design Automation Software,286.9,78.4,9.6,12.8,14.8,11.5,3.2,1.0,-7.4,10.8,57.3,286.9,367.1,-3.4,1.2,314.3,314.0343303903719,434.6,60.0,60.0,14.44,105.09,21,314.0340424260222,EARLY_DOWN,UPPER_RANGE,MOMENTUM_DOWN,S5_TRASH,,,,,60.0,60.0,14.44,97.0,0.0,0.0,25.0,0.0,105.09,103042098429.93,103.042,117.0,large,equity,data_raw
41,TPL,Homebuilding,449.8,49.2,2.9,-16.5,-14.3,3.4,-0.6,-2.5,19.1,32.8,129.6,449.8,919.6,-5.5,1.4,965.1,909.4089781156623,597.5,46.0,47.0,28.28,105.83,42,698.1563059186573,STRONG_DOWN,MID_RANGE,MOMENTUM_UP,S4_BOTTOMING,,,,,46.0,47.0,28.28,277.0,4.0,0.0,-2.0,0.0,105.83,27729789606.67,27.73,340.0,other,equity,data_raw
42,WSM,Specialty Retail,284.8,71.1,13.9,-1.1,-7.1,-5.3,-6.3,-3.9,28.8,63.5,146.0,284.8,417.3,-40.6,1.2,422.7,386.8552589456313,432.5,61.0,61.0,21.29,106.54,87,278.37175264613813,EARLY_UP,UPPER_RANGE,MOMENTUM_UP,S2_EARLY_BREAKOUT,,,,,61.0,61.0,21.29,248.0,4.0,0.0,-4.0,0.0,106.54,22665463975.0,22.665,382.0,other,equity,data_raw
43,IRM,Data Storage & Management,232.1,75.0,0.9,3.7,11.2,21.0,16.7,7.4,18.9,53.9,142.0,232.1,320.0,-29.9,1.2,219.0,250.59032585577168,379.7,69.0,71.0,13.33,108.93,5,250.22248457399903,EARLY_DOWN,UPPER_RANGE,MOMENTUM_DOWN,S5_TRASH,,,,,69.0,71.0,13.33,83.0,0.0,0.0,25.0,0.0,108.93,37624970886.87,37.625,279.0,large,equity,data_raw
44,ON,Semiconductors,203.9,64.5,2.6,41.1,58.6,83.2,101.2,77.2,42.1,32.0,101.6,203.9,342.5,-46.0,1.8,8.6,62.38457060604333,351.5,77.0,81.0,28.24,111.04,6,-3.6982664001697074,STRONG_UP,UPPER_RANGE,MOMENTUM_DOWN,S0_NEUTRAL,,,,,77.0,81.0,28.24,17.0,0.0,0.0,0.0,0.0,111.04,45178929607.67,45.179,251.0,large,equity,data_raw
45,SNDK,Data Storage Devices,1918.0,94.2,4.7,60.3,98.3,304.4,1595.9,,,,,1918.0,2010.1,-4.5,1.5,411.3,462.38476406223344,1935.4,6.0,5.0,17.5,111.45,20,423.7585423897401,STRONG_UP,OVEREXTENDED,MOMENTUM_DOWN,S3_LATE_EXHAUSTION,,,,,6.0,5.0,17.5,1.0,0.0,60.0,12.0,0.0,111.45,218978835579.89,218.979,51.0,cap100,equity,data_raw
46,WMB,Oil & Gas Midstream,203.0,95.6,0.8,-2.1,1.5,12.3,15.4,33.9,63.3,117.6,187.5,203.0,215.4,-57.9,1.1,142.8,24.49789342350273,350.6,78.0,82.0,14.32,112.02,-3,-6.901693938095509,STRONG_UP,OVEREXTENDED,NEUTRAL,S0_NEUTRAL,,,,,78.0,82.0,14.32,120.0,0.0,0.0,0.0,0.0,112.02,95968675347.47,95.969,126.0,large,equity,data_raw
47,COHR,,620.9,91.9,-1.7,24.8,39.2,78.5,185.4,273.6,425.2,466.7,522.2,620.9,683.2,-81.6,1.6,148.2,0.9120901289939979,768.6,35.0,35.0,29.22,112.07,-12,-15.802341013367911,STRONG_UP,OVEREXTENDED,MOMENTUM_DOWN,S3_LATE_EXHAUSTION,,,,,35.0,35.0,29.22,16.0,0.0,0.0,12.0,0.0,112.07,73867539862.88,73.868,172.0,large,equity,data_raw
48,AMAT,Semiconductor Equipment & Materials,497.9,96.1,-1.7,8.1,12.6,35.1,79.1,90.5,99.9,135.2,244.2,497.9,518.8,-21.2,1.6,215.5,7.537614039615225,645.6,42.0,43.0,15.89,112.69,-21,0.4168345935745501,EARLY_DOWN,OVEREXTENDED,MOMENTUM_DOWN,S5_TRASH,,,,,42.0,43.0,15.89,44.0,0.0,0.0,25.0,0.0,112.69,343117510176.37,343.118,33.0,cap100,equity,data_raw
49,OKE,Oil & Gas Midstream,148.0,59.2,1.4,-2.8,3.0,12.3,8.6,-5.5,-5.7,9.5,72.7,148.0,292.4,-60.3,1.4,216.4,250.6187775003323,295.7,96.0,99.0,23.89,114.54,-3,-14.015717377348636,STRONG_UP,UPPER_RANGE,NEUTRAL,S0_NEUTRAL,,,,,96.0,99.0,23.89,135.0,0.0,0.0,0.0,0.0,114.54,59241988304.48,59.242,205.0,large,equity,data_raw
50,XLK,Technology,171.6,100.0,2.7,13.9,16.8,15.8,19.6,25.0,27.4,42.2,67.0,171.6,171.0,-3.6,1.2,99.8,19.9,319.3,89.0,92.0,4.44,114.74,0,0.0,STRONG_UP,OVEREXTENDED,MOMENTUM_DOWN,S3_LATE_EXHAUSTION,,,,,89.0,92.0,4.44,73.0,0.0,0.0,12.0,0.0,114.74,103332429824.0,103.332,,etf,etf,data_raw
51,GOOGL,Internet Conglomerates,253.9,90.8,-6.9,5.4,7.7,11.8,43.8,64.9,83.8,105.9,156.5,253.9,281.0,-11.4,1.3,127.8,0.100933937695876,401.6,65.0,66.0,4.44,117.79,-20,-4.917776386054272,EARLY_DOWN,OVEREXTENDED,MOMENTUM_DOWN,S5_TRASH,,,,,65.0,66.0,4.44,70.0,0.0,0.0,25.0,-8.0,117.79,2230289035434.58,2230.289,5.0,cap10,equity,data_raw
52,FSLR,Solar Energy,100.9,47.6,9.7,16.9,15.6,3.8,15.9,8.9,-1.0,24.6,63.8,100.9,269.7,-51.3,1.6,120.0,143.7209514174465,248.6,120.0,123.0,23.33,118.58,23,-31.35367609372355,STRONG_UP,MID_RANGE,MOMENTUM_UP,S1_LEADER,,,,,120.0,123.0,23.33,85.0,0.0,0.0,-6.0,0.0,118.58,27706850305.39,27.707,341.0,other,equity,data_raw
53,GOOG,Internet Content & Information,253.3,90.7,-7.1,5.2,7.0,10.8,41.9,61.9,80.2,101.7,152.0,253.3,280.7,-10.8,1.3,131.9,0.09360495426978244,400.9,66.0,67.0,4.44,118.94,-25,-5.6205717290214405,EARLY_DOWN,OVEREXTENDED,MOMENTUM_DOWN,S5_TRASH,,,,,66.0,67.0,4.44,74.0,0.0,0.0,25.0,-8.0,118.94,2069897306640.62,2069.897,7.0,cap10,equity,data_raw
54,BK,Asset Servicing,113.6,93.6,4.8,0.9,4.6,9.6,18.7,43.3,78.3,105.4,128.2,113.6,125.6,-53.4,1.1,62.1,40.96302811490435,261.3,111.0,114.0,13.33,119.03,3,-1.4702948606964839,STRONG_UP,OVEREXTENDED,MOMENTUM_UP,S1_LEADER,,,,,111.0,114.0,13.33,107.0,0.0,0.0,-6.0,0.0,119.03,95509633660.68,95.51,128.0,large,equity,data_raw
55,STLD,Steel,343.6,97.9,6.0,9.3,15.2,24.7,43.7,49.9,50.3,91.4,245.2,343.6,352.4,-47.6,1.3,177.1,72.38018725122608,491.3,55.0,56.0,24.78,120.03,-1,56.1553795512843,EARLY_DOWN,OVEREXTENDED,MOMENTUM_DOWN,S5_TRASH,,,,,55.0,56.0,24.78,58.0,0.0,0.0,25.0,0.0,120.03,34615393647.39,34.615,294.0,large,equity,data_raw
56,EME,Construction & Engineering,628.7,86.8,-8.9,-5.8,1.8,11.8,23.0,47.6,105.3,264.1,433.7,628.7,717.4,-42.2,1.2,492.3,0.022903613669881098,776.4,34.0,34.0,13.73,120.68,-31,-31.536129795245454,EARLY_DOWN,OVEREXTENDED,MOMENTUM_DOWN,S5_TRASH,,,,,34.0,34.0,13.73,115.0,0.0,0.0,25.0,0.0,120.68,37725795203.52,37.726,278.0,large,equity,data_raw
57,URI,Equipment Rental,275.3,78.0,-3.7,5.2,6.6,5.7,1.4,0.0,9.1,44.3,138.2,275.3,362.9,-36.0,1.3,317.5,40.367612117733685,422.9,62.0,62.0,8.89,120.84,-21,-123.12830153329982,EARLY_DOWN,UPPER_RANGE,MOMENTUM_DOWN,S5_TRASH,,,,,62.0,62.0,8.89,143.0,0.0,0.0,25.0,0.0,120.84,58801311025.45,58.801,209.0,large,equity,data_raw
58,APP,Software,845.1,55.2,-2.7,5.8,2.0,-13.8,-7.3,107.6,474.6,850.1,,845.1,1542.2,-55.4,1.4,1660.5,0.10923528888795189,906.7,27.0,26.0,12.9,121.85,-47,-1339.4805285767993,STRONG_UP,UPPER_RANGE,MOMENTUM_DOWN,S0_NEUTRAL,,,,,27.0,26.0,12.9,222.0,8.0,11.0,0.0,0.0,121.85,147264987520.75,147.265,85.0,cap100,equity,data_raw
59,LITE,Communication Equipment,1374.3,89.0,-2.5,3.1,41.6,123.1,473.9,939.3,1201.5,1140.2,1118.6,1374.3,1558.0,-109.6,1.6,335.7,-0.4358826485347279,1521.9,11.0,11.0,27.33,122.53,-6,13.149994290687658,EARLY_DOWN,OVEREXTENDED,MOMENTUM_DOWN,S5_TRASH,,,,,11.0,11.0,27.33,15.0,0.0,0.0,25.0,0.0,122.53,73668821899.41,73.669,173.0,large,equity,data_raw
60,TPR,Luxury Goods,222.3,75.9,6.9,-12.2,-10.6,-1.6,15.2,82.1,135.9,176.5,279.2,222.3,323.5,-95.4,1.1,210.8,135.98228030010083,370.0,71.0,73.0,30.02,124.12,42,129.30411822352883,EARLY_UP,UPPER_RANGE,MOMENTUM_UP,S2_EARLY_BREAKOUT,,,,,71.0,73.0,30.02,203.0,4.0,0.0,-4.0,0.0,124.12,27981173551.72,27.981,336.0,other,equity,data_raw
61,CRWD,Cybersecurity Software,237.0,100.0,7.4,48.5,52.3,39.4,31.5,51.6,92.4,127.7,,237.0,201.8,-38.3,1.3,111.1,21.0,326.2,85.0,70.0,30.5,127.35,-3,-80.8236546562518,STRONG_UP,OVEREXTENDED,NEUTRAL,S0_NEUTRAL,,,,,85.0,70.0,30.5,32.0,0.0,11.0,0.0,0.0,127.35,168874805815.5,168.875,69.0,cap100,equity,data_raw
62,MPC,Oil & Gas Refining & Marketing,206.7,86.6,-0.3,-3.0,12.9,20.3,26.4,27.8,23.4,75.5,181.4,206.7,251.1,-77.8,1.4,131.3,27.385132846195415,354.4,73.0,76.0,26.4,127.9,-20,-95.93121851255754,STRONG_UP,OVEREXTENDED,MOMENTUM_DOWN,S3_LATE_EXHAUSTION,,,,,73.0,76.0,26.4,79.0,0.0,0.0,12.0,0.0,127.9,74341662320.91,74.342,170.0,large,equity,data_raw
63,GLW,Electronic Components,532.0,91.3,1.1,20.8,35.8,70.5,142.6,244.2,341.1,390.8,455.3,532.0,588.8,-58.2,1.2,142.4,8.596887061841999,679.7,39.0,40.0,36.22,129.77,-8,8.594028153011594,EARLY_DOWN,OVEREXTENDED,MOMENTUM_DOWN,S5_TRASH,,,,,39.0,40.0,36.22,18.0,0.0,0.0,25.0,0.0,129.77,167006772567.71,167.007,70.0,cap100,equity,data_raw
64,RL,Apparel Manufacturing,133.4,87.0,21.0,-3.0,-2.8,-1.4,7.0,34.0,69.6,118.9,148.6,133.4,164.2,-70.2,1.1,115.3,81.19848762549051,281.1,103.0,106.0,19.55,131.0,75,81.09903078238328,STRONG_DOWN,OVEREXTENDED,MOMENTUM_UP,S0_NEUTRAL,,,,,103.0,106.0,19.55,176.0,0.0,0.0,0.0,0.0,131.0,14217776698.66,14.218,455.0,other,equity,data_raw
65,CASY,Retail Specialty Group,257.4,88.1,-5.7,-3.3,8.3,23.0,33.8,57.4,86.9,141.1,180.0,257.4,297.0,-38.6,1.1,151.6,0.013303136443037341,405.1,64.0,65.0,9.5,131.7,-14,-0.21388171079643944,EARLY_DOWN,OVEREXTENDED,MOMENTUM_DOWN,S5_TRASH,,,,,64.0,65.0,9.5,76.0,0.0,0.0,25.0,0.0,131.7,30491939652.46,30.492,316.0,other,equity,data_raw
66,HLT,Lodging,89.0,75.4,2.0,-6.2,-4.5,0.6,2.0,4.5,12.0,26.6,44.4,89.0,125.4,-21.3,1.2,104.2,86.20353092855983,236.7,125.0,130.0,11.6,132.85,30,77.39551955733101,EARLY_UP,UPPER_RANGE,MOMENTUM_UP,S2_EARLY_BREAKOUT,,,,,125.0,130.0,11.6,200.0,0.0,0.0,-4.0,0.0,132.85,73093336224.96,73.093,176.0,large,equity,data_raw
67,GWW,Industrial Distribution,162.7,74.7,-3.8,2.0,3.1,9.7,6.2,-1.3,-2.9,28.4,79.1,162.7,230.8,-40.3,1.2,182.8,0.3302499741878234,310.4,94.0,97.0,17.44,133.74,-37,-190.7841517284592,STRONG_UP,UPPER_RANGE,MOMENTUM_DOWN,S0_NEUTRAL,,,,,94.0,97.0,17.44,136.0,0.0,0.0,0.0,0.0,133.74,58912059601.27,58.912,208.0,large,equity,data_raw
68,GE,Aerospace & Defense,185.5,76.4,7.7,-4.1,-9.2,-9.1,-5.9,14.7,58.8,178.2,257.3,185.5,260.3,-96.0,1.1,226.1,190.52425891834724,333.2,84.0,88.0,26.43,134.03,54,190.52076637001704,STRONG_UP,UPPER_RANGE,MOMENTUM_UP,S1_LEADER,,,,,84.0,88.0,26.43,288.0,4.0,0.0,-6.0,0.0,134.03,315964244426.58,315.964,37.0,cap100,equity,data_raw
69,381180.KS,Asset Management,205.3,100.0,2.2,30.1,38.6,50.8,85.7,106.1,137.7,203.7,,205.3,185.3,-10.3,1.6,47.2,6.7,267.0,108.0,78.0,12.5,134.1,-6,3.3185908389240972,STRONG_UP,OVEREXTENDED,MOMENTUM_DOWN,S3_LATE_EXHAUSTION,,,,,108.0,78.0,12.5,22.0,0.0,11.0,12.0,0.0,134.1,58494000000.0,58.494,,etf,etf,data_raw
70,IBKR,Capital Markets,308.6,88.0,-10.6,1.8,2.6,7.6,14.7,50.0,103.9,182.6,250.2,308.6,313.6,-46.8,1.2,222.4,0.03912507408835653,456.3,59.0,59.0,13.33,136.98,-44,-82.88402348255742,EARLY_DOWN,OVEREXTENDED,MOMENTUM_DOWN,S5_TRASH,,,,,59.0,59.0,13.33,124.0,0.0,0.0,25.0,0.0,136.98,36240152331.64,36.24,289.0,large,equity,data_raw
71,GRMN,Scientific & Technical Instruments,119.5,69.7,11.4,-8.3,-4.0,2.2,-2.1,-0.7,18.6,32.8,40.2,119.5,174.5,-6.4,1.2,177.2,157.21584448804646,267.2,107.0,111.0,28.29,139.54,49,157.21582432484044,STRONG_DOWN,UPPER_RANGE,MOMENTUM_UP,S0_NEUTRAL,,,,,107.0,111.0,28.29,212.0,0.0,0.0,0.0,0.0,139.54,46422418641.07,46.422,250.0,large,equity,data_raw
72,APH,Electronic Components,250.9,62.0,5.9,-10.5,-13.8,-13.8,-1.7,30.5,62.0,108.0,159.8,250.9,384.6,-16.3,1.2,331.3,227.00521927915315,398.5,67.0,68.0,12.96,140.81,36,226.99768093011264,STRONG_DOWN,UPPER_RANGE,MOMENTUM_UP,S0_NEUTRAL,,,,,67.0,68.0,12.96,350.0,20.0,0.0,0.0,0.0,140.81,162464757803.2,162.465,75.0,cap100,equity,data_raw
73,MAR,Lodging,47.9,83.1,9.6,-1.1,1.7,8.8,14.1,14.5,14.6,30.6,43.8,47.9,68.0,-49.0,1.3,23.2,20.019728844287755,195.5,149.0,157.0,15.1,146.95,38,15.142629609955613,STRONG_UP,OVEREXTENDED,MOMENTUM_UP,S1_LEADER,,,,,149.0,157.0,15.1,128.0,0.0,0.0,-6.0,0.0,146.95,97340653571.02,97.341,125.0,large,equity,data_raw
74,NTAP,Diversified Technology,48.4,59.7,26.5,21.8,28.1,23.2,20.6,9.7,13.5,18.3,31.7,48.4,108.6,-39.4,1.6,14.0,42.67841599948364,196.1,148.0,156.0,29.22,147.37,45,-33.38731068303097,STRONG_UP,UPPER_RANGE,MOMENTUM_UP,S1_LEADER,,,,,148.0,156.0,29.22,57.0,0.0,0.0,-6.0,0.0,147.37,27499964664.44,27.5,343.0,other,equity,data_raw
75,ADI,Semiconductors,144.3,80.9,-11.9,3.2,7.3,23.8,38.6,44.3,47.1,59.9,81.2,144.3,180.5,-7.8,1.8,59.9,8.963231188109788e-07,291.9,98.0,102.0,4.44,148.69,-9,-0.0024804444702569888,EARLY_DOWN,OVEREXTENDED,MOMENTUM_DOWN,S5_TRASH,,,,,98.0,102.0,4.44,69.0,0.0,0.0,25.0,0.0,148.69,193407654540.33,193.408,60.0,cap100,equity,data_raw
76,CBOE,Financial Data & Stock Exchanges,109.4,93.6,-4.9,9.7,14.5,22.9,27.0,38.9,48.1,81.0,97.7,109.4,121.0,-55.4,1.2,41.1,0.039733106526700326,257.1,113.0,116.0,17.78,151.93,-9,-1.8881881919208765,STRONG_UP,OVEREXTENDED,MOMENTUM_DOWN,S3_LATE_EXHAUSTION,,,,,113.0,116.0,17.78,68.0,0.0,0.0,12.0,0.0,151.93,37398030351.16,37.398,281.0,large,equity,data_raw
77,WDC,Data Storage Devices,905.1,92.9,0.3,28.8,52.0,111.3,343.1,581.7,787.2,926.4,966.3,905.1,982.8,-100.9,1.7,165.2,-8.22678574287314,1052.8,22.0,23.0,45.11,154.56,5,-1.8813658167797014,EARLY_DOWN,OVEREXTENDED,MOMENTUM_DOWN,S5_TRASH,,,,,22.0,23.0,45.11,9.0,0.0,0.0,25.0,0.0,154.56,166922661979.93,166.923,71.0,cap100,equity,data_raw
78,VLO,Oil & Gas Refining & Marketing,118.2,80.5,-2.4,-7.0,7.1,19.9,39.4,43.9,40.5,67.2,113.5,118.2,167.2,-81.9,1.5,40.2,3.577029721901798,265.8,109.0,112.0,26.13,154.78,-14,-8.188467633364025,STRONG_UP,OVEREXTENDED,MOMENTUM_DOWN,S3_LATE_EXHAUSTION,,,,,109.0,112.0,26.13,78.0,0.0,0.0,12.0,0.0,154.78,73330521836.29,73.331,175.0,large,equity,data_raw
79,KMI,Oil & Gas Midstream,77.4,77.0,-0.3,-5.3,-3.4,5.4,4.4,11.4,24.2,47.0,75.4,77.4,118.9,-59.1,1.2,80.0,13.284259830631898,225.1,132.0,136.0,20.2,155.25,-5,-58.52726890586064,STRONG_UP,UPPER_RANGE,NEUTRAL,S0_NEUTRAL,,,,,132.0,136.0,20.2,173.0,0.0,0.0,0.0,0.0,155.25,75176864365.92,75.177,169.0,large,equity,data_raw
80,QQQ,Asset Management,54.9,82.8,5.1,1.1,0.5,-0.3,1.1,2.7,3.8,8.5,16.5,54.9,67.3,-4.6,1.1,62.0,59.589648352382135,181.8,168.0,151.0,16.86,156.91,5,0.0,EARLY_UP,OVEREXTENDED,MOMENTUM_UP,S0_NEUTRAL,,,,,168.0,151.0,16.86,171.0,0.0,0.0,0.0,0.0,156.91,372507312128.0,372.507,,etf,etf,data_raw
81,COST,Hypermarkets & Super Centers,124.0,63.5,-4.4,-6.2,-4.4,-0.0,-6.9,-11.5,-4.2,11.4,38.0,124.0,205.0,-17.8,1.3,226.3,0.004414859542331126,271.7,105.0,109.0,20.0,157.8,-29,-217.30618339524636,STRONG_UP,UPPER_RANGE,NEUTRAL,S0_NEUTRAL,,,,,105.0,109.0,20.0,231.0,0.0,0.0,0.0,0.0,157.8,456181283397.06,456.181,24.0,cap100,equity,data_raw
82,WELL,Healthcare REITs,95.9,87.5,1.0,-4.1,-1.2,1.4,7.0,25.6,49.4,74.0,90.6,95.9,117.6,-51.9,1.1,77.5,10.217883746632094,243.6,122.0,127.0,15.15,158.1,5,1.5583586660906992,STRONG_UP,OVEREXTENDED,MOMENTUM_DOWN,S3_LATE_EXHAUSTION,,,,,122.0,127.0,15.15,167.0,0.0,0.0,12.0,0.0,158.1,152597525363.93,152.598,79.0,cap100,equity,data_raw
83,KEYS,Electronic Test & Measurement,196.8,87.7,-2.2,0.3,14.3,37.6,63.9,78.0,73.1,52.1,58.8,196.8,226.7,-14.6,3.0,54.4,0.9156592763470984,344.5,80.0,84.0,35.23,160.88,-4,0.8407139893919805,EARLY_DOWN,OVEREXTENDED,MOMENTUM_DOWN,S5_TRASH,,,,,80.0,84.0,35.23,49.0,0.0,0.0,25.0,0.0,160.88,59171132410.36,59.171,207.0,large,equity,data_raw
84,TXN,Semiconductors,105.3,100.0,2.0,25.1,30.7,51.4,52.7,45.9,43.2,35.7,45.9,105.3,105.5,-54.4,2.1,2.2,2.3,253.0,115.0,118.0,34.8,162.7,7,-0.35686702161650796,STRONG_UP,OVEREXTENDED,MOMENTUM_DOWN,S3_LATE_EXHAUSTION,,,,,115.0,118.0,34.8,37.0,0.0,0.0,12.0,0.0,162.7,281409784128.44,281.41,43.0,cap100,equity,data_raw
85,AMZN,Internet Retail,50.9,43.8,0.2,4.2,7.5,5.7,4.5,2.7,8.2,9.6,-2.6,50.9,152.6,-27.7,1.3,87.9,92.82518278155747,198.5,146.0,154.0,20.9,163.8,20,92.82518244813541,EARLY_DOWN,MID_RANGE,MOMENTUM_DOWN,S5_TRASH,,,,,146.0,154.0,20.9,134.0,0.0,0.0,25.0,-8.0,163.8,2864833463782.94,2864.833,4.0,cap10,equity,data_raw
86,PH,Diversified Machinery,189.0,68.4,0.0,-11.8,-14.9,-10.3,-3.2,5.5,19.8,63.8,116.4,189.0,289.7,-29.7,1.1,270.8,76.2,336.7,83.0,87.0,19.1,164.0,13,68.37243548877402,STRONG_DOWN,UPPER_RANGE,MOMENTUM_UP,S0_NEUTRAL,,,,,83.0,87.0,19.1,353.0,20.0,0.0,0.0,0.0,164.0,109311858577.89,109.312,110.0,large,equity,data_raw
87,TT,Building Products,215.9,74.0,-6.0,-9.6,-7.7,-4.8,-9.2,-6.7,10.3,44.1,89.5,215.9,294.6,-7.0,1.2,301.2,15.41261696120199,363.6,72.0,74.0,17.59,165.19,-15,-64.08738303879801,EARLY_DOWN,UPPER_RANGE,MOMENTUM_DOWN,S5_TRASH,,,,,72.0,74.0,17.59,296.0,4.0,0.0,25.0,0.0,165.19,99700438807.95,99.7,121.0,large,equity,data_raw
88,BNB-USD,Cryptocurrency,2192.4,39.1,0.3,-2.9,-8.3,-21.2,-26.7,-26.4,2.1,-1.1,721.7,2192.4,5605.5,-25.2,1.3,7161.1,5000.0,2305.5,3.0,3.0,35.13,165.33,-15,4587.9693912037455,EARLY_DOWN,MID_RANGE,MOMENTUM_DOWN,S5_TRASH,,,,,3.0,3.0,35.13,421.0,40.0,0.0,25.0,0.0,165.33,87611604366.34,87.612,,crypto,crypto,data_raw
89,315960.KS,Dividend,389.2,96.0,3.2,36.5,40.6,80.6,172.6,246.3,281.3,329.6,382.0,389.2,370.2,-74.4,1.6,36.4,-18.87223872997701,485.3,56.0,54.0,45.67,165.37,-9,-18.870494708516016,STRONG_UP,OVEREXTENDED,MOMENTUM_DOWN,S3_LATE_EXHAUSTION,,,,,56.0,54.0,45.67,14.0,0.0,0.0,12.0,0.0,165.37,6755000000.0,6.755,,etf,etf,data_raw
90,VST,Independent Power Producers,456.7,59.9,8.1,-7.6,-10.7,-14.5,-23.1,-6.4,96.2,293.6,382.8,456.7,796.7,-76.3,1.3,940.0,860.0362366550341,589.1,47.0,46.0,29.15,165.4,42,681.770598915217,STRONG_DOWN,UPPER_RANGE,MOMENTUM_UP,S0_NEUTRAL,,,,,47.0,46.0,29.15,412.0,40.0,0.0,0.0,0.0,165.4,52691505714.96,52.692,230.0,large,equity,data_raw
91,BAESY,Aerospace & Defense,126.2,67.7,9.0,-17.3,-15.3,-6.0,-9.4,10.1,20.1,71.7,122.6,126.2,218.5,-65.9,1.2,205.2,149.78283732049005,273.9,104.0,108.0,27.97,165.92,79,149.78283727891517,STRONG_DOWN,UPPER_RANGE,MOMENTUM_UP,S0_NEUTRAL,,,,,104.0,108.0,27.97,375.0,4.0,0.0,0.0,0.0,165.92,78123077494.86,78.123,160.0,large,equity,data_raw
92,CF,Fertilizers & Agricultural Chemicals,97.6,55.5,-4.4,-11.5,4.0,22.1,23.0,25.1,19.7,16.1,61.6,97.6,221.2,-55.7,1.7,76.9,0.00024653811250244576,245.3,121.0,126.0,33.5,166.45,-21,-64.8262659938812,EARLY_UP,UPPER_RANGE,MOMENTUM_DOWN,S0_NEUTRAL,,,,,121.0,126.0,33.5,100.0,0.0,0.0,0.0,0.0,166.45,18696682176.96,18.697,422.0,other,equity,data_raw
93,PM,Tobacco,42.4,80.4,-2.6,8.2,2.1,8.5,3.6,21.1,37.4,46.1,63.5,42.4,67.0,-56.2,1.3,38.6,0.19319215861330752,190.1,154.0,164.0,17.78,169.13,-9,-19.747423238074113,STRONG_UP,OVEREXTENDED,NEUTRAL,S0_NEUTRAL,,,,,154.0,164.0,17.78,137.0,0.0,0.0,0.0,0.0,169.13,294552044866.96,294.552,41.0,cap100,equity,data_raw
94,SATS,Communication,206.4,84.3,-14.6,-6.7,-3.2,15.5,143.9,281.8,400.4,392.5,324.2,206.4,272.6,-145.8,1.7,40.4,-0.7255805372487703,354.0,74.0,77.0,45.71,170.61,-2,39.77064339864006,STRONG_UP,OVEREXTENDED,MOMENTUM_DOWN,S3_LATE_EXHAUSTION,,,,,74.0,77.0,45.71,40.0,0.0,0.0,12.0,0.0,170.61,19681355000.4,19.681,411.0,other,equity,data_raw
95,TJX,Apparel Retail,39.6,68.3,14.9,-9.3,-7.9,-5.6,-3.2,0.6,4.0,22.2,26.8,39.6,77.3,-40.2,1.2,64.0,58.36610567391269,187.3,160.0,169.0,15.28,171.33,68,57.473045257247215,EARLY_UP,UPPER_RANGE,MOMENTUM_UP,S2_EARLY_BREAKOUT,,,,,160.0,169.0,15.28,267.0,4.0,0.0,-4.0,0.0,171.33,175017228129.56,175.017,66.0,cap100,equity,data_raw
96,ORCL,Software,74.3,26.4,-1.0,13.4,14.8,0.0,-12.3,-7.8,-3.1,21.7,47.7,74.3,346.0,-22.8,1.7,451.9,62.99347046442309,221.9,133.0,137.0,24.78,173.73,-19,34.02999913553754,EARLY_DOWN,MID_RANGE,MOMENTUM_DOWN,S5_TRASH,,,,,133.0,137.0,24.78,148.0,10.0,0.0,25.0,0.0,173.73,552430920946.2,552.431,21.0,cap100,equity,data_raw
97,CMI,Industrial Machinery,165.1,79.1,-15.3,-1.9,-0.0,10.4,36.2,57.7,80.4,104.0,123.9,165.1,218.1,-35.6,1.2,91.8,3.4954930499135165e-06,312.8,93.0,96.0,29.94,173.84,-35,-58.19408725333964,EARLY_DOWN,UPPER_RANGE,MOMENTUM_DOWN,S5_TRASH,,,,,93.0,96.0,29.94,93.0,0.0,0.0,25.0,0.0,173.84,88250906115.41,88.251,135.0,large,equity,data_raw
98,MSTR,Enterprise Software,422.4,22.9,-3.5,1.6,4.3,-7.7,-39.9,-44.5,30.9,136.9,301.6,422.4,2076.0,-66.6,1.6,4288.9,10.407916980633601,570.1,49.0,50.0,29.28,175.33,-53,-77.15859195928508,EARLY_DOWN,MID_RANGE,MOMENTUM_DOWN,S5_TRASH,,,,,49.0,50.0,29.28,354.0,10.0,0.0,25.0,0.0,175.33,52998624575.79,52.999,228.0,large,equity,data_raw
99,CAH,Healthcare Distribution,143.5,73.7,2.7,-9.9,-13.8,-11.8,-2.0,21.1,31.4,100.5,148.4,143.5,224.4,-81.7,1.1,177.0,141.9822650792624,291.2,99.0,103.0,27.52,175.92,-1,-7.603194559726063,EARLY_UP,UPPER_RANGE,NEUTRAL,S0_NEUTRAL,,,,,99.0,103.0,27.52,341.0,20.0,0.0,0.0,0.0,175.92,47000429266.03,47.0,249.0,large,equity,data_raw
100,BTC-USD,Cryptocurrency,1903.4,53.9,-1.3,-5.2,-4.3,-15.0,-32.1,-31.7,-7.1,19.4,140.9,1903.4,3326.6,-9.6,1.2,4608.3,14.176185572539161,2051.1,5.0,6.0,36.44,178.04,-14,0.17868857839715702,EARLY_DOWN,UPPER_RANGE,MOMENTUM_DOWN,S5_TRASH,,,,,5.0,6.0,36.44,411.0,18.0,0.0,25.0,0.0,178.04,1510447814089.5,1510.448,,crypto,crypto,data_raw
101,ARM,Semiconductors,144.8,85.4,44.2,62.7,110.0,114.1,109.4,107.1,,,,144.8,125.1,-70.9,2.3,-21.0,5000.0,179.8,170.0,101.0,17.5,179.2,71,4999.996960954702,STRONG_UP,OVEREXTENDED,MOMENTUM_UP,S1_LEADER,,,,,170.0,101.0,17.5,8.0,0.0,47.0,-6.0,0.0,179.2,326126211774.8,326.126,35.0,cap100,equity,data_raw
102,SNPS,Electronic Design Automation Software,116.1,38.4,4.3,11.1,11.4,9.1,-4.8,-18.5,-33.0,-30.8,-7.2,116.1,309.4,-4.1,1.6,334.6,417.53404980540415,263.8,110.0,113.0,64.53,179.38,-5,394.1430974933965,EARLY_DOWN,MID_RANGE,MOMENTUM_DOWN,S5_TRASH,,,,,110.0,113.0,64.53,123.0,0.0,0.0,25.0,0.0,179.38,100520256177.26,100.52,120.0,large,equity,data_raw
103,EBAY,Internet Retail,74.2,92.9,-7.1,9.1,14.0,20.5,22.9,46.1,70.6,66.3,66.4,74.2,85.0,-62.2,1.4,20.4,-0.012394313517878149,221.9,133.0,138.0,36.22,179.97,1,2.7876056864821215,STRONG_UP,OVEREXTENDED,NEUTRAL,S0_NEUTRAL,,,,,133.0,138.0,36.22,72.0,0.0,0.0,0.0,0.0,179.97,51393000000.0,51.393,236.0,large,equity,data_raw
104,AIZ,Insurance - Property & Casualty,22.9,51.4,-2.2,5.3,3.0,3.3,4.3,1.5,3.8,2.1,6.5,22.9,67.4,-23.8,1.4,29.9,0.009184182250442768,170.5,180.0,186.0,13.33,180.93,-28,-32.69904263427576,STRONG_UP,UPPER_RANGE,NEUTRAL,S0_NEUTRAL,,,,,180.0,186.0,13.33,152.0,0.0,0.0,0.0,0.0,180.93,12625729223.24,12.626,473.0,other,equity,data_raw
105,JCI,Building Products,145.9,80.7,-7.1,-9.6,-5.9,0.6,6.6,29.0,45.2,53.8,98.0,145.9,189.0,-32.8,1.1,132.8,0.03261083045989131,293.6,97.0,100.0,22.25,182.6,-35,-99.30385928105301,EARLY_DOWN,OVEREXTENDED,MOMENTUM_DOWN,S5_TRASH,,,,,97.0,100.0,22.25,198.0,4.0,0.0,25.0,0.0,182.6,84415595203.47,84.416,150.0,large,equity,data_raw
106,TKO,Entertainment,204.0,69.9,0.4,-9.5,-13.8,-13.1,-12.1,4.6,18.3,65.5,87.1,204.0,307.5,-34.9,1.2,327.0,98.49212828429597,351.7,76.0,80.0,19.16,183.21,-12,-86.83854962534454,EARLY_UP,UPPER_RANGE,NEUTRAL,S0_NEUTRAL,,,,,76.0,80.0,19.16,387.0,40.0,0.0,0.0,0.0,183.21,14356309379.5,14.356,454.0,other,equity,data_raw
107,ODFL,Trucking,92.6,38.7,3.5,-4.8,-0.1,15.2,16.4,-1.9,-21.5,-31.4,-11.4,92.6,254.8,-15.5,1.7,152.7,226.66450515548178,240.3,123.0,128.0,82.93,183.28,8,-21.64855045685337,EARLY_UP,MID_RANGE,MOMENTUM_UP,S2_EARLY_BREAKOUT,,,,,123.0,128.0,82.93,122.0,0.0,0.0,-4.0,0.0,183.28,43771084776.88,43.771,254.0,large,equity,data_raw
108,PGR,Property & Casualty Insurance,141.1,45.9,-0.8,-7.0,-10.3,-6.4,-17.2,-24.1,-17.5,5.6,27.7,141.1,319.6,-10.0,1.4,453.2,98.2740198375682,288.8,101.0,105.0,40.89,183.59,-18,-348.7288030344131,EARLY_UP,MID_RANGE,NEUTRAL,S0_NEUTRAL,,,,,101.0,105.0,40.89,359.0,14.0,0.0,0.0,0.0,183.59,116414081794.74,116.414,106.0,large,equity,data_raw
109,DECK,Footwear & Accessories,160.0,24.9,6.2,-2.9,-10.5,-3.0,-12.1,-38.6,-47.5,-31.5,-1.4,160.0,734.1,-30.0,1.4,893.3,1267.1768096132275,307.7,95.0,98.0,75.89,184.99,98,1267.167085929216,EARLY_UP,MID_RANGE,MOMENTUM_UP,S2_EARLY_BREAKOUT,,,,,95.0,98.0,75.89,291.0,14.0,0.0,-4.0,0.0,184.99,15141803146.65,15.142,449.0,other,equity,data_raw
110,JPM,Diversified Banks,79.1,66.4,4.6,-7.7,-7.4,-9.2,-10.1,-0.6,14.2,33.3,47.8,79.1,131.1,-22.3,1.1,146.9,122.02055933401518,226.8,131.0,135.0,30.77,186.22,30,121.76055456209097,STRONG_DOWN,UPPER_RANGE,MOMENTUM_UP,S0_NEUTRAL,,,,,131.0,135.0,30.77,316.0,14.0,0.0,0.0,0.0,186.22,820948721330.39,820.949,14.0,cap100,equity,data_raw
111,FICO,Financial Technology,169.1,25.0,6.5,9.6,-6.1,-19.3,-31.8,-46.4,-45.0,-0.8,17.5,169.1,694.1,-6.1,1.4,1378.5,1656.2729748127394,316.8,90.0,93.0,43.89,187.59,45,1631.2518962204579,STRONG_UP,MID_RANGE,MOMENTUM_UP,S1_LEADER,,,,,90.0,93.0,43.89,394.0,40.0,0.0,-6.0,0.0,187.59,28754637051.12,28.755,328.0,other,equity,data_raw
112,BKR,Oil & Gas Equipment & Services,59.0,85.1,3.9,-5.8,-2.0,11.2,24.9,33.0,37.7,63.4,108.9,59.0,84.9,-85.4,1.3,12.8,-9.007051300140896,206.7,140.0,146.0,31.32,187.67,19,-3.4604334394613234,STRONG_UP,OVEREXTENDED,MOMENTUM_UP,S1_LEADER,,,,,140.0,146.0,31.32,119.0,0.0,0.0,-6.0,0.0,187.67,65536055701.78,65.536,195.0,large,equity,data_raw
113,ETN,Electrical Equipment,166.0,74.3,-4.5,-8.3,-3.9,-0.1,-3.4,-6.3,-0.3,36.2,89.2,166.0,227.3,-11.6,1.2,213.0,0.05610130459968438,313.7,92.0,95.0,33.89,188.19,-24,-10.685479820556887,EARLY_DOWN,UPPER_RANGE,MOMENTUM_DOWN,S5_TRASH,,,,,92.0,95.0,33.89,224.0,0.0,0.0,25.0,0.0,188.19,151961207370.0,151.961,81.0,cap100,equity,data_raw
114,C,Diversified Banks,80.2,80.4,1.3,-5.3,-1.2,3.1,14.7,36.0,65.8,83.2,86.3,80.2,114.7,-58.5,1.2,51.4,6.251178391412319,227.9,130.0,134.0,30.64,190.99,-5,6.25099453739467,EARLY_DOWN,OVEREXTENDED,MOMENTUM_DOWN,S5_TRASH,,,,,130.0,134.0,30.64,155.0,0.0,0.0,25.0,0.0,190.99,213350615054.94,213.351,52.0,cap100,equity,data_raw
115,LYV,Entertainment,39.8,45.0,-5.7,-2.1,-1.2,2.8,-3.0,4.6,9.7,3.1,5.0,39.8,117.4,-22.9,1.3,105.7,0.008735342368854619,187.5,159.0,168.0,31.02,191.62,-27,-74.62637594777176,STRONG_UP,MID_RANGE,MOMENTUM_DOWN,S0_NEUTRAL,,,,,159.0,168.0,31.02,185.0,0.0,0.0,0.0,0.0,191.62,38525604584.63,38.526,275.0,large,equity,data_raw
116,TDG,Aerospace & Defense,176.2,53.8,5.5,-4.4,-11.7,-14.6,-23.2,-25.8,-16.5,21.7,47.4,176.2,343.7,-21.8,1.2,478.4,491.3186901617818,323.8,87.0,89.0,40.89,192.74,29,479.8807593589735,STRONG_UP,UPPER_RANGE,MOMENTUM_UP,S1_LEADER,,,,,87.0,89.0,40.89,404.0,40.0,0.0,-6.0,0.0,192.74,67875962852.56,67.876,187.0,large,equity,data_raw
117,FCX,Copper Mining,119.7,61.4,-3.0,-3.2,-7.2,8.1,19.6,15.0,7.3,-2.0,77.1,119.7,208.6,-56.5,1.7,93.4,0.09789370249555115,267.4,106.0,110.0,36.01,193.16,-48,-92.69116209168004,STRONG_DOWN,UPPER_RANGE,MOMENTUM_DOWN,S5_TRASH,,,,,106.0,110.0,36.01,147.0,4.0,0.0,25.0,0.0,193.16,89114338444.25,89.114,134.0,large,equity,data_raw
118,QCOM,Semiconductors,64.0,67.0,24.7,52.1,53.6,43.2,40.7,26.5,25.7,13.9,18.2,64.0,125.7,-59.8,1.9,-13.2,11.18599009788301,211.7,137.0,142.0,35.8,193.6,49,11.179138102523863,STRONG_UP,UPPER_RANGE,MOMENTUM_DOWN,S0_NEUTRAL,,,,,137.0,142.0,35.8,29.0,0.0,0.0,0.0,0.0,193.6,251020643859.86,251.021,45.0,cap100,equity,data_raw
119,AMCR,Packaging & Containers,225.9,67.7,3.5,-10.7,-17.6,144.8,222.7,242.4,254.3,232.0,228.8,225.9,398.6,-134.7,3.3,9.7,-5000.0,373.5,70.0,72.0,52.71,194.31,-26,-4999.999999632091,STRONG_DOWN,UPPER_RANGE,MOMENTUM_UP,S0_NEUTRAL,,,,,70.0,72.0,52.71,20.0,4.0,0.0,0.0,0.0,194.31,17744828076.04,17.745,429.0,other,equity,data_raw
120,ARES,Asset Management,240.9,38.6,0.3,2.4,-4.3,-15.2,-29.7,-40.6,-42.2,-24.6,30.4,240.9,631.0,-8.6,1.3,1060.3,1146.839729749972,388.6,68.0,69.0,39.44,199.84,-17,1146.1973430966682,EARLY_DOWN,MID_RANGE,MOMENTUM_DOWN,S5_TRASH,,,,,68.0,69.0,39.44,378.0,36.0,0.0,25.0,0.0,199.84,27622556669.7,27.623,342.0,other,equity,data_raw
121,NUE,Steel,107.5,72.0,2.4,9.4,16.0,25.5,40.9,35.9,16.4,15.7,88.0,107.5,169.7,-51.6,1.6,24.4,35.13715248688943,255.1,114.0,117.0,65.92,199.92,-20,26.41862770147913,EARLY_DOWN,UPPER_RANGE,MOMENTUM_DOWN,S5_TRASH,,,,,114.0,117.0,65.92,60.0,0.0,0.0,25.0,0.0,199.92,52835900400.0,52.836,229.0,large,equity,data_raw
122,GEV,Electrical Equipment,208.7,76.3,-2.3,-1.7,10.5,32.8,53.4,176.0,,,,208.7,230.7,-7.2,1.3,137.2,0.8475480687356916,235.1,126.0,75.0,19.5,200.1,-22,-102.06918863675659,EARLY_DOWN,UPPER_RANGE,MOMENTUM_DOWN,S5_TRASH,,,,,126.0,75.0,19.5,56.0,0.0,47.0,25.0,0.0,200.1,279130204982.08,279.13,44.0,cap100,equity,data_raw
123,APO,Asset Management,174.2,42.0,-5.7,-1.1,-0.1,-5.5,-15.2,-25.4,-21.4,5.0,38.0,174.2,428.2,-9.1,1.3,572.2,4.366176720004284e-06,321.8,88.0,90.0,36.44,200.99,-84,-547.2637154938583,EARLY_DOWN,MID_RANGE,MOMENTUM_DOWN,S5_TRASH,,,,,88.0,90.0,36.44,251.0,10.0,0.0,25.0,0.0,200.99,74088262428.72,74.088,171.0,large,equity,data_raw
124,PSX,Oil & Gas Refining & Marketing,41.0,64.0,0.1,-7.6,1.8,10.7,18.7,13.0,7.3,33.2,51.8,41.0,106.9,-74.9,1.4,9.9,8.679924446215049,188.7,157.0,166.0,56.11,201.46,-17,-9.496947197211666,STRONG_UP,UPPER_RANGE,NEUTRAL,S0_NEUTRAL,,,,,157.0,166.0,56.11,126.0,0.0,0.0,0.0,0.0,201.46,71242144682.65,71.242,181.0,large,equity,data_raw
125,PLTR,Software,570.5,55.2,1.2,-14.4,-13.0,-22.0,-23.8,95.1,289.6,562.4,,570.5,1018.1,-71.2,1.2,1229.6,912.4616666280308,639.5,43.0,37.0,34.0,201.6,19,864.5660896175893,STRONG_DOWN,UPPER_RANGE,MOMENTUM_UP,S0_NEUTRAL,,,,,43.0,37.0,34.0,455.0,58.0,11.0,0.0,0.0,201.6,314286255409.21,314.286,38.0,cap100,equity,data_raw
126,HPE,Hardware & Equipment,83.8,100.0,5.2,35.4,51.0,51.8,61.4,68.0,73.7,87.1,104.2,83.8,82.1,-67.1,1.6,-27.7,-6.8,231.5,128.0,132.0,29.22,202.32,0,-1.3292389057850107,STRONG_UP,OVEREXTENDED,MOMENTUM_UP,S1_LEADER,,,,,128.0,132.0,29.22,24.0,0.0,0.0,-6.0,0.0,202.32,49863179094.16,49.863,244.0,large,equity,data_raw
127,NRG,Independent Power Producers,333.2,60.8,6.7,-17.8,-21.2,-23.3,-25.4,-0.6,53.8,123.5,166.9,333.2,554.2,-22.3,1.1,686.2,582.4173069325504,480.9,57.0,57.0,29.18,202.98,34,582.2933324898556,STRONG_DOWN,UPPER_RANGE,MOMENTUM_UP,S0_NEUTRAL,,,,,57.0,57.0,29.18,495.0,58.0,0.0,0.0,0.0,202.98,29042286307.74,29.042,326.0,other,equity,data_raw
128,ABBV,Biotechnology,55.1,57.2,3.7,-6.3,-9.8,-10.0,-10.2,-10.5,-9.5,-3.8,20.4,55.1,115.5,-24.8,1.2,133.8,128.80033952399413,202.8,143.0,150.0,45.89,203.49,2,-11.83362899916878,STRONG_UP,UPPER_RANGE,MOMENTUM_UP,S1_LEADER,,,,,143.0,150.0,45.89,329.0,14.0,0.0,-6.0,0.0,203.49,381097206097.88,381.097,29.0,cap100,equity,data_raw
129,WAB,Rail Equipment,43.9,73.7,-7.0,-10.1,-6.9,1.8,5.2,7.8,22.8,53.4,76.8,43.9,82.8,-63.6,1.2,41.2,2.9977000720420963,191.6,153.0,162.0,20.23,205.68,-34,-3.157828186879684,EARLY_DOWN,UPPER_RANGE,MOMENTUM_DOWN,S5_TRASH,,,,,153.0,162.0,20.23,204.0,4.0,0.0,25.0,0.0,205.68,43506968909.24,43.507,255.0,large,equity,data_raw
130,SYM,Industrial Machinery,126.7,28.2,7.5,-13.5,-11.3,-21.9,-0.2,33.1,9.7,120.3,,126.7,420.8,-29.7,1.7,386.1,322.9206437457053,189.3,156.0,107.0,43.45,210.75,90,317.3528196130653,STRONG_DOWN,MID_RANGE,MOMENTUM_UP,S4_BOTTOMING,,,,,156.0,107.0,43.45,374.0,20.0,11.0,-2.0,0.0,210.75,6873448501.04,6.873,527.0,other,equity,data_raw
131,ETR,Electric Utilities,35.9,73.0,4.7,-10.9,-3.8,2.3,6.1,23.2,40.3,43.7,34.8,35.9,72.9,-62.1,1.2,27.4,-10.926546697387776,183.6,164.0,173.0,26.81,210.76,12,-10.926048464562408,STRONG_DOWN,UPPER_RANGE,MOMENTUM_UP,S0_NEUTRAL,,,,,164.0,173.0,26.81,191.0,0.0,0.0,0.0,0.0,210.76,51466482301.48,51.466,234.0,large,equity,data_raw
132,CSCO,Communications Equipment,101.5,100.0,0.0,34.1,39.3,45.0,56.4,82.3,87.5,89.5,87.5,101.5,101.9,-66.9,1.4,-9.6,-7.3,249.2,119.0,122.0,36.22,211.47,-15,0.10000000000000053,STRONG_UP,OVEREXTENDED,NEUTRAL,S0_NEUTRAL,,,,,119.0,122.0,36.22,30.0,0.0,0.0,0.0,0.0,211.47,474588162446.61,474.588,23.0,cap100,equity,data_raw
133,WMT,Hypermarkets & Super Centers,89.7,65.3,-18.5,-14.7,-12.7,-6.2,-2.7,9.6,27.3,49.8,53.5,89.7,152.9,-28.0,1.2,139.1,8.266913081631444,237.3,124.0,129.0,30.24,212.74,-52,-12.37059183320605,EARLY_DOWN,UPPER_RANGE,MOMENTUM_DOWN,S5_TRASH,,,,,124.0,129.0,30.24,322.0,4.0,0.0,25.0,0.0,212.74,958671002480.96,958.671,11.0,cap100,equity,data_raw
134,MSCI,Financial Index & Analytics,55.2,21.3,3.9,-3.9,-5.8,-5.6,-9.4,-15.6,-26.7,-42.6,-43.3,55.2,285.4,-7.2,1.3,356.1,416.6311612730216,202.8,143.0,149.0,93.81,217.81,66,416.36588021526705,STRONG_UP,MID_RANGE,MOMENTUM_UP,S1_LEADER,,,,,143.0,149.0,93.81,263.0,4.0,0.0,-6.0,0.0,217.81,42803823383.81,42.804,257.0,large,equity,data_raw
135,ROK,Industrial Machinery,38.7,69.4,0.1,8.2,4.5,6.4,13.0,23.3,13.9,7.9,15.0,38.7,70.8,-33.7,1.6,10.4,-1.3780180569178113,186.4,161.0,170.0,27.48,220.18,-25,-1.2379100004857357,EARLY_DOWN,UPPER_RANGE,MOMENTUM_DOWN,S5_TRASH,,,,,161.0,170.0,27.48,117.0,0.0,0.0,25.0,0.0,220.18,50328097153.2,50.328,242.0,large,equity,data_raw
136,DVA,Healthcare,-13.4,69.3,-2.6,22.8,34.4,45.2,34.1,16.3,18.4,16.4,12.3,-13.4,29.9,-109.4,2.1,0.0,-0.07985309303523297,134.3,217.0,227.0,41.88,221.93,1,33.68523008875483,STRONG_UP,UPPER_RANGE,MOMENTUM_DOWN,S0_NEUTRAL,,,,,217.0,227.0,41.88,42.0,0.0,0.0,0.0,0.0,221.93,12742006474.23,12.742,470.0,other,equity,data_raw
137,HIG,Insurance - Diversified,29.4,63.2,1.6,-8.1,-8.6,-7.5,-10.5,-10.1,-2.6,8.2,28.7,29.4,77.8,-52.8,1.2,81.6,77.06898795795482,177.1,171.0,177.0,42.78,222.63,-16,-2.4002917240300263,EARLY_UP,UPPER_RANGE,NEUTRAL,S0_NEUTRAL,,,,,171.0,177.0,42.78,318.0,14.0,0.0,0.0,0.0,222.63,37287275307.61,37.287,283.0,large,equity,data_raw
138,KTOS,Aerospace & Defense,168.6,28.5,3.4,-21.9,-35.1,-36.6,-23.1,35.6,80.7,112.2,88.0,168.6,761.1,-66.8,1.5,954.3,479.9482631014294,316.2,91.0,94.0,28.11,225.46,45,479.93796568237883,STRONG_DOWN,MID_RANGE,MOMENTUM_UP,S4_BOTTOMING,,,,,91.0,94.0,28.11,556.0,58.0,0.0,-2.0,0.0,225.46,10534872758.35,10.535,501.0,other,equity,data_raw
139,HUBB,Electrical Components & Equipment,105.3,63.5,-2.8,-14.5,-13.6,-8.6,-5.0,-6.0,-7.4,23.2,61.4,105.3,180.6,-24.9,1.3,172.2,0.6556278126706405,253.0,115.0,118.0,38.33,225.98,-23,0.6191101699761941,STRONG_DOWN,UPPER_RANGE,MOMENTUM_DOWN,S5_TRASH,,,,,115.0,118.0,38.33,358.0,4.0,0.0,25.0,0.0,225.98,25100373008.8,25.1,359.0,other,equity,data_raw
140,CTAS,Commercial Services,63.9,29.3,2.7,-7.4,-13.5,-14.3,-26.2,-34.1,-34.9,-25.2,-13.0,63.9,229.6,-4.0,1.4,514.9,619.5912319271945,211.6,138.0,143.0,46.44,225.99,31,-60.52812529172206,EARLY_UP,MID_RANGE,MOMENTUM_UP,S2_EARLY_BREAKOUT,,,,,138.0,143.0,46.44,427.0,40.0,0.0,-4.0,0.0,225.99,69195667900.64,69.196,185.0,large,equity,data_raw
141,PHM,Residential Construction,82.3,37.8,5.5,-10.1,-14.7,-14.2,-16.6,-25.7,-27.8,6.9,27.3,82.3,254.9,-29.3,1.3,323.4,390.2819148901288,229.9,129.0,133.0,45.33,226.48,76,390.13363045910006,STRONG_DOWN,MID_RANGE,MOMENTUM_UP,S4_BOTTOMING,,,,,129.0,133.0,45.33,412.0,40.0,0.0,-2.0,0.0,226.48,22178326137.92,22.178,392.0,other,equity,data_raw
142,LIN,Industrial Gases,25.5,39.3,3.2,-5.3,-3.0,4.6,-2.2,-10.2,-18.8,-17.3,-10.6,25.5,97.5,-20.7,1.5,83.6,111.71689299860803,173.2,177.0,183.0,86.77,228.17,-8,-14.557689700470632,STRONG_UP,MID_RANGE,MOMENTUM_UP,S1_LEADER,,,,,177.0,183.0,86.77,193.0,0.0,0.0,-6.0,0.0,228.17,239301728611.24,239.302,47.0,cap100,equity,data_raw
143,SYF,Consumer Finance,24.7,53.1,-0.3,-8.7,-7.4,-11.4,-9.8,-3.0,16.7,21.1,35.6,24.7,104.4,-64.4,1.3,89.4,20.524845456874317,172.4,179.0,185.0,42.11,232.16,8,18.08897011752497,STRONG_DOWN,UPPER_RANGE,MOMENTUM_UP,S0_NEUTRAL,,,,,179.0,185.0,42.11,330.0,12.0,0.0,0.0,0.0,232.16,24161475098.77,24.161,367.0,other,equity,data_raw
144,MSFT,Software,64.7,36.0,-1.9,-1.3,-3.6,-12.8,-23.2,-27.9,-35.6,-35.6,-27.9,64.7,201.5,-12.1,1.3,364.4,12.52150943641885,212.4,136.0,141.0,58.07,232.22,-19,-360.1450090370694,STRONG_UP,MID_RANGE,MOMENTUM_DOWN,S0_NEUTRAL,,,,,136.0,141.0,58.07,357.0,18.0,0.0,0.0,0.0,232.22,3109319968460.76,3109.32,3.0,cap10,equity,data_raw
145,DOGE-USD,Cryptocurrency,1221.0,5.6,-0.3,-7.2,-6.5,-20.8,-43.5,-56.8,-53.7,-74.5,819.3,1221.0,22199.9,-45.9,1.5,43303.5,984.414764738657,1334.1,14.0,14.0,81.64,232.89,-67,-4015.585235261343,EARLY_DOWN,LOWER,MOMENTUM_DOWN,S5_TRASH,,,,,14.0,14.0,81.64,467.0,40.0,0.0,25.0,0.0,232.89,15668233035.49,15.668,,crypto,crypto,data_raw
146,MCK,Healthcare Distribution,142.6,57.0,0.2,-17.7,-20.4,-19.0,-17.1,-9.9,-5.4,35.3,106.5,142.6,285.1,-46.0,1.1,327.7,147.8943385173509,290.3,100.0,104.0,38.33,234.93,7,-151.24317797112434,EARLY_UP,UPPER_RANGE,MOMENTUM_UP,S2_EARLY_BREAKOUT,,,,,100.0,104.0,38.33,462.0,58.0,0.0,-4.0,0.0,234.93,92085921444.35,92.086,131.0,large,equity,data_raw
147,AFL,Insurance - Life,9.7,51.4,1.2,-2.1,-2.2,-1.6,-4.4,-10.3,-9.6,3.1,14.2,9.7,67.0,-50.0,1.4,45.1,53.01694197095256,157.3,191.0,198.0,74.78,236.58,-20,-2.7720349573876533,STRONG_UP,UPPER_RANGE,NEUTRAL,S0_NEUTRAL,,,,,191.0,198.0,74.78,207.0,0.0,0.0,0.0,0.0,236.58,59988961096.1,59.989,202.0,large,equity,data_raw
148,ORLY,Auto Parts,54.8,51.1,4.2,-11.4,-12.0,-12.7,-19.5,-18.1,-22.0,-8.8,12.8,54.8,154.4,-48.4,1.2,208.9,200.6861559770533,202.4,145.0,152.0,41.44,237.89,64,200.61871707947265,STRONG_DOWN,UPPER_RANGE,MOMENTUM_UP,S0_NEUTRAL,,,,,145.0,152.0,41.44,408.0,40.0,0.0,0.0,0.0,237.89,76026319577.13,76.026,164.0,large,equity,data_raw
149,FAST,Industrial Distribution,35.0,40.9,1.5,-12.6,-11.2,-6.6,-13.5,-9.4,-10.5,-7.7,-1.0,35.0,108.3,-24.4,1.4,147.2,127.12073451538393,182.7,165.0,174.0,62.38,239.03,36,127.12008543712376,STRONG_DOWN,MID_RANGE,MOMENTUM_UP,S4_BOTTOMING,,,,,165.0,174.0,62.38,364.0,14.0,0.0,-2.0,0.0,239.03,50444659003.75,50.445,240.0,large,equity,data_raw
150,SO,Electric Utilities,47.3,54.6,2.6,-11.0,-8.8,-6.9,-12.2,-15.5,-15.6,-8.6,3.5,47.3,116.9,-35.5,1.2,138.3,139.99420714731903,195.0,150.0,158.0,75.33,239.33,16,-6.031567522452974,EARLY_UP,UPPER_RANGE,MOMENTUM_UP,S2_EARLY_BREAKOUT,,,,,150.0,158.0,75.33,342.0,14.0,0.0,-4.0,0.0,239.33,106586322256.15,106.586,112.0,large,equity,data_raw
151,491010.KS,Infrastructure,100.7,97.7,0.6,19.8,29.7,42.2,71.9,,,,,100.7,71.2,-15.5,1.7,12.8,0.9849640337415804,121.6,241.0,124.0,17.5,241.45,-39,-11.489172528609268,EARLY_DOWN,OVEREXTENDED,MOMENTUM_DOWN,S5_TRASH,,,,,241.0,124.0,17.5,36.0,0.0,50.0,25.0,0.0,241.45,8187000000.0,8.187,,etf,etf,data_raw
152,BX,Asset Management,191.5,34.4,0.0,-9.9,-11.8,-19.1,-30.2,-40.1,-42.5,-41.9,1.9,191.5,591.0,-17.7,1.3,991.0,682.3,339.1,81.0,85.0,41.44,243.44,23,682.2986693504192,EARLY_DOWN,MID_RANGE,MOMENTUM_DOWN,S5_TRASH,,,,,81.0,85.0,41.44,451.0,58.0,0.0,25.0,0.0,243.44,87955840727.34,87.956,137.0,large,equity,data_raw
153,FER,Infrastructure,34.9,65.2,0.2,-9.4,-11.3,-8.0,-0.0,16.9,26.0,47.6,42.1,34.9,84.6,-59.5,1.3,43.2,-2.3553266360453127,182.6,166.0,175.0,20.95,244.4,-15,-2.3553254589628687,EARLY_DOWN,UPPER_RANGE,MOMENTUM_DOWN,S5_TRASH,,,,,166.0,175.0,20.95,287.0,4.0,0.0,25.0,0.0,244.4,48374861489.27,48.375,247.0,large,equity,data_raw
154,AXON,Public Safety Technology,359.9,30.3,-0.9,-15.1,-23.9,-33.0,-49.4,-44.9,-30.3,8.8,66.5,359.9,1246.3,-25.7,1.4,2646.2,45.540258263327964,507.5,52.0,55.0,25.0,245.75,-5,42.08277662852667,STRONG_DOWN,MID_RANGE,MOMENTUM_DOWN,S5_TRASH,,,,,52.0,55.0,25.0,557.0,58.0,0.0,25.0,0.0,245.75,31112401722.0,31.112,312.0,other,equity,data_raw
155,ROST,Apparel Retail,21.8,85.1,22.8,-4.0,3.9,14.3,29.3,30.7,29.4,38.2,23.9,21.8,37.2,-63.8,2.3,-30.6,-378.92046095239095,169.5,181.0,187.0,21.86,245.81,24,-378.85888276225785,STRONG_DOWN,OVEREXTENDED,MOMENTUM_UP,S0_NEUTRAL,,,,,181.0,187.0,21.86,94.0,0.0,0.0,0.0,0.0,245.81,75643605845.39,75.644,166.0,large,equity,data_raw
156,NEM,Gold Mining,42.0,63.3,-2.6,-11.8,-15.3,-4.5,21.8,65.8,83.2,60.6,44.5,42.0,127.4,-105.8,1.6,5.1,-1.8183588497250056,189.7,155.0,165.0,37.6,246.5,-38,-1.7983170400683606,STRONG_DOWN,UPPER_RANGE,MOMENTUM_DOWN,S5_TRASH,,,,,155.0,165.0,37.6,209.0,4.0,0.0,25.0,0.0,246.5,114911378865.38,114.911,107.0,large,equity,data_raw
157,SHOP,E-commerce Software,399.3,26.7,1.0,-24.8,-25.5,-34.1,-34.5,-21.8,-18.2,-14.7,-28.2,399.3,1544.3,-16.5,1.3,2342.4,1989.4049043637165,547.0,51.0,52.0,77.56,247.96,37,1956.597578329157,STRONG_DOWN,MID_RANGE,MOMENTUM_UP,S4_BOTTOMING,,,,,51.0,52.0,77.56,555.0,58.0,0.0,-2.0,0.0,247.96,125616845575.0,125.617,94.0,cap100,equity,data_raw
158,ALL,Insurance - Property & Casualty,-0.9,48.3,-3.0,-5.6,-4.1,-3.3,-7.7,-9.7,-0.4,3.1,2.7,-0.9,53.0,-50.7,1.3,0.0,0.0005835718549175951,146.7,201.0,209.0,54.78,249.28,-44,-35.55282987701437,STRONG_UP,MID_RANGE,MOMENTUM_DOWN,S0_NEUTRAL,,,,,201.0,209.0,54.78,245.0,0.0,0.0,0.0,0.0,249.28,55757375009.17,55.757,220.0,large,equity,data_raw
159,CEG,Electric Utilities,99.3,34.9,8.9,-8.3,-9.7,-17.7,-21.1,-11.7,25.1,,,99.3,236.9,0.0,1.3,423.0,369.87220056560415,156.5,193.0,125.0,29.5,250.05,116,369.8722005655591,STRONG_DOWN,MID_RANGE,MOMENTUM_UP,S4_BOTTOMING,,,,,193.0,125.0,29.5,416.0,40.0,26.0,-2.0,0.0,250.05,106215164471.85,106.215,114.0,large,equity,data_raw
160,STT,Custody Banks & Asset Management,32.9,87.5,-0.2,2.0,6.2,12.3,20.6,35.1,48.1,53.3,62.4,32.9,46.8,-60.4,1.5,-9.6,-8.012807920140808,180.6,169.0,176.0,29.22,250.57,-1,30.199216812247336,STRONG_UP,OVEREXTENDED,MOMENTUM_DOWN,S3_LATE_EXHAUSTION,,,,,169.0,176.0,29.22,98.0,0.0,0.0,12.0,0.0,250.57,42608283885.72,42.608,259.0,large,equity,data_raw
161,XOM,Integrated Oil & Gas,26.2,62.0,-4.2,-9.7,-6.0,7.2,16.8,14.1,6.2,21.0,55.9,26.2,94.8,-84.9,1.5,-4.4,-0.31176201617907373,173.9,175.0,181.0,32.07,251.62,-14,0.6651213140637963,EARLY_UP,UPPER_RANGE,NEUTRAL,S0_NEUTRAL,,,,,175.0,181.0,32.07,160.0,4.0,0.0,0.0,0.0,251.62,642135206747.42,642.135,17.0,cap100,equity,data_raw
162,FFIV,Technology,-2.6,73.9,15.4,18.8,27.3,36.4,24.2,34.5,45.7,40.4,32.1,-2.6,27.0,-84.3,1.4,0.0,-5000.0,145.0,205.0,212.0,52.89,251.79,14,0.0,STRONG_UP,UPPER_RANGE,MOMENTUM_UP,S1_LEADER,,,,,205.0,212.0,52.89,53.0,0.0,0.0,-6.0,0.0,251.79,22208308472.09,22.208,391.0,other,equity,data_raw
163,INTC,Semiconductors,109.6,89.7,10.2,76.2,114.1,150.1,269.2,312.6,259.7,212.8,152.6,109.6,141.0,-158.8,2.0,-122.0,-5000.0,257.3,112.0,115.0,47.67,252.52,-39,-4999.998406716818,STRONG_UP,OVEREXTENDED,MOMENTUM_DOWN,S3_LATE_EXHAUSTION,,,,,112.0,115.0,47.67,1.0,0.0,0.0,12.0,0.0,252.52,602315821594.24,602.316,19.0,cap100,equity,data_raw
164,VTR,Healthcare REITs,4.0,71.2,-0.1,-4.8,-2.2,1.5,7.5,15.6,28.1,33.6,30.3,4.0,33.5,-67.0,1.4,-11.4,-10.950327203516947,151.7,198.0,205.0,20.1,255.05,-7,0.44967279648305336,STRONG_UP,UPPER_RANGE,MOMENTUM_DOWN,S0_NEUTRAL,,,,,198.0,205.0,20.1,169.0,0.0,0.0,0.0,0.0,255.05,42870446322.51,42.87,256.0,large,equity,data_raw
165,EQT,Oil & Gas E&P,10.8,55.0,2.3,-11.9,-11.4,-8.9,-10.9,-1.1,-6.0,11.0,85.7,10.8,112.9,-116.6,1.2,61.8,33.980036379230114,158.5,190.0,197.0,54.22,255.77,44,7.785930119129375,EARLY_UP,UPPER_RANGE,NEUTRAL,S0_NEUTRAL,,,,,190.0,197.0,54.22,361.0,14.0,0.0,0.0,0.0,255.77,36227684614.72,36.228,290.0,large,equity,data_raw
166,RSG,Environmental Services,20.2,18.4,-0.8,-10.7,-12.4,-11.3,-21.8,-26.5,-28.7,-22.3,-12.6,20.2,149.9,-8.6,1.6,445.4,156.37464155975755,167.9,182.0,188.0,46.44,256.44,-24,-325.58218055549156,EARLY_UP,LOWER,NEUTRAL,S0_NEUTRAL,,,,,182.0,188.0,46.44,414.0,40.0,0.0,0.0,0.0,256.44,64280255443.51,64.28,199.0,large,equity,data_raw
167,DRI,Restaurants,0.5,48.6,6.0,-2.5,-4.9,1.1,-6.6,-3.6,-9.8,-7.5,-1.2,0.5,62.3,-57.3,1.4,40.0,25.967453702963375,148.1,200.0,207.0,88.31,256.71,54,24.512097848518586,EARLY_UP,MID_RANGE,MOMENTUM_UP,S2_EARLY_BREAKOUT,,,,,200.0,207.0,88.31,220.0,0.0,0.0,-4.0,0.0,256.71,23309017831.37,23.309,374.0,other,equity,data_raw
168,NFLX,Broadcasting & Cable TV,58.1,37.9,0.9,-14.1,-11.6,-17.2,-31.3,-24.6,-8.7,22.0,3.8,58.1,279.9,-76.6,1.4,424.4,374.73035604337275,205.8,141.0,147.0,45.33,257.28,36,291.01137206426125,EARLY_UP,MID_RANGE,NEUTRAL,S0_NEUTRAL,,,,,141.0,147.0,45.33,458.0,58.0,0.0,0.0,0.0,257.28,373076743155.63,373.077,,etf,etf,data_raw
169,GNRC,Electrical Equipment,86.5,19.9,0.8,11.3,21.7,42.5,50.5,49.2,51.1,5.3,-1.0,86.5,673.8,-58.8,2.2,-33.3,-7.423763341815159,234.2,127.0,131.0,49.62,257.62,-33,-7.054987113882565,EARLY_DOWN,LOWER,MOMENTUM_DOWN,S5_TRASH,,,,,127.0,131.0,49.62,47.0,0.0,0.0,25.0,0.0,257.62,15902786347.67,15.903,444.0,other,equity,data_raw
170,SOL-USD,Cryptocurrency,936.9,8.3,-0.1,-7.7,-12.6,-28.7,-48.8,-64.8,-18.5,3.5,,936.9,11126.9,-44.7,1.5,23549.5,2926.801821942022,1013.1,24.0,22.0,69.0,257.95,-42,386.61018680561165,EARLY_DOWN,LOWER,MOMENTUM_DOWN,S5_TRASH,,,,,24.0,22.0,69.0,521.0,58.0,11.0,25.0,0.0,257.95,48660161857.8,48.66,,crypto,crypto,data_raw
171,NTRS,Custody Banks & Asset Management,-15.5,66.5,2.8,1.7,4.1,10.5,17.5,38.5,53.5,35.4,20.9,-15.5,22.7,-90.2,1.4,0.0,-553.4157643651614,132.2,220.0,231.0,57.2,259.25,37,1254.4944433062105,STRONG_UP,UPPER_RANGE,MOMENTUM_UP,S1_LEADER,,,,,220.0,231.0,57.2,109.0,0.0,0.0,-6.0,0.0,259.25,31045379265.27,31.045,313.0,other,equity,data_raw
172,INSM,Biotechnology,191.2,36.3,-1.8,-36.5,-37.6,-44.6,-29.9,1.9,87.8,158.6,160.1,191.2,673.7,-82.7,1.2,907.1,5.9694633756314985,338.8,82.0,86.0,41.15,259.85,-18,-739.3351215376803,STRONG_DOWN,MID_RANGE,MOMENTUM_UP,S4_BOTTOMING,,,,,82.0,86.0,41.15,564.0,58.0,0.0,-2.0,0.0,259.85,23027779931.21,23.028,377.0,other,equity,data_raw
173,NDAQ,Financial Exchanges,18.8,35.0,-2.6,-5.4,-7.3,-7.8,-11.3,-6.4,-1.0,-10.3,-4.4,18.8,76.6,-11.7,1.4,120.0,1.069688013836524,166.4,185.0,191.0,62.33,260.23,-21,-102.79932812713453,STRONG_UP,MID_RANGE,MOMENTUM_DOWN,S0_NEUTRAL,,,,,185.0,191.0,62.33,305.0,14.0,0.0,0.0,0.0,260.23,51469869234.11,51.47,233.0,large,equity,data_raw
174,456680.KS,Asset Management,53.4,71.0,-4.9,-7.2,5.7,6.4,31.9,64.4,53.4,,,53.4,33.0,-88.2,1.4,0.0,-4.4413026862727595e-05,93.4,297.0,153.0,18.65,260.7,18,-3.9854089464716724e-05,EARLY_DOWN,UPPER_RANGE,MOMENTUM_DOWN,S5_TRASH,,,,,297.0,153.0,18.65,102.0,0.0,26.0,25.0,0.0,260.7,699000000.0,0.699,,etf,etf,data_raw
175,META,Internet Content & Information,40.5,50.4,-1.6,-5.8,-12.2,-13.7,-22.5,-22.8,-10.0,38.4,32.3,40.5,170.6,-91.5,1.2,211.0,8.747624679892308,188.1,158.0,167.0,42.78,261.98,-20,-179.56076398678684,STRONG_DOWN,UPPER_RANGE,MOMENTUM_UP,S0_NEUTRAL,,,,,158.0,167.0,42.78,406.0,40.0,0.0,0.0,0.0,261.98,1340158801978.64,1340.159,10.0,cap10,equity,data_raw
176,MELI,Internet Retail,102.1,20.0,3.9,-15.2,-18.7,-24.1,-37.2,-40.5,-44.5,-43.5,-44.2,102.1,549.4,-11.6,1.3,1244.7,1310.4337255022958,249.8,118.0,121.0,66.08,264.03,55,1307.898085477742,STRONG_DOWN,MID_RANGE,MOMENTUM_UP,S4_BOTTOMING,,,,,118.0,121.0,66.08,517.0,58.0,0.0,-2.0,0.0,264.03,84381405892.34,84.381,151.0,large,equity,data_raw
177,IBM,IT Consulting & Other Services,-9.9,46.0,20.7,0.3,-5.9,-13.6,-16.7,-9.3,-0.1,16.2,19.9,-9.9,67.4,-74.9,1.2,0.0,42.946640183333066,137.8,213.0,223.0,53.22,267.02,157,42.94662208861888,EARLY_UP,MID_RANGE,MOMENTUM_UP,S2_EARLY_BREAKOUT,,,,,213.0,223.0,53.22,331.0,22.0,0.0,-4.0,0.0,267.02,238580476033.24,238.58,48.0,cap100,equity,data_raw
178,CCEP,Beverages - Non-Alcoholic,-10.2,42.6,9.2,-7.8,-11.0,-8.0,-10.8,-5.8,-4.7,5.2,1.6,-10.2,51.9,-55.5,1.3,0.0,10.159561943962824,137.4,214.0,224.0,54.78,268.18,91,10.159561943962336,EARLY_UP,MID_RANGE,MOMENTUM_UP,S2_EARLY_BREAKOUT,,,,,214.0,224.0,54.78,340.0,14.0,0.0,-4.0,0.0,268.18,41674177068.0,41.674,262.0,large,equity,data_raw
179,COP,Oil & Gas,19.2,36.3,-2.6,-12.8,-5.1,7.1,8.7,-3.4,-19.2,-17.4,18.2,19.2,179.6,-71.5,1.4,16.3,0.011494773319220232,166.9,184.0,190.0,90.4,268.35,-46,-48.786506553380995,EARLY_UP,MID_RANGE,NEUTRAL,S0_NEUTRAL,,,,,184.0,190.0,90.4,179.0,4.0,0.0,0.0,0.0,268.35,146755694967.84,146.756,86.0,cap100,equity,data_raw
180,457480.KS,Automobile Manufacturers,44.5,56.1,-1.7,3.8,5.4,5.0,21.7,41.1,44.5,,,44.5,24.9,-57.4,1.5,0.0,-0.0476375954609008,84.6,313.0,160.0,17.5,268.55,-34,-0.040410693812365305,EARLY_DOWN,UPPER_RANGE,MOMENTUM_DOWN,S5_TRASH,,,,,313.0,160.0,17.5,106.0,0.0,26.0,25.0,0.0,268.55,12251000000.0,12.251,,etf,etf,data_raw
181,WRB,Property & Casualty Insurance,26.0,33.5,1.6,-6.0,-8.9,-11.2,-18.5,-16.8,-14.2,-7.3,0.8,26.0,107.3,-27.7,1.4,184.1,144.36820019789914,173.7,176.0,182.0,79.78,268.63,12,8.161327092396107,STRONG_UP,MID_RANGE,NEUTRAL,S0_NEUTRAL,,,,,176.0,182.0,79.78,369.0,22.0,0.0,0.0,0.0,268.63,25143570820.11,25.144,358.0,other,equity,data_raw
182,MSI,Public Safety Technology,44.7,28.6,2.9,-15.7,-15.9,-11.3,-19.7,-28.0,-29.2,-21.4,-10.1,44.7,183.0,-10.2,1.3,355.1,404.86055535294525,192.4,151.0,159.0,75.89,268.94,17,-46.591059988951315,STRONG_DOWN,MID_RANGE,MOMENTUM_UP,S4_BOTTOMING,,,,,151.0,159.0,75.89,428.0,40.0,0.0,-2.0,0.0,268.94,67075492545.62,67.075,190.0,large,equity,data_raw
183,MO,Tobacco,8.4,84.6,0.7,-2.6,1.1,10.6,8.5,18.6,31.5,37.2,45.8,8.4,23.0,-68.4,1.3,-10.7,-14.095390373408314,156.1,194.0,200.0,42.16,271.86,4,4985.904609626592,STRONG_UP,OVEREXTENDED,NEUTRAL,S0_NEUTRAL,,,,,194.0,200.0,42.16,144.0,0.0,0.0,0.0,0.0,271.86,123404964814.55,123.405,97.0,cap100,equity,data_raw
184,FDX,Industrials,-17.5,59.2,6.7,-3.7,0.3,15.9,34.6,24.2,15.5,15.0,16.4,-17.5,34.1,-91.7,3.1,0.0,-5000.0,130.2,225.0,238.0,59.1,273.9,18,-4999.021453459833,STRONG_UP,UPPER_RANGE,MOMENTUM_UP,S1_LEADER,,,,,225.0,238.0,59.1,91.0,0.0,0.0,-6.0,0.0,273.9,94058786127.88,94.059,129.0,large,equity,data_raw
185,COR,Biotechnology,71.2,41.8,7.1,-20.1,-26.4,-27.6,-27.4,-22.1,-22.7,-3.6,34.0,71.2,218.4,-33.7,1.2,358.8,322.5060730780089,218.9,135.0,139.0,54.78,274.18,49,322.04822327201856,STRONG_DOWN,MID_RANGE,MOMENTUM_UP,S4_BOTTOMING,,,,,135.0,139.0,54.78,529.0,58.0,0.0,-2.0,0.0,274.18,53486781717.1,53.487,226.0,large,equity,data_raw
186,HOOD,Capital Markets,264.8,35.4,-2.6,-6.1,-14.4,-30.2,-30.5,52.7,197.3,,,264.8,820.7,-60.3,1.4,1194.6,1.1004341398062578,324.6,86.0,63.0,19.5,277.25,-80,-348.8995658601937,EARLY_DOWN,MID_RANGE,MOMENTUM_DOWN,S5_TRASH,,,,,86.0,63.0,19.5,481.0,58.0,26.0,25.0,0.0,277.25,58262840677.82,58.263,212.0,large,equity,data_raw
187,FANG,Oil & Gas E&P,6.6,56.3,-2.8,-7.7,1.8,12.0,16.9,-0.4,-9.6,0.0,59.7,6.6,98.2,-109.7,1.3,-33.0,0.008368942025122235,154.3,195.0,201.0,66.67,277.57,-37,-3.7339820174861407,STRONG_UP,UPPER_RANGE,MOMENTUM_DOWN,S0_NEUTRAL,,,,,195.0,201.0,66.67,127.0,0.0,0.0,0.0,0.0,277.57,56462393729.57,56.462,217.0,large,equity,data_raw
188,MNST,Beverages - Non-Alcoholic,-12.3,58.8,-2.6,7.3,1.8,5.1,10.5,20.3,7.9,2.5,-1.8,-12.3,35.7,-79.6,1.4,0.0,-0.9690763622466873,135.4,216.0,226.0,83.15,277.85,-28,183.75374611365825,STRONG_UP,UPPER_RANGE,MOMENTUM_DOWN,S0_NEUTRAL,,,,,216.0,226.0,83.15,132.0,0.0,0.0,0.0,0.0,277.85,84881324762.29,84.881,147.0,large,equity,data_raw
189,DHI,Residential Construction,26.4,21.5,6.0,-8.7,-11.8,-12.5,-15.9,-26.6,-35.4,-27.2,-13.8,26.4,205.9,-22.5,1.4,300.9,443.4055041428428,174.1,174.0,180.0,80.35,277.95,90,443.4055041397991,STRONG_DOWN,MID_RANGE,MOMENTUM_UP,S4_BOTTOMING,,,,,174.0,180.0,80.35,388.0,40.0,0.0,-2.0,0.0,277.95,40758896564.91,40.759,266.0,large,equity,data_raw
190,JBHT,Airlines,-27.0,57.7,-3.3,4.6,8.3,20.1,42.5,35.1,15.4,-4.8,-7.9,-27.0,39.4,-116.6,2.6,0.0,-0.22604260318120792,120.7,242.0,260.0,81.87,278.92,21,4999.773957396819,STRONG_UP,UPPER_RANGE,NEUTRAL,S0_NEUTRAL,,,,,242.0,260.0,81.87,67.0,0.0,0.0,0.0,0.0,278.92,24401803724.31,24.402,365.0,other,equity,data_raw
191,GILD,Biotechnology,-7.8,59.6,4.8,-9.7,-11.9,-5.7,-1.1,20.8,26.0,37.4,32.9,-7.8,46.8,-87.0,1.2,0.0,-5000.0,139.9,212.0,221.0,32.74,279.99,-29,-4999.908347377106,STRONG_DOWN,UPPER_RANGE,MOMENTUM_UP,S0_NEUTRAL,,,,,212.0,221.0,32.74,285.0,4.0,0.0,0.0,0.0,279.99,166817329028.43,166.817,72.0,cap100,equity,data_raw
192,LINK-USD,Cryptocurrency,390.5,5.9,-0.2,-3.5,-4.8,-20.1,-40.7,-54.8,-60.9,-79.5,-35.6,390.5,7258.0,-53.1,1.6,13874.0,1692.2090250379767,503.6,53.0,53.0,121.36,280.21,-57,-264.747119111272,EARLY_DOWN,LOWER,MOMENTUM_DOWN,S5_TRASH,,,,,53.0,53.0,121.36,442.0,36.0,0.0,25.0,0.0,280.21,6818016294.54,6.818,,crypto,crypto,data_raw
193,CHRW,Trucking,-4.2,60.8,8.8,-7.8,-12.1,-6.4,17.3,38.2,45.3,33.3,23.7,-4.2,52.0,-90.7,1.7,0.0,-5000.0,143.4,206.0,213.0,48.22,280.52,17,-4999.999999741482,EARLY_UP,UPPER_RANGE,NEUTRAL,S0_NEUTRAL,,,,,206.0,213.0,48.22,206.0,4.0,0.0,0.0,0.0,280.52,20537019604.05,20.537,404.0,other,equity,data_raw
194,XLE,Index,-5.2,52.6,-1.4,-7.7,-1.8,9.6,14.7,8.7,-1.0,4.1,26.7,-5.2,63.6,-80.5,1.5,0.0,-15.105592600301224,142.5,210.0,218.0,81.35,282.3,0,0.0,STRONG_UP,UPPER_RANGE,NEUTRAL,S0_NEUTRAL,,,,,210.0,218.0,81.35,149.0,0.0,0.0,0.0,0.0,282.3,41394286592.0,41.394,,etf,etf,data_raw
195,ACGL,Insurance - Diversified,-2.2,29.9,2.3,-6.9,-8.4,-6.7,-11.1,-22.8,-30.0,-9.4,1.8,-2.2,110.1,-49.5,1.4,0.0,141.27516465327997,145.5,204.0,211.0,89.22,282.67,-15,14.375164653279967,EARLY_UP,MID_RANGE,NEUTRAL,S0_NEUTRAL,,,,,204.0,211.0,89.22,309.0,14.0,0.0,0.0,0.0,282.67,33646218390.65,33.646,298.0,large,equity,data_raw
196,PKG,Packaging & Containers,9.0,34.2,2.0,-8.0,-9.8,-5.7,-7.7,-14.2,-12.8,-6.0,3.5,9.0,85.1,-30.1,1.3,82.5,127.90719032199883,156.7,192.0,199.0,84.22,282.87,9,127.90185983810291,EARLY_DOWN,MID_RANGE,MOMENTUM_DOWN,S5_TRASH,,,,,192.0,199.0,84.22,301.0,4.0,0.0,25.0,0.0,282.87,19237289200.06,19.237,417.0,other,equity,data_raw
197,GLD,Gold (ETF),11.7,49.8,-3.1,-12.5,-15.7,-9.8,-0.8,17.5,28.2,37.1,27.9,11.7,82.7,-58.3,1.4,24.9,-19.385645310991286,159.3,189.0,195.0,39.09,287.64,-84,-19.385645310991286,STRONG_DOWN,MID_RANGE,MOMENTUM_DOWN,S5_TRASH,,,,,189.0,195.0,39.09,346.0,4.0,0.0,25.0,0.0,287.64,,,,,,
198,CSX,Industrials,-5.0,34.3,-2.3,-3.2,1.4,9.2,15.6,13.6,2.7,-11.3,-21.8,-5.0,65.1,-59.9,2.7,0.0,-0.04455466349072148,142.7,208.0,216.0,99.66,287.91,50,4999.955445336509,STRONG_UP,MID_RANGE,MOMENTUM_DOWN,S0_NEUTRAL,,,,,208.0,216.0,99.66,129.0,0.0,0.0,0.0,0.0,287.91,84582481575.71,84.582,148.0,large,equity,data_raw
199,KKR,Asset Management,104.9,24.8,-2.6,-11.8,-12.6,-21.3,-34.0,-46.2,-40.4,-32.0,1.4,104.9,478.9,-17.5,1.4,1039.9,3.704889292326544,252.6,117.0,120.0,41.44,289.54,-41,3.5843800452167836,EARLY_DOWN,MID_RANGE,MOMENTUM_DOWN,S5_TRASH,,,,,117.0,120.0,41.44,471.0,58.0,0.0,25.0,0.0,289.54,84435972193.67,84.436,149.0,large,equity,data_raw
200,ALNY,Biotechnology,5.0,22.9,2.5,-13.2,-16.3,-26.9,-31.5,-19.3,-14.4,-16.9,-9.6,5.0,206.0,-54.2,1.4,382.2,296.9812814300944,152.7,196.0,203.0,50.89,291.49,81,296.9806364868026,EARLY_UP,MID_RANGE,MOMENTUM_UP,S2_EARLY_BREAKOUT,,,,,196.0,203.0,50.89,496.0,58.0,0.0,-4.0,0.0,291.49,39713316468.64,39.713,271.0,large,equity,data_raw
201,RTX,Aerospace & Defense,2.8,47.1,5.3,-11.9,-16.0,-12.8,-6.1,9.8,23.6,26.5,28.0,2.8,73.4,-59.3,1.2,30.2,-1030.687450122287,150.5,199.0,206.0,36.72,291.92,-5,-1030.375531314637,EARLY_UP,MID_RANGE,MOMENTUM_UP,S2_EARLY_BREAKOUT,,,,,199.0,206.0,36.72,377.0,20.0,0.0,-4.0,0.0,291.92,238376426192.73,238.376,49.0,cap100,equity,data_raw
202,DVN,Oil & Gas E&P,25.2,32.1,-3.8,-13.3,-3.5,9.1,17.3,5.8,-13.9,-21.6,78.4,25.2,286.9,-103.1,1.4,-20.2,0.00035767102114735773,172.9,178.0,184.0,84.21,292.61,-28,-18.02367498298922,EARLY_UP,MID_RANGE,MOMENTUM_DOWN,S0_NEUTRAL,,,,,178.0,184.0,84.21,156.0,0.0,0.0,0.0,0.0,292.61,54444185996.5,54.444,222.0,large,equity,data_raw
203,CFG,Banks - Regional,-15.8,47.2,4.4,-7.9,-6.8,-1.0,8.7,18.3,36.2,17.2,14.3,-15.8,47.4,-71.4,1.7,0.0,-5000.0,131.8,222.0,233.0,55.94,292.74,-6,-4999.999999992609,STRONG_DOWN,MID_RANGE,MOMENTUM_UP,S4_BOTTOMING,,,,,222.0,233.0,55.94,196.0,4.0,0.0,-2.0,0.0,292.74,26595045074.27,26.595,348.0,other,equity,data_raw
204,GM,Automobiles,-22.8,50.3,7.7,-4.1,-7.7,-5.6,10.7,22.3,35.7,21.6,12.9,-22.8,32.7,-83.2,1.9,0.0,-5000.0,124.9,233.0,248.0,48.82,293.52,2,-4999.999996621431,STRONG_DOWN,UPPER_RANGE,MOMENTUM_UP,S0_NEUTRAL,,,,,233.0,248.0,48.82,197.0,4.0,0.0,0.0,0.0,293.52,71042201539.55,71.042,182.0,large,equity,data_raw
205,Q,Technology,43.1,100.0,6.1,43.7,45.6,,,,,,,43.1,46.3,-16.0,1.7,5.3,5.3,43.4,434.0,163.0,17.5,295.3,-21,0.0,,,,,,,,,434.0,163.0,17.5,64.0,0.0,71.0,0.0,0.0,295.3,32851600221.26,32.852,302.0,other,equity,data_raw
206,PCAR,Farm & Heavy Construction Machinery,17.8,39.0,-3.0,-14.8,-17.3,-10.2,-6.5,-11.5,-16.1,4.2,10.2,17.8,112.5,-42.1,1.4,96.5,1.6285027877793397,165.5,186.0,192.0,54.22,295.37,-38,1.5387913525686476,STRONG_DOWN,MID_RANGE,MOMENTUM_DOWN,S5_TRASH,,,,,186.0,192.0,54.22,385.0,20.0,0.0,25.0,0.0,295.37,57549398338.1,57.549,215.0,large,equity,data_raw
207,NI,"Electric, Gas and Multi-Utilities",-23.6,53.1,6.0,-7.9,-5.6,-1.2,-1.6,5.5,13.0,15.7,5.8,-23.6,17.0,-68.5,1.3,0.0,-5000.0,124.1,235.0,250.0,49.15,295.55,15,-4999.412381594346,EARLY_UP,UPPER_RANGE,MOMENTUM_UP,S2_EARLY_BREAKOUT,,,,,235.0,250.0,49.15,229.0,4.0,0.0,-4.0,0.0,295.55,22941167141.68,22.941,379.0,other,equity,data_raw
208,NXPI,Semiconductors,12.9,65.6,14.6,25.8,28.6,34.7,32.9,19.3,9.3,2.1,12.0,12.9,56.6,-69.4,1.7,-55.0,-5000.0,160.6,188.0,194.0,61.99,296.49,-39,-4999.524305944144,STRONG_UP,UPPER_RANGE,MOMENTUM_DOWN,S0_NEUTRAL,,,,,188.0,194.0,61.99,48.0,0.0,0.0,0.0,0.0,296.49,79899522679.32,79.9,153.0,large,equity,data_raw
209,DDOG,Software-Infrastructure,61.2,48.5,5.8,64.1,70.5,56.3,53.8,50.1,49.4,37.7,,61.2,147.3,-87.1,1.8,-81.8,-5000.0,146.5,203.0,145.0,61.56,296.76,5,0.0,STRONG_UP,MID_RANGE,MOMENTUM_DOWN,S0_NEUTRAL,,,,,203.0,145.0,61.56,19.0,0.0,11.0,0.0,0.0,296.76,73549193834.4,73.549,174.0,large,equity,data_raw
210,ATO,Natural Gas Utilities,-5.0,49.8,-0.5,-13.5,-10.3,-8.1,-8.8,-4.1,-2.7,2.6,-3.6,-5.0,44.9,-54.0,1.3,0.0,0.39139238935262455,142.6,209.0,216.0,59.78,297.33,-12,0.39139237982284436,STRONG_DOWN,MID_RANGE,MOMENTUM_DOWN,S5_TRASH,,,,,209.0,216.0,59.78,348.0,4.0,0.0,25.0,0.0,297.33,29680013142.3,29.68,321.0,other,equity,data_raw
211,IRDM,Satellite Communications,19.4,43.0,9.9,38.9,77.6,117.0,103.1,73.3,34.6,-6.7,-23.7,19.4,235.3,-142.6,3.6,-187.8,-5000.0,167.1,183.0,189.0,79.84,301.14,-30,-4870.802472814842,STRONG_UP,MID_RANGE,MOMENTUM_UP,S1_LEADER,,,,,183.0,189.0,79.84,13.0,0.0,0.0,-6.0,0.0,301.14,5163743033.09,5.164,536.0,other,equity,data_raw
212,RCL,Travel Services,50.2,48.4,-2.2,-15.0,-21.3,-19.3,-25.3,-9.2,23.4,106.5,106.4,50.2,219.6,-108.0,1.3,241.9,9.680469124702476,197.8,147.0,155.0,34.84,301.44,-17,8.83259311900545,STRONG_DOWN,MID_RANGE,MOMENTUM_DOWN,S5_TRASH,,,,,147.0,155.0,34.84,479.0,58.0,0.0,25.0,0.0,301.44,68684735502.73,68.685,186.0,large,equity,data_raw
213,AZO,Auto Parts,28.6,39.8,2.4,-11.5,-14.2,-15.2,-24.2,-25.6,-31.2,-26.2,-7.3,28.6,146.3,-48.7,1.3,236.3,231.65310146964137,176.3,172.0,178.0,75.89,301.94,59,231.65310145712846,STRONG_DOWN,MID_RANGE,MOMENTUM_UP,S4_BOTTOMING,,,,,172.0,178.0,75.89,433.0,58.0,0.0,-2.0,0.0,301.94,56128287330.0,56.128,218.0,large,equity,data_raw
214,EOG,Oil & Gas E&P,-29.6,39.3,-0.5,-7.2,2.7,13.7,11.9,1.5,-10.2,-8.8,22.7,-29.6,74.9,-96.5,1.5,0.0,-8.520016958184435,118.0,251.0,269.0,85.64,303.04,16,4991.479983041816,EARLY_UP,MID_RANGE,NEUTRAL,S0_NEUTRAL,,,,,251.0,269.0,85.64,133.0,0.0,0.0,0.0,0.0,303.04,75217801656.78,75.218,168.0,large,equity,data_raw
215,F,Auto Manufacturers,-31.4,31.8,10.4,19.4,10.7,11.0,18.1,21.5,8.0,-7.9,5.7,-31.4,98.7,-91.2,1.5,0.0,-5000.0,116.3,253.0,271.0,76.87,303.77,48,0.0,STRONG_UP,MID_RANGE,MOMENTUM_UP,S1_LEADER,,,,,253.0,271.0,76.87,81.0,0.0,0.0,-6.0,0.0,303.77,58433640665.63,58.434,211.0,large,equity,data_raw
216,FOXA,Entertainment,-8.4,37.3,-5.6,-3.4,-5.2,-9.3,-8.1,5.0,15.7,8.2,-6.0,-8.4,10.2,-73.0,1.4,0.0,-0.00020628272762273484,84.8,312.0,222.0,65.87,304.52,13,4999.999793717272,STRONG_UP,MID_RANGE,MOMENTUM_DOWN,S0_NEUTRAL,,,,,312.0,222.0,65.87,269.0,4.0,0.0,0.0,0.0,304.52,12762806956.72,12.763,469.0,other,equity,data_raw
217,BLDR,Building Materials,28.1,8.0,1.5,-13.9,-27.0,-33.6,-46.6,-66.7,-83.7,-79.3,-39.2,28.1,761.1,-34.7,1.4,2954.5,4214.821094717804,175.8,173.0,179.0,80.38,305.13,74,4214.818525403082,STRONG_DOWN,LOWER,MOMENTUM_UP,S4_BOTTOMING,,,,,173.0,179.0,80.38,560.0,58.0,0.0,-2.0,0.0,305.13,7975564969.52,7.976,518.0,other,equity,data_raw
218,UNH,Managed Healthcare,-76.7,15.1,-1.8,14.9,20.8,15.8,10.7,-23.1,-44.6,-66.7,-74.8,-76.7,128.7,-112.7,1.7,0.0,3.775522260813023,71.0,347.0,370.0,76.6,306.2,-36,-37.76097610851704,STRONG_UP,LOWER,MOMENTUM_DOWN,S0_NEUTRAL,,,,,347.0,370.0,76.6,77.0,0.0,0.0,0.0,0.0,306.2,352786857730.45,352.787,31.0,cap100,equity,data_raw
219,MCHP,Semiconductors,-27.5,46.2,-1.3,13.1,14.8,29.3,32.7,19.8,-2.5,-19.4,-26.2,-27.5,64.3,-105.7,1.7,0.0,-5.891128407375538,120.1,244.0,262.0,81.1,307.7,-46,-5.888625632593947,EARLY_DOWN,MID_RANGE,MOMENTUM_DOWN,S5_TRASH,,,,,244.0,262.0,81.1,62.0,0.0,0.0,25.0,0.0,307.7,50646467389.26,50.646,238.0,large,equity,data_raw
220,NSC,Industrials,-23.9,25.8,-2.8,-2.7,-2.4,-0.0,2.1,4.9,-0.2,-17.8,-31.5,-23.9,59.6,-52.6,1.4,0.0,-1.082347434886828,123.8,236.0,252.0,96.53,309.83,33,1358.9721658841418,STRONG_UP,MID_RANGE,MOMENTUM_DOWN,S0_NEUTRAL,,,,,236.0,252.0,96.53,184.0,0.0,0.0,0.0,0.0,309.83,70641550860.37,70.642,183.0,large,equity,data_raw
221,ISRG,Health Care Equipment,-4.6,4.6,4.2,-13.6,-17.4,-23.1,-28.1,-35.7,-36.5,-33.7,-36.5,-4.6,156.3,-12.3,1.6,0.0,3640.8232094871746,143.0,207.0,214.0,62.89,310.24,74,3640.823132610225,EARLY_UP,LOWER,MOMENTUM_UP,S4_BOTTOMING,,,,,207.0,214.0,62.89,482.0,58.0,0.0,-2.0,0.0,310.24,155158743241.84,155.159,78.0,cap100,equity,data_raw
222,PFG,Diversified Financial Services,-20.7,27.6,3.9,0.4,0.7,5.8,9.0,3.2,-5.3,-14.5,-4.9,-20.7,75.3,-56.6,1.7,0.0,-5000.0,127.0,229.0,245.0,84.56,310.61,4,-4957.800012868051,STRONG_UP,MID_RANGE,MOMENTUM_UP,S1_LEADER,,,,,229.0,245.0,84.56,150.0,0.0,0.0,-6.0,0.0,310.61,22432885748.79,22.433,386.0,other,equity,data_raw
223,DXCM,Healthcare,-66.8,7.3,4.8,7.9,-0.9,1.9,-11.6,-28.7,-54.8,-82.6,-99.9,-66.8,399.3,-102.9,1.9,0.0,5000.0,80.9,328.0,351.0,104.07,311.42,105,0.0,EARLY_UP,LOWER,MOMENTUM_UP,S4_BOTTOMING,,,,,328.0,351.0,104.07,187.0,10.0,0.0,-2.0,0.0,311.42,27821441052.9,27.821,338.0,other,equity,data_raw
224,VOO,Unknown,0.0,24.7,0.0,0.5,0.4,0.7,0.4,1.1,1.4,-0.3,-0.1,0.0,7.0,-2.3,1.6,-5.5,-4.6,126.4,231.0,208.0,71.04,311.69,0,0.0,,,,,,,,,231.0,208.0,71.04,172.0,0.0,0.0,0.0,0.0,311.69,1600156336128.0,1600.156,,etf,etf,data_raw
225,160580.KS,Commodity,-39.0,36.3,3.6,1.2,0.3,4.4,11.8,11.3,7.4,-5.8,-9.9,-39.0,32.3,-78.9,1.8,0.0,-5000.0,108.6,269.0,288.0,67.68,311.73,39,0.0,STRONG_UP,MID_RANGE,MOMENTUM_UP,S1_LEADER,,,,,269.0,288.0,67.68,146.0,0.0,0.0,-6.0,0.0,311.73,2166000000.0,2.166,,etf,etf,data_raw
226,AXP,Consumer Finance,36.5,42.3,-2.5,-8.2,-10.8,-16.1,-16.9,-15.2,-4.2,3.6,16.7,36.5,125.3,-28.1,1.2,187.8,0.0141126731141104,184.1,163.0,172.0,38.33,311.93,-62,-0.10408433981026001,EARLY_DOWN,MID_RANGE,MOMENTUM_DOWN,S5_TRASH,,,,,163.0,172.0,38.33,399.0,58.0,0.0,25.0,0.0,311.93,212735737565.62,212.736,53.0,cap100,equity,data_raw
227,AME,Electronic Instruments & Controls,4.9,39.1,-8.8,-8.6,-9.9,-4.6,-0.9,-2.6,-9.9,-12.1,-12.2,4.9,46.1,-21.9,2.0,17.1,1.5009126226827746e-10,152.6,197.0,204.0,87.73,312.43,-36,-5.735142650540312e-10,EARLY_DOWN,MID_RANGE,MOMENTUM_DOWN,S5_TRASH,,,,,197.0,204.0,87.73,259.0,4.0,0.0,25.0,0.0,312.43,51460658988.3,51.461,235.0,large,equity,data_raw
228,XRP-USD,Cryptocurrency,69.2,13.3,-1.5,-10.3,-14.1,-27.8,-46.5,-7.8,17.2,28.7,85.3,69.2,898.4,-75.3,1.5,2208.8,0.5601555502853515,182.3,167.0,140.0,38.24,312.54,-105,-1133.9934093436977,EARLY_DOWN,LOWER,MOMENTUM_DOWN,S5_TRASH,,,,,167.0,140.0,38.24,523.0,58.0,0.0,25.0,0.0,312.54,82667461343.33,82.667,,crypto,crypto,data_raw
229,V,Transaction Processing,-36.4,4.9,-0.2,-3.4,-4.6,-8.2,-17.2,-20.1,-25.7,-29.9,-44.7,-36.4,57.3,-40.9,2.1,0.0,180.61478343766538,111.3,266.0,285.0,94.79,313.09,-26,-74.16176025274541,STRONG_UP,LOWER,NEUTRAL,S0_NEUTRAL,,,,,266.0,285.0,94.79,310.0,10.0,0.0,0.0,0.0,313.09,545845410540.21,545.845,22.0,cap100,equity,data_raw
230,MCO,Credit Rating & Analytics,-17.9,8.0,7.1,-8.2,-12.8,-15.0,-21.3,-27.5,-31.2,-36.7,-45.0,-17.9,88.4,-27.0,1.4,0.0,4201.314541075669,129.8,226.0,239.0,85.75,314.45,90,4200.860450985983,EARLY_DOWN,LOWER,MOMENTUM_UP,S4_BOTTOMING,,,,,226.0,239.0,85.75,418.0,40.0,0.0,-2.0,0.0,314.45,78450680981.65,78.451,159.0,large,equity,data_raw
231,ETH-USD,Cryptocurrency,171.7,14.9,-1.1,-14.5,-12.9,-26.3,-37.1,-48.9,-56.6,-70.8,103.5,171.7,1484.0,-71.9,1.7,2470.2,8.16896143610399,284.9,102.0,91.0,74.64,314.49,-66,-71.6371053812966,EARLY_DOWN,LOWER,MOMENTUM_DOWN,S5_TRASH,,,,,102.0,91.0,74.64,503.0,58.0,0.0,25.0,0.0,314.49,249055160176.64,249.055,,crypto,crypto,data_raw
232,DE,Agricultural & Construction Machinery,56.4,38.2,-12.1,-16.4,-16.2,-7.3,-9.5,-6.8,-14.0,-24.4,-2.3,56.4,162.8,-9.5,1.3,215.1,1.6876326903610473e-08,204.0,142.0,148.0,104.51,314.91,-84,-0.0004355301111799964,STRONG_DOWN,MID_RANGE,MOMENTUM_DOWN,S5_TRASH,,,,,142.0,148.0,104.51,386.0,4.0,0.0,25.0,0.0,314.91,142927274864.72,142.927,89.0,cap100,equity,data_raw
233,DAL,Industrials,-65.5,31.1,10.4,2.9,5.2,7.6,17.7,16.2,19.3,18.8,-4.6,-65.5,13.2,-100.5,1.7,0.0,-5000.0,82.1,325.0,345.0,50.67,315.02,-14,-4999.999999702871,STRONG_UP,MID_RANGE,MOMENTUM_UP,S1_LEADER,,,,,325.0,345.0,50.67,112.0,0.0,0.0,-6.0,0.0,315.02,50023548646.6,50.024,243.0,large,equity,data_raw
234,TRV,Property & Casualty Insurance,-15.6,46.3,3.8,-5.6,-5.1,-3.3,-5.0,-3.3,-1.5,1.3,2.6,-15.6,23.6,-48.7,1.4,0.0,-50.52974474417491,132.1,221.0,232.0,88.7,315.85,25,-35.22246618930146,STRONG_UP,MID_RANGE,NEUTRAL,S0_NEUTRAL,,,,,221.0,232.0,88.7,240.0,4.0,0.0,0.0,0.0,315.85,65167090799.75,65.167,196.0,large,equity,data_raw
235,DD,Specialty Chemicals,-56.1,39.6,-5.6,-4.5,-4.7,5.3,23.8,21.4,17.5,11.9,2.9,-56.1,17.9,-103.7,2.4,0.0,-4.257105779158102e-05,91.5,299.0,324.0,60.1,316.5,-47,0.3241441421147622,EARLY_DOWN,MID_RANGE,MOMENTUM_DOWN,S5_TRASH,,,,,299.0,324.0,60.1,141.0,0.0,0.0,25.0,0.0,316.5,19725412806.88,19.725,410.0,other,equity,data_raw
236,UNP,Railroads,-33.2,24.5,-5.1,-4.0,-2.3,3.2,3.0,-4.3,-13.7,-26.3,-37.2,-33.2,54.8,-61.2,2.2,0.0,-5.86174897745338,114.5,258.0,277.0,91.95,316.8,-13,149.46759383000796,STRONG_UP,MID_RANGE,MOMENTUM_DOWN,S0_NEUTRAL,,,,,258.0,277.0,91.95,175.0,0.0,0.0,0.0,0.0,316.8,157856471971.43,157.856,76.0,cap100,equity,data_raw
237,AEP,Electric Utilities,-31.8,35.5,8.0,-8.5,-5.2,-1.2,1.8,8.8,12.2,2.8,-13.1,-31.8,33.7,-67.3,1.6,0.0,-5000.0,115.9,254.0,272.0,61.69,317.44,9,-4999.99999999997,STRONG_DOWN,MID_RANGE,MOMENTUM_UP,S4_BOTTOMING,,,,,254.0,272.0,61.69,217.0,4.0,0.0,-2.0,0.0,317.44,71598779168.31,71.599,179.0,large,equity,data_raw
238,IVZ,Asset Management,-49.6,49.3,-2.4,-0.8,-3.2,-0.2,19.2,34.7,36.6,15.7,17.1,-49.6,8.3,-104.9,1.8,0.0,-1.0210832311110638,98.1,289.0,312.0,60.34,318.99,-52,-0.8567119307825077,EARLY_DOWN,MID_RANGE,MOMENTUM_DOWN,S5_TRASH,,,,,289.0,312.0,60.34,154.0,0.0,0.0,25.0,0.0,318.99,11991173476.24,11.991,485.0,other,equity,data_raw
239,AKAM,Technology,-64.0,40.8,-3.5,25.8,34.1,48.6,57.3,40.3,18.0,-7.0,-36.2,-64.0,51.4,-142.9,2.4,0.0,-0.0003304271045685025,83.6,318.0,340.0,93.82,319.07,15,4999.999669572895,STRONG_UP,MID_RANGE,MOMENTUM_DOWN,S0_NEUTRAL,,,,,318.0,340.0,93.82,35.0,0.0,0.0,0.0,0.0,319.07,21405099329.58,21.405,397.0,other,equity,data_raw
240,SPG,Retail REITs,-45.4,47.8,2.1,-3.8,-4.2,-0.8,0.7,-0.4,5.9,10.5,18.6,-45.4,9.3,-94.0,1.2,0.0,-185.3701926165352,102.3,280.0,302.0,76.48,319.13,28,-178.0747237446242,STRONG_UP,MID_RANGE,MOMENTUM_UP,S1_LEADER,,,,,280.0,302.0,76.48,201.0,0.0,0.0,-6.0,0.0,319.13,66286466819.48,66.286,192.0,large,equity,data_raw
241,AMP,Asset Management,61.5,35.4,-6.0,-8.4,-12.7,-12.4,-21.1,-29.6,-31.8,-25.3,10.5,61.5,218.6,-24.3,1.3,366.1,3.7340017393479153e-07,209.2,139.0,144.0,75.33,319.33,-100,-355.2675829181356,EARLY_DOWN,MID_RANGE,MOMENTUM_DOWN,S5_TRASH,,,,,139.0,144.0,75.33,405.0,40.0,0.0,25.0,0.0,319.33,40661349844.56,40.661,268.0,large,equity,data_raw
242,VRSN,Technology,-49.0,26.5,3.4,10.0,16.7,16.9,5.0,15.1,3.4,-14.3,-41.2,-49.0,78.8,-94.3,1.7,0.0,-497.30527228670445,98.6,287.0,310.0,89.0,320.25,-1,-75.14782077210987,STRONG_UP,MID_RANGE,MOMENTUM_UP,S1_LEADER,,,,,287.0,310.0,89.0,88.0,0.0,0.0,-6.0,0.0,320.25,28210000000.0,28.21,332.0,other,equity,data_raw
243,CME,Financial Data & Stock Exchanges,-11.5,32.5,-7.6,-9.3,-10.8,-6.9,-10.3,-1.2,-1.4,-5.3,-17.7,-11.5,63.1,-47.0,1.4,0.0,-1.0190970832002025e-08,136.1,215.0,225.0,87.84,320.39,-53,4999.999999989809,EARLY_UP,MID_RANGE,NEUTRAL,S0_NEUTRAL,,,,,215.0,225.0,87.84,338.0,14.0,0.0,0.0,0.0,320.39,105227114863.57,105.227,116.0,large,equity,data_raw
244,WM,Waste Management,-23.3,7.3,-4.7,-13.8,-13.3,-9.5,-16.0,-21.1,-25.1,-29.0,-31.3,-23.3,60.4,-29.6,1.8,0.0,77.83387731227496,124.4,234.0,249.0,94.54,320.44,-17,-114.01443447791148,EARLY_UP,LOWER,NEUTRAL,S0_NEUTRAL,,,,,234.0,249.0,94.54,398.0,14.0,0.0,0.0,0.0,320.44,87503353909.78,87.503,139.0,large,equity,data_raw
245,ALB,Specialty Chemicals,-59.5,25.7,-3.5,-16.3,-12.8,7.9,69.6,67.0,29.5,-24.1,-22.8,-59.5,194.3,-146.7,2.6,0.0,-0.00016963616552214132,88.2,304.0,329.0,65.42,321.27,-67,-0.00016963550623988872,EARLY_DOWN,MID_RANGE,MOMENTUM_DOWN,S5_TRASH,,,,,304.0,329.0,65.42,89.0,4.0,0.0,25.0,0.0,321.27,20235227634.52,20.235,406.0,other,equity,data_raw
246,EXPD,Air Freight & Logistics,-34.3,33.2,1.6,0.1,-2.1,1.2,7.8,3.8,-8.6,-22.2,-28.8,-34.3,44.4,-72.8,2.0,0.0,-4956.729697402202,113.3,263.0,281.0,72.3,321.65,-30,-4956.34416245919,STRONG_UP,MID_RANGE,NEUTRAL,S0_NEUTRAL,,,,,263.0,281.0,72.3,162.0,0.0,0.0,0.0,0.0,321.65,20727778199.04,20.728,403.0,other,equity,data_raw
247,0138Y0.KS,Korea ETF (My Portfolio),5.4,58.9,-9.0,6.5,0.7,0.7,0.7,0.7,0.7,0.7,0.7,0.7,10.0,-1.2,1.9,4.3,4.5408367353638143e-150,7.3,500.0,202.0,64.96,322.61,-22,-2.201553548958668e-99,,,,,,,,,500.0,202.0,64.96,161.0,0.0,0.0,0.0,0.0,322.61,323.0,0.0,,etf,etf,data_raw
248,APA,Oil & Gas E&P,-70.6,32.6,-1.6,-13.4,7.9,27.2,53.5,41.8,12.3,-8.8,9.4,-70.6,62.8,-136.0,2.9,0.0,-0.35159983814382045,77.0,338.0,360.0,83.3,324.6,40,4999.648400161856,EARLY_UP,MID_RANGE,NEUTRAL,S0_NEUTRAL,,,,,338.0,360.0,83.3,66.0,0.0,0.0,0.0,0.0,324.6,13714644537.92,13.715,460.0,other,equity,data_raw
249,SNA,Tools & Accessories,-17.1,35.0,5.2,-9.8,-9.9,-5.7,-5.2,-6.9,-12.3,-7.1,2.8,-17.1,29.6,-41.8,1.4,0.0,5.367202074581671,130.6,224.0,236.0,93.67,326.42,3,5.366967815579501,STRONG_DOWN,MID_RANGE,MOMENTUM_DOWN,S5_TRASH,,,,,224.0,236.0,93.67,295.0,4.0,0.0,25.0,0.0,326.42,18993172185.23,18.993,421.0,other,equity,data_raw
250,FOX,Broadcasting & Cable TV,-18.1,31.5,-5.2,-4.2,-6.5,-10.1,-9.8,1.3,11.0,2.7,-15.4,-18.1,4.0,-76.2,1.3,0.0,-0.0003215422133487478,75.1,341.0,240.0,66.12,328.22,-8,4999.999678457787,STRONG_UP,MID_RANGE,MOMENTUM_DOWN,S0_NEUTRAL,,,,,341.0,240.0,66.12,297.0,12.0,0.0,0.0,0.0,328.22,12633161267.53,12.633,472.0,other,equity,data_raw
251,PLD,Industrial REITs,-28.4,18.7,3.4,-2.3,-1.7,1.6,7.6,2.3,-11.2,-30.4,-39.7,-28.4,112.7,-60.3,1.8,0.0,-5000.0,119.3,247.0,265.0,85.61,328.41,-19,-4998.497749990376,STRONG_UP,LOWER,MOMENTUM_UP,S0_NEUTRAL,,,,,247.0,265.0,85.61,165.0,0.0,0.0,0.0,0.0,328.41,136028108509.46,136.028,90.0,cap100,equity,data_raw
252,ZS,Technology,-25.6,8.8,3.8,23.3,11.4,-10.3,-31.4,-34.4,-42.4,-62.3,-56.6,-25.6,408.1,-84.4,1.9,0.0,433.8556923260629,82.7,321.0,257.0,115.91,329.41,60,-313.25888242025906,STRONG_UP,LOWER,MOMENTUM_UP,S0_NEUTRAL,,,,,321.0,257.0,115.91,205.0,18.0,0.0,0.0,0.0,329.41,29323399721.0,29.323,323.0,other,equity,data_raw
253,ADP,Industrials,-72.9,9.3,4.1,-0.1,-3.8,-10.2,-25.5,-34.7,-42.9,-53.9,-63.4,-72.9,62.9,-86.5,2.3,0.0,5000.0,74.8,342.0,364.0,81.75,329.5,-4,0.0,STRONG_UP,LOWER,MOMENTUM_UP,S0_NEUTRAL,,,,,342.0,364.0,81.75,349.0,18.0,0.0,0.0,0.0,329.5,90064130101.51,90.064,132.0,large,equity,data_raw
254,KR,Grocery Stores,-21.7,26.8,1.7,-11.3,-7.8,-5.6,-12.6,-10.5,-11.0,-12.6,-2.0,-21.7,65.1,-52.7,1.5,0.0,0.45509296359495716,126.0,232.0,247.0,98.72,329.87,-26,0.25696851610997457,EARLY_UP,MID_RANGE,NEUTRAL,S0_NEUTRAL,,,,,232.0,247.0,98.72,327.0,14.0,0.0,0.0,0.0,329.87,41463705528.25,41.464,263.0,large,equity,data_raw
255,CVX,Oil & Gas Integrated,-34.7,23.3,-1.3,-9.9,-6.4,2.8,6.5,2.6,-8.7,-14.1,-9.1,-34.7,68.2,-65.3,1.9,0.0,-1.2756778199608914,113.0,264.0,282.0,97.88,329.88,5,4998.724322180039,EARLY_UP,MID_RANGE,NEUTRAL,S0_NEUTRAL,,,,,264.0,282.0,97.88,194.0,4.0,0.0,0.0,0.0,329.88,381251539249.86,381.252,28.0,cap100,equity,data_raw
256,KO,Soft Drinks,-41.7,27.7,-0.8,-3.2,-2.4,2.5,1.1,0.9,-3.2,-11.7,-21.3,-41.7,15.3,-63.0,1.8,0.0,-17.456561249791488,106.0,273.0,294.0,93.35,330.1,-1,4982.543438750208,STRONG_UP,MID_RANGE,NEUTRAL,S0_NEUTRAL,,,,,273.0,294.0,93.35,180.0,0.0,0.0,0.0,0.0,330.1,350566281861.79,350.566,32.0,cap100,equity,data_raw
257,TMUS,Telecommunication Services,-20.7,4.6,3.2,-12.9,-13.9,-14.5,-26.3,-31.6,-30.9,-32.5,-34.6,-20.7,136.2,-27.7,1.9,0.0,5000.0,127.0,229.0,245.0,101.37,330.57,62,4900.666333163645,STRONG_DOWN,LOWER,MOMENTUM_UP,S4_BOTTOMING,,,,,229.0,245.0,101.37,439.0,40.0,0.0,-2.0,0.0,330.57,207209738485.04,207.21,55.0,cap100,equity,data_raw
258,UAL,Industrials,-67.3,33.4,6.7,-2.1,-7.2,-9.0,-6.1,8.3,22.6,26.6,2.3,-67.3,37.9,-119.5,1.3,0.0,-1665.1689789946588,80.3,331.0,354.0,44.32,332.17,59,-1655.544521445762,STRONG_UP,MID_RANGE,MOMENTUM_UP,S1_LEADER,,,,,331.0,354.0,44.32,264.0,4.0,0.0,-6.0,0.0,332.17,32443989713.73,32.444,306.0,other,equity,data_raw
259,CTRA,Oil & Gas E&P,-54.0,32.0,-13.8,-12.9,-4.9,5.7,10.2,3.8,-8.9,-8.1,-5.7,-54.0,47.1,-103.3,1.6,0.0,-8.071640296765931e-225,89.7,300.0,322.0,97.55,332.4,-26,2.079310989927655e-148,STRONG_UP,MID_RANGE,NEUTRAL,S0_NEUTRAL,,,,,300.0,322.0,97.55,177.0,0.0,0.0,0.0,0.0,332.4,24724652557.46,24.725,362.0,other,equity,data_raw
260,JOBY,Airports & Air Services,-4.9,19.7,2.6,16.4,7.1,-10.5,-13.4,18.3,14.1,6.7,,-4.9,149.0,-87.6,1.7,0.0,-5000.0,61.4,385.0,215.0,33.77,332.62,-13,-4999.948515170518,STRONG_UP,LOWER,MOMENTUM_DOWN,S0_NEUTRAL,,,,,385.0,215.0,33.77,182.0,18.0,11.0,0.0,0.0,332.62,10741380018.89,10.741,497.0,other,equity,data_raw
261,TTWO,Electronic Gaming & Multimedia,-33.5,10.4,-9.4,1.4,-0.7,-8.9,-16.4,-8.8,-11.1,-17.6,-40.7,-33.5,120.1,-50.9,1.4,0.0,-1.060627723062634,114.2,260.0,278.0,86.64,332.64,-48,1182.4598723202255,STRONG_UP,LOWER,MOMENTUM_DOWN,S0_NEUTRAL,,,,,260.0,278.0,86.64,262.0,10.0,0.0,0.0,0.0,332.64,42187770565.8,42.188,261.0,large,equity,data_raw
262,EVRG,Utilities,-43.6,35.0,6.4,-6.8,-5.1,-1.4,0.9,10.6,13.8,1.6,-14.3,-43.6,19.6,-76.9,1.5,0.0,-5000.0,104.1,279.0,301.0,70.49,334.14,-17,-4999.996733475281,STRONG_UP,MID_RANGE,MOMENTUM_UP,S1_LEADER,,,,,279.0,301.0,70.49,216.0,4.0,0.0,-6.0,0.0,334.14,19349263881.28,19.349,416.0,other,equity,data_raw
263,RJF,Investment Banking & Brokerage,14.4,34.9,-4.8,-7.3,-10.2,-11.4,-16.9,-18.7,-18.7,-19.1,3.7,14.4,106.2,-34.2,1.2,169.5,1.1654977062318148,162.1,187.0,193.0,79.78,337.23,-86,-41.35754011469199,EARLY_DOWN,MID_RANGE,MOMENTUM_DOWN,S5_TRASH,,,,,187.0,193.0,79.78,372.0,40.0,0.0,25.0,0.0,337.23,29516985638.06,29.517,322.0,other,equity,data_raw
264,NEE,Electric Utilities,-27.2,20.0,-10.9,-15.3,-12.4,-6.6,-0.1,-2.5,-5.3,-24.6,-39.4,-27.2,77.1,-52.8,2.0,0.0,-0.0004535889709532059,120.4,243.0,261.0,75.76,337.41,-49,57.17004508483955,STRONG_DOWN,MID_RANGE,MOMENTUM_DOWN,S5_TRASH,,,,,243.0,261.0,75.76,312.0,4.0,0.0,25.0,0.0,337.41,184680360815.66,184.68,61.0,cap100,equity,data_raw
265,CB,Insurance - Property & Casualty,-26.0,31.9,0.4,-8.3,-7.2,-2.8,-3.6,-7.6,-8.4,-7.8,-4.6,-26.0,25.9,-49.7,1.6,0.0,-82.9092832844778,121.7,240.0,259.0,98.87,338.47,29,4917.090716715522,EARLY_UP,MID_RANGE,NEUTRAL,S0_NEUTRAL,,,,,240.0,259.0,98.87,250.0,4.0,0.0,0.0,0.0,338.47,127175455837.88,127.175,92.0,cap100,equity,data_raw
266,MRK,Pharmaceuticals,-46.5,31.6,10.1,-3.4,-3.3,5.5,16.5,0.7,-17.4,-24.0,-36.5,-46.5,61.4,-95.8,2.4,0.0,-5000.0,101.2,282.0,304.0,84.93,338.48,20,-4930.306970851306,EARLY_UP,MID_RANGE,MOMENTUM_UP,S2_EARLY_BREAKOUT,,,,,282.0,304.0,84.93,153.0,0.0,0.0,-4.0,0.0,338.48,302331215684.92,302.331,40.0,cap100,equity,data_raw
267,AJG,Insurance Brokers,-20.4,5.2,1.3,-12.1,-17.2,-21.7,-37.2,-48.9,-58.1,-59.4,-52.2,-20.4,215.4,-33.0,1.9,0.0,5000.0,127.3,228.0,244.0,81.17,339.22,10,0.0,EARLY_UP,LOWER,NEUTRAL,S0_NEUTRAL,,,,,228.0,244.0,81.17,501.0,58.0,0.0,0.0,0.0,339.22,52608874500.0,52.609,231.0,large,equity,data_raw
268,HCA,Hospitals,44.0,34.2,-11.4,-21.6,-26.1,-26.4,-22.7,-20.1,-22.0,-18.3,4.4,44.0,180.8,-26.7,1.3,298.4,3.659750373730644e-06,191.7,152.0,161.0,52.89,340.29,-67,-0.006554546887265469,STRONG_DOWN,MID_RANGE,MOMENTUM_DOWN,S5_TRASH,,,,,152.0,161.0,52.89,520.0,58.0,0.0,25.0,0.0,340.29,87420411610.8,87.42,140.0,large,equity,data_raw
269,NOW,Software,-25.7,7.8,3.2,-3.5,-10.4,-26.6,-45.9,-60.1,-69.5,-78.1,-89.8,-25.7,347.6,-56.8,1.6,0.0,2950.4781004369815,122.0,239.0,258.0,73.08,341.23,-12,-2049.5218995630185,EARLY_UP,LOWER,NEUTRAL,S0_NEUTRAL,,,,,239.0,258.0,73.08,494.0,58.0,0.0,0.0,0.0,341.23,105327483207.43,105.327,115.0,large,equity,data_raw
270,CRH,Building Materials,37.5,43.2,-5.3,-17.9,-21.6,-23.8,-22.9,-20.4,-12.2,18.7,35.1,37.5,147.4,-45.2,1.2,227.6,6.318994622129475e-05,185.2,162.0,171.0,54.22,341.97,-33,6.31859991092665e-05,STRONG_DOWN,MID_RANGE,MOMENTUM_DOWN,S5_TRASH,,,,,162.0,171.0,54.22,491.0,58.0,0.0,25.0,0.0,341.97,67067257515.19,67.067,191.0,large,equity,data_raw
271,DOV,Diversified Machinery,-7.5,32.2,-3.1,-11.5,-10.4,-4.3,-2.1,-9.5,-12.5,-21.4,-24.0,-7.5,62.8,-40.4,2.0,0.0,0.002421148896629218,140.1,211.0,220.0,108.94,342.49,-32,0.002421143922447207,EARLY_DOWN,MID_RANGE,MOMENTUM_DOWN,S5_TRASH,,,,,211.0,220.0,108.94,282.0,4.0,0.0,25.0,0.0,342.49,28265429976.69,28.265,331.0,other,equity,data_raw
272,BAC,Diversified Banks,-27.9,21.1,6.8,-7.4,-7.5,-9.6,-8.0,-4.0,4.5,-8.8,-15.8,-27.9,46.0,-47.9,1.3,0.0,-5000.0,119.8,245.0,263.0,77.83,342.88,41,-4999.999999999762,STRONG_DOWN,MID_RANGE,MOMENTUM_UP,S4_BOTTOMING,,,,,245.0,263.0,77.83,306.0,4.0,0.0,-2.0,0.0,342.88,367603390307.53,367.603,30.0,cap100,equity,data_raw
273,HAL,Oil & Gas Equipment & Services,-80.1,33.2,-1.9,-4.3,3.7,21.0,45.6,27.6,2.2,-11.7,-1.6,-80.1,34.8,-138.6,2.7,0.0,-1.8154416411955665,67.6,362.0,385.0,88.39,343.44,-6,4998.184558358805,STRONG_UP,MID_RANGE,MOMENTUM_DOWN,S0_NEUTRAL,,,,,362.0,385.0,88.39,71.0,0.0,0.0,0.0,0.0,343.44,34643945090.22,34.644,293.0,large,equity,data_raw
274,WST,Healthcare,-43.0,12.3,2.0,6.6,14.5,10.3,12.4,-7.9,-32.8,-57.9,-66.3,-43.0,240.6,-82.2,1.5,0.0,-111.50571622375053,104.7,277.0,298.0,89.28,343.63,-38,-70.34868667884177,EARLY_DOWN,LOWER,MOMENTUM_DOWN,S5_TRASH,,,,,277.0,298.0,89.28,92.0,0.0,0.0,25.0,0.0,343.63,22354312958.54,22.354,389.0,other,equity,data_raw
275,NDSN,Industrials,-48.3,20.0,6.8,-3.2,-4.4,3.5,8.9,0.5,-14.8,-31.6,-42.9,-48.3,48.0,-72.0,2.6,0.0,-5000.0,99.4,286.0,308.0,85.28,344.58,12,-4999.9582871865105,EARLY_DOWN,MID_RANGE,MOMENTUM_UP,S4_BOTTOMING,,,,,286.0,308.0,85.28,166.0,0.0,0.0,-2.0,0.0,344.58,16152632785.12,16.153,441.0,other,equity,data_raw
276,BG,Food Products,-33.7,32.5,-3.1,-13.2,-9.2,3.4,15.9,10.5,-6.5,-22.7,-8.5,-33.7,82.2,-88.8,2.1,0.0,-0.0010952796123039447,114.0,261.0,279.0,94.02,344.62,-36,0.0004449789521771552,STRONG_DOWN,MID_RANGE,MOMENTUM_DOWN,S5_TRASH,,,,,261.0,279.0,94.02,183.0,4.0,0.0,25.0,0.0,344.62,23419926484.02,23.42,372.0,other,equity,data_raw
277,COF,Diversified Banks,-14.7,26.3,-1.1,-8.8,-13.1,-18.9,-23.6,-19.5,-11.0,-13.4,-2.0,-14.7,92.5,-52.5,1.3,0.0,1.5211724901665689,133.0,218.0,229.0,69.22,348.82,7,1.5034908867672045,STRONG_DOWN,MID_RANGE,MOMENTUM_UP,S4_BOTTOMING,,,,,218.0,229.0,69.22,432.0,58.0,0.0,-2.0,0.0,348.82,116860357541.58,116.86,105.0,large,equity,data_raw
278,GL,Insurance - Life,-60.0,46.6,-0.5,-1.8,-0.3,2.8,1.4,11.3,-1.9,-12.5,-28.4,-60.0,15.6,-125.1,1.2,0.0,-21.341800805047573,87.7,305.0,330.0,98.0,349.25,7,4978.658199194952,STRONG_UP,MID_RANGE,MOMENTUM_DOWN,S0_NEUTRAL,,,,,305.0,330.0,98.0,170.0,0.0,0.0,0.0,0.0,349.25,12134323154.3,12.134,483.0,other,equity,data_raw
279,TDY,Aerospace & Defense,-1.0,21.5,-0.5,-10.0,-11.3,-1.3,-2.0,1.1,-6.1,-21.6,-36.0,-1.0,109.5,-31.1,1.7,0.0,-3.0231417960093983,146.7,201.0,210.0,110.9,349.4,-18,-1.6393026309061818,STRONG_DOWN,MID_RANGE,MOMENTUM_DOWN,S5_TRASH,,,,,201.0,210.0,110.9,261.0,4.0,0.0,25.0,0.0,349.4,28744914237.64,28.745,329.0,other,equity,data_raw
280,CMG,Restaurants,-43.0,3.7,-0.2,-8.4,-15.0,-14.3,-31.2,-53.9,-67.6,-75.7,-80.0,-43.0,293.4,-55.3,1.8,0.0,1362.3699495852327,104.7,277.0,298.0,86.76,349.81,-4,-1539.7438693340644,EARLY_UP,LOWER,NEUTRAL,S0_NEUTRAL,,,,,277.0,298.0,86.76,446.0,40.0,0.0,0.0,0.0,349.81,42189120477.08,42.189,260.0,large,equity,data_raw
281,BLK,Asset Management,-14.8,9.2,-6.2,-2.1,-5.9,-6.7,-11.2,-10.7,-9.9,-16.3,-14.4,-14.8,46.8,-21.6,1.6,0.0,9.474689729868252e-09,132.9,219.0,230.0,101.52,350.27,-92,-0.04872506777367517,EARLY_DOWN,LOWER,MOMENTUM_DOWN,S5_TRASH,,,,,219.0,230.0,101.52,274.0,14.0,0.0,25.0,0.0,350.27,166566070197.0,166.566,74.0,cap100,equity,data_raw
282,ADM,Farm Products,-66.7,21.0,-3.8,-2.7,1.8,10.4,17.3,14.8,-6.8,-34.3,-39.5,-66.7,93.3,-108.6,1.7,0.0,-2.2805254606297867e-05,80.9,328.0,350.0,87.52,353.17,-26,4999.999977194745,EARLY_DOWN,MID_RANGE,MOMENTUM_DOWN,S5_TRASH,,,,,328.0,350.0,87.52,121.0,0.0,0.0,25.0,0.0,353.17,37361268355.14,37.361,282.0,large,equity,data_raw
283,MA,Data Processing & Outsourced Services,-24.9,3.6,-0.2,-7.6,-10.7,-14.4,-23.5,-28.4,-35.0,-39.6,-53.9,-24.9,99.1,-29.4,1.7,0.0,733.8968365245713,122.8,238.0,255.0,113.45,355.9,-3,-2755.2514995834936,EARLY_UP,LOWER,NEUTRAL,S0_NEUTRAL,,,,,238.0,255.0,113.45,415.0,40.0,0.0,0.0,0.0,355.9,437237649598.41,437.238,25.0,cap100,equity,data_raw
284,EQIX,Data Center REITs,-32.0,37.2,1.9,-4.2,4.9,15.9,15.0,6.7,-4.2,-14.1,-29.5,-32.0,57.8,-85.6,2.6,0.0,-5000.0,115.7,255.0,273.0,93.73,357.33,-40,-4999.878707427102,EARLY_DOWN,MID_RANGE,MOMENTUM_DOWN,S5_TRASH,,,,,255.0,273.0,93.73,113.0,0.0,0.0,25.0,0.0,357.33,106493480600.43,106.493,113.0,large,equity,data_raw
285,WBD,Entertainment,-96.3,23.5,-0.6,-9.4,-10.2,-6.1,49.6,107.3,97.0,40.8,-17.4,-96.3,140.4,-168.4,1.9,0.0,-350.5201038700106,51.3,408.0,429.0,57.16,357.71,-19,27.62523742298913,EARLY_UP,MID_RANGE,NEUTRAL,S0_NEUTRAL,,,,,408.0,429.0,57.16,131.0,4.0,0.0,0.0,0.0,357.71,67767906776.57,67.768,188.0,large,equity,data_raw
286,LYB,Specialty Chemicals,-63.8,28.7,-8.1,-16.7,4.0,21.7,17.0,-12.5,-34.5,-45.6,-42.6,-63.8,80.7,-121.2,2.6,0.0,-0.00021747812027734872,83.9,316.0,339.0,96.44,358.04,-35,4999.99978252188,STRONG_DOWN,MID_RANGE,MOMENTUM_DOWN,S5_TRASH,,,,,316.0,339.0,96.44,118.0,0.0,0.0,25.0,0.0,358.04,22504554767.58,22.505,384.0,other,equity,data_raw
287,XLI,Index,-16.9,22.3,-4.5,-6.8,-7.1,-3.0,-3.1,-2.2,-4.0,-5.8,-9.3,-16.9,12.5,-24.8,1.8,0.0,-33.599044560359935,130.8,223.0,235.0,105.89,358.99,0,0.0,EARLY_DOWN,MID_RANGE,MOMENTUM_DOWN,S5_TRASH,,,,,223.0,235.0,105.89,243.0,4.0,0.0,25.0,0.0,358.99,30091372544.0,30.091,,etf,etf,data_raw
288,CVS,Healthcare,-90.8,34.2,-4.4,12.5,12.6,11.3,13.7,23.6,8.3,-22.8,-38.5,-90.8,8.4,-141.5,1.3,0.0,-0.0004487878005395558,56.9,391.0,411.0,93.86,359.56,9,4999.9995512122,STRONG_UP,MID_RANGE,MOMENTUM_DOWN,S0_NEUTRAL,,,,,391.0,411.0,93.86,87.0,0.0,0.0,0.0,0.0,359.56,118992983376.49,118.993,103.0,large,equity,data_raw
289,HST,Hotel & Resort REITs,-73.1,30.3,4.4,2.9,6.1,14.2,19.8,15.0,3.9,-9.5,-23.7,-73.1,13.8,-111.1,2.5,0.0,-5000.0,74.5,343.0,365.0,90.32,360.77,-31,-4999.999565310799,STRONG_UP,MID_RANGE,MOMENTUM_UP,S1_LEADER,,,,,343.0,365.0,90.32,96.0,0.0,0.0,-6.0,0.0,360.77,15327597734.01,15.328,447.0,other,equity,data_raw
290,CINF,Insurance - Property & Casualty,-38.0,15.2,-0.1,-3.5,-4.1,-4.4,-6.3,-6.6,-4.9,-13.5,-20.5,-38.0,38.9,-51.3,1.4,0.0,-82.56738859861468,109.7,267.0,286.0,117.4,363.0,2,4917.432611401386,STRONG_UP,LOWER,NEUTRAL,S0_NEUTRAL,,,,,267.0,286.0,117.4,237.0,0.0,0.0,0.0,0.0,363.0,26002842274.33,26.003,354.0,other,equity,data_raw
291,ELV,Healthcare,-88.2,11.5,-0.7,10.4,10.5,10.5,3.1,-20.6,-41.1,-64.0,-76.5,-88.2,105.9,-113.2,2.4,0.0,-23.062876408011892,59.4,387.0,407.0,85.8,364.05,2,4976.937123591988,STRONG_UP,LOWER,MOMENTUM_DOWN,S0_NEUTRAL,,,,,387.0,407.0,85.8,108.0,0.0,0.0,0.0,0.0,364.05,85711820292.38,85.712,143.0,large,equity,data_raw
292,CPRT,Specialty Business Services,-46.1,2.8,2.5,-6.7,-14.4,-19.3,-35.4,-53.8,-68.6,-76.5,-87.0,-46.1,215.5,-53.2,2.3,0.0,5000.0,101.5,281.0,303.0,86.62,364.32,30,4387.325683280718,STRONG_UP,LOWER,MOMENTUM_UP,S0_NEUTRAL,,,,,281.0,303.0,86.62,465.0,58.0,0.0,0.0,0.0,364.32,32550191312.46,32.55,304.0,other,equity,data_raw
293,MET,Financials,-53.2,12.2,7.0,3.6,4.1,2.2,-4.5,-13.6,-17.8,-29.2,-29.4,-53.2,42.0,-65.9,2.4,0.0,-5000.0,94.5,296.0,321.0,98.97,365.07,46,0.0,STRONG_UP,LOWER,MOMENTUM_UP,S0_NEUTRAL,,,,,296.0,321.0,98.97,164.0,0.0,0.0,0.0,0.0,365.07,54087294071.85,54.087,223.0,large,equity,data_raw
294,FITB,Banks - Regional,-28.7,23.2,7.0,-6.7,-7.8,-2.7,-0.5,-3.6,5.0,-10.9,-8.6,-28.7,50.1,-51.9,1.5,0.0,-5000.0,119.0,248.0,266.0,110.06,365.66,-12,-4999.999999902224,EARLY_DOWN,MID_RANGE,MOMENTUM_UP,S4_BOTTOMING,,,,,248.0,266.0,110.06,234.0,4.0,0.0,-2.0,0.0,365.66,44844294980.16,44.844,252.0,large,equity,data_raw
295,CRCL,,11.2,21.3,8.0,21.2,41.0,35.7,,,,,,11.2,213.2,-73.3,2.1,0.0,0.0,20.2,476.0,196.0,69.34,366.14,-21,0.0,STRONG_UP,MID_RANGE,MOMENTUM_UP,S1_LEADER,,,,,476.0,196.0,69.34,54.0,0.0,68.0,-6.0,0.0,366.14,27312098989.64,27.312,346.0,other,equity,data_raw
296,PNC,Financials,-29.2,27.4,5.0,-6.2,-6.4,-1.5,-0.9,-3.3,4.2,-8.7,-11.0,-29.2,32.0,-51.9,1.5,0.0,-5000.0,118.5,249.0,267.0,114.43,367.28,-7,-4999.87121329441,EARLY_UP,MID_RANGE,MOMENTUM_UP,S2_EARLY_BREAKOUT,,,,,249.0,267.0,114.43,226.0,4.0,0.0,-4.0,0.0,367.28,88035012557.69,88.035,136.0,large,equity,data_raw
297,BRK-B,Diversified Financial Services,-48.0,3.1,-0.8,-6.4,-7.9,-9.5,-16.4,-22.1,-26.7,-27.7,-29.5,-48.0,42.5,-50.6,2.6,0.0,-0.20639681622928124,99.7,285.0,307.0,94.59,368.19,13,4999.793603183771,STRONG_UP,LOWER,MOMENTUM_UP,S0_NEUTRAL,,,,,285.0,307.0,94.59,351.0,14.0,0.0,0.0,0.0,368.19,680109381146.94,680.109,16.0,cap100,equity,data_raw
298,DTE,Electric Power Generation,-33.9,8.7,6.9,-10.4,-7.8,-4.2,-8.6,-9.9,-13.0,-22.9,-29.7,-33.9,45.4,-41.1,2.0,0.0,-5000.0,113.7,262.0,280.0,97.48,368.38,10,-4999.617004126867,EARLY_UP,LOWER,MOMENTUM_UP,S4_BOTTOMING,,,,,262.0,280.0,97.48,294.0,4.0,0.0,-2.0,0.0,368.38,30226514513.75,30.227,319.0,other,equity,data_raw
299,CBRE,Real Estate Services,-19.3,10.5,-0.1,-13.7,-19.5,-22.4,-25.9,-23.8,-20.1,-28.2,-24.5,-19.3,80.4,-30.4,1.3,0.0,186.9851987578813,128.4,227.0,242.0,71.78,370.03,15,186.9851987578812,STRONG_DOWN,LOWER,MOMENTUM_DOWN,S5_TRASH,,,,,227.0,242.0,71.78,480.0,58.0,0.0,25.0,0.0,370.03,38379471154.18,38.379,277.0,large,equity,data_raw
300,L,Financials,-41.2,25.5,4.7,-8.9,-8.0,-6.5,-5.3,-3.4,-3.7,-3.1,-4.0,-41.2,9.9,-65.1,1.4,0.0,-5000.0,106.5,271.0,291.0,98.75,370.45,25,0.0,EARLY_UP,MID_RANGE,MOMENTUM_UP,S2_EARLY_BREAKOUT,,,,,271.0,291.0,98.75,283.0,4.0,0.0,-4.0,0.0,370.45,22402057768.67,22.402,388.0,other,equity,data_raw
301,CL=F,Index,-82.4,38.7,-6.1,-13.0,12.5,30.0,30.6,14.3,-5.8,-33.1,-36.3,-82.4,92.6,-192.0,1.3,0.0,-72.99377333970808,65.2,368.0,391.0,103.42,370.77,0,0.0,STRONG_UP,MID_RANGE,MOMENTUM_DOWN,S0_NEUTRAL,,,,,368.0,391.0,103.42,75.0,0.0,0.0,0.0,0.0,370.77,,,,index,index,
302,JNJ,Pharmaceuticals,-42.9,40.7,4.3,-9.1,-9.3,-2.0,8.9,14.9,6.5,-7.0,-20.4,-42.9,20.1,-85.4,2.0,0.0,-5000.0,104.8,276.0,297.0,107.23,370.88,-6,0.0,EARLY_UP,MID_RANGE,MOMENTUM_UP,S2_EARLY_BREAKOUT,,,,,276.0,297.0,107.23,213.0,4.0,0.0,-4.0,0.0,370.88,564107216168.65,564.107,20.0,cap100,equity,data_raw
303,AMGN,Biotechnology,-36.1,25.2,6.4,-9.2,-11.4,-6.5,-2.3,-4.6,-8.1,-10.4,-21.1,-36.1,33.9,-59.1,1.8,0.0,-5000.0,111.6,265.0,284.0,101.89,371.74,-13,-4999.999998555988,EARLY_UP,MID_RANGE,MOMENTUM_UP,S2_EARLY_BREAKOUT,,,,,265.0,284.0,101.89,290.0,4.0,0.0,-4.0,0.0,371.74,183123010779.96,183.123,62.0,cap100,equity,data_raw
304,NVO,Biotechnology,-83.5,2.4,-0.3,4.2,-3.1,-9.8,-27.2,-58.3,-78.9,-86.5,-83.9,-83.5,389.4,-94.8,2.5,0.0,727.6019979541379,64.2,373.0,395.0,85.17,372.42,-66,294.42018590998674,EARLY_DOWN,LOWER,MOMENTUM_DOWN,S5_TRASH,,,,,373.0,395.0,85.17,334.0,10.0,0.0,25.0,0.0,372.42,150928184374.79,150.928,82.0,cap100,equity,data_raw
305,ONDO-USD,Decentralized Finance,-58.9,4.4,1.2,33.7,33.9,6.0,-32.7,-62.2,,,,-58.9,250.6,-121.4,2.2,0.0,5000.0,-29.9,558.0,327.0,77.5,373.35,22,4917.460302187831,STRONG_UP,LOWER,MOMENTUM_DOWN,S0_NEUTRAL,,,,,558.0,327.0,77.5,99.0,10.0,47.0,0.0,0.0,373.35,1855068820.62,1.855,,crypto,crypto,data_raw
306,SLB,Oil & Gas Equipment & Services,-86.1,32.3,2.1,-1.1,2.9,21.3,33.2,18.5,-5.6,-13.3,-6.6,-86.1,19.0,-135.4,2.4,0.0,-1109.3715942347098,61.6,383.0,404.0,91.23,373.98,-7,2341.6353261838503,STRONG_UP,MID_RANGE,NEUTRAL,S0_NEUTRAL,,,,,383.0,404.0,91.23,82.0,0.0,0.0,0.0,0.0,373.98,85636900997.06,85.637,145.0,large,equity,data_raw
307,HOLX,Healthcare,-80.8,18.9,-0.3,2.4,4.1,5.9,7.3,-6.0,-21.6,-39.3,-55.6,-80.8,38.3,-108.0,1.8,0.0,-7.16918422029848e-08,39.2,443.0,387.0,95.65,374.1,-24,0.00012252253300019703,STRONG_UP,LOWER,MOMENTUM_UP,S0_NEUTRAL,,,,,443.0,387.0,95.65,140.0,0.0,0.0,0.0,0.0,374.1,16968845705.95,16.969,434.0,other,equity,data_raw
308,DLR,Real Estate,-41.5,26.7,1.5,-7.6,-0.7,5.3,1.1,0.4,3.3,-1.5,-19.7,-41.5,38.9,-70.1,1.6,0.0,-5000.0,106.2,272.0,293.0,92.91,374.51,-46,-4999.999999792842,EARLY_DOWN,MID_RANGE,MOMENTUM_DOWN,S5_TRASH,,,,,272.0,293.0,92.91,178.0,0.0,0.0,25.0,0.0,374.51,67480507193.14,67.481,189.0,large,equity,data_raw
309,CTVA,Agricultural Inputs,-6.3,17.0,-6.1,-12.0,-7.8,1.2,-1.8,0.7,-5.1,-17.0,-6.3,-6.3,72.0,-65.1,1.6,0.0,-9.804934466008296e-07,84.4,314.0,219.0,118.84,375.94,-91,4999.9999990195065,STRONG_DOWN,LOWER,MOMENTUM_DOWN,S5_TRASH,,,,,314.0,219.0,118.84,242.0,4.0,0.0,25.0,0.0,375.94,53211317567.14,53.211,227.0,large,equity,data_raw
310,HII,Aerospace & Defense,-58.5,39.2,-3.3,-23.4,-28.7,-20.5,-6.8,7.0,0.1,-4.0,-17.5,-58.5,40.1,-121.3,1.8,0.0,-0.00013825988366775426,89.2,301.0,325.0,75.26,375.96,-3,4999.999861740116,STRONG_DOWN,MID_RANGE,MOMENTUM_UP,S4_BOTTOMING,,,,,301.0,325.0,75.26,473.0,20.0,0.0,-2.0,0.0,375.96,12634114010.67,12.634,471.0,other,equity,data_raw
311,IDXX,Veterinary Diagnostics,-28.0,4.4,3.9,-9.8,-16.8,-21.1,-20.7,-16.0,-30.0,-48.7,-60.1,-28.0,217.2,-38.9,1.7,0.0,202.14330763681815,119.7,246.0,264.0,105.97,380.17,67,202.13976396916934,EARLY_UP,LOWER,MOMENTUM_UP,S4_BOTTOMING,,,,,246.0,264.0,105.97,444.0,58.0,0.0,-2.0,0.0,380.17,44124781646.72,44.125,253.0,large,equity,data_raw
312,KIM,Real Estate,-68.8,15.7,6.0,-3.4,-1.6,3.9,2.1,-2.1,-7.5,-24.0,-27.6,-68.8,15.2,-83.9,2.0,0.0,-5000.0,78.9,335.0,357.0,96.15,380.7,3,-4999.951226437217,STRONG_UP,LOWER,MOMENTUM_UP,S0_NEUTRAL,,,,,335.0,357.0,96.15,174.0,0.0,0.0,0.0,0.0,380.7,16259538296.73,16.26,440.0,other,equity,data_raw
313,RF,Regional Banks,-32.2,17.4,6.8,-6.4,-7.4,-3.8,-2.7,-2.5,-1.6,-16.6,-13.9,-32.2,47.5,-51.4,1.4,0.0,-5000.0,115.5,256.0,274.0,117.84,380.84,-4,-4999.885596930947,STRONG_UP,LOWER,MOMENTUM_UP,S0_NEUTRAL,,,,,256.0,274.0,117.84,246.0,4.0,0.0,0.0,0.0,380.84,23749552477.43,23.75,370.0,other,equity,data_raw
314,OXY,Oil & Gas E&P,-86.5,17.9,-2.2,-11.3,0.3,14.1,14.2,-3.7,-25.8,-33.9,-12.9,-86.5,85.7,-124.0,1.8,0.0,-11.28852282527949,61.2,386.0,406.0,100.28,381.18,-13,4988.71147717472,EARLY_UP,LOWER,NEUTRAL,S0_NEUTRAL,,,,,386.0,406.0,100.28,142.0,0.0,0.0,0.0,0.0,381.18,58494468131.73,58.494,210.0,large,equity,data_raw
315,PAYX,Industrials,-96.8,7.4,3.5,-1.9,-5.0,-11.9,-29.3,-42.5,-54.2,-70.4,-80.5,-96.8,70.8,-109.7,2.8,0.0,3991.177673934745,50.8,409.0,430.0,93.89,381.59,53,1764.9682816309723,STRONG_UP,LOWER,MOMENTUM_UP,S0_NEUTRAL,,,,,409.0,430.0,93.89,381.0,18.0,0.0,0.0,0.0,381.59,34754215457.0,34.754,292.0,large,equity,data_raw
316,VRTX,Biotechnology,-30.1,19.1,-2.2,-8.8,-13.5,-11.8,-17.0,-28.6,-37.0,-29.0,-39.3,-30.1,96.1,-59.6,1.8,0.0,60.5903627336479,117.6,252.0,270.0,94.79,381.84,-73,-68.02420912115954,STRONG_DOWN,LOWER,MOMENTUM_DOWN,S5_TRASH,,,,,252.0,270.0,94.79,397.0,40.0,0.0,25.0,0.0,381.84,110283527006.45,110.284,108.0,large,equity,data_raw
317,LHX,Aerospace & Defense,-29.5,32.7,2.8,-14.8,-17.3,-9.8,-5.2,1.5,1.7,-13.3,-29.4,-29.5,63.3,-74.3,1.8,0.0,-5000.0,118.1,250.0,268.0,107.64,383.44,15,-3596.743974118689,EARLY_UP,MID_RANGE,MOMENTUM_UP,S2_EARLY_BREAKOUT,,,,,250.0,268.0,107.64,376.0,4.0,0.0,-4.0,0.0,383.44,58120300859.68,58.12,213.0,large,equity,data_raw
318,PTC,Technology,-77.7,6.1,3.0,-2.4,-7.9,-16.5,-28.2,-39.7,-51.1,-58.9,-67.0,-77.7,82.2,-87.7,2.5,0.0,5000.0,69.9,350.0,372.0,102.61,385.11,55,4989.375981501636,STRONG_UP,LOWER,MOMENTUM_UP,S0_NEUTRAL,,,,,350.0,372.0,102.61,410.0,40.0,0.0,0.0,0.0,385.11,17121422906.44,17.121,432.0,other,equity,data_raw
319,KEY,Financials,-52.8,26.0,1.8,-6.3,-6.2,-1.2,2.0,3.9,16.6,-7.1,-17.9,-52.8,40.9,-88.1,1.4,0.0,-5000.0,94.8,295.0,320.0,111.35,386.65,-19,-4999.978838989138,EARLY_DOWN,MID_RANGE,MOMENTUM_UP,S4_BOTTOMING,,,,,295.0,320.0,111.35,215.0,4.0,0.0,-2.0,0.0,386.65,23375905254.24,23.376,373.0,other,equity,data_raw
320,VZ,Integrated Telecommunication Services,-80.0,19.8,3.9,-7.3,-4.2,4.2,2.5,2.4,1.7,-10.5,-39.2,-80.0,16.2,-103.2,2.1,0.0,-992.7937326279518,67.6,362.0,384.0,100.55,386.85,67,-815.3067644851664,EARLY_UP,LOWER,MOMENTUM_UP,S4_BOTTOMING,,,,,362.0,384.0,100.55,186.0,0.0,0.0,-2.0,0.0,386.85,201888266927.1,201.888,57.0,cap100,equity,data_raw
321,LDOS,IT Consulting & Other Services,-65.3,1.9,1.7,-26.0,-32.4,-36.4,-40.1,-44.3,-43.7,-49.4,-66.8,-65.3,102.6,-68.2,1.4,0.0,2802.36124180776,82.4,322.0,343.0,72.2,387.05,12,45.04884584946922,STRONG_DOWN,LOWER,MOMENTUM_UP,S4_BOTTOMING,,,,,322.0,343.0,72.2,563.0,58.0,0.0,-2.0,0.0,387.05,15850226839.37,15.85,445.0,other,equity,data_raw
322,CNP,Utilities,-60.6,21.6,4.2,-9.2,-6.8,-2.9,-4.8,1.6,-2.7,-11.2,-20.0,-60.6,21.8,-82.7,1.6,0.0,-5000.0,87.1,306.0,331.0,103.17,387.42,8,-4998.438742849753,EARLY_UP,MID_RANGE,MOMENTUM_UP,S2_EARLY_BREAKOUT,,,,,306.0,331.0,103.17,255.0,4.0,0.0,-4.0,0.0,387.42,28018080026.22,28.018,335.0,other,equity,data_raw
323,ACHR,Aerospace & Defense,-35.8,8.9,1.8,6.6,-6.4,-18.2,-35.0,-17.0,-20.0,-25.9,,-35.8,137.3,-87.4,1.6,0.0,5000.0,29.4,459.0,283.0,60.0,387.5,34,4999.999999864078,EARLY_DOWN,LOWER,MOMENTUM_DOWN,S5_TRASH,,,,,459.0,283.0,60.0,407.0,40.0,11.0,25.0,0.0,387.5,4851820732.29,4.852,537.0,other,equity,data_raw
324,APD,Specialty Chemicals,-62.6,13.8,-3.8,-10.6,-6.6,-0.1,-7.4,-18.2,-30.0,-42.4,-60.5,-62.6,72.8,-84.0,2.0,0.0,-1.2775712595563217e-05,85.0,311.0,336.0,105.48,388.43,-53,14.058769577253324,EARLY_DOWN,LOWER,MOMENTUM_DOWN,S5_TRASH,,,,,311.0,336.0,105.48,258.0,4.0,0.0,25.0,0.0,388.43,64459378448.25,64.459,197.0,large,equity,data_raw
325,BEN,Asset Management,-97.9,20.7,-4.6,9.1,8.8,16.4,18.5,22.3,5.1,-18.0,-36.9,-97.9,9.6,-125.3,1.6,0.0,-1.1074738053317895e-05,49.8,414.0,434.0,90.89,388.89,-19,4999.999988925262,EARLY_DOWN,MID_RANGE,MOMENTUM_DOWN,S5_TRASH,,,,,414.0,434.0,90.89,84.0,0.0,0.0,25.0,0.0,388.89,16119145003.11,16.119,442.0,other,equity,data_raw
326,XEL,Utilities,-61.4,19.4,4.0,-8.7,-6.3,-4.9,-4.9,1.3,-2.7,-20.2,-41.4,-61.4,41.3,-85.6,1.4,0.0,-441.17037364865547,86.3,307.0,332.0,115.12,388.97,39,-220.477074185953,STRONG_DOWN,LOWER,MOMENTUM_UP,S4_BOTTOMING,,,,,307.0,332.0,115.12,260.0,4.0,0.0,-2.0,0.0,388.97,50615777067.87,50.616,239.0,large,equity,data_raw
327,ROL,Business Services,-33.1,1.2,-1.7,-9.9,-16.0,-17.6,-22.3,-23.2,-28.3,-31.2,-38.6,-33.1,76.9,-42.2,1.6,0.0,48.42721456459708,114.5,258.0,276.0,101.67,389.67,-22,-359.2601343708374,STRONG_DOWN,LOWER,MOMENTUM_UP,S4_BOTTOMING,,,,,258.0,276.0,101.67,436.0,58.0,0.0,-2.0,0.0,389.67,25739046983.19,25.739,357.0,other,equity,data_raw
328,LNT,Utilities,-50.3,17.1,6.3,-7.3,-4.1,-0.4,-0.1,2.3,-0.3,-13.4,-29.9,-50.3,29.7,-66.2,1.8,0.0,-5000.0,97.4,291.0,315.0,119.26,389.96,1,-4999.446948079538,STRONG_UP,LOWER,MOMENTUM_UP,S0_NEUTRAL,,,,,291.0,315.0,119.26,211.0,0.0,0.0,0.0,0.0,389.96,19099586097.95,19.1,420.0,other,equity,data_raw
329,GEN,Technology,-67.7,20.8,4.7,21.7,10.7,0.1,-14.7,-24.3,-27.2,-43.2,-51.6,-67.7,53.5,-105.8,2.0,0.0,-5000.0,80.0,332.0,355.0,101.78,391.73,2,0.0,STRONG_UP,MID_RANGE,NEUTRAL,S0_NEUTRAL,,,,,332.0,355.0,101.78,151.0,10.0,0.0,0.0,0.0,391.73,15032574685.85,15.033,451.0,other,equity,data_raw
330,LII,HVAC Equipment,-39.7,7.2,-5.8,-10.5,-13.6,-12.5,-23.4,-35.4,-36.7,-23.5,-32.9,-39.7,101.7,-50.5,1.6,0.0,0.004206941622350684,108.0,270.0,289.0,73.67,392.72,-80,0.002985498726725584,EARLY_DOWN,LOWER,MOMENTUM_DOWN,S5_TRASH,,,,,270.0,289.0,73.67,423.0,40.0,0.0,25.0,0.0,392.72,16865457001.29,16.865,435.0,other,equity,data_raw
331,PNW,Utilities,-63.4,19.7,6.0,-8.2,-4.8,0.6,-1.5,-3.6,-8.3,-12.0,-29.5,-63.4,15.7,-82.2,1.8,0.0,-5000.0,84.3,315.0,337.0,114.02,394.32,12,-4979.028094291393,EARLY_UP,LOWER,MOMENTUM_UP,S4_BOTTOMING,,,,,315.0,337.0,114.02,219.0,0.0,0.0,-2.0,0.0,394.32,12475007163.91,12.475,474.0,other,equity,data_raw
332,XLF,Index,-47.7,4.9,1.5,-6.1,-7.3,-9.1,-14.4,-17.0,-17.9,-25.8,-31.9,-47.7,15.4,-52.3,2.0,0.0,-271.1824041031438,100.0,283.0,305.0,110.61,394.51,0,0.0,STRONG_UP,LOWER,MOMENTUM_DOWN,S0_NEUTRAL,,,,,283.0,305.0,110.61,331.0,14.0,0.0,0.0,0.0,394.51,51460583424.0,51.461,,etf,etf,data_raw
333,SBUX,Restaurants,-80.9,16.7,-5.3,-2.9,-0.5,7.5,6.3,0.0,-15.1,-35.0,-57.1,-80.9,47.2,-105.9,1.9,0.0,-2.015597484818856,66.7,365.0,388.0,101.39,396.09,-60,1100.5490382136525,EARLY_DOWN,LOWER,MOMENTUM_DOWN,S5_TRASH,,,,,365.0,388.0,101.39,157.0,0.0,0.0,25.0,0.0,396.09,117514467695.62,117.514,104.0,large,equity,data_raw
334,SHW,Household & Personal Care Products,-59.2,2.6,2.6,-12.3,-16.9,-17.0,-24.4,-33.2,-40.0,-50.4,-60.9,-59.2,77.6,-62.6,2.2,0.0,326.10106988100165,88.4,303.0,328.0,97.88,397.73,16,23.467736547668324,STRONG_DOWN,LOWER,MOMENTUM_UP,S4_BOTTOMING,,,,,303.0,328.0,97.88,452.0,58.0,0.0,-2.0,0.0,397.73,76230134426.92,76.23,163.0,large,equity,data_raw
335,WEC,Utilities,-61.6,11.7,3.2,-11.5,-9.2,-5.7,-8.0,-3.6,-7.3,-21.6,-43.1,-61.6,69.9,-78.6,1.5,0.0,-909.7393787919657,86.0,308.0,333.0,113.6,398.45,51,-640.4937545366324,STRONG_DOWN,LOWER,MOMENTUM_UP,S4_BOTTOMING,,,,,308.0,333.0,113.6,313.0,4.0,0.0,-2.0,0.0,398.45,36940550334.82,36.941,285.0,large,equity,data_raw
336,TEL,Electronic Components,-24.1,22.6,-4.0,-11.5,-14.9,-18.0,-13.5,-3.4,-5.4,-13.3,-14.7,-24.1,51.0,-45.6,1.6,0.0,-3.358985718217029,123.5,237.0,253.0,83.64,399.64,-20,11.161034962027422,STRONG_DOWN,MID_RANGE,MOMENTUM_DOWN,S5_TRASH,,,,,237.0,253.0,83.64,419.0,40.0,0.0,25.0,0.0,399.64,59190629764.9,59.191,206.0,large,equity,data_raw
337,CVNA,Auto & Truck Dealerships,-43.5,5.7,0.1,-88.7,-89.0,-89.7,-95.2,-94.0,-37.6,7.7,-50.3,-43.5,1079.9,-122.9,1.2,0.0,5000.0,79.4,334.0,300.0,68.64,400.19,23,4999.562805582536,STRONG_DOWN,LOWER,MOMENTUM_DOWN,S5_TRASH,,,,,334.0,300.0,68.64,573.0,58.0,0.0,25.0,0.0,400.19,48908170053.42,48.908,246.0,large,equity,data_raw
338,SPGI,Financial Data & Exchanges,-64.8,4.0,2.4,-10.5,-15.9,-20.3,-30.0,-39.0,-47.5,-59.9,-74.4,-64.8,95.4,-71.1,1.8,0.0,1250.7599575867016,82.9,320.0,342.0,98.06,400.26,13,26.220123761124114,STRONG_DOWN,LOWER,MOMENTUM_UP,S4_BOTTOMING,,,,,320.0,342.0,98.06,466.0,58.0,0.0,-2.0,0.0,400.26,123609601806.64,123.61,96.0,cap100,equity,data_raw
339,CPAY,Software - Infrastructure,-91.8,15.2,4.0,8.0,4.3,7.9,-1.7,-13.6,-21.0,-28.4,-57.8,-91.8,47.1,-116.3,1.8,0.0,-5000.0,55.9,395.0,415.0,94.46,401.26,-41,-4999.999985145425,STRONG_UP,LOWER,NEUTRAL,S0_NEUTRAL,,,,,395.0,415.0,94.46,145.0,0.0,0.0,0.0,0.0,401.26,22739411221.16,22.739,381.0,other,equity,data_raw
340,DOC,Real Estate,-101.2,12.5,0.3,11.6,8.9,10.0,7.2,-3.5,-10.9,-39.0,-65.5,-101.2,38.1,-120.6,2.4,0.0,-1571.1907665720012,46.5,424.0,443.0,95.55,401.9,-38,-1569.4984244246202,STRONG_UP,LOWER,MOMENTUM_DOWN,S0_NEUTRAL,,,,,424.0,443.0,95.55,103.0,0.0,0.0,0.0,0.0,401.9,13602250404.87,13.602,461.0,other,equity,data_raw
341,DGX,Healthcare,-50.3,9.8,7.9,-8.6,-9.3,-5.0,-7.2,-5.1,-7.8,-19.1,-29.6,-50.3,24.3,-58.0,1.7,0.0,-5000.0,97.3,292.0,315.0,117.94,403.19,54,0.0,EARLY_UP,LOWER,MOMENTUM_UP,S4_BOTTOMING,,,,,292.0,315.0,117.94,293.0,4.0,0.0,-2.0,0.0,403.19,21609050648.29,21.609,396.0,other,equity,data_raw
342,XLY,Index,-47.9,3.6,3.6,-4.1,-6.0,-7.4,-9.8,-11.5,-16.4,-27.2,-39.7,-47.9,31.9,-50.5,1.8,0.0,-593.9946415556473,99.8,284.0,306.0,108.95,403.3,0,0.0,EARLY_DOWN,LOWER,MOMENTUM_DOWN,S5_TRASH,,,,,284.0,306.0,108.95,279.0,4.0,0.0,25.0,0.0,403.3,23127506944.0,23.128,,etf,etf,data_raw
343,YUM,Restaurants,-63.7,5.3,3.4,-9.2,-10.7,-7.5,-11.6,-15.2,-25.4,-35.5,-48.1,-63.7,45.1,-69.5,2.0,0.0,-971.0865449283557,83.9,316.0,338.0,102.23,405.13,41,682.7554573799413,EARLY_UP,LOWER,MOMENTUM_UP,S4_BOTTOMING,,,,,316.0,338.0,102.23,344.0,14.0,0.0,-2.0,0.0,405.13,42762627808.04,42.763,258.0,large,equity,data_raw
344,T,Telecom Services,-49.3,34.7,6.1,-14.2,-13.1,-10.0,-17.3,-10.0,0.4,4.6,-11.3,-49.3,30.9,-91.2,1.4,0.0,-1778.0000361901414,98.3,288.0,311.0,102.59,406.19,64,-1777.1452406866379,STRONG_DOWN,MID_RANGE,MOMENTUM_UP,S4_BOTTOMING,,,,,288.0,311.0,102.59,402.0,14.0,0.0,-2.0,0.0,406.19,175515040562.45,175.515,65.0,cap100,equity,data_raw
345,EA,Electronic Gaming & Multimedia,-69.8,25.5,-1.3,-9.6,-9.2,-9.6,-3.7,2.1,-3.8,-15.9,-34.7,-69.8,40.5,-106.9,1.3,0.0,-2.9936078260791827,77.9,336.0,358.0,123.81,406.76,17,81.61505242767133,EARLY_UP,MID_RANGE,NEUTRAL,S0_NEUTRAL,,,,,336.0,358.0,123.81,303.0,4.0,0.0,0.0,0.0,406.76,50393526045.57,50.394,241.0,large,equity,data_raw
346,EG,Insurance - Reinsurance,-92.2,6.2,-1.3,-4.3,-2.4,-0.5,-8.0,-21.8,-37.8,-45.8,-57.6,-92.2,38.9,-100.4,2.3,0.0,-7.3648748143689255,55.4,396.0,416.0,111.29,406.79,23,171.3360467401059,STRONG_UP,LOWER,MOMENTUM_DOWN,S0_NEUTRAL,,,,,396.0,416.0,111.29,224.0,0.0,0.0,0.0,0.0,406.79,13957299403.28,13.957,457.0,other,equity,data_raw
347,XLC,Index,-18.8,0.0,-2.7,-7.3,-9.1,-9.2,-10.6,-8.4,-5.7,-4.8,-15.6,-18.8,14.6,-38.8,1.3,0.0,-1340.6180682622212,85.8,310.0,241.0,99.6,407.9,0,0.0,EARLY_DOWN,LOWER,MOMENTUM_DOWN,S5_TRASH,,,,,310.0,241.0,99.6,326.0,14.0,0.0,25.0,0.0,407.9,25642762240.0,25.643,,etf,etf,data_raw
348,WFC,Diversified Banks,-51.2,37.1,5.1,-13.9,-16.2,-18.3,-18.9,-12.6,-1.1,1.9,5.0,-51.2,15.8,-90.0,1.2,0.0,-121.48766228556619,96.4,293.0,318.0,63.67,409.12,48,-99.8536863982587,STRONG_DOWN,MID_RANGE,MOMENTUM_UP,S4_BOTTOMING,,,,,293.0,318.0,63.67,438.0,58.0,0.0,-2.0,0.0,409.12,233798482011.08,233.798,50.0,cap100,equity,data_raw
349,AEE,Utilities,-65.5,12.6,5.0,-9.4,-7.3,-4.0,-6.0,-2.9,-7.7,-24.2,-43.6,-65.5,38.4,-79.9,1.6,0.0,-5000.0,82.2,324.0,345.0,113.62,409.12,-11,-4999.999997996422,STRONG_DOWN,LOWER,MOMENTUM_UP,S4_BOTTOMING,,,,,324.0,345.0,113.62,268.0,4.0,0.0,-2.0,0.0,409.12,30799687598.01,30.8,314.0,other,equity,data_raw
350,TGT,Discount Stores,-100.4,10.0,0.8,-6.9,0.7,12.1,12.9,-11.9,-30.5,-65.0,-85.9,-100.4,164.8,-129.4,3.1,0.0,-1024.3083523275966,47.3,420.0,439.0,102.35,409.5,29,-771.6046957102935,STRONG_UP,LOWER,MOMENTUM_UP,S0_NEUTRAL,,,,,420.0,439.0,102.35,139.0,0.0,0.0,0.0,0.0,409.5,57044647462.98,57.045,216.0,large,equity,data_raw
351,HUM,Healthcare,-135.3,14.8,-0.5,44.2,47.8,31.9,17.9,-4.2,-34.6,-68.6,-96.1,-135.3,63.6,-169.4,2.1,0.0,-156.99169770869324,12.3,489.0,505.0,92.96,410.26,-5,4843.008302291307,STRONG_UP,LOWER,MOMENTUM_DOWN,S0_NEUTRAL,,,,,489.0,505.0,92.96,41.0,0.0,0.0,0.0,0.0,410.26,36972940390.59,36.973,284.0,large,equity,data_raw
352,HON,Industrials,-71.9,12.5,9.0,-5.1,-7.8,-0.4,-3.5,-6.7,-15.0,-30.5,-47.9,-71.9,18.2,-84.2,2.1,0.0,-5000.0,75.7,340.0,362.0,113.86,411.36,-5,-4561.509256148774,EARLY_UP,LOWER,MOMENTUM_UP,S4_BOTTOMING,,,,,340.0,362.0,113.86,232.0,4.0,0.0,-2.0,0.0,411.36,144422217722.23,144.422,88.0,cap100,equity,data_raw
353,FRT,Real Estate,-92.8,17.4,5.2,-0.3,2.9,8.6,8.7,-2.5,-10.4,-26.3,-40.7,-92.8,8.5,-113.5,2.3,0.0,-5000.0,54.9,398.0,418.0,104.53,411.63,-30,-4999.939808853409,STRONG_UP,LOWER,MOMENTUM_UP,S0_NEUTRAL,,,,,398.0,418.0,104.53,138.0,0.0,0.0,0.0,0.0,411.63,10345106340.75,10.345,505.0,other,equity,data_raw
354,NWS,Entertainment,-65.3,7.4,-2.4,-7.1,-6.1,-7.6,-18.8,-25.5,-28.5,-33.3,-34.6,-65.3,36.0,-72.9,1.9,0.0,-2.0304113496509006,82.4,322.0,343.0,94.87,412.22,-43,-2.0296215820290744,EARLY_DOWN,LOWER,MOMENTUM_DOWN,S5_TRASH,,,,,322.0,343.0,94.87,345.0,14.0,0.0,25.0,0.0,412.22,5404548254.13,5.405,534.0,other,equity,data_raw
355,EXC,Utilities,-51.8,8.9,8.9,-11.6,-10.3,-8.4,-11.8,-10.5,-17.8,-27.7,-32.1,-51.8,49.5,-61.2,1.7,0.0,-5000.0,95.9,294.0,319.0,106.5,413.1,69,-2081.8,EARLY_UP,LOWER,MOMENTUM_UP,S4_BOTTOMING,,,,,294.0,319.0,106.5,360.0,14.0,0.0,-2.0,0.0,413.1,47302911936.27,47.303,248.0,large,equity,data_raw
356,EMR,Industrial Automation,-32.7,10.0,5.2,-7.5,-11.7,-9.4,-9.7,-8.0,-8.4,-12.7,-14.1,-32.7,21.8,-38.3,1.7,0.0,-5000.0,115.0,257.0,275.0,110.25,413.25,-19,-4999.999999999961,STRONG_DOWN,LOWER,MOMENTUM_DOWN,S5_TRASH,,,,,257.0,275.0,110.25,343.0,4.0,0.0,25.0,0.0,413.25,76408840974.43,76.409,162.0,large,equity,data_raw
357,DUK,Electric Utilities,-55.6,10.3,6.6,-11.8,-9.2,-5.8,-7.5,-4.5,-3.3,-13.4,-26.8,-55.6,12.9,-63.0,1.8,0.0,-5000.0,92.0,298.0,323.0,122.2,413.25,-9,-4999.9999996784745,STRONG_DOWN,LOWER,MOMENTUM_UP,S4_BOTTOMING,,,,,298.0,323.0,122.2,311.0,4.0,0.0,-2.0,0.0,413.25,97971855162.91,97.972,124.0,large,equity,data_raw
358,MTB,Financials,-58.6,13.8,5.0,-8.4,-9.3,-4.1,-5.0,-6.3,-0.9,-12.8,-21.9,-58.6,29.4,-72.2,1.5,0.0,-5000.0,89.1,302.0,326.0,126.42,413.82,-13,-4999.99147200525,STRONG_DOWN,LOWER,MOMENTUM_UP,S4_BOTTOMING,,,,,302.0,326.0,126.42,276.0,4.0,0.0,-2.0,0.0,413.82,31219156818.2,31.219,311.0,other,equity,data_raw
359,MRSH,Financials,-84.1,3.2,0.6,-11.5,-16.1,-17.4,-29.7,-43.7,-56.1,-66.5,-73.8,-84.1,65.4,-88.6,3.0,0.0,1790.1283211639295,63.5,377.0,399.0,86.59,414.14,-7,-3209.8716788360707,EARLY_UP,LOWER,NEUTRAL,S0_NEUTRAL,,,,,377.0,399.0,86.59,464.0,58.0,0.0,0.0,0.0,414.14,79067295853.17,79.067,156.0,large,equity,data_raw
360,GD,Aerospace & Defense,-38.5,33.4,3.4,-9.5,-9.7,-8.5,-6.4,-4.6,-6.0,-6.6,-4.4,-38.5,19.3,-66.9,1.4,0.0,-5000.0,109.2,268.0,287.0,110.2,414.15,-95,-4999.999999384692,EARLY_DOWN,MID_RANGE,MOMENTUM_DOWN,S5_TRASH,,,,,268.0,287.0,110.2,315.0,4.0,0.0,25.0,0.0,414.15,92727810781.81,92.728,130.0,large,equity,data_raw
361,LMT,Aerospace & Defense,-61.7,11.2,3.1,-13.5,-19.3,-9.0,-7.2,-15.2,-24.6,-33.7,-48.4,-61.7,45.1,-75.0,2.5,0.0,-5000.0,85.9,309.0,334.0,106.52,414.52,10,0.0,EARLY_UP,LOWER,MOMENTUM_UP,S4_BOTTOMING,,,,,309.0,334.0,106.52,391.0,4.0,0.0,-2.0,0.0,414.52,122945736078.32,122.946,98.0,cap100,equity,data_raw
362,CNC,Healthcare,-135.9,15.9,-0.3,33.9,29.9,36.8,33.2,-5.0,-31.9,-64.7,-92.4,-135.9,62.8,-173.0,2.0,0.0,-155.58825768317948,11.8,490.0,506.0,97.18,415.33,-7,4844.411742316821,STRONG_UP,LOWER,MOMENTUM_DOWN,S0_NEUTRAL,,,,,490.0,506.0,97.18,45.0,0.0,0.0,0.0,0.0,415.33,29203154278.61,29.203,325.0,other,equity,data_raw
363,SOLV,Healthcare,-16.3,9.7,2.3,8.7,1.1,-3.8,-9.3,-14.1,,,,-16.3,9.1,-56.0,2.2,0.0,-1231.9757570821055,10.1,493.0,234.0,75.53,415.38,11,-725.994401833466,STRONG_UP,LOWER,NEUTRAL,S0_NEUTRAL,,,,,493.0,234.0,75.53,190.0,0.0,47.0,0.0,0.0,415.38,13305013440.05,13.305,465.0,other,equity,data_raw
364,EIX,Electric Utilities,-96.9,15.7,1.5,-9.3,-6.4,2.9,7.5,-10.0,-24.4,-35.5,-52.8,-96.9,15.5,-117.3,2.4,0.0,-5000.0,50.8,409.0,431.0,93.57,415.67,-29,-4613.9,EARLY_UP,LOWER,MOMENTUM_UP,S4_BOTTOMING,,,,,409.0,431.0,93.57,189.0,4.0,0.0,-2.0,0.0,415.67,27389632837.81,27.39,344.0,other,equity,data_raw
365,EXR,Real Estate,-78.4,3.0,3.0,-4.1,-6.5,-3.7,-11.7,-23.4,-32.6,-57.0,-65.4,-78.4,95.9,-83.3,2.0,0.0,-5000.0,69.3,352.0,374.0,98.66,419.56,-39,-4999.945564869781,STRONG_UP,LOWER,MOMENTUM_UP,S0_NEUTRAL,,,,,352.0,374.0,98.66,272.0,14.0,0.0,0.0,0.0,419.56,30273692773.52,30.274,318.0,other,equity,data_raw
366,AON,Insurance Brokers,-68.1,4.7,1.4,-6.0,-9.6,-12.5,-21.3,-29.9,-42.2,-54.7,-63.7,-68.1,64.2,-74.3,2.8,0.0,-601.1699055860112,79.5,333.0,356.0,93.55,420.0,-96,-5601.169905586011,EARLY_UP,LOWER,NEUTRAL,S0_NEUTRAL,,,,,333.0,356.0,93.55,390.0,22.0,0.0,0.0,0.0,420.0,69365521235.51,69.366,184.0,large,equity,data_raw
367,DOW,Chemicals,-67.0,23.0,-6.9,-19.7,-0.9,20.9,28.4,-0.3,-22.7,-48.0,-65.0,-67.0,31.9,-138.5,3.1,0.0,-1.9400319692299198e-06,26.2,468.0,352.0,121.65,420.85,-49,4999.999998059968,STRONG_DOWN,MID_RANGE,MOMENTUM_DOWN,S5_TRASH,,,,,468.0,352.0,121.65,114.0,0.0,0.0,25.0,0.0,420.85,25953897972.64,25.954,355.0,other,equity,data_raw
368,BSX,Medical Devices,-99.5,5.8,5.5,-10.9,-25.3,-36.4,-50.1,-58.4,-61.9,-61.0,-76.3,-99.5,89.6,-110.6,1.6,0.0,2928.153449095491,48.2,416.0,436.0,64.78,421.03,33,166.6658125980075,EARLY_UP,LOWER,MOMENTUM_UP,S4_BOTTOMING,,,,,416.0,436.0,64.78,561.0,58.0,0.0,-2.0,0.0,421.03,85881600428.22,85.882,142.0,large,equity,data_raw
369,BMY,Healthcare,-93.5,23.2,3.0,-9.4,-8.0,1.7,8.7,8.9,-3.8,-28.8,-48.0,-93.5,16.3,-125.8,1.8,0.0,-5000.0,54.2,400.0,419.0,105.42,421.77,1,0.0,EARLY_UP,MID_RANGE,MOMENTUM_UP,S2_EARLY_BREAKOUT,,,,,400.0,419.0,105.42,195.0,4.0,0.0,-4.0,0.0,421.77,121421554477.05,121.422,100.0,cap100,equity,data_raw
370,O,Real Estate,-79.4,4.7,0.2,-9.9,-10.3,-4.6,-5.2,-7.6,-15.8,-33.7,-52.1,-79.4,32.7,-84.4,2.1,0.0,-1668.5858320419934,68.3,357.0,380.0,113.97,421.92,-7,-1638.0720417543844,STRONG_DOWN,LOWER,MOMENTUM_UP,S4_BOTTOMING,,,,,357.0,380.0,113.97,292.0,4.0,0.0,-2.0,0.0,421.92,57833187137.46,57.833,214.0,large,equity,data_raw
371,NVR,Residential Construction,-79.3,5.8,5.8,-14.3,-21.4,-23.9,-32.5,-46.5,-56.8,-61.1,-72.1,-79.3,92.0,-92.2,1.9,0.0,800.6295025120608,68.3,357.0,379.0,95.22,422.27,33,81.25575251206078,EARLY_UP,LOWER,MOMENTUM_UP,S4_BOTTOMING,,,,,357.0,379.0,95.22,510.0,58.0,0.0,-2.0,0.0,422.27,16295599443.73,16.296,439.0,other,equity,data_raw
372,IR,Industrial Machinery,-51.0,1.2,1.2,-18.8,-24.1,-21.9,-27.2,-41.9,-51.1,-52.1,-52.3,-51.0,89.2,-66.8,1.8,0.0,1537.9343337714706,70.4,348.0,317.0,86.78,423.13,-36,14.406000438137426,STRONG_DOWN,LOWER,MOMENTUM_DOWN,S5_TRASH,,,,,348.0,317.0,86.78,507.0,58.0,0.0,25.0,0.0,423.13,27749696332.06,27.75,339.0,other,equity,data_raw
373,CMS,Utilities,-70.4,4.0,4.0,-9.6,-7.8,-5.8,-8.5,-8.6,-11.2,-23.3,-44.1,-70.4,38.9,-74.4,2.0,0.0,-5000.0,77.3,337.0,359.0,117.91,424.11,10,-4999.716461207194,STRONG_DOWN,LOWER,MOMENTUM_UP,S4_BOTTOMING,,,,,337.0,359.0,117.91,299.0,4.0,0.0,-2.0,0.0,424.11,23023777559.96,23.024,378.0,other,equity,data_raw
374,HPQ,Technology,-108.7,12.2,10.7,18.5,20.8,9.3,-5.1,-28.9,-44.8,-66.7,-78.2,-108.7,74.5,-133.6,2.2,0.0,-5000.0,39.0,446.0,463.0,102.74,424.39,36,-4999.994436510358,STRONG_UP,LOWER,MOMENTUM_UP,S0_NEUTRAL,,,,,446.0,463.0,102.74,95.0,0.0,0.0,0.0,0.0,424.39,23083246813.44,23.083,376.0,other,equity,data_raw
375,XLV,Index,-83.3,4.9,2.8,-6.3,-9.4,-9.6,-10.0,-19.9,-31.5,-47.0,-61.5,-83.3,23.0,-88.2,2.1,0.0,-972.5934750622001,64.4,372.0,394.0,109.65,424.8,0,0.0,EARLY_UP,LOWER,MOMENTUM_UP,S4_BOTTOMING,,,,,372.0,394.0,109.65,323.0,4.0,0.0,-2.0,0.0,424.8,37880406016.0,37.88,,etf,etf,data_raw
376,REG,Real Estate,-83.9,8.6,3.3,-6.7,-5.5,-1.2,-5.2,-10.2,-17.3,-31.4,-40.1,-83.9,11.8,-92.4,2.1,0.0,-5000.0,63.8,375.0,398.0,110.93,424.98,5,-4982.969599457685,EARLY_UP,LOWER,MOMENTUM_UP,S4_BOTTOMING,,,,,375.0,398.0,110.93,236.0,4.0,0.0,-2.0,0.0,424.98,14435350253.08,14.435,453.0,other,equity,data_raw
377,D,Utilities,-100.9,9.7,8.0,-1.2,1.1,5.2,5.3,8.6,11.3,-17.0,-49.6,-100.9,18.5,-113.3,1.8,0.0,-5000.0,46.8,423.0,442.0,103.98,425.13,67,-4549.106294628638,STRONG_UP,LOWER,NEUTRAL,S0_NEUTRAL,,,,,423.0,442.0,103.98,158.0,0.0,0.0,0.0,0.0,425.13,59516608181.84,59.517,203.0,large,equity,data_raw
378,VTRS,Healthcare,-110.0,26.8,0.0,8.6,10.8,24.8,45.2,42.6,39.9,25.0,-17.9,-110.0,6.1,-151.9,2.6,0.0,-319.2,37.7,449.0,466.0,96.59,425.19,-57,-188.5828661100145,EARLY_DOWN,MID_RANGE,MOMENTUM_DOWN,S5_TRASH,,,,,449.0,466.0,96.59,63.0,0.0,0.0,25.0,0.0,425.19,19389801244.86,19.39,415.0,other,equity,data_raw
379,BRO,Insurance Brokers,-88.2,3.0,0.7,-13.6,-20.6,-27.8,-44.8,-60.7,-70.4,-79.4,-88.5,-88.2,163.4,-100.7,2.7,0.0,4887.975041075141,59.4,387.0,407.0,86.4,426.1,6,-65.88535108494125,EARLY_UP,LOWER,NEUTRAL,S0_NEUTRAL,,,,,387.0,407.0,86.4,539.0,58.0,0.0,0.0,0.0,426.1,19597964063.18,19.598,412.0,other,equity,data_raw
380,PNR,Industrials,-83.5,2.1,2.1,-17.8,-26.0,-30.8,-38.0,-42.8,-45.9,-46.4,-50.9,-83.5,34.9,-85.5,1.4,0.0,49.37766485664243,64.2,373.0,395.0,69.35,426.3,11,11.377664856642298,STRONG_DOWN,LOWER,MOMENTUM_UP,S4_BOTTOMING,,,,,373.0,395.0,69.35,548.0,58.0,0.0,-2.0,0.0,426.3,12091326528.3,12.091,484.0,other,equity,data_raw
381,FE,Utilities,-75.2,6.7,6.3,-13.8,-13.3,-9.6,-8.5,-8.5,-13.9,-25.1,-43.4,-75.2,30.9,-82.3,2.0,0.0,-5000.0,72.4,345.0,367.0,106.44,426.59,74,0.0,EARLY_UP,LOWER,MOMENTUM_UP,S4_BOTTOMING,,,,,345.0,367.0,106.44,368.0,4.0,0.0,-2.0,0.0,426.59,26787148508.6,26.787,347.0,other,equity,data_raw
382,UBER,Internet Services & Infrastructure,-25.4,8.9,-7.0,-10.8,-13.2,-19.5,-29.5,-30.4,-29.5,-9.1,-25.4,-25.4,67.6,-71.0,1.4,0.0,0.3281455370213446,65.2,368.0,256.0,70.8,426.7,-147,-4.762292651012401,EARLY_DOWN,LOWER,MOMENTUM_DOWN,S5_TRASH,,,,,368.0,256.0,70.8,456.0,58.0,0.0,25.0,0.0,426.7,146196720492.44,146.197,87.0,cap100,equity,data_raw
383,PSA,Real Estate,-79.0,7.5,3.8,-2.8,-3.0,0.2,-7.3,-17.1,-26.9,-44.1,-50.1,-79.0,40.3,-88.1,2.1,0.0,-5000.0,68.7,356.0,378.0,101.52,427.12,-59,-4999.850856294425,EARLY_DOWN,LOWER,MOMENTUM_DOWN,S5_TRASH,,,,,356.0,378.0,101.52,218.0,0.0,0.0,25.0,0.0,427.12,53585339577.0,53.585,224.0,large,equity,data_raw
384,COIN,Financial Data & Stock Exchanges,-14.1,9.0,-3.8,-6.8,-7.4,-21.7,-37.6,-42.8,-20.2,-12.0,,-14.1,213.9,-58.5,1.6,0.0,0.0005303337163069817,47.5,417.0,228.0,67.83,428.13,-106,-0.2557236214532626,EARLY_DOWN,LOWER,MOMENTUM_DOWN,S5_TRASH,,,,,417.0,228.0,67.83,457.0,40.0,11.0,25.0,0.0,428.13,41146748828.08,41.147,264.0,large,equity,data_raw
385,KEI,Unknown,-17.2,10.0,-1.2,-0.6,-4.8,-7.3,-15.1,,,,,-17.2,11.8,-20.3,2.3,0.0,0.0,-4.1,522.0,237.0,81.21,428.21,-44,0.0,STRONG_DOWN,LOWER,MOMENTUM_UP,S4_BOTTOMING,,,,,522.0,237.0,81.21,284.0,10.0,50.0,-2.0,0.0,428.21,,,,unknown,equity,
386,ZBRA,Technology,-102.7,5.0,-1.1,9.3,6.2,-0.3,-16.8,-37.7,-49.4,-79.4,-103.4,-102.7,273.4,-121.9,2.4,0.0,-242.30212045640803,45.0,428.0,447.0,106.98,428.83,-46,10.27118755593122,STRONG_UP,LOWER,MOMENTUM_UP,S0_NEUTRAL,,,,,428.0,447.0,106.98,181.0,10.0,0.0,0.0,0.0,428.83,12172713470.97,12.173,480.0,other,equity,data_raw
387,SRE,Utilities,-75.6,2.4,2.4,-12.0,-9.3,-8.2,-6.4,-10.0,-17.6,-29.6,-47.5,-75.6,21.9,-77.5,1.8,0.0,-5000.0,72.1,346.0,368.0,115.31,428.86,10,-2874.114209119379,STRONG_DOWN,LOWER,MOMENTUM_UP,S4_BOTTOMING,,,,,346.0,368.0,115.31,321.0,4.0,0.0,-2.0,0.0,428.86,60662438263.7,60.662,200.0,large,equity,data_raw
388,DASH,Internet Retail,-20.2,7.1,-0.8,-9.8,-16.7,-26.3,-38.5,-31.2,-17.1,-12.1,,-20.2,94.7,-64.4,1.4,0.0,15.54930426767652,45.1,426.0,243.0,79.0,429.3,15,15.54582553169638,STRONG_DOWN,LOWER,MOMENTUM_UP,S4_BOTTOMING,,,,,426.0,243.0,79.0,506.0,58.0,11.0,-2.0,0.0,429.3,65916691752.5,65.917,193.0,large,equity,data_raw
389,SCHW,Investment Banking & Brokerage,-49.9,10.0,-3.2,-10.6,-13.7,-13.7,-16.4,-10.4,-9.8,-28.8,-26.7,-49.9,56.7,-61.7,1.3,0.0,-8.340621070358278,97.8,290.0,314.0,113.66,430.11,-13,4991.659378929642,EARLY_UP,LOWER,NEUTRAL,S0_NEUTRAL,,,,,290.0,314.0,113.66,403.0,40.0,0.0,0.0,0.0,430.11,156783068609.76,156.783,77.0,cap100,equity,data_raw
390,ERIE,Insurance Brokers,-95.1,2.7,1.8,-11.1,-19.0,-24.6,-39.3,-59.2,-68.5,-70.3,-87.6,-95.1,196.4,-102.9,2.6,0.0,4030.434844262002,52.6,406.0,426.0,86.26,430.46,-32,60.3803653341206,EARLY_UP,LOWER,MOMENTUM_UP,S4_BOTTOMING,,,,,406.0,426.0,86.26,516.0,58.0,0.0,-2.0,0.0,430.46,10356974520.3,10.357,504.0,other,equity,data_raw
391,HSY,Confectioners,-78.6,7.2,2.7,-7.2,-12.1,-7.0,-7.9,-12.2,-29.2,-48.4,-61.8,-78.6,80.2,-90.4,1.8,0.0,-5000.0,69.1,353.0,375.0,114.45,430.85,29,-3087.172886254955,EARLY_UP,LOWER,MOMENTUM_UP,S4_BOTTOMING,,,,,353.0,375.0,114.45,319.0,4.0,0.0,-2.0,0.0,430.85,28872211560.3,28.872,327.0,other,equity,data_raw
392,TFC,Financials,-85.0,10.2,2.2,-9.4,-9.7,-5.8,-1.4,2.0,10.6,-15.9,-39.3,-85.0,23.0,-96.8,1.5,0.0,-3659.6233114705337,62.6,382.0,403.0,112.23,431.58,6,-3643.070809364907,STRONG_DOWN,LOWER,MOMENTUM_UP,S4_BOTTOMING,,,,,382.0,403.0,112.23,269.0,4.0,0.0,-2.0,0.0,431.58,60275627350.74,60.276,201.0,large,equity,data_raw
393,GDDY,Technology,-113.0,3.6,1.1,-0.5,-5.9,-20.1,-41.4,-59.7,-62.1,-67.9,-88.3,-113.0,129.1,-121.4,2.2,0.0,1801.6005951652758,34.7,452.0,470.0,94.31,433.16,13,1548.4217979852608,STRONG_UP,LOWER,NEUTRAL,S0_NEUTRAL,,,,,452.0,470.0,94.31,441.0,40.0,0.0,0.0,0.0,433.16,11977794638.4,11.978,486.0,other,equity,data_raw
394,XLP,Index,-84.4,2.0,-1.8,-6.2,-8.0,-4.3,-9.2,-16.6,-26.6,-41.3,-58.5,-84.4,21.2,-86.2,2.2,0.0,-2236.323330645777,63.2,380.0,401.0,113.99,433.84,0,0.0,STRONG_UP,LOWER,NEUTRAL,S0_NEUTRAL,,,,,380.0,401.0,113.99,281.0,4.0,0.0,0.0,0.0,433.84,14545357824.0,14.545,,etf,etf,data_raw
395,ESS,Real Estate,-103.3,3.9,2.2,0.8,0.9,0.9,-7.3,-18.6,-23.2,-41.0,-62.5,-103.3,21.2,-107.9,2.7,0.0,-5000.0,44.4,430.0,448.0,106.18,434.78,-2,0.0,STRONG_UP,LOWER,MOMENTUM_UP,S0_NEUTRAL,,,,,430.0,448.0,106.18,188.0,0.0,0.0,0.0,0.0,434.78,17781223965.75,17.781,428.0,other,equity,data_raw
396,PRU,Financials,-80.5,5.0,1.1,-2.7,-5.6,-8.8,-14.0,-27.8,-34.2,-45.7,-48.7,-80.5,35.8,-86.1,2.2,0.0,-1854.218898528829,67.2,364.0,386.0,110.92,435.72,-29,243.12252443972284,STRONG_UP,LOWER,MOMENTUM_UP,S0_NEUTRAL,,,,,364.0,386.0,110.92,302.0,14.0,0.0,0.0,0.0,435.72,36163491094.8,36.163,291.0,large,equity,data_raw
397,EQR,Real Estate,-91.7,5.3,2.6,-2.3,-2.5,-0.6,-8.7,-21.0,-28.8,-45.3,-60.9,-91.7,30.5,-98.0,2.4,0.0,-5000.0,56.0,393.0,413.0,118.32,435.92,-44,-4999.986216471478,STRONG_UP,LOWER,MOMENTUM_DOWN,S0_NEUTRAL,,,,,393.0,413.0,118.32,223.0,0.0,0.0,0.0,0.0,435.92,24805942789.27,24.806,361.0,other,equity,data_raw
398,IEX,Industrials,-93.5,12.6,-0.6,-5.3,-5.4,2.1,3.5,-11.6,-29.2,-51.1,-71.7,-93.5,36.0,-111.7,2.6,0.0,-87.09766682559153,54.2,400.0,419.0,108.69,436.79,-56,-87.09513269548751,EARLY_DOWN,LOWER,MOMENTUM_DOWN,S5_TRASH,,,,,400.0,419.0,108.69,192.0,4.0,0.0,25.0,0.0,436.79,15452862466.21,15.453,446.0,other,equity,data_raw
399,TSCO,Specialty Retail,-84.8,3.3,1.3,-26.4,-36.5,-42.0,-51.8,-63.5,-73.9,-86.2,-88.1,-84.8,112.2,-104.5,1.4,0.0,4361.570120970675,62.9,381.0,402.0,98.31,438.11,-33,-17.167986147172996,EARLY_UP,LOWER,MOMENTUM_UP,S4_BOTTOMING,,,,,381.0,402.0,98.31,567.0,58.0,0.0,-2.0,0.0,438.11,16583097298.06,16.583,436.0,other,equity,data_raw
400,AIG,Insurance - Diversified,-77.3,4.2,-0.1,-8.7,-8.8,-10.7,-17.8,-24.0,-29.2,-32.7,-29.3,-77.3,9.9,-80.5,1.8,0.0,-398.7486440717374,70.4,348.0,371.0,110.55,438.9,17,4487.6090471153275,STRONG_UP,LOWER,NEUTRAL,S0_NEUTRAL,,,,,348.0,371.0,110.55,371.0,22.0,0.0,0.0,0.0,438.9,40852390946.11,40.852,265.0,large,equity,data_raw
401,USB,Financials,-94.3,9.8,2.1,-8.0,-8.1,-3.2,0.6,-0.6,0.7,-22.1,-44.6,-94.3,15.5,-105.7,2.0,0.0,-2052.9486794649106,53.3,404.0,423.0,118.91,440.31,11,-1933.9772230115211,STRONG_DOWN,LOWER,MOMENTUM_UP,S4_BOTTOMING,,,,,404.0,423.0,118.91,238.0,4.0,0.0,-2.0,0.0,440.31,85112597860.7,85.113,146.0,large,equity,data_raw
402,LEN,Residential Construction,-104.2,3.8,3.8,-6.4,-17.5,-24.4,-33.5,-52.1,-66.4,-73.6,-80.2,-104.2,109.4,-112.6,2.2,0.0,5000.0,43.5,433.0,451.0,95.69,441.84,28,2727.6,EARLY_UP,LOWER,MOMENTUM_UP,S4_BOTTOMING,,,,,433.0,451.0,95.69,484.0,58.0,0.0,-2.0,0.0,441.84,19126617337.65,19.127,419.0,other,equity,data_raw
403,BR,Industrials,-106.1,4.3,1.4,-13.1,-21.3,-30.0,-43.2,-53.0,-62.5,-72.6,-89.2,-106.1,60.8,-113.1,2.1,0.0,5000.0,41.6,436.0,454.0,86.23,442.43,6,0.0,EARLY_UP,LOWER,MOMENTUM_UP,S4_BOTTOMING,,,,,436.0,454.0,86.23,542.0,58.0,0.0,-2.0,0.0,442.43,17405417750.86,17.405,430.0,other,equity,data_raw
404,ED,Electric Utilities,-91.7,3.1,1.9,-11.1,-9.7,-4.6,-9.0,-13.8,-22.9,-33.0,-51.4,-91.7,25.7,-95.0,2.3,0.0,-5000.0,56.0,393.0,413.0,111.13,444.38,19,-4226.2370850391035,EARLY_UP,LOWER,MOMENTUM_UP,S4_BOTTOMING,,,,,393.0,413.0,111.13,314.0,4.0,0.0,-2.0,0.0,444.38,40000214518.1,40.0,269.0,large,equity,data_raw
405,AES,Utilities,-108.4,10.0,-0.1,-5.5,-10.6,-6.5,3.4,-6.6,-26.6,-59.5,-82.3,-108.4,86.7,-129.6,1.6,0.0,-465.23119983376426,39.2,443.0,460.0,111.4,444.65,-6,4534.768800166235,STRONG_UP,LOWER,NEUTRAL,S0_NEUTRAL,,,,,443.0,460.0,111.4,244.0,4.0,0.0,0.0,0.0,444.65,10469155444.48,10.469,503.0,other,equity,data_raw
406,CHD,Household & Personal Products,-92.6,7.6,1.0,-6.7,-9.2,-3.2,-9.3,-23.9,-37.5,-50.9,-71.1,-92.6,46.1,-103.4,2.5,0.0,-5000.0,55.1,397.0,417.0,114.34,445.19,-12,-2963.481073530228,EARLY_UP,LOWER,MOMENTUM_UP,S4_BOTTOMING,,,,,397.0,417.0,114.34,286.0,4.0,0.0,-2.0,0.0,445.19,22805821692.5,22.806,380.0,other,equity,data_raw
407,CARR,Industrials,-24.6,6.5,-3.9,-6.5,-6.3,-1.5,-13.5,-25.6,-31.6,-35.3,,-24.6,46.3,-102.3,2.2,0.0,-6.628633800260494e-05,54.5,399.0,254.0,132.42,446.07,-103,-3.664355445181532e-05,EARLY_DOWN,LOWER,MOMENTUM_DOWN,S5_TRASH,,,,,399.0,254.0,132.42,280.0,14.0,11.0,25.0,0.0,446.07,52442847401.27,52.443,232.0,large,equity,data_raw
408,SWKS,Technology,-144.9,9.6,6.5,28.1,31.5,22.8,10.2,-12.8,-36.3,-67.9,-97.8,-144.9,67.4,-166.8,2.1,0.0,-5000.0,2.8,510.0,523.0,102.05,446.3,11,0.0,STRONG_UP,LOWER,MOMENTUM_UP,S0_NEUTRAL,,,,,510.0,523.0,102.05,59.0,0.0,0.0,0.0,0.0,446.3,12396459195.06,12.396,476.0,other,equity,data_raw
409,MMM,Industrials,-94.9,12.5,3.7,-2.1,-6.5,-10.1,-12.5,-7.7,7.0,-8.8,-36.3,-94.9,17.6,-110.5,1.3,0.0,-5000.0,52.7,405.0,425.0,93.65,448.8,16,0.0,EARLY_UP,LOWER,MOMENTUM_UP,S4_BOTTOMING,,,,,405.0,425.0,93.65,304.0,22.0,0.0,-2.0,0.0,448.8,79507714540.2,79.508,154.0,large,equity,data_raw
410,TXT,Industrials,-82.7,4.7,2.7,-8.5,-9.0,-4.8,-4.2,-13.4,-25.9,-38.9,-38.7,-82.7,27.7,-89.6,1.9,0.0,-5000.0,65.0,370.0,393.0,106.72,451.07,-20,-4612.940208860734,EARLY_DOWN,LOWER,MOMENTUM_DOWN,S5_TRASH,,,,,370.0,393.0,106.72,273.0,4.0,0.0,25.0,0.0,451.07,15968225443.63,15.968,443.0,other,equity,data_raw
411,MOH,Healthcare,-110.6,8.3,0.4,-11.2,-9.8,-13.6,-34.1,-54.8,-72.7,-91.0,-105.8,-110.6,210.5,-139.2,2.3,0.0,5000.0,1.9,512.0,467.0,97.75,451.25,-31,0.0,STRONG_DOWN,LOWER,MOMENTUM_DOWN,S5_TRASH,,,,,512.0,467.0,97.75,440.0,22.0,0.0,25.0,0.0,451.25,6981766450.6,6.982,525.0,other,equity,data_raw
412,MLM,Building Materials,-42.5,0.0,-5.3,-20.2,-23.7,-23.2,-25.3,-30.4,-38.1,-38.6,-36.1,-42.5,79.9,-42.2,1.3,0.0,0.06868412088701546,105.2,275.0,296.0,101.6,451.45,-56,0.06860604997897972,STRONG_DOWN,LOWER,MOMENTUM_DOWN,S5_TRASH,,,,,275.0,296.0,101.6,508.0,58.0,0.0,25.0,0.0,451.45,32213423259.23,32.213,308.0,other,equity,data_raw
413,CL,Household & Personal Products,-94.2,9.8,1.7,-3.7,-8.0,-1.9,-7.5,-19.1,-25.6,-35.5,-54.4,-94.2,8.1,-104.9,2.2,0.0,-5000.0,53.4,403.0,422.0,122.66,452.91,-13,-182.09849127303096,STRONG_UP,LOWER,NEUTRAL,S0_NEUTRAL,,,,,403.0,422.0,122.66,252.0,4.0,0.0,0.0,0.0,452.91,72505153867.5,72.505,178.0,large,equity,data_raw
414,PDD,Technology,-39.8,2.4,-0.8,-14.8,-15.3,-22.4,-29.0,-41.4,-52.6,-54.6,-54.6,-39.8,465.0,-71.0,1.4,0.0,478.94276965374587,63.5,377.0,290.0,115.58,454.73,-42,241.82081476576437,STRONG_DOWN,LOWER,MOMENTUM_DOWN,S5_TRASH,,,,,377.0,290.0,115.58,476.0,58.0,0.0,25.0,0.0,454.73,134539428809.99,134.539,91.0,cap100,equity,data_raw
415,KDP,Beverages - Non-Alcoholic,-108.0,1.2,-0.9,-1.9,-4.5,-3.5,-12.8,-25.2,-37.8,-60.5,-82.1,-108.0,41.0,-109.3,2.1,0.0,-490.09971345865483,39.7,441.0,458.0,114.67,454.87,-13,2144.8002865413455,STRONG_UP,LOWER,MOMENTUM_DOWN,S0_NEUTRAL,,,,,441.0,458.0,114.67,255.0,10.0,0.0,0.0,0.0,454.87,39619492937.35,39.619,273.0,large,equity,data_raw
416,EW,Healthcare,-103.8,6.2,2.6,-4.8,-5.3,-6.4,-9.0,-13.3,-29.5,-59.0,-84.4,-103.8,81.2,-115.6,1.7,0.0,-5000.0,43.9,431.0,449.0,111.59,456.34,47,0.0,STRONG_UP,LOWER,MOMENTUM_UP,S0_NEUTRAL,,,,,431.0,449.0,111.59,266.0,4.0,0.0,0.0,0.0,456.34,49392123297.12,49.392,245.0,large,equity,data_raw
417,EXPE,Travel Services,-74.6,18.9,-4.1,-18.9,-18.3,-20.7,-12.8,-1.7,3.4,-8.8,-22.6,-74.6,18.5,-95.4,1.6,0.0,-0.0020542914009336363,73.0,344.0,366.0,93.49,458.04,-58,-0.00205409143529955,STRONG_DOWN,LOWER,MOMENTUM_DOWN,S5_TRASH,,,,,344.0,366.0,93.49,447.0,40.0,0.0,25.0,0.0,458.04,24577129157.41,24.577,363.0,other,equity,data_raw
418,TTD,Advertising Agencies,-83.6,1.1,0.5,-11.6,-17.9,-34.3,-58.3,-83.8,-102.8,-124.2,-144.2,-83.6,1126.9,-105.3,2.1,0.0,5000.0,50.4,412.0,397.0,117.2,458.4,17,0.0,STRONG_DOWN,LOWER,MOMENTUM_UP,S4_BOTTOMING,,,,,412.0,397.0,117.2,558.0,58.0,0.0,-2.0,0.0,458.4,9556253643.81,9.556,511.0,other,equity,data_raw
419,MDLZ,Confectioners,-112.3,5.3,0.6,-4.2,-4.7,-1.7,-12.5,-24.3,-41.6,-57.6,-78.1,-112.3,19.9,-119.1,2.3,0.0,-3913.5495266676894,35.4,451.0,469.0,103.07,459.02,-31,-3899.599078422587,STRONG_UP,LOWER,MOMENTUM_DOWN,S0_NEUTRAL,,,,,451.0,469.0,103.07,254.0,10.0,0.0,0.0,0.0,459.02,79278207393.6,79.278,155.0,large,equity,data_raw
420,CI,Healthcare,-99.3,4.4,-1.1,-4.5,-5.3,-3.0,-13.8,-28.7,-41.7,-53.4,-64.5,-99.3,48.1,-105.6,2.2,0.0,-8.65752276805481,48.4,415.0,435.0,107.22,459.32,-76,-4.916967156402838,EARLY_DOWN,LOWER,MOMENTUM_DOWN,S5_TRASH,,,,,415.0,435.0,107.22,275.0,14.0,0.0,25.0,0.0,459.32,75719752737.64,75.72,165.0,large,equity,data_raw
421,HBAN,Banks - Regional,-67.2,5.3,3.4,-10.6,-12.9,-12.5,-17.2,-20.7,-17.7,-27.7,-36.7,-67.2,27.8,-74.2,1.4,0.0,-5000.0,80.5,330.0,353.0,106.2,460.75,20,0.0,STRONG_DOWN,LOWER,MOMENTUM_UP,S4_BOTTOMING,,,,,330.0,353.0,106.2,401.0,40.0,0.0,-2.0,0.0,460.75,32271919099.7,32.272,307.0,other,equity,data_raw
422,VICI,Real Estate,-70.7,3.0,0.6,-6.9,-8.6,-9.1,-19.5,-26.6,-38.5,-53.9,-64.6,-70.7,40.0,-88.5,2.3,0.0,-1391.198719632725,39.9,440.0,361.0,117.31,463.46,30,1731.6129335642909,STRONG_UP,LOWER,MOMENTUM_UP,S0_NEUTRAL,,,,,440.0,361.0,117.31,367.0,14.0,0.0,0.0,0.0,463.46,30688235329.5,30.688,315.0,other,equity,data_raw
423,MGM,Resorts & Casinos,-118.9,7.0,1.7,-6.6,-2.7,-0.9,-5.7,-17.8,-38.6,-60.6,-72.6,-118.9,24.1,-129.1,1.7,0.0,-5000.0,28.8,463.0,480.0,116.48,463.58,-5,-4999.654193054422,STRONG_DOWN,LOWER,MOMENTUM_UP,S4_BOTTOMING,,,,,463.0,480.0,116.48,227.0,0.0,0.0,-2.0,0.0,463.58,9824687814.4,9.825,509.0,other,equity,data_raw
424,ITW,Industrials,-78.2,1.6,0.7,-10.9,-13.7,-10.5,-14.9,-22.7,-35.1,-46.4,-59.8,-78.2,26.1,-79.5,2.5,0.0,-5000.0,69.5,351.0,373.0,102.59,465.04,16,0.0,STRONG_DOWN,LOWER,MOMENTUM_UP,S4_BOTTOMING,,,,,351.0,373.0,102.59,392.0,40.0,0.0,-2.0,0.0,465.04,72557939122.01,72.558,177.0,large,equity,data_raw
425,NOC,Aerospace & Defense,-42.0,3.8,2.7,-19.9,-24.8,-19.0,-18.5,-18.5,-26.0,-32.1,-35.9,-42.0,77.9,-46.5,1.8,0.0,-5000.0,105.7,274.0,295.0,105.99,465.24,-10,-4997.610380628322,EARLY_UP,LOWER,MOMENTUM_UP,S4_BOTTOMING,,,,,274.0,295.0,105.99,483.0,58.0,0.0,-2.0,0.0,465.24,78910961023.41,78.911,157.0,large,equity,data_raw
426,HAS,Leisure,-104.3,12.9,-9.5,-13.1,-13.9,-7.7,-3.0,4.3,2.6,-21.5,-51.7,-104.3,23.8,-122.8,1.7,0.0,-3.803180429369822e-06,43.3,435.0,452.0,117.05,465.95,-123,0.09178407124568963,EARLY_DOWN,LOWER,MOMENTUM_DOWN,S5_TRASH,,,,,435.0,452.0,117.05,339.0,4.0,0.0,25.0,0.0,465.95,12465329749.3,12.465,475.0,other,equity,data_raw
427,XYZ,Financials,-86.1,2.8,-0.8,-4.1,-1.2,-4.8,-13.0,-24.2,-36.6,-72.3,-105.6,-86.1,807.1,-111.5,1.8,0.0,-825.977075050173,61.6,383.0,404.0,125.01,466.41,-73,-160.418885721253,EARLY_DOWN,LOWER,MOMENTUM_DOWN,S5_TRASH,,,,,383.0,404.0,125.01,253.0,10.0,0.0,25.0,0.0,466.41,36436076579.97,36.436,287.0,large,equity,data_raw
428,LOW,Retail,-64.3,0.0,0.0,-17.0,-22.1,-21.3,-24.9,-34.5,-45.7,-59.2,-63.0,-64.3,92.6,-63.9,1.9,0.0,5.267916666666897,83.4,319.0,341.0,105.42,466.42,-46,-21.199583333333237,STRONG_DOWN,LOWER,MOMENTUM_DOWN,S5_TRASH,,,,,319.0,341.0,105.42,489.0,58.0,0.0,25.0,0.0,466.42,120631829315.19,120.632,102.0,large,equity,data_raw
429,SYK,Medical Devices,-78.7,12.1,2.3,-6.9,-15.6,-18.0,-27.2,-36.0,-44.8,-50.2,-63.9,-78.7,37.3,-94.2,2.2,0.0,-30.366385491094327,69.0,354.0,377.0,95.17,467.82,-1,453.5535521622051,EARLY_UP,LOWER,NEUTRAL,S0_NEUTRAL,,,,,354.0,377.0,95.17,443.0,58.0,0.0,0.0,0.0,467.82,121326018169.49,121.326,101.0,large,equity,data_raw
430,INVH,Real Estate,-108.3,2.7,2.2,1.6,1.9,-0.6,-13.4,-28.5,-44.3,-67.1,-87.9,-108.3,20.8,-124.7,3.0,0.0,-5000.0,17.4,480.0,459.0,112.02,468.32,-1,-1218.903838646267,STRONG_UP,LOWER,MOMENTUM_DOWN,S0_NEUTRAL,,,,,480.0,459.0,112.02,208.0,10.0,0.0,0.0,0.0,468.32,17399489435.1,17.399,431.0,other,equity,data_raw
431,PFE,Pharmaceuticals,-121.9,6.8,0.3,-9.4,-8.5,-2.0,1.0,-1.8,-16.6,-50.5,-75.3,-121.9,23.6,-131.9,1.9,0.0,-2228.949229123194,25.8,469.0,487.0,118.25,469.05,6,-2023.6783453864255,STRONG_DOWN,LOWER,MOMENTUM_UP,S4_BOTTOMING,,,,,469.0,487.0,118.25,239.0,4.0,0.0,-2.0,0.0,469.05,147615601802.93,147.616,83.0,cap100,equity,data_raw
432,CDW,Technology,-126.6,4.0,2.9,-22.2,-20.6,-25.9,-39.6,-57.6,-76.2,-96.3,-115.6,-126.6,116.6,-136.4,2.4,0.0,5000.0,21.1,474.0,492.0,96.71,469.26,17,0.0,STRONG_DOWN,LOWER,MOMENTUM_UP,S4_BOTTOMING,,,,,474.0,492.0,96.71,537.0,58.0,0.0,-2.0,0.0,469.26,14157637400.83,14.158,456.0,other,equity,data_raw
433,UDR,Real Estate,-111.0,3.7,1.3,-0.3,-2.7,-1.5,-11.3,-23.8,-33.5,-53.8,-72.9,-111.0,16.1,-115.4,2.6,0.0,-3479.5442875383533,36.7,450.0,468.0,118.55,469.45,-20,-1297.0415528527706,STRONG_UP,LOWER,MOMENTUM_UP,S0_NEUTRAL,,,,,450.0,468.0,118.55,230.0,10.0,0.0,0.0,0.0,469.45,12350043425.17,12.35,477.0,other,equity,data_raw
434,KVUE,Household & Personal Products,-48.3,8.2,0.0,-6.7,-8.5,-4.1,-17.9,-31.6,-48.3,,,-48.3,0.0,-115.3,2.3,0.0,-588.8,-8.2,530.0,308.0,96.61,470.36,4,-575.8818861691183,STRONG_DOWN,LOWER,MOMENTUM_UP,S4_BOTTOMING,,,,,530.0,308.0,96.61,337.0,14.0,26.0,-2.0,0.0,470.36,33657753268.41,33.658,297.0,large,equity,data_raw
435,PODD,Medical Devices,-102.6,1.7,1.2,-27.0,-36.7,-46.0,-57.1,-61.3,-72.3,-97.3,-119.8,-102.6,280.5,-108.7,1.6,0.0,4078.1616103594615,45.0,428.0,445.0,109.32,470.72,11,63.33102836121361,STRONG_DOWN,LOWER,MOMENTUM_UP,S4_BOTTOMING,,,,,428.0,445.0,109.32,570.0,58.0,0.0,-2.0,0.0,470.72,10727019724.17,10.727,498.0,other,equity,data_raw
436,TRI,Technology,-106.4,4.9,1.5,-13.7,-18.9,-31.0,-51.2,-66.2,-79.1,-88.9,-99.5,-106.4,146.3,-118.9,2.0,0.0,4766.593350087131,41.2,438.0,456.0,82.17,471.42,-25,-170.27262126660116,STRONG_DOWN,LOWER,MOMENTUM_DOWN,S5_TRASH,,,,,438.0,456.0,82.17,551.0,58.0,0.0,25.0,0.0,471.42,37481224811.26,37.481,280.0,large,equity,data_raw
437,NWSA,Entertainment,-84.1,3.5,-1.7,-6.9,-7.0,-8.3,-19.1,-29.0,-35.4,-45.1,-50.7,-84.1,56.8,-88.7,1.9,0.0,-35.3823483533074,63.6,376.0,399.0,122.68,473.98,-88,-35.23700820324486,EARLY_DOWN,LOWER,MOMENTUM_DOWN,S5_TRASH,,,,,376.0,399.0,122.68,356.0,14.0,0.0,25.0,0.0,473.98,9421064680.43,9.421,512.0,other,equity,data_raw
438,WAT,Healthcare,-101.3,7.0,2.2,4.2,-2.1,-9.0,-12.5,-24.7,-34.1,-56.0,-70.6,-101.3,46.1,-111.9,1.9,0.0,-1410.1037733757048,46.4,425.0,444.0,112.07,474.47,-33,-1198.9336338143767,EARLY_DOWN,LOWER,MOMENTUM_DOWN,S5_TRASH,,,,,425.0,444.0,112.07,247.0,10.0,0.0,25.0,0.0,474.47,33615890696.93,33.616,299.0,large,equity,data_raw
439,PEG,Utilities,-78.6,4.7,4.5,-10.1,-11.9,-11.4,-17.3,-25.1,-27.1,-35.4,-50.7,-78.6,16.1,-82.7,2.0,0.0,-5000.0,69.0,354.0,375.0,110.7,474.75,18,-1078.3668787536913,EARLY_UP,LOWER,MOMENTUM_UP,S4_BOTTOMING,,,,,354.0,375.0,110.7,395.0,40.0,0.0,-2.0,0.0,474.75,39621535737.55,39.622,272.0,large,equity,data_raw
440,MAS,Industrials,-81.5,3.4,3.4,-5.5,-7.7,-6.1,-11.7,-24.5,-32.6,-41.5,-56.5,-81.5,27.9,-84.9,2.2,0.0,-5000.0,66.2,367.0,390.0,118.24,475.29,-48,-4999.999600156779,EARLY_DOWN,LOWER,MOMENTUM_DOWN,S5_TRASH,,,,,367.0,390.0,118.24,300.0,14.0,0.0,25.0,0.0,475.29,13568658663.57,13.569,462.0,other,equity,data_raw
441,TSN,Farm Products,-114.8,12.0,-2.4,-7.0,-7.1,0.2,0.4,-4.8,-9.6,-38.3,-65.6,-114.8,24.5,-133.3,2.0,0.0,-143.86486997702548,32.9,456.0,474.0,117.08,475.33,-66,-61.57425127384079,EARLY_DOWN,LOWER,MOMENTUM_DOWN,S5_TRASH,,,,,456.0,474.0,117.08,221.0,4.0,0.0,25.0,0.0,475.33,18351932685.81,18.352,425.0,other,equity,data_raw
442,TROW,Financials,-109.7,1.1,-0.1,-1.1,-2.9,-4.9,-8.6,-17.7,-29.2,-55.9,-80.6,-109.7,82.7,-111.3,2.1,0.0,-4649.7254965859265,38.0,447.0,464.0,110.27,477.27,-26,-995.2153447387577,EARLY_DOWN,LOWER,MOMENTUM_DOWN,S5_TRASH,,,,,447.0,464.0,110.27,233.0,0.0,0.0,25.0,0.0,477.27,22153024263.56,22.153,393.0,other,equity,data_raw
443,FTV,Industrials,-108.4,5.3,-1.0,-5.7,-3.8,-0.8,-1.7,-14.8,-30.4,-46.5,-70.5,-108.4,14.0,-127.8,2.1,0.0,-67.79756340917865,28.9,460.0,460.0,127.49,477.29,-36,-67.59848993257847,EARLY_DOWN,LOWER,MOMENTUM_DOWN,S5_TRASH,,,,,460.0,460.0,127.49,214.0,0.0,0.0,25.0,0.0,477.29,18026432497.36,18.026,426.0,other,equity,data_raw
444,ES,Utilities,-115.8,2.3,1.9,-9.1,-9.8,-8.4,-9.2,-11.8,-22.0,-48.6,-78.2,-115.8,49.7,-119.1,1.7,0.0,-5000.0,31.9,457.0,475.0,114.53,478.28,41,0.0,EARLY_UP,LOWER,MOMENTUM_UP,S4_BOTTOMING,,,,,457.0,475.0,114.53,328.0,4.0,0.0,-2.0,0.0,478.28,26325601750.0,26.326,350.0,other,equity,data_raw
445,CCI,Real Estate,-130.4,3.2,2.0,-0.8,-0.6,-1.3,-12.6,-19.3,-31.4,-64.1,-93.6,-130.4,51.9,-136.0,2.5,0.0,-5000.0,17.3,481.0,497.0,111.68,478.83,-19,-4910.833813118036,STRONG_UP,LOWER,NEUTRAL,S0_NEUTRAL,,,,,481.0,497.0,111.68,228.0,10.0,0.0,0.0,0.0,478.83,39917897965.6,39.918,270.0,large,equity,data_raw
446,IT,Technology,-155.5,3.9,1.9,-2.3,-10.7,-24.9,-47.4,-73.4,-91.7,-109.9,-121.6,-155.5,136.5,-166.8,3.0,0.0,5000.0,-7.8,528.0,536.0,91.71,479.81,14,0.0,EARLY_UP,LOWER,MOMENTUM_UP,S4_BOTTOMING,,,,,528.0,536.0,91.71,492.0,58.0,0.0,-2.0,0.0,479.81,10712971391.11,10.713,499.0,other,equity,data_raw
447,ICE,Financial Data & Stock Exchanges,-65.8,0.9,-0.6,-10.8,-14.2,-12.6,-22.6,-27.5,-30.9,-38.0,-53.2,-65.8,26.5,-66.2,1.9,0.0,-124.71003958544819,81.8,326.0,347.0,113.57,480.17,-33,55.31342439842766,STRONG_DOWN,LOWER,MOMENTUM_DOWN,S5_TRASH,,,,,326.0,347.0,113.57,424.0,40.0,0.0,25.0,0.0,480.17,86506447050.47,86.506,141.0,large,equity,data_raw
448,MCD,Restaurants,-71.9,4.1,1.2,-13.5,-17.7,-17.0,-22.5,-27.6,-40.6,-51.8,-63.9,-71.9,53.8,-76.9,2.3,0.0,-4105.84270194692,75.8,339.0,362.0,98.0,480.8,10,894.15729805308,EARLY_UP,LOWER,MOMENTUM_UP,S4_BOTTOMING,,,,,339.0,362.0,98.0,453.0,58.0,0.0,-2.0,0.0,480.8,200554481014.08,200.554,58.0,cap100,equity,data_raw
449,SYY,Food Distribution,-102.6,5.3,3.7,-4.3,-12.6,-9.5,-13.2,-16.7,-27.4,-46.7,-66.7,-102.6,22.5,-109.1,2.0,0.0,-5000.0,45.1,426.0,445.0,118.63,482.68,31,0.0,EARLY_UP,LOWER,MOMENTUM_UP,S4_BOTTOMING,,,,,426.0,445.0,118.63,355.0,14.0,0.0,-2.0,0.0,482.68,36480551602.11,36.481,286.0,large,equity,data_raw
450,UPS,Industrials,-120.6,2.3,0.5,-10.1,-13.6,-9.8,-9.1,-28.9,-50.5,-77.7,-91.9,-120.6,73.2,-124.6,2.2,0.0,-3402.658172363264,27.1,465.0,483.0,116.39,485.64,31,-1546.318013350227,STRONG_DOWN,LOWER,MOMENTUM_UP,S4_BOTTOMING,,,,,465.0,483.0,116.39,362.0,4.0,0.0,-2.0,0.0,485.64,75419692546.09,75.42,167.0,large,equity,data_raw
451,LUV,Airlines,-137.5,8.8,2.3,-2.5,-13.1,-3.8,2.5,5.9,-3.5,-36.3,-72.3,-137.5,28.4,-152.9,2.0,0.0,-5000.0,10.1,493.0,509.0,119.24,485.74,5,-4999.831598212619,EARLY_DOWN,LOWER,MOMENTUM_UP,S4_BOTTOMING,,,,,493.0,509.0,119.24,241.0,4.0,0.0,-2.0,0.0,485.74,19971294211.5,19.971,408.0,other,equity,data_raw
452,AMT,Telecommunications Infrastructure,-113.6,5.2,3.7,-3.7,-5.9,-5.1,-17.6,-26.3,-37.4,-62.5,-89.6,-113.6,77.9,-123.7,2.3,0.0,-5000.0,34.1,454.0,472.0,114.79,486.04,39,0.0,STRONG_UP,LOWER,MOMENTUM_UP,S0_NEUTRAL,,,,,454.0,472.0,114.79,307.0,14.0,0.0,0.0,0.0,486.04,85654443579.24,85.654,144.0,large,equity,data_raw
453,ADA-USD,Cryptocurrency,-49.8,0.1,-0.2,-10.6,-16.5,-31.9,-57.5,-71.3,-82.8,-111.3,-55.5,-49.8,3485.6,-69.7,1.7,0.0,1653.8656849167128,63.3,379.0,313.0,136.02,486.17,-92,647.8465116954276,EARLY_DOWN,LOWER,MOMENTUM_DOWN,S5_TRASH,,,,,379.0,313.0,136.02,554.0,58.0,0.0,25.0,0.0,486.17,8818341586.57,8.818,,crypto,crypto,data_raw
454,PEP,Soft Drinks & Non-alcoholic Beverages,-100.2,2.1,-0.7,-12.1,-13.5,-9.7,-8.0,-17.9,-33.6,-50.8,-68.8,-100.2,21.3,-102.3,2.4,0.0,-997.9765091263652,47.5,417.0,437.0,118.65,487.05,-22,-270.78282906087395,STRONG_DOWN,LOWER,MOMENTUM_DOWN,S5_TRASH,,,,,417.0,437.0,118.65,363.0,4.0,0.0,25.0,0.0,487.05,205794315200.06,205.794,56.0,cap100,equity,data_raw
455,LH,Healthcare,-82.6,4.3,3.6,-10.2,-12.6,-10.5,-15.4,-16.0,-24.3,-41.4,-53.3,-82.6,17.6,-86.7,1.5,0.0,-5000.0,65.0,370.0,392.0,118.5,488.3,10,0.0,EARLY_UP,LOWER,MOMENTUM_UP,S4_BOTTOMING,,,,,370.0,392.0,118.5,384.0,40.0,0.0,-2.0,0.0,488.3,21314259399.41,21.314,401.0,other,equity,data_raw
456,AVB,Real Estate,-123.4,1.6,0.7,-1.8,-2.7,-3.3,-13.6,-27.7,-36.9,-56.4,-78.0,-123.4,8.8,-125.2,2.9,0.0,-5000.0,24.2,471.0,489.0,122.86,489.06,-14,0.0,STRONG_UP,LOWER,MOMENTUM_DOWN,S0_NEUTRAL,,,,,471.0,489.0,122.86,249.0,10.0,0.0,0.0,0.0,489.06,26338548743.93,26.339,349.0,other,equity,data_raw
457,CPT,Real Estate,-115.9,3.1,2.3,-2.5,-5.9,-6.2,-14.3,-25.2,-33.8,-60.5,-80.6,-115.9,43.3,-120.5,2.3,0.0,-5000.0,31.8,458.0,476.0,118.98,489.33,-9,0.0,STRONG_UP,LOWER,MOMENTUM_UP,S0_NEUTRAL,,,,,458.0,476.0,118.98,289.0,14.0,0.0,0.0,0.0,489.33,10649266473.08,10.649,500.0,other,equity,data_raw
458,MRNA,Healthcare,-95.7,2.3,-0.5,-10.1,-10.7,22.0,36.0,-4.2,-43.8,-92.6,-97.7,-95.7,1434.6,-168.2,3.0,0.0,-1272.741527862189,2.1,511.0,427.0,137.83,490.08,-69,-614.2163165590313,STRONG_DOWN,LOWER,MOMENTUM_DOWN,S5_TRASH,,,,,511.0,427.0,137.83,104.0,4.0,0.0,25.0,0.0,490.08,18601340245.73,18.601,423.0,other,equity,data_raw
459,VEEV,Healthcare,-93.9,1.0,-0.3,-15.6,-20.2,-30.9,-45.7,-51.6,-64.7,-86.2,-113.2,-93.9,331.9,-98.0,1.9,0.0,1094.2769941741522,53.8,402.0,421.0,113.75,492.0,-32,-191.69550720919528,STRONG_DOWN,LOWER,NEUTRAL,S5_TRASH,,,,,402.0,421.0,113.75,547.0,58.0,0.0,25.0,0.0,492.0,26139535159.83,26.14,352.0,other,equity,data_raw
460,MAA,Real Estate,-113.6,2.8,2.0,-4.1,-7.3,-8.7,-19.0,-30.7,-41.1,-66.7,-85.0,-113.6,56.2,-117.8,3.0,0.0,-5000.0,34.1,454.0,472.0,114.77,492.02,24,0.0,STRONG_UP,LOWER,MOMENTUM_UP,S0_NEUTRAL,,,,,454.0,472.0,114.77,347.0,14.0,0.0,0.0,0.0,492.02,15262702863.24,15.263,448.0,other,equity,data_raw
461,STE,Healthcare,-79.9,5.8,0.7,-8.9,-16.5,-19.3,-24.4,-30.5,-43.3,-60.1,-77.3,-79.9,69.5,-88.7,1.9,0.0,-568.9726204289522,67.8,361.0,383.0,110.15,493.1,-8,4431.027379571048,EARLY_UP,LOWER,NEUTRAL,S0_NEUTRAL,,,,,361.0,383.0,110.15,448.0,58.0,0.0,0.0,0.0,493.1,21240108882.57,21.24,402.0,other,equity,data_raw
462,SPCE,Aerospace & Defense,-194.7,0.6,0.2,20.0,16.1,0.6,-9.5,-43.9,-83.1,-125.7,-165.0,-194.7,360.7,-212.4,2.6,0.0,-5000.0,-78.9,573.0,569.0,117.36,494.46,16,0.0,EARLY_DOWN,LOWER,MOMENTUM_UP,S4_BOTTOMING,,,,,573.0,569.0,117.36,125.0,0.0,0.0,-2.0,0.0,494.46,338424396.76,0.338,540.0,other,equity,data_raw
463,INCY,Healthcare,-124.0,3.6,0.1,-7.0,-9.3,-9.8,0.1,6.0,0.4,-25.3,-61.1,-124.0,58.2,-130.2,1.8,0.0,-3948.821621326111,23.7,472.0,490.0,107.69,494.84,-41,-3944.591379734895,EARLY_DOWN,LOWER,MOMENTUM_DOWN,S5_TRASH,,,,,472.0,490.0,107.69,271.0,4.0,0.0,25.0,0.0,494.84,19410834911.42,19.411,414.0,other,equity,data_raw
464,SUI-USD,Cryptocurrency,-94.8,5.9,0.3,-23.5,16.9,-0.9,-54.1,-91.4,,,,-94.8,287.9,-111.3,3.7,0.0,116.81849325009419,-68.9,572.0,424.0,84.67,495.97,-33,-1.4210854715202004e-14,NO_TREND,LOWER,MOMENTUM_DOWN,S5_TRASH,,,,,572.0,424.0,84.67,400.0,10.0,47.0,25.0,0.0,495.97,,,,crypto,crypto,
465,SBAC,Real Estate,-132.2,1.7,0.8,-1.1,0.3,0.7,-11.4,-21.9,-38.9,-71.8,-102.1,-132.2,94.6,-135.6,2.1,0.0,-5000.0,15.5,485.0,501.0,106.08,497.33,-22,-4951.825849685925,EARLY_DOWN,LOWER,MOMENTUM_DOWN,S5_TRASH,,,,,485.0,501.0,106.08,210.0,10.0,0.0,25.0,0.0,497.33,21803375181.52,21.803,395.0,other,equity,data_raw
466,RMD,Healthcare,-79.4,2.5,1.3,-11.2,-19.2,-21.5,-30.6,-36.0,-42.1,-64.8,-82.4,-79.4,134.7,-84.4,1.8,0.0,-890.4014674290431,68.2,359.0,380.0,111.56,498.16,8,726.6400782047438,EARLY_UP,LOWER,MOMENTUM_UP,S4_BOTTOMING,,,,,359.0,380.0,111.56,485.0,58.0,0.0,-2.0,0.0,498.16,30178981133.88,30.179,320.0,other,equity,data_raw
467,SJM,Packaged Foods,-129.7,2.9,0.7,-1.2,-6.8,-5.1,-11.2,-18.4,-35.6,-57.7,-79.5,-129.7,15.9,-133.5,2.3,0.0,-5000.0,18.0,479.0,496.0,123.42,499.27,-17,0.0,STRONG_UP,LOWER,MOMENTUM_UP,S0_NEUTRAL,,,,,479.0,496.0,123.42,264.0,14.0,0.0,0.0,0.0,499.27,11023170316.93,11.023,494.0,other,equity,data_raw
468,BA,Aerospace & Defense,-136.2,2.0,-1.1,-7.7,-10.4,-6.2,-11.7,-9.3,-28.4,-46.6,-80.7,-136.2,110.6,-140.6,1.5,0.0,-31.74861645209758,11.5,491.0,507.0,106.92,503.17,-91,-31.74844972062715,EARLY_DOWN,LOWER,MOMENTUM_DOWN,S5_TRASH,,,,,491.0,507.0,106.92,324.0,14.0,0.0,25.0,0.0,503.17,172653979903.61,172.654,67.0,cap100,equity,data_raw
469,MTCH,Internet Content & Information,-120.5,3.6,0.2,2.8,0.1,-3.5,-6.5,-15.6,-33.4,-70.8,-105.7,-120.5,469.7,-142.4,1.9,0.0,-5000.0,-8.0,529.0,481.0,116.76,503.36,-18,0.0,STRONG_DOWN,LOWER,MOMENTUM_DOWN,S5_TRASH,,,,,529.0,481.0,116.76,199.0,0.0,0.0,25.0,0.0,503.36,6918846692.73,6.919,526.0,other,equity,data_raw
470,ULTA,Specialty Retail,-81.4,10.0,3.1,-12.2,-21.5,-19.5,-17.0,-9.3,-25.7,-40.9,-46.7,-81.4,50.1,-95.6,1.8,0.0,-2543.954812171735,66.3,366.0,389.0,111.18,503.68,0,-2480.320595959524,STRONG_DOWN,LOWER,MOMENTUM_UP,S4_BOTTOMING,,,,,366.0,389.0,111.18,454.0,58.0,0.0,-2.0,0.0,503.68,22435355699.5,22.435,385.0,other,equity,data_raw
471,BIIB,Healthcare,-166.8,4.2,-1.0,-4.1,-4.0,-0.0,11.1,-6.2,-35.4,-67.3,-102.7,-166.8,14.3,-174.2,2.0,0.0,-35.99486901419423,-19.1,547.0,551.0,122.01,504.46,-38,353.8457324847655,EARLY_DOWN,LOWER,MOMENTUM_DOWN,S5_TRASH,,,,,547.0,551.0,122.01,168.0,0.0,0.0,25.0,0.0,504.46,28606166978.93,28.606,330.0,other,equity,data_raw
472,PG,Household Products,-97.1,1.9,0.6,-9.5,-13.4,-12.5,-19.7,-30.8,-42.1,-55.7,-74.2,-97.1,37.7,-99.3,2.4,0.0,-4625.390549875666,50.5,411.0,432.0,114.23,505.03,0,374.6094501243342,STRONG_DOWN,LOWER,MOMENTUM_UP,S4_BOTTOMING,,,,,411.0,432.0,114.23,409.0,40.0,0.0,-2.0,0.0,505.03,336342842067.38,336.343,34.0,cap100,equity,data_raw
473,PCG,Utilities,-150.4,0.8,0.8,-12.1,-11.7,-9.2,-11.4,-27.2,-42.0,-46.5,-65.6,-150.4,11.7,-152.6,2.3,0.0,-5000.0,-2.7,520.0,530.0,99.47,505.67,0,0.0,EARLY_UP,LOWER,MOMENTUM_UP,S4_BOTTOMING,,,,,520.0,530.0,99.47,366.0,14.0,0.0,-2.0,0.0,505.67,36314685260.67,36.315,288.0,large,equity,data_raw
474,VMC,Building Materials,-66.1,0.0,0.0,-18.1,-20.3,-19.7,-23.0,-27.4,-34.5,-35.7,-41.2,-66.1,23.2,-65.7,1.5,0.0,-1162.5,81.6,327.0,348.0,106.13,505.83,-29,-27.5,STRONG_DOWN,LOWER,MOMENTUM_DOWN,S5_TRASH,,,,,327.0,348.0,106.13,475.0,58.0,0.0,25.0,0.0,505.83,33820609983.29,33.821,296.0,large,equity,data_raw
475,ABNB,Travel Services,-66.6,0.0,-1.8,-9.1,-8.6,-7.1,-12.5,-24.2,-40.4,-60.7,,-66.6,33.1,-99.7,2.0,0.0,-0.515160431275805,-1.3,515.0,349.0,132.56,506.36,-39,-0.5148256839262935,EARLY_DOWN,LOWER,MOMENTUM_DOWN,S5_TRASH,,,,,515.0,349.0,132.56,333.0,14.0,11.0,25.0,0.0,506.36,55313068888.39,55.313,221.0,large,equity,data_raw
476,J,Industrials,-79.5,7.3,3.2,-19.2,-21.6,-23.9,-29.8,-35.3,-43.3,-57.5,-70.0,-79.5,52.0,-89.3,2.1,0.0,-5000.0,68.2,359.0,382.0,104.98,507.68,1,0.0,STRONG_DOWN,LOWER,MOMENTUM_UP,S4_BOTTOMING,,,,,359.0,382.0,104.98,515.0,58.0,0.0,-2.0,0.0,507.68,13542696300.79,13.543,463.0,other,equity,data_raw
477,PPL,Utilities,-96.0,3.5,3.5,-13.0,-12.2,-10.2,-13.9,-15.0,-17.5,-28.6,-49.6,-96.0,10.3,-99.3,1.9,0.0,-5000.0,51.7,407.0,428.0,122.36,508.46,2,0.0,STRONG_DOWN,LOWER,MOMENTUM_UP,S4_BOTTOMING,,,,,407.0,428.0,122.36,383.0,40.0,0.0,-2.0,0.0,508.46,27325364918.24,27.325,345.0,other,equity,data_raw
478,EXE,Oil & Gas E&P,-23.8,1.7,-0.3,-13.5,-16.1,-18.2,-22.6,-21.7,-29.3,-28.7,,-23.8,97.5,-53.1,2.2,0.0,-22.778551221662692,39.5,442.0,251.0,127.79,508.54,11,4977.221448778338,EARLY_UP,LOWER,NEUTRAL,S0_NEUTRAL,,,,,442.0,251.0,127.79,449.0,58.0,11.0,0.0,0.0,508.54,23430074055.11,23.43,371.0,other,equity,data_raw
479,HSIC,Healthcare,-138.5,3.8,0.0,-7.6,-10.8,-7.9,-10.6,-20.4,-37.4,-61.3,-85.9,-138.5,10.2,-143.9,1.8,0.0,-2479.2,9.2,496.0,511.0,123.27,510.57,-17,2520.8,EARLY_UP,LOWER,MOMENTUM_UP,S4_BOTTOMING,,,,,496.0,511.0,123.27,336.0,14.0,0.0,-2.0,0.0,510.57,8453762432.68,8.454,514.0,other,equity,data_raw
480,BALL,Packaging Materials,-133.4,2.5,0.2,-15.8,-15.9,-7.0,-10.9,-24.7,-38.6,-66.5,-99.3,-133.4,78.1,-138.5,2.2,0.0,-5000.0,14.2,487.0,502.0,116.58,512.38,-26,-4999.999015532485,STRONG_DOWN,LOWER,MOMENTUM_UP,S4_BOTTOMING,,,,,487.0,502.0,116.58,389.0,14.0,0.0,-2.0,0.0,512.38,15045589889.72,15.046,450.0,other,equity,data_raw
481,RVTY,Healthcare,-138.7,2.8,0.5,2.5,-5.8,-7.4,-11.3,-29.4,-46.0,-78.4,-103.5,-138.7,69.5,-147.1,2.1,0.0,-5000.0,9.0,497.0,512.0,106.27,513.77,-60,-4933.032540529706,EARLY_DOWN,LOWER,MOMENTUM_DOWN,S5_TRASH,,,,,497.0,512.0,106.27,257.0,14.0,0.0,25.0,0.0,513.77,10815719651.9,10.816,495.0,other,equity,data_raw
482,ADSK,Technology,-90.7,2.4,0.3,-8.7,-10.1,-18.4,-29.2,-35.4,-44.4,-61.8,-84.9,-90.7,136.2,-95.8,1.8,0.0,-2494.2401420623005,57.0,390.0,410.0,114.66,516.31,1,2505.7598579376995,STRONG_UP,LOWER,NEUTRAL,S0_NEUTRAL,,,,,390.0,410.0,114.66,435.0,58.0,0.0,0.0,0.0,516.31,50883895198.35,50.884,237.0,large,equity,data_raw
483,KHC,Packaged Foods,-158.1,1.5,0.6,-2.3,-6.0,-8.6,-16.8,-30.5,-47.2,-69.0,-89.0,-158.1,10.3,-160.2,2.8,0.0,-5000.0,-10.4,531.0,537.0,111.63,516.63,-17,-3212.353013513688,STRONG_UP,LOWER,MOMENTUM_UP,S0_NEUTRAL,,,,,531.0,537.0,111.63,317.0,14.0,0.0,0.0,0.0,516.63,28209651093.63,28.21,333.0,other,equity,data_raw
484,ECL,Specialty Chemicals,-88.6,2.8,1.1,-12.8,-17.5,-15.7,-20.6,-25.3,-27.8,-34.1,-59.6,-88.6,35.5,-91.8,1.8,0.0,-5000.0,59.0,389.0,409.0,113.42,517.32,-2,0.0,STRONG_DOWN,LOWER,MOMENTUM_UP,S4_BOTTOMING,,,,,389.0,409.0,113.42,437.0,58.0,0.0,-2.0,0.0,517.32,71293750067.95,71.294,180.0,large,equity,data_raw
485,CCL,Travel Services,-130.7,3.5,3.2,-11.0,-17.0,-16.6,-17.9,-8.0,-2.2,-1.1,-43.1,-130.7,18.9,-135.6,1.5,0.0,-5000.0,16.9,482.0,498.0,73.67,517.42,-18,-4999.975579348156,STRONG_DOWN,LOWER,MOMENTUM_UP,S4_BOTTOMING,,,,,482.0,498.0,73.67,429.0,58.0,0.0,-2.0,0.0,517.42,32189224940.59,32.189,309.0,other,equity,data_raw
486,LULU,Apparel Retail,-163.2,1.1,0.7,-21.0,-29.2,-34.3,-48.6,-70.6,-93.3,-118.1,-145.0,-163.2,274.1,-167.6,3.1,0.0,562.8287694146483,-15.5,539.0,544.0,102.28,517.43,-10,-293.6944775827769,STRONG_DOWN,LOWER,MOMENTUM_UP,S4_BOTTOMING,,,,,539.0,544.0,102.28,562.0,58.0,0.0,-2.0,0.0,517.43,13903188418.48,13.903,458.0,other,equity,data_raw
487,FDS,Financial Data & Stock Exchanges,-150.3,6.4,2.7,-6.1,-7.2,-14.6,-35.6,-56.8,-75.5,-96.9,-119.0,-150.3,60.9,-164.1,2.4,0.0,-5000.0,-2.6,519.0,529.0,95.67,519.02,30,0.0,EARLY_UP,LOWER,MOMENTUM_UP,S4_BOTTOMING,,,,,519.0,529.0,95.67,430.0,22.0,0.0,-2.0,0.0,519.02,8452021464.0,8.452,515.0,other,equity,data_raw
488,PPG,Specialty Chemicals,-144.0,1.7,1.7,-7.9,-12.9,-8.0,-14.5,-28.7,-48.5,-72.2,-96.9,-144.0,10.8,-146.2,2.2,0.0,-5000.0,3.7,506.0,520.0,119.21,519.76,11,-4391.509203298474,STRONG_DOWN,LOWER,MOMENTUM_UP,S4_BOTTOMING,,,,,506.0,520.0,119.21,365.0,14.0,0.0,-2.0,0.0,519.76,24024161727.91,24.024,368.0,other,equity,data_raw
489,LW,Packaged Foods,-121.8,11.6,3.8,-3.5,-5.0,-13.2,-18.6,-36.1,-58.9,-73.9,-98.2,-121.8,59.8,-155.8,1.8,0.0,-5000.0,-23.8,553.0,486.0,112.22,519.77,-28,0.0,STRONG_DOWN,LOWER,MOMENTUM_UP,S4_BOTTOMING,,,,,553.0,486.0,112.22,352.0,18.0,0.0,-2.0,0.0,519.77,5777402962.49,5.777,533.0,other,equity,data_raw
490,INTU,Application Software,-113.0,1.3,-2.0,-31.0,-34.0,-45.2,-59.6,-70.7,-83.5,-98.2,-112.2,-113.0,209.6,-117.1,2.0,0.0,24.769723107613576,34.7,452.0,470.0,94.16,520.31,-126,-4975.230276892386,STRONG_DOWN,LOWER,MOMENTUM_DOWN,S5_TRASH,,,,,452.0,470.0,94.16,571.0,58.0,0.0,25.0,0.0,520.31,87515428447.81,87.515,138.0,large,equity,data_raw
491,OMC,Advertising Agencies,-118.7,5.0,3.7,-10.1,-12.9,-11.1,-14.3,-30.0,-43.4,-55.2,-70.6,-118.7,7.3,-124.8,2.3,0.0,-5000.0,28.9,460.0,478.0,111.28,520.48,10,-2649.6062019739215,STRONG_DOWN,LOWER,MOMENTUM_UP,S4_BOTTOMING,,,,,460.0,478.0,111.28,382.0,40.0,0.0,-2.0,0.0,520.48,21355514353.26,21.356,399.0,other,equity,data_raw
492,HD,,-91.2,3.5,3.5,-12.8,-19.0,-20.4,-28.6,-38.3,-48.4,-62.9,-76.8,-91.2,61.9,-96.4,2.2,0.0,-5000.0,56.5,392.0,412.0,109.87,521.12,-5,-4050.4,STRONG_DOWN,LOWER,MOMENTUM_UP,S4_BOTTOMING,,,,,392.0,412.0,109.87,477.0,58.0,0.0,-2.0,0.0,521.12,311826386185.18,311.826,39.0,cap100,equity,data_raw
493,WTW,Financials,-100.5,5.7,2.2,-13.7,-19.4,-23.4,-31.2,-38.4,-44.5,-55.5,-74.3,-100.5,22.9,-107.7,2.4,0.0,-677.4414997243852,47.2,421.0,440.0,106.66,522.31,0,261.48993861993006,EARLY_UP,LOWER,MOMENTUM_UP,S4_BOTTOMING,,,,,421.0,440.0,106.66,498.0,58.0,0.0,-2.0,0.0,522.31,24310908445.94,24.311,366.0,other,equity,data_raw
494,BKNG,Travel Services,-239.2,0.4,-0.6,-59.2,-81.9,-92.4,-104.6,-117.5,-133.3,-153.9,-182.9,-239.2,73.4,-238.1,1.5,0.0,43.79212151431425,-91.5,574.0,574.0,74.17,522.67,-47,-640.0752900989041,STRONG_DOWN,LOWER,MOMENTUM_UP,S4_BOTTOMING,,,,,574.0,574.0,74.17,574.0,58.0,0.0,-2.0,0.0,522.67,124801919010.37,124.802,95.0,cap100,equity,data_raw
495,WY,Real Estate,-141.5,1.4,1.4,-10.4,-12.2,-9.3,-16.4,-31.1,-48.1,-71.0,-90.4,-141.5,12.6,-143.1,2.5,0.0,-5000.0,6.2,502.0,516.0,123.51,524.51,14,0.0,STRONG_DOWN,LOWER,MOMENTUM_UP,S4_BOTTOMING,,,,,502.0,516.0,123.51,380.0,14.0,0.0,-2.0,0.0,524.51,17059868018.92,17.06,433.0,other,equity,data_raw
496,TMO,Life Sciences Tools & Services,-97.3,0.5,0.5,-15.5,-20.9,-25.5,-23.9,-38.5,-53.7,-76.2,-92.1,-97.3,112.5,-98.0,2.2,0.0,-2891.0975165997525,50.4,412.0,433.0,107.77,526.57,-8,-1029.0975165997525,STRONG_DOWN,LOWER,MOMENTUM_UP,S4_BOTTOMING,,,,,412.0,433.0,107.77,490.0,58.0,0.0,-2.0,0.0,526.57,166590469876.56,166.59,73.0,cap100,equity,data_raw
497,DX-Y.NYB,Index,-146.7,0.7,-1.4,-8.2,-7.2,-8.1,-14.1,-27.0,-42.9,-62.9,-90.9,-146.7,13.7,-147.4,2.8,0.0,-4231.515799544728,1.0,513.0,524.0,127.45,526.85,0,0.0,EARLY_UP,LOWER,NEUTRAL,S0_NEUTRAL,,,,,513.0,524.0,127.45,335.0,14.0,0.0,0.0,0.0,526.85,,,,index,index,
498,A,Healthcare,-103.8,1.4,0.9,-8.3,-13.1,-20.1,-22.2,-35.3,-49.1,-72.2,-87.0,-103.8,101.2,-106.3,2.7,0.0,-5000.0,43.8,432.0,449.0,107.09,528.84,-6,0.0,STRONG_DOWN,LOWER,MOMENTUM_UP,S4_BOTTOMING,,,,,432.0,449.0,107.09,431.0,58.0,0.0,-2.0,0.0,528.84,32487962103.59,32.488,305.0,other,equity,data_raw
499,VRSK,Industrials,-122.6,6.1,2.2,-14.8,-20.9,-25.6,-41.8,-55.8,-68.4,-80.4,-101.2,-122.6,50.5,-133.4,2.6,0.0,-8.156598211651623,25.1,470.0,488.0,98.28,529.48,-35,-45.069618100769986,EARLY_UP,LOWER,MOMENTUM_UP,S4_BOTTOMING,,,,,470.0,488.0,98.28,532.0,58.0,0.0,-2.0,0.0,529.48,22419147122.37,22.419,387.0,other,equity,data_raw
500,AWK,Utilities,-118.8,0.8,0.1,-13.0,-12.9,-12.4,-21.6,-29.2,-42.3,-67.0,-91.9,-118.8,64.8,-119.7,2.4,0.0,-5000.0,28.9,460.0,479.0,116.03,531.13,-10,0.0,STRONG_DOWN,LOWER,MOMENTUM_UP,S4_BOTTOMING,,,,,460.0,479.0,116.03,420.0,40.0,0.0,-2.0,0.0,531.13,24449120633.25,24.449,364.0,other,equity,data_raw
501,GPN,Specialty Business Services,-174.9,2.6,1.3,-2.0,-5.4,-8.9,-18.3,-39.4,-60.7,-89.3,-126.1,-174.9,72.1,-181.1,2.6,0.0,-5000.0,-27.2,556.0,558.0,116.32,532.22,38,0.0,STRONG_UP,LOWER,MOMENTUM_UP,S0_NEUTRAL,,,,,556.0,558.0,116.32,320.0,14.0,0.0,0.0,0.0,532.22,20039797907.17,20.04,407.0,other,equity,data_raw
502,TEAM,Technology,-155.2,0.5,0.5,-13.1,-33.7,-46.0,-64.7,-79.9,-96.8,-120.0,-146.3,-155.2,620.0,-158.3,2.5,0.0,1720.207134899571,-18.2,546.0,535.0,122.51,533.31,-33,0.0,EARLY_UP,LOWER,MOMENTUM_UP,S4_BOTTOMING,,,,,546.0,535.0,122.51,568.0,58.0,0.0,-2.0,0.0,533.31,11740436040.58,11.74,488.0,other,equity,data_raw
503,ALGN,Medical Devices,-165.4,1.1,0.3,-15.5,-15.3,-7.8,-12.1,-35.6,-61.4,-95.0,-126.6,-165.4,236.6,-169.2,2.6,0.0,-5000.0,-17.7,544.0,549.0,115.0,535.05,-7,-4998.663368502796,STRONG_DOWN,LOWER,MOMENTUM_UP,S4_BOTTOMING,,,,,544.0,549.0,115.0,393.0,14.0,0.0,-2.0,0.0,535.05,11717441802.18,11.717,489.0,other,equity,data_raw
504,REGN,Biotechnology,-120.5,0.0,-5.8,-21.9,-23.0,-22.0,-15.0,-36.1,-55.0,-69.8,-81.4,-120.5,50.6,-119.9,2.3,0.0,-6.411527695908233,27.2,464.0,481.0,107.4,535.4,-65,35.40375969199569,STRONG_DOWN,LOWER,MOMENTUM_DOWN,S5_TRASH,,,,,464.0,481.0,107.4,478.0,40.0,0.0,25.0,0.0,535.4,65818623030.72,65.819,194.0,large,equity,data_raw
505,BAX,Healthcare,-200.8,1.7,1.0,4.2,-4.5,-5.9,-25.4,-49.3,-71.2,-105.3,-142.4,-200.8,45.4,-204.6,3.0,0.0,-5000.0,-53.1,570.0,572.0,119.12,535.52,8,0.0,STRONG_UP,LOWER,MOMENTUM_UP,S0_NEUTRAL,,,,,570.0,572.0,119.12,308.0,10.0,0.0,0.0,0.0,535.52,9905875731.05,9.906,508.0,other,equity,data_raw
506,AVY,Packaging & Containers,-107.2,0.7,0.4,-13.5,-18.8,-18.6,-22.5,-38.0,-52.5,-72.7,-86.8,-107.2,74.5,-108.1,2.1,0.0,-5000.0,40.4,439.0,457.0,107.8,537.25,-11,0.0,STRONG_DOWN,LOWER,MOMENTUM_UP,S4_BOTTOMING,,,,,439.0,457.0,107.8,460.0,58.0,0.0,-2.0,0.0,537.25,12212455149.22,12.212,478.0,other,equity,data_raw
507,BXP,Real Estate,-162.0,1.6,0.2,1.2,-4.0,-11.9,-20.8,-30.7,-37.7,-65.9,-99.8,-162.0,7.4,-164.2,2.4,0.0,-5000.0,-14.3,535.0,541.0,125.43,537.28,-9,0.0,STRONG_UP,LOWER,MOMENTUM_DOWN,S0_NEUTRAL,,,,,535.0,541.0,125.43,324.0,18.0,0.0,0.0,0.0,537.28,9614892049.4,9.615,510.0,other,equity,data_raw
508,STZ,Beverages - Brewers,-163.3,3.1,1.0,-10.2,-11.7,-6.1,-17.1,-40.4,-62.3,-86.4,-112.1,-163.3,18.1,-168.5,2.4,0.0,-5000.0,-15.6,540.0,545.0,123.79,538.59,11,0.0,EARLY_UP,LOWER,MOMENTUM_UP,S4_BOTTOMING,,,,,540.0,545.0,123.79,370.0,14.0,0.0,-2.0,0.0,538.59,25739795328.0,25.74,356.0,other,equity,data_raw
509,IFF,Specialty Chemicals,-163.0,1.9,0.1,-3.6,-6.1,-1.3,-6.5,-25.8,-38.2,-70.8,-104.4,-163.0,12.2,-165.9,2.3,0.0,-5000.0,-15.3,538.0,543.0,127.99,538.64,-75,-4999.992543556515,EARLY_DOWN,LOWER,MOMENTUM_DOWN,S5_TRASH,,,,,538.0,543.0,127.99,235.0,4.0,0.0,25.0,0.0,538.64,19219245135.79,19.219,418.0,other,equity,data_raw
510,XYL,Industrials,-100.3,1.3,0.5,-15.8,-20.7,-25.5,-31.9,-39.7,-48.7,-61.2,-76.9,-100.3,41.6,-101.7,1.8,0.0,-2003.1646457822806,47.4,419.0,438.0,118.48,541.83,-10,465.08970858781163,STRONG_DOWN,LOWER,MOMENTUM_UP,S4_BOTTOMING,,,,,419.0,438.0,118.48,514.0,58.0,0.0,-2.0,0.0,541.83,26212838117.89,26.213,351.0,other,equity,data_raw
511,EL,Personal Products,-170.0,2.7,1.8,9.5,-9.8,-13.7,-9.8,-17.2,-46.3,-89.7,-124.7,-170.0,96.0,-176.9,1.6,0.0,-5000.0,-22.3,550.0,554.0,112.23,542.53,-4,-3856.1460248732355,EARLY_DOWN,LOWER,MOMENTUM_DOWN,S5_TRASH,,,,,550.0,554.0,112.23,278.0,12.0,0.0,25.0,0.0,542.53,21840438195.25,21.84,394.0,other,equity,data_raw
512,DHR,Life Sciences Tools & Services,-106.2,2.7,2.4,-14.5,-21.2,-25.9,-30.3,-45.7,-61.0,-84.4,-101.3,-106.2,142.7,-112.6,2.2,0.0,-5000.0,41.5,437.0,455.0,108.02,543.92,-6,-2063.2130037425186,EARLY_UP,LOWER,MOMENTUM_UP,S4_BOTTOMING,,,,,437.0,455.0,108.02,509.0,58.0,0.0,-2.0,0.0,543.92,121736547844.0,121.737,99.0,cap100,equity,data_raw
513,SWK,Industrials,-162.8,0.1,-0.2,-6.2,-10.8,-6.7,-6.6,-24.6,-41.4,-69.9,-105.6,-162.8,21.3,-162.4,2.3,0.0,-4134.566580658592,-15.1,536.0,542.0,128.19,546.19,-38,-3666.9944661054474,EARLY_DOWN,LOWER,MOMENTUM_DOWN,S5_TRASH,,,,,536.0,542.0,128.19,298.0,4.0,0.0,25.0,0.0,546.19,11886132281.12,11.886,487.0,other,equity,data_raw
514,ALLE,Industrials,-100.5,2.3,2.3,-15.3,-21.3,-24.5,-30.2,-30.9,-37.0,-49.5,-70.9,-100.5,37.4,-103.2,1.8,0.0,-5000.0,47.2,421.0,440.0,118.13,546.43,-9,-639.6000000000004,STRONG_DOWN,LOWER,MOMENTUM_UP,S4_BOTTOMING,,,,,421.0,440.0,118.13,505.0,58.0,0.0,-2.0,0.0,546.43,11208613720.82,11.209,493.0,other,equity,data_raw
515,VLTO,Industrials,-41.3,2.3,-0.2,-9.8,-14.7,-18.0,-26.7,-37.6,,,,-41.3,0.0,-102.7,2.8,0.0,-1442.9160794061695,-7.5,527.0,292.0,91.18,546.78,-7,1999.5863168490323,STRONG_DOWN,LOWER,MOMENTUM_UP,S4_BOTTOMING,,,,,527.0,292.0,91.18,445.0,58.0,47.0,-2.0,0.0,546.78,21318017038.31,21.318,400.0,other,equity,data_raw
516,DIS,Entertainment,-149.7,0.0,-0.3,-5.3,-9.6,-12.5,-20.1,-26.4,-36.5,-64.9,-99.2,-149.7,38.2,-149.2,2.2,0.0,-1621.3767964167782,-2.0,517.0,527.0,114.75,549.75,-57,-1553.6775600895166,EARLY_DOWN,LOWER,MOMENTUM_DOWN,S5_TRASH,,,,,517.0,527.0,114.75,379.0,22.0,0.0,25.0,0.0,549.75,178860676672.0,178.861,64.0,cap100,equity,data_raw
517,SW,Packaging & Containers,-108.5,3.0,3.0,-13.0,-17.5,-12.9,-22.3,-35.4,-42.2,-58.5,-75.7,-108.5,51.9,-113.0,2.2,0.0,-5000.0,39.1,445.0,462.0,114.4,551.45,-46,-4973.268644618625,STRONG_DOWN,LOWER,MOMENTUM_DOWN,S5_TRASH,,,,,445.0,462.0,114.4,434.0,40.0,0.0,25.0,0.0,551.45,19955857767.77,19.956,409.0,other,equity,data_raw
518,MTD,Healthcare,-109.9,4.1,3.2,-21.8,-24.7,-27.9,-28.8,-40.1,-53.7,-77.2,-93.0,-109.9,88.0,-118.0,2.0,0.0,-5000.0,37.8,448.0,465.0,107.73,551.53,-6,0.0,STRONG_DOWN,LOWER,MOMENTUM_UP,S4_BOTTOMING,,,,,448.0,465.0,107.73,530.0,58.0,0.0,-2.0,0.0,551.53,22290801896.4,22.291,390.0,other,equity,data_raw
519,ARE,Real Estate,-195.0,1.4,0.6,5.6,-6.8,-11.1,-31.6,-57.7,-78.6,-109.9,-142.4,-195.0,27.8,-197.6,2.5,0.0,-5000.0,-47.3,568.0,570.0,115.25,552.5,7,0.0,STRONG_UP,LOWER,MOMENTUM_UP,S0_NEUTRAL,,,,,568.0,570.0,115.25,373.0,22.0,0.0,0.0,0.0,552.5,8429414561.46,8.429,516.0,other,equity,data_raw
520,TAP,Beverages - Brewers,-150.6,2.8,1.0,-8.6,-14.5,-14.6,-22.8,-35.6,-53.3,-66.8,-86.9,-150.6,11.2,-154.8,2.5,0.0,-5000.0,-2.9,521.0,531.0,111.3,552.8,7,0.0,EARLY_UP,LOWER,MOMENTUM_UP,S4_BOTTOMING,,,,,521.0,531.0,111.3,425.0,40.0,0.0,-2.0,0.0,552.8,7455415859.67,7.455,523.0,other,equity,data_raw
521,CRM,Software,-127.9,3.7,0.9,-11.3,-15.4,-25.1,-37.5,-53.2,-66.6,-79.8,-103.8,-127.9,111.0,-136.5,2.4,0.0,-5000.0,19.7,478.0,495.0,102.68,555.78,-11,0.0,EARLY_UP,LOWER,MOMENTUM_UP,S4_BOTTOMING,,,,,478.0,495.0,102.68,502.0,58.0,0.0,-2.0,0.0,555.78,147306943673.68,147.307,84.0,cap100,equity,data_raw
522,TYL,Technology,-136.3,2.7,-0.8,-15.0,-18.3,-28.5,-45.7,-61.9,-72.5,-89.1,-110.8,-136.3,77.0,-141.6,2.6,0.0,-19.667320733210605,11.4,492.0,508.0,114.6,559.2,-11,16.49542247997383,STRONG_DOWN,LOWER,MOMENTUM_UP,S4_BOTTOMING,,,,,492.0,508.0,114.6,538.0,58.0,0.0,-2.0,0.0,559.2,12887278853.75,12.887,468.0,other,equity,data_raw
523,KMB,Household & Personal Products,-142.0,2.1,0.8,-7.1,-10.6,-13.2,-26.0,-38.2,-50.1,-67.6,-94.8,-142.0,20.6,-144.9,2.7,0.0,-5000.0,5.7,503.0,517.0,127.58,560.58,10,0.0,EARLY_UP,LOWER,MOMENTUM_UP,S4_BOTTOMING,,,,,503.0,517.0,127.58,417.0,40.0,0.0,-2.0,0.0,560.58,32908566790.38,32.909,301.0,other,equity,data_raw
524,DPZ,Restaurants,-121.3,2.8,1.7,-18.0,-23.5,-26.9,-38.2,-49.6,-59.8,-78.0,-99.3,-121.3,80.2,-126.6,2.6,0.0,-5000.0,26.4,466.0,484.0,110.24,563.24,-6,0.0,STRONG_DOWN,LOWER,MOMENTUM_UP,S4_BOTTOMING,,,,,466.0,484.0,110.24,536.0,58.0,0.0,-2.0,0.0,563.24,10528046726.97,10.528,502.0,other,equity,data_raw
525,BBY,Specialty Retail,-131.3,4.4,3.4,-9.4,-10.3,-17.2,-23.3,-40.0,-52.8,-75.5,-102.1,-131.3,97.8,-141.2,2.2,0.0,-5000.0,16.4,483.0,499.0,120.59,563.74,7,0.0,EARLY_UP,LOWER,MOMENTUM_UP,S4_BOTTOMING,,,,,483.0,499.0,120.59,422.0,58.0,0.0,-2.0,0.0,563.74,12985144599.86,12.985,467.0,other,equity,data_raw
526,ROP,Technology,-144.4,1.9,-0.1,-17.1,-17.2,-25.1,-41.7,-57.5,-73.0,-90.0,-113.3,-144.4,45.1,-147.5,3.0,0.0,-1419.3288067649007,3.3,507.0,521.0,103.09,564.29,-4,3580.671193235099,STRONG_DOWN,LOWER,MOMENTUM_UP,S4_BOTTOMING,,,,,507.0,521.0,103.09,525.0,58.0,0.0,-2.0,0.0,564.29,32993921597.84,32.994,300.0,large,equity,data_raw
527,ADBE,Software,-151.9,1.2,-1.0,-9.1,-14.5,-24.1,-38.8,-60.5,-81.3,-103.3,-130.0,-151.9,166.4,-155.3,2.3,0.0,-12.925169980310276,-4.2,523.0,532.0,113.15,564.35,1,4987.07483001969,STRONG_UP,LOWER,MOMENTUM_DOWN,S0_NEUTRAL,,,,,523.0,532.0,113.15,493.0,58.0,0.0,0.0,0.0,564.35,98931989779.66,98.932,122.0,large,equity,data_raw
528,AOS,Industrials,-132.0,0.2,0.2,-17.2,-24.8,-23.5,-29.3,-41.9,-57.2,-71.7,-86.8,-132.0,20.8,-131.8,2.4,0.0,-5000.0,15.7,484.0,500.0,107.32,565.32,-13,0.0,STRONG_DOWN,LOWER,MOMENTUM_UP,S4_BOTTOMING,,,,,484.0,500.0,107.32,518.0,58.0,0.0,-2.0,0.0,565.32,6413381698.52,6.413,530.0,other,equity,data_raw
529,EFX,Industrials,-138.4,2.6,0.8,-15.8,-21.9,-26.2,-40.4,-54.7,-67.4,-86.1,-102.9,-138.4,48.7,-143.0,2.5,0.0,-5000.0,9.3,495.0,510.0,103.15,568.3,-9,0.0,STRONG_DOWN,LOWER,MOMENTUM_UP,S4_BOTTOMING,,,,,495.0,510.0,103.15,534.0,58.0,0.0,-2.0,0.0,568.3,19532637172.92,19.533,413.0,other,equity,data_raw
530,IQV,Healthcare,-127.5,0.0,-1.0,-6.7,-15.7,-23.7,-23.2,-38.8,-56.6,-81.5,-102.4,-127.5,66.3,-127.0,2.3,0.0,-349.9221443720393,20.2,476.0,494.0,111.6,568.8,-62,-349.7277532315825,EARLY_DOWN,LOWER,MOMENTUM_DOWN,S5_TRASH,,,,,476.0,494.0,111.6,450.0,58.0,0.0,25.0,0.0,568.8,28022508981.32,28.023,334.0,other,equity,data_raw
531,ABT,Medical Devices,-121.3,2.4,1.0,-17.1,-23.8,-30.8,-42.2,-49.8,-61.5,-80.7,-103.1,-121.3,74.9,-125.6,2.4,0.0,-5000.0,26.4,466.0,484.0,111.71,568.81,-34,0.0,EARLY_UP,LOWER,NEUTRAL,S0_NEUTRAL,,,,,466.0,484.0,111.71,550.0,58.0,0.0,0.0,0.0,568.81,152251894169.85,152.252,80.0,cap100,equity,data_raw
532,GPC,Auto Parts,-133.4,1.9,1.9,-15.5,-23.7,-26.9,-33.8,-41.7,-58.4,-77.5,-91.9,-133.4,56.8,-136.6,1.9,0.0,-5000.0,14.3,486.0,502.0,112.0,572.25,-3,0.0,STRONG_DOWN,LOWER,MOMENTUM_UP,S4_BOTTOMING,,,,,486.0,502.0,112.0,527.0,58.0,0.0,-2.0,0.0,572.25,13469314597.15,13.469,464.0,other,equity,data_raw
533,PAYC,Industrials,-118.3,4.1,-0.2,-1.8,-10.9,-22.4,-38.5,-44.9,-63.9,-90.4,-117.3,-118.3,389.7,-139.6,2.0,0.0,-9.807795373748835e-05,-5.7,525.0,477.0,122.02,572.42,-30,0.021532651257161813,STRONG_DOWN,LOWER,MOMENTUM_DOWN,S5_TRASH,,,,,525.0,477.0,122.02,463.0,58.0,0.0,25.0,0.0,572.42,6223033319.69,6.223,531.0,other,equity,data_raw
534,JKHY,Diversified Banks,-135.2,2.9,0.2,-18.1,-21.8,-23.3,-29.7,-40.2,-53.0,-74.3,-99.5,-135.2,58.9,-140.5,2.0,0.0,-3611.639748083876,12.5,488.0,504.0,118.79,574.94,-3,1388.360251916124,STRONG_DOWN,LOWER,MOMENTUM_UP,S4_BOTTOMING,,,,,488.0,504.0,118.79,511.0,58.0,0.0,-2.0,0.0,574.94,9960609021.66,9.961,507.0,other,equity,data_raw
535,MDT,Healthcare,-139.1,2.3,0.8,-13.8,-21.8,-24.5,-27.4,-30.3,-40.1,-62.4,-92.1,-139.1,12.1,-142.0,1.8,0.0,-5000.0,8.6,498.0,513.0,114.25,575.65,-31,0.0,EARLY_UP,LOWER,MOMENTUM_UP,S4_BOTTOMING,,,,,498.0,513.0,114.25,500.0,58.0,0.0,-2.0,0.0,575.65,100913356211.35,100.913,119.0,large,equity,data_raw
536,ACN,IT Consulting & Other Services,-149.8,3.9,1.4,-13.3,-22.3,-30.0,-42.5,-60.7,-78.3,-99.2,-119.5,-149.8,86.6,-159.0,2.1,0.0,-5000.0,-2.2,518.0,528.0,100.24,576.09,-2,0.0,EARLY_UP,LOWER,MOMENTUM_UP,S4_BOTTOMING,,,,,518.0,528.0,100.24,543.0,58.0,0.0,-2.0,0.0,576.09,110042477768.79,110.042,109.0,large,equity,data_raw
537,DG,Discount Stores,-149.4,1.0,0.3,-17.4,-27.4,-22.0,-20.1,-17.9,-42.6,-81.8,-113.9,-149.4,89.3,-151.3,1.6,0.0,-5000.0,-1.7,516.0,526.0,108.94,577.29,-35,-4999.998728209603,STRONG_DOWN,LOWER,MOMENTUM_UP,S4_BOTTOMING,,,,,516.0,526.0,108.94,499.0,58.0,0.0,-2.0,0.0,577.29,23266911044.04,23.267,375.0,other,equity,data_raw
538,OTIS,Industrials,-76.0,0.5,0.4,-14.4,-20.0,-22.7,-30.5,-41.9,-53.8,-67.4,,-76.0,3.8,-144.6,3.0,0.0,-5000.0,3.1,508.0,369.0,132.58,578.23,-8,0.0,STRONG_DOWN,LOWER,MOMENTUM_UP,S4_BOTTOMING,,,,,508.0,369.0,132.58,497.0,58.0,11.0,-2.0,0.0,578.23,27923017562.41,27.923,337.0,other,equity,data_raw
539,TECH,Healthcare,-144.7,2.4,2.4,-19.7,-24.6,-27.3,-28.7,-47.2,-65.4,-95.3,-119.1,-144.7,167.5,-157.7,2.3,0.0,-5000.0,3.0,509.0,522.0,108.4,578.25,-1,-714.1630820779137,STRONG_DOWN,LOWER,MOMENTUM_UP,S4_BOTTOMING,,,,,509.0,522.0,108.4,526.0,58.0,0.0,-2.0,0.0,578.25,7548179342.37,7.548,521.0,other,equity,data_raw
540,FISV,Financial Technology,-182.9,2.0,0.0,-11.2,-14.3,-17.7,-48.3,-75.1,-92.0,-110.6,-138.9,-182.9,66.3,-187.3,3.7,0.0,-566.4,-35.2,563.0,564.0,103.11,578.96,1,4433.6,EARLY_UP,LOWER,MOMENTUM_UP,S4_BOTTOMING,,,,,563.0,564.0,103.11,504.0,58.0,0.0,-2.0,0.0,578.96,30464800789.76,30.465,317.0,other,equity,data_raw
541,BF-B,Beverages - Wineries & Distilleries,-182.4,0.5,-1.1,-7.9,-11.0,-11.5,-20.5,-42.0,-68.3,-100.2,-133.0,-182.4,47.8,-183.0,2.9,0.0,-32.97700562237498,-34.7,561.0,563.0,117.09,579.04,-47,4967.022994377625,STRONG_DOWN,LOWER,MOMENTUM_DOWN,S5_TRASH,,,,,561.0,563.0,117.09,396.0,40.0,0.0,25.0,0.0,579.04,7604874839.45,7.605,520.0,other,equity,data_raw
542,GEHC,Healthcare,-62.4,2.0,1.6,-11.4,-20.4,-23.6,-27.8,-41.9,-56.6,,,-62.4,20.1,-121.5,2.5,0.0,-5000.0,-15.2,537.0,335.0,120.62,580.37,-7,-3112.246437621086,EARLY_UP,LOWER,MOMENTUM_UP,S4_BOTTOMING,,,,,537.0,335.0,120.62,488.0,58.0,26.0,-2.0,0.0,580.37,29217700941.82,29.218,324.0,other,equity,data_raw
543,DLTR,Discount Stores,-152.0,3.6,1.6,-14.8,-22.5,-22.8,-23.2,-21.8,-47.2,-76.0,-101.8,-152.0,36.8,-158.6,1.5,0.0,-5000.0,-4.3,524.0,533.0,112.37,582.32,-7,0.0,EARLY_UP,LOWER,MOMENTUM_UP,S4_BOTTOMING,,,,,524.0,533.0,112.37,487.0,58.0,0.0,-2.0,0.0,582.32,18495019715.56,18.495,424.0,other,equity,data_raw
544,IP,Packaging & Containers,-141.3,2.3,2.3,-14.1,-23.2,-25.0,-36.8,-48.9,-53.2,-71.2,-91.5,-141.3,26.9,-144.8,2.1,0.0,-5000.0,6.4,501.0,515.0,120.34,586.49,-20,-4984.352902217427,STRONG_DOWN,LOWER,MOMENTUM_UP,S4_BOTTOMING,,,,,501.0,515.0,120.34,524.0,58.0,0.0,-2.0,0.0,586.49,16568586601.25,16.569,437.0,other,equity,data_raw
545,POOL,Industrial Distribution,-148.4,1.6,0.7,-18.1,-24.7,-28.8,-43.6,-61.8,-80.5,-105.9,-127.9,-148.4,205.6,-153.9,2.6,0.0,-3582.513850154209,-0.8,514.0,525.0,114.13,586.93,-3,1417.4861498457908,STRONG_DOWN,LOWER,MOMENTUM_UP,S4_BOTTOMING,,,,,514.0,525.0,114.13,552.0,58.0,0.0,-2.0,0.0,586.93,6728836051.68,6.729,528.0,other,equity,data_raw
546,MOS,Agricultural Inputs,-155.0,0.9,0.9,-16.7,-21.0,-20.1,-35.7,-41.7,-61.3,-90.7,-100.8,-155.0,156.0,-158.9,2.2,0.0,-5000.0,-7.4,526.0,534.0,113.96,588.36,-6,0.0,STRONG_DOWN,LOWER,MOMENTUM_UP,S4_BOTTOMING,,,,,526.0,534.0,113.96,512.0,58.0,0.0,-2.0,0.0,588.36,7154728029.19,7.155,524.0,other,equity,data_raw
547,UHS,Healthcare,-126.6,0.0,-1.1,-17.0,-23.8,-30.4,-32.7,-42.9,-49.1,-56.5,-77.7,-126.6,9.9,-126.1,1.8,0.0,-2614.1693032519092,21.0,475.0,492.0,110.96,590.56,-61,2385.8306967480908,STRONG_DOWN,LOWER,MOMENTUM_DOWN,S5_TRASH,,,,,475.0,492.0,110.96,533.0,58.0,0.0,25.0,0.0,590.56,8408784389.42,8.409,517.0,other,equity,data_raw
548,CRL,Healthcare,-139.7,1.3,1.3,-14.5,-19.8,-21.1,-17.9,-33.7,-53.8,-85.7,-109.6,-139.7,203.0,-143.8,2.1,0.0,-5000.0,7.9,499.0,514.0,108.77,591.47,-34,-4821.078374947898,STRONG_DOWN,LOWER,MOMENTUM_DOWN,S5_TRASH,,,,,499.0,514.0,108.77,459.0,58.0,0.0,25.0,0.0,591.47,7721287266.0,7.721,519.0,other,equity,data_raw
549,COO,Healthcare,-158.6,2.0,1.0,-14.7,-23.5,-25.2,-29.3,-48.6,-66.5,-89.2,-116.9,-158.6,37.1,-162.1,2.0,0.0,-5000.0,-10.9,532.0,538.0,114.95,591.8,-33,0.0,EARLY_UP,LOWER,MOMENTUM_UP,S4_BOTTOMING,,,,,532.0,538.0,114.95,513.0,58.0,0.0,-2.0,0.0,591.8,12204405446.04,12.204,479.0,other,equity,data_raw
550,HRL,Packaged Foods,-168.9,2.5,1.6,-10.6,-17.1,-16.4,-29.1,-45.6,-64.4,-91.7,-121.2,-168.9,42.7,-173.8,2.2,0.0,-5000.0,-21.3,548.0,552.0,116.29,592.14,-4,0.0,EARLY_UP,LOWER,MOMENTUM_UP,S4_BOTTOMING,,,,,548.0,552.0,116.29,461.0,58.0,0.0,-2.0,0.0,592.14,11688036430.73,11.688,490.0,other,equity,data_raw
551,LVS,Resorts & Casinos,-142.6,0.0,-2.4,-17.2,-17.3,-23.7,-20.1,-21.3,-38.2,-51.4,-84.6,-142.6,29.7,-142.1,2.1,0.0,-23.673039557397342,5.0,505.0,519.0,127.15,594.5,-28,4976.326960442602,STRONG_DOWN,LOWER,MOMENTUM_DOWN,S5_TRASH,,,,,505.0,519.0,127.15,468.0,58.0,0.0,25.0,0.0,594.5,32754163176.97,32.754,303.0,other,equity,data_raw
552,WDAY,Technology,-164.8,2.7,0.0,-8.5,-16.2,-31.5,-48.2,-64.6,-82.1,-100.9,-128.6,-164.8,88.9,-171.1,2.6,0.0,-1529.2,-17.1,542.0,547.0,116.1,595.35,-9,736.1357441714451,STRONG_UP,LOWER,MOMENTUM_UP,S0_NEUTRAL,,,,,542.0,547.0,116.1,535.0,58.0,0.0,0.0,0.0,595.35,26103664781.74,26.104,353.0,other,equity,data_raw
553,BDX,Healthcare,-173.3,1.2,-0.1,-12.0,-16.1,-22.4,-30.0,-49.3,-69.4,-92.9,-122.9,-173.3,19.7,-175.2,2.5,0.0,-3164.5241228099953,-25.6,554.0,556.0,119.28,595.98,-8,1835.4758771900047,STRONG_DOWN,LOWER,MOMENTUM_UP,S4_BOTTOMING,,,,,554.0,556.0,119.28,474.0,58.0,0.0,-2.0,0.0,595.98,40678034583.42,40.678,267.0,large,equity,data_raw
554,CMCSA,Telecom Services,-165.3,0.5,-0.4,-17.3,-21.2,-17.5,-27.9,-44.1,-63.1,-86.3,-116.0,-165.3,16.7,-165.7,2.3,0.0,-941.4641684203884,-17.6,543.0,548.0,129.27,596.02,-4,4058.5358315796116,STRONG_DOWN,LOWER,MOMENTUM_UP,S4_BOTTOMING,,,,,543.0,548.0,129.27,486.0,58.0,0.0,-2.0,0.0,596.02,89799975035.49,89.8,133.0,large,equity,data_raw
555,MKC,Packaged Foods,-160.5,1.4,0.2,-11.7,-23.8,-29.4,-41.1,-55.7,-71.3,-94.0,-122.4,-160.5,54.6,-163.1,3.1,0.0,-5000.0,-12.8,533.0,539.0,116.09,597.44,-11,0.0,STRONG_DOWN,LOWER,MOMENTUM_UP,S4_BOTTOMING,,,,,533.0,539.0,116.09,540.0,58.0,0.0,-2.0,0.0,597.44,12140577593.62,12.141,481.0,other,equity,data_raw
556,CLX,Household & Personal Products,-170.6,1.8,0.7,-8.4,-18.5,-18.8,-30.6,-48.8,-65.9,-88.5,-120.3,-170.6,47.4,-174.1,2.6,0.0,-5000.0,-22.9,551.0,555.0,119.36,597.61,-9,0.0,EARLY_UP,LOWER,MOMENTUM_UP,S4_BOTTOMING,,,,,551.0,555.0,119.36,468.0,58.0,0.0,-2.0,0.0,597.61,11500829767.41,11.501,491.0,other,equity,data_raw
557,ZTS,Healthcare,-165.4,2.3,1.7,-38.3,-41.4,-44.1,-55.4,-70.4,-87.9,-110.5,-136.0,-165.4,116.3,-171.6,2.6,0.0,-1904.6461349622693,-17.7,544.0,549.0,112.79,597.89,-5,1578.5276973616108,STRONG_DOWN,LOWER,MOMENTUM_UP,S4_BOTTOMING,,,,,544.0,549.0,112.79,572.0,58.0,0.0,-2.0,0.0,597.89,34091630427.82,34.092,295.0,large,equity,data_raw
558,GIS,Packaged Foods,-164.3,1.0,-0.3,-12.5,-21.5,-25.5,-35.8,-54.2,-72.6,-93.8,-117.2,-164.3,35.2,-165.9,3.1,0.0,-1991.9750714667844,-16.6,541.0,546.0,123.77,599.77,-9,3008.0249285332156,STRONG_DOWN,LOWER,MOMENTUM_UP,S4_BOTTOMING,,,,,541.0,546.0,123.77,519.0,58.0,0.0,-2.0,0.0,599.77,17979719501.52,17.98,427.0,other,equity,data_raw
559,NKE,Footwear & Accessories,-182.1,1.8,0.8,-8.3,-21.9,-29.5,-41.4,-58.5,-80.5,-109.2,-138.2,-182.1,81.7,-186.2,2.0,0.0,-5000.0,-34.4,559.0,560.0,109.11,599.81,-8,0.0,EARLY_UP,LOWER,MOMENTUM_UP,S4_BOTTOMING,,,,,559.0,560.0,109.11,531.0,58.0,0.0,-2.0,0.0,599.81,53581630685.92,53.582,225.0,large,equity,data_raw
560,TRMB,Technology,-124.3,1.0,0.2,-24.2,-24.3,-30.6,-38.1,-41.3,-48.4,-73.0,-91.7,-124.3,80.8,-125.8,1.7,0.0,-5000.0,23.3,473.0,491.0,114.54,600.24,-35,0.0,STRONG_DOWN,LOWER,MOMENTUM_DOWN,S5_TRASH,,,,,473.0,491.0,114.54,553.0,58.0,0.0,25.0,0.0,600.24,13133503016.03,13.134,466.0,other,equity,data_raw
561,ZBH,Healthcare,-169.8,1.8,-0.3,-10.1,-12.8,-15.5,-23.6,-39.5,-59.6,-84.6,-115.6,-169.8,13.8,-172.7,2.9,0.0,-4767.5063010644335,-22.2,549.0,553.0,128.19,600.64,-40,232.4936989355665,EARLY_UP,LOWER,NEUTRAL,S0_NEUTRAL,,,,,549.0,553.0,128.19,426.0,58.0,0.0,0.0,0.0,600.64,16541042211.0,16.541,438.0,other,equity,data_raw
562,CAG,Packaged Foods,-189.4,0.2,-0.8,-16.7,-26.5,-28.1,-39.6,-60.7,-80.0,-105.1,-133.5,-189.4,8.8,-189.2,3.0,0.0,-145.8183805273174,-41.7,565.0,566.0,125.0,604.85,-3,4854.1816194726825,STRONG_DOWN,LOWER,MOMENTUM_UP,S4_BOTTOMING,,,,,565.0,566.0,125.0,546.0,58.0,0.0,-2.0,0.0,604.85,6487608036.12,6.488,529.0,other,equity,data_raw
563,APTV,Auto Parts,-176.1,1.3,0.8,-15.0,-23.2,-28.7,-33.9,-40.5,-62.8,-95.3,-124.7,-176.1,58.7,-178.6,1.6,0.0,-5000.0,-28.4,557.0,559.0,117.22,606.77,-10,0.0,STRONG_DOWN,LOWER,MOMENTUM_UP,S4_BOTTOMING,,,,,557.0,559.0,117.22,528.0,58.0,0.0,-2.0,0.0,606.77,12138553557.88,12.139,482.0,other,equity,data_raw
564,CSGP,Real Estate,-174.1,1.7,0.2,-16.9,-29.7,-42.5,-60.3,-75.2,-93.3,-114.7,-143.2,-174.1,138.6,-178.9,2.5,0.0,-3796.3383312982364,-26.4,555.0,557.0,117.46,609.46,-8,1203.6616687017636,EARLY_UP,LOWER,MOMENTUM_UP,S4_BOTTOMING,,,,,555.0,557.0,117.46,565.0,58.0,0.0,-2.0,0.0,609.46,13863676835.8,13.864,459.0,other,equity,data_raw
565,NCLH,Travel Services,-182.1,1.2,0.5,-23.2,-30.7,-31.2,-37.0,-45.7,-56.0,-73.8,-109.7,-182.1,12.0,-183.9,1.8,0.0,-5000.0,-34.4,559.0,560.0,115.41,610.31,-11,0.0,STRONG_DOWN,LOWER,MOMENTUM_UP,S4_BOTTOMING,,,,,559.0,560.0,115.41,559.0,58.0,0.0,-2.0,0.0,610.31,7483494931.73,7.483,522.0,other,equity,data_raw
566,CTSH,Technology,-161.8,6.2,3.7,-15.3,-25.2,-32.2,-40.5,-51.5,-64.3,-83.3,-108.7,-161.8,16.0,-173.0,2.0,0.0,-5000.0,-14.1,534.0,540.0,127.66,610.81,-6,0.0,EARLY_UP,LOWER,MOMENTUM_UP,S4_BOTTOMING,,,,,534.0,540.0,127.66,549.0,58.0,0.0,-2.0,0.0,610.81,24950750000.0,24.951,360.0,other,equity,data_raw
567,CPB,Packaged Foods,-189.9,1.0,-0.3,-13.0,-23.1,-29.8,-42.1,-62.2,-80.5,-104.2,-133.8,-189.9,16.9,-191.4,3.0,0.0,-1499.6989727089056,-42.2,566.0,567.0,123.82,612.22,-6,3500.301027291094,STRONG_DOWN,LOWER,MOMENTUM_UP,S4_BOTTOMING,,,,,566.0,567.0,123.82,544.0,58.0,0.0,-2.0,0.0,612.22,6135854700.29,6.136,532.0,other,equity,data_raw
568,EPAM,Technology,-182.3,1.6,0.7,-24.9,-36.0,-43.7,-51.0,-67.5,-88.5,-119.3,-148.4,-182.3,383.6,-190.9,3.0,0.0,-5000.0,-34.7,561.0,562.0,115.78,612.63,-11,0.0,EARLY_UP,LOWER,MOMENTUM_UP,S4_BOTTOMING,,,,,561.0,562.0,115.78,566.0,58.0,0.0,-2.0,0.0,612.63,5364982800.74,5.365,535.0,other,equity,data_raw
569,WYNN,Resorts & Casinos,-142.5,1.3,-0.1,-15.4,-16.7,-22.8,-24.9,-24.0,-38.2,-50.5,-81.4,-142.5,68.0,-144.8,1.5,0.0,-4891.8553830261735,5.1,504.0,518.0,127.24,613.54,-32,108.14461697382649,STRONG_DOWN,LOWER,MOMENTUM_DOWN,S5_TRASH,,,,,504.0,518.0,127.24,472.0,58.0,0.0,25.0,0.0,613.54,10092221306.25,10.092,506.0,other,equity,data_raw
570,FIS,Information Technology Services,-191.6,1.3,0.1,-13.6,-19.8,-29.4,-45.1,-60.8,-71.6,-99.8,-136.3,-191.6,38.7,-194.1,2.4,0.0,-5000.0,-43.9,567.0,568.0,119.32,615.12,-12,0.0,STRONG_DOWN,LOWER,MOMENTUM_UP,S4_BOTTOMING,,,,,567.0,568.0,119.32,541.0,58.0,0.0,-2.0,0.0,615.12,22515256527.39,22.515,383.0,other,equity,data_raw
571,CHTR,Telecom Services,-206.1,0.0,-0.3,-32.8,-37.4,-39.0,-56.4,-73.5,-92.6,-120.7,-153.4,-206.1,60.3,-205.6,2.5,0.0,-1399.5122671705121,-58.5,571.0,573.0,126.19,619.99,-8,3600.487732829488,STRONG_DOWN,LOWER,MOMENTUM_UP,S4_BOTTOMING,,,,,571.0,573.0,126.19,569.0,58.0,0.0,-2.0,0.0,619.99,20492039398.67,20.492,405.0,other,equity,data_raw
572,PYPL,Financials,-187.5,0.0,-0.5,-15.2,-16.6,-26.3,-40.8,-56.4,-71.0,-103.9,-140.6,-187.5,284.2,-187.0,2.3,0.0,-2582.207711048462,-39.8,564.0,565.0,114.53,629.13,-24,2417.792288951538,STRONG_DOWN,LOWER,MOMENTUM_DOWN,S5_TRASH,,,,,564.0,565.0,114.53,522.0,58.0,0.0,25.0,0.0,629.13,39015525551.59,39.016,274.0,large,equity,data_raw
573,PSKY,Entertainment,-198.5,0.8,0.1,-4.9,-13.9,-24.4,-33.6,-36.0,-55.1,-93.2,-130.5,-198.5,104.5,-201.8,2.1,0.0,-5000.0,-50.8,569.0,571.0,129.48,642.73,-11,0.0,EARLY_DOWN,LOWER,MOMENTUM_DOWN,S5_TRASH,,,,,569.0,571.0,129.48,470.0,58.0,0.0,25.0,0.0,642.73,11377059318.15,11.377,492.0,other,equity,data_raw
574,EH,Aerospace & Defense,-104.4,0.2,0.2,-12.1,-21.1,-30.8,-46.2,-59.8,-74.4,-84.5,,-104.4,974.5,-139.7,2.5,0.0,-5000.0,-22.9,551.0,453.0,135.52,642.92,-19,-2403.890657622434,STRONG_DOWN,LOWER,MOMENTUM_DOWN,S5_TRASH,,,,,551.0,453.0,135.52,545.0,58.0,11.0,25.0,0.0,642.92,550927746.92,0.551,539.0,other,equity,data_raw
