Rank,Ticker,Sector,Divergence,Relative_Divergence,Delta_Previous_Relative_Divergence,5d,1m,3m,6m,1y,3y,5y,7y,max,Max_Divergence,Min_Divergence,Volatility_Adjustment,Expected_Return,Dynamic_Expected_Return,Total_Return,Total_Return_Rank,Total_Return_Rank,Divergence_Rank,Divergence_Rank,Penalty,Penalty,Average_Rank,Average_Rank,Delta_Previous_Rank,Delta_Previous_Dynamic_Expected_Return,Trend_State,Position_State,Momentum_State,Composite_State,DER_cap_monthly,DER_capped,F_trend,DER_capped_trend,Total_Return_Rank,Total_Return_Rank,Divergence_Rank,Divergence_Rank,Penalty,Penalty,Recent_Momentum_Rank,Recent_Weakness_Penalty,Coverage_Penalty,State_Adjustment,Durability_Adjustment,Average_Rank,Average_Rank,Market_Cap,Market_Cap_B,Market_Cap_Rank,Market_Cap_Bucket,Market_Cap_Asset_Type,Market_Cap_Source,Interval_Dice,Alpha_Dice,Grid_Score,Max_Divergence_Score,Y3_Beat_VOO_Score,Y3_Premium_Score,Y3_Premium_50p_Score,Y3_Premium_100p_Score,Y3_Premium_Wins,Y3_Premium_Total,Y3_Confidence,Beat_Score,Beat_Score_50p,Beat_Score_100p
1,NVDA,Semiconductors,3506.6,85.9,-1.5,-1.2,-1.1,0.4,1.5,1.4,78.2,376.8,972.3,3506.6,4013.4,-12.1,1.1,3576.4,844.3,3653.6,1.0,1.0,1.0,1.0,0.0,0.0,1.0,1.0,1,-105.0,EARLY_UP,OVEREXTENDED,NEUTRAL,S0_NEUTRAL,,,,,1.0,1.0,1.0,1.0,0.0,0.0,,0.0,0.0,0.0,0.0,1.0,1.0,,,,,,,001111111,101111111,184.7,218.0,177.8,155.6,155.6,133.3,7.0,9.0,1.0,558.3,558.3,536.0
2,AMD,Semiconductors,2126.4,84.3,-10.6,-9.7,-4.4,37.4,73.9,116.8,196.6,256.2,383.1,2126.4,2526.1,-27.9,1.4,1094.8,205.3,2273.4,4.0,4.0,4.0,4.0,0.0,0.0,2.0,2.0,1,16.700000000000017,EARLY_DOWN,OVEREXTENDED,MOMENTUM_DOWN,S5_TRASH,,,,,4.0,4.0,4.0,4.0,0.0,0.0,,0.0,0.0,0.0,0.0,2.0,2.0,,,,,,,001111111,111101011,173.6,190.0,155.6,155.6,155.6,155.6,7.0,9.0,1.0,519.2,519.2,519.2
3,BTC-USD,Cryptocurrency,1557.6,44.2,0.0,0.6,-1.3,-11.3,-17.4,-34.8,-30.2,-6.7,74.8,1557.6,3326.6,-9.6,1.3,5347.4,2852.6,1704.6,8.0,8.0,9.0,9.0,0.0,0.0,3.0,3.0,1,-46.5,EARLY_UP,MID_RANGE,NEUTRAL,S0_NEUTRAL,,,,,8.0,8.0,9.0,9.0,0.0,0.0,,0.0,0.0,0.0,0.0,3.0,3.0,,,,,,,100000011,111110111,140.2,190.0,177.8,177.8,177.8,155.6,8.0,9.0,1.0,508.0,508.0,485.8
4,BNB-USD,Cryptocurrency,1880.1,33.6,0.1,0.6,-5.9,-10.8,-19.5,-32.2,-14.9,-18.3,572.1,1880.1,5605.5,-25.2,1.3,8161.2,4848.2,1992.5,6.0,6.0,6.0,6.0,0.0,0.0,4.0,4.0,2,36.19999999999982,EARLY_UP,MID_RANGE,NEUTRAL,S0_NEUTRAL,,,,,6.0,6.0,6.0,6.0,0.0,0.0,,0.0,0.0,0.0,0.0,4.0,4.0,,,,,,,100000011,--0111111,135.0,190.0,171.4,171.4,171.4,171.4,6.0,7.0,1.0,496.4,496.4,496.4
5,FTNT,Cybersecurity Software,611.0,95.2,0.5,2.6,5.4,44.1,64.6,65.7,70.4,74.6,176.9,611.0,643.2,-20.2,1.4,331.6,78.9,757.9,28.0,28.0,29.0,29.0,0.0,0.0,5.0,5.0,2,3.8000000000000114,STRONG_UP,OVEREXTENDED,MOMENTUM_DOWN,S3_LATE_EXHAUSTION,,,,,28.0,28.0,29.0,29.0,0.0,0.0,,0.0,0.0,0.0,0.0,5.0,5.0,,,,,,,111111111,111111101,206.9,110.0,177.8,177.8,177.8,111.1,8.0,9.0,1.0,494.7,494.7,428.0
6,ANET,Networking Equipment,812.1,87.9,-12.1,-9.3,0.1,3.5,8.6,11.9,63.2,187.4,383.0,812.1,926.6,-19.6,1.2,718.2,161.0,959.0,18.0,18.0,18.0,18.0,0.0,0.0,6.0,6.0,2,4.800000000000011,STRONG_UP,OVEREXTENDED,MOMENTUM_DOWN,S3_LATE_EXHAUSTION,,,,,18.0,18.0,18.0,18.0,0.0,0.0,,0.0,0.0,0.0,0.0,6.0,6.0,,,,,,,011111111,100111111,184.7,150.0,155.6,155.6,155.6,111.1,7.0,9.0,1.0,490.3,490.3,445.8
7,AXON,Public Safety Technology,593.9,48.7,-2.8,-3.7,2.6,12.2,4.1,-15.3,9.0,70.5,156.7,593.9,1246.3,-25.7,1.5,1571.6,758.3,740.9,29.0,29.0,30.0,30.0,0.0,0.0,7.0,7.0,-6,254.59999999999997,EARLY_DOWN,MID_RANGE,MOMENTUM_DOWN,S5_TRASH,,,,,29.0,29.0,30.0,30.0,0.0,0.0,,0.0,0.0,0.0,0.0,7.0,7.0,,,,,,,011101111,111111111,195.8,110.0,200.0,177.8,177.8,133.3,8.0,9.0,1.0,483.6,483.6,439.1
8,HWM,Aerospace & Defense,763.4,93.7,0.3,0.7,3.9,4.0,7.9,17.6,149.2,324.5,552.6,763.4,783.4,-54.6,1.1,595.5,95.5,893.4,20.0,20.0,21.0,21.0,0.0,0.0,8.0,8.0,2,6.200000000000003,STRONG_UP,OVEREXTENDED,MOMENTUM_DOWN,S3_LATE_EXHAUSTION,,,,,20.0,20.0,21.0,21.0,0.0,0.0,,0.0,0.0,0.0,0.0,8.0,8.0,,,,,,,111111111,-01111111,204.5,150.0,175.0,125.0,125.0,75.0,5.0,8.0,1.0,479.5,479.5,429.5
9,LLY,Pharmaceuticals,592.8,92.2,-1.9,-1.1,3.2,7.9,5.4,15.8,20.4,102.5,260.9,592.8,643.8,-21.4,1.2,498.4,122.5,739.8,30.0,30.0,31.0,31.0,0.0,0.0,9.0,9.0,0,20.799999999999997,EARLY_DOWN,OVEREXTENDED,MOMENTUM_DOWN,S5_TRASH,,,,,30.0,30.0,31.0,31.0,0.0,0.0,,0.0,0.0,0.0,0.0,9.0,9.0,,,,,,,011111111,111111111,206.9,110.0,200.0,155.6,155.6,111.1,7.0,9.0,1.0,472.5,472.5,428.0
10,PWR,Construction & Engineering,868.7,74.9,-4.0,-3.6,-8.3,-9.4,4.2,20.1,77.6,170.9,438.9,868.7,1124.7,-22.8,1.1,835.9,193.9,1015.6,16.0,16.0,16.0,16.0,0.0,0.0,10.0,10.0,2,22.5,STRONG_DOWN,UPPER_RANGE,MOMENTUM_DOWN,S5_TRASH,,,,,16.0,16.0,16.0,16.0,0.0,0.0,,0.0,0.0,0.0,0.0,10.0,10.0,,,,,,,000111111,001111111,162.5,150.0,155.6,155.6,155.6,133.3,7.0,9.0,1.0,468.1,468.1,445.8
11,LRCX,Semiconductor Equipment,1125.9,69.6,-7.6,-7.8,-8.2,8.6,24.2,84.7,206.5,305.0,455.5,1125.9,1603.7,-7.6,1.2,799.6,140.8,1272.9,12.0,12.0,12.0,12.0,0.0,0.0,11.0,11.0,2,8.600000000000023,EARLY_DOWN,UPPER_RANGE,MOMENTUM_DOWN,S5_TRASH,,,,,12.0,12.0,12.0,12.0,0.0,0.0,,0.0,0.0,0.0,0.0,11.0,11.0,,,,,,,001111111,111111011,184.7,150.0,177.8,133.3,133.3,88.9,6.0,9.0,1.0,468.0,468.0,423.6
12,AVGO,Semiconductors,1085.8,73.9,-6.0,-5.8,-8.4,-6.8,-2.4,-0.1,91.3,267.0,508.3,1085.8,1473.1,-16.4,1.2,1324.8,317.3,1232.8,13.0,13.0,13.0,13.0,0.0,0.0,12.0,12.0,-1,-3.099999999999966,EARLY_UP,UPPER_RANGE,NEUTRAL,S0_NEUTRAL,,,,,13.0,13.0,13.0,13.0,0.0,0.0,,0.0,0.0,0.0,0.0,12.0,12.0,,,,,,,000001111,111111111,162.4,150.0,200.0,155.6,155.6,111.1,7.0,9.0,1.0,468.0,468.0,423.5
13,TRX-USD,Cryptocurrency,762.2,11.6,-0.3,-1.7,-1.8,-5.4,-1.2,-5.5,61.1,143.4,443.5,762.2,6637.4,-26.9,1.2,6665.2,4612.4,874.6,24.0,24.0,22.0,22.0,0.0,0.0,13.0,13.0,-8,226.39999999999964,EARLY_UP,LOWER,MOMENTUM_DOWN,S5_TRASH,,,,,24.0,24.0,22.0,22.0,0.0,0.0,,0.0,0.0,0.0,0.0,13.0,13.0,,,,,,,000001111,--0111111,146.1,150.0,171.4,171.4,171.4,171.4,6.0,7.0,1.0,467.5,467.5,467.5
14,FIX,Engineering & Construction,2503.1,79.4,-3.9,-3.8,-7.8,-6.6,12.9,57.7,321.1,803.1,1528.4,2503.1,3110.6,-40.0,1.1,1910.3,305.3,2650.1,3.0,3.0,3.0,3.0,0.0,0.0,14.0,14.0,0,9.100000000000023,STRONG_DOWN,UPPER_RANGE,MOMENTUM_DOWN,S5_TRASH,,,,,3.0,3.0,3.0,3.0,0.0,0.0,,0.0,0.0,0.0,0.0,14.0,14.0,,,,,,,000111111,100111111,162.5,190.0,155.6,111.1,111.1,111.1,5.0,9.0,1.0,463.6,463.6,463.6
15,PANW,Cybersecurity Software,501.5,98.7,11.2,9.2,9.3,53.9,73.9,70.2,75.3,133.1,267.6,501.5,509.1,-34.6,1.3,222.3,50.6,648.5,38.0,38.0,40.0,40.0,0.0,0.0,15.0,15.0,1,-9.0,STRONG_UP,OVEREXTENDED,MOMENTUM_DOWN,S3_LATE_EXHAUSTION,,,,,38.0,38.0,40.0,40.0,0.0,0.0,,0.0,0.0,0.0,0.0,15.0,15.0,,,,,,,111111111,111111111,218.0,110.0,200.0,133.3,133.3,88.9,6.0,9.0,1.0,461.3,461.3,416.9
16,VRT,Electrical Equipment & Parts,1313.2,74.6,-7.0,-7.2,-7.1,-7.5,13.9,44.6,228.0,820.3,1137.1,1313.2,1741.3,-60.9,1.2,1119.4,238.9,1414.6,11.0,11.0,11.0,11.0,0.0,0.0,16.0,16.0,-1,24.200000000000017,STRONG_DOWN,UPPER_RANGE,MOMENTUM_DOWN,S5_TRASH,,,,,11.0,11.0,11.0,11.0,0.0,0.0,,0.0,0.0,0.0,0.0,16.0,16.0,,,,,,,000111111,---101111,165.0,150.0,166.7,133.3,133.3,133.3,4.0,6.0,1.0,448.3,448.3,448.3
17,DELL,Computer Hardware & Services,974.2,80.7,-10.8,-9.5,-11.8,43.7,109.3,140.9,235.3,428.5,649.0,974.2,1206.8,-23.7,1.6,394.6,78.8,1109.1,14.0,14.0,14.0,14.0,0.0,0.0,17.0,17.0,0,13.399999999999991,STRONG_UP,OVEREXTENDED,MOMENTUM_DOWN,S3_LATE_EXHAUSTION,,,,,14.0,14.0,14.0,14.0,0.0,0.0,,0.0,0.0,0.0,0.0,17.0,17.0,,,,,,,001111111,-01111111,182.3,150.0,175.0,100.0,100.0,75.0,4.0,8.0,1.0,432.3,432.3,407.3
18,WSM,Specialty Retail,376.5,91.2,4.3,3.5,6.7,12.4,11.2,11.3,46.0,100.6,191.4,376.5,417.3,-40.6,1.2,329.7,78.7,523.4,53.0,53.0,54.0,54.0,0.0,0.0,18.0,18.0,6,-6.799999999999997,EARLY_DOWN,OVEREXTENDED,MOMENTUM_DOWN,S5_TRASH,,,,,53.0,53.0,54.0,54.0,0.0,0.0,,0.0,0.0,0.0,0.0,18.0,18.0,,,,,,,111111111,011111111,206.9,110.0,177.8,111.1,111.1,88.9,5.0,9.0,1.0,428.0,428.0,405.8
19,JBL,Electronic Manufacturing Services,511.5,72.5,-7.7,-6.5,-16.3,-12.2,0.5,13.1,65.0,154.0,290.8,511.5,662.0,-28.8,1.1,500.8,105.6,658.4,37.0,37.0,38.0,38.0,0.0,0.0,19.0,19.0,-1,15.199999999999989,STRONG_DOWN,UPPER_RANGE,MOMENTUM_DOWN,S5_TRASH,,,,,37.0,37.0,38.0,38.0,0.0,0.0,,0.0,0.0,0.0,0.0,19.0,19.0,,,,,,,000111111,111111111,184.7,110.0,200.0,133.3,133.3,88.9,6.0,9.0,1.0,428.0,428.0,383.6
20,MPWR,Semiconductors,477.5,69.0,-3.5,-2.9,-8.5,-9.1,1.4,17.7,46.2,73.5,160.0,477.5,693.2,-5.3,1.3,514.9,136.6,624.4,41.0,41.0,43.0,43.0,0.0,0.0,20.0,20.0,5,-9.700000000000017,EARLY_UP,UPPER_RANGE,NEUTRAL,S0_NEUTRAL,,,,,41.0,41.0,43.0,43.0,0.0,0.0,,0.0,0.0,0.0,0.0,20.0,20.0,,,,,,,000111111,111111111,184.7,110.0,200.0,133.3,133.3,88.9,6.0,9.0,1.0,428.0,428.0,383.6
21,URI,Equipment Rental,342.3,89.3,-2.7,-1.6,2.1,11.3,16.6,13.0,22.6,67.8,169.5,342.3,387.6,-36.0,1.3,294.8,73.5,489.3,57.0,57.0,57.0,57.0,0.0,0.0,21.0,21.0,-2,-3.5,EARLY_DOWN,OVEREXTENDED,MOMENTUM_DOWN,S5_TRASH,,,,,57.0,57.0,57.0,57.0,0.0,0.0,,0.0,0.0,0.0,0.0,21.0,21.0,,,,,,,011111111,100111111,184.7,110.0,155.6,133.3,133.3,88.9,6.0,9.0,1.0,428.0,428.0,383.6
22,AMAT,Semiconductor Equipment & Materials,707.1,71.9,-6.9,-6.4,4.5,23.3,44.1,100.3,155.6,214.7,344.9,707.1,991.0,-21.2,1.5,383.4,77.4,854.0,25.0,25.0,26.0,26.0,0.0,0.0,22.0,22.0,17,-1.5,EARLY_DOWN,UPPER_RANGE,MOMENTUM_DOWN,S5_TRASH,,,,,25.0,25.0,26.0,26.0,0.0,0.0,,0.0,0.0,0.0,0.0,22.0,22.0,,,,,,,011111111,011111011,184.7,150.0,155.6,88.9,88.9,66.7,4.0,9.0,1.0,423.6,423.6,401.4
23,MU,Semiconductors,1775.8,67.2,-11.1,-12.3,-17.3,34.0,74.1,251.5,624.5,836.2,1006.7,1775.8,2654.8,-25.2,1.4,885.1,91.7,1922.8,7.0,7.0,7.0,7.0,0.0,0.0,23.0,23.0,-3,22.0,EARLY_DOWN,UPPER_RANGE,MOMENTUM_DOWN,S5_TRASH,,,,,7.0,7.0,7.0,7.0,0.0,0.0,,0.0,0.0,0.0,0.0,23.0,23.0,,,,,,,001111111,111100011,162.5,190.0,133.3,66.7,66.7,44.4,3.0,9.0,1.0,419.2,419.2,396.9
24,SMH,Unknown,565.0,79.2,-8.2,-6.4,-7.2,5.9,19.2,41.1,101.7,173.5,267.4,565.0,714.6,-5.3,1.2,411.3,84.5,712.0,32.0,32.0,32.0,32.0,0.0,0.0,24.0,24.0,-1,7.0,STRONG_DOWN,UPPER_RANGE,MOMENTUM_DOWN,S5_TRASH,,,,,32.0,32.0,32.0,32.0,0.0,0.0,,0.0,0.0,0.0,0.0,24.0,24.0,,,,,,,001111111,111111111,195.8,110.0,200.0,111.1,111.1,66.7,5.0,9.0,1.0,416.9,416.9,372.5
25,^IRX,Government Bonds,2712.2,48.3,0.0,0.6,1.2,-2.6,-3.9,-12.2,-51.6,1114.0,3926.9,2712.2,5789.1,-166.0,1.2,6337.6,3749.9,2859.1,2.0,2.0,2.0,2.0,0.0,0.0,25.0,25.0,4,25.0,STRONG_UP,MID_RANGE,MOMENTUM_DOWN,S0_NEUTRAL,,,,,2.0,2.0,2.0,2.0,0.0,0.0,,0.0,0.0,0.0,0.0,25.0,25.0,,,,,,,110000111,110011100,129.2,190.0,111.1,88.9,88.9,88.9,4.0,9.0,1.0,408.1,408.1,408.1
26,ASML,Semi-Conductors,467.5,84.4,-0.7,-0.2,3.4,11.1,18.8,51.9,76.2,87.4,150.9,467.5,553.1,-5.8,1.6,284.6,55.6,614.5,42.0,42.0,45.0,45.0,0.0,0.0,26.0,26.0,4,-3.5,EARLY_DOWN,OVEREXTENDED,MOMENTUM_DOWN,S5_TRASH,,,,,42.0,42.0,45.0,45.0,0.0,0.0,,0.0,0.0,0.0,0.0,26.0,26.0,,,,,,,011111111,111110011,184.7,110.0,155.6,111.1,111.1,66.7,5.0,9.0,1.0,405.8,405.8,361.4
27,TPL,Homebuilding,466.3,51.0,3.5,5.1,6.8,-3.5,0.4,8.1,19.6,36.9,133.3,466.3,919.6,-5.5,1.4,880.7,431.3,613.3,43.0,43.0,46.0,46.0,0.0,0.0,27.0,27.0,14,-36.599999999999966,STRONG_UP,UPPER_RANGE,MOMENTUM_UP,S1_LEADER,,,,,43.0,43.0,46.0,46.0,0.0,0.0,,0.0,0.0,0.0,0.0,27.0,27.0,,,,,,,110111111,110111101,184.7,110.0,155.6,111.1,111.1,66.7,5.0,9.0,1.0,405.8,405.8,361.4
28,AAPL,Consumer Electronics,294.2,100.0,0.9,6.2,11.2,13.2,14.6,19.1,17.6,23.2,67.9,294.2,294.4,-12.6,1.2,201.3,44.2,441.2,65.0,65.0,68.0,68.0,0.0,0.0,28.0,28.0,6,-2.299999999999997,STRONG_UP,OVEREXTENDED,MOMENTUM_UP,S1_LEADER,,,,,65.0,65.0,68.0,68.0,0.0,0.0,,0.0,0.0,0.0,0.0,28.0,28.0,,,,,,,111111111,111111111,218.0,70.0,200.0,111.1,111.1,66.7,5.0,9.0,1.0,399.1,399.1,354.7
29,APP,Software,721.3,47.5,-9.1,-13.8,-25.9,-16.0,-19.4,-22.8,305.5,732.9,,721.3,1542.2,-55.4,1.4,1945.2,708.5,782.0,26.0,26.0,25.0,25.0,0.0,0.0,29.0,29.0,-2,242.5,STRONG_DOWN,MID_RANGE,MOMENTUM_DOWN,S5_TRASH,,,,,26.0,26.0,25.0,25.0,0.0,0.0,,0.0,0.0,0.0,0.0,29.0,29.0,,,,,,,0000011-1,------111,148.5,150.0,200.0,100.0,100.0,100.0,3.0,3.0,0.5,398.5,398.5,398.5
30,SNDK,Data Storage Devices,1618.7,55.3,-21.3,-25.8,-25.0,13.4,112.4,912.9,,,,1618.7,2887.5,-4.5,1.5,1132.8,114.8,1634.8,9.0,9.0,8.0,8.0,0.0,0.0,30.0,30.0,5,34.2,EARLY_DOWN,UPPER_RANGE,MOMENTUM_DOWN,S5_TRASH,,,,,9.0,9.0,8.0,8.0,0.0,0.0,,0.0,0.0,0.0,0.0,30.0,30.0,,,,,,,00111---1,--------1,173.7,190.0,200.0,33.3,33.3,33.3,1.0,1.0,0.167,397.0,397.0,397.0
31,HOOD,Capital Markets,435.9,54.8,-3.7,-4.8,7.4,22.8,14.8,-2.6,291.1,435.9,,435.9,820.7,-60.3,1.4,804.2,226.3,494.7,56.0,56.0,49.0,49.0,0.0,0.0,31.0,31.0,-3,36.10000000000002,STRONG_UP,UPPER_RANGE,MOMENTUM_DOWN,S0_NEUTRAL,,,,,56.0,56.0,49.0,49.0,0.0,0.0,,0.0,0.0,0.0,0.0,31.0,31.0,,,,,,,0111011-1,------111,186.0,110.0,200.0,100.0,100.0,100.0,3.0,3.0,0.5,396.0,396.0,396.0
32,CAT,Construction Machinery,479.5,75.0,-9.4,-7.4,-4.9,-2.5,9.6,38.9,100.7,171.2,262.9,479.5,640.0,-5.5,1.2,372.2,70.9,626.5,40.0,40.0,42.0,42.0,0.0,0.0,32.0,32.0,-10,15.400000000000006,EARLY_DOWN,UPPER_RANGE,MOMENTUM_DOWN,S5_TRASH,,,,,40.0,40.0,42.0,42.0,0.0,0.0,,0.0,0.0,0.0,0.0,32.0,32.0,,,,,,,000111111,110111111,173.60000000000002,110.0,177.8,111.1,111.1,44.4,5.0,9.0,1.0,394.7,394.7,328.0
33,TSM,Semiconductors,543.6,80.0,-6.7,-5.1,-6.7,-2.3,4.6,23.0,112.7,174.6,252.0,543.6,680.9,-6.0,1.1,466.0,91.9,690.6,34.0,34.0,34.0,34.0,0.0,0.0,33.0,33.0,-2,16.200000000000003,EARLY_DOWN,OVEREXTENDED,MOMENTUM_DOWN,S5_TRASH,,,,,34.0,34.0,34.0,34.0,0.0,0.0,,0.0,0.0,0.0,0.0,33.0,33.0,,,,,,,000111111,111110111,173.60000000000002,110.0,177.8,111.1,111.1,88.9,5.0,9.0,1.0,394.7,394.7,372.5
34,TRGP,Oil & Gas Midstream,548.1,99.5,3.1,3.1,8.6,5.8,15.4,34.8,80.3,177.0,485.6,548.1,552.6,-93.5,1.2,357.0,69.7,695.0,33.0,33.0,33.0,33.0,0.0,0.0,34.0,34.0,2,-4.299999999999997,STRONG_UP,OVEREXTENDED,NEUTRAL,S0_NEUTRAL,,,,,33.0,33.0,33.0,33.0,0.0,0.0,,0.0,0.0,0.0,0.0,34.0,34.0,,,,,,,111111111,000011111,173.6,110.0,111.1,111.1,111.1,111.1,5.0,9.0,1.0,394.7,394.7,394.7
35,SHOP,E-commerce Software,527.8,34.9,1.1,2.6,2.0,-2.8,-8.9,-16.3,4.3,18.8,1.2,527.8,1544.3,-16.5,1.3,1756.7,910.2,674.8,35.0,35.0,36.0,36.0,0.0,0.0,35.0,35.0,12,-43.0,STRONG_UP,MID_RANGE,NEUTRAL,S0_NEUTRAL,,,,,35.0,35.0,36.0,36.0,0.0,0.0,,0.0,0.0,0.0,0.0,35.0,35.0,,,,,,,110001111,111100011,151.4,110.0,133.3,133.3,133.3,111.1,6.0,9.0,1.0,394.7,394.7,372.5
36,000660.KS,Memory,2118.5,60.3,-12.1,-15.0,-24.8,20.0,58.9,229.8,749.5,1133.4,1355.1,2118.5,3531.1,-22.7,1.2,1330.1,149.8,2265.5,5.0,5.0,5.0,5.0,0.0,0.0,36.0,36.0,-4,54.20000000000002,EARLY_DOWN,UPPER_RANGE,MOMENTUM_DOWN,S5_TRASH,,,,,5.0,5.0,5.0,5.0,0.0,0.0,,0.0,0.0,0.0,0.0,36.0,36.0,,,,,,,001111111,101-00111,157.3,190.0,111.1,44.4,44.4,44.4,2.0,9.0,1.0,391.7,391.7,391.7
37,TSLA,Automobile Manufacturers,734.4,49.5,-2.6,-3.6,-6.8,-7.4,-11.8,-10.7,3.9,-9.4,185.5,734.4,1535.1,-50.2,1.2,1578.6,661.6,881.4,22.0,22.0,24.0,24.0,0.0,0.0,37.0,37.0,-4,48.10000000000002,STRONG_DOWN,MID_RANGE,MOMENTUM_DOWN,S5_TRASH,,,,,22.0,22.0,24.0,24.0,0.0,0.0,,0.0,0.0,0.0,0.0,37.0,37.0,,,,,,,000001011,111110011,129.1,150.0,155.6,111.1,111.1,111.1,5.0,9.0,1.0,390.2,390.2,390.2
38,ARES,Asset Management,239.5,38.4,2.4,3.5,4.1,3.3,-5.9,-21.2,-40.4,-26.9,23.0,239.5,631.0,-8.6,1.4,981.7,673.6,386.5,78.0,78.0,80.0,80.0,0.0,0.0,38.0,38.0,7,-83.19999999999993,EARLY_UP,MID_RANGE,MOMENTUM_UP,S2_EARLY_BREAKOUT,,,,,78.0,78.0,80.0,80.0,0.0,0.0,,0.0,0.0,0.0,0.0,38.0,38.0,,,,,,,111000011,111111110,162.5,70.0,177.8,155.6,155.6,111.1,7.0,9.0,1.0,388.1,388.1,343.6
39,TT,Building Products,238.3,81.4,-1.1,-0.4,2.5,-1.0,1.2,-1.1,13.3,52.4,98.6,238.3,294.6,-7.0,1.2,280.9,78.5,385.3,79.0,79.0,81.0,81.0,0.0,0.0,39.0,39.0,-2,1.5,STRONG_UP,OVEREXTENDED,MOMENTUM_DOWN,S3_LATE_EXHAUSTION,,,,,79.0,79.0,81.0,81.0,0.0,0.0,,0.0,0.0,0.0,0.0,39.0,39.0,,,,,,,010101111,111111111,184.7,70.0,200.0,133.3,133.3,66.7,6.0,9.0,1.0,388.0,388.0,321.4
40,SOXX,Semiconductor,481.5,80.5,-6.6,-6.2,-2.3,16.8,36.3,65.9,113.4,157.3,226.6,481.5,597.7,-6.2,1.3,244.0,47.1,626.6,39.0,39.0,41.0,41.0,0.0,0.0,40.0,40.0,0,0.0,EARLY_DOWN,OVEREXTENDED,MOMENTUM_DOWN,S5_TRASH,,,,,39.0,39.0,41.0,41.0,0.0,0.0,,0.0,0.0,0.0,0.0,40.0,40.0,38373490688.0,38.373,,etf,etf,data_raw,001111111,111111011,184.7,110.0,177.8,88.9,88.9,66.7,4.0,9.0,1.0,383.6,383.6,361.4
41,GRMN,Scientific & Technical Instruments,131.5,76.3,7.3,3.8,6.0,0.6,3.7,2.5,19.9,39.7,45.9,131.5,174.5,-6.4,1.3,158.2,46.6,278.5,116.0,116.0,121.0,121.0,0.0,0.0,41.0,41.0,2,-1.3999999999999986,STRONG_UP,UPPER_RANGE,MOMENTUM_UP,S1_LEADER,,,,,116.0,116.0,121.0,121.0,0.0,0.0,,0.0,0.0,0.0,0.0,41.0,41.0,,,,,,,111111111,111100111,195.8,70.0,155.6,111.1,111.1,22.2,5.0,9.0,1.0,376.9,376.9,288.0
42,TER,Semiconductors,350.0,56.6,-9.6,-9.8,-18.5,-14.8,2.1,64.9,125.2,123.1,140.9,350.0,640.8,-50.5,2.0,288.2,37.3,497.0,55.0,55.0,56.0,56.0,0.0,0.0,42.0,42.0,4,7.399999999999999,STRONG_DOWN,UPPER_RANGE,MOMENTUM_DOWN,S5_TRASH,,,,,55.0,55.0,56.0,56.0,0.0,0.0,,0.0,0.0,0.0,0.0,42.0,42.0,,,,,,,000111111,111100011,151.4,110.0,133.3,111.1,111.1,66.7,5.0,9.0,1.0,372.5,372.5,328.1
43,QUBT,Quantum Computing,616.1,8.1,-1.2,-11.2,-28.5,-19.4,-22.5,-42.7,335.8,254.4,169.5,616.1,9187.6,-139.9,1.6,15303.9,9817.0,763.0,27.0,27.0,28.0,28.0,0.0,0.0,43.0,43.0,-17,1700.3999999999996,STRONG_DOWN,LOWER,MOMENTUM_DOWN,S5_TRASH,,,,,27.0,27.0,28.0,28.0,0.0,0.0,,0.0,0.0,0.0,0.0,43.0,43.0,,,,,,,000001111,111000111,129.1,110.0,133.3,133.3,133.3,133.3,6.0,9.0,1.0,372.4,372.4,372.4
44,CIEN,Communications Equipment,742.4,56.8,-12.8,-15.1,-23.6,-24.9,0.6,100.1,396.2,454.0,493.9,742.4,1355.9,-63.2,1.3,715.0,66.7,889.4,21.0,21.0,23.0,23.0,0.0,0.0,44.0,44.0,4,15.700000000000003,STRONG_DOWN,UPPER_RANGE,MOMENTUM_DOWN,S5_TRASH,,,,,21.0,21.0,23.0,23.0,0.0,0.0,,0.0,0.0,0.0,0.0,44.0,44.0,,,,,,,000111111,111100011,151.4,150.0,133.3,66.7,66.7,44.4,3.0,9.0,1.0,368.1,368.1,345.8
45,STX,Data Storage,1418.8,64.6,-16.3,-17.6,-18.6,5.7,47.3,150.0,542.9,707.6,906.4,1418.8,2215.0,-36.7,1.2,894.2,93.9,1565.8,10.0,10.0,10.0,10.0,0.0,0.0,45.0,45.0,-24,24.700000000000003,STRONG_DOWN,UPPER_RANGE,MOMENTUM_DOWN,S5_TRASH,,,,,10.0,10.0,10.0,10.0,0.0,0.0,,0.0,0.0,0.0,0.0,45.0,45.0,,,,,,,001111111,100101011,151.39999999999998,150.0,111.1,66.7,66.7,66.7,3.0,9.0,1.0,368.1,368.1,368.1
46,WMB,Oil & Gas Midstream,186.2,89.5,-0.1,0.1,6.0,0.2,3.3,10.7,48.5,100.2,171.2,186.2,215.4,-57.9,1.1,161.4,30.3,333.2,91.0,91.0,94.0,94.0,0.0,0.0,46.0,46.0,3,1.4000000000000021,STRONG_UP,OVEREXTENDED,MOMENTUM_DOWN,S3_LATE_EXHAUSTION,,,,,91.0,91.0,94.0,94.0,0.0,0.0,,0.0,0.0,0.0,0.0,46.0,46.0,,,,,,,111111111,100011111,184.7,70.0,133.3,111.1,111.1,66.7,5.0,9.0,1.0,365.8,365.8,321.4
47,BX,Asset Management,225.1,39.9,3.7,5.3,9.3,3.7,-3.3,-16.8,-33.2,-32.6,10.7,225.1,591.0,-17.7,1.4,789.3,532.6,372.1,82.0,82.0,84.0,84.0,0.0,0.0,47.0,47.0,31,-114.69999999999993,STRONG_UP,MID_RANGE,MOMENTUM_UP,S1_LEADER,,,,,82.0,82.0,84.0,84.0,0.0,0.0,,0.0,0.0,0.0,0.0,47.0,47.0,,,,,,,111000011,111111110,162.5,70.0,177.8,133.3,133.3,111.1,6.0,9.0,1.0,365.8,365.8,343.6
48,CDNS,Electronic Design Automation Software,268.0,73.3,-7.1,-4.5,-7.5,0.8,5.2,-0.4,-10.6,2.5,44.1,268.0,367.1,-3.4,1.2,348.2,118.8,415.0,71.0,71.0,74.0,74.0,0.0,0.0,48.0,48.0,-4,8.799999999999997,STRONG_DOWN,UPPER_RANGE,MOMENTUM_DOWN,S5_TRASH,,,,,71.0,71.0,74.0,74.0,0.0,0.0,,0.0,0.0,0.0,0.0,48.0,48.0,,,,,,,001100111,111111110,162.5,70.0,177.8,133.3,133.3,111.1,6.0,9.0,1.0,365.8,365.8,343.6
49,DECK,Footwear & Accessories,164.8,25.5,1.6,3.4,3.7,1.2,-4.8,-5.2,-43.4,-29.4,-1.2,164.8,734.1,-30.0,1.3,760.6,975.1,311.8,101.0,101.0,103.0,103.0,0.0,0.0,49.0,49.0,12,-88.99999999999989,EARLY_UP,MID_RANGE,MOMENTUM_UP,S2_EARLY_BREAKOUT,,,,,101.0,101.0,103.0,103.0,0.0,0.0,,0.0,0.0,0.0,0.0,49.0,49.0,,,,,,,111000001,111111100,140.2,70.0,155.6,155.6,155.6,111.1,7.0,9.0,1.0,365.8,365.8,321.3
50,STLD,Steel,324.3,75.3,3.5,3.4,-1.9,2.1,10.4,30.6,41.8,77.1,218.4,324.3,447.0,-47.6,1.3,265.1,64.6,471.3,62.0,62.0,63.0,63.0,0.0,0.0,50.0,50.0,1,-4.400000000000006,EARLY_UP,UPPER_RANGE,MOMENTUM_UP,S2_EARLY_BREAKOUT,,,,,62.0,62.0,63.0,63.0,0.0,0.0,,0.0,0.0,0.0,0.0,50.0,50.0,,,,,,,101111111,000111101,162.5,110.0,111.1,88.9,88.9,66.7,4.0,9.0,1.0,361.4,361.4,339.2
51,CCJ,Theme (User Picks),328.3,51.3,-7.6,-8.5,-16.2,-25.0,-26.8,-18.2,23.9,83.6,227.8,328.3,652.1,-55.4,1.2,711.8,206.3,475.3,59.0,59.0,60.0,60.0,0.0,0.0,51.0,51.0,2,44.0,STRONG_DOWN,UPPER_RANGE,MOMENTUM_DOWN,S5_TRASH,,,,,59.0,59.0,60.0,60.0,0.0,0.0,,0.0,0.0,0.0,0.0,51.0,51.0,,,,,,,000001111,001111111,140.2,110.0,155.6,111.1,111.1,111.1,5.0,9.0,1.0,361.3,361.3,361.3
52,APH,Electronic Components,324.4,78.5,-4.9,-3.2,-3.0,0.8,0.0,7.4,81.3,140.8,205.4,324.4,390.4,-16.3,1.1,298.9,52.2,471.4,61.0,61.0,62.0,62.0,0.0,0.0,52.0,52.0,-10,7.900000000000006,EARLY_DOWN,UPPER_RANGE,MOMENTUM_DOWN,S5_TRASH,,,,,61.0,61.0,62.0,62.0,0.0,0.0,,0.0,0.0,0.0,0.0,52.0,52.0,,,,,,,001011111,11-111111,183.7,110.0,177.8,66.7,66.7,44.4,3.0,9.0,1.0,360.4,360.4,338.1
53,DOGE-USD,Cryptocurrency,805.6,3.8,0.0,-0.6,-12.9,-24.5,-31.4,-51.8,-74.3,-94.2,485.1,805.6,22199.9,-45.9,1.6,56224.4,74878.0,917.9,19.0,19.0,19.0,19.0,0.0,0.0,53.0,53.0,1,-345.3000000000029,STRONG_DOWN,LOWER,MOMENTUM_UP,S4_BOTTOMING,,,,,19.0,19.0,19.0,19.0,0.0,0.0,,0.0,0.0,0.0,0.0,53.0,53.0,,,,,,,000000011,--0111100,95.3,150.0,114.3,114.3,114.3,114.3,4.0,7.0,1.0,359.6,359.6,359.6
54,RGTI,Quantum Computing,476.1,19.3,-3.8,-14.2,-34.5,-25.7,-29.8,-34.8,467.3,502.2,,476.1,2754.1,-93.0,1.6,4287.6,1877.7,536.8,49.0,49.0,44.0,44.0,0.0,0.0,54.0,54.0,1,447.60000000000014,STRONG_DOWN,LOWER,MOMENTUM_DOWN,S5_TRASH,,,,,49.0,49.0,44.0,44.0,0.0,0.0,,0.0,0.0,0.0,0.0,54.0,54.0,,,,,,,0000011-1,------111,148.5,110.0,200.0,100.0,100.0,100.0,3.0,3.0,0.5,358.5,358.5,358.5
55,GWW,Industrial Distribution,208.6,91.6,3.7,2.4,8.9,11.9,15.9,21.8,12.1,45.9,103.2,208.6,230.8,-40.3,1.2,152.8,43.0,355.6,87.0,87.0,88.0,88.0,0.0,0.0,55.0,55.0,3,-6.299999999999997,STRONG_UP,OVEREXTENDED,MOMENTUM_UP,S1_LEADER,,,,,87.0,87.0,88.0,88.0,0.0,0.0,,0.0,0.0,0.0,0.0,55.0,55.0,,,,,,,111111111,111111111,218.0,70.0,200.0,66.7,66.7,44.4,3.0,9.0,1.0,354.7,354.7,332.4
56,KEYS,Electronic Test & Measurement,149.3,67.3,-4.3,-2.3,-5.8,-8.4,5.5,33.3,50.3,29.3,31.0,149.3,229.4,-14.6,2.5,98.1,12.7,296.3,105.0,105.0,109.0,109.0,0.0,0.0,56.0,56.0,4,-0.10000000000000142,STRONG_DOWN,UPPER_RANGE,NEUTRAL,S5_TRASH,,,,,105.0,105.0,109.0,109.0,0.0,0.0,,0.0,0.0,0.0,0.0,56.0,56.0,,,,,,,000111111,111110001,151.4,70.0,133.3,133.3,133.3,44.4,6.0,9.0,1.0,354.7,354.7,265.8
57,IRM,Data Storage & Management,208.8,68.4,0.6,0.7,-1.8,-1.5,8.1,10.8,8.7,39.5,118.5,208.8,320.0,-29.9,1.3,249.6,99.0,355.8,86.0,86.0,87.0,87.0,0.0,0.0,57.0,57.0,17,-20.400000000000006,EARLY_UP,UPPER_RANGE,NEUTRAL,S0_NEUTRAL,,,,,86.0,86.0,87.0,87.0,0.0,0.0,,0.0,0.0,0.0,0.0,57.0,57.0,,,,,,,100111111,0011111-1,169.8,70.0,133.3,111.1,111.1,44.4,5.0,9.0,1.0,350.9,350.9,284.2
58,IBKR,Capital Markets,375.8,92.0,-2.5,-1.5,1.6,8.8,14.9,21.8,119.4,216.0,297.7,375.8,365.7,-46.8,1.1,234.1,36.4,522.8,54.0,54.0,55.0,55.0,0.0,0.0,58.0,58.0,-8,4.100000000000001,STRONG_UP,OVEREXTENDED,MOMENTUM_DOWN,S3_LATE_EXHAUSTION,,,,,54.0,54.0,55.0,55.0,0.0,0.0,,0.0,0.0,0.0,0.0,58.0,58.0,,,,,,,011111111,100011111,173.60000000000002,110.0,133.3,66.7,66.7,66.7,3.0,9.0,1.0,350.3,350.3,350.3
59,MRVL,Semiconductors,463.4,48.5,-18.7,-19.6,-22.2,7.0,56.0,87.5,116.3,138.0,201.6,463.4,862.2,-14.2,2.3,323.2,105.5,610.3,44.0,44.0,47.0,47.0,0.0,0.0,59.0,59.0,4,45.3,STRONG_DOWN,MID_RANGE,MOMENTUM_DOWN,S5_TRASH,,,,,44.0,44.0,47.0,47.0,0.0,0.0,,0.0,0.0,0.0,0.0,59.0,59.0,,,,,,,001111111,011110111,173.6,110.0,155.6,66.7,66.7,44.4,3.0,9.0,1.0,350.3,350.3,328.0
60,EME,Construction & Engineering,516.6,72.2,-4.1,-3.5,-8.1,-13.3,-7.2,-1.0,61.0,199.1,343.8,516.6,717.4,-42.2,1.2,642.2,160.7,663.6,36.0,36.0,37.0,37.0,0.0,0.0,60.0,60.0,-8,13.299999999999983,STRONG_DOWN,UPPER_RANGE,MOMENTUM_DOWN,S5_TRASH,,,,,36.0,36.0,37.0,37.0,0.0,0.0,,0.0,0.0,0.0,0.0,60.0,60.0,,,,,,,000001111,000111111,129.1,110.0,133.3,111.1,111.1,88.9,5.0,9.0,1.0,350.2,350.2,328.0
61,PLTR,Software,540.4,52.4,3.8,6.6,-4.5,-10.7,-15.0,-23.3,219.4,535.7,,540.4,1018.1,-71.2,1.3,1301.9,400.8,608.5,45.0,45.0,35.0,35.0,0.0,0.0,61.0,61.0,4,10.300000000000011,EARLY_UP,UPPER_RANGE,MOMENTUM_UP,S2_EARLY_BREAKOUT,,,,,45.0,45.0,35.0,35.0,0.0,0.0,,0.0,0.0,0.0,0.0,61.0,61.0,,,,,,,1000011-1,-----0111,137.0,110.0,150.0,100.0,100.0,100.0,3.0,4.0,0.667,347.0,347.0,347.0
62,RKLB,Aerospace & Defense,672.1,39.9,-9.4,-16.4,-38.6,-26.9,-22.5,3.6,560.2,705.4,,672.1,1719.1,-77.2,1.3,1613.1,389.4,737.4,31.0,31.0,27.0,27.0,0.0,0.0,62.0,62.0,-24,142.79999999999998,STRONG_DOWN,MID_RANGE,MOMENTUM_DOWN,S5_TRASH,,,,,31.0,31.0,27.0,27.0,0.0,0.0,,0.0,0.0,0.0,0.0,62.0,62.0,,,,,,,0000111-1,-----0111,137.0,110.0,150.0,100.0,100.0,100.0,3.0,4.0,0.667,347.0,347.0,347.0
63,LITE,Communication Equipment,945.0,63.2,-9.7,-11.4,-16.7,-21.4,8.5,177.9,792.9,786.3,757.4,945.0,1558.0,-109.6,1.4,701.3,26.2,1092.0,15.0,15.0,15.0,15.0,0.0,0.0,63.0,63.0,4,5.5,STRONG_DOWN,UPPER_RANGE,NEUTRAL,S5_TRASH,,,,,15.0,15.0,15.0,15.0,0.0,0.0,,0.0,0.0,0.0,0.0,63.0,63.0,,,,,,,000111111,111100011,151.4,150.0,133.3,44.4,44.4,44.4,2.0,9.0,1.0,345.8,345.8,345.8
64,MS,Investment Banking & Brokerage,238.1,91.5,-2.6,-1.2,3.5,8.6,11.7,21.0,66.0,81.4,146.6,238.1,262.3,-20.8,1.1,160.7,26.1,385.1,80.0,80.0,82.0,82.0,0.0,0.0,64.0,64.0,-5,2.5,STRONG_UP,OVEREXTENDED,NEUTRAL,S0_NEUTRAL,,,,,80.0,80.0,82.0,82.0,0.0,0.0,,0.0,0.0,0.0,0.0,64.0,64.0,,,,,,,011111111,100111111,184.7,70.0,155.6,88.9,88.9,22.2,4.0,9.0,1.0,343.6,343.6,276.9
65,PH,Diversified Machinery,230.0,81.2,-0.1,0.2,8.1,2.9,-0.9,5.7,29.4,82.0,139.0,230.0,289.7,-29.7,1.1,237.6,55.8,377.0,81.0,81.0,83.0,83.0,0.0,0.0,65.0,65.0,12,0.7999999999999972,EARLY_DOWN,OVEREXTENDED,MOMENTUM_DOWN,S5_TRASH,,,,,81.0,81.0,83.0,83.0,0.0,0.0,,0.0,0.0,0.0,0.0,65.0,65.0,,,,,,,111011111,001111111,184.7,70.0,155.6,88.9,88.9,66.7,4.0,9.0,1.0,343.6,343.6,321.4
66,XLK,Technology,160.4,78.0,-8.4,-3.9,-6.7,2.3,8.0,11.2,21.2,35.3,56.4,160.4,206.1,-3.6,1.2,143.1,36.3,307.4,102.0,102.0,104.0,104.0,0.0,0.0,66.0,66.0,4,2.3999999999999986,STRONG_DOWN,UPPER_RANGE,MOMENTUM_DOWN,S5_TRASH,,,,,102.0,102.0,104.0,104.0,0.0,0.0,,0.0,0.0,0.0,0.0,66.0,66.0,,,,,,,001111111,111101111,184.7,70.0,177.8,88.9,88.9,0.0,4.0,9.0,1.0,343.6,343.6,254.7
67,CAH,Healthcare Distribution,193.5,90.1,-4.0,-2.5,6.9,5.0,1.5,10.6,48.7,126.5,184.7,193.5,224.4,-81.7,1.1,160.3,24.2,340.5,88.0,88.0,90.0,90.0,0.0,0.0,67.0,67.0,4,4.5,EARLY_DOWN,OVEREXTENDED,MOMENTUM_DOWN,S5_TRASH,,,,,88.0,88.0,90.0,90.0,0.0,0.0,,0.0,0.0,0.0,0.0,67.0,67.0,,,,,,,011111111,000011111,162.5,70.0,111.1,111.1,111.1,66.7,5.0,9.0,1.0,343.6,343.6,299.2
68,KKR,Asset Management,134.0,30.6,4.6,6.5,9.7,3.1,-4.0,-18.9,-32.2,-20.8,13.1,134.0,478.9,-17.5,1.4,754.2,635.6,280.9,113.0,113.0,117.0,117.0,0.0,0.0,68.0,68.0,18,-209.69999999999993,EARLY_UP,MID_RANGE,MOMENTUM_UP,S2_EARLY_BREAKOUT,,,,,113.0,113.0,117.0,117.0,0.0,0.0,,0.0,0.0,0.0,0.0,68.0,68.0,,,,,,,111000011,111111110,162.5,70.0,177.8,111.1,111.1,88.9,5.0,9.0,1.0,343.6,343.6,321.4
69,MCK,Healthcare Distribution,177.1,67.4,5.8,4.9,12.2,1.4,-4.7,-4.2,5.5,45.6,124.3,177.1,285.1,-46.0,1.2,278.0,84.2,324.1,96.0,96.0,98.0,98.0,0.0,0.0,69.0,69.0,26,-12.799999999999997,STRONG_UP,UPPER_RANGE,MOMENTUM_UP,S1_LEADER,,,,,96.0,96.0,98.0,98.0,0.0,0.0,,0.0,0.0,0.0,0.0,69.0,69.0,,,,,,,111001111,000111111,162.5,70.0,133.3,111.1,111.1,88.9,5.0,9.0,1.0,343.6,343.6,321.4
70,SMCI,Computer Hardware,417.4,12.6,-2.4,-12.3,-28.8,-18.9,-22.6,-40.6,-69.0,67.9,251.6,417.4,3831.2,-73.1,1.4,6731.2,7808.9,564.4,47.0,47.0,51.0,51.0,0.0,0.0,70.0,70.0,5,653.6999999999998,STRONG_DOWN,LOWER,NEUTRAL,S5_TRASH,,,,,47.0,47.0,51.0,51.0,0.0,0.0,,0.0,0.0,0.0,0.0,70.0,70.0,,,,,,,000000111,001111110,118.0,110.0,133.3,111.1,111.1,88.9,5.0,9.0,1.0,339.1,339.1,316.9
71,PL,Aerospace & Defense,335.7,37.2,-8.0,-14.7,-41.1,-42.2,-29.3,49.3,455.4,351.0,,335.7,1005.8,-88.8,1.3,729.1,61.2,396.4,74.0,74.0,58.0,58.0,0.0,0.0,71.0,71.0,5,30.200000000000003,STRONG_DOWN,MID_RANGE,MOMENTUM_DOWN,S5_TRASH,,,,,74.0,74.0,58.0,58.0,0.0,0.0,,0.0,0.0,0.0,0.0,71.0,71.0,,,,,,,0000111-1,------111,161.0,110.0,200.0,66.7,66.7,66.7,2.0,3.0,0.5,337.7,337.7,337.7
72,QBTS,Quantum Computing,507.6,30.0,-6.4,-15.2,-34.8,-20.6,-25.1,-27.2,623.1,571.3,,507.6,1840.5,-110.7,1.5,2390.8,737.1,572.0,46.0,46.0,39.0,39.0,0.0,0.0,72.0,72.0,-6,251.70000000000005,STRONG_DOWN,MID_RANGE,MOMENTUM_DOWN,S5_TRASH,,,,,46.0,46.0,39.0,39.0,0.0,0.0,,0.0,0.0,0.0,0.0,72.0,72.0,,,,,,,0000011-1,-----0111,124.5,110.0,150.0,100.0,100.0,100.0,3.0,4.0,0.667,334.5,334.5,334.5
73,VST,Independent Power Producers,431.4,57.0,-3.0,-3.4,-0.7,-5.7,-10.3,-21.8,64.0,254.7,358.0,431.4,796.7,-76.3,1.3,973.8,368.3,563.0,48.0,48.0,50.0,50.0,0.0,0.0,73.0,73.0,-16,23.0,STRONG_UP,UPPER_RANGE,MOMENTUM_DOWN,S0_NEUTRAL,,,,,48.0,48.0,50.0,50.0,0.0,0.0,,0.0,0.0,0.0,0.0,73.0,73.0,,,,,,,000001111,-00011111,123.9,110.0,125.0,100.0,100.0,75.0,4.0,8.0,1.0,333.9,333.9,308.9
74,CASY,Retail Specialty Group,253.0,82.0,1.6,1.4,8.4,2.3,12.6,26.2,77.3,134.5,170.7,253.0,316.8,-38.6,1.1,188.0,32.2,400.0,72.0,72.0,75.0,75.0,0.0,0.0,74.0,74.0,6,-2.799999999999997,EARLY_UP,OVEREXTENDED,NEUTRAL,S0_NEUTRAL,,,,,72.0,72.0,75.0,75.0,0.0,0.0,,0.0,0.0,0.0,0.0,74.0,74.0,,,,,,,111111111,011011111,195.8,70.0,155.6,66.7,66.7,22.2,3.0,9.0,1.0,332.5,332.5,288.0
75,CTAS,Commercial Services,120.7,53.6,20.9,15.3,19.0,15.2,7.8,-1.6,-14.3,-1.4,17.7,120.7,229.6,-4.0,1.5,257.9,144.1,267.6,118.0,118.0,124.0,124.0,0.0,0.0,75.0,75.0,57,-143.6,STRONG_UP,UPPER_RANGE,MOMENTUM_UP,S1_LEADER,,,,,118.0,118.0,124.0,124.0,0.0,0.0,,0.0,0.0,0.0,0.0,75.0,75.0,,,,,,,111100011,111111110,173.60000000000002,70.0,177.8,88.9,88.9,0.0,4.0,9.0,1.0,332.5,332.5,243.6
76,MPC,Oil & Gas Refining & Marketing,292.0,100.0,0.1,8.3,17.0,17.2,37.0,44.7,51.1,109.8,245.2,292.0,292.1,-77.8,1.4,130.0,24.0,439.0,66.0,66.0,69.0,69.0,0.0,0.0,76.0,76.0,8,-5.600000000000001,STRONG_UP,OVEREXTENDED,MOMENTUM_UP,S1_LEADER,,,,,66.0,66.0,69.0,69.0,0.0,0.0,,0.0,0.0,0.0,0.0,76.0,76.0,,,,,,,111111111,100011101,173.6,70.0,111.1,88.9,88.9,66.7,4.0,9.0,1.0,332.5,332.5,310.3
77,TKO,Entertainment,183.4,63.9,0.7,0.7,-9.9,-11.8,-16.1,-15.6,11.3,50.8,76.7,183.4,307.5,-34.9,1.2,362.7,107.6,330.4,92.0,92.0,95.0,95.0,0.0,0.0,77.0,77.0,10,19.69999999999999,STRONG_DOWN,UPPER_RANGE,MOMENTUM_DOWN,S5_TRASH,,,,,92.0,92.0,95.0,95.0,0.0,0.0,,0.0,0.0,0.0,0.0,77.0,77.0,,,,,,,100001111,110011111,151.39999999999998,70.0,155.6,111.1,111.1,88.9,5.0,9.0,1.0,332.5,332.5,310.3
78,APO,Asset Management,153.1,37.2,2.6,3.0,0.3,-2.9,-6.4,-14.0,-27.7,-4.7,22.4,153.1,428.2,-9.1,1.3,596.2,422.9,300.1,103.0,103.0,106.0,106.0,0.0,0.0,78.0,78.0,7,-53.400000000000034,EARLY_UP,MID_RANGE,MOMENTUM_UP,S2_EARLY_BREAKOUT,,,,,103.0,103.0,106.0,106.0,0.0,0.0,,0.0,0.0,0.0,0.0,78.0,78.0,,,,,,,110000011,111111110,151.3,70.0,177.8,111.1,111.1,66.7,5.0,9.0,1.0,332.4,332.4,288.0
79,NRG,Independent Power Producers,306.0,56.1,-5.3,-4.9,-1.4,-11.6,-18.5,-25.0,32.9,102.5,147.8,306.0,554.2,-22.3,1.2,756.7,246.2,452.9,63.0,63.0,66.0,66.0,0.0,0.0,79.0,79.0,-15,33.0,EARLY_DOWN,UPPER_RANGE,MOMENTUM_DOWN,S5_TRASH,,,,,63.0,63.0,66.0,66.0,0.0,0.0,,0.0,0.0,0.0,0.0,79.0,79.0,,,,,,,000001111,110001111,129.1,110.0,133.3,88.9,88.9,88.9,4.0,9.0,1.0,328.0,328.0,328.0
80,GS,Investment Banking & Brokerage,242.1,92.1,1.7,4.4,6.1,10.1,12.2,21.5,88.4,121.7,187.7,242.1,265.3,-35.7,1.1,157.1,22.6,389.0,75.0,75.0,77.0,77.0,0.0,0.0,80.0,80.0,1,-1.0999999999999979,STRONG_UP,OVEREXTENDED,NEUTRAL,S0_NEUTRAL,,,,,75.0,75.0,77.0,77.0,0.0,0.0,,0.0,0.0,0.0,0.0,80.0,80.0,,,,,,,111111111,000111111,184.7,70.0,133.3,66.7,66.7,44.4,3.0,9.0,1.0,321.4,321.4,299.1
81,JPM,Diversified Banks,115.0,89.7,5.4,2.5,9.4,6.5,4.5,2.1,27.7,53.8,72.5,115.0,131.1,-22.3,1.1,110.8,22.1,262.0,120.0,120.0,126.0,126.0,0.0,0.0,81.0,81.0,1,-0.8999999999999986,STRONG_UP,OVEREXTENDED,MOMENTUM_UP,S1_LEADER,,,,,120.0,120.0,126.0,126.0,0.0,0.0,,0.0,0.0,0.0,0.0,81.0,81.0,,,,,,,111111111,110001111,184.7,70.0,133.3,66.7,66.7,22.2,3.0,9.0,1.0,321.4,321.4,276.9
82,OKE,Oil & Gas Midstream,139.9,56.9,4.0,4.0,9.1,2.2,5.8,9.2,-7.3,3.7,66.7,139.9,292.4,-60.3,1.2,208.9,119.6,286.9,111.0,111.0,115.0,115.0,0.0,0.0,82.0,82.0,10,-10.800000000000011,STRONG_UP,UPPER_RANGE,MOMENTUM_UP,S1_LEADER,,,,,111.0,111.0,115.0,115.0,0.0,0.0,,0.0,0.0,0.0,0.0,82.0,82.0,,,,,,,111110111,110111101,184.7,70.0,155.6,66.7,66.7,44.4,3.0,9.0,1.0,321.4,321.4,299.1
83,AMP,Asset Management,113.6,56.8,7.9,5.8,15.4,12.1,6.3,0.6,-12.4,-2.9,41.2,113.6,218.6,-24.3,1.3,206.9,113.5,260.6,121.0,121.0,127.0,127.0,0.0,0.0,83.0,83.0,41,-28.900000000000006,STRONG_UP,UPPER_RANGE,MOMENTUM_UP,S1_LEADER,,,,,121.0,121.0,127.0,127.0,0.0,0.0,,0.0,0.0,0.0,0.0,83.0,83.0,,,,,,,111110011,011111100,162.5,70.0,133.3,88.9,88.9,44.4,4.0,9.0,1.0,321.4,321.4,276.9
84,ASTS,Satellite Communications,444.2,36.9,-14.2,-24.4,-41.8,-39.8,-41.7,-29.0,453.5,496.8,,444.2,1328.4,-128.2,1.3,1648.8,471.0,526.1,52.0,52.0,48.0,48.0,0.0,0.0,84.0,84.0,4,212.7,STRONG_DOWN,MID_RANGE,MOMENTUM_DOWN,S5_TRASH,,,,,52.0,52.0,48.0,48.0,0.0,0.0,,0.0,0.0,0.0,0.0,84.0,84.0,,,,,,,0000011-1,----00111,110.5,110.0,120.0,100.0,100.0,100.0,3.0,5.0,0.833,320.5,320.5,320.5
85,IONQ,Quantum Computing,157.0,26.2,-9.5,-17.6,-40.3,-24.3,-23.9,-31.8,67.4,162.4,,157.0,660.4,-66.8,1.4,1050.6,477.1,220.5,146.0,146.0,105.0,105.0,0.0,0.0,85.0,85.0,-6,220.70000000000005,STRONG_DOWN,MID_RANGE,MOMENTUM_DOWN,S5_TRASH,,,,,146.0,146.0,105.0,105.0,0.0,0.0,,0.0,0.0,0.0,0.0,85.0,85.0,,,,,,,0000011-1,-----1111,149.5,70.0,200.0,100.0,100.0,100.0,3.0,4.0,0.667,319.5,319.5,319.5
86,OKLO,Theme (User Picks),151.3,14.8,-3.7,-14.1,-28.9,-32.6,-40.2,-51.1,102.2,151.3,,151.3,1320.1,-71.0,1.7,2948.1,1365.4,210.2,152.0,152.0,107.0,107.0,0.0,0.0,86.0,86.0,3,342.0000000000001,STRONG_DOWN,LOWER,MOMENTUM_DOWN,S5_TRASH,,,,,152.0,152.0,107.0,107.0,0.0,0.0,,0.0,0.0,0.0,0.0,86.0,86.0,,,,,,,0000011-1,------111,148.5,70.0,200.0,100.0,100.0,66.7,3.0,3.0,0.5,318.5,318.5,285.2
87,446770.KS,Semiconductors,277.7,68.1,-8.0,-6.0,-12.2,6.7,23.8,70.7,207.4,,,277.7,338.6,-13.1,1.4,136.2,15.6,324.8,94.0,94.0,72.0,72.0,0.0,0.0,87.0,87.0,-31,4.199999999999999,EARLY_DOWN,UPPER_RANGE,MOMENTUM_DOWN,S5_TRASH,,,,,94.0,94.0,72.0,72.0,0.0,0.0,,0.0,0.0,0.0,0.0,87.0,87.0,,,,,,,001111--1,-------11,180.4,70.0,200.0,66.7,66.7,33.3,2.0,2.0,0.333,317.1,317.1,283.7
88,WDC,Data Storage Devices,848.8,58.7,-16.7,-19.3,-18.0,2.6,43.9,191.8,670.7,865.0,895.6,848.8,1517.4,-100.9,1.4,497.0,2.4,995.8,17.0,17.0,17.0,17.0,0.0,0.0,88.0,88.0,3,4.1,STRONG_DOWN,UPPER_RANGE,MOMENTUM_DOWN,S5_TRASH,,,,,17.0,17.0,17.0,17.0,0.0,0.0,,0.0,0.0,0.0,0.0,88.0,88.0,,,,,,,001111111,000000011,118.0,150.0,44.4,44.4,44.4,44.4,2.0,9.0,1.0,312.4,312.4,312.4
89,GOOG,Internet Content & Information,214.6,77.5,-0.1,0.2,-2.9,-3.0,-1.2,17.9,57.9,79.8,120.1,214.6,280.7,-10.8,1.3,180.3,30.7,361.6,83.0,83.0,85.0,85.0,0.0,0.0,89.0,89.0,-21,4.300000000000001,EARLY_UP,UPPER_RANGE,NEUTRAL,S0_NEUTRAL,,,,,83.0,83.0,85.0,85.0,0.0,0.0,,0.0,0.0,0.0,0.0,89.0,89.0,,,,,,,100011111,111101111,173.60000000000002,70.0,177.8,66.7,66.7,44.4,3.0,9.0,1.0,310.3,310.3,288.0
90,VLO,Oil & Gas Refining & Marketing,192.6,99.5,2.0,7.5,15.3,14.8,33.2,55.4,73.5,107.1,173.1,192.6,194.5,-81.9,1.4,48.4,3.9,339.6,89.0,89.0,92.0,92.0,0.0,0.0,90.0,90.0,11,-0.8000000000000003,STRONG_UP,OVEREXTENDED,MOMENTUM_UP,S1_LEADER,,,,,89.0,89.0,92.0,92.0,0.0,0.0,,0.0,0.0,0.0,0.0,90.0,90.0,,,,,,,111111111,100011101,173.6,70.0,111.1,66.7,66.7,22.2,3.0,9.0,1.0,310.3,310.3,265.8
91,JCI,Building Products,150.2,82.7,-1.3,-0.5,1.7,-3.3,-1.0,5.8,44.4,54.7,97.3,150.2,189.0,-32.8,1.1,144.2,24.0,297.1,104.0,104.0,108.0,108.0,0.0,0.0,91.0,91.0,3,0.3000000000000007,STRONG_UP,OVEREXTENDED,NEUTRAL,S0_NEUTRAL,,,,,104.0,104.0,108.0,108.0,0.0,0.0,,0.0,0.0,0.0,0.0,91.0,91.0,,,,,,,010011111,001111011,151.4,70.0,133.3,88.9,88.9,22.2,4.0,9.0,1.0,310.3,310.3,243.6
92,GE,Aerospace & Defense,241.3,87.7,-4.7,-3.2,-0.5,4.8,2.5,5.0,72.9,214.4,308.9,241.3,276.5,-96.0,1.1,214.2,37.1,388.3,76.0,76.0,78.0,78.0,0.0,0.0,92.0,92.0,-9,7.700000000000003,EARLY_DOWN,OVEREXTENDED,MOMENTUM_DOWN,S5_TRASH,,,,,76.0,76.0,78.0,78.0,0.0,0.0,,0.0,0.0,0.0,0.0,92.0,92.0,,,,,,,001111111,001001111,151.39999999999998,70.0,111.1,88.9,88.9,66.7,4.0,9.0,1.0,310.3,310.3,288.1
93,FICO,Financial Technology,165.2,24.4,-0.3,-0.2,-0.1,4.5,-9.1,-22.5,-44.3,-3.3,13.2,165.2,694.1,-6.1,1.6,1265.8,1221.2,312.2,100.0,100.0,102.0,102.0,0.0,0.0,93.0,93.0,-21,176.0,EARLY_DOWN,MID_RANGE,MOMENTUM_DOWN,S5_TRASH,,,,,100.0,100.0,102.0,102.0,0.0,0.0,,0.0,0.0,0.0,0.0,93.0,93.0,,,,,,,001000011,111011110,129.1,70.0,155.6,111.1,111.1,111.1,5.0,9.0,1.0,310.2,310.2,310.2
94,TDG,Aerospace & Defense,177.8,54.2,-5.3,-4.1,-3.1,-3.3,-9.7,-16.8,-17.5,20.6,45.5,177.8,343.7,-21.8,1.3,458.4,213.4,324.7,95.0,95.0,97.0,97.0,0.0,0.0,94.0,94.0,-21,56.599999999999994,EARLY_DOWN,UPPER_RANGE,MOMENTUM_DOWN,S5_TRASH,,,,,95.0,95.0,97.0,97.0,0.0,0.0,,0.0,0.0,0.0,0.0,94.0,94.0,,,,,,,000000111,111101110,129.1,70.0,155.6,111.1,111.1,88.9,5.0,9.0,1.0,310.2,310.2,288.0
95,315960.KS,High Dividend,322.1,68.7,-8.6,-7.6,-17.1,2.1,22.7,96.1,220.0,270.3,312.2,322.1,448.6,-74.4,1.4,123.7,-10.2,417.4,70.0,70.0,64.0,64.0,0.0,0.0,95.0,95.0,-5,-1.8999999999999986,STRONG_DOWN,UPPER_RANGE,MOMENTUM_DOWN,S5_TRASH,,,,,70.0,70.0,64.0,64.0,0.0,0.0,,0.0,0.0,0.0,0.0,95.0,95.0,,,,,,,001111111,---000011,126.1,110.0,66.7,66.7,66.7,33.3,2.0,6.0,1.0,302.8,302.8,269.4
96,ETH-USD,Cryptocurrency,132.1,12.4,1.0,4.8,4.8,-9.6,-18.2,-37.6,-60.2,-75.9,60.2,132.1,1484.0,-71.9,1.8,2763.0,2893.4,244.5,129.0,129.0,119.0,119.0,0.0,0.0,96.0,96.0,11,-355.7999999999997,EARLY_UP,LOWER,NEUTRAL,S0_NEUTRAL,,,,,129.0,129.0,119.0,119.0,0.0,0.0,,0.0,0.0,0.0,0.0,96.0,96.0,,,,,,,110000011,--1110010,117.5,70.0,114.3,114.3,114.3,57.1,4.0,7.0,1.0,301.8,301.8,244.6
97,GOOGL,Internet Conglomerates,211.7,76.4,-0.8,-0.2,-3.6,-3.7,-1.5,18.2,59.6,81.6,121.9,211.7,281.0,-11.4,1.3,178.8,29.9,358.7,84.0,84.0,86.0,86.0,0.0,0.0,97.0,97.0,-28,5.099999999999998,EARLY_UP,UPPER_RANGE,NEUTRAL,S0_NEUTRAL,,,,,84.0,84.0,86.0,86.0,0.0,0.0,,0.0,0.0,0.0,0.0,97.0,97.0,,,,,,,000011111,111101111,162.5,70.0,177.8,66.7,66.7,44.4,3.0,9.0,1.0,299.2,299.2,276.9
98,ODFL,Trucking,132.1,53.2,6.1,4.7,6.5,7.0,15.1,29.9,-5.0,-15.4,5.0,132.1,254.8,-15.5,1.7,112.5,80.4,279.1,115.0,115.0,119.0,119.0,0.0,0.0,98.0,98.0,78,-47.3,EARLY_UP,UPPER_RANGE,MOMENTUM_UP,S2_EARLY_BREAKOUT,,,,,115.0,115.0,119.0,119.0,0.0,0.0,,0.0,0.0,0.0,0.0,98.0,98.0,,,,,,,111110011,111111000,162.5,70.0,133.3,66.7,66.7,44.4,3.0,9.0,1.0,299.2,299.2,276.9
99,RL,Apparel Manufacturing,142.8,87.1,-2.3,-1.2,2.3,1.1,0.8,6.3,65.2,122.6,157.0,142.8,174.7,-70.2,1.1,126.2,17.7,289.8,109.0,109.0,112.0,112.0,0.0,0.0,99.0,99.0,1,2.0,EARLY_DOWN,OVEREXTENDED,MOMENTUM_DOWN,S5_TRASH,,,,,109.0,109.0,112.0,112.0,0.0,0.0,,0.0,0.0,0.0,0.0,99.0,99.0,,,,,,,011111111,010001111,162.5,70.0,111.1,66.7,66.7,44.4,3.0,9.0,1.0,299.2,299.2,276.9
100,ABBV,Biotechnology,106.3,92.1,7.0,3.1,10.6,11.0,7.8,8.2,12.4,20.6,52.8,106.3,117.7,-24.8,1.2,82.6,19.4,253.2,127.0,127.0,132.0,132.0,0.0,0.0,100.0,100.0,10,0.5999999999999979,EARLY_DOWN,OVEREXTENDED,MOMENTUM_DOWN,S5_TRASH,,,,,127.0,127.0,132.0,132.0,0.0,0.0,,0.0,0.0,0.0,0.0,100.0,100.0,,,,,,,111111111,110111111,206.9,70.0,177.8,22.2,22.2,22.2,1.0,9.0,1.0,299.1,299.1,299.1
101,BK,Asset Servicing,141.6,100.0,3.1,2.3,4.9,7.3,12.3,22.1,85.4,122.5,151.3,141.6,142.0,-53.4,1.1,68.4,5.3,289.9,108.0,108.0,114.0,114.0,0.0,0.0,101.0,101.0,11,-0.10000000000000053,STRONG_UP,OVEREXTENDED,MOMENTUM_UP,S1_LEADER,,,,,108.0,108.0,114.0,114.0,0.0,0.0,,0.0,0.0,0.0,0.0,101.0,101.0,,,,,,,111111111,100011111,184.7,70.0,133.3,44.4,44.4,22.2,2.0,9.0,1.0,299.1,299.1,276.9
102,WELL,Healthcare REITs,132.7,100.0,6.6,4.8,13.8,10.6,13.0,18.3,63.4,95.5,120.5,132.7,133.2,-51.9,1.1,74.3,8.4,279.7,114.0,114.0,118.0,118.0,0.0,0.0,102.0,102.0,1,0.3000000000000007,STRONG_UP,OVEREXTENDED,MOMENTUM_DOWN,S3_LATE_EXHAUSTION,,,,,114.0,114.0,118.0,118.0,0.0,0.0,,0.0,0.0,0.0,0.0,102.0,102.0,,,,,,,111111111,110001111,184.7,70.0,133.3,44.4,44.4,22.2,2.0,9.0,1.0,299.1,299.1,276.9
103,TPR,Luxury Goods,240.2,80.2,3.1,3.0,2.6,-2.7,-2.4,10.6,136.7,186.1,293.4,240.2,323.5,-95.4,1.1,223.0,26.4,387.2,77.0,77.0,79.0,79.0,0.0,0.0,103.0,103.0,1,2.6999999999999993,EARLY_DOWN,OVEREXTENDED,MOMENTUM_DOWN,S5_TRASH,,,,,77.0,77.0,79.0,79.0,0.0,0.0,,0.0,0.0,0.0,0.0,103.0,103.0,,,,,,,110011111,000010111,140.2,70.0,88.9,88.9,88.9,44.4,4.0,9.0,1.0,299.1,299.1,254.6
104,COHR,N/A,381.3,57.4,-13.2,-14.1,-24.1,-17.8,-1.6,62.3,240.6,290.5,318.5,381.3,725.3,-81.6,1.5,357.4,33.0,528.3,51.0,51.0,53.0,53.0,0.0,0.0,104.0,104.0,-8,11.3,STRONG_DOWN,UPPER_RANGE,MOMENTUM_DOWN,S5_TRASH,,,,,51.0,51.0,53.0,53.0,0.0,0.0,,0.0,0.0,0.0,0.0,104.0,104.0,,,,,,,000011111,001000111,118.0,110.0,88.9,66.7,66.7,44.4,3.0,9.0,1.0,294.7,294.7,272.4
105,RIOT,Theme (User Picks),175.0,9.7,-1.7,-9.7,-27.2,-5.4,5.2,10.2,26.5,18.7,174.2,175.0,2693.0,-94.9,1.7,1435.6,706.9,318.2,97.0,97.0,99.0,99.0,0.0,0.0,105.0,105.0,-6,138.39999999999998,STRONG_DOWN,LOWER,MOMENTUM_DOWN,S5_TRASH,,,,,97.0,97.0,99.0,99.0,0.0,0.0,,0.0,0.0,0.0,0.0,105.0,105.0,,,,,,,000111111,-01110011,146.2,70.0,125.0,75.0,75.0,50.0,3.0,8.0,1.0,291.2,291.2,266.2
106,SOL-USD,Cryptocurrency,804.6,7.1,-0.2,-2.0,-3.6,-11.0,-21.2,-43.9,-40.7,-13.9,,804.6,11126.9,-44.7,1.6,24747.5,31126.8,880.0,23.0,23.0,20.0,20.0,0.0,0.0,106.0,106.0,-8,2491.5,EARLY_DOWN,LOWER,MOMENTUM_DOWN,S5_TRASH,,,,,23.0,23.0,20.0,20.0,0.0,0.0,,0.0,0.0,0.0,0.0,106.0,106.0,,,,,,,0000000-1,-----1010,74.5,150.0,100.0,66.7,66.7,66.7,2.0,4.0,0.667,291.2,291.2,291.2
107,NET,Information Technology,272.5,55.5,1.7,2.0,5.8,12.7,24.7,20.3,117.0,143.7,,272.5,451.4,-29.0,1.3,276.6,70.1,356.9,85.0,85.0,73.0,73.0,0.0,0.0,107.0,107.0,1,-0.7000000000000028,STRONG_UP,UPPER_RANGE,NEUTRAL,S0_NEUTRAL,,,,,85.0,85.0,73.0,73.0,0.0,0.0,,0.0,0.0,0.0,0.0,107.0,107.0,,,,,,,1111111-1,----00011,153.0,70.0,80.0,66.7,66.7,66.7,2.0,5.0,0.833,289.7,289.7,289.7
108,381180.KS,PHLX Semi,199.0,70.4,-6.9,-4.7,-11.1,9.4,28.4,59.6,123.5,192.7,,199.0,258.2,-10.3,1.5,98.8,16.2,259.8,122.0,122.0,89.0,89.0,0.0,0.0,108.0,108.0,1,3.0999999999999996,STRONG_DOWN,UPPER_RANGE,MOMENTUM_DOWN,S5_TRASH,,,,,122.0,122.0,89.0,89.0,0.0,0.0,,0.0,0.0,0.0,0.0,108.0,108.0,,,,,,,0011111-1,------111,186.0,70.0,200.0,33.3,33.3,33.3,1.0,3.0,0.5,289.3,289.3,289.3
109,PHM,Residential Construction,115.2,49.2,4.6,4.0,3.7,1.9,-1.8,-5.6,-16.8,23.2,46.5,115.2,254.9,-29.3,1.3,245.2,141.1,262.2,119.0,119.0,125.0,125.0,0.0,0.0,109.0,109.0,12,5.400000000000006,EARLY_DOWN,MID_RANGE,MOMENTUM_DOWN,S5_TRASH,,,,,119.0,119.0,125.0,125.0,0.0,0.0,,0.0,0.0,0.0,0.0,109.0,109.0,,,,,,,111000111,110101110,151.4,70.0,133.3,66.7,66.7,44.4,3.0,9.0,1.0,288.1,288.1,265.8
110,005930.KS,Consumer Electronics,333.5,63.2,-9.9,-10.0,-22.7,-3.5,21.2,109.9,210.2,223.4,240.4,333.5,583.6,-95.4,1.7,157.9,-15.7,480.4,58.0,58.0,59.0,59.0,0.0,0.0,110.0,110.0,-17,-4.299999999999999,STRONG_DOWN,UPPER_RANGE,MOMENTUM_DOWN,S5_TRASH,,,,,58.0,58.0,59.0,59.0,0.0,0.0,,0.0,0.0,0.0,0.0,110.0,110.0,,,,,,,000111111,-01100011,133.7,110.0,88.9,44.4,44.4,22.2,2.0,9.0,1.0,288.1,288.1,265.9
111,105560.KS,Banks,249.7,95.3,-4.7,-1.3,16.8,12.9,17.5,32.1,105.7,159.8,219.3,249.7,264.7,-46.2,1.1,138.9,16.9,396.7,73.0,73.0,76.0,76.0,0.0,0.0,111.0,111.0,-9,0.9999999999999982,STRONG_UP,OVEREXTENDED,NEUTRAL,S0_NEUTRAL,,,,,73.0,73.0,76.0,76.0,0.0,0.0,,0.0,0.0,0.0,0.0,111.0,111.0,,,,,,,011111111,100011111,173.60000000000002,70.0,133.3,44.4,44.4,44.4,2.0,9.0,1.0,288.0,288.0,288.0
112,ETN,Electrical Equipment,166.8,74.7,-4.2,-2.2,-2.2,-5.0,-0.4,-2.7,-2.5,33.8,84.3,166.8,227.3,-11.6,1.2,218.5,72.9,313.8,98.0,98.0,100.0,100.0,0.0,0.0,112.0,112.0,1,0.20000000000000284,STRONG_UP,UPPER_RANGE,MOMENTUM_DOWN,S0_NEUTRAL,,,,,98.0,98.0,100.0,100.0,0.0,0.0,,0.0,0.0,0.0,0.0,112.0,112.0,,,,,,,000000111,001111111,129.1,70.0,155.6,88.9,88.9,44.4,4.0,9.0,1.0,288.0,288.0,243.5
113,HUBB,Electrical Components & Equipment,110.5,65.9,-2.6,-1.3,1.4,-5.7,-6.4,-3.8,-5.2,23.3,61.3,110.5,180.6,-24.9,1.3,172.3,61.7,257.4,123.0,123.0,129.0,129.0,0.0,0.0,113.0,113.0,1,-1.0,EARLY_DOWN,UPPER_RANGE,MOMENTUM_DOWN,S5_TRASH,,,,,123.0,123.0,129.0,129.0,0.0,0.0,,0.0,0.0,0.0,0.0,113.0,113.0,,,,,,,010000111,000111111,129.1,70.0,133.3,88.9,88.9,44.4,4.0,9.0,1.0,288.0,288.0,243.5
114,KTOS,Aerospace & Defense,180.0,29.9,-0.8,-1.9,-8.3,-21.4,-28.5,-22.9,80.6,120.2,95.8,180.0,761.1,-66.8,1.5,930.9,219.71083596851344,325.2,93.0,93.0,96.0,96.0,0.0,0.0,114.0,114.0,1,0.0,STRONG_DOWN,MID_RANGE,MOMENTUM_DOWN,S5_TRASH,,,,,93.0,93.0,96.0,96.0,0.0,0.0,,0.0,0.0,0.0,0.0,114.0,114.0,10829279076.0,10.829,510.0,other,equity,data_raw,000001111,111000111,129.1,70.0,133.3,88.9,88.9,44.4,4.0,9.0,1.0,288.0,288.0,243.5
115,MSTR,Enterprise Software,142.2,9.8,0.0,-0.1,-18.1,-31.3,-36.5,-57.9,-47.8,13.4,88.2,142.2,2076.0,-66.6,1.8,8873.5,9290.6,289.2,110.0,110.0,113.0,113.0,0.0,0.0,115.0,115.0,1,734.2000000000007,EARLY_UP,LOWER,NEUTRAL,S0_NEUTRAL,,,,,110.0,110.0,113.0,113.0,0.0,0.0,,0.0,0.0,0.0,0.0,115.0,115.0,,,,,,,000000111,001100111,106.89999999999999,70.0,111.1,111.1,111.1,88.9,5.0,9.0,1.0,288.0,288.0,265.8
116,GLW,Electronic Components,383.7,52.7,-15.3,-16.5,-19.1,-11.1,10.1,58.7,231.2,280.8,327.7,383.7,780.7,-58.2,1.2,361.7,29.0,530.6,50.0,50.0,52.0,52.0,0.0,0.0,116.0,116.0,-11,12.2,EARLY_DOWN,UPPER_RANGE,MOMENTUM_DOWN,S5_TRASH,,,,,50.0,50.0,52.0,52.0,0.0,0.0,,0.0,0.0,0.0,0.0,116.0,116.0,,,,,,,000111111,100010011,129.1,110.0,88.9,44.4,44.4,44.4,2.0,9.0,1.0,283.5,283.5,283.5
117,COR,Biotechnology,106.4,55.7,2.6,2.0,11.7,0.8,-9.1,-12.2,-9.0,11.1,53.2,106.4,218.4,-33.7,1.2,264.0,98.3,253.4,126.0,126.0,131.0,131.0,0.0,0.0,117.0,117.0,6,-3.0,STRONG_UP,UPPER_RANGE,MOMENTUM_DOWN,S0_NEUTRAL,,,,,126.0,126.0,131.0,131.0,0.0,0.0,,0.0,0.0,0.0,0.0,117.0,117.0,,,,,,,111000111,00-111110,146.2,70.0,111.1,66.7,66.7,22.2,3.0,9.0,1.0,282.9,282.9,238.4
118,GEV,Electrical Equipment,192.8,69.4,-6.6,-4.5,0.4,-1.2,12.5,34.8,,,,192.8,230.7,-7.2,1.3,170.0,35.7,218.1,148.0,148.0,91.0,91.0,0.0,0.0,118.0,118.0,-12,6.100000000000001,EARLY_DOWN,UPPER_RANGE,MOMENTUM_DOWN,S5_TRASH,,,,,148.0,148.0,91.0,91.0,0.0,0.0,,0.0,0.0,0.0,0.0,118.0,118.0,,,,,,,01011---1,--------1,173.7,70.0,200.0,33.3,33.3,33.3,1.0,1.0,0.167,277.0,277.0,277.0
119,BAESY,Aerospace & Defense,111.7,62.6,-1.0,-1.0,-5.0,-15.0,-8.6,-11.3,13.8,59.6,108.2,111.7,218.5,-65.9,1.2,229.4,52.88213420767205,256.9,124.0,124.0,128.0,128.0,0.0,0.0,119.0,119.0,3,0.0,STRONG_DOWN,UPPER_RANGE,NEUTRAL,S5_TRASH,,,,,124.0,124.0,128.0,128.0,0.0,0.0,,0.0,0.0,0.0,0.0,119.0,119.0,74978064439.82,74.978,171.0,large,equity,data_raw,000001111,000011111,118.0,70.0,111.1,88.9,88.9,0.0,4.0,9.0,1.0,276.9,276.9,188.0
120,ADI,Semiconductors,124.2,66.7,-6.8,-3.3,-3.7,-2.9,4.3,22.0,36.1,46.9,65.4,124.2,190.7,-7.8,1.6,94.9,18.5,271.2,117.0,117.0,123.0,123.0,0.0,0.0,120.0,120.0,-3,0.1999999999999993,EARLY_UP,UPPER_RANGE,NEUTRAL,S0_NEUTRAL,,,,,117.0,117.0,123.0,123.0,0.0,0.0,,0.0,0.0,0.0,0.0,120.0,120.0,,,,,,,000111111,111-11111,183.7,70.0,177.8,22.2,22.2,0.0,1.0,9.0,1.0,275.9,275.9,253.7
121,PGR,Property & Casualty Insurance,149.3,48.4,-14.1,-10.3,-0.7,-2.6,-5.0,-8.2,-15.1,7.1,31.3,149.3,319.6,-10.0,1.4,403.9,221.5,296.3,105.0,105.0,109.0,109.0,0.0,0.0,121.0,121.0,-59,94.4,EARLY_DOWN,MID_RANGE,MOMENTUM_DOWN,S5_TRASH,,,,,105.0,105.0,109.0,109.0,0.0,0.0,,0.0,0.0,0.0,0.0,121.0,121.0,,,,,,,000000111,111-11110,137.8,70.0,155.6,66.7,66.7,22.2,3.0,9.0,1.0,274.5,274.5,230.0
122,AXP,Consumer Finance,79.1,70.1,7.3,3.7,9.8,8.5,3.4,-0.5,14.3,27.4,47.6,79.1,125.3,-28.1,1.3,110.1,35.1,226.1,142.0,142.0,149.0,149.0,0.0,0.0,122.0,122.0,27,-7.0,STRONG_UP,UPPER_RANGE,MOMENTUM_UP,S1_LEADER,,,,,142.0,142.0,149.0,149.0,0.0,0.0,,0.0,0.0,0.0,0.0,122.0,122.0,,,,,,,111101111,110001111,173.60000000000002,30.0,133.3,66.7,66.7,0.0,3.0,9.0,1.0,270.3,270.3,203.6
123,BLDR,Building Materials,40.8,9.6,1.4,3.9,-2.0,-5.7,-18.8,-34.5,-75.5,-75.0,-38.0,40.8,761.1,-34.7,1.5,2060.1,3351.1,187.8,170.0,170.0,176.0,176.0,0.0,0.0,123.0,123.0,10,22.40000000000009,EARLY_DOWN,LOWER,MOMENTUM_DOWN,S5_TRASH,,,,,170.0,170.0,176.0,176.0,0.0,0.0,,0.0,0.0,0.0,0.0,123.0,123.0,,,,,,,100000001,011111100,106.9,30.0,133.3,133.3,133.3,88.9,6.0,9.0,1.0,270.2,270.2,225.8
124,MELI,Internet Retail,138.9,26.6,0.5,0.8,7.1,1.0,-5.6,-19.3,-31.6,-28.4,-29.5,138.9,549.4,-11.6,1.4,866.6,656.0,285.9,112.0,112.0,116.0,116.0,0.0,0.0,124.0,124.0,11,-55.39999999999998,STRONG_UP,MID_RANGE,NEUTRAL,S0_NEUTRAL,,,,,112.0,112.0,116.0,116.0,0.0,0.0,,0.0,0.0,0.0,0.0,124.0,124.0,,,,,,,111000001,111100110,129.1,70.0,133.3,66.7,66.7,44.4,3.0,9.0,1.0,265.8,265.8,243.5
125,NUE,Steel,109.7,73.0,6.3,4.2,0.8,5.7,15.0,30.9,18.6,14.9,85.7,109.7,169.7,-51.6,1.9,42.1,10.3,256.7,125.0,125.0,130.0,130.0,0.0,0.0,125.0,125.0,55,-2.0,EARLY_UP,UPPER_RANGE,MOMENTUM_UP,S2_EARLY_BREAKOUT,,,,,125.0,125.0,130.0,130.0,0.0,0.0,,0.0,0.0,0.0,0.0,125.0,125.0,,,,,,,111111111,000111000,151.3,70.0,66.7,44.4,44.4,44.4,2.0,9.0,1.0,265.7,265.7,265.7
126,LINK-USD,Cryptocurrency,319.7,4.9,0.4,5.7,3.5,-5.9,-14.5,-37.3,-66.5,-83.3,-76.8,319.7,7258.0,-53.1,1.7,14914.0,18537.8,432.0,68.0,68.0,65.0,65.0,0.0,0.0,126.0,126.0,57,-1912.2999999999993,EARLY_UP,LOWER,MOMENTUM_UP,S4_BOTTOMING,,,,,68.0,68.0,65.0,65.0,0.0,0.0,,0.0,0.0,0.0,0.0,126.0,126.0,,,,,,,110000001,--1100010,92.19999999999999,110.0,85.7,57.1,57.1,57.1,2.0,7.0,1.0,259.3,259.3,259.3
127,CF,Fertilizers & Agricultural Chemicals,86.1,51.4,2.3,2.0,7.4,-3.6,9.0,17.4,14.2,7.8,51.9,86.1,221.2,-55.7,1.6,92.4,31.7,233.1,139.0,139.0,146.0,146.0,0.0,0.0,127.0,127.0,12,-6.800000000000001,STRONG_UP,UPPER_RANGE,NEUTRAL,S0_NEUTRAL,,,,,139.0,139.0,146.0,146.0,0.0,0.0,,0.0,0.0,0.0,0.0,127.0,127.0,,,,,,,110111111,100111001,162.5,30.0,111.1,66.7,66.7,22.2,3.0,9.0,1.0,259.2,259.2,214.7
128,LYV,Entertainment,62.1,60.9,1.0,0.6,1.8,4.1,7.0,5.9,18.9,16.0,21.0,62.1,117.4,-22.9,1.3,77.9,24.3,209.0,154.0,154.0,159.0,159.0,0.0,0.0,128.0,128.0,12,4.300000000000001,EARLY_DOWN,UPPER_RANGE,MOMENTUM_DOWN,S5_TRASH,,,,,154.0,154.0,159.0,159.0,0.0,0.0,,0.0,0.0,0.0,0.0,128.0,128.0,,,,,,,111111111,111100011,184.7,30.0,133.3,44.4,44.4,0.0,2.0,9.0,1.0,259.1,259.1,214.7
129,032830.KS,Insurance,288.1,58.6,-2.1,-2.3,-16.7,6.9,32.8,75.8,229.0,316.3,361.4,288.1,561.6,-98.3,1.2,147.2,-13.3,435.1,67.0,67.0,70.0,70.0,0.0,0.0,129.0,129.0,-32,-2.5,STRONG_DOWN,UPPER_RANGE,MOMENTUM_DOWN,S5_TRASH,,,,,67.0,67.0,70.0,70.0,0.0,0.0,,0.0,0.0,0.0,0.0,129.0,129.0,,,,,,,001111111,000010111,140.2,70.0,88.9,44.4,44.4,22.2,2.0,9.0,1.0,254.6,254.6,232.4
130,KLAC,Semiconductor Equipment,-101.1,0.1,-0.4,-4.7,-52.9,-74.3,-82.4,-87.7,-105.2,-114.8,-117.9,-101.1,1362.7,-101.5,1.2,0.0,42083.8,45.9,461.0,461.0,496.0,496.0,0.0,0.0,130.0,130.0,6,326.6000000000058,STRONG_DOWN,LOWER,MOMENTUM_UP,S4_BOTTOMING,,,,,461.0,461.0,496.0,496.0,0.0,0.0,,0.0,0.0,0.0,0.0,130.0,130.0,,,,,,,000000000,011111110,95.8,0.0,155.6,155.6,155.6,111.1,7.0,9.0,1.0,251.4,251.4,206.9
131,006800.KS,Securities,327.0,39.6,-2.8,-4.6,-21.0,-34.7,-20.3,24.9,264.3,325.6,342.6,327.0,974.3,-97.4,1.3,702.9,43.0,474.0,60.0,60.0,61.0,61.0,0.0,0.0,131.0,131.0,-1,13.600000000000001,STRONG_DOWN,MID_RANGE,NEUTRAL,S5_TRASH,,,,,60.0,60.0,61.0,61.0,0.0,0.0,,0.0,0.0,0.0,0.0,131.0,131.0,,,,,,,000011111,000000011,95.8,110.0,44.4,44.4,44.4,44.4,2.0,9.0,1.0,250.2,250.2,250.2
132,WMT,Hypermarkets & Super Centers,72.0,55.5,2.4,1.5,3.1,-8.2,-10.2,-6.0,16.2,37.1,39.6,72.0,152.9,-28.0,1.2,164.0,50.4,219.0,147.0,147.0,153.0,153.0,0.0,0.0,132.0,132.0,15,-7.300000000000004,EARLY_UP,UPPER_RANGE,MOMENTUM_UP,S2_EARLY_BREAKOUT,,,,,147.0,147.0,153.0,153.0,0.0,0.0,,0.0,0.0,0.0,0.0,132.0,132.0,,,,,,,110001111,110010111,151.4,30.0,133.3,66.7,66.7,0.0,3.0,9.0,1.0,248.1,248.1,181.4
133,AJG,Insurance Brokers,34.4,27.3,1.8,1.7,15.6,13.4,5.7,-8.0,-34.6,-34.4,-19.5,34.4,215.4,-33.0,2.2,303.0,323.2,181.4,180.0,180.0,186.0,186.0,0.0,0.0,133.0,133.0,5,-4.100000000000023,STRONG_UP,MID_RANGE,MOMENTUM_DOWN,S0_NEUTRAL,,,,,180.0,180.0,186.0,186.0,0.0,0.0,,0.0,0.0,0.0,0.0,133.0,133.0,,,,,,,111100001,111111100,151.39999999999998,30.0,155.6,66.7,66.7,0.0,3.0,9.0,1.0,248.1,248.1,181.4
134,IRDM,Satellite Communications,5.3,39.3,-4.6,-6.4,-9.2,11.1,59.0,81.3,31.1,-13.0,-30.6,5.3,235.3,-142.6,3.1,-187.0,-88.8,152.3,215.0,215.0,232.0,232.0,0.0,0.0,134.0,134.0,-9,-21.099999999999994,EARLY_DOWN,MID_RANGE,MOMENTUM_DOWN,S5_TRASH,,,,,215.0,215.0,232.0,232.0,0.0,0.0,,0.0,0.0,0.0,0.0,134.0,134.0,,,,,,,001111001,111110000,129.2,30.0,111.1,88.9,88.9,22.2,4.0,9.0,1.0,248.1,248.1,181.4
135,RCL,Travel Services,91.1,60.9,3.4,3.5,-1.0,-1.5,-6.2,-12.1,34.6,140.4,150.1,91.1,219.6,-108.0,1.3,192.4,56.2,238.0,135.0,135.0,142.0,142.0,0.0,0.0,135.0,135.0,17,-6.0,EARLY_DOWN,UPPER_RANGE,MOMENTUM_DOWN,S5_TRASH,,,,,135.0,135.0,142.0,142.0,0.0,0.0,,0.0,0.0,0.0,0.0,135.0,135.0,,,,,,,100001111,100001111,129.2,30.0,111.1,88.9,88.9,66.7,4.0,9.0,1.0,248.1,248.1,225.9
136,COST,Hypermarkets & Super Centers,91.0,48.8,5.3,3.7,1.3,-7.0,-7.3,-10.4,-16.4,-5.9,15.2,91.0,205.0,-17.8,1.3,274.9,149.1,238.0,135.0,135.0,143.0,143.0,0.0,0.0,136.0,136.0,14,4.0,STRONG_DOWN,MID_RANGE,MOMENTUM_UP,S4_BOTTOMING,,,,,135.0,135.0,143.0,143.0,0.0,0.0,,0.0,0.0,0.0,0.0,136.0,136.0,,,,,,,110000011,111111110,151.3,30.0,177.8,66.7,66.7,0.0,3.0,9.0,1.0,248.0,248.0,181.3
137,487240.KS,Korea AI Power,125.0,33.2,-5.7,-7.8,-29.1,-26.3,-9.3,29.7,,,,125.0,341.8,-21.3,1.2,276.9,49.2,146.3,229.0,229.0,122.0,122.0,0.0,0.0,137.0,137.0,-6,15.800000000000004,STRONG_DOWN,MID_RANGE,MOMENTUM_DOWN,S5_TRASH,,,,,229.0,229.0,122.0,122.0,0.0,0.0,,0.0,0.0,0.0,0.0,137.0,137.0,,,,,,,00001---1,--------1,140.3,70.0,200.0,33.3,33.3,33.3,1.0,1.0,0.167,243.6,243.6,243.6
138,INSM,Biotechnology,191.5,36.3,-4.2,-6.5,1.1,-17.7,-28.0,-32.5,70.3,155.5,160.4,191.5,673.7,-82.7,1.3,916.7,336.3,338.5,90.0,90.0,93.0,93.0,0.0,0.0,138.0,138.0,-4,47.5,EARLY_DOWN,MID_RANGE,MOMENTUM_DOWN,S5_TRASH,,,,,90.0,90.0,93.0,93.0,0.0,0.0,,0.0,0.0,0.0,0.0,138.0,138.0,,,,,,,010001111,000000111,106.89999999999999,70.0,66.7,66.7,66.7,66.7,3.0,9.0,1.0,243.6,243.6,243.6
139,CMI,Industrial Machinery,166.1,77.8,-6.4,-3.6,-2.0,-1.6,2.2,23.8,74.2,102.8,121.5,166.1,223.8,-35.6,1.2,116.7,13.4,313.1,99.0,99.0,101.0,101.0,0.0,0.0,139.0,139.0,-12,1.700000000000001,EARLY_DOWN,UPPER_RANGE,MOMENTUM_DOWN,S5_TRASH,,,,,99.0,99.0,101.0,101.0,0.0,0.0,,0.0,0.0,0.0,0.0,139.0,139.0,,,,,,,000111111,000010111,129.1,70.0,88.9,44.4,44.4,22.2,2.0,9.0,1.0,243.5,243.5,221.3
140,MSCI,Financial Index & Analytics,77.4,28.9,6.1,5.9,4.4,4.2,2.8,1.2,-15.7,-32.1,-32.7,77.4,285.4,-7.2,1.3,246.9,205.0,224.4,143.0,143.0,150.0,150.0,0.0,0.0,140.0,140.0,42,-59.80000000000001,EARLY_UP,MID_RANGE,MOMENTUM_UP,S2_EARLY_BREAKOUT,,,,,143.0,143.0,150.0,150.0,0.0,0.0,,0.0,0.0,0.0,0.0,140.0,140.0,,,,,,,111110001,11111-000,146.2,30.0,111.1,66.7,66.7,44.4,3.0,9.0,1.0,242.9,242.9,220.6
141,DXCM,Healthcare,-52.7,10.1,1.8,4.6,8.9,12.8,7.7,2.2,-41.6,-73.3,-92.6,-52.7,399.3,-102.9,1.9,0.0,60.4,94.3,324.0,324.0,355.0,355.0,0.0,0.0,141.0,141.0,13,-42.4,STRONG_UP,LOWER,MOMENTUM_UP,S0_NEUTRAL,,,,,324.0,324.0,355.0,355.0,0.0,0.0,,0.0,0.0,0.0,0.0,141.0,141.0,,,,,,,111110000,111110000,129.2,0.0,111.1,111.1,111.1,66.7,5.0,9.0,1.0,240.3,240.3,195.9
142,ARM,Semiconductors,95.8,42.1,-18.7,-18.4,-28.9,4.1,54.6,58.3,,,,95.8,209.4,-70.9,3.0,-8.8,4.3,129.5,251.0,251.0,137.0,137.0,0.0,0.0,142.0,142.0,-22,1.0,STRONG_DOWN,MID_RANGE,MOMENTUM_DOWN,S5_TRASH,,,,,251.0,251.0,137.0,137.0,0.0,0.0,,0.0,0.0,0.0,0.0,142.0,142.0,,,,,,,00111---1,--------1,173.7,30.0,200.0,33.3,33.3,0.0,1.0,1.0,0.167,237.0,237.0,203.7
143,HPE,Hardware & Equipment,146.4,69.2,-9.2,-6.5,-0.5,31.6,58.0,73.5,107.0,130.6,159.3,146.4,238.4,-67.1,1.8,-8.3,-15.0,293.3,107.0,107.0,111.0,111.0,0.0,0.0,143.0,143.0,-6,2.3000000000000007,STRONG_UP,UPPER_RANGE,NEUTRAL,S0_NEUTRAL,,,,,107.0,107.0,111.0,111.0,0.0,0.0,,0.0,0.0,0.0,0.0,143.0,143.0,,,,,,,001111111,-00011101,144.8,70.0,88.9,22.2,22.2,22.2,1.0,9.0,1.0,237.0,237.0,237.0
144,MSFT,Software,49.1,28.7,6.1,4.7,-4.1,-5.3,-10.0,-22.2,-37.8,-41.1,-36.9,49.1,201.5,-12.1,1.4,429.2,330.5,196.0,163.0,163.0,169.0,169.0,0.0,0.0,144.0,144.0,16,-72.30000000000001,EARLY_UP,MID_RANGE,MOMENTUM_UP,S2_EARLY_BREAKOUT,,,,,163.0,163.0,169.0,169.0,0.0,0.0,,0.0,0.0,0.0,0.0,144.0,144.0,,,,,,,100000001,111111010,118.0,30.0,155.6,88.9,88.9,22.2,4.0,9.0,1.0,236.9,236.9,170.2
145,PCAR,Farm & Heavy Construction Machinery,57.5,64.7,4.2,2.2,10.3,4.8,1.7,9.4,2.0,27.2,38.9,57.5,112.5,-42.1,1.4,55.5,24.1,204.4,157.0,157.0,163.0,163.0,0.0,0.0,145.0,145.0,8,-2.3999999999999986,STRONG_UP,UPPER_RANGE,MOMENTUM_UP,S1_LEADER,,,,,157.0,157.0,163.0,163.0,0.0,0.0,,0.0,0.0,0.0,0.0,145.0,145.0,,,,,,,111111111,000011110,162.4,30.0,88.9,44.4,44.4,0.0,2.0,9.0,1.0,236.8,236.8,192.4
146,XRP-USD,Cryptocurrency,18.3,8.1,0.1,0.4,-4.9,-16.5,-26.5,-47.4,-13.3,-1.9,35.9,18.3,898.4,-75.3,1.7,3089.0,2650.7,130.7,246.0,246.0,206.0,206.0,0.0,0.0,146.0,146.0,-3,140.89999999999964,EARLY_UP,LOWER,NEUTRAL,S0_NEUTRAL,,,,,246.0,246.0,206.0,206.0,0.0,0.0,,0.0,0.0,0.0,0.0,146.0,146.0,,,,,,,100000011,--0110111,120.7,30.0,142.9,85.7,85.7,57.1,3.0,7.0,1.0,236.4,236.4,207.8
147,AMCR,Packaging & Containers,299.3,81.5,4.1,4.4,11.0,8.0,63.4,223.4,303.6,288.3,292.6,299.3,398.6,-134.7,2.6,55.9,-21.4,446.3,64.0,64.0,67.0,67.0,0.0,0.0,147.0,147.0,17,1.3000000000000007,EARLY_DOWN,OVEREXTENDED,MOMENTUM_DOWN,S5_TRASH,,,,,64.0,64.0,67.0,67.0,0.0,0.0,,0.0,0.0,0.0,0.0,147.0,147.0,,,,,,,111111111,000010001,140.2,70.0,44.4,22.2,22.2,22.2,1.0,9.0,1.0,232.4,232.4,232.4
148,DD,Specialty Chemicals,282.1,92.8,-0.1,0.2,89.7,135.3,160.7,227.4,284.6,314.1,343.6,282.1,312.5,-103.7,2.1,-58.6,-20.7,429.1,69.0,69.0,71.0,71.0,0.0,0.0,148.0,148.0,-19,-2.5,EARLY_DOWN,OVEREXTENDED,MOMENTUM_DOWN,S5_TRASH,,,,,69.0,69.0,71.0,71.0,0.0,0.0,,0.0,0.0,0.0,0.0,148.0,148.0,,,,,,,111111111,000010001,140.2,70.0,44.4,22.2,22.2,22.2,1.0,9.0,1.0,232.4,232.4,232.4
149,CPRT,Specialty Business Services,-79.4,2.4,2.4,3.4,-6.9,-15.5,-24.8,-37.7,-74.9,-88.1,-102.0,-79.4,215.5,-86.2,3.1,0.0,4942.4,67.5,392.0,392.0,430.0,430.0,0.0,0.0,149.0,149.0,18,-324.90000000000055,STRONG_DOWN,LOWER,MOMENTUM_DOWN,S5_TRASH,,,,,392.0,392.0,430.0,430.0,0.0,0.0,,0.0,0.0,0.0,0.0,149.0,149.0,,,,,,,100000000,111101100,95.80000000000001,0.0,133.3,133.3,133.3,44.4,6.0,9.0,1.0,229.1,229.1,140.2
150,ON,Semiconductors,91.4,35.5,-7.4,-7.6,-16.8,-6.3,12.8,32.7,0.8,-17.1,26.1,91.4,342.5,-46.0,2.9,74.6,57.5,238.3,134.0,134.0,141.0,141.0,0.0,0.0,150.0,150.0,-24,5.0,STRONG_DOWN,MID_RANGE,NEUTRAL,S5_TRASH,,,,,134.0,134.0,141.0,141.0,0.0,0.0,,0.0,0.0,0.0,0.0,150.0,150.0,,,,,,,000111011,110111000,129.2,30.0,111.1,66.7,66.7,66.7,3.0,9.0,1.0,225.9,225.9,225.9
151,PM,Tobacco,41.5,79.7,11.3,5.1,8.6,8.3,4.9,6.8,34.5,43.8,61.4,41.5,67.0,-56.2,1.3,40.9,3.7,188.5,169.0,169.0,175.0,175.0,0.0,0.0,151.0,151.0,5,0.20000000000000018,EARLY_DOWN,UPPER_RANGE,MOMENTUM_UP,S0_NEUTRAL,,,,,169.0,169.0,175.0,175.0,0.0,0.0,,0.0,0.0,0.0,0.0,151.0,151.0,,,,,,,111111111,000011111,173.6,30.0,111.1,22.2,22.2,0.0,1.0,9.0,1.0,225.8,225.8,203.6
152,PSX,Oil & Gas Refining & Marketing,76.8,83.7,12.2,7.4,13.7,9.4,19.5,28.9,23.9,53.9,80.9,76.8,106.9,-74.9,1.4,12.7,3.4,223.7,144.0,144.0,151.0,151.0,0.0,0.0,152.0,152.0,46,-2.8000000000000003,STRONG_UP,OVEREXTENDED,NEUTRAL,S0_NEUTRAL,,,,,144.0,144.0,151.0,151.0,0.0,0.0,,0.0,0.0,0.0,0.0,152.0,152.0,,,,,,,111111111,010011101,173.6,30.0,111.1,22.2,22.2,22.2,1.0,9.0,1.0,225.8,225.8,225.8
153,VTR,Healthcare REITs,21.8,89.0,13.7,5.4,11.3,6.9,8.2,15.0,37.3,46.6,47.6,21.8,33.5,-67.0,1.4,-7.1,-5.9,168.7,195.0,195.0,201.0,201.0,0.0,0.0,153.0,153.0,4,0.39999999999999947,STRONG_UP,OVEREXTENDED,MOMENTUM_DOWN,S3_LATE_EXHAUSTION,,,,,195.0,195.0,201.0,201.0,0.0,0.0,,0.0,0.0,0.0,0.0,153.0,153.0,,,,,,,111111111,100001111,173.6,30.0,111.1,22.2,22.2,0.0,1.0,9.0,1.0,225.8,225.8,203.6
154,KMI,Oil & Gas Midstream,62.8,68.8,3.1,1.8,4.2,-2.8,-2.0,1.1,15.2,34.8,62.8,62.8,118.9,-59.1,1.2,89.2,26.2,209.7,153.0,153.0,158.0,158.0,0.0,0.0,154.0,154.0,5,0.5999999999999979,STRONG_UP,UPPER_RANGE,MOMENTUM_UP,S1_LEADER,,,,,153.0,153.0,158.0,158.0,0.0,0.0,,0.0,0.0,0.0,0.0,154.0,154.0,,,,,,,110011111,000011111,151.39999999999998,30.0,111.1,44.4,44.4,0.0,2.0,9.0,1.0,225.8,225.8,181.4
155,WAB,Rail Equipment,51.1,78.6,3.0,1.6,1.7,-2.9,0.0,7.9,22.2,55.0,81.8,51.1,82.8,-63.6,1.2,42.9,9.2,198.0,158.0,158.0,164.0,164.0,0.0,0.0,155.0,155.0,17,-0.6000000000000014,STRONG_DOWN,UPPER_RANGE,MOMENTUM_UP,S0_NEUTRAL,,,,,158.0,158.0,164.0,164.0,0.0,0.0,,0.0,0.0,0.0,0.0,155.0,155.0,,,,,,,110011111,000011111,151.39999999999998,30.0,111.1,44.4,44.4,0.0,2.0,9.0,1.0,225.8,225.8,181.4
156,ORLY,Auto Parts,34.4,41.1,0.7,0.5,-3.5,-10.7,-13.8,-20.6,-27.6,-20.4,-1.7,34.4,154.4,-48.4,1.3,241.0,133.5,181.4,180.0,180.0,186.0,186.0,0.0,0.0,156.0,156.0,21,6.400000000000006,STRONG_DOWN,MID_RANGE,MOMENTUM_DOWN,S5_TRASH,,,,,180.0,180.0,186.0,186.0,0.0,0.0,,0.0,0.0,0.0,0.0,156.0,156.0,,,,,,,100000001,111111110,129.1,30.0,177.8,66.7,66.7,0.0,3.0,9.0,1.0,225.8,225.8,159.1
157,SNPS,Electronic Design Automation Software,39.0,13.8,-5.8,-5.9,-11.6,-12.9,-14.3,-23.5,-51.7,-58.0,-47.5,39.0,309.4,-4.1,1.8,859.7,1017.4,186.0,173.0,173.0,179.0,179.0,0.0,0.0,157.0,157.0,4,296.5,STRONG_DOWN,LOWER,MOMENTUM_DOWN,S5_TRASH,,,,,173.0,173.0,179.0,179.0,0.0,0.0,,0.0,0.0,0.0,0.0,157.0,157.0,,,,,,,000000001,111111100,106.9,30.0,155.6,88.9,88.9,66.7,4.0,9.0,1.0,225.8,225.8,203.6
158,DDOG,Software-Infrastructure,101.7,65.8,2.8,2.4,-3.0,45.7,69.2,67.1,74.3,69.1,,101.7,147.3,-87.1,3.1,-46.1,-16.2,186.2,172.0,172.0,133.0,133.0,0.0,0.0,158.0,158.0,86,0.8000000000000007,STRONG_UP,UPPER_RANGE,MOMENTUM_DOWN,S0_NEUTRAL,,,,,172.0,172.0,133.0,133.0,0.0,0.0,,0.0,0.0,0.0,0.0,158.0,158.0,,,,,,,1011111-1,----00001,120.5,70.0,40.0,33.3,33.3,0.0,1.0,5.0,0.833,223.8,223.8,190.5
159,META,Internet Content & Information,63.6,59.2,-0.4,-0.2,9.7,6.1,-1.0,-10.1,-2.7,55.1,49.7,63.6,170.6,-91.5,1.3,160.6,72.5,210.6,151.0,151.0,157.0,157.0,0.0,0.0,159.0,159.0,3,-22.799999999999997,STRONG_UP,UPPER_RANGE,NEUTRAL,S0_NEUTRAL,,,,,151.0,151.0,157.0,157.0,0.0,0.0,,0.0,0.0,0.0,0.0,159.0,159.0,,,,,,,011000111,0-1101111,147.6,30.0,133.3,44.4,44.4,22.2,2.0,9.0,1.0,222.0,222.0,199.8
160,SOFI,Credit Services,9.0,21.5,-5.6,-7.2,-6.2,-3.8,-14.7,-28.0,15.7,21.1,,9.0,159.3,-74.7,1.6,0.0,49.4,72.5,379.0,379.0,223.0,223.0,0.0,0.0,160.0,160.0,6,10.199999999999996,EARLY_DOWN,MID_RANGE,MOMENTUM_DOWN,S5_TRASH,,,,,379.0,379.0,223.0,223.0,0.0,0.0,,0.0,0.0,0.0,0.0,160.0,160.0,,,,,,,0000011-1,-----0111,124.5,30.0,150.0,66.7,66.7,33.3,2.0,4.0,0.667,221.2,221.2,187.8
161,CVNA,Auto & Truck Dealerships,-38.0,6.1,1.1,7.9,2.0,-43.4,-63.7,-78.5,-64.2,18.2,-42.1,-38.0,1079.9,-122.9,1.4,0.0,8042.5,84.1,348.0,348.0,323.0,323.0,0.0,0.0,161.0,161.0,43,-840.7999999999993,EARLY_UP,LOWER,MOMENTUM_UP,S4_BOTTOMING,,,,,348.0,348.0,323.0,323.0,0.0,0.0,,0.0,0.0,0.0,0.0,161.0,161.0,,,,,,,110000100,--1100110,106.39999999999999,0.0,114.3,114.3,114.3,114.3,4.0,7.0,1.0,220.7,220.7,220.7
162,NVO,Biotechnology,-60.2,7.5,1.8,4.6,11.4,15.6,8.5,-4.9,-63.8,-75.1,-68.8,-60.2,389.4,-95.9,2.6,0.0,1374.0,86.8,342.0,342.0,380.0,380.0,0.0,0.0,162.0,162.0,22,-368.0,STRONG_UP,LOWER,MOMENTUM_DOWN,S0_NEUTRAL,,,,,342.0,342.0,380.0,380.0,0.0,0.0,,0.0,0.0,0.0,0.0,162.0,162.0,,,,,,,111100000,011111100,129.1,0.0,133.3,88.9,88.9,44.4,4.0,9.0,1.0,218.0,218.0,173.5
163,CEG,Electric Utilities,59.1,17.8,0.7,0.7,0.8,-11.3,-19.3,-29.4,-6.3,,,59.1,236.9,0.0,1.4,767.0,626.7,115.3,283.0,283.0,161.0,161.0,0.0,0.0,163.0,163.0,57,-215.39999999999998,EARLY_UP,LOWER,NEUTRAL,S0_NEUTRAL,,,,,283.0,283.0,161.0,161.0,0.0,0.0,,0.0,0.0,0.0,0.0,163.0,163.0,,,,,,,110000--1,------110,119.6,30.0,133.3,66.7,66.7,33.3,2.0,3.0,0.5,216.3,216.3,182.9
164,AIZ,Insurance - Property & Casualty,42.5,72.9,-2.5,-0.7,5.8,9.8,8.7,12.7,11.9,14.0,19.2,42.5,67.4,-23.8,1.4,21.7,8.6,189.5,168.0,168.0,174.0,174.0,0.0,0.0,164.0,164.0,4,1.3999999999999995,STRONG_UP,UPPER_RANGE,MOMENTUM_DOWN,S0_NEUTRAL,,,,,168.0,168.0,174.0,174.0,0.0,0.0,,0.0,0.0,0.0,0.0,164.0,164.0,,,,,,,011111111,011101111,184.7,30.0,155.6,0.0,0.0,0.0,0.0,9.0,1.0,214.7,214.7,214.7
165,CCEP,Beverages - Non-Alcoholic,18.1,68.9,1.8,0.7,9.3,6.8,4.0,4.2,11.7,24.5,26.1,18.1,51.9,-55.5,1.3,17.1,1.7,165.0,198.0,198.0,207.0,207.0,0.0,0.0,165.0,165.0,22,0.30000000000000004,STRONG_UP,UPPER_RANGE,MOMENTUM_DOWN,S0_NEUTRAL,,,,,198.0,198.0,207.0,207.0,0.0,0.0,,0.0,0.0,0.0,0.0,165.0,165.0,,,,,,,111111111,110001111,184.7,30.0,133.3,0.0,0.0,0.0,0.0,9.0,1.0,214.7,214.7,214.7
166,ROST,Apparel Retail,17.6,81.0,12.4,5.0,7.0,0.7,6.1,22.6,24.8,35.5,21.6,17.6,37.2,-63.8,2.0,-24.4,-10.8,164.5,199.0,199.0,208.0,208.0,0.0,0.0,166.0,166.0,132,8.099999999999998,EARLY_UP,OVEREXTENDED,MOMENTUM_UP,S0_NEUTRAL,,,,,199.0,199.0,208.0,208.0,0.0,0.0,,0.0,0.0,0.0,0.0,166.0,166.0,,,,,,,111111111,111001101,184.7,30.0,133.3,0.0,0.0,0.0,0.0,9.0,1.0,214.7,214.7,214.7
167,AFL,Insurance - Life,19.2,59.5,3.2,1.4,6.9,4.4,3.3,2.4,-4.6,7.8,22.6,19.2,67.0,-50.0,1.3,33.8,21.0,166.1,197.0,197.0,203.0,203.0,0.0,0.0,167.0,167.0,3,-1.5,STRONG_UP,UPPER_RANGE,MOMENTUM_DOWN,S0_NEUTRAL,,,,,197.0,197.0,203.0,203.0,0.0,0.0,,0.0,0.0,0.0,0.0,167.0,167.0,,,,,,,111110111,110011100,162.5,30.0,111.1,22.2,22.2,0.0,1.0,9.0,1.0,214.7,214.7,192.5
168,ETR,Electric Utilities,40.0,75.9,0.6,0.4,5.8,-1.8,2.5,7.3,40.3,45.1,38.4,40.0,72.9,-62.1,1.2,30.2,-0.9,186.9,171.0,171.0,178.0,178.0,0.0,0.0,168.0,168.0,23,0.4,EARLY_DOWN,UPPER_RANGE,MOMENTUM_DOWN,S5_TRASH,,,,,171.0,171.0,178.0,178.0,0.0,0.0,,0.0,0.0,0.0,0.0,168.0,168.0,,,,,,,110111111,110000111,162.5,30.0,111.1,22.2,22.2,0.0,1.0,9.0,1.0,214.7,214.7,192.5
169,ROK,Industrial Machinery,46.7,76.9,-0.8,-0.2,0.0,5.8,6.0,11.0,19.0,12.5,19.1,46.7,70.8,-33.7,1.6,19.3,-2.0,193.7,165.0,165.0,171.0,171.0,0.0,0.0,169.0,169.0,-28,0.0,EARLY_DOWN,UPPER_RANGE,MOMENTUM_DOWN,S5_TRASH,,,,,165.0,165.0,171.0,171.0,0.0,0.0,,0.0,0.0,0.0,0.0,169.0,169.0,,,,,,,001111111,101111001,162.5,30.0,133.3,22.2,22.2,0.0,1.0,9.0,1.0,214.7,214.7,192.5
170,TXN,Semiconductors,81.8,73.7,-11.6,-6.0,-1.4,7.6,20.9,34.4,31.1,22.7,28.9,81.8,130.7,-54.4,2.3,17.0,3.9,228.7,140.0,140.0,147.0,147.0,0.0,0.0,170.0,170.0,1,0.10000000000000009,EARLY_UP,UPPER_RANGE,MOMENTUM_DOWN,S0_NEUTRAL,,,,,140.0,140.0,147.0,147.0,0.0,0.0,,0.0,0.0,0.0,0.0,170.0,170.0,,,,,,,001111111,111110001,162.5,30.0,133.3,22.2,22.2,0.0,1.0,9.0,1.0,214.7,214.7,192.5
171,MCO,Credit Rating & Analytics,16.1,37.3,15.0,7.0,11.5,9.1,2.9,-2.8,-13.5,-17.0,-23.2,16.1,88.4,-27.0,1.6,66.7,68.0,163.1,203.0,203.0,212.0,212.0,0.0,0.0,171.0,171.0,29,-26.400000000000006,STRONG_UP,MID_RANGE,MOMENTUM_UP,S1_LEADER,,,,,203.0,203.0,212.0,212.0,0.0,0.0,,0.0,0.0,0.0,0.0,171.0,171.0,,,,,,,111100001,111101100,140.3,30.0,133.3,44.4,44.4,0.0,2.0,9.0,1.0,214.7,214.7,170.3
172,SYF,Consumer Finance,31.8,57.3,4.9,3.1,1.0,-2.5,-5.2,-7.9,16.6,26.2,41.8,31.8,104.4,-64.4,1.3,82.0,25.2,178.8,182.0,182.0,188.0,188.0,0.0,0.0,172.0,172.0,-17,3.099999999999998,EARLY_DOWN,UPPER_RANGE,MOMENTUM_DOWN,S5_TRASH,,,,,182.0,182.0,188.0,188.0,0.0,0.0,,0.0,0.0,0.0,0.0,172.0,172.0,,,,,,,110001111,000110111,140.3,30.0,111.1,44.4,44.4,0.0,2.0,9.0,1.0,214.7,214.7,170.3
173,DVA,Medical Specialities,26.7,97.9,2.0,1.1,13.1,29.3,51.3,56.3,43.0,47.4,43.5,26.7,30.1,-109.4,2.3,-49.0,-7.1,173.6,190.0,190.0,196.0,196.0,0.0,0.0,173.0,173.0,22,-0.2999999999999998,STRONG_UP,OVEREXTENDED,MOMENTUM_DOWN,S3_LATE_EXHAUSTION,,,,,190.0,190.0,196.0,196.0,0.0,0.0,,0.0,0.0,0.0,0.0,173.0,173.0,,,,,,,111111111,001100101,162.4,30.0,88.9,22.2,22.2,0.0,1.0,9.0,1.0,214.6,214.6,192.4
174,STT,Custody Banks & Asset Management,87.9,99.7,1.1,3.6,13.0,18.5,25.6,38.0,79.6,93.4,109.5,87.9,88.7,-60.4,1.5,1.6,-5.4,234.8,138.0,138.0,145.0,145.0,0.0,0.0,174.0,174.0,4,0.09999999999999964,STRONG_UP,OVEREXTENDED,MOMENTUM_UP,S1_LEADER,,,,,138.0,138.0,145.0,145.0,0.0,0.0,,0.0,0.0,0.0,0.0,174.0,174.0,,,,,,,111111111,000011011,162.4,30.0,88.9,22.2,22.2,22.2,1.0,9.0,1.0,214.6,214.6,214.6
175,NTAP,Diversified Technology,91.8,76.1,-9.7,-4.9,-3.4,19.1,33.1,33.3,32.1,43.3,64.9,91.8,133.6,-39.4,1.9,21.1,12.0,238.7,133.0,133.0,140.0,140.0,0.0,0.0,175.0,175.0,-47,1.5999999999999996,STRONG_UP,UPPER_RANGE,MOMENTUM_DOWN,S0_NEUTRAL,,,,,133.0,133.0,140.0,140.0,0.0,0.0,,0.0,0.0,0.0,0.0,175.0,175.0,,,,,,,001111111,100001101,140.2,30.0,88.9,44.4,44.4,0.0,2.0,9.0,1.0,214.6,214.6,170.2
176,287180.KS,Nasdaq Tech,96.9,71.5,-7.2,-2.8,-6.9,7.3,16.6,24.2,35.5,52.6,68.2,96.9,120.4,-9.2,1.6,42.6,10.0,208.0,155.0,155.0,135.0,135.0,0.0,0.0,176.0,176.0,-57,2.7,EARLY_DOWN,UPPER_RANGE,MOMENTUM_DOWN,S5_TRASH,,,,,155.0,155.0,135.0,135.0,0.0,0.0,,0.0,0.0,0.0,0.0,176.0,176.0,,,,,,,001111111,--1101111,179.5,30.0,171.4,0.0,0.0,0.0,0.0,7.0,1.0,209.5,209.5,209.5
177,DASH,Internet Retail,2.5,21.2,-2.3,-2.3,6.1,5.8,-3.7,-19.8,-3.0,13.5,,2.5,94.7,-64.4,1.6,0.0,92.6,66.9,396.0,396.0,238.0,238.0,0.0,0.0,177.0,177.0,-33,27.5,EARLY_DOWN,MID_RANGE,MOMENTUM_DOWN,S5_TRASH,,,,,396.0,396.0,238.0,238.0,0.0,0.0,,0.0,0.0,0.0,0.0,177.0,177.0,,,,,,,0110001-1,-----0110,112.0,30.0,100.0,66.7,66.7,0.0,2.0,4.0,0.667,208.7,208.7,142.0
178,C,Diversified Banks,94.4,79.1,-11.5,-5.9,-1.8,-1.2,2.1,11.9,67.6,92.9,98.1,94.4,135.4,-58.5,1.2,67.3,3.6,241.3,131.0,131.0,138.0,138.0,0.0,0.0,178.0,178.0,-60,1.4,EARLY_DOWN,UPPER_RANGE,MOMENTUM_DOWN,S5_TRASH,,,,,131.0,131.0,138.0,138.0,0.0,0.0,,0.0,0.0,0.0,0.0,178.0,178.0,,,,,,,000111111,-10000111,133.7,30.0,88.9,44.4,44.4,44.4,2.0,9.0,1.0,208.1,208.1,208.1
179,XYZ,Software - Infrastructure,-54.9,6.2,1.2,6.0,6.6,11.2,15.0,6.7,-13.8,-50.3,-85.6,-54.9,807.1,-111.5,1.7,0.0,-504.9,92.1,329.0,329.0,364.0,364.0,0.0,0.0,179.0,179.0,28,75.60000000000002,STRONG_UP,LOWER,MOMENTUM_UP,S0_NEUTRAL,,,,,329.0,329.0,364.0,364.0,0.0,0.0,,0.0,0.0,0.0,0.0,179.0,179.0,,,,,,,111110000,111100000,118.0,0.0,88.9,88.9,88.9,66.7,4.0,9.0,1.0,206.9,206.9,184.7
180,CTVA,Agricultural Inputs,9.2,28.3,2.6,1.7,7.8,2.0,5.4,8.9,8.5,-4.5,8.7,9.2,72.0,-65.1,1.6,0.0,-72.7,99.1,314.0,314.0,222.0,222.0,0.0,0.0,180.0,180.0,5,-3.1000000000000085,STRONG_UP,MID_RANGE,MOMENTUM_DOWN,S0_NEUTRAL,,,,,314.0,314.0,222.0,222.0,0.0,0.0,,0.0,0.0,0.0,0.0,180.0,180.0,,,,,,,111111011,----10001,142.9,30.0,80.0,33.3,33.3,0.0,1.0,5.0,0.833,206.2,206.2,172.9
181,ALL,Insurance - Property & Casualty,27.3,75.6,-9.4,-3.3,8.3,7.3,7.9,7.2,13.2,21.5,24.8,27.3,53.0,-50.7,1.4,20.6,7.9,174.3,189.0,189.0,195.0,195.0,0.0,0.0,181.0,181.0,-12,2.2,STRONG_UP,UPPER_RANGE,MOMENTUM_DOWN,S0_NEUTRAL,,,,,189.0,189.0,195.0,195.0,0.0,0.0,,0.0,0.0,0.0,0.0,181.0,181.0,,,,,,,011111111,010011111,173.60000000000002,30.0,133.3,0.0,0.0,0.0,0.0,9.0,1.0,203.6,203.6,203.6
182,MAR,Lodging,48.7,77.5,-2.1,-0.8,-0.2,-0.4,2.7,12.1,13.4,29.3,45.2,48.7,77.5,-49.0,1.4,30.0,6.9,195.7,164.0,164.0,170.0,170.0,0.0,0.0,182.0,182.0,-34,1.2000000000000002,STRONG_DOWN,UPPER_RANGE,MOMENTUM_DOWN,S5_TRASH,,,,,164.0,164.0,170.0,170.0,0.0,0.0,,0.0,0.0,0.0,0.0,182.0,182.0,,,,,,,000111111,110001111,151.4,30.0,133.3,22.2,22.2,0.0,1.0,9.0,1.0,203.6,203.6,181.4
183,RJF,Investment Banking & Brokerage,43.8,55.8,2.8,1.5,12.0,8.1,3.5,-2.4,-5.2,-3.6,24.8,43.8,106.2,-34.2,1.3,94.7,47.4,190.8,167.0,167.0,173.0,173.0,0.0,0.0,183.0,183.0,6,-2.700000000000003,STRONG_UP,UPPER_RANGE,NEUTRAL,S0_NEUTRAL,,,,,167.0,167.0,173.0,173.0,0.0,0.0,,0.0,0.0,0.0,0.0,183.0,183.0,,,,,,,111100011,100111101,151.4,30.0,133.3,22.2,22.2,0.0,1.0,9.0,1.0,203.6,203.6,181.4
184,COF,Diversified Banks,13.6,45.8,9.7,5.7,9.3,6.3,-1.4,-8.9,2.6,5.8,20.9,13.6,92.5,-52.5,1.4,81.5,35.7,160.6,205.0,205.0,215.0,215.0,0.0,0.0,184.0,184.0,81,-10.199999999999996,STRONG_UP,MID_RANGE,MOMENTUM_UP,S1_LEADER,,,,,205.0,205.0,215.0,215.0,0.0,0.0,,0.0,0.0,0.0,0.0,184.0,184.0,,,,,,,111001111,000101111,151.39999999999998,30.0,111.1,22.2,22.2,0.0,1.0,9.0,1.0,203.6,203.6,181.4
185,DE,Agricultural & Construction Machinery,93.4,59.6,4.8,2.6,3.1,-1.0,0.8,5.4,2.8,-6.7,18.0,93.4,162.8,-9.5,1.3,138.0,48.3,240.4,132.0,132.0,139.0,139.0,0.0,0.0,185.0,185.0,5,3.5,EARLY_DOWN,UPPER_RANGE,MOMENTUM_DOWN,S5_TRASH,,,,,132.0,132.0,139.0,139.0,0.0,0.0,,0.0,0.0,0.0,0.0,185.0,185.0,,,,,,,110111011,101110001,151.39999999999998,30.0,111.1,22.2,22.2,22.2,1.0,9.0,1.0,203.6,203.6,203.6
186,MSI,Public Safety Technology,49.6,31.1,-2.5,-1.5,-0.1,-7.1,-8.5,-12.9,-25.3,-20.0,-7.3,49.6,183.0,-10.2,1.4,295.2,244.7,196.6,161.0,161.0,168.0,168.0,0.0,0.0,186.0,186.0,-11,42.19999999999999,EARLY_DOWN,MID_RANGE,MOMENTUM_DOWN,S5_TRASH,,,,,161.0,161.0,168.0,168.0,0.0,0.0,,0.0,0.0,0.0,0.0,186.0,186.0,,,,,,,000000001,111111100,106.9,30.0,155.6,66.7,66.7,22.2,3.0,9.0,1.0,203.6,203.6,159.1
187,GNRC,Electrical Equipment,16.5,10.3,-3.0,-7.4,-20.0,-16.8,-1.9,5.2,9.8,-25.9,-43.3,16.5,673.8,-58.8,2.4,49.1,-52.0,163.5,202.0,202.0,211.0,211.0,0.0,0.0,187.0,187.0,-36,-15.100000000000001,STRONG_DOWN,LOWER,MOMENTUM_DOWN,S5_TRASH,,,,,202.0,202.0,211.0,211.0,0.0,0.0,,0.0,0.0,0.0,0.0,187.0,187.0,,,,,,,000011001,111100001,106.89999999999999,30.0,111.1,66.7,66.7,44.4,3.0,9.0,1.0,203.6,203.6,181.3
188,CFG,Banks - Regional,24.8,81.4,13.6,6.3,13.2,11.5,12.7,22.6,61.6,49.3,50.9,24.8,47.4,-71.4,1.6,-27.1,-14.4,171.7,193.0,193.0,199.0,199.0,0.0,0.0,188.0,188.0,5,3.4999999999999982,STRONG_UP,OVEREXTENDED,MOMENTUM_UP,S1_LEADER,,,,,193.0,193.0,199.0,199.0,0.0,0.0,,0.0,0.0,0.0,0.0,188.0,188.0,,,,,,,111111111,100010001,151.3,30.0,66.7,22.2,22.2,0.0,1.0,9.0,1.0,203.5,203.5,181.3
189,CHRW,Trucking,37.7,90.3,12.9,6.9,11.1,10.4,8.3,26.9,75.8,65.7,60.8,37.7,52.0,-90.7,1.6,-22.8,-15.1,184.7,176.0,176.0,182.0,182.0,0.0,0.0,189.0,189.0,5,7.1,STRONG_UP,OVEREXTENDED,MOMENTUM_UP,S1_LEADER,,,,,176.0,176.0,182.0,182.0,0.0,0.0,,0.0,0.0,0.0,0.0,189.0,189.0,,,,,,,111111111,000010011,151.3,30.0,66.7,22.2,22.2,22.2,1.0,9.0,1.0,203.5,203.5,203.5
190,EBAY,Internet Retail,60.7,83.8,-11.0,-4.8,0.3,2.3,7.9,12.6,57.4,56.6,54.6,60.7,85.0,-62.2,1.3,33.2,-1.6,207.7,156.0,156.0,160.0,160.0,0.0,0.0,190.0,190.0,6,0.0,STRONG_UP,OVEREXTENDED,MOMENTUM_DOWN,S3_LATE_EXHAUSTION,,,,,156.0,156.0,160.0,160.0,0.0,0.0,,0.0,0.0,0.0,0.0,190.0,190.0,,,,,,,011111111,000110011,151.3,30.0,88.9,22.2,22.2,22.2,1.0,9.0,1.0,203.5,203.5,203.5
191,PKG,Packaging & Containers,28.5,51.1,6.6,2.8,2.1,0.9,0.1,1.1,-4.1,5.5,16.9,28.5,85.1,-30.1,1.3,51.0,35.9,175.5,188.0,188.0,194.0,194.0,0.0,0.0,191.0,191.0,43,-1.3000000000000043,EARLY_DOWN,UPPER_RANGE,MOMENTUM_DOWN,S5_TRASH,,,,,188.0,188.0,194.0,194.0,0.0,0.0,,0.0,0.0,0.0,0.0,191.0,191.0,,,,,,,111110111,100011100,151.3,30.0,88.9,22.2,22.2,0.0,1.0,9.0,1.0,203.5,203.5,181.3
192,RSG,Environmental Services,38.0,29.6,5.1,3.0,8.3,2.1,-1.5,-7.8,-19.6,-14.0,-0.9,38.0,149.9,-8.6,1.8,244.4,195.9,185.0,175.0,175.0,181.0,181.0,0.0,0.0,192.0,192.0,7,-10.400000000000006,STRONG_UP,MID_RANGE,MOMENTUM_UP,S1_LEADER,,,,,175.0,175.0,181.0,181.0,0.0,0.0,,0.0,0.0,0.0,0.0,192.0,192.0,,,,,,,111000001,111111110,151.3,30.0,177.8,22.2,22.2,0.0,1.0,9.0,1.0,203.5,203.5,181.3
193,BWXT,Theme (User Picks),68.6,52.1,-7.2,-6.1,-8.3,-18.3,-18.7,-15.5,20.5,66.8,68.8,68.6,207.7,-82.9,1.2,200.6,42.9,215.6,149.0,149.0,154.0,154.0,0.0,0.0,193.0,193.0,8,11.2,STRONG_DOWN,UPPER_RANGE,MOMENTUM_DOWN,S5_TRASH,,,,,149.0,149.0,154.0,154.0,0.0,0.0,,0.0,0.0,0.0,0.0,193.0,193.0,,,,,,,000001111,000001111,106.8,30.0,88.9,66.7,66.7,22.2,3.0,9.0,1.0,203.5,203.5,159.0
194,CRH,Building Materials,49.9,49.6,1.9,1.4,-0.2,-7.0,-13.9,-16.1,-9.0,25.3,43.2,49.9,147.4,-45.2,1.2,188.9,82.5,196.9,160.0,160.0,166.0,166.0,0.0,0.0,194.0,194.0,-21,4.700000000000003,EARLY_DOWN,MID_RANGE,MOMENTUM_DOWN,S5_TRASH,,,,,160.0,160.0,166.0,166.0,0.0,0.0,,0.0,0.0,0.0,0.0,194.0,194.0,,,,,,,100000111,000101110,106.8,30.0,88.9,66.7,66.7,22.2,3.0,9.0,1.0,203.5,203.5,159.0
195,MOH,Unknown,-110.6,8.3,0.4,-1.4,-11.2,-9.8,-13.6,-34.1,-72.7,-91.0,-105.8,-110.6,210.5,-139.2,2.3,0.0,488.6690467440614,1.9,553.0,553.0,519.0,519.0,0.0,0.0,195.0,195.0,11,0.0,STRONG_DOWN,LOWER,MOMENTUM_DOWN,S5_TRASH,,,,,553.0,553.0,519.0,519.0,0.0,0.0,,0.0,0.0,0.0,0.0,195.0,195.0,6981766450.6,6.982,536.0,other,equity,data_raw,000000000,111111000,84.7,0.0,133.3,111.1,111.1,22.2,5.0,9.0,1.0,195.8,195.8,106.9
196,QQQ,Asset Management,73.6,82.1,-7.8,-2.2,-3.6,-0.1,2.4,3.7,9.0,16.6,24.6,73.6,90.8,-4.6,1.2,70.3,17.2,220.6,145.0,145.0,152.0,152.0,0.0,0.0,196.0,196.0,-8,1.299999999999999,STRONG_DOWN,OVEREXTENDED,MOMENTUM_DOWN,S5_TRASH,,,,,145.0,145.0,152.0,152.0,0.0,0.0,,0.0,0.0,0.0,0.0,196.0,196.0,,,,,,,000111111,111100111,162.5,30.0,155.6,0.0,0.0,0.0,0.0,9.0,1.0,192.5,192.5,192.5
197,TJX,Apparel Retail,31.2,61.1,6.5,2.8,2.0,-5.1,-6.9,-4.7,-0.9,15.7,20.3,31.2,77.3,-40.2,1.2,73.4,22.7,178.1,183.0,183.0,189.0,189.0,0.0,0.0,197.0,197.0,34,0.1999999999999993,STRONG_DOWN,UPPER_RANGE,MOMENTUM_UP,S0_NEUTRAL,,,,,183.0,183.0,189.0,189.0,0.0,0.0,,0.0,0.0,0.0,0.0,197.0,197.0,,,,,,,110000111,111011111,162.5,30.0,177.8,0.0,0.0,0.0,0.0,9.0,1.0,192.5,192.5,192.5
198,CBOE,Financial Data & Stock Exchanges,29.9,48.5,6.3,4.2,2.4,-7.1,-6.3,-3.2,4.9,24.4,33.8,29.9,121.0,-55.4,1.2,83.6,22.7,176.9,185.0,185.0,191.0,191.0,0.0,0.0,198.0,198.0,66,-10.000000000000004,EARLY_UP,MID_RANGE,NEUTRAL,S0_NEUTRAL,,,,,185.0,185.0,191.0,191.0,0.0,0.0,,0.0,0.0,0.0,0.0,198.0,198.0,,,,,,,110001111,100001111,140.3,30.0,111.1,22.2,22.2,0.0,1.0,9.0,1.0,192.5,192.5,170.3
199,NDAQ,Financial Exchanges,26.3,48.7,19.8,7.5,7.9,2.7,-2.1,-5.6,3.7,-5.6,-0.1,26.3,76.6,-20.6,1.5,79.2,33.6,173.3,191.0,191.0,197.0,197.0,0.0,0.0,199.0,199.0,78,-51.800000000000004,EARLY_UP,MID_RANGE,MOMENTUM_UP,S2_EARLY_BREAKOUT,,,,,191.0,191.0,197.0,197.0,0.0,0.0,,0.0,0.0,0.0,0.0,199.0,199.0,,,,,,,111001001,011110011,140.3,30.0,133.3,22.2,22.2,0.0,1.0,9.0,1.0,192.5,192.5,170.3
200,FSLR,Solar Energy,36.3,27.4,-6.2,-6.4,-19.2,-12.7,-13.7,-14.0,-23.4,-12.8,15.5,36.3,269.7,-51.3,1.6,245.0,172.4,183.3,177.0,177.0,183.0,183.0,0.0,0.0,200.0,200.0,-26,47.80000000000001,STRONG_DOWN,MID_RANGE,MOMENTUM_DOWN,S5_TRASH,,,,,177.0,177.0,183.0,183.0,0.0,0.0,,0.0,0.0,0.0,0.0,200.0,200.0,,,,,,,000000011,011011100,95.8,30.0,111.1,66.7,66.7,22.2,3.0,9.0,1.0,192.5,192.5,148.0
201,NFLX,Broadcasting & Cable TV,7.0,23.6,1.3,1.9,-6.4,-18.2,-22.2,-36.0,-32.0,-7.1,-26.6,7.0,279.9,-76.6,1.5,614.4,429.3,154.0,212.0,212.0,226.0,226.0,0.0,0.0,201.0,201.0,27,50.5,STRONG_DOWN,MID_RANGE,MOMENTUM_UP,S4_BOTTOMING,,,,,212.0,212.0,226.0,226.0,0.0,0.0,,0.0,0.0,0.0,0.0,201.0,201.0,,,,,,,100000001,111000110,95.8,30.0,111.1,66.7,66.7,22.2,3.0,9.0,1.0,192.5,192.5,148.0
202,FITB,Banks - Regional,13.4,64.5,11.2,4.6,12.9,12.9,12.7,18.4,29.4,19.1,27.0,13.4,50.1,-51.9,1.6,-33.0,-11.9,160.4,206.0,206.0,216.0,216.0,0.0,0.0,202.0,202.0,6,2.0,STRONG_UP,UPPER_RANGE,MOMENTUM_DOWN,S0_NEUTRAL,,,,,206.0,206.0,216.0,216.0,0.0,0.0,,0.0,0.0,0.0,0.0,202.0,202.0,,,,,,,111111111,100110001,162.4,30.0,88.9,0.0,0.0,0.0,0.0,9.0,1.0,192.4,192.4,192.4
203,JBHT,Airlines,5.0,78.3,10.9,7.1,5.0,13.1,22.4,51.6,38.7,18.4,17.2,5.0,39.4,-116.6,2.3,-81.7,-26.3,152.0,217.0,217.0,234.0,234.0,0.0,0.0,203.0,203.0,132,10.599999999999998,STRONG_UP,UPPER_RANGE,MOMENTUM_UP,S1_LEADER,,,,,217.0,217.0,234.0,234.0,0.0,0.0,,0.0,0.0,0.0,0.0,203.0,203.0,,,,,,,111111111,000111001,162.4,30.0,88.9,0.0,0.0,0.0,0.0,9.0,1.0,192.4,192.4,192.4
204,MNST,Beverages - Non-Alcoholic,21.5,88.0,7.0,3.2,7.6,15.8,15.2,25.2,30.7,26.0,25.0,21.5,35.7,-79.6,1.4,-26.7,-12.0,168.4,196.0,196.0,202.0,202.0,0.0,0.0,204.0,204.0,26,2.1999999999999993,STRONG_UP,OVEREXTENDED,MOMENTUM_DOWN,S3_LATE_EXHAUSTION,,,,,196.0,196.0,202.0,202.0,0.0,0.0,,0.0,0.0,0.0,0.0,204.0,204.0,,,,,,,111111111,011010001,162.4,30.0,88.9,0.0,0.0,0.0,0.0,9.0,1.0,192.4,192.4,192.4
205,TRV,Property & Casualty Insurance,6.5,76.9,0.7,0.2,9.1,6.6,6.2,7.6,11.6,15.9,22.0,6.5,23.6,-48.7,1.4,-6.0,-2.7,153.5,213.0,213.0,227.0,227.0,0.0,0.0,205.0,205.0,4,-0.5,EARLY_DOWN,UPPER_RANGE,MOMENTUM_DOWN,S5_TRASH,,,,,213.0,213.0,227.0,227.0,0.0,0.0,,0.0,0.0,0.0,0.0,205.0,205.0,,,,,,,111111111,000011101,162.4,30.0,88.9,0.0,0.0,0.0,0.0,9.0,1.0,192.4,192.4,192.4
206,CSCO,Communications Equipment,67.5,70.2,-16.8,-9.1,-7.8,6.4,17.2,30.0,62.0,63.6,61.8,67.5,125.0,-66.9,1.6,6.2,-13.9,214.4,150.0,150.0,155.0,155.0,0.0,0.0,206.0,206.0,4,-1.0,EARLY_UP,UPPER_RANGE,MOMENTUM_DOWN,S0_NEUTRAL,,,,,150.0,150.0,155.0,155.0,0.0,0.0,,0.0,0.0,0.0,0.0,206.0,206.0,,,,,,,001111111,110000011,140.2,30.0,88.9,22.2,22.2,0.0,1.0,9.0,1.0,192.4,192.4,170.2
207,MO,Tobacco,3.8,79.4,6.1,2.3,4.4,-0.1,3.1,6.8,27.0,32.3,41.4,3.8,23.0,-68.4,1.3,-8.1,-7.8,150.7,219.0,219.0,236.0,236.0,0.0,0.0,207.0,207.0,5,0.0,EARLY_DOWN,UPPER_RANGE,MOMENTUM_DOWN,S5_TRASH,,,,,219.0,219.0,236.0,236.0,0.0,0.0,,0.0,0.0,0.0,0.0,207.0,207.0,,,,,,,110111111,000010101,140.2,30.0,66.7,22.2,22.2,0.0,1.0,9.0,1.0,192.4,192.4,170.2
208,NTRS,Custody Banks & Asset Management,15.0,93.5,7.2,3.2,10.6,13.4,18.2,26.3,73.7,61.6,49.7,15.0,22.7,-90.2,1.5,-38.2,-15.4,162.0,204.0,204.0,214.0,214.0,0.0,0.0,208.0,208.0,5,3.799999999999999,STRONG_UP,OVEREXTENDED,NEUTRAL,S0_NEUTRAL,,,,,204.0,204.0,214.0,214.0,0.0,0.0,,0.0,0.0,0.0,0.0,208.0,208.0,,,,,,,111111111,100000001,140.2,30.0,44.4,22.2,22.2,0.0,1.0,9.0,1.0,192.4,192.4,170.2
209,AMZN,Internet Retail,30.3,32.3,3.5,2.4,-0.3,-1.9,-0.5,-2.8,-3.7,-0.5,-14.7,30.3,152.6,-27.7,1.3,110.3,79.1,177.3,184.0,184.0,190.0,190.0,0.0,0.0,209.0,209.0,10,-6.800000000000011,EARLY_UP,MID_RANGE,NEUTRAL,S0_NEUTRAL,,,,,184.0,184.0,190.0,190.0,0.0,0.0,,0.0,0.0,0.0,0.0,209.0,209.0,,,,,,,100000001,111100111,118.0,30.0,155.6,44.4,44.4,0.0,2.0,9.0,1.0,192.4,192.4,148.0
210,DHI,Residential Construction,44.5,29.4,2.9,2.4,1.9,-0.1,-2.9,-8.5,-26.2,-17.4,-4.2,44.5,205.9,-22.5,1.5,214.2,202.1,191.4,166.0,166.0,172.0,172.0,0.0,0.0,210.0,210.0,6,12.5,EARLY_DOWN,MID_RANGE,MOMENTUM_DOWN,S5_TRASH,,,,,166.0,166.0,172.0,172.0,0.0,0.0,,0.0,0.0,0.0,0.0,210.0,210.0,,,,,,,110000001,011111100,118.0,30.0,133.3,44.4,44.4,22.2,2.0,9.0,1.0,192.4,192.4,170.2
211,FCX,Copper Mining,96.1,52.8,-5.8,-4.3,-7.8,-8.8,-9.2,6.2,-1.0,-10.7,53.6,96.1,208.6,-56.5,1.5,129.0,48.7,243.1,130.0,130.0,136.0,136.0,0.0,0.0,211.0,211.0,-66,3.0,STRONG_DOWN,UPPER_RANGE,NEUTRAL,S5_TRASH,,,,,130.0,130.0,136.0,136.0,0.0,0.0,,0.0,0.0,0.0,0.0,211.0,211.0,,,,,,,000010011,101111001,118.0,30.0,133.3,44.4,44.4,44.4,2.0,9.0,1.0,192.4,192.4,192.4
212,XOM,Integrated Oil & Gas,8.6,52.3,7.7,5.6,2.6,-6.8,-4.8,6.1,-1.1,5.8,40.8,8.6,94.8,-84.9,1.5,-1.1,-4.4,155.6,211.0,211.0,225.0,225.0,0.0,0.0,212.0,212.0,24,0.5,EARLY_UP,UPPER_RANGE,MOMENTUM_UP,S2_EARLY_BREAKOUT,,,,,211.0,211.0,225.0,225.0,0.0,0.0,,0.0,0.0,0.0,0.0,212.0,212.0,,,,,,,110010111,000011100,118.0,30.0,66.7,44.4,44.4,22.2,2.0,9.0,1.0,192.4,192.4,170.2
213,NOW,Software,-23.1,8.5,-1.6,-2.9,-12.4,-7.4,-14.9,-35.1,-65.3,-75.1,-87.0,-23.1,347.6,-56.8,1.9,0.0,2171.8,123.9,261.0,261.0,284.0,284.0,0.0,0.0,213.0,213.0,-11,740.4000000000001,EARLY_UP,LOWER,MOMENTUM_DOWN,S5_TRASH,,,,,261.0,261.0,284.0,284.0,0.0,0.0,,0.0,0.0,0.0,0.0,213.0,213.0,,,,,,,000000000,1111001-0,79.5,0.0,111.1,111.1,111.1,66.7,5.0,9.0,1.0,190.6,190.6,146.2
214,RTX,Aerospace & Defense,28.8,66.7,-0.7,-0.3,6.6,2.4,-2.1,2.8,39.2,44.2,51.6,28.8,73.4,-59.3,1.2,28.4,-6.5,175.8,187.0,187.0,193.0,193.0,0.0,0.0,214.0,214.0,-33,-0.9000000000000004,STRONG_UP,UPPER_RANGE,MOMENTUM_DOWN,S0_NEUTRAL,,,,,187.0,187.0,193.0,193.0,0.0,0.0,,0.0,0.0,0.0,0.0,214.0,214.0,,,,,,,011011111,00001--11,136.7,30.0,66.7,22.2,22.2,0.0,1.0,9.0,1.0,188.9,188.9,166.7
215,487230.KS,US AI Power Infrastructure,40.7,33.9,-11.0,-4.6,-13.4,-9.1,3.1,10.5,,,,40.7,59.1,-7.9,1.6,61.1,21.2,62.0,410.0,410.0,177.0,177.0,0.0,0.0,215.0,215.0,-29,13.0,STRONG_DOWN,MID_RANGE,MOMENTUM_DOWN,S5_TRASH,,,,,410.0,410.0,177.0,177.0,0.0,0.0,,0.0,0.0,0.0,0.0,215.0,215.0,,,,,,,00011---1,--------1,157.0,30.0,200.0,0.0,0.0,0.0,0.0,1.0,0.167,187.0,187.0,187.0
216,491010.KS,Global AI Power Active,64.3,43.1,-13.2,-7.5,-17.2,-7.2,8.6,27.9,,,,64.3,95.6,-15.5,1.5,48.9,5.1,84.1,348.0,348.0,156.0,156.0,0.0,0.0,216.0,216.0,-70,2.6999999999999997,STRONG_DOWN,MID_RANGE,MOMENTUM_DOWN,S5_TRASH,,,,,348.0,348.0,156.0,156.0,0.0,0.0,,0.0,0.0,0.0,0.0,216.0,216.0,,,,,,,00011---1,--------1,157.0,30.0,200.0,0.0,0.0,0.0,0.0,1.0,0.167,187.0,187.0,187.0
217,TGT,Discount Stores,-83.4,15.8,2.4,4.3,10.6,7.4,15.4,25.1,-13.8,-50.6,-72.7,-83.4,164.8,-129.4,2.5,0.0,-357.9,63.6,403.0,403.0,442.0,442.0,0.0,0.0,217.0,217.0,43,178.39999999999998,STRONG_UP,LOWER,MOMENTUM_UP,S0_NEUTRAL,,,,,403.0,403.0,442.0,442.0,0.0,0.0,,0.0,0.0,0.0,0.0,217.0,217.0,,,,,,,111110000,011110000,118.0,0.0,88.9,66.7,66.7,44.4,3.0,9.0,1.0,184.7,184.7,162.4
218,CMG,Restaurants,-35.8,10.8,-1.4,-2.4,5.0,-0.1,-8.0,-18.0,-59.6,-70.7,-75.5,-35.8,293.4,-75.0,2.1,0.0,1052.9,111.2,291.0,291.0,319.0,319.0,0.0,0.0,218.0,218.0,-13,31.000000000000114,STRONG_UP,LOWER,MOMENTUM_DOWN,S0_NEUTRAL,,,,,291.0,291.0,319.0,319.0,0.0,0.0,,0.0,0.0,0.0,0.0,218.0,218.0,,,,,,,010000000,011111100,95.80000000000001,0.0,133.3,88.9,88.9,66.7,4.0,9.0,1.0,184.7,184.7,162.5
219,PODD,Medical Devices,-93.7,6.1,1.1,2.5,7.1,-7.8,-24.3,-41.8,-61.5,-89.7,-113.5,-93.7,280.5,-117.5,1.8,0.0,810.3,53.2,437.0,437.0,473.0,473.0,0.0,0.0,219.0,219.0,23,-62.30000000000007,STRONG_UP,LOWER,MOMENTUM_DOWN,S0_NEUTRAL,,,,,437.0,437.0,473.0,473.0,0.0,0.0,,0.0,0.0,0.0,0.0,219.0,219.0,,,,,,,110000000,111110000,95.8,0.0,111.1,88.9,88.9,66.7,4.0,9.0,1.0,184.7,184.7,162.5
220,ZBRA,Technology,-97.4,6.3,-0.8,-2.2,2.7,7.8,6.2,-8.4,-41.8,-72.7,-97.6,-97.4,273.4,-121.9,2.2,0.0,-339.9,49.6,449.0,449.0,484.0,484.0,0.0,0.0,220.0,220.0,4,-30.799999999999955,EARLY_DOWN,LOWER,MOMENTUM_DOWN,S5_TRASH,,,,,449.0,449.0,484.0,484.0,0.0,0.0,,0.0,0.0,0.0,0.0,220.0,220.0,,,,,,,011100000,111100000,95.69999999999999,0.0,88.9,88.9,88.9,44.4,4.0,9.0,1.0,184.6,184.6,140.1
221,PNC,Banking,5.1,68.2,5.4,1.8,9.9,9.9,10.3,14.6,24.0,16.0,17.7,5.1,32.0,-51.9,1.5,-31.9,-10.8,152.1,216.0,216.0,233.0,233.0,0.0,0.0,221.0,221.0,4,0.0,STRONG_UP,UPPER_RANGE,MOMENTUM_DOWN,S0_NEUTRAL,,,,,216.0,216.0,233.0,233.0,0.0,0.0,,0.0,0.0,0.0,0.0,221.0,221.0,,,,,,,111111111,-00110001,154.5,30.0,66.7,0.0,0.0,0.0,0.0,9.0,1.0,184.5,184.5,184.5
222,HLT,Lodging,88.1,74.8,-7.8,-3.1,-2.6,-4.4,-3.0,1.1,9.6,24.6,43.2,88.1,125.4,-21.3,1.2,108.9,30.7,235.1,137.0,137.0,144.0,144.0,0.0,0.0,222.0,222.0,-111,9.5,STRONG_DOWN,UPPER_RANGE,MOMENTUM_DOWN,S5_TRASH,,,,,137.0,137.0,144.0,144.0,0.0,0.0,,0.0,0.0,0.0,0.0,222.0,222.0,,,,,,,000011111,110101111,151.39999999999998,30.0,155.6,0.0,0.0,0.0,0.0,9.0,1.0,181.4,181.4,181.4
223,005380.KS,Automobiles,81.0,36.3,-6.1,-6.6,-27.9,-26.7,-20.2,22.6,54.3,64.6,84.8,81.0,331.7,-61.2,2.1,143.5,-23.3,228.0,141.0,141.0,148.0,148.0,0.0,0.0,223.0,223.0,-60,-6.800000000000001,STRONG_DOWN,MID_RANGE,MOMENTUM_DOWN,S5_TRASH,,,,,141.0,141.0,148.0,148.0,0.0,0.0,,0.0,0.0,0.0,0.0,223.0,223.0,,,,,,,000011111,001110011,129.2,30.0,111.1,22.2,22.2,22.2,1.0,9.0,1.0,181.4,181.4,181.4
224,BAC,Diversified Banks,11.6,62.9,9.5,3.6,12.5,11.6,9.9,9.9,28.0,19.6,16.5,11.6,46.0,-47.9,1.4,-16.9,-11.1,158.5,208.0,208.0,218.0,218.0,0.0,0.0,224.0,224.0,5,2.5,STRONG_UP,UPPER_RANGE,MOMENTUM_UP,S1_LEADER,,,,,208.0,208.0,218.0,218.0,0.0,0.0,,0.0,0.0,0.0,0.0,224.0,224.0,,,,,,,111111111,100000011,151.3,30.0,66.7,0.0,0.0,0.0,0.0,9.0,1.0,181.3,181.3,181.3
225,RF,Regional Banks,4.1,53.7,12.0,5.0,12.0,11.4,10.6,13.4,21.2,8.7,16.2,4.1,47.5,-51.4,1.5,-45.7,-21.8,151.1,218.0,218.0,235.0,235.0,0.0,0.0,225.0,225.0,57,13.3,STRONG_UP,UPPER_RANGE,MOMENTUM_UP,S1_LEADER,,,,,218.0,218.0,235.0,235.0,0.0,0.0,,0.0,0.0,0.0,0.0,225.0,225.0,,,,,,,111111111,100010001,151.3,30.0,66.7,0.0,0.0,0.0,0.0,9.0,1.0,181.3,181.3,181.3
226,SNA,Tools & Accessories,11.6,75.1,13.2,3.8,8.2,5.3,5.3,9.1,4.5,12.2,26.6,11.6,29.6,-41.8,1.4,-4.3,-0.2,158.5,208.0,208.0,218.0,218.0,0.0,0.0,226.0,226.0,21,0.0,STRONG_UP,UPPER_RANGE,MOMENTUM_DOWN,S0_NEUTRAL,,,,,208.0,208.0,218.0,218.0,0.0,0.0,,0.0,0.0,0.0,0.0,226.0,226.0,,,,,,,111111111,000011100,151.3,30.0,66.7,0.0,0.0,0.0,0.0,9.0,1.0,181.3,181.3,181.3
227,CBRE,Real Estate Services,1.1,31.1,7.4,3.5,9.8,2.2,-6.8,-14.0,-8.9,-15.1,-9.3,1.1,80.4,-34.0,1.4,119.3,75.9,148.1,225.0,225.0,243.0,243.0,0.0,0.0,227.0,227.0,5,4.5,EARLY_DOWN,MID_RANGE,MOMENTUM_DOWN,S5_TRASH,,,,,225.0,225.0,243.0,243.0,0.0,0.0,,0.0,0.0,0.0,0.0,227.0,227.0,,,,,,,111000001,110101011,129.1,30.0,133.3,22.2,22.2,0.0,1.0,9.0,1.0,181.3,181.3,159.1
228,FFIV,Enterprise Technology,1.7,77.8,-13.8,-5.7,-1.3,10.0,23.6,24.5,44.0,43.5,36.8,1.7,27.0,-84.3,1.5,-41.6,-15.7,148.7,222.0,222.0,240.0,240.0,0.0,0.0,228.0,228.0,-31,-3.0999999999999996,STRONG_UP,UPPER_RANGE,MOMENTUM_DOWN,S0_NEUTRAL,,,,,222.0,222.0,240.0,240.0,0.0,0.0,,0.0,0.0,0.0,0.0,228.0,228.0,,,,,,,001111111,100010001,129.1,30.0,66.7,22.2,22.2,0.0,1.0,9.0,1.0,181.3,181.3,159.1
229,INTC,Semiconductors,38.9,60.0,-11.0,-11.2,-17.3,11.5,57.4,137.4,174.3,139.9,86.8,38.9,171.8,-158.8,2.7,-135.2,-84.8,185.9,174.0,174.0,180.0,180.0,0.0,0.0,229.0,229.0,4,-26.099999999999994,STRONG_DOWN,UPPER_RANGE,MOMENTUM_DOWN,S5_TRASH,,,,,174.0,174.0,180.0,180.0,0.0,0.0,,0.0,0.0,0.0,0.0,229.0,229.0,,,,,,,001111111,110000001,129.1,30.0,66.7,22.2,22.2,0.0,1.0,9.0,1.0,181.3,181.3,159.1
230,SO,Electric Utilities,49.7,56.2,1.9,1.0,4.6,-2.8,-3.2,-6.9,-12.8,-8.2,3.8,49.7,116.9,-35.5,1.2,127.0,60.9,196.6,161.0,161.0,167.0,167.0,0.0,0.0,230.0,230.0,5,6.0,EARLY_DOWN,UPPER_RANGE,MOMENTUM_DOWN,S5_TRASH,,,,,161.0,161.0,167.0,167.0,0.0,0.0,,0.0,0.0,0.0,0.0,230.0,230.0,,,,,,,110000011,011111100,129.1,30.0,133.3,22.2,22.2,0.0,1.0,9.0,1.0,181.3,181.3,159.1
231,COP,Oil & Gas,0.7,28.9,3.8,4.0,3.6,-8.0,-4.5,0.8,-24.2,-29.8,4.3,0.7,179.6,-71.5,1.4,13.8,47.9,147.7,226.0,226.0,244.0,244.0,0.0,0.0,231.0,231.0,118,-11.899999999999999,EARLY_UP,MID_RANGE,NEUTRAL,S0_NEUTRAL,,,,,226.0,226.0,244.0,244.0,0.0,0.0,,0.0,0.0,0.0,0.0,231.0,231.0,,,,,,,110010011,100011000,106.89999999999999,30.0,66.7,44.4,44.4,44.4,2.0,9.0,1.0,181.3,181.3,181.3
232,MARA,Theme (User Picks),8.9,5.0,-1.0,-8.8,-18.6,-3.6,4.7,-17.0,-55.4,-71.2,94.6,8.9,2382.0,-115.5,1.6,1814.8,3661.5,155.9,210.0,210.0,224.0,224.0,0.0,0.0,232.0,232.0,-14,355.5999999999999,STRONG_DOWN,LOWER,MOMENTUM_DOWN,S5_TRASH,,,,,210.0,210.0,224.0,224.0,0.0,0.0,,0.0,0.0,0.0,0.0,232.0,232.0,,,,,,,000100011,001110000,84.6,30.0,66.7,66.7,66.7,44.4,3.0,9.0,1.0,181.3,181.3,159.0
233,ACGL,Insurance - Diversified,5.7,34.8,-0.9,-0.5,7.3,1.8,-1.8,-3.1,-23.9,-6.6,8.1,5.7,110.1,-49.5,1.5,58.1,80.3,152.7,214.0,214.0,229.0,229.0,0.0,0.0,233.0,233.0,-54,14.5,STRONG_UP,MID_RANGE,MOMENTUM_DOWN,S0_NEUTRAL,,,,,214.0,214.0,229.0,229.0,0.0,0.0,,0.0,0.0,0.0,0.0,233.0,233.0,,,,,,,011000011,010011100,106.8,30.0,88.9,44.4,44.4,0.0,2.0,9.0,1.0,181.2,181.2,136.8
234,BKR,Oil & Gas Equipment & Services,13.0,58.1,-2.0,-1.2,-2.4,-11.8,-8.9,-0.2,9.6,26.2,62.9,13.0,84.9,-85.4,1.4,22.5,-3.4,160.0,207.0,207.0,217.0,217.0,0.0,0.0,234.0,234.0,-19,1.1,EARLY_UP,UPPER_RANGE,NEUTRAL,S0_NEUTRAL,,,,,207.0,207.0,217.0,217.0,0.0,0.0,,0.0,0.0,0.0,0.0,234.0,234.0,,,,,,,000001111,000011101,106.8,30.0,88.9,44.4,44.4,0.0,2.0,9.0,1.0,181.2,181.2,136.8
235,Q,Electronic Components,18.6,40.2,-8.7,-5.3,-11.1,-7.9,7.9,,,,,18.6,56.6,-16.0,1.4,54.1,54.1,26.2,506.0,506.0,205.0,205.0,0.0,0.0,235.0,235.0,5,8.600000000000001,STRONG_DOWN,MID_RANGE,MOMENTUM_DOWN,S5_TRASH,,,,,506.0,506.0,205.0,205.0,0.0,0.0,,0.0,0.0,0.0,0.0,235.0,235.0,,,,,,,0001----1,--------1,146.0,30.0,200.0,0.0,0.0,0.0,0.0,1.0,0.167,176.0,176.0,176.0
236,TECH,Healthcare,-94.1,17.1,0.7,1.2,21.4,22.1,16.8,13.5,-23.4,-59.4,-81.4,-94.1,167.5,-157.7,2.1,0.0,-351.4,52.9,440.0,440.0,475.0,475.0,0.0,0.0,236.0,236.0,21,4.7000000000000455,STRONG_UP,LOWER,MOMENTUM_DOWN,S0_NEUTRAL,,,,,440.0,440.0,475.0,475.0,0.0,0.0,,0.0,0.0,0.0,0.0,236.0,236.0,,,,,,,111110000,111110000,129.2,0.0,111.1,44.4,44.4,22.2,2.0,9.0,1.0,173.6,173.6,151.4
237,WST,Healthcare,-14.5,21.1,2.1,3.0,7.1,14.8,23.2,25.0,-13.1,-40.9,-49.6,-14.5,240.6,-82.2,1.6,0.0,-73.9,132.5,245.0,245.0,266.0,266.0,0.0,0.0,237.0,237.0,21,-1.8000000000000114,STRONG_UP,MID_RANGE,MOMENTUM_DOWN,S0_NEUTRAL,,,,,245.0,245.0,266.0,266.0,0.0,0.0,,0.0,0.0,0.0,0.0,237.0,237.0,,,,,,,111110000,111110000,129.2,0.0,111.1,44.4,44.4,44.4,2.0,9.0,1.0,173.6,173.6,173.6
238,AZO,Auto Parts,-1.0,24.7,0.3,0.2,-1.6,-11.8,-17.2,-26.7,-39.5,-41.5,-27.0,-1.0,146.3,-48.7,1.4,0.0,266.3,146.0,230.0,230.0,248.0,248.0,0.0,0.0,238.0,238.0,-46,14.100000000000023,STRONG_DOWN,MID_RANGE,MOMENTUM_DOWN,S5_TRASH,,,,,230.0,230.0,248.0,248.0,0.0,0.0,,0.0,0.0,0.0,0.0,238.0,238.0,,,,,,,100000000,111111100,106.9,0.0,155.6,66.7,66.7,22.2,3.0,9.0,1.0,173.6,173.6,129.1
239,UAL,Airlines,-34.5,54.3,-7.3,-5.2,-2.7,7.3,5.1,8.8,48.5,60.5,41.1,-34.5,37.9,-119.5,1.3,0.0,-44.8,112.5,289.0,289.0,317.0,317.0,0.0,0.0,239.0,239.0,-16,-13.399999999999999,EARLY_DOWN,UPPER_RANGE,MOMENTUM_DOWN,S5_TRASH,,,,,289.0,289.0,317.0,317.0,0.0,0.0,,0.0,0.0,0.0,0.0,239.0,239.0,,,,,,,001111110,100000111,129.1,0.0,88.9,44.4,44.4,0.0,2.0,9.0,1.0,173.5,173.5,129.1
240,^TNX,Index,-27.6,34.4,0.6,0.5,2.3,-1.0,0.1,-2.7,-28.0,-13.7,41.8,-27.6,128.3,-108.5,1.4,0.0,20.1,119.4,273.0,273.0,298.0,298.0,0.0,0.0,240.0,240.0,21,-1.7999999999999972,STRONG_UP,MID_RANGE,NEUTRAL,S0_NEUTRAL,,,,,273.0,273.0,298.0,298.0,0.0,0.0,,0.0,0.0,0.0,0.0,240.0,240.0,,,,,,,110100010,100011100,106.8,0.0,88.9,66.7,66.7,44.4,3.0,9.0,1.0,173.5,173.5,151.2
241,MTCH,Internet Content & Information,-120.5,3.6,0.2,-1.7,2.8,0.1,-3.5,-6.5,-33.4,-70.8,-105.7,-120.5,469.7,-142.4,1.9,0.0,-2834.162309166747,-8.0,573.0,573.0,536.0,536.0,0.0,0.0,241.0,241.0,2,0.0,STRONG_DOWN,LOWER,MOMENTUM_DOWN,S5_TRASH,,,,,573.0,573.0,536.0,536.0,0.0,0.0,,0.0,0.0,0.0,0.0,241.0,241.0,6918846692.73,6.919,539.0,other,equity,data_raw,011000000,111100000,84.6,0.0,88.9,88.9,88.9,66.7,4.0,9.0,1.0,173.5,173.5,151.3
242,CSX,Railroads,24.2,56.6,7.1,3.5,8.3,8.9,15.5,25.4,20.9,7.7,0.2,24.2,65.1,-59.9,2.3,-62.3,-28.4,171.2,194.0,194.0,200.0,200.0,0.0,0.0,242.0,242.0,53,9.700000000000003,STRONG_UP,UPPER_RANGE,MOMENTUM_UP,S1_LEADER,,,,,194.0,194.0,200.0,200.0,0.0,0.0,,0.0,0.0,0.0,0.0,242.0,242.0,,,,,,,111111111,10-000001,142.0,30.0,44.4,0.0,0.0,0.0,0.0,9.0,1.0,172.0,172.0,172.0
243,FAST,Industrial Distribution,50.1,52.1,1.8,0.9,2.1,-2.6,-1.8,-5.2,-3.4,0.4,8.3,50.1,108.3,-24.4,1.4,116.0,46.6,197.1,159.0,159.0,165.0,165.0,0.0,0.0,243.0,243.0,20,4.700000000000003,EARLY_DOWN,UPPER_RANGE,MOMENTUM_DOWN,S5_TRASH,,,,,159.0,159.0,165.0,165.0,0.0,0.0,,0.0,0.0,0.0,0.0,243.0,243.0,,,,,,,110000111,011111010,140.3,30.0,133.3,0.0,0.0,0.0,0.0,9.0,1.0,170.3,170.3,170.3
244,FER,Infrastructure,16.9,52.7,-0.9,-0.4,-4.7,-10.2,-13.0,-7.8,13.4,32.9,27.3,16.9,84.6,-59.5,1.2,64.0,2.4,163.9,201.0,201.0,210.0,210.0,0.0,0.0,244.0,244.0,4,1.0999999999999999,STRONG_DOWN,UPPER_RANGE,MOMENTUM_DOWN,S5_TRASH,,,,,201.0,201.0,210.0,210.0,0.0,0.0,,0.0,0.0,0.0,0.0,244.0,244.0,,,,,,,000001111,010001111,118.0,30.0,111.1,22.2,22.2,0.0,1.0,9.0,1.0,170.2,170.2,148.0
245,HCA,Hospitals,36.2,30.5,-6.7,-4.6,1.3,-11.4,-19.8,-21.3,-22.7,-22.0,-1.6,36.2,180.8,-26.7,1.4,330.0,179.1,183.2,178.0,178.0,184.0,184.0,0.0,0.0,245.0,245.0,-34,79.0,EARLY_DOWN,MID_RANGE,MOMENTUM_DOWN,S5_TRASH,,,,,178.0,178.0,184.0,184.0,0.0,0.0,,0.0,0.0,0.0,0.0,245.0,245.0,,,,,,,010000001,111111010,118.0,30.0,155.6,22.2,22.2,0.0,1.0,9.0,1.0,170.2,170.2,148.0
246,WRB,Property & Casualty Insurance,35.8,40.6,-5.6,-2.6,4.4,1.1,-3.1,-9.3,-10.1,-2.9,7.6,35.8,107.3,-27.7,1.4,144.5,77.5,182.8,179.0,179.0,185.0,185.0,0.0,0.0,246.0,246.0,-19,15.0,STRONG_UP,MID_RANGE,MOMENTUM_DOWN,S0_NEUTRAL,,,,,179.0,179.0,185.0,185.0,0.0,0.0,,0.0,0.0,0.0,0.0,246.0,246.0,,,,,,,011000011,110011100,118.0,30.0,111.1,22.2,22.2,0.0,1.0,9.0,1.0,170.2,170.2,148.0
247,SATS,Communication,98.5,58.5,-5.5,-6.7,-15.1,-23.1,-23.7,28.2,253.7,258.7,205.1,98.5,272.6,-145.8,1.5,103.5,-44.3,246.8,128.0,128.0,134.0,134.0,0.0,0.0,247.0,247.0,-82,-5.199999999999996,STRONG_DOWN,UPPER_RANGE,MOMENTUM_DOWN,S5_TRASH,,,,,128.0,128.0,134.0,134.0,0.0,0.0,,0.0,0.0,0.0,0.0,247.0,247.0,,,,,,,000011111,000000011,95.8,30.0,44.4,44.4,44.4,44.4,2.0,9.0,1.0,170.2,170.2,170.2
248,MDB,Theme (User Picks),19.2,10.1,-1.6,-3.4,-13.4,2.7,-7.2,-3.0,-24.6,-45.8,-57.6,19.2,483.1,-48.5,2.2,80.6,158.5,132.8,244.0,244.0,203.0,203.0,0.0,0.0,248.0,248.0,-45,49.599999999999994,EARLY_DOWN,LOWER,MOMENTUM_DOWN,S5_TRASH,,,,,244.0,244.0,203.0,203.0,0.0,0.0,,0.0,0.0,0.0,0.0,248.0,248.0,,,,,,,001000001,--1100010,81.1,30.0,85.7,57.1,57.1,57.1,2.0,7.0,1.0,168.2,168.2,168.2
249,TTD,Advertising Agencies,-105.4,0.6,-0.1,-1.6,-8.7,-17.6,-29.2,-53.1,-100.9,-125.5,-147.5,-105.4,1126.9,-120.8,2.7,0.0,37182.2,27.8,504.0,504.0,507.0,507.0,0.0,0.0,249.0,249.0,-10,-807.4000000000015,EARLY_UP,LOWER,NEUTRAL,S0_NEUTRAL,,,,,504.0,504.0,507.0,507.0,0.0,0.0,,0.0,0.0,0.0,0.0,249.0,249.0,,,,,,,000000000,-11100100,67.0,0.0,100.0,100.0,100.0,75.0,4.0,8.0,1.0,167.0,167.0,142.0
250,SYM,Industrial Machinery,58.9,13.1,-1.6,-3.3,-9.8,-22.6,-27.7,-33.7,-22.3,49.2,,58.9,420.8,-29.7,1.6,864.6,482.5,120.6,269.0,269.0,162.0,162.0,0.0,0.0,250.0,250.0,0,-21.19999999999999,STRONG_DOWN,LOWER,NEUTRAL,S5_TRASH,,,,,269.0,269.0,162.0,162.0,0.0,0.0,,0.0,0.0,0.0,0.0,250.0,250.0,,,,,,,0000001-1,------110,102.7,30.0,133.3,33.3,33.3,33.3,1.0,3.0,0.5,166.0,166.0,166.0
251,OKTA,Theme (User Picks),-25.3,18.8,2.7,7.1,5.6,43.5,56.5,51.6,32.8,0.6,-47.3,-25.3,375.0,-133.6,2.6,0.0,-283.2,96.8,319.0,319.0,291.0,291.0,0.0,0.0,251.0,251.0,0,-9.300000000000011,STRONG_UP,LOWER,MOMENTUM_DOWN,S0_NEUTRAL,,,,,319.0,319.0,291.0,291.0,0.0,0.0,,0.0,0.0,0.0,0.0,251.0,251.0,,,,,,,111111100,--1100001,136.7,0.0,85.7,28.6,28.6,28.6,1.0,7.0,1.0,165.3,165.3,165.3
252,WM,Waste Management,3.4,39.6,11.2,4.4,11.9,4.6,2.6,1.1,-9.6,-13.3,-11.4,3.4,60.4,-33.4,2.0,24.1,29.9,150.4,220.0,220.0,237.0,237.0,0.0,0.0,252.0,252.0,106,-6.600000000000001,STRONG_UP,MID_RANGE,MOMENTUM_UP,S1_LEADER,,,,,220.0,220.0,237.0,237.0,0.0,0.0,,0.0,0.0,0.0,0.0,252.0,252.0,,,,,,,111110001,110011-00,133.7,30.0,88.9,0.0,0.0,0.0,0.0,9.0,1.0,163.7,163.7,163.7
253,UNH,Managed Healthcare,-61.9,21.2,0.4,0.2,5.5,15.4,22.5,23.0,-31.4,-56.6,-63.8,-61.9,128.7,-112.7,1.8,0.0,-40.5,85.1,345.0,345.0,384.0,384.0,0.0,0.0,253.0,253.0,-1,-10.100000000000001,EARLY_DOWN,MID_RANGE,MOMENTUM_DOWN,S5_TRASH,,,,,345.0,345.0,384.0,384.0,0.0,0.0,,0.0,0.0,0.0,0.0,253.0,253.0,,,,,,,111110000,111111000,140.3,0.0,133.3,22.2,22.2,0.0,1.0,9.0,1.0,162.5,162.5,140.3
254,INTU,Application Software,-123.3,4.3,2.7,7.7,-3.0,-20.4,-33.3,-51.6,-82.6,-100.3,-115.6,-123.3,209.6,-138.1,2.3,0.0,1625.6,23.7,509.0,509.0,539.0,539.0,0.0,0.0,254.0,254.0,-1,-794.3000000000002,EARLY_UP,LOWER,MOMENTUM_UP,S4_BOTTOMING,,,,,509.0,509.0,539.0,539.0,0.0,0.0,,0.0,0.0,0.0,0.0,254.0,254.0,,,,,,,100000000,111111000,95.80000000000001,0.0,133.3,66.7,66.7,22.2,3.0,9.0,1.0,162.5,162.5,118.0
255,ISRG,Health Care Equipment,-25.7,6.6,4.3,-0.6,-1.0,-11.6,-20.5,-27.4,-42.8,-43.4,-49.1,-25.7,156.3,-38.4,1.7,0.0,1257.7,121.2,266.0,266.0,292.0,292.0,0.0,0.0,255.0,255.0,-14,435.9000000000001,STRONG_DOWN,LOWER,MOMENTUM_DOWN,S5_TRASH,,,,,266.0,266.0,292.0,292.0,0.0,0.0,,0.0,0.0,0.0,0.0,255.0,255.0,,,,,,,000000000,111110110,95.8,0.0,155.6,66.7,66.7,0.0,3.0,9.0,1.0,162.5,162.5,95.8
256,CRL,Healthcare,-93.3,14.7,-0.4,-1.3,13.1,19.2,14.4,17.3,-13.2,-49.8,-72.7,-93.3,203.0,-143.8,2.1,0.0,-477.0,53.7,436.0,436.0,472.0,472.0,0.0,0.0,256.0,256.0,-2,-13.899999999999977,STRONG_UP,LOWER,MOMENTUM_DOWN,S0_NEUTRAL,,,,,436.0,436.0,472.0,472.0,0.0,0.0,,0.0,0.0,0.0,0.0,256.0,256.0,,,,,,,011110000,111110000,118.0,0.0,111.1,44.4,44.4,22.2,2.0,9.0,1.0,162.4,162.4,140.2
257,DVN,Oil & Gas E&P,-0.6,25.5,1.5,2.4,0.1,-11.2,-6.4,2.5,-21.5,-37.9,53.1,-0.6,286.9,-103.1,1.4,0.0,14.3,146.4,228.0,228.0,247.0,247.0,0.0,0.0,257.0,257.0,15,-3.099999999999998,EARLY_UP,MID_RANGE,NEUTRAL,S0_NEUTRAL,,,,,228.0,228.0,247.0,247.0,0.0,0.0,,0.0,0.0,0.0,0.0,257.0,257.0,,,,,,,110010010,000111000,95.69999999999999,0.0,66.7,66.7,66.7,44.4,3.0,9.0,1.0,162.4,162.4,140.1
258,VEEV,Healthcare,-58.8,9.7,1.9,4.3,6.0,5.7,-1.7,-21.2,-43.2,-65.5,-92.3,-58.8,331.9,-100.3,2.1,0.0,259.3,88.1,340.0,340.0,376.0,376.0,0.0,0.0,258.0,258.0,15,-35.0,STRONG_UP,LOWER,MOMENTUM_DOWN,S0_NEUTRAL,,,,,340.0,340.0,376.0,376.0,0.0,0.0,,0.0,0.0,0.0,0.0,258.0,258.0,,,,,,,111000000,111100000,95.69999999999999,0.0,88.9,66.7,66.7,22.2,3.0,9.0,1.0,162.4,162.4,117.9
259,TEAM,Unknown,-155.2,0.5,0.5,9.8,-13.1,-33.7,-46.0,-64.7,-96.8,-120.0,-146.3,-155.2,620.0,-158.3,2.5,0.0,1720.207134899571,-18.2,586.0,586.0,584.0,584.0,0.0,0.0,259.0,259.0,3,0.0,EARLY_UP,LOWER,MOMENTUM_UP,S4_BOTTOMING,,,,,586.0,586.0,584.0,584.0,0.0,0.0,,0.0,0.0,0.0,0.0,259.0,259.0,11740436040.58,11.74,495.0,other,equity,data_raw,100000000,111100000,73.5,0.0,88.9,88.9,88.9,88.9,4.0,9.0,1.0,162.4,162.4,162.4
260,MRNA,Healthcare,-60.0,4.5,-0.6,-7.0,12.3,17.8,31.2,73.6,-3.1,-64.2,-65.6,-60.0,1434.6,-168.2,2.6,0.0,-2005.8,36.9,484.0,484.0,379.0,379.0,0.0,0.0,260.0,260.0,-15,-772.3999999999999,EARLY_DOWN,LOWER,MOMENTUM_DOWN,S5_TRASH,,,,,484.0,484.0,379.0,379.0,0.0,0.0,,0.0,0.0,0.0,0.0,260.0,260.0,,,,,,,011110000,---110000,92.69999999999999,0.0,66.7,66.7,66.7,66.7,2.0,6.0,1.0,159.4,159.4,159.4
261,AME,Electronic Instruments & Controls,17.4,57.4,7.4,2.0,3.3,-0.1,-1.1,4.3,-2.3,-4.2,-3.3,17.4,46.1,-21.9,1.9,12.2,5.3,164.4,200.0,200.0,209.0,209.0,0.0,0.0,261.0,261.0,15,-1.7000000000000002,EARLY_DOWN,UPPER_RANGE,MOMENTUM_DOWN,S5_TRASH,,,,,200.0,200.0,209.0,209.0,0.0,0.0,,0.0,0.0,0.0,0.0,261.0,261.0,,,,,,,110010001,111111000,129.1,30.0,133.3,0.0,0.0,0.0,0.0,9.0,1.0,159.1,159.1,159.1
262,LIN,Industrial Gases,25.2,39.0,-2.9,-1.2,1.3,-2.0,0.4,0.5,-16.8,-17.3,-11.4,25.2,97.5,-20.7,1.5,76.9,65.9,172.1,192.0,192.0,198.0,198.0,0.0,0.0,262.0,262.0,-16,18.000000000000007,EARLY_DOWN,MID_RANGE,MOMENTUM_DOWN,S5_TRASH,,,,,192.0,192.0,198.0,198.0,0.0,0.0,,0.0,0.0,0.0,0.0,262.0,262.0,,,,,,,010110001,111111000,129.1,30.0,133.3,0.0,0.0,0.0,0.0,9.0,1.0,159.1,159.1,159.1
263,PLD,Industrial REITs,-21.5,22.7,8.8,7.1,9.4,5.1,4.7,10.5,-4.3,-25.0,-34.1,-21.5,112.7,-60.3,1.8,0.0,-92.8,125.5,255.0,255.0,277.0,277.0,0.0,0.0,263.0,263.0,3,33.3,EARLY_UP,MID_RANGE,MOMENTUM_UP,S2_EARLY_BREAKOUT,,,,,255.0,255.0,277.0,277.0,0.0,0.0,,0.0,0.0,0.0,0.0,263.0,263.0,,,,,,,111110000,1111-1000,135.1,0.0,111.1,22.2,22.2,0.0,1.0,9.0,1.0,157.3,157.3,135.1
264,EXPD,Air Freight & Logistics,-2.9,60.0,12.6,6.3,11.6,13.8,12.9,22.4,12.6,-0.6,-4.5,-2.9,44.4,-72.8,1.8,0.0,-25.6,144.1,232.0,232.0,250.0,250.0,0.0,0.0,264.0,264.0,40,21.4,STRONG_UP,UPPER_RANGE,MOMENTUM_UP,S1_LEADER,,,,,232.0,232.0,250.0,250.0,0.0,0.0,,0.0,0.0,0.0,0.0,264.0,264.0,,,,,,,111111000,111111000,151.4,0.0,133.3,0.0,0.0,0.0,0.0,9.0,1.0,151.4,151.4,151.4
265,CDW,Technology,-101.0,14.2,-3.7,-6.4,-3.6,-4.2,-4.1,-16.9,-58.0,-80.1,-97.3,-101.0,116.6,-136.4,3.0,0.0,-31.8,46.0,459.0,459.0,493.0,493.0,0.0,0.0,265.0,265.0,-43,-15.7,STRONG_UP,LOWER,MOMENTUM_DOWN,S0_NEUTRAL,,,,,459.0,459.0,493.0,493.0,0.0,0.0,,0.0,0.0,0.0,0.0,265.0,265.0,,,,,,,000000000,111111000,84.7,0.0,133.3,66.7,66.7,0.0,3.0,9.0,1.0,151.4,151.4,84.7
266,IT,Technology,-164.5,3.2,2.3,7.8,-6.6,-10.5,-22.0,-41.2,-90.3,-112.4,-125.4,-164.5,136.5,-173.7,3.9,0.0,987.7,-17.5,584.0,584.0,591.0,591.0,0.0,0.0,266.0,266.0,2,-136.0999999999999,EARLY_UP,LOWER,MOMENTUM_UP,S4_BOTTOMING,,,,,584.0,584.0,591.0,591.0,0.0,0.0,,0.0,0.0,0.0,0.0,266.0,266.0,,,,,,,100000000,100111100,84.69999999999999,0.0,111.1,66.7,66.7,22.2,3.0,9.0,1.0,151.4,151.4,106.9
267,LULU,Apparel Retail,-167.8,2.0,0.3,0.1,-3.8,-15.7,-28.7,-40.4,-89.1,-116.8,-143.8,-167.8,274.1,-176.1,2.8,0.0,-786.4,-20.8,590.0,590.0,596.0,596.0,0.0,0.0,267.0,267.0,13,23.100000000000023,EARLY_UP,LOWER,NEUTRAL,S0_NEUTRAL,,,,,590.0,590.0,596.0,596.0,0.0,0.0,,0.0,0.0,0.0,0.0,267.0,267.0,,,,,,,100000000,111101000,84.69999999999999,0.0,111.1,66.7,66.7,44.4,3.0,9.0,1.0,151.4,151.4,129.1
268,SPG,Retail REITs,-22.7,69.8,10.6,5.0,7.8,7.8,8.3,12.5,19.3,28.6,44.6,-22.7,9.3,-94.0,1.2,0.0,-19.6,124.3,259.0,259.0,282.0,282.0,0.0,0.0,268.0,268.0,1,0.09999999999999787,EARLY_DOWN,UPPER_RANGE,MOMENTUM_DOWN,S5_TRASH,,,,,259.0,259.0,282.0,282.0,0.0,0.0,,0.0,0.0,0.0,0.0,268.0,268.0,,,,,,,111111110,000011101,151.3,0.0,88.9,0.0,0.0,0.0,0.0,9.0,1.0,151.3,151.3,151.3
269,EXPE,Travel Services,-30.3,57.9,1.3,0.6,10.7,7.3,3.7,9.3,35.6,31.7,22.2,-30.3,18.5,-95.4,1.6,0.0,-41.2,116.7,280.0,280.0,307.0,307.0,0.0,0.0,269.0,269.0,1,0.09999999999999432,STRONG_UP,UPPER_RANGE,MOMENTUM_DOWN,S0_NEUTRAL,,,,,280.0,280.0,307.0,307.0,0.0,0.0,,0.0,0.0,0.0,0.0,269.0,269.0,,,,,,,111111110,000000011,129.1,0.0,44.4,22.2,22.2,0.0,1.0,9.0,1.0,151.3,151.3,129.1
270,NEE,Electric Utilities,-21.6,24.3,3.7,2.1,6.5,-3.3,-3.1,2.3,0.7,-19.9,-34.7,-21.6,77.1,-52.8,1.9,0.0,-68.5,125.3,256.0,256.0,278.0,278.0,0.0,0.0,270.0,270.0,41,3.200000000000003,STRONG_UP,MID_RANGE,MOMENTUM_UP,S1_LEADER,,,,,256.0,256.0,278.0,278.0,0.0,0.0,,0.0,0.0,0.0,0.0,270.0,270.0,,,,,,,110011000,111110001,129.1,0.0,133.3,22.2,22.2,0.0,1.0,9.0,1.0,151.3,151.3,129.1
271,PFG,Diversified Financial Services,-0.0,43.2,2.4,1.3,7.1,8.7,10.8,18.1,8.0,-1.3,12.4,-0.0,75.3,-56.6,1.8,-68.8,-29.5,147.0,227.0,227.0,245.0,245.0,0.0,0.0,271.0,271.0,-57,-1.0,STRONG_UP,MID_RANGE,NEUTRAL,S0_NEUTRAL,,,,,227.0,227.0,245.0,245.0,0.0,0.0,,0.0,0.0,0.0,0.0,271.0,271.0,,,,,,,111111010,000111000,129.1,0.0,66.7,22.2,22.2,0.0,1.0,9.0,1.0,151.3,151.3,129.1
272,TRI,Technology,-85.3,13.4,6.1,10.8,10.9,5.4,-5.4,-28.5,-64.7,-76.2,-84.2,-85.3,146.3,-120.7,2.5,0.0,463.7,61.6,412.0,412.0,447.0,447.0,0.0,0.0,272.0,272.0,13,-298.7,STRONG_UP,LOWER,MOMENTUM_UP,S0_NEUTRAL,,,,,412.0,412.0,447.0,447.0,0.0,0.0,,0.0,0.0,0.0,0.0,272.0,272.0,,,,,,,111000000,111111100,129.1,0.0,155.6,22.2,22.2,0.0,1.0,9.0,1.0,151.3,151.3,129.1
273,DG,Discount Stores,-128.8,10.4,3.7,7.5,13.2,6.8,-4.9,-0.4,-16.7,-62.1,-94.8,-128.8,89.3,-153.4,1.6,0.0,-950.1,18.2,523.0,523.0,550.0,550.0,0.0,0.0,273.0,273.0,41,712.1999999999999,STRONG_UP,LOWER,MOMENTUM_UP,S0_NEUTRAL,,,,,523.0,523.0,550.0,550.0,0.0,0.0,,0.0,0.0,0.0,0.0,273.0,273.0,,,,,,,111000000,111110000,106.89999999999999,0.0,111.1,44.4,44.4,0.0,2.0,9.0,1.0,151.3,151.3,106.9
274,DHR,Life Sciences Tools & Services,-78.2,13.6,2.4,3.5,10.4,7.0,-2.5,-8.9,-40.8,-66.5,-81.7,-78.2,142.7,-112.6,2.1,0.0,-112.3,68.8,388.0,388.0,428.0,428.0,0.0,0.0,274.0,274.0,12,27.10000000000001,STRONG_UP,LOWER,MOMENTUM_UP,S0_NEUTRAL,,,,,388.0,388.0,428.0,428.0,0.0,0.0,,0.0,0.0,0.0,0.0,274.0,274.0,,,,,,,111000000,111110000,106.89999999999999,0.0,111.1,44.4,44.4,22.2,2.0,9.0,1.0,151.3,151.3,129.1
275,FANG,Oil & Gas E&P,-8.2,49.1,4.7,4.2,3.2,-5.2,0.7,7.8,-15.5,-12.1,46.6,-8.2,98.2,-109.7,1.4,0.0,4.7,138.7,239.0,239.0,257.0,257.0,0.0,0.0,275.0,275.0,44,-2.3999999999999995,EARLY_UP,MID_RANGE,NEUTRAL,S0_NEUTRAL,,,,,239.0,239.0,257.0,257.0,0.0,0.0,,0.0,0.0,0.0,0.0,275.0,275.0,,,,,,,110110010,000011100,106.89999999999999,0.0,66.7,44.4,44.4,44.4,2.0,9.0,1.0,151.3,151.3,151.3
276,MTD,Healthcare,-81.2,18.0,3.0,3.5,7.9,1.8,-4.3,-8.5,-30.9,-57.3,-70.7,-81.2,88.0,-118.0,2.1,0.0,-173.4,65.8,397.0,397.0,435.0,435.0,0.0,0.0,276.0,276.0,40,20.5,STRONG_UP,LOWER,MOMENTUM_DOWN,S0_NEUTRAL,,,,,397.0,397.0,435.0,435.0,0.0,0.0,,0.0,0.0,0.0,0.0,276.0,276.0,,,,,,,111000000,111110000,106.89999999999999,0.0,111.1,44.4,44.4,0.0,2.0,9.0,1.0,151.3,151.3,106.9
277,TMO,Life Sciences Tools & Services,-66.0,15.6,3.2,3.6,8.1,5.7,-1.7,-4.3,-31.3,-56.6,-70.1,-66.0,112.5,-98.5,2.2,0.0,-134.3,81.0,357.0,357.0,395.0,395.0,0.0,0.0,277.0,277.0,12,43.599999999999994,STRONG_UP,LOWER,MOMENTUM_UP,S0_NEUTRAL,,,,,357.0,357.0,395.0,395.0,0.0,0.0,,0.0,0.0,0.0,0.0,277.0,277.0,,,,,,,111000000,111110000,106.89999999999999,0.0,111.1,44.4,44.4,0.0,2.0,9.0,1.0,151.3,151.3,106.9
278,UPS,Industrials,-100.2,12.6,3.7,4.7,7.4,6.2,3.8,8.9,-31.1,-61.5,-75.1,-100.2,73.2,-124.6,2.1,0.0,-456.9,46.8,453.0,453.0,487.0,487.0,0.0,0.0,278.0,278.0,15,137.30000000000007,STRONG_UP,LOWER,MOMENTUM_UP,S0_NEUTRAL,,,,,453.0,453.0,487.0,487.0,0.0,0.0,,0.0,0.0,0.0,0.0,278.0,278.0,,,,,,,111110000,001110000,106.89999999999999,0.0,66.7,44.4,44.4,0.0,2.0,9.0,1.0,151.3,151.3,106.9
279,ALGN,Medical Devices,-157.0,3.2,0.2,-0.0,1.9,-3.0,-3.2,1.7,-48.0,-84.5,-116.3,-157.0,236.6,-169.2,2.4,0.0,-3331.9,-10.1,577.0,577.0,587.0,587.0,0.0,0.0,279.0,279.0,-58,-921.0999999999999,EARLY_DOWN,LOWER,MOMENTUM_DOWN,S5_TRASH,,,,,577.0,577.0,587.0,587.0,0.0,0.0,,0.0,0.0,0.0,0.0,279.0,279.0,,,,,,,010010000,111100000,84.6,0.0,88.9,66.7,66.7,22.2,3.0,9.0,1.0,151.3,151.3,106.8
280,ZTS,Healthcare,-168.7,1.8,0.9,2.3,2.8,-20.0,-32.3,-46.2,-83.7,-109.3,-135.0,-168.7,116.3,-173.6,2.8,0.0,-2438.8,-21.8,594.0,594.0,600.0,600.0,0.0,0.0,280.0,280.0,-6,-325.60000000000036,EARLY_UP,LOWER,MOMENTUM_UP,S4_BOTTOMING,,,,,594.0,594.0,600.0,600.0,0.0,0.0,,0.0,0.0,0.0,0.0,280.0,280.0,,,,,,,110000000,111100000,84.6,0.0,88.9,66.7,66.7,0.0,3.0,9.0,1.0,151.3,151.3,84.6
281,PAYC,Unknown,-118.3,4.1,-0.2,-3.7,-1.8,-10.9,-22.4,-38.5,-63.9,-90.4,-117.3,-118.3,389.7,-139.6,2.0,0.0,-809.1010678528172,-5.7,569.0,569.0,534.0,534.0,0.0,0.0,281.0,281.0,-6,0.0,STRONG_DOWN,LOWER,MOMENTUM_DOWN,S5_TRASH,,,,,569.0,569.0,534.0,534.0,0.0,0.0,,0.0,0.0,0.0,0.0,281.0,281.0,6223033319.69,6.223,544.0,other,equity,data_raw,000000000,111100000,62.4,0.0,88.9,88.9,88.9,88.9,4.0,9.0,1.0,151.3,151.3,151.3
282,PYPL,Credit Services,-169.0,4.8,3.3,23.0,27.3,18.8,10.9,-9.0,-45.2,-82.2,-121.1,-169.0,284.2,-191.3,2.7,0.0,-2257.4,-22.0,595.0,595.0,601.0,601.0,0.0,0.0,282.0,282.0,39,3996.4,STRONG_UP,LOWER,MOMENTUM_UP,S0_NEUTRAL,,,,,595.0,595.0,601.0,601.0,0.0,0.0,,0.0,0.0,0.0,0.0,282.0,282.0,,,,,,,111100000,111100000,106.8,0.0,88.9,44.4,44.4,22.2,2.0,9.0,1.0,151.2,151.2,129.0
283,HIG,Insurance - Diversified,29.9,63.6,-2.3,-1.0,5.2,-1.3,-4.7,-6.3,-2.9,7.6,28.7,29.9,77.8,-52.8,1.2,77.7,29.2,176.9,185.0,185.0,191.0,191.0,0.0,0.0,283.0,283.0,-57,4.5,STRONG_UP,UPPER_RANGE,MOMENTUM_DOWN,S0_NEUTRAL,,,,,185.0,185.0,191.0,191.0,0.0,0.0,,0.0,0.0,0.0,0.0,283.0,283.0,,,,,,,010000111,000011111,118.0,30.0,111.1,0.0,0.0,0.0,0.0,9.0,1.0,148.0,148.0,148.0
284,CLSK,Theme (User Picks),-64.9,10.2,0.4,0.9,-18.2,0.1,5.5,-2.1,3.0,31.0,22.2,-64.9,308.3,-119.4,1.7,0.0,-386.4,65.0,400.0,400.0,392.0,392.0,0.0,0.0,284.0,284.0,71,39.30000000000001,STRONG_DOWN,LOWER,NEUTRAL,S5_TRASH,,,,,400.0,400.0,392.0,392.0,0.0,0.0,,0.0,0.0,0.0,0.0,284.0,284.0,,,,,,,101101110,-01000110,121.2,0.0,75.0,25.0,25.0,25.0,1.0,8.0,1.0,146.2,146.2,146.2
285,EXR,Real Estate,-70.6,8.3,4.9,5.0,4.8,2.5,0.9,-2.4,-24.2,-50.5,-58.1,-70.6,95.9,-85.1,2.1,0.0,-337.5,76.4,371.0,371.0,408.0,408.0,0.0,0.0,285.0,285.0,40,48.5,EARLY_DOWN,LOWER,MOMENTUM_UP,S4_BOTTOMING,,,,,371.0,371.0,408.0,408.0,0.0,0.0,,0.0,0.0,0.0,0.0,285.0,285.0,,,,,,,111100000,-11111000,123.9,0.0,111.1,22.2,22.2,0.0,1.0,9.0,1.0,146.1,146.1,123.9
286,GILD,Biotechnology,-5.8,61.1,9.6,5.5,6.3,-1.4,-4.2,0.4,26.7,36.7,34.8,-5.8,46.8,-87.0,1.2,0.0,-18.0,141.2,235.0,235.0,253.0,253.0,0.0,0.0,286.0,286.0,-8,0.10000000000000142,STRONG_UP,UPPER_RANGE,MOMENTUM_UP,S1_LEADER,,,,,235.0,235.0,253.0,253.0,0.0,0.0,,0.0,0.0,0.0,0.0,286.0,286.0,,,,,,,110011110,000011111,140.3,0.0,111.1,0.0,0.0,0.0,0.0,9.0,1.0,140.3,140.3,140.3
287,NSC,Industrials,-8.5,39.5,7.9,3.8,8.5,6.5,6.6,8.0,10.0,-6.1,-18.7,-8.5,59.6,-52.6,1.3,0.0,-40.3,138.5,240.0,240.0,258.0,258.0,0.0,0.0,287.0,287.0,50,18.700000000000003,STRONG_UP,MID_RANGE,MOMENTUM_UP,S1_LEADER,,,,,240.0,240.0,258.0,258.0,0.0,0.0,,0.0,0.0,0.0,0.0,287.0,287.0,,,,,,,111111000,111100001,140.3,0.0,111.1,0.0,0.0,0.0,0.0,9.0,1.0,140.3,140.3,140.3
288,UNP,Railroads,-3.8,49.8,9.9,4.9,10.9,10.6,13.4,18.2,4.6,-6.9,-14.8,-3.8,54.8,-61.2,2.1,0.0,-22.3,143.2,233.0,233.0,251.0,251.0,0.0,0.0,288.0,288.0,52,9.999999999999996,STRONG_UP,MID_RANGE,MOMENTUM_UP,S1_LEADER,,,,,233.0,233.0,251.0,251.0,0.0,0.0,,0.0,0.0,0.0,0.0,288.0,288.0,,,,,,,111111000,111011000,140.3,0.0,111.1,0.0,0.0,0.0,0.0,9.0,1.0,140.3,140.3,140.3
289,AVAV,Unknown,-32.3,6.1,-8.6,-16.1,-27.5,-35.6,-43.1,-51.8,-50.4,-41.7,-45.5,-32.3,423.8,-61.5,1.7,0.0,1861.4,108.7,295.0,295.0,313.0,313.0,0.0,0.0,289.0,289.0,-10,0.0,STRONG_DOWN,LOWER,MOMENTUM_DOWN,S5_TRASH,,,,,295.0,295.0,313.0,313.0,0.0,0.0,,0.0,0.0,0.0,0.0,289.0,289.0,6980969390.02,6.981,537.0,other,equity,data_raw,000000000,111000110,73.6,0.0,111.1,66.7,66.7,44.4,3.0,9.0,1.0,140.3,140.3,118.0
290,ADP,Industrials,-49.4,25.0,8.3,6.6,9.5,11.8,7.3,-5.8,-27.1,-38.6,-44.5,-49.4,62.9,-86.5,2.7,0.0,15.3,97.6,317.0,317.0,348.0,348.0,0.0,0.0,290.0,290.0,-9,-7.300000000000001,STRONG_UP,MID_RANGE,MOMENTUM_UP,S1_LEADER,,,,,317.0,317.0,348.0,348.0,0.0,0.0,,0.0,0.0,0.0,0.0,290.0,290.0,,,,,,,111100000,111111100,140.2,0.0,155.6,0.0,0.0,0.0,0.0,9.0,1.0,140.2,140.2,140.2
291,AMGN,Biotechnology,-17.2,45.5,6.9,2.8,8.0,3.8,1.6,7.5,3.5,2.9,-6.2,-17.2,33.9,-59.1,1.9,0.0,-30.2,129.8,250.0,250.0,272.0,272.0,0.0,0.0,291.0,291.0,8,1.1999999999999993,EARLY_DOWN,MID_RANGE,MOMENTUM_DOWN,S5_TRASH,,,,,250.0,250.0,272.0,272.0,0.0,0.0,,0.0,0.0,0.0,0.0,291.0,291.0,,,,,,,111111100,110011000,140.2,0.0,88.9,0.0,0.0,0.0,0.0,9.0,1.0,140.2,140.2,140.2
292,A,Healthcare,-77.8,14.0,1.8,1.9,1.2,5.3,1.1,-4.8,-29.1,-53.9,-66.8,-77.8,101.2,-106.3,2.5,0.0,-230.6,69.2,387.0,387.0,427.0,427.0,0.0,0.0,292.0,292.0,77,53.599999999999994,STRONG_UP,LOWER,MOMENTUM_UP,S0_NEUTRAL,,,,,387.0,387.0,427.0,427.0,0.0,0.0,,0.0,0.0,0.0,0.0,292.0,292.0,,,,,,,111100000,111110000,118.0,0.0,111.1,22.2,22.2,0.0,1.0,9.0,1.0,140.2,140.2,118.0
293,ADM,Farm Products,-54.7,26.9,3.6,3.8,4.6,4.3,11.4,19.4,5.4,-24.7,-28.7,-54.7,93.3,-108.6,1.6,0.0,-195.4,92.2,328.0,328.0,363.0,363.0,0.0,0.0,293.0,293.0,82,62.20000000000002,STRONG_UP,MID_RANGE,NEUTRAL,S0_NEUTRAL,,,,,328.0,328.0,363.0,363.0,0.0,0.0,,0.0,0.0,0.0,0.0,293.0,293.0,,,,,,,111111000,001011000,118.0,0.0,66.7,22.2,22.2,0.0,1.0,9.0,1.0,140.2,140.2,118.0
294,BRO,Insurance Brokers,-56.7,15.0,2.3,3.2,12.6,8.7,-1.8,-19.0,-52.4,-61.7,-67.4,-56.7,163.4,-101.8,2.8,0.0,392.9,90.2,333.0,333.0,368.0,368.0,0.0,0.0,294.0,294.0,16,-0.9000000000000341,STRONG_UP,LOWER,MOMENTUM_DOWN,S0_NEUTRAL,,,,,333.0,333.0,368.0,368.0,0.0,0.0,,0.0,0.0,0.0,0.0,294.0,294.0,,,,,,,111000000,111101100,118.0,0.0,133.3,22.2,22.2,0.0,1.0,9.0,1.0,140.2,140.2,118.0
295,SCHW,Investment Banking & Brokerage,-23.2,33.4,0.6,0.2,11.8,7.1,1.9,-0.5,6.8,-9.6,-3.9,-23.2,56.7,-63.4,1.3,0.0,-47.5,123.7,262.0,262.0,285.0,285.0,0.0,0.0,295.0,295.0,-11,2.1000000000000014,STRONG_UP,MID_RANGE,NEUTRAL,S0_NEUTRAL,,,,,262.0,262.0,285.0,285.0,0.0,0.0,,0.0,0.0,0.0,0.0,295.0,295.0,,,,,,,111101000,100110001,118.0,0.0,88.9,22.2,22.2,0.0,1.0,9.0,1.0,140.2,140.2,118.0
296,EOG,Oil & Gas E&P,-34.9,36.3,4.7,3.8,4.7,-2.6,5.2,8.8,-11.1,-14.4,18.8,-34.9,74.9,-96.5,1.4,0.0,-44.2,112.0,290.0,290.0,318.0,318.0,0.0,0.0,296.0,296.0,-9,4.899999999999999,EARLY_UP,MID_RANGE,NEUTRAL,S0_NEUTRAL,,,,,290.0,290.0,318.0,318.0,0.0,0.0,,0.0,0.0,0.0,0.0,296.0,296.0,,,,,,,110110010,000011000,95.8,0.0,44.4,44.4,44.4,22.2,2.0,9.0,1.0,140.2,140.2,118.0
297,IDXX,Veterinary Diagnostics,-22.7,7.1,2.4,2.8,4.6,-1.5,-10.7,-15.6,-23.7,-43.3,-55.8,-22.7,217.2,-40.8,1.7,0.0,95.6,124.3,259.0,259.0,282.0,282.0,0.0,0.0,297.0,297.0,-9,-7.300000000000011,EARLY_UP,LOWER,MOMENTUM_UP,S4_BOTTOMING,,,,,259.0,259.0,282.0,282.0,0.0,0.0,,0.0,0.0,0.0,0.0,297.0,297.0,,,,,,,110000000,111110000,95.8,0.0,111.1,44.4,44.4,44.4,2.0,9.0,1.0,140.2,140.2,140.2
298,LOW,Retail,-64.0,6.9,3.1,2.7,0.9,-8.2,-15.4,-19.8,-41.9,-57.3,-62.1,-64.0,92.6,-75.0,2.1,0.0,100.8,83.0,352.0,352.0,389.0,389.0,0.0,0.0,298.0,298.0,17,26.700000000000003,EARLY_DOWN,LOWER,MOMENTUM_DOWN,S5_TRASH,,,,,352.0,352.0,389.0,389.0,0.0,0.0,,0.0,0.0,0.0,0.0,298.0,298.0,,,,,,,110000000,111110000,95.8,0.0,111.1,44.4,44.4,0.0,2.0,9.0,1.0,140.2,140.2,95.8
299,ADBE,Software,-154.8,4.8,1.7,5.8,-1.1,-7.4,-17.2,-31.6,-77.5,-101.7,-128.5,-154.8,166.4,-170.6,2.4,0.0,-754.6,-7.8,572.0,572.0,583.0,583.0,0.0,0.0,299.0,299.0,-9,211.19999999999993,EARLY_UP,LOWER,MOMENTUM_UP,S4_BOTTOMING,,,,,572.0,572.0,583.0,583.0,0.0,0.0,,0.0,0.0,0.0,0.0,299.0,299.0,,,,,,,100000000,111100000,73.5,0.0,88.9,66.7,66.7,0.0,3.0,9.0,1.0,140.2,140.2,73.5
300,EPAM,Technology,-190.6,1.4,0.7,5.0,-8.1,-23.0,-38.9,-50.2,-89.0,-120.9,-150.0,-190.6,383.6,-198.0,3.4,0.0,-5876.1,-43.7,611.0,611.0,615.0,615.0,0.0,0.0,300.0,300.0,-9,-1417.8000000000002,EARLY_UP,LOWER,MOMENTUM_UP,S4_BOTTOMING,,,,,611.0,611.0,615.0,615.0,0.0,0.0,,0.0,0.0,0.0,0.0,300.0,300.0,,,,,,,100000000,111100000,73.5,0.0,88.9,66.7,66.7,44.4,3.0,9.0,1.0,140.2,140.2,117.9
301,EQT,Oil & Gas E&P,-28.5,38.0,1.6,1.7,-8.1,-17.4,-19.9,-22.4,-24.9,-18.0,44.0,-28.5,112.9,-116.6,1.2,0.0,27.8,118.4,276.0,276.0,301.0,301.0,0.0,0.0,301.0,301.0,16,5.699999999999999,STRONG_DOWN,MID_RANGE,MOMENTUM_DOWN,S5_TRASH,,,,,276.0,276.0,301.0,301.0,0.0,0.0,,0.0,0.0,0.0,0.0,301.0,301.0,,,,,,,100000010,000011100,73.5,0.0,66.7,66.7,66.7,22.2,3.0,9.0,1.0,140.2,140.2,95.7
302,RMD,Healthcare,-84.0,8.3,0.2,-0.0,5.0,-4.7,-14.9,-25.5,-40.0,-65.3,-83.7,-84.0,134.7,-103.2,2.0,0.0,-63.2,63.0,406.0,406.0,444.0,444.0,0.0,0.0,302.0,302.0,-43,-31.800000000000004,EARLY_DOWN,LOWER,MOMENTUM_DOWN,S5_TRASH,,,,,406.0,406.0,444.0,444.0,0.0,0.0,,0.0,0.0,0.0,0.0,302.0,302.0,,,,,,,010000000,111100000,73.5,0.0,88.9,66.7,66.7,0.0,3.0,9.0,1.0,140.2,140.2,73.5
303,NEM,Gold Mining,-4.4,43.5,-4.5,-4.1,-9.2,-18.3,-22.7,-8.3,45.7,26.4,5.7,-4.4,127.4,-105.8,1.5,0.0,-51.3,142.6,234.0,234.0,252.0,252.0,0.0,0.0,303.0,303.0,-66,-7.399999999999999,STRONG_DOWN,MID_RANGE,MOMENTUM_DOWN,S5_TRASH,,,,,234.0,234.0,252.0,252.0,0.0,0.0,,0.0,0.0,0.0,0.0,303.0,303.0,,,,,,,000001110,001100011,95.69999999999999,0.0,88.9,44.4,44.4,0.0,2.0,9.0,1.0,140.1,140.1,95.7
304,VRTX,Biotechnology,-5.8,34.7,1.0,0.7,4.4,3.3,-0.9,-1.1,-23.1,-15.2,-22.1,-5.8,96.1,-59.6,1.4,0.0,57.6,141.2,235.0,235.0,253.0,253.0,0.0,0.0,304.0,304.0,-87,21.200000000000003,EARLY_DOWN,MID_RANGE,MOMENTUM_DOWN,S5_TRASH,,,,,235.0,235.0,253.0,253.0,0.0,0.0,,0.0,0.0,0.0,0.0,304.0,304.0,,,,,,,111000000,110001100,95.69999999999999,0.0,88.9,44.4,44.4,0.0,2.0,9.0,1.0,140.1,140.1,95.7
305,0138Y0.KS,Korea ETF (My Portfolio),5.4,58.9,-9.0,,6.5,0.7,0.7,0.7,0.7,0.7,0.7,0.7,10.0,-1.2,1.9,4.3,4.663839083883558e-152,7.3,542.0,542.0,230.0,230.0,0.0,0.0,305.0,305.0,-11,0.0,,,,,,,,,542.0,542.0,230.0,230.0,0.0,0.0,,0.0,0.0,0.0,0.0,305.0,305.0,323.0,0.0,,etf,etf,data_raw,-11111111,--------0,109.0,30.0,0.0,0.0,0.0,0.0,0.0,1.0,0.167,139.0,139.0,139.0
306,DOV,Diversified Machinery,1.4,40.8,3.7,1.5,2.7,-2.7,-2.7,2.8,-6.6,-15.2,-17.4,1.4,62.8,-40.4,2.0,1.2,13.1,148.4,223.0,223.0,242.0,242.0,0.0,0.0,306.0,306.0,139,-2.0999999999999996,STRONG_DOWN,MID_RANGE,MOMENTUM_UP,S4_BOTTOMING,,,,,223.0,223.0,242.0,242.0,0.0,0.0,,0.0,0.0,0.0,0.0,306.0,306.0,,,,,,,110010001,111100000,106.8,30.0,88.9,0.0,0.0,0.0,0.0,9.0,1.0,136.8,136.8,136.8
307,DRI,Restaurants,1.9,49.8,-0.3,-1.0,2.2,0.2,-0.8,-1.9,-7.3,-6.5,1.3,1.9,62.3,-57.3,1.5,33.5,13.2,148.9,221.0,221.0,239.0,239.0,0.0,0.0,307.0,307.0,17,-0.10000000000000142,STRONG_DOWN,MID_RANGE,MOMENTUM_DOWN,S5_TRASH,,,,,221.0,221.0,239.0,239.0,0.0,0.0,,0.0,0.0,0.0,0.0,307.0,307.0,,,,,,,011000011,100011100,106.8,30.0,88.9,0.0,0.0,0.0,0.0,9.0,1.0,136.8,136.8,136.8
308,CRCL,,11.2,21.3,8.0,24.2,21.2,41.0,35.7,,,,,11.2,213.2,-73.3,2.1,0.0,0.0,20.2,519.0,519.0,221.0,221.0,0.0,0.0,308.0,308.0,-11,0.0,STRONG_UP,MID_RANGE,MOMENTUM_UP,S1_LEADER,,,,,519.0,519.0,221.0,221.0,0.0,0.0,,0.0,0.0,0.0,0.0,308.0,308.0,27312098989.64,27.312,353.0,other,equity,data_raw,1111----1,--------0,106.0,30.0,0.0,0.0,0.0,0.0,0.0,1.0,0.167,136.0,136.0,136.0
309,SHW,Household & Personal Care Products,-40.7,20.7,2.6,1.8,6.4,1.6,-3.5,-9.6,-28.3,-37.7,-47.7,-40.7,77.6,-71.2,2.4,0.0,40.3,106.2,298.0,298.0,329.0,329.0,0.0,0.0,309.0,309.0,17,3.299999999999997,EARLY_DOWN,MID_RANGE,MOMENTUM_DOWN,S5_TRASH,,,,,298.0,298.0,329.0,329.0,0.0,0.0,,0.0,0.0,0.0,0.0,309.0,309.0,,,,,,,111000000,1111-1000,112.8,0.0,111.1,22.2,22.2,0.0,1.0,9.0,1.0,135.0,135.0,112.8
310,MRK,Pharmaceuticals,-38.8,36.5,5.1,3.8,6.5,3.4,3.7,17.4,-9.1,-19.4,-29.3,-38.8,61.4,-95.8,2.2,0.0,-69.7,108.1,297.0,297.0,327.0,327.0,0.0,0.0,310.0,310.0,26,-7.200000000000003,EARLY_DOWN,MID_RANGE,MOMENTUM_DOWN,S5_TRASH,,,,,297.0,297.0,327.0,327.0,0.0,0.0,,0.0,0.0,0.0,0.0,310.0,310.0,,,,,,,111110000,111011000,129.2,0.0,111.1,0.0,0.0,0.0,0.0,9.0,1.0,129.2,129.2,129.2
311,AON,Insurance Brokers,-44.7,22.7,5.5,3.8,11.3,9.2,4.1,-3.1,-25.5,-39.7,-45.8,-44.7,64.2,-76.2,2.2,0.0,-10.6,102.3,304.0,304.0,337.0,337.0,0.0,0.0,311.0,311.0,-11,-0.29999999999999893,STRONG_UP,MID_RANGE,MOMENTUM_UP,S1_LEADER,,,,,304.0,304.0,337.0,337.0,0.0,0.0,,0.0,0.0,0.0,0.0,311.0,311.0,,,,,,,111100000,111111000,129.1,0.0,133.3,0.0,0.0,0.0,0.0,9.0,1.0,129.1,129.1,129.1
312,FDS,Financial Data & Stock Exchanges,-135.5,12.9,3.5,6.7,2.1,5.1,2.0,-13.8,-60.6,-85.0,-105.3,-135.5,60.9,-164.1,2.4,0.0,-264.6,11.4,536.0,536.0,561.0,561.0,0.0,0.0,312.0,312.0,-7,-3.2000000000000455,STRONG_UP,LOWER,MOMENTUM_UP,S0_NEUTRAL,,,,,536.0,536.0,561.0,561.0,0.0,0.0,,0.0,0.0,0.0,0.0,312.0,312.0,,,,,,,111100000,111111000,129.1,0.0,133.3,0.0,0.0,0.0,0.0,9.0,1.0,129.1,129.1,129.1
313,GL,Insurance - Life,-27.0,70.0,5.5,3.6,12.1,14.4,17.2,19.8,23.2,13.8,1.5,-27.0,15.6,-125.1,1.2,0.0,-30.6,119.9,271.0,271.0,296.0,296.0,0.0,0.0,313.0,313.0,48,6.0,STRONG_UP,UPPER_RANGE,MOMENTUM_DOWN,S0_NEUTRAL,,,,,271.0,271.0,296.0,296.0,0.0,0.0,,0.0,0.0,0.0,0.0,313.0,313.0,,,,,,,111111110,000011000,129.1,0.0,44.4,0.0,0.0,0.0,0.0,9.0,1.0,129.1,129.1,129.1
314,IVZ,Asset Management,-26.9,69.3,9.6,5.1,11.5,11.5,9.6,21.3,54.6,37.7,42.4,-26.9,8.3,-104.9,1.6,0.0,-41.2,120.1,270.0,270.0,295.0,295.0,0.0,0.0,314.0,314.0,20,30.799999999999997,STRONG_UP,UPPER_RANGE,MOMENTUM_UP,S1_LEADER,,,,,270.0,270.0,295.0,295.0,0.0,0.0,,0.0,0.0,0.0,0.0,314.0,314.0,,,,,,,111111110,000010001,129.1,0.0,44.4,0.0,0.0,0.0,0.0,9.0,1.0,129.1,129.1,129.1
315,KIM,Real Estate,-55.2,29.5,9.9,5.2,7.1,5.7,8.2,11.0,3.3,-12.8,-14.0,-55.2,15.2,-83.9,1.9,0.0,-125.3,91.8,330.0,330.0,365.0,365.0,0.0,0.0,315.0,315.0,57,32.10000000000001,EARLY_DOWN,MID_RANGE,MOMENTUM_UP,S4_BOTTOMING,,,,,330.0,330.0,365.0,365.0,0.0,0.0,,0.0,0.0,0.0,0.0,315.0,315.0,,,,,,,111111000,011011000,129.1,0.0,88.9,0.0,0.0,0.0,0.0,9.0,1.0,129.1,129.1,129.1
316,PAYX,Industrials,-69.8,22.4,6.9,7.2,12.0,14.4,10.1,-4.7,-35.1,-52.8,-58.9,-69.8,70.8,-109.7,3.4,0.0,-8.6,77.2,370.0,370.0,407.0,407.0,0.0,0.0,316.0,316.0,-8,-0.5999999999999996,STRONG_UP,MID_RANGE,MOMENTUM_UP,S1_LEADER,,,,,370.0,370.0,407.0,407.0,0.0,0.0,,0.0,0.0,0.0,0.0,316.0,316.0,,,,,,,111100000,111111000,129.1,0.0,133.3,0.0,0.0,0.0,0.0,9.0,1.0,129.1,129.1,129.1
317,WFC,Diversified Banks,-22.4,64.5,3.5,1.6,8.5,4.1,-1.2,-2.9,16.2,24.9,35.1,-22.4,15.8,-90.0,1.2,0.0,-13.2,124.6,258.0,258.0,281.0,281.0,0.0,0.0,317.0,317.0,-8,0.8000000000000007,STRONG_UP,UPPER_RANGE,MOMENTUM_DOWN,S0_NEUTRAL,,,,,258.0,258.0,281.0,281.0,0.0,0.0,,0.0,0.0,0.0,0.0,317.0,317.0,,,,,,,111001110,000001111,129.1,0.0,88.9,0.0,0.0,0.0,0.0,9.0,1.0,129.1,129.1,129.1
318,BALL,Packaging Materials,-119.1,10.9,1.9,2.9,10.1,2.5,1.2,3.9,-23.2,-51.8,-84.8,-119.1,78.1,-143.0,2.1,0.0,-738.1,27.9,503.0,503.0,535.0,535.0,0.0,0.0,318.0,318.0,27,-13.700000000000045,EARLY_DOWN,LOWER,MOMENTUM_DOWN,S5_TRASH,,,,,503.0,503.0,535.0,535.0,0.0,0.0,,0.0,0.0,0.0,0.0,318.0,318.0,,,,,,,111110000,111000000,106.89999999999999,0.0,66.7,22.2,22.2,0.0,1.0,9.0,1.0,129.1,129.1,106.9
319,F,Auto Manufacturers,-43.3,25.5,2.2,1.9,-5.1,3.5,1.3,6.5,1.5,-16.1,-4.1,-43.3,98.7,-91.2,1.4,0.0,-153.2,103.6,302.0,302.0,334.0,334.0,0.0,0.0,319.0,319.0,100,41.70000000000002,EARLY_UP,MID_RANGE,MOMENTUM_UP,S2_EARLY_BREAKOUT,,,,,302.0,302.0,334.0,334.0,0.0,0.0,,0.0,0.0,0.0,0.0,319.0,319.0,,,,,,,101111000,000111000,106.89999999999999,0.0,66.7,22.2,22.2,0.0,1.0,9.0,1.0,129.1,129.1,106.9
320,SBUX,Restaurants,-72.8,21.9,3.3,2.8,8.7,5.2,8.0,11.7,-5.6,-26.7,-48.4,-72.8,47.2,-105.9,1.6,0.0,-223.5,74.2,376.0,376.0,415.0,415.0,0.0,0.0,320.0,320.0,27,69.10000000000002,STRONG_UP,MID_RANGE,MOMENTUM_UP,S1_LEADER,,,,,376.0,376.0,415.0,415.0,0.0,0.0,,0.0,0.0,0.0,0.0,320.0,320.0,,,,,,,111110000,111000000,106.89999999999999,0.0,66.7,22.2,22.2,0.0,1.0,9.0,1.0,129.1,129.1,106.9
321,SPGI,Financial Data & Exchanges,-46.8,14.8,7.8,6.8,8.6,3.7,-4.8,-14.5,-35.2,-48.0,-61.7,-46.8,95.4,-71.1,2.0,0.0,116.8,100.2,309.0,309.0,341.0,341.0,0.0,0.0,321.0,321.0,-9,-41.60000000000001,STRONG_UP,LOWER,MOMENTUM_UP,S0_NEUTRAL,,,,,309.0,309.0,341.0,341.0,0.0,0.0,,0.0,0.0,0.0,0.0,321.0,321.0,,,,,,,111000000,111101000,106.89999999999999,0.0,111.1,22.2,22.2,0.0,1.0,9.0,1.0,129.1,129.1,106.9
322,VRSK,Industrials,-100.3,18.2,7.1,9.2,9.8,5.5,-3.4,-18.2,-51.4,-64.2,-82.9,-100.3,50.5,-133.4,3.1,0.0,-25.6,46.7,454.0,454.0,488.0,488.0,0.0,0.0,322.0,322.0,-9,0.8999999999999986,STRONG_UP,LOWER,MOMENTUM_UP,S0_NEUTRAL,,,,,454.0,454.0,488.0,488.0,0.0,0.0,,0.0,0.0,0.0,0.0,322.0,322.0,,,,,,,111000000,111100100,106.89999999999999,0.0,111.1,22.2,22.2,0.0,1.0,9.0,1.0,129.1,129.1,106.9
323,ALNY,Biotechnology,-8.7,17.6,-4.6,-4.7,-5.0,-11.7,-19.2,-32.4,-19.3,-25.1,-21.4,-8.7,206.0,-54.2,1.5,0.0,265.2,138.2,241.0,241.0,259.0,259.0,0.0,0.0,323.0,323.0,-165,141.89999999999998,EARLY_DOWN,LOWER,MOMENTUM_DOWN,S5_TRASH,,,,,241.0,241.0,259.0,259.0,0.0,0.0,,0.0,0.0,0.0,0.0,323.0,323.0,,,,,,,000000000,110110110,84.7,0.0,133.3,44.4,44.4,0.0,2.0,9.0,1.0,129.1,129.1,84.7
324,ERIE,Insurance Brokers,-94.1,5.3,-5.2,-9.7,-1.1,-6.1,-15.6,-29.3,-64.5,-68.3,-84.2,-94.1,196.4,-109.8,2.4,0.0,1085.4,52.9,440.0,440.0,475.0,475.0,0.0,0.0,324.0,324.0,-53,649.4000000000001,EARLY_DOWN,LOWER,MOMENTUM_DOWN,S5_TRASH,,,,,440.0,440.0,475.0,475.0,0.0,0.0,,0.0,0.0,0.0,0.0,324.0,324.0,,,,,,,000000000,111011100,84.7,0.0,133.3,44.4,44.4,22.2,2.0,9.0,1.0,129.1,129.1,106.9
325,TSCO,Specialty Retail,-87.1,4.9,1.9,2.4,-3.0,-15.5,-29.4,-43.4,-69.7,-85.0,-88.2,-87.1,112.2,-110.0,1.6,0.0,1166.0,59.9,419.0,419.0,455.0,455.0,0.0,0.0,325.0,325.0,19,-269.9000000000001,EARLY_DOWN,LOWER,MOMENTUM_DOWN,S5_TRASH,,,,,419.0,419.0,455.0,455.0,0.0,0.0,,0.0,0.0,0.0,0.0,325.0,325.0,,,,,,,100000000,011111000,84.69999999999999,0.0,111.1,44.4,44.4,22.2,2.0,9.0,1.0,129.1,129.1,106.9
326,EL,Personal Products,-172.8,1.7,0.6,0.8,-1.2,0.8,-13.4,-17.0,-44.2,-89.0,-123.6,-172.8,96.0,-176.9,1.7,0.0,-8013.4,-25.9,599.0,599.0,604.0,604.0,0.0,0.0,326.0,326.0,-34,-2867.7,STRONG_DOWN,LOWER,MOMENTUM_UP,S4_BOTTOMING,,,,,599.0,599.0,604.0,604.0,0.0,0.0,,0.0,0.0,0.0,0.0,326.0,326.0,,,,,,,101000000,111100000,84.6,0.0,88.9,44.4,44.4,0.0,2.0,9.0,1.0,129.0,129.0,84.6
327,TMUS,Telecommunication Services,-16.6,16.1,4.2,3.3,7.5,-1.9,-6.7,-16.4,-26.9,-29.0,-31.7,-16.6,136.2,-45.3,1.8,0.0,298.4,130.4,247.0,247.0,268.0,268.0,0.0,0.0,327.0,327.0,-5,-159.5,EARLY_UP,LOWER,MOMENTUM_UP,S4_BOTTOMING,,,,,247.0,247.0,268.0,268.0,0.0,0.0,,0.0,0.0,0.0,0.0,327.0,327.0,,,,,,,110000000,101010100,84.6,0.0,88.9,44.4,44.4,0.0,2.0,9.0,1.0,129.0,129.0,84.6
328,XLE,Index,-16.6,44.7,6.3,4.0,3.9,-4.3,-0.3,7.2,-5.7,-6.0,17.3,-16.6,63.6,-80.5,1.5,0.0,-24.0,130.4,247.0,247.0,268.0,268.0,0.0,0.0,328.0,328.0,23,5.600000000000001,EARLY_UP,MID_RANGE,NEUTRAL,S0_NEUTRAL,,,,,247.0,247.0,268.0,268.0,0.0,0.0,,0.0,0.0,0.0,0.0,328.0,328.0,,,,,,,110010010,000011000,84.6,0.0,44.4,44.4,44.4,0.0,2.0,9.0,1.0,129.0,129.0,84.6
329,JOBY,Airports & Air Services,-58.0,0.0,0.0,-4.4,-27.6,-26.5,-33.7,-47.5,-36.6,-46.2,,-58.0,149.0,-94.4,1.8,0.0,-2213.8,7.4,541.0,541.0,370.0,370.0,0.0,0.0,329.0,329.0,-6,-1324.6000000000001,STRONG_DOWN,LOWER,MOMENTUM_DOWN,S5_TRASH,,,,,541.0,541.0,370.0,370.0,0.0,0.0,,0.0,0.0,0.0,0.0,329.0,329.0,,,,,,,0000000-0,-----0110,62.0,0.0,100.0,66.7,66.7,0.0,2.0,4.0,0.667,128.7,128.7,62.0
330,KO,Soft Drinks,-34.0,37.5,6.2,2.2,6.4,3.4,4.6,7.2,3.4,-6.2,-14.1,-34.0,15.3,-63.0,1.8,0.0,-58.7,113.0,288.0,288.0,316.0,316.0,0.0,0.0,330.0,330.0,22,3.5999999999999943,STRONG_UP,MID_RANGE,MOMENTUM_DOWN,S0_NEUTRAL,,,,,288.0,288.0,316.0,316.0,0.0,0.0,,0.0,0.0,0.0,0.0,330.0,330.0,,,,,,,111111000,-1101-000,125.6,0.0,66.7,0.0,0.0,0.0,0.0,9.0,1.0,125.6,125.6,125.6
331,LII,HVAC Equipment,-9.4,27.1,2.7,1.7,5.3,4.5,2.3,-4.6,-22.4,-2.6,-8.3,-9.4,101.7,-50.5,1.8,0.0,117.4,137.6,242.0,242.0,261.0,261.0,0.0,0.0,331.0,331.0,22,-0.3999999999999915,EARLY_DOWN,MID_RANGE,MOMENTUM_DOWN,S5_TRASH,,,,,242.0,242.0,261.0,261.0,0.0,0.0,,0.0,0.0,0.0,0.0,331.0,331.0,,,,,,,111100000,1-00011-0,103.3,0.0,66.7,22.2,22.2,22.2,1.0,9.0,1.0,125.5,125.5,125.5
332,MRSH,Financials,-66.6,16.7,3.2,2.7,9.1,3.8,-2.8,-11.8,-42.9,-55.1,-60.0,-66.6,65.4,-92.6,3.4,0.0,56.5,80.4,358.0,358.0,396.0,396.0,0.0,0.0,332.0,332.0,22,-15.200000000000003,STRONG_UP,LOWER,MOMENTUM_DOWN,S0_NEUTRAL,,,,,358.0,358.0,396.0,396.0,0.0,0.0,,0.0,0.0,0.0,0.0,332.0,332.0,,,,,,,111000000,111111-00,125.3,0.0,133.3,0.0,0.0,0.0,0.0,9.0,1.0,125.3,125.3,125.3
333,COIN,Financial Data & Stock Exchanges,-33.8,3.9,0.9,1.4,-5.5,-13.2,-19.4,-40.3,-42.5,-28.5,,-33.8,213.9,-64.8,1.9,0.0,2031.5,26.9,505.0,505.0,315.0,315.0,0.0,0.0,333.0,333.0,26,524.7,EARLY_UP,LOWER,NEUTRAL,S0_NEUTRAL,,,,,505.0,505.0,315.0,315.0,0.0,0.0,,0.0,0.0,0.0,0.0,333.0,333.0,,,,,,,1000000-0,------110,90.2,0.0,133.3,33.3,33.3,33.3,1.0,3.0,0.5,123.5,123.5,123.5
334,TYL,Technology,-134.7,6.3,1.6,2.7,0.5,-7.1,-16.0,-34.2,-66.8,-85.6,-107.5,-134.7,77.0,-148.4,2.6,0.0,-105.8,12.2,534.0,534.0,559.0,559.0,0.0,0.0,334.0,334.0,-7,-34.0,STRONG_UP,LOWER,MOMENTUM_DOWN,S0_NEUTRAL,,,,,534.0,534.0,559.0,559.0,0.0,0.0,,0.0,0.0,0.0,0.0,334.0,334.0,,,,,,,110000000,-11100000,76.7,0.0,66.7,44.4,44.4,0.0,2.0,9.0,1.0,121.1,121.1,76.7
335,IR,Industrial Machinery,-18.6,23.0,9.7,8.1,12.3,5.1,-1.7,-5.1,-31.7,-30.6,-25.2,-18.6,89.2,-69.3,2.0,0.0,82.8,102.0,306.0,306.0,274.0,274.0,0.0,0.0,335.0,335.0,52,-72.7,STRONG_UP,MID_RANGE,MOMENTUM_UP,S1_LEADER,,,,,306.0,306.0,274.0,274.0,0.0,0.0,,0.0,0.0,0.0,0.0,335.0,335.0,,,,,,,111000000,--1111100,120.7,0.0,142.9,0.0,0.0,0.0,0.0,7.0,1.0,120.7,120.7,120.7
336,ACHR,Aerospace & Defense,-73.4,0.0,0.0,-4.5,-21.4,-24.7,-34.5,-49.8,-57.1,-62.4,,-73.4,137.3,-105.1,1.8,0.0,848.1,-9.0,575.0,575.0,416.0,416.0,0.0,0.0,336.0,336.0,-8,474.90000000000003,STRONG_DOWN,LOWER,MOMENTUM_DOWN,S5_TRASH,,,,,575.0,575.0,416.0,416.0,0.0,0.0,,0.0,0.0,0.0,0.0,336.0,336.0,,,,,,,0000000-0,-----1110,87.0,0.0,150.0,33.3,33.3,33.3,1.0,4.0,0.667,120.3,120.3,120.3
337,DAL,Industrials,-41.3,52.5,-0.3,-0.3,-0.0,8.8,13.7,25.5,37.0,42.9,23.1,-41.3,13.2,-100.5,1.7,0.0,-64.2,105.7,299.0,299.0,330.0,330.0,0.0,0.0,337.0,337.0,-34,-9.900000000000006,EARLY_DOWN,UPPER_RANGE,MOMENTUM_DOWN,S5_TRASH,,,,,299.0,299.0,330.0,330.0,0.0,0.0,,0.0,0.0,0.0,0.0,337.0,337.0,,,,,,,001111110,100000101,118.0,0.0,66.7,0.0,0.0,0.0,0.0,9.0,1.0,118.0,118.0,118.0
338,DGX,Healthcare,-37.0,26.0,4.0,1.5,3.1,0.5,0.9,1.9,2.3,-9.3,-18.1,-37.0,24.3,-58.0,1.8,0.0,-94.6,110.0,292.0,292.0,320.0,320.0,0.0,0.0,338.0,338.0,29,-20.69999999999999,EARLY_DOWN,MID_RANGE,MOMENTUM_DOWN,S5_TRASH,,,,,292.0,292.0,320.0,320.0,0.0,0.0,,0.0,0.0,0.0,0.0,338.0,338.0,,,,,,,111111000,000110001,118.0,0.0,66.7,0.0,0.0,0.0,0.0,9.0,1.0,118.0,118.0,118.0
339,DOC,Real Estate,-82.0,24.6,4.0,3.7,10.5,18.6,21.6,21.8,7.4,-21.1,-46.8,-82.0,38.1,-120.6,2.4,0.0,-241.6,64.9,401.0,401.0,438.0,438.0,0.0,0.0,339.0,339.0,29,15.700000000000017,STRONG_UP,MID_RANGE,MOMENTUM_DOWN,S0_NEUTRAL,,,,,401.0,401.0,438.0,438.0,0.0,0.0,,0.0,0.0,0.0,0.0,339.0,339.0,,,,,,,111111000,111000000,118.0,0.0,66.7,0.0,0.0,0.0,0.0,9.0,1.0,118.0,118.0,118.0
340,HBAN,Banks - Regional,-38.2,33.4,8.8,4.4,10.0,7.4,3.6,0.7,1.1,-5.4,-10.4,-38.2,27.8,-74.2,1.5,0.0,-51.7,108.8,293.0,293.0,324.0,324.0,0.0,0.0,340.0,340.0,72,13.099999999999994,STRONG_UP,MID_RANGE,MOMENTUM_UP,S1_LEADER,,,,,293.0,293.0,324.0,324.0,0.0,0.0,,0.0,0.0,0.0,0.0,340.0,340.0,,,,,,,111111000,100010100,118.0,0.0,66.7,0.0,0.0,0.0,0.0,9.0,1.0,118.0,118.0,118.0
341,INCY,Healthcare,-99.0,18.1,0.6,0.5,12.4,12.5,10.3,16.4,29.2,3.2,-32.5,-99.0,58.2,-133.2,1.8,0.0,-483.1,48.0,451.0,451.0,485.0,485.0,0.0,0.0,341.0,341.0,-8,-46.700000000000045,EARLY_DOWN,LOWER,MOMENTUM_DOWN,S5_TRASH,,,,,451.0,451.0,485.0,485.0,0.0,0.0,,0.0,0.0,0.0,0.0,341.0,341.0,,,,,,,111111100,000010001,118.0,0.0,44.4,0.0,0.0,0.0,0.0,9.0,1.0,118.0,118.0,118.0
342,KEY,Financials,-31.9,42.2,5.8,3.5,9.2,6.8,6.1,11.5,28.3,10.8,2.1,-31.9,40.9,-88.1,1.4,0.0,-67.6,115.1,285.0,285.0,311.0,311.0,0.0,0.0,342.0,342.0,20,9.900000000000006,STRONG_UP,MID_RANGE,MOMENTUM_UP,S1_LEADER,,,,,285.0,285.0,311.0,311.0,0.0,0.0,,0.0,0.0,0.0,0.0,342.0,342.0,,,,,,,111111110,000000001,118.0,0.0,22.2,0.0,0.0,0.0,0.0,9.0,1.0,118.0,118.0,118.0
343,MTB,Financials,-21.8,49.9,11.5,5.4,12.7,11.8,11.8,15.5,24.2,16.1,12.7,-21.8,29.4,-72.2,1.6,0.0,-39.5,125.1,257.0,257.0,279.0,279.0,0.0,0.0,343.0,343.0,20,21.0,STRONG_UP,MID_RANGE,MOMENTUM_UP,S1_LEADER,,,,,257.0,257.0,279.0,279.0,0.0,0.0,,0.0,0.0,0.0,0.0,343.0,343.0,,,,,,,111111110,000000001,118.0,0.0,22.2,0.0,0.0,0.0,0.0,9.0,1.0,118.0,118.0,118.0
344,NDSN,Industrials,-46.8,21.2,5.0,2.9,1.9,-0.4,0.1,7.4,-11.5,-29.4,-40.9,-46.8,48.0,-72.0,2.3,0.0,-156.0,100.2,309.0,309.0,341.0,341.0,0.0,0.0,344.0,344.0,96,33.900000000000006,EARLY_DOWN,MID_RANGE,MOMENTUM_DOWN,S5_TRASH,,,,,309.0,309.0,341.0,341.0,0.0,0.0,,0.0,0.0,0.0,0.0,344.0,344.0,,,,,,,110110000,101111000,118.0,0.0,111.1,0.0,0.0,0.0,0.0,9.0,1.0,118.0,118.0,118.0
345,PSA,Real Estate,-68.8,15.3,2.7,1.8,5.2,4.2,5.3,2.9,-17.2,-36.3,-40.3,-68.8,40.3,-88.1,2.1,0.0,-222.8,78.1,365.0,365.0,402.0,402.0,0.0,0.0,345.0,345.0,28,-43.5,EARLY_DOWN,LOWER,MOMENTUM_DOWN,S5_TRASH,,,,,365.0,365.0,402.0,402.0,0.0,0.0,,0.0,0.0,0.0,0.0,345.0,345.0,,,,,,,111110000,001111000,118.0,0.0,88.9,0.0,0.0,0.0,0.0,9.0,1.0,118.0,118.0,118.0
346,RVTY,Healthcare,-121.7,10.4,0.3,0.0,5.2,12.0,7.6,5.9,-27.2,-63.0,-87.3,-121.7,69.5,-147.1,2.1,0.0,-765.2,25.2,507.0,507.0,537.0,537.0,0.0,0.0,346.0,346.0,-8,-62.700000000000045,EARLY_DOWN,LOWER,MOMENTUM_DOWN,S5_TRASH,,,,,507.0,507.0,537.0,537.0,0.0,0.0,,0.0,0.0,0.0,0.0,346.0,346.0,,,,,,,011110000,111110000,118.0,0.0,111.1,0.0,0.0,0.0,0.0,9.0,1.0,118.0,118.0,118.0
347,TROW,Financials,-89.2,12.0,0.9,0.8,8.5,11.4,10.3,6.7,-10.3,-37.4,-62.2,-89.2,82.7,-112.0,2.0,0.0,-530.5,57.8,424.0,424.0,461.0,461.0,0.0,0.0,347.0,347.0,-8,-68.60000000000002,STRONG_UP,LOWER,MOMENTUM_DOWN,S0_NEUTRAL,,,,,424.0,424.0,461.0,461.0,0.0,0.0,,0.0,0.0,0.0,0.0,347.0,347.0,,,,,,,111110000,111100000,118.0,0.0,88.9,0.0,0.0,0.0,0.0,9.0,1.0,118.0,118.0,118.0
348,USO,Unknown,-57.0,49.5,-8.6,-6.3,-10.1,3.1,29.0,40.7,28.1,20.0,25.0,-57.0,18.6,-129.8,3.3,0.0,-52.85624559912563,88.2,339.0,339.0,369.0,369.0,0.0,0.0,348.0,348.0,-7,0.0,EARLY_DOWN,MID_RANGE,MOMENTUM_DOWN,S5_TRASH,,,,,339.0,339.0,369.0,369.0,0.0,0.0,,0.0,0.0,0.0,0.0,348.0,348.0,1705716992.0,1.706,557.0,other,equity,data_raw,001111110,000011001,118.0,0.0,66.7,0.0,0.0,0.0,0.0,9.0,1.0,118.0,118.0,118.0
349,NKE,Footwear & Accessories,-180.4,2.4,0.6,1.0,0.4,-3.9,-18.0,-33.5,-73.0,-104.8,-133.6,-180.4,81.7,-186.2,2.1,0.0,-4272.1,-33.4,604.0,604.0,607.0,607.0,0.0,0.0,349.0,349.0,54,826.1999999999998,EARLY_UP,LOWER,MOMENTUM_UP,S4_BOTTOMING,,,,,604.0,604.0,607.0,607.0,0.0,0.0,,0.0,0.0,0.0,0.0,349.0,349.0,,,,,,,110000000,111110000,95.8,0.0,111.1,22.2,22.2,0.0,1.0,9.0,1.0,118.0,118.0,95.8
350,QCOM,Semiconductors,-25.9,18.5,-12.3,-9.3,-15.7,-4.9,-1.9,-5.5,-21.3,-35.4,-41.7,-25.9,125.7,-59.8,2.3,0.0,52.0,121.1,267.0,267.0,293.0,293.0,0.0,0.0,350.0,350.0,-94,19.799999999999997,STRONG_DOWN,LOWER,MOMENTUM_DOWN,S5_TRASH,,,,,267.0,267.0,293.0,293.0,0.0,0.0,,0.0,0.0,0.0,0.0,350.0,350.0,,,,,,,000000000,111110000,73.6,0.0,111.1,44.4,44.4,44.4,2.0,9.0,1.0,118.0,118.0,118.0
351,ABT,Medical Devices,-104.6,11.3,4.1,5.8,10.1,2.1,-9.3,-23.2,-46.7,-67.7,-89.0,-104.6,74.9,-127.0,2.5,0.0,-194.6,42.4,471.0,471.0,506.0,506.0,0.0,0.0,351.0,351.0,23,30.200000000000017,EARLY_DOWN,LOWER,MOMENTUM_DOWN,S5_TRASH,,,,,471.0,471.0,506.0,506.0,0.0,0.0,,0.0,0.0,0.0,0.0,351.0,351.0,,,,,,,111000000,111100000,95.69999999999999,0.0,88.9,22.2,22.2,0.0,1.0,9.0,1.0,117.9,117.9,95.7
352,GDDY,Technology,-104.3,11.7,4.6,8.7,7.3,6.4,-2.6,-24.0,-54.3,-60.1,-78.6,-104.3,129.1,-134.7,2.8,0.0,303.0,42.7,470.0,470.0,505.0,505.0,0.0,0.0,352.0,352.0,69,-162.2,STRONG_UP,LOWER,MOMENTUM_UP,S0_NEUTRAL,,,,,470.0,470.0,505.0,505.0,0.0,0.0,,0.0,0.0,0.0,0.0,352.0,352.0,,,,,,,111000000,110001100,95.69999999999999,0.0,88.9,22.2,22.2,22.2,1.0,9.0,1.0,117.9,117.9,117.9
353,GPN,Specialty Business Services,-166.6,6.3,2.2,6.4,7.1,7.5,3.5,-4.9,-47.8,-78.0,-115.1,-166.6,72.1,-182.3,2.7,0.0,-1753.4,-19.6,588.0,588.0,594.0,594.0,0.0,0.0,353.0,353.0,70,222.39999999999986,STRONG_UP,LOWER,MOMENTUM_UP,S0_NEUTRAL,,,,,588.0,588.0,594.0,594.0,0.0,0.0,,0.0,0.0,0.0,0.0,353.0,353.0,,,,,,,111100000,111000000,95.69999999999999,0.0,66.7,22.2,22.2,0.0,1.0,9.0,1.0,117.9,117.9,95.7
354,JD,Theme (User Picks),-155.8,3.9,1.7,5.8,7.6,0.4,0.6,-9.1,-33.7,-74.1,-106.5,-155.8,160.9,-168.3,3.0,0.0,-2701.1,-8.8,574.0,574.0,585.0,585.0,0.0,0.0,354.0,354.0,155,5688.1,EARLY_UP,LOWER,MOMENTUM_UP,S4_BOTTOMING,,,,,574.0,574.0,585.0,585.0,0.0,0.0,,0.0,0.0,0.0,0.0,354.0,354.0,,,,,,,111100000,001110000,95.69999999999999,0.0,66.7,22.2,22.2,0.0,1.0,9.0,1.0,117.9,117.9,95.7
355,APA,Oil & Gas E&P,-91.5,22.2,2.5,3.0,-0.6,-12.9,0.7,20.5,-2.4,-27.5,-11.7,-91.5,62.8,-136.0,2.4,0.0,-338.5,55.5,432.0,432.0,469.0,469.0,0.0,0.0,355.0,355.0,-7,0.19999999999998863,EARLY_UP,MID_RANGE,NEUTRAL,S0_NEUTRAL,,,,,432.0,432.0,469.0,469.0,0.0,0.0,,0.0,0.0,0.0,0.0,355.0,355.0,,,,,,,100110000,000011000,73.5,0.0,44.4,44.4,44.4,22.2,2.0,9.0,1.0,117.9,117.9,95.7
356,BKNG,Travel Services,-235.8,2.2,0.6,4.0,5.2,-23.7,-58.7,-83.4,-123.2,-147.6,-176.1,-235.8,73.4,-240.0,1.7,0.0,1116.5,-88.8,620.0,620.0,620.0,620.0,0.0,0.0,356.0,356.0,26,111.20000000000005,EARLY_DOWN,LOWER,MOMENTUM_UP,S4_BOTTOMING,,,,,620.0,620.0,620.0,620.0,0.0,0.0,,0.0,0.0,0.0,0.0,356.0,356.0,,,,,,,110000000,000001110,73.5,0.0,66.7,44.4,44.4,0.0,2.0,9.0,1.0,117.9,117.9,73.5
357,OXY,Oil & Gas E&P,-100.7,11.2,1.6,2.0,1.7,-9.4,-2.3,2.0,-31.5,-46.6,-25.5,-100.7,85.7,-124.0,1.9,0.0,-551.5,46.3,457.0,457.0,491.0,491.0,0.0,0.0,357.0,357.0,73,130.20000000000005,EARLY_UP,LOWER,NEUTRAL,S0_NEUTRAL,,,,,457.0,457.0,491.0,491.0,0.0,0.0,,0.0,0.0,0.0,0.0,357.0,357.0,,,,,,,110010000,000011000,73.5,0.0,44.4,44.4,44.4,22.2,2.0,9.0,1.0,117.9,117.9,95.7
358,POOL,Industrial Distribution,-135.3,5.3,0.0,-0.7,5.5,-1.0,-9.6,-25.1,-67.0,-95.0,-117.0,-135.3,205.6,-154.1,2.7,0.0,-561.1,11.6,535.0,535.0,560.0,560.0,0.0,0.0,358.0,358.0,-38,-88.30000000000001,EARLY_DOWN,LOWER,MOMENTUM_DOWN,S5_TRASH,,,,,535.0,535.0,560.0,560.0,0.0,0.0,,0.0,0.0,0.0,0.0,358.0,358.0,,,,,,,010000000,111100000,73.5,0.0,88.9,44.4,44.4,44.4,2.0,9.0,1.0,117.9,117.9,117.9
359,TDY,Aerospace & Defense,1.5,23.3,0.0,-0.1,-0.4,-4.7,-4.1,-0.7,-2.9,-18.6,-33.7,1.5,109.5,-31.1,1.7,23.5,-2.1,148.4,223.0,223.0,241.0,241.0,0.0,0.0,359.0,359.0,-63,-0.10000000000000009,EARLY_DOWN,MID_RANGE,MOMENTUM_DOWN,S5_TRASH,,,,,223.0,223.0,241.0,241.0,0.0,0.0,,0.0,0.0,0.0,0.0,359.0,359.0,,,,,,,000000001,111000000,62.4,30.0,66.7,22.2,22.2,0.0,1.0,9.0,1.0,114.6,114.6,92.4
360,IQV,Healthcare,-97.0,18.3,1.7,1.8,8.3,13.3,4.0,-1.4,-31.5,-58.6,-77.6,-97.0,66.3,-132.9,2.1,0.0,-260.9,50.0,447.0,447.0,482.0,482.0,0.0,0.0,360.0,360.0,-3,0.5,STRONG_UP,LOWER,MOMENTUM_DOWN,S0_NEUTRAL,,,,,447.0,447.0,482.0,482.0,0.0,0.0,,0.0,0.0,0.0,0.0,360.0,360.0,,,,,,,111100000,1111-0000,111.4,0.0,88.9,0.0,0.0,0.0,0.0,9.0,1.0,111.4,111.4,111.4
361,V,Transaction Processing,-22.1,25.7,3.7,1.8,5.2,4.4,1.5,-5.1,-16.2,-19.9,-33.4,-22.1,57.3,-49.1,2.4,0.0,26.0,126.2,254.0,254.0,280.0,280.0,0.0,0.0,361.0,361.0,25,0.3000000000000007,STRONG_UP,MID_RANGE,MOMENTUM_DOWN,S0_NEUTRAL,,,,,254.0,254.0,280.0,280.0,0.0,0.0,,0.0,0.0,0.0,0.0,361.0,361.0,589429409562.64,589.429,20.0,cap100,equity,data_raw,111100000,11100-100,111.4,0.0,88.9,0.0,0.0,0.0,0.0,9.0,1.0,111.4,111.4,111.4
362,TTWO,Electronic Gaming & Multimedia,-23.5,16.3,-1.1,-1.0,0.8,3.7,0.3,-7.5,-4.9,-9.0,-32.3,-23.5,120.1,-50.9,1.6,0.0,-33.7,123.5,264.0,264.0,288.0,288.0,0.0,0.0,362.0,362.0,-95,-15.100000000000001,EARLY_DOWN,LOWER,MOMENTUM_DOWN,S5_TRASH,,,,,264.0,264.0,288.0,288.0,0.0,0.0,,0.0,0.0,0.0,0.0,362.0,362.0,,,,,,,011100000,11-000010,87.8,0.0,66.7,22.2,22.2,0.0,1.0,9.0,1.0,110.0,110.0,87.8
363,BR,Industrials,-103.6,8.5,3.6,4.3,2.3,-5.0,-17.0,-32.3,-57.8,-69.1,-85.0,-103.6,60.8,-118.4,2.5,0.0,105.3,43.4,467.0,467.0,502.0,502.0,0.0,0.0,363.0,363.0,25,-39.60000000000001,EARLY_UP,LOWER,MOMENTUM_UP,S4_BOTTOMING,,,,,467.0,467.0,502.0,502.0,0.0,0.0,,0.0,0.0,0.0,0.0,363.0,363.0,,,,,,,110000000,111101100,106.9,0.0,133.3,0.0,0.0,0.0,0.0,9.0,1.0,106.9,106.9,106.9
364,CVS,Healthcare,-69.0,48.8,3.5,2.8,9.7,19.3,23.0,27.7,29.8,-2.8,-16.7,-69.0,8.4,-141.5,1.4,0.0,-99.4,78.0,366.0,366.0,403.0,403.0,0.0,0.0,364.0,364.0,28,6.199999999999989,STRONG_UP,MID_RANGE,MOMENTUM_DOWN,S0_NEUTRAL,,,,,366.0,366.0,403.0,403.0,0.0,0.0,,0.0,0.0,0.0,0.0,364.0,364.0,,,,,,,111111000,000110000,106.9,0.0,44.4,0.0,0.0,0.0,0.0,9.0,1.0,106.9,106.9,106.9
365,GD,Aerospace & Defense,-23.8,50.3,-2.8,-1.1,5.4,1.3,-0.0,0.6,3.0,3.0,9.1,-23.8,19.3,-66.9,1.3,0.0,-27.2,123.1,265.0,265.0,289.0,289.0,0.0,0.0,365.0,365.0,-34,-4.5,STRONG_UP,UPPER_RANGE,MOMENTUM_DOWN,S0_NEUTRAL,,,,,265.0,265.0,289.0,289.0,0.0,0.0,,0.0,0.0,0.0,0.0,365.0,365.0,,,,,,,011011110,000011000,106.9,0.0,44.4,0.0,0.0,0.0,0.0,9.0,1.0,106.9,106.9,106.9
366,JNJ,Pharmaceuticals,-30.3,52.5,-4.6,-2.2,5.3,1.1,1.1,12.3,16.4,2.6,-8.8,-30.3,20.1,-85.4,1.9,0.0,-51.1,116.7,280.0,280.0,307.0,307.0,0.0,0.0,366.0,366.0,-60,-19.6,EARLY_DOWN,UPPER_RANGE,MOMENTUM_DOWN,S5_TRASH,,,,,280.0,280.0,307.0,307.0,0.0,0.0,,0.0,0.0,0.0,0.0,366.0,366.0,,,,,,,011111100,000010001,106.9,0.0,44.4,0.0,0.0,0.0,0.0,9.0,1.0,106.9,106.9,106.9
367,TFC,Financials,-69.1,23.5,5.5,3.6,9.3,4.6,2.7,7.1,22.9,0.0,-22.1,-69.1,23.0,-96.8,1.6,0.0,-233.2,77.9,367.0,367.0,405.0,405.0,0.0,0.0,367.0,367.0,33,71.60000000000002,STRONG_UP,MID_RANGE,MOMENTUM_UP,S1_LEADER,,,,,367.0,367.0,405.0,405.0,0.0,0.0,,0.0,0.0,0.0,0.0,367.0,367.0,,,,,,,111111000,100000001,106.9,0.0,44.4,0.0,0.0,0.0,0.0,9.0,1.0,106.9,106.9,106.9
368,VTRS,Healthcare,-101.0,32.6,6.5,7.1,8.5,12.0,17.6,41.9,47.9,36.8,-3.6,-101.0,6.1,-151.9,2.2,0.0,-243.5,46.0,459.0,459.0,493.0,493.0,0.0,0.0,368.0,368.0,34,14.699999999999989,STRONG_UP,MID_RANGE,MOMENTUM_UP,S1_LEADER,,,,,459.0,459.0,493.0,493.0,0.0,0.0,,0.0,0.0,0.0,0.0,368.0,368.0,,,,,,,111111100,000000001,106.9,0.0,22.2,0.0,0.0,0.0,0.0,9.0,1.0,106.9,106.9,106.9
369,ATO,Natural Gas Utilities,-6.2,48.7,3.8,1.6,4.9,-4.6,-5.4,-6.0,-2.7,0.9,-3.5,-6.2,44.9,-54.0,1.3,0.0,4.8,140.8,237.0,237.0,255.0,255.0,0.0,0.0,369.0,369.0,-4,0.5,STRONG_UP,MID_RANGE,MOMENTUM_UP,S1_LEADER,,,,,237.0,237.0,255.0,255.0,0.0,0.0,,0.0,0.0,0.0,0.0,369.0,369.0,,,,,,,110000100,110001101,106.89999999999999,0.0,111.1,0.0,0.0,0.0,0.0,9.0,1.0,106.9,106.9,106.9
370,CPAY,Software - Infrastructure,-81.3,21.7,5.8,5.7,5.8,10.5,10.0,8.9,-12.3,-18.0,-46.1,-81.3,47.1,-116.3,1.8,0.0,-195.2,65.6,398.0,398.0,436.0,436.0,0.0,0.0,370.0,370.0,-4,45.900000000000006,STRONG_UP,MID_RANGE,MOMENTUM_UP,S1_LEADER,,,,,398.0,398.0,436.0,436.0,0.0,0.0,,0.0,0.0,0.0,0.0,370.0,370.0,,,,,,,111110000,110000100,106.89999999999999,0.0,66.7,0.0,0.0,0.0,0.0,9.0,1.0,106.9,106.9,106.9
371,EIX,Electric Utilities,-82.5,26.6,5.6,4.3,9.7,4.6,7.5,17.5,-10.3,-23.7,-38.2,-82.5,15.5,-117.3,2.2,0.0,-188.3,64.4,402.0,402.0,440.0,440.0,0.0,0.0,371.0,371.0,36,29.69999999999999,STRONG_UP,MID_RANGE,MOMENTUM_UP,S1_LEADER,,,,,402.0,402.0,440.0,440.0,0.0,0.0,,0.0,0.0,0.0,0.0,371.0,371.0,,,,,,,111110000,001001100,106.89999999999999,0.0,66.7,0.0,0.0,0.0,0.0,9.0,1.0,106.9,106.9,106.9
372,GM,Automobiles,-27.1,46.7,0.9,0.4,-1.4,-3.8,-8.0,2.5,29.1,19.8,10.3,-27.1,32.7,-83.2,1.7,0.0,-55.9,119.9,271.0,271.0,297.0,297.0,0.0,0.0,372.0,372.0,39,7.399999999999999,EARLY_UP,MID_RANGE,MOMENTUM_UP,S2_EARLY_BREAKOUT,,,,,271.0,271.0,297.0,297.0,0.0,0.0,,0.0,0.0,0.0,0.0,372.0,372.0,,,,,,,100011110,100000011,106.89999999999999,0.0,66.7,0.0,0.0,0.0,0.0,9.0,1.0,106.9,106.9,106.9
373,IEX,Industrials,-77.1,23.7,4.3,3.6,6.2,5.7,7.8,15.9,-14.3,-37.4,-56.8,-77.1,36.0,-111.7,2.2,0.0,-200.4,69.9,386.0,386.0,425.0,425.0,0.0,0.0,373.0,373.0,40,41.0,STRONG_UP,MID_RANGE,MOMENTUM_UP,S1_LEADER,,,,,386.0,386.0,425.0,425.0,0.0,0.0,,0.0,0.0,0.0,0.0,373.0,373.0,,,,,,,111110000,110010000,106.89999999999999,0.0,66.7,0.0,0.0,0.0,0.0,9.0,1.0,106.9,106.9,106.9
374,J,Industrials,-52.7,26.2,7.7,5.7,7.0,0.8,-3.9,-12.0,-25.9,-39.1,-49.6,-52.7,52.0,-89.3,2.1,0.0,-23.7,94.3,324.0,324.0,355.0,355.0,0.0,0.0,374.0,374.0,21,0.6999999999999993,STRONG_UP,MID_RANGE,MOMENTUM_UP,S1_LEADER,,,,,324.0,324.0,355.0,355.0,0.0,0.0,,0.0,0.0,0.0,0.0,374.0,374.0,,,,,,,111000000,111110000,106.89999999999999,0.0,111.1,0.0,0.0,0.0,0.0,9.0,1.0,106.9,106.9,106.9
375,L,Financials,-32.6,36.5,-1.0,-0.4,4.9,-0.0,-1.1,0.1,1.5,3.2,5.3,-32.6,9.9,-65.1,1.4,0.0,-57.8,114.4,287.0,287.0,314.0,314.0,0.0,0.0,375.0,375.0,-68,-17.199999999999996,EARLY_DOWN,MID_RANGE,MOMENTUM_DOWN,S5_TRASH,,,,,287.0,287.0,314.0,314.0,0.0,0.0,,0.0,0.0,0.0,0.0,375.0,375.0,,,,,,,010011110,000011100,106.89999999999999,0.0,66.7,0.0,0.0,0.0,0.0,9.0,1.0,106.9,106.9,106.9
376,O,Real Estate,-67.2,16.9,6.7,4.4,8.6,2.6,1.9,4.1,-4.5,-23.5,-39.9,-67.2,32.7,-87.0,2.2,0.0,-282.5,79.7,361.0,361.0,399.0,399.0,0.0,0.0,376.0,376.0,80,78.69999999999999,STRONG_UP,LOWER,MOMENTUM_UP,S0_NEUTRAL,,,,,361.0,361.0,399.0,399.0,0.0,0.0,,0.0,0.0,0.0,0.0,376.0,376.0,,,,,,,111110000,111000000,106.89999999999999,0.0,66.7,0.0,0.0,0.0,0.0,9.0,1.0,106.9,106.9,106.9
377,WAT,Healthcare,-86.2,16.5,1.3,1.0,0.2,7.7,3.3,0.9,-21.2,-43.7,-56.5,-86.2,46.1,-111.9,1.9,0.0,-256.9,60.7,416.0,416.0,451.0,451.0,0.0,0.0,377.0,377.0,84,0.6000000000000227,EARLY_DOWN,LOWER,MOMENTUM_DOWN,S5_TRASH,,,,,416.0,416.0,451.0,451.0,0.0,0.0,,0.0,0.0,0.0,0.0,377.0,377.0,,,,,,,111110000,110010000,106.89999999999999,0.0,66.7,0.0,0.0,0.0,0.0,9.0,1.0,106.9,106.9,106.9
378,ACN,IT Consulting & Other Services,-167.8,4.2,2.4,7.5,-7.9,-20.2,-32.9,-45.4,-84.1,-107.8,-129.7,-167.8,86.6,-178.6,2.5,0.0,-811.2,-20.9,592.0,592.0,596.0,596.0,0.0,0.0,378.0,378.0,-8,-18.200000000000045,EARLY_UP,LOWER,MOMENTUM_UP,S4_BOTTOMING,,,,,592.0,592.0,596.0,596.0,0.0,0.0,,0.0,0.0,0.0,0.0,378.0,378.0,,,,,,,100000000,011111000,84.69999999999999,0.0,111.1,22.2,22.2,0.0,1.0,9.0,1.0,106.9,106.9,84.7
379,BSX,Medical Devices,-132.8,2.4,0.7,0.2,-1.5,-17.7,-35.1,-52.1,-75.1,-81.8,-99.3,-132.8,89.6,-137.7,1.9,0.0,1716.7,14.2,531.0,531.0,556.0,556.0,0.0,0.0,379.0,379.0,-8,510.20000000000005,STRONG_DOWN,LOWER,MOMENTUM_UP,S4_BOTTOMING,,,,,531.0,531.0,556.0,556.0,0.0,0.0,,0.0,0.0,0.0,0.0,379.0,379.0,,,,,,,100000000,110001110,84.69999999999999,0.0,111.1,22.2,22.2,0.0,1.0,9.0,1.0,106.9,106.9,84.7
380,HUM,Healthcare,-105.6,27.5,-0.4,-0.9,6.6,45.2,58.3,48.1,-1.5,-41.9,-69.2,-105.6,63.6,-169.4,2.7,0.0,-271.7,41.3,472.0,472.0,508.0,508.0,0.0,0.0,380.0,380.0,-48,-25.599999999999994,STRONG_UP,MID_RANGE,MOMENTUM_DOWN,S0_NEUTRAL,,,,,472.0,472.0,508.0,508.0,0.0,0.0,,0.0,0.0,0.0,0.0,380.0,380.0,,,,,,,011110000,111010000,106.8,0.0,88.9,0.0,0.0,0.0,0.0,9.0,1.0,106.8,106.8,106.8
381,ITW,Industrials,-58.1,25.0,9.7,5.8,10.3,5.3,2.0,-0.0,-19.6,-31.3,-43.3,-58.1,26.1,-85.6,2.4,0.0,-94.8,88.9,335.0,335.0,371.0,371.0,0.0,0.0,381.0,381.0,69,40.2,STRONG_UP,MID_RANGE,MOMENTUM_UP,S1_LEADER,,,,,335.0,335.0,371.0,371.0,0.0,0.0,,0.0,0.0,0.0,0.0,381.0,381.0,,,,,,,111100000,010111000,106.8,0.0,88.9,0.0,0.0,0.0,0.0,9.0,1.0,106.8,106.8,106.8
382,NWS,Entertainment,-48.4,24.6,10.1,5.7,8.8,5.4,4.2,-4.3,-17.8,-19.8,-20.3,-48.4,36.0,-75.2,2.2,0.0,-31.9,98.5,315.0,315.0,346.0,346.0,0.0,0.0,382.0,382.0,73,30.6,STRONG_UP,MID_RANGE,MOMENTUM_UP,S1_LEADER,,,,,315.0,315.0,346.0,346.0,0.0,0.0,,0.0,0.0,0.0,0.0,382.0,382.0,,,,,,,111100000,000111100,106.8,0.0,88.9,0.0,0.0,0.0,0.0,9.0,1.0,106.8,106.8,106.8
383,XLI,Industrials,-7.1,48.3,-2.9,-0.4,1.5,-0.5,-0.3,1.7,1.8,1.1,-1.0,-7.1,12.5,-24.8,1.7,0.0,-11.6,139.8,238.0,238.0,256.0,256.0,0.0,0.0,383.0,383.0,-100,-3.5999999999999996,EARLY_DOWN,MID_RANGE,MOMENTUM_DOWN,S5_TRASH,,,,,238.0,238.0,256.0,256.0,0.0,0.0,,0.0,0.0,0.0,0.0,383.0,383.0,,,,,,,010011100,100011001,106.8,0.0,88.9,0.0,0.0,0.0,0.0,9.0,1.0,106.8,106.8,106.8
384,AES,Utilities,-107.2,10.6,0.7,0.7,1.1,-2.2,-6.1,-1.4,-21.1,-55.9,-78.8,-107.2,86.7,-129.6,1.5,0.0,-737.5,39.7,480.0,480.0,516.0,516.0,0.0,0.0,384.0,384.0,33,19.399999999999977,STRONG_UP,LOWER,NEUTRAL,S0_NEUTRAL,,,,,480.0,480.0,516.0,516.0,0.0,0.0,,0.0,0.0,0.0,0.0,384.0,384.0,,,,,,,110000000,111010000,84.6,0.0,88.9,22.2,22.2,0.0,1.0,9.0,1.0,106.8,106.8,84.6
385,EFX,Industrials,-127.5,9.1,5.3,8.5,7.3,-0.2,-10.0,-23.4,-55.7,-76.1,-92.3,-127.5,48.7,-144.6,2.7,0.0,-372.3,19.5,520.0,520.0,547.0,547.0,0.0,0.0,385.0,385.0,-8,51.19999999999999,STRONG_UP,LOWER,MOMENTUM_UP,S0_NEUTRAL,,,,,520.0,520.0,547.0,547.0,0.0,0.0,,0.0,0.0,0.0,0.0,385.0,385.0,,,,,,,110000000,001111000,84.6,0.0,88.9,22.2,22.2,0.0,1.0,9.0,1.0,106.8,106.8,84.6
386,GPC,Auto Parts,-100.7,18.9,0.7,0.6,18.3,14.2,3.9,-5.5,-30.1,-51.9,-61.5,-100.7,56.8,-136.8,1.8,0.0,-262.4,46.2,458.0,458.0,491.0,491.0,0.0,0.0,386.0,386.0,36,-38.599999999999966,EARLY_DOWN,LOWER,MOMENTUM_DOWN,S5_TRASH,,,,,458.0,458.0,491.0,491.0,0.0,0.0,,0.0,0.0,0.0,0.0,386.0,386.0,,,,,,,111100000,000011000,84.6,0.0,44.4,22.2,22.2,0.0,1.0,9.0,1.0,106.8,106.8,84.6
387,MA,Data Processing & Outsourced Services,-2.7,26.5,8.8,5.2,8.6,5.5,0.0,-8.0,-22.2,-26.1,-38.7,-2.7,99.1,-39.4,1.9,0.0,106.0,144.3,231.0,231.0,249.0,249.0,0.0,0.0,387.0,387.0,37,-41.400000000000006,STRONG_UP,MID_RANGE,MOMENTUM_UP,S1_LEADER,,,,,231.0,231.0,249.0,249.0,0.0,0.0,,0.0,0.0,0.0,0.0,387.0,387.0,,,,,,,111000000,111000000,84.6,0.0,66.7,22.2,22.2,0.0,1.0,9.0,1.0,106.8,106.8,84.6
388,MLM,Building Materials,-27.9,12.0,0.9,0.4,0.5,-6.8,-12.6,-15.5,-29.2,-29.3,-25.2,-27.9,79.9,-42.2,1.3,0.0,135.7,119.1,275.0,275.0,300.0,300.0,0.0,0.0,388.0,388.0,37,52.099999999999994,EARLY_DOWN,LOWER,MOMENTUM_DOWN,S5_TRASH,,,,,275.0,275.0,300.0,300.0,0.0,0.0,,0.0,0.0,0.0,0.0,388.0,388.0,,,,,,,110000000,001111000,84.6,0.0,88.9,22.2,22.2,0.0,1.0,9.0,1.0,106.8,106.8,84.6
389,NXPI,Semiconductors,-26.2,34.6,-12.9,-6.9,-7.9,-1.1,4.5,7.2,-12.3,-21.2,-19.3,-26.2,56.6,-69.4,2.6,0.0,-31.1,120.8,268.0,268.0,294.0,294.0,0.0,0.0,389.0,389.0,-43,-4.5,EARLY_UP,MID_RANGE,NEUTRAL,S0_NEUTRAL,,,,,268.0,268.0,294.0,294.0,0.0,0.0,,0.0,0.0,0.0,0.0,389.0,389.0,,,,,,,000110000,001111000,84.6,0.0,88.9,22.2,22.2,0.0,1.0,9.0,1.0,106.8,106.8,84.6
390,STE,Healthcare,-76.2,9.5,3.3,2.9,4.8,-1.2,-10.4,-16.6,-37.6,-55.9,-72.7,-76.2,69.5,-91.0,2.1,0.0,-193.7,70.7,383.0,383.0,422.0,422.0,0.0,0.0,390.0,390.0,38,56.5,EARLY_DOWN,LOWER,MOMENTUM_DOWN,S5_TRASH,,,,,383.0,383.0,422.0,422.0,0.0,0.0,,0.0,0.0,0.0,0.0,390.0,390.0,,,,,,,110000000,111100000,84.6,0.0,88.9,22.2,22.2,0.0,1.0,9.0,1.0,106.8,106.8,84.6
391,WDAY,Technology,-152.7,7.9,2.1,5.2,2.2,3.2,-7.9,-28.4,-68.8,-89.3,-116.0,-152.7,88.9,-173.0,2.6,0.0,-575.3,-5.8,570.0,570.0,581.0,581.0,0.0,0.0,391.0,391.0,-12,-16.0,STRONG_UP,LOWER,MOMENTUM_UP,S0_NEUTRAL,,,,,570.0,570.0,581.0,581.0,0.0,0.0,,0.0,0.0,0.0,0.0,391.0,391.0,,,,,,,111000000,111000000,84.6,0.0,66.7,22.2,22.2,0.0,1.0,9.0,1.0,106.8,106.8,84.6
392,ADSK,Technology,-106.3,7.1,2.6,4.7,-1.8,-10.5,-17.5,-30.2,-50.6,-68.8,-92.6,-106.3,136.2,-124.4,2.1,0.0,-216.2,40.7,476.0,476.0,512.0,512.0,0.0,0.0,392.0,392.0,-12,17.600000000000023,EARLY_UP,LOWER,MOMENTUM_UP,S4_BOTTOMING,,,,,476.0,476.0,512.0,512.0,0.0,0.0,,0.0,0.0,0.0,0.0,392.0,392.0,,,,,,,100000000,111000000,62.4,0.0,66.7,44.4,44.4,22.2,2.0,9.0,1.0,106.8,106.8,84.6
393,CSGP,Real Estate,-180.7,1.9,1.9,7.5,-3.3,-15.3,-32.3,-53.2,-91.2,-115.5,-143.8,-180.7,138.6,-186.4,2.8,0.0,-1955.1,-33.7,605.0,605.0,608.0,608.0,0.0,0.0,393.0,393.0,36,445.8000000000002,STRONG_DOWN,LOWER,MOMENTUM_UP,S4_BOTTOMING,,,,,605.0,605.0,608.0,608.0,0.0,0.0,,0.0,0.0,0.0,0.0,393.0,393.0,,,,,,,100000000,111000000,62.4,0.0,66.7,44.4,44.4,22.2,2.0,9.0,1.0,106.8,106.8,84.6
394,EW,Healthcare,-100.4,8.0,-3.0,-4.2,-2.3,-2.6,-3.7,-4.8,-23.2,-54.3,-79.6,-100.4,81.2,-115.6,1.7,0.0,-850.2,46.6,455.0,455.0,489.0,489.0,0.0,0.0,394.0,394.0,-139,-424.1,EARLY_DOWN,LOWER,MOMENTUM_DOWN,S5_TRASH,,,,,455.0,455.0,489.0,489.0,0.0,0.0,,0.0,0.0,0.0,0.0,394.0,394.0,,,,,,,000000000,111100000,62.4,0.0,88.9,44.4,44.4,0.0,2.0,9.0,1.0,106.8,106.8,62.4
395,IBM,IT Consulting & Other Services,-44.7,21.6,-43.5,-23.3,-27.4,-21.5,-24.8,-29.4,-22.6,-11.0,-10.5,-44.7,67.4,-74.9,1.3,0.0,65.3,102.3,304.0,304.0,337.0,337.0,0.0,0.0,395.0,395.0,-253,58.0,EARLY_DOWN,MID_RANGE,MOMENTUM_DOWN,S5_TRASH,,,,,304.0,304.0,337.0,337.0,0.0,0.0,,0.0,0.0,0.0,0.0,395.0,395.0,,,,,,,000000000,000011110,62.4,0.0,88.9,44.4,44.4,0.0,2.0,9.0,1.0,106.8,106.8,62.4
396,LYB,Specialty Chemicals,-93.8,13.8,2.6,3.1,-1.8,-17.1,-5.4,-2.2,-47.1,-62.7,-65.7,-93.8,80.7,-121.2,2.7,0.0,-170.5,53.2,437.0,437.0,474.0,474.0,0.0,0.0,396.0,396.0,-13,56.400000000000006,EARLY_UP,LOWER,NEUTRAL,S0_NEUTRAL,,,,,437.0,437.0,474.0,474.0,0.0,0.0,,0.0,0.0,0.0,0.0,396.0,396.0,,,,,,,100000000,100011000,62.4,0.0,66.7,44.4,44.4,0.0,2.0,9.0,1.0,106.8,106.8,62.4
397,ORCL,Software,-38.5,0.0,-2.7,-11.1,-30.4,-29.9,-31.4,-45.5,-49.8,-42.8,-35.7,-38.5,346.0,-38.0,1.9,0.0,10919.9,108.5,296.0,296.0,326.0,326.0,0.0,0.0,397.0,397.0,-47,7795.799999999999,STRONG_DOWN,LOWER,MOMENTUM_DOWN,S5_TRASH,,,,,296.0,296.0,326.0,326.0,0.0,0.0,,0.0,0.0,0.0,0.0,397.0,397.0,,,,,,,000000000,000011110,62.4,0.0,88.9,44.4,44.4,0.0,2.0,9.0,1.0,106.8,106.8,62.4
398,ADA-USD,Cryptocurrency,-103.3,0.4,0.0,-1.7,-11.2,-27.4,-39.5,-62.2,-95.3,-123.0,-99.3,-103.3,3485.6,-131.2,2.0,0.0,27567.2,9.1,538.0,538.0,500.0,500.0,0.0,0.0,398.0,398.0,-42,-165.79999999999927,STRONG_DOWN,LOWER,NEUTRAL,S5_TRASH,,,,,538.0,538.0,500.0,500.0,0.0,0.0,,0.0,0.0,0.0,0.0,398.0,398.0,,,,,,,000000000,--0110000,44.6,0.0,57.1,57.1,57.1,57.1,2.0,7.0,1.0,101.7,101.7,101.7
399,CRWD,Cybersecurity Software,-59.9,3.1,3.1,9.4,-73.5,-67.3,-64.6,-68.7,-71.4,-72.5,-61.2,-59.9,270.2,-106.3,1.3,0.0,3047.9,28.5,502.0,502.0,378.0,378.0,0.0,0.0,399.0,399.0,34,-6779.4,STRONG_DOWN,LOWER,MOMENTUM_DOWN,S5_TRASH,,,,,502.0,502.0,378.0,378.0,0.0,0.0,,0.0,0.0,0.0,0.0,399.0,399.0,,,,,,,100000000,----00110,65.1,0.0,80.0,33.3,33.3,33.3,1.0,5.0,0.833,98.4,98.4,98.4
400,CINF,Insurance - Property & Casualty,-27.8,29.7,-2.5,-1.1,3.7,2.6,1.3,0.6,1.6,-5.7,-10.6,-27.8,38.9,-55.4,1.4,0.0,-49.1,119.2,274.0,274.0,299.0,299.0,0.0,0.0,400.0,400.0,-98,-25.6,EARLY_DOWN,MID_RANGE,MOMENTUM_DOWN,S5_TRASH,,,,,274.0,274.0,299.0,299.0,0.0,0.0,,0.0,0.0,0.0,0.0,400.0,400.0,,,,,,,011111000,11000000-,97.6,0.0,44.4,0.0,0.0,0.0,0.0,9.0,1.0,97.6,97.6,97.6
401,PNW,Utilities,-52.7,30.6,3.4,1.6,7.6,2.4,4.7,7.0,0.9,-3.0,-18.1,-52.7,15.7,-82.2,1.8,0.0,-105.5,94.3,324.0,324.0,355.0,355.0,0.0,0.0,401.0,401.0,34,0.9000000000000057,STRONG_UP,MID_RANGE,MOMENTUM_DOWN,S0_NEUTRAL,,,,,324.0,324.0,355.0,355.0,0.0,0.0,,0.0,0.0,0.0,0.0,401.0,401.0,,,,,,,111111000,00000010-,96.2,0.0,22.2,0.0,0.0,0.0,0.0,9.0,1.0,96.2,96.2,96.2
402,D,Utilities,-87.5,20.0,3.8,2.8,8.5,8.2,11.3,14.6,24.7,-2.7,-34.2,-87.5,18.5,-113.3,1.7,0.0,-364.6,59.5,420.0,420.0,456.0,456.0,0.0,0.0,402.0,402.0,35,65.09999999999997,STRONG_UP,MID_RANGE,MOMENTUM_UP,S1_LEADER,,,,,420.0,420.0,456.0,456.0,0.0,0.0,,0.0,0.0,0.0,0.0,402.0,402.0,,,,,,,111111000,000000001,95.80000000000001,0.0,22.2,0.0,0.0,0.0,0.0,9.0,1.0,95.8,95.8,95.8
403,EVRG,Utilities,-38.2,40.6,3.5,1.5,4.2,-0.1,1.1,3.4,18.2,5.9,-8.3,-38.2,19.6,-76.9,1.4,0.0,-69.9,108.8,293.0,293.0,324.0,324.0,0.0,0.0,403.0,403.0,-14,-6.000000000000007,EARLY_DOWN,MID_RANGE,MOMENTUM_DOWN,S5_TRASH,,,,,293.0,293.0,324.0,324.0,0.0,0.0,,0.0,0.0,0.0,0.0,403.0,403.0,,,,,,,110111100,000000001,95.80000000000001,0.0,22.2,0.0,0.0,0.0,0.0,9.0,1.0,95.8,95.8,95.8
404,HST,Hotel & Resort REITs,-63.7,37.9,4.1,2.7,1.9,5.3,10.7,21.6,12.1,-0.9,-12.3,-63.7,13.8,-111.1,2.1,0.0,-123.4,83.3,351.0,351.0,388.0,388.0,0.0,0.0,404.0,404.0,35,5.699999999999989,STRONG_DOWN,MID_RANGE,MOMENTUM_UP,S4_BOTTOMING,,,,,351.0,351.0,388.0,388.0,0.0,0.0,,0.0,0.0,0.0,0.0,404.0,404.0,,,,,,,111111000,000001000,95.80000000000001,0.0,22.2,0.0,0.0,0.0,0.0,9.0,1.0,95.8,95.8,95.8
405,MMM,Industrials,-83.3,21.5,4.3,3.2,4.3,4.9,0.9,-2.9,15.2,4.2,-22.4,-83.3,17.6,-110.5,1.3,0.0,-242.9,63.6,403.0,403.0,441.0,441.0,0.0,0.0,405.0,405.0,89,35.99999999999997,EARLY_DOWN,MID_RANGE,MOMENTUM_UP,S4_BOTTOMING,,,,,403.0,403.0,441.0,441.0,0.0,0.0,,0.0,0.0,0.0,0.0,405.0,405.0,,,,,,,111101100,000000001,95.80000000000001,0.0,22.2,0.0,0.0,0.0,0.0,9.0,1.0,95.8,95.8,95.8
406,BAX,Healthcare,-188.9,6.5,1.2,3.8,17.4,22.8,16.8,4.3,-49.3,-88.2,-126.5,-188.9,45.4,-205.0,2.8,0.0,-2052.7,-41.9,610.0,610.0,614.0,614.0,0.0,0.0,406.0,406.0,-16,-12.099999999999909,STRONG_UP,LOWER,MOMENTUM_DOWN,S0_NEUTRAL,,,,,610.0,610.0,614.0,614.0,0.0,0.0,,0.0,0.0,0.0,0.0,406.0,406.0,,,,,,,111110000,110000000,95.8,0.0,44.4,0.0,0.0,0.0,0.0,9.0,1.0,95.8,95.8,95.8
407,BBY,Specialty Retail,-86.7,23.0,2.5,3.5,12.3,20.1,21.2,12.5,-16.6,-40.0,-65.9,-86.7,97.8,-141.2,2.3,0.0,-198.4,60.3,418.0,418.0,453.0,453.0,0.0,0.0,407.0,407.0,-16,65.1,STRONG_UP,MID_RANGE,MOMENTUM_UP,S1_LEADER,,,,,418.0,418.0,453.0,453.0,0.0,0.0,,0.0,0.0,0.0,0.0,407.0,407.0,,,,,,,111110000,110000000,95.8,0.0,44.4,0.0,0.0,0.0,0.0,9.0,1.0,95.8,95.8,95.8
408,BMY,Healthcare,-90.8,25.0,6.3,5.6,8.8,0.2,-0.6,10.1,1.7,-25.4,-44.6,-90.8,16.3,-125.8,1.9,0.0,-246.2,56.2,429.0,429.0,466.0,466.0,0.0,0.0,408.0,408.0,111,60.80000000000001,STRONG_UP,MID_RANGE,MOMENTUM_UP,S1_LEADER,,,,,429.0,429.0,466.0,466.0,0.0,0.0,,0.0,0.0,0.0,0.0,408.0,408.0,,,,,,,111011000,010010000,95.8,0.0,44.4,0.0,0.0,0.0,0.0,9.0,1.0,95.8,95.8,95.8
409,DLTR,Discount Stores,-117.9,21.1,2.5,3.4,10.9,14.2,6.3,7.3,-9.5,-44.3,-67.3,-117.9,36.8,-158.6,1.4,0.0,-399.2,29.1,501.0,501.0,533.0,533.0,0.0,0.0,409.0,409.0,35,66.0,STRONG_UP,MID_RANGE,MOMENTUM_DOWN,S0_NEUTRAL,,,,,501.0,501.0,533.0,533.0,0.0,0.0,,0.0,0.0,0.0,0.0,409.0,409.0,,,,,,,111110000,000011000,95.8,0.0,44.4,0.0,0.0,0.0,0.0,9.0,1.0,95.8,95.8,95.8
410,EG,Insurance - Reinsurance,-83.4,17.9,1.7,1.2,9.5,5.2,4.7,2.0,-28.0,-38.4,-48.0,-83.4,38.9,-109.5,2.0,0.0,-216.5,63.6,403.0,403.0,442.0,442.0,0.0,0.0,410.0,410.0,-17,-15.400000000000006,STRONG_UP,LOWER,MOMENTUM_DOWN,S0_NEUTRAL,,,,,403.0,403.0,442.0,442.0,0.0,0.0,,0.0,0.0,0.0,0.0,410.0,410.0,,,,,,,111110000,000011000,95.8,0.0,44.4,0.0,0.0,0.0,0.0,9.0,1.0,95.8,95.8,95.8
411,EQR,Real Estate,-81.4,13.3,3.4,2.4,4.9,4.6,4.5,2.5,-19.1,-36.5,-50.0,-81.4,30.5,-98.0,2.2,0.0,-316.0,65.6,398.0,398.0,437.0,437.0,0.0,0.0,411.0,411.0,-17,-34.89999999999998,STRONG_UP,LOWER,MOMENTUM_DOWN,S0_NEUTRAL,,,,,398.0,398.0,437.0,437.0,0.0,0.0,,0.0,0.0,0.0,0.0,411.0,411.0,,,,,,,111110000,110000000,95.8,0.0,44.4,0.0,0.0,0.0,0.0,9.0,1.0,95.8,95.8,95.8
412,ESS,Real Estate,-92.6,12.6,2.6,1.9,4.3,6.3,7.0,4.1,-13.6,-30.8,-50.5,-92.6,21.2,-108.5,2.4,0.0,-439.6,54.4,434.0,434.0,470.0,470.0,0.0,0.0,412.0,412.0,36,-48.5,STRONG_UP,LOWER,MOMENTUM_DOWN,S0_NEUTRAL,,,,,434.0,434.0,470.0,470.0,0.0,0.0,,0.0,0.0,0.0,0.0,412.0,412.0,,,,,,,111110000,110000000,95.8,0.0,44.4,0.0,0.0,0.0,0.0,9.0,1.0,95.8,95.8,95.8
413,MAS,Industrials,-47.7,33.3,6.3,3.5,7.3,11.2,11.9,9.2,-10.1,-16.0,-28.8,-47.7,27.9,-84.9,2.3,0.0,-60.3,99.2,313.0,313.0,345.0,345.0,0.0,0.0,413.0,413.0,38,0.6000000000000014,EARLY_DOWN,MID_RANGE,MOMENTUM_DOWN,S5_TRASH,,,,,313.0,313.0,345.0,345.0,0.0,0.0,,0.0,0.0,0.0,0.0,413.0,413.0,,,,,,,111110000,010100000,95.8,0.0,44.4,0.0,0.0,0.0,0.0,9.0,1.0,95.8,95.8,95.8
414,MCD,Restaurants,-76.6,4.8,2.8,0.1,0.8,-7.9,-14.4,-18.8,-39.1,-53.5,-65.4,-76.6,53.8,-82.9,2.5,0.0,-317.7,70.3,384.0,384.0,423.0,423.0,0.0,0.0,414.0,414.0,-17,-122.1,STRONG_DOWN,LOWER,MOMENTUM_DOWN,S5_TRASH,,,,,384.0,384.0,423.0,423.0,0.0,0.0,,0.0,0.0,0.0,0.0,414.0,414.0,,,,,,,110000000,111011000,95.8,0.0,111.1,0.0,0.0,0.0,0.0,9.0,1.0,95.8,95.8,95.8
415,MET,Financials,-31.8,32.1,5.7,2.8,11.1,13.4,14.0,10.2,-3.9,-13.8,-10.8,-31.8,42.0,-65.9,2.4,0.0,-45.8,115.2,284.0,284.0,309.0,309.0,0.0,0.0,415.0,415.0,-17,6.900000000000006,STRONG_UP,MID_RANGE,MOMENTUM_UP,S1_LEADER,,,,,284.0,284.0,309.0,309.0,0.0,0.0,,0.0,0.0,0.0,0.0,415.0,415.0,,,,,,,111110000,000011000,95.8,0.0,44.4,0.0,0.0,0.0,0.0,9.0,1.0,95.8,95.8,95.8
416,OMC,Advertising Agencies,-102.7,17.7,3.9,3.3,10.9,6.1,1.2,1.2,-27.4,-40.6,-53.2,-102.7,7.3,-125.6,2.3,0.0,-295.9,44.3,466.0,466.0,499.0,499.0,0.0,0.0,416.0,416.0,79,90.60000000000002,STRONG_UP,LOWER,MOMENTUM_UP,S0_NEUTRAL,,,,,466.0,466.0,499.0,499.0,0.0,0.0,,0.0,0.0,0.0,0.0,416.0,416.0,,,,,,,111110000,000011000,95.8,0.0,44.4,0.0,0.0,0.0,0.0,9.0,1.0,95.8,95.8,95.8
417,PRU,Financials,-58.3,25.2,4.7,3.0,12.2,11.6,7.1,2.8,-18.9,-29.3,-28.1,-58.3,35.8,-89.3,2.2,0.0,-76.2,88.7,336.0,336.0,372.0,372.0,0.0,0.0,417.0,417.0,-18,9.899999999999991,STRONG_UP,MID_RANGE,MOMENTUM_UP,S1_LEADER,,,,,336.0,336.0,372.0,372.0,0.0,0.0,,0.0,0.0,0.0,0.0,417.0,417.0,,,,,,,111110000,000011000,95.8,0.0,44.4,0.0,0.0,0.0,0.0,9.0,1.0,95.8,95.8,95.8
418,REG,Real Estate,-76.9,15.9,6.7,4.0,6.2,1.6,2.2,2.2,-10.6,-25.0,-31.6,-76.9,11.8,-93.0,2.2,0.0,-300.0,70.1,385.0,385.0,424.0,424.0,0.0,0.0,418.0,418.0,80,58.0,EARLY_DOWN,LOWER,MOMENTUM_UP,S4_BOTTOMING,,,,,385.0,385.0,424.0,424.0,0.0,0.0,,0.0,0.0,0.0,0.0,418.0,418.0,,,,,,,111110000,000011000,95.8,0.0,44.4,0.0,0.0,0.0,0.0,9.0,1.0,95.8,95.8,95.8
419,UDR,Real Estate,-101.7,13.1,3.2,2.7,5.5,5.9,4.1,0.5,-23.3,-45.1,-62.3,-101.7,16.1,-118.9,2.6,0.0,-419.2,45.2,463.0,463.0,497.0,497.0,0.0,0.0,419.0,419.0,41,-86.0,EARLY_DOWN,LOWER,MOMENTUM_DOWN,S5_TRASH,,,,,463.0,463.0,497.0,497.0,0.0,0.0,,0.0,0.0,0.0,0.0,419.0,419.0,,,,,,,111110000,110000000,95.8,0.0,44.4,0.0,0.0,0.0,0.0,9.0,1.0,95.8,95.8,95.8
420,WBD,Entertainment,-95.0,23.9,1.7,3.2,1.1,-4.0,-7.6,25.0,96.6,45.6,-12.0,-95.0,140.4,-168.4,1.7,0.0,-404.8,52.0,443.0,443.0,479.0,479.0,0.0,0.0,420.0,420.0,84,44.5,EARLY_UP,MID_RANGE,MOMENTUM_UP,S2_EARLY_BREAKOUT,,,,,443.0,443.0,479.0,479.0,0.0,0.0,,0.0,0.0,0.0,0.0,420.0,420.0,,,,,,,110011100,000000011,95.8,0.0,44.4,0.0,0.0,0.0,0.0,9.0,1.0,95.8,95.8,95.8
421,HOLX,Unknown,-80.8,18.9,-0.3,-0.0,2.4,4.1,5.9,7.3,-21.6,-39.3,-55.6,-80.8,38.3,-108.0,1.8,0.0,-249.52090614471595,39.2,481.0,481.0,434.0,434.0,0.0,0.0,421.0,421.0,-17,0.0,STRONG_UP,LOWER,MOMENTUM_UP,S0_NEUTRAL,,,,,481.0,481.0,434.0,434.0,0.0,0.0,,0.0,0.0,0.0,0.0,421.0,421.0,16968845705.95,16.969,445.0,other,equity,data_raw,011110000,101010000,95.7,0.0,66.7,0.0,0.0,0.0,0.0,9.0,1.0,95.7,95.7,95.7
422,AEP,Electric Utilities,-30.1,37.2,-2.4,-1.2,3.2,-2.3,-0.5,2.6,13.7,3.9,-10.2,-30.1,33.7,-67.3,1.5,0.0,-64.1,116.9,279.0,279.0,305.0,305.0,0.0,0.0,422.0,422.0,-93,-17.299999999999997,EARLY_DOWN,MID_RANGE,MOMENTUM_DOWN,S5_TRASH,,,,,279.0,279.0,305.0,305.0,0.0,0.0,,0.0,0.0,0.0,0.0,422.0,422.0,,,,,,,010011100,110000001,95.69999999999999,0.0,66.7,0.0,0.0,0.0,0.0,9.0,1.0,95.7,95.7,95.7
423,BLK,Asset Management,-13.1,30.4,14.1,5.5,8.9,3.7,-1.7,-7.2,-8.2,-13.9,-13.4,-13.1,46.8,-39.9,1.7,0.0,20.7,133.9,243.0,243.0,265.0,265.0,0.0,0.0,423.0,423.0,18,-44.3,EARLY_UP,MID_RANGE,MOMENTUM_UP,S2_EARLY_BREAKOUT,,,,,243.0,243.0,265.0,265.0,0.0,0.0,,0.0,0.0,0.0,0.0,423.0,423.0,,,,,,,111000000,001110100,95.69999999999999,0.0,88.9,0.0,0.0,0.0,0.0,9.0,1.0,95.7,95.7,95.7
424,CB,Insurance - Property & Casualty,-16.6,44.3,-1.9,-0.7,4.5,0.2,-0.3,3.5,-2.8,-2.2,3.8,-16.6,25.9,-49.7,1.6,0.0,-13.0,130.3,249.0,249.0,268.0,268.0,0.0,0.0,424.0,424.0,-123,-5.4,EARLY_DOWN,MID_RANGE,MOMENTUM_DOWN,S5_TRASH,,,,,249.0,249.0,268.0,268.0,0.0,0.0,,0.0,0.0,0.0,0.0,424.0,424.0,,,,,,,011010010,000011100,95.69999999999999,0.0,66.7,0.0,0.0,0.0,0.0,9.0,1.0,95.7,95.7,95.7
425,ES,Utilities,-106.1,11.1,1.0,0.8,8.5,2.9,0.8,-0.2,-10.4,-38.7,-67.4,-106.1,49.7,-124.9,1.7,0.0,-701.9,40.9,474.0,474.0,510.0,510.0,0.0,0.0,425.0,425.0,-17,-23.299999999999955,STRONG_UP,LOWER,MOMENTUM_DOWN,S0_NEUTRAL,,,,,474.0,474.0,510.0,510.0,0.0,0.0,,0.0,0.0,0.0,0.0,425.0,425.0,,,,,,,111100000,111000000,95.69999999999999,0.0,66.7,0.0,0.0,0.0,0.0,9.0,1.0,95.7,95.7,95.7
426,GEN,Technology,-52.6,29.9,5.6,4.8,0.5,16.5,10.6,-2.2,-17.4,-32.0,-40.4,-52.6,53.5,-105.8,2.1,0.0,-38.1,94.4,323.0,323.0,354.0,354.0,0.0,0.0,426.0,426.0,-17,-0.5,STRONG_UP,MID_RANGE,MOMENTUM_UP,S1_LEADER,,,,,323.0,323.0,354.0,354.0,0.0,0.0,,0.0,0.0,0.0,0.0,426.0,426.0,,,,,,,111100000,001110000,95.69999999999999,0.0,66.7,0.0,0.0,0.0,0.0,9.0,1.0,95.7,95.7,95.7
427,GLD,Gold (ETF),-20.4,27.2,-4.4,-2.7,-6.2,-15.4,-20.0,-14.4,6.6,11.9,0.8,-20.4,82.5,-58.5,1.4,0.0,-35.9,126.6,252.0,252.0,275.0,275.0,0.0,0.0,427.0,427.0,-17,-7.599999999999998,STRONG_DOWN,MID_RANGE,MOMENTUM_DOWN,S5_TRASH,,,,,252.0,252.0,275.0,275.0,0.0,0.0,,0.0,0.0,0.0,0.0,427.0,427.0,,,,,,,000001110,001000111,95.69999999999999,0.0,88.9,0.0,0.0,0.0,0.0,9.0,1.0,95.7,95.7,95.7
428,HD,N/A,-74.1,14.3,2.3,1.9,5.8,1.5,-5.2,-13.6,-35.5,-50.4,-63.1,-74.1,61.9,-96.4,2.2,0.0,-80.9,72.9,378.0,378.0,418.0,418.0,0.0,0.0,428.0,428.0,21,-3.0,EARLY_DOWN,LOWER,MOMENTUM_DOWN,S5_TRASH,,,,,378.0,378.0,418.0,418.0,0.0,0.0,,0.0,0.0,0.0,0.0,428.0,428.0,,,,,,,111000000,110110000,95.69999999999999,0.0,88.9,0.0,0.0,0.0,0.0,9.0,1.0,95.7,95.7,95.7
429,HRL,Packaged Foods,-151.5,10.5,2.2,4.5,6.9,8.1,2.7,-4.0,-42.9,-74.0,-102.9,-151.5,42.7,-173.8,2.1,0.0,-863.0,-4.5,567.0,567.0,579.0,579.0,0.0,0.0,429.0,429.0,58,121.10000000000002,EARLY_DOWN,LOWER,MOMENTUM_DOWN,S5_TRASH,,,,,567.0,567.0,579.0,579.0,0.0,0.0,,0.0,0.0,0.0,0.0,429.0,429.0,,,,,,,111100000,111000000,95.69999999999999,0.0,66.7,0.0,0.0,0.0,0.0,9.0,1.0,95.7,95.7,95.7
430,KDP,Beverages - Non-Alcoholic,-94.2,10.4,0.0,-0.4,0.2,4.1,4.0,1.3,-24.8,-48.6,-68.8,-94.2,41.0,-109.3,1.9,0.0,-506.3,52.8,442.0,442.0,477.0,477.0,0.0,0.0,430.0,430.0,-16,-56.10000000000002,EARLY_DOWN,LOWER,MOMENTUM_DOWN,S5_TRASH,,,,,442.0,442.0,477.0,477.0,0.0,0.0,,0.0,0.0,0.0,0.0,430.0,430.0,,,,,,,011110000,110010000,95.69999999999999,0.0,66.7,0.0,0.0,0.0,0.0,9.0,1.0,95.7,95.7,95.7
431,NVR,Residential Construction,-61.4,15.3,4.0,4.0,5.3,0.3,-8.2,-17.7,-44.4,-49.0,-58.0,-61.4,92.0,-92.2,2.0,0.0,105.7,85.6,344.0,344.0,382.0,382.0,0.0,0.0,431.0,431.0,23,-3.299999999999997,EARLY_DOWN,LOWER,MOMENTUM_DOWN,S5_TRASH,,,,,344.0,344.0,382.0,382.0,0.0,0.0,,0.0,0.0,0.0,0.0,431.0,431.0,,,,,,,111000000,010101100,95.69999999999999,0.0,88.9,0.0,0.0,0.0,0.0,9.0,1.0,95.7,95.7,95.7
432,SW,Packaging & Containers,-84.2,17.8,2.0,1.8,3.0,3.1,0.4,-3.1,-23.2,-38.5,-54.6,-84.2,51.9,-113.0,1.9,0.0,-190.9,62.7,407.0,407.0,445.0,445.0,0.0,0.0,432.0,432.0,27,-16.80000000000001,EARLY_DOWN,LOWER,MOMENTUM_DOWN,S5_TRASH,,,,,407.0,407.0,445.0,445.0,0.0,0.0,,0.0,0.0,0.0,0.0,432.0,432.0,,,,,,,111100000,011100000,95.69999999999999,0.0,66.7,0.0,0.0,0.0,0.0,9.0,1.0,95.7,95.7,95.7
433,SYK,Medical Devices,-71.2,18.0,1.6,1.0,8.3,2.7,-6.7,-16.0,-37.0,-43.8,-56.5,-71.2,37.3,-94.5,2.6,0.0,-17.5,75.8,374.0,374.0,411.0,411.0,0.0,0.0,433.0,433.0,-17,-3.0,EARLY_DOWN,LOWER,MOMENTUM_DOWN,S5_TRASH,,,,,374.0,374.0,411.0,411.0,0.0,0.0,,0.0,0.0,0.0,0.0,433.0,433.0,,,,,,,111000000,011001100,95.69999999999999,0.0,88.9,0.0,0.0,0.0,0.0,9.0,1.0,95.7,95.7,95.7
434,XLV,Index,-70.7,17.9,2.1,1.1,5.6,3.4,-0.4,-0.1,-20.3,-37.1,-50.2,-70.7,23.0,-90.5,1.9,0.0,-199.6,76.3,372.0,372.0,409.0,409.0,0.0,0.0,434.0,434.0,-92,-43.400000000000006,EARLY_DOWN,LOWER,MOMENTUM_DOWN,S5_TRASH,,,,,372.0,372.0,409.0,409.0,0.0,0.0,,0.0,0.0,0.0,0.0,434.0,434.0,,,,,,,111000000,111010000,95.69999999999999,0.0,88.9,0.0,0.0,0.0,0.0,9.0,1.0,95.7,95.7,95.7
435,BG,Food Products,-43.3,26.9,2.3,1.9,-0.0,-8.9,-5.1,7.0,-10.0,-27.9,-17.0,-43.3,82.2,-88.8,1.9,0.0,-119.7,103.7,301.0,301.0,334.0,334.0,0.0,0.0,435.0,435.0,-17,31.700000000000003,EARLY_UP,MID_RANGE,NEUTRAL,S0_NEUTRAL,,,,,301.0,301.0,334.0,334.0,0.0,0.0,,0.0,0.0,0.0,0.0,435.0,435.0,,,,,,,100010000,000111000,73.5,0.0,66.7,22.2,22.2,0.0,1.0,9.0,1.0,95.7,95.7,73.5
436,CME,Financial Data & Stock Exchanges,-48.8,15.0,4.6,3.0,1.3,-12.1,-17.6,-20.4,-22.1,-29.0,-43.1,-48.8,63.1,-68.2,1.6,0.0,-15.8,98.1,316.0,316.0,347.0,347.0,0.0,0.0,436.0,436.0,28,6.899999999999999,EARLY_UP,LOWER,NEUTRAL,S0_NEUTRAL,,,,,316.0,316.0,347.0,347.0,0.0,0.0,,0.0,0.0,0.0,0.0,436.0,436.0,,,,,,,110000000,110000010,73.5,0.0,66.7,22.2,22.2,0.0,1.0,9.0,1.0,95.7,95.7,73.5
437,CVX,Oil & Gas Integrated,-44.0,16.3,7.1,4.8,5.1,-4.7,-3.4,0.7,-11.5,-21.6,-15.8,-44.0,68.2,-65.3,2.0,0.0,-175.4,103.0,303.0,303.0,336.0,336.0,0.0,0.0,437.0,437.0,70,176.49999999999997,EARLY_UP,LOWER,MOMENTUM_UP,S4_BOTTOMING,,,,,303.0,303.0,336.0,336.0,0.0,0.0,,0.0,0.0,0.0,0.0,437.0,437.0,,,,,,,110010000,000011000,73.5,0.0,44.4,22.2,22.2,0.0,1.0,9.0,1.0,95.7,95.7,73.5
438,FISV,Financial Technology,-187.7,2.8,1.1,3.1,-5.0,-13.1,-19.8,-40.5,-89.9,-111.6,-139.4,-187.7,66.3,-194.4,3.9,0.0,-787.5,-40.8,609.0,609.0,612.0,612.0,0.0,0.0,438.0,438.0,-18,-238.20000000000005,STRONG_DOWN,LOWER,MOMENTUM_UP,S4_BOTTOMING,,,,,609.0,609.0,612.0,612.0,0.0,0.0,,0.0,0.0,0.0,0.0,438.0,438.0,,,,,,,100000000,111000100,73.5,0.0,88.9,22.2,22.2,0.0,1.0,9.0,1.0,95.7,95.7,73.5
439,LEN,Residential Construction,-105.7,3.1,2.5,3.1,-0.6,-4.4,-14.6,-28.0,-62.6,-72.4,-80.2,-105.7,109.4,-112.6,2.3,0.0,286.6,41.3,472.0,472.0,509.0,509.0,0.0,0.0,439.0,439.0,28,-115.5,STRONG_DOWN,LOWER,MOMENTUM_DOWN,S5_TRASH,,,,,472.0,472.0,509.0,509.0,0.0,0.0,,0.0,0.0,0.0,0.0,439.0,439.0,,,,,,,100000000,000111100,73.5,0.0,88.9,22.2,22.2,0.0,1.0,9.0,1.0,95.7,95.7,73.5
440,MAA,Real Estate,-109.6,5.9,0.6,0.2,1.0,-0.5,-4.3,-10.0,-34.5,-61.9,-79.8,-109.6,56.2,-119.4,3.0,0.0,-897.7,37.3,483.0,483.0,518.0,518.0,0.0,0.0,440.0,440.0,-62,-426.70000000000005,EARLY_DOWN,LOWER,MOMENTUM_DOWN,S5_TRASH,,,,,483.0,483.0,518.0,518.0,0.0,0.0,,0.0,0.0,0.0,0.0,440.0,440.0,,,,,,,110000000,011100000,73.5,0.0,66.7,22.2,22.2,0.0,1.0,9.0,1.0,95.7,95.7,73.5
441,PTC,Technology,-101.7,8.2,2.1,2.6,-2.8,-10.4,-19.1,-33.4,-59.8,-71.1,-82.1,-101.7,82.2,-117.8,2.7,0.0,83.5,45.2,463.0,463.0,497.0,497.0,0.0,0.0,441.0,441.0,-15,-22.0,EARLY_UP,LOWER,MOMENTUM_UP,S4_BOTTOMING,,,,,463.0,463.0,497.0,497.0,0.0,0.0,,0.0,0.0,0.0,0.0,441.0,441.0,,,,,,,100000000,101010100,73.5,0.0,88.9,22.2,22.2,0.0,1.0,9.0,1.0,95.7,95.7,73.5
442,REGN,Biotechnology,-112.2,10.5,2.3,2.7,11.0,-3.1,-10.5,-7.1,-44.5,-62.8,-73.4,-112.2,50.6,-130.6,2.4,0.0,-454.6,34.8,486.0,486.0,520.0,520.0,0.0,0.0,442.0,442.0,-15,-28.0,STRONG_UP,LOWER,MOMENTUM_UP,S0_NEUTRAL,,,,,486.0,486.0,520.0,520.0,0.0,0.0,,0.0,0.0,0.0,0.0,442.0,442.0,,,,,,,110000000,001011000,73.5,0.0,66.7,22.2,22.2,0.0,1.0,9.0,1.0,95.7,95.7,73.5
443,ALB,Specialty Chemicals,-116.8,8.9,-1.7,-4.7,-21.0,-33.0,-33.9,-3.7,-17.7,-63.6,-73.2,-116.8,194.3,-146.7,2.3,0.0,-1076.0,30.2,497.0,497.0,530.0,530.0,0.0,0.0,443.0,443.0,-62,-336.79999999999995,STRONG_DOWN,LOWER,NEUTRAL,S5_TRASH,,,,,497.0,497.0,530.0,530.0,0.0,0.0,,0.0,0.0,0.0,0.0,443.0,443.0,,,,,,,000000000,001110000,51.3,0.0,66.7,44.4,44.4,44.4,2.0,9.0,1.0,95.7,95.7,95.7
444,SLB,Oil & Gas Equipment & Services,-114.7,13.7,-0.4,-0.9,-4.6,-12.8,-9.6,3.4,-26.3,-40.1,-37.1,-114.7,19.0,-135.4,2.2,0.0,-566.9,32.2,494.0,494.0,527.0,527.0,0.0,0.0,444.0,444.0,-60,21.300000000000068,EARLY_UP,LOWER,NEUTRAL,S0_NEUTRAL,,,,,494.0,494.0,527.0,527.0,0.0,0.0,,0.0,0.0,0.0,0.0,444.0,444.0,,,,,,,000010000,000011000,51.3,0.0,44.4,44.4,44.4,0.0,2.0,9.0,1.0,95.7,95.7,51.3
445,USB,Financials,-69.0,30.7,4.8,3.1,11.6,9.9,9.5,16.5,21.1,2.4,-18.2,-69.0,15.5,-105.7,2.0,0.0,-170.7,77.9,367.0,367.0,403.0,403.0,0.0,0.0,445.0,445.0,-44,14.400000000000006,STRONG_UP,MID_RANGE,MOMENTUM_DOWN,S0_NEUTRAL,,,,,367.0,367.0,403.0,403.0,0.0,0.0,,0.0,0.0,0.0,0.0,445.0,445.0,,,,,,,111111100,00000000-,94.8,0.0,0.0,0.0,0.0,0.0,0.0,9.0,1.0,94.8,94.8,94.8
446,ZS,Theme (User Picks),-61.8,4.3,1.7,5.7,-2.8,-3.1,-14.6,-37.8,-59.8,-79.0,-82.3,-61.8,408.1,-98.7,2.1,0.0,1203.0,45.7,462.0,462.0,383.0,383.0,0.0,0.0,446.0,446.0,-15,193.39999999999998,STRONG_UP,LOWER,NEUTRAL,S0_NEUTRAL,,,,,462.0,462.0,383.0,383.0,0.0,0.0,,0.0,0.0,0.0,0.0,446.0,446.0,,,,,,,100000000,---110000,59.4,0.0,66.7,33.3,33.3,33.3,1.0,6.0,1.0,92.7,92.7,92.7
447,SPCE,Aerospace & Defense,-187.8,1.9,-0.8,-11.3,-0.6,23.4,18.7,9.3,-66.9,-115.1,-155.8,-187.8,360.7,-212.4,2.5,0.0,-4582.398073028932,-74.3,619.0,619.0,613.0,613.0,0.0,0.0,447.0,447.0,-15,0.0,EARLY_DOWN,LOWER,MOMENTUM_DOWN,S5_TRASH,,,,,619.0,619.0,613.0,613.0,0.0,0.0,,0.0,0.0,0.0,0.0,447.0,447.0,434740921.48,0.435,560.0,other,equity,data_raw,001110000,--1000000,63.6,0.0,28.6,28.6,28.6,0.0,1.0,7.0,1.0,92.2,92.2,63.6
448,INVH,Real Estate,-103.4,6.9,3.2,3.3,2.6,3.8,3.8,-3.5,-36.6,-61.2,-81.5,-103.4,20.8,-125.9,3.1,0.0,-944.3,21.6,515.0,515.0,501.0,501.0,0.0,0.0,448.0,448.0,22,-26.0,EARLY_DOWN,LOWER,MOMENTUM_DOWN,S5_TRASH,,,,,515.0,515.0,501.0,501.0,0.0,0.0,,0.0,0.0,0.0,0.0,448.0,448.0,,,,,,,111100000,--1100000,89.0,0.0,57.1,0.0,0.0,0.0,0.0,7.0,1.0,89.0,89.0,89.0
449,SNOW,Theme (User Picks),-23.2,39.8,3.6,3.8,0.1,37.3,35.0,18.7,22.0,-7.5,,-23.2,37.6,-128.5,1.5,0.0,-103.0,44.8,465.0,465.0,285.0,285.0,0.0,0.0,449.0,449.0,24,7.299999999999997,STRONG_UP,MID_RANGE,MOMENTUM_DOWN,S0_NEUTRAL,,,,,465.0,465.0,285.0,285.0,0.0,0.0,,0.0,0.0,0.0,0.0,449.0,449.0,,,,,,,1111110-0,-----0000,87.0,0.0,0.0,0.0,0.0,0.0,0.0,4.0,0.667,87.0,87.0,87.0
450,0019K0.KS,Nasdaq 100 + Bond,5.4,2.1,-7.5,-3.3,-6.9,-2.7,2.3,4.7,,,,5.4,22.4,-24.4,2.3,0.0,0.0,21.3,516.0,516.0,230.0,230.0,0.0,0.0,450.0,450.0,-65,0.0,STRONG_DOWN,LOWER,MOMENTUM_DOWN,S5_TRASH,,,,,516.0,516.0,230.0,230.0,0.0,0.0,,0.0,0.0,0.0,0.0,450.0,450.0,,,,,,,00011---1,--------0,57.0,30.0,0.0,0.0,0.0,0.0,0.0,1.0,0.167,87.0,87.0,87.0
451,XLF,Index,-30.2,33.6,7.4,2.4,7.1,4.9,1.9,-2.2,-6.8,-13.1,-16.9,-30.2,15.4,-55.5,2.3,0.0,-24.7,116.7,280.0,280.0,306.0,306.0,0.0,0.0,451.0,451.0,-17,2.3000000000000007,STRONG_UP,MID_RANGE,MOMENTUM_UP,S1_LEADER,,,,,280.0,280.0,306.0,306.0,0.0,0.0,,0.0,0.0,0.0,0.0,451.0,451.0,,,,,,,111100000,1000-1000,86.4,0.0,44.4,0.0,0.0,0.0,0.0,9.0,1.0,86.4,86.4,86.4
452,MOS,Agricultural Inputs,-154.2,2.3,1.7,5.3,1.3,-8.0,-14.1,-26.8,-55.5,-87.5,-97.4,-154.2,156.0,-162.5,2.3,0.0,-3992.6,-7.2,571.0,571.0,582.0,582.0,0.0,0.0,452.0,452.0,61,5417.1,EARLY_UP,LOWER,NEUTRAL,S0_NEUTRAL,,,,,571.0,571.0,582.0,582.0,0.0,0.0,,0.0,0.0,0.0,0.0,452.0,452.0,,,,,,,110000000,10001-000,64.2,0.0,44.4,22.2,22.2,0.0,1.0,9.0,1.0,86.4,86.4,64.2
453,ULTA,Specialty Retail,-93.2,5.7,2.9,2.6,0.6,-9.5,-20.4,-21.4,-30.0,-48.6,-54.3,-93.2,50.1,-101.5,1.8,0.0,-943.4,53.8,435.0,435.0,471.0,471.0,0.0,0.0,453.0,453.0,61,4288.400000000001,EARLY_UP,LOWER,MOMENTUM_UP,S4_BOTTOMING,,,,,435.0,435.0,471.0,471.0,0.0,0.0,,0.0,0.0,0.0,0.0,453.0,453.0,,,,,,,110000000,00-011000,64.2,0.0,44.4,22.2,22.2,0.0,1.0,9.0,1.0,86.4,86.4,64.2
454,BEN,Asset Management,-85.4,29.9,0.3,0.0,3.5,10.9,15.7,22.3,18.1,-4.9,-21.5,-85.4,9.6,-125.3,1.6,0.0,-228.1,61.6,412.0,412.0,448.0,448.0,0.0,0.0,454.0,454.0,-94,-44.0,EARLY_DOWN,MID_RANGE,MOMENTUM_DOWN,S5_TRASH,,,,,412.0,412.0,448.0,448.0,0.0,0.0,,0.0,0.0,0.0,0.0,454.0,454.0,,,,,,,011111000,00001-000,85.1,0.0,22.2,0.0,0.0,0.0,0.0,9.0,1.0,85.1,85.1,85.1
455,UBER,Internet Services & Infrastructure,-21.1,12.0,0.2,-0.1,1.3,-3.6,-8.7,-20.9,-28.0,-3.5,-18.6,-21.1,67.6,-71.0,1.6,0.0,74.3,68.7,389.0,389.0,276.0,276.0,0.0,0.0,455.0,455.0,-19,5.8999999999999915,EARLY_DOWN,LOWER,MOMENTUM_DOWN,S5_TRASH,,,,,389.0,389.0,276.0,276.0,0.0,0.0,,0.0,0.0,0.0,0.0,455.0,455.0,,,,,,,010000000,----01110,85.1,0.0,120.0,0.0,0.0,0.0,0.0,5.0,0.833,85.1,85.1,85.1
456,IWM,Index,-58.6,19.4,1.2,0.4,0.8,1.9,4.0,7.8,2.4,-12.0,-25.5,-58.6,11.8,-75.1,2.1,0.0,-239.9,88.4,338.0,338.0,375.0,375.0,0.0,0.0,456.0,456.0,19,-27.099999999999994,EARLY_DOWN,LOWER,MOMENTUM_DOWN,S5_TRASH,,,,,338.0,338.0,375.0,375.0,0.0,0.0,,0.0,0.0,0.0,0.0,456.0,456.0,,,,,,,111111000,000000000,84.7,0.0,0.0,0.0,0.0,0.0,0.0,9.0,1.0,84.7,84.7,84.7
457,LUV,Airlines,-114.2,21.7,2.2,2.6,6.9,13.0,6.9,22.4,25.1,-7.4,-44.0,-114.2,28.4,-152.9,1.9,0.0,-416.2,32.8,491.0,491.0,525.0,525.0,0.0,0.0,457.0,457.0,20,-15.0,EARLY_DOWN,MID_RANGE,MOMENTUM_DOWN,S5_TRASH,,,,,491.0,491.0,525.0,525.0,0.0,0.0,,0.0,0.0,0.0,0.0,457.0,457.0,,,,,,,111111000,000000000,84.7,0.0,0.0,0.0,0.0,0.0,0.0,9.0,1.0,84.7,84.7,84.7
458,APD,Specialty Chemicals,-58.3,16.6,0.0,-0.2,2.0,-3.3,-0.2,-1.8,-24.1,-38.0,-55.8,-58.3,72.8,-84.0,2.0,0.0,-113.7,88.6,337.0,337.0,372.0,372.0,0.0,0.0,458.0,458.0,-94,-28.60000000000001,EARLY_DOWN,LOWER,MOMENTUM_DOWN,S5_TRASH,,,,,337.0,337.0,372.0,372.0,0.0,0.0,,0.0,0.0,0.0,0.0,458.0,458.0,,,,,,,010000000,111110000,84.69999999999999,0.0,111.1,0.0,0.0,0.0,0.0,9.0,1.0,84.7,84.7,84.7
459,DTE,Electric Power Generation,-29.8,17.7,-0.7,-0.4,2.9,-2.9,-1.8,-3.2,-8.9,-19.7,-25.3,-29.8,45.4,-45.5,2.0,0.0,-56.8,117.2,278.0,278.0,303.0,303.0,0.0,0.0,459.0,459.0,-129,-24.099999999999994,EARLY_DOWN,LOWER,MOMENTUM_DOWN,S5_TRASH,,,,,278.0,278.0,303.0,303.0,0.0,0.0,,0.0,0.0,0.0,0.0,459.0,459.0,,,,,,,010000000,111011000,84.69999999999999,0.0,111.1,0.0,0.0,0.0,0.0,9.0,1.0,84.7,84.7,84.7
460,FRT,Real Estate,-85.8,23.2,5.7,4.2,5.0,4.5,8.3,13.4,-3.6,-19.5,-31.5,-85.8,8.5,-113.5,2.2,0.0,-244.1,61.2,414.0,414.0,449.0,449.0,0.0,0.0,460.0,460.0,25,38.099999999999994,STRONG_UP,MID_RANGE,MOMENTUM_UP,S1_LEADER,,,,,414.0,414.0,449.0,449.0,0.0,0.0,,0.0,0.0,0.0,0.0,460.0,460.0,,,,,,,111110000,000001000,84.69999999999999,0.0,22.2,0.0,0.0,0.0,0.0,9.0,1.0,84.7,84.7,84.7
461,HSIC,Healthcare,-117.5,17.5,4.6,5.1,10.1,10.4,7.8,10.0,-14.3,-40.6,-63.2,-117.5,10.2,-143.9,1.8,0.0,-453.3,29.5,500.0,500.0,532.0,532.0,0.0,0.0,461.0,461.0,-23,21.30000000000001,STRONG_UP,LOWER,MOMENTUM_UP,S0_NEUTRAL,,,,,500.0,500.0,532.0,532.0,0.0,0.0,,0.0,0.0,0.0,0.0,461.0,461.0,,,,,,,111110000,000010000,84.69999999999999,0.0,22.2,0.0,0.0,0.0,0.0,9.0,1.0,84.7,84.7,84.7
462,LDOS,IT Consulting & Other Services,-91.2,4.4,1.6,1.7,-4.9,-21.6,-33.5,-43.2,-55.3,-63.6,-82.4,-91.2,102.6,-99.6,1.5,0.0,678.5,55.7,430.0,430.0,467.0,467.0,0.0,0.0,462.0,462.0,14,96.10000000000002,EARLY_UP,LOWER,MOMENTUM_UP,S4_BOTTOMING,,,,,430.0,430.0,467.0,467.0,0.0,0.0,,0.0,0.0,0.0,0.0,462.0,462.0,,,,,,,100000000,111000110,84.69999999999999,0.0,111.1,0.0,0.0,0.0,0.0,9.0,1.0,84.7,84.7,84.7
463,SJM,Packaged Foods,-117.3,12.6,2.6,2.7,6.4,7.7,5.0,2.7,-20.6,-45.4,-65.2,-117.3,15.9,-135.9,2.2,0.0,-633.3,29.7,499.0,499.0,531.0,531.0,0.0,0.0,463.0,463.0,38,-14.799999999999955,EARLY_DOWN,LOWER,MOMENTUM_DOWN,S5_TRASH,,,,,499.0,499.0,531.0,531.0,0.0,0.0,,0.0,0.0,0.0,0.0,463.0,463.0,,,,,,,111110000,000010000,84.69999999999999,0.0,22.2,0.0,0.0,0.0,0.0,9.0,1.0,84.7,84.7,84.7
464,BRK-B,Diversified Financial Services,-46.1,12.2,1.1,0.4,1.9,-1.9,-5.3,-9.9,-23.9,-26.1,-27.0,-46.1,42.5,-58.1,2.7,0.0,-11.7,100.9,307.0,307.0,339.0,339.0,0.0,0.0,464.0,464.0,-22,-5.6,EARLY_DOWN,LOWER,MOMENTUM_DOWN,S5_TRASH,,,,,307.0,307.0,339.0,339.0,0.0,0.0,,0.0,0.0,0.0,0.0,464.0,464.0,,,,,,,110000000,100011100,84.6,0.0,88.9,0.0,0.0,0.0,0.0,9.0,1.0,84.6,84.6,84.6
465,CNC,Healthcare,-126.6,19.9,-2.2,-4.6,-1.6,21.5,29.0,47.4,-19.2,-54.8,-81.5,-126.6,62.8,-173.0,2.3,0.0,-398.9,20.4,518.0,518.0,546.0,546.0,0.0,0.0,465.0,465.0,-60,-58.0,STRONG_UP,LOWER,MOMENTUM_DOWN,S0_NEUTRAL,,,,,518.0,518.0,546.0,546.0,0.0,0.0,,0.0,0.0,0.0,0.0,465.0,465.0,,,,,,,001110000,110010000,84.6,0.0,66.7,0.0,0.0,0.0,0.0,9.0,1.0,84.6,84.6,84.6
466,COO,Healthcare,-142.8,11.5,2.3,3.9,11.7,6.0,-5.3,-8.7,-48.4,-73.7,-100.6,-142.8,37.1,-165.8,2.0,0.0,-628.4,4.2,548.0,548.0,566.0,566.0,0.0,0.0,466.0,466.0,16,10.700000000000045,EARLY_DOWN,LOWER,MOMENTUM_DOWN,S5_TRASH,,,,,548.0,548.0,566.0,566.0,0.0,0.0,,0.0,0.0,0.0,0.0,466.0,466.0,,,,,,,111000000,111000000,84.6,0.0,66.7,0.0,0.0,0.0,0.0,9.0,1.0,84.6,84.6,84.6
467,CPT,Real Estate,-107.1,8.6,2.0,2.0,3.7,3.7,0.3,-3.1,-23.8,-52.0,-70.8,-107.1,43.3,-120.7,2.3,0.0,-726.1,39.9,479.0,479.0,515.0,515.0,0.0,0.0,467.0,467.0,-24,-210.10000000000002,EARLY_DOWN,LOWER,MOMENTUM_DOWN,S5_TRASH,,,,,479.0,479.0,515.0,515.0,0.0,0.0,,0.0,0.0,0.0,0.0,467.0,467.0,,,,,,,111100000,010100000,84.6,0.0,44.4,0.0,0.0,0.0,0.0,9.0,1.0,84.6,84.6,84.6
468,DPZ,Restaurants,-115.7,6.9,6.3,10.6,6.9,-4.0,-14.1,-25.4,-53.2,-71.8,-92.7,-115.7,80.2,-129.9,3.1,0.0,-390.0,31.3,495.0,495.0,528.0,528.0,0.0,0.0,468.0,468.0,-22,241.5,EARLY_UP,LOWER,MOMENTUM_UP,S4_BOTTOMING,,,,,495.0,495.0,528.0,528.0,0.0,0.0,,0.0,0.0,0.0,0.0,468.0,468.0,,,,,,,110000000,111100000,84.6,0.0,88.9,0.0,0.0,0.0,0.0,9.0,1.0,84.6,84.6,84.6
469,HPQ,Technology,-114.6,9.4,0.5,0.2,-3.9,4.2,6.9,-6.2,-44.7,-68.5,-81.0,-114.6,74.5,-133.6,2.3,0.0,-448.7,32.3,493.0,493.0,526.0,526.0,0.0,0.0,469.0,469.0,17,176.90000000000003,EARLY_UP,LOWER,NEUTRAL,S0_NEUTRAL,,,,,493.0,493.0,526.0,526.0,0.0,0.0,,0.0,0.0,0.0,0.0,469.0,469.0,,,,,,,101100000,100110000,84.6,0.0,66.7,0.0,0.0,0.0,0.0,9.0,1.0,84.6,84.6,84.6
470,KHC,Packaged Foods,-148.1,10.0,3.8,6.1,8.1,8.0,4.2,-2.5,-33.0,-57.0,-76.0,-148.1,10.3,-165.0,2.3,0.0,-983.7,-1.1,563.0,563.0,576.0,576.0,0.0,0.0,470.0,470.0,19,177.0999999999999,STRONG_UP,LOWER,MOMENTUM_UP,S0_NEUTRAL,,,,,563.0,563.0,576.0,576.0,0.0,0.0,,0.0,0.0,0.0,0.0,470.0,470.0,,,,,,,111100000,000011000,84.6,0.0,44.4,0.0,0.0,0.0,0.0,9.0,1.0,84.6,84.6,84.6
471,LNT,Utilities,-46.3,21.2,-0.4,-0.3,4.6,-0.5,1.3,2.9,3.6,-10.0,-25.2,-46.3,29.7,-66.2,1.8,0.0,-163.6,100.6,308.0,308.0,340.0,340.0,0.0,0.0,471.0,471.0,-75,-49.19999999999999,EARLY_DOWN,MID_RANGE,MOMENTUM_DOWN,S5_TRASH,,,,,308.0,308.0,340.0,340.0,0.0,0.0,,0.0,0.0,0.0,0.0,471.0,471.0,,,,,,,010111000,010000001,84.6,0.0,44.4,0.0,0.0,0.0,0.0,9.0,1.0,84.6,84.6,84.6
472,MCHP,Semiconductors,-53.3,31.1,-8.8,-7.3,-9.1,-5.2,0.5,8.3,-15.7,-34.5,-44.4,-53.3,64.3,-105.7,1.9,0.0,-102.1,93.7,327.0,327.0,358.0,358.0,0.0,0.0,472.0,472.0,-20,-18.89999999999999,STRONG_DOWN,MID_RANGE,MOMENTUM_DOWN,S5_TRASH,,,,,327.0,327.0,358.0,358.0,0.0,0.0,,0.0,0.0,0.0,0.0,472.0,472.0,,,,,,,000110000,001111000,84.6,0.0,88.9,0.0,0.0,0.0,0.0,9.0,1.0,84.6,84.6,84.6
473,MDLZ,Confectioners,-112.9,5.4,5.0,4.9,2.2,-1.6,-2.2,-7.6,-37.6,-56.5,-76.2,-112.9,19.9,-119.9,2.3,0.0,-1170.2,34.1,487.0,487.0,521.0,521.0,0.0,0.0,473.0,473.0,19,306.5,STRONG_DOWN,LOWER,MOMENTUM_UP,S4_BOTTOMING,,,,,487.0,487.0,521.0,521.0,0.0,0.0,,0.0,0.0,0.0,0.0,473.0,473.0,,,,,,,110000000,011011000,84.6,0.0,88.9,0.0,0.0,0.0,0.0,9.0,1.0,84.6,84.6,84.6
474,MDT,Healthcare,-128.5,12.9,0.6,0.2,10.9,2.5,-8.1,-14.7,-27.4,-50.3,-79.8,-128.5,12.1,-148.7,1.7,0.0,-582.4,18.5,522.0,522.0,549.0,549.0,0.0,0.0,474.0,474.0,-21,-46.69999999999993,STRONG_UP,LOWER,MOMENTUM_DOWN,S0_NEUTRAL,,,,,522.0,522.0,549.0,549.0,0.0,0.0,,0.0,0.0,0.0,0.0,474.0,474.0,,,,,,,111000000,111000000,84.6,0.0,66.7,0.0,0.0,0.0,0.0,9.0,1.0,84.6,84.6,84.6
475,MKC,Packaged Foods,-150.4,7.4,0.9,1.4,6.9,2.4,-11.5,-23.8,-57.8,-83.5,-111.2,-150.4,54.6,-166.3,2.8,0.0,-911.5,-3.4,565.0,565.0,578.0,578.0,0.0,0.0,475.0,475.0,18,-10.600000000000023,STRONG_UP,LOWER,MOMENTUM_DOWN,S0_NEUTRAL,,,,,565.0,565.0,578.0,578.0,0.0,0.0,,0.0,0.0,0.0,0.0,475.0,475.0,,,,,,,111000000,111000000,84.6,0.0,66.7,0.0,0.0,0.0,0.0,9.0,1.0,84.6,84.6,84.6
476,NI,"Electric, Gas and Multi-Utilities",-32.1,43.2,-1.8,-0.8,0.8,-5.5,-5.1,-4.4,6.9,7.9,-0.1,-32.1,17.0,-68.5,1.3,0.0,-33.4,114.9,286.0,286.0,312.0,312.0,0.0,0.0,476.0,476.0,-61,-7.799999999999997,EARLY_DOWN,MID_RANGE,MOMENTUM_DOWN,S5_TRASH,,,,,286.0,286.0,312.0,312.0,0.0,0.0,,0.0,0.0,0.0,0.0,476.0,476.0,,,,,,,010001100,000001101,84.6,0.0,66.7,0.0,0.0,0.0,0.0,9.0,1.0,84.6,84.6,84.6
477,PCG,Utilities,-143.5,7.0,2.0,2.6,7.3,0.3,-1.7,-0.4,-31.9,-39.1,-53.9,-143.5,11.7,-156.3,2.5,0.0,-1414.0,3.5,549.0,549.0,567.0,567.0,0.0,0.0,477.0,477.0,19,109.70000000000005,STRONG_UP,LOWER,MOMENTUM_UP,S0_NEUTRAL,,,,,549.0,549.0,567.0,567.0,0.0,0.0,,0.0,0.0,0.0,0.0,477.0,477.0,,,,,,,111000000,000011100,84.6,0.0,66.7,0.0,0.0,0.0,0.0,9.0,1.0,84.6,84.6,84.6
478,PG,Household Products,-89.9,10.5,4.2,3.6,5.6,0.1,-4.5,-9.4,-33.9,-49.4,-66.8,-89.9,37.7,-104.4,2.2,0.0,-329.9,57.1,425.0,425.0,462.0,462.0,0.0,0.0,478.0,478.0,-21,-58.0,EARLY_DOWN,LOWER,MOMENTUM_DOWN,S5_TRASH,,,,,425.0,425.0,462.0,462.0,0.0,0.0,,0.0,0.0,0.0,0.0,478.0,478.0,,,,,,,111000000,011010000,84.6,0.0,66.7,0.0,0.0,0.0,0.0,9.0,1.0,84.6,84.6,84.6
479,ROL,Business Services,-65.8,8.5,3.2,2.8,3.2,-11.1,-21.4,-28.6,-41.7,-49.6,-60.1,-65.8,76.9,-85.9,1.7,0.0,69.8,81.2,356.0,356.0,394.0,394.0,0.0,0.0,479.0,479.0,20,-62.89999999999999,EARLY_UP,LOWER,MOMENTUM_UP,S4_BOTTOMING,,,,,356.0,356.0,394.0,394.0,0.0,0.0,,0.0,0.0,0.0,0.0,479.0,479.0,,,,,,,110000000,101010100,84.6,0.0,88.9,0.0,0.0,0.0,0.0,9.0,1.0,84.6,84.6,84.6
480,ROP,Technology,-132.1,9.1,2.1,2.9,4.4,-1.5,-7.0,-23.2,-60.3,-79.2,-101.2,-132.1,45.1,-149.2,3.4,0.0,-368.0,14.9,529.0,529.0,554.0,554.0,0.0,0.0,480.0,480.0,20,-28.80000000000001,STRONG_UP,LOWER,MOMENTUM_DOWN,S0_NEUTRAL,,,,,529.0,529.0,554.0,554.0,0.0,0.0,,0.0,0.0,0.0,0.0,480.0,480.0,,,,,,,110000000,111001000,84.6,0.0,88.9,0.0,0.0,0.0,0.0,9.0,1.0,84.6,84.6,84.6
481,VRSN,Technology,-71.8,13.3,2.7,2.4,0.3,-1.8,1.7,-4.3,-10.1,-29.5,-55.5,-71.8,78.8,-94.3,1.8,0.0,-339.0,75.1,375.0,375.0,412.0,412.0,0.0,0.0,481.0,481.0,53,96.0,EARLY_UP,LOWER,MOMENTUM_UP,S4_BOTTOMING,,,,,375.0,375.0,412.0,412.0,0.0,0.0,,0.0,0.0,0.0,0.0,481.0,481.0,,,,,,,110100000,111000000,84.6,0.0,66.7,0.0,0.0,0.0,0.0,9.0,1.0,84.6,84.6,84.6
482,WTW,Financials,-79.6,22.0,3.1,2.2,10.9,5.1,-4.0,-12.8,-28.3,-38.7,-55.9,-79.6,22.9,-108.1,2.3,0.0,-88.5,67.4,394.0,394.0,432.0,432.0,0.0,0.0,482.0,482.0,-20,-4.799999999999997,STRONG_UP,MID_RANGE,MOMENTUM_DOWN,S0_NEUTRAL,,,,,394.0,394.0,432.0,432.0,0.0,0.0,,0.0,0.0,0.0,0.0,482.0,482.0,,,,,,,111000000,110000100,84.6,0.0,66.7,0.0,0.0,0.0,0.0,9.0,1.0,84.6,84.6,84.6
483,AMT,Telecommunications Infrastructure,-124.2,2.5,0.8,0.7,-3.9,-8.5,-11.5,-19.0,-42.2,-68.0,-94.7,-124.2,77.9,-128.9,2.3,0.0,-2538.4,22.8,511.0,511.0,542.0,542.0,0.0,0.0,483.0,483.0,23,1208.1,EARLY_UP,LOWER,MOMENTUM_UP,S4_BOTTOMING,,,,,511.0,511.0,542.0,542.0,0.0,0.0,,0.0,0.0,0.0,0.0,483.0,483.0,,,,,,,100000000,111000000,62.4,0.0,66.7,22.2,22.2,0.0,1.0,9.0,1.0,84.6,84.6,62.4
484,CI,Healthcare,-100.5,6.0,-2.3,-2.7,3.1,-1.5,-3.9,-8.4,-39.4,-52.9,-64.4,-100.5,48.1,-109.6,2.1,0.0,-678.6,46.5,456.0,456.0,490.0,490.0,0.0,0.0,484.0,484.0,-21,-166.90000000000003,STRONG_UP,LOWER,NEUTRAL,S0_NEUTRAL,,,,,456.0,456.0,490.0,490.0,0.0,0.0,,0.0,0.0,0.0,0.0,484.0,484.0,,,,,,,010000000,100011000,62.4,0.0,66.7,22.2,22.2,0.0,1.0,9.0,1.0,84.6,84.6,62.4
485,CTRA,Oil & Gas E&P,-54.0,32.0,-13.8,-9.8,-12.9,-4.9,5.7,10.2,-8.9,-8.1,-5.7,-54.0,47.1,-103.3,1.6,0.0,-26.338711635267,89.7,334.0,334.0,360.0,360.0,0.0,0.0,485.0,485.0,-20,0.0,STRONG_UP,MID_RANGE,NEUTRAL,S0_NEUTRAL,,,,,334.0,334.0,360.0,360.0,0.0,0.0,,0.0,0.0,0.0,0.0,485.0,485.0,24724652557.46,24.725,378.0,other,equity,data_raw,000110000,000011000,62.4,0.0,44.4,22.2,22.2,0.0,1.0,9.0,1.0,84.6,84.6,62.4
486,ELV,Healthcare,-97.3,7.4,-7.3,-9.9,-8.7,-2.8,-1.2,-0.1,-42.3,-67.6,-80.8,-97.3,105.9,-113.2,2.0,0.0,-515.6,49.7,448.0,448.0,483.0,483.0,0.0,0.0,486.0,486.0,-168,-318.5,EARLY_DOWN,LOWER,MOMENTUM_DOWN,S5_TRASH,,,,,448.0,448.0,483.0,483.0,0.0,0.0,,0.0,0.0,0.0,0.0,486.0,486.0,,,,,,,000000000,110011000,62.4,0.0,88.9,22.2,22.2,0.0,1.0,9.0,1.0,84.6,84.6,62.4
487,GIS,Packaged Foods,-146.4,11.7,4.4,7.4,14.1,10.2,-0.7,-11.1,-52.2,-77.4,-98.9,-146.4,35.2,-169.9,2.4,0.0,-603.2,0.6,556.0,556.0,572.0,572.0,0.0,0.0,487.0,487.0,21,303.4,STRONG_UP,LOWER,MOMENTUM_UP,S0_NEUTRAL,,,,,556.0,556.0,572.0,572.0,0.0,0.0,,0.0,0.0,0.0,0.0,487.0,487.0,,,,,,,111000000,000010000,62.4,0.0,22.2,22.2,22.2,0.0,1.0,9.0,1.0,84.6,84.6,62.4
488,HAL,Oil & Gas Equipment & Services,-106.1,18.3,2.2,2.4,-2.2,-11.7,-6.8,11.9,-17.1,-35.5,-29.1,-106.1,34.8,-138.6,2.3,0.0,-416.5,40.9,474.0,474.0,510.0,510.0,0.0,0.0,488.0,488.0,-22,69.0,EARLY_UP,LOWER,NEUTRAL,S0_NEUTRAL,,,,,474.0,474.0,510.0,510.0,0.0,0.0,,0.0,0.0,0.0,0.0,488.0,488.0,,,,,,,100010000,000011000,62.4,0.0,44.4,22.2,22.2,0.0,1.0,9.0,1.0,84.6,84.6,62.4
489,^VIX,Index,-146.5,2.0,1.8,11.8,2.7,-11.7,-11.8,-14.7,-32.5,-64.7,-97.1,-146.5,484.4,-158.7,2.4,0.0,-4740.3,0.5,557.0,557.0,574.0,574.0,0.0,0.0,489.0,489.0,50,1210.3999999999996,STRONG_DOWN,LOWER,MOMENTUM_UP,S4_BOTTOMING,,,,,557.0,557.0,574.0,574.0,0.0,0.0,,0.0,0.0,0.0,0.0,489.0,489.0,,,,,,,110000000,101000000,62.4,0.0,44.4,22.2,22.2,0.0,1.0,9.0,1.0,84.6,84.6,62.4
490,SPCX,Aerospace and Defense,15.9,36.4,-37.5,-13.9,,,,,,,,15.9,42.6,0.0,1.4,67.4,67.3,15.5,528.0,528.0,213.0,213.0,0.0,0.0,490.0,490.0,-21,0.0,NO_TREND,MID_RANGE,NEUTRAL,S0_NEUTRAL,,,,,528.0,528.0,213.0,213.0,0.0,0.0,,0.0,0.0,0.0,0.0,490.0,490.0,1024182889388.26,1024.183,,etf,etf,data_raw,0-------1,---------,52.0,30.0,0.0,0.0,0.0,0.0,0.0,0.0,0.0,82.0,82.0,82.0
491,448540.KS,NVDA + Bond,6.1,4.0,4.0,1.6,0.1,-2.9,-3.0,-4.7,-2.4,,,6.1,22.5,-49.3,2.3,0.0,-330.6,53.2,437.0,437.0,228.0,228.0,0.0,0.0,491.0,491.0,59,696.9999999999999,EARLY_UP,LOWER,MOMENTUM_UP,S4_BOTTOMING,,,,,437.0,437.0,228.0,228.0,0.0,0.0,,0.0,0.0,0.0,0.0,491.0,491.0,,,,,,,110000--1,-------00,51.9,30.0,0.0,0.0,0.0,0.0,0.0,2.0,0.333,81.9,81.9,81.9
492,AVY,Packaging & Containers,-104.2,6.1,1.8,2.0,2.6,-4.8,-12.2,-15.4,-46.8,-68.0,-82.7,-104.2,74.5,-115.3,2.2,0.0,-580.1,42.8,469.0,469.0,504.0,504.0,0.0,0.0,492.0,492.0,18,-119.10000000000002,EARLY_DOWN,LOWER,MOMENTUM_DOWN,S5_TRASH,,,,,469.0,469.0,504.0,504.0,0.0,0.0,,0.0,0.0,0.0,0.0,492.0,492.0,,,,,,,110000000,01011-000,76.7,0.0,66.7,0.0,0.0,0.0,0.0,9.0,1.0,76.7,76.7,76.7
493,AWK,Utilities,-109.1,9.0,2.7,3.3,6.6,-0.1,-2.7,-8.9,-30.9,-57.7,-82.0,-109.1,64.8,-125.7,2.3,0.0,-667.9,37.9,482.0,482.0,517.0,517.0,0.0,0.0,493.0,493.0,-22,-65.89999999999998,EARLY_DOWN,LOWER,MOMENTUM_DOWN,S5_TRASH,,,,,482.0,482.0,517.0,517.0,0.0,0.0,,0.0,0.0,0.0,0.0,493.0,493.0,,,,,,,110000000,-11100000,76.7,0.0,66.7,0.0,0.0,0.0,0.0,9.0,1.0,76.7,76.7,76.7
494,VOO,Unknown,0.0,24.7,0.0,,0.5,0.4,0.7,0.4,1.4,-0.3,-0.1,0.0,7.0,-2.3,1.6,-5.5,-4.6,126.4,253.0,253.0,245.0,245.0,0.0,0.0,494.0,494.0,-22,0.0,,,,,,,,,253.0,253.0,245.0,245.0,0.0,0.0,,0.0,0.0,0.0,0.0,494.0,494.0,1701513003008.0,1701.513,,etf,etf,data_raw,-11111000,-0--0000-,75.5,0.0,0.0,0.0,0.0,0.0,0.0,8.0,1.0,75.5,75.5,75.5
495,CARR,Industrials,-10.3,15.9,0.8,0.5,1.5,2.2,5.2,0.9,-21.2,-23.1,,-10.3,46.3,-102.3,2.1,0.0,-181.0,67.9,391.0,391.0,262.0,262.0,0.0,0.0,495.0,495.0,46,0.0,EARLY_DOWN,LOWER,MOMENTUM_DOWN,S5_TRASH,,,,,391.0,391.0,262.0,262.0,0.0,0.0,,0.0,0.0,0.0,0.0,495.0,495.0,,,,,,,1111100-0,-----0000,74.5,0.0,0.0,0.0,0.0,0.0,0.0,4.0,0.667,74.5,74.5,74.5
496,CL,Household & Personal Products,-88.6,15.8,3.9,2.5,4.1,1.8,-0.2,0.3,-19.3,-30.0,-47.5,-88.6,8.1,-106.1,2.2,0.0,-292.6,58.4,423.0,423.0,459.0,459.0,0.0,0.0,496.0,496.0,-22,-48.50000000000003,EARLY_DOWN,LOWER,MOMENTUM_DOWN,S5_TRASH,,,,,423.0,423.0,459.0,459.0,0.0,0.0,,0.0,0.0,0.0,0.0,496.0,496.0,,,,,,,111010000,00-010000,73.9,0.0,22.2,0.0,0.0,0.0,0.0,9.0,1.0,73.9,73.9,73.9
497,NWSA,Entertainment,-66.9,16.8,6.5,5.3,9.3,6.3,4.5,-3.8,-23.1,-30.6,-35.6,-66.9,56.8,-91.2,2.2,0.0,-126.6,80.1,359.0,359.0,397.0,397.0,0.0,0.0,497.0,497.0,57,100.4,STRONG_UP,LOWER,MOMENTUM_UP,S0_NEUTRAL,,,,,359.0,359.0,397.0,397.0,0.0,0.0,,0.0,0.0,0.0,0.0,497.0,497.0,,,,,,,111100000,000-10000,73.9,0.0,22.2,0.0,0.0,0.0,0.0,9.0,1.0,73.9,73.9,73.9
498,ONDO-USD,Decentralized Finance,-54.2,5.6,3.2,17.0,15.0,24.8,22.7,-16.7,,,,-54.2,250.6,-121.4,2.6,0.0,366.0,-26.3,600.0,600.0,361.0,361.0,0.0,0.0,498.0,498.0,79,-454.29999999999995,EARLY_UP,LOWER,MOMENTUM_UP,S4_BOTTOMING,,,,,600.0,600.0,361.0,361.0,0.0,0.0,,0.0,0.0,0.0,0.0,498.0,498.0,,,,,,,11110---0,--------0,73.7,0.0,0.0,0.0,0.0,0.0,0.0,1.0,0.167,73.7,73.7,73.7
499,SOLV,Healthcare,-9.1,20.3,12.9,7.1,6.2,10.8,4.9,-0.3,,,,-9.1,9.1,-56.0,2.2,0.0,-59.4,16.3,526.0,526.0,260.0,260.0,0.0,0.0,499.0,499.0,106,77.1,STRONG_UP,MID_RANGE,MOMENTUM_UP,S1_LEADER,,,,,526.0,526.0,260.0,260.0,0.0,0.0,,0.0,0.0,0.0,0.0,499.0,499.0,,,,,,,11110---0,--------0,73.7,0.0,0.0,0.0,0.0,0.0,0.0,1.0,0.167,73.7,73.7,73.7
500,SWK,Industrials,-144.5,10.5,2.6,4.0,9.1,11.5,9.4,12.9,-18.6,-47.3,-84.2,-144.5,21.3,-163.3,2.4,0.0,-1021.9,2.4,550.0,550.0,568.0,568.0,0.0,0.0,500.0,500.0,29,65.39999999999998,EARLY_DOWN,LOWER,MOMENTUM_DOWN,S5_TRASH,,,,,550.0,550.0,568.0,568.0,0.0,0.0,,0.0,0.0,0.0,0.0,500.0,500.0,,,,,,,111110000,000000000,73.6,0.0,0.0,0.0,0.0,0.0,0.0,9.0,1.0,73.6,73.6,73.6
501,AEE,Utilities,-63.1,14.6,1.3,0.7,4.4,-2.1,-1.9,-2.3,-3.8,-21.5,-39.7,-63.1,38.4,-79.9,1.7,0.0,-286.6,83.9,350.0,350.0,387.0,387.0,0.0,0.0,501.0,501.0,14,-53.80000000000001,EARLY_DOWN,LOWER,MOMENTUM_DOWN,S5_TRASH,,,,,350.0,350.0,387.0,387.0,0.0,0.0,,0.0,0.0,0.0,0.0,501.0,501.0,,,,,,,110000000,111000000,73.5,0.0,66.7,0.0,0.0,0.0,0.0,9.0,1.0,73.5,73.5,73.5
502,AOS,Industrials,-125.0,8.3,1.0,0.7,3.1,-4.8,-13.6,-19.1,-48.3,-64.4,-78.7,-125.0,20.8,-137.6,2.4,0.0,-683.8,22.0,513.0,513.0,543.0,543.0,0.0,0.0,502.0,502.0,14,-139.19999999999993,EARLY_DOWN,LOWER,MOMENTUM_DOWN,S5_TRASH,,,,,513.0,513.0,543.0,543.0,0.0,0.0,,0.0,0.0,0.0,0.0,502.0,502.0,,,,,,,110000000,000111000,73.5,0.0,66.7,0.0,0.0,0.0,0.0,9.0,1.0,73.5,73.5,73.5
503,ARE,Real Estate,-191.7,2.9,1.7,5.3,-1.0,4.1,-3.5,-20.6,-69.9,-103.8,-135.9,-191.7,27.8,-197.6,2.3,0.0,-4098.5,-44.7,613.0,613.0,617.0,617.0,0.0,0.0,503.0,503.0,14,-183.30000000000018,EARLY_DOWN,LOWER,MOMENTUM_DOWN,S5_TRASH,,,,,613.0,613.0,617.0,617.0,0.0,0.0,,0.0,0.0,0.0,0.0,503.0,503.0,,,,,,,101000000,111000000,73.5,0.0,66.7,0.0,0.0,0.0,0.0,9.0,1.0,73.5,73.5,73.5
504,AVB,Real Estate,-116.6,9.1,2.7,2.4,5.0,4.1,2.4,-2.9,-28.6,-49.2,-69.1,-116.6,8.8,-128.7,2.5,0.0,-720.1,30.4,496.0,496.0,529.0,529.0,0.0,0.0,504.0,504.0,-24,-72.20000000000005,STRONG_UP,LOWER,MOMENTUM_DOWN,S0_NEUTRAL,,,,,496.0,496.0,529.0,529.0,0.0,0.0,,0.0,0.0,0.0,0.0,504.0,504.0,,,,,,,111100000,010000000,73.5,0.0,22.2,0.0,0.0,0.0,0.0,9.0,1.0,73.5,73.5,73.5
505,BDX,Healthcare,-166.0,6.1,2.7,5.8,7.5,1.4,-7.0,-16.8,-57.3,-84.0,-113.0,-166.0,19.7,-177.6,2.1,0.0,-1594.8,-19.0,587.0,587.0,593.0,593.0,0.0,0.0,505.0,505.0,55,105.5,EARLY_DOWN,LOWER,MOMENTUM_UP,S4_BOTTOMING,,,,,587.0,587.0,593.0,593.0,0.0,0.0,,0.0,0.0,0.0,0.0,505.0,505.0,,,,,,,111000000,110000000,73.5,0.0,44.4,0.0,0.0,0.0,0.0,9.0,1.0,73.5,73.5,73.5
506,CCL,Travel Services,-126.5,6.3,1.0,0.6,-3.9,-6.2,-12.4,-16.0,-2.5,6.5,-33.5,-126.5,18.9,-135.6,1.6,0.0,-1488.1,20.5,517.0,517.0,545.0,545.0,0.0,0.0,506.0,506.0,14,-48.299999999999955,STRONG_DOWN,LOWER,MOMENTUM_DOWN,S5_TRASH,,,,,517.0,517.0,545.0,545.0,0.0,0.0,,0.0,0.0,0.0,0.0,506.0,506.0,,,,,,,100000100,000001110,73.5,0.0,66.7,0.0,0.0,0.0,0.0,9.0,1.0,73.5,73.5,73.5
507,CHD,Household & Personal Products,-88.2,10.5,3.9,3.4,3.2,-0.6,-1.7,-2.7,-31.0,-46.4,-65.3,-88.2,46.1,-103.4,2.6,0.0,-381.1,58.8,421.0,421.0,457.0,457.0,0.0,0.0,507.0,507.0,14,-26.80000000000001,EARLY_DOWN,LOWER,MOMENTUM_UP,S4_BOTTOMING,,,,,421.0,421.0,457.0,457.0,0.0,0.0,,0.0,0.0,0.0,0.0,507.0,507.0,,,,,,,110000000,111000000,73.5,0.0,66.7,0.0,0.0,0.0,0.0,9.0,1.0,73.5,73.5,73.5
508,CLX,Household & Personal Products,-166.6,5.2,1.3,2.8,6.8,0.7,-8.7,-18.4,-57.0,-82.3,-113.5,-166.6,47.4,-177.8,2.7,0.0,-1813.2,-19.6,588.0,588.0,594.0,594.0,0.0,0.0,508.0,508.0,54,-17.600000000000136,EARLY_DOWN,LOWER,MOMENTUM_UP,S4_BOTTOMING,,,,,588.0,588.0,594.0,594.0,0.0,0.0,,0.0,0.0,0.0,0.0,508.0,508.0,,,,,,,111000000,101000000,73.5,0.0,44.4,0.0,0.0,0.0,0.0,9.0,1.0,73.5,73.5,73.5
509,CNP,Utilities,-59.0,23.2,0.5,0.1,2.2,-3.3,-2.5,-1.6,-0.1,-10.4,-16.2,-59.0,21.8,-82.7,1.6,0.0,-165.8,88.0,341.0,341.0,377.0,377.0,0.0,0.0,509.0,509.0,-103,-43.10000000000001,EARLY_DOWN,MID_RANGE,MOMENTUM_DOWN,S5_TRASH,,,,,341.0,341.0,377.0,377.0,0.0,0.0,,0.0,0.0,0.0,0.0,509.0,509.0,,,,,,,110000000,100011000,73.5,0.0,66.7,0.0,0.0,0.0,0.0,9.0,1.0,73.5,73.5,73.5
510,CRM,Software,-132.5,5.6,2.9,6.3,-5.7,-10.9,-19.4,-32.0,-65.2,-80.4,-104.3,-132.5,111.0,-146.5,2.9,0.0,-327.6,14.5,530.0,530.0,555.0,555.0,0.0,0.0,510.0,510.0,-27,1.2999999999999545,EARLY_UP,LOWER,MOMENTUM_UP,S4_BOTTOMING,,,,,530.0,530.0,555.0,555.0,0.0,0.0,,0.0,0.0,0.0,0.0,510.0,510.0,,,,,,,100000000,111000100,73.5,0.0,88.9,0.0,0.0,0.0,0.0,9.0,1.0,73.5,73.5,73.5
511,DIS,Entertainment,-152.1,2.7,2.7,4.8,0.7,-4.3,-10.7,-18.9,-36.3,-64.5,-98.1,-152.1,38.2,-156.7,2.5,0.0,-3852.6,-5.1,568.0,568.0,580.0,580.0,0.0,0.0,511.0,511.0,53,3692.7000000000003,STRONG_DOWN,LOWER,MOMENTUM_UP,S4_BOTTOMING,,,,,568.0,568.0,580.0,580.0,0.0,0.0,,0.0,0.0,0.0,0.0,511.0,511.0,,,,,,,110000000,111000000,73.5,0.0,66.7,0.0,0.0,0.0,0.0,9.0,1.0,73.5,73.5,73.5
512,ECL,Specialty Chemicals,-75.0,14.7,1.8,1.0,4.7,-0.2,-5.2,-8.5,-17.5,-21.7,-45.9,-75.0,35.5,-93.5,1.9,0.0,-232.1,72.0,380.0,380.0,419.0,419.0,0.0,0.0,512.0,512.0,-28,-66.0,EARLY_DOWN,LOWER,MOMENTUM_DOWN,S5_TRASH,,,,,380.0,380.0,419.0,419.0,0.0,0.0,,0.0,0.0,0.0,0.0,512.0,512.0,,,,,,,110000000,111000000,73.5,0.0,66.7,0.0,0.0,0.0,0.0,9.0,1.0,73.5,73.5,73.5
513,EQIX,Data Center REITs,-47.0,26.8,-4.9,-3.5,-2.0,-6.9,0.8,7.6,-11.7,-23.4,-40.1,-47.0,57.8,-85.6,2.4,0.0,-88.7,100.0,311.0,311.0,343.0,343.0,0.0,0.0,513.0,513.0,-66,-12.5,STRONG_DOWN,MID_RANGE,NEUTRAL,S5_TRASH,,,,,311.0,311.0,343.0,343.0,0.0,0.0,,0.0,0.0,0.0,0.0,513.0,513.0,,,,,,,000110000,011100000,73.5,0.0,66.7,0.0,0.0,0.0,0.0,9.0,1.0,73.5,73.5,73.5
514,EXC,Utilities,-50.2,10.6,1.1,0.5,3.1,-4.1,-5.0,-6.9,-14.1,-27.0,-28.9,-50.2,49.5,-61.5,1.8,0.0,-230.0,96.8,319.0,319.0,350.0,350.0,0.0,0.0,514.0,514.0,8,-71.0,EARLY_DOWN,LOWER,MOMENTUM_DOWN,S5_TRASH,,,,,319.0,319.0,350.0,350.0,0.0,0.0,,0.0,0.0,0.0,0.0,514.0,514.0,,,,,,,110000000,100011000,73.5,0.0,66.7,0.0,0.0,0.0,0.0,9.0,1.0,73.5,73.5,73.5
515,FE,Utilities,-65.3,15.5,5.1,3.0,6.4,-1.2,-2.5,-0.6,-5.1,-17.1,-32.6,-65.3,30.9,-82.4,2.0,0.0,-292.2,81.7,355.0,355.0,393.0,393.0,0.0,0.0,515.0,515.0,8,35.400000000000034,STRONG_UP,LOWER,MOMENTUM_UP,S0_NEUTRAL,,,,,355.0,355.0,393.0,393.0,0.0,0.0,,0.0,0.0,0.0,0.0,515.0,515.0,,,,,,,110000000,110001000,73.5,0.0,66.7,0.0,0.0,0.0,0.0,9.0,1.0,73.5,73.5,73.5
516,ICE,Financial Data & Stock Exchanges,-79.5,17.0,7.1,5.3,5.0,-6.9,-14.3,-21.7,-36.7,-45.8,-61.8,-79.5,26.5,-100.6,2.2,0.0,-36.1,67.5,392.0,392.0,431.0,431.0,0.0,0.0,516.0,516.0,-28,12.5,EARLY_UP,LOWER,MOMENTUM_UP,S4_BOTTOMING,,,,,392.0,392.0,431.0,431.0,0.0,0.0,,0.0,0.0,0.0,0.0,516.0,516.0,,,,,,,110000000,111000000,73.5,0.0,66.7,0.0,0.0,0.0,0.0,9.0,1.0,73.5,73.5,73.5
517,LH,Healthcare,-67.7,18.7,4.4,2.4,4.7,1.5,-0.5,-3.9,-12.4,-29.0,-39.6,-67.7,17.6,-86.7,1.6,0.0,-203.3,79.3,363.0,363.0,400.0,400.0,0.0,0.0,517.0,517.0,-26,-27.80000000000001,EARLY_DOWN,LOWER,MOMENTUM_DOWN,S5_TRASH,,,,,363.0,363.0,400.0,400.0,0.0,0.0,,0.0,0.0,0.0,0.0,517.0,517.0,,,,,,,111000000,000110000,73.5,0.0,44.4,0.0,0.0,0.0,0.0,9.0,1.0,73.5,73.5,73.5
518,MGM,Resorts & Casinos,-90.7,25.4,0.9,0.6,-4.2,5.5,12.8,14.3,-13.0,-36.8,-45.3,-90.7,24.1,-129.1,2.2,0.0,-230.1,56.3,428.0,428.0,465.0,465.0,0.0,0.0,518.0,518.0,9,-3.5999999999999943,EARLY_DOWN,MID_RANGE,MOMENTUM_DOWN,S5_TRASH,,,,,428.0,428.0,465.0,465.0,0.0,0.0,,0.0,0.0,0.0,0.0,518.0,518.0,,,,,,,101110000,000001000,73.5,0.0,22.2,0.0,0.0,0.0,0.0,9.0,1.0,73.5,73.5,73.5
519,PPG,Specialty Chemicals,-133.0,8.7,2.0,2.2,1.5,1.5,-1.0,-1.5,-34.9,-60.3,-84.6,-133.0,10.8,-146.2,2.1,0.0,-998.8,14.0,532.0,532.0,557.0,557.0,0.0,0.0,519.0,519.0,-61,-191.39999999999998,EARLY_DOWN,LOWER,MOMENTUM_DOWN,S5_TRASH,,,,,532.0,532.0,557.0,557.0,0.0,0.0,,0.0,0.0,0.0,0.0,519.0,519.0,,,,,,,111000000,011000000,73.5,0.0,44.4,0.0,0.0,0.0,0.0,9.0,1.0,73.5,73.5,73.5
520,TEL,Electronic Components,-23.3,23.5,3.9,1.6,-1.6,-6.4,-11.6,-14.2,-4.6,-12.0,-13.3,-23.3,51.0,-45.6,1.6,0.0,-45.2,123.7,262.0,262.0,287.0,287.0,0.0,0.0,520.0,520.0,10,15.599999999999994,EARLY_UP,MID_RANGE,MOMENTUM_UP,S2_EARLY_BREAKOUT,,,,,262.0,262.0,287.0,287.0,0.0,0.0,,0.0,0.0,0.0,0.0,520.0,520.0,,,,,,,100000000,100110010,73.5,0.0,88.9,0.0,0.0,0.0,0.0,9.0,1.0,73.5,73.5,73.5
521,TXT,Industrials,-85.0,4.8,0.7,0.2,0.1,-5.2,-7.1,-5.4,-25.6,-39.5,-39.1,-85.0,27.7,-92.2,1.9,0.0,-1122.6,61.9,411.0,411.0,446.0,446.0,0.0,0.0,521.0,521.0,11,-398.19999999999993,EARLY_DOWN,LOWER,MOMENTUM_DOWN,S5_TRASH,,,,,411.0,411.0,446.0,446.0,0.0,0.0,,0.0,0.0,0.0,0.0,521.0,521.0,,,,,,,110000000,100011000,73.5,0.0,66.7,0.0,0.0,0.0,0.0,9.0,1.0,73.5,73.5,73.5
522,WEC,Utilities,-60.5,12.5,0.4,0.1,2.1,-4.6,-4.2,-4.5,-4.8,-20.0,-40.5,-60.5,69.9,-78.6,1.6,0.0,-315.1,86.4,343.0,343.0,381.0,381.0,0.0,0.0,522.0,522.0,13,-92.80000000000001,EARLY_DOWN,LOWER,MOMENTUM_DOWN,S5_TRASH,,,,,343.0,343.0,381.0,381.0,0.0,0.0,,0.0,0.0,0.0,0.0,522.0,522.0,,,,,,,110000000,111000000,73.5,0.0,66.7,0.0,0.0,0.0,0.0,9.0,1.0,73.5,73.5,73.5
523,XLY,Index,-51.8,3.4,1.8,0.6,-0.5,-3.5,-6.5,-9.6,-17.7,-28.4,-41.4,-51.8,31.9,-54.3,1.9,0.0,-619.0,95.2,322.0,322.0,353.0,353.0,0.0,0.0,523.0,523.0,14,-193.2,STRONG_DOWN,LOWER,MOMENTUM_UP,S4_BOTTOMING,,,,,322.0,322.0,353.0,353.0,0.0,0.0,,0.0,0.0,0.0,0.0,523.0,523.0,,,,,,,100000000,111100000,73.5,0.0,88.9,0.0,0.0,0.0,0.0,9.0,1.0,73.5,73.5,73.5
524,XYL,Industrials,-79.8,17.7,4.6,3.9,11.4,4.0,-4.5,-14.7,-32.7,-45.3,-58.9,-79.8,41.6,-105.3,1.9,0.0,-120.1,67.2,395.0,395.0,433.0,433.0,0.0,0.0,524.0,524.0,-19,33.900000000000006,STRONG_UP,LOWER,MOMENTUM_UP,S0_NEUTRAL,,,,,395.0,395.0,433.0,433.0,0.0,0.0,,0.0,0.0,0.0,0.0,524.0,524.0,,,,,,,111000000,100010000,73.5,0.0,44.4,0.0,0.0,0.0,0.0,9.0,1.0,73.5,73.5,73.5
525,BA,Aerospace & Defense,-138.1,1.6,-1.1,-3.0,-3.0,-6.8,-10.0,-11.8,-27.3,-46.6,-78.7,-138.1,110.6,-141.6,1.6,0.0,-6829.5,8.9,539.0,539.0,562.0,562.0,0.0,0.0,525.0,525.0,-149,-4995.8,EARLY_DOWN,LOWER,MOMENTUM_DOWN,S5_TRASH,,,,,539.0,539.0,562.0,562.0,0.0,0.0,,0.0,0.0,0.0,0.0,525.0,525.0,,,,,,,000000000,110001000,51.3,0.0,66.7,22.2,22.2,0.0,1.0,9.0,1.0,73.5,73.5,51.3
526,NOC,Aerospace & Defense,-55.6,4.0,-4.6,-3.4,-1.9,-14.0,-20.7,-21.9,-30.7,-40.5,-45.3,-55.6,77.9,-60.9,1.9,0.0,-171.6,91.4,331.0,331.0,366.0,366.0,0.0,0.0,526.0,526.0,-58,-124.89999999999999,STRONG_DOWN,LOWER,MOMENTUM_DOWN,S5_TRASH,,,,,331.0,331.0,366.0,366.0,0.0,0.0,,0.0,0.0,0.0,0.0,526.0,526.0,,,,,,,000000000,010011000,51.3,0.0,66.7,22.2,22.2,0.0,1.0,9.0,1.0,73.5,73.5,51.3
527,BIIB,Healthcare,-159.5,8.1,2.8,5.4,4.3,3.8,4.4,15.5,-21.3,-57.0,-92.0,-159.5,14.3,-174.2,2.0,0.0,-1591.9,-12.6,580.0,580.0,588.0,588.0,0.0,0.0,527.0,527.0,15,14.399999999999864,EARLY_DOWN,LOWER,MOMENTUM_DOWN,S5_TRASH,,,,,580.0,580.0,588.0,588.0,0.0,0.0,,0.0,0.0,0.0,0.0,527.0,527.0,,,,,,,111110000,0000-0000,72.6,0.0,0.0,0.0,0.0,0.0,0.0,9.0,1.0,72.6,72.6,72.6
528,FTV,Industrials,-101.0,10.4,1.3,0.9,3.9,1.6,2.4,5.9,-21.8,-38.5,-60.8,-101.0,14.0,-127.8,2.2,0.0,-729.3,35.6,485.0,485.0,493.0,493.0,0.0,0.0,528.0,528.0,15,-72.59999999999991,EARLY_DOWN,LOWER,MOMENTUM_DOWN,S5_TRASH,,,,,485.0,485.0,493.0,493.0,0.0,0.0,,0.0,0.0,0.0,0.0,528.0,528.0,,,,,,,111110000,-00000000,72.6,0.0,0.0,0.0,0.0,0.0,0.0,8.0,1.0,72.6,72.6,72.6
529,PDD,Theme (User Picks),-53.6,3.3,0.7,2.4,2.4,-10.5,-17.7,-29.5,-57.2,-60.0,-69.6,-53.6,465.0,-90.7,1.6,0.0,1008.4,48.9,450.0,450.0,359.0,359.0,0.0,0.0,529.0,529.0,45,-527.0000000000001,EARLY_UP,LOWER,MOMENTUM_UP,S4_BOTTOMING,,,,,450.0,450.0,359.0,359.0,0.0,0.0,,0.0,0.0,0.0,0.0,529.0,529.0,,,,,,,110000000,---010100,70.5,0.0,66.7,0.0,0.0,0.0,0.0,6.0,1.0,70.5,70.5,70.5
530,457480.KS,Tesla Value Chain,11.5,15.4,-7.9,-4.4,-15.4,-15.5,-15.0,-6.4,11.8,,,11.5,24.9,-57.4,1.5,0.0,-142.8,50.3,446.0,446.0,220.0,220.0,0.0,0.0,530.0,530.0,-292,-95.4,STRONG_DOWN,LOWER,MOMENTUM_DOWN,S5_TRASH,,,,,446.0,446.0,220.0,220.0,0.0,0.0,,0.0,0.0,0.0,0.0,530.0,530.0,,,,,,,000001--1,--------0,36.6,30.0,0.0,0.0,0.0,0.0,0.0,1.0,0.167,66.6,66.6,66.6
531,HSY,Confectioners,-96.2,2.9,2.6,1.1,-4.1,-11.2,-16.1,-17.1,-35.7,-58.9,-73.4,-96.2,80.2,-100.9,1.9,0.0,-1810.1,50.8,445.0,445.0,481.0,481.0,0.0,0.0,531.0,531.0,18,202.60000000000014,STRONG_DOWN,LOWER,MOMENTUM_DOWN,S5_TRASH,,,,,445.0,445.0,481.0,481.0,0.0,0.0,,0.0,0.0,0.0,0.0,531.0,531.0,,,,,,,100000000,011-10000,65.6,0.0,66.7,0.0,0.0,0.0,0.0,9.0,1.0,65.6,65.6,65.6
532,PEP,Soft Drinks & Non-alcoholic Beverages,-106.7,4.3,2.6,2.0,0.4,-8.4,-11.8,-11.4,-34.2,-54.6,-72.1,-106.7,21.3,-111.9,2.6,0.0,-1487.6,40.3,478.0,478.0,514.0,514.0,0.0,0.0,532.0,532.0,-20,-847.6999999999999,STRONG_DOWN,LOWER,MOMENTUM_DOWN,S5_TRASH,,,,,478.0,478.0,514.0,514.0,0.0,0.0,,0.0,0.0,0.0,0.0,532.0,532.0,,,,,,,110000000,01-010000,64.2,0.0,44.4,0.0,0.0,0.0,0.0,9.0,1.0,64.2,64.2,64.2
533,AKAM,Technology,-99.7,22.5,-4.0,-5.3,-8.6,-4.7,4.6,19.0,-11.2,-35.1,-63.9,-99.7,51.4,-142.9,2.5,0.0,-303.6,47.3,452.0,452.0,486.0,486.0,0.0,0.0,533.0,533.0,-54,43.5,EARLY_UP,MID_RANGE,NEUTRAL,S0_NEUTRAL,,,,,452.0,452.0,486.0,486.0,0.0,0.0,,0.0,0.0,0.0,0.0,533.0,533.0,,,,,,,000110000,101000000,62.4,0.0,44.4,0.0,0.0,0.0,0.0,9.0,1.0,62.4,62.4,62.4
534,ALLE,Industrials,-90.4,10.2,3.2,2.6,3.6,-3.0,-11.2,-19.8,-27.9,-40.1,-60.5,-90.4,37.4,-104.4,1.8,0.0,-372.8,56.6,426.0,426.0,463.0,463.0,0.0,0.0,534.0,534.0,24,-28.5,EARLY_DOWN,LOWER,MOMENTUM_DOWN,S5_TRASH,,,,,426.0,426.0,463.0,463.0,0.0,0.0,,0.0,0.0,0.0,0.0,534.0,534.0,,,,,,,110000000,110000000,62.4,0.0,44.4,0.0,0.0,0.0,0.0,9.0,1.0,62.4,62.4,62.4
535,BABA,Theme (User Picks),-144.6,7.4,2.3,5.1,7.5,-4.4,-16.0,-23.5,-15.0,-39.0,-84.5,-144.6,91.9,-162.9,1.6,0.0,-1330.4,2.4,550.0,550.0,569.0,569.0,0.0,0.0,535.0,535.0,24,7699.5,EARLY_UP,LOWER,NEUTRAL,S0_NEUTRAL,,,,,550.0,550.0,569.0,569.0,0.0,0.0,,0.0,0.0,0.0,0.0,535.0,535.0,,,,,,,110000000,110000000,62.4,0.0,44.4,0.0,0.0,0.0,0.0,9.0,1.0,62.4,62.4,62.4
536,BF-B,Beverages - Wineries & Distilleries,-181.7,2.9,0.3,-0.3,2.0,-3.8,-8.0,-14.0,-62.0,-96.6,-129.1,-181.7,47.8,-188.1,2.6,0.0,-4268.9,-34.7,606.0,606.0,609.0,609.0,0.0,0.0,536.0,536.0,-18,-572.0999999999995,STRONG_DOWN,LOWER,MOMENTUM_DOWN,S5_TRASH,,,,,606.0,606.0,609.0,609.0,0.0,0.0,,0.0,0.0,0.0,0.0,536.0,536.0,,,,,,,010000000,111000000,62.4,0.0,66.7,0.0,0.0,0.0,0.0,9.0,1.0,62.4,62.4,62.4
537,BXP,Real Estate,-146.4,11.6,3.9,6.3,12.0,15.7,10.2,-0.5,-19.5,-46.5,-79.9,-146.4,7.4,-166.1,2.3,0.0,-842.1,0.5,557.0,557.0,572.0,572.0,0.0,0.0,537.0,537.0,24,89.60000000000002,STRONG_UP,LOWER,MOMENTUM_DOWN,S0_NEUTRAL,,,,,557.0,557.0,572.0,572.0,0.0,0.0,,0.0,0.0,0.0,0.0,537.0,537.0,,,,,,,111100000,000000000,62.4,0.0,0.0,0.0,0.0,0.0,0.0,9.0,1.0,62.4,62.4,62.4
538,CCI,Real Estate,-146.1,2.5,0.0,-0.6,-5.1,-10.8,-13.4,-20.9,-42.6,-74.4,-103.7,-146.1,51.9,-150.7,2.3,0.0,-3650.8,0.9,554.0,554.0,571.0,571.0,0.0,0.0,538.0,538.0,-57,701.5,EARLY_UP,LOWER,NEUTRAL,S0_NEUTRAL,,,,,554.0,554.0,571.0,571.0,0.0,0.0,,0.0,0.0,0.0,0.0,538.0,538.0,,,,,,,000000000,111100000,62.4,0.0,88.9,0.0,0.0,0.0,0.0,9.0,1.0,62.4,62.4,62.4
539,CL=F,Index,-113.4,27.8,4.6,10.2,0.3,-15.7,-2.4,2.7,-27.6,-55.7,-62.7,-113.4,92.6,-192.0,1.4,0.0,-207.2,33.6,489.0,489.0,523.0,523.0,0.0,0.0,539.0,539.0,41,37.70000000000002,EARLY_UP,MID_RANGE,NEUTRAL,S0_NEUTRAL,,,,,489.0,489.0,523.0,523.0,0.0,0.0,,0.0,0.0,0.0,0.0,539.0,539.0,,,,,,,110010000,000010000,62.4,0.0,22.2,0.0,0.0,0.0,0.0,9.0,1.0,62.4,62.4,62.4
540,ED,Electric Utilities,-86.3,12.5,2.5,1.7,5.1,-1.6,-1.9,-1.3,-16.2,-28.5,-44.3,-86.3,25.7,-101.7,2.2,0.0,-425.0,60.7,416.0,416.0,452.0,452.0,0.0,0.0,540.0,540.0,26,-58.80000000000001,EARLY_DOWN,LOWER,MOMENTUM_DOWN,S5_TRASH,,,,,416.0,416.0,452.0,452.0,0.0,0.0,,0.0,0.0,0.0,0.0,540.0,540.0,,,,,,,110000000,000011000,62.4,0.0,44.4,0.0,0.0,0.0,0.0,9.0,1.0,62.4,62.4,62.4
541,FIS,Information Technology Services,-191.4,3.2,0.9,2.1,1.3,-7.6,-19.0,-35.4,-68.1,-96.8,-132.5,-191.4,38.7,-198.5,2.6,0.0,-3506.8,-44.4,612.0,612.0,616.0,616.0,0.0,0.0,541.0,541.0,-17,-516.4000000000001,STRONG_UP,LOWER,MOMENTUM_UP,S0_NEUTRAL,,,,,612.0,612.0,616.0,616.0,0.0,0.0,,0.0,0.0,0.0,0.0,541.0,541.0,,,,,,,110000000,110000000,62.4,0.0,44.4,0.0,0.0,0.0,0.0,9.0,1.0,62.4,62.4,62.4
542,HON,Industrials,-73.7,10.7,1.1,0.5,-0.9,-3.7,-4.5,-2.8,-14.2,-30.2,-47.2,-73.7,18.2,-84.2,2.1,0.0,-437.4,73.3,377.0,377.0,417.0,417.0,0.0,0.0,542.0,542.0,26,-11.299999999999955,EARLY_DOWN,LOWER,MOMENTUM_DOWN,S5_TRASH,,,,,377.0,377.0,417.0,417.0,0.0,0.0,,0.0,0.0,0.0,0.0,542.0,542.0,,,,,,,100000000,011010000,62.4,0.0,66.7,0.0,0.0,0.0,0.0,9.0,1.0,62.4,62.4,62.4
543,JKHY,Diversified Banks,-123.3,11.7,2.1,2.9,9.0,-0.3,-8.8,-13.8,-40.0,-63.2,-87.1,-123.3,58.9,-146.8,2.0,0.0,-501.5,23.7,509.0,509.0,539.0,539.0,0.0,0.0,543.0,543.0,26,138.39999999999998,STRONG_UP,LOWER,MOMENTUM_UP,S0_NEUTRAL,,,,,509.0,509.0,539.0,539.0,0.0,0.0,,0.0,0.0,0.0,0.0,543.0,543.0,,,,,,,110000000,110000000,62.4,0.0,44.4,0.0,0.0,0.0,0.0,9.0,1.0,62.4,62.4,62.4
544,PFE,Pharmaceuticals,-125.2,4.7,3.9,4.5,1.9,-5.6,-6.2,-3.0,-16.3,-51.8,-75.4,-125.2,23.6,-131.9,2.0,0.0,-2154.2,21.8,514.0,514.0,544.0,544.0,0.0,0.0,544.0,544.0,41,2846.7,EARLY_UP,LOWER,MOMENTUM_UP,S4_BOTTOMING,,,,,514.0,514.0,544.0,544.0,0.0,0.0,,0.0,0.0,0.0,0.0,544.0,544.0,,,,,,,110000000,100010000,62.4,0.0,44.4,0.0,0.0,0.0,0.0,9.0,1.0,62.4,62.4,62.4
545,PNR,Industrials,-103.7,3.0,-7.4,-13.2,-10.4,-20.0,-30.5,-40.5,-55.4,-58.9,-67.1,-103.7,34.9,-107.5,1.6,0.0,215.2,43.3,468.0,468.0,503.0,503.0,0.0,0.0,545.0,545.0,-48,159.2,EARLY_DOWN,LOWER,MOMENTUM_DOWN,S5_TRASH,,,,,468.0,468.0,503.0,503.0,0.0,0.0,,0.0,0.0,0.0,0.0,545.0,545.0,,,,,,,000000000,000101110,62.4,0.0,88.9,0.0,0.0,0.0,0.0,9.0,1.0,62.4,62.4,62.4
546,SBAC,Real Estate,-141.3,2.0,-0.6,-2.1,-3.3,-7.0,-7.8,-13.8,-42.8,-76.2,-106.0,-141.3,94.6,-145.6,2.3,0.0,-4470.8,5.7,545.0,545.0,565.0,565.0,0.0,0.0,546.0,546.0,-18,-31.100000000000364,EARLY_UP,LOWER,NEUTRAL,S0_NEUTRAL,,,,,545.0,545.0,565.0,565.0,0.0,0.0,,0.0,0.0,0.0,0.0,546.0,546.0,,,,,,,000000000,111100000,62.4,0.0,88.9,0.0,0.0,0.0,0.0,9.0,1.0,62.4,62.4,62.4
547,SYY,Food Distribution,-91.4,14.7,-1.3,-1.3,5.2,4.2,-1.3,-3.8,-16.2,-36.2,-54.7,-91.4,22.5,-110.4,2.0,0.0,-384.1,55.6,431.0,431.0,468.0,468.0,0.0,0.0,547.0,547.0,-45,-104.80000000000001,EARLY_DOWN,LOWER,MOMENTUM_DOWN,S5_TRASH,,,,,431.0,431.0,468.0,468.0,0.0,0.0,,0.0,0.0,0.0,0.0,547.0,547.0,,,,,,,011000000,110000000,62.4,0.0,44.4,0.0,0.0,0.0,0.0,9.0,1.0,62.4,62.4,62.4
548,TAP,Beverages - Brewers,-148.0,7.0,4.4,7.2,7.2,-0.1,-8.1,-13.6,-46.7,-62.8,-81.6,-148.0,11.2,-159.5,2.4,0.0,-1222.1,-1.0,562.0,562.0,575.0,575.0,0.0,0.0,548.0,548.0,23,885.3000000000002,EARLY_UP,LOWER,MOMENTUM_UP,S4_BOTTOMING,,,,,562.0,562.0,575.0,575.0,0.0,0.0,,0.0,0.0,0.0,0.0,548.0,548.0,,,,,,,110000000,000011000,62.4,0.0,44.4,0.0,0.0,0.0,0.0,9.0,1.0,62.4,62.4,62.4
549,TRMB,Technology,-129.6,4.7,1.5,2.3,-2.5,-15.6,-23.1,-34.9,-49.5,-74.0,-93.6,-129.6,80.8,-139.4,1.9,0.0,-1001.3,17.4,525.0,525.0,552.0,552.0,0.0,0.0,549.0,549.0,-18,-107.69999999999993,EARLY_UP,LOWER,MOMENTUM_UP,S4_BOTTOMING,,,,,525.0,525.0,552.0,552.0,0.0,0.0,,0.0,0.0,0.0,0.0,549.0,549.0,,,,,,,100000000,101100000,62.4,0.0,66.7,0.0,0.0,0.0,0.0,9.0,1.0,62.4,62.4,62.4
550,VMC,Building Materials,-43.0,25.9,0.1,-0.1,2.0,-2.4,-5.7,-8.4,-20.0,-19.3,-21.6,-43.0,23.2,-65.7,1.5,0.0,-36.3,103.9,300.0,300.0,333.0,333.0,0.0,0.0,550.0,550.0,-47,-10.399999999999999,EARLY_DOWN,MID_RANGE,MOMENTUM_DOWN,S5_TRASH,,,,,300.0,300.0,333.0,333.0,0.0,0.0,,0.0,0.0,0.0,0.0,550.0,550.0,,,,,,,010000000,000111000,62.4,0.0,66.7,0.0,0.0,0.0,0.0,9.0,1.0,62.4,62.4,62.4
551,XEL,Utilities,-64.5,16.9,0.8,0.4,2.7,-4.0,-4.0,-5.1,-2.8,-21.3,-42.1,-64.5,41.3,-85.6,1.4,0.0,-251.0,82.5,354.0,354.0,391.0,391.0,0.0,0.0,551.0,551.0,21,-35.400000000000006,EARLY_DOWN,LOWER,MOMENTUM_DOWN,S5_TRASH,,,,,354.0,354.0,391.0,391.0,0.0,0.0,,0.0,0.0,0.0,0.0,551.0,551.0,,,,,,,110000000,011000000,62.4,0.0,44.4,0.0,0.0,0.0,0.0,9.0,1.0,62.4,62.4,62.4
552,XLP,Index,-82.4,10.0,-3.6,-1.8,3.8,-1.1,-3.2,-4.5,-22.4,-38.9,-55.3,-82.4,21.2,-93.5,2.2,0.0,-443.1,62.6,408.0,408.0,439.0,439.0,0.0,0.0,552.0,552.0,-16,0.0,EARLY_DOWN,LOWER,MOMENTUM_UP,S4_BOTTOMING,,,,,408.0,408.0,439.0,439.0,0.0,0.0,,0.0,0.0,0.0,0.0,552.0,552.0,14855075840.0,14.855,,etf,etf,data_raw,010000000,011010000,62.4,0.0,66.7,0.0,0.0,0.0,0.0,9.0,1.0,62.4,62.4,62.4
553,YUM,Restaurants,-67.0,8.1,-10.1,-6.5,-1.2,-6.3,-9.0,-10.0,-24.4,-36.8,-48.6,-67.0,45.1,-76.6,1.9,0.0,-366.0,79.9,360.0,360.0,398.0,398.0,0.0,0.0,553.0,553.0,-210,-269.5,EARLY_DOWN,LOWER,MOMENTUM_DOWN,S5_TRASH,,,,,360.0,360.0,398.0,398.0,0.0,0.0,,0.0,0.0,0.0,0.0,553.0,553.0,,,,,,,000000000,110011000,62.4,0.0,88.9,0.0,0.0,0.0,0.0,9.0,1.0,62.4,62.4,62.4
554,ZBH,Healthcare,-161.2,8.0,1.9,3.2,12.4,5.5,0.3,-8.4,-45.8,-73.3,-104.3,-161.2,13.8,-175.8,2.4,0.0,-1302.9,-14.2,581.0,581.0,590.0,590.0,0.0,0.0,554.0,554.0,19,353.5999999999999,STRONG_UP,LOWER,MOMENTUM_UP,S0_NEUTRAL,,,,,581.0,581.0,590.0,590.0,0.0,0.0,,0.0,0.0,0.0,0.0,554.0,554.0,,,,,,,111100000,000000000,62.4,0.0,0.0,0.0,0.0,0.0,0.0,9.0,1.0,62.4,62.4,62.4
555,005490.KS,Steel,-106.3,2.7,0.2,-0.1,-12.7,-21.5,-20.6,-13.8,-42.1,-53.7,-61.3,-106.3,139.8,-112.6,1.8,0.0,-2424.9,40.7,476.0,476.0,512.0,512.0,0.0,0.0,555.0,555.0,-17,535.0,STRONG_DOWN,LOWER,MOMENTUM_UP,S4_BOTTOMING,,,,,476.0,476.0,512.0,512.0,0.0,0.0,,0.0,0.0,0.0,0.0,555.0,555.0,,,,,,,000000000,000011000,40.2,0.0,44.4,22.2,22.2,0.0,1.0,9.0,1.0,62.4,62.4,40.2
556,ABNB,Travel Services,-54.4,11.0,0.5,-0.0,3.9,2.9,2.3,1.7,-26.1,-46.5,,-54.4,33.1,-102.6,2.0,0.0,-478.6,10.0,537.0,537.0,362.0,362.0,0.0,0.0,556.0,556.0,-16,-63.5,STRONG_UP,LOWER,MOMENTUM_DOWN,S0_NEUTRAL,,,,,537.0,537.0,362.0,362.0,0.0,0.0,,0.0,0.0,0.0,0.0,556.0,556.0,,,,,,,0111100-0,-----0000,62.0,0.0,0.0,0.0,0.0,0.0,0.0,4.0,0.667,62.0,62.0,62.0
557,VLTO,Industrials,-31.8,16.1,2.7,2.2,8.7,3.3,-4.0,-13.2,,,,-31.8,0.0,-108.7,2.8,0.0,-207.3,0.8,555.0,555.0,309.0,309.0,0.0,0.0,557.0,557.0,-12,-2.200000000000017,STRONG_UP,LOWER,MOMENTUM_DOWN,S0_NEUTRAL,,,,,555.0,555.0,309.0,309.0,0.0,0.0,,0.0,0.0,0.0,0.0,557.0,557.0,,,,,,,11100---0,--------0,57.0,0.0,0.0,0.0,0.0,0.0,0.0,1.0,0.167,57.0,57.0,57.0
558,SLDP,Unknown,-51.5,13.6,-2.4,-5.3,-18.3,-20.9,-31.8,-26.5,9.7,-49.6,,-51.5,174.4,-111.1,1.9,0.0,-302.4848222630871,7.7,540.0,540.0,351.0,351.0,0.0,0.0,558.0,558.0,-12,0.0,STRONG_DOWN,LOWER,MOMENTUM_DOWN,S5_TRASH,,,,,540.0,540.0,351.0,351.0,0.0,0.0,,0.0,0.0,0.0,0.0,558.0,558.0,629954326.87,0.63,559.0,other,equity,data_raw,0000010-0,------010,56.8,0.0,66.7,0.0,0.0,0.0,0.0,3.0,0.5,56.8,56.8,56.8
559,DOW,Chemicals,-86.8,11.3,1.3,1.5,-3.4,-19.1,-8.4,5.3,-37.4,-63.7,-82.6,-86.8,31.9,-138.5,2.8,0.0,-630.1,5.6,546.0,546.0,454.0,454.0,0.0,0.0,559.0,559.0,-12,39.799999999999955,EARLY_UP,LOWER,NEUTRAL,S0_NEUTRAL,,,,,546.0,546.0,454.0,454.0,0.0,0.0,,0.0,0.0,0.0,0.0,559.0,559.0,,,,,,,100010000,----10000,56.2,0.0,40.0,0.0,0.0,0.0,0.0,5.0,0.833,56.2,56.2,56.2
560,APTV,Auto Parts,-172.7,2.7,-0.1,-1.6,-7.5,-10.1,-18.8,-27.7,-54.6,-89.3,-118.8,-172.7,58.7,-178.6,1.6,0.0,-4428.6,-25.8,598.0,598.0,603.0,603.0,0.0,0.0,560.0,560.0,-12,-335.00000000000045,STRONG_DOWN,LOWER,MOMENTUM_UP,S4_BOTTOMING,,,,,598.0,598.0,603.0,603.0,0.0,0.0,,0.0,0.0,0.0,0.0,560.0,560.0,,,,,,,000000000,-11100000,54.5,0.0,66.7,0.0,0.0,0.0,0.0,9.0,1.0,54.5,54.5,54.5
561,VICI,Real Estate,-77.2,5.0,5.0,4.9,0.7,-5.8,-9.7,-18.3,-39.4,-57.3,-68.8,-77.2,40.0,-98.1,2.3,0.0,-654.8,32.6,492.0,492.0,426.0,426.0,0.0,0.0,561.0,561.0,34,536.1000000000001,STRONG_DOWN,LOWER,MOMENTUM_UP,S4_BOTTOMING,,,,,492.0,492.0,426.0,426.0,0.0,0.0,,0.0,0.0,0.0,0.0,561.0,561.0,,,,,,,110000000,--001-000,53.9,0.0,28.6,0.0,0.0,0.0,0.0,7.0,1.0,53.9,53.9,53.9
562,XLC,Index,-24.2,12.2,4.3,1.4,0.2,-5.1,-8.9,-11.3,-9.9,-8.2,-19.9,-24.2,14.6,-52.5,1.5,0.0,-111.3,79.7,361.0,361.0,290.0,290.0,0.0,0.0,562.0,562.0,13,29.10000000000001,EARLY_UP,LOWER,NEUTRAL,S0_NEUTRAL,,,,,361.0,361.0,290.0,290.0,0.0,0.0,,0.0,0.0,0.0,0.0,562.0,562.0,,,,,,,110000000,---000010,53.9,0.0,33.3,0.0,0.0,0.0,0.0,6.0,1.0,53.9,53.9,53.9
563,LW,Packaged Foods,-121.8,11.6,3.8,6.5,-3.5,-5.0,-13.2,-18.6,-58.9,-73.9,-98.2,-121.8,59.8,-155.8,1.8,0.0,-1182.1036116935582,-23.8,597.0,597.0,538.0,538.0,0.0,0.0,563.0,563.0,-12,0.0,STRONG_DOWN,LOWER,MOMENTUM_UP,S4_BOTTOMING,,,,,597.0,597.0,538.0,538.0,0.0,0.0,,0.0,0.0,0.0,0.0,563.0,563.0,5777402962.49,5.777,545.0,other,equity,data_raw,100000000,-10001000,53.1,0.0,50.0,0.0,0.0,0.0,0.0,8.0,1.0,53.1,53.1,53.1
564,PEG,Utilities,-79.0,8.9,-0.8,-0.7,1.6,-4.6,-8.3,-13.2,-25.4,-34.9,-48.9,-79.0,16.1,-87.7,2.1,0.0,-302.9,68.0,390.0,390.0,429.0,429.0,0.0,0.0,564.0,564.0,-12,-133.99999999999997,EARLY_DOWN,LOWER,MOMENTUM_DOWN,S5_TRASH,,,,,390.0,390.0,429.0,429.0,0.0,0.0,,0.0,0.0,0.0,0.0,564.0,564.0,,,,,,,010000000,-10000100,53.1,0.0,44.4,0.0,0.0,0.0,0.0,9.0,1.0,53.1,53.1,53.1
565,CPB,Packaged Foods,-182.7,4.8,1.5,3.2,2.2,-1.0,-12.1,-25.6,-67.7,-94.9,-124.0,-182.7,16.9,-192.2,2.4,0.0,-2182.2,-35.8,607.0,607.0,610.0,610.0,0.0,0.0,565.0,565.0,-12,-352.6999999999998,EARLY_DOWN,LOWER,MOMENTUM_DOWN,S5_TRASH,,,,,607.0,607.0,610.0,610.0,0.0,0.0,,0.0,0.0,0.0,0.0,565.0,565.0,,,,,,,110000000,00-010000,51.7,0.0,22.2,0.0,0.0,0.0,0.0,9.0,1.0,51.7,51.7,51.7
566,TCEHY,Theme (User Picks),-90.6,9.4,2.8,3.7,9.9,-0.0,-10.2,-21.0,-15.4,-29.7,-59.9,-90.6,107.3,-110.7,1.5,0.0,-438.5,56.4,427.0,427.0,464.0,464.0,0.0,0.0,566.0,566.0,-10,158.70000000000005,STRONG_UP,LOWER,MOMENTUM_UP,S0_NEUTRAL,,,,,427.0,427.0,464.0,464.0,0.0,0.0,,0.0,0.0,0.0,0.0,566.0,566.0,,,,,,,110000000,1-0000000,51.7,0.0,22.2,0.0,0.0,0.0,0.0,9.0,1.0,51.7,51.7,51.7
567,VZ,Integrated Telecommunication Services,-88.4,12.8,8.2,4.7,3.1,-4.9,-3.7,-1.3,-5.2,-16.8,-44.3,-88.4,16.2,-103.2,2.2,0.0,-480.8,58.6,422.0,422.0,458.0,458.0,0.0,0.0,567.0,567.0,29,1319.8,STRONG_DOWN,LOWER,MOMENTUM_UP,S4_BOTTOMING,,,,,422.0,422.0,458.0,458.0,0.0,0.0,,0.0,0.0,0.0,0.0,567.0,567.0,,,,,,,110000000,-10000000,51.7,0.0,22.2,0.0,0.0,0.0,0.0,9.0,1.0,51.7,51.7,51.7
568,160580.KS,Copper,-47.4,28.9,0.1,-0.1,-2.0,-2.7,-3.5,5.2,2.5,-11.1,-16.1,-47.4,32.3,-78.9,1.7,0.0,-116.8,99.6,312.0,312.0,344.0,344.0,0.0,0.0,568.0,568.0,-11,-18.5,STRONG_DOWN,MID_RANGE,MOMENTUM_DOWN,S5_TRASH,,,,,312.0,312.0,344.0,344.0,0.0,0.0,,0.0,0.0,0.0,0.0,568.0,568.0,,,,,,,000011000,000010000,51.3,0.0,22.2,0.0,0.0,0.0,0.0,9.0,1.0,51.3,51.3,51.3
569,AIG,Insurance - Diversified,-75.5,14.0,-1.2,-0.9,4.2,-2.0,-6.2,-11.2,-26.7,-31.2,-26.2,-75.5,9.9,-88.8,2.0,0.0,-181.9,71.5,382.0,382.0,421.0,421.0,0.0,0.0,569.0,569.0,-91,-80.0,STRONG_UP,LOWER,MOMENTUM_DOWN,S0_NEUTRAL,,,,,382.0,382.0,421.0,421.0,0.0,0.0,,0.0,0.0,0.0,0.0,569.0,569.0,,,,,,,010000000,000011000,51.3,0.0,44.4,0.0,0.0,0.0,0.0,9.0,1.0,51.3,51.3,51.3
570,CAG,Packaged Foods,-184.1,5.5,2.0,5.2,6.0,-2.7,-14.3,-24.2,-68.9,-97.4,-125.4,-184.1,8.8,-194.9,2.4,0.0,-1918.7,-37.1,608.0,608.0,611.0,611.0,0.0,0.0,570.0,570.0,8,99.09999999999991,STRONG_UP,LOWER,MOMENTUM_UP,S0_NEUTRAL,,,,,608.0,608.0,611.0,611.0,0.0,0.0,,0.0,0.0,0.0,0.0,570.0,570.0,,,,,,,110000000,000010000,51.3,0.0,22.2,0.0,0.0,0.0,0.0,9.0,1.0,51.3,51.3,51.3
571,CMS,Utilities,-71.0,10.0,-0.9,-0.8,1.9,-4.3,-4.5,-6.0,-10.1,-23.0,-42.7,-71.0,38.9,-82.7,2.0,0.0,-431.1,76.0,373.0,373.0,410.0,410.0,0.0,0.0,571.0,571.0,-8,-184.90000000000003,EARLY_DOWN,LOWER,MOMENTUM_DOWN,S5_TRASH,,,,,373.0,373.0,410.0,410.0,0.0,0.0,,0.0,0.0,0.0,0.0,571.0,571.0,,,,,,,010000000,011000000,51.3,0.0,44.4,0.0,0.0,0.0,0.0,9.0,1.0,51.3,51.3,51.3
572,DUK,Electric Utilities,-55.7,15.5,2.9,1.0,2.9,-4.6,-4.5,-5.0,-2.7,-13.1,-25.3,-55.7,12.9,-67.8,1.9,0.0,-217.9,91.3,332.0,332.0,367.0,367.0,0.0,0.0,572.0,572.0,-7,-67.4,EARLY_DOWN,LOWER,MOMENTUM_DOWN,S5_TRASH,,,,,332.0,332.0,367.0,367.0,0.0,0.0,,0.0,0.0,0.0,0.0,572.0,572.0,,,,,,,110000000,000010000,51.3,0.0,22.2,0.0,0.0,0.0,0.0,9.0,1.0,51.3,51.3,51.3
573,EA,Electronic Gaming & Multimedia,-64.1,29.3,1.8,1.2,2.2,-2.3,-4.2,-2.2,1.5,-10.2,-28.7,-64.1,40.5,-106.9,1.3,0.0,-142.2,82.8,353.0,353.0,390.0,390.0,0.0,0.0,573.0,573.0,8,5.300000000000011,STRONG_UP,MID_RANGE,MOMENTUM_UP,S1_LEADER,,,,,353.0,353.0,390.0,390.0,0.0,0.0,,0.0,0.0,0.0,0.0,573.0,573.0,,,,,,,110001000,000000000,51.3,0.0,0.0,0.0,0.0,0.0,0.0,9.0,1.0,51.3,51.3,51.3
574,EMR,Industrial Automation,-29.7,15.0,2.7,0.7,-0.9,-3.6,-6.8,-8.2,-7.0,-10.2,-11.1,-29.7,21.8,-38.3,1.8,0.0,-79.1,117.3,277.0,277.0,302.0,302.0,0.0,0.0,574.0,574.0,8,9.0,STRONG_DOWN,LOWER,MOMENTUM_DOWN,S5_TRASH,,,,,277.0,277.0,302.0,302.0,0.0,0.0,,0.0,0.0,0.0,0.0,574.0,574.0,,,,,,,100000000,000010100,51.3,0.0,44.4,0.0,0.0,0.0,0.0,9.0,1.0,51.3,51.3,51.3
575,FDX,Industrials,-62.5,23.4,2.6,1.7,-2.1,-13.4,-12.7,1.6,-13.8,-17.8,-23.4,-62.5,34.1,-91.7,2.7,0.0,-156.6,84.4,347.0,347.0,386.0,386.0,0.0,0.0,575.0,575.0,8,13.099999999999994,EARLY_UP,MID_RANGE,MOMENTUM_UP,S2_EARLY_BREAKOUT,,,,,347.0,347.0,386.0,386.0,0.0,0.0,,0.0,0.0,0.0,0.0,575.0,575.0,,,,,,,100010000,000010000,51.3,0.0,22.2,0.0,0.0,0.0,0.0,9.0,1.0,51.3,51.3,51.3
576,IFF,Specialty Chemicals,-159.5,5.0,0.8,0.6,0.2,-0.4,-1.3,0.3,-31.3,-64.8,-97.6,-159.5,12.2,-168.0,2.4,0.0,-2314.9,-12.5,578.0,578.0,588.0,588.0,0.0,0.0,576.0,576.0,-51,-995.7,EARLY_DOWN,LOWER,MOMENTUM_DOWN,S5_TRASH,,,,,578.0,578.0,588.0,588.0,0.0,0.0,,0.0,0.0,0.0,0.0,576.0,576.0,,,,,,,110010000,000000000,51.3,0.0,0.0,0.0,0.0,0.0,0.0,9.0,1.0,51.3,51.3,51.3
577,KMB,Household & Personal Products,-130.9,11.0,-1.3,-2.5,4.7,3.5,0.1,-10.4,-37.0,-56.4,-82.2,-130.9,20.6,-149.0,2.7,0.0,-628.9,16.0,527.0,527.0,553.0,553.0,0.0,0.0,577.0,577.0,-7,-204.89999999999998,EARLY_DOWN,LOWER,MOMENTUM_DOWN,S5_TRASH,,,,,527.0,527.0,553.0,553.0,0.0,0.0,,0.0,0.0,0.0,0.0,577.0,577.0,,,,,,,011100000,000000000,51.3,0.0,0.0,0.0,0.0,0.0,0.0,9.0,1.0,51.3,51.3,51.3
578,KR,Grocery Stores,-51.5,7.6,-4.0,-2.7,-0.1,-12.3,-14.3,-19.8,-26.0,-32.6,-27.6,-51.5,65.1,-60.5,1.6,0.0,44.9,95.4,321.0,321.0,351.0,351.0,0.0,0.0,578.0,578.0,-88,6.399999999999999,EARLY_UP,LOWER,NEUTRAL,S0_NEUTRAL,,,,,321.0,321.0,351.0,351.0,0.0,0.0,,0.0,0.0,0.0,0.0,578.0,578.0,,,,,,,000000000,000011100,51.3,0.0,66.7,0.0,0.0,0.0,0.0,9.0,1.0,51.3,51.3,51.3
579,LMT,Aerospace & Defense,-68.0,6.0,-1.7,-1.3,-0.9,-9.0,-13.6,-8.1,-25.4,-37.3,-51.7,-68.0,45.1,-75.0,2.6,0.0,-504.8,79.0,364.0,364.0,401.0,401.0,0.0,0.0,579.0,579.0,-53,-301.8,EARLY_DOWN,LOWER,MOMENTUM_DOWN,S5_TRASH,,,,,364.0,364.0,401.0,401.0,0.0,0.0,,0.0,0.0,0.0,0.0,579.0,579.0,,,,,,,000000000,010011000,51.3,0.0,66.7,0.0,0.0,0.0,0.0,9.0,1.0,51.3,51.3,51.3
580,NCLH,Travel Services,-167.8,8.5,0.7,0.5,1.9,-2.4,-11.6,-19.1,-36.6,-52.7,-88.2,-167.8,12.0,-183.9,1.8,0.0,-1286.5,-20.8,590.0,590.0,596.0,596.0,0.0,0.0,580.0,580.0,19,187.70000000000005,EARLY_DOWN,LOWER,MOMENTUM_DOWN,S5_TRASH,,,,,590.0,590.0,596.0,596.0,0.0,0.0,,0.0,0.0,0.0,0.0,580.0,580.0,,,,,,,110000000,000000100,51.3,0.0,22.2,0.0,0.0,0.0,0.0,9.0,1.0,51.3,51.3,51.3
581,PPL,Utilities,-95.8,9.5,3.2,2.2,3.9,-4.8,-7.1,-9.8,-15.6,-27.9,-47.4,-95.8,10.3,-106.4,2.1,0.0,-602.2,51.1,444.0,444.0,480.0,480.0,0.0,0.0,581.0,581.0,5,-66.10000000000002,EARLY_DOWN,LOWER,MOMENTUM_DOWN,S5_TRASH,,,,,444.0,444.0,480.0,480.0,0.0,0.0,,0.0,0.0,0.0,0.0,581.0,581.0,,,,,,,110000000,010000000,51.3,0.0,22.2,0.0,0.0,0.0,0.0,9.0,1.0,51.3,51.3,51.3
582,T,Telecom Services,-69.1,18.5,8.3,4.6,2.3,-10.9,-14.7,-20.5,-13.7,-11.7,-27.8,-69.1,30.9,-91.2,1.4,0.0,-90.3,77.9,367.0,367.0,405.0,405.0,0.0,0.0,582.0,582.0,6,146.0,EARLY_UP,LOWER,MOMENTUM_UP,S4_BOTTOMING,,,,,367.0,367.0,405.0,405.0,0.0,0.0,,0.0,0.0,0.0,0.0,582.0,582.0,,,,,,,110000000,000000100,51.3,0.0,22.2,0.0,0.0,0.0,0.0,9.0,1.0,51.3,51.3,51.3
583,UHS,Healthcare,-129.3,8.3,-0.2,-0.8,4.3,-7.9,-19.7,-27.7,-47.9,-57.0,-77.7,-129.3,9.9,-141.3,1.9,0.0,-596.5,17.7,524.0,524.0,551.0,551.0,0.0,0.0,583.0,583.0,-50,-245.5,EARLY_DOWN,LOWER,MOMENTUM_DOWN,S5_TRASH,,,,,524.0,524.0,551.0,551.0,0.0,0.0,,0.0,0.0,0.0,0.0,583.0,583.0,,,,,,,010000000,010000100,51.3,0.0,44.4,0.0,0.0,0.0,0.0,9.0,1.0,51.3,51.3,51.3
584,WY,Real Estate,-134.4,6.3,3.7,4.8,5.0,-0.1,-3.2,-6.2,-38.6,-62.8,-81.8,-134.4,12.6,-143.8,2.5,0.0,-1330.4,12.6,533.0,533.0,558.0,558.0,0.0,0.0,584.0,584.0,5,1071.6,EARLY_UP,LOWER,MOMENTUM_UP,S4_BOTTOMING,,,,,533.0,533.0,558.0,558.0,0.0,0.0,,0.0,0.0,0.0,0.0,584.0,584.0,,,,,,,110000000,000010000,51.3,0.0,22.2,0.0,0.0,0.0,0.0,9.0,1.0,51.3,51.3,51.3
585,KVUE,Household & Personal Products,-39.1,15.7,-1.0,-1.8,4.2,2.7,1.2,-2.3,-35.4,,,-39.1,0.0,-115.3,2.3,0.0,-293.3,-0.2,559.0,559.0,328.0,328.0,0.0,0.0,585.0,585.0,-74,-81.20000000000002,EARLY_DOWN,LOWER,MOMENTUM_DOWN,S5_TRASH,,,,,559.0,559.0,328.0,328.0,0.0,0.0,,0.0,0.0,0.0,0.0,585.0,585.0,,,,,,,011100--0,--------0,50.9,0.0,0.0,0.0,0.0,0.0,0.0,1.0,0.167,50.9,50.9,50.9
586,IP,Packaging & Containers,-113.6,18.5,0.7,0.4,5.8,7.6,-0.7,-10.8,-29.7,-45.7,-63.6,-113.6,26.9,-144.8,2.1,0.0,-233.6,33.4,490.0,490.0,524.0,524.0,0.0,0.0,586.0,586.0,4,-13.099999999999994,EARLY_DOWN,LOWER,MOMENTUM_DOWN,S5_TRASH,,,,,490.0,490.0,524.0,524.0,0.0,0.0,,0.0,0.0,0.0,0.0,586.0,586.0,,,,,,,111000000,000000-00,50.3,0.0,0.0,0.0,0.0,0.0,0.0,9.0,1.0,50.3,50.3,50.3
587,AI,Theme (User Picks),-123.9,0.9,0.4,0.1,-14.7,-11.4,-16.3,-39.6,-90.0,-114.9,,-123.9,84.2,-159.4,2.9,0.0,-7003.0,-59.5,616.0,616.0,541.0,541.0,0.0,0.0,587.0,587.0,4,-2131.8999999999996,EARLY_UP,LOWER,NEUTRAL,S0_NEUTRAL,,,,,616.0,616.0,541.0,541.0,0.0,0.0,,0.0,0.0,0.0,0.0,587.0,587.0,,,,,,,1000000-0,-----0100,49.5,0.0,50.0,0.0,0.0,0.0,0.0,4.0,0.667,49.5,49.5,49.5
588,FOX,Broadcasting & Cable TV,-37.5,19.4,9.1,5.3,-4.4,-10.3,-16.0,-18.8,-5.8,-14.7,-32.2,-37.5,4.0,-88.3,1.5,0.0,-138.5,54.9,433.0,433.0,321.0,321.0,0.0,0.0,588.0,588.0,5,64.9,EARLY_UP,LOWER,MOMENTUM_UP,S4_BOTTOMING,,,,,433.0,433.0,321.0,321.0,0.0,0.0,,0.0,0.0,0.0,0.0,588.0,588.0,,,,,,,100000000,----00010,45.1,0.0,40.0,0.0,0.0,0.0,0.0,5.0,0.833,45.1,45.1,45.1
589,FOXA,Entertainment,-29.8,21.7,9.6,5.5,-4.8,-10.4,-15.9,-18.3,-2.5,-10.9,-24.9,-29.8,10.2,-84.0,1.5,0.0,-107.4,62.5,409.0,409.0,303.0,303.0,0.0,0.0,589.0,589.0,5,41.0,EARLY_UP,MID_RANGE,MOMENTUM_UP,S2_EARLY_BREAKOUT,,,,,409.0,409.0,303.0,303.0,0.0,0.0,,0.0,0.0,0.0,0.0,589.0,589.0,,,,,,,100000000,----00010,45.1,0.0,40.0,0.0,0.0,0.0,0.0,5.0,0.833,45.1,45.1,45.1
590,SRE,Utilities,-75.3,12.9,-0.5,-0.6,4.6,-3.9,-4.9,-4.9,-14.9,-28.8,-45.3,-75.3,21.9,-89.1,1.7,0.0,-352.5,71.7,381.0,381.0,420.0,420.0,0.0,0.0,590.0,590.0,-35,-86.89999999999998,EARLY_DOWN,LOWER,MOMENTUM_DOWN,S5_TRASH,,,,,381.0,381.0,420.0,420.0,0.0,0.0,,0.0,0.0,0.0,0.0,590.0,590.0,,,,,,,010000000,01000-000,40.6,0.0,22.2,0.0,0.0,0.0,0.0,9.0,1.0,40.6,40.6,40.6
591,CHTR,Telecom Services,-207.9,1.8,0.8,2.5,-5.4,-22.5,-33.2,-47.8,-89.5,-119.4,-151.5,-207.9,60.3,-212.3,2.8,0.0,-6546.0,-61.0,617.0,617.0,619.0,619.0,0.0,0.0,591.0,591.0,-12,-2272.8,STRONG_DOWN,LOWER,MOMENTUM_DOWN,S5_TRASH,,,,,617.0,617.0,619.0,619.0,0.0,0.0,,0.0,0.0,0.0,0.0,591.0,591.0,,,,,,,100000000,001000000,40.2,0.0,22.2,0.0,0.0,0.0,0.0,9.0,1.0,40.2,40.2,40.2
592,DX-Y.NYB,Index,-144.6,3.7,0.6,0.3,0.6,-3.5,-4.6,-8.6,-37.5,-59.7,-86.0,-144.6,13.7,-150.2,2.9,0.0,-2674.9,2.4,550.0,550.0,569.0,569.0,0.0,0.0,592.0,592.0,6,-565.8000000000002,EARLY_DOWN,LOWER,MOMENTUM_DOWN,S5_TRASH,,,,,550.0,550.0,569.0,569.0,0.0,0.0,,0.0,0.0,0.0,0.0,592.0,592.0,,,,,,,110000000,000000000,40.2,0.0,0.0,0.0,0.0,0.0,0.0,9.0,1.0,40.2,40.2,40.2
593,HII,Aerospace & Defense,-85.9,22.2,-4.7,-4.7,-5.5,-20.9,-29.1,-23.1,-19.4,-26.4,-40.4,-85.9,40.1,-121.3,1.8,0.0,-197.5,61.1,415.0,415.0,450.0,450.0,0.0,0.0,593.0,593.0,-26,-64.30000000000001,STRONG_DOWN,MID_RANGE,MOMENTUM_DOWN,S5_TRASH,,,,,415.0,415.0,450.0,450.0,0.0,0.0,,0.0,0.0,0.0,0.0,593.0,593.0,,,,,,,000000000,000001010,40.2,0.0,44.4,0.0,0.0,0.0,0.0,9.0,1.0,40.2,40.2,40.2
594,LHX,Aerospace & Defense,-49.7,18.1,-2.2,-1.6,-5.2,-14.5,-18.3,-15.5,-10.8,-26.2,-42.3,-49.7,63.3,-74.3,1.7,0.0,-127.7,97.2,318.0,318.0,349.0,349.0,0.0,0.0,594.0,594.0,-10,-40.2,STRONG_DOWN,LOWER,MOMENTUM_DOWN,S5_TRASH,,,,,318.0,318.0,349.0,349.0,0.0,0.0,,0.0,0.0,0.0,0.0,594.0,594.0,,,,,,,000000000,110000000,40.2,0.0,44.4,0.0,0.0,0.0,0.0,9.0,1.0,40.2,40.2,40.2
595,STZ,Beverages - Brewers,-170.0,1.9,1.2,1.8,-0.4,-10.2,-13.9,-18.3,-63.5,-90.0,-115.3,-170.0,18.1,-173.1,2.4,0.0,-5321.7,-23.0,596.0,596.0,602.0,602.0,0.0,0.0,595.0,595.0,5,2427.4000000000005,STRONG_DOWN,LOWER,MOMENTUM_UP,S4_BOTTOMING,,,,,596.0,596.0,602.0,602.0,0.0,0.0,,0.0,0.0,0.0,0.0,595.0,595.0,,,,,,,100000000,000010000,40.2,0.0,22.2,0.0,0.0,0.0,0.0,9.0,1.0,40.2,40.2,40.2
596,SWKS,Technology,-175.0,0.7,0.7,-4.0,-17.9,-15.8,-14.3,-24.2,-62.5,-92.3,-122.5,-175.0,67.4,-176.1,2.0,0.0,-11343.8,-28.0,603.0,603.0,606.0,606.0,0.0,0.0,596.0,596.0,-9,9.600000000000364,STRONG_DOWN,LOWER,MOMENTUM_DOWN,S5_TRASH,,,,,603.0,603.0,606.0,606.0,0.0,0.0,,0.0,0.0,0.0,0.0,596.0,596.0,,,,,,,000000000,001100000,40.2,0.0,44.4,0.0,0.0,0.0,0.0,9.0,1.0,40.2,40.2,40.2
597,TLT,Index,-156.0,1.5,0.5,0.2,-1.1,-5.6,-8.2,-11.6,-34.9,-63.7,-98.3,-156.0,47.5,-158.6,2.9,0.0,-7813.3,-9.0,575.0,575.0,586.0,586.0,0.0,0.0,597.0,597.0,4,-2563.8,STRONG_DOWN,LOWER,MOMENTUM_DOWN,S5_TRASH,,,,,575.0,575.0,586.0,586.0,0.0,0.0,,0.0,0.0,0.0,0.0,597.0,597.0,,,,,,,100000000,001000000,40.2,0.0,22.2,0.0,0.0,0.0,0.0,9.0,1.0,40.2,40.2,40.2
598,TSN,Farm Products,-128.2,3.5,0.8,0.5,-2.1,-10.1,-12.2,-8.9,-21.0,-48.9,-75.3,-128.2,24.5,-133.3,2.1,0.0,-2679.4,18.8,521.0,521.0,548.0,548.0,0.0,0.0,598.0,598.0,4,-1061.7,STRONG_DOWN,LOWER,MOMENTUM_DOWN,S5_TRASH,,,,,521.0,521.0,548.0,548.0,0.0,0.0,,0.0,0.0,0.0,0.0,598.0,598.0,,,,,,,100000000,010000000,40.2,0.0,22.2,0.0,0.0,0.0,0.0,9.0,1.0,40.2,40.2,40.2
599,449170.KS,KOFR Rate,-41.4,4.1,1.3,0.6,0.4,-4.2,-5.9,-9.4,-31.7,,,-41.4,11.6,-93.8,3.1,0.0,-1220.0,5.6,546.0,546.0,331.0,331.0,0.0,0.0,599.0,599.0,9,-263.20000000000005,STRONG_UP,LOWER,MOMENTUM_UP,S0_NEUTRAL,,,,,546.0,546.0,331.0,331.0,0.0,0.0,,0.0,0.0,0.0,0.0,599.0,599.0,,,,,,,110000--0,-------00,37.6,0.0,0.0,0.0,0.0,0.0,0.0,2.0,0.333,37.6,37.6,37.6
600,GEHC,Healthcare,-58.5,6.5,1.8,2.1,3.2,-3.3,-14.3,-20.4,-49.7,,,-58.5,20.1,-124.7,2.4,0.0,-844.1,-12.5,578.0,578.0,374.0,374.0,0.0,0.0,600.0,600.0,9,-11.800000000000068,EARLY_DOWN,LOWER,MOMENTUM_DOWN,S5_TRASH,,,,,578.0,578.0,374.0,374.0,0.0,0.0,,0.0,0.0,0.0,0.0,600.0,600.0,,,,,,,110000--0,-------00,37.6,0.0,0.0,0.0,0.0,0.0,0.0,2.0,0.333,37.6,37.6,37.6
601,OTIS,Industrials,-71.9,7.6,2.7,3.1,7.3,-2.5,-11.4,-20.0,-46.9,-62.5,,-71.9,3.8,-151.8,3.0,0.0,-900.9,6.3,543.0,543.0,414.0,414.0,0.0,0.0,601.0,601.0,-9,108.10000000000002,STRONG_UP,LOWER,MOMENTUM_UP,S0_NEUTRAL,,,,,543.0,543.0,414.0,414.0,0.0,0.0,,0.0,0.0,0.0,0.0,601.0,601.0,,,,,,,1100000-0,-----0000,37.0,0.0,0.0,0.0,0.0,0.0,0.0,4.0,0.667,37.0,37.0,37.0
602,DLR,Real Estate,-62.0,7.9,-5.4,-3.2,-3.7,-10.8,-7.2,-8.1,-12.5,-16.4,-35.3,-62.0,38.9,-70.1,1.7,0.0,-393.8,85.0,346.0,346.0,385.0,385.0,0.0,0.0,602.0,602.0,-26,-100.0,STRONG_DOWN,LOWER,MOMENTUM_DOWN,S5_TRASH,,,,,346.0,346.0,385.0,385.0,0.0,0.0,,0.0,0.0,0.0,0.0,602.0,602.0,,,,,,,000000000,00-000100,29.5,0.0,22.2,0.0,0.0,0.0,0.0,9.0,1.0,29.5,29.5,29.5
603,CMCSA,Telecom Services,-167.9,3.2,1.6,2.8,-0.9,-11.5,-18.3,-24.3,-61.1,-86.0,-115.2,-167.9,16.7,-173.4,2.4,0.0,-3092.2,-20.9,592.0,592.0,599.0,599.0,0.0,0.0,603.0,603.0,8,712.8000000000002,EARLY_UP,LOWER,MOMENTUM_UP,S4_BOTTOMING,,,,,592.0,592.0,599.0,599.0,0.0,0.0,,0.0,0.0,0.0,0.0,603.0,603.0,,,,,,,100000000,000000000,29.1,0.0,0.0,0.0,0.0,0.0,0.0,9.0,1.0,29.1,29.1,29.1
604,CTSH,Technology,-174.1,4.9,2.3,5.2,-6.6,-18.5,-32.1,-42.4,-71.3,-92.3,-117.5,-174.1,16.0,-183.3,2.4,0.0,-1621.6,-27.1,601.0,601.0,605.0,605.0,0.0,0.0,604.0,604.0,-7,-14.099999999999909,EARLY_UP,LOWER,MOMENTUM_UP,S4_BOTTOMING,,,,,601.0,601.0,605.0,605.0,0.0,0.0,,0.0,0.0,0.0,0.0,604.0,604.0,,,,,,,100000000,000000000,29.1,0.0,0.0,0.0,0.0,0.0,0.0,9.0,1.0,29.1,29.1,29.1
605,HAS,Leisure,-112.9,7.1,4.4,4.5,-1.2,-10.4,-13.2,-10.9,-5.2,-28.2,-57.1,-112.9,23.8,-122.8,1.7,0.0,-1245.0,34.1,487.0,487.0,521.0,521.0,0.0,0.0,605.0,605.0,7,4080.3,STRONG_DOWN,LOWER,MOMENTUM_UP,S4_BOTTOMING,,,,,487.0,487.0,521.0,521.0,0.0,0.0,,0.0,0.0,0.0,0.0,605.0,605.0,,,,,,,100000000,000000000,29.1,0.0,0.0,0.0,0.0,0.0,0.0,9.0,1.0,29.1,29.1,29.1
606,IBIT,Index,-42.4,6.0,1.3,1.0,-1.4,-11.4,-17.9,-35.0,,,,-42.4,35.4,-96.8,2.3,0.0,-23.6,-14.5,582.0,582.0,332.0,332.0,0.0,0.0,606.0,606.0,-2,-8.700000000000001,EARLY_UP,LOWER,NEUTRAL,S0_NEUTRAL,,,,,582.0,582.0,332.0,332.0,0.0,0.0,,0.0,0.0,0.0,0.0,606.0,606.0,,,,,,,10000---0,--------0,23.7,0.0,0.0,0.0,0.0,0.0,0.0,1.0,0.167,23.7,23.7,23.7
607,SUI-USD,Cryptocurrency,-94.8,5.9,0.3,-1.1,-23.5,16.9,-0.9,-54.1,,,,-94.8,287.9,-111.3,3.7,0.0,479.8,-68.9,618.0,618.0,478.0,478.0,0.0,0.0,607.0,607.0,-1,0.0,NO_TREND,LOWER,MOMENTUM_DOWN,S5_TRASH,,,,,618.0,618.0,478.0,478.0,0.0,0.0,,0.0,0.0,0.0,0.0,607.0,607.0,,,,,,,00100---0,--------0,23.7,0.0,0.0,0.0,0.0,0.0,0.0,1.0,0.167,23.7,23.7,23.7
608,EXE,Oil & Gas E&P,-37.7,1.6,1.6,1.6,-2.7,-13.2,-19.9,-25.4,-37.7,-44.2,,-37.7,97.5,-67.2,2.6,0.0,-132.8,24.7,508.0,508.0,322.0,322.0,0.0,0.0,608.0,608.0,8,-76.30000000000001,STRONG_DOWN,LOWER,MOMENTUM_DOWN,S5_TRASH,,,,,508.0,508.0,322.0,322.0,0.0,0.0,,0.0,0.0,0.0,0.0,608.0,608.0,,,,,,,1000000-0,------000,23.5,0.0,0.0,0.0,0.0,0.0,0.0,3.0,0.5,23.5,23.5,23.5
609,PATH,Theme (User Picks),-88.6,11.4,2.4,3.5,-1.8,-0.1,-6.8,-13.6,-49.9,-84.1,,-88.6,20.3,-123.3,2.1,0.0,-526.2,-27.9,602.0,602.0,459.0,459.0,0.0,0.0,609.0,609.0,8,47.09999999999991,STRONG_UP,LOWER,NEUTRAL,S0_NEUTRAL,,,,,602.0,602.0,459.0,459.0,0.0,0.0,,0.0,0.0,0.0,0.0,609.0,609.0,,,,,,,1000000-0,------000,23.5,0.0,0.0,0.0,0.0,0.0,0.0,3.0,0.5,23.5,23.5,23.5
610,447620.KS,US Top5 + Bond,-16.9,5.7,3.6,1.8,-0.2,-1.5,-1.1,-2.1,-12.3,,,-16.9,7.4,-73.9,2.6,0.0,-721.6,30.2,497.0,497.0,271.0,271.0,0.0,0.0,610.0,610.0,-3,21.799999999999955,EARLY_UP,LOWER,MOMENTUM_UP,S4_BOTTOMING,,,,,497.0,497.0,271.0,271.0,0.0,0.0,,0.0,0.0,0.0,0.0,610.0,610.0,,,,,,,100000--0,-------00,23.3,0.0,0.0,0.0,0.0,0.0,0.0,2.0,0.333,23.3,23.3,23.3
611,BIDU,Theme (User Picks),-164.5,1.2,-0.9,-3.5,-9.4,-11.8,-17.7,-12.9,-29.0,-61.8,-93.2,-164.5,54.4,-166.5,1.9,0.0,-11409.5,-17.5,584.0,584.0,591.0,591.0,0.0,0.0,611.0,611.0,-1,-1675.5,STRONG_DOWN,LOWER,NEUTRAL,S5_TRASH,,,,,584.0,584.0,591.0,591.0,0.0,0.0,,0.0,0.0,0.0,0.0,611.0,611.0,,,,,,,000000000,000000000,18.0,0.0,0.0,0.0,0.0,0.0,0.0,9.0,1.0,18.0,18.0,18.0
612,LVS,Resorts & Casinos,-149.9,1.8,1.8,-1.6,-7.5,-16.2,-22.0,-27.2,-41.3,-57.2,-88.8,-149.9,29.7,-152.7,2.2,0.0,-5807.0,-3.0,564.0,564.0,577.0,577.0,0.0,0.0,612.0,612.0,1,4835.700000000001,STRONG_DOWN,LOWER,MOMENTUM_DOWN,S5_TRASH,,,,,564.0,564.0,577.0,577.0,0.0,0.0,,0.0,0.0,0.0,0.0,612.0,612.0,,,,,,,000000000,000000000,18.0,0.0,0.0,0.0,0.0,0.0,0.0,9.0,1.0,18.0,18.0,18.0
613,PSKY,Entertainment,-203.3,0.3,0.3,-2.3,-13.3,-16.0,-24.9,-38.4,-60.0,-97.7,-133.1,-203.3,104.5,-204.9,2.3,0.0,-15796.5,-56.3,614.0,614.0,618.0,618.0,0.0,0.0,613.0,613.0,1,-198.5,STRONG_DOWN,LOWER,MOMENTUM_DOWN,S5_TRASH,,,,,614.0,614.0,618.0,618.0,0.0,0.0,,0.0,0.0,0.0,0.0,613.0,613.0,,,,,,,000000000,000000000,18.0,0.0,0.0,0.0,0.0,0.0,0.0,9.0,1.0,18.0,18.0,18.0
614,WYNN,Resorts & Casinos,-141.0,2.0,-0.2,-1.1,-2.7,-9.0,-14.3,-22.9,-33.5,-46.8,-76.7,-141.0,68.0,-144.8,1.6,0.0,-5050.2,5.9,544.0,544.0,564.0,564.0,0.0,0.0,614.0,614.0,-11,1288.5,STRONG_DOWN,LOWER,MOMENTUM_UP,S4_BOTTOMING,,,,,544.0,544.0,564.0,564.0,0.0,0.0,,0.0,0.0,0.0,0.0,614.0,614.0,,,,,,,000000000,000000000,18.0,0.0,0.0,0.0,0.0,0.0,0.0,9.0,1.0,18.0,18.0,18.0
615,EH,Aerospace & Defense,-138.1,0.0,0.0,-4.3,-33.1,-45.0,-54.6,-68.0,-99.4,-115.7,,-138.1,974.5,-171.1,2.5,0.0,-4256.8,-57.4,615.0,615.0,562.0,562.0,0.0,0.0,615.0,615.0,0,-89.40000000000055,STRONG_DOWN,LOWER,MOMENTUM_DOWN,S5_TRASH,,,,,615.0,615.0,562.0,562.0,0.0,0.0,,0.0,0.0,0.0,0.0,615.0,615.0,,,,,,,0000000-0,----00000,13.0,0.0,0.0,0.0,0.0,0.0,0.0,5.0,0.833,13.0,13.0,13.0
616,SMR,Theme (User Picks),-71.8,0.0,0.0,-15.0,-32.5,-36.6,-45.3,-66.9,-48.5,,,-71.8,482.8,-99.5,2.2,0.0,13354.4,-16.5,583.0,583.0,412.0,412.0,0.0,0.0,616.0,616.0,2,160.29999999999927,STRONG_DOWN,LOWER,MOMENTUM_DOWN,S5_TRASH,,,,,583.0,583.0,412.0,412.0,0.0,0.0,,0.0,0.0,0.0,0.0,616.0,616.0,,,,,,,000000--0,-------00,9.0,0.0,0.0,0.0,0.0,0.0,0.0,2.0,0.333,9.0,9.0,9.0
617,0072R0.KS,Gold,-11.9,1.3,1.3,-3.6,-6.9,-15.4,-20.6,-13.1,,,,-11.9,34.7,-36.9,1.9,0.0,0.0,-0.2,559.0,559.0,264.0,264.0,0.0,0.0,617.0,617.0,2,0.0,STRONG_DOWN,LOWER,MOMENTUM_DOWN,S5_TRASH,,,,,559.0,559.0,264.0,264.0,0.0,0.0,,0.0,0.0,0.0,0.0,617.0,617.0,,,,,,,00000---0,--------0,7.0,0.0,0.0,0.0,0.0,0.0,0.0,1.0,0.167,7.0,7.0,7.0
618,0083S0.KS,Medical AI,-10.9,19.8,-8.5,-5.2,-1.9,-0.2,-5.2,-10.9,,,,-10.9,15.4,-40.7,2.3,0.0,0.0,-0.4,561.0,561.0,263.0,263.0,0.0,0.0,618.0,618.0,-74,0.0,EARLY_DOWN,LOWER,MOMENTUM_DOWN,S5_TRASH,,,,,561.0,561.0,263.0,263.0,0.0,0.0,,0.0,0.0,0.0,0.0,618.0,618.0,,,,,,,00000---0,--------0,7.0,0.0,0.0,0.0,0.0,0.0,0.0,1.0,0.167,7.0,7.0,7.0
619,456680.KS,China EV Leverage,-16.2,13.3,-4.3,-4.6,-24.8,-34.2,-31.9,-24.8,-11.2,,,-16.2,33.0,-88.2,1.4,0.0,-227.4,22.7,512.0,512.0,267.0,267.0,0.0,0.0,619.0,619.0,-370,-163.0,STRONG_DOWN,LOWER,MOMENTUM_DOWN,S5_TRASH,,,,,512.0,512.0,267.0,267.0,0.0,0.0,,0.0,0.0,0.0,0.0,619.0,619.0,,,,,,,000000--0,---------,7.0,0.0,0.0,0.0,0.0,0.0,0.0,1.0,0.167,7.0,7.0,7.0
620,KEI,Unknown,-17.2,10.0,-1.2,-0.3,-0.6,-4.8,-7.3,-15.1,,,,-17.2,11.8,-20.3,2.3,0.0,0.0,-4.1,566.0,566.0,272.0,272.0,0.0,0.0,620.0,620.0,0,0.0,STRONG_DOWN,LOWER,MOMENTUM_UP,S4_BOTTOMING,,,,,566.0,566.0,272.0,272.0,0.0,0.0,,0.0,0.0,0.0,0.0,620.0,620.0,,,,unknown,equity,,00000---0,--------0,7.0,0.0,0.0,0.0,0.0,0.0,0.0,1.0,0.167,7.0,7.0,7.0
