Rank,Ticker,Sector,Divergence,Relative_Divergence,Delta_Previous_Relative_Divergence,1m,3m,6m,1y,2y,3y,5y,7y,max,Max_Divergence,Min_Divergence,Volatility_Adjustment,Expected_Return,Dynamic_Expected_Return,Total_Return,Total_Return_Rank,Divergence_Rank,Penalty,Average_Rank,Delta_Previous_Rank,Delta_Previous_Dynamic_Expected_Return,Trend_State,Position_State,Momentum_State,Composite_State,DER_cap_monthly,DER_capped,F_trend,DER_capped_trend,Total_Return_Rank,Divergence_Rank,Penalty,Recent_Momentum_Rank,Recent_Weakness_Penalty,Coverage_Penalty,State_Adjustment,Durability_Adjustment,Average_Rank,Market_Cap,Market_Cap_B,Market_Cap_Rank,Market_Cap_Bucket,Market_Cap_Asset_Type,Market_Cap_Source
1,NVDA,Semiconductors,3788.0,92.8,-2.6,9.5,10.6,9.0,15.8,33.7,117.2,449.3,1169.1,3788.0,4013.4,-12.1,1.1,3169.2,222.45593357151765,3934.7,1.0,1.0,4.44,28.29,2,-336.14406642848235,STRONG_UP,OVEREXTENDED,MOMENTUM_DOWN,S3_LATE_EXHAUSTION,,,,,1.0,1.0,4.44,86.0,0.0,0.0,12.0,-22.0,28.29,,,,,,
2,TRX-USD,Cryptocurrency,906.2,13.8,0.4,5.1,13.0,15.0,9.0,46.3,104.5,189.4,548.3,906.2,6637.4,-26.9,1.2,5487.6,1414.9028575607756,1018.4,22.0,22.0,8.21,39.91,3,-47.32906702874129,STRONG_UP,LOWER,MOMENTUM_UP,S0_NEUTRAL,,,,,22.0,22.0,8.21,88.0,0.0,0.0,0.0,0.0,39.91,,,,,,
3,AMD,Semiconductors,1916.1,97.7,6.1,61.0,80.2,83.3,143.5,173.1,178.2,227.5,358.9,1916.1,1961.5,-27.9,1.5,724.1,720.8835396153225,2062.8,5.0,6.0,15.89,45.99,31,696.3857359765525,STRONG_UP,OVEREXTENDED,MOMENTUM_DOWN,S3_LATE_EXHAUSTION,,,,,5.0,6.0,15.89,5.0,0.0,0.0,12.0,0.0,45.99,,,,,,
4,LLY,Pharmaceuticals,512.0,84.8,4.1,0.4,-3.6,-3.3,5.5,-0.3,9.0,89.2,231.1,512.0,607.2,-21.4,1.2,526.7,542.65345196207,658.7,38.0,40.0,4.86,58.96,11,-32.450771099653366,STRONG_UP,OVEREXTENDED,MOMENTUM_UP,S1_LEADER,,,,,38.0,40.0,4.86,172.0,0.0,0.0,-6.0,0.0,58.96,,,,,,
5,FTNT,Cybersecurity Software,453.8,96.5,7.1,46.5,50.1,49.1,33.9,33.8,32.9,35.0,120.0,453.8,471.6,-20.2,1.4,311.1,303.8439843114156,600.5,44.0,44.0,11.44,59.79,19,-21.05924047601775,STRONG_UP,OVEREXTENDED,NEUTRAL,S0_NEUTRAL,,,,,44.0,44.0,11.44,25.0,0.0,0.0,0.0,0.0,59.79,,,,,,
6,PANW,Cybersecurity Software,295.4,97.2,6.0,40.3,44.4,33.9,23.4,18.5,21.1,59.7,149.3,295.4,305.2,-34.6,1.2,207.4,188.00880873282256,442.1,58.0,58.0,0.0,61.5,26,-30.08686131857553,STRONG_UP,OVEREXTENDED,NEUTRAL,S0_NEUTRAL,,,,,58.0,58.0,0.0,32.0,0.0,0.0,0.0,0.0,61.5,,,,,,
7,KLAC,Semiconductor Equipment,991.8,92.6,2.2,5.7,11.4,25.9,58.4,90.3,122.7,217.9,426.7,991.8,1070.1,-14.1,1.2,598.6,415.8456514058318,1138.5,18.0,18.0,4.44,62.59,5,230.4027119933614,EARLY_DOWN,OVEREXTENDED,MOMENTUM_DOWN,S5_TRASH,,,,,18.0,18.0,4.44,47.0,0.0,0.0,25.0,0.0,62.59,,,,,,
8,DELL,Computer Hardware & Services,558.6,95.7,5.4,26.5,57.2,64.6,78.4,83.3,129.5,234.9,369.0,558.6,579.5,-23.7,1.5,229.6,235.65778946058109,693.2,35.0,36.0,5.0,62.65,60,235.5303479593757,STRONG_UP,OVEREXTENDED,MOMENTUM_DOWN,S3_LATE_EXHAUSTION,,,,,35.0,36.0,5.0,18.0,0.0,0.0,12.0,0.0,62.65,,,,,,
9,QUBT,Quantum Computing,1061.1,12.9,1.1,39.6,30.6,11.2,-9.0,442.2,609.8,459.7,345.8,1061.1,9187.6,-139.9,1.6,9488.1,5000.0,1207.8,16.0,16.0,20.53,63.53,-5,0.0,EARLY_DOWN,LOWER,MOMENTUM_DOWN,S5_TRASH,,,,,16.0,16.0,20.53,68.0,0.0,0.0,25.0,0.0,63.53,,,,,,
10,LRCX,Semiconductor Equipment,1065.4,100.0,5.6,18.7,20.2,45.4,118.0,178.6,208.2,290.1,454.6,1065.4,1053.8,-7.6,1.3,431.0,55.1,1212.1,15.0,15.0,11.44,67.34,20,0.7000000000000028,STRONG_UP,OVEREXTENDED,MOMENTUM_DOWN,S3_LATE_EXHAUSTION,,,,,15.0,15.0,11.44,21.0,0.0,0.0,12.0,0.0,67.34,,,,,,
11,MU,Semiconductors,1587.8,94.2,5.2,65.6,71.0,125.8,335.5,477.2,600.4,757.3,926.8,1587.8,1687.4,-25.2,1.6,374.6,226.63782219625392,1734.5,8.0,8.0,27.33,68.48,44,219.77739676573609,STRONG_UP,OVEREXTENDED,MOMENTUM_DOWN,S3_LATE_EXHAUSTION,,,,,8.0,8.0,27.33,3.0,0.0,0.0,12.0,0.0,68.48,,,,,,
12,ASTS,Satellite Communications,938.5,73.0,10.2,16.9,6.6,19.1,77.0,376.8,988.1,1023.6,,938.5,1284.2,-128.2,1.3,737.6,529.3512859457063,1020.5,21.0,20.0,30.5,69.55,8,-83.35138183397703,EARLY_UP,UPPER_RANGE,MOMENTUM_UP,S2_EARLY_BREAKOUT,,,,,21.0,20.0,30.5,44.0,0.0,11.0,-4.0,0.0,69.55,,,,,,
13,JBL,Electronic Manufacturing Services,646.2,93.9,5.7,9.3,22.0,35.4,49.3,97.0,111.7,221.7,394.9,646.2,640.2,-28.8,1.1,336.8,272.7727326926324,792.9,30.0,30.0,0.0,69.55,22,241.89490503222055,EARLY_DOWN,OVEREXTENDED,MOMENTUM_DOWN,S5_TRASH,,,,,30.0,30.0,0.0,43.0,0.0,0.0,25.0,0.0,69.55,,,,,,
14,AAPL,Consumer Electronics,254.9,98.0,2.5,5.9,7.3,4.9,11.5,8.4,5.4,11.3,57.9,254.9,260.7,-12.6,1.2,201.0,210.32668275866925,401.6,65.0,66.0,0.0,70.05,13,-6.5098730181759095,STRONG_UP,OVEREXTENDED,MOMENTUM_DOWN,S3_LATE_EXHAUSTION,,,,,65.0,66.0,0.0,110.0,0.0,0.0,12.0,-18.0,70.05,,,,,,
15,IONQ,Quantum Computing,387.5,57.9,8.7,61.4,52.0,33.0,30.4,186.7,240.4,394.0,,387.5,660.4,-66.8,1.4,450.2,258.53301581198355,451.2,57.0,53.0,10.0,73.15,8,-9.840211289672311,STRONG_UP,UPPER_RANGE,MOMENTUM_DOWN,S0_NEUTRAL,,,,,57.0,53.0,10.0,28.0,0.0,11.0,0.0,0.0,73.15,,,,,,
16,SMCI,Computer Hardware,666.9,19.0,1.7,27.8,14.6,1.4,-20.0,-36.2,-41.1,174.3,440.5,666.9,3831.2,-73.1,1.4,4693.0,4546.034265346909,813.6,29.0,29.0,27.33,73.78,3,3638.1103546702984,STRONG_UP,LOWER,MOMENTUM_DOWN,S0_NEUTRAL,,,,,29.0,29.0,27.33,126.0,10.0,0.0,0.0,0.0,73.78,,,,,,
17,VRT,Electrical Equipment & Parts,1497.3,84.8,-13.8,3.4,22.9,44.6,90.6,147.1,359.8,957.9,1339.5,1497.3,1741.3,-60.9,1.3,850.3,64.11965256480147,1598.7,9.0,9.0,11.67,76.07,0,-46.780347435198536,EARLY_DOWN,OVEREXTENDED,MOMENTUM_DOWN,S5_TRASH,,,,,9.0,9.0,11.67,29.0,0.0,0.0,25.0,0.0,76.07,,,,,,
18,MPWR,Semiconductors,631.7,91.7,0.7,10.8,20.4,35.8,60.6,76.1,90.4,129.1,252.1,631.7,687.5,-5.3,1.4,338.1,104.07278031061956,778.4,31.0,31.0,0.0,77.45,7,31.645597772436517,EARLY_DOWN,OVEREXTENDED,MOMENTUM_DOWN,S5_TRASH,,,,,31.0,31.0,0.0,40.0,0.0,0.0,25.0,0.0,77.45,,,,,,
19,TRGP,Oil & Gas Midstream,530.5,96.9,-3.1,0.1,8.4,27.0,36.8,43.0,86.0,188.1,477.5,530.5,551.7,-93.5,1.2,351.7,50.99865845591121,677.2,36.0,38.0,17.78,80.28,29,-14.501341544088788,STRONG_UP,OVEREXTENDED,NEUTRAL,S0_NEUTRAL,,,,,36.0,38.0,17.78,66.0,0.0,0.0,0.0,0.0,80.28,,,,,,
20,AVGO,Semiconductors,1250.9,93.4,-2.9,7.1,13.4,9.4,22.1,69.0,139.9,340.4,625.1,1250.9,1338.0,-16.4,1.2,980.0,6.467053796385189,1397.6,13.0,14.0,0.0,82.3,-12,-137.6329462036148,EARLY_DOWN,OVEREXTENDED,MOMENTUM_DOWN,S5_TRASH,,,,,13.0,14.0,0.0,77.0,0.0,0.0,25.0,0.0,82.3,,,,,,
21,RKLB,Aerospace & Defense,1437.4,92.9,-1.0,67.0,64.2,88.4,160.6,760.8,1310.1,1485.8,,1437.4,1518.3,-77.2,1.3,576.4,14.322619138852192,1503.0,11.0,10.0,27.0,82.75,24,-31.877380861147813,STRONG_UP,OVEREXTENDED,NEUTRAL,S0_NEUTRAL,,,,,11.0,10.0,27.0,6.0,0.0,11.0,0.0,0.0,82.75,,,,,,
22,FIX,Engineering & Construction,2803.1,89.2,-8.3,5.2,21.0,47.7,117.4,241.6,422.2,961.0,1773.5,2803.1,3095.3,-40.0,1.1,1404.8,0.34404492647945023,2949.8,2.0,2.0,8.89,82.99,-12,-150.45595507352056,EARLY_DOWN,OVEREXTENDED,MOMENTUM_DOWN,S5_TRASH,,,,,2.0,2.0,8.89,22.0,0.0,0.0,25.0,0.0,82.99,,,,,,
23,PL,Aerospace & Defense,820.9,98.8,2.1,18.5,41.9,104.8,358.4,893.4,1045.4,830.5,,820.9,814.8,-88.8,1.2,204.2,3.545682063261346,881.8,26.0,25.0,12.5,84.95,47,3.345682063261346,STRONG_UP,OVEREXTENDED,NEUTRAL,S0_NEUTRAL,,,,,26.0,25.0,12.5,11.0,0.0,11.0,0.0,0.0,84.95,,,,,,
24,PWR,Construction & Engineering,1039.4,89.4,-8.1,4.1,17.7,33.1,51.4,85.1,120.3,235.6,565.5,1039.4,1124.7,-22.8,1.1,618.7,10.657067558396877,1186.1,17.0,17.0,8.89,87.99,-10,-173.11075689508743,EARLY_DOWN,OVEREXTENDED,MOMENTUM_DOWN,S5_TRASH,,,,,17.0,17.0,8.89,45.0,0.0,0.0,25.0,0.0,87.99,,,,,,
25,HWM,Aerospace & Defense,737.0,93.7,-0.4,0.5,2.5,9.6,18.7,72.2,161.1,325.5,554.4,737.0,755.5,-54.6,1.1,546.0,64.63618497983269,866.8,27.0,27.0,5.0,90.05,-3,-11.99260649102365,EARLY_DOWN,OVEREXTENDED,MOMENTUM_DOWN,S5_TRASH,,,,,27.0,27.0,5.0,108.0,0.0,0.0,25.0,0.0,90.05,,,,,,
26,ANET,Networking Equipment,700.4,78.0,4.4,-5.7,-2.7,-2.1,6.2,18.8,51.1,166.0,331.0,700.4,904.1,-19.6,1.3,763.2,729.6160857646082,847.1,28.0,28.0,11.25,90.2,-17,-5.238079418774873,STRONG_DOWN,UPPER_RANGE,MOMENTUM_DOWN,S5_TRASH,,,,,28.0,28.0,11.25,179.0,0.0,0.0,25.0,0.0,90.2,,,,,,
27,STX,Data Storage Devices,1591.9,96.8,2.0,43.3,67.1,122.1,279.0,502.6,674.4,811.7,1052.9,1591.9,1645.6,-36.7,1.3,383.8,35.66843692209568,1738.5,7.0,7.0,24.78,90.23,24,21.72563349465453,EARLY_DOWN,OVEREXTENDED,MOMENTUM_DOWN,S5_TRASH,,,,,7.0,7.0,24.78,4.0,0.0,0.0,25.0,0.0,90.23,,,,,,
28,QBTS,Quantum Computing,885.8,49.4,11.2,48.5,34.9,14.3,37.9,714.7,1200.1,955.7,,885.8,1840.5,-110.7,1.5,1309.0,750.4976855285505,950.4,24.0,23.0,27.0,92.2,5,644.454785228129,EARLY_DOWN,MID_RANGE,MOMENTUM_DOWN,S5_TRASH,,,,,24.0,23.0,27.0,38.0,0.0,11.0,25.0,0.0,92.2,,,,,,
29,TSM,Semiconductors,550.0,95.4,0.8,2.6,5.5,15.3,38.9,71.3,128.1,180.4,271.6,550.0,577.1,-6.0,1.2,342.9,132.22031831370768,696.6,34.0,37.0,11.44,92.69,14,76.3744979285988,EARLY_DOWN,OVEREXTENDED,MOMENTUM_DOWN,S5_TRASH,,,,,34.0,37.0,11.44,71.0,0.0,0.0,25.0,0.0,92.69,,,,,,
30,MRVL,Semiconductors,482.2,100.0,4.1,39.0,84.4,92.7,122.8,118.8,133.4,151.2,221.7,482.2,428.6,-14.2,2.2,98.9,23.4,628.9,42.0,42.0,15.89,94.99,33,-0.10000000000000142,STRONG_UP,OVEREXTENDED,MOMENTUM_DOWN,S3_LATE_EXHAUSTION,,,,,42.0,42.0,15.89,8.0,0.0,0.0,12.0,0.0,94.99,,,,,,
31,CIEN,Communications Equipment,1269.7,99.3,6.2,17.3,55.1,106.4,305.8,559.7,726.3,798.6,873.7,1269.7,1279.0,-63.2,1.3,294.1,60.449387424041795,1416.4,12.0,13.0,27.33,95.53,28,51.449387424041795,EARLY_DOWN,OVEREXTENDED,MOMENTUM_DOWN,S5_TRASH,,,,,12.0,13.0,27.33,10.0,0.0,0.0,25.0,0.0,95.53,,,,,,
32,GS,Investment Banking & Brokerage,198.1,93.8,6.6,2.7,2.9,6.6,17.1,41.9,75.4,99.1,160.1,198.1,212.9,-35.7,1.1,136.0,106.18817246705918,344.8,77.0,80.0,13.33,96.78,24,-3.036356884530065,STRONG_UP,OVEREXTENDED,MOMENTUM_UP,S1_LEADER,,,,,77.0,80.0,13.33,112.0,0.0,0.0,-6.0,0.0,96.78,,,,,,
33,MS,Investment Banking & Brokerage,204.3,100.0,5.7,4.8,6.1,8.2,18.3,37.7,55.8,66.9,129.0,204.3,204.6,-20.8,1.1,131.0,18.8,351.0,75.0,78.0,8.89,98.19,43,-1.2635337577158126,STRONG_UP,OVEREXTENDED,MOMENTUM_UP,S1_LEADER,,,,,75.0,78.0,8.89,95.0,0.0,0.0,-6.0,0.0,98.19,,,,,,
34,TSLA,Automobile Manufacturers,817.1,54.7,-0.8,0.0,-3.6,-8.6,-2.1,14.5,17.2,2.3,277.2,817.1,1535.1,-50.2,1.2,1409.6,390.62032611308973,963.8,23.0,26.0,25.48,98.28,-21,-669.4315692863531,EARLY_DOWN,UPPER_RANGE,MOMENTUM_DOWN,S5_TRASH,,,,,23.0,26.0,25.48,215.0,0.0,0.0,25.0,-12.0,98.28,,,,,,
35,TPL,Homebuilding,442.0,48.3,2.0,-17.2,-15.0,2.4,-1.6,-3.5,17.6,31.0,126.3,442.0,919.6,-5.5,1.4,983.8,919.7132998475528,588.7,46.0,46.0,28.33,106.28,1,677.1560596502036,STRONG_DOWN,MID_RANGE,MOMENTUM_UP,S4_BOTTOMING,,,,,46.0,46.0,28.33,283.0,4.0,0.0,-2.0,0.0,106.28,,,,,,
36,IRM,Data Storage & Management,236.3,76.2,2.1,4.9,12.5,22.3,18.1,8.8,20.5,56.0,145.1,236.3,320.0,-29.9,1.2,215.5,248.11809625334072,383.0,67.0,68.0,13.33,107.13,42,243.07756745020708,EARLY_DOWN,UPPER_RANGE,MOMENTUM_DOWN,S5_TRASH,,,,,67.0,68.0,13.33,73.0,0.0,0.0,25.0,0.0,107.13,,,,,,
37,CAT,Construction Machinery,480.5,90.0,-3.7,-0.3,8.1,22.7,59.5,85.7,112.8,176.5,274.0,480.5,533.7,-5.5,1.2,255.4,0.402354953242763,627.2,43.0,43.0,4.84,108.34,-16,-197.4380682724586,EARLY_DOWN,OVEREXTENDED,MOMENTUM_DOWN,S5_TRASH,,,,,43.0,43.0,4.84,53.0,0.0,0.0,25.0,0.0,108.34,,,,,,
38,ASML,Semi-Conductors,399.3,99.6,8.7,6.1,4.6,19.4,51.5,60.4,57.9,64.6,129.9,399.3,399.8,-5.8,1.7,200.1,195.06486999109023,546.0,50.0,51.0,22.89,109.89,33,181.00533577550004,EARLY_DOWN,OVEREXTENDED,MOMENTUM_DOWN,S5_TRASH,,,,,50.0,51.0,22.89,58.0,0.0,0.0,25.0,0.0,109.89,,,,,,
39,COHR,,622.9,92.1,-1.5,25.4,39.8,79.1,186.2,274.5,426.4,468.0,523.8,622.9,683.2,-81.6,1.6,146.5,1.2143869879129359,769.6,33.0,33.0,29.22,110.37,45,-3.585613012087064,STRONG_UP,OVEREXTENDED,MOMENTUM_DOWN,S3_LATE_EXHAUSTION,,,,,33.0,33.0,29.22,14.0,0.0,0.0,12.0,0.0,110.37,,,,,,
40,SNDK,Data Storage Devices,2006.0,98.6,9.1,68.0,107.6,322.6,1669.8,,,,,2006.0,2010.1,-4.5,1.5,389.6,466.79237597954994,2022.9,6.0,4.0,17.5,111.15,2,439.32786887444,STRONG_UP,OVEREXTENDED,MOMENTUM_DOWN,S3_LATE_EXHAUSTION,,,,,6.0,4.0,17.5,1.0,0.0,60.0,12.0,0.0,111.15,,,,,,
41,WSM,Specialty Retail,284.2,71.0,13.8,-1.0,-7.0,-5.2,-6.2,-3.8,28.8,63.5,145.7,284.2,417.3,-40.6,1.2,423.6,231.65031380483583,430.9,59.0,59.0,21.29,111.54,8,116.6284143512193,STRONG_DOWN,UPPER_RANGE,MOMENTUM_UP,S0_NEUTRAL,,,,,59.0,59.0,21.29,236.0,4.0,0.0,0.0,0.0,111.54,,,,,,
42,CDNS,Electronic Design Automation Software,266.2,72.8,4.0,8.3,10.2,7.1,-1.2,-3.6,-12.2,4.5,48.0,266.2,367.1,-3.4,1.2,338.4,333.2912597609854,412.9,61.0,62.0,18.44,111.94,50,333.28752135887834,EARLY_DOWN,UPPER_RANGE,MOMENTUM_DOWN,S5_TRASH,,,,,61.0,62.0,18.44,119.0,0.0,0.0,25.0,0.0,111.94,,,,,,
43,WMB,Oil & Gas Midstream,198.5,94.0,-0.8,-2.9,0.6,11.3,14.3,32.5,61.4,114.9,183.7,198.5,215.4,-57.9,1.1,145.0,23.408933146413943,345.2,76.0,79.0,14.35,112.2,29,-9.55410503656698,STRONG_UP,OVEREXTENDED,NEUTRAL,S0_NEUTRAL,,,,,76.0,79.0,14.35,121.0,0.0,0.0,0.0,0.0,112.2,,,,,,
44,GOOGL,Internet Conglomerates,261.0,93.2,-4.5,7.2,9.5,13.7,46.2,67.7,87.1,109.8,161.5,261.0,281.0,-11.4,1.3,124.0,0.7516455476535495,407.7,62.0,63.0,4.44,113.69,22,-7.761899450384181,EARLY_DOWN,OVEREXTENDED,MOMENTUM_DOWN,S5_TRASH,,,,,62.0,63.0,4.44,61.0,0.0,0.0,25.0,-8.0,113.69,,,,,,
45,AMAT,Semiconductor Equipment & Materials,490.6,94.8,-3.0,7.2,11.6,33.9,77.4,88.6,97.8,132.5,240.1,490.6,518.8,-21.2,1.6,217.6,1.7240215060887665,637.3,41.0,41.0,15.89,113.79,15,-12.44714834675062,EARLY_DOWN,OVEREXTENDED,MOMENTUM_DOWN,S5_TRASH,,,,,41.0,41.0,15.89,39.0,0.0,0.0,25.0,0.0,113.79,,,,,,
46,IBKR,Capital Markets,326.5,92.6,-6.0,5.6,6.4,11.6,19.1,55.8,111.8,193.8,264.4,326.5,313.6,-46.8,1.2,211.0,0.7621344696738507,473.2,55.0,56.0,13.33,115.13,12,-24.33786553032615,STRONG_UP,OVEREXTENDED,MOMENTUM_DOWN,S3_LATE_EXHAUSTION,,,,,55.0,56.0,13.33,91.0,0.0,0.0,12.0,0.0,115.13,,,,,,
47,GOOG,Internet Content & Information,259.6,92.9,-4.9,6.8,8.7,12.5,44.0,64.4,83.1,105.2,156.4,259.6,280.7,-10.8,1.3,128.4,0.5970904875207448,406.3,63.0,64.0,4.44,115.34,17,-8.002317330622782,EARLY_DOWN,OVEREXTENDED,MOMENTUM_DOWN,S5_TRASH,,,,,63.0,64.0,4.44,67.0,0.0,0.0,25.0,-8.0,115.34,,,,,,
48,APP,Software,854.5,55.8,-2.1,7.2,3.4,-12.5,-5.9,110.2,480.5,859.5,,854.5,1542.2,-55.4,1.4,1642.5,0.806130980374565,915.5,25.0,24.0,12.9,115.55,-42,-1373.5412851461406,STRONG_UP,UPPER_RANGE,MOMENTUM_DOWN,S0_NEUTRAL,,,,,25.0,24.0,12.9,198.0,8.0,11.0,0.0,0.0,115.55,,,,,,
49,TER,Semiconductors,417.0,77.5,4.7,-0.4,10.3,41.2,136.2,152.1,162.3,155.3,186.9,417.0,539.1,-50.5,2.3,140.6,101.39904577688677,563.7,47.0,49.0,27.73,115.58,36,92.69159728236349,EARLY_DOWN,UPPER_RANGE,MOMENTUM_DOWN,S5_TRASH,,,,,47.0,49.0,27.73,24.0,0.0,0.0,25.0,0.0,115.58,,,,,,
50,BK,Asset Servicing,114.1,93.9,5.1,1.2,4.8,9.9,19.0,43.6,78.6,105.7,128.5,114.1,125.6,-53.4,1.1,61.7,40.996029477939224,260.8,106.0,109.0,13.33,116.53,40,-1.5341909351083771,STRONG_UP,OVEREXTENDED,MOMENTUM_UP,S1_LEADER,,,,,106.0,109.0,13.33,100.0,0.0,0.0,-6.0,0.0,116.53,,,,,,
51,EME,Construction & Engineering,630.0,86.9,-8.8,-5.3,2.3,12.3,23.5,48.2,106.0,264.9,434.7,630.0,717.4,-42.2,1.2,490.9,0.03348117266292372,776.7,32.0,32.0,13.73,117.58,-25,-106.31614523719405,EARLY_DOWN,OVEREXTENDED,MOMENTUM_DOWN,S5_TRASH,,,,,32.0,32.0,13.73,103.0,0.0,0.0,25.0,0.0,117.58,,,,,,
52,CRWD,Cybersecurity Software,228.0,99.3,6.7,45.3,49.0,36.4,28.6,48.1,87.6,121.7,,228.0,194.7,-38.3,1.3,111.6,97.39418258511876,316.4,87.0,70.0,30.5,121.2,28,-11.21730125359764,STRONG_UP,OVEREXTENDED,NEUTRAL,S0_NEUTRAL,,,,,87.0,70.0,30.5,31.0,0.0,11.0,0.0,0.0,121.2,,,,,,
53,OKE,Oil & Gas Midstream,143.1,57.8,0.0,-4.0,1.7,10.9,7.2,-6.8,-7.2,7.6,69.5,143.1,292.4,-60.3,1.4,221.8,120.5,289.8,97.0,99.0,23.89,122.24,4,-153.39266808954204,STRONG_UP,UPPER_RANGE,NEUTRAL,S0_NEUTRAL,,,,,97.0,99.0,23.89,142.0,0.0,0.0,0.0,0.0,122.24,,,,,,
54,URI,Equipment Rental,272.7,77.4,-4.3,4.8,6.3,5.3,1.1,-0.3,8.6,43.5,136.7,272.7,362.9,-36.0,1.3,319.9,45.70812535651151,419.4,60.0,61.0,11.89,122.34,-23,-132.46907088148637,EARLY_DOWN,UPPER_RANGE,MOMENTUM_DOWN,S5_TRASH,,,,,60.0,61.0,11.89,137.0,0.0,0.0,25.0,0.0,122.34,,,,,,
55,FSLR,Solar Energy,89.8,44.1,6.2,13.0,11.7,0.3,11.8,4.8,-5.3,18.8,55.7,89.8,269.7,-51.3,1.6,129.2,152.64381373864043,236.5,123.0,127.0,23.33,122.73,28,-28.34884236318777,STRONG_UP,MID_RANGE,MOMENTUM_UP,S1_LEADER,,,,,123.0,127.0,23.33,99.0,0.0,0.0,-6.0,0.0,122.73,,,,,,
56,LITE,Communication Equipment,1405.4,90.8,-0.7,5.6,44.8,127.8,485.3,959.6,1226.9,1165.0,1143.7,1405.4,1558.0,-109.6,1.6,325.7,-1.87378688974911,1552.1,10.0,11.0,27.33,123.58,83,43.059575872801155,EARLY_DOWN,OVEREXTENDED,MOMENTUM_DOWN,S5_TRASH,,,,,10.0,11.0,27.33,13.0,0.0,0.0,25.0,0.0,123.58,,,,,,
57,STLD,Steel,324.4,93.1,1.2,5.7,11.4,20.6,38.7,44.4,44.4,83.4,231.0,324.4,352.4,-47.6,1.3,185.7,51.33939965153396,471.1,56.0,57.0,24.78,123.78,16,21.786363986884975,EARLY_DOWN,OVEREXTENDED,MOMENTUM_DOWN,S5_TRASH,,,,,56.0,57.0,24.78,60.0,0.0,0.0,25.0,0.0,123.78,,,,,,
58,TPR,Luxury Goods,225.4,76.7,7.7,-11.3,-9.7,-0.7,16.3,83.5,137.7,178.6,282.0,225.4,323.5,-95.4,1.1,208.2,125.23878844481804,372.1,69.0,71.0,30.02,126.37,39,118.41658345804625,STRONG_DOWN,UPPER_RANGE,MOMENTUM_UP,S0_NEUTRAL,,,,,69.0,71.0,30.02,184.0,4.0,0.0,0.0,0.0,126.37,,,,,,
59,ON,Semiconductors,179.2,58.1,-3.8,33.1,49.6,72.7,89.4,66.2,32.4,21.7,85.8,179.2,342.5,-46.0,1.8,8.8,0.9209943294926447,325.9,85.0,89.0,28.41,128.51,30,-61.739797671528876,STRONG_UP,UPPER_RANGE,MOMENTUM_DOWN,S0_NEUTRAL,,,,,85.0,89.0,28.41,17.0,0.0,0.0,0.0,0.0,128.51,,,,,,
60,HLT,Lodging,91.7,77.3,3.9,-5.2,-3.5,1.6,3.0,5.6,13.4,28.2,46.4,91.7,125.4,-21.3,1.2,101.6,84.86087205152121,238.4,121.0,126.0,11.57,130.12,57,84.31519595212988,EARLY_UP,UPPER_RANGE,MOMENTUM_UP,S2_EARLY_BREAKOUT,,,,,121.0,126.0,11.57,180.0,0.0,0.0,-4.0,0.0,130.12,,,,,,
61,CASY,Retail Specialty Group,258.2,88.4,-5.4,-2.9,8.7,23.4,34.2,57.8,87.4,141.7,180.7,258.2,297.0,-38.6,1.1,150.6,0.024284954586334822,404.9,64.0,65.0,9.49,130.49,4,-11.031679357032186,EARLY_DOWN,OVEREXTENDED,MOMENTUM_DOWN,S5_TRASH,,,,,64.0,65.0,9.49,70.0,0.0,0.0,25.0,0.0,130.49,,,,,,
62,GLW,Electronic Components,524.3,90.1,-0.1,19.8,34.6,68.9,140.2,240.6,336.3,385.2,448.9,524.3,588.8,-58.2,1.2,143.1,2.917234657698754,671.0,37.0,39.0,36.22,131.27,33,0.9172346576987538,EARLY_DOWN,OVEREXTENDED,MOMENTUM_DOWN,S5_TRASH,,,,,37.0,39.0,36.22,16.0,0.0,0.0,25.0,0.0,131.27,,,,,,
63,RL,Apparel Manufacturing,131.5,86.2,20.2,-3.4,-3.2,-1.8,6.5,33.3,68.6,117.4,146.8,131.5,164.2,-70.2,1.1,116.2,81.94934085014211,278.2,102.0,105.0,19.58,132.18,63,81.81457486002715,STRONG_DOWN,OVEREXTENDED,MOMENTUM_UP,S0_NEUTRAL,,,,,102.0,105.0,19.58,174.0,0.0,0.0,0.0,0.0,132.18,,,,,,
64,GWW,Industrial Distribution,160.9,74.0,-4.5,1.7,2.8,9.3,5.8,-1.6,-3.3,27.7,78.0,160.9,230.8,-40.3,1.2,184.6,0.17781969115332336,307.6,90.0,93.0,17.44,132.39,-24,-190.36731395113458,STRONG_UP,UPPER_RANGE,MOMENTUM_DOWN,S0_NEUTRAL,,,,,90.0,93.0,17.44,131.0,0.0,0.0,0.0,0.0,132.39,,,,,,
65,381180.KS,Asset Management,197.8,99.0,1.2,27.5,35.8,47.7,81.7,101.5,132.1,196.2,,197.8,180.0,-10.3,1.6,47.4,12.824925978117365,258.8,107.0,81.0,12.5,132.8,29,6.224925978117366,STRONG_UP,OVEREXTENDED,MOMENTUM_DOWN,S3_LATE_EXHAUSTION,,,,,107.0,81.0,12.5,23.0,0.0,11.0,12.0,0.0,132.8,,,,,,
66,COST,Hypermarkets & Super Centers,133.0,67.5,-0.4,-3.6,-1.8,2.7,-4.2,-8.6,-0.7,15.7,43.7,133.0,205.0,-17.8,1.3,213.0,33.17154896734869,279.7,100.0,103.0,20.0,135.4,-14,-190.52515321047213,STRONG_UP,UPPER_RANGE,NEUTRAL,S0_NEUTRAL,,,,,100.0,103.0,20.0,192.0,0.0,0.0,0.0,0.0,135.4,,,,,,
67,MPC,Oil & Gas Refining & Marketing,196.6,83.5,-3.4,-5.2,10.4,17.6,23.4,24.5,20.0,70.4,173.1,196.6,251.1,-77.8,1.4,135.8,3.0034336638312924,343.3,78.0,82.0,26.46,137.41,8,-88.38255241770051,STRONG_UP,OVEREXTENDED,MOMENTUM_DOWN,S3_LATE_EXHAUSTION,,,,,78.0,82.0,26.46,81.0,0.0,0.0,12.0,0.0,137.41,,,,,,
68,GE,Aerospace & Defense,184.9,76.2,7.5,-4.0,-9.2,-9.0,-5.8,14.7,58.6,177.7,256.5,184.9,260.3,-96.0,1.1,226.4,190.81107529169626,331.6,83.0,86.0,26.43,138.58,38,190.570998544822,STRONG_DOWN,UPPER_RANGE,MOMENTUM_UP,S0_NEUTRAL,,,,,83.0,86.0,26.43,274.0,4.0,0.0,0.0,0.0,138.58,,,,,,
69,GRMN,Scientific & Technical Instruments,119.1,69.5,11.2,-8.3,-4.0,2.2,-2.1,-0.7,18.6,32.7,40.0,119.1,174.5,-6.4,1.2,177.7,157.7419746413439,265.8,105.0,108.0,28.29,138.74,61,157.74015965242313,STRONG_DOWN,UPPER_RANGE,MOMENTUM_UP,S0_NEUTRAL,,,,,105.0,108.0,28.29,204.0,0.0,0.0,0.0,0.0,138.74,,,,,,
70,VLO,Oil & Gas Refining & Marketing,110.5,77.4,-5.5,-9.0,4.8,17.3,36.2,40.4,36.8,62.4,107.0,110.5,167.2,-81.9,1.5,41.5,2.7813630287907127,257.2,108.0,111.0,26.19,142.04,44,-4.589266316126709,STRONG_UP,UPPER_RANGE,NEUTRAL,S0_NEUTRAL,,,,,108.0,111.0,26.19,79.0,0.0,0.0,0.0,0.0,142.04,,,,,,
71,MAR,Lodging,49.4,84.4,10.9,-0.5,2.4,9.4,14.8,15.2,15.5,31.6,45.0,49.4,68.0,-49.0,1.3,22.8,19.78303569461155,196.1,145.0,154.0,15.09,144.09,77,19.442722524249564,STRONG_UP,OVEREXTENDED,MOMENTUM_UP,S1_LEADER,,,,,145.0,154.0,15.09,117.0,0.0,0.0,-6.0,0.0,144.09,,,,,,
72,ADI,Semiconductors,132.5,74.7,-18.1,0.0,4.0,19.9,34.0,39.3,41.6,53.4,73.1,132.5,180.5,-7.8,1.8,64.5,3.019198861924612e-08,279.2,101.0,104.0,4.44,149.99,29,-0.19728816137743008,EARLY_DOWN,UPPER_RANGE,MOMENTUM_DOWN,S5_TRASH,,,,,101.0,104.0,4.44,74.0,0.0,0.0,25.0,0.0,149.99,,,,,,
73,WDC,Data Storage Devices,911.3,93.4,0.8,29.8,53.1,112.7,345.6,585.4,792.0,932.0,972.3,911.3,982.8,-100.9,1.7,162.1,-8.368381949557973,1058.0,19.0,21.0,45.11,151.41,81,-1.6687589900698834,EARLY_DOWN,OVEREXTENDED,MOMENTUM_DOWN,S5_TRASH,,,,,19.0,21.0,45.11,7.0,0.0,0.0,25.0,0.0,151.41,,,,,,
74,CBOE,Financial Data & Stock Exchanges,105.0,91.0,-7.5,8.4,13.1,21.3,25.3,36.9,45.8,77.9,94.1,105.0,121.0,-55.4,1.2,42.1,0.002985543312814562,251.7,112.0,115.0,17.78,152.63,49,-0.02339367423795294,STRONG_UP,OVEREXTENDED,MOMENTUM_DOWN,S3_LATE_EXHAUSTION,,,,,112.0,115.0,17.78,69.0,0.0,0.0,12.0,0.0,152.63,,,,,,
75,MSTR,Enterprise Software,444.2,23.9,-2.5,5.4,8.2,-4.1,-37.2,-41.5,36.8,146.8,317.6,444.2,2076.0,-66.6,1.6,4118.3,61.47823797088081,590.9,45.0,45.0,29.19,153.04,-59,-1367.7425613943608,EARLY_DOWN,MID_RANGE,MOMENTUM_DOWN,S5_TRASH,,,,,45.0,45.0,29.19,266.0,10.0,0.0,25.0,0.0,153.04,,,,,,
76,WELL,Healthcare REITs,96.6,88.0,1.5,-3.8,-0.8,1.8,7.4,26.0,49.8,74.5,91.2,96.6,117.6,-51.9,1.1,76.9,9.860239582985864,243.3,116.0,119.0,15.14,154.34,28,0.4679211071864646,STRONG_UP,OVEREXTENDED,MOMENTUM_DOWN,S3_LATE_EXHAUSTION,,,,,116.0,119.0,15.14,156.0,0.0,0.0,12.0,0.0,154.34,,,,,,
77,QQQ,Asset Management,54.9,82.8,5.1,1.1,0.5,-0.3,1.1,2.7,3.8,8.5,16.5,54.9,67.3,-4.6,1.1,62.0,59.589648352382135,181.8,162.0,148.0,16.86,154.51,26,0.0,EARLY_UP,OVEREXTENDED,MOMENTUM_UP,S0_NEUTRAL,,,,,162.0,148.0,16.86,161.0,0.0,0.0,0.0,0.0,154.51,372507312128.0,372.507,,etf,etf,data_raw
78,SATS,Communication,222.9,88.2,-10.7,-2.8,0.9,20.2,153.2,296.1,419.4,412.1,342.5,222.9,272.6,-145.8,1.7,37.9,-1.8930139260882857,369.5,71.0,73.0,45.51,155.56,108,61.3806652334252,STRONG_UP,OVEREXTENDED,NEUTRAL,S0_NEUTRAL,,,,,71.0,73.0,45.51,26.0,0.0,0.0,0.0,0.0,155.56,,,,,,
79,APO,Asset Management,183.0,44.0,-3.7,1.3,2.4,-3.2,-12.9,-23.1,-18.6,8.7,43.0,183.0,428.2,-9.1,1.3,547.2,0.0016674406616835821,329.7,84.0,88.0,25.44,155.79,-40,-551.5417076232428,STRONG_UP,MID_RANGE,MOMENTUM_DOWN,S0_NEUTRAL,,,,,84.0,88.0,25.44,209.0,10.0,0.0,0.0,0.0,155.79,,,,,,
80,KMI,Oil & Gas Midstream,75.6,76.0,-1.3,-5.8,-3.9,4.9,3.8,10.8,23.4,45.8,73.8,75.6,118.9,-59.1,1.2,81.0,4.463652564001277,222.3,129.0,133.0,20.22,156.57,13,-69.86123693514806,STRONG_UP,UPPER_RANGE,NEUTRAL,S0_NEUTRAL,,,,,129.0,133.0,20.22,170.0,0.0,0.0,0.0,0.0,156.57,,,,,,
81,BNB-USD,Cryptocurrency,2213.5,39.5,0.0,-1.6,-7.0,-20.1,-25.5,-25.1,3.9,0.9,730.1,2213.5,5605.5,-25.2,1.3,7091.3,3690.4,2325.8,3.0,3.0,26.06,157.51,-80,-1309.6,EARLY_DOWN,MID_RANGE,MOMENTUM_DOWN,S5_TRASH,,,,,3.0,3.0,26.06,396.0,40.0,0.0,25.0,0.0,157.51,,,,,,
82,AMZN,Internet Retail,54.2,45.6,2.0,5.6,8.9,7.0,5.9,4.2,9.9,11.6,-0.3,54.2,152.6,-27.7,1.3,84.5,90.43950179985471,200.9,142.0,150.0,20.89,160.99,60,90.43950105128295,EARLY_DOWN,MID_RANGE,MOMENTUM_DOWN,S5_TRASH,,,,,142.0,150.0,20.89,114.0,0.0,0.0,25.0,-8.0,160.99,,,,,,
83,CF,Fertilizers & Agricultural Chemicals,98.6,55.9,-4.0,-11.1,4.4,22.6,23.4,25.6,20.3,16.7,62.4,98.6,221.2,-55.7,1.7,76.1,0.0008688289599666515,245.3,115.0,118.0,33.48,161.28,19,-67.91084029181589,EARLY_UP,UPPER_RANGE,NEUTRAL,S0_NEUTRAL,,,,,115.0,118.0,33.48,93.0,0.0,0.0,0.0,0.0,161.28,,,,,,
84,PH,Diversified Machinery,188.9,68.4,0.0,-11.6,-14.7,-10.1,-3.0,5.6,20.0,63.9,116.3,188.9,289.7,-29.7,1.1,270.6,76.2,335.6,81.0,84.0,19.09,161.69,-22,29.20508621950308,STRONG_DOWN,UPPER_RANGE,MOMENTUM_UP,S0_NEUTRAL,,,,,81.0,84.0,19.09,335.0,20.0,0.0,0.0,0.0,161.69,,,,,,
85,AIZ,Insurance - Property & Casualty,24.8,53.5,-0.1,6.1,3.9,4.1,5.2,2.5,4.8,3.3,7.9,24.8,67.4,-23.8,1.4,28.7,11.692871838325742,171.5,178.0,184.0,8.89,162.29,37,-24.26286890280361,STRONG_UP,UPPER_RANGE,NEUTRAL,S0_NEUTRAL,,,,,178.0,184.0,8.89,132.0,0.0,0.0,0.0,0.0,162.29,,,,,,
86,315960.KS,Dividend,392.3,96.7,3.9,37.5,41.7,81.8,174.2,248.2,283.5,332.2,385.0,392.3,370.2,-74.4,1.7,35.2,-19.018421314572365,487.6,53.0,52.0,45.67,162.42,90,-11.918421314572365,STRONG_UP,OVEREXTENDED,MOMENTUM_DOWN,S3_LATE_EXHAUSTION,,,,,53.0,52.0,45.67,12.0,0.0,0.0,12.0,0.0,162.42,,,,,,
87,TXN,Semiconductors,93.9,94.0,-4.0,20.9,26.3,46.3,47.2,40.4,37.4,29.4,38.4,93.9,103.5,-54.4,2.0,2.1,1.6671542514113222,240.6,119.0,122.0,34.88,164.28,45,-0.7328457485886777,STRONG_UP,OVEREXTENDED,MOMENTUM_DOWN,S3_LATE_EXHAUSTION,,,,,119.0,122.0,34.88,35.0,0.0,0.0,12.0,0.0,164.28,,,,,,
88,BTC-USD,Cryptocurrency,1957.2,55.3,-1.0,-2.3,-1.3,-12.3,-29.6,-29.0,-3.3,24.5,149.8,1957.2,3326.6,-9.6,1.2,4495.8,49.05880164641655,2103.9,4.0,5.0,36.44,164.69,-86,-3773.931525474705,EARLY_DOWN,UPPER_RANGE,MOMENTUM_DOWN,S5_TRASH,,,,,4.0,5.0,36.44,351.0,18.0,0.0,25.0,0.0,164.69,,,,,,
89,TT,Building Products,213.4,73.1,-6.9,-9.9,-8.0,-5.1,-9.6,-7.1,9.7,43.2,88.1,213.4,294.6,-7.0,1.2,304.9,18.66986596527136,360.1,72.0,74.0,17.61,164.81,-60,-147.95219251560758,EARLY_DOWN,UPPER_RANGE,MOMENTUM_DOWN,S5_TRASH,,,,,72.0,74.0,17.61,290.0,4.0,0.0,25.0,0.0,164.81,,,,,,
90,KEYS,Electronic Test & Measurement,186.2,83.3,-6.6,-2.1,11.5,34.3,59.7,73.3,68.1,47.2,53.0,186.2,226.7,-14.6,3.0,56.8,0.0328408639023348,332.9,82.0,85.0,36.22,165.72,23,-3.092083806053336,EARLY_DOWN,OVEREXTENDED,MOMENTUM_DOWN,S5_TRASH,,,,,82.0,85.0,36.22,46.0,0.0,0.0,25.0,0.0,165.72,,,,,,
91,PM,Tobacco,42.6,80.5,-2.5,8.3,2.2,8.6,3.8,21.2,37.4,46.2,63.5,42.6,67.0,-56.2,1.3,38.4,0.23676395737333109,189.3,152.0,162.0,17.78,166.28,24,-19.628314731018488,STRONG_UP,OVEREXTENDED,NEUTRAL,S0_NEUTRAL,,,,,152.0,162.0,17.78,124.0,0.0,0.0,0.0,0.0,166.28,,,,,,
92,CMI,Industrial Machinery,165.6,79.3,-15.1,-1.6,0.3,10.7,36.5,57.9,80.6,104.4,124.3,165.6,218.1,-35.6,1.2,91.2,6.091897208992299e-06,312.3,89.0,92.0,29.93,169.73,-5,-58.55043486597323,EARLY_DOWN,UPPER_RANGE,MOMENTUM_DOWN,S5_TRASH,,,,,89.0,92.0,29.93,83.0,0.0,0.0,25.0,0.0,169.73,,,,,,
93,TJX,Apparel Retail,39.1,67.8,14.4,-9.4,-8.0,-5.7,-3.3,0.4,3.8,21.9,26.4,39.1,77.3,-40.2,1.2,64.5,58.70263590205479,185.8,158.0,167.0,15.29,170.29,66,58.06916897292798,EARLY_UP,UPPER_RANGE,MOMENTUM_UP,S2_EARLY_BREAKOUT,,,,,158.0,167.0,15.29,258.0,4.0,0.0,-4.0,0.0,170.29,,,,,,
94,CAH,Healthcare Distribution,144.3,74.0,3.0,-9.5,-13.4,-11.4,-1.6,21.5,31.9,101.0,149.1,144.3,224.4,-81.7,1.1,176.1,141.68000286503477,291.0,95.0,97.0,27.5,171.1,-25,-10.295976391452854,EARLY_UP,UPPER_RANGE,NEUTRAL,S0_NEUTRAL,,,,,95.0,97.0,27.5,317.0,20.0,0.0,0.0,0.0,171.1,,,,,,
95,BAESY,Aerospace & Defense,122.9,66.6,7.9,-17.9,-15.9,-6.8,-10.2,9.0,18.8,69.7,119.7,122.9,218.5,-65.9,1.2,208.2,151.986902818174,269.6,103.0,106.0,28.03,176.08,29,151.98675081071067,STRONG_DOWN,UPPER_RANGE,MOMENTUM_UP,S0_NEUTRAL,,,,,103.0,106.0,28.03,372.0,14.0,0.0,0.0,0.0,176.08,,,,,,
96,EBAY,Internet Retail,79.0,96.3,-3.7,10.9,15.9,22.5,25.0,48.6,73.6,69.6,70.2,79.0,85.0,-62.2,1.4,19.5,-0.2825934273352292,225.7,127.0,131.0,36.22,176.57,89,2.6998944120605923,STRONG_UP,OVEREXTENDED,NEUTRAL,S0_NEUTRAL,,,,,127.0,131.0,36.22,64.0,0.0,0.0,0.0,0.0,176.57,,,,,,
97,TKO,Entertainment,205.3,70.3,0.8,-9.0,-13.3,-12.6,-11.5,5.2,19.0,66.3,88.0,205.3,307.5,-34.9,1.2,325.1,109.51858661203507,352.0,74.0,77.0,19.13,178.68,-51,-134.28707285095783,EARLY_UP,UPPER_RANGE,NEUTRAL,S0_NEUTRAL,,,,,74.0,77.0,19.13,357.0,40.0,0.0,0.0,0.0,178.68,,,,,,
98,ARM,Semiconductors,137.8,82.0,40.8,58.5,104.6,108.5,103.8,101.3,,,,137.8,125.1,-70.9,2.2,-22.1,5000.0,172.2,176.0,102.0,17.5,179.85,51,0.0,STRONG_UP,OVEREXTENDED,MOMENTUM_UP,S1_LEADER,,,,,176.0,102.0,17.5,9.0,0.0,47.0,-6.0,0.0,179.85,,,,,,
99,PGR,Property & Casualty Insurance,141.0,45.9,-0.8,-6.8,-10.1,-6.2,-17.0,-23.9,-17.2,5.7,27.9,141.0,319.6,-10.0,1.4,453.6,106.08333696709087,287.7,98.0,100.0,40.89,180.44,-45,-358.36318515078256,EARLY_UP,MID_RANGE,NEUTRAL,S0_NEUTRAL,,,,,98.0,100.0,40.89,339.0,14.0,0.0,0.0,0.0,180.44,,,,,,
100,NTAP,Diversified Technology,16.7,38.2,5.0,7.8,13.5,9.0,6.1,-4.7,-2.9,-0.9,7.9,16.7,108.6,-39.4,1.6,21.8,66.231794923266,163.4,183.0,189.0,44.67,180.92,61,-14.229297075267112,STRONG_UP,MID_RANGE,MOMENTUM_UP,S1_LEADER,,,,,183.0,189.0,44.67,96.0,0.0,0.0,-6.0,0.0,180.92,,,,,,
101,ODFL,Trucking,89.1,37.5,2.3,-5.7,-1.1,14.0,15.1,-3.0,-22.5,-32.4,-13.0,89.1,254.8,-15.5,1.7,157.7,232.6394042274591,235.8,124.0,128.0,82.95,183.85,46,181.71636771132222,EARLY_UP,MID_RANGE,MOMENTUM_UP,S2_EARLY_BREAKOUT,,,,,124.0,128.0,82.95,122.0,0.0,0.0,-4.0,0.0,183.85,,,,,,
102,C,Diversified Banks,81.5,81.1,2.0,-4.8,-0.7,3.6,15.3,36.7,66.6,84.1,87.3,81.5,114.7,-58.5,1.2,50.7,19.184912285185316,228.2,126.0,130.0,30.62,184.07,42,19.184710675844958,EARLY_DOWN,OVEREXTENDED,MOMENTUM_DOWN,S5_TRASH,,,,,126.0,130.0,30.62,145.0,0.0,0.0,25.0,0.0,184.07,,,,,,
103,LYV,Entertainment,41.6,46.3,-4.4,-1.4,-0.5,3.5,-2.2,5.4,10.6,4.2,6.2,41.6,117.4,-22.9,1.3,102.8,0.06241355537132984,188.3,153.0,163.0,30.99,184.79,4,-75.5625236603727,STRONG_UP,MID_RANGE,MOMENTUM_DOWN,S0_NEUTRAL,,,,,153.0,163.0,30.99,169.0,0.0,0.0,0.0,0.0,184.79,,,,,,
104,FICO,Financial Technology,166.1,24.6,6.1,8.9,-6.7,-19.7,-32.1,-46.6,-45.3,-1.7,16.2,166.1,694.1,-6.1,1.4,1403.6,1681.74388227134,312.8,88.0,91.0,43.89,184.99,14,1681.3095264121664,STRONG_UP,MID_RANGE,MOMENTUM_UP,S1_LEADER,,,,,88.0,91.0,43.89,382.0,40.0,0.0,-6.0,0.0,184.99,,,,,,
105,ORCL,Software,71.4,25.7,-1.7,12.3,13.7,-0.9,-13.1,-8.7,-4.2,20.1,45.6,71.4,346.0,-22.8,1.7,464.2,29.1099728675017,218.1,130.0,135.0,31.78,185.28,-19,-21.068759825403223,EARLY_DOWN,MID_RANGE,MOMENTUM_DOWN,S5_TRASH,,,,,130.0,135.0,31.78,148.0,10.0,0.0,25.0,0.0,185.28,,,,,,
106,SNPS,Electronic Design Automation Software,102.7,34.1,0.0,6.8,7.0,4.9,-8.7,-22.2,-36.6,-35.4,-13.7,102.7,309.4,-4.1,1.6,377.2,327.4,249.4,113.0,116.0,64.62,186.27,14,285.6199911910791,EARLY_DOWN,MID_RANGE,MOMENTUM_DOWN,S5_TRASH,,,,,113.0,116.0,64.62,152.0,0.0,0.0,25.0,0.0,186.27,,,,,,
107,JCI,Building Products,138.7,77.5,-10.3,-11.2,-7.6,-1.2,4.6,26.3,41.9,50.0,92.7,138.7,189.0,-32.8,1.1,138.0,0.007269569582196358,285.4,99.0,101.0,22.99,186.34,-33,-98.34290882685153,EARLY_DOWN,UPPER_RANGE,MOMENTUM_DOWN,S5_TRASH,,,,,99.0,101.0,22.99,214.0,4.0,0.0,25.0,0.0,186.34,,,,,,
108,FCX,Copper Mining,122.6,62.4,-2.0,-2.2,-6.2,9.2,20.7,16.2,8.6,-0.5,79.2,122.6,208.6,-56.5,1.7,91.6,0.784884322153231,269.3,104.0,107.0,35.96,186.96,-20,-86.72558178109935,STRONG_DOWN,UPPER_RANGE,MOMENTUM_DOWN,S5_TRASH,,,,,104.0,107.0,35.96,128.0,4.0,0.0,25.0,0.0,186.96,,,,,,
109,VST,Independent Power Producers,426.0,56.4,4.6,-11.8,-14.8,-18.4,-26.9,-11.4,85.9,273.3,357.2,426.0,796.7,-76.3,1.3,998.4,790.5986559087847,557.4,49.0,47.0,29.56,190.11,-72,589.5218908421865,STRONG_DOWN,UPPER_RANGE,MOMENTUM_UP,S0_NEUTRAL,,,,,49.0,47.0,29.56,450.0,58.0,0.0,0.0,0.0,190.11,,,,,,
110,APH,Electronic Components,224.7,55.7,-0.4,-15.4,-18.6,-18.5,-7.4,22.5,51.5,93.9,141.5,224.7,384.6,-16.3,1.2,368.1,25.751549445861652,371.4,70.0,72.0,13.38,190.28,-69,-122.66570009052808,STRONG_DOWN,UPPER_RANGE,MOMENTUM_DOWN,S5_TRASH,,,,,70.0,72.0,13.38,408.0,20.0,0.0,25.0,0.0,190.28,,,,,,
111,DECK,Footwear & Accessories,145.5,23.0,4.3,-6.5,-13.7,-6.6,-15.6,-41.4,-50.4,-35.8,-7.9,145.5,734.1,-30.0,1.4,971.9,1361.630833946646,292.2,94.0,96.0,75.89,194.04,39,1361.605978922744,STRONG_DOWN,MID_RANGE,MOMENTUM_UP,S4_BOTTOMING,,,,,94.0,96.0,75.89,347.0,14.0,0.0,-2.0,0.0,194.04,,,,,,
112,GEV,Electrical Equipment,210.9,77.3,-1.3,-0.8,11.5,34.0,54.7,178.0,,,,210.9,230.7,-7.2,1.3,135.1,3.957180062437488,236.7,122.0,75.0,19.5,194.8,-45,-95.30723054346318,EARLY_DOWN,UPPER_RANGE,MOMENTUM_DOWN,S5_TRASH,,,,,122.0,75.0,19.5,48.0,0.0,47.0,25.0,0.0,194.8,,,,,,
113,ARES,Asset Management,240.3,38.5,0.2,2.5,-4.3,-15.1,-29.5,-40.3,-42.0,-24.4,30.4,240.3,631.0,-8.6,1.3,1065.0,1149.0796936204697,387.0,66.0,67.0,39.44,195.64,-75,65.15905055775602,EARLY_DOWN,MID_RANGE,MOMENTUM_DOWN,S5_TRASH,,,,,66.0,67.0,39.44,360.0,36.0,0.0,25.0,0.0,195.64,,,,,,
114,TDG,Aerospace & Defense,175.7,53.7,5.4,-4.3,-11.6,-14.5,-23.1,-25.6,-16.4,21.7,47.4,175.7,343.7,-21.8,1.2,479.7,492.308631589359,322.4,86.0,90.0,40.89,197.04,-23,468.00333106531485,EARLY_DOWN,UPPER_RANGE,MOMENTUM_UP,S0_NEUTRAL,,,,,86.0,90.0,40.89,393.0,40.0,0.0,0.0,0.0,197.04,,,,,,
115,GLD,Gold (ETF),65.8,88.2,-4.6,1.7,10.0,19.1,29.4,52.4,64.6,77.9,73.2,65.8,82.5,-58.5,1.5,1.3,-1.0228142484782766e-43,190.8,148.0,137.0,29.22,197.92,49,8.058095608404394e-17,EARLY_DOWN,OVEREXTENDED,MOMENTUM_DOWN,S5_TRASH,,,,,148.0,137.0,29.22,72.0,0.0,0.0,25.0,0.0,197.92,184864325632.0,184.864,,etf,etf,data_raw
116,PLTR,Software,574.1,55.5,1.5,-13.6,-12.2,-21.2,-23.0,96.5,291.9,565.9,,574.1,1018.1,-71.2,1.2,1222.2,908.610059164599,642.4,39.0,35.0,34.0,197.95,-63,875.9395683499916,STRONG_DOWN,UPPER_RANGE,MOMENTUM_UP,S0_NEUTRAL,,,,,39.0,35.0,34.0,440.0,58.0,11.0,0.0,0.0,197.95,,,,,,
117,ETN,Electrical Equipment,156.7,70.4,-8.4,-10.4,-6.1,-2.4,-5.7,-8.7,-3.2,31.9,83.0,156.7,227.3,-11.6,1.2,224.8,0.0008757019196611561,303.4,92.0,95.0,33.89,197.99,-67,-203.91335375495044,EARLY_DOWN,UPPER_RANGE,MOMENTUM_DOWN,S5_TRASH,,,,,92.0,95.0,33.89,252.0,4.0,0.0,25.0,0.0,197.99,,,,,,
118,NRG,Independent Power Producers,331.1,60.5,6.4,-17.9,-21.2,-23.3,-25.4,-0.7,53.3,122.7,165.8,331.1,554.2,-22.3,1.1,689.3,585.2642535351656,477.8,54.0,55.0,29.2,200.55,-41,579.5416053299807,STRONG_DOWN,UPPER_RANGE,MOMENTUM_UP,S0_NEUTRAL,,,,,54.0,55.0,29.2,487.0,58.0,0.0,0.0,0.0,200.55,,,,,,
119,BKR,Oil & Gas Equipment & Services,58.8,85.0,3.8,-5.7,-2.0,11.1,24.8,32.8,37.5,63.2,108.5,58.8,84.9,-85.4,1.3,12.7,-9.007930639891756,205.5,137.0,143.0,31.32,200.92,64,-6.962288871057584,STRONG_UP,OVEREXTENDED,MOMENTUM_DOWN,S3_LATE_EXHAUSTION,,,,,137.0,143.0,31.32,113.0,0.0,0.0,12.0,0.0,200.92,,,,,,
120,WAB,Rail Equipment,43.1,73.2,-7.5,-10.2,-7.1,1.5,4.9,7.4,22.4,52.8,75.9,43.1,82.8,-63.6,1.2,41.4,4.3019061656571465,189.8,150.0,159.0,20.24,202.39,-1,-3.3092374689100277,EARLY_DOWN,UPPER_RANGE,MOMENTUM_DOWN,S5_TRASH,,,,,150.0,159.0,20.24,201.0,4.0,0.0,25.0,0.0,202.39,,,,,,
121,RGTI,Quantum Computing,582.7,23.1,-5.2,-2.2,-9.5,-26.4,-14.9,420.7,689.0,592.8,,582.7,2754.1,-93.0,1.5,3440.3,1.3028108884935209e-09,641.7,40.0,34.0,19.5,202.55,-114,-1354.9295132140946,EARLY_DOWN,MID_RANGE,MOMENTUM_DOWN,S5_TRASH,,,,,40.0,34.0,19.5,391.0,22.0,11.0,25.0,0.0,202.55,,,,,,
122,WMT,Hypermarkets & Super Centers,93.6,67.4,-16.4,-13.5,-11.4,-4.9,-1.3,11.2,29.4,52.3,56.4,93.6,152.9,-28.0,1.2,134.7,14.799967786610543,240.3,120.0,123.0,30.16,203.66,-23,-5.70598530216259,EARLY_DOWN,UPPER_RANGE,MOMENTUM_DOWN,S5_TRASH,,,,,120.0,123.0,30.16,282.0,4.0,0.0,25.0,0.0,203.66,,,,,,
123,NUE,Steel,99.9,68.6,-1.0,7.0,13.5,22.7,37.6,32.5,13.2,12.1,82.0,99.9,169.7,-51.6,1.6,25.3,5.725050945736368,246.6,114.0,117.0,65.97,204.97,15,-29.291000736709396,EARLY_DOWN,UPPER_RANGE,MOMENTUM_DOWN,S5_TRASH,,,,,114.0,117.0,65.97,56.0,0.0,0.0,25.0,0.0,204.97,,,,,,
124,CSCO,Communications Equipment,96.1,98.0,-2.0,31.9,37.0,42.6,53.8,79.0,83.9,85.5,83.1,96.1,99.9,-66.9,1.4,-10.1,-2.6530318424700035,242.8,117.0,120.0,36.22,206.42,142,4.746968157529997,STRONG_UP,OVEREXTENDED,NEUTRAL,S0_NEUTRAL,,,,,117.0,120.0,36.22,27.0,0.0,0.0,0.0,0.0,206.42,,,,,,
125,PSX,Oil & Gas Refining & Marketing,36.1,61.3,-2.6,-9.3,-0.0,8.7,16.4,10.7,4.9,29.9,47.6,36.1,106.9,-74.9,1.4,10.2,1.2534469438666802,182.8,160.0,169.0,56.14,208.79,47,-0.6403319713050615,STRONG_UP,UPPER_RANGE,NEUTRAL,S0_NEUTRAL,,,,,160.0,169.0,56.14,139.0,0.0,0.0,0.0,0.0,208.79,,,,,,
126,HPE,Hardware & Equipment,52.9,100.0,5.2,22.0,36.1,36.8,44.9,50.0,53.8,63.9,76.6,52.9,51.4,-67.1,1.6,-27.9,-6.8,199.6,143.0,152.0,29.22,209.02,143,0.0,STRONG_UP,OVEREXTENDED,MOMENTUM_UP,S1_LEADER,,,,,143.0,152.0,29.22,33.0,0.0,0.0,-6.0,0.0,209.02,,,,,,
127,ABBV,Biotechnology,54.4,56.7,3.2,-6.4,-9.9,-10.1,-10.3,-10.6,-9.7,-4.0,20.0,54.4,115.5,-24.8,1.2,134.9,129.62076779495823,201.1,141.0,149.0,45.89,211.59,-18,-15.155728715076492,STRONG_UP,UPPER_RANGE,MOMENTUM_UP,S1_LEADER,,,,,141.0,149.0,45.89,325.0,22.0,0.0,-6.0,0.0,211.59,,,,,,
128,JPM,Diversified Banks,76.5,64.6,2.8,-8.4,-8.1,-9.9,-10.9,-1.4,13.1,31.7,45.9,76.5,131.1,-22.3,1.1,151.1,124.24189358633429,223.2,128.0,132.0,30.81,212.06,5,124.11411297957802,EARLY_DOWN,UPPER_RANGE,MOMENTUM_DOWN,S5_TRASH,,,,,128.0,132.0,30.81,323.0,14.0,0.0,25.0,0.0,212.06,,,,,,
129,HIG,Insurance - Diversified,30.4,64.0,2.4,-7.6,-8.1,-7.1,-10.1,-9.6,-2.0,8.8,29.5,30.4,77.8,-52.8,1.2,80.6,76.5280882213556,177.1,168.0,176.0,42.78,215.88,-4,-4.415336865033765,EARLY_UP,UPPER_RANGE,MOMENTUM_UP,S2_EARLY_BREAKOUT,,,,,168.0,176.0,42.78,296.0,14.0,0.0,-4.0,0.0,215.88,,,,,,
130,AMCR,Packaging & Containers,228.3,68.2,4.0,-9.9,-16.9,146.0,224.2,244.1,256.1,233.9,230.9,228.3,398.6,-134.7,3.3,8.6,-5000.0,375.0,68.0,69.0,52.71,216.51,41,-4999.998853502809,STRONG_DOWN,UPPER_RANGE,MOMENTUM_DOWN,S5_TRASH,,,,,68.0,69.0,52.71,20.0,4.0,0.0,25.0,0.0,216.51,,,,,,
131,ROK,Industrial Machinery,32.1,63.0,-6.3,5.5,2.0,3.8,10.0,19.8,10.4,4.0,10.3,32.1,70.8,-33.7,1.6,11.3,-5.610800727672603e-08,178.8,167.0,175.0,27.53,216.73,50,0.4845804624314863,EARLY_DOWN,UPPER_RANGE,MOMENTUM_DOWN,S5_TRASH,,,,,167.0,175.0,27.53,129.0,0.0,0.0,25.0,0.0,216.73,,,,,,
132,DVA,Healthcare,-12.2,70.1,-1.8,23.3,35.0,45.8,34.7,16.9,19.0,17.1,13.2,-12.2,29.9,-109.4,2.1,0.0,-0.4227436231766384,134.5,212.0,223.0,41.87,219.67,68,-0.4227303482964243,STRONG_UP,UPPER_RANGE,MOMENTUM_DOWN,S0_NEUTRAL,,,,,212.0,223.0,41.87,36.0,0.0,0.0,0.0,0.0,219.67,,,,,,
133,CTAS,Commercial Services,63.9,29.2,2.6,-7.3,-13.4,-14.2,-26.1,-33.9,-34.7,-25.0,-12.8,63.9,229.6,-4.0,1.4,517.4,619.6684880124859,210.6,132.0,138.0,46.44,221.04,3,619.5136897731466,EARLY_UP,MID_RANGE,MOMENTUM_UP,S2_EARLY_BREAKOUT,,,,,132.0,138.0,46.44,414.0,40.0,0.0,-4.0,0.0,221.04,,,,,,
134,DOGE-USD,Cryptocurrency,1280.2,5.9,-0.4,-2.7,-1.9,-16.8,-40.1,-53.6,-49.6,-70.3,861.1,1280.2,22199.9,-45.9,1.5,41239.3,608.9817538945725,1392.5,14.0,12.0,81.64,221.94,-123,-4391.018246105427,EARLY_DOWN,LOWER,MOMENTUM_DOWN,S5_TRASH,,,,,14.0,12.0,81.64,410.0,36.0,0.0,25.0,0.0,221.94,,,,,,
135,PHM,Residential Construction,82.9,38.0,5.7,-9.8,-14.3,-13.8,-16.2,-25.4,-27.4,7.4,27.8,82.9,254.9,-29.3,1.3,322.1,388.32608338525563,229.6,125.0,129.0,45.33,222.08,-7,387.15841518378727,STRONG_DOWN,MID_RANGE,MOMENTUM_UP,S4_BOTTOMING,,,,,125.0,129.0,45.33,394.0,40.0,0.0,-2.0,0.0,222.08,,,,,,
136,MSFT,Software,66.0,36.6,-1.3,-0.7,-3.1,-12.2,-22.6,-27.3,-34.9,-34.8,-26.9,66.0,201.5,-12.1,1.3,358.8,35.37689818850765,212.7,131.0,136.0,58.06,223.51,7,34.40863849758209,STRONG_UP,MID_RANGE,MOMENTUM_DOWN,S0_NEUTRAL,,,,,131.0,136.0,58.06,332.0,18.0,0.0,0.0,0.0,223.51,,,,,,
137,KTOS,Aerospace & Defense,158.4,27.2,2.1,-23.8,-36.6,-38.1,-25.1,31.8,75.3,105.5,81.2,158.4,761.1,-66.8,1.5,999.1,495.7862039784425,305.1,91.0,94.0,28.32,223.57,-37,495.4047312511149,STRONG_DOWN,MID_RANGE,MOMENTUM_UP,S4_BOTTOMING,,,,,91.0,94.0,28.32,548.0,58.0,0.0,-2.0,0.0,223.57,,,,,,
138,SOL-USD,Cryptocurrency,976.1,8.6,0.0,-3.8,-8.8,-25.5,-46.0,-62.2,-13.8,9.8,,976.1,11126.9,-44.7,1.5,22793.6,5000.0,1051.6,20.0,19.0,69.0,226.8,-110,1910.612491489464,EARLY_DOWN,LOWER,MOMENTUM_DOWN,S5_TRASH,,,,,20.0,19.0,69.0,484.0,40.0,11.0,25.0,0.0,226.8,,,,,,
139,AXON,Public Safety Technology,366.9,30.9,-0.3,-13.7,-22.6,-31.8,-48.3,-43.6,-28.7,11.1,69.8,366.9,1246.3,-25.7,1.4,2598.2,480.9960228524028,513.6,52.0,54.0,25.0,227.45,-60,480.7739143204434,STRONG_DOWN,MID_RANGE,NEUTRAL,S5_TRASH,,,,,52.0,54.0,25.0,541.0,58.0,0.0,25.0,0.0,227.45,,,,,,
140,LIN,Industrial Gases,24.9,38.8,2.7,-5.5,-3.1,4.4,-2.4,-10.4,-18.9,-17.5,-10.9,24.9,97.5,-20.7,1.5,84.7,113.30204824463503,171.6,177.0,183.0,86.77,229.07,20,-13.153993183799287,STRONG_UP,MID_RANGE,MOMENTUM_UP,S1_LEADER,,,,,177.0,183.0,86.77,191.0,0.0,0.0,-6.0,0.0,229.07,,,,,,
141,ETR,Electric Utilities,36.6,73.4,5.1,-10.6,-3.5,2.6,6.4,23.5,40.6,44.1,35.3,36.6,72.9,-62.1,1.2,27.2,-10.90058025613885,183.3,159.0,168.0,26.8,229.45,46,-7.408221850383972,STRONG_DOWN,UPPER_RANGE,MOMENTUM_DOWN,S5_TRASH,,,,,159.0,168.0,26.8,178.0,0.0,0.0,25.0,0.0,229.45,,,,,,
142,MCK,Healthcare Distribution,143.8,57.3,0.5,-17.2,-20.0,-18.5,-16.6,-9.4,-4.8,36.1,107.4,143.8,285.1,-46.0,1.1,325.9,214.8085517297748,290.5,96.0,98.0,38.33,230.48,-81,-94.85111229134898,EARLY_UP,UPPER_RANGE,MOMENTUM_UP,S2_EARLY_BREAKOUT,,,,,96.0,98.0,38.33,451.0,58.0,0.0,-4.0,0.0,230.48,,,,,,
143,ORLY,Auto Parts,57.7,52.6,5.7,-10.3,-11.0,-11.6,-18.4,-16.9,-20.7,-7.1,14.9,57.7,154.4,-48.4,1.2,203.1,196.19650407189877,204.4,139.0,145.0,41.44,231.79,3,196.1093475160417,STRONG_DOWN,UPPER_RANGE,MOMENTUM_UP,S0_NEUTRAL,,,,,139.0,145.0,41.44,376.0,40.0,0.0,0.0,0.0,231.79,,,,,,
144,INSM,Biotechnology,205.7,38.2,0.1,-33.9,-35.0,-42.1,-26.8,6.3,95.4,169.2,171.7,205.7,673.7,-82.7,1.2,861.8,323.0961076565852,352.4,73.0,76.0,40.85,233.0,-97,-374.84398262096204,STRONG_DOWN,MID_RANGE,MOMENTUM_UP,S4_BOTTOMING,,,,,73.0,76.0,40.85,552.0,58.0,0.0,-2.0,0.0,233.0,,,,,,
145,AFL,Insurance - Life,10.5,52.1,1.9,-1.8,-1.9,-1.2,-4.0,-9.8,-9.1,3.7,14.9,10.5,67.0,-50.0,1.4,44.6,52.55372128585083,157.2,186.0,193.0,74.78,234.48,28,-6.00769816035919,STRONG_UP,UPPER_RANGE,NEUTRAL,S0_NEUTRAL,,,,,186.0,193.0,74.78,200.0,0.0,0.0,0.0,0.0,234.48,,,,,,
146,FAST,Industrial Distribution,33.3,39.7,0.3,-13.1,-11.7,-7.1,-14.0,-10.0,-11.2,-8.5,-2.0,33.3,108.3,-24.4,1.4,151.7,129.96080262506527,180.0,164.0,172.0,62.39,237.09,29,129.95360718743714,STRONG_DOWN,MID_RANGE,MOMENTUM_UP,S4_BOTTOMING,,,,,164.0,172.0,62.39,352.0,14.0,0.0,-2.0,0.0,237.09,,,,,,
147,FER,Infrastructure,39.6,68.4,3.4,-7.6,-9.6,-6.2,1.9,19.3,28.8,51.0,45.9,39.6,84.6,-59.5,1.3,41.0,-18.97195034989092,186.3,157.0,166.0,20.86,237.41,15,-18.9719469763594,EARLY_DOWN,UPPER_RANGE,MOMENTUM_DOWN,S5_TRASH,,,,,157.0,166.0,20.86,242.0,4.0,0.0,25.0,0.0,237.41,,,,,,
148,BX,Asset Management,192.7,34.6,0.2,-9.4,-11.4,-18.6,-29.7,-39.5,-41.9,-41.2,2.8,192.7,591.0,-17.7,1.3,987.2,1010.7284626882845,339.4,79.0,83.0,41.44,238.74,-50,1007.0818855328573,EARLY_DOWN,MID_RANGE,MOMENTUM_DOWN,S5_TRASH,,,,,79.0,83.0,41.44,439.0,58.0,0.0,25.0,0.0,238.74,,,,,,
149,SO,Electric Utilities,47.3,54.6,2.6,-10.9,-8.7,-6.8,-12.1,-15.4,-15.4,-8.5,3.6,47.3,116.9,-35.5,1.2,138.4,139.97933552883683,194.0,146.0,155.0,75.33,240.28,-14,-5.3337241142125436,STRONG_DOWN,UPPER_RANGE,MOMENTUM_UP,S0_NEUTRAL,,,,,146.0,155.0,75.33,327.0,14.0,0.0,0.0,0.0,240.28,,,,,,
150,NEM,Gold Mining,44.9,64.6,-1.3,-10.7,-14.3,-3.4,23.1,67.6,85.2,62.6,46.7,44.9,127.4,-105.8,1.6,4.5,-8.097013086380752,191.6,147.0,156.0,37.51,240.76,43,-3.504236878343886,EARLY_DOWN,UPPER_RANGE,MOMENTUM_DOWN,S5_TRASH,,,,,147.0,156.0,37.51,190.0,4.0,0.0,25.0,0.0,240.76,,,,,,
151,SHOP,E-commerce Software,412.0,27.5,1.8,-22.9,-23.6,-32.3,-32.6,-19.4,-15.5,-11.4,-24.5,412.0,1544.3,-16.5,1.3,2275.4,1941.0862067972898,558.7,48.0,50.0,77.43,243.23,-41,1927.414516020515,STRONG_DOWN,MID_RANGE,MOMENTUM_UP,S4_BOTTOMING,,,,,48.0,50.0,77.43,530.0,58.0,0.0,-2.0,0.0,243.23,,,,,,
152,STT,Custody Banks & Asset Management,33.4,88.0,0.3,2.3,6.5,12.5,20.8,35.4,48.4,53.6,62.7,33.4,46.8,-60.4,1.5,-9.7,-9.412946177028866,180.1,163.0,171.0,29.22,244.87,136,22.149859530466856,STRONG_UP,OVEREXTENDED,MOMENTUM_DOWN,S3_LATE_EXHAUSTION,,,,,163.0,171.0,29.22,90.0,0.0,0.0,12.0,0.0,244.87,,,,,,
153,NFLX,Broadcasting & Cable TV,61.5,38.9,1.9,-13.0,-10.4,-16.0,-30.2,-23.3,-7.1,24.0,6.1,61.5,279.9,-76.6,1.4,414.0,368.4727494558352,208.2,133.0,139.0,45.33,246.63,-22,346.3393513607388,EARLY_UP,MID_RANGE,MOMENTUM_UP,S2_EARLY_BREAKOUT,,,,,133.0,139.0,45.33,435.0,58.0,0.0,-4.0,0.0,246.63,,,,,,
154,VTR,Healthcare REITs,4.5,71.7,0.4,-4.6,-2.0,1.7,7.7,15.8,28.3,33.9,30.7,4.5,33.5,-67.0,1.4,-11.4,-11.805171104112596,151.2,191.0,199.0,20.1,248.0,130,5.994886576703244,STRONG_UP,UPPER_RANGE,MOMENTUM_DOWN,S0_NEUTRAL,,,,,191.0,199.0,20.1,159.0,0.0,0.0,0.0,0.0,248.0,,,,,,
155,QCOM,Semiconductors,32.6,50.0,7.7,35.9,37.2,27.8,25.0,11.3,9.1,-3.6,-2.7,32.6,125.7,-59.8,1.9,-17.9,12.712873198340747,179.3,165.0,173.0,75.46,248.06,130,12.708593886368853,STRONG_UP,UPPER_RANGE,MOMENTUM_DOWN,S0_NEUTRAL,,,,,165.0,173.0,75.46,41.0,0.0,0.0,0.0,0.0,248.06,,,,,,
156,XOM,Integrated Oil & Gas,27.8,63.0,-3.2,-9.1,-5.3,7.9,17.6,14.9,7.1,22.1,57.3,27.8,94.8,-84.9,1.5,-4.5,-0.5277694780215264,174.5,171.0,179.0,32.05,248.3,106,-0.290295945473536,EARLY_UP,UPPER_RANGE,NEUTRAL,S0_NEUTRAL,,,,,171.0,179.0,32.05,150.0,4.0,0.0,0.0,0.0,248.3,,,,,,
157,MSCI,Financial Index & Analytics,53.0,20.5,3.1,-4.5,-6.4,-6.2,-10.0,-16.2,-27.4,-43.2,-44.1,53.0,285.4,-7.2,1.3,370.7,429.4393141751617,199.6,143.0,151.0,93.83,248.63,20,429.0293772627873,EARLY_DOWN,MID_RANGE,MOMENTUM_DOWN,S5_TRASH,,,,,143.0,151.0,93.83,267.0,4.0,0.0,25.0,0.0,248.63,,,,,,
158,ALL,Insurance - Property & Casualty,-2.4,46.9,-4.4,-6.2,-4.8,-3.9,-8.3,-10.3,-1.3,2.1,1.5,-2.4,53.0,-50.7,1.3,0.0,1.195928063343421e-05,144.3,201.0,209.0,54.78,249.53,5,-37.56621665196309,STRONG_UP,MID_RANGE,NEUTRAL,S0_NEUTRAL,,,,,201.0,209.0,54.78,246.0,0.0,0.0,0.0,0.0,249.53,,,,,,
159,SYF,Consumer Finance,26.3,54.0,0.6,-8.0,-6.7,-10.7,-9.1,-2.2,17.6,22.1,36.9,26.3,104.4,-64.4,1.3,88.0,33.46667127092103,173.0,173.0,181.0,42.07,249.57,-6,32.433304553127655,EARLY_DOWN,UPPER_RANGE,MOMENTUM_DOWN,S5_TRASH,,,,,173.0,181.0,42.07,303.0,12.0,0.0,25.0,0.0,249.57,,,,,,
160,SYM,Industrial Machinery,110.9,24.7,4.0,-18.5,-16.4,-26.4,-6.3,24.6,1.7,104.9,,110.9,420.8,-29.7,1.7,440.2,359.4663404373832,172.8,174.0,110.0,43.77,250.22,-39,336.9449230208259,STRONG_DOWN,MID_RANGE,MOMENTUM_DOWN,S5_TRASH,,,,,174.0,110.0,43.77,427.0,20.0,11.0,25.0,0.0,250.22,,,,,,
161,EQT,Oil & Gas E&P,11.0,55.1,2.4,-11.7,-11.2,-8.8,-10.8,-1.0,-5.9,11.1,85.6,11.0,112.9,-116.6,1.2,61.7,33.96239872328929,157.7,185.0,192.0,54.22,250.82,8,28.035079093248232,EARLY_UP,UPPER_RANGE,NEUTRAL,S0_NEUTRAL,,,,,185.0,192.0,54.22,343.0,14.0,0.0,0.0,0.0,250.82,,,,,,
162,491010.KS,Infrastructure,91.8,88.0,-9.1,14.8,24.3,36.3,64.5,,,,,91.8,71.2,-15.5,1.7,14.1,3.856299870084819e-06,112.2,258.0,125.0,17.5,252.4,-33,-9.18909141739542,EARLY_DOWN,OVEREXTENDED,MOMENTUM_DOWN,S5_TRASH,,,,,258.0,125.0,17.5,34.0,0.0,50.0,25.0,0.0,252.4,,,,,,
163,LINK-USD,Cryptocurrency,419.4,6.3,0.0,1.8,0.5,-15.6,-36.8,-51.1,-56.7,-75.1,-27.6,419.4,7258.0,-53.1,1.6,13030.2,5000.0,531.7,51.0,48.0,114.36,253.71,-82,0.0,EARLY_DOWN,LOWER,MOMENTUM_DOWN,S5_TRASH,,,,,51.0,48.0,114.36,370.0,36.0,0.0,25.0,0.0,253.71,,,,,,
164,RSG,Environmental Services,20.1,18.3,-0.9,-10.7,-12.3,-11.3,-21.7,-26.4,-28.6,-22.2,-12.6,20.1,149.9,-8.6,1.6,448.6,156.86546029341528,166.8,180.0,186.0,46.44,254.89,-68,-370.6607383126492,EARLY_UP,LOWER,NEUTRAL,S0_NEUTRAL,,,,,180.0,186.0,46.44,399.0,40.0,0.0,0.0,0.0,254.89,,,,,,
165,NTRS,Custody Banks & Asset Management,-15.5,66.5,2.8,1.7,4.1,10.4,17.5,38.4,53.3,35.3,20.8,-15.5,22.7,-90.2,1.4,0.0,-452.6825593377786,131.2,218.0,229.0,57.2,255.9,116,-183.4022799440421,STRONG_UP,UPPER_RANGE,MOMENTUM_UP,S1_LEADER,,,,,218.0,229.0,57.2,104.0,0.0,0.0,-6.0,0.0,255.9,,,,,,
166,456680.KS,Asset Management,52.9,71.0,-4.9,-7.3,5.5,6.2,31.6,63.9,52.9,,,52.9,33.0,-88.2,1.4,0.0,-6.378359081872756e-05,92.4,289.0,152.0,18.65,257.2,76,9.092913057123642e-06,EARLY_DOWN,UPPER_RANGE,MOMENTUM_DOWN,S5_TRASH,,,,,289.0,152.0,18.65,94.0,0.0,26.0,25.0,0.0,257.2,,,,,,
167,IBM,IT Consulting & Other Services,-9.7,46.1,20.8,0.4,-5.8,-13.5,-16.6,-9.2,0.0,16.3,20.0,-9.7,67.4,-74.9,1.2,0.0,42.83777361201698,137.0,210.0,220.0,46.22,257.22,66,42.837771089794224,EARLY_UP,MID_RANGE,MOMENTUM_UP,S2_EARLY_BREAKOUT,,,,,210.0,220.0,46.22,318.0,22.0,0.0,-4.0,0.0,257.22,,,,,,
168,FFIV,Technology,-7.8,69.3,10.8,16.0,24.3,33.2,21.2,30.9,41.6,36.0,27.2,-7.8,27.0,-84.3,1.4,0.0,-5000.0,138.8,207.0,217.0,52.92,257.32,142,0.0,STRONG_UP,UPPER_RANGE,NEUTRAL,S0_NEUTRAL,,,,,207.0,217.0,52.92,51.0,0.0,0.0,0.0,0.0,257.32,,,,,,
169,MELI,Internet Retail,105.9,20.7,4.6,-14.0,-17.5,-23.0,-36.1,-39.3,-43.2,-41.9,-42.2,105.9,549.4,-11.6,1.3,1203.8,1265.4015880861134,252.6,111.0,114.0,66.05,257.55,-57,1208.6252677268703,STRONG_DOWN,MID_RANGE,MOMENTUM_UP,S4_BOTTOMING,,,,,111.0,114.0,66.05,495.0,58.0,0.0,-2.0,0.0,257.55,,,,,,
170,COP,Oil & Gas,20.4,36.8,-2.1,-12.3,-4.6,7.6,9.2,-2.8,-18.6,-16.7,19.1,20.4,179.6,-71.5,1.4,16.1,0.06598891014869528,167.1,179.0,185.0,90.38,258.23,9,-52.811029226749106,EARLY_UP,MID_RANGE,NEUTRAL,S0_NEUTRAL,,,,,179.0,185.0,90.38,166.0,0.0,0.0,0.0,0.0,258.23,,,,,,
171,HOOD,Capital Markets,278.6,37.0,-1.0,-2.5,-11.0,-27.3,-27.5,58.7,208.3,,,278.6,820.7,-60.3,1.4,1142.8,41.73910259732231,337.7,80.0,60.0,19.5,259.45,-153,-736.0801905403582,EARLY_DOWN,MID_RANGE,MOMENTUM_DOWN,S5_TRASH,,,,,80.0,60.0,19.5,441.0,58.0,26.0,25.0,0.0,259.45,,,,,,
172,NDAQ,Financial Exchanges,18.0,34.1,-3.5,-5.6,-7.5,-8.0,-11.6,-6.7,-1.3,-10.7,-4.9,18.0,76.6,-11.7,1.4,123.2,0.44813541848906646,164.7,182.0,188.0,62.33,259.88,-32,-113.13934831440072,STRONG_UP,MID_RANGE,MOMENTUM_DOWN,S0_NEUTRAL,,,,,182.0,188.0,62.33,297.0,14.0,0.0,0.0,0.0,259.88,,,,,,
173,GNRC,Electrical Equipment,59.9,16.2,-2.9,1.8,11.4,30.4,37.2,35.3,35.9,-7.8,-16.0,59.9,673.8,-58.8,2.2,-42.1,-0.0012210841461472964,206.6,136.0,142.0,54.89,260.14,104,8.476963761048745,EARLY_DOWN,LOWER,MOMENTUM_DOWN,S5_TRASH,,,,,136.0,142.0,54.89,55.0,0.0,0.0,25.0,0.0,260.14,,,,,,
174,HUBB,Electrical Components & Equipment,95.9,58.9,-7.4,-16.8,-15.9,-11.2,-7.8,-9.1,-10.8,18.4,54.7,95.9,180.6,-24.9,1.3,185.6,0.0027508064364497706,242.6,118.0,121.0,49.78,261.53,-40,-0.01213409376202493,STRONG_DOWN,UPPER_RANGE,MOMENTUM_DOWN,S5_TRASH,,,,,118.0,121.0,49.78,377.0,20.0,0.0,25.0,0.0,261.53,,,,,,
175,INTC,Semiconductors,106.6,88.7,9.2,74.5,112.0,147.7,265.3,308.2,255.8,209.2,149.5,106.6,141.0,-158.8,2.0,-124.0,-5000.0,253.3,110.0,113.0,47.67,262.12,75,-4999.989403535345,EARLY_DOWN,OVEREXTENDED,MOMENTUM_DOWN,S5_TRASH,,,,,110.0,113.0,47.67,1.0,0.0,0.0,25.0,0.0,262.12,,,,,,
176,MO,Tobacco,8.8,84.9,1.0,-2.5,1.3,10.7,8.6,18.7,31.6,37.3,45.9,8.8,23.0,-68.4,1.3,-10.8,-16.91080664136336,155.5,187.0,194.0,42.16,264.51,192,4983.089193358636,STRONG_UP,OVEREXTENDED,NEUTRAL,S0_NEUTRAL,,,,,187.0,194.0,42.16,132.0,0.0,0.0,0.0,0.0,264.51,,,,,,
177,CCEP,Beverages - Non-Alcoholic,-9.2,43.6,10.2,-7.3,-10.6,-7.6,-10.4,-5.2,-4.1,5.9,2.5,-9.2,51.9,-55.5,1.3,0.0,10.02973830943939,137.5,209.0,219.0,54.78,264.68,35,10.02973830943862,STRONG_DOWN,MID_RANGE,MOMENTUM_UP,S4_BOTTOMING,,,,,209.0,219.0,54.78,315.0,14.0,0.0,-2.0,0.0,264.68,,,,,,
178,457480.KS,Automobile Manufacturers,43.4,55.3,-2.5,3.2,4.8,4.4,20.9,40.2,43.4,,,43.4,24.9,-57.4,1.5,0.0,-0.0036312056187129235,82.9,309.0,158.0,17.5,265.7,90,4999.996368794381,EARLY_DOWN,UPPER_RANGE,MOMENTUM_DOWN,S5_TRASH,,,,,309.0,158.0,17.5,105.0,0.0,26.0,25.0,0.0,265.7,,,,,,
179,WRB,Property & Casualty Insurance,26.7,34.0,2.1,-5.7,-8.6,-10.8,-18.1,-16.4,-13.7,-6.8,1.3,26.7,107.3,-27.7,1.4,181.5,126.36754429522895,173.4,172.0,180.0,79.78,266.98,-27,23.78222466293292,STRONG_UP,MID_RANGE,NEUTRAL,S0_NEUTRAL,,,,,172.0,180.0,79.78,346.0,22.0,0.0,0.0,0.0,266.98,,,,,,
180,META,Internet Content & Information,40.1,50.3,-1.7,-5.9,-12.2,-13.7,-22.5,-22.8,-10.0,38.1,32.0,40.1,170.6,-91.5,1.2,211.8,8.82219325377542,186.8,156.0,165.0,49.78,267.23,-75,-133.40690331556624,STRONG_DOWN,UPPER_RANGE,MOMENTUM_UP,S0_NEUTRAL,,,,,156.0,165.0,49.78,397.0,40.0,0.0,0.0,0.0,267.23,,,,,,
181,FANG,Oil & Gas E&P,7.9,56.9,-2.2,-7.1,2.4,12.5,17.5,0.2,-8.9,0.9,60.7,7.9,98.2,-109.7,1.3,-32.6,0.035905101643268954,154.6,189.0,196.0,63.67,267.32,84,-3.3671645856690224,STRONG_UP,UPPER_RANGE,NEUTRAL,S0_NEUTRAL,,,,,189.0,196.0,63.67,116.0,0.0,0.0,0.0,0.0,267.32,,,,,,
182,MSI,Public Safety Technology,42.9,27.6,1.9,-16.2,-16.4,-11.8,-20.2,-28.4,-29.7,-22.1,-11.0,42.9,183.0,-10.2,1.3,368.8,415.27002538159627,189.6,151.0,161.0,75.89,267.64,-66,-26.04765099608403,STRONG_DOWN,MID_RANGE,MOMENTUM_UP,S4_BOTTOMING,,,,,151.0,161.0,75.89,422.0,40.0,0.0,-2.0,0.0,267.64,,,,,,
183,GILD,Biotechnology,-13.7,55.2,0.4,-12.1,-14.3,-8.2,-3.9,17.1,21.8,32.4,27.2,-13.7,46.8,-87.0,1.2,0.0,-58.591150180941696,133.0,214.0,225.0,32.91,268.16,22,-57.71099358812926,STRONG_DOWN,UPPER_RANGE,MOMENTUM_UP,S0_NEUTRAL,,,,,214.0,225.0,32.91,329.0,4.0,0.0,0.0,0.0,268.16,,,,,,
184,PCAR,Farm & Heavy Construction Machinery,18.8,39.7,-2.3,-14.3,-16.9,-9.8,-6.1,-11.0,-15.5,4.9,10.9,18.8,112.5,-42.1,1.4,95.1,4.529024173523168,165.5,181.0,187.0,54.22,270.82,-16,4.16698659658587,STRONG_DOWN,MID_RANGE,MOMENTUM_DOWN,S5_TRASH,,,,,181.0,187.0,54.22,359.0,4.0,0.0,25.0,0.0,270.82,,,,,,
185,FDX,Industrials,-19.6,57.6,5.1,-4.7,-0.7,14.7,33.0,22.7,14.0,13.2,14.4,-19.6,34.1,-91.7,3.1,0.0,-5000.0,127.1,224.0,238.0,60.03,272.58,56,-4999.610376045357,STRONG_UP,UPPER_RANGE,MOMENTUM_UP,S1_LEADER,,,,,224.0,238.0,60.03,89.0,0.0,0.0,-6.0,0.0,272.58,,,,,,
186,COR,Biotechnology,61.2,37.8,3.1,-22.8,-28.8,-30.0,-30.0,-25.1,-26.2,-8.3,27.0,61.2,218.4,-33.7,1.2,397.0,349.54729509108404,207.9,135.0,141.0,54.78,274.18,-49,347.81528922090234,STRONG_DOWN,MID_RANGE,MOMENTUM_UP,S4_BOTTOMING,,,,,135.0,141.0,54.78,533.0,58.0,0.0,-2.0,0.0,274.18,,,,,,
187,MNST,Beverages - Non-Alcoholic,-12.6,58.5,-2.9,7.1,1.7,4.9,10.2,20.0,7.6,2.2,-2.0,-12.6,35.7,-79.6,1.4,0.0,-0.8499046911069841,134.1,213.0,224.0,83.15,275.05,70,-0.7100763552732234,STRONG_UP,UPPER_RANGE,MOMENTUM_DOWN,S0_NEUTRAL,,,,,213.0,224.0,83.15,123.0,0.0,0.0,0.0,0.0,275.05,,,,,,
188,JBHT,Airlines,-25.6,58.6,-2.4,5.2,8.9,20.7,43.3,35.9,16.2,-3.9,-6.9,-25.6,39.4,-116.6,2.6,0.0,-1.086804426293281,121.1,237.0,253.0,81.87,276.17,163,4998.913195573707,STRONG_UP,UPPER_RANGE,NEUTRAL,S0_NEUTRAL,,,,,237.0,253.0,81.87,59.0,0.0,0.0,0.0,0.0,276.17,,,,,,
189,DRI,Restaurants,-6.4,42.8,0.2,-5.4,-7.7,-1.9,-9.6,-6.9,-13.3,-11.7,-6.4,-6.4,62.3,-57.3,1.4,0.0,25.85919787743676,140.3,206.0,213.0,94.36,277.66,41,25.859131722634363,EARLY_UP,MID_RANGE,MOMENTUM_UP,S2_EARLY_BREAKOUT,,,,,206.0,213.0,94.36,256.0,4.0,0.0,-4.0,0.0,277.66,,,,,,
190,ACGL,Insurance - Diversified,-1.6,30.3,2.7,-6.6,-8.2,-6.5,-10.8,-22.5,-29.7,-9.1,2.2,-1.6,110.1,-49.5,1.4,0.0,140.05166472652172,145.1,199.0,207.0,89.22,278.77,37,140.0509761714873,EARLY_UP,MID_RANGE,NEUTRAL,S0_NEUTRAL,,,,,199.0,207.0,89.22,292.0,14.0,0.0,0.0,0.0,278.77,,,,,,
191,KKR,Asset Management,108.6,25.5,-1.9,-10.6,-11.4,-20.2,-32.9,-45.1,-39.1,-30.3,3.6,108.6,478.9,-17.5,1.4,1014.2,18.542545506063128,255.3,109.0,112.0,41.44,279.29,-83,16.951099066318367,EARLY_DOWN,MID_RANGE,MOMENTUM_DOWN,S5_TRASH,,,,,109.0,112.0,41.44,456.0,58.0,0.0,25.0,0.0,279.29,,,,,,
192,ROST,Apparel Retail,2.6,66.1,3.8,-11.4,-4.0,5.5,18.9,19.5,17.2,23.9,8.5,2.6,37.2,-63.8,2.3,-39.6,-149.52301849559967,149.2,195.0,202.0,22.92,282.22,29,-149.4739842896516,STRONG_DOWN,UPPER_RANGE,MOMENTUM_DOWN,S5_TRASH,,,,,195.0,202.0,22.92,151.0,0.0,0.0,25.0,0.0,282.22,,,,,,
193,PKG,Packaging & Containers,7.4,32.8,0.6,-8.6,-10.3,-6.3,-8.4,-14.8,-13.5,-7.0,2.3,7.4,85.1,-30.1,1.3,86.5,133.03901879529903,154.1,190.0,197.0,84.22,282.32,4,132.9976508198193,EARLY_DOWN,MID_RANGE,MOMENTUM_DOWN,S5_TRASH,,,,,190.0,197.0,84.22,302.0,4.0,0.0,25.0,0.0,282.32,,,,,,
194,ETH-USD,Cryptocurrency,183.4,15.7,-0.9,-11.4,-9.7,-23.6,-34.5,-46.3,-53.7,-67.7,112.5,183.4,1484.0,-71.9,1.6,2348.5,24.804290153044146,295.7,93.0,87.0,74.52,284.07,-112,-251.4478693075562,EARLY_DOWN,LOWER,MOMENTUM_DOWN,S5_TRASH,,,,,93.0,87.0,74.52,466.0,40.0,0.0,25.0,0.0,284.07,,,,,,
195,RTX,Aerospace & Defense,1.3,46.0,4.2,-12.4,-16.5,-13.3,-6.7,9.0,22.5,25.3,26.5,1.3,73.4,-59.3,1.2,30.8,-398.50671264997067,148.0,197.0,204.0,36.77,286.02,19,-396.6964186078815,STRONG_DOWN,MID_RANGE,MOMENTUM_UP,S4_BOTTOMING,,,,,197.0,204.0,36.77,368.0,20.0,0.0,-2.0,0.0,286.02,,,,,,
196,CFG,Banks - Regional,-15.3,47.7,4.9,-7.7,-6.5,-0.7,9.0,18.5,36.4,17.6,14.7,-15.3,47.4,-71.4,1.7,0.0,-5000.0,131.4,217.0,228.0,55.93,287.73,15,-4999.999999998835,EARLY_DOWN,MID_RANGE,MOMENTUM_UP,S4_BOTTOMING,,,,,217.0,228.0,55.93,189.0,4.0,0.0,-2.0,0.0,287.73,,,,,,
197,RCL,Travel Services,56.1,50.2,-0.4,-13.0,-19.4,-17.3,-23.4,-6.8,26.7,111.5,112.0,56.1,219.6,-108.0,1.3,233.4,49.72996779223346,202.8,140.0,147.0,34.71,288.31,-70,48.19760170835459,STRONG_DOWN,UPPER_RANGE,MOMENTUM_DOWN,S5_TRASH,,,,,140.0,147.0,34.71,454.0,58.0,0.0,25.0,0.0,288.31,,,,,,
198,DVN,Oil & Gas E&P,25.6,32.1,-3.8,-13.1,-3.3,9.3,17.5,6.0,-13.7,-21.3,78.5,25.6,286.9,-103.1,1.4,-20.4,0.0005253186111892328,172.3,175.0,182.0,84.21,288.51,51,-17.733439838369616,EARLY_UP,MID_RANGE,NEUTRAL,S0_NEUTRAL,,,,,175.0,182.0,84.21,147.0,0.0,0.0,0.0,0.0,288.51,,,,,,
199,ALNY,Biotechnology,8.6,24.3,3.9,-11.8,-15.0,-25.7,-30.2,-17.7,-12.6,-14.8,-6.9,8.6,206.0,-54.2,1.4,360.6,282.7138085308766,155.3,188.0,195.0,50.89,288.69,-33,282.68261980275446,STRONG_DOWN,MID_RANGE,MOMENTUM_UP,S4_BOTTOMING,,,,,188.0,195.0,50.89,480.0,58.0,0.0,-2.0,0.0,288.69,,,,,,
200,Q,Technology,43.1,100.0,6.1,43.7,45.6,,,,,,,43.1,46.3,-16.0,1.7,5.3,5.3,43.4,421.0,159.0,17.5,288.75,-26,0.0,,,,,,,,,421.0,159.0,17.5,54.0,0.0,71.0,0.0,0.0,288.75,32914402622.22,32.914,297.0,large,equity,data_raw
201,ATO,Natural Gas Utilities,-4.5,50.4,0.1,-13.3,-10.1,-7.8,-8.5,-3.9,-2.4,2.9,-3.2,-4.5,44.9,-54.0,1.3,0.0,2.764837116167859,142.2,203.0,211.0,59.78,288.98,-6,2.764816141631788,STRONG_DOWN,UPPER_RANGE,MOMENTUM_DOWN,S5_TRASH,,,,,203.0,211.0,59.78,331.0,4.0,0.0,25.0,0.0,288.98,,,,,,
202,CSX,Industrials,-2.0,36.6,0.0,-1.9,2.7,10.6,17.2,15.2,4.4,-9.4,-19.7,-2.0,65.1,-59.9,2.7,0.0,-55.7,144.7,200.0,208.0,99.61,291.06,147,4944.3,STRONG_UP,MID_RANGE,MOMENTUM_DOWN,S0_NEUTRAL,,,,,200.0,208.0,99.61,111.0,0.0,0.0,0.0,0.0,291.06,,,,,,
203,FOXA,Entertainment,-6.8,39.3,-3.6,-2.5,-4.3,-8.5,-7.2,6.0,16.9,9.5,-4.4,-6.8,10.2,-73.0,1.4,0.0,-0.014164438693927799,85.6,300.0,215.0,65.82,293.82,131,4999.985835561306,STRONG_UP,MID_RANGE,MOMENTUM_DOWN,S0_NEUTRAL,,,,,300.0,215.0,65.82,244.0,0.0,0.0,0.0,0.0,293.82,,,,,,
204,NI,"Electric, Gas and Multi-Utilities",-23.3,53.5,6.4,-7.7,-5.4,-1.1,-1.4,5.7,13.1,15.8,5.9,-23.3,17.0,-68.5,1.3,0.0,-5000.0,123.4,231.0,246.0,49.14,294.24,50,-4980.4399124923575,STRONG_DOWN,UPPER_RANGE,MOMENTUM_UP,S0_NEUTRAL,,,,,231.0,246.0,49.14,217.0,4.0,0.0,0.0,0.0,294.24,,,,,,
205,DDOG,Software-Infrastructure,57.2,46.9,4.2,61.2,67.5,53.5,51.0,47.2,46.3,34.5,,57.2,147.3,-87.1,1.8,-84.7,-5000.0,141.8,204.0,146.0,61.59,294.74,167,-4980.817542123011,STRONG_UP,MID_RANGE,MOMENTUM_DOWN,S0_NEUTRAL,,,,,204.0,146.0,61.59,19.0,0.0,11.0,0.0,0.0,294.74,,,,,,
206,EOG,Oil & Gas E&P,-30.6,38.8,-1.0,-7.6,2.1,13.1,11.3,0.9,-10.8,-9.5,21.6,-30.6,74.9,-96.5,1.5,0.0,-2.4196454201849646,116.1,246.0,263.0,85.65,295.0,172,4997.580354579815,EARLY_UP,MID_RANGE,NEUTRAL,S0_NEUTRAL,,,,,246.0,263.0,85.65,127.0,0.0,0.0,0.0,0.0,295.0,,,,,,
207,CEG,Electric Utilities,92.7,32.3,6.3,-10.6,-12.0,-19.8,-23.3,-14.3,21.1,,,92.7,236.9,0.0,1.3,457.5,395.7902464495884,149.4,194.0,124.0,29.66,295.06,-66,395.79024644943394,STRONG_DOWN,MID_RANGE,MOMENTUM_DOWN,S5_TRASH,,,,,194.0,124.0,29.66,424.0,58.0,26.0,25.0,0.0,295.06,,,,,,
208,CHRW,Trucking,2.2,65.4,13.4,-5.1,-9.6,-3.6,20.7,42.3,50.0,38.3,29.2,2.2,52.0,-90.7,1.7,-45.6,-5000.0,148.9,196.0,203.0,43.07,296.17,-6,-4999.9999999992015,EARLY_UP,UPPER_RANGE,MOMENTUM_UP,S2_EARLY_BREAKOUT,,,,,196.0,203.0,43.07,164.0,4.0,0.0,-4.0,0.0,296.17,,,,,,
209,NXPI,Semiconductors,-0.2,55.2,4.2,19.0,21.7,27.4,25.4,12.0,1.8,-6.1,1.8,-0.2,56.6,-69.4,1.7,-65.5,-581.6511268965827,146.5,198.0,206.0,72.08,297.58,38,-581.4093605310799,STRONG_UP,UPPER_RANGE,MOMENTUM_DOWN,S0_NEUTRAL,,,,,198.0,206.0,72.08,52.0,0.0,0.0,0.0,0.0,297.58,,,,,,
210,TRV,Property & Casualty Insurance,-14.1,48.5,6.0,-4.9,-4.5,-2.6,-4.3,-2.5,-0.6,2.3,3.8,-14.1,23.6,-48.7,1.4,0.0,-61.744193901593036,132.6,215.0,226.0,88.7,298.25,80,-60.35645674572768,STRONG_UP,MID_RANGE,MOMENTUM_UP,S1_LEADER,,,,,215.0,226.0,88.7,220.0,0.0,0.0,-6.0,0.0,298.25,,,,,,
211,DHI,Residential Construction,28.2,22.3,6.8,-8.0,-11.1,-11.8,-15.2,-25.8,-34.5,-26.1,-12.5,28.2,205.9,-22.5,1.4,290.6,427.8362961004844,174.9,169.0,177.0,80.35,298.25,-20,427.83629605919583,STRONG_DOWN,MID_RANGE,MOMENTUM_DOWN,S5_TRASH,,,,,169.0,177.0,80.35,355.0,40.0,0.0,25.0,0.0,298.25,,,,,,
212,V,Transaction Processing,-34.0,7.3,2.2,-2.3,-3.4,-7.0,-16.1,-18.9,-24.4,-28.3,-43.0,-34.0,57.3,-40.9,2.1,0.0,258.55447772724784,112.7,254.0,272.0,94.77,300.02,-18,35.55989439391439,STRONG_UP,LOWER,NEUTRAL,S0_NEUTRAL,,,,,254.0,272.0,94.77,273.0,10.0,0.0,0.0,0.0,300.02,,,,,,
213,BLDR,Building Materials,28.0,7.9,1.4,-13.8,-26.9,-33.5,-46.4,-66.5,-83.4,-79.0,-39.0,28.0,761.1,-34.7,1.4,3004.4,4218.353008073436,174.7,170.0,178.0,80.38,302.13,-43,4218.119925601217,STRONG_DOWN,LOWER,MOMENTUM_UP,S4_BOTTOMING,,,,,170.0,178.0,80.38,547.0,58.0,0.0,-2.0,0.0,302.13,,,,,,
214,IRDM,Satellite Communications,3.2,38.7,5.6,29.8,66.0,102.9,89.5,61.1,23.9,-16.0,-33.7,3.2,235.3,-142.6,3.7,-209.1,-5000.0,149.9,193.0,201.0,80.0,304.0,122,0.0,STRONG_UP,MID_RANGE,MOMENTUM_UP,S1_LEADER,,,,,193.0,201.0,80.0,15.0,0.0,0.0,-6.0,0.0,304.0,,,,,,
215,PFG,Diversified Financial Services,-19.6,28.4,4.7,0.9,1.2,6.3,9.6,3.8,-4.6,-13.7,-4.0,-19.6,75.3,-56.6,1.7,0.0,-5000.0,127.1,224.0,238.0,84.55,304.0,88,-4996.489399703022,STRONG_UP,MID_RANGE,MOMENTUM_UP,S1_LEADER,,,,,224.0,238.0,84.55,135.0,0.0,0.0,-6.0,0.0,304.0,,,,,,
216,XRP-USD,Cryptocurrency,74.8,13.9,-1.5,-8.2,-12.1,-26.0,-44.9,-5.4,20.5,32.5,90.8,74.8,898.4,-75.3,1.5,2120.8,0.6702228206807207,187.1,154.0,134.0,38.11,304.56,-172,-1095.8511791511503,EARLY_DOWN,LOWER,MOMENTUM_DOWN,S5_TRASH,,,,,154.0,134.0,38.11,497.0,58.0,0.0,25.0,0.0,304.56,,,,,,
217,TTWO,Electronic Gaming & Multimedia,-22.6,16.7,-3.1,6.9,4.8,-3.9,-11.4,-2.9,-4.6,-10.3,-33.0,-22.6,120.1,-50.9,1.4,0.0,-10.470948954930439,124.1,230.0,245.0,81.56,304.56,105,1142.4244866017305,STRONG_UP,LOWER,NEUTRAL,S0_NEUTRAL,,,,,230.0,245.0,81.56,182.0,10.0,0.0,0.0,0.0,304.56,,,,,,
218,DXCM,Healthcare,-66.3,7.4,4.9,8.0,-0.8,2.0,-11.4,-28.4,-54.5,-82.2,-99.4,-66.3,399.3,-102.9,1.9,0.0,5000.0,80.4,317.0,340.0,104.06,305.26,26,2650.5,EARLY_UP,LOWER,MOMENTUM_UP,S4_BOTTOMING,,,,,317.0,340.0,104.06,181.0,10.0,0.0,-2.0,0.0,305.26,,,,,,
219,MCHP,Semiconductors,-33.1,43.0,-4.5,9.9,11.6,25.6,28.8,16.0,-6.0,-23.0,-30.3,-33.1,64.3,-105.7,1.7,0.0,-0.08252259719472076,113.6,251.0,268.0,81.14,305.59,27,-0.04757790074003856,EARLY_DOWN,MID_RANGE,MOMENTUM_DOWN,S5_TRASH,,,,,251.0,268.0,81.14,62.0,0.0,0.0,25.0,0.0,305.59,,,,,,
220,AZO,Auto Parts,32.2,41.6,4.2,-10.2,-12.9,-13.9,-22.9,-24.2,-29.6,-24.4,-4.9,32.2,146.3,-48.7,1.3,226.4,223.55217408581478,178.9,166.0,174.0,75.89,306.14,-38,223.55217399905234,STRONG_DOWN,MID_RANGE,MOMENTUM_DOWN,S5_TRASH,,,,,166.0,174.0,75.89,407.0,40.0,0.0,25.0,0.0,306.14,,,,,,
221,VOO,Unknown,0.0,24.7,0.0,0.5,0.4,0.7,0.4,1.1,1.4,-0.3,-0.1,0.0,7.0,-2.3,1.6,-5.5,-4.6,126.4,226.0,205.0,71.04,306.29,116,0.0,,,,,,,,,226.0,205.0,71.04,163.0,0.0,0.0,0.0,0.0,306.29,1600156336128.0,1600.156,,etf,etf,data_raw
222,UNH,Managed Healthcare,-78.3,14.4,-2.5,13.4,19.3,14.3,9.3,-24.2,-45.5,-67.5,-75.9,-78.3,128.7,-112.7,1.7,0.0,4.2201804925852295,68.4,351.0,371.0,76.62,306.37,2,-37.59133164492315,STRONG_UP,LOWER,MOMENTUM_DOWN,S0_NEUTRAL,,,,,351.0,371.0,76.62,76.0,0.0,0.0,0.0,0.0,306.37,,,,,,
223,ISRG,Health Care Equipment,-2.7,5.8,5.4,-12.8,-16.6,-22.4,-27.3,-34.9,-35.6,-32.5,-35.2,-2.7,156.3,-12.3,1.6,0.0,2353.591109501678,144.0,202.0,210.0,62.89,306.59,-24,2353.5909684521885,STRONG_DOWN,LOWER,MOMENTUM_UP,S4_BOTTOMING,,,,,202.0,210.0,62.89,468.0,58.0,0.0,-2.0,0.0,306.59,,,,,,
224,DE,Agricultural & Construction Machinery,58.6,39.5,-10.8,-15.6,-15.4,-6.4,-8.7,-5.8,-12.9,-23.2,-0.8,58.6,162.8,-9.5,1.3,208.2,9.795210766280971e-08,205.3,138.0,144.0,104.49,307.64,-69,-0.19721854376633333,STRONG_DOWN,MID_RANGE,MOMENTUM_DOWN,S5_TRASH,,,,,138.0,144.0,104.49,353.0,4.0,0.0,25.0,0.0,307.64,,,,,,
225,SPG,Retail REITs,-43.9,49.2,3.5,-3.1,-3.5,-0.2,1.5,0.4,6.8,11.6,19.9,-43.9,9.3,-94.0,1.2,0.0,-316.8413721337103,102.8,275.0,295.0,67.45,308.5,80,-310.4297746653394,EARLY_DOWN,MID_RANGE,MOMENTUM_UP,S4_BOTTOMING,,,,,275.0,295.0,67.45,186.0,0.0,0.0,-2.0,0.0,308.5,,,,,,
226,DAL,Industrials,-65.7,31.0,10.3,2.6,4.9,7.2,17.3,15.8,18.8,18.3,-5.0,-65.7,13.2,-100.5,1.7,0.0,-5000.0,81.0,316.0,339.0,50.67,309.12,33,-4999.999999635973,STRONG_UP,MID_RANGE,MOMENTUM_UP,S1_LEADER,,,,,316.0,339.0,50.67,107.0,0.0,0.0,-6.0,0.0,309.12,,,,,,
227,AME,Electronic Instruments & Controls,4.4,38.2,-9.7,-8.8,-10.0,-4.8,-1.2,-2.8,-10.2,-12.4,-12.5,4.4,46.1,-21.9,2.0,17.5,8.238038247723564e-11,151.1,192.0,200.0,87.73,309.28,-21,-1.5669241180836816e-07,EARLY_DOWN,MID_RANGE,MOMENTUM_DOWN,S5_TRASH,,,,,192.0,200.0,87.73,255.0,4.0,0.0,25.0,0.0,309.28,,,,,,
228,AXP,Consumer Finance,35.5,41.7,-3.1,-8.4,-11.0,-16.3,-17.1,-15.4,-4.5,3.2,16.0,35.5,125.3,-28.1,1.2,190.8,0.002725568987086006,182.2,161.0,170.0,38.33,309.83,-72,0.0026830470532885732,EARLY_DOWN,MID_RANGE,MOMENTUM_DOWN,S5_TRASH,,,,,161.0,170.0,38.33,385.0,58.0,0.0,25.0,0.0,309.83,,,,,,
229,WM,Waste Management,-22.5,8.3,-3.7,-13.5,-12.9,-9.2,-15.7,-20.7,-24.7,-28.5,-30.6,-22.5,60.4,-29.6,1.7,0.0,133.38769186106478,124.2,229.0,244.0,94.54,311.54,-49,-148.30456979532917,EARLY_UP,LOWER,NEUTRAL,S0_NEUTRAL,,,,,229.0,244.0,94.54,373.0,14.0,0.0,0.0,0.0,311.54,,,,,,
230,FOX,Broadcasting & Cable TV,-16.1,34.3,-2.4,-3.1,-5.3,-9.0,-8.6,2.6,12.6,4.4,-13.5,-16.1,4.0,-76.2,1.3,0.0,-0.19095105915403116,76.3,329.0,232.0,66.05,311.7,113,4999.809048940846,STRONG_UP,MID_RANGE,MOMENTUM_DOWN,S0_NEUTRAL,,,,,329.0,232.0,66.05,260.0,4.0,0.0,0.0,0.0,311.7,,,,,,
231,UNP,Railroads,-32.6,25.0,-4.6,-3.8,-2.1,3.4,3.2,-4.0,-13.4,-25.9,-36.7,-32.6,54.8,-61.2,2.2,0.0,-11.058957657180045,114.1,250.0,267.0,91.94,312.49,85,45.97616834509834,STRONG_UP,MID_RANGE,MOMENTUM_DOWN,S0_NEUTRAL,,,,,250.0,267.0,91.94,167.0,0.0,0.0,0.0,0.0,312.49,,,,,,
232,IVZ,Asset Management,-49.2,49.7,-2.0,-0.6,-3.0,-0.0,19.3,34.8,36.7,15.9,17.3,-49.2,8.3,-104.9,1.8,0.0,-2.469642118435476,97.5,280.0,302.0,59.63,313.03,35,-0.9457928437847833,EARLY_DOWN,MID_RANGE,MOMENTUM_DOWN,S5_TRASH,,,,,280.0,302.0,59.63,144.0,0.0,0.0,25.0,0.0,313.03,,,,,,
233,NSC,Industrials,-25.1,24.7,-3.9,-3.3,-3.0,-0.6,1.4,4.1,-1.0,-18.5,-32.3,-25.1,59.6,-52.6,1.4,0.0,-0.3774814010836894,121.6,236.0,252.0,101.54,313.39,90,460.4454432976474,STRONG_UP,MID_RANGE,MOMENTUM_DOWN,S0_NEUTRAL,,,,,236.0,252.0,101.54,187.0,0.0,0.0,0.0,0.0,313.39,,,,,,
234,AKAM,Technology,-64.3,40.7,-3.6,25.3,33.6,47.9,56.6,39.6,17.4,-7.4,-36.5,-64.3,51.4,-142.9,2.4,0.0,-0.00034197203455500015,82.4,311.0,333.0,93.83,314.28,146,4999.999658027966,STRONG_UP,MID_RANGE,MOMENTUM_DOWN,S0_NEUTRAL,,,,,311.0,333.0,93.83,30.0,0.0,0.0,0.0,0.0,314.28,,,,,,
235,EXPD,Air Freight & Logistics,-35.1,32.5,0.9,-0.4,-2.5,0.7,7.2,3.3,-9.1,-22.7,-29.4,-35.1,44.4,-72.8,2.0,0.0,-727.032325519019,111.6,259.0,276.0,80.3,314.55,41,-727.0323186476649,STRONG_UP,MID_RANGE,NEUTRAL,S0_NEUTRAL,,,,,259.0,276.0,80.3,158.0,0.0,0.0,0.0,0.0,314.55,,,,,,
236,AMP,Asset Management,61.3,35.3,-6.1,-8.4,-12.7,-12.3,-21.0,-29.5,-31.6,-25.2,10.5,61.3,218.6,-24.3,1.3,368.0,5.230834879855798e-07,208.0,134.0,140.0,75.33,315.58,-125,-360.08030885437165,EARLY_DOWN,MID_RANGE,MOMENTUM_DOWN,S5_TRASH,,,,,134.0,140.0,75.33,395.0,40.0,0.0,25.0,0.0,315.58,,,,,,
237,CME,Financial Data & Stock Exchanges,-12.1,32.0,-8.1,-9.5,-11.0,-7.1,-10.6,-1.5,-1.8,-5.7,-18.1,-12.1,63.1,-47.0,1.4,0.0,-8.741121844864276e-09,134.6,211.0,222.0,87.84,316.99,80,4999.999999991259,EARLY_UP,MID_RANGE,NEUTRAL,S0_NEUTRAL,,,,,211.0,222.0,87.84,328.0,14.0,0.0,0.0,0.0,316.99,,,,,,
238,0138Y0.KS,Korea ETF (My Portfolio),5.4,58.9,-9.0,6.5,0.7,0.7,0.7,0.7,0.7,0.7,0.7,0.7,10.0,-1.2,1.9,4.3,1.1884457075437794e-129,7.3,488.0,198.0,64.96,317.16,23,-2.7859490637598576e-50,,,,,,,,,488.0,198.0,64.96,154.0,0.0,0.0,0.0,0.0,317.16,323.0,0.0,,etf,etf,data_raw
239,ALB,Specialty Chemicals,-60.3,25.5,-3.7,-16.8,-13.3,7.2,68.2,65.6,28.4,-24.8,-23.6,-60.3,194.3,-146.7,2.6,0.0,-0.0001240608167986837,86.4,299.0,323.0,65.46,317.56,-3,-0.00012330819110495703,EARLY_DOWN,MID_RANGE,MOMENTUM_DOWN,S5_TRASH,,,,,299.0,323.0,65.46,85.0,4.0,0.0,25.0,0.0,317.56,,,,,,
240,PLD,Industrial REITs,-29.3,18.2,2.9,-2.8,-2.2,1.0,7.0,1.7,-11.8,-30.9,-40.2,-29.3,112.7,-60.3,1.8,0.0,-3222.0288633425284,117.4,242.0,259.0,85.61,319.31,62,-3220.348425056108,STRONG_UP,LOWER,MOMENTUM_UP,S0_NEUTRAL,,,,,242.0,259.0,85.61,160.0,0.0,0.0,0.0,0.0,319.31,,,,,,
241,APA,Oil & Gas E&P,-71.8,32.0,-2.2,-14.1,6.9,26.0,52.0,40.3,11.1,-10.0,7.8,-71.8,62.8,-136.0,2.9,0.0,-0.045671062216384756,74.9,332.0,356.0,83.33,320.88,158,4999.954328937783,EARLY_UP,MID_RANGE,NEUTRAL,S0_NEUTRAL,,,,,332.0,356.0,83.33,65.0,0.0,0.0,0.0,0.0,320.88,,,,,,
242,VRSN,Technology,-50.7,25.5,2.4,8.9,15.4,15.7,3.8,13.8,2.1,-15.6,-42.4,-50.7,78.8,-94.3,1.7,0.0,-290.37732926842364,96.0,283.0,306.0,89.01,321.01,114,-89.97735735920824,STRONG_UP,MID_RANGE,NEUTRAL,S0_NEUTRAL,,,,,283.0,306.0,89.01,87.0,0.0,0.0,0.0,0.0,321.01,,,,,,
243,GM,Automobiles,-26.3,47.3,4.7,-5.8,-9.3,-7.3,8.7,19.8,32.7,18.6,9.6,-26.3,32.7,-83.2,1.9,0.0,-5000.0,120.4,238.0,255.0,48.93,321.98,-28,-4999.999248659761,STRONG_DOWN,MID_RANGE,MOMENTUM_DOWN,S5_TRASH,,,,,238.0,255.0,48.93,213.0,4.0,0.0,25.0,0.0,321.98,,,,,,
244,NEE,Electric Utilities,-23.4,22.9,-8.0,-13.6,-10.8,-4.9,1.9,-0.4,-3.0,-22.2,-36.7,-23.4,77.1,-52.8,2.0,0.0,-0.004909700855813556,123.3,232.0,247.0,74.73,323.28,42,1459.9428015960734,EARLY_DOWN,MID_RANGE,MOMENTUM_DOWN,S5_TRASH,,,,,232.0,247.0,74.73,261.0,4.0,0.0,25.0,0.0,323.28,,,,,,
245,MA,Data Processing & Outsourced Services,-23.4,4.7,0.9,-7.0,-10.0,-13.8,-22.8,-27.7,-34.2,-38.7,-52.9,-23.4,99.1,-29.4,1.7,0.0,3411.898303229491,123.3,232.0,247.0,113.45,323.4,-61,1293.4524478679978,EARLY_UP,LOWER,MOMENTUM_UP,S4_BOTTOMING,,,,,232.0,247.0,113.45,389.0,22.0,0.0,-2.0,0.0,323.4,,,,,,
246,ADM,Farm Products,-66.7,21.0,-3.8,-2.8,1.7,10.3,17.1,14.6,-7.0,-34.4,-39.5,-66.7,93.3,-108.6,1.7,0.0,-3.562873365123031e-05,80.0,320.0,344.0,87.52,324.17,138,4999.999964371266,STRONG_UP,MID_RANGE,MOMENTUM_DOWN,S0_NEUTRAL,,,,,320.0,344.0,87.52,115.0,0.0,0.0,0.0,0.0,324.17,,,,,,
247,DD,Specialty Chemicals,-59.0,37.2,-8.0,-6.2,-6.4,3.4,21.4,19.0,14.9,9.1,-0.3,-59.0,17.9,-103.7,2.5,0.0,-1.2035782774899589e-06,87.7,297.0,321.0,65.18,324.38,47,60.592036945701444,EARLY_DOWN,MID_RANGE,MOMENTUM_DOWN,S5_TRASH,,,,,297.0,321.0,65.18,149.0,4.0,0.0,25.0,0.0,324.38,,,,,,
248,EVRG,Utilities,-43.3,35.3,6.7,-6.7,-5.0,-1.4,1.0,10.6,13.9,1.7,-14.1,-43.3,19.6,-76.9,1.5,0.0,-5000.0,103.4,274.0,294.0,70.49,324.59,58,-4995.683463027755,STRONG_UP,MID_RANGE,MOMENTUM_UP,S1_LEADER,,,,,274.0,294.0,70.49,208.0,0.0,0.0,-6.0,0.0,324.59,,,,,,
249,UAL,Industrials,-66.9,33.7,7.0,-2.0,-7.1,-8.9,-6.0,8.4,22.7,26.7,2.4,-66.9,37.9,-119.5,1.3,0.0,-985.0642996136231,79.8,321.0,345.0,44.31,324.91,51,-971.7208164161899,EARLY_DOWN,MID_RANGE,MOMENTUM_UP,S4_BOTTOMING,,,,,321.0,345.0,44.31,253.0,4.0,0.0,-2.0,0.0,324.91,,,,,,
250,KR,Grocery Stores,-21.3,27.1,2.0,-11.2,-7.7,-5.4,-12.4,-10.3,-10.8,-12.3,-1.7,-21.3,65.1,-52.7,1.5,0.0,0.5016678660059815,125.4,228.0,243.0,98.72,326.12,-15,0.35997760360646824,EARLY_UP,MID_RANGE,NEUTRAL,S0_NEUTRAL,,,,,228.0,243.0,98.72,312.0,14.0,0.0,0.0,0.0,326.12,,,,,,
251,TMUS,Telecommunication Services,-20.4,4.8,3.4,-12.8,-13.7,-14.3,-26.1,-31.4,-30.7,-32.3,-34.3,-20.4,136.2,-27.7,1.9,0.0,5000.0,126.3,227.0,240.0,101.37,326.82,-53,4906.969025162707,STRONG_DOWN,LOWER,MOMENTUM_UP,S4_BOTTOMING,,,,,227.0,240.0,101.37,426.0,40.0,0.0,-2.0,0.0,326.82,,,,,,
252,CVX,Oil & Gas Integrated,-34.2,23.7,-0.9,-9.7,-6.2,3.0,6.7,2.8,-8.5,-13.8,-8.7,-34.2,68.2,-65.3,1.9,0.0,-5.363596342053628,112.5,257.0,275.0,97.88,326.93,140,4994.636403657946,EARLY_UP,MID_RANGE,NEUTRAL,S0_NEUTRAL,,,,,257.0,275.0,97.88,188.0,4.0,0.0,0.0,0.0,326.93,,,,,,
253,KO,Soft Drinks,-41.5,28.0,-0.5,-3.2,-2.4,2.5,1.1,0.9,-3.2,-11.6,-21.2,-41.5,15.3,-63.0,1.8,0.0,-33.899115096688995,105.2,269.0,288.0,93.35,327.15,137,4966.100884903311,STRONG_UP,MID_RANGE,NEUTRAL,S0_NEUTRAL,,,,,269.0,288.0,93.35,173.0,0.0,0.0,0.0,0.0,327.15,,,,,,
254,CTRA,Oil & Gas E&P,-54.0,32.0,-13.8,-12.9,-4.9,5.7,10.2,3.8,-8.9,-8.1,-5.7,-54.0,47.1,-103.3,1.6,0.0,-4.87346607157281e-194,89.7,293.0,314.0,97.55,327.2,35,2.1973641347917603e-74,STRONG_UP,MID_RANGE,NEUTRAL,S0_NEUTRAL,,,,,293.0,314.0,97.55,168.0,0.0,0.0,0.0,0.0,327.2,24724652557.46,24.725,359.0,other,equity,data_raw
255,AJG,Insurance Brokers,-16.5,6.8,2.9,-10.4,-15.6,-20.1,-35.8,-47.4,-56.5,-57.5,-49.7,-16.5,215.4,-33.0,1.9,0.0,5000.0,130.2,220.0,233.0,81.15,329.25,-97,0.0,EARLY_UP,LOWER,MOMENTUM_UP,S4_BOTTOMING,,,,,220.0,233.0,81.15,478.0,58.0,0.0,-2.0,0.0,329.25,,,,,,
256,SNA,Tools & Accessories,-18.8,32.6,2.8,-10.6,-10.6,-6.5,-6.0,-7.8,-13.2,-8.3,1.3,-18.8,29.6,-41.8,1.4,0.0,0.8328148597120675,127.9,222.0,236.0,93.67,329.82,-24,0.8324828434841743,STRONG_DOWN,MID_RANGE,MOMENTUM_DOWN,S5_TRASH,,,,,222.0,236.0,93.67,299.0,4.0,0.0,25.0,0.0,329.82,,,,,,
257,F,Auto Manufacturers,-48.5,22.8,1.4,9.1,1.1,1.4,7.4,9.8,-3.8,-20.0,-10.0,-48.5,98.7,-91.2,1.5,0.0,-5000.0,98.2,279.0,301.0,85.0,331.55,102,0.0,STRONG_UP,MID_RANGE,MOMENTUM_UP,S1_LEADER,,,,,279.0,301.0,85.0,140.0,0.0,0.0,-6.0,0.0,331.55,,,,,,
258,ADP,Industrials,-76.0,7.3,2.1,-2.2,-5.8,-12.1,-27.1,-36.3,-44.6,-55.7,-65.6,-76.0,62.9,-86.5,2.3,0.0,5000.0,70.7,337.0,360.0,81.77,333.12,37,4999.999995685671,STRONG_UP,LOWER,NEUTRAL,S0_NEUTRAL,,,,,337.0,360.0,81.77,362.0,22.0,0.0,0.0,0.0,333.12,,,,,,
259,RJF,Investment Banking & Brokerage,13.6,34.3,-5.4,-7.6,-10.4,-11.6,-17.1,-18.9,-19.0,-19.5,3.1,13.6,106.2,-34.2,1.2,173.0,1.253550477633402,160.3,184.0,190.0,79.78,333.68,-92,-30.87251900943007,EARLY_DOWN,MID_RANGE,MOMENTUM_DOWN,S5_TRASH,,,,,184.0,190.0,79.78,358.0,40.0,0.0,25.0,0.0,333.68,,,,,,
260,CRH,Building Materials,40.4,44.7,-3.8,-16.9,-20.6,-22.8,-21.8,-19.2,-10.8,20.5,37.3,40.4,147.4,-45.2,1.2,220.2,0.003036787295187892,187.1,154.0,164.0,54.22,334.42,-103,0.0030366945697049385,STRONG_DOWN,MID_RANGE,MOMENTUM_DOWN,S5_TRASH,,,,,154.0,164.0,54.22,476.0,58.0,0.0,25.0,0.0,334.42,,,,,,
261,HAL,Oil & Gas Equipment & Services,-77.1,34.9,-0.2,-2.6,5.5,22.9,47.9,29.9,4.4,-9.3,1.4,-77.1,34.8,-138.6,2.7,0.0,-101.84605084360084,69.5,341.0,365.0,83.33,335.83,154,4616.9853222112915,STRONG_UP,MID_RANGE,NEUTRAL,S0_NEUTRAL,,,,,341.0,365.0,83.33,63.0,0.0,0.0,0.0,0.0,335.83,,,,,,
262,HCA,Hospitals,43.9,34.2,-11.4,-21.5,-26.0,-26.2,-22.6,-20.0,-21.9,-18.2,4.4,43.9,180.8,-26.7,1.3,298.5,7.93003080743916e-06,190.5,149.0,157.0,52.89,336.29,-117,-0.3055316126574291,STRONG_DOWN,MID_RANGE,MOMENTUM_DOWN,S5_TRASH,,,,,149.0,157.0,52.89,509.0,58.0,0.0,25.0,0.0,336.29,,,,,,
263,WST,Healthcare,-42.2,12.5,2.2,6.9,14.8,10.6,12.7,-7.5,-32.3,-57.4,-65.7,-42.2,240.6,-82.2,1.5,0.0,-86.3667106644037,104.5,271.0,291.0,89.27,336.92,67,-44.6486245331945,EARLY_DOWN,LOWER,MOMENTUM_DOWN,S5_TRASH,,,,,271.0,291.0,89.27,82.0,0.0,0.0,25.0,0.0,336.92,,,,,,
264,BAC,Diversified Banks,-28.3,20.7,6.4,-7.6,-7.6,-9.8,-8.2,-4.3,4.2,-9.1,-16.1,-28.3,46.0,-47.9,1.3,0.0,-5000.0,118.4,239.0,256.0,77.84,337.09,-4,-4999.999999999999,EARLY_DOWN,MID_RANGE,MOMENTUM_UP,S4_BOTTOMING,,,,,239.0,256.0,77.84,298.0,4.0,0.0,-2.0,0.0,337.09,,,,,,
265,GL,Insurance - Life,-58.6,47.5,0.4,-1.2,0.4,3.4,2.1,12.1,-1.1,-11.6,-27.3,-58.6,15.6,-125.1,1.2,0.0,-149.48999306809358,88.1,295.0,319.0,90.99,337.29,105,35.15396270105097,STRONG_UP,MID_RANGE,MOMENTUM_DOWN,S0_NEUTRAL,,,,,295.0,319.0,90.99,157.0,0.0,0.0,0.0,0.0,337.29,,,,,,
266,BG,Food Products,-33.2,32.9,-2.7,-12.9,-8.9,3.6,16.1,10.7,-6.2,-22.3,-8.1,-33.2,82.2,-88.8,2.1,0.0,-0.005790097350102809,113.5,252.0,269.0,94.02,338.67,4,-0.0057368176500281415,STRONG_DOWN,MID_RANGE,MOMENTUM_DOWN,S5_TRASH,,,,,252.0,269.0,94.02,171.0,4.0,0.0,25.0,0.0,338.67,,,,,,
267,DOV,Diversified Machinery,-9.0,30.7,-4.6,-12.1,-10.9,-5.0,-2.8,-10.1,-13.3,-22.2,-24.9,-9.0,62.8,-40.4,2.0,0.0,8.094595783579372e-05,137.7,208.0,218.0,108.96,341.31,-24,8.093137616229871e-05,EARLY_DOWN,MID_RANGE,MOMENTUM_DOWN,S5_TRASH,,,,,208.0,218.0,108.96,281.0,4.0,0.0,25.0,0.0,341.31,,,,,,
268,CB,Insurance - Property & Casualty,-23.4,35.3,3.8,-7.1,-6.1,-1.6,-2.3,-6.2,-6.9,-6.0,-2.5,-23.4,25.9,-49.7,1.6,0.0,-5000.0,123.3,232.0,247.0,98.85,341.45,5,-4999.999994919158,EARLY_UP,MID_RANGE,MOMENTUM_UP,S2_EARLY_BREAKOUT,,,,,232.0,247.0,98.85,224.0,4.0,0.0,-4.0,0.0,341.45,,,,,,
269,AEP,Electric Utilities,-34.0,33.4,5.9,-9.5,-6.3,-2.4,0.5,7.4,10.5,1.0,-15.0,-34.0,33.7,-67.3,1.6,0.0,-5000.0,112.7,254.0,272.0,61.76,344.01,-21,-4999.999998976371,STRONG_DOWN,MID_RANGE,MOMENTUM_DOWN,S5_TRASH,,,,,254.0,272.0,61.76,225.0,4.0,0.0,25.0,0.0,344.01,,,,,,
270,CMG,Restaurants,-42.5,3.8,-0.1,-8.2,-14.9,-14.1,-30.9,-53.6,-67.3,-75.3,-79.5,-42.5,293.4,-55.3,1.8,0.0,2000.1178602317466,104.1,273.0,292.0,86.76,344.31,-41,1996.58887170106,EARLY_UP,LOWER,NEUTRAL,S0_NEUTRAL,,,,,273.0,292.0,86.76,438.0,40.0,0.0,0.0,0.0,344.31,,,,,,
271,NOW,Software,-30.0,6.8,2.2,-5.6,-12.3,-28.1,-47.1,-61.2,-70.7,-79.4,-91.5,-30.0,347.6,-56.8,1.6,0.0,3664.353438162005,116.7,245.0,262.0,73.12,344.37,-106,-1335.6465618379948,EARLY_UP,LOWER,NEUTRAL,S0_NEUTRAL,,,,,245.0,262.0,73.12,504.0,58.0,0.0,0.0,0.0,344.37,,,,,,
272,JOBY,Airports & Air Services,-11.9,16.8,-0.3,10.9,2.0,-14.8,-17.8,12.0,7.3,-0.6,,-11.9,149.0,-87.6,1.7,0.0,-31.551111070500507,53.7,389.0,221.0,55.88,344.68,-14,-31.404037002149487,STRONG_UP,LOWER,MOMENTUM_DOWN,S0_NEUTRAL,,,,,389.0,221.0,55.88,241.0,18.0,11.0,0.0,0.0,344.68,,,,,,
273,160580.KS,Commodity,-41.2,34.4,1.7,-0.0,-0.9,3.1,10.4,9.8,5.8,-7.5,-11.9,-41.2,32.3,-78.9,1.8,0.0,-5000.0,105.5,268.0,287.0,98.1,346.0,67,0.0,STRONG_UP,MID_RANGE,MOMENTUM_DOWN,S0_NEUTRAL,,,,,268.0,287.0,98.1,146.0,0.0,0.0,0.0,0.0,346.0,,,,,,
274,AON,Insurance Brokers,-67.5,5.2,1.9,-5.7,-9.4,-12.2,-21.0,-29.6,-41.8,-54.3,-63.2,-67.5,64.2,-74.3,2.8,0.0,942.7887662681017,79.2,324.0,348.0,93.55,346.95,-10,939.7468208013388,EARLY_UP,LOWER,MOMENTUM_UP,S4_BOTTOMING,,,,,324.0,348.0,93.55,364.0,22.0,0.0,-2.0,0.0,346.95,,,,,,
275,COF,Diversified Banks,-15.1,26.1,-1.3,-9.0,-13.2,-19.1,-23.7,-19.7,-11.2,-13.7,-2.3,-15.1,92.5,-52.5,1.3,0.0,0.8757301777956781,131.6,216.0,227.0,69.22,347.47,-62,0.8757293958570876,STRONG_DOWN,MID_RANGE,MOMENTUM_UP,S4_BOTTOMING,,,,,216.0,227.0,69.22,423.0,58.0,0.0,-2.0,0.0,347.47,,,,,,
276,BLK,Asset Management,-15.8,7.7,-7.7,-2.6,-6.4,-7.2,-11.7,-11.2,-10.5,-16.9,-15.2,-15.8,46.8,-21.6,1.6,0.0,6.515719354478397e-10,130.9,219.0,230.0,101.53,349.33,-84,-72.26946607202122,EARLY_DOWN,LOWER,MOMENTUM_DOWN,S5_TRASH,,,,,219.0,230.0,101.53,271.0,14.0,0.0,25.0,0.0,349.33,,,,,,
277,WBD,Entertainment,-95.0,24.0,-0.1,-8.7,-9.6,-5.4,50.5,108.4,98.2,42.0,-16.2,-95.0,140.4,-168.4,1.9,0.0,-405.3267974959447,51.7,396.0,416.0,57.12,349.42,85,-67.50295923482196,EARLY_UP,MID_RANGE,NEUTRAL,S0_NEUTRAL,,,,,396.0,416.0,57.12,118.0,4.0,0.0,0.0,0.0,349.42,,,,,,
278,EQIX,Data Center REITs,-31.3,37.7,2.4,-3.9,5.2,16.2,15.3,7.1,-3.8,-13.7,-29.0,-31.3,57.8,-85.6,2.6,0.0,-5000.0,115.4,247.0,264.0,93.73,350.03,15,-4999.12509008184,EARLY_DOWN,MID_RANGE,MOMENTUM_DOWN,S5_TRASH,,,,,247.0,264.0,93.73,101.0,0.0,0.0,25.0,0.0,350.03,,,,,,
279,LYB,Specialty Chemicals,-61.8,29.7,-7.1,-15.8,5.0,22.8,18.2,-11.5,-33.4,-44.3,-41.1,-61.8,80.7,-121.2,2.6,0.0,-0.0010419872442810668,84.9,304.0,328.0,96.42,350.52,60,40.78420186325023,STRONG_DOWN,MID_RANGE,MOMENTUM_DOWN,S5_TRASH,,,,,304.0,328.0,96.42,102.0,0.0,0.0,25.0,0.0,350.52,,,,,,
280,CPRT,Specialty Business Services,-41.5,4.5,4.2,-4.4,-12.3,-17.3,-33.5,-52.0,-66.7,-74.4,-84.3,-41.5,215.5,-53.2,2.3,0.0,5000.0,105.2,269.0,288.0,86.58,351.48,-84,4826.716969632309,EARLY_DOWN,LOWER,MOMENTUM_UP,S4_BOTTOMING,,,,,269.0,288.0,86.58,435.0,58.0,0.0,-2.0,0.0,351.48,,,,,,
281,HST,Hotel & Resort REITs,-71.9,31.2,5.3,3.5,6.7,14.8,20.5,15.6,4.6,-8.7,-22.7,-71.9,13.8,-111.1,2.5,0.0,-5000.0,74.8,333.0,357.0,90.31,353.16,38,-4999.999953153154,STRONG_UP,MID_RANGE,MOMENTUM_UP,S1_LEADER,,,,,333.0,357.0,90.31,84.0,0.0,0.0,-6.0,0.0,353.16,,,,,,
282,CVS,Healthcare,-89.7,34.9,-3.7,13.0,13.1,11.9,14.2,24.1,8.9,-22.1,-37.6,-89.7,8.4,-141.5,1.3,0.0,-0.00397682011695042,57.0,380.0,400.0,93.85,353.35,153,4999.996023179883,STRONG_UP,MID_RANGE,MOMENTUM_DOWN,S0_NEUTRAL,,,,,380.0,400.0,93.85,78.0,0.0,0.0,0.0,0.0,353.35,,,,,,
283,ELV,Healthcare,-89.2,11.1,-1.1,9.4,9.4,9.4,2.1,-21.4,-41.8,-64.5,-77.1,-89.2,105.9,-113.2,2.4,0.0,-7.1696125259759445,57.5,377.0,397.0,85.81,353.81,146,4992.830387474024,STRONG_UP,LOWER,MOMENTUM_DOWN,S0_NEUTRAL,,,,,377.0,397.0,85.81,109.0,0.0,0.0,0.0,0.0,353.81,,,,,,
284,TDY,Aerospace & Defense,-5.3,18.4,-3.6,-11.7,-13.0,-3.1,-3.9,-1.1,-8.4,-23.9,-38.5,-5.3,109.5,-31.1,1.7,0.0,-0.41825645968007347,141.4,205.0,212.0,113.93,354.23,-10,4.340763590715565,STRONG_DOWN,LOWER,MOMENTUM_DOWN,S5_TRASH,,,,,205.0,212.0,113.93,287.0,4.0,0.0,25.0,0.0,354.23,,,,,,
285,MCO,Credit Rating & Analytics,-18.8,7.1,6.2,-8.6,-13.2,-15.4,-21.6,-27.8,-31.5,-37.1,-45.4,-18.8,88.4,-27.0,1.4,0.0,4179.734058011433,127.9,222.0,236.0,85.75,355.4,-59,4179.635288023842,EARLY_DOWN,LOWER,MOMENTUM_DOWN,S5_TRASH,,,,,222.0,236.0,85.75,405.0,58.0,0.0,25.0,0.0,355.4,,,,,,
286,ONDO-USD,Decentralized Finance,-50.0,6.9,3.1,51.2,51.4,20.2,-22.4,-54.3,,,,-50.0,250.6,-121.4,2.2,0.0,5000.0,-21.5,537.0,305.0,77.14,355.69,-8,4984.029655343422,STRONG_UP,LOWER,MOMENTUM_UP,S0_NEUTRAL,,,,,537.0,305.0,77.14,50.0,10.0,47.0,0.0,0.0,355.69,,,,,,
287,MET,Financials,-51.6,13.6,8.4,4.3,4.8,2.9,-3.7,-12.8,-16.9,-28.2,-28.2,-51.6,42.0,-65.9,2.4,0.0,-5000.0,95.1,287.0,310.0,98.95,357.25,145,0.0,STRONG_UP,LOWER,MOMENTUM_UP,S0_NEUTRAL,,,,,287.0,310.0,98.95,153.0,0.0,0.0,0.0,0.0,357.25,,,,,,
288,SBUX,Restaurants,-78.3,18.4,-3.6,-1.5,1.0,9.1,8.0,1.8,-13.3,-33.1,-55.0,-78.3,47.2,-105.9,1.9,0.0,-11.11662624976881,68.4,351.0,371.0,94.37,357.27,78,111.37138957262695,STRONG_UP,LOWER,MOMENTUM_DOWN,S0_NEUTRAL,,,,,351.0,371.0,94.37,141.0,0.0,0.0,0.0,0.0,357.27,,,,,,
289,CBRE,Real Estate Services,-18.4,11.3,0.7,-13.3,-19.1,-22.0,-25.4,-23.3,-19.5,-27.6,-23.8,-18.4,80.4,-30.4,1.3,0.0,618.4916836508655,128.3,221.0,235.0,71.78,358.03,-70,618.4916836508654,STRONG_DOWN,LOWER,MOMENTUM_DOWN,S5_TRASH,,,,,221.0,235.0,71.78,472.0,58.0,0.0,25.0,0.0,358.03,,,,,,
290,BEN,Asset Management,-97.7,20.8,-4.5,8.9,8.6,16.2,18.2,22.0,4.9,-18.1,-36.9,-97.7,9.6,-125.3,1.6,0.0,-2.5512479537704185e-05,49.0,402.0,422.0,90.89,358.19,149,4999.99997448752,STRONG_UP,MID_RANGE,MOMENTUM_DOWN,S0_NEUTRAL,,,,,402.0,422.0,90.89,80.0,0.0,0.0,0.0,0.0,358.19,,,,,,
291,DLR,Real Estate,-38.1,29.8,4.6,-6.0,0.9,7.0,2.9,2.4,5.6,1.0,-16.9,-38.1,38.9,-70.1,1.6,0.0,-5000.0,108.6,263.0,281.0,86.87,358.67,-16,-4999.999994500457,EARLY_DOWN,MID_RANGE,MOMENTUM_DOWN,S5_TRASH,,,,,263.0,281.0,86.87,155.0,0.0,0.0,25.0,0.0,358.67,,,,,,
292,FITB,Banks - Regional,-29.1,22.8,6.6,-7.0,-8.0,-2.9,-0.8,-3.9,4.7,-11.2,-9.0,-29.1,50.1,-51.9,1.5,0.0,-5000.0,117.6,241.0,258.0,110.07,360.02,-1,-4999.999999976553,EARLY_DOWN,MID_RANGE,MOMENTUM_UP,S4_BOTTOMING,,,,,241.0,258.0,110.07,230.0,4.0,0.0,-2.0,0.0,360.02,,,,,,
293,SLB,Oil & Gas Equipment & Services,-85.2,32.9,2.7,-0.7,3.2,21.7,33.6,18.9,-5.2,-12.8,-5.9,-85.2,19.0,-135.4,2.4,0.0,-1326.3273143531703,61.5,373.0,393.0,91.23,360.93,133,153.8011103145061,STRONG_UP,MID_RANGE,MOMENTUM_UP,S1_LEADER,,,,,373.0,393.0,91.23,75.0,0.0,0.0,-6.0,0.0,360.93,,,,,,
294,CRCL,,11.2,21.3,8.0,21.2,41.0,35.7,,,,,,11.2,213.2,-73.3,2.1,0.0,0.0,20.2,466.0,191.0,69.34,361.24,-31,0.0,STRONG_UP,MID_RANGE,MOMENTUM_UP,S1_LEADER,,,,,466.0,191.0,69.34,48.0,0.0,68.0,-6.0,0.0,361.24,27312098989.64,27.312,332.0,other,equity,data_raw
295,L,Financials,-39.6,27.5,6.7,-8.1,-7.3,-5.8,-4.5,-2.6,-2.8,-2.0,-2.7,-39.6,9.9,-65.1,1.4,0.0,-5000.0,107.1,264.0,282.0,98.75,361.3,17,-4999.7546712585,EARLY_UP,MID_RANGE,MOMENTUM_UP,S2_EARLY_BREAKOUT,,,,,264.0,282.0,98.75,257.0,4.0,0.0,-4.0,0.0,361.3,,,,,,
296,PNC,Financials,-29.0,27.5,5.1,-6.2,-6.4,-1.5,-0.9,-3.2,4.2,-8.6,-11.0,-29.0,32.0,-51.9,1.5,0.0,-5000.0,117.7,240.0,257.0,114.43,361.83,12,-4999.98107714234,STRONG_DOWN,MID_RANGE,MOMENTUM_UP,S4_BOTTOMING,,,,,240.0,257.0,114.43,216.0,4.0,0.0,-2.0,0.0,361.83,,,,,,
297,MRK,Pharmaceuticals,-56.2,25.4,3.9,-8.6,-8.5,-0.1,10.0,-5.5,-23.4,-30.7,-44.0,-56.2,61.4,-95.8,2.4,0.0,-5000.0,90.4,292.0,316.0,97.0,363.9,58,-4881.5,EARLY_UP,MID_RANGE,MOMENTUM_UP,S2_EARLY_BREAKOUT,,,,,292.0,316.0,97.0,194.0,4.0,0.0,-4.0,0.0,363.9,,,,,,
298,DTE,Electric Power Generation,-35.2,7.2,5.4,-11.0,-8.4,-4.8,-9.3,-10.6,-13.8,-23.8,-30.6,-35.2,45.4,-41.1,2.0,0.0,-5000.0,111.5,260.0,277.0,97.49,365.74,76,0.0,STRONG_DOWN,LOWER,MOMENTUM_UP,S4_BOTTOMING,,,,,260.0,277.0,97.49,295.0,4.0,0.0,-2.0,0.0,365.74,,,,,,
299,ZS,Technology,-36.2,6.7,1.7,15.5,4.3,-16.0,-36.1,-39.5,-47.9,-67.8,-64.2,-36.2,408.1,-84.4,1.9,0.0,554.2676441573162,71.3,336.0,278.0,116.02,368.32,-68,-698.3294870656373,STRONG_UP,LOWER,NEUTRAL,S0_NEUTRAL,,,,,336.0,278.0,116.02,306.0,36.0,0.0,0.0,0.0,368.32,,,,,,
300,HOLX,Healthcare,-80.8,18.9,-0.3,2.4,4.1,5.9,7.3,-6.0,-21.6,-39.3,-55.6,-80.8,38.3,-108.0,1.8,0.0,-1.4382348918743122e-06,39.2,431.0,380.0,95.65,368.5,52,0.16613914237771793,STRONG_UP,LOWER,MOMENTUM_UP,S0_NEUTRAL,,,,,431.0,380.0,95.65,130.0,0.0,0.0,0.0,0.0,368.5,16968845705.95,16.969,430.0,other,equity,data_raw
301,AMGN,Biotechnology,-36.3,24.9,6.1,-9.3,-11.5,-6.7,-2.4,-4.8,-8.3,-10.6,-21.3,-36.3,33.9,-59.1,1.8,0.0,-5000.0,110.4,261.0,279.0,101.89,368.54,14,-4996.486102647627,STRONG_DOWN,MID_RANGE,MOMENTUM_UP,S4_BOTTOMING,,,,,261.0,279.0,101.89,280.0,4.0,0.0,-2.0,0.0,368.54,,,,,,
302,JNJ,Pharmaceuticals,-44.2,39.4,3.0,-9.7,-9.9,-2.7,8.0,13.9,5.5,-8.1,-21.5,-44.2,20.1,-85.4,2.0,0.0,-5000.0,102.5,276.0,297.0,107.27,369.07,94,0.0,EARLY_UP,MID_RANGE,MOMENTUM_UP,S2_EARLY_BREAKOUT,,,,,276.0,297.0,107.27,212.0,4.0,0.0,-4.0,0.0,369.07,,,,,,
303,BRK-B,Diversified Financial Services,-49.6,1.3,-2.6,-7.3,-8.8,-10.3,-17.3,-22.9,-27.7,-28.8,-30.9,-49.6,42.5,-50.6,2.6,0.0,-0.0002653578947278166,97.1,282.0,304.0,94.6,371.65,11,1.9347704874485405,STRONG_UP,LOWER,NEUTRAL,S0_NEUTRAL,,,,,282.0,304.0,94.6,349.0,22.0,0.0,0.0,0.0,371.65,,,,,,
304,RF,Regional Banks,-32.1,17.5,6.9,-6.5,-7.4,-3.8,-2.7,-2.6,-1.6,-16.6,-13.9,-32.1,47.5,-51.4,1.4,0.0,-5000.0,114.6,248.0,265.0,117.83,371.68,17,-4999.945642526309,EARLY_DOWN,LOWER,MOMENTUM_UP,S4_BOTTOMING,,,,,248.0,265.0,117.83,235.0,4.0,0.0,-2.0,0.0,371.68,,,,,,
305,CTVA,Agricultural Inputs,-6.8,16.8,-6.3,-12.2,-8.0,1.0,-2.1,0.3,-5.5,-17.3,-6.8,-6.8,72.0,-65.1,1.6,0.0,-1.1939727040079596e-06,83.2,308.0,215.0,118.84,372.14,21,4887.7046016878785,STRONG_DOWN,LOWER,MOMENTUM_DOWN,S5_TRASH,,,,,308.0,215.0,118.84,234.0,4.0,0.0,25.0,0.0,372.14,,,,,,
306,CINF,Insurance - Property & Casualty,-36.6,16.6,1.3,-2.9,-3.5,-3.8,-5.7,-5.9,-4.1,-12.6,-19.5,-36.6,38.9,-51.3,1.4,0.0,-5000.0,110.1,262.0,280.0,117.39,373.34,103,0.0,STRONG_UP,LOWER,NEUTRAL,S0_NEUTRAL,,,,,262.0,280.0,117.39,219.0,0.0,0.0,0.0,0.0,373.34,,,,,,
307,KIM,Real Estate,-68.3,16.3,6.6,-3.2,-1.4,4.0,2.3,-1.9,-7.2,-23.7,-27.3,-68.3,15.2,-83.9,2.0,0.0,-5000.0,78.4,326.0,350.0,96.14,373.54,21,-4999.997498577325,STRONG_UP,LOWER,MOMENTUM_UP,S0_NEUTRAL,,,,,326.0,350.0,96.14,162.0,0.0,0.0,0.0,0.0,373.54,,,,,,
308,OXY,Oil & Gas E&P,-85.5,18.5,-1.6,-10.8,0.8,14.6,14.7,-3.2,-25.2,-33.2,-12.1,-85.5,85.7,-124.0,1.8,0.0,-30.947920616222625,61.2,375.0,395.0,100.28,373.78,153,4969.052079383778,EARLY_UP,LOWER,NEUTRAL,S0_NEUTRAL,,,,,375.0,395.0,100.28,125.0,0.0,0.0,0.0,0.0,373.78,,,,,,
309,VRTX,Biotechnology,-29.6,19.5,-1.8,-8.6,-13.3,-11.6,-16.8,-28.4,-36.7,-28.6,-38.9,-29.6,96.1,-59.6,1.8,0.0,85.37675925227641,117.1,244.0,261.0,94.79,373.89,-120,-31.025519576361688,EARLY_UP,LOWER,MOMENTUM_DOWN,S5_TRASH,,,,,244.0,261.0,94.79,374.0,40.0,0.0,25.0,0.0,373.89,,,,,,
310,VZ,Integrated Telecommunication Services,-79.3,20.4,4.5,-7.0,-4.0,4.4,2.8,2.7,2.0,-10.1,-38.7,-79.3,16.2,-103.2,2.1,0.0,-700.0678751400984,67.4,355.0,374.0,100.54,376.89,112,-535.7084498395691,EARLY_UP,MID_RANGE,MOMENTUM_UP,S2_EARLY_BREAKOUT,,,,,355.0,374.0,100.54,176.0,0.0,0.0,-4.0,0.0,376.89,,,,,,
311,IDXX,Veterinary Diagnostics,-29.5,3.8,3.3,-10.5,-17.4,-21.7,-21.3,-16.8,-30.7,-49.3,-60.8,-29.5,217.2,-38.9,1.7,0.0,266.0043025729968,117.2,243.0,260.0,105.98,378.28,-40,266.0031624583076,STRONG_DOWN,LOWER,MOMENTUM_UP,S4_BOTTOMING,,,,,243.0,260.0,105.98,449.0,58.0,0.0,-2.0,0.0,378.28,,,,,,
312,NDSN,Industrials,-49.4,19.0,5.8,-3.9,-5.1,2.7,8.0,-0.3,-15.6,-32.3,-43.7,-49.4,48.0,-72.0,2.6,0.0,-5000.0,97.3,281.0,303.0,92.28,378.48,-1,-4999.912141231554,EARLY_DOWN,LOWER,MOMENTUM_DOWN,S5_TRASH,,,,,281.0,303.0,92.28,165.0,4.0,0.0,25.0,0.0,378.48,,,,,,
313,APD,Specialty Chemicals,-61.2,14.7,-2.9,-9.9,-5.9,0.6,-6.6,-17.4,-29.2,-41.5,-59.4,-61.2,72.8,-84.0,2.0,0.0,-0.0005947693379531015,85.5,301.0,324.0,104.47,381.17,28,8.910925357015127,EARLY_DOWN,LOWER,MOMENTUM_DOWN,S5_TRASH,,,,,301.0,324.0,104.47,239.0,4.0,0.0,25.0,0.0,381.17,,,,,,
314,GEN,Technology,-66.5,21.5,5.4,22.3,11.3,0.6,-14.2,-23.7,-26.5,-42.4,-50.7,-66.5,53.5,-105.8,2.0,0.0,-5000.0,80.2,318.0,341.0,101.77,381.62,67,-4906.1,STRONG_UP,MID_RANGE,NEUTRAL,S0_NEUTRAL,,,,,318.0,341.0,101.77,137.0,10.0,0.0,0.0,0.0,381.62,,,,,,
315,LNT,Utilities,-51.1,16.3,5.5,-7.8,-4.7,-0.9,-0.6,1.7,-1.0,-14.1,-30.6,-51.1,29.7,-66.2,1.8,0.0,-5000.0,95.6,285.0,308.0,119.26,383.36,45,-4992.302109864263,EARLY_DOWN,LOWER,MOMENTUM_UP,S4_BOTTOMING,,,,,285.0,308.0,119.26,211.0,0.0,0.0,-2.0,0.0,383.36,,,,,,
316,CNP,Utilities,-61.2,21.1,3.7,-9.6,-7.2,-3.4,-5.3,1.0,-3.3,-11.8,-20.7,-61.2,21.8,-82.7,1.6,0.0,-5000.0,85.5,301.0,324.0,103.17,384.77,61,-4669.464845922572,STRONG_DOWN,MID_RANGE,MOMENTUM_UP,S4_BOTTOMING,,,,,301.0,324.0,103.17,253.0,4.0,0.0,-2.0,0.0,384.77,,,,,,
317,NVO,Biotechnology,-84.6,2.2,-0.5,3.2,-4.0,-10.7,-27.8,-58.6,-79.1,-86.9,-84.5,-84.6,389.4,-94.8,2.4,0.0,309.79611790763266,62.1,371.0,391.0,85.18,385.23,-110,-263.33277741858257,EARLY_DOWN,LOWER,MOMENTUM_DOWN,S5_TRASH,,,,,371.0,391.0,85.18,338.0,18.0,0.0,25.0,0.0,385.23,,,,,,
318,D,Utilities,-98.6,11.5,9.8,0.2,2.5,6.7,6.9,10.3,13.2,-15.0,-47.6,-98.6,18.5,-113.3,1.8,0.0,-5000.0,48.1,404.0,424.0,77.14,385.99,146,-4864.92955249142,STRONG_UP,LOWER,MOMENTUM_UP,S0_NEUTRAL,,,,,404.0,424.0,77.14,143.0,0.0,0.0,0.0,0.0,385.99,,,,,,
319,XEL,Utilities,-62.4,18.6,3.2,-9.3,-7.0,-5.6,-5.7,0.5,-3.6,-21.1,-42.3,-62.4,41.3,-85.6,1.4,0.0,-289.7101341092923,84.3,306.0,330.0,115.13,386.18,69,-65.40759404446632,STRONG_DOWN,LOWER,MOMENTUM_UP,S4_BOTTOMING,,,,,306.0,330.0,115.13,265.0,4.0,0.0,-2.0,0.0,386.18,,,,,,
320,LII,HVAC Equipment,-40.5,6.7,-6.3,-10.9,-14.0,-12.9,-23.8,-35.7,-37.0,-24.0,-33.5,-40.5,101.7,-50.5,1.6,0.0,0.004233760592353008,106.2,266.0,285.0,73.67,388.07,-103,-0.028927359897249892,EARLY_DOWN,LOWER,MOMENTUM_DOWN,S5_TRASH,,,,,266.0,285.0,73.67,414.0,40.0,0.0,25.0,0.0,388.07,,,,,,
321,COIN,Financial Data & Stock Exchanges,-6.6,11.9,-0.9,-1.7,-2.3,-17.2,-33.6,-38.5,-14.1,-4.4,,-6.6,213.9,-58.5,1.6,0.0,17.708990946334445,54.4,385.0,214.0,67.83,390.88,-170,-342.2672121735497,EARLY_DOWN,LOWER,MOMENTUM_DOWN,S5_TRASH,,,,,385.0,214.0,67.83,392.0,36.0,11.0,25.0,0.0,390.88,,,,,,
322,LDOS,IT Consulting & Other Services,-68.6,0.0,-0.2,-27.5,-33.7,-37.7,-41.4,-45.7,-45.4,-51.4,-69.0,-68.6,102.6,-68.2,1.4,0.0,959.0100430903988,78.1,327.0,351.0,72.22,391.12,-144,-1794.3290280913063,STRONG_DOWN,LOWER,MOMENTUM_UP,S4_BOTTOMING,,,,,327.0,351.0,72.22,553.0,58.0,0.0,-2.0,0.0,391.12,,,,,,
323,CPAY,Software - Infrastructure,-91.0,15.7,4.5,8.3,4.6,8.1,-1.4,-13.3,-20.6,-27.9,-57.2,-91.0,47.1,-116.3,1.8,0.0,-5000.0,55.7,383.0,404.0,94.46,392.41,19,-4999.999999746378,STRONG_UP,LOWER,NEUTRAL,S0_NEUTRAL,,,,,383.0,404.0,94.46,132.0,0.0,0.0,0.0,0.0,392.41,,,,,,
324,SHW,Household & Personal Care Products,-58.6,3.1,3.1,-12.1,-16.7,-16.7,-24.1,-32.8,-39.6,-49.9,-60.4,-58.6,77.6,-62.6,2.1,0.0,330.2408306172153,88.1,295.0,319.0,97.88,392.68,-121,17.069997283882003,STRONG_DOWN,LOWER,MOMENTUM_UP,S4_BOTTOMING,,,,,295.0,319.0,97.88,443.0,58.0,0.0,-2.0,0.0,392.68,,,,,,
325,T,Telecom Services,-47.7,36.0,7.4,-13.5,-12.4,-9.2,-16.5,-9.2,1.4,5.8,-10.0,-47.7,30.9,-91.2,1.4,0.0,-1449.4816215081587,99.0,277.0,298.0,102.54,392.84,4,-1448.0353669871745,STRONG_DOWN,MID_RANGE,MOMENTUM_UP,S4_BOTTOMING,,,,,277.0,298.0,102.54,375.0,14.0,0.0,-2.0,0.0,392.84,,,,,,
326,PTC,Technology,-79.5,5.1,2.0,-3.6,-9.1,-17.6,-29.2,-40.6,-52.0,-59.9,-68.3,-79.5,82.2,-87.7,2.5,0.0,2617.7707851093824,67.2,358.0,377.0,102.62,393.67,-28,2616.513752307051,STRONG_UP,LOWER,NEUTRAL,S0_NEUTRAL,,,,,358.0,377.0,102.62,409.0,40.0,0.0,0.0,0.0,393.67,,,,,,
327,TEL,Electronic Components,-24.2,22.5,-4.1,-11.5,-14.9,-18.0,-13.6,-3.5,-5.5,-13.4,-14.8,-24.2,51.0,-45.6,1.6,0.0,-4.936095741732075,122.5,235.0,251.0,83.64,395.44,-44,1.972570193213719,STRONG_DOWN,MID_RANGE,MOMENTUM_DOWN,S5_TRASH,,,,,235.0,251.0,83.64,403.0,40.0,0.0,25.0,0.0,395.44,,,,,,
328,WEC,Utilities,-62.8,10.9,2.4,-12.2,-9.9,-6.5,-8.8,-4.5,-8.3,-22.6,-44.1,-62.8,69.9,-78.6,1.5,0.0,-599.3285580593038,83.9,307.0,331.0,113.62,396.22,59,-317.07670603319735,STRONG_DOWN,LOWER,MOMENTUM_UP,S4_BOTTOMING,,,,,307.0,331.0,113.62,319.0,4.0,0.0,-2.0,0.0,396.22,,,,,,
329,MRSH,Financials,-82.2,4.5,1.9,-10.5,-15.1,-16.4,-28.7,-42.7,-55.1,-65.3,-72.3,-82.2,65.4,-88.6,3.0,0.0,5000.0,64.5,364.0,384.0,86.58,396.23,-121,3071.4,EARLY_UP,LOWER,MOMENTUM_UP,S4_BOTTOMING,,,,,364.0,384.0,86.58,447.0,58.0,0.0,-2.0,0.0,396.23,,,,,,
330,PNW,Utilities,-64.4,18.7,5.0,-8.9,-5.5,-0.2,-2.3,-4.4,-9.1,-12.9,-30.4,-64.4,15.7,-82.2,1.8,0.0,-5000.0,82.3,312.0,334.0,115.03,396.43,39,-4989.779378090508,EARLY_UP,LOWER,MOMENTUM_UP,S4_BOTTOMING,,,,,312.0,334.0,115.03,220.0,4.0,0.0,-2.0,0.0,396.43,,,,,,
331,LHX,Aerospace & Defense,-32.5,30.6,0.7,-16.0,-18.5,-11.2,-6.8,-0.3,-0.3,-15.4,-31.6,-32.5,63.3,-74.3,1.8,0.0,-242.63782999662124,114.2,249.0,266.0,117.73,396.63,44,1162.6727435067696,EARLY_UP,MID_RANGE,NEUTRAL,S0_NEUTRAL,,,,,249.0,266.0,117.73,383.0,20.0,0.0,0.0,0.0,396.63,,,,,,
332,DGX,Healthcare,-50.8,9.4,7.5,-8.9,-9.5,-5.3,-7.5,-5.5,-8.2,-19.5,-30.0,-50.8,24.3,-58.0,1.7,0.0,-5000.0,95.9,284.0,307.0,117.94,396.84,39,-4951.947225130778,EARLY_UP,LOWER,MOMENTUM_UP,S4_BOTTOMING,,,,,284.0,307.0,117.94,286.0,4.0,0.0,-2.0,0.0,396.84,,,,,,
333,SPGI,Financial Data & Exchanges,-64.6,4.1,2.5,-10.5,-15.9,-20.3,-29.9,-38.9,-47.4,-59.8,-74.1,-64.6,95.4,-71.1,1.8,0.0,1252.5082209724571,82.1,315.0,338.0,98.06,396.91,-132,57.88363763912412,STRONG_DOWN,LOWER,MOMENTUM_UP,S4_BOTTOMING,,,,,315.0,338.0,98.06,462.0,58.0,0.0,-2.0,0.0,396.91,,,,,,
334,DOC,Real Estate,-100.9,12.7,0.5,11.5,8.8,9.9,7.1,-3.5,-10.9,-38.9,-65.4,-100.9,38.1,-120.6,2.4,0.0,-2895.733838159128,45.8,414.0,434.0,95.54,396.94,27,-2895.657228134074,STRONG_UP,LOWER,MOMENTUM_DOWN,S0_NEUTRAL,,,,,414.0,434.0,95.54,98.0,0.0,0.0,0.0,0.0,396.94,,,,,,
335,TGT,Discount Stores,-98.8,10.6,1.4,-6.0,1.6,13.0,13.9,-11.0,-29.5,-64.0,-84.7,-98.8,164.8,-129.4,3.1,0.0,-1278.4761727280402,47.9,405.0,425.0,102.33,396.98,101,-1078.038278786001,EARLY_DOWN,LOWER,MOMENTUM_UP,S4_BOTTOMING,,,,,405.0,425.0,102.33,120.0,0.0,0.0,-2.0,0.0,396.98,,,,,,
336,PAYX,Industrials,-100.1,5.6,1.7,-4.4,-7.5,-14.2,-31.3,-44.3,-56.0,-72.3,-82.9,-100.1,70.8,-109.7,2.8,0.0,396.6675261007579,46.6,409.0,429.0,93.91,397.26,-39,376.88386464100506,STRONG_UP,LOWER,MOMENTUM_UP,S0_NEUTRAL,,,,,409.0,429.0,93.91,402.0,22.0,0.0,0.0,0.0,397.26,,,,,,
337,YUM,Restaurants,-63.7,5.3,3.4,-9.3,-10.8,-7.6,-11.7,-15.3,-25.5,-35.6,-48.1,-63.7,45.1,-69.5,2.0,0.0,-650.6260492111261,82.9,309.0,332.0,102.23,397.98,69,2288.7950308942463,STRONG_DOWN,LOWER,MOMENTUM_UP,S4_BOTTOMING,,,,,309.0,332.0,102.23,334.0,14.0,0.0,-2.0,0.0,397.98,,,,,,
338,EA,Electronic Gaming & Multimedia,-68.0,26.7,-0.1,-8.7,-8.3,-8.7,-2.8,3.2,-2.6,-14.6,-33.3,-68.0,40.5,-106.9,1.3,0.0,-120.63334728779247,78.7,325.0,349.0,123.8,400.05,16,-120.48753906754048,EARLY_UP,MID_RANGE,MOMENTUM_UP,S2_EARLY_BREAKOUT,,,,,325.0,349.0,123.8,268.0,4.0,0.0,-4.0,0.0,400.05,,,,,,
339,NWS,Entertainment,-61.8,10.7,0.9,-5.3,-4.3,-5.8,-17.0,-23.6,-26.5,-30.9,-31.7,-61.8,36.0,-72.9,1.9,0.0,-276.39827522291506,84.9,304.0,328.0,94.85,401.4,-35,-276.3977424476604,EARLY_DOWN,LOWER,MOMENTUM_DOWN,S5_TRASH,,,,,304.0,328.0,94.85,289.0,10.0,0.0,25.0,0.0,401.4,,,,,,
340,WFC,Diversified Banks,-51.5,37.0,5.0,-14.1,-16.3,-18.5,-19.0,-12.8,-1.4,1.5,4.5,-51.5,15.8,-90.0,1.2,0.0,-76.8195105461058,95.2,286.0,309.0,63.67,401.77,-22,-57.12398092157629,STRONG_DOWN,MID_RANGE,MOMENTUM_UP,S4_BOTTOMING,,,,,286.0,309.0,63.67,432.0,58.0,0.0,-2.0,0.0,401.77,,,,,,
341,PDD,Technology,-33.4,3.6,0.4,-11.1,-11.7,-19.0,-25.6,-38.0,-49.0,-50.3,-49.1,-33.4,465.0,-71.0,1.4,0.0,1718.4733022942798,69.1,344.0,270.0,115.51,401.86,-103,1603.326080201083,STRONG_DOWN,LOWER,MOMENTUM_UP,S4_BOTTOMING,,,,,344.0,270.0,115.51,429.0,58.0,0.0,-2.0,0.0,401.86,,,,,,
342,HUM,Healthcare,-135.9,14.5,-0.8,42.5,46.1,30.3,16.5,-5.4,-35.5,-69.3,-96.6,-135.9,63.6,-169.4,2.1,0.0,-81.03434494958213,10.8,480.0,496.0,92.97,401.92,153,4918.965655050418,STRONG_UP,LOWER,MOMENTUM_DOWN,S0_NEUTRAL,,,,,480.0,496.0,92.97,37.0,0.0,0.0,0.0,0.0,401.92,,,,,,
343,CNC,Healthcare,-137.5,15.3,-0.9,31.0,27.1,33.9,30.2,-7.3,-33.9,-66.3,-93.9,-137.5,62.8,-173.0,2.0,0.0,-18.386378778090762,9.2,484.0,499.0,97.2,405.1,156,4981.613621221909,STRONG_UP,LOWER,MOMENTUM_DOWN,S0_NEUTRAL,,,,,484.0,499.0,97.2,42.0,0.0,0.0,0.0,0.0,405.1,,,,,,
344,FRT,Real Estate,-93.3,17.0,4.8,-0.9,2.3,7.9,7.9,-3.2,-11.0,-26.9,-41.3,-93.3,8.5,-113.5,2.3,0.0,-5000.0,53.4,390.0,409.0,104.53,405.83,21,-4999.9992155519385,STRONG_UP,LOWER,MOMENTUM_UP,S0_NEUTRAL,,,,,390.0,409.0,104.53,136.0,0.0,0.0,0.0,0.0,405.83,,,,,,
345,EXR,Real Estate,-76.7,3.9,3.9,-3.2,-5.6,-2.8,-10.8,-22.4,-31.5,-55.9,-64.2,-76.7,95.9,-83.3,2.0,0.0,-5000.0,70.0,339.0,362.0,98.64,406.14,-7,-4999.733242063319,EARLY_DOWN,LOWER,MOMENTUM_UP,S4_BOTTOMING,,,,,339.0,362.0,98.64,245.0,14.0,0.0,-2.0,0.0,406.14,,,,,,
346,MTB,Financials,-58.3,14.0,5.2,-8.4,-9.3,-4.1,-5.0,-6.3,-0.9,-12.8,-21.8,-58.3,29.4,-72.2,1.5,0.0,-5000.0,88.4,294.0,318.0,126.42,406.72,-2,-4999.9985956157425,STRONG_DOWN,LOWER,MOMENTUM_UP,S4_BOTTOMING,,,,,294.0,318.0,126.42,264.0,4.0,0.0,-2.0,0.0,406.72,,,,,,
347,KEY,Financials,-52.5,26.4,2.2,-6.3,-6.1,-1.2,2.0,4.0,16.6,-7.0,-17.7,-52.5,40.9,-88.1,1.4,0.0,-5000.0,94.2,288.0,312.0,111.35,407.25,-23,-4999.9992728550515,EARLY_DOWN,MID_RANGE,MOMENTUM_DOWN,S5_TRASH,,,,,288.0,312.0,111.35,206.0,4.0,0.0,25.0,0.0,407.25,,,,,,
348,HII,Aerospace & Defense,-59.3,38.6,-3.9,-23.8,-29.0,-21.0,-7.4,6.3,-0.7,-4.9,-18.4,-59.3,40.1,-121.3,1.8,0.0,-2.374660847548651e-05,87.4,298.0,322.0,82.28,407.33,2,4999.999976253392,STRONG_DOWN,MID_RANGE,NEUTRAL,S5_TRASH,,,,,298.0,322.0,82.28,473.0,20.0,0.0,25.0,0.0,407.33,,,,,,
349,DUK,Electric Utilities,-56.2,9.5,5.8,-12.1,-9.6,-6.2,-7.9,-5.0,-3.9,-14.0,-27.3,-56.2,12.9,-63.0,1.8,0.0,-5000.0,90.5,291.0,316.0,122.21,408.11,-22,-4999.999779035443,STRONG_DOWN,LOWER,MOMENTUM_UP,S4_BOTTOMING,,,,,291.0,316.0,122.21,309.0,4.0,0.0,-2.0,0.0,408.11,,,,,,
350,UBER,Internet Services & Infrastructure,-20.5,12.6,-3.3,-7.9,-10.4,-16.8,-26.9,-27.5,-26.2,-4.7,-20.5,-20.5,67.6,-71.0,1.4,0.0,2.0434171506185366,69.3,343.0,242.0,70.76,408.11,-134,0.43453145072490407,EARLY_DOWN,LOWER,MOMENTUM_DOWN,S5_TRASH,,,,,343.0,242.0,70.76,416.0,58.0,0.0,25.0,0.0,408.11,,,,,,
351,AEE,Utilities,-66.9,11.4,3.8,-10.3,-8.2,-4.9,-7.0,-4.0,-8.9,-25.3,-44.8,-66.9,38.4,-79.9,1.6,0.0,-5000.0,79.8,321.0,345.0,113.64,408.34,-18,-4999.985859670612,STRONG_DOWN,LOWER,MOMENTUM_UP,S4_BOTTOMING,,,,,321.0,345.0,113.64,279.0,4.0,0.0,-2.0,0.0,408.34,,,,,,
352,EXC,Utilities,-54.5,6.4,6.4,-13.1,-11.8,-9.9,-13.3,-12.2,-19.5,-29.6,-34.4,-54.5,49.5,-61.2,1.7,0.0,-5000.0,92.2,290.0,315.0,106.52,409.77,49,-2081.0,STRONG_DOWN,LOWER,MOMENTUM_UP,S4_BOTTOMING,,,,,290.0,315.0,106.52,361.0,14.0,0.0,-2.0,0.0,409.77,,,,,,
353,HON,Industrials,-74.1,10.4,6.9,-6.5,-9.2,-2.0,-5.1,-8.3,-16.7,-32.2,-49.7,-74.1,18.2,-84.2,2.1,0.0,-5000.0,72.6,335.0,359.0,113.88,410.53,80,-3321.868569005233,EARLY_UP,LOWER,MOMENTUM_UP,S4_BOTTOMING,,,,,335.0,359.0,113.88,250.0,4.0,0.0,-2.0,0.0,410.53,,,,,,
354,SOLV,Healthcare,-15.9,11.1,3.7,9.0,1.4,-3.5,-8.9,-13.7,,,,-15.9,9.1,-56.0,2.2,0.0,-2231.269350842276,10.0,481.0,231.0,75.5,410.9,-7,-2208.3749700743742,STRONG_UP,LOWER,MOMENTUM_UP,S0_NEUTRAL,,,,,481.0,231.0,75.5,177.0,0.0,47.0,0.0,0.0,410.9,,,,,,
355,EIX,Electric Utilities,-97.7,15.1,0.9,-10.1,-7.2,2.0,6.4,-10.8,-25.2,-36.3,-53.7,-97.7,15.5,-117.3,2.4,0.0,-5000.0,48.9,403.0,422.0,93.57,411.87,72,-3947.626757971183,EARLY_UP,LOWER,MOMENTUM_UP,S4_BOTTOMING,,,,,403.0,422.0,93.57,197.0,4.0,0.0,-2.0,0.0,411.87,,,,,,
356,BMY,Healthcare,-92.3,24.0,3.8,-8.8,-7.4,2.3,9.3,9.6,-3.0,-28.0,-47.1,-92.3,16.3,-125.8,1.8,0.0,-5000.0,54.4,385.0,406.0,105.41,411.91,29,-4998.471755520653,EARLY_UP,MID_RANGE,MOMENTUM_UP,S2_EARLY_BREAKOUT,,,,,385.0,406.0,105.41,183.0,4.0,0.0,-4.0,0.0,411.91,,,,,,
357,GD,Aerospace & Defense,-40.0,31.6,1.6,-10.3,-10.5,-9.2,-7.3,-5.5,-7.0,-7.9,-6.0,-40.0,19.3,-66.9,1.4,0.0,-5000.0,106.6,265.0,283.0,110.2,412.25,-65,-4999.999998256367,EARLY_DOWN,MID_RANGE,MOMENTUM_DOWN,S5_TRASH,,,,,265.0,283.0,110.2,324.0,4.0,0.0,25.0,0.0,412.25,,,,,,
358,EG,Insurance - Reinsurance,-89.6,8.1,0.6,-2.8,-0.8,1.1,-6.5,-20.2,-36.2,-43.9,-55.4,-89.6,38.9,-100.4,2.3,0.0,-3532.7503754129925,57.1,378.0,398.0,110.27,412.62,6,-3532.7469318024314,STRONG_UP,LOWER,NEUTRAL,S0_NEUTRAL,,,,,378.0,398.0,110.27,199.0,0.0,0.0,0.0,0.0,412.62,,,,,,
359,BRO,Insurance Brokers,-85.3,4.1,1.8,-12.0,-19.2,-26.4,-43.5,-59.5,-69.0,-77.8,-86.5,-85.3,163.4,-100.7,2.6,0.0,4950.810203519455,61.4,374.0,394.0,86.38,414.58,-150,88.59784495972872,EARLY_UP,LOWER,MOMENTUM_UP,S4_BOTTOMING,,,,,374.0,394.0,86.38,518.0,58.0,0.0,-2.0,0.0,414.58,,,,,,
360,DOW,Chemicals,-66.6,23.4,-6.5,-19.5,-0.7,20.9,28.4,-0.1,-22.4,-47.7,-64.6,-66.6,31.9,-138.5,3.1,0.0,-7.674947433002836e-06,25.8,456.0,342.0,121.64,414.94,97,4999.9999923250525,STRONG_DOWN,MID_RANGE,MOMENTUM_DOWN,S5_TRASH,,,,,456.0,342.0,121.64,106.0,0.0,0.0,25.0,0.0,414.94,,,,,,
361,NVR,Residential Construction,-78.0,6.5,6.5,-13.7,-20.8,-23.3,-31.9,-45.8,-56.1,-60.3,-71.1,-78.0,92.0,-92.2,1.9,0.0,809.077307635386,68.6,349.0,369.0,95.22,415.37,-136,88.87939096871924,STRONG_DOWN,LOWER,MOMENTUM_UP,S4_BOTTOMING,,,,,349.0,369.0,95.22,494.0,58.0,0.0,-2.0,0.0,415.37,,,,,,
362,BSX,Medical Devices,-100.1,5.5,5.2,-11.5,-25.8,-36.7,-50.3,-58.6,-62.2,-61.5,-76.8,-100.1,89.6,-110.6,1.6,0.0,2920.199201855329,46.6,409.0,429.0,64.78,415.78,-158,170.09545185532943,EARLY_UP,LOWER,MOMENTUM_UP,S4_BOTTOMING,,,,,409.0,429.0,64.78,549.0,58.0,0.0,-2.0,0.0,415.78,,,,,,
363,GDDY,Technology,-110.4,4.6,2.1,1.2,-4.2,-18.6,-40.1,-58.4,-60.6,-66.1,-86.3,-110.4,129.1,-121.4,2.2,0.0,1829.3206638473496,36.3,436.0,453.0,92.29,416.04,-31,1829.2271127526126,STRONG_UP,LOWER,MOMENTUM_UP,S0_NEUTRAL,,,,,436.0,453.0,92.29,417.0,36.0,0.0,0.0,0.0,416.04,,,,,,
364,ACHR,Aerospace & Defense,-40.1,7.2,0.1,2.6,-9.8,-21.2,-37.6,-20.6,-23.9,-30.4,,-40.1,137.3,-87.4,1.6,0.0,106.62025823226321,24.5,459.0,284.0,60.0,416.05,-108,106.61958222183101,EARLY_DOWN,LOWER,MOMENTUM_DOWN,S5_TRASH,,,,,459.0,284.0,60.0,434.0,40.0,11.0,25.0,0.0,416.05,,,,,,
365,ROL,Business Services,-33.9,0.6,-2.3,-10.3,-16.3,-17.9,-22.6,-23.5,-28.6,-31.6,-39.1,-33.9,76.9,-42.2,1.6,0.0,31.45254991169071,112.8,253.0,271.0,101.68,417.18,-175,-354.0829167157951,STRONG_DOWN,LOWER,NEUTRAL,S5_TRASH,,,,,253.0,271.0,101.68,431.0,58.0,0.0,25.0,0.0,417.18,,,,,,
366,O,Real Estate,-77.8,6.0,1.5,-9.2,-9.5,-3.8,-4.3,-6.7,-14.9,-32.7,-50.9,-77.8,32.7,-84.4,2.1,0.0,-5000.0,68.9,347.0,368.0,113.96,417.21,10,-4988.178191892414,STRONG_DOWN,LOWER,MOMENTUM_UP,S4_BOTTOMING,,,,,347.0,368.0,113.96,262.0,4.0,0.0,-2.0,0.0,417.21,,,,,,
367,VTRS,Healthcare,-111.6,25.9,-0.9,6.9,9.1,22.7,42.7,40.0,37.2,22.2,-20.4,-111.6,6.1,-151.9,2.6,0.0,-269.44992523587763,35.1,440.0,458.0,96.6,418.15,51,-79.9827267851187,EARLY_DOWN,MID_RANGE,MOMENTUM_DOWN,S5_TRASH,,,,,440.0,458.0,96.6,57.0,0.0,0.0,25.0,0.0,418.15,,,,,,
368,REG,Real Estate,-83.9,8.6,3.3,-6.9,-5.7,-1.5,-5.4,-10.5,-17.5,-31.6,-40.3,-83.9,11.8,-92.4,2.1,0.0,-5000.0,62.8,368.0,388.0,110.93,418.93,11,-4993.659610818729,STRONG_DOWN,LOWER,MOMENTUM_UP,S4_BOTTOMING,,,,,368.0,388.0,110.93,232.0,4.0,0.0,-2.0,0.0,418.93,,,,,,
369,IR,Industrial Machinery,-51.7,0.8,0.8,-19.2,-24.4,-22.2,-27.5,-42.1,-51.3,-52.4,-52.8,-51.7,89.2,-66.8,1.8,0.0,1529.7842850502452,68.9,347.0,311.0,86.79,420.59,-181,4.0530350502453985,STRONG_DOWN,LOWER,MOMENTUM_DOWN,S5_TRASH,,,,,347.0,311.0,86.79,503.0,58.0,0.0,25.0,0.0,420.59,,,,,,
370,PSA,Real Estate,-78.2,8.1,4.4,-2.4,-2.7,0.5,-7.0,-16.7,-26.5,-43.5,-49.5,-78.2,40.3,-88.1,2.1,0.0,-5000.0,68.5,350.0,370.0,101.52,420.67,-24,-4999.547214463343,EARLY_DOWN,LOWER,MOMENTUM_DOWN,S5_TRASH,,,,,350.0,370.0,101.52,207.0,0.0,0.0,25.0,0.0,420.67,,,,,,
371,CMS,Utilities,-71.5,3.0,3.0,-10.3,-8.5,-6.6,-9.3,-9.5,-12.1,-24.2,-45.1,-71.5,38.9,-74.4,2.0,0.0,-5000.0,75.2,331.0,355.0,117.92,421.02,40,-4424.398871595255,STRONG_DOWN,LOWER,MOMENTUM_UP,S4_BOTTOMING,,,,,331.0,355.0,117.92,305.0,4.0,0.0,-2.0,0.0,421.02,,,,,,
372,ERIE,Insurance Brokers,-93.8,3.2,2.3,-10.4,-18.4,-24.0,-38.7,-58.5,-67.8,-69.5,-86.6,-93.8,196.4,-102.9,2.6,0.0,4054.1140288971474,52.9,392.0,411.0,86.25,421.05,-150,1320.1932462360655,EARLY_UP,LOWER,MOMENTUM_UP,S4_BOTTOMING,,,,,392.0,411.0,86.25,500.0,58.0,0.0,-2.0,0.0,421.05,,,,,,
373,PNR,Industrials,-83.4,2.2,2.2,-17.8,-26.0,-30.8,-38.0,-42.8,-45.9,-46.3,-50.9,-83.4,34.9,-85.5,1.4,0.0,49.932762295517996,63.3,365.0,385.0,69.35,421.7,-145,3.9420667482924756,STRONG_DOWN,LOWER,MOMENTUM_UP,S4_BOTTOMING,,,,,365.0,385.0,69.35,534.0,58.0,0.0,-2.0,0.0,421.7,,,,,,
374,KEI,Unknown,-17.2,10.0,-1.2,-0.6,-4.8,-7.3,-15.1,,,,,-17.2,11.8,-20.3,2.3,0.0,0.0,-4.1,510.0,234.0,81.21,422.01,-78,0.0,STRONG_DOWN,LOWER,MOMENTUM_UP,S4_BOTTOMING,,,,,510.0,234.0,81.21,270.0,10.0,50.0,-2.0,0.0,422.01,,,,unknown,equity,
375,SCHW,Investment Banking & Brokerage,-48.3,11.2,-2.0,-9.9,-13.0,-13.0,-15.7,-9.6,-8.9,-27.7,-25.4,-48.3,56.7,-61.7,1.3,0.0,-31.65016627350184,98.4,278.0,300.0,113.65,422.25,-12,33.250893159711936,EARLY_UP,LOWER,NEUTRAL,S0_NEUTRAL,,,,,278.0,300.0,113.65,378.0,40.0,0.0,0.0,0.0,422.25,,,,,,
376,CVNA,Auto & Truck Dealerships,-52.8,4.9,-0.7,-89.4,-89.7,-90.4,-95.9,-95.3,-42.9,-1.3,-57.6,-52.8,1079.9,-122.9,1.2,0.0,377.8877331977961,69.1,344.0,313.0,73.64,423.34,-153,376.5248933390931,STRONG_DOWN,LOWER,MOMENTUM_DOWN,S5_TRASH,,,,,344.0,313.0,73.64,562.0,58.0,0.0,25.0,0.0,423.34,,,,,,
377,PRU,Financials,-79.3,6.0,2.1,-2.2,-5.0,-8.2,-13.5,-27.2,-33.6,-45.0,-47.7,-79.3,35.8,-86.1,2.2,0.0,-4163.776927803533,67.4,355.0,374.0,110.91,425.51,44,-3164.9002819773127,STRONG_UP,LOWER,MOMENTUM_UP,S0_NEUTRAL,,,,,355.0,374.0,110.91,275.0,10.0,0.0,0.0,0.0,425.51,,,,,,
378,SRE,Utilities,-76.9,1.1,1.1,-12.9,-10.2,-9.1,-7.4,-11.0,-18.7,-30.8,-48.6,-76.9,21.9,-77.5,1.8,0.0,-5000.0,69.8,340.0,363.0,115.31,426.01,56,-2428.545574298162,STRONG_DOWN,LOWER,MOMENTUM_UP,S4_BOTTOMING,,,,,340.0,363.0,115.31,330.0,4.0,0.0,-2.0,0.0,426.01,,,,,,
379,IEX,Industrials,-95.4,11.3,-1.9,-6.8,-6.9,0.5,1.8,-13.2,-30.7,-52.5,-73.1,-95.4,36.0,-111.7,2.6,0.0,-4.458088866518462,51.3,397.0,417.0,108.7,428.1,-26,-4.456362932160757,EARLY_DOWN,LOWER,MOMENTUM_DOWN,S5_TRASH,,,,,397.0,417.0,108.7,205.0,4.0,0.0,25.0,0.0,428.1,,,,,,
380,AIG,Insurance - Diversified,-72.8,9.1,4.8,-6.3,-6.3,-8.3,-15.3,-21.5,-26.3,-29.4,-25.3,-72.8,9.9,-80.5,1.8,0.0,-5000.0,73.9,334.0,358.0,110.51,428.16,-49,-4999.999988559353,STRONG_UP,LOWER,MOMENTUM_UP,S0_NEUTRAL,,,,,334.0,358.0,110.51,313.0,14.0,0.0,0.0,0.0,428.16,,,,,,
381,TSCO,Specialty Retail,-83.6,3.9,1.9,-25.8,-35.9,-41.4,-51.3,-62.9,-73.3,-85.4,-87.2,-83.6,112.2,-104.5,1.4,0.0,4390.881447871745,63.1,366.0,386.0,98.3,429.0,-161,88.14909311434349,STRONG_DOWN,LOWER,MOMENTUM_UP,S4_BOTTOMING,,,,,366.0,386.0,98.3,556.0,58.0,0.0,-2.0,0.0,429.0,,,,,,
382,EQR,Real Estate,-91.8,5.2,2.5,-2.5,-2.8,-0.8,-9.0,-21.2,-28.9,-45.5,-61.0,-91.8,30.5,-98.0,2.4,0.0,-5000.0,54.9,384.0,405.0,118.32,429.62,-9,-4999.992053379327,STRONG_UP,LOWER,MOMENTUM_DOWN,S0_NEUTRAL,,,,,384.0,405.0,118.32,218.0,0.0,0.0,0.0,0.0,429.62,,,,,,
383,ESS,Real Estate,-103.8,3.5,1.8,0.1,0.2,0.2,-8.0,-19.3,-23.9,-41.6,-63.1,-103.8,21.2,-107.9,2.7,0.0,-5000.0,42.9,423.0,440.0,106.19,430.79,79,-4595.846301053878,STRONG_UP,LOWER,MOMENTUM_UP,S0_NEUTRAL,,,,,423.0,440.0,106.19,195.0,0.0,0.0,0.0,0.0,430.79,,,,,,
384,LMT,Aerospace & Defense,-64.4,9.0,0.9,-14.9,-20.6,-10.6,-8.9,-16.9,-26.3,-35.5,-50.4,-64.4,45.1,-75.0,2.5,0.0,-5000.0,82.3,312.0,334.0,106.55,432.65,41,-175.38219872094942,EARLY_UP,LOWER,NEUTRAL,S0_NEUTRAL,,,,,312.0,334.0,106.55,398.0,20.0,0.0,0.0,0.0,432.65,,,,,,
385,LEN,Residential Construction,-103.2,4.2,4.2,-6.0,-17.1,-24.0,-33.1,-51.6,-65.8,-73.0,-79.5,-103.2,109.4,-112.6,2.2,0.0,5000.0,43.5,420.0,439.0,95.69,434.39,-146,2706.8,STRONG_DOWN,LOWER,MOMENTUM_UP,S4_BOTTOMING,,,,,420.0,439.0,95.69,474.0,58.0,0.0,-2.0,0.0,434.39,,,,,,
386,BR,Industrials,-105.5,4.6,1.7,-13.0,-21.2,-29.8,-43.0,-52.8,-62.2,-72.2,-88.8,-105.5,60.8,-113.1,2.1,0.0,5000.0,41.2,425.0,442.0,86.23,434.58,-149,3569.1,STRONG_DOWN,LOWER,MOMENTUM_UP,S4_BOTTOMING,,,,,425.0,442.0,86.23,526.0,58.0,0.0,-2.0,0.0,434.58,,,,,,
387,HSY,Confectioners,-81.4,5.5,1.0,-9.1,-13.8,-8.9,-9.9,-14.2,-31.2,-50.3,-63.9,-81.4,80.2,-90.4,1.8,0.0,-5000.0,65.3,362.0,382.0,114.47,438.72,53,-3089.3073409104272,EARLY_UP,LOWER,NEUTRAL,S0_NEUTRAL,,,,,362.0,382.0,114.47,345.0,4.0,0.0,0.0,0.0,438.72,,,,,,
388,ED,Electric Utilities,-92.3,2.7,1.5,-11.7,-10.3,-5.3,-9.6,-14.5,-23.6,-33.7,-52.1,-92.3,25.7,-95.0,2.3,0.0,-5000.0,54.4,385.0,406.0,111.13,439.58,29,-4826.7387108957055,STRONG_DOWN,LOWER,MOMENTUM_UP,S4_BOTTOMING,,,,,385.0,406.0,111.13,316.0,4.0,0.0,-2.0,0.0,439.58,,,,,,
389,HAS,Leisure,-100.1,15.8,-6.6,-10.5,-11.3,-5.0,-0.0,7.6,6.4,-17.7,-47.8,-100.1,23.8,-122.8,1.7,0.0,-0.00026450736912844356,46.6,409.0,429.0,111.92,439.62,-69,0.0017815655708389563,EARLY_DOWN,LOWER,MOMENTUM_DOWN,S5_TRASH,,,,,409.0,429.0,111.92,263.0,4.0,0.0,25.0,0.0,439.62,,,,,,
390,FE,Utilities,-77.3,4.9,4.5,-15.1,-14.5,-10.9,-9.9,-10.1,-15.5,-26.9,-45.3,-77.3,30.9,-82.3,2.0,0.0,-5000.0,69.4,342.0,366.0,106.45,440.1,59,0.0,STRONG_DOWN,LOWER,MOMENTUM_UP,S4_BOTTOMING,,,,,342.0,366.0,106.45,369.0,20.0,0.0,-2.0,0.0,440.1,,,,,,
391,CHD,Household & Personal Products,-92.6,7.6,1.0,-6.9,-9.4,-3.4,-9.5,-24.1,-37.6,-51.0,-71.1,-92.6,46.1,-103.4,2.5,0.0,-5000.0,54.1,388.0,408.0,114.34,440.24,7,-4990.497383558735,EARLY_UP,LOWER,NEUTRAL,S0_NEUTRAL,,,,,388.0,408.0,114.34,278.0,4.0,0.0,0.0,0.0,440.24,,,,,,
392,ZBRA,Technology,-109.3,3.3,-2.8,3.6,0.7,-5.5,-21.4,-41.8,-53.6,-83.0,-107.2,-109.3,273.4,-121.9,2.4,0.0,-408.93856634460644,37.4,435.0,452.0,107.05,442.15,38,-110.10709446277366,STRONG_UP,LOWER,NEUTRAL,S0_NEUTRAL,,,,,435.0,452.0,107.05,249.0,10.0,0.0,0.0,0.0,442.15,,,,,,
393,CL,Household & Personal Products,-93.6,10.4,2.3,-3.4,-7.7,-1.7,-7.2,-18.8,-25.2,-35.1,-53.9,-93.6,8.1,-104.9,2.2,0.0,-5000.0,53.1,391.0,410.0,122.65,443.7,19,-4992.779494324911,STRONG_UP,LOWER,MOMENTUM_UP,S0_NEUTRAL,,,,,391.0,410.0,122.65,238.0,4.0,0.0,0.0,0.0,443.7,,,,,,
394,MOH,Healthcare,-110.6,8.3,0.4,-11.2,-9.8,-13.6,-34.1,-54.8,-72.7,-91.0,-105.8,-110.6,210.5,-139.2,2.3,0.0,5000.0,1.9,499.0,455.0,97.75,444.25,-149,0.0,STRONG_DOWN,LOWER,MOMENTUM_DOWN,S5_TRASH,,,,,499.0,455.0,97.75,433.0,22.0,0.0,25.0,0.0,444.25,6981766450.6,6.982,522.0,other,equity,data_raw
395,MMM,Industrials,-95.6,12.0,3.2,-2.8,-7.2,-10.7,-13.1,-8.5,6.0,-9.8,-37.2,-95.6,17.6,-110.5,1.3,0.0,-5000.0,51.1,398.0,418.0,93.69,444.44,58,-4917.4939644132,EARLY_UP,LOWER,MOMENTUM_UP,S4_BOTTOMING,,,,,398.0,418.0,93.69,307.0,22.0,0.0,-2.0,0.0,444.44,,,,,,
396,MLM,Building Materials,-40.9,0.0,-5.3,-19.5,-23.1,-22.5,-24.6,-29.6,-37.3,-37.6,-34.9,-40.9,79.9,-40.6,1.3,0.0,0.1279355691798333,105.8,267.0,286.0,101.59,444.54,-145,0.12745062325133277,STRONG_DOWN,LOWER,MOMENTUM_DOWN,S5_TRASH,,,,,267.0,286.0,101.59,492.0,58.0,0.0,25.0,0.0,444.54,,,,,,
397,CARR,Industrials,-26.2,5.5,-4.9,-7.6,-7.4,-2.7,-14.6,-26.6,-32.7,-36.6,,-26.2,46.3,-102.3,2.2,0.0,-4.7285334727862516e-06,52.2,394.0,254.0,132.43,445.18,-62,0.0057716238864225135,EARLY_DOWN,LOWER,MOMENTUM_DOWN,S5_TRASH,,,,,394.0,254.0,132.43,291.0,14.0,11.0,25.0,0.0,445.18,,,,,,
398,TXT,Industrials,-84.6,3.2,1.2,-9.8,-10.3,-6.1,-5.7,-14.8,-27.3,-40.4,-40.6,-84.6,27.7,-89.6,1.9,0.0,-2910.2555792710737,62.1,371.0,391.0,106.73,446.48,9,-2461.8062835711935,EARLY_DOWN,LOWER,MOMENTUM_DOWN,S5_TRASH,,,,,371.0,391.0,106.73,288.0,4.0,0.0,25.0,0.0,446.48,,,,,,
399,EMR,Industrial Automation,-34.1,7.7,2.9,-8.2,-12.3,-10.1,-10.4,-8.8,-9.3,-13.7,-15.3,-34.1,21.8,-38.3,1.7,0.0,-5000.0,112.6,256.0,274.0,110.25,446.8,-119,-4999.999999999833,STRONG_DOWN,LOWER,MOMENTUM_DOWN,S5_TRASH,,,,,256.0,274.0,110.25,341.0,40.0,0.0,25.0,0.0,446.8,,,,,,
400,AES,Utilities,-107.4,10.5,0.4,-5.0,-10.1,-6.0,3.9,-6.1,-25.9,-58.8,-81.4,-107.4,86.7,-129.6,1.6,0.0,-4504.278478339154,39.3,430.0,447.0,111.39,446.89,13,-4498.593590860621,STRONG_UP,LOWER,MOMENTUM_UP,S0_NEUTRAL,,,,,430.0,447.0,111.39,228.0,4.0,0.0,0.0,0.0,446.89,,,,,,
401,EXPE,Travel Services,-70.9,22.2,-0.8,-17.0,-16.4,-18.9,-10.7,0.8,6.2,-5.7,-19.2,-70.9,18.5,-95.4,1.6,0.0,-19.53760115938727,75.8,330.0,354.0,86.36,448.96,-100,-19.537601146417206,STRONG_DOWN,MID_RANGE,MOMENTUM_DOWN,S5_TRASH,,,,,330.0,354.0,86.36,418.0,40.0,0.0,25.0,0.0,448.96,,,,,,
402,TFC,Financials,-85.7,9.6,1.6,-9.9,-10.3,-6.4,-2.1,1.3,9.7,-16.8,-40.0,-85.7,23.0,-96.8,1.5,0.0,-2072.4247848655527,61.0,376.0,396.0,112.27,450.07,-5,-2061.75660238658,STRONG_DOWN,LOWER,MOMENTUM_DOWN,S5_TRASH,,,,,376.0,396.0,112.27,272.0,4.0,0.0,25.0,0.0,450.07,,,,,,
403,KDP,Beverages - Non-Alcoholic,-108.7,0.7,-1.4,-2.7,-5.3,-4.3,-13.6,-25.9,-38.5,-61.0,-82.6,-108.7,41.0,-109.3,2.1,0.0,-180.1062385394289,38.0,433.0,450.0,114.68,451.38,41,-77.565220411482,STRONG_UP,LOWER,MOMENTUM_DOWN,S0_NEUTRAL,,,,,433.0,450.0,114.68,259.0,14.0,0.0,0.0,0.0,451.38,,,,,,
404,DASH,Internet Retail,-20.4,7.2,-0.7,-10.0,-16.8,-26.3,-38.5,-31.3,-17.3,-12.4,,-20.4,94.7,-64.4,1.4,0.0,24.194489010646194,44.2,418.0,240.0,79.0,451.75,-125,24.1944889993148,STRONG_DOWN,LOWER,MOMENTUM_DOWN,S5_TRASH,,,,,418.0,240.0,79.0,499.0,58.0,11.0,25.0,0.0,451.75,,,,,,
405,LOW,Retail,-61.3,0.0,0.0,-15.5,-20.7,-19.9,-23.5,-33.0,-44.1,-57.5,-60.8,-61.3,92.6,-60.9,1.9,0.0,17.7820833333335,85.4,303.0,326.0,105.4,452.85,-165,-14.836668743333927,STRONG_DOWN,LOWER,MOMENTUM_DOWN,S5_TRASH,,,,,303.0,326.0,105.4,470.0,58.0,0.0,25.0,0.0,452.85,,,,,,
406,XYZ,Financials,-83.8,3.1,-0.5,-2.8,0.1,-3.5,-11.7,-22.9,-35.2,-70.9,-104.1,-83.8,807.1,-111.5,1.8,0.0,-834.5573739161464,62.9,367.0,387.0,123.96,453.01,4,-171.40794195395142,EARLY_DOWN,LOWER,MOMENTUM_DOWN,S5_TRASH,,,,,367.0,387.0,123.96,226.0,10.0,0.0,25.0,0.0,453.01,,,,,,
407,CI,Healthcare,-100.5,3.6,-1.9,-5.6,-6.3,-4.1,-14.9,-29.6,-42.6,-54.4,-65.6,-100.5,48.1,-105.6,2.2,0.0,-0.5109326285001102,46.2,413.0,433.0,107.22,453.67,30,769.4220542509961,EARLY_DOWN,LOWER,MOMENTUM_DOWN,S5_TRASH,,,,,413.0,433.0,107.22,284.0,14.0,0.0,25.0,0.0,453.67,,,,,,
408,MDLZ,Confectioners,-111.9,5.5,0.8,-4.2,-4.7,-1.7,-12.4,-24.2,-41.5,-57.4,-77.8,-111.9,19.9,-119.1,2.3,0.0,-5000.0,34.8,442.0,460.0,103.07,454.37,-15,-4998.317637071637,STRONG_UP,LOWER,MOMENTUM_DOWN,S0_NEUTRAL,,,,,442.0,460.0,103.07,248.0,10.0,0.0,0.0,0.0,454.37,,,,,,
409,USB,Financials,-94.1,10.0,2.3,-8.0,-8.1,-3.3,0.4,-0.7,0.6,-22.2,-44.6,-94.1,15.5,-105.7,2.0,0.0,-1673.2452431301872,52.6,393.0,412.0,118.91,457.41,39,-1569.0883606058233,EARLY_DOWN,LOWER,MOMENTUM_DOWN,S5_TRASH,,,,,393.0,412.0,118.91,231.0,4.0,0.0,25.0,0.0,457.41,,,,,,
410,SWKS,Technology,-155.0,5.3,2.2,13.8,16.9,9.0,-2.8,-24.4,-47.0,-77.3,-107.1,-155.0,67.4,-166.8,2.1,0.0,-5000.0,-8.3,515.0,522.0,109.15,458.45,113,-3351.007061944831,STRONG_UP,LOWER,MOMENTUM_UP,S0_NEUTRAL,,,,,515.0,522.0,109.15,97.0,0.0,0.0,0.0,0.0,458.45,,,,,,
411,TSN,Farm Products,-110.9,14.5,0.1,-4.3,-4.4,3.0,3.4,-1.7,-6.2,-35.0,-62.1,-110.9,24.5,-133.3,2.0,0.0,-567.8387425998174,35.8,439.0,457.0,117.05,458.85,40,-506.1089096676167,EARLY_DOWN,LOWER,MOMENTUM_DOWN,S5_TRASH,,,,,439.0,457.0,117.05,175.0,0.0,0.0,25.0,0.0,458.85,,,,,,
412,PODD,Medical Devices,-99.8,2.4,1.9,-25.5,-35.4,-44.7,-55.9,-60.0,-70.9,-95.8,-118.2,-99.8,280.5,-108.7,1.6,0.0,4116.992191799209,46.9,408.0,428.0,109.29,460.14,-160,1868.1654232586807,STRONG_DOWN,LOWER,MOMENTUM_UP,S4_BOTTOMING,,,,,408.0,428.0,109.29,559.0,58.0,0.0,-2.0,0.0,460.14,,,,,,
413,CCI,Real Estate,-128.7,4.2,3.0,0.3,0.5,-0.2,-11.5,-18.1,-30.2,-62.9,-92.2,-128.7,51.9,-136.0,2.5,0.0,-5000.0,18.0,467.0,484.0,104.66,460.26,15,-4999.5585671670115,STRONG_UP,LOWER,MOMENTUM_UP,S0_NEUTRAL,,,,,467.0,484.0,104.66,203.0,10.0,0.0,0.0,0.0,460.26,,,,,,
414,ITW,Industrials,-78.7,1.1,0.2,-11.3,-14.1,-10.9,-15.4,-23.1,-35.5,-46.8,-60.3,-78.7,26.1,-79.5,2.5,0.0,-4526.885636640911,68.0,354.0,373.0,102.6,461.3,10,-1484.385636640911,STRONG_DOWN,LOWER,MOMENTUM_UP,S4_BOTTOMING,,,,,354.0,373.0,102.6,380.0,40.0,0.0,-2.0,0.0,461.3,,,,,,
415,UDR,Real Estate,-111.8,3.1,0.7,-1.2,-3.7,-2.4,-12.2,-24.6,-34.4,-54.6,-73.7,-111.8,16.1,-115.4,2.6,0.0,-2702.1367951723087,34.9,441.0,459.0,118.56,461.76,78,-302.99108524815847,STRONG_UP,LOWER,MOMENTUM_DOWN,S0_NEUTRAL,,,,,441.0,459.0,118.56,233.0,10.0,0.0,0.0,0.0,461.76,,,,,,
416,NOC,Aerospace & Defense,-42.5,3.4,2.3,-20.1,-25.0,-19.2,-18.7,-18.8,-26.3,-32.4,-36.3,-42.5,77.9,-46.5,1.8,0.0,-5000.0,104.2,272.0,292.0,106.0,462.15,-91,-4997.612220495408,STRONG_DOWN,LOWER,MOMENTUM_UP,S4_BOTTOMING,,,,,272.0,292.0,106.0,481.0,58.0,0.0,-2.0,0.0,462.15,,,,,,
417,INVH,Real Estate,-108.5,2.7,2.2,1.1,1.4,-1.1,-13.8,-28.9,-44.6,-67.3,-88.1,-108.5,20.8,-124.7,3.0,0.0,-5000.0,16.4,470.0,449.0,112.02,462.42,70,-4069.8974746286353,STRONG_UP,LOWER,MOMENTUM_DOWN,S0_NEUTRAL,,,,,470.0,449.0,112.02,210.0,10.0,0.0,0.0,0.0,462.42,,,,,,
418,TRI,Technology,-105.9,5.1,1.7,-13.6,-18.8,-30.9,-51.0,-65.9,-78.7,-88.5,-99.1,-105.9,146.3,-118.9,2.0,0.0,4257.692544700154,40.8,426.0,443.0,82.16,463.31,-184,2344.4453383217788,STRONG_DOWN,LOWER,MOMENTUM_DOWN,S5_TRASH,,,,,426.0,443.0,82.16,535.0,58.0,0.0,25.0,0.0,463.31,,,,,,
419,PFE,Pharmaceuticals,-120.7,7.5,1.0,-8.8,-7.9,-1.4,1.6,-1.0,-15.8,-49.7,-74.3,-120.7,23.6,-131.9,1.9,0.0,-4970.280510363264,26.0,455.0,474.0,118.24,463.49,64,-4476.495117206125,STRONG_DOWN,LOWER,MOMENTUM_UP,S4_BOTTOMING,,,,,455.0,474.0,118.24,222.0,4.0,0.0,-2.0,0.0,463.49,,,,,,
420,SYK,Medical Devices,-79.3,11.6,1.8,-7.4,-16.0,-18.4,-27.6,-36.4,-45.1,-50.6,-64.3,-79.3,37.3,-94.2,2.2,0.0,-15.731069740601567,67.4,355.0,374.0,95.17,464.02,-34,252.97683048606623,EARLY_UP,LOWER,NEUTRAL,S0_NEUTRAL,,,,,355.0,374.0,95.17,446.0,58.0,0.0,0.0,0.0,464.02,,,,,,
421,NWSA,Entertainment,-80.8,5.8,0.6,-5.0,-5.1,-6.5,-17.3,-27.1,-33.4,-42.8,-47.9,-80.8,56.8,-88.7,1.9,0.0,-937.63322333617,65.9,361.0,380.0,122.65,464.25,-54,-937.5611666557803,EARLY_DOWN,LOWER,MOMENTUM_DOWN,S5_TRASH,,,,,361.0,380.0,122.65,301.0,14.0,0.0,25.0,0.0,464.25,,,,,,
422,WAT,Healthcare,-100.9,7.3,2.5,4.1,-2.1,-9.0,-12.5,-24.6,-34.0,-55.8,-70.3,-100.9,46.1,-111.9,1.9,0.0,-1098.1743037957744,45.8,414.0,434.0,112.06,464.71,24,-869.9396297956375,EARLY_DOWN,LOWER,MOMENTUM_DOWN,S5_TRASH,,,,,414.0,434.0,112.06,237.0,10.0,0.0,25.0,0.0,464.71,,,,,,
423,KVUE,Household & Personal Products,-48.1,8.7,0.5,-6.7,-8.5,-4.1,-17.8,-31.5,-48.1,,,-48.1,0.0,-115.3,2.3,0.0,-1636.2113069636432,-8.6,517.0,299.0,96.61,466.56,-65,-1636.0775533438414,STRONG_DOWN,LOWER,MOMENTUM_UP,S4_BOTTOMING,,,,,517.0,299.0,96.61,326.0,14.0,26.0,-2.0,0.0,466.56,,,,,,
424,SYY,Food Distribution,-100.3,7.1,5.5,-2.9,-11.2,-8.1,-11.8,-15.2,-25.8,-45.0,-64.8,-100.3,22.5,-109.1,2.0,0.0,-5000.0,46.4,412.0,432.0,118.61,468.11,76,0.0,EARLY_UP,LOWER,MOMENTUM_UP,S4_BOTTOMING,,,,,412.0,432.0,118.61,310.0,14.0,0.0,-2.0,0.0,468.11,,,,,,
425,ADA-USD,Cryptocurrency,-43.9,0.3,-0.1,-7.1,-13.2,-29.1,-55.3,-69.1,-80.5,-109.1,-50.6,-43.9,3485.6,-69.7,1.7,0.0,2921.2311435269785,68.4,351.0,295.0,135.92,468.37,-215,-2078.7688564730215,EARLY_DOWN,LOWER,MOMENTUM_DOWN,S5_TRASH,,,,,351.0,295.0,135.92,522.0,58.0,0.0,25.0,0.0,468.37,,,,,,
426,ICE,Financial Data & Stock Exchanges,-66.6,0.0,-1.5,-11.3,-14.7,-13.1,-23.1,-28.0,-31.4,-38.6,-53.7,-66.6,26.5,-66.2,1.9,0.0,-12.809781823693013,80.1,319.0,342.0,113.57,469.77,-78,-9.071138673740078,STRONG_DOWN,LOWER,MOMENTUM_DOWN,S5_TRASH,,,,,319.0,342.0,113.57,419.0,40.0,0.0,25.0,0.0,469.77,,,,,,
427,MAS,Industrials,-81.6,3.4,3.4,-5.8,-7.9,-6.4,-11.9,-24.7,-32.7,-41.6,-56.6,-81.6,27.9,-84.9,2.2,0.0,-5000.0,65.1,363.0,383.0,118.24,469.99,-82,-4999.999601381458,EARLY_DOWN,LOWER,MOMENTUM_DOWN,S5_TRASH,,,,,363.0,383.0,118.24,292.0,14.0,0.0,25.0,0.0,469.99,,,,,,
428,ES,Utilities,-115.5,2.4,2.0,-9.2,-9.9,-8.5,-9.4,-11.9,-22.1,-48.6,-78.1,-115.5,49.7,-119.1,1.7,0.0,-5000.0,31.2,445.0,463.0,114.53,470.13,77,0.0,EARLY_UP,LOWER,MOMENTUM_UP,S4_BOTTOMING,,,,,445.0,463.0,114.53,321.0,4.0,0.0,-2.0,0.0,470.13,,,,,,
429,TROW,Financials,-110.7,0.6,-0.6,-2.2,-3.9,-5.9,-9.6,-18.7,-30.2,-56.7,-81.4,-110.7,82.7,-111.3,2.1,0.0,-3490.7521022439923,36.0,438.0,456.0,110.28,470.23,49,-1765.5632565163896,EARLY_DOWN,LOWER,MOMENTUM_DOWN,S5_TRASH,,,,,438.0,456.0,110.28,243.0,0.0,0.0,25.0,0.0,470.23,,,,,,
430,EW,Healthcare,-107.1,4.5,0.9,-7.5,-8.0,-9.1,-11.7,-16.1,-32.3,-61.5,-86.8,-107.1,81.2,-115.6,1.7,0.0,-5000.0,39.6,429.0,446.0,111.63,470.78,67,0.0,STRONG_UP,LOWER,MOMENTUM_UP,S0_NEUTRAL,,,,,429.0,446.0,111.63,314.0,14.0,0.0,0.0,0.0,470.78,,,,,,
431,MCD,Restaurants,-69.7,5.7,2.8,-12.4,-16.7,-16.0,-21.4,-26.5,-39.4,-50.5,-62.3,-69.7,53.8,-76.9,2.3,0.0,-5000.0,77.0,328.0,352.0,97.98,472.18,-40,-3655.2,EARLY_UP,LOWER,MOMENTUM_UP,S4_BOTTOMING,,,,,328.0,352.0,97.98,428.0,58.0,0.0,-2.0,0.0,472.18,,,,,,
432,FTV,Industrials,-107.7,5.9,-0.4,-5.4,-3.6,-0.6,-1.5,-14.5,-30.0,-46.0,-69.9,-107.7,14.0,-127.8,2.1,0.0,-401.9850856137238,28.6,448.0,448.0,127.48,472.58,-28,-401.9834872053744,EARLY_DOWN,LOWER,MOMENTUM_DOWN,S5_TRASH,,,,,448.0,448.0,127.48,202.0,0.0,0.0,25.0,0.0,472.58,,,,,,
433,PEG,Utilities,-79.8,3.3,3.1,-10.9,-12.7,-12.2,-18.1,-25.9,-28.0,-36.4,-51.8,-79.8,16.1,-82.7,2.0,0.0,-5000.0,66.9,359.0,378.0,110.7,474.15,9,-2144.6,STRONG_DOWN,LOWER,MOMENTUM_UP,S4_BOTTOMING,,,,,359.0,378.0,110.7,390.0,40.0,0.0,-2.0,0.0,474.15,,,,,,
434,IT,Technology,-156.1,3.7,1.7,-3.7,-12.0,-25.9,-48.1,-73.8,-92.0,-110.1,-122.0,-156.1,136.5,-166.8,3.0,0.0,5000.0,-9.4,518.0,524.0,91.71,475.21,-135,4748.476275363993,EARLY_UP,LOWER,MOMENTUM_UP,S4_BOTTOMING,,,,,518.0,524.0,91.71,496.0,58.0,0.0,-2.0,0.0,475.21,,,,,,
435,AMT,Telecommunications Infrastructure,-112.6,5.7,4.2,-3.4,-5.5,-4.7,-17.1,-25.9,-36.9,-61.9,-88.9,-112.6,77.9,-123.7,2.3,0.0,-5000.0,34.1,443.0,461.0,114.78,476.08,75,0.0,STRONG_UP,LOWER,MOMENTUM_UP,S0_NEUTRAL,,,,,443.0,461.0,114.78,285.0,14.0,0.0,0.0,0.0,476.08,,,,,,
436,LUV,Airlines,-136.8,9.2,2.7,-2.3,-12.9,-3.6,2.8,6.1,-3.2,-35.9,-71.8,-136.8,28.4,-152.9,2.0,0.0,-5000.0,9.9,482.0,497.0,119.24,476.79,11,-4999.911309258237,EARLY_DOWN,LOWER,MOMENTUM_UP,S4_BOTTOMING,,,,,482.0,497.0,119.24,227.0,4.0,0.0,-2.0,0.0,476.79,,,,,,
437,VICI,Real Estate,-69.8,3.8,1.4,-6.4,-8.1,-8.6,-19.0,-26.0,-37.9,-53.2,-63.7,-69.8,40.0,-88.5,2.3,0.0,-1340.8162531219295,40.0,427.0,353.0,117.3,478.05,33,1851.7837468780704,EARLY_DOWN,LOWER,MOMENTUM_DOWN,S5_TRASH,,,,,427.0,353.0,117.3,344.0,14.0,0.0,25.0,0.0,478.05,,,,,,
438,MRNA,Healthcare,-94.1,2.4,-0.4,-8.9,-9.5,23.5,37.7,-2.8,-42.5,-91.4,-96.1,-94.1,1434.6,-168.2,3.0,0.0,-1561.2185733953213,2.9,496.0,412.0,137.82,480.62,48,-1005.8357580929274,STRONG_DOWN,LOWER,MOMENTUM_DOWN,S5_TRASH,,,,,496.0,412.0,137.82,92.0,4.0,0.0,25.0,0.0,480.62,,,,,,
439,STE,Healthcare,-76.5,8.0,2.9,-7.0,-14.7,-17.6,-22.6,-28.7,-41.4,-58.0,-74.9,-76.5,69.5,-88.7,1.9,0.0,-2077.3052167943983,70.2,338.0,361.0,110.12,480.82,13,2922.6947832056017,EARLY_UP,LOWER,MOMENTUM_UP,S4_BOTTOMING,,,,,338.0,361.0,110.12,420.0,58.0,0.0,-2.0,0.0,480.82,,,,,,
440,HBAN,Banks - Regional,-67.0,5.5,3.6,-10.6,-12.9,-12.5,-17.1,-20.7,-17.7,-27.6,-36.6,-67.0,27.8,-74.2,1.4,0.0,-5000.0,79.7,323.0,347.0,106.2,481.0,-26,-2224.7,STRONG_DOWN,LOWER,MOMENTUM_DOWN,S5_TRASH,,,,,323.0,347.0,106.2,387.0,40.0,0.0,25.0,0.0,481.0,,,,,,
441,SBAC,Real Estate,-130.5,2.4,1.5,0.0,1.4,1.8,-10.3,-20.8,-37.8,-70.6,-100.8,-130.5,94.6,-135.6,2.1,0.0,-5000.0,16.2,472.0,489.0,100.06,481.41,15,-4977.391352112295,EARLY_DOWN,LOWER,MOMENTUM_DOWN,S5_TRASH,,,,,472.0,489.0,100.06,193.0,10.0,0.0,25.0,0.0,481.41,,,,,,
442,MAA,Real Estate,-113.7,2.6,1.8,-4.6,-7.7,-9.1,-19.4,-31.0,-41.4,-66.8,-85.1,-113.7,56.2,-117.8,3.0,0.0,-5000.0,33.0,444.0,462.0,114.77,482.77,60,0.0,EARLY_DOWN,LOWER,MOMENTUM_UP,S4_BOTTOMING,,,,,444.0,462.0,114.77,340.0,14.0,0.0,-2.0,0.0,482.77,,,,,,
443,CPT,Real Estate,-116.5,2.7,1.9,-3.4,-6.7,-7.0,-15.0,-25.9,-34.6,-61.1,-81.1,-116.5,43.3,-120.5,2.3,0.0,-5000.0,30.2,446.0,464.0,118.98,482.98,73,0.0,STRONG_UP,LOWER,MOMENTUM_UP,S0_NEUTRAL,,,,,446.0,464.0,118.98,294.0,14.0,0.0,0.0,0.0,482.98,,,,,,
444,AVB,Real Estate,-123.5,1.6,0.7,-2.2,-3.1,-3.7,-13.9,-28.0,-37.2,-56.6,-78.2,-123.5,8.8,-125.2,2.9,0.0,-5000.0,23.2,462.0,480.0,122.86,483.01,37,-4840.84049520797,STRONG_UP,LOWER,MOMENTUM_DOWN,S0_NEUTRAL,,,,,462.0,480.0,122.86,247.0,10.0,0.0,0.0,0.0,483.01,,,,,,
445,MGM,Resorts & Casinos,-120.4,5.9,0.6,-8.1,-4.3,-2.5,-7.3,-19.4,-40.0,-61.9,-74.2,-120.4,24.1,-129.1,1.7,0.0,-3922.4298192265337,26.3,454.0,472.0,116.5,484.6,-40,-3922.412368559857,STRONG_DOWN,LOWER,MOMENTUM_DOWN,S5_TRASH,,,,,454.0,472.0,116.5,240.0,0.0,0.0,25.0,0.0,484.6,,,,,,
446,VEEV,Healthcare,-94.8,0.9,-0.4,-16.3,-20.9,-31.4,-46.1,-52.0,-65.0,-86.4,-113.3,-94.8,331.9,-98.0,1.9,0.0,1091.1475928458888,51.9,395.0,414.0,113.76,486.46,-191,246.9570846087447,STRONG_DOWN,LOWER,NEUTRAL,S5_TRASH,,,,,395.0,414.0,113.76,537.0,58.0,0.0,25.0,0.0,486.46,,,,,,
447,INCY,Healthcare,-122.7,4.3,0.8,-6.3,-8.6,-9.1,0.9,6.9,1.3,-24.3,-60.0,-122.7,58.2,-130.2,1.8,0.0,-5000.0,24.0,460.0,478.0,107.65,486.5,-28,-4995.76989437695,EARLY_DOWN,LOWER,MOMENTUM_DOWN,S5_TRASH,,,,,460.0,478.0,107.65,251.0,4.0,0.0,25.0,0.0,486.5,,,,,,
448,LH,Healthcare,-84.3,2.7,2.0,-11.3,-13.7,-11.6,-16.5,-17.3,-25.6,-42.6,-54.8,-84.3,17.6,-86.7,1.5,0.0,-5000.0,62.4,370.0,390.0,118.5,486.8,24,-72.89999999999964,STRONG_DOWN,LOWER,MOMENTUM_UP,S4_BOTTOMING,,,,,370.0,390.0,118.5,388.0,40.0,0.0,-2.0,0.0,486.8,,,,,,
449,TTD,Advertising Agencies,-90.1,0.6,0.0,-15.9,-21.9,-37.6,-60.6,-85.3,-104.0,-125.4,-145.8,-90.1,1126.9,-105.3,2.1,0.0,5000.0,43.0,422.0,402.0,117.3,487.65,-196,272.42298080212186,EARLY_DOWN,LOWER,MOMENTUM_DOWN,S5_TRASH,,,,,422.0,402.0,117.3,551.0,58.0,0.0,25.0,0.0,487.65,,,,,,
450,RMD,Healthcare,-77.7,3.2,2.0,-10.4,-18.4,-20.7,-29.8,-35.1,-41.2,-63.8,-81.1,-77.7,134.7,-84.4,1.8,0.0,-1200.0516466276404,69.0,346.0,367.0,111.54,490.29,-30,-730.6516466276404,EARLY_UP,LOWER,MOMENTUM_UP,S4_BOTTOMING,,,,,346.0,367.0,111.54,471.0,58.0,0.0,-2.0,0.0,490.29,,,,,,
451,SUI-USD,Cryptocurrency,-94.8,5.9,0.3,-23.5,16.9,-0.9,-54.1,-91.4,,,,-94.8,287.9,-111.3,3.7,0.0,116.81849325009419,-68.9,561.0,414.0,84.67,490.42,-169,-1.4210854715202004e-14,NO_TREND,LOWER,MOMENTUM_DOWN,S5_TRASH,,,,,561.0,414.0,84.67,386.0,10.0,47.0,25.0,0.0,490.42,,,,,,
452,HPQ,Technology,-126.1,3.8,2.3,2.1,4.2,-5.9,-19.1,-41.1,-56.9,-78.5,-92.3,-126.1,74.5,-133.6,2.2,0.0,-5000.0,20.6,464.0,482.0,107.86,491.21,-57,-4999.999622269078,EARLY_DOWN,LOWER,MOMENTUM_DOWN,S5_TRASH,,,,,464.0,482.0,107.86,229.0,10.0,0.0,25.0,0.0,491.21,,,,,,
453,ADSK,Technology,-90.3,2.5,0.4,-8.6,-10.0,-18.3,-29.1,-35.2,-44.2,-61.5,-84.5,-90.3,136.2,-95.8,1.8,0.0,-3707.1233947160085,56.4,382.0,403.0,114.65,493.3,-15,-3432.6421311473987,STRONG_UP,LOWER,NEUTRAL,S0_NEUTRAL,,,,,382.0,403.0,114.65,425.0,40.0,0.0,0.0,0.0,493.3,,,,,,
454,SJM,Packaged Foods,-130.4,2.5,0.3,-2.3,-7.8,-6.1,-12.2,-19.4,-36.6,-58.5,-80.3,-130.4,15.9,-133.5,2.2,0.0,-4823.579268303904,16.3,471.0,488.0,123.42,495.37,54,-3281.147794617862,STRONG_UP,LOWER,NEUTRAL,S0_NEUTRAL,,,,,471.0,488.0,123.42,276.0,14.0,0.0,0.0,0.0,495.37,,,,,,
455,PCG,Utilities,-149.7,1.2,1.2,-11.9,-11.6,-9.1,-11.3,-27.0,-41.8,-46.2,-65.2,-149.7,11.7,-152.6,2.3,0.0,-5000.0,-3.0,507.0,517.0,99.47,495.42,60,0.0,STRONG_DOWN,LOWER,MOMENTUM_UP,S4_BOTTOMING,,,,,507.0,517.0,99.47,348.0,14.0,0.0,-2.0,0.0,495.42,,,,,,
456,MTCH,Internet Content & Information,-120.5,3.6,0.2,2.8,0.1,-3.5,-6.5,-15.6,-33.4,-70.8,-105.7,-120.5,469.7,-142.4,1.9,0.0,-5000.0,-8.0,514.0,473.0,116.76,495.86,71,0.0,STRONG_DOWN,LOWER,MOMENTUM_DOWN,S5_TRASH,,,,,514.0,473.0,116.76,196.0,0.0,0.0,25.0,0.0,495.86,6918846692.73,6.919,523.0,other,equity,data_raw
457,CDW,Technology,-129.7,2.8,2.8,-25.5,-24.0,-29.0,-42.1,-59.5,-77.7,-97.5,-116.9,-129.7,116.6,-136.4,2.5,0.0,5000.0,14.0,475.0,487.0,96.75,496.3,-185,4063.8,STRONG_DOWN,LOWER,MOMENTUM_DOWN,S5_TRASH,,,,,475.0,487.0,96.75,544.0,58.0,0.0,25.0,0.0,496.3,,,,,,
458,VMC,Building Materials,-64.5,0.0,0.0,-17.3,-19.5,-19.0,-22.3,-26.6,-33.6,-34.6,-39.9,-64.5,23.2,-64.1,1.5,0.0,-1158.5,82.2,314.0,336.0,106.12,496.57,-75,-27.40000000000009,STRONG_DOWN,LOWER,MOMENTUM_DOWN,S5_TRASH,,,,,314.0,336.0,106.12,465.0,58.0,0.0,25.0,0.0,496.57,,,,,,
459,BA,Aerospace & Defense,-134.9,2.5,-0.6,-7.0,-9.7,-5.5,-11.0,-8.4,-27.6,-45.7,-79.7,-134.9,110.6,-140.6,1.5,0.0,-290.7670038696832,11.8,479.0,495.0,106.92,496.87,-70,-290.7652637906326,EARLY_DOWN,LOWER,MOMENTUM_DOWN,S5_TRASH,,,,,479.0,495.0,106.92,300.0,14.0,0.0,25.0,0.0,496.87,,,,,,
460,PEP,Soft Drinks & Non-alcoholic Beverages,-100.9,1.5,-1.3,-12.8,-14.1,-10.4,-8.7,-18.7,-34.3,-51.4,-69.4,-100.9,21.3,-102.3,2.4,0.0,-655.1066170478824,45.8,414.0,434.0,118.65,497.25,-29,-629.8931928629565,STRONG_DOWN,LOWER,MOMENTUM_DOWN,S5_TRASH,,,,,414.0,434.0,118.65,354.0,20.0,0.0,25.0,0.0,497.25,,,,,,
461,PPL,Utilities,-95.7,3.7,3.7,-13.0,-12.2,-10.2,-13.9,-15.0,-17.4,-28.5,-49.4,-95.7,10.3,-99.3,1.9,0.0,-5000.0,51.0,399.0,419.0,122.36,500.41,31,0.0,STRONG_DOWN,LOWER,MOMENTUM_UP,S4_BOTTOMING,,,,,399.0,419.0,122.36,366.0,40.0,0.0,-2.0,0.0,500.41,,,,,,
462,CCL,Travel Services,-128.9,4.7,4.4,-9.9,-15.8,-15.4,-16.7,-6.6,-0.6,0.8,-41.2,-128.9,18.9,-135.6,1.5,0.0,-5000.0,17.8,468.0,485.0,68.67,500.87,-105,-4999.992876627535,STRONG_DOWN,LOWER,MOMENTUM_UP,S4_BOTTOMING,,,,,468.0,485.0,68.67,404.0,58.0,0.0,-2.0,0.0,500.87,,,,,,
463,HSIC,Healthcare,-138.6,3.8,0.0,-8.2,-11.3,-8.4,-11.1,-20.9,-37.9,-61.6,-86.1,-138.6,10.2,-143.9,1.8,0.0,-2477.7,8.1,486.0,501.0,123.27,502.92,71,2522.3,EARLY_UP,LOWER,MOMENTUM_UP,S4_BOTTOMING,,,,,486.0,501.0,123.27,333.0,14.0,0.0,-2.0,0.0,502.92,,,,,,
464,BIIB,Healthcare,-167.6,3.8,-1.4,-6.0,-5.9,-2.0,8.8,-8.3,-37.1,-68.8,-103.9,-167.6,14.3,-174.2,2.0,0.0,-8.145430233854006,-20.9,535.0,539.0,127.02,503.72,7,-8.044328011021541,EARLY_DOWN,LOWER,MOMENTUM_DOWN,S5_TRASH,,,,,535.0,539.0,127.02,185.0,4.0,0.0,25.0,0.0,503.72,,,,,,
465,EXE,Oil & Gas E&P,-23.6,2.1,0.1,-13.4,-16.0,-18.1,-22.5,-21.6,-29.2,-28.6,,-23.6,97.5,-53.1,2.2,0.0,-68.33043353638595,39.0,432.0,250.0,127.79,505.04,-65,27.669566463614046,EARLY_UP,LOWER,NEUTRAL,S0_NEUTRAL,,,,,432.0,250.0,127.79,443.0,58.0,11.0,0.0,0.0,505.04,,,,,,
466,BKNG,Travel Services,-238.3,0.7,-0.3,-59.2,-81.7,-92.1,-104.3,-117.0,-132.8,-153.4,-182.2,-238.3,73.4,-238.1,1.5,0.0,179.9785655036259,-91.6,563.0,563.0,74.17,507.37,-179,-484.8443511630412,STRONG_DOWN,LOWER,MOMENTUM_UP,S4_BOTTOMING,,,,,563.0,563.0,74.17,563.0,58.0,0.0,-2.0,0.0,507.37,,,,,,
467,RVTY,Healthcare,-139.5,2.4,0.1,1.2,-7.0,-8.6,-12.5,-30.5,-47.0,-79.1,-104.2,-139.5,69.5,-147.1,2.1,0.0,-3903.7211060071663,7.2,489.0,503.0,106.28,507.48,-8,-3843.186599403356,EARLY_DOWN,LOWER,MOMENTUM_DOWN,S5_TRASH,,,,,489.0,503.0,106.28,269.0,14.0,0.0,25.0,0.0,507.48,,,,,,
468,LULU,Apparel Retail,-162.5,1.3,0.9,-20.8,-29.0,-34.1,-48.4,-70.3,-92.9,-117.6,-144.4,-162.5,274.1,-167.6,3.1,0.0,818.0187190517019,-15.8,528.0,533.0,102.28,508.18,-159,450.1187190517019,STRONG_DOWN,LOWER,MOMENTUM_UP,S4_BOTTOMING,,,,,528.0,533.0,102.28,550.0,58.0,0.0,-2.0,0.0,508.18,,,,,,
469,LW,Packaged Foods,-121.8,11.6,3.8,-3.5,-5.0,-13.2,-18.6,-36.1,-58.9,-73.9,-98.2,-121.8,59.8,-155.8,1.8,0.0,-5000.0,-23.8,541.0,476.0,112.22,510.82,59,0.0,STRONG_DOWN,LOWER,MOMENTUM_UP,S4_BOTTOMING,,,,,541.0,476.0,112.22,337.0,18.0,0.0,-2.0,0.0,510.82,5777402962.49,5.777,533.0,other,equity,data_raw
470,KHC,Packaged Foods,-158.1,1.6,0.7,-3.0,-6.7,-9.2,-17.4,-31.0,-47.6,-69.4,-89.3,-158.1,10.3,-160.2,2.8,0.0,-5000.0,-11.4,521.0,527.0,111.63,510.88,20,-4823.944704113333,STRONG_UP,LOWER,MOMENTUM_UP,S0_NEUTRAL,,,,,521.0,527.0,111.63,320.0,14.0,0.0,0.0,0.0,510.88,,,,,,
471,WTW,Financials,-99.1,6.9,3.4,-12.9,-18.7,-22.7,-30.5,-37.7,-43.6,-54.5,-73.2,-99.1,22.9,-107.7,2.4,0.0,-472.7837492870079,47.6,406.0,426.0,106.65,511.1,-2,2018.3294699803103,EARLY_UP,LOWER,MOMENTUM_UP,S4_BOTTOMING,,,,,406.0,426.0,106.65,485.0,58.0,0.0,-2.0,0.0,511.1,,,,,,
472,ABNB,Travel Services,-64.5,1.7,-0.1,-7.2,-6.7,-5.2,-10.5,-22.3,-38.4,-58.6,,-64.5,33.1,-99.5,2.0,0.0,-2016.1951856474332,0.1,502.0,336.0,132.54,511.39,-90,-2016.1951854710826,EARLY_DOWN,LOWER,MOMENTUM_DOWN,S5_TRASH,,,,,502.0,336.0,132.54,277.0,14.0,11.0,25.0,0.0,511.39,,,,,,
473,ECL,Specialty Chemicals,-89.6,2.0,0.3,-13.6,-18.2,-16.5,-21.4,-26.0,-28.7,-35.0,-60.5,-89.6,35.5,-91.8,1.8,0.0,-5000.0,57.1,378.0,398.0,113.42,511.87,-7,-904.1999999999998,STRONG_DOWN,LOWER,MOMENTUM_UP,S4_BOTTOMING,,,,,378.0,398.0,113.42,445.0,58.0,0.0,-2.0,0.0,511.87,,,,,,
474,HD,,-89.9,4.4,4.4,-12.2,-18.4,-19.8,-28.0,-37.7,-47.7,-62.0,-75.8,-89.9,61.9,-96.4,2.2,0.0,-5000.0,56.8,381.0,401.0,109.87,512.97,-31,-4057.1,STRONG_DOWN,LOWER,MOMENTUM_UP,S4_BOTTOMING,,,,,381.0,401.0,109.87,467.0,58.0,0.0,-2.0,0.0,512.97,,,,,,
475,WY,Real Estate,-141.1,1.6,1.6,-10.6,-12.4,-9.5,-16.6,-31.1,-48.1,-70.9,-90.2,-141.1,12.6,-143.1,2.5,0.0,-5000.0,5.6,492.0,506.0,123.51,516.36,63,0.0,STRONG_DOWN,LOWER,MOMENTUM_UP,S4_BOTTOMING,,,,,492.0,506.0,123.51,367.0,14.0,0.0,-2.0,0.0,516.36,,,,,,
476,VRSK,Industrials,-121.3,6.9,3.0,-14.1,-20.2,-24.9,-41.2,-55.1,-67.6,-79.5,-100.2,-121.3,50.5,-133.4,2.6,0.0,-3.5402667782352295,25.4,457.0,475.0,98.27,517.57,-169,-58.04026677823523,STRONG_DOWN,LOWER,MOMENTUM_UP,S4_BOTTOMING,,,,,457.0,475.0,98.27,515.0,58.0,0.0,-2.0,0.0,517.57,,,,,,
477,TMO,Life Sciences Tools & Services,-96.0,1.2,1.2,-14.9,-20.2,-24.9,-23.2,-37.8,-53.0,-75.4,-91.1,-96.0,112.5,-98.0,2.2,0.0,-3526.649994691028,50.7,400.0,420.0,107.76,518.26,-23,-1676.849994691028,STRONG_DOWN,LOWER,MOMENTUM_UP,S4_BOTTOMING,,,,,400.0,420.0,107.76,482.0,58.0,0.0,-2.0,0.0,518.26,,,,,,
478,AWK,Utilities,-119.1,0.6,-0.1,-13.6,-13.4,-13.0,-22.1,-29.7,-42.8,-67.3,-92.1,-119.1,64.8,-119.7,2.4,0.0,-3175.935801350577,27.6,450.0,468.0,116.04,519.29,29,1824.064198649423,STRONG_DOWN,LOWER,MOMENTUM_UP,S4_BOTTOMING,,,,,450.0,468.0,116.04,413.0,40.0,0.0,-2.0,0.0,519.29,,,,,,
479,A,Healthcare,-103.1,1.8,1.3,-8.0,-12.8,-19.8,-21.9,-34.9,-48.7,-71.7,-86.4,-103.1,101.2,-106.3,2.7,0.0,-5000.0,43.6,419.0,438.0,107.08,520.18,-2,-1707.3000000000002,STRONG_DOWN,LOWER,MOMENTUM_UP,S4_BOTTOMING,,,,,419.0,438.0,107.08,421.0,58.0,0.0,-2.0,0.0,520.18,,,,,,
480,PG,Household Products,-97.3,1.8,0.5,-9.8,-13.7,-12.8,-19.9,-31.0,-42.3,-55.8,-74.3,-97.3,37.7,-99.3,2.4,0.0,-3936.80451907106,49.4,401.0,421.0,114.23,523.08,2,-357.60451907106017,STRONG_DOWN,LOWER,MOMENTUM_DOWN,S5_TRASH,,,,,401.0,421.0,114.23,400.0,40.0,0.0,25.0,0.0,523.08,,,,,,
481,ALGN,Medical Devices,-164.7,1.3,0.5,-15.4,-15.2,-7.8,-12.0,-35.4,-61.1,-94.6,-126.1,-164.7,236.6,-169.2,2.6,0.0,-5000.0,-18.0,531.0,536.0,115.0,524.05,-23,-4999.707474764556,STRONG_DOWN,LOWER,MOMENTUM_UP,S4_BOTTOMING,,,,,531.0,536.0,115.0,370.0,14.0,0.0,-2.0,0.0,524.05,,,,,,
482,INTU,Application Software,-117.4,0.0,-3.3,-33.7,-36.5,-47.4,-61.4,-72.4,-85.2,-100.1,-114.6,-117.4,209.6,-117.1,2.0,0.0,1.4311090150690093,29.3,447.0,465.0,94.19,524.34,-264,-1617.5829430298659,STRONG_DOWN,LOWER,MOMENTUM_DOWN,S5_TRASH,,,,,447.0,465.0,94.19,560.0,58.0,0.0,25.0,0.0,524.34,,,,,,
483,STZ,Beverages - Brewers,-161.5,4.0,1.9,-8.9,-10.4,-4.8,-15.7,-39.1,-61.0,-85.1,-110.6,-161.5,18.1,-168.5,2.4,0.0,-5000.0,-14.8,524.0,530.0,123.78,524.78,56,-3140.6749557472267,EARLY_UP,LOWER,MOMENTUM_UP,S4_BOTTOMING,,,,,524.0,530.0,123.78,336.0,14.0,0.0,-2.0,0.0,524.78,,,,,,
484,ULTA,Specialty Retail,-83.9,8.2,1.3,-13.9,-22.9,-21.0,-18.7,-11.3,-27.5,-42.8,-49.0,-83.9,50.1,-95.6,1.8,0.0,-1097.334928561541,62.8,368.0,388.0,111.2,524.85,-90,-1039.4924342506033,STRONG_DOWN,LOWER,MOMENTUM_DOWN,S5_TRASH,,,,,368.0,388.0,111.2,463.0,58.0,0.0,25.0,0.0,524.85,,,,,,
485,GPN,Specialty Business Services,-174.6,2.8,1.5,-2.5,-5.9,-9.4,-18.7,-39.7,-60.8,-89.3,-126.0,-174.6,72.1,-181.1,2.6,0.0,-5000.0,-27.9,545.0,546.0,116.32,525.67,66,0.0,STRONG_UP,LOWER,MOMENTUM_UP,S0_NEUTRAL,,,,,545.0,546.0,116.32,322.0,14.0,0.0,0.0,0.0,525.67,,,,,,
486,TEAM,Technology,-155.2,0.5,0.5,-13.1,-33.7,-46.0,-64.7,-79.9,-96.8,-120.0,-146.3,-155.2,620.0,-158.3,2.5,0.0,1720.207134899571,-18.2,533.0,523.0,122.51,525.86,-173,0.0,EARLY_UP,LOWER,MOMENTUM_UP,S4_BOTTOMING,,,,,533.0,523.0,122.51,558.0,58.0,0.0,-2.0,0.0,525.86,11740436040.58,11.74,483.0,other,equity,data_raw
487,BXP,Real Estate,-161.3,2.0,0.6,1.4,-3.8,-11.8,-20.6,-30.5,-37.4,-65.5,-99.3,-161.3,7.4,-164.2,2.4,0.0,-5000.0,-14.6,523.0,529.0,125.42,528.22,67,0.0,STRONG_UP,LOWER,MOMENTUM_DOWN,S0_NEUTRAL,,,,,523.0,529.0,125.42,311.0,18.0,0.0,0.0,0.0,528.22,,,,,,
488,BAX,Healthcare,-200.2,1.9,1.2,3.8,-4.9,-6.3,-25.6,-49.4,-71.2,-105.1,-142.1,-200.2,45.4,-204.6,3.0,0.0,-5000.0,-53.5,559.0,561.0,119.11,528.86,43,-4549.975106165248,STRONG_UP,LOWER,MOMENTUM_UP,S0_NEUTRAL,,,,,559.0,561.0,119.11,308.0,10.0,0.0,0.0,0.0,528.86,,,,,,
489,REGN,Biotechnology,-118.7,0.8,-5.0,-20.9,-22.1,-21.1,-14.0,-35.1,-53.9,-68.6,-80.0,-118.7,50.6,-119.5,2.3,0.0,-23.606543419655388,28.0,449.0,467.0,107.4,529.45,-73,14.084207247323732,STRONG_DOWN,LOWER,MOMENTUM_DOWN,S5_TRASH,,,,,449.0,467.0,107.4,464.0,40.0,0.0,25.0,0.0,529.45,,,,,,
490,BALL,Packaging Materials,-132.8,2.8,0.5,-15.6,-15.8,-6.8,-10.8,-24.5,-38.3,-66.1,-98.8,-132.8,78.1,-138.5,2.2,0.0,-5000.0,13.9,477.0,493.0,116.58,529.78,-87,-4999.999016529812,STRONG_DOWN,LOWER,MOMENTUM_DOWN,S5_TRASH,,,,,477.0,493.0,116.58,365.0,14.0,0.0,25.0,0.0,529.78,,,,,,
491,IFF,Specialty Chemicals,-162.0,2.5,0.7,-3.2,-5.7,-0.9,-6.1,-25.3,-37.7,-70.2,-103.7,-162.0,12.2,-165.9,2.3,0.0,-5000.0,-15.4,527.0,532.0,127.98,530.18,-31,-4999.988743467695,EARLY_DOWN,LOWER,MOMENTUM_DOWN,S5_TRASH,,,,,527.0,532.0,127.98,223.0,4.0,0.0,25.0,0.0,530.18,,,,,,
492,J,Industrials,-80.0,6.9,2.8,-19.6,-21.9,-24.2,-30.1,-35.6,-43.6,-57.8,-70.3,-80.0,52.0,-89.3,2.1,0.0,-5000.0,66.7,360.0,379.0,104.98,531.43,-42,0.0,STRONG_DOWN,LOWER,MOMENTUM_DOWN,S5_TRASH,,,,,360.0,379.0,104.98,507.0,58.0,0.0,25.0,0.0,531.43,,,,,,
493,DHR,Life Sciences Tools & Services,-104.1,3.5,3.2,-13.3,-20.1,-24.8,-29.2,-44.6,-59.8,-83.1,-99.8,-104.1,142.7,-112.6,2.2,0.0,-5000.0,42.6,424.0,441.0,108.0,533.0,-28,-4106.9,STRONG_DOWN,LOWER,MOMENTUM_UP,S4_BOTTOMING,,,,,424.0,441.0,108.0,488.0,58.0,0.0,-2.0,0.0,533.0,,,,,,
494,FDS,Financial Data & Stock Exchanges,-152.2,5.5,1.8,-8.7,-9.8,-17.0,-37.6,-58.4,-76.9,-98.2,-120.4,-152.2,60.9,-164.1,2.4,0.0,-5000.0,-5.5,512.0,521.0,95.69,535.29,-49,-4993.574010346755,EARLY_UP,LOWER,MOMENTUM_UP,S4_BOTTOMING,,,,,512.0,521.0,95.69,452.0,40.0,0.0,-2.0,0.0,535.29,,,,,,
495,ALLE,Industrials,-99.2,3.2,3.2,-14.6,-20.7,-23.9,-29.6,-30.2,-36.2,-48.7,-69.9,-99.2,37.4,-103.2,1.8,0.0,-5000.0,47.5,407.0,427.0,118.13,536.53,-10,-640.5,STRONG_DOWN,LOWER,MOMENTUM_UP,S4_BOTTOMING,,,,,407.0,427.0,118.13,491.0,58.0,0.0,-2.0,0.0,536.53,,,,,,
496,DIS,Entertainment,-148.2,0.1,-0.2,-4.3,-8.7,-11.6,-19.1,-25.4,-35.4,-63.8,-97.9,-148.2,38.2,-147.7,2.2,0.0,-2423.533947226174,-1.5,503.0,513.0,114.75,538.4,-22,-2402.491491362856,EARLY_DOWN,LOWER,MOMENTUM_DOWN,S5_TRASH,,,,,503.0,513.0,114.75,350.0,22.0,0.0,25.0,0.0,538.4,,,,,,
497,PPG,Specialty Chemicals,-144.1,1.7,1.7,-8.5,-13.5,-8.7,-15.1,-29.2,-49.0,-72.6,-97.2,-144.1,10.8,-146.2,2.2,0.0,-5000.0,2.6,497.0,510.0,119.21,539.46,7,-4391.509203298474,STRONG_DOWN,LOWER,MOMENTUM_DOWN,S5_TRASH,,,,,497.0,510.0,119.21,356.0,14.0,0.0,25.0,0.0,539.46,,,,,,
498,VLTO,Industrials,-41.6,2.4,-0.1,-10.4,-15.2,-18.4,-27.1,-38.0,,,,-41.6,0.0,-102.7,2.8,0.0,-1464.840992051068,-8.4,516.0,290.0,91.18,541.78,-57,2254.259007948932,STRONG_DOWN,LOWER,MOMENTUM_UP,S4_BOTTOMING,,,,,516.0,290.0,91.18,448.0,58.0,47.0,-2.0,0.0,541.78,,,,,,
499,SWK,Industrials,-162.8,0.1,-0.2,-7.0,-11.6,-7.4,-7.4,-25.3,-42.0,-70.3,-105.8,-162.8,21.3,-162.4,2.3,0.0,-4243.507159942542,-16.1,529.0,534.0,128.19,541.84,23,-3875.23318271259,EARLY_DOWN,LOWER,MOMENTUM_DOWN,S5_TRASH,,,,,529.0,534.0,128.19,304.0,4.0,0.0,25.0,0.0,541.84,,,,,,
500,TAP,Beverages - Brewers,-149.7,3.4,1.6,-8.2,-14.1,-14.2,-22.4,-35.2,-52.8,-66.2,-86.2,-149.7,11.2,-154.8,2.5,0.0,-5000.0,-3.0,507.0,517.0,111.29,541.94,29,0.0,EARLY_UP,LOWER,MOMENTUM_UP,S4_BOTTOMING,,,,,507.0,517.0,111.29,406.0,40.0,0.0,-2.0,0.0,541.94,,,,,,
501,OMC,Advertising Agencies,-119.8,4.2,2.9,-11.2,-13.9,-12.2,-15.4,-31.0,-44.3,-56.2,-71.7,-119.8,7.3,-124.8,2.2,0.0,-5000.0,26.9,451.0,469.0,111.29,542.04,-33,-4721.639236136885,STRONG_DOWN,LOWER,MOMENTUM_DOWN,S5_TRASH,,,,,451.0,469.0,111.29,384.0,40.0,0.0,25.0,0.0,542.04,,,,,,
502,SW,Packaging & Containers,-108.7,2.9,2.9,-13.3,-17.8,-13.3,-22.6,-35.6,-42.4,-58.7,-75.9,-108.7,51.9,-113.0,2.2,0.0,-5000.0,38.0,433.0,450.0,114.41,543.76,-79,-4958.797431561895,STRONG_DOWN,LOWER,MOMENTUM_DOWN,S5_TRASH,,,,,433.0,450.0,114.41,430.0,40.0,0.0,25.0,0.0,543.76,,,,,,
503,MTD,Healthcare,-110.5,3.8,2.9,-22.4,-25.3,-28.4,-29.3,-40.6,-54.1,-77.5,-93.3,-110.5,88.0,-118.0,2.0,0.0,-5000.0,36.2,437.0,454.0,107.74,543.84,-14,-1479.0,STRONG_DOWN,LOWER,MOMENTUM_UP,S4_BOTTOMING,,,,,437.0,454.0,107.74,523.0,58.0,0.0,-2.0,0.0,543.84,,,,,,
504,ARE,Real Estate,-194.6,1.6,0.8,4.9,-7.4,-11.7,-32.1,-57.9,-78.7,-109.8,-142.2,-194.6,27.8,-197.6,2.5,0.0,-5000.0,-47.9,557.0,558.0,115.25,544.15,8,-4847.392876728321,STRONG_UP,LOWER,MOMENTUM_UP,S0_NEUTRAL,,,,,557.0,558.0,115.25,363.0,22.0,0.0,0.0,0.0,544.15,,,,,,
505,UPS,Industrials,-123.1,1.0,-0.8,-12.4,-15.7,-12.1,-11.5,-31.1,-52.4,-79.3,-93.9,-123.1,73.2,-124.6,2.2,0.0,-3578.355394316349,23.6,461.0,479.0,116.41,548.21,-14,-2200.889492137926,STRONG_DOWN,LOWER,MOMENTUM_DOWN,S5_TRASH,,,,,461.0,479.0,116.41,381.0,40.0,0.0,25.0,0.0,548.21,,,,,,
506,KMB,Household & Personal Products,-141.4,2.4,1.1,-7.1,-10.6,-13.1,-25.9,-38.0,-49.9,-67.3,-94.5,-141.4,20.6,-144.9,2.7,0.0,-5000.0,5.3,494.0,508.0,127.57,552.42,39,0.0,STRONG_DOWN,LOWER,MOMENTUM_UP,S4_BOTTOMING,,,,,494.0,508.0,127.57,401.0,40.0,0.0,-2.0,0.0,552.42,,,,,,
507,DPZ,Restaurants,-120.3,3.2,2.1,-17.6,-23.1,-26.5,-37.7,-49.1,-59.3,-77.4,-98.6,-120.3,80.2,-126.6,2.6,0.0,-5000.0,26.4,453.0,471.0,110.23,553.88,-11,-2563.5,STRONG_DOWN,LOWER,MOMENTUM_UP,S4_BOTTOMING,,,,,453.0,471.0,110.23,524.0,58.0,0.0,-2.0,0.0,553.88,,,,,,
508,ABT,Medical Devices,-119.8,3.1,1.7,-16.3,-23.1,-30.0,-41.4,-49.0,-60.6,-79.8,-102.0,-119.8,74.9,-125.6,2.4,0.0,-5000.0,26.9,451.0,469.0,111.7,555.5,1,0.0,EARLY_UP,LOWER,MOMENTUM_UP,S4_BOTTOMING,,,,,451.0,469.0,111.7,531.0,58.0,0.0,-2.0,0.0,555.5,,,,,,
509,BBY,Specialty Retail,-131.2,4.4,3.4,-9.7,-10.6,-17.5,-23.6,-40.1,-52.9,-75.6,-102.1,-131.2,97.8,-141.2,2.2,0.0,-5000.0,15.5,473.0,490.0,120.59,556.24,21,0.0,EARLY_UP,LOWER,MOMENTUM_UP,S4_BOTTOMING,,,,,473.0,490.0,120.59,412.0,58.0,0.0,-2.0,0.0,556.24,,,,,,
510,AVY,Packaging & Containers,-106.9,0.9,0.6,-13.6,-18.8,-18.6,-22.5,-37.9,-52.4,-72.4,-86.5,-106.9,74.5,-108.1,2.1,0.0,-5000.0,39.8,428.0,445.0,107.8,556.65,-31,-1974.1,STRONG_DOWN,LOWER,MOMENTUM_DOWN,S5_TRASH,,,,,428.0,445.0,107.8,455.0,58.0,0.0,25.0,0.0,556.65,,,,,,
511,AOS,Industrials,-131.2,0.7,0.7,-16.9,-24.5,-23.2,-29.0,-41.6,-56.8,-71.2,-86.3,-131.2,20.8,-131.8,2.4,0.0,-5000.0,15.5,473.0,490.0,107.32,556.92,-8,0.0,STRONG_DOWN,LOWER,MOMENTUM_UP,S4_BOTTOMING,,,,,473.0,490.0,107.32,505.0,58.0,0.0,-2.0,0.0,556.92,,,,,,
512,ADBE,Software,-151.2,1.4,-0.8,-9.0,-14.3,-23.9,-38.5,-60.2,-80.9,-102.8,-129.4,-151.2,166.4,-155.3,2.3,0.0,-33.776755585261405,-4.5,511.0,520.0,113.14,558.59,9,2303.7232444147385,STRONG_UP,LOWER,NEUTRAL,S0_NEUTRAL,,,,,511.0,520.0,113.14,486.0,58.0,0.0,0.0,0.0,558.59,,,,,,
513,EFX,Industrials,-138.0,2.8,1.0,-15.9,-21.9,-26.3,-40.4,-54.6,-67.3,-85.9,-102.6,-138.0,48.7,-143.0,2.5,0.0,-5000.0,8.7,485.0,500.0,103.15,560.15,-25,-3985.5369660179504,STRONG_DOWN,LOWER,MOMENTUM_UP,S4_BOTTOMING,,,,,485.0,500.0,103.15,521.0,58.0,0.0,-2.0,0.0,560.15,,,,,,
514,IQV,Healthcare,-126.4,0.0,-1.0,-6.2,-15.2,-23.2,-22.7,-38.3,-55.9,-80.8,-101.6,-126.4,66.3,-126.0,2.2,0.0,-398.4911915789518,20.3,465.0,483.0,111.59,560.79,-112,-398.4649610319735,EARLY_DOWN,LOWER,MOMENTUM_DOWN,S5_TRASH,,,,,465.0,483.0,111.59,437.0,58.0,0.0,25.0,0.0,560.79,,,,,,
515,XYL,Industrials,-101.4,0.5,-0.3,-16.7,-21.5,-26.2,-32.6,-40.5,-49.4,-62.0,-77.8,-101.4,41.6,-101.7,1.8,0.0,-2331.7884912868763,45.3,417.0,437.0,118.48,565.38,-35,25.811508713123658,STRONG_DOWN,LOWER,MOMENTUM_DOWN,S5_TRASH,,,,,417.0,437.0,118.48,511.0,58.0,0.0,25.0,0.0,565.38,,,,,,
516,ACN,IT Consulting & Other Services,-149.6,4.0,1.5,-13.6,-22.5,-30.1,-42.6,-60.7,-78.2,-99.0,-119.3,-149.6,86.6,-159.0,2.1,0.0,-5000.0,-2.9,506.0,516.0,100.24,566.74,-43,-4899.211083702659,EARLY_UP,LOWER,MOMENTUM_UP,S4_BOTTOMING,,,,,506.0,516.0,100.24,528.0,58.0,0.0,-2.0,0.0,566.74,,,,,,
517,CRM,Software,-129.5,3.0,0.2,-12.9,-16.9,-26.4,-38.6,-54.2,-67.6,-80.9,-104.9,-129.5,111.0,-136.5,2.4,0.0,-791.135545509681,17.2,469.0,486.0,102.69,566.84,-33,281.86445449031896,STRONG_DOWN,LOWER,NEUTRAL,S5_TRASH,,,,,469.0,486.0,102.69,506.0,58.0,0.0,25.0,0.0,566.84,,,,,,
518,PAYC,Industrials,-118.3,4.1,-0.2,-1.8,-10.9,-22.4,-38.5,-44.9,-63.9,-90.4,-117.3,-118.3,389.7,-139.6,2.0,0.0,-0.0008622060703555553,-5.7,513.0,466.0,122.02,567.17,-63,4.029677080594273,STRONG_DOWN,LOWER,MOMENTUM_DOWN,S5_TRASH,,,,,513.0,466.0,122.02,458.0,58.0,0.0,25.0,0.0,567.17,6223033319.69,6.223,529.0,other,equity,data_raw
519,MDT,Healthcare,-138.7,2.5,1.0,-14.0,-21.9,-24.5,-27.4,-30.3,-40.2,-62.3,-91.9,-138.7,12.1,-142.0,1.8,0.0,-5000.0,8.0,487.0,502.0,114.25,567.5,7,0.0,EARLY_UP,LOWER,MOMENTUM_UP,S4_BOTTOMING,,,,,487.0,502.0,114.25,490.0,58.0,0.0,-2.0,0.0,567.5,,,,,,
520,DG,Discount Stores,-148.9,1.2,0.5,-17.4,-27.4,-22.0,-20.1,-18.0,-42.6,-81.6,-113.5,-148.9,89.3,-151.3,1.6,0.0,-5000.0,-2.2,504.0,514.0,108.94,568.69,-112,-4999.999333831819,STRONG_DOWN,LOWER,MOMENTUM_UP,S4_BOTTOMING,,,,,504.0,514.0,108.94,489.0,58.0,0.0,-2.0,0.0,568.69,,,,,,
521,DLTR,Discount Stores,-150.3,4.6,2.6,-13.6,-21.4,-21.7,-22.0,-20.5,-45.9,-74.7,-100.4,-150.3,36.8,-158.6,1.5,0.0,-5000.0,-3.6,509.0,519.0,112.36,571.36,-10,-3945.4644760369556,STRONG_DOWN,LOWER,MOMENTUM_UP,S4_BOTTOMING,,,,,509.0,519.0,112.36,469.0,58.0,0.0,-2.0,0.0,571.36,,,,,,
522,BF-B,Beverages - Wineries & Distilleries,-181.8,0.7,-0.9,-8.1,-11.2,-11.7,-20.6,-42.0,-68.2,-100.0,-132.6,-181.8,47.8,-183.0,2.8,0.0,-93.14016297705567,-35.1,551.0,552.0,117.08,571.53,3,365.9868720565412,STRONG_DOWN,LOWER,MOMENTUM_DOWN,S5_TRASH,,,,,551.0,552.0,117.08,378.0,40.0,0.0,25.0,0.0,571.53,,,,,,
523,TECH,Healthcare,-145.5,2.2,2.2,-20.9,-25.6,-28.3,-29.8,-48.1,-66.1,-95.8,-119.6,-145.5,167.5,-157.7,2.3,0.0,-5000.0,1.2,501.0,512.0,108.41,571.66,1,-714.1630820779137,STRONG_DOWN,LOWER,MOMENTUM_UP,S4_BOTTOMING,,,,,501.0,512.0,108.41,520.0,58.0,0.0,-2.0,0.0,571.66,,,,,,
524,FISV,Financial Technology,-183.4,1.8,-0.2,-13.0,-16.0,-19.4,-49.4,-75.8,-92.6,-111.1,-139.3,-183.4,66.3,-187.3,3.7,0.0,-335.65388853515884,-36.7,552.0,553.0,103.11,572.11,-7,698.6461114648412,STRONG_DOWN,LOWER,MOMENTUM_UP,S4_BOTTOMING,,,,,552.0,553.0,103.11,512.0,58.0,0.0,-2.0,0.0,572.11,,,,,,
525,GEHC,Healthcare,-61.7,2.8,2.4,-10.8,-19.8,-23.0,-27.2,-41.2,-55.9,,,-61.7,20.1,-121.5,2.5,0.0,-5000.0,-15.0,526.0,327.0,120.6,572.35,-58,-4487.130025632853,EARLY_UP,LOWER,MOMENTUM_UP,S4_BOTTOMING,,,,,526.0,327.0,120.6,475.0,58.0,26.0,-2.0,0.0,572.35,,,,,,
526,UHS,Healthcare,-122.1,0.0,-1.1,-13.9,-20.9,-27.6,-29.8,-40.0,-45.8,-52.8,-73.6,-122.1,9.9,-121.6,1.8,0.0,-3015.7071467443543,24.6,458.0,477.0,110.93,575.93,-28,1984.2928532556457,STRONG_DOWN,LOWER,MOMENTUM_DOWN,S5_TRASH,,,,,458.0,477.0,110.93,502.0,58.0,0.0,25.0,0.0,575.93,,,,,,
527,POOL,Industrial Distribution,-149.0,1.5,0.6,-19.1,-25.6,-29.6,-44.3,-62.3,-80.9,-106.1,-128.2,-149.0,205.6,-153.9,2.6,0.0,-3059.8240563312374,-2.4,505.0,515.0,114.14,577.84,-8,-997.8240563312374,STRONG_DOWN,LOWER,MOMENTUM_UP,S4_BOTTOMING,,,,,505.0,515.0,114.14,543.0,58.0,0.0,-2.0,0.0,577.84,,,,,,
528,TYL,Technology,-136.9,2.4,-1.1,-15.9,-19.2,-29.3,-46.3,-62.3,-72.9,-89.5,-111.2,-136.9,77.0,-141.6,2.6,0.0,-18.967965655876167,9.8,483.0,498.0,114.6,578.3,-65,-2.2601670038116346,STRONG_DOWN,LOWER,NEUTRAL,S5_TRASH,,,,,483.0,498.0,114.6,529.0,58.0,0.0,25.0,0.0,578.3,,,,,,
529,COO,Healthcare,-157.2,2.7,1.7,-13.8,-22.7,-24.3,-28.4,-47.7,-65.6,-88.2,-115.8,-157.2,37.1,-162.1,2.0,0.0,-5000.0,-10.5,520.0,526.0,114.93,581.68,11,0.0,EARLY_UP,LOWER,MOMENTUM_UP,S4_BOTTOMING,,,,,520.0,526.0,114.93,493.0,58.0,0.0,-2.0,0.0,581.68,,,,,,
530,ROP,Technology,-144.3,1.9,-0.1,-17.4,-17.6,-25.4,-41.9,-57.6,-73.0,-90.0,-113.3,-144.3,45.1,-147.5,3.0,0.0,-1432.349931678243,2.4,498.0,511.0,103.09,583.34,-24,1607.850068321757,STRONG_DOWN,LOWER,MOMENTUM_DOWN,S5_TRASH,,,,,498.0,511.0,103.09,517.0,58.0,0.0,25.0,0.0,583.34,,,,,,
531,MOS,Agricultural Inputs,-156.4,0.5,0.5,-18.6,-22.8,-21.9,-37.2,-43.3,-62.8,-91.8,-102.3,-156.4,156.0,-158.9,2.2,0.0,-5000.0,-9.7,519.0,525.0,113.97,583.42,2,0.0,STRONG_DOWN,LOWER,MOMENTUM_UP,S4_BOTTOMING,,,,,519.0,525.0,113.97,514.0,58.0,0.0,-2.0,0.0,583.42,,,,,,
532,HRL,Packaged Foods,-168.6,2.7,1.8,-10.9,-17.3,-16.6,-29.3,-45.7,-64.4,-91.6,-120.9,-168.6,42.7,-173.8,2.2,0.0,-5000.0,-21.9,538.0,541.0,116.28,585.13,15,0.0,EARLY_UP,LOWER,MOMENTUM_UP,S4_BOTTOMING,,,,,538.0,541.0,116.28,457.0,58.0,0.0,-2.0,0.0,585.13,,,,,,
533,CRL,Healthcare,-139.7,1.3,1.3,-14.9,-20.2,-21.5,-18.3,-34.0,-54.1,-85.7,-109.6,-139.7,203.0,-143.8,2.1,0.0,-5000.0,7.0,490.0,504.0,108.77,585.52,-57,-4821.078374947898,STRONG_DOWN,LOWER,MOMENTUM_DOWN,S5_TRASH,,,,,490.0,504.0,108.77,459.0,58.0,0.0,25.0,0.0,585.52,,,,,,
534,SPCE,Aerospace & Defense,-197.0,0.2,-0.2,1.0,-2.3,-15.5,-24.9,-55.6,-91.1,-130.4,-168.1,-197.0,360.7,-212.4,2.6,0.0,-1771.196909353152,-82.1,562.0,559.0,127.38,586.38,25,2761.84849675987,EARLY_DOWN,LOWER,MOMENTUM_DOWN,S5_TRASH,,,,,562.0,559.0,127.38,342.0,36.0,0.0,25.0,0.0,586.38,,,,,,
535,LVS,Resorts & Casinos,-141.6,0.0,-2.4,-16.7,-16.9,-23.3,-19.6,-20.7,-37.6,-50.7,-83.8,-141.6,29.7,-141.1,2.1,0.0,-32.16529494630306,5.1,495.0,509.0,127.14,587.44,1,4967.834705053697,STRONG_DOWN,LOWER,MOMENTUM_DOWN,S5_TRASH,,,,,495.0,509.0,127.14,461.0,58.0,0.0,25.0,0.0,587.44,,,,,,
536,MKC,Packaged Foods,-161.1,1.1,-0.1,-12.9,-24.8,-30.4,-41.9,-56.4,-71.9,-94.5,-122.8,-161.1,54.6,-163.1,3.1,0.0,-4110.0580018203145,-14.4,522.0,528.0,116.09,587.59,6,889.9419981796855,STRONG_DOWN,LOWER,MOMENTUM_UP,S4_BOTTOMING,,,,,522.0,528.0,116.09,532.0,58.0,0.0,-2.0,0.0,587.59,,,,,,
537,ZTS,Healthcare,-165.6,2.2,1.6,-39.0,-42.0,-44.6,-55.9,-70.8,-88.1,-110.7,-136.1,-165.6,116.3,-171.6,2.6,0.0,-1602.4379298150716,-18.9,534.0,538.0,112.79,587.84,-2,1875.7620701849282,STRONG_DOWN,LOWER,MOMENTUM_UP,S4_BOTTOMING,,,,,534.0,538.0,112.79,561.0,58.0,0.0,-2.0,0.0,587.84,,,,,,
538,CLX,Household & Personal Products,-169.6,2.3,1.2,-7.9,-18.0,-18.3,-30.1,-48.3,-65.3,-87.9,-119.5,-169.6,47.4,-174.1,2.6,0.0,-5000.0,-22.9,540.0,543.0,119.35,589.55,-1,-2910.8720434939746,EARLY_UP,LOWER,MOMENTUM_UP,S4_BOTTOMING,,,,,540.0,543.0,119.35,460.0,58.0,0.0,-2.0,0.0,589.55,,,,,,
539,GPC,Auto Parts,-132.7,2.2,2.2,-15.3,-23.5,-26.6,-33.6,-41.5,-58.1,-77.1,-91.4,-132.7,56.8,-136.6,1.9,0.0,-5000.0,14.0,475.0,492.0,112.0,590.7,-21,0.0,STRONG_DOWN,LOWER,MOMENTUM_DOWN,S5_TRASH,,,,,475.0,492.0,112.0,513.0,58.0,0.0,25.0,0.0,590.7,,,,,,
540,ZBH,Healthcare,-169.0,2.3,0.2,-9.9,-12.5,-15.2,-23.4,-39.2,-59.2,-84.1,-115.1,-169.0,13.8,-172.7,2.9,0.0,-4759.240507274634,-22.3,539.0,542.0,128.19,591.99,18,240.75949272536582,EARLY_UP,LOWER,NEUTRAL,S0_NEUTRAL,,,,,539.0,542.0,128.19,411.0,58.0,0.0,0.0,0.0,591.99,,,,,,
541,TRMB,Technology,-124.2,1.1,0.3,-24.3,-24.4,-30.7,-38.1,-41.4,-48.4,-73.0,-91.6,-124.2,80.8,-125.8,1.7,0.0,-5000.0,22.5,463.0,481.0,114.54,592.09,-27,-60.100000000000364,STRONG_DOWN,LOWER,MOMENTUM_DOWN,S5_TRASH,,,,,463.0,481.0,114.54,540.0,58.0,0.0,25.0,0.0,592.09,,,,,,
542,NKE,Footwear & Accessories,-181.5,1.9,0.9,-8.5,-22.0,-29.5,-41.4,-58.4,-80.3,-108.9,-137.8,-181.5,81.7,-186.2,2.0,0.0,-5000.0,-34.8,550.0,551.0,109.1,592.25,4,0.0,STRONG_DOWN,LOWER,MOMENTUM_UP,S4_BOTTOMING,,,,,550.0,551.0,109.1,519.0,58.0,0.0,-2.0,0.0,592.25,,,,,,
543,BDX,Healthcare,-173.0,1.3,0.0,-12.5,-16.5,-22.8,-30.3,-49.5,-69.5,-92.9,-122.8,-173.0,19.7,-175.2,2.5,0.0,-5000.0,-26.3,543.0,544.0,119.28,592.98,-23,-4718.5525858042,STRONG_DOWN,LOWER,MOMENTUM_UP,S4_BOTTOMING,,,,,543.0,544.0,119.28,477.0,58.0,0.0,-2.0,0.0,592.98,,,,,,
544,WDAY,Technology,-167.8,1.5,-1.2,-13.0,-20.3,-34.8,-51.0,-67.0,-84.4,-103.2,-130.9,-167.8,88.9,-171.1,2.6,0.0,-2125.1135212542076,-21.2,536.0,540.0,116.13,593.08,-3,1251.1075704066175,STRONG_UP,LOWER,NEUTRAL,S0_NEUTRAL,,,,,536.0,540.0,116.13,545.0,58.0,0.0,0.0,0.0,593.08,,,,,,
545,CMCSA,Telecom Services,-164.7,0.8,-0.1,-17.4,-21.2,-17.6,-27.9,-44.0,-62.9,-86.0,-115.7,-164.7,16.7,-165.7,2.3,0.0,-3339.7006619875724,-18.0,531.0,536.0,129.27,595.27,10,1660.2993380124276,STRONG_DOWN,LOWER,MOMENTUM_UP,S4_BOTTOMING,,,,,531.0,536.0,129.27,483.0,58.0,0.0,-2.0,0.0,595.27,,,,,,
546,EL,Personal Products,-177.3,0.0,-0.9,-2.7,-19.9,-23.4,-20.6,-28.1,-55.7,-96.6,-130.9,-177.3,96.0,-176.9,1.6,0.0,-230.04973311733482,-30.6,547.0,548.0,114.31,595.76,-52,-188.86368775453496,EARLY_DOWN,LOWER,MOMENTUM_DOWN,S5_TRASH,,,,,547.0,548.0,114.31,442.0,58.0,0.0,25.0,0.0,595.76,,,,,,
547,JKHY,Diversified Banks,-134.7,3.1,0.4,-18.1,-21.8,-23.3,-29.6,-40.1,-52.8,-74.0,-99.1,-134.7,58.9,-140.5,2.0,0.0,-5000.0,11.9,478.0,494.0,118.79,596.84,-46,-3982.20223244926,STRONG_DOWN,LOWER,MOMENTUM_DOWN,S5_TRASH,,,,,478.0,494.0,118.79,501.0,58.0,0.0,25.0,0.0,596.84,,,,,,
548,GIS,Packaged Foods,-163.8,1.3,0.0,-12.7,-21.7,-25.6,-35.8,-54.2,-72.5,-93.6,-116.9,-163.8,35.2,-165.9,3.1,0.0,-5000.0,-17.1,530.0,535.0,123.77,597.37,4,0.0,STRONG_DOWN,LOWER,MOMENTUM_UP,S4_BOTTOMING,,,,,530.0,535.0,123.77,510.0,58.0,0.0,-2.0,0.0,597.37,,,,,,
549,OTIS,Industrials,-76.9,0.0,-0.1,-15.5,-20.9,-23.6,-31.4,-42.7,-54.6,-68.2,,-76.9,3.8,-144.6,3.0,0.0,-4298.947537527065,1.5,500.0,363.0,132.59,599.09,-36,701.0524624729351,STRONG_DOWN,LOWER,MOMENTUM_DOWN,S5_TRASH,,,,,500.0,363.0,132.59,498.0,58.0,11.0,25.0,0.0,599.09,,,,,,
550,APTV,Auto Parts,-177.0,0.9,0.4,-17.1,-25.0,-30.4,-35.6,-42.3,-64.2,-96.4,-125.7,-177.0,58.7,-178.6,1.6,0.0,-5000.0,-30.3,546.0,547.0,117.23,599.78,-2,0.0,STRONG_DOWN,LOWER,MOMENTUM_UP,S4_BOTTOMING,,,,,546.0,547.0,117.23,527.0,58.0,0.0,-2.0,0.0,599.78,,,,,,
551,NCLH,Travel Services,-180.5,2.0,1.3,-21.9,-29.5,-29.9,-35.7,-44.3,-54.6,-72.3,-108.1,-180.5,12.0,-183.9,1.8,0.0,-5000.0,-33.8,548.0,549.0,115.41,601.11,-1,0.0,STRONG_DOWN,LOWER,MOMENTUM_UP,S4_BOTTOMING,,,,,548.0,549.0,115.41,542.0,58.0,0.0,-2.0,0.0,601.11,,,,,,
552,WYNN,Resorts & Casinos,-140.2,2.4,1.0,-13.7,-15.0,-21.2,-23.3,-22.1,-36.3,-48.4,-79.2,-140.2,68.0,-144.8,1.5,0.0,-4555.214566769718,6.5,491.0,505.0,127.21,602.71,-8,444.78543323028225,STRONG_DOWN,LOWER,MOMENTUM_DOWN,S5_TRASH,,,,,491.0,505.0,127.21,453.0,58.0,0.0,25.0,0.0,602.71,,,,,,
553,CTSH,Technology,-161.5,6.3,3.8,-15.6,-25.4,-32.3,-40.6,-51.6,-64.3,-83.3,-108.6,-161.5,16.0,-173.0,2.0,0.0,-5000.0,-14.8,524.0,530.0,127.66,602.96,4,0.0,EARLY_UP,LOWER,MOMENTUM_UP,S4_BOTTOMING,,,,,524.0,530.0,127.66,538.0,58.0,0.0,-2.0,0.0,602.96,,,,,,
554,CSGP,Real Estate,-173.2,2.0,0.5,-16.5,-29.3,-42.1,-59.8,-74.7,-92.7,-114.1,-142.4,-173.2,138.6,-178.9,2.5,0.0,-5000.0,-26.5,544.0,545.0,117.45,603.15,-11,-2087.1,EARLY_UP,LOWER,MOMENTUM_UP,S4_BOTTOMING,,,,,544.0,545.0,117.45,554.0,58.0,0.0,-2.0,0.0,603.15,,,,,,
555,EPAM,Technology,-181.0,1.8,0.9,-24.1,-35.2,-43.0,-50.3,-66.7,-87.7,-118.5,-147.4,-181.0,383.6,-190.9,3.0,0.0,-5000.0,-34.3,549.0,550.0,115.77,603.87,-2,0.0,STRONG_DOWN,LOWER,MOMENTUM_UP,S4_BOTTOMING,,,,,549.0,550.0,115.77,555.0,58.0,0.0,-2.0,0.0,603.87,,,,,,
556,FIS,Information Technology Services,-190.5,1.8,0.6,-13.1,-19.3,-28.9,-44.6,-60.3,-70.9,-99.1,-135.5,-190.5,38.7,-194.1,2.4,0.0,-5000.0,-43.8,556.0,557.0,119.31,606.06,0,0.0,STRONG_DOWN,LOWER,MOMENTUM_UP,S4_BOTTOMING,,,,,556.0,557.0,119.31,525.0,58.0,0.0,-2.0,0.0,606.06,,,,,,
557,IP,Packaging & Containers,-141.2,2.4,2.4,-14.4,-23.5,-25.2,-36.9,-49.0,-53.4,-71.3,-91.6,-141.2,26.9,-144.8,2.1,0.0,-5000.0,5.5,493.0,507.0,120.34,606.99,-82,-4984.352902217427,STRONG_DOWN,LOWER,MOMENTUM_DOWN,S5_TRASH,,,,,493.0,507.0,120.34,516.0,58.0,0.0,25.0,0.0,606.99,,,,,,
558,CHTR,Telecom Services,-204.1,0.8,0.5,-30.4,-35.1,-36.8,-54.5,-71.7,-90.8,-119.0,-151.7,-204.1,60.3,-205.5,2.5,0.0,-5000.0,-57.4,560.0,562.0,126.17,619.72,4,0.0,STRONG_DOWN,LOWER,MOMENTUM_UP,S4_BOTTOMING,,,,,560.0,562.0,126.17,557.0,58.0,0.0,-2.0,0.0,619.72,,,,,,
559,PYPL,Financials,-186.4,0.2,-0.3,-14.7,-16.1,-25.8,-40.2,-55.8,-70.3,-103.2,-139.7,-186.4,284.2,-186.7,2.3,0.0,-3498.8249249340884,-39.7,553.0,554.0,114.52,620.77,-10,1501.1750750659116,STRONG_DOWN,LOWER,MOMENTUM_DOWN,S5_TRASH,,,,,553.0,554.0,114.52,508.0,58.0,0.0,25.0,0.0,620.77,,,,,,
560,CAG,Packaged Foods,-189.2,0.3,-0.7,-17.5,-27.2,-28.7,-40.2,-61.0,-80.2,-105.2,-133.5,-189.2,8.8,-189.2,3.0,0.0,-250.3479658574957,-42.5,554.0,555.0,125.0,624.1,1,4749.652034142504,STRONG_DOWN,LOWER,NEUTRAL,S5_TRASH,,,,,554.0,555.0,125.0,536.0,58.0,0.0,25.0,0.0,624.1,,,,,,
561,CPB,Packaged Foods,-190.4,0.7,-0.6,-15.0,-24.9,-31.4,-43.5,-63.3,-81.4,-105.0,-134.5,-190.4,16.9,-191.4,3.0,0.0,-484.34008722651356,-43.7,555.0,556.0,123.82,626.82,-1,4515.659912773486,STRONG_DOWN,LOWER,MOMENTUM_DOWN,S5_TRASH,,,,,555.0,556.0,123.82,539.0,58.0,0.0,25.0,0.0,626.82,,,,,,
562,EH,Aerospace & Defense,-106.3,0.1,0.1,-14.9,-23.6,-33.0,-48.1,-61.5,-76.0,-86.4,,-106.3,974.5,-139.7,2.5,0.0,-5000.0,-25.5,542.0,444.0,135.54,637.34,-30,-2408.297378339396,STRONG_DOWN,LOWER,MOMENTUM_DOWN,S5_TRASH,,,,,542.0,444.0,135.54,546.0,58.0,11.0,25.0,0.0,637.34,,,,,,
563,PSKY,Entertainment,-198.3,0.8,0.1,-6.3,-15.1,-25.5,-34.6,-37.0,-56.0,-93.8,-130.8,-198.3,104.5,-201.8,2.1,0.0,-5000.0,-51.6,558.0,560.0,129.48,637.43,0,0.0,EARLY_DOWN,LOWER,MOMENTUM_DOWN,S5_TRASH,,,,,558.0,560.0,129.48,479.0,58.0,0.0,25.0,0.0,637.43,,,,,,
